date,block_index,time_period,charge_kwh,discharge_kwh,soc_0000_kwh,soc_2400_kwh
2025-02-01,0,0:00-4:00,7260.835683333333,1.5249333333333652,3668.3243752037038,4231.764483475305
2025-02-01,1,4:00-8:00,665.1309779629642,6329.008316666666,3668.3243752037038,4231.764483475305
2025-02-01,2,8:00-12:00,4904.42549,977.6502,3668.3243752037038,4231.764483475305
2025-02-01,3,12:00-16:00,4116.1405799588465,165.63499711933957,3668.3243752037038,4231.764483475305
2025-02-01,4,16:00-20:00,127.01695999999976,5411.538570102881,3668.3243752037038,4231.764483475305
2025-02-01,5,20:00-24:00,2743.021345836758,2658.969425377779,3668.3243752037038,4231.764483475305
2025-02-02,0,0:00-4:00,6853.045352002742,14.06916666666666,4231.764483475305,5134.961927151806
2025-02-02,1,4:00-8:00,1419.1237712963002,774.9758583333328,4231.764483475305,5134.961927151806
2025-02-02,2,8:00-12:00,5118.449728333333,7104.348051666666,4231.764483475305,5134.961927151806
2025-02-02,3,12:00-16:00,5328.459288127575,1357.6482516666665,4231.764483475305,5134.961927151806
2025-02-02,4,16:00-20:00,35.36134979423865,4647.593649396707,4231.764483475305,5134.961927151806
2025-02-02,5,20:00-24:00,3782.6045333333327,3543.492981499999,4231.764483475305,5134.961927151806
2025-02-03,0,0:00-4:00,6033.61748781486,0.0,5134.961927151806,5101.509134777778
2025-02-03,1,4:00-8:00,1317.70959106996,856.0406683333326,5134.961927151806,5101.509134777778
2025-02-03,2,8:00-12:00,4937.3462500000005,7267.815866666666,5134.961927151806,5101.509134777778
2025-02-03,3,12:00-16:00,6177.418311728389,1735.1434283333333,5134.961927151806,5101.509134777778
2025-02-03,4,16:00-20:00,132.0713716666662,4607.578951474113,5134.961927151806,5101.509134777778
2025-02-03,5,20:00-24:00,3664.454261625514,3596.248590192553,5134.961927151806,5101.509134777778
2025-02-04,0,0:00-4:00,5868.46036024691,0.0,5101.509134777778,4755.313488240755
2025-02-04,1,4:00-8:00,1243.2875270576137,665.2098233499977,5101.509134777778,4755.313488240755
2025-02-04,2,8:00-12:00,5061.290343333333,7703.1554099999985,5101.509134777778,4755.313488240755
2025-02-04,3,12:00-16:00,6787.379602530872,2264.640339999999,5101.509134777778,4755.313488240755
2025-02-04,4,16:00-20:00,135.95789333333357,4460.597571666666,5101.509134777778,4755.313488240755
2025-02-04,5,20:00-24:00,3606.0909666666666,3606.970958333333,5101.509134777778,4755.313488240755
2025-02-05,0,0:00-4:00,6052.06806639916,0.0,4755.313488240755,4821.375714862241
2025-02-05,1,4:00-8:00,1638.362046975306,789.030531250001,4755.313488240755,4821.375714862241
2025-02-05,2,8:00-12:00,4999.426703333333,7869.193863333334,4755.313488240755,4821.375714862241
2025-02-05,3,12:00-16:00,6644.250535349797,1562.1846999999993,4755.313488240755,4821.375714862241
2025-02-05,4,16:00-20:00,25.768031872428498,4771.55045,4755.313488240755,4821.375714862241
2025-02-05,5,20:00-24:00,3606.0227418428194,3550.961933333333,4755.313488240755,4821.375714862241
2025-02-06,0,0:00-4:00,6109.598289041953,0.0,4821.375714862241,4686.234724528576
2025-02-06,1,4:00-8:00,1492.9445427571961,777.2978371333331,4821.375714862241,4686.234724528576
2025-02-06,2,8:00-12:00,5075.846458333333,7053.116476383329,4821.375714862241,4686.234724528576
2025-02-06,3,12:00-16:00,5910.953016625506,1846.1910983333335,4821.375714862241,4686.234724528576
2025-02-06,4,16:00-20:00,8.247096707819436,4636.3518089166655,4821.375714862241,4686.234724528576
2025-02-06,5,20:00-24:00,3439.2877755049985,3658.5401854999996,4821.375714862241,4686.234724528576
2025-02-07,0,0:00-4:00,6576.846844968249,13.666758333333348,4686.234724528576,3649.436695074075
2025-02-07,1,4:00-8:00,263.1905084362099,6051.7975,4686.234724528576,3649.436695074075
2025-02-07,2,8:00-12:00,4257.584283333333,1376.3880333333332,4686.234724528576,3649.436695074075
2025-02-07,3,12:00-16:00,4882.92285658436,0.0,4686.234724528576,3649.436695074075
2025-02-07,4,16:00-20:00,60.173528209877865,5592.379225699999,4686.234724528576,3649.436695074075
2025-02-07,5,20:00-24:00,2388.3082326131703,2826.397975,4686.234724528576,3649.436695074075
2025-02-08,0,0:00-4:00,6631.649658333333,42.58916666666664,3649.436695074075,4752.508775529261
2025-02-08,1,4:00-8:00,1126.2975683333336,6024.893646666666,3649.436695074075,4752.508775529261
2025-02-08,2,8:00-12:00,5571.866933333333,617.2230666666668,3649.436695074075,4752.508775529261
2025-02-08,3,12:00-16:00,2867.979487448559,37.706551666666996,3649.436695074075,4752.508775529261
2025-02-08,4,16:00-20:00,38.621825000000115,5814.405055773663,3649.436695074075,4752.508775529261
2025-02-08,5,20:00-24:00,3969.5923689300407,2837.2839916666667,3649.436695074075,4752.508775529261
2025-02-09,0,0:00-4:00,6003.397532189714,0.0,4752.508775529261,4606.261827685185
2025-02-09,1,4:00-8:00,1748.6835616666622,1365.3725667833346,4752.508775529261,4606.261827685185
2025-02-09,2,8:00-12:00,4467.963275,7773.835156666665,4752.508775529261,4606.261827685185
2025-02-09,3,12:00-16:00,6880.597706666666,2215.3629666666657,4752.508775529261,4606.261827685185
2025-02-09,4,16:00-20:00,305.2774933333329,4534.9779996499965,4752.508775529261,4606.261827685185
2025-02-09,5,20:00-24:00,3841.7995333333324,3072.726036066671,4752.508775529261,4606.261827685185
2025-02-10,0,0:00-4:00,6307.096090576125,0.0,4606.261827685185,5371.687716555007
2025-02-10,1,4:00-8:00,1603.8222366872508,833.4794899999998,4606.261827685185,5371.687716555007
2025-02-10,2,8:00-12:00,5086.954831666666,5727.473206666669,4606.261827685185,5371.687716555007
2025-02-10,3,12:00-16:00,3661.030382325109,1358.3948166666664,4606.261827685185,5371.687716555007
2025-02-10,4,16:00-20:00,16.303497942386052,4390.923594999999,4606.261827685185,5371.687716555007
2025-02-10,5,20:00-24:00,3795.8780739500066,3582.424533333333,4606.261827685185,5371.687716555007
2025-02-11,0,0:00-4:00,5357.826126049991,0.9705500000000029,5371.687716555007,4912.573844629628
2025-02-11,1,4:00-8:00,1684.1533832098778,1145.1143726666692,5371.687716555007,4912.573844629628
2025-02-11,2,8:00-12:00,5069.732769999999,6722.4583999999995,5371.687716555007,4912.573844629628
2025-02-11,3,12:00-16:00,5081.507158312761,1172.4833666666668,5371.687716555007,4912.573844629628
2025-02-11,4,16:00-20:00,7.399790123456316,4818.971259166668,5371.687716555007,4912.573844629628
2025-02-11,5,20:00-24:00,3941.852785185184,3678.6068666666665,5371.687716555007,4912.573844629628
2025-02-12,0,0:00-4:00,6250.380570452669,0.0,4912.573844629628,4547.653835370373
2025-02-12,1,4:00-8:00,1344.4422760905454,1575.6445762666667,4912.573844629628,4547.653835370373
2025-02-12,2,8:00-12:00,5014.63027,6217.466533333333,4912.573844629628,4547.653835370373
2025-02-12,3,12:00-16:00,5407.314848868309,1820.191729999999,4912.573844629628,4547.653835370373
2025-02-12,4,16:00-20:00,47.485925041154246,4604.501223333332,4912.573844629628,4547.653835370373
2025-02-12,5,20:00-24:00,3607.938291666666,3665.0996129166665,4912.573844629628,4547.653835370373
2025-02-13,0,0:00-4:00,6027.1839401028765,0.0,4547.653835370373,5105.496364815741
2025-02-13,1,4:00-8:00,1828.8067187037032,1616.9330533333327,4547.653835370373,5105.496364815741
2025-02-13,2,8:00-12:00,5155.689429999999,5044.668966666666,4547.653835370373,5105.496364815741
2025-02-13,3,12:00-16:00,3118.3984521399134,776.6500499999999,4547.653835370373,5105.496364815741
2025-02-13,4,16:00-20:00,2.877606677983648,4480.677003075833,4547.653835370373,5105.496364815741
2025-02-13,5,20:00-24:00,3698.8298600833327,3642.7593166666666,4547.653835370373,5105.496364815741
2025-02-14,0,0:00-4:00,3353.368707241769,0.0,5105.496364815741,4614.513736487082
2025-02-14,1,4:00-8:00,1121.7489149999997,5990.264316666666,5105.496364815741,4614.513736487082
2025-02-14,2,8:00-12:00,4695.020283333333,428.8094333333333,5105.496364815741,4614.513736487082
2025-02-14,3,12:00-16:00,5081.870763148147,0.0,5105.496364815741,4614.513736487082
2025-02-14,4,16:00-20:00,55.158728333333556,5762.122150361624,5105.496364815741,4614.513736487082
2025-02-14,5,20:00-24:00,3591.1345081275713,2758.313008333333,5105.496364815741,4614.513736487082
2025-02-15,0,0:00-4:00,3708.624810467026,9.184583333333364,4614.513736487082,4191.76962
2025-02-15,1,4:00-8:00,955.1603549999998,5886.620443333332,4614.513736487082,4191.76962
2025-02-15,2,8:00-12:00,5454.897849999999,313.695,4614.513736487082,4191.76962
2025-02-15,3,12:00-16:00,4420.128915185181,127.13220666666655,4614.513736487082,4191.76962
2025-02-15,4,16:00-20:00,23.71725833333312,5914.85871166667,4614.513736487082,4191.76962
2025-02-15,5,20:00-24:00,3335.1338982499997,2626.085860499164,4614.513736487082,4191.76962
2025-02-16,0,0:00-4:00,6613.27905,138.38891666666643,4191.76962,4263.8641007407405
2025-02-16,1,4:00-8:00,1839.0783316666664,2734.0232247166696,4191.76962,4263.8641007407405
2025-02-16,2,8:00-12:00,4343.437309999999,6666.589995766665,4191.76962,4263.8641007407405
2025-02-16,3,12:00-16:00,6029.2382238767605,839.7236500000001,4191.76962,4263.8641007407405
2025-02-16,4,16:00-20:00,103.46516698333312,5136.50296511934,4191.76962,4263.8641007407405
2025-02-16,5,20:00-24:00,3545.6884126666673,2623.9772761706713,4191.76962,4263.8641007407405
2025-02-17,0,0:00-4:00,6165.20485473251,39.68300000000022,4263.8641007407405,4381.2014515272085
2025-02-17,1,4:00-8:00,2294.6937244413634,2372.593278333333,4263.8641007407405,4381.2014515272085
2025-02-17,2,8:00-12:00,5086.295841666666,4814.128416666666,4263.8641007407405,4381.2014515272085
2025-02-17,3,12:00-16:00,3460.809473398146,666.7461499999997,4263.8641007407405,4381.2014515272085
2025-02-17,4,16:00-20:00,58.63032304526578,4863.739537125513,4263.8641007407405,4381.2014515272085
2025-02-17,5,20:00-24:00,3405.069049999999,3718.775648666666,4263.8641007407405,4381.2014515272085
2025-02-18,0,0:00-4:00,6227.736101595282,47.282300000000305,4381.2014515272085,4458.574036893692
2025-02-18,1,4:00-8:00,2234.8386649999998,2831.3307973500023,4381.2014515272085,4458.574036893692
2025-02-18,2,8:00-12:00,5015.968826666666,5057.641716666667,4381.2014515272085,4458.574036893692
2025-02-18,3,12:00-16:00,4718.34570514277,1073.7774499999994,4381.2014515272085,4458.574036893692
2025-02-18,4,16:00-20:00,44.36700576131295,4929.95525186131,4381.2014515272085,4458.574036893692
2025-02-18,5,20:00-24:00,3618.2004666666658,3696.5371416666667,4381.2014515272085,4458.574036893692
2025-02-19,0,0:00-4:00,6049.17695178253,306.8771416666664,4458.574036893692,4038.14283824074
2025-02-19,1,4:00-8:00,1960.0822066666656,4227.470488600001,4458.574036893692,4038.14283824074
2025-02-19,2,8:00-12:00,5031.310866666667,4885.868921281502,4458.574036893692,4038.14283824074
2025-02-19,3,12:00-16:00,5547.703090493827,1186.3046399999996,4458.574036893692,4038.14283824074
2025-02-19,4,16:00-20:00,249.9741788500005,4975.905631995887,4458.574036893692,4038.14283824074
2025-02-19,5,20:00-24:00,3213.8801083333333,2658.1844515059474,4458.574036893692,4038.14283824074
2025-02-20,0,0:00-4:00,6612.769562448568,29.871749999999793,4038.14283824074,4343.170312037037
2025-02-20,1,4:00-8:00,1697.8883272839412,3803.124305500003,4038.14283824074,4343.170312037037
2025-02-20,2,8:00-12:00,4968.5771349999995,5452.965389599998,4038.14283824074,4343.170312037037
2025-02-20,3,12:00-16:00,6115.590683930041,338.17593333333343,4038.14283824074,4343.170312037037
2025-02-20,4,16:00-20:00,5.352518518518839,4944.52738,4038.14283824074,4343.170312037037
2025-02-20,5,20:00-24:00,3498.2705833333334,3704.5540516666624,4038.14283824074,4343.170312037037
2025-02-21,0,0:00-4:00,2672.627935473253,31.536808333333283,4343.170312037037,4602.293323685183
2025-02-21,1,4:00-8:00,1053.02090567901,5695.356825,4343.170312037037,4602.293323685183
2025-02-21,2,8:00-12:00,6659.33245,119.73520883333218,4343.170312037037,4602.293323685183
2025-02-21,3,12:00-16:00,4007.334216666669,16.64004666666642,4343.170312037037,4602.293323685183
2025-02-21,4,16:00-20:00,43.72788861382821,5671.8796825438685,4343.170312037037,4602.293323685183
2025-02-21,5,20:00-24:00,3433.5948939300406,2706.0477333333333,4343.170312037037,4602.293323685183
2025-02-22,0,0:00-4:00,2108.385180781895,225.03704166666665,4602.293323685183,4272.3516287216635
2025-02-22,1,4:00-8:00,1095.1667266666664,5326.779858333333,4602.293323685183,4272.3516287216635
2025-02-22,2,8:00-12:00,5979.389066666667,105.12413634999932,4602.293323685183,4272.3516287216635
2025-02-22,3,12:00-16:00,4687.277600000002,64.27130000000011,4602.293323685183,4272.3516287216635
2025-02-22,4,16:00-20:00,45.16734166666669,6001.149387383333,4602.293323685183,4272.3516287216635
2025-02-22,5,20:00-24:00,3505.2829153080256,2685.3275549166688,4602.293323685183,4272.3516287216635
2025-02-23,0,0:00-4:00,6131.084799999999,118.04279166666686,4272.3516287216635,4367.398264722217
2025-02-23,1,4:00-8:00,1897.0425599999999,3664.122454499998,4272.3516287216635,4367.398264722217
2025-02-23,2,8:00-12:00,5044.5296,5485.734381282826,4272.3516287216635,4367.398264722217
2025-02-23,3,12:00-16:00,6383.774400493827,628.1091833333327,4272.3516287216635,4367.398264722217
2025-02-23,4,16:00-20:00,42.27328551440162,4844.0208729166725,4272.3516287216635,4367.398264722217
2025-02-23,5,20:00-24:00,3429.446616666666,3746.2308666666668,4272.3516287216635,4367.398264722217
2025-02-24,0,0:00-4:00,6668.850894753092,14.722866666666619,4367.398264722217,4353.957521851852
2025-02-24,1,4:00-8:00,1525.268410823047,3024.1935925833354,4367.398264722217,4353.957521851852
2025-02-24,2,8:00-12:00,5236.126998333333,4276.91865,4367.398264722217,4353.957521851852
2025-02-24,3,12:00-16:00,3436.169071810696,620.7780099999998,4367.398264722217,4353.957521851852
2025-02-24,4,16:00-20:00,94.238881666667,4972.382553961112,4367.398264722217,4353.957521851852
2025-02-24,5,20:00-24:00,3519.6196333333337,3692.122846855553,4367.398264722217,4353.957521851852
2025-02-25,0,0:00-4:00,6082.914980534978,134.79574166666634,4353.957521851852,4171.248589018523
2025-02-25,1,4:00-8:00,2134.653663339917,3498.5201800000004,4353.957521851852,4171.248589018523
2025-02-25,2,8:00-12:00,5528.670633333333,3740.12065,4353.957521851852,4171.248589018523
2025-02-25,3,12:00-16:00,2987.132741721809,381.2292633333335,4353.957521851852,4171.248589018523
2025-02-25,4,16:00-20:00,100.23691523333252,4994.966617555665,4353.957521851852,4171.248589018523
2025-02-25,5,20:00-24:00,3284.037799999999,3710.099441666667,4353.957521851852,4171.248589018523
2025-02-26,0,0:00-4:00,6237.704177201645,56.91614999999979,4171.248589018523,4416.6254712037035
2025-02-26,1,4:00-8:00,1660.5600729835292,4197.845855,4171.248589018523,4416.6254712037035
2025-02-26,2,8:00-12:00,5115.301078333333,4013.8306000000002,4171.248589018523,4416.6254712037035
2025-02-26,3,12:00-16:00,5288.013882263377,844.4204483333338,4171.248589018523,4416.6254712037035
2025-02-26,4,16:00-20:00,125.9268833333332,4912.447969405346,4171.248589018523,4416.6254712037035
2025-02-26,5,20:00-24:00,3598.985175,3595.1577112779796,4171.248589018523,4416.6254712037035
2025-02-27,0,0:00-4:00,6224.5707303292165,69.76345833333312,4416.6254712037035,4391.902698811499
2025-02-27,1,4:00-8:00,1616.538063374484,4733.860419999999,4416.6254712037035,4391.902698811499
2025-02-27,2,8:00-12:00,5381.9288,4442.637168650001,4416.6254712037035,4391.902698811499
2025-02-27,3,12:00-16:00,5980.814389300411,563.821983333333,4416.6254712037035,4391.902698811499
2025-02-27,4,16:00-20:00,0.0,4940.918351166662,4416.6254712037035,4391.902698811499
2025-02-27,5,20:00-24:00,3579.7966375683322,3726.004496333338,4416.6254712037035,4391.902698811499
2025-02-28,0,0:00-4:00,2535.8617689337248,46.98431666666653,4391.902698811499,4420.680895482853
2025-02-28,1,4:00-8:00,874.2355126337457,5365.9483,4391.902698811499,4420.680895482853
2025-02-28,2,8:00-12:00,8034.3479,109.26630000000011,4391.902698811499,4420.680895482853
2025-02-28,3,12:00-16:00,2493.1924576131646,2.1898166666667294,4391.902698811499,4420.680895482853
2025-02-28,4,16:00-20:00,18.186216502058507,5653.0024437654365,4391.902698811499,4420.680895482853
2025-02-28,5,20:00-24:00,3483.3884333333335,2922.4704,4391.902698811499,4420.680895482853
2025-03-01,0,0:00-4:00,2442.5780868091756,42.854566666666585,4420.680895482853,4349.4014661111105
2025-03-01,1,4:00-8:00,1471.8316966666664,4574.361183333333,4420.680895482853,4349.4014661111105
2025-03-01,2,8:00-12:00,5820.095166666666,149.64098333333334,4420.680895482853,4349.4014661111105
2025-03-01,3,12:00-16:00,3238.6357009670774,52.7670333333333,4420.680895482853,4349.4014661111105
2025-03-01,4,16:00-20:00,73.24392166666644,6059.3944346499975,4420.680895482853,4349.4014661111105
2025-03-01,5,20:00-24:00,3516.3467833333334,2600.9456835666656,4420.680895482853,4349.4014661111105
2025-03-02,0,0:00-4:00,6569.216490843619,0.0,4349.4014661111105,4380.385539814814
2025-03-02,1,4:00-8:00,1630.548900144042,3655.929903066668,4349.4014661111105,4380.385539814814
2025-03-02,2,8:00-12:00,4398.757983333333,4707.845616666666,4349.4014661111105,4380.385539814814
2025-03-02,3,12:00-16:00,3659.976006976134,2714.039400637864,4349.4014661111105,4380.385539814814
2025-03-02,4,16:00-20:00,106.70868833333395,5012.464935529473,4349.4014661111105,4380.385539814814
2025-03-02,5,20:00-24:00,3567.698791666666,27.489035416666436,4349.4014661111105,4380.385539814814
2025-03-03,0,0:00-4:00,5989.344112301481,53.49463333333324,4380.385539814814,4381.565476388889
2025-03-03,1,4:00-8:00,2135.0800133981074,2560.6208715120356,4380.385539814814,4381.565476388889
2025-03-03,2,8:00-12:00,4841.370481666667,5904.006433333333,4380.385539814814,4381.565476388889
2025-03-03,3,12:00-16:00,6069.689167072469,1589.747148333333,4380.385539814814,4381.565476388889
2025-03-03,4,16:00-20:00,127.46020833333262,5074.310340216666,4380.385539814814,4381.565476388889
2025-03-03,5,20:00-24:00,3537.2670475308637,3203.929564900002,4380.385539814814,4381.565476388889
2025-03-04,0,0:00-4:00,5553.063221886505,101.5873262280769,4381.565476388889,4251.126913740737
2025-03-04,1,4:00-8:00,2207.0190377983595,2297.7038281833284,4381.565476388889,4251.126913740737
2025-03-04,2,8:00-12:00,5061.919166481472,5043.582216666667,4381.565476388889,4251.126913740737
2025-03-04,3,12:00-16:00,4434.233317448565,770.5754816666663,4381.565476388889,4251.126913740737
2025-03-04,4,16:00-20:00,100.8276526055428,4733.172292896701,4381.565476388889,4251.126913740737
2025-03-04,5,20:00-24:00,3060.841037020007,3709.275341666667,4381.565476388889,4251.126913740737
2025-03-05,0,0:00-4:00,6151.326363065844,17.268333333333317,4251.126913740737,4287.183290092593
2025-03-05,1,4:00-8:00,2265.610935041154,1943.4309023500025,4251.126913740737,4287.183290092593
2025-03-05,2,8:00-12:00,5328.040766666667,3788.2951999999996,4251.126913740737,4287.183290092593
2025-03-05,3,12:00-16:00,1724.590340555559,887.3701950000001,4251.126913740737,4287.183290092593
2025-03-05,4,16:00-20:00,5.356919753087115,4819.821956666665,4251.126913740737,4287.183290092593
2025-03-05,5,20:00-24:00,3282.785941666667,3705.1088,4251.126913740737,4287.183290092593
2025-03-06,0,0:00-4:00,6480.87810600823,14.143008333333228,4287.183290092593,4562.4059776362965
2025-03-06,1,4:00-8:00,2140.841785781893,2529.8026677999974,4287.183290092593,4562.4059776362965
2025-03-06,2,8:00-12:00,5280.444533333333,3681.629883333333,4287.183290092593,4562.4059776362965
2025-03-06,3,12:00-16:00,2114.2134329629553,886.1554666666664,4287.183290092593,4562.4059776362965
2025-03-06,4,16:00-20:00,115.98728000000074,4794.940818044006,4287.183290092593,4562.4059776362965
2025-03-06,5,20:00-24:00,3414.0509333333325,3678.2247548833275,4287.183290092593,4562.4059776362965
2025-03-07,0,0:00-4:00,2096.1374249514392,30.718599999999867,4562.4059776362965,4353.564076351846
2025-03-07,1,4:00-8:00,1339.1442466666663,4149.556736666666,4562.4059776362965,4353.564076351846
2025-03-07,2,8:00-12:00,8656.212102201645,0.0,4562.4059776362965,4353.564076351846
2025-03-07,3,12:00-16:00,0.0,60.9526166666667,4562.4059776362965,4353.564076351846
2025-03-07,4,16:00-20:00,67.37288000000001,5729.715130000002,4562.4059776362965,4353.564076351846
2025-03-07,5,20:00-24:00,3361.306883333333,2788.3551929166665,4562.4059776362965,4353.564076351846
2025-03-08,0,0:00-4:00,1391.0565749382793,17.91979999999984,4353.564076351846,4465.99631235185
2025-03-08,1,4:00-8:00,1085.0681466666665,4185.7162616666665,4353.564076351846,4465.99631235185
2025-03-08,2,8:00-12:00,9115.993016666667,9.574583333333294,4353.564076351846,4465.99631235185
2025-03-08,3,12:00-16:00,772.0834670164595,0.0,4353.564076351846,4465.99631235185
2025-03-08,4,16:00-20:00,138.96842333333308,5782.723747116667,4353.564076351846,4465.99631235185
2025-03-08,5,20:00-24:00,3440.7178666666664,2817.4254666666666,4353.564076351846,4465.99631235185
2025-03-09,0,0:00-4:00,6419.224700164613,35.609600000000114,4465.99631235185,4587.740009834932
2025-03-09,1,4:00-8:00,1696.741942962955,3974.6128744166676,4465.99631235185,4587.740009834932
2025-03-09,2,8:00-12:00,5150.180746666666,3801.2891666666674,4465.99631235185,4587.740009834932
2025-03-09,3,12:00-16:00,4037.8657295061766,504.13566666666634,4465.99631235185,4587.740009834932
2025-03-09,4,16:00-20:00,42.31841563785969,4771.250807491152,4465.99631235185,4587.740009834932
2025-03-09,5,20:00-24:00,3484.528208333334,3676.5289490740743,4465.99631235185,4587.740009834932
2025-03-10,0,0:00-4:00,5057.074300183449,63.13756666670952,4587.740009834932,4207.607137777778
2025-03-10,1,4:00-8:00,1850.1751883333332,3596.6599281833296,4587.740009834932,4207.607137777778
2025-03-10,2,8:00-12:00,5044.1800596596695,4487.95095,4587.740009834932,4207.607137777778
2025-03-10,3,12:00-16:00,5359.522970648978,547.7216183333331,4587.740009834932,4207.607137777778
2025-03-10,4,16:00-20:00,159.99512986666025,4959.120606600001,4587.740009834932,4207.607137777778
2025-03-10,5,20:00-24:00,3388.6345666666666,3583.790509508653,4587.740009834932,4207.607137777778
2025-03-11,0,0:00-4:00,6014.682608024692,58.42662499999983,4207.607137777778,4978.311192074072
2025-03-11,1,4:00-8:00,1825.755055,3893.0724133333347,4207.607137777778,4978.311192074072
2025-03-11,2,8:00-12:00,5417.154351604942,3044.929716666667,4207.607137777778,4978.311192074072
2025-03-11,3,12:00-16:00,3497.4855284979394,657.3335500000001,4207.607137777778,4978.311192074072
2025-03-11,4,16:00-20:00,93.0161733333332,4733.0992612166665,4207.607137777778,4978.311192074072
2025-03-11,5,20:00-24:00,3702.3174750000003,3565.3378499999994,4207.607137777778,4978.311192074072
2025-03-12,0,0:00-4:00,5055.7189132510275,96.6750666666668,4978.311192074072,4133.606886296296
2025-03-12,1,4:00-8:00,2215.7977166666665,3866.491857,4978.311192074072,4133.606886296296
2025-03-12,2,8:00-12:00,5882.889383333333,2948.42215,4978.311192074072,4133.606886296296
2025-03-12,3,12:00-16:00,2342.703144115227,401.54941666666673,4978.311192074072,4133.606886296296
2025-03-12,4,16:00-20:00,51.45000666666624,5191.427244783333,4978.311192074072,4133.606886296296
2025-03-12,5,20:00-24:00,3345.903433333333,3560.182843949999,4978.311192074072,4133.606886296296
2025-03-13,0,0:00-4:00,6424.121328724277,2.9554666666665526,4133.606886296296,4147.428687962963
2025-03-13,1,4:00-8:00,1300.8130881687255,4524.414953016665,4133.606886296296,4147.428687962963
2025-03-13,2,8:00-12:00,3421.8708783333323,4302.101316666666,4133.606886296296,4147.428687962963
2025-03-13,3,12:00-16:00,4479.098610841459,491.45698333333314,4133.606886296296,4147.428687962963
2025-03-13,4,16:00-20:00,254.04822166666713,5270.519340354835,4133.606886296296,4147.428687962963
2025-03-13,5,20:00-24:00,3413.014616358024,1023.4153811767482,4133.606886296296,4147.428687962963
2025-03-14,0,0:00-4:00,1173.62756802469,355.64906666666656,4147.428687962963,4460.088798823497
2025-03-14,1,4:00-8:00,1097.4042700000002,3768.3350333333333,4147.428687962963,4460.088798823497
2025-03-14,2,8:00-12:00,10212.052459300414,0.0,4147.428687962963,4460.088798823497
2025-03-14,3,12:00-16:00,0.0,28.89716666666675,4147.428687962963,4460.088798823497
2025-03-14,4,16:00-20:00,15.465593292182689,5717.0300049588495,4147.428687962963,4460.088798823497
2025-03-14,5,20:00-24:00,3538.8459999999995,2838.9853,4147.428687962963,4460.088798823497
2025-03-15,0,0:00-4:00,364.0503365541385,325.3974166666664,4460.088798823497,4201.669174277779
2025-03-15,1,4:00-8:00,965.6593947228603,3685.747384608853,4460.088798823497,4201.669174277779
2025-03-15,2,8:00-12:00,7384.7595,0.0,4460.088798823497,4201.669174277779
2025-03-15,3,12:00-16:00,3281.9071666666687,0.0,4460.088798823497,4201.669174277779
2025-03-15,4,16:00-20:00,4.5771193415647655,5631.340966149999,4460.088798823497,4201.669174277779
2025-03-15,5,20:00-24:00,3325.6279999999997,3004.622923666667,4460.088798823497,4201.669174277779
2025-03-16,0,0:00-4:00,5640.483415246908,245.84915,4201.669174277779,4684.257065870368
2025-03-16,1,4:00-8:00,1055.895199547333,4801.266448333333,4201.669174277779,4684.257065870368
2025-03-16,2,8:00-12:00,5474.625349999999,2856.6065,4201.669174277779,4684.257065870368
2025-03-16,3,12:00-16:00,5615.6567860082205,564.9753666666662,4201.669174277779,4684.257065870368
2025-03-16,4,16:00-20:00,154.0027347736637,4805.254723466669,4201.669174277779,4684.257065870368
2025-03-16,5,20:00-24:00,3401.9132315843617,3579.2058499999994,4201.669174277779,4684.257065870368
2025-03-17,0,0:00-4:00,5134.809483477374,74.8010166666669,4684.257065870368,5322.169231849335
2025-03-17,1,4:00-8:00,1796.7509166666673,3957.798638816671,4684.257065870368,5322.169231849335
2025-03-17,2,8:00-12:00,5043.824613333332,2118.650066666666,4684.257065870368,5322.169231849335
2025-03-17,3,12:00-16:00,2462.145455082304,38.98131666666666,4684.257065870368,5322.169231849335
2025-03-17,4,16:00-20:00,71.79697848497926,4427.952934908436,4684.257065870368,5322.169231849335
2025-03-17,5,20:00-24:00,3912.5361,3729.40455,4684.257065870368,5322.169231849335
2025-03-18,0,0:00-4:00,4790.85027961185,31.8811750000001,5322.169231849335,4428.1935701666625
2025-03-18,1,4:00-8:00,1046.563601666667,4871.195419783337,5322.169231849335,4428.1935701666625
2025-03-18,2,8:00-12:00,5517.910633333333,3535.180957716666,5322.169231849335,4428.1935701666625
2025-03-18,3,12:00-16:00,5483.0523502057595,270.7800166666668,5322.169231849335,4428.1935701666625
2025-03-18,4,16:00-20:00,5.821298333333516,4991.320285000004,5322.169231849335,4428.1935701666625
2025-03-18,5,20:00-24:00,3506.061816666667,3587.9308249999995,5322.169231849335,4428.1935701666625
2025-03-19,0,0:00-4:00,5939.288047942392,14.309391666666784,4428.1935701666625,4751.661227256521
2025-03-19,1,4:00-8:00,1249.3298950000008,5077.138523333332,4428.1935701666625,4751.661227256521
2025-03-19,2,8:00-12:00,5240.214552426716,3558.203733333333,4428.1935701666625,4751.661227256521
2025-03-19,3,12:00-16:00,5720.906683869581,317.01130000000046,4428.1935701666625,4751.661227256521
2025-03-19,4,16:00-20:00,33.36614197530831,4634.312559135801,4428.1935701666625,4751.661227256521
2025-03-19,5,20:00-24:00,3550.1512,3711.8413833333334,4428.1935701666625,4751.661227256521
2025-03-20,0,0:00-4:00,5588.443124015386,126.52622500000007,4751.661227256521,4341.346862685184
2025-03-20,1,4:00-8:00,1125.0986266666666,4734.311035000001,4751.661227256521,4341.346862685184
2025-03-20,2,8:00-12:00,2926.957482538225,3265.5568,4751.661227256521,4341.346862685184
2025-03-20,3,12:00-16:00,5401.486943395063,315.60094166666613,4751.661227256521,4341.346862685184
2025-03-20,4,16:00-20:00,109.95512567900994,5156.0617275623445,4751.661227256521,4341.346862685184
2025-03-20,5,20:00-24:00,3596.9779333333327,1957.8507797436048,4751.661227256521,4341.346862685184
2025-03-21,0,0:00-4:00,164.24491691666805,738.8955833333337,4341.346862685184,4498.65529618267
2025-03-21,1,4:00-8:00,901.4944516666665,2890.0960801358315,4341.346862685184,4498.65529618267
2025-03-21,2,8:00-12:00,10590.778516666665,0.0,4341.346862685184,4498.65529618267
2025-03-21,3,12:00-16:00,0.0,0.0,4341.346862685184,4498.65529618267
2025-03-21,4,16:00-20:00,33.99959117004827,5547.0876637833335,4341.346862685184,4498.65529618267
2025-03-21,5,20:00-24:00,3426.3658166666664,2927.01855,4341.346862685184,4498.65529618267
2025-03-22,0,0:00-4:00,232.15407499999986,186.25613274615108,4498.65529618267,4823.1961226817575
2025-03-22,1,4:00-8:00,828.6724716666668,3555.1150502900214,4498.65529618267,4823.1961226817575
2025-03-22,2,8:00-12:00,10012.848316666667,0.0,4498.65529618267,4823.1961226817575
2025-03-22,3,12:00-16:00,546.796021199716,0.0,4498.65529618267,4823.1961226817575
2025-03-22,4,16:00-20:00,90.0954152166621,5538.502438086418,4498.65529618267,4823.1961226817575
2025-03-22,5,20:00-24:00,3461.269521203091,2717.22665,4498.65529618267,4823.1961226817575
2025-03-23,0,0:00-4:00,4737.875583822732,100.70558333333304,4823.1961226817575,4386.588970293547
2025-03-23,1,4:00-8:00,1053.357165368358,4599.618778191698,4823.1961226817575,4386.588970293547
2025-03-23,2,8:00-12:00,4941.112045730415,3085.5638999999996,4823.1961226817575,4386.588970293547
2025-03-23,3,12:00-16:00,5525.556831965057,3.8885666666667476,4823.1961226817575,4386.588970293547
2025-03-23,4,16:00-20:00,24.126878641975825,4986.803375685807,4823.1961226817575,4386.588970293547
2025-03-23,5,20:00-24:00,3524.495558333333,3659.6507249999995,4823.1961226817575,4386.588970293547
2025-03-24,0,0:00-4:00,5370.5058168960595,31.038091666666446,4386.588970293547,4327.822667431289
2025-03-24,1,4:00-8:00,1690.802007571395,4342.293962199497,4386.588970293547,4327.822667431289
2025-03-24,2,8:00-12:00,5790.646896090539,2962.430333333333,4386.588970293547,4327.822667431289
2025-03-24,3,12:00-16:00,3448.9663773244724,508.9807766666672,4386.588970293547,4327.822667431289
2025-03-24,4,16:00-20:00,187.85948895000195,4817.041185616668,4386.588970293547,4327.822667431289
2025-03-24,5,20:00-24:00,3551.8486439166654,3624.015,4386.588970293547,4327.822667431289
2025-03-25,0,0:00-4:00,5962.627407353784,143.37259999999958,4327.822667431289,4017.717566111112
2025-03-25,1,4:00-8:00,1010.6009283333335,5426.280631228051,4327.822667431289,4017.717566111112
2025-03-25,2,8:00-12:00,4283.7678632716,2893.7021213666803,4327.822667431289,4017.717566111112
2025-03-25,3,12:00-16:00,6462.814188393426,212.99312666666708,4327.822667431289,4017.717566111112
2025-03-25,4,16:00-20:00,140.62172333333308,5133.358533636119,4327.822667431289,4017.717566111112
2025-03-25,5,20:00-24:00,3189.2590499999997,3519.637418445883,4327.822667431289,4017.717566111112
2025-03-26,0,0:00-4:00,6698.243770987652,71.25479999999993,4017.717566111112,4540.936213074077
2025-03-26,1,4:00-8:00,863.2350766666705,5762.260063746176,4017.717566111112,4540.936213074077
2025-03-26,2,8:00-12:00,5349.995073698974,2750.8510833333326,4017.717566111112,4540.936213074077
2025-03-26,3,12:00-16:00,5222.378100349795,0.0,4017.717566111112,4540.936213074077
2025-03-26,4,16:00-20:00,51.0062027777762,4807.051547066666,4017.717566111112,4540.936213074077
2025-03-26,5,20:00-24:00,3550.261941666667,3743.1330581666657,4017.717566111112,4540.936213074077
2025-03-27,0,0:00-4:00,5974.77600713991,120.51930833333358,4540.936213074077,4315.9333913438495
2025-03-27,1,4:00-8:00,1100.9789416666672,4833.026414833334,4540.936213074077,4315.9333913438495
2025-03-27,2,8:00-12:00,4690.571137654324,2855.810016666667,4540.936213074077,4315.9333913438495
2025-03-27,3,12:00-16:00,4892.743355596713,101.70708166666691,4540.936213074077,4315.9333913438495
2025-03-27,4,16:00-20:00,115.07889166666655,4919.922434623868,4540.936213074077,4315.9333913438495
2025-03-27,5,20:00-24:00,3404.7074583333333,3716.390475,4540.936213074077,4315.9333913438495
2025-03-28,0,0:00-4:00,121.17705710526087,497.12429999999955,4315.9333913438495,4669.6217936851845
2025-03-28,1,4:00-8:00,959.9985164838776,3182.9679668166664,4315.9333913438495,4669.6217936851845
2025-03-28,2,8:00-12:00,10666.666666666664,0.0,4315.9333913438495,4669.6217936851845
2025-03-28,3,12:00-16:00,0.0,0.0,4315.9333913438495,4669.6217936851845
2025-03-28,4,16:00-20:00,13.453714999999818,5443.669499999997,4315.9333913438495,4669.6217936851845
2025-03-28,5,20:00-24:00,3494.0633500000004,2914.759708333333,4315.9333913438495,4669.6217936851845
2025-03-29,0,0:00-4:00,224.73241666666644,150.42731447368578,4669.6217936851845,4477.605000381484
2025-03-29,1,4:00-8:00,277.6981692473497,3192.8387699999994,4669.6217936851845,4477.605000381484
2025-03-29,2,8:00-12:00,10436.589747613167,0.0,4669.6217936851845,4477.605000381484
2025-03-29,3,12:00-16:00,0.0,0.0,4669.6217936851845,4477.605000381484
2025-03-29,4,16:00-20:00,17.0136476666666,5749.505675349999,4669.6217936851845,4477.605000381484
2025-03-29,5,20:00-24:00,3621.810108333333,2888.0970666666663,4669.6217936851845,4477.605000381484
2025-03-30,0,0:00-4:00,5499.551677909463,317.3371999999996,4477.605000381484,5251.80831855624
2025-03-30,1,4:00-8:00,968.5655583333337,4331.000168633335,4477.605000381484,5251.80831855624
2025-03-30,2,8:00-12:00,4421.693381008233,2542.847183333333,4477.605000381484,5251.80831855624
2025-03-30,3,12:00-16:00,5290.079528786003,224.3709666666665,4477.605000381484,5251.80831855624
2025-03-30,4,16:00-20:00,57.29684195828996,4427.088521368932,4477.605000381484,5251.80831855624
2025-03-30,5,20:00-24:00,3668.8404416666667,3584.4551916666665,4477.605000381484,5251.80831855624
2025-03-31,0,0:00-4:00,4549.622333475531,42.82796666666661,5251.80831855624,4473.576026334268
2025-03-31,1,4:00-8:00,942.7390106342033,4717.584196666666,5251.80831855624,4473.576026334268
2025-03-31,2,8:00-12:00,4296.514751275719,1697.641649999999,5251.80831855624,4473.576026334268
2025-03-31,3,12:00-16:00,4748.5414203228365,435.98228333333327,5251.80831855624,4473.576026334268
2025-03-31,4,16:00-20:00,179.66785134855877,4968.101135697334,5251.80831855624,4473.576026334268
2025-03-31,5,20:00-24:00,3484.169615697331,3581.288366666666,5251.80831855624,4473.576026334268
2025-04-01,0,0:00-4:00,5716.208659073038,150.78424166666684,4473.576026334268,4436.6149425
2025-04-01,1,4:00-8:00,951.8030599999998,5730.529015000004,4473.576026334268,4436.6149425
2025-04-01,2,8:00-12:00,1809.7127061047854,2036.4331166666666,4473.576026334268,4436.6149425
2025-04-01,3,12:00-16:00,4212.66269343061,268.02427,4473.576026334268,4436.6149425
2025-04-01,4,16:00-20:00,60.83468333333326,5016.1095526901245,4473.576026334268,4436.6149425
2025-04-01,5,20:00-24:00,3656.335883333333,121.50650450020765,4473.576026334268,4436.6149425
2025-04-02,0,0:00-4:00,6132.884630000003,105.15337499999987,4436.6149425,4284.40669101852
2025-04-02,1,4:00-8:00,825.6972416666666,6560.883158333332,4436.6149425,4284.40669101852
2025-04-02,2,8:00-12:00,944.5307499999999,1883.3682309666715,4436.6149425,4284.40669101852
2025-04-02,3,12:00-16:00,5324.137838888889,0.0,4436.6149425,4284.40669101852
2025-04-02,4,16:00-20:00,730.318974649181,5023.787233532514,4436.6149425,4284.40669101852
2025-04-02,5,20:00-24:00,3468.308064332515,678.7562031259936,4436.6149425,4284.40669101852
2025-04-03,0,0:00-4:00,6773.210946090532,100.96205000000009,4284.40669101852,4620.910332515171
2025-04-03,1,4:00-8:00,771.9206647119328,6131.497215000002,4284.40669101852,4620.910332515171
2025-04-03,2,8:00-12:00,5701.084287674899,2655.0633616666623,4284.40669101852,4620.910332515171
2025-04-03,3,12:00-16:00,5080.230280226335,133.16292000000055,4284.40669101852,4620.910332515171
2025-04-03,4,16:00-20:00,155.76303333333362,4836.1705101,4284.40669101852,4620.910332515171
2025-04-03,5,20:00-24:00,3518.4629998645632,3660.8351575266465,4284.40669101852,4620.910332515171
2025-04-04,0,0:00-4:00,393.65162499999934,199.67453766783387,4620.910332515171,4795.874079351856
2025-04-04,1,4:00-8:00,342.36620181441975,2864.5943716666666,4620.910332515171,4795.874079351856
2025-04-04,2,8:00-12:00,9912.685395495266,0.0,4620.910332515171,4795.874079351856
2025-04-04,3,12:00-16:00,0.0,0.0,4620.910332515171,4795.874079351856
2025-04-04,4,16:00-20:00,0.0,5345.190578333333,4620.910332515171,4795.874079351856
2025-04-04,5,20:00-24:00,3451.7186416666664,2854.41485,4620.910332515171,4795.874079351856
2025-04-05,0,0:00-4:00,290.63340833333336,473.11797378601455,4795.874079351856,4319.925565069093
2025-04-05,1,4:00-8:00,289.33305166666645,2682.6108466666665,4795.874079351856,4319.925565069093
2025-04-05,2,8:00-12:00,9987.24606967408,0.0,4795.874079351856,4319.925565069093
2025-04-05,3,12:00-16:00,0.0,0.0,4795.874079351856,4319.925565069093
2025-04-05,4,16:00-20:00,4.79783950617275,5842.308795455168,4795.874079351856,4319.925565069093
2025-04-05,5,20:00-24:00,3477.79957847183,2810.662104544832,4795.874079351856,4319.925565069093
2025-04-06,0,0:00-4:00,5440.399287145452,73.46064833333344,4319.925565069093,4637.232654111116
2025-04-06,1,4:00-8:00,998.4273850000001,4350.88380096667,4319.925565069093,4637.232654111116
2025-04-06,2,8:00-12:00,5672.244808559666,2241.5239499999993,4319.925565069093,4637.232654111116
2025-04-06,3,12:00-16:00,3347.5231610699675,293.1413266666664,4319.925565069093,4637.232654111116
2025-04-06,4,16:00-20:00,444.476460000001,4866.377363333331,4319.925565069093,4637.232654111116
2025-04-06,5,20:00-24:00,3595.799200000001,3683.121475,4319.925565069093,4637.232654111116
2025-04-07,0,0:00-4:00,5313.370159876535,90.02758500000004,4637.232654111116,4378.625892710925
2025-04-07,1,4:00-8:00,942.1380859500033,5023.77465,4637.232654111116,4378.625892710925
2025-04-07,2,8:00-12:00,6165.149940786418,1803.4435833333337,4637.232654111116,4378.625892710925
2025-04-07,3,12:00-16:00,3113.6859034693375,119.0822833333333,4637.232654111116,4378.625892710925
2025-04-07,4,16:00-20:00,0.0,4940.627047314814,4637.232654111116,4378.625892710925
2025-04-07,5,20:00-24:00,3468.724625,3648.2765954953547,4637.232654111116,4378.625892710925
2025-04-08,0,0:00-4:00,6281.579610876749,11.398383333333072,4378.625892710925,4260.384684166668
2025-04-08,1,4:00-8:00,942.121105041152,6792.109076848354,4378.625892710925,4260.384684166668
2025-04-08,2,8:00-12:00,3437.1047500000004,1908.4534231516466,4378.625892710925,4260.384684166668
2025-04-08,3,12:00-16:00,7185.945394545288,0.4184499999998934,4378.625892710925,4260.384684166668
2025-04-08,4,16:00-20:00,44.133127059649574,5229.814370308638,4378.625892710925,4260.384684166668
2025-04-08,5,20:00-24:00,3419.685575,3425.784729691361,4378.625892710925,4260.384684166668
2025-04-09,0,0:00-4:00,6437.624844814812,88.31650000000002,4260.384684166668,4270.75725787037
2025-04-09,1,4:00-8:00,1043.2726199999997,6075.928426666666,4260.384684166668,4270.75725787037
2025-04-09,2,8:00-12:00,2006.4188422427949,2421.6049999999996,4260.384684166668,4270.75725787037
2025-04-09,3,12:00-16:00,5168.832824520143,431.20160833333364,4260.384684166668,4270.75725787037
2025-04-09,4,16:00-20:00,349.80315423868603,4809.941281666671,4260.384684166668,4270.75725787037
2025-04-09,5,20:00-24:00,3429.724041666666,1096.5696922613095,4260.384684166668,4270.75725787037
2025-04-10,0,0:00-4:00,6527.552032921811,264.8802183333339,4270.75725787037,4434.682182222224
2025-04-10,1,4:00-8:00,903.2438033333334,5882.3532,4270.75725787037,4434.682182222224
2025-04-10,2,8:00-12:00,4893.681724320991,2442.25695,4270.75725787037,4434.682182222224
2025-04-10,3,12:00-16:00,5617.151084999997,66.9103666666665,4270.75725787037,4434.682182222224
2025-04-10,4,16:00-20:00,28.96283166666649,5141.747100213921,4270.75725787037,4434.682182222224
2025-04-10,5,20:00-24:00,3614.291591460903,3538.075018519412,4270.75725787037,4434.682182222224
2025-04-11,0,0:00-4:00,172.5190250000008,227.91615833333424,4434.682182222224,4396.479940259286
2025-04-11,1,4:00-8:00,294.7039866666667,2791.854935666669,4434.682182222224,4396.479940259286
2025-04-11,2,8:00-12:00,10333.464803148148,0.0,4434.682182222224,4396.479940259286
2025-04-11,3,12:00-16:00,0.0,0.0,4434.682182222224,4396.479940259286
2025-04-11,4,16:00-20:00,21.997898333333296,5846.711645701622,4434.682182222224,4396.479940259286
2025-04-11,5,20:00-24:00,3430.1347151666414,2712.683825,4434.682182222224,4396.479940259286
2025-04-12,0,0:00-4:00,351.2095916666669,282.05920499999996,4396.479940259286,4913.489808222224
2025-04-12,1,4:00-8:00,552.6105805555273,2054.372753333333,4396.479940259286,4913.489808222224
2025-04-12,2,8:00-12:00,9095.686015555555,0.0,4396.479940259286,4913.489808222224
2025-04-12,3,12:00-16:00,0.0,0.0,4396.479940259286,4913.489808222224
2025-04-12,4,16:00-20:00,49.37929833333294,5421.239499999996,4396.479940259286,4913.489808222224
2025-04-12,5,20:00-24:00,3586.4194083333327,2821.616625,4396.479940259286,4913.489808222224
2025-04-13,0,0:00-4:00,5156.600110452672,99.35489166666696,4913.489808222224,4273.575531481481
2025-04-13,1,4:00-8:00,1016.8132026337453,5626.747952250002,4913.489808222224,4273.575531481481
2025-04-13,2,8:00-12:00,4184.237299958851,2133.3918166666663,4913.489808222224,4273.575531481481
2025-04-13,3,12:00-16:00,5885.996094588473,0.0,4913.489808222224,4273.575531481481
2025-04-13,4,16:00-20:00,43.234658333333186,5044.590538333332,4913.489808222224,4273.575531481481
2025-04-13,5,20:00-24:00,3451.683666666667,3660.0753265833364,4913.489808222224,4273.575531481481
2025-04-14,0,0:00-4:00,6153.62236946502,105.93086666666647,4273.575531481481,4371.400264870368
2025-04-14,1,4:00-8:00,935.778825,5823.488905,4273.575531481481,4371.400264870368
2025-04-14,2,8:00-12:00,3499.506054444446,1877.925683333333,4273.575531481481,4371.400264870368
2025-04-14,3,12:00-16:00,6301.373586481481,0.0,4273.575531481481,4371.400264870368
2025-04-14,4,16:00-20:00,23.266404999999963,4944.383755250002,4273.575531481481,4371.400264870368
2025-04-14,5,20:00-24:00,3544.2925583333326,3731.078766666667,4273.575531481481,4371.400264870368
2025-04-15,0,0:00-4:00,6412.203463312758,35.52245833333325,4371.400264870368,4611.8184760462955
2025-04-15,1,4:00-8:00,929.7276971193462,6122.995753333333,4371.400264870368,4611.8184760462955
2025-04-15,2,8:00-12:00,5416.90415,1229.7195833333335,4371.400264870368,4611.8184760462955
2025-04-15,3,12:00-16:00,3549.324872551437,167.07043500000043,4371.400264870368,4611.8184760462955
2025-04-15,4,16:00-20:00,218.7766255967131,4950.349258516668,4371.400264870368,4611.8184760462955
2025-04-15,5,20:00-24:00,3701.3898625,3662.9107249999997,4371.400264870368,4611.8184760462955
2025-04-16,0,0:00-4:00,6211.71119883745,135.4850250000003,4611.8184760462955,4308.848707314814
2025-04-16,1,4:00-8:00,930.8453072016456,6141.9018399999995,4611.8184760462955,4308.848707314814
2025-04-16,2,8:00-12:00,2394.7208130041117,1941.9388333333332,4611.8184760462955,4308.848707314814
2025-04-16,3,12:00-16:00,6342.191183333333,386.7023940954706,4611.8184760462955,4308.848707314814
2025-04-16,4,16:00-20:00,206.6394416255157,4736.117860967698,4611.8184760462955,4308.848707314814
2025-04-16,5,20:00-24:00,3460.1784916666666,2763.0188513535004,4611.8184760462955,4308.848707314814
2025-04-17,0,0:00-4:00,6448.642600205758,120.41475000000003,4308.848707314814,4588.223978759256
2025-04-17,1,4:00-8:00,958.4920433333332,5451.206368333333,4308.848707314814,4588.223978759256
2025-04-17,2,8:00-12:00,5102.250009404334,1826.8180166666664,4308.848707314814,4588.223978759256
2025-04-17,3,12:00-16:00,3931.1365179413456,76.3468499999999,4308.848707314814,4588.223978759256
2025-04-17,4,16:00-20:00,36.34563000000048,4908.869953000002,4308.848707314814,4588.223978759256
2025-04-17,5,20:00-24:00,3694.983156695171,3704.1047833397556,4308.848707314814,4588.223978759256
2025-04-18,0,0:00-4:00,128.50070833333342,552.5783899999998,4588.223978759256,4902.064831388891
2025-04-18,1,4:00-8:00,421.4324999999998,2284.097110849998,4588.223978759256,4902.064831388891
2025-04-18,2,8:00-12:00,9854.108668168727,0.0,4588.223978759256,4902.064831388891
2025-04-18,3,12:00-16:00,0.0,0.0,4588.223978759256,4902.064831388891
2025-04-18,4,16:00-20:00,52.86701851852303,5603.737118333334,4588.223978759256,4902.064831388891
2025-04-18,5,20:00-24:00,3795.512591666666,2821.5920176666664,4588.223978759256,4902.064831388891
2025-04-19,0,0:00-4:00,200.08873333333298,472.8040878070131,4902.064831388891,5028.444315262016
2025-04-19,1,4:00-8:00,137.57279666666665,2976.5794918429883,4902.064831388891,5028.444315262016
2025-04-19,2,8:00-12:00,10474.098014938272,0.0,4902.064831388891,5028.444315262016
2025-04-19,3,12:00-16:00,0.0,0.0,4902.064831388891,5028.444315262016
2025-04-19,4,16:00-20:00,95.18672267692993,5438.565059999998,4902.064831388891,5028.444315262016
2025-04-19,5,20:00-24:00,3611.7745967500005,2758.473725,4902.064831388891,5028.444315262016
2025-04-20,0,0:00-4:00,4866.813908042202,12.819686666666485,5028.444315262016,4544.858500796302
2025-04-20,1,4:00-8:00,829.7057316666666,5913.767060966662,5028.444315262016,4544.858500796302
2025-04-20,2,8:00-12:00,4174.366114979428,2133.1940442666673,5028.444315262016,4544.858500796302
2025-04-20,3,12:00-16:00,6494.777403539086,2.006249999999909,5028.444315262016,4544.858500796302
2025-04-20,4,16:00-20:00,32.24666666666633,4995.678391033329,5028.444315262016,4544.858500796302
2025-04-20,5,20:00-24:00,3551.0911317901227,3536.4525750000003,5028.444315262016,4544.858500796302
2025-04-21,0,0:00-4:00,5894.360815946498,133.37779166666655,4544.858500796302,4304.470835185185
2025-04-21,1,4:00-8:00,857.2850999999999,5247.90306821667,4544.858500796302,4304.470835185185
2025-04-21,2,8:00-12:00,3536.2407000000003,1480.4156999999996,4544.858500796302,4304.470835185185
2025-04-21,3,12:00-16:00,5133.500926234565,0.0,4544.858500796302,4304.470835185185
2025-04-21,4,16:00-20:00,33.449283333333256,4912.512552183333,4544.858500796302,4304.470835185185
2025-04-21,5,20:00-24:00,3489.067925,3786.702634900002,4544.858500796302,4304.470835185185
2025-04-22,0,0:00-4:00,6276.683835905349,159.66107166666666,4304.470835185185,4402.0654352528545
2025-04-22,1,4:00-8:00,912.6437583333333,6026.970281666666,4304.470835185185,4402.0654352528545
2025-04-22,2,8:00-12:00,3758.4450833333335,1475.8925166666668,4304.470835185185,4402.0654352528545
2025-04-22,3,12:00-16:00,5055.908843333332,350.8373650000002,4304.470835185185,4402.0654352528545
2025-04-22,4,16:00-20:00,795.4566299077841,4760.2119896502045,4304.470835185185,4402.0654352528545
2025-04-22,5,20:00-24:00,3564.679827263374,3633.2841975308634,4304.470835185185,4402.0654352528545
2025-04-23,0,0:00-4:00,6309.301148052383,91.21961666666687,4402.0654352528545,5098.991941517608
2025-04-23,1,4:00-8:00,875.8804716666664,5734.020874999999,4402.0654352528545,5098.991941517608
2025-04-23,2,8:00-12:00,3899.1246833333335,1581.13715,4402.0654352528545,5098.991941517608
2025-04-23,3,12:00-16:00,5316.798131028808,120.37584166666693,4402.0654352528545,5098.991941517608
2025-04-23,4,16:00-20:00,73.48225860082368,4506.711543600821,4402.0654352528545,5098.991941517608
2025-04-23,5,20:00-24:00,3707.3099833333326,3686.6374249999994,4402.0654352528545,5098.991941517608
2025-04-24,0,0:00-4:00,5276.7228566471,79.921066666667,5098.991941517608,4321.7403
2025-04-24,1,4:00-8:00,1123.75095457114,4669.923216666666,5098.991941517608,4321.7403
2025-04-24,2,8:00-12:00,5093.810874521228,1421.0444666666658,5098.991941517608,4321.7403
2025-04-24,3,12:00-16:00,2458.5498854137986,0.0,5098.991941517608,4321.7403
2025-04-24,4,16:00-20:00,0.0,4975.824231355362,5098.991941517608,4321.7403
2025-04-24,5,20:00-24:00,3532.9442833333337,3716.2943681446422,5098.991941517608,4321.7403
2025-04-25,0,0:00-4:00,199.75723333333337,172.9305833333333,4321.7403,4487.697343518523
2025-04-25,1,4:00-8:00,423.04454166666653,2186.132941683334,4321.7403,4487.697343518523
2025-04-25,2,8:00-12:00,9487.68866329218,0.0,4321.7403,4487.697343518523
2025-04-25,3,12:00-16:00,0.0,0.0,4321.7403,4487.697343518523
2025-04-25,4,16:00-20:00,0.0,5547.612434958848,4321.7403,4487.697343518523
2025-04-25,5,20:00-24:00,3383.152325,2873.813339124484,4321.7403,4487.697343518523
2025-04-26,0,0:00-4:00,202.22678166666702,427.89611666666667,4487.697343518523,4184.758610092593
2025-04-26,1,4:00-8:00,637.9348566666666,2524.673237500004,4487.697343518523,4184.758610092593
2025-04-26,2,8:00-12:00,9818.65533080247,0.0,4487.697343518523,4184.758610092593
2025-04-26,3,12:00-16:00,0.0,0.0,4487.697343518523,4184.758610092593
2025-04-26,4,16:00-20:00,0.0,6010.394791966667,4487.697343518523,4184.758610092593
2025-04-26,5,20:00-24:00,3424.233241666667,2716.9513846999994,4487.697343518523,4184.758610092593
2025-04-27,0,0:00-4:00,4888.386086131686,56.501839999999675,4184.758610092593,4277.345411296296
2025-04-27,1,4:00-8:00,970.2365899999998,5630.3717916666665,4184.758610092593,4277.345411296296
2025-04-27,2,8:00-12:00,4879.94485,1744.893485083333,4184.758610092593,4277.345411296296
2025-04-27,3,12:00-16:00,5786.721816666668,301.93619166666645,4184.758610092593,4277.345411296296
2025-04-27,4,16:00-20:00,44.944702016458564,5879.369373766668,4184.758610092593,4277.345411296296
2025-04-27,5,20:00-24:00,3534.363391666666,2588.3231202833294,4184.758610092593,4277.345411296296
2025-04-28,0,0:00-4:00,5202.846730740744,211.01084166666658,4277.345411296296,4426.221907499999
2025-04-28,1,4:00-8:00,1139.1320433333335,5319.8065,4277.345411296296,4426.221907499999
2025-04-28,2,8:00-12:00,1016.0654666666665,2375.796335500005,4277.345411296296,4426.221907499999
2025-04-28,3,12:00-16:00,2799.527616666667,358.993961666667,4277.345411296296,4426.221907499999
2025-04-28,4,16:00-20:00,200.68292858333564,2894.189607985837,4277.345411296296,4426.221907499999
2025-04-28,5,20:00-24:00,3584.6910083333332,0.0,4277.345411296296,4426.221907499999
2025-04-29,0,0:00-4:00,5657.132080761312,154.77053333333333,4426.221907499999,4825.327813629635
2025-04-29,1,4:00-8:00,956.9234750000003,4943.852745,4426.221907499999,4825.327813629635
2025-04-29,2,8:00-12:00,5200.605883333334,1025.9798333333333,4426.221907499999,4825.327813629635
2025-04-29,3,12:00-16:00,2862.0029887037,222.47755333333328,4426.221907499999,4825.327813629635
2025-04-29,4,16:00-20:00,198.80603333333443,4697.10866033333,4426.221907499999,4825.327813629635
2025-04-29,5,20:00-24:00,3743.6880666666666,3678.1337666666664,4426.221907499999,4825.327813629635
2025-04-30,0,0:00-4:00,6202.0916333333325,262.6158416666667,4825.327813629635,4763.082164877208
2025-04-30,1,4:00-8:00,880.7282301234505,4853.611813333333,4825.327813629635,4763.082164877208
2025-04-30,2,8:00-12:00,5708.949709711931,894.9370166666664,4825.327813629635,4763.082164877208
2025-04-30,3,12:00-16:00,1267.9460310288068,0.0,4825.327813629635,4763.082164877208
2025-04-30,4,16:00-20:00,24.769901666666556,4687.893872543849,4825.327813629635,4763.082164877208
2025-04-30,5,20:00-24:00,3619.710391666667,3697.3612166666658,4825.327813629635,4763.082164877208
2025-05-01,0,0:00-4:00,5161.7062898328795,203.94236666666643,4763.082164877208,3497.241695092593
2025-05-01,1,4:00-8:00,923.3341166666668,5937.62648,4763.082164877208,3497.241695092593
2025-05-01,2,8:00-12:00,5034.5808,1798.1724833333328,4763.082164877208,3497.241695092593
2025-05-01,3,12:00-16:00,5390.215067093677,0.0,4763.082164877208,3497.241695092593
2025-05-01,4,16:00-20:00,0.0,6092.3516173313055,4763.082164877208,3497.241695092593
2025-05-01,5,20:00-24:00,2885.3095583333334,2817.2315993353577,4763.082164877208,3497.241695092593
2025-05-02,0,0:00-4:00,241.9351083333334,296.8089999999999,3497.241695092593,3671.3039810185182
2025-05-02,1,4:00-8:00,199.24373000000003,2018.7316501333348,3497.241695092593,3671.3039810185182
2025-05-02,2,8:00-12:00,10531.689216666666,0.0,3497.241695092593,3671.3039810185182
2025-05-02,3,12:00-16:00,0.0,0.0,3497.241695092593,3671.3039810185182
2025-05-02,4,16:00-20:00,0.0,7339.913475833334,3497.241695092593,3671.3039810185182
2025-05-02,5,20:00-24:00,2969.345791666666,1481.0830324999974,3497.241695092593,3671.3039810185182
2025-05-03,0,0:00-4:00,423.51883333333296,362.56374166666603,3671.3039810185182,4178.264360663471
2025-05-03,1,4:00-8:00,239.86920657895024,2188.5373428289495,3671.3039810185182,4178.264360663471
2025-05-03,2,8:00-12:00,10406.892826234569,0.0,3671.3039810185182,4178.264360663471
2025-05-03,3,12:00-16:00,0.0,0.0,3671.3039810185182,4178.264360663471
2025-05-03,4,16:00-20:00,30.94412010288022,5672.244695102878,3671.3039810185182,4178.264360663471
2025-05-03,5,20:00-24:00,3406.2155749999993,3071.416733333333,3671.3039810185182,4178.264360663471
2025-05-04,0,0:00-4:00,6490.055117040588,277.9243499999999,4178.264360663471,3857.1229516666663
2025-05-04,1,4:00-8:00,1022.351681666667,4200.533191666667,4178.264360663471,3857.1229516666663
2025-05-04,2,8:00-12:00,6087.540389876536,1136.956666666667,4178.264360663471,3857.1229516666663
2025-05-04,3,12:00-16:00,690.1469888683197,0.0,4178.264360663471,3857.1229516666663
2025-05-04,4,16:00-20:00,0.0,5335.4925013459215,4178.264360663471,3857.1229516666663
2025-05-04,5,20:00-24:00,3045.494908333333,3379.947717904081,4178.264360663471,3857.1229516666663
2025-05-05,0,0:00-4:00,6865.746191666666,94.90502000000004,3857.1229516666663,4101.907558425924
2025-05-05,1,4:00-8:00,1017.4674340535013,6106.849139999999,3857.1229516666663,4101.907558425924
2025-05-05,2,8:00-12:00,3389.0808166666666,2195.4517333333333,3857.1229516666663,4101.907558425924
2025-05-05,3,12:00-16:00,5248.523428168713,0.0,3857.1229516666663,4101.907558425924
2025-05-05,4,16:00-20:00,371.3770633333336,5513.615037433335,3857.1229516666663,4101.907558425924
2025-05-05,5,20:00-24:00,3386.867091666666,2294.9131638499885,3857.1229516666663,4101.907558425924
2025-05-06,0,0:00-4:00,6477.968044958847,102.67994166666654,4101.907558425924,3792.7657820370387
2025-05-06,1,4:00-8:00,948.3019500000001,5890.452355,4101.907558425924,3792.7657820370387
2025-05-06,2,8:00-12:00,3879.6001166666665,2292.23765,4101.907558425924,3792.7657820370387
2025-05-06,3,12:00-16:00,6390.193724691353,141.13217166666664,4101.907558425924,3792.7657820370387
2025-05-06,4,16:00-20:00,159.92013374485768,4933.881492916666,4101.907558425924,3792.7657820370387
2025-05-06,5,20:00-24:00,2838.2580499999995,3680.18002375,4101.907558425924,3792.7657820370387
2025-05-07,0,0:00-4:00,6327.493451069953,34.010183333333316,3792.7657820370387,3832.6883707407405
2025-05-07,1,4:00-8:00,1033.0056716666668,4627.825046783332,3792.7657820370387,3832.6883707407405
2025-05-07,2,8:00-12:00,5412.080459999999,1874.3324166666664,3792.7657820370387,3832.6883707407405
2025-05-07,3,12:00-16:00,3082.578988806583,482.16633261666584,3792.7657820370387,3832.6883707407405
2025-05-07,4,16:00-20:00,125.83417833333294,5486.5106400833365,3792.7657820370387,3832.6883707407405
2025-05-07,5,20:00-24:00,3097.4040333333332,2912.726445083328,3792.7657820370387,3832.6883707407405
2025-05-08,0,0:00-4:00,6828.781162510286,11.624133333333361,3832.6883707407405,4180.344750925926
2025-05-08,1,4:00-8:00,984.8108983333332,5366.650478333333,3832.6883707407405,4180.344750925926
2025-05-08,2,8:00-12:00,2672.3543666666665,1687.2432333333331,3832.6883707407405,4180.344750925926
2025-05-08,3,12:00-16:00,4903.671226851851,981.3923116666672,3832.6883707407405,4180.344750925926
2025-05-08,4,16:00-20:00,777.7512133333338,4576.547999333332,3832.6883707407405,4180.344750925926
2025-05-08,5,20:00-24:00,3338.7235166666665,2863.5859331666693,3832.6883707407405,4180.344750925926
2025-05-09,0,0:00-4:00,98.24705000000006,398.2467309649164,4180.344750925926,6088.735479988072
2025-05-09,1,4:00-8:00,206.29835666666662,2391.0829507684175,4180.344750925926,6088.735479988072
2025-05-09,2,8:00-12:00,10494.243983333334,0.0,4180.344750925926,6088.735479988072
2025-05-09,3,12:00-16:00,0.0,0.0,4180.344750925926,6088.735479988072
2025-05-09,4,16:00-20:00,1.4907061968356743,4523.503427863502,4180.344750925926,6088.735479988072
2025-05-09,5,20:00-24:00,3780.9236166666665,2780.3902416666665,4180.344750925926,6088.735479988072
2025-05-10,0,0:00-4:00,458.8700733333329,166.22605000000027,6088.735479988072,5456.950954833332
2025-05-10,1,4:00-8:00,144.9451833333331,4145.853640322598,6088.735479988072,5456.950954833332
2025-05-10,2,8:00-12:00,9954.47827213992,0.0,6088.735479988072,5456.950954833332
2025-05-10,3,12:00-16:00,0.0,0.0,6088.735479988072,5456.950954833332
2025-05-10,4,16:00-20:00,128.71810999999997,4935.627928333334,6088.735479988072,5456.950954833332
2025-05-10,5,20:00-24:00,3477.9848583333332,2794.545616666667,6088.735479988072,5456.950954833332
2025-05-11,0,0:00-4:00,5114.891547962963,336.8126816666663,5456.950954833332,5337.017567632361
2025-05-11,1,4:00-8:00,988.5606316666667,4446.1695150000005,5456.950954833332,5337.017567632361
2025-05-11,2,8:00-12:00,5646.0677866666665,1668.5184666666669,5456.950954833332,5337.017567632361
2025-05-11,3,12:00-16:00,2388.704647674892,191.7171333333332,5456.950954833332,5337.017567632361
2025-05-11,4,16:00-20:00,0.0,4665.2857466308715,5456.950954833332,5337.017567632361
2025-05-11,5,20:00-24:00,3767.969916666666,3303.454075,5456.950954833332,5337.017567632361
2025-05-12,0,0:00-4:00,4931.199217075152,132.3476333333332,5337.017567632361,5186.335716620945
2025-05-12,1,4:00-8:00,1028.6082066666668,3925.2081466666664,5337.017567632361,5186.335716620945
2025-05-12,2,8:00-12:00,5184.485417411701,734.9351500000002,5337.017567632361,5186.335716620945
2025-05-12,3,12:00-16:00,842.3431083907724,0.0,5337.017567632361,5186.335716620945
2025-05-12,4,16:00-20:00,24.1462250000003,4982.94827670782,5337.017567632361,5186.335716620945
2025-05-12,5,20:00-24:00,3630.616871707819,3029.7076866666666,5337.017567632361,5186.335716620945
2025-05-13,0,0:00-4:00,5046.284510976726,14.73583333333329,5186.335716620945,5699.96074283333
2025-05-13,1,4:00-8:00,1229.0973313991817,4388.47163845,5186.335716620945,5699.96074283333
2025-05-13,2,8:00-12:00,5424.622192736623,1768.5275666666662,5186.335716620945,5699.96074283333
2025-05-13,3,12:00-16:00,2156.826697592591,0.0,5186.335716620945,5699.96074283333
2025-05-13,4,16:00-20:00,124.00108205761163,4170.954045083335,5186.335716620945,5699.96074283333
2025-05-13,5,20:00-24:00,3570.139208333333,3411.3349215833337,5186.335716620945,5699.96074283333
2025-05-14,0,0:00-4:00,4877.34684574074,105.34715999999992,5699.96074283333,5105.095392870368
2025-05-14,1,4:00-8:00,882.1821949999998,4896.166673333333,5699.96074283333,5105.095392870368
2025-05-14,2,8:00-12:00,4499.7171110905365,1252.5624666666665,5699.96074283333,5105.095392870368
2025-05-14,3,12:00-16:00,3128.5459857613196,104.89445833333355,5699.96074283333,5105.095392870368
2025-05-14,4,16:00-20:00,195.52078395061906,4468.780288083337,5699.96074283333,5105.095392870368
2025-05-14,5,20:00-24:00,3412.561358333333,3474.2859352499995,5699.96074283333,5105.095392870368
2025-05-15,0,0:00-4:00,5360.455190699591,149.0125499999997,5105.095392870368,5733.391867255834
2025-05-15,1,4:00-8:00,993.4540583333338,5582.842058333334,5105.095392870368,5733.391867255834
2025-05-15,2,8:00-12:00,3946.763883333333,1220.5276666666668,5105.095392870368,5733.391867255834
2025-05-15,3,12:00-16:00,4610.186647160499,649.5634866666668,5105.095392870368,5733.391867255834
2025-05-15,4,16:00-20:00,460.10491166666634,4352.180727419753,5105.095392870368,5733.391867255834
2025-05-15,5,20:00-24:00,3851.1990166666665,3050.3592873333337,5105.095392870368,5733.391867255834
2025-05-16,0,0:00-4:00,247.18409385964588,179.9040649999996,5733.391867255834,6826.846363548693
2025-05-16,1,4:00-8:00,489.0029666666668,3520.5658793898965,5733.391867255834,6826.846363548693
2025-05-16,2,8:00-12:00,9461.858944238682,0.0,5733.391867255834,6826.846363548693
2025-05-16,3,12:00-16:00,0.0,0.0,5733.391867255834,6826.846363548693
2025-05-16,4,16:00-20:00,0.0,3932.604104972842,5733.391867255834,6826.846363548693
2025-05-16,5,20:00-24:00,3717.8125499999996,2654.662333333333,5733.391867255834,6826.846363548693
2025-05-17,0,0:00-4:00,97.10619166666618,480.7361221938223,6826.846363548693,6574.856940074073
2025-05-17,1,4:00-8:00,706.4584483333331,4269.392028333333,6826.846363548693,6574.856940074073
2025-05-17,2,8:00-12:00,9475.406253004112,0.0,6826.846363548693,6574.856940074073
2025-05-17,3,12:00-16:00,0.0,0.0,6826.846363548693,6574.856940074073
2025-05-17,4,16:00-20:00,20.49962333333326,4359.253185000001,6826.846363548693,6574.856940074073
2025-05-17,5,20:00-24:00,4064.6826166666656,2752.373183333333,6826.846363548693,6574.856940074073
2025-05-18,0,0:00-4:00,3363.650127510292,136.0477666666668,6574.856940074073,6053.938473440783
2025-05-18,1,4:00-8:00,889.209238333333,5222.268959999999,6574.856940074073,6053.938473440783
2025-05-18,2,8:00-12:00,3578.827300000001,1769.7176333333332,6574.856940074073,6053.938473440783
2025-05-18,3,12:00-16:00,3748.2548400000014,0.0,6574.856940074073,6053.938473440783
2025-05-18,4,16:00-20:00,1449.5907927366243,4351.292832736625,6574.856940074073,6053.938473440783
2025-05-18,5,20:00-24:00,4280.594425,3010.7020733333334,6574.856940074073,6053.938473440783
2025-05-19,0,0:00-4:00,4167.866377843577,6.747833333333347,6053.938473440783,6356.215172870367
2025-05-19,1,4:00-8:00,1120.0596146296266,4279.810825,6053.938473440783,6356.215172870367
2025-05-19,2,8:00-12:00,4417.2535547530915,1195.3416999999997,6053.938473440783,6356.215172870367
2025-05-19,3,12:00-16:00,2336.0003691152206,0.0,6053.938473440783,6356.215172870367
2025-05-19,4,16:00-20:00,296.45890123456985,4339.247908333336,6053.938473440783,6356.215172870367
2025-05-19,5,20:00-24:00,4119.337225,3236.953298333334,6053.938473440783,6356.215172870367
2025-05-20,0,0:00-4:00,4300.291788477371,211.33635500000048,6356.215172870367,6040.6067789394165
2025-05-20,1,4:00-8:00,945.8741983333331,4495.286678333334,6356.215172870367,6040.6067789394165
2025-05-20,2,8:00-12:00,5098.574922227804,1254.7628,6356.215172870367,6040.6067789394165
2025-05-20,3,12:00-16:00,1999.9033745828954,650.8639888878603,6356.215172870367,6040.6067789394165
2025-05-20,4,16:00-20:00,718.3463616666662,4021.5893802499977,6356.215172870367,6040.6067789394165
2025-05-20,5,20:00-24:00,3719.8003333333336,3244.2690447500004,6356.215172870367,6040.6067789394165
2025-05-21,0,0:00-4:00,4614.920406816287,164.6476583333333,6040.6067789394165,4834.318767126824
2025-05-21,1,4:00-8:00,921.5645733333336,4422.416245,6040.6067789394165,4834.318767126824
2025-05-21,2,8:00-12:00,2699.219949999999,1073.018366666666,6040.6067789394165,4834.318767126824
2025-05-21,3,12:00-16:00,4040.2656488065754,1024.02192228395,6040.6067789394165,4834.318767126824
2025-05-21,4,16:00-20:00,300.38834000000065,4471.076583785242,6040.6067789394165,4834.318767126824
2025-05-21,5,20:00-24:00,3634.202087757201,3061.03285,6040.6067789394165,4834.318767126824
2025-05-22,0,0:00-4:00,4995.705139488708,111.47636666666642,4834.318767126824,6967.055981506172
2025-05-22,1,4:00-8:00,1072.352373371653,4827.235961666667,4834.318767126824,6967.055981506172
2025-05-22,2,8:00-12:00,3651.2702500000005,1242.0174499999994,4834.318767126824,6967.055981506172
2025-05-22,3,12:00-16:00,4539.737530867035,0.0,4834.318767126824,6967.055981506172
2025-05-22,4,16:00-20:00,136.50541557612874,4010.3952039277756,4834.318767126824,6967.055981506172
2025-05-22,5,20:00-24:00,4260.464733333333,3000.8002333333334,4834.318767126824,6967.055981506172
2025-05-23,0,0:00-4:00,159.90074166666693,957.9306533555565,6967.055981506172,5403.283082487042
2025-05-23,1,4:00-8:00,543.819975,4331.023896666667,6967.055981506172,5403.283082487042
2025-05-23,2,8:00-12:00,10084.67948909465,0.0,6967.055981506172,5403.283082487042
2025-05-23,3,12:00-16:00,0.0,0.0,6967.055981506172,5403.283082487042
2025-05-23,4,16:00-20:00,10.889589999999885,5402.8661233333305,6967.055981506172,5403.283082487042
2025-05-23,5,20:00-24:00,3956.423627166667,2667.702808333333,6967.055981506172,5403.283082487042
2025-05-24,0,0:00-4:00,52.5399583333334,658.7113083333331,5403.283082487042,5624.431620174099
2025-05-24,1,4:00-8:00,583.6727343859615,3113.5334654576345,5403.283082487042,5624.431620174099
2025-05-24,2,8:00-12:00,10017.23175117284,0.0,5403.283082487042,5624.431620174099
2025-05-24,3,12:00-16:00,0.0,0.0,5403.283082487042,5624.431620174099
2025-05-24,4,16:00-20:00,0.0,5167.56998450998,5403.283082487042,5624.431620174099
2025-05-24,5,20:00-24:00,3928.1784666666663,2672.266115333333,5403.283082487042,5624.431620174099
2025-05-25,0,0:00-4:00,4882.940714813787,51.82164166666723,5624.431620174099,6553.595010412335
2025-05-25,1,4:00-8:00,879.06787,4571.260685,5624.431620174099,6553.595010412335
2025-05-25,2,8:00-12:00,4316.01235,969.385733333333,5624.431620174099,6553.595010412335
2025-05-25,3,12:00-16:00,2576.8921538816558,0.0,5624.431620174099,6553.595010412335
2025-05-25,4,16:00-20:00,98.80625666666674,4185.286943778897,5624.431620174099,6553.595010412335
2025-05-25,5,20:00-24:00,4150.611858333333,3078.50622,5624.431620174099,6553.595010412335
2025-05-26,0,0:00-4:00,3947.76178954185,37.94182499999977,6553.595010412335,4544.0700931666815
2025-05-26,1,4:00-8:00,897.7417462139916,5202.563348333333,6553.595010412335,4544.0700931666815
2025-05-26,2,8:00-12:00,1347.7078166666668,1718.2853833333334,6553.595010412335,4544.0700931666815
2025-05-26,3,12:00-16:00,4978.631844547332,128.46840666666594,6553.595010412335,4544.0700931666815
2025-05-26,4,16:00-20:00,321.5992850000007,3985.7635657499977,6553.595010412335,4544.0700931666815
2025-05-26,5,20:00-24:00,3772.0380750000004,3100.5891475833328,6553.595010412335,4544.0700931666815
2025-05-27,0,0:00-4:00,5982.413733148128,192.14987666666661,4544.0700931666815,5834.759433696851
2025-05-27,1,4:00-8:00,909.1746883333333,4532.385593333333,4544.0700931666815,5834.759433696851
2025-05-27,2,8:00-12:00,3754.0147,1257.6461333333332,4544.0700931666815,5834.759433696851
2025-05-27,3,12:00-16:00,3690.8394951646155,155.63495000000023,4544.0700931666815,5834.759433696851
2025-05-27,4,16:00-20:00,420.84943697242863,4490.485274370498,4544.0700931666815,5834.759433696851
2025-05-27,5,20:00-24:00,3787.787908333333,3231.5925349999998,4544.0700931666815,5834.759433696851
2025-05-28,0,0:00-4:00,4111.186945892387,52.507105000000024,5834.759433696851,6362.780046045819
2025-05-28,1,4:00-8:00,1028.3993899999998,5137.630916666666,5834.759433696851,6362.780046045819
2025-05-28,2,8:00-12:00,1528.9069999999995,1535.1502499999997,5834.759433696851,6362.780046045819
2025-05-28,3,12:00-16:00,6993.720521996386,26.580833333333317,5834.759433696851,6362.780046045819
2025-05-28,4,16:00-20:00,285.36092236625745,4242.760994083332,5834.759433696851,6362.780046045819
2025-05-28,5,20:00-24:00,3892.9422590833337,2980.970151666667,5834.759433696851,6362.780046045819
2025-05-29,0,0:00-4:00,2584.8160771918865,41.21534999999983,6362.780046045819,4809.992518703704
2025-05-29,1,4:00-8:00,849.882468333333,5319.268488333333,6362.780046045819,4809.992518703704
2025-05-29,2,8:00-12:00,1705.5333833333336,2013.011316666666,6362.780046045819,4809.992518703704
2025-05-29,3,12:00-16:00,5619.779790329219,0.0,6362.780046045819,4809.992518703704
2025-05-29,4,16:00-20:00,80.01992316316921,4521.4396031631695,6362.780046045819,4809.992518703704
2025-05-29,5,20:00-24:00,4018.035349999999,1537.6082802490027,6362.780046045819,4809.992518703704
2025-05-30,0,0:00-4:00,260.0954833333331,362.45559166666686,4809.992518703704,4769.1072519444415
2025-05-30,1,4:00-8:00,375.1067199999995,2649.4476701666667,4809.992518703704,4769.1072519444415
2025-05-30,2,8:00-12:00,9738.76075345679,0.0,4809.992518703704,4769.1072519444415
2025-05-30,3,12:00-16:00,0.0,0.0,4809.992518703704,4769.1072519444415
2025-05-30,4,16:00-20:00,42.70107166666679,6240.258335500179,4809.992518703704,4769.1072519444415
2025-05-30,5,20:00-24:00,3965.674724382715,2434.329532549824,4809.992518703704,4769.1072519444415
2025-05-31,0,0:00-4:00,315.8429616666667,276.52843500000006,4769.1072519444415,5692.8055239051655
2025-05-31,1,4:00-8:00,461.1421949999999,3228.490343416663,4769.1072519444415,5692.8055239051655
2025-05-31,2,8:00-12:00,10251.190462674895,0.0,4769.1072519444415,5692.8055239051655
2025-05-31,3,12:00-16:00,0.0,0.0,4769.1072519444415,5692.8055239051655
2025-05-31,4,16:00-20:00,0.0,5137.858013292178,4769.1072519444415,5692.8055239051655
2025-05-31,5,20:00-24:00,4041.07043597551,2731.884068333333,4769.1072519444415,5692.8055239051655
2025-06-01,0,0:00-4:00,3727.1694739942627,731.676915,5692.8055239051655,3318.570005092592
2025-06-01,1,4:00-8:00,1017.5493366666664,4776.04453501667,5692.8055239051655,3318.570005092592
2025-06-01,2,8:00-12:00,126.07648506172313,2479.4934885333296,5692.8055239051655,3318.570005092592
2025-06-01,3,12:00-16:00,2869.556889999999,1793.0309799999989,5692.8055239051655,3318.570005092592
2025-06-01,4,16:00-20:00,0.0,532.9643234000001,5692.8055239051655,3318.570005092592
2025-06-01,5,20:00-24:00,2875.244625,422.2351416666669,5692.8055239051655,3318.570005092592
2025-06-02,0,0:00-4:00,5846.457025,618.3933083333336,3318.570005092592,3115.2943157407403
2025-06-02,1,4:00-8:00,1248.1039593415644,5286.642958333333,3318.570005092592,3115.2943157407403
2025-06-02,2,8:00-12:00,4763.856844999998,1748.2711352333333,3318.570005092592,3115.2943157407403
2025-06-02,3,12:00-16:00,3611.899457881934,2768.2281352263326,3318.570005092592,3115.2943157407403
2025-06-02,4,16:00-20:00,0.0,4016.1344701080316,3318.570005092592,3115.2943157407403
2025-06-02,5,20:00-24:00,2675.6250833333334,443.49143333333313,3318.570005092592,3115.2943157407403
2025-06-03,0,0:00-4:00,6630.990496399177,593.0754850000002,3115.2943157407403,3981.6144717592592
2025-06-03,1,4:00-8:00,1642.9905633333333,5425.551636666666,3115.2943157407403,3981.6144717592592
2025-06-03,2,8:00-12:00,1510.1835833333332,2407.062420883335,3115.2943157407403,3981.6144717592592
2025-06-03,3,12:00-16:00,6831.593643333333,732.0973200000012,3115.2943157407403,3981.6144717592592
2025-06-03,4,16:00-20:00,0.0,5925.577396666666,3115.2943157407403,3981.6144717592592
2025-06-03,5,20:00-24:00,3222.6582183333335,206.0649691999992,3115.2943157407403,3981.6144717592592
2025-06-04,0,0:00-4:00,6465.015701934156,990.8065216666665,3981.6144717592592,3770.993550740741
2025-06-04,1,4:00-8:00,875.1212449999998,4784.296463333333,3981.6144717592592,3770.993550740741
2025-06-04,2,8:00-12:00,3868.916194999998,2535.8081999999995,3981.6144717592592,3770.993550740741
2025-06-04,3,12:00-16:00,4445.169672777776,1394.649516666666,3981.6144717592592,3770.993550740741
2025-06-04,4,16:00-20:00,42.655185000000984,5512.363502683329,3981.6144717592592,3770.993550740741
2025-06-04,5,20:00-24:00,3055.8283333333325,161.3267543333329,3981.6144717592592,3770.993550740741
2025-06-05,0,0:00-4:00,6634.462511666667,247.53480000000025,3770.993550740741,3473.9437447222217
2025-06-05,1,4:00-8:00,1190.364105843622,4445.203978333333,3770.993550740741,3473.9437447222217
2025-06-05,2,8:00-12:00,5354.837373333333,3352.3761833333324,3770.993550740741,3473.9437447222217
2025-06-05,3,12:00-16:00,5674.005310843629,1638.4706033333327,3770.993550740741,3473.9437447222217
2025-06-05,4,16:00-20:00,358.8992116666677,5018.356041666668,3770.993550740741,3473.9437447222217
2025-06-05,5,20:00-24:00,2859.210025,3443.54383481667,3770.993550740741,3473.9437447222217
2025-06-06,0,0:00-4:00,576.9970549999991,305.501206666667,3473.9437447222217,3727.6698622222207
2025-06-06,1,4:00-8:00,269.8400199999998,2182.1603419166654,3473.9437447222217,3727.6698622222207
2025-06-06,2,8:00-12:00,7886.497649999999,0.0,3473.9437447222217,3727.6698622222207
2025-06-06,3,12:00-16:00,2477.914877880658,480.93835,3473.9437447222217,3727.6698622222207
2025-06-06,4,16:00-20:00,0.0,6998.029403333335,3473.9437447222217,3727.6698622222207
2025-06-06,5,20:00-24:00,3112.4755333333333,1407.2345526666686,3473.9437447222217,3727.6698622222207
2025-06-07,0,0:00-4:00,625.0412016666664,211.757081666666,3727.6698622222207,4011.259928518519
2025-06-07,1,4:00-8:00,315.9841366666667,2106.856946234566,3727.6698622222207,4011.259928518519
2025-06-07,2,8:00-12:00,5790.361716666665,0.0,3727.6698622222207,4011.259928518519
2025-06-07,3,12:00-16:00,3989.243996729921,0.0,3727.6698622222207,4011.259928518519
2025-06-07,4,16:00-20:00,0.0,5969.197671666664,3727.6698622222207,4011.259928518519
2025-06-07,5,20:00-24:00,3159.1824,2699.6061366666704,3727.6698622222207,4011.259928518519
2025-06-08,0,0:00-4:00,7236.29978,153.01691499999993,4011.259928518519,6153.845019247556
2025-06-08,1,4:00-8:00,1458.8710238065823,3039.937622249999,4011.259928518519,6153.845019247556
2025-06-08,2,8:00-12:00,4133.910432716047,1088.7352,4011.259928518519,6153.845019247556
2025-06-08,3,12:00-16:00,747.1615020576124,605.2008166666664,4011.259928518519,6153.845019247556
2025-06-08,4,16:00-20:00,68.15123965777376,4091.2176616666643,4011.259928518519,6153.845019247556
2025-06-08,5,20:00-24:00,3698.9298866666663,3141.657533333333,4011.259928518519,6153.845019247556
2025-06-09,0,0:00-4:00,4663.979221391604,154.56558333333362,6153.845019247556,5114.968667499991
2025-06-09,1,4:00-8:00,1708.0760316872438,3592.219148333333,6153.845019247556,5114.968667499991
2025-06-09,2,8:00-12:00,5701.092461666666,2798.0059666666666,6153.845019247556,5114.968667499991
2025-06-09,3,12:00-16:00,2360.768331769542,965.141816666667,6153.845019247556,5114.968667499991
2025-06-09,4,16:00-20:00,133.56304833333252,4813.188908333335,6153.845019247556,5114.968667499991
2025-06-09,5,20:00-24:00,3668.913693333333,3383.3454516666666,6153.845019247556,5114.968667499991
2025-06-10,0,0:00-4:00,5880.522767222231,78.79910000000018,5114.968667499991,5976.9773332222185
2025-06-10,1,4:00-8:00,1809.8962738888893,3040.87358166667,5114.968667499991,5976.9773332222185
2025-06-10,2,8:00-12:00,5798.893718333333,3557.891833333333,5114.968667499991,5976.9773332222185
2025-06-10,3,12:00-16:00,2471.6245914814904,1134.2665400000005,5114.968667499991,5976.9773332222185
2025-06-10,4,16:00-20:00,7.938239999999951,4280.488195,5114.968667499991,5976.9773332222185
2025-06-10,5,20:00-24:00,3765.659049999999,3116.84601,5114.968667499991,5976.9773332222185
2025-06-11,0,0:00-4:00,5230.252740864202,0.0,5976.9773332222185,5602.218912296298
2025-06-11,1,4:00-8:00,181.12442065843575,4292.022286616667,5976.9773332222185,5602.218912296298
2025-06-11,2,8:00-12:00,4493.472431666667,4390.472814116665,5976.9773332222185,5602.218912296298
2025-06-11,3,12:00-16:00,8451.48876174897,1845.4185666666658,5976.9773332222185,5602.218912296298
2025-06-11,4,16:00-20:00,91.57007613168857,4903.7531033333335,5976.9773332222185,5602.218912296298
2025-06-11,5,20:00-24:00,3824.36374,2946.1562666666664,5976.9773332222185,5602.218912296298
2025-06-12,0,0:00-4:00,4847.119333282707,484.7249783333335,5602.218912296298,5876.371038499998
2025-06-12,1,4:00-8:00,2215.353831666667,3067.6353414256605,5602.218912296298,5876.371038499998
2025-06-12,2,8:00-12:00,5219.5174566666665,3107.5907666666662,5602.218912296298,5876.371038499998
2025-06-12,3,12:00-16:00,3744.5968747530833,2179.4788466666655,5602.218912296298,5876.371038499998
2025-06-12,4,16:00-20:00,577.9086199999997,4281.0661316666665,5602.218912296298,5876.371038499998
2025-06-12,5,20:00-24:00,3683.332075,3065.9078566666662,5602.218912296298,5876.371038499998
2025-06-13,0,0:00-4:00,514.6832100000004,313.7951900000005,5876.371038499998,5628.21410944333
2025-06-13,1,4:00-8:00,32.54116666666664,4040.1835083999977,5876.371038499998,5628.21410944333
2025-06-13,2,8:00-12:00,6111.061833333333,13.859816666666688,5876.371038499998,5628.21410944333
2025-06-13,3,12:00-16:00,4204.805864588475,42.16297833333306,5876.371038499998,5628.21410944333
2025-06-13,4,16:00-20:00,67.83759298230461,4640.987122900004,5876.371038499998,5628.21410944333
2025-06-13,5,20:00-24:00,3944.364441666666,3221.340848333333,5876.371038499998,5628.21410944333
2025-06-14,0,0:00-4:00,249.63690333333352,440.06373999999977,5628.21410944333,5805.478828609046
2025-06-14,1,4:00-8:00,120.45668333333322,3777.2271956989975,5628.21410944333,5805.478828609046
2025-06-14,2,8:00-12:00,9071.136466666667,0.0,5628.21410944333,5805.478828609046
2025-06-14,3,12:00-16:00,1511.7307333333313,0.0,5628.21410944333,5805.478828609046
2025-06-14,4,16:00-20:00,46.76649382716075,4342.497027751855,5628.21410944333,5805.478828609046
2025-06-14,5,20:00-24:00,3726.9858499999996,3209.3114250000003,5628.21410944333,5805.478828609046
2025-06-15,0,0:00-4:00,5536.1334487883,133.31800166666665,5805.478828609046,8050.672514648149
2025-06-15,1,4:00-8:00,1460.862085761318,2393.6138665999983,5805.478828609046,8050.672514648149
2025-06-15,2,8:00-12:00,4057.7706237242746,3674.467938333333,5805.478828609046,8050.672514648149
2025-06-15,3,12:00-16:00,3626.0266123251026,1194.9732833333333,5805.478828609046,8050.672514648149
2025-06-15,4,16:00-20:00,45.48940499999992,3454.618446716667,5805.478828609046,8050.672514648149
2025-06-15,5,20:00-24:00,4744.716718333333,2899.843249999999,5805.478828609046,8050.672514648149
2025-06-16,0,0:00-4:00,3054.808317057611,0.0,8050.672514648149,8161.341269537036
2025-06-16,1,4:00-8:00,833.9122219958858,2609.8255916666667,8050.672514648149,8161.341269537036
2025-06-16,2,8:00-12:00,5381.997845,3804.8519333333325,8050.672514648149,8161.341269537036
2025-06-16,3,12:00-16:00,3635.3518530041156,1564.8446301999998,8050.672514648149,8161.341269537036
2025-06-16,4,16:00-20:00,25.15277166666658,3660.1096902166655,8050.672514648149,8161.341269537036
2025-06-16,5,20:00-24:00,5011.076774999998,2794.0291,8050.672514648149,8161.341269537036
2025-06-17,0,0:00-4:00,2499.5833405144053,386.3253083333326,8161.341269537036,6402.3147478008705
2025-06-17,1,4:00-8:00,1542.917918991765,3242.660108333333,8161.341269537036,6402.3147478008705
2025-06-17,2,8:00-12:00,4142.113206666667,3186.7042999999994,8161.341269537036,6402.3147478008705
2025-06-17,3,12:00-16:00,5844.717289979428,3165.8092549999988,8161.341269537036,6402.3147478008705
2025-06-17,4,16:00-20:00,856.1705969958867,4346.213263662554,8161.341269537036,6402.3147478008705
2025-06-17,5,20:00-24:00,4486.378238333334,2946.6349133333333,8161.341269537036,6402.3147478008705
2025-06-18,0,0:00-4:00,4956.552595036071,56.890875000000165,6402.3147478008705,7336.751417796297
2025-06-18,1,4:00-8:00,406.62454409465215,4183.214291666667,6402.3147478008705,7336.751417796297
2025-06-18,2,8:00-12:00,5072.3443333333325,2700.2017499999997,6402.3147478008705,7336.751417796297
2025-06-18,3,12:00-16:00,4184.538546440326,944.0249716666656,6402.3147478008705,7336.751417796297
2025-06-18,4,16:00-20:00,34.82412479423787,4135.91534,6402.3147478008705,7336.751417796297
2025-06-18,5,20:00-24:00,4842.03786,2931.266591666667,6402.3147478008705,7336.751417796297
2025-06-19,0,0:00-4:00,3319.365725,103.46049166666648,7336.751417796297,7658.618915609739
2025-06-19,1,4:00-8:00,1019.6402272324607,4102.756311666666,7336.751417796297,7658.618915609739
2025-06-19,2,8:00-12:00,5518.085516666666,3358.6902166666664,7336.751417796297,7658.618915609739
2025-06-19,3,12:00-16:00,4169.136280874528,679.4137333333335,7336.751417796297,7658.618915609739
2025-06-19,4,16:00-20:00,124.2804103292184,3968.21670048457,7336.751417796297,7658.618915609739
2025-06-19,5,20:00-24:00,4862.115784567902,2898.007193333333,7336.751417796297,7658.618915609739
2025-06-20,0,0:00-4:00,1011.3823750000001,680.064105715433,7658.618915609739,7619.297904240743
2025-06-20,1,4:00-8:00,391.31851000000006,4569.238961666667,7658.618915609739,7619.297904240743
2025-06-20,2,8:00-12:00,8568.343612942384,0.0,7658.618915609739,7619.297904240743
2025-06-20,3,12:00-16:00,0.0,0.0,7658.618915609739,7619.297904240743
2025-06-20,4,16:00-20:00,93.69623862139879,3588.4245699499993,7658.618915609739,7619.297904240743
2025-06-20,5,20:00-24:00,4533.5518483333335,3022.2782666666662,7658.618915609739,7619.297904240743
2025-06-21,0,0:00-4:00,307.80512000000033,711.1591788166703,7619.297904240743,8152.078791407406
2025-06-21,1,4:00-8:00,220.56061833333325,4933.2941949999995,7619.297904240743,8152.078791407406
2025-06-21,2,8:00-12:00,9974.208656728399,0.0,7619.297904240743,8152.078791407406
2025-06-21,3,12:00-16:00,0.0,0.0,7619.297904240743,8152.078791407406
2025-06-21,4,16:00-20:00,44.95781893004094,3674.7193499999994,7619.297904240743,8152.078791407406
2025-06-21,5,20:00-24:00,4912.17176,2723.684696666669,7619.297904240743,8152.078791407406
2025-06-22,0,0:00-4:00,2726.184917901236,318.64086,8152.078791407406,7425.509627500003
2025-06-22,1,4:00-8:00,1220.5892947530917,2860.6956416666667,8152.078791407406,7425.509627500003
2025-06-22,2,8:00-12:00,5434.861761913578,2036.659549999999,8152.078791407406,7425.509627500003
2025-06-22,3,12:00-16:00,2044.4815816666662,2000.9037199999998,8152.078791407406,7425.509627500003
2025-06-22,4,16:00-20:00,438.35757687242983,3753.4480600000006,8152.078791407406,7425.509627500003
2025-06-22,5,20:00-24:00,4448.5403,2897.1069166666666,8152.078791407406,7425.509627500003
2025-06-23,0,0:00-4:00,3460.7017788888843,299.6308733333334,7425.509627500003,7532.546791203703
2025-06-23,1,4:00-8:00,1133.3695856172842,4044.781081666666,7425.509627500003,7532.546791203703
2025-06-23,2,8:00-12:00,4955.582721666666,2705.5217999999995,7425.509627500003,7532.546791203703
2025-06-23,3,12:00-16:00,4893.732470802468,2036.8856233333336,7425.509627500003,7532.546791203703
2025-06-23,4,16:00-20:00,589.0670976543182,3965.2720533333336,7425.509627500003,7532.546791203703
2025-06-23,5,20:00-24:00,4702.858541666666,2837.178,7425.509627500003,7532.546791203703
2025-06-24,0,0:00-4:00,3459.883586995887,185.80941666666706,7532.546791203703,5543.301526500001
2025-06-24,1,4:00-8:00,450.1235050823003,5258.18548,7532.546791203703,5543.301526500001
2025-06-24,2,8:00-12:00,3126.977723333333,3422.4029599999994,7532.546791203703,5543.301526500001
2025-06-24,3,12:00-16:00,5658.794323662557,2134.8430133333327,7532.546791203703,5543.301526500001
2025-06-24,4,16:00-20:00,302.13907716604945,4089.1438821660504,7532.546791203703,5543.301526500001
2025-06-24,5,20:00-24:00,4825.890585,1137.2211150717897,7532.546791203703,5543.301526500001
2025-06-25,0,0:00-4:00,5267.967149999998,236.4336649999999,5543.301526500001,7723.054054398723
2025-06-25,1,4:00-8:00,1543.1114172954426,3237.8773366666665,5543.301526500001,7723.054054398723
2025-06-25,2,8:00-12:00,4390.103973333335,3889.1880333333324,5543.301526500001,7723.054054398723
2025-06-25,3,12:00-16:00,5413.982925811549,1363.7563666666665,5543.301526500001,7723.054054398723
2025-06-25,4,16:00-20:00,31.771140226335547,3547.6579117078168,5543.301526500001,7723.054054398723
2025-06-25,5,20:00-24:00,4609.195541666667,2980.7764516666666,5543.301526500001,7723.054054398723
2025-06-26,0,0:00-4:00,2556.9128456886647,0.0,7723.054054398723,6787.548665831481
2025-06-26,1,4:00-8:00,1946.8009530658435,2243.8802944999993,7723.054054398723,6787.548665831481
2025-06-26,2,8:00-12:00,4557.839157695468,3957.0764833333333,7723.054054398723,6787.548665831481
2025-06-26,3,12:00-16:00,2700.223766440338,556.8310166666668,7723.054054398723,6787.548665831481
2025-06-26,4,16:00-20:00,0.0,4321.73530649999,7723.054054398723,6787.548665831481
2025-06-26,5,20:00-24:00,4420.714731376533,2870.249826666666,7723.054054398723,6787.548665831481
2025-06-27,0,0:00-4:00,450.08098166666724,299.9274500000001,6787.548665831481,7715.92630338889
2025-06-27,1,4:00-8:00,142.61236666666656,4876.355934248334,6787.548665831481,7715.92630338889
2025-06-27,2,8:00-12:00,10256.059225740742,0.0,6787.548665831481,7715.92630338889
2025-06-27,3,12:00-16:00,0.0,0.0,6787.548665831481,7715.92630338889
2025-06-27,4,16:00-20:00,86.1251446090537,3827.9041533333334,6787.548665831481,7715.92630338889
2025-06-27,5,20:00-24:00,4958.846925,3034.1895499999996,6787.548665831481,7715.92630338889
2025-06-28,0,0:00-4:00,859.1670308771947,808.3574005938624,7715.92630338889,7942.724042703708
2025-06-28,1,4:00-8:00,51.93415166666648,4883.531743333333,7715.92630338889,7942.724042703708
2025-06-28,2,8:00-12:00,9214.685516666666,0.0,7715.92630338889,7942.724042703708
2025-06-28,3,12:00-16:00,327.98548705761476,48.99002666666672,7715.92630338889,7942.724042703708
2025-06-28,4,16:00-20:00,299.3974333197558,3720.481871780152,7715.92630338889,7942.724042703708
2025-06-28,5,20:00-24:00,4640.607284999999,2803.480284958847,7715.92630338889,7942.724042703708
2025-06-29,0,0:00-4:00,3174.7510636625498,0.0,7942.724042703708,8275.769560629627
2025-06-29,1,4:00-8:00,949.3926627571983,2273.5976702166686,7942.724042703708,8275.769560629627
2025-06-29,2,8:00-12:00,5887.179941666666,3653.885416666667,7942.724042703708,8275.769560629627
2025-06-29,3,12:00-16:00,978.5234493415616,402.7447166666665,7942.724042703708,8275.769560629627
2025-06-29,4,16:00-20:00,0.0,3542.8505771166724,7942.724042703708,8275.769560629627
2025-06-29,5,20:00-24:00,5122.556201666666,2878.2273416666667,7942.724042703708,8275.769560629627
2025-06-30,0,0:00-4:00,2293.7088181893005,268.41543000000024,8275.769560629627,7478.170370814808
2025-06-30,1,4:00-8:00,1253.373129711938,3655.3517716666665,8275.769560629627,7478.170370814808
2025-06-30,2,8:00-12:00,4434.3525500000005,3697.715033333333,8275.769560629627,7478.170370814808
2025-06-30,3,12:00-16:00,5022.051897695476,727.6080716666672,8275.769560629627,7478.170370814808
2025-06-30,4,16:00-20:00,321.5364835185182,4156.887915,8275.769560629627,7478.170370814808
2025-06-30,5,20:00-24:00,4508.452708333333,2656.9762749999995,8275.769560629627,7478.170370814808
2025-07-01,0,0:00-4:00,2375.8008264398377,1975.7024450000004,7478.170370814808,3956.666072962963
2025-07-01,1,4:00-8:00,1714.145446666666,4081.439272253019,7478.170370814808,3956.666072962963
2025-07-01,2,8:00-12:00,4818.222353333333,2906.068097696576,7478.170370814808,3956.666072962963
2025-07-01,3,12:00-16:00,6759.5732700000035,924.7534300000002,7478.170370814808,3956.666072962963
2025-07-01,4,16:00-20:00,273.9612079423779,4931.919593333331,7478.170370814808,3956.666072962963
2025-07-01,5,20:00-24:00,2960.9547333333326,3660.623878333333,7478.170370814808,3956.666072962963
2025-07-02,0,0:00-4:00,5425.632769876554,1189.7276099999997,3956.666072962963,3566.100333703703
2025-07-02,1,4:00-8:00,903.889048333333,4942.217217449997,3956.666072962963,3566.100333703703
2025-07-02,2,8:00-12:00,5278.456008374491,1475.9673109666796,3956.666072962963,3566.100333703703
2025-07-02,3,12:00-16:00,5550.685843477363,131.60490000000004,3956.666072962963,3566.100333703703
2025-07-02,4,16:00-20:00,9.835833333333085,6099.517011893004,3956.666072962963,3566.100333703703
2025-07-02,5,20:00-24:00,2966.169866666666,2821.5573047736657,3956.666072962963,3566.100333703703
2025-07-03,0,0:00-4:00,4694.880834218105,900.242253333333,3566.100333703703,3628.0101365740743
2025-07-03,1,4:00-8:00,1881.5832716666666,3378.1770064000016,3566.100333703703,3628.0101365740743
2025-07-03,2,8:00-12:00,3994.120078251034,3178.006966366663,3566.100333703703,3628.0101365740743
2025-07-03,3,12:00-16:00,6914.1658894738575,1352.5397166666671,3566.100333703703,3628.0101365740743
2025-07-03,4,16:00-20:00,30.68833333333305,5733.987567283124,3566.100333703703,3628.0101365740743
2025-07-03,5,20:00-24:00,2817.125625000001,1870.704533240707,3566.100333703703,3628.0101365740743
2025-07-04,0,0:00-4:00,117.81327499999998,1521.4110649999996,3628.0101365740743,3673.952143148147
2025-07-04,1,4:00-8:00,191.00619999999992,759.2268106666664,3628.0101365740743,3673.952143148147
2025-07-04,2,8:00-12:00,10475.660466666668,0.0,3628.0101365740743,3673.952143148147
2025-07-04,3,12:00-16:00,0.0,83.70323333333329,3628.0101365740743,3673.952143148147
2025-07-04,4,16:00-20:00,103.93086820987742,5325.12106355967,3628.0101365740743,3673.952143148147
2025-07-04,5,20:00-24:00,2839.148181499999,3388.51280453866,3628.0101365740743,3673.952143148147
2025-07-05,0,0:00-4:00,684.6049266666664,167.19935666666652,3673.952143148147,3638.707638611111
2025-07-05,1,4:00-8:00,237.83256000000006,2694.878998366665,3673.952143148147,3638.707638611111
2025-07-05,2,8:00-12:00,10528.823533333334,0.0,3673.952143148147,3638.707638611111
2025-07-05,3,12:00-16:00,0.0,34.63782499999991,3673.952143148147,3638.707638611111
2025-07-05,4,16:00-20:00,17.35096333333354,5838.525722016666,3673.952143148147,3638.707638611111
2025-07-05,5,20:00-24:00,2983.595353333334,3002.766094733338,3673.952143148147,3638.707638611111
2025-07-06,0,0:00-4:00,5363.5973409876515,25.749100000000226,3638.707638611111,3832.0374658555547
2025-07-06,1,4:00-8:00,1040.8080610905354,4707.982328333334,3638.707638611111,3832.0374658555547
2025-07-06,2,8:00-12:00,3395.491483333333,2653.009617099994,3638.707638611111,3832.0374658555547
2025-07-06,3,12:00-16:00,5094.411176255146,2621.634944999999,3638.707638611111,3832.0374658555547
2025-07-06,4,16:00-20:00,8.098749999999882,4257.410401766668,3638.707638611111,3832.0374658555547
2025-07-06,5,20:00-24:00,2982.967400333333,47.36987499999998,3638.707638611111,3832.0374658555547
2025-07-07,0,0:00-4:00,5163.100781827161,856.5492883333329,3832.0374658555547,3718.63763925926
2025-07-07,1,4:00-8:00,922.717531666667,4881.39792425,3832.0374658555547,3718.63763925926
2025-07-07,2,8:00-12:00,3430.2235516666633,1573.2891906166662,3832.0374658555547,3718.63763925926
2025-07-07,3,12:00-16:00,5846.079891707817,211.78999999999996,3832.0374658555547,3718.63763925926
2025-07-07,4,16:00-20:00,499.9287083333336,4485.312633583335,3832.0374658555547,3718.63763925926
2025-07-07,5,20:00-24:00,2870.6469750000006,3267.2057337166566,3832.0374658555547,3718.63763925926
2025-07-08,0,0:00-4:00,7453.613566666667,54.45749999999998,3718.63763925926,6414.440904981483
2025-07-08,1,4:00-8:00,513.3713609053451,4907.052209649999,3718.63763925926,6414.440904981483
2025-07-08,2,8:00-12:00,5242.555983333333,3046.3533833333336,3718.63763925926,6414.440904981483
2025-07-08,3,12:00-16:00,5614.211888662553,866.1505499999997,3718.63763925926,6414.440904981483
2025-07-08,4,16:00-20:00,50.25205000000028,3887.796338333332,3718.63763925926,6414.440904981483
2025-07-08,5,20:00-24:00,3906.8640316666642,3264.4708733333327,3718.63763925926,6414.440904981483
2025-07-09,0,0:00-4:00,2501.812092345693,5.696666666666715,6414.440904981483,5754.739106656051
2025-07-09,1,4:00-8:00,1422.9126866666666,3648.1143533333316,6414.440904981483,5754.739106656051
2025-07-09,2,8:00-12:00,5013.677128045276,2358.8981499999995,6414.440904981483,5754.739106656051
2025-07-09,3,12:00-16:00,4338.173614156354,794.3138166666665,6414.440904981483,5754.739106656051
2025-07-09,4,16:00-20:00,0.0,4625.001054640388,6414.440904981483,5754.739106656051
2025-07-09,5,20:00-24:00,3898.6492497500003,3073.6396416666657,6414.440904981483,5754.739106656051
2025-07-10,0,0:00-4:00,4575.957195382169,28.991340000000037,5754.739106656051,5558.005550765742
2025-07-10,1,4:00-8:00,1078.7272190329204,5093.049824083335,5754.739106656051,5558.005550765742
2025-07-10,2,8:00-12:00,5336.085607942386,2650.878716666666,5754.739106656051,5558.005550765742
2025-07-10,3,12:00-16:00,4930.447839485599,663.7659949999991,5754.739106656051,5558.005550765742
2025-07-10,4,16:00-20:00,206.05347318930427,4647.396212016667,5754.739106656051,5558.005550765742
2025-07-10,5,20:00-24:00,3811.351295583333,3243.2624433333326,5754.739106656051,5558.005550765742
2025-07-11,0,0:00-4:00,403.55726833333324,327.6299683333334,5558.005550765742,5737.617606035186
2025-07-11,1,4:00-8:00,198.30419999999953,4024.6388182058336,5558.005550765742,5737.617606035186
2025-07-11,2,8:00-12:00,8046.6884,0.0,5558.005550765742,5737.617606035186
2025-07-11,3,12:00-16:00,2549.059749999997,0.0,5558.005550765742,5737.617606035186
2025-07-11,4,16:00-20:00,49.616698551280805,4701.486435576539,5558.005550765742,5737.617606035186
2025-07-11,5,20:00-24:00,3620.322164833333,2827.308198333333,5558.005550765742,5737.617606035186
2025-07-12,0,0:00-4:00,212.44198500000005,926.3972874561365,5737.617606035186,5850.953888582225
2025-07-12,1,4:00-8:00,63.142051666666646,3361.556272175532,5737.617606035186,5850.953888582225
2025-07-12,2,8:00-12:00,9009.828566666665,0.0,5737.617606035186,5850.953888582225
2025-07-12,3,12:00-16:00,1633.2265500000017,119.10980333333293,5737.617606035186,5850.953888582225
2025-07-12,4,16:00-20:00,225.3676336940322,4598.895020400001,5737.617606035186,5850.953888582225
2025-07-12,5,20:00-24:00,3741.9607018500014,2949.6726283333333,5737.617606035186,5850.953888582225
2025-07-13,0,0:00-4:00,4497.665032130856,0.0,5850.953888582225,6208.367194182669
2025-07-13,1,4:00-8:00,1391.7385683333396,3609.497099516661,5850.953888582225,6208.367194182669
2025-07-13,2,8:00-12:00,4838.016955205754,2273.9651499999995,5850.953888582225,6208.367194182669
2025-07-13,3,12:00-16:00,2491.5435675308677,369.75719000000026,5850.953888582225,6208.367194182669
2025-07-13,4,16:00-20:00,34.68106995884586,4103.453144652264,5850.953888582225,6208.367194182669
2025-07-13,5,20:00-24:00,3712.3522749999997,3064.11339,5850.953888582225,6208.367194182669
2025-07-14,0,0:00-4:00,3660.4418100439498,88.7477316666666,6208.367194182669,6145.4897447592575
2025-07-14,1,4:00-8:00,1736.6999913316886,4258.398586666666,6208.367194182669,6145.4897447592575
2025-07-14,2,8:00-12:00,4722.968383333334,2004.440666666666,6208.367194182669,6145.4897447592575
2025-07-14,3,12:00-16:00,2950.736659203297,103.32943333333333,6208.367194182669,6145.4897447592575
2025-07-14,4,16:00-20:00,0.0,4129.482649800001,6208.367194182669,6145.4897447592575
2025-07-14,5,20:00-24:00,3900.5095083333335,3218.989281666667,6208.367194182669,6145.4897447592575
2025-07-15,0,0:00-4:00,5196.666744506175,20.24083333333317,6145.4897447592575,9850.310352648601
2025-07-15,1,4:00-8:00,282.99994584362184,4597.4692583333335,6145.4897447592575,9850.310352648601
2025-07-15,2,8:00-12:00,6101.698386666667,1581.6237500000002,6145.4897447592575,9850.310352648601
2025-07-15,3,12:00-16:00,1832.0528917695551,476.4754833333334,6145.4897447592575,9850.310352648601
2025-07-15,4,16:00-20:00,46.90549030864325,2581.22399445,6145.4897447592575,9850.310352648601
2025-07-15,5,20:00-24:00,5156.653960000001,2488.3798429162566,6145.4897447592575,9850.310352648601
2025-07-16,0,0:00-4:00,1764.587270390443,574.5950063999994,9850.310352648601,7804.655990634257
2025-07-16,1,4:00-8:00,1493.8371046316906,3962.6258391008373,9850.310352648601,7804.655990634257
2025-07-16,2,8:00-12:00,5319.056955986628,1555.8183499999996,9850.310352648601,7804.655990634257
2025-07-16,3,12:00-16:00,366.73866255143975,297.05831666666654,9850.310352648601,7804.655990634257
2025-07-16,4,16:00-20:00,118.9965503703701,3977.9095626666667,9850.310352648601,7804.655990634257
2025-07-16,5,20:00-24:00,4940.283010416666,2815.9164899999996,9850.310352648601,7804.655990634257
2025-07-17,0,0:00-4:00,3328.1600104063823,0.0,7804.655990634257,9743.885756894837
2025-07-17,1,4:00-8:00,30.287314814815748,5062.022104199998,7804.655990634257,9743.885756894837
2025-07-17,2,8:00-12:00,5971.693816666666,2836.7979000000005,7804.655990634257,9743.885756894837
2025-07-17,3,12:00-16:00,4557.866733786002,654.656766666667,7804.655990634257,9743.885756894837
2025-07-17,4,16:00-20:00,186.8986148148172,2281.089874666667,7804.655990634257,9743.885756894837
2025-07-17,5,20:00-24:00,4582.378496666667,2532.5274044279795,7804.655990634257,9743.885756894837
2025-07-18,0,0:00-4:00,1568.2265151168453,840.6263915220184,9743.885756894837,8422.247633888888
2025-07-18,1,4:00-8:00,324.34414000000027,5540.277116666666,9743.885756894837,8422.247633888888
2025-07-18,2,8:00-12:00,7158.548267084795,0.0,9743.885756894837,8422.247633888888
2025-07-18,3,12:00-16:00,0.0,44.47397166666644,9743.885756894837,8422.247633888888
2025-07-18,4,16:00-20:00,185.05724353909721,3320.6410349999946,9743.885756894837,8422.247633888888
2025-07-18,5,20:00-24:00,4728.886289999994,2755.1563850000002,9743.885756894837,8422.247633888888
2025-07-19,0,0:00-4:00,2820.8042433333335,599.7447758582579,8422.247633888888,8453.425851007225
2025-07-19,1,4:00-8:00,737.4158349999998,4939.352303833332,8422.247633888888,8453.425851007225
2025-07-19,2,8:00-12:00,5922.118451532824,0.0,8422.247633888888,8453.425851007225
2025-07-19,3,12:00-16:00,0.0,0.0,8422.247633888888,8453.425851007225
2025-07-19,4,16:00-20:00,63.27313712736811,3347.1605565833315,8422.247633888888,8453.425851007225
2025-07-19,5,20:00-24:00,4907.265475,2790.892453333333,8422.247633888888,8453.425851007225
2025-07-20,0,0:00-4:00,2607.304609991966,0.0,8453.425851007225,8884.88319168496
2025-07-20,1,4:00-8:00,205.04405000000042,3634.559486250003,8453.425851007225,8884.88319168496
2025-07-20,2,8:00-12:00,3608.221362160494,2008.6769,8453.425851007225,8884.88319168496
2025-07-20,3,12:00-16:00,3576.336072921814,342.34081666666634,8453.425851007225,8884.88319168496
2025-07-20,4,16:00-20:00,119.61660594650215,2939.3504747168736,8453.425851007225,8884.88319168496
2025-07-20,5,20:00-24:00,4818.859141666667,2784.4200083333335,8453.425851007225,8884.88319168496
2025-07-21,0,0:00-4:00,2127.9075647944883,0.0,8884.88319168496,9690.059226217652
2025-07-21,1,4:00-8:00,198.01034500000048,3894.0082629500007,8884.88319168496,9690.059226217652
2025-07-21,2,8:00-12:00,5980.843233333333,2550.788733333333,8884.88319168496,9690.059226217652
2025-07-21,3,12:00-16:00,2288.6169314814797,413.85411666666676,8884.88319168496,9690.059226217652
2025-07-21,4,16:00-20:00,194.6808113374484,2491.934858187446,8884.88319168496,9690.059226217652
2025-07-21,5,20:00-24:00,5078.333493333332,2778.153425,8884.88319168496,9690.059226217652
2025-07-22,0,0:00-4:00,1803.454401017088,597.3532281433934,9690.059226217652,8206.288735666669
2025-07-22,1,4:00-8:00,1777.3209150000005,3705.2364193166686,9690.059226217652,8206.288735666669
2025-07-22,2,8:00-12:00,4251.666250226341,1890.5944833333328,9690.059226217652,8206.288735666669
2025-07-22,3,12:00-16:00,2447.3354837946436,1134.4885833333333,9690.059226217652,8206.288735666669
2025-07-22,4,16:00-20:00,15.324110000000019,3303.558294764165,9690.059226217652,8206.288735666669
2025-07-22,5,20:00-24:00,4677.123729749999,2831.664593333333,9690.059226217652,8206.288735666669
2025-07-23,0,0:00-4:00,2881.9014048148115,0.0,8206.288735666669,7421.271862959077
2025-07-23,1,4:00-8:00,118.10433666666654,5017.483182205838,8206.288735666669,7421.271862959077
2025-07-23,2,8:00-12:00,5985.322333333333,2520.525083333333,8206.288735666669,7421.271862959077
2025-07-23,3,12:00-16:00,4304.297976756176,892.2486983333326,8206.288735666669,7421.271862959077
2025-07-23,4,16:00-20:00,13.819572386831283,4185.456287392664,8206.288735666669,7421.271862959077
2025-07-23,5,20:00-24:00,4767.820228916666,2728.5272749999995,8206.288735666669,7421.271862959077
2025-07-24,0,0:00-4:00,3057.1570133333335,5.919774999999845,7421.271862959077,7923.326139563373
2025-07-24,1,4:00-8:00,1170.9916875557606,4024.9344307999977,7421.271862959077,7923.326139563373
2025-07-24,2,8:00-12:00,5334.96254761317,1501.8965833333332,7421.271862959077,7923.326139563373
2025-07-24,3,12:00-16:00,1662.8144375128268,1285.1792833333334,7421.271862959077,7923.326139563373
2025-07-24,4,16:00-20:00,728.1987446120987,3821.3361662141588,7421.271862959077,7923.326139563373
2025-07-24,5,20:00-24:00,5037.157961502057,2671.82365,7421.271862959077,7923.326139563373
2025-07-25,0,0:00-4:00,2900.0610350000015,44.83297673393315,7923.326139563373,8642.523841582146
2025-07-25,1,4:00-8:00,652.9280250000002,5065.584055607035,7923.326139563373,8642.523841582146
2025-07-25,2,8:00-12:00,5952.472059424608,0.0,7923.326139563373,8642.523841582146
2025-07-25,3,12:00-16:00,0.0,0.0,7923.326139563373,8642.523841582146
2025-07-25,4,16:00-20:00,0.0,3257.0517281185703,7923.326139563373,8642.523841582146
2025-07-25,5,20:00-24:00,5079.51641425,2799.08511,7923.326139563373,8642.523841582146
2025-07-26,0,0:00-4:00,2397.1957315753893,0.0,8642.523841582146,8630.800402626895
2025-07-26,1,4:00-8:00,638.0079866666662,5570.2527757572625,8642.523841582146,8630.800402626895
2025-07-26,2,8:00-12:00,6238.847292046003,0.0,8642.523841582146,8630.800402626895
2025-07-26,3,12:00-16:00,0.0,0.0,8642.523841582146,8630.800402626895
2025-07-26,4,16:00-20:00,35.42695473251085,3187.312059135795,8642.523841582146,8630.800402626895
2025-07-26,5,20:00-24:00,4949.180376337448,2802.499516666666,8642.523841582146,8630.800402626895
2025-07-27,0,0:00-4:00,2379.503889946708,0.0,8630.800402626895,8415.080355703702
2025-07-27,1,4:00-8:00,111.93843017978604,5198.574255,8630.800402626895,8415.080355703702
2025-07-27,2,8:00-12:00,5650.784224806745,3204.8463499999993,8630.800402626895,8415.080355703702
2025-07-27,3,12:00-16:00,5665.629145563626,828.6628666666661,8630.800402626895,8415.080355703702
2025-07-27,4,16:00-20:00,28.312105349795175,3648.770773333333,8630.800402626895,8415.080355703702
2025-07-27,5,20:00-24:00,5152.666246666667,2694.2493716666672,8630.800402626895,8415.080355703702
2025-07-28,0,0:00-4:00,2649.9107158847764,0.0,8415.080355703702,10358.864577511886
2025-07-28,1,4:00-8:00,253.77417500000035,4253.1347029,8415.080355703702,10358.864577511886
2025-07-28,2,8:00-12:00,5097.08262,3529.4589166666665,8415.080355703702,10358.864577511886
2025-07-28,3,12:00-16:00,5208.509813518518,770.4933333333332,8415.080355703702,10358.864577511886
2025-07-28,4,16:00-20:00,301.2003290243034,1705.7527938121398,8415.080355703702,10358.864577511886
2025-07-28,5,20:00-24:00,3906.842965510057,2099.7841550000003,8415.080355703702,10358.864577511886
2025-07-29,0,0:00-4:00,1388.3970020992642,727.579691461103,10358.864577511886,8324.81518761826
2025-07-29,1,4:00-8:00,1510.117076666667,3349.3891904000043,10358.864577511886,8324.81518761826
2025-07-29,2,8:00-12:00,3559.7188217010817,3174.269083333332,10358.864577511886,8324.81518761826
2025-07-29,3,12:00-16:00,3901.448060973827,743.0817333333337,10358.864577511886,8324.81518761826
2025-07-29,4,16:00-20:00,38.68041590509722,3385.6786462808614,10358.864577511886,8324.81518761826
2025-07-29,5,20:00-24:00,4887.06895875,2831.8446783333334,10358.864577511886,8324.81518761826
2025-07-30,0,0:00-4:00,2816.3596269262166,53.58496666666656,8324.81518761826,7894.322411907409
2025-07-30,1,4:00-8:00,118.44517499999995,3971.463713866662,8324.81518761826,7894.322411907409
2025-07-30,2,8:00-12:00,5232.33165,3243.9753999999994,8324.81518761826,7894.322411907409
2025-07-30,3,12:00-16:00,3932.6957134773597,409.51637166666615,8324.81518761826,7894.322411907409
2025-07-30,4,16:00-20:00,245.32095730452414,3820.390426666666,8324.81518761826,7894.322411907409
2025-07-30,5,20:00-24:00,4779.569170370371,2759.5376766666664,8324.81518761826,7894.322411907409
2025-07-31,0,0:00-4:00,3228.530653436214,0.0,7894.322411907409,8985.602550730677
2025-07-31,1,4:00-8:00,1106.8574680609095,2899.1968977,7894.322411907409,8985.602550730677
2025-07-31,2,8:00-12:00,5570.082823333333,3194.3920666666654,7894.322411907409,8985.602550730677
2025-07-31,3,12:00-16:00,2049.738800416457,1007.3200583333335,7894.322411907409,8985.602550730677
2025-07-31,4,16:00-20:00,122.02234553498,2890.5391427257223,7894.322411907409,8985.602550730677
2025-07-31,5,20:00-24:00,4919.150347942385,2793.4694849999996,7894.322411907409,8985.602550730677
2025-08-01,0,0:00-4:00,713.5912499999997,199.2753439909427,8985.602550730677,6913.958537546304
2025-08-01,1,4:00-8:00,450.6358166666669,5437.0089499999995,8985.602550730677,6913.958537546304
2025-08-01,2,8:00-12:00,7810.145770781901,0.0,8985.602550730677,6913.958537546304
2025-08-01,3,12:00-16:00,0.0,0.0,8985.602550730677,6913.958537546304
2025-08-01,4,16:00-20:00,74.10372249999944,4279.799853333333,8985.602550730677,6913.958537546304
2025-08-01,5,20:00-24:00,4758.288331790123,3131.875026849996,8985.602550730677,6913.958537546304
2025-08-02,0,0:00-4:00,1521.6115550000004,4.887044999999944,6913.958537546304,7092.425172418519
2025-08-02,1,4:00-8:00,426.55078333333324,3842.896718791675,6913.958537546304,7092.425172418519
2025-08-02,2,8:00-12:00,7120.011834506174,0.0,6913.958537546304,7092.425172418519
2025-08-02,3,12:00-16:00,0.0,35.227666666666664,6913.958537546304,7092.425172418519
2025-08-02,4,16:00-20:00,43.49094650205877,4242.4186549999995,6913.958537546304,7092.425172418519
2025-08-02,5,20:00-24:00,5143.089105156376,3260.300864999999,6913.958537546304,7092.425172418519
2025-08-03,0,0:00-4:00,4119.527586201647,0.0,7092.425172418519,7120.605735638091
2025-08-03,1,4:00-8:00,268.0315745473225,4671.15841,7092.425172418519,7120.605735638091
2025-08-03,2,8:00-12:00,6962.1932114609035,1185.3236666666662,7092.425172418519,7120.605735638091
2025-08-03,3,12:00-16:00,0.0,0.0,7092.425172418519,7120.605735638091
2025-08-03,4,16:00-20:00,79.46723849794142,3825.7911159053506,7092.425172418519,7120.605735638091
2025-08-03,5,20:00-24:00,4216.672641666666,2965.537024953702,7092.425172418519,7120.605735638091
2025-08-04,0,0:00-4:00,3630.0034856490342,138.60337333333348,7120.605735638091,6611.179893944444
2025-08-04,1,4:00-8:00,817.6250838065831,5169.78662,7120.605735638091,6611.179893944444
2025-08-04,2,8:00-12:00,5922.26985,1259.5631666666663,7120.605735638091,6611.179893944444
2025-08-04,3,12:00-16:00,1834.3637796296307,6.044383333333371,7120.605735638091,6611.179893944444
2025-08-04,4,16:00-20:00,44.119096666666564,4497.923174416665,7120.605735638091,6611.179893944444
2025-08-04,5,20:00-24:00,4259.115895884773,2757.635265,7120.605735638091,6611.179893944444
2025-08-05,0,0:00-4:00,4674.501105493828,16.40779999999984,6611.179893944444,7235.2404563189275
2025-08-05,1,4:00-8:00,55.01313374485494,4877.046933333334,6611.179893944444,7235.2404563189275
2025-08-05,2,8:00-12:00,3872.2709683333323,1729.4810666666667,6611.179893944444,7235.2404563189275
2025-08-05,3,12:00-16:00,4273.192399979424,35.8579666666667,6611.179893944444,7235.2404563189275
2025-08-05,4,16:00-20:00,113.43673485596668,3909.600211296299,6611.179893944444,7235.2404563189275
2025-08-05,5,20:00-24:00,4230.42435606996,2817.2108616666665,6611.179893944444,7235.2404563189275
2025-08-06,0,0:00-4:00,3433.5833141962976,0.0,7235.2404563189275,4986.883238981482
2025-08-06,1,4:00-8:00,527.2606232271171,4621.899763333333,7235.2404563189275,4986.883238981482
2025-08-06,2,8:00-12:00,4731.8183,1579.2816500000001,7235.2404563189275,4986.883238981482
2025-08-06,3,12:00-16:00,2923.9612226337413,1997.2832829999995,7235.2404563189275,4986.883238981482
2025-08-06,4,16:00-20:00,290.0971239094654,4383.858581650202,7235.2404563189275,4986.883238981482
2025-08-06,5,20:00-24:00,4251.437525,2529.3062858831304,7235.2404563189275,4986.883238981482
2025-08-07,0,0:00-4:00,5176.40173168724,6.805099999999925,4986.883238981482,6114.247029848578
2025-08-07,1,4:00-8:00,1205.7319499999994,5984.234805,4986.883238981482,6114.247029848578
2025-08-07,2,8:00-12:00,4579.430999999999,1564.1912166666666,4986.883238981482,6114.247029848578
2025-08-07,3,12:00-16:00,4865.667137139915,33.021566666666786,4986.883238981482,6114.247029848578
2025-08-07,4,16:00-20:00,0.0,4457.3387766666665,4986.883238981482,6114.247029848578
2025-08-07,5,20:00-24:00,4266.417740469613,3215.6372662500016,4986.883238981482,6114.247029848578
2025-08-08,0,0:00-4:00,611.546793333333,112.54602500000021,6114.247029848578,6455.270326296298
2025-08-08,1,4:00-8:00,345.91854166666667,4399.194755197054,6114.247029848578,6455.270326296298
2025-08-08,2,8:00-12:00,9818.977199979425,0.0,6114.247029848578,6455.270326296298
2025-08-08,3,12:00-16:00,0.0,0.0,6114.247029848578,6455.270326296298
2025-08-08,4,16:00-20:00,158.6072999999999,4218.704975000001,6114.247029848578,6455.270326296298
2025-08-08,5,20:00-24:00,4441.524399999999,3417.6584083333328,6114.247029848578,6455.270326296298
2025-08-09,0,0:00-4:00,402.5248550000002,260.9187750000002,6455.270326296298,6280.329396863523
2025-08-09,1,4:00-8:00,477.4641493209844,4397.444880333333,6455.270326296298,6280.329396863523
2025-08-09,2,8:00-12:00,9698.554652057608,0.0,6455.270326296298,6280.329396863523
2025-08-09,3,12:00-16:00,0.0,0.0,6455.270326296298,6280.329396863523
2025-08-09,4,16:00-20:00,67.79350666666676,4388.7176108895,6455.270326296298,6280.329396863523
2025-08-09,5,20:00-24:00,4308.293783333333,3223.616636833335,6455.270326296298,6280.329396863523
2025-08-10,0,0:00-4:00,3629.2469694726306,0.421333333333223,6280.329396863523,6512.752490833596
2025-08-10,1,4:00-8:00,1260.8069183333328,5178.724525,6280.329396863523,6512.752490833596
2025-08-10,2,8:00-12:00,4474.722599999999,1441.76425,6280.329396863523,6512.752490833596
2025-08-10,3,12:00-16:00,3843.8542543621484,10.377250000000004,6280.329396863523,6512.752490833596
2025-08-10,4,16:00-20:00,211.1003922853339,4351.719555,6280.329396863523,6512.752490833596
2025-08-10,5,20:00-24:00,4271.273116666665,3137.5257455008855,6280.329396863523,6512.752490833596
2025-08-11,0,0:00-4:00,3482.4874154112285,0.0,6512.752490833596,7206.972502253699
2025-08-11,1,4:00-8:00,1281.1209281070044,5104.199866666667,6512.752490833596,7206.972502253699
2025-08-11,2,8:00-12:00,4288.0743833333345,1955.1859,6512.752490833596,7206.972502253699
2025-08-11,3,12:00-16:00,4492.000078292183,239.26706263374467,6512.752490833596,7206.972502253699
2025-08-11,4,16:00-20:00,300.8829686836366,3960.818070000001,6512.752490833596,7206.972502253699
2025-08-11,5,20:00-24:00,4422.567184499999,2912.108786666666,6512.752490833596,7206.972502253699
2025-08-12,0,0:00-4:00,2607.1316219403343,0.0,7206.972502253699,4969.766017499998
2025-08-12,1,4:00-8:00,1317.6725183333328,4582.603889999999,7206.972502253699,4969.766017499998
2025-08-12,2,8:00-12:00,2415.435483333333,1236.6518333333333,7206.972502253699,4969.766017499998
2025-08-12,3,12:00-16:00,4836.279476769539,1356.9293664609047,7206.972502253699,4969.766017499998
2025-08-12,4,16:00-20:00,198.27902998333332,4638.5200197637605,7206.972502253699,4969.766017499998
2025-08-12,5,20:00-24:00,4188.628908333332,2805.1566280618345,7206.972502253699,4969.766017499998
2025-08-13,0,0:00-4:00,5689.291398333335,233.15684999999996,4969.766017499998,4998.584760000001
2025-08-13,1,4:00-8:00,989.9183433333334,5668.2356033333335,4969.766017499998,4998.584760000001
2025-08-13,2,8:00-12:00,2401.32435,1369.6752,4969.766017499998,4998.584760000001
2025-08-13,3,12:00-16:00,5185.711374032918,96.8789333333334,4969.766017499998,4998.584760000001
2025-08-13,4,16:00-20:00,482.15607333333355,4697.360926625512,4969.766017499998,4998.584760000001
2025-08-13,5,20:00-24:00,4246.847233333333,3294.9071240744884,4969.766017499998,4998.584760000001
2025-08-14,0,0:00-4:00,5429.825516666669,59.42321500000037,4998.584760000001,5542.295561740736
2025-08-14,1,4:00-8:00,1184.2722376543188,5587.5884536333315,4998.584760000001,5542.295561740736
2025-08-14,2,8:00-12:00,4224.004533333329,2283.1514666666667,4998.584760000001,5542.295561740736
2025-08-14,3,12:00-16:00,5398.239504074077,0.0,4998.584760000001,5542.295561740736
2025-08-14,4,16:00-20:00,202.41608248971198,4830.32258744856,4998.584760000001,5542.295561740736
2025-08-14,5,20:00-24:00,4079.4968749999994,3369.960902551441,4998.584760000001,5542.295561740736
2025-08-15,0,0:00-4:00,255.54760500000026,194.06201889999852,5542.295561740736,5391.8662838219
2025-08-15,1,4:00-8:00,295.12897500000025,3951.230047466665,5542.295561740736,5391.8662838219
2025-08-15,2,8:00-12:00,10408.861766666667,0.0,5542.295561740736,5391.8662838219
2025-08-15,3,12:00-16:00,0.0,0.0,5542.295561740736,5391.8662838219
2025-08-15,4,16:00-20:00,382.58973725625845,4911.953380654528,5542.295561740736,5391.8662838219
2025-08-15,5,20:00-24:00,4053.16651100823,3548.329525,5542.295561740736,5391.8662838219
2025-08-16,0,0:00-4:00,157.0502416666668,638.1408649999997,5391.8662838219,5159.7629219259225
2025-08-16,1,4:00-8:00,538.0246516666665,3300.8733245397107,5391.8662838219,5159.7629219259225
2025-08-16,2,8:00-12:00,10176.943049999998,0.0,5391.8662838219,5159.7629219259225
2025-08-16,3,12:00-16:00,0.0,0.0,5391.8662838219,5159.7629219259225
2025-08-16,4,16:00-20:00,153.81583119341587,4964.680291866669,5391.8662838219,5159.7629219259225
2025-08-16,5,20:00-24:00,3990.459833333332,3468.396366666666,5391.8662838219,5159.7629219259225
2025-08-17,0,0:00-4:00,4516.387541012783,39.90475833333346,5159.7629219259225,5375.1060638603285
2025-08-17,1,4:00-8:00,1410.2053899999994,6080.845925,5159.7629219259225,5375.1060638603285
2025-08-17,2,8:00-12:00,4981.676866666665,1328.6753499999995,5159.7629219259225,5375.1060638603285
2025-08-17,3,12:00-16:00,4555.4825524440175,0.0,5159.7629219259225,5375.1060638603285
2025-08-17,4,16:00-20:00,134.04662850000125,5169.098702885742,5159.7629219259225,5375.1060638603285
2025-08-17,5,20:00-24:00,4224.615458333333,3243.822129974966,5159.7629219259225,5375.1060638603285
2025-08-18,0,0:00-4:00,5334.05807404408,206.75501666666673,5375.1060638603285,5656.7978485306385
2025-08-18,1,4:00-8:00,1039.0585319547304,5266.519724999998,5375.1060638603285,5656.7978485306385
2025-08-18,2,8:00-12:00,4793.118100000001,1985.133866666667,5375.1060638603285,5656.7978485306385
2025-08-18,3,12:00-16:00,4226.376694238677,165.27106666666782,5375.1060638603285,5656.7978485306385
2025-08-18,4,16:00-20:00,220.45644499999992,4924.741060105761,5375.1060638603285,5656.7978485306385
2025-08-18,5,20:00-24:00,4383.348500000001,3395.153898333333,5375.1060638603285,5656.7978485306385
2025-08-19,0,0:00-4:00,4399.635780521515,172.6786633333336,5656.7978485306385,4848.399900462964
2025-08-19,1,4:00-8:00,1151.6388683333334,5380.53013,5656.7978485306385,4848.399900462964
2025-08-19,2,8:00-12:00,4197.820300000001,1445.3886499999994,5656.7978485306385,4848.399900462964
2025-08-19,3,12:00-16:00,4605.817865534981,669.1100147942393,5656.7978485306385,4848.399900462964
2025-08-19,4,16:00-20:00,480.82516199485644,5064.524732366667,5656.7978485306385,4848.399900462964
2025-08-19,5,20:00-24:00,4165.798541666667,3386.57054238826,5656.7978485306385,4848.399900462964
2025-08-20,0,0:00-4:00,5313.196141666667,128.59254166666688,4848.399900462964,4679.182574814814
2025-08-20,1,4:00-8:00,1131.54261,6727.48618,4848.399900462964,4679.182574814814
2025-08-20,2,8:00-12:00,2253.330416666667,1647.7195776000005,4848.399900462964,4679.182574814814
2025-08-20,3,12:00-16:00,3728.9802475064535,461.4128000000003,4848.399900462964,4679.182574814814
2025-08-20,4,16:00-20:00,420.43029999999953,4724.807380980228,4848.399900462964,4679.182574814814
2025-08-20,5,20:00-24:00,3903.060566666665,30.214741666666555,4848.399900462964,4679.182574814814
2025-08-21,0,0:00-4:00,6070.344008539094,206.41940833333297,4679.182574814814,4986.820051925924
2025-08-21,1,4:00-8:00,948.5042349999999,5237.2286699999995,4679.182574814814,4986.820051925924
2025-08-21,2,8:00-12:00,3901.8879391152245,1134.3337833333337,4679.182574814814,4986.820051925924
2025-08-21,3,12:00-16:00,4239.860600473246,193.36584999999968,4679.182574814814,4986.820051925924
2025-08-21,4,16:00-20:00,98.35523423868051,4875.844153333334,4679.182574814814,4986.820051925924
2025-08-21,5,20:00-24:00,3959.2708666666663,3642.694941666666,4679.182574814814,4986.820051925924
2025-08-22,0,0:00-4:00,431.9495750000002,533.5844333333334,4986.820051925924,4714.65401212963
2025-08-22,1,4:00-8:00,304.6544766666668,2817.4007850666644,4986.820051925924,4714.65401212963
2025-08-22,2,8:00-12:00,9859.503567674898,0.0,4986.820051925924,4714.65401212963
2025-08-22,3,12:00-16:00,0.0,0.0,4986.820051925924,4714.65401212963
2025-08-22,4,16:00-20:00,11.775011193416617,5555.4899322,4986.820051925924,4714.65401212963
2025-08-22,5,20:00-24:00,4012.234816666666,3180.7694174500025,4986.820051925924,4714.65401212963
2025-08-23,0,0:00-4:00,300.17176741666634,579.5469083333337,4714.65401212963,4833.546597611114
2025-08-23,1,4:00-8:00,312.96585,2594.152911666667,4714.65401212963,4833.546597611114
2025-08-23,2,8:00-12:00,10066.50585058745,0.0,4714.65401212963,4833.546597611114
2025-08-23,3,12:00-16:00,0.0,0.0,4714.65401212963,4833.546597611114
2025-08-23,4,16:00-20:00,28.014651666667078,5150.373624999998,4714.65401212963,4833.546597611114
2025-08-23,5,20:00-24:00,4065.312833333333,3535.029699999999,4714.65401212963,4833.546597611114
2025-08-24,0,0:00-4:00,5823.833134855962,177.77043833333357,4833.546597611114,5157.759798292591
2025-08-24,1,4:00-8:00,1025.029211419755,5585.620071666667,4833.546597611114,5157.759798292591
2025-08-24,2,8:00-12:00,5414.618916666667,1630.3419166666665,4833.546597611114,5157.759798292591
2025-08-24,3,12:00-16:00,3806.4674269547336,253.11795000000006,4833.546597611114,5157.759798292591
2025-08-24,4,16:00-20:00,156.61657407407395,5102.428226666669,4833.546597611114,5157.759798292591
2025-08-24,5,20:00-24:00,3929.7686416666656,3285.5599796199995,4833.546597611114,5157.759798292591
2025-08-25,0,0:00-4:00,5214.794926341559,0.0,5157.759798292591,4662.54608503889
2025-08-25,1,4:00-8:00,1132.303246666667,5840.673293333333,5157.759798292591,4662.54608503889
2025-08-25,2,8:00-12:00,4136.316636666665,1481.2753666666663,5157.759798292591,4662.54608503889
2025-08-25,3,12:00-16:00,4379.882611861121,1305.4064286419734,5157.759798292591,4662.54608503889
2025-08-25,4,16:00-20:00,57.53375333333304,5327.469522416666,5157.759798292591,4662.54608503889
2025-08-25,5,20:00-24:00,3863.4924401666667,1706.1698590488638,5157.759798292591,4662.54608503889
2025-08-26,0,0:00-4:00,5979.545475286005,41.53010833333349,4662.54608503889,4969.43334885185
2025-08-26,1,4:00-8:00,994.8391,6154.849131666667,4662.54608503889,4969.43334885185
2025-08-26,2,8:00-12:00,4391.886366666666,1858.7451499999997,4662.54608503889,4969.43334885185
2025-08-26,3,12:00-16:00,5519.664733106996,98.77498333333347,4662.54608503889,4969.43334885185
2025-08-26,4,16:00-20:00,273.5633516666668,4990.470931152264,4662.54608503889,4969.43334885185
2025-08-26,5,20:00-24:00,3991.747075,3711.9405004810706,4662.54608503889,4969.43334885185
2025-08-27,0,0:00-4:00,5215.233683333334,58.874616666666384,4969.43334885185,5034.197500145409
2025-08-27,1,4:00-8:00,1349.6309287242816,5263.047791666667,4969.43334885185,5034.197500145409
2025-08-27,2,8:00-12:00,3837.758201172841,2543.7576833333333,4969.43334885185,5034.197500145409
2025-08-27,3,12:00-16:00,6411.506603683128,506.25475000000006,4969.43334885185,5034.197500145409
2025-08-27,4,16:00-20:00,19.73268930041134,4911.837521666665,4969.43334885185,5034.197500145409
2025-08-27,5,20:00-24:00,3841.488991666666,3404.9742897857996,4969.43334885185,5034.197500145409
2025-08-28,0,0:00-4:00,5315.140275393989,283.8990833333338,5034.197500145409,4471.984131296298
2025-08-28,1,4:00-8:00,1057.0186849999996,5685.154346666666,5034.197500145409,4471.984131296298
2025-08-28,2,8:00-12:00,894.3246833333335,2643.1730780499993,5034.197500145409,4471.984131296298
2025-08-28,3,12:00-16:00,6585.815485167238,187.82775000000015,5034.197500145409,4471.984131296298
2025-08-28,4,16:00-20:00,844.4448604270024,4811.918694999999,5034.197500145409,4471.984131296298
2025-08-28,5,20:00-24:00,3742.408283744856,1829.7324200979972,5034.197500145409,4471.984131296298
2025-08-29,0,0:00-4:00,950.1401999999996,221.31813833333348,4471.984131296298,4987.455343592596
2025-08-29,1,4:00-8:00,702.9183284979399,3316.677681666667,4471.984131296298,4987.455343592596
2025-08-29,2,8:00-12:00,9745.966288580252,0.0,4471.984131296298,4987.455343592596
2025-08-29,3,12:00-16:00,0.0,5.025500000000079,4471.984131296298,4987.455343592596
2025-08-29,4,16:00-20:00,48.80771604938158,4862.076799433333,4471.984131296298,4987.455343592596
2025-08-29,5,20:00-24:00,3910.139033333333,3570.934758333333,4471.984131296298,4987.455343592596
2025-08-30,0,0:00-4:00,349.45693333333327,365.7489333333334,4987.455343592596,4477.276755000001
2025-08-30,1,4:00-8:00,537.3909866666668,2579.761864233337,4987.455343592596,4477.276755000001
2025-08-30,2,8:00-12:00,9207.968114979421,0.0,4987.455343592596,4477.276755000001
2025-08-30,3,12:00-16:00,0.0,0.0,4987.455343592596,4477.276755000001
2025-08-30,4,16:00-20:00,73.8539099999997,5455.085355200981,4987.455343592596,4477.276755000001
2025-08-30,5,20:00-24:00,3725.7975941176487,3313.0832836343134,4987.455343592596,4477.276755000001
2025-08-31,0,0:00-4:00,6520.426858477365,0.0,4477.276755000001,5296.070341396891
2025-08-31,1,4:00-8:00,545.3664590123446,5723.212049999999,4477.276755000001,5296.070341396891
2025-08-31,2,8:00-12:00,3176.5813333333335,1301.35885,4477.276755000001,5296.070341396891
2025-08-31,3,12:00-16:00,5210.601138106997,215.24085000000014,4477.276755000001,5296.070341396891
2025-08-31,4,16:00-20:00,595.1115367901176,4663.063729999999,4477.276755000001,5296.070341396891
2025-08-31,5,20:00-24:00,4202.696133333333,3763.3448940761314,4477.276755000001,5296.070341396891
2025-09-01,0,0:00-4:00,6115.4773984479,0.0,5296.070341396891,8430.25054240803
2025-09-01,1,4:00-8:00,0.0,4932.74125,5296.070341396891,8430.25054240803
2025-09-01,2,8:00-12:00,5254.079341666667,1047.6085833333332,5296.070341396891,8430.25054240803
2025-09-01,3,12:00-16:00,2129.0686007201584,0.0,5296.070341396891,8430.25054240803
2025-09-01,4,16:00-20:00,0.0,4048.1525266666667,5296.070341396891,8430.25054240803
2025-09-01,5,20:00-24:00,5909.2561373569915,2871.119456425269,5296.070341396891,8430.25054240803
2025-09-02,0,0:00-4:00,2633.054952879969,0.0,8430.25054240803,8427.493714428914
2025-09-02,1,4:00-8:00,0.0,5697.398798333334,8430.25054240803,8427.493714428914
2025-09-02,2,8:00-12:00,4183.419986344307,1927.4221000000002,8430.25054240803,8427.493714428914
2025-09-02,3,12:00-16:00,5229.939147400546,0.0,8430.25054240803,8427.493714428914
2025-09-02,4,16:00-20:00,0.0,3964.6543549999997,8430.25054240803,8427.493714428914
2025-09-02,5,20:00-24:00,5862.405603896748,2919.1498411703446,8430.25054240803,8427.493714428914
2025-09-03,0,0:00-4:00,2636.1180950789862,0.0,8427.493714428914,8987.17818201667
2025-09-03,1,4:00-8:00,0.0,5059.4524833333335,8427.493714428914,8987.17818201667
2025-09-03,2,8:00-12:00,4249.574428456787,832.7266166666666,8427.493714428914,8987.17818201667
2025-09-03,3,12:00-16:00,3096.9119089917754,58.47483333333321,8427.493714428914,8987.17818201667
2025-09-03,4,16:00-20:00,48.199231666666606,3694.7990933333335,8427.493714428914,8987.17818201667
2025-09-03,5,20:00-24:00,5520.382670718108,2447.291883783333,8427.493714428914,8987.17818201667
2025-09-04,0,0:00-4:00,2014.2464644259203,0.0,8987.17818201667,8732.611150816645
2025-09-04,1,4:00-8:00,244.29994806584426,4817.44329,8987.17818201667,8732.611150816645
2025-09-04,2,8:00-12:00,7464.566047818929,1426.7381666666663,8987.17818201667,8732.611150816645
2025-09-04,3,12:00-16:00,54.665790123455935,44.27928999999972,8987.17818201667,8732.611150816645
2025-09-04,4,16:00-20:00,86.62191358024576,3798.2500701816844,8987.17818201667,8732.611150816645
2025-09-04,5,20:00-24:00,5570.3663344650195,2644.5603749999996,8987.17818201667,8732.611150816645
2025-09-05,0,0:00-4:00,1692.842324298242,0.0,8732.611150816645,9170.88480999999
2025-09-05,1,4:00-8:00,584.4672,5140.423318449889,8732.611150816645,9170.88480999999
2025-09-05,2,8:00-12:00,6365.990824732511,0.0,8732.611150816645,9170.88480999999
2025-09-05,3,12:00-16:00,0.0,0.0,8732.611150816645,9170.88480999999
2025-09-05,4,16:00-20:00,89.86930102880778,3492.29409666667,8732.611150816645,9170.88480999999
2025-09-05,5,20:00-24:00,5837.341183333333,2774.9500666666663,8732.611150816645,9170.88480999999
2025-09-06,0,0:00-4:00,1892.4087472222286,311.62882833332367,9170.88480999999,9224.953857407409
2025-09-06,1,4:00-8:00,202.9206000000001,5665.590266666666,9170.88480999999,9224.953857407409
2025-09-06,2,8:00-12:00,7094.08147499999,0.0,9170.88480999999,9224.953857407409
2025-09-06,3,12:00-16:00,0.0,0.0,9170.88480999999,9224.953857407409
2025-09-06,4,16:00-20:00,0.0,3315.6888,9170.88480999999,9224.953857407409
2025-09-06,5,20:00-24:00,5676.775499999999,2700.040883333333,9170.88480999999,9224.953857407409
2025-09-07,0,0:00-4:00,1750.0512695473258,0.0,9224.953857407409,9096.011123703705
2025-09-07,1,4:00-8:00,39.66017078189301,5470.837255,9224.953857407409,9096.011123703705
2025-09-07,2,8:00-12:00,5251.641565265443,1888.2576666666664,9224.953857407409,9096.011123703705
2025-09-07,3,12:00-16:00,3794.000636380648,0.0,9224.953857407409,9096.011123703705
2025-09-07,4,16:00-20:00,0.0,3638.0076331666664,9224.953857407409,9096.011123703705
2025-09-07,5,20:00-24:00,5758.58209403292,2560.033851666666,9224.953857407409,9096.011123703705
2025-09-08,0,0:00-4:00,1275.8463842500005,22.62149166666643,9096.011123703705,5033.30901
2025-09-08,1,4:00-8:00,906.7772025812762,5509.5393250000025,9096.011123703705,5033.30901
2025-09-08,2,8:00-12:00,3017.9810166666666,1525.3709499999995,9096.011123703705,5033.30901
2025-09-08,3,12:00-16:00,3594.7226666666666,770.7795288888893,9096.011123703705,5033.30901
2025-09-08,4,16:00-20:00,280.45861666666565,4380.60697163333,9096.011123703705,5033.30901
2025-09-08,5,20:00-24:00,4259.232233333332,2248.878312477783,9096.011123703705,5033.30901
2025-09-09,0,0:00-4:00,6247.987431666666,50.917116666667084,5033.30901,6556.223669112965
2025-09-09,1,4:00-8:00,287.5756312963007,5707.018431666666,5033.30901,6556.223669112965
2025-09-09,2,8:00-12:00,6244.327358888892,1157.6981999999998,5033.30901,6556.223669112965
2025-09-09,3,12:00-16:00,2373.156560864193,168.31241666666688,5033.30901,6556.223669112965
2025-09-09,4,16:00-20:00,0.0,4387.9087500000005,5033.30901,6556.223669112965
2025-09-09,5,20:00-24:00,4335.3976735,2943.162063333333,5033.30901,6556.223669112965
2025-09-10,0,0:00-4:00,3223.195778783947,26.88460833333329,6556.223669112965,5096.346935111482
2025-09-10,1,4:00-8:00,1368.9915616666667,6258.8198999999995,6556.223669112965,5096.346935111482
2025-09-10,2,8:00-12:00,2924.562183333333,2254.5685396333347,6556.223669112965,5096.346935111482
2025-09-10,3,12:00-16:00,5193.31609228395,350.66543333333345,6556.223669112965,5096.346935111482
2025-09-10,4,16:00-20:00,672.2203632921826,4310.429963616667,6556.223669112965,5096.346935111482
2025-09-10,5,20:00-24:00,4330.8921707,2460.1949172333375,6556.223669112965,5096.346935111482
2025-09-11,0,0:00-4:00,6159.146144320575,0.0,5096.346935111482,6866.016992762039
2025-09-11,1,4:00-8:00,283.9926894375881,5005.68765277778,5096.346935111482,6866.016992762039
2025-09-11,2,8:00-12:00,7047.8378999999995,2123.80465,5096.346935111482,6866.016992762039
2025-09-11,3,12:00-16:00,1648.25790967078,38.45476499999995,5096.346935111482,6866.016992762039
2025-09-11,4,16:00-20:00,125.17691588477356,4130.766125316666,5096.346935111482,6866.016992762039
2025-09-11,5,20:00-24:00,4324.858473583333,2975.892481666666,5096.346935111482,6866.016992762039
2025-09-12,0,0:00-4:00,364.34836666666695,206.00045105262092,6866.016992762039,6599.548053358027
2025-09-12,1,4:00-8:00,96.45984166666665,4639.3207320165475,6866.016992762039,6599.548053358027
2025-09-12,2,8:00-12:00,9892.162025720165,0.0,6866.016992762039,6599.548053358027
2025-09-12,3,12:00-16:00,0.0,0.0,6866.016992762039,6599.548053358027
2025-09-12,4,16:00-20:00,85.23074897119058,4568.567525853667,6866.016992762039,6599.548053358027
2025-09-12,5,20:00-24:00,4271.8646901425545,2741.086531806246,6866.016992762039,6599.548053358027
2025-09-13,0,0:00-4:00,1025.5894916666668,28.964999999999804,6599.548053358027,6912.285397593049
2025-09-13,1,4:00-8:00,319.7027333333336,4380.666468022226,6599.548053358027,6912.285397593049
2025-09-13,2,8:00-12:00,8765.866071296297,0.0,6599.548053358027,6912.285397593049
2025-09-13,3,12:00-16:00,0.0,0.0,6599.548053358027,6912.285397593049
2025-09-13,4,16:00-20:00,182.7377056995898,4383.873567366258,6599.548053358027,6912.285397593049
2025-09-13,5,20:00-24:00,4241.751358333333,2698.905716666666,6599.548053358027,6912.285397593049
2025-09-14,0,0:00-4:00,4319.682891563278,0.0,6912.285397593049,5901.3673883518595
2025-09-14,1,4:00-8:00,124.84295640909193,6061.267001358029,6912.285397593049,5901.3673883518595
2025-09-14,2,8:00-12:00,3875.5745439094717,2466.304066666666,6912.285397593049,5901.3673883518595
2025-09-14,3,12:00-16:00,5805.991284197531,36.29156666666677,6912.285397593049,5901.3673883518595
2025-09-14,4,16:00-20:00,616.8787750000008,4515.021516666668,6912.285397593049,5901.3673883518595
2025-09-14,5,20:00-24:00,3996.8826617283944,3010.2230783333334,6912.285397593049,5901.3673883518595
2025-09-15,0,0:00-4:00,3196.442668321548,96.84831666666696,5901.3673883518595,4140.535779629629
2025-09-15,1,4:00-8:00,1167.698852131112,5488.470596666665,5901.3673883518595,4140.535779629629
2025-09-15,2,8:00-12:00,5902.811866666667,1964.65175,5901.3673883518595,4140.535779629629
2025-09-15,3,12:00-16:00,4520.218751337449,245.76128833333303,5901.3673883518595,4140.535779629629
2025-09-15,4,16:00-20:00,331.13862551440377,5480.122780943916,5901.3673883518595,4140.535779629629
2025-09-15,5,20:00-24:00,3300.9043333333334,3228.4579440560847,5901.3673883518595,4140.535779629629
2025-09-16,0,0:00-4:00,6010.847891975309,222.90221666666628,4140.535779629629,3700.4066529629617
2025-09-16,1,4:00-8:00,1032.019558333333,6314.156896718681,4140.535779629629,3700.4066529629617
2025-09-16,2,8:00-12:00,3447.560949858461,1775.93475,4140.535779629629,3700.4066529629617
2025-09-16,3,12:00-16:00,6653.355147640748,176.32153333333338,4140.535779629629,3700.4066529629617
2025-09-16,4,16:00-20:00,593.2001599415732,5162.854073441573,4140.535779629629,3700.4066529629617
2025-09-16,5,20:00-24:00,2885.583266666666,3448.2259931167814,4140.535779629629,3700.4066529629617
2025-09-17,0,0:00-4:00,6718.500627983542,165.8564583333333,3700.4066529629617,3933.2832056481475
2025-09-17,1,4:00-8:00,975.0487666666667,6115.302843333333,3700.4066529629617,3933.2832056481475
2025-09-17,2,8:00-12:00,2341.06705,2205.455271666665,3700.4066529629617,3933.2832056481475
2025-09-17,3,12:00-16:00,6431.659500427972,17.262946666666835,3700.4066529629617,3933.2832056481475
2025-09-17,4,16:00-20:00,117.912151666667,5039.947976333328,3700.4066529629617,3933.2832056481475
2025-09-17,5,20:00-24:00,3244.884033333332,2308.1340316133333,3700.4066529629617,3933.2832056481475
2025-09-18,0,0:00-4:00,6834.576818724279,121.45391666666671,3933.2832056481475,4050.6362591666657
2025-09-18,1,4:00-8:00,1033.964958333333,5329.615485,3933.2832056481475,4050.6362591666657
2025-09-18,2,8:00-12:00,3462.83665,2597.062416666666,3933.2832056481475,4050.6362591666657
2025-09-18,3,12:00-16:00,6195.10936248971,208.92248934156828,3933.2832056481475,4050.6362591666657
2025-09-18,4,16:00-20:00,123.29234166666743,5251.844881666666,3933.2832056481475,4050.6362591666657
2025-09-18,5,20:00-24:00,3263.4487249999993,3325.198436025101,3933.2832056481475,4050.6362591666657
2025-09-19,0,0:00-4:00,325.1073750000002,660.1386132716054,4050.6362591666657,4196.832201111111
2025-09-19,1,4:00-8:00,902.7122249999999,2899.9678959783923,4050.6362591666657,4196.832201111111
2025-09-19,2,8:00-12:00,10666.666666666664,0.0,4050.6362591666657,4196.832201111111
2025-09-19,3,12:00-16:00,0.0,0.0,4050.6362591666657,4196.832201111111
2025-09-19,4,16:00-20:00,0.0,6371.064943333335,4050.6362591666657,4196.832201111111
2025-09-19,5,20:00-24:00,3336.523433333333,2274.370056666665,4050.6362591666657,4196.832201111111
2025-09-20,0,0:00-4:00,147.1167156666673,604.0762416666669,4196.832201111111,4535.261586764995
2025-09-20,1,4:00-8:00,915.4391233333336,2953.7429689233327,4196.832201111111,4535.261586764995
2025-09-20,2,8:00-12:00,10666.666666666664,0.0,4196.832201111111,4535.261586764995
2025-09-20,3,12:00-16:00,0.0,12.984249999999975,4196.832201111111,4535.261586764995
2025-09-20,4,16:00-20:00,47.629911666666885,6081.012590849998,4196.832201111111,4535.261586764995
2025-09-20,5,20:00-24:00,3705.846207516662,2584.5833876000033,4196.832201111111,4535.261586764995
2025-09-21,0,0:00-4:00,6363.433588573874,211.60692500000005,4535.261586764995,4141.288546296297
2025-09-21,1,4:00-8:00,1188.3917399382754,4672.9721266666675,4535.261586764995,4141.288546296297
2025-09-21,2,8:00-12:00,4631.049035884775,1505.8736166666667,4535.261586764995,4141.288546296297
2025-09-21,3,12:00-16:00,2670.8969815843616,2.8375499999999647,4535.261586764995,4141.288546296297
2025-09-21,4,16:00-20:00,78.13859028806641,5449.519496666665,4535.261586764995,4141.288546296297
2025-09-21,5,20:00-24:00,3349.6466666666656,3319.8268698000043,4535.261586764995,4141.288546296297
2025-09-22,0,0:00-4:00,5961.6101189495,59.75314166666669,4141.288546296297,3898.1580193518525
2025-09-22,1,4:00-8:00,1276.7941383333332,4124.261454332421,4141.288546296297,3898.1580193518525
2025-09-22,2,8:00-12:00,4013.7422801646017,2222.2247833333327,4141.288546296297,3898.1580193518525
2025-09-22,3,12:00-16:00,4147.762912345679,74.84696666666662,4141.288546296297,3898.1580193518525
2025-09-22,4,16:00-20:00,110.03344666666635,5339.073331883334,4141.288546296297,3898.1580193518525
2025-09-22,5,20:00-24:00,3113.9312000000004,3483.995814500001,4141.288546296297,3898.1580193518525
2025-09-23,0,0:00-4:00,6270.207520781892,127.99093333333315,3898.1580193518525,4082.2755122222225
2025-09-23,1,4:00-8:00,1023.7412833333333,5901.239641666666,3898.1580193518525,4082.2755122222225
2025-09-23,2,8:00-12:00,3458.4470208436187,2310.599140416671,3898.1580193518525,4082.2755122222225
2025-09-23,3,12:00-16:00,6273.230865121496,504.5433750000003,3898.1580193518525,4082.2755122222225
2025-09-23,4,16:00-20:00,149.2421183333331,5247.135686816667,3898.1580193518525,4082.2755122222225
2025-09-23,5,20:00-24:00,3277.47285,2309.1822224984135,3898.1580193518525,4082.2755122222225
2025-09-24,0,0:00-4:00,6282.803766419752,45.92839500000184,4082.2755122222225,4296.377840155882
2025-09-24,1,4:00-8:00,899.0625766666669,5626.138768333332,4082.2755122222225,4296.377840155882
2025-09-24,2,8:00-12:00,3362.1622761642493,2739.292535566663,4082.2755122222225,4296.377840155882
2025-09-24,3,12:00-16:00,6666.652344597078,0.0,4082.2755122222225,4296.377840155882
2025-09-24,4,16:00-20:00,541.4248438151687,5046.146048333333,4082.2755122222225,4296.377840155882
2025-09-24,5,20:00-24:00,3487.561483333334,3553.932663333334,4082.2755122222225,4296.377840155882
2025-09-25,0,0:00-4:00,5667.872991225976,16.131283333333386,4296.377840155882,4084.674775274582
2025-09-25,1,4:00-8:00,1194.199356666666,4595.423020516668,4296.377840155882,4084.674775274582
2025-09-25,2,8:00-12:00,4759.384978110558,2278.97815,4296.377840155882,4084.674775274582
2025-09-25,3,12:00-16:00,4238.051951004666,285.77245666666647,4296.377840155882,4084.674775274582
2025-09-25,4,16:00-20:00,386.8505100000003,5154.720508349999,4296.377840155882,4084.674775274582
2025-09-25,5,20:00-24:00,3164.131633436213,3582.0053900862113,4296.377840155882,4084.674775274582
2025-09-26,0,0:00-4:00,953.9461612175432,104.38259999999991,4084.674775274582,4684.510051715372
2025-09-26,1,4:00-8:00,1051.1640733333334,3417.0630066666668,4084.674775274582,4684.510051715372
2025-09-26,2,8:00-12:00,9502.627583333333,0.0,4084.674775274582,4684.510051715372
2025-09-26,3,12:00-16:00,301.19836596708006,0.0,4084.674775274582,4684.510051715372
2025-09-26,4,16:00-20:00,164.98898038333283,5538.702980483332,4084.674775274582,4684.510051715372
2025-09-26,5,20:00-24:00,3270.5336249999996,2748.0112833333333,4084.674775274582,4684.510051715372
2025-09-27,0,0:00-4:00,365.9979083333332,207.22241666666645,4684.510051715372,4006.1316111111114
2025-09-27,1,4:00-8:00,524.4214800899158,3616.5091515000013,4684.510051715372,4006.1316111111114
2025-09-27,2,8:00-12:00,10625.2257,0.0,4684.510051715372,4006.1316111111114
2025-09-27,3,12:00-16:00,0.0,7.833833333333359,4684.510051715372,4006.1316111111114
2025-09-27,4,16:00-20:00,113.62511833333303,6357.656958016665,4684.510051715372,4006.1316111111114
2025-09-27,5,20:00-24:00,3318.926878950001,2529.3578764495032,4684.510051715372,4006.1316111111114
2025-09-28,0,0:00-4:00,6153.532792530864,83.0284416666666,4006.1316111111114,4382.6232433992545
2025-09-28,1,4:00-8:00,1175.0962150000005,4621.277815200002,4006.1316111111114,4382.6232433992545
2025-09-28,2,8:00-12:00,4439.1104043827145,3056.8501999999994,4006.1316111111114,4382.6232433992545
2025-09-28,3,12:00-16:00,5662.820411378601,243.11544999999967,4006.1316111111114,4382.6232433992545
2025-09-28,4,16:00-20:00,61.80834313949629,5077.541323683333,4006.1316111111114,4382.6232433992545
2025-09-28,5,20:00-24:00,3245.811170583333,3377.26956337283,4006.1316111111114,4382.6232433992545
2025-09-29,0,0:00-4:00,6055.519747703503,110.87471666666659,4382.6232433992545,4128.268560135392
2025-09-29,1,4:00-8:00,1504.8854097746903,4392.880488333332,4382.6232433992545,4128.268560135392
2025-09-29,2,8:00-12:00,3681.2736100368793,2938.5964333333327,4382.6232433992545,4128.268560135392
2025-09-29,3,12:00-16:00,5277.082058749129,162.2055499999999,4382.6232433992545,4128.268560135392
2025-09-29,4,16:00-20:00,119.01240500000051,5286.010863094816,4382.6232433992545,4128.268560135392
2025-09-29,5,20:00-24:00,3279.5255583333337,3471.3631830833324,4382.6232433992545,4128.268560135392
2025-09-30,0,0:00-4:00,6178.704391516235,154.08481666666694,4128.268560135392,4132.814623148148
2025-09-30,1,4:00-8:00,975.5516299999995,5276.665881833336,4128.268560135392,4132.814623148148
2025-09-30,2,8:00-12:00,4450.83481809709,3012.4539195499938,4128.268560135392,4132.814623148148
2025-09-30,3,12:00-16:00,5774.332352293857,805.9403316666668,4128.268560135392,4132.814623148148
2025-09-30,4,16:00-20:00,357.56270493827117,4886.590581358026,4128.268560135392,4132.814623148148
2025-09-30,5,20:00-24:00,3370.4962000000005,2957.233510658635,4128.268560135392,4132.814623148148
2025-10-01,0,0:00-4:00,6865.09774372428,48.5000583333333,4132.814623148148,6496.362047925238
2025-10-01,1,4:00-8:00,1089.2081747325126,4321.671750000003,4132.814623148148,6496.362047925238
2025-10-01,2,8:00-12:00,6769.627103148153,1555.7470999999998,4132.814623148148,6496.362047925238
2025-10-01,3,12:00-16:00,77.88111111111195,63.08369999999991,4132.814623148148,6496.362047925238
2025-10-01,4,16:00-20:00,18.379629629628955,4268.908616666667,4132.814623148148,6496.362047925238
2025-10-01,5,20:00-24:00,4413.286875617283,3194.015409450621,4132.814623148148,6496.362047925238
2025-10-02,0,0:00-4:00,3481.7466800830694,134.4630166666666,6496.362047925238,6852.904465555559
2025-10-02,1,4:00-8:00,1327.2752916666664,4451.805396666668,6496.362047925238,6852.904465555559
2025-10-02,2,8:00-12:00,5699.160033333334,2184.154066666666,6496.362047925238,6852.904465555559
2025-10-02,3,12:00-16:00,2632.1842132716015,0.0,6496.362047925238,6852.904465555559
2025-10-02,4,16:00-20:00,0.0,4132.877133333333,6496.362047925238,6852.904465555559
2025-10-02,5,20:00-24:00,4417.718236337453,2997.860619100002,6496.362047925238,6852.904465555559
2025-10-03,0,0:00-4:00,251.58185833333312,363.43554323204194,6852.904465555559,6644.873436083029
2025-10-03,1,4:00-8:00,145.3428633333337,4658.442197333337,6852.904465555559,6644.873436083029
2025-10-03,2,8:00-12:00,10188.586045697992,0.0,6852.904465555559,6644.873436083029
2025-10-03,3,12:00-16:00,0.0,0.0,6852.904465555559,6644.873436083029
2025-10-03,4,16:00-20:00,31.506549382716507,4891.197462166107,6852.904465555559,6644.873436083029
2025-10-03,5,20:00-24:00,4269.131470749999,2331.9332416666666,6852.904465555559,6644.873436083029
2025-10-04,0,0:00-4:00,418.3898306172848,232.55540833333333,6644.873436083029,6516.132627303702
2025-10-04,1,4:00-8:00,69.4769783333333,4987.279322474725,6644.873436083029,6516.132627303702
2025-10-04,2,8:00-12:00,10573.180892695467,0.0,6644.873436083029,6516.132627303702
2025-10-04,3,12:00-16:00,0.0,0.0,6644.873436083029,6516.132627303702
2025-10-04,4,16:00-20:00,23.44753086419789,4622.203708333333,6644.873436083029,6516.132627303702
2025-10-04,5,20:00-24:00,3826.1546373333326,2351.4546833333334,6644.873436083029,6516.132627303702
2025-10-05,0,0:00-4:00,3578.4336182320594,152.3358420474408,6516.132627303702,6441.459052715008
2025-10-05,1,4:00-8:00,1201.588885,4740.833357632873,6516.132627303702,6441.459052715008
2025-10-05,2,8:00-12:00,4118.995516666667,2104.956233333333,6516.132627303702,6441.459052715008
2025-10-05,3,12:00-16:00,4500.4956448424045,0.0,6516.132627303702,6441.459052715008
2025-10-05,4,16:00-20:00,78.3140483333334,4266.954786289825,6516.132627303702,6441.459052715008
2025-10-05,5,20:00-24:00,3932.7596970164604,2904.7017999999994,6516.132627303702,6441.459052715008
2025-10-06,0,0:00-4:00,3914.39510809444,94.43769166666652,6441.459052715008,5532.133506699692
2025-10-06,1,4:00-8:00,1133.3091183333331,5988.382303333333,6441.459052715008,5532.133506699692
2025-10-06,2,8:00-12:00,3634.0278666666663,2343.1486,6441.459052715008,5532.133506699692
2025-10-06,3,12:00-16:00,5091.313362263374,53.508600000000115,6441.459052715008,5532.133506699692
2025-10-06,4,16:00-20:00,693.4178545654796,4356.519841666666,6441.459052715008,5532.133506699692
2025-10-06,5,20:00-24:00,4204.287308333333,3105.7039555349807,6441.459052715008,5532.133506699692
2025-10-07,0,0:00-4:00,4750.729549654667,68.18731666666667,5532.133506699692,6823.64139898111
2025-10-07,1,4:00-8:00,1142.2429666666662,5452.437028333334,5532.133506699692,6823.64139898111
2025-10-07,2,8:00-12:00,2958.354283333333,3067.2156166666664,5532.133506699692,6823.64139898111
2025-10-07,3,12:00-16:00,6813.944318950622,97.50546666666696,5532.133506699692,6823.64139898111
2025-10-07,4,16:00-20:00,890.9806084228464,4144.266578422849,5532.133506699692,6823.64139898111
2025-10-07,5,20:00-24:00,4223.145425,2839.3425833333326,5532.133506699692,6823.64139898111
2025-10-08,0,0:00-4:00,2528.5180929016415,70.48750833333327,6823.64139898111,5272.688833639447
2025-10-08,1,4:00-8:00,1035.6592033333332,4989.714553333333,6823.64139898111,5272.688833639447
2025-10-08,2,8:00-12:00,4524.472241666666,2374.6329333333333,6823.64139898111,5272.688833639447
2025-10-08,3,12:00-16:00,5508.335321255151,36.196238333333554,6823.64139898111,5272.688833639447
2025-10-08,4,16:00-20:00,44.686713991769565,4575.814551810699,6823.64139898111,5272.688833639447
2025-10-08,5,20:00-24:00,3784.099665216659,3463.8862267392924,6823.64139898111,5272.688833639447
2025-10-09,0,0:00-4:00,5046.300849845052,10.109166666666624,5272.688833639447,5435.5727405000025
2025-10-09,1,4:00-8:00,986.6739916666666,5213.831554149999,5272.688833639447,5435.5727405000025
2025-10-09,2,8:00-12:00,4135.049665504233,2567.888566666667,5272.688833639447,5435.5727405000025
2025-10-09,3,12:00-16:00,5626.880580071905,27.463783333333254,5272.688833639447,5435.5727405000025
2025-10-09,4,16:00-20:00,3.0756172839513356,4702.76092205,5272.688833639447,5435.5727405000025
2025-10-09,5,20:00-24:00,3666.0881,3097.246222499999,5272.688833639447,5435.5727405000025
2025-10-10,0,0:00-4:00,169.2113500000001,488.4669500000003,5435.5727405000025,4941.307348282885
2025-10-10,1,4:00-8:00,679.9137439917662,3994.853764083337,5435.5727405000025,4941.307348282885
2025-10-10,2,8:00-12:00,10646.313483333333,0.0,5435.5727405000025,4941.307348282885
2025-10-10,3,12:00-16:00,0.0,0.0,5435.5727405000025,4941.307348282885
2025-10-10,4,16:00-20:00,21.41253999999992,5795.1014450903,5435.5727405000025,4941.307348282885
2025-10-10,5,20:00-24:00,3641.0453673768548,2444.3128464303536,5435.5727405000025,4941.307348282885
2025-10-11,0,0:00-4:00,546.2656357556427,75.44157499999994,4941.307348282885,5393.954016942847
2025-10-11,1,4:00-8:00,999.7647549999997,4303.915143333334,4941.307348282885,5393.954016942847
2025-10-11,2,8:00-12:00,10370.241343662547,0.0,4941.307348282885,5393.954016942847
2025-10-11,3,12:00-16:00,0.0,0.0,4941.307348282885,5393.954016942847
2025-10-11,4,16:00-20:00,18.979513127573505,5378.3587398014415,4941.307348282885,5393.954016942847
2025-10-11,5,20:00-24:00,3685.476964300411,2487.6923916666665,4941.307348282885,5393.954016942847
2025-10-12,0,0:00-4:00,5231.535058952391,229.14189166666677,5393.954016942847,4872.285931352313
2025-10-12,1,4:00-8:00,1432.7150166666663,4502.847646166665,5393.954016942847,4872.285931352313
2025-10-12,2,8:00-12:00,3319.349649999999,2647.553833333333,5393.954016942847,4872.285931352313
2025-10-12,3,12:00-16:00,5200.4046849794195,54.05881666666653,5393.954016942847,4872.285931352313
2025-10-12,4,16:00-20:00,89.20401661331933,5028.002910206789,5393.954016942847,4872.285931352313
2025-10-12,5,20:00-24:00,3418.8388440329218,3148.4544686995855,5393.954016942847,4872.285931352313
2025-10-13,0,0:00-4:00,5435.209190164097,0.0,4872.285931352313,5292.808189296297
2025-10-13,1,4:00-8:00,1349.3645150000002,4728.285534166667,4872.285931352313,5292.808189296297
2025-10-13,2,8:00-12:00,4578.204711308416,2780.094033333333,4872.285931352313,5292.808189296297
2025-10-13,3,12:00-16:00,4669.332319267715,191.49557500000014,4872.285931352313,5292.808189296297
2025-10-13,4,16:00-20:00,214.36396543209608,4552.458075,4872.285931352313,5292.808189296297
2025-10-13,5,20:00-24:00,3623.486569999999,3463.8653799999984,4872.285931352313,5292.808189296297
2025-10-14,0,0:00-4:00,5377.308061893004,187.96332500000005,5292.808189296297,4426.734387407406
2025-10-14,1,4:00-8:00,932.3857799999995,5349.064920566666,5292.808189296297,4426.734387407406
2025-10-14,2,8:00-12:00,2869.7378833333337,3257.351136733339,5292.808189296297,4426.734387407406
2025-10-14,3,12:00-16:00,6260.336044135801,122.96435666666662,5292.808189296297,4426.734387407406
2025-10-14,4,16:00-20:00,253.3355383333336,4649.659488333333,5292.808189296297,4426.734387407406
2025-10-14,5,20:00-24:00,3613.9046249999997,2851.1396198833336,5292.808189296297,4426.734387407406
2025-10-15,0,0:00-4:00,5563.326306213993,25.54116666666664,4426.734387407406,4013.1972375
2025-10-15,1,4:00-8:00,1310.738381028807,4541.730933333333,4426.734387407406,4013.1972375
2025-10-15,2,8:00-12:00,2888.414608353904,3103.3341,4426.734387407406,4013.1972375
2025-10-15,3,12:00-16:00,5202.152348168726,340.89144999999974,4426.734387407406,4013.1972375
2025-10-15,4,16:00-20:00,410.8874866255152,4899.788966666669,4426.734387407406,4013.1972375
2025-10-15,5,20:00-24:00,3151.108875,2467.4655026166683,4426.734387407406,4013.1972375
2025-10-16,0,0:00-4:00,6466.860657366255,103.25049999999987,4013.1972375,4122.528644999999
2025-10-16,1,4:00-8:00,1085.7991683333335,4938.880719999997,4013.1972375,4122.528644999999
2025-10-16,2,8:00-12:00,5099.703126785862,3481.2896,4013.1972375,4122.528644999999
2025-10-16,3,12:00-16:00,5320.973906666666,1461.2080871810715,4013.1972375,4122.528644999999
2025-10-16,4,16:00-20:00,31.989136666666695,5471.506590142561,4013.1972375,4122.528644999999
2025-10-16,5,20:00-24:00,3251.2457249999993,1663.2893297895869,4013.1972375,4122.528644999999
2025-10-17,0,0:00-4:00,1653.5798562811449,144.2436666666665,4122.528644999999,3968.6022738333354
2025-10-17,1,4:00-8:00,975.4936232456051,4210.554883333334,4122.528644999999,3968.6022738333354
2025-10-17,2,8:00-12:00,10166.63364331276,0.0,4122.528644999999,3968.6022738333354
2025-10-17,3,12:00-16:00,0.0,0.0,4122.528644999999,3968.6022738333354
2025-10-17,4,16:00-20:00,97.40166166666666,5784.681451666665,4122.528644999999,3968.6022738333354
2025-10-17,5,20:00-24:00,3094.4487166666663,2948.9753083333335,4122.528644999999,3968.6022738333354
2025-10-18,0,0:00-4:00,2381.820207366252,198.72313333333346,3968.6022738333354,4493.624281944444
2025-10-18,1,4:00-8:00,842.6277333333334,4262.656333333333,3968.6022738333354,4493.624281944444
2025-10-18,2,8:00-12:00,9900.587969032917,21.64166666666665,3968.6022738333354,4493.624281944444
2025-10-18,3,12:00-16:00,0.0,0.0,3968.6022738333354,4493.624281944444
2025-10-18,4,16:00-20:00,13.155416666666667,5644.179591016666,3968.6022738333354,4493.624281944444
2025-10-18,5,20:00-24:00,3069.6569583333335,2528.6365789833335,3968.6022738333354,4493.624281944444
2025-10-19,0,0:00-4:00,5761.939972839507,12.095724999999902,4493.624281944444,4217.13951287037
2025-10-19,1,4:00-8:00,1061.6191833333328,4975.299268333334,4493.624281944444,4217.13951287037
2025-10-19,2,8:00-12:00,4095.50873685185,3235.949583333332,4493.624281944444,4217.13951287037
2025-10-19,3,12:00-16:00,6752.172087818933,1003.3833716666666,4493.624281944444,4217.13951287037
2025-10-19,4,16:00-20:00,77.42635120317709,5019.629942200011,4493.624281944444,4217.13951287037
2025-10-19,5,20:00-24:00,3419.093491666666,3148.363858841227,4493.624281944444,4217.13951287037
2025-10-20,0,0:00-4:00,6272.6678251440335,109.44795833333342,4217.13951287037,4011.287944492781
2025-10-20,1,4:00-8:00,1062.0958300000002,4713.0129792499965,4217.13951287037,4011.287944492781
2025-10-20,2,8:00-12:00,3978.211755,3834.1231846666715,4217.13951287037,4011.287944492781
2025-10-20,3,12:00-16:00,6424.064304526747,282.3085666666668,4217.13951287037,4011.287944492781
2025-10-20,4,16:00-20:00,489.20273760802183,4872.25929525,4217.13951287037,4011.287944492781
2025-10-20,5,20:00-24:00,3123.6532716586457,3667.529963762493,4217.13951287037,4011.287944492781
2025-10-21,0,0:00-4:00,6176.55987167469,27.27431666666689,4011.287944492781,4090.544781335934
2025-10-21,1,4:00-8:00,1784.5003699999997,4475.4741764,4011.287944492781,4090.544781335934
2025-10-21,2,8:00-12:00,2777.0708154094655,4135.743399999999,4011.287944492781,4090.544781335934
2025-10-21,3,12:00-16:00,6548.820809938271,689.8303833333334,4011.287944492781,4090.544781335934
2025-10-21,4,16:00-20:00,544.1822554938267,4749.004297160496,4011.287944492781,4090.544781335934
2025-10-21,5,20:00-24:00,3237.0336459288155,2916.558165721177,4011.287944492781,4090.544781335934
2025-10-22,0,0:00-4:00,6428.561727960066,130.24864999999988,4090.544781335934,3793.304769166667
2025-10-22,1,4:00-8:00,1850.0255499999998,4407.363645083329,4090.544781335934,3793.304769166667
2025-10-22,2,8:00-12:00,5034.709900781894,4769.533703266666,4090.544781335934,3793.304769166667
2025-10-22,3,12:00-16:00,5824.652741584359,157.39159833333338,4090.544781335934,3793.304769166667
2025-10-22,4,16:00-20:00,34.648951748972436,5187.8110938555565,4090.544781335934,3793.304769166667
2025-10-22,5,20:00-24:00,2997.4509,3572.907635794443,4090.544781335934,3793.304769166667
2025-10-23,0,0:00-4:00,6675.995098947355,85.34023333333312,3793.304769166667,4444.426984003919
2025-10-23,1,4:00-8:00,2234.7417275341268,4446.844368333334,3793.304769166667,4444.426984003919
2025-10-23,2,8:00-12:00,6297.6882000000005,4083.179883333333,3793.304769166667,4444.426984003919
2025-10-23,3,12:00-16:00,3780.932227942382,569.4045450000002,3793.304769166667,4444.426984003919
2025-10-23,4,16:00-20:00,182.7484631687234,4771.500779813138,3793.304769166667,4444.426984003919
2025-10-23,5,20:00-24:00,3322.545448426299,3678.387641308636,3793.304769166667,4444.426984003919
2025-10-24,0,0:00-4:00,1993.7406551191016,159.6179249999999,4444.426984003919,3982.567500277777
2025-10-24,1,4:00-8:00,892.5516066666665,4919.219493333333,4444.426984003919,3982.567500277777
2025-10-24,2,8:00-12:00,10364.124966666666,104.69211666666672,4444.426984003919,3982.567500277777
2025-10-24,3,12:00-16:00,210.74974611111125,59.324837032921664,4444.426984003919,3982.567500277777
2025-10-24,4,16:00-20:00,0.0,5874.355669800412,4444.426984003919,3982.567500277777
2025-10-24,5,20:00-24:00,3102.9888583333322,2715.4297181666675,4444.426984003919,3982.567500277777
2025-10-25,0,0:00-4:00,2969.78694835391,176.40530833333327,3982.567500277777,4120.320563962969
2025-10-25,1,4:00-8:00,822.7147333333335,4535.228903333334,3982.567500277777,4120.320563962969
2025-10-25,2,8:00-12:00,9657.45629537037,47.14250000000004,3982.567500277777,4120.320563962969
2025-10-25,3,12:00-16:00,0.0,0.0,3982.567500277777,4120.320563962969
2025-10-25,4,16:00-20:00,44.13982333333348,5647.626310833332,3982.567500277777,4120.320563962969
2025-10-25,5,20:00-24:00,3105.8383166666667,2915.567475,3982.567500277777,4120.320563962969
2025-10-26,0,0:00-4:00,6026.328443374482,17.038774999999987,4120.320563962969,4546.278747611115
2025-10-26,1,4:00-8:00,1966.4549683333332,4096.504928183335,4120.320563962969,4546.278747611115
2025-10-26,2,8:00-12:00,4797.053704300783,3697.118316666666,4120.320563962969,4546.278747611115
2025-10-26,3,12:00-16:00,4854.176088456416,469.2771833333335,4120.320563962969,4546.278747611115
2025-10-26,4,16:00-20:00,0.0,4533.659602983334,4120.320563962969,4546.278747611115
2025-10-26,5,20:00-24:00,3331.6190657894585,3793.3009674561245,4120.320563962969,4546.278747611115
2025-10-27,0,0:00-4:00,5922.72107518518,129.07700833333308,4546.278747611115,4126.741475185186
2025-10-27,1,4:00-8:00,1762.7545800000003,4354.193849545003,4546.278747611115,4126.741475185186
2025-10-27,2,8:00-12:00,5346.643767197233,3567.9684833333326,4546.278747611115,4126.741475185186
2025-10-27,3,12:00-16:00,4566.185211988025,762.8845133333333,4546.278747611115,4126.741475185186
2025-10-27,4,16:00-20:00,17.69220348279896,4946.730221316954,4546.278747611115,4126.741475185186
2025-10-27,5,20:00-24:00,3277.8578119341564,3540.751735649178,4546.278747611115,4126.741475185186
2025-10-28,0,0:00-4:00,6122.421460678993,73.8363750000002,4126.741475185186,4301.802212222225
2025-10-28,1,4:00-8:00,1874.0351149999997,3702.0974080666642,4126.741475185186,4301.802212222225
2025-10-28,2,8:00-12:00,4327.186514949355,4263.6385666666665,4126.741475185186,4301.802212222225
2025-10-28,3,12:00-16:00,5632.458809042435,498.9375166666665,4126.741475185186,4301.802212222225
2025-10-28,4,16:00-20:00,49.24625565843831,4700.916745416667,4126.741475185186,4301.802212222225
2025-10-28,5,20:00-24:00,3185.612766666666,3767.6970716666656,4126.741475185186,4301.802212222225
2025-10-29,0,0:00-4:00,6566.81711419753,66.63459166666655,4301.802212222225,4000.9523237037033
2025-10-29,1,4:00-8:00,1924.0869318724262,4160.6266762,4301.802212222225,4000.9523237037033
2025-10-29,2,8:00-12:00,2568.637950254048,5228.007283333332,4301.802212222225,4000.9523237037033
2025-10-29,3,12:00-16:00,5672.837514683918,863.8585333333334,4301.802212222225,4000.9523237037033
2025-10-29,4,16:00-20:00,144.650576666667,4966.296152166256,4301.802212222225,4000.9523237037033
2025-10-29,5,20:00-24:00,3122.4128166666665,1184.8904154834972,4301.802212222225,4000.9523237037033
2025-10-30,0,0:00-4:00,6984.044749999999,99.1173500000001,4000.9523237037033,4067.564697503704
2025-10-30,1,4:00-8:00,1559.334664506172,3739.5774972500003,4000.9523237037033,4067.564697503704
2025-10-30,2,8:00-12:00,5671.337079814816,3877.7197333333334,4000.9523237037033,4067.564697503704
2025-10-30,3,12:00-16:00,3585.2185129835357,590.0821816666664,4000.9523237037033,4067.564697503704
2025-10-30,4,16:00-20:00,29.901602000000253,4940.339109616665,4000.9523237037033,4067.564697503704
2025-10-30,5,20:00-24:00,3107.0491416666664,3652.0904499999997,4000.9523237037033,4067.564697503704
2025-10-31,0,0:00-4:00,2733.7306524238693,102.12069166666697,4067.564697503704,4504.013334537041
2025-10-31,1,4:00-8:00,945.2146883333334,5005.928414999999,4067.564697503704,4504.013334537041
2025-10-31,2,8:00-12:00,7937.6374166666665,106.15228333333334,4067.564697503704,4504.013334537041
2025-10-31,3,12:00-16:00,2301.186578683123,0.0,4067.564697503704,4504.013334537041
2025-10-31,4,16:00-20:00,24.386886666666896,5760.147046666665,4067.564697503704,4504.013334537041
2025-10-31,5,20:00-24:00,3224.290175,2537.6693721999995,4067.564697503704,4504.013334537041
2025-11-01,0,0:00-4:00,2035.4972336419705,217.22649999999993,4504.013334537041,4728.278938461821
2025-11-01,1,4:00-8:00,972.9012749999997,4888.114436666666,4504.013334537041,4728.278938461821
2025-11-01,2,8:00-12:00,8819.697366666665,95.4192333333333,4504.013334537041,4728.278938461821
2025-11-01,3,12:00-16:00,1592.9514854938263,3.900193333333391,4504.013334537041,4728.278938461821
2025-11-01,4,16:00-20:00,74.8586949999999,5594.756258333335,4504.013334537041,4728.278938461821
2025-11-01,5,20:00-24:00,3459.8039916666667,2732.8694732510285,4504.013334537041,4728.278938461821
2025-11-02,0,0:00-4:00,5918.400433333333,214.83673995757943,4728.278938461821,4076.7980404328855
2025-11-02,1,4:00-8:00,1829.4467516666666,4038.7804926000017,4728.278938461821,4076.7980404328855
2025-11-02,2,8:00-12:00,5273.0799333333325,4859.44165,4728.278938461821,4076.7980404328855
2025-11-02,3,12:00-16:00,6124.254327685522,929.9891333333329,4728.278938461821,4076.7980404328855
2025-11-02,4,16:00-20:00,0.0,4925.678479173159,4728.278938461821,4076.7980404328855
2025-11-02,5,20:00-24:00,3220.563527443732,3733.859741666666,4728.278938461821,4076.7980404328855
2025-11-03,0,0:00-4:00,6383.965493263871,119.25212499999975,4076.7980404328855,4412.9731088873705
2025-11-03,1,4:00-8:00,1831.6569633333334,3520.179672418276,4076.7980404328855,4412.9731088873705
2025-11-03,2,8:00-12:00,4234.367437676883,4594.504116666665,4076.7980404328855,4412.9731088873705
2025-11-03,3,12:00-16:00,5951.050283950619,620.0248666666668,4076.7980404328855,4412.9731088873705
2025-11-03,4,16:00-20:00,38.4223914197522,4816.041575551366,4076.7980404328855,4412.9731088873705
2025-11-03,5,20:00-24:00,3229.3585635802474,3579.1852,4076.7980404328855,4412.9731088873705
2025-11-04,0,0:00-4:00,6011.616066666666,34.148533333333376,4412.9731088873705,4028.519349629629
2025-11-04,1,4:00-8:00,1936.5219583333328,3221.850265750001,4412.9731088873705,4028.519349629629
2025-11-04,2,8:00-12:00,5043.015638333332,4431.83445,4412.9731088873705,4028.519349629629
2025-11-04,3,12:00-16:00,4339.754280392633,610.8776716666664,4412.9731088873705,4028.519349629629
2025-11-04,4,16:00-20:00,39.914730267489176,5148.466161798496,4412.9731088873705,4028.519349629629
2025-11-04,5,20:00-24:00,3190.927558333333,3553.8489889681696,4412.9731088873705,4028.519349629629
2025-11-05,0,0:00-4:00,6591.079005967081,161.617833333333,4028.519349629629,4405.884152231481
2025-11-05,1,4:00-8:00,1999.904591666666,3528.1872268697607,4028.519349629629,4405.884152231481
2025-11-05,2,8:00-12:00,5337.895616666666,4997.535,4028.519349629629,4405.884152231481
2025-11-05,3,12:00-16:00,5314.204236979127,805.2249499999997,4028.519349629629,4405.884152231481
2025-11-05,4,16:00-20:00,95.63986566666665,4835.651336323331,4028.519349629629,4405.884152231481
2025-11-05,5,20:00-24:00,3126.0742474999993,3528.6413583333333,4028.519349629629,4405.884152231481
2025-11-06,0,0:00-4:00,6332.828463384775,135.8632416666668,4405.884152231481,4190.405409445133
2025-11-06,1,4:00-8:00,1778.2197866666666,3114.142234383333,4405.884152231481,4190.405409445133
2025-11-06,2,8:00-12:00,4607.503378662554,6205.239343500001,4405.884152231481,4190.405409445133
2025-11-06,3,12:00-16:00,6523.097581666665,496.47459999999955,4405.884152231481,4190.405409445133
2025-11-06,4,16:00-20:00,230.25894090534504,4758.8782035827135,4405.884152231481,4190.405409445133
2025-11-06,5,20:00-24:00,3030.403541666666,3710.2057166666673,4405.884152231481,4190.405409445133
2025-11-07,0,0:00-4:00,2866.5581003696047,156.07548333333307,4190.405409445133,4469.085328611113
2025-11-07,1,4:00-8:00,1072.9705716666667,5386.62065,4190.405409445133,4469.085328611113
2025-11-07,2,8:00-12:00,6833.16915,359.82195951666756,4190.405409445133,4469.085328611113
2025-11-07,3,12:00-16:00,3858.3555413580243,0.0,4190.405409445133,4469.085328611113
2025-11-07,4,16:00-20:00,0.0,5704.339498333333,4190.405409445133,4469.085328611113
2025-11-07,5,20:00-24:00,3447.8909083333333,2786.2753416666665,4190.405409445133,4469.085328611113
2025-11-08,0,0:00-4:00,2571.288813888886,179.72144999999995,4469.085328611113,4496.956881342593
2025-11-08,1,4:00-8:00,987.3344833333333,5169.135391666667,4469.085328611113,4496.956881342593
2025-11-08,2,8:00-12:00,7303.997733333333,183.02918333333326,4469.085328611113,4496.956881342593
2025-11-08,3,12:00-16:00,3001.217524074076,80.07850000000008,4469.085328611113,4496.956881342593
2025-11-08,4,16:00-20:00,48.67737916666795,5770.737529416666,4469.085328611113,4496.956881342593
2025-11-08,5,20:00-24:00,3568.307216666666,2751.6803,4469.085328611113,4496.956881342593
2025-11-09,0,0:00-4:00,6024.676467952677,94.96889166666676,4496.956881342593,4201.978025462963
2025-11-09,1,4:00-8:00,1971.3483083333335,2050.9897062333325,4496.956881342593,4201.978025462963
2025-11-09,2,8:00-12:00,5013.549075000001,5250.978233333333,4496.956881342593,4201.978025462963
2025-11-09,3,12:00-16:00,3913.1107035730374,1371.542635,4496.956881342593,4201.978025462963
2025-11-09,4,16:00-20:00,188.48512874999938,4893.05728143827,4496.956881342593,4201.978025462963
2025-11-09,5,20:00-24:00,3336.7439583333335,3166.754272593393,4496.956881342593,4201.978025462963
2025-11-10,0,0:00-4:00,6127.025668930039,11.157791666666753,4201.978025462963,4177.283534999999
2025-11-10,1,4:00-8:00,1777.0135349999991,2277.1263465416623,4201.978025462963,4177.283534999999
2025-11-10,2,8:00-12:00,4564.239319887896,5912.7238333333335,4201.978025462963,4177.283534999999
2025-11-10,3,12:00-16:00,5169.180563711885,1136.003666666666,4201.978025462963,4177.283534999999
2025-11-10,4,16:00-20:00,31.897778333333463,5105.156959916661,4201.978025462963,4177.283534999999
2025-11-10,5,20:00-24:00,3359.1768999999995,2613.1687936408257,4201.978025462963,4177.283534999999
2025-11-11,0,0:00-4:00,6399.558091666667,35.64396666666664,4177.283534999999,4132.94717780667
2025-11-11,1,4:00-8:00,1976.833687037034,2051.843861066668,4177.283534999999,4132.94717780667
2025-11-11,2,8:00-12:00,4078.0234792798356,5669.263383333332,4177.283534999999,4132.94717780667
2025-11-11,3,12:00-16:00,5596.635025432097,904.1546999999999,4177.283534999999,4132.94717780667
2025-11-11,4,16:00-20:00,65.12452594065599,5026.094191025721,4177.283534999999,4132.94717780667
2025-11-11,5,20:00-24:00,3192.3186333333333,3612.7823079602035,4177.283534999999,4132.94717780667
2025-11-12,0,0:00-4:00,6450.286965770364,39.72277500000007,4132.94717780667,4690.885751351857
2025-11-12,1,4:00-8:00,1926.9636212551397,2384.197300000001,4132.94717780667,4690.885751351857
2025-11-12,2,8:00-12:00,5101.924156666666,5886.26505,4132.94717780667,4690.885751351857
2025-11-12,3,12:00-16:00,5545.533400308642,1099.4809316666667,4132.94717780667,4690.885751351857
2025-11-12,4,16:00-20:00,35.60042499999963,4829.407848283328,4132.94717780667,4690.885751351857
2025-11-12,5,20:00-24:00,3719.1193583333325,3710.1179999999995,4132.94717780667,4690.885751351857
2025-11-13,0,0:00-4:00,5521.744422386823,85.90600833333292,4690.885751351857,4544.73746475926
2025-11-13,1,4:00-8:00,1979.9343598499997,1851.5616516666655,4690.885751351857,4544.73746475926
2025-11-13,2,8:00-12:00,4597.583232022434,4888.626816666667,4690.885751351857,4544.73746475926
2025-11-13,3,12:00-16:00,4917.020825802458,1458.8917999999999,4690.885751351857,4544.73746475926
2025-11-13,4,16:00-20:00,2.593141666666611,4746.296163133334,4690.885751351857,4544.73746475926
2025-11-13,5,20:00-24:00,3465.5519249999993,3692.637622583333,4690.885751351857,4544.73746475926
2025-11-14,0,0:00-4:00,2942.707773699382,61.08415192983591,4544.73746475926,4533.76100172223
2025-11-14,1,4:00-8:00,977.0550583333338,5367.60795,4544.73746475926,4533.76100172223
2025-11-14,2,8:00-12:00,6563.5851,262.9838,4544.73746475926,4533.76100172223
2025-11-14,3,12:00-16:00,3493.704146543213,95.59892864999995,4544.73746475926,4533.76100172223
2025-11-14,4,16:00-20:00,81.76186166666673,5803.303012166665,4544.73746475926,4533.76100172223
2025-11-14,5,20:00-24:00,3646.595608333333,2760.6827083333333,4544.73746475926,4533.76100172223
2025-11-15,0,0:00-4:00,3092.6220126337357,197.418316666667,4533.76100172223,4605.005143588704
2025-11-15,1,4:00-8:00,885.8931749999999,5687.828379999999,4533.76100172223,4605.005143588704
2025-11-15,2,8:00-12:00,6303.727066666666,367.18624019999834,4533.76100172223,4605.005143588704
2025-11-15,3,12:00-16:00,4399.298530041149,14.54856917390805,4533.76100172223,4605.005143588704
2025-11-15,4,16:00-20:00,150.83312598333407,5724.5634378094255,4533.76100172223,4605.005143588704
2025-11-15,5,20:00-24:00,3552.3087499999992,2835.9282833333336,4533.76100172223,4605.005143588704
2025-11-16,0,0:00-4:00,5926.7783265681055,11.0474999999999,4605.005143588704,4331.063831018521
2025-11-16,1,4:00-8:00,1790.1443866666668,2030.3533656333302,4605.005143588704,4331.063831018521
2025-11-16,2,8:00-12:00,4197.808619444433,6632.145128333333,4605.005143588704,4331.063831018521
2025-11-16,3,12:00-16:00,7207.247142304537,1239.7612000000001,4605.005143588704,4331.063831018521
2025-11-16,4,16:00-20:00,84.71574668724213,4857.189786566665,4605.005143588704,4331.063831018521
2025-11-16,5,20:00-24:00,3347.813133333333,3745.2011583333333,4605.005143588704,4331.063831018521
2025-11-17,0,0:00-4:00,6168.7855329423855,112.59524999999985,4331.063831018521,4509.136318419294
2025-11-17,1,4:00-8:00,2096.976008333333,1564.6307599333336,4331.063831018521,4509.136318419294
2025-11-17,2,8:00-12:00,4873.137129999999,6379.231166666666,4331.063831018521,4509.136318419294
2025-11-17,3,12:00-16:00,5199.1663435596665,975.3329333333332,4331.063831018521,4509.136318419294
2025-11-17,4,16:00-20:00,39.73307616666739,4639.311590617638,4331.063831018521,4509.136318419294
2025-11-17,5,20:00-24:00,3339.925743415637,3759.9893666666662,4331.063831018521,4509.136318419294
2025-11-18,0,0:00-4:00,5975.697683422996,49.41862499999036,4509.136318419294,4551.467647509266
2025-11-18,1,4:00-8:00,2047.31864,2310.9153872833344,4509.136318419294,4551.467647509266
2025-11-18,2,8:00-12:00,5096.107409999999,5767.2021,4509.136318419294,4551.467647509266
2025-11-18,3,12:00-16:00,6146.032919711934,1815.463463333333,4509.136318419294,4551.467647509266
2025-11-18,4,16:00-20:00,88.5358053774828,4790.322075089094,4509.136318419294,4551.467647509266
2025-11-18,5,20:00-24:00,3432.283666666666,3685.220814508332,4509.136318419294,4551.467647509266
2025-11-19,0,0:00-4:00,5891.185486656371,52.66902500000015,4551.467647509266,4536.504181574072
2025-11-19,1,4:00-8:00,1972.6932016666672,1347.210446383332,4551.467647509266,4536.504181574072
2025-11-19,2,8:00-12:00,4830.87922195473,7034.481063333333,4551.467647509266,4536.504181574072
2025-11-19,3,12:00-16:00,6345.882874032919,1364.879383333333,4551.467647509266,4536.504181574072
2025-11-19,4,16:00-20:00,69.68303989711848,4736.7823960666665,4551.467647509266,4536.504181574072
2025-11-19,5,20:00-24:00,3428.0053666666668,3733.4914498333333,4551.467647509266,4536.504181574072
2025-11-20,0,0:00-4:00,5998.947731584365,152.08780000000013,4536.504181574072,4670.736519529597
2025-11-20,1,4:00-8:00,2001.8194966666665,2278.5531242341685,4536.504181574072,4670.736519529597
2025-11-20,2,8:00-12:00,5018.7580499999995,5847.0080499999995,4536.504181574072,4670.736519529597
2025-11-20,3,12:00-16:00,6523.204488190328,1914.8159,4536.504181574072,4670.736519529597
2025-11-20,4,16:00-20:00,48.05838166666649,4646.283610030863,4536.504181574072,4670.736519529597
2025-11-20,5,20:00-24:00,3345.65748575,3618.963375,4536.504181574072,4670.736519529597
2025-11-21,0,0:00-4:00,3199.4275248804665,166.88195833333322,4670.736519529597,4671.893941555327
2025-11-21,1,4:00-8:00,858.5187897368515,5709.31842,4670.736519529597,4671.893941555327
2025-11-21,2,8:00-12:00,6408.778083333333,450.44919999999996,4670.736519529597,4671.893941555327
2025-11-21,3,12:00-16:00,4154.2468498971175,0.0,4670.736519529597,4671.893941555327
2025-11-21,4,16:00-20:00,102.55373833333334,5510.189177983539,4670.736519529597,4671.893941555327
2025-11-21,5,20:00-24:00,3297.3244,2759.0075666666667,4670.736519529597,4671.893941555327
2025-11-22,0,0:00-4:00,3862.919661067128,220.70468333333338,4671.893941555327,4404.2935242435215
2025-11-22,1,4:00-8:00,862.3607499999999,5786.316796666666,4671.893941555327,4404.2935242435215
2025-11-22,2,8:00-12:00,5266.507166666666,609.8762833333334,4671.893941555327,4404.2935242435215
2025-11-22,3,12:00-16:00,4986.228738233539,15.779916203906396,4671.893941555327,4404.2935242435215
2025-11-22,4,16:00-20:00,45.90250000000003,5744.100294560258,4671.893941555327,4404.2935242435215
2025-11-22,5,20:00-24:00,3422.367783333333,2805.5545469166664,4671.893941555327,4404.2935242435215
2025-11-23,0,0:00-4:00,6130.648590284975,9.107500000000073,4404.2935242435215,4205.303483950785
2025-11-23,1,4:00-8:00,1735.983135,2168.902543950003,4404.2935242435215,4205.303483950785
2025-11-23,2,8:00-12:00,4270.410761666667,7077.825825349997,4404.2935242435215,4205.303483950785
2025-11-23,3,12:00-16:00,7759.0773247530815,1103.88535,4404.2935242435215,4205.303483950785
2025-11-23,4,16:00-20:00,13.032499999999914,4924.8904,4404.2935242435215,4205.303483950785
2025-11-23,5,20:00-24:00,3292.4213607683605,3687.754091666666,4404.2935242435215,4205.303483950785
2025-11-24,0,0:00-4:00,6193.0834583880205,25.259941666666464,4205.303483950785,4231.71223842592
2025-11-24,1,4:00-8:00,2084.8926616666668,934.8620035833327,4205.303483950785,4231.71223842592
2025-11-24,2,8:00-12:00,4738.439436069958,5786.8143,4205.303483950785,4231.71223842592
2025-11-24,3,12:00-16:00,4606.154688353903,1592.1187883333337,4205.303483950785,4231.71223842592
2025-11-24,4,16:00-20:00,9.84992500000044,4682.86924666667,4205.303483950785,4231.71223842592
2025-11-24,5,20:00-24:00,3239.815366666666,3860.818625,4205.303483950785,4231.71223842592
2025-11-25,0,0:00-4:00,6414.093871913585,233.41337499999975,4231.71223842592,4549.505833851857
2025-11-25,1,4:00-8:00,1928.1693566666672,1119.4563165999962,4231.71223842592,4549.505833851857
2025-11-25,2,8:00-12:00,4931.992788333333,7013.179596666666,4231.71223842592,4549.505833851857
2025-11-25,3,12:00-16:00,6058.713678991763,1382.1971799999997,4231.71223842592,4549.505833851857
2025-11-25,4,16:00-20:00,6.566917592592075,4832.657572699997,4231.71223842592,4549.505833851857
2025-11-25,5,20:00-24:00,3542.4817999999996,3667.5166380833325,4231.71223842592,4549.505833851857
2025-11-26,0,0:00-4:00,5859.527836440319,28.54320833333361,4549.505833851857,4873.635367796294
2025-11-26,1,4:00-8:00,2221.3429528806582,957.1859633333332,4549.505833851857,4873.635367796294
2025-11-26,2,8:00-12:00,4446.774725041153,6865.342109833327,4549.505833851857,4873.635367796294
2025-11-26,3,12:00-16:00,6325.234205020567,1794.3165416666661,4549.505833851857,4873.635367796294
2025-11-26,4,16:00-20:00,18.82727983539078,4527.4772209,4549.505833851857,4873.635367796294
2025-11-26,5,20:00-24:00,3424.5160250000004,3595.3590249999997,4549.505833851857,4873.635367796294
2025-11-27,0,0:00-4:00,5765.602504670782,15.955308333333164,4873.635367796294,4315.158902777777
2025-11-27,1,4:00-8:00,1784.5512561522714,1377.4791432166598,4873.635367796294,4315.158902777777
2025-11-27,2,8:00-12:00,4856.0018949797295,6236.095833333333,4873.635367796294,4315.158902777777
2025-11-27,3,12:00-16:00,5429.6155388569005,1965.2034647000005,4873.635367796294,4315.158902777777
2025-11-27,4,16:00-20:00,156.5762052666655,4884.088139416667,4873.635367796294,4315.158902777777
2025-11-27,5,20:00-24:00,3495.426641666667,3428.9039032069986,4873.635367796294,4315.158902777777
2025-11-28,0,0:00-4:00,4980.764837901231,90.4987916666663,4315.158902777777,4591.587668443533
2025-11-28,1,4:00-8:00,1004.7581448971221,5964.309041666666,4315.158902777777,4591.587668443533
2025-11-28,2,8:00-12:00,5011.078416666666,747.8469666666665,4315.158902777777,4591.587668443533
2025-11-28,3,12:00-16:00,4645.709236822652,31.259827893006786,4315.158902777777,4591.587668443533
2025-11-28,4,16:00-20:00,47.798213827161646,5782.941040267492,4315.158902777777,4591.587668443533
2025-11-28,5,20:00-24:00,3618.4612514403284,2774.300225,4315.158902777777,4591.587668443533
2025-11-29,0,0:00-4:00,4308.807408108011,196.0709583333334,4591.587668443533,4101.307933240741
2025-11-29,1,4:00-8:00,1048.4080016666667,5872.351183333333,4591.587668443533,4101.307933240741
2025-11-29,2,8:00-12:00,3963.703933333333,768.2192166666666,4591.587668443533,4101.307933240741
2025-11-29,3,12:00-16:00,4273.601443333333,144.974129166666,4591.587668443533,4101.307933240741
2025-11-29,4,16:00-20:00,184.4608533941676,5415.635896583466,4591.587668443533,4101.307933240741
2025-11-29,5,20:00-24:00,3329.7669281893004,1902.0867176991492,4591.587668443533,4101.307933240741
2025-11-30,0,0:00-4:00,6391.149472305604,118.3602999999996,4101.307933240741,3968.0419869444445
2025-11-30,1,4:00-8:00,2191.8470746491284,952.029676583335,4101.307933240741,3968.0419869444445
2025-11-30,2,8:00-12:00,4550.274294999999,7590.855020047172,4101.307933240741,3968.0419869444445
2025-11-30,3,12:00-16:00,6131.963611019564,2320.492166666667,4101.307933240741,3968.0419869444445
2025-11-30,4,16:00-20:00,191.1462068000053,4841.600109850002,4101.307933240741,3968.0419869444445
2025-11-30,5,20:00-24:00,3210.0141166666667,2656.3818474366735,4101.307933240741,3968.0419869444445
2025-12-01,0,0:00-4:00,5915.006300617282,717.9715583333333,3968.0419869444445,4277.527319351852
2025-12-01,1,4:00-8:00,1541.2341600000002,2897.770021133326,3968.0419869444445,4277.527319351852
2025-12-01,2,8:00-12:00,5013.389046666666,4915.050981883339,3968.0419869444445,4277.527319351852
2025-12-01,3,12:00-16:00,7273.622242244227,2843.903646728395,3968.0419869444445,4277.527319351852
2025-12-01,4,16:00-20:00,218.02532685905533,5009.000566716047,3968.0419869444445,4277.527319351852
2025-12-01,5,20:00-24:00,3499.888508333334,2341.310549662557,3968.0419869444445,4277.527319351852
2025-12-02,0,0:00-4:00,6073.504417386832,849.0838333333339,4277.527319351852,3886.589399351852
2025-12-02,1,4:00-8:00,1519.2691650000002,2592.786161666666,4277.527319351852,3886.589399351852
2025-12-02,2,8:00-12:00,4446.113193930041,5478.051194150007,4277.527319351852,3886.589399351852
2025-12-02,3,12:00-16:00,7308.830109320989,2721.6585321746393,4277.527319351852,3886.589399351852
2025-12-02,4,16:00-20:00,118.08626333333302,5066.759187966663,4277.527319351852,3886.589399351852
2025-12-02,5,20:00-24:00,3076.744291666667,1902.968645625364,4277.527319351852,3886.589399351852
2025-12-03,0,0:00-4:00,6913.465424999999,202.37509999999997,3886.589399351852,4421.986749055588
2025-12-03,1,4:00-8:00,2122.2733558230448,1103.1914483333367,3886.589399351852,4421.986749055588
2025-12-03,2,8:00-12:00,4893.925936666667,7464.176881666665,3886.589399351852,4421.986749055588
2025-12-03,3,12:00-16:00,7849.059729732509,2648.953831666666,3886.589399351852,4421.986749055588
2025-12-03,4,16:00-20:00,63.34610666666663,4652.566491833302,3886.589399351852,4421.986749055588
2025-12-03,5,20:00-24:00,3260.611125,3780.0507916666666,3886.589399351852,4421.986749055588
2025-12-04,0,0:00-4:00,6236.237723271568,199.16330000000016,4421.986749055588,5287.3747426851905
2025-12-04,1,4:00-8:00,1950.4876383333333,1028.7205366666667,4421.986749055588,5287.3747426851905
2025-12-04,2,8:00-12:00,5464.643478333333,8074.642309999999,4421.986749055588,5287.3747426851905
2025-12-04,3,12:00-16:00,7711.920724252059,2283.6081816666665,4421.986749055588,5287.3747426851905
2025-12-04,4,16:00-20:00,113.20426333333239,4606.055856694161,4421.986749055588,5287.3747426851905
2025-12-04,5,20:00-24:00,3368.5300666666662,3153.429975,4421.986749055588,5287.3747426851905
2025-12-05,0,0:00-4:00,5415.344358127566,126.24384166666636,5287.3747426851905,4083.932619259259
2025-12-05,1,4:00-8:00,1027.803800205759,6599.146551666667,5287.3747426851905,4083.932619259259
2025-12-05,2,8:00-12:00,3597.038218374497,1974.4232666666664,5287.3747426851905,4083.932619259259
2025-12-05,3,12:00-16:00,6299.3953950000005,164.52101333333337,5287.3747426851905,4083.932619259259
2025-12-05,4,16:00-20:00,104.146227349995,5828.947099999999,5287.3747426851905,4083.932619259259
2025-12-05,5,20:00-24:00,3316.0562333333332,2395.2413659868434,5287.3747426851905,4083.932619259259
2025-12-06,0,0:00-4:00,6731.5471980452685,162.3436666666667,4083.932619259259,4084.0250989814813
2025-12-06,1,4:00-8:00,1011.634808333333,6256.562221666666,4083.932619259259,4084.0250989814813
2025-12-06,2,8:00-12:00,1653.2684,2071.3541333333333,4083.932619259259,4084.0250989814813
2025-12-06,3,12:00-16:00,5888.516473570571,40.43002833333321,4083.932619259259,4084.0250989814813
2025-12-06,4,16:00-20:00,84.9212397833345,5743.43175,4083.932619259259,4084.0250989814813
2025-12-06,5,20:00-24:00,3246.8137416666664,805.3234759833315,4083.932619259259,4084.0250989814813
2025-12-07,0,0:00-4:00,6510.3248594650195,262.4547749999998,4084.0250989814813,4157.494013148146
2025-12-07,1,4:00-8:00,2062.7827599999987,1313.1728516666685,4084.0250989814813,4157.494013148146
2025-12-07,2,8:00-12:00,5036.491223333334,7712.115311666666,4084.0250989814813,4157.494013148146
2025-12-07,3,12:00-16:00,8140.6703266666655,2660.578978333333,4084.0250989814813,4157.494013148146
2025-12-07,4,16:00-20:00,183.54304166666634,4878.615509238683,4084.0250989814813,4157.494013148146
2025-12-07,5,20:00-24:00,3333.372599999999,3573.3602483613154,4084.0250989814813,4157.494013148146
2025-12-08,0,0:00-4:00,7032.126399279837,43.57769166666708,4157.494013148146,4918.816313462968
2025-12-08,1,4:00-8:00,1210.6461025720196,654.8126466666665,4157.494013148146,4918.816313462968
2025-12-08,2,8:00-12:00,5645.016014999999,7239.701561666667,4157.494013148146,4918.816313462968
2025-12-08,3,12:00-16:00,6748.372750432099,2798.9433383333326,4157.494013148146,4918.816313462968
2025-12-08,4,16:00-20:00,45.639906666667,4580.005996949999,4157.494013148146,4918.816313462968
2025-12-08,5,20:00-24:00,3738.7572999999993,3778.4210583333324,4157.494013148146,4918.816313462968
2025-12-09,0,0:00-4:00,6131.9294186539055,40.599941666666496,4918.816313462968,4632.940165531009
2025-12-09,1,4:00-8:00,1444.0738260168696,1366.5282585000014,4918.816313462968,4632.940165531009
2025-12-09,2,8:00-12:00,5356.171162173663,7375.093325966667,4918.816313462968,4632.940165531009
2025-12-09,3,12:00-16:00,7500.028613709503,2474.79760263203,4918.816313462968,4632.940165531009
2025-12-09,4,16:00-20:00,28.457450617284824,4801.0373661937565,4918.816313462968,4632.940165531009
2025-12-09,5,20:00-24:00,3611.2230104999994,3697.4576583333337,4918.816313462968,4632.940165531009
2025-12-10,0,0:00-4:00,6586.239863298878,59.77934166666648,4632.940165531009,5088.42023855983
2025-12-10,1,4:00-8:00,1122.2265001028793,633.7245616666667,4632.940165531009,5088.42023855983
2025-12-10,2,8:00-12:00,5131.654666666666,7200.525581666667,4632.940165531009,5088.42023855983
2025-12-10,3,12:00-16:00,6870.578337736625,2550.0537752333325,4632.940165531009,5088.42023855983
2025-12-10,4,16:00-20:00,78.76693909553796,4641.112561049382,4632.940165531009,5088.42023855983
2025-12-10,5,20:00-24:00,3413.6493083333335,3299.395761330825,4632.940165531009,5088.42023855983
2025-12-11,0,0:00-4:00,6099.713818266855,14.948341666666579,5088.42023855983,5435.187862500007
2025-12-11,1,4:00-8:00,1044.8746903292206,631.7465650000001,5088.42023855983,5435.187862500007
2025-12-11,2,8:00-12:00,5846.631618333333,7130.024794999999,5088.42023855983,5435.187862500007
2025-12-11,3,12:00-16:00,5401.95689401235,1981.3318999999997,5088.42023855983,5435.187862500007
2025-12-11,4,16:00-20:00,57.12808833333338,4398.840991851855,5088.42023855983,5435.187862500007
2025-12-11,5,20:00-24:00,3479.1056083333324,3293.83922619814,5088.42023855983,5435.187862500007
2025-12-12,0,0:00-4:00,5527.9478916666585,40.95972499999965,5435.187862500007,4981.980896930047
2025-12-12,1,4:00-8:00,581.6252596707823,6010.415318333333,5435.187862500007,4981.980896930047
2025-12-12,2,8:00-12:00,3781.385942301598,1975.0492166666663,5435.187862500007,4981.980896930047
2025-12-12,3,12:00-16:00,5979.109034447372,0.0,5435.187862500007,4981.980896930047
2025-12-12,4,16:00-20:00,59.973393004112495,5491.141348333333,5435.187862500007,4981.980896930047
2025-12-12,5,20:00-24:00,3527.8894999999998,2651.2447877629584,5435.187862500007,4981.980896930047
2025-12-13,0,0:00-4:00,5647.868336744393,424.1791333333331,4981.980896930047,4480.28616
2025-12-13,1,4:00-8:00,844.9115333333332,6513.331651250005,4981.980896930047,4480.28616
2025-12-13,2,8:00-12:00,4014.884653333337,1725.4237174166633,4981.980896930047,4480.28616
2025-12-13,3,12:00-16:00,5546.947753333334,74.59471666666684,4981.980896930047,4480.28616
2025-12-13,4,16:00-20:00,197.77820094897095,5538.6211260499995,4981.980896930047,4480.28616
2025-12-13,5,20:00-24:00,3654.1811916666657,2299.697970702007,4981.980896930047,4480.28616
2025-12-14,0,0:00-4:00,6424.240490534978,131.14068333333375,4480.28616,4647.581503840877
2025-12-14,1,4:00-8:00,1822.4532996502085,1172.0064665833338,4480.28616,4647.581503840877
2025-12-14,2,8:00-12:00,4893.036085,7633.538933933334,4480.28616,4647.581503840877
2025-12-14,3,12:00-16:00,7901.201861255149,2418.7261666666664,4480.28616,4647.581503840877
2025-12-14,4,16:00-20:00,158.27493872428025,4854.194830450003,4480.28616,4647.581503840877
2025-12-14,5,20:00-24:00,3673.7320083333334,3786.9074432098764,4480.28616,4647.581503840877
2025-12-15,0,0:00-4:00,6836.020551287914,0.0,4647.581503840877,5258.2419021538635
2025-12-15,1,4:00-8:00,740.7935102880633,600.0427433333334,4647.581503840877,5258.2419021538635
2025-12-15,2,8:00-12:00,5706.215684999998,7331.294281666665,4647.581503840877,5258.2419021538635
2025-12-15,3,12:00-16:00,6159.178284135801,2279.6748333333335,4647.581503840877,5258.2419021538635
2025-12-15,4,16:00-20:00,5.245342078190106,4520.045424549793,4647.581503840877,5258.2419021538635
2025-12-15,5,20:00-24:00,3598.383275,3386.476043345064,4647.581503840877,5258.2419021538635
2025-12-16,0,0:00-4:00,6157.508997606819,0.0,5258.2419021538635,5189.709044679272
2025-12-16,1,4:00-8:00,1032.16396230227,836.0528094648374,5258.2419021538635,5189.709044679272
2025-12-16,2,8:00-12:00,5487.634489464834,7069.450611666667,5258.2419021538635,5189.709044679272
2025-12-16,3,12:00-16:00,5893.2117389302275,2149.034833333333,5258.2419021538635,5189.709044679272
2025-12-16,4,16:00-20:00,52.22728500000039,4523.349311067456,5258.2419021538635,5189.709044679272
2025-12-16,5,20:00-24:00,3709.0959833333336,3572.5843960711973,5258.2419021538635,5189.709044679272
2025-12-17,0,0:00-4:00,6233.656617023028,0.0,5189.709044679272,5551.804507296303
2025-12-17,1,4:00-8:00,707.2788600823051,572.8958766666669,5189.709044679272,5551.804507296303
2025-12-17,2,8:00-12:00,6556.751356666666,6556.2278633333335,5189.709044679272,5551.804507296303
2025-12-17,3,12:00-16:00,4266.0740713168725,2210.260733333333,5189.709044679272,5551.804507296303
2025-12-17,4,16:00-20:00,15.963662551442793,4334.514392,5189.709044679272,5551.804507296303
2025-12-17,5,20:00-24:00,3617.9726166666655,3332.3499375999963,5189.709044679272,5551.804507296303
2025-12-18,0,0:00-4:00,5892.918993950608,49.88844166666661,5551.804507296303,5155.603748811112
2025-12-18,1,4:00-8:00,930.0498374485574,753.3403683333332,5551.804507296303,5155.603748811112
2025-12-18,2,8:00-12:00,5217.436886666666,7833.368571666666,5551.804507296303,5155.603748811112
2025-12-18,3,12:00-16:00,7249.662954897119,2264.9823,5551.804507296303,5155.603748811112
2025-12-18,4,16:00-20:00,33.23087853909616,4375.15257995,5551.804507296303,5155.603748811112
2025-12-18,5,20:00-24:00,3600.7128196666663,3648.2984416666663,5551.804507296303,5155.603748811112
2025-12-19,0,0:00-4:00,5956.594968913577,47.586666666666815,5155.603748811112,4453.53150879241
2025-12-19,1,4:00-8:00,426.0264655598956,5010.709326303515,5155.603748811112,4453.53150879241
2025-12-19,2,8:00-12:00,5422.428354999999,2020.936783333333,5155.603748811112,4453.53150879241
2025-12-19,3,12:00-16:00,3328.85081734568,126.13515183127572,5155.603748811112,4453.53150879241
2025-12-19,4,16:00-20:00,122.97393310445369,5578.934637386833,5155.603748811112,4453.53150879241
2025-12-19,5,20:00-24:00,3422.1257166666664,2977.5526583333335,5155.603748811112,4453.53150879241
2025-12-20,0,0:00-4:00,6638.772665230656,25.235916666666526,4453.53150879241,5072.788854028707
2025-12-20,1,4:00-8:00,518.8657525720189,4970.31942,4453.53150879241,5072.788854028707
2025-12-20,2,8:00-12:00,5745.79635186111,2476.2596166666667,4453.53150879241,5072.788854028707
2025-12-20,3,12:00-16:00,3454.7915209783964,66.52669999999989,4453.53150879241,5072.788854028707
2025-12-20,4,16:00-20:00,53.469831275721226,5589.345430916666,4453.53150879241,5072.788854028707
2025-12-20,5,20:00-24:00,3449.7044416666668,2402.7157615408323,4453.53150879241,5072.788854028707
2025-12-21,0,0:00-4:00,6142.234114968102,159.96471666666696,5072.788854028707,4897.75618911111
2025-12-21,1,4:00-8:00,1581.742061625522,941.9659549999994,5072.788854028707,4897.75618911111
2025-12-21,2,8:00-12:00,5629.694778333332,7185.862848333332,5072.788854028707,4897.75618911111
2025-12-21,3,12:00-16:00,5995.245343065844,2230.3386499999997,5072.788854028707,4897.75618911111
2025-12-21,4,16:00-20:00,68.06481481481529,4744.533000799998,5072.788854028707,4897.75618911111
2025-12-21,5,20:00-24:00,3776.665766666666,3681.7182,5072.788854028707,4897.75618911111
2025-12-22,0,0:00-4:00,6041.568178765432,78.71936666666636,4897.75618911111,4592.384888694221
2025-12-22,1,4:00-8:00,2183.2479968107004,1271.3623057500004,4897.75618911111,4592.384888694221
2025-12-22,2,8:00-12:00,5537.193351666667,7007.7640901,4897.75618911111,4592.384888694221
2025-12-22,3,12:00-16:00,6173.884212242795,2478.2087366666665,4897.75618911111,4592.384888694221
2025-12-22,4,16:00-20:00,43.7913202509765,4665.423547218407,4897.75618911111,4592.384888694221
2025-12-22,5,20:00-24:00,3632.750883333333,3899.429237860082,4897.75618911111,4592.384888694221
2025-12-23,0,0:00-4:00,6391.552715339753,10.25099166666655,4592.384888694221,4819.432066943304
2025-12-23,1,4:00-8:00,1330.234400473251,657.5429719666655,4592.384888694221,4819.432066943304
2025-12-23,2,8:00-12:00,5296.903541666667,7390.983396666666,4592.384888694221,4819.432066943304
2025-12-23,3,12:00-16:00,6772.044478909462,2384.8644999999997,4592.384888694221,4819.432066943304
2025-12-23,4,16:00-20:00,31.72526241357793,4668.978604472696,4592.384888694221,4819.432066943304
2025-12-23,5,20:00-24:00,3631.7641899176956,3680.9589916666664,4592.384888694221,4819.432066943304
2025-12-24,0,0:00-4:00,6234.90258950744,16.519999999999982,4819.432066943304,4637.772039733333
2025-12-24,1,4:00-8:00,1415.7326468107037,797.9834016666666,4819.432066943304,4637.772039733333
2025-12-24,2,8:00-12:00,5315.350311666667,6872.941696666666,4819.432066943304,4637.772039733333
2025-12-24,3,12:00-16:00,6285.470068991768,2523.7228116666665,4819.432066943304,4637.772039733333
2025-12-24,4,16:00-20:00,118.55489506172901,4999.583050266666,4819.432066943304,4637.772039733333
2025-12-24,5,20:00-24:00,3707.5206226666664,3645.5432833333334,4819.432066943304,4637.772039733333
2025-12-25,0,0:00-4:00,6485.649964185183,111.00540000000035,4637.772039733333,4480.110720509232
2025-12-25,1,4:00-8:00,1585.9394402263324,880.9768533333329,4637.772039733333,4480.110720509232
2025-12-25,2,8:00-12:00,5131.92932,7099.092967750001,4637.772039733333,4480.110720509232
2025-12-25,3,12:00-16:00,6341.571957057616,2194.4430666666667,4637.772039733333,4480.110720509232
2025-12-25,4,16:00-20:00,15.594343621400588,5076.466969218106,4637.772039733333,4480.110720509232
2025-12-25,5,20:00-24:00,3667.1375392489404,3594.4462074485605,4637.772039733333,4480.110720509232
2025-12-26,0,0:00-4:00,6451.481982767519,55.804408333333356,4480.110720509232,5023.405003934839
2025-12-26,1,4:00-8:00,643.8164079423898,5586.909516666667,4480.110720509232,5023.405003934839
2025-12-26,2,8:00-12:00,5294.246587167869,2115.4717833333334,4480.110720509232,5023.405003934839
2025-12-26,3,12:00-16:00,4452.908552832129,196.30129999999997,4480.110720509232,5023.405003934839
2025-12-26,4,16:00-20:00,0.0,5387.091576975308,4480.110720509232,5023.405003934839
2025-12-26,5,20:00-24:00,3521.034833333333,2663.8821344833386,4480.110720509232,5023.405003934839
2025-12-27,0,0:00-4:00,6184.595701183512,123.01824166666648,5023.405003934839,4899.657041145433
2025-12-27,1,4:00-8:00,453.73940283950583,4831.290348333333,5023.405003934839,4899.657041145433
2025-12-27,2,8:00-12:00,5093.151296924006,2052.1798166666663,5023.405003934839,4899.657041145433
2025-12-27,3,12:00-16:00,3444.4114831788784,87.05338301666745,5023.405003934839,4899.657041145433
2025-12-27,4,16:00-20:00,2.501543209877531,5535.5220554320995,5023.405003934839,4899.657041145433
2025-12-27,5,20:00-24:00,3790.6973905349796,2847.277743870345,5023.405003934839,4899.657041145433
2025-12-28,0,0:00-4:00,6172.037354282851,80.39314999999988,4899.657041145433,4945.897354907405
2025-12-28,1,4:00-8:00,1639.5671222633766,954.7448029500032,4899.657041145433,4945.897354907405
2025-12-28,2,8:00-12:00,6073.514515000001,7235.714544999999,4899.657041145433,4945.897354907405
2025-12-28,3,12:00-16:00,5021.272585720164,1733.0160166666665,4899.657041145433,4945.897354907405
2025-12-28,4,16:00-20:00,18.30246913580292,4572.021364999998,4899.657041145433,4945.897354907405
2025-12-28,5,20:00-24:00,3740.713941666666,3741.4743083333333,4899.657041145433,4945.897354907405
2025-12-29,0,0:00-4:00,6504.558494547328,0.0,4945.897354907405,4935.185164712619
2025-12-29,1,4:00-8:00,689.2884244855985,558.3236238333329,4945.897354907405,4935.185164712619
2025-12-29,2,8:00-12:00,5512.186133333333,6606.345351666669,4945.897354907405,4935.185164712619
2025-12-29,3,12:00-16:00,5569.355453086419,2369.703333333334,4945.897354907405,4935.185164712619
2025-12-29,4,16:00-20:00,90.54157557613121,4502.073123641975,4945.897354907405,4935.185164712619
2025-12-29,5,20:00-24:00,3632.6317333333327,3792.030608333333,4945.897354907405,4935.185164712619
2025-12-30,0,0:00-4:00,6181.740069763755,14.328875000000039,4935.185164712619,4904.050542506391
2025-12-30,1,4:00-8:00,1465.6397431069952,901.7154216666667,4935.185164712619,4904.050542506391
2025-12-30,2,8:00-12:00,5155.935683333333,7840.866648766667,4935.185164712619,4904.050542506391
2025-12-30,3,12:00-16:00,6726.786372757204,1834.2628649999995,4935.185164712619,4904.050542506391
2025-12-30,4,16:00-20:00,117.73502858024813,4509.477533560914,4935.185164712619,4904.050542506391
2025-12-30,5,20:00-24:00,3544.1367166666664,3712.8684434999996,4935.185164712619,4904.050542506391
2025-12-31,0,0:00-4:00,6182.767991666667,123.90554166666675,4904.050542506391,4452.422497592592
2025-12-31,1,4:00-8:00,1825.0702295897688,1056.0889058067971,4904.050542506391,4452.422497592592
2025-12-31,2,8:00-12:00,4660.031284999999,7815.4673506931995,4904.050542506391,4452.422497592592
2025-12-31,3,12:00-16:00,7928.839090341401,2398.2611500000003,4904.050542506391,4452.422497592592
2025-12-31,4,16:00-20:00,109.39309670782002,4844.247861500002,4904.050542506391,4452.422497592592
2025-12-31,5,20:00-24:00,3483.2709333333323,3761.886258333333,4904.050542506391,4452.422497592592
