date,day_index,selected_candidate,selected_tau,selected_rho,selected_gamma,soc_start_kwh,soc_end_kwh,realized_total_cost_yuan,plan_cost_yuan,emergency_cost_yuan,emergency_kwh,spill_kwh,candidate_scores_using_past_only
2025-02-01,31,cvar_t0.90_r0.05_g0.00,0.9,0.05,0.0,6000.0,5263.451361450619,21933.22643540415,21933.22643540415,0.0,0.0,4809.835880619061,"{""nocvar_g0.00"": null, ""cvar_t0.90_r0.05_g0.00"": null, ""cvar_t0.90_r0.20_g0.00"": null, ""cvar_t0.95_r0.05_g0.00"": null, ""cvar_t0.95_r0.20_g0.00"": null, ""nocvar_g0.02"": null, ""cvar_t0.90_r0.05_g0.02"": null, ""cvar_t0.90_r0.20_g0.02"": null, ""cvar_t0.95_r0.05_g0.02"": null, ""cvar_t0.95_r0.20_g0.02"": null, ""nocvar_g0.05"": null, ""cvar_t0.90_r0.05_g0.05"": null, ""cvar_t0.90_r0.20_g0.05"": null, ""cvar_t0.95_r0.05_g0.05"": null, ""cvar_t0.95_r0.20_g0.05"": null}"
2025-02-02,32,nocvar_g0.05,,0.0,0.05,5263.451361450619,5203.384775405371,56506.81671309114,56506.81671309114,0.0,0.0,6633.364166133941,"{""nocvar_g0.00"": 21906.70262163032, ""cvar_t0.90_r0.05_g0.00"": 21933.22643540415, ""cvar_t0.90_r0.20_g0.00"": 22229.794823268156, ""cvar_t0.95_r0.05_g0.00"": 21933.22643540415, ""cvar_t0.95_r0.20_g0.00"": 22229.794823268156, ""nocvar_g0.02"": 21904.376101062946, ""cvar_t0.90_r0.05_g0.02"": 21933.14375359415, ""cvar_t0.90_r0.20_g0.02"": 22229.902249744187, ""cvar_t0.95_r0.05_g0.02"": 21933.14375359415, ""cvar_t0.95_r0.20_g0.02"": 22229.902249744187, ""nocvar_g0.05"": 21895.24092559779, ""cvar_t0.90_r0.05_g0.05"": 21929.98852151415, ""cvar_t0.90_r0.20_g0.05"": 22227.057358860086, ""cvar_t0.95_r0.05_g0.05"": 21929.98852151415, ""cvar_t0.95_r0.20_g0.05"": 22227.057358860086}"
2025-02-03,33,nocvar_g0.05,,0.0,0.05,5203.384775405371,5182.643862027222,55307.34880493648,55307.34880493648,0.0,0.0,2770.6625526131857,"{""nocvar_g0.00"": 39213.037624028446, ""cvar_t0.90_r0.05_g0.00"": 39268.49541137868, ""cvar_t0.90_r0.20_g0.00"": 39425.75230421674, ""cvar_t0.95_r0.05_g0.00"": 39268.49541137868, ""cvar_t0.95_r0.20_g0.00"": 39425.75230421674, ""nocvar_g0.02"": 39208.46941884926, ""cvar_t0.90_r0.05_g0.02"": 39270.37655382583, ""cvar_t0.90_r0.20_g0.02"": 39424.26721371516, ""cvar_t0.95_r0.05_g0.02"": 39270.37655382583, ""cvar_t0.95_r0.20_g0.02"": 39424.26721371516, ""nocvar_g0.05"": 39201.028819344465, ""cvar_t0.90_r0.05_g0.05"": 39263.264765742766, ""cvar_t0.90_r0.20_g0.05"": 39423.859643569405, ""cvar_t0.95_r0.05_g0.05"": 39263.264765742766, ""cvar_t0.95_r0.20_g0.05"": 39423.859643569405}"
2025-02-04,34,nocvar_g0.02,,0.0,0.02,5182.643862027222,4889.831204762914,55489.515180289294,55489.515180289294,0.0,0.0,2227.2805802227995,"{""nocvar_g0.00"": 44580.09278475851, ""cvar_t0.90_r0.05_g0.00"": 44804.387884703574, ""cvar_t0.90_r0.20_g0.00"": 44921.68805124208, ""cvar_t0.95_r0.05_g0.00"": 44804.387884703574, ""cvar_t0.95_r0.20_g0.00"": 44921.68805124208, ""nocvar_g0.02"": 44561.69173158281, ""cvar_t0.90_r0.05_g0.02"": 44807.43948902438, ""cvar_t0.90_r0.20_g0.02"": 44921.68486336025, ""cvar_t0.95_r0.05_g0.02"": 44807.472656223166, ""cvar_t0.95_r0.20_g0.02"": 44921.68486336025, ""nocvar_g0.05"": 44569.80214787513, ""cvar_t0.90_r0.05_g0.05"": 44800.56478888679, ""cvar_t0.90_r0.20_g0.05"": 44946.589663802144, ""cvar_t0.95_r0.05_g0.05"": 44815.6770928103, ""cvar_t0.95_r0.20_g0.05"": 44946.589663802144}"
2025-02-05,35,nocvar_g0.02,,0.0,0.02,4889.831204762914,5018.756907037036,56414.85181917927,56414.85181917927,0.0,0.0,4087.7401735452513,"{""nocvar_g0.00"": 47316.25823042807, ""cvar_t0.90_r0.05_g0.00"": 47624.00954422613, ""cvar_t0.90_r0.20_g0.00"": 47721.321744698194, ""cvar_t0.95_r0.05_g0.00"": 47624.00954422613, ""cvar_t0.95_r0.20_g0.00"": 47721.321744698194, ""nocvar_g0.02"": 47293.64759375944, ""cvar_t0.90_r0.05_g0.02"": 47627.3483688171, ""cvar_t0.90_r0.20_g0.02"": 47723.56134956306, ""cvar_t0.95_r0.05_g0.02"": 47627.398119615274, ""cvar_t0.95_r0.20_g0.02"": 47723.56134956306, ""nocvar_g0.05"": 47300.617362422665, ""cvar_t0.90_r0.05_g0.05"": 47624.47514013956, ""cvar_t0.90_r0.20_g0.05"": 47764.32196626666, ""cvar_t0.95_r0.05_g0.05"": 47646.230253234455, ""cvar_t0.95_r0.20_g0.05"": 47764.32196626666}"
2025-02-06,36,nocvar_g0.02,,0.0,0.02,5018.756907037036,5207.875210425924,56445.5324564057,56445.5324564057,0.0,0.0,4275.001905452679,"{""nocvar_g0.00"": 49136.16622693622, ""cvar_t0.90_r0.05_g0.00"": 49402.46634462105, ""cvar_t0.90_r0.20_g0.00"": 49480.405436269466, ""cvar_t0.95_r0.05_g0.00"": 49402.46634462105, ""cvar_t0.95_r0.20_g0.00"": 49480.405436269466, ""nocvar_g0.02"": 49117.8884388434, ""cvar_t0.90_r0.05_g0.02"": 49405.24463393542, ""cvar_t0.90_r0.20_g0.02"": 49482.38022055615, ""cvar_t0.95_r0.05_g0.02"": 49405.28443457396, ""cvar_t0.95_r0.20_g0.02"": 49482.38022055615, ""nocvar_g0.05"": 49120.50241266566, ""cvar_t0.90_r0.05_g0.05"": 49398.076349672665, ""cvar_t0.90_r0.20_g0.05"": 49518.541870494795, ""cvar_t0.95_r0.05_g0.05"": 49421.05359569265, ""cvar_t0.95_r0.20_g0.05"": 49518.541870494795}"
2025-02-07,37,nocvar_g0.05,,0.0,0.05,5207.875210425924,4864.996364369642,20908.758368493647,20908.758368493647,0.0,0.0,5159.459662590555,"{""nocvar_g0.00"": 50359.36975897563, ""cvar_t0.90_r0.05_g0.00"": 50597.18442550799, ""cvar_t0.90_r0.20_g0.00"": 50669.7313351557, ""cvar_t0.95_r0.05_g0.00"": 50597.18442550799, ""cvar_t0.95_r0.20_g0.00"": 50669.7313351557, ""nocvar_g0.02"": 50339.16244177045, ""cvar_t0.90_r0.05_g0.02"": 50600.13029835373, ""cvar_t0.90_r0.20_g0.02"": 50671.827220983745, ""cvar_t0.95_r0.05_g0.02"": 50600.163465552505, ""cvar_t0.95_r0.20_g0.02"": 50671.827220983745, ""nocvar_g0.05"": 50337.067376100924, ""cvar_t0.90_r0.05_g0.05"": 50591.38111636299, ""cvar_t0.90_r0.20_g0.05"": 50702.492856950914, ""cvar_t0.95_r0.05_g0.05"": 50610.528821379645, ""cvar_t0.95_r0.20_g0.05"": 50702.492856950914}"
2025-02-08,38,nocvar_g0.05,,0.0,0.05,4864.996364369642,4726.937035537034,20015.85394996203,20015.85394996203,0.0,0.0,3680.38920397119,"{""nocvar_g0.00"": 46201.77405964993, ""cvar_t0.90_r0.05_g0.00"": 46433.600180580106, ""cvar_t0.90_r0.20_g0.00"": 46532.87665865808, ""cvar_t0.95_r0.05_g0.00"": 46433.600180580106, ""cvar_t0.95_r0.20_g0.00"": 46532.87665865808, ""nocvar_g0.02"": 46156.27862724664, ""cvar_t0.90_r0.05_g0.02"": 46436.39414852143, ""cvar_t0.90_r0.20_g0.02"": 46534.95691897167, ""cvar_t0.95_r0.05_g0.02"": 46436.422577548954, ""cvar_t0.95_r0.20_g0.02"": 46534.95691897167, ""nocvar_g0.05"": 46133.02323215703, ""cvar_t0.90_r0.05_g0.05"": 46407.521293412705, ""cvar_t0.90_r0.20_g0.05"": 46561.03813611611, ""cvar_t0.95_r0.05_g0.05"": 46423.226362936955, ""cvar_t0.95_r0.20_g0.05"": 46561.03813611611}"
2025-02-09,39,nocvar_g0.05,,0.0,0.05,4726.937035537034,4835.188639549095,54332.98394110237,54332.98394110237,0.0,0.0,2122.5919539773504,"{""nocvar_g0.00"": 42992.88570903464, ""cvar_t0.90_r0.05_g0.00"": 43209.4548291948, ""cvar_t0.90_r0.20_g0.00"": 43326.317185878564, ""cvar_t0.95_r0.05_g0.00"": 43209.4548291948, ""cvar_t0.95_r0.20_g0.00"": 43326.317185878564, ""nocvar_g0.02"": 42932.826038341205, ""cvar_t0.90_r0.05_g0.02"": 43211.903224667374, ""cvar_t0.90_r0.20_g0.02"": 43328.47315657922, ""cvar_t0.95_r0.05_g0.02"": 43211.92810006646, ""cvar_t0.95_r0.20_g0.02"": 43328.47315657922, ""nocvar_g0.05"": 42868.377071882656, ""cvar_t0.90_r0.05_g0.05"": 43156.36263204501, ""cvar_t0.90_r0.20_g0.05"": 43353.68467959353, ""cvar_t0.95_r0.05_g0.05"": 43169.23389944072, ""cvar_t0.95_r0.20_g0.05"": 43353.68467959353}"
2025-02-10,40,nocvar_g0.05,,0.0,0.05,4835.188639549095,4773.807066903887,54336.09052617581,54336.09052617581,0.0,0.0,8442.085048110897,"{""nocvar_g0.00"": 44270.53831243212, ""cvar_t0.90_r0.05_g0.00"": 44494.22258884746, ""cvar_t0.90_r0.20_g0.00"": 44599.014547440594, ""cvar_t0.95_r0.05_g0.00"": 44494.22258884746, ""cvar_t0.95_r0.20_g0.00"": 44599.014547440594, ""nocvar_g0.02"": 44214.72057295928, ""cvar_t0.90_r0.05_g0.02"": 44493.256659962484, ""cvar_t0.90_r0.20_g0.02"": 44601.54249712478, ""cvar_t0.95_r0.05_g0.02"": 44496.57977176707, ""cvar_t0.95_r0.20_g0.02"": 44601.54249712478, ""nocvar_g0.05"": 44142.22227957374, ""cvar_t0.90_r0.05_g0.05"": 44428.02062464374, ""cvar_t0.90_r0.20_g0.05"": 44632.79172088929, ""cvar_t0.95_r0.05_g0.05"": 44453.82088257925, ""cvar_t0.95_r0.20_g0.05"": 44632.79172088929}"
2025-02-11,41,nocvar_g0.05,,0.0,0.05,4773.807066903887,4729.1509923445365,53297.7213857662,53297.7213857662,0.0,0.0,5756.109302860078,"{""nocvar_g0.00"": 45282.500536370266, ""cvar_t0.90_r0.05_g0.00"": 45494.86773143875, ""cvar_t0.90_r0.20_g0.00"": 45590.31562642851, ""cvar_t0.95_r0.05_g0.00"": 45494.86773143875, ""cvar_t0.95_r0.20_g0.00"": 45590.31562642851, ""nocvar_g0.02"": 45230.2411081429, ""cvar_t0.90_r0.05_g0.02"": 45493.60911881605, ""cvar_t0.90_r0.20_g0.02"": 45592.90639781619, ""cvar_t0.95_r0.05_g0.02"": 45498.35666910518, ""cvar_t0.95_r0.20_g0.02"": 45592.90639781619, ""nocvar_g0.05"": 45161.60910423395, ""cvar_t0.90_r0.05_g0.05"": 45426.766498902536, ""cvar_t0.90_r0.20_g0.05"": 45621.7121946914, ""cvar_t0.95_r0.05_g0.05"": 45455.29531094182, ""cvar_t0.95_r0.20_g0.05"": 45621.7121946914}"
2025-02-12,42,nocvar_g0.05,,0.0,0.05,4729.1509923445365,4306.276291481483,51803.084843035314,50530.08854869915,1272.9962943361697,203.31688624999452,1992.315435589391,"{""nocvar_g0.00"": 46019.6599869831, ""cvar_t0.90_r0.05_g0.00"": 46222.40799752765, ""cvar_t0.90_r0.20_g0.00"": 46309.07074368861, ""cvar_t0.95_r0.05_g0.00"": 46222.40799752765, ""cvar_t0.95_r0.20_g0.00"": 46309.07074368861, ""nocvar_g0.02"": 45970.56090730688, ""cvar_t0.90_r0.05_g0.02"": 46220.37662034379, ""cvar_t0.90_r0.20_g0.02"": 46312.53193393432, ""cvar_t0.95_r0.05_g0.02"": 46225.05136984869, ""cvar_t0.95_r0.20_g0.02"": 46312.53193393432, ""nocvar_g0.05"": 45901.25567528233, ""cvar_t0.90_r0.05_g0.05"": 46155.58190749191, ""cvar_t0.90_r0.20_g0.05"": 46340.55718642117, ""cvar_t0.95_r0.05_g0.05"": 46182.94261933903, ""cvar_t0.95_r0.20_g0.05"": 46340.55718642117}"
2025-02-13,43,nocvar_g0.05,,0.0,0.05,4306.276291481483,4624.71788712963,50945.711225727166,50945.711225727166,0.0,0.0,5926.931465761322,"{""nocvar_g0.00"": 46560.444926705146, ""cvar_t0.90_r0.05_g0.00"": 46777.810810606, ""cvar_t0.90_r0.20_g0.00"": 46794.436451201305, ""cvar_t0.95_r0.05_g0.00"": 46777.810810606, ""cvar_t0.95_r0.20_g0.00"": 46794.436451201305, ""nocvar_g0.02"": 46508.36002408388, ""cvar_t0.90_r0.05_g0.02"": 46743.421847977144, ""cvar_t0.90_r0.20_g0.02"": 46797.526756158855, ""cvar_t0.95_r0.05_g0.02"": 46747.78332195567, ""cvar_t0.95_r0.20_g0.02"": 46797.526756158855, ""nocvar_g0.05"": 46393.07477259508, ""cvar_t0.90_r0.05_g0.05"": 46678.25180106711, ""cvar_t0.90_r0.20_g0.05"": 46853.29854415188, ""cvar_t0.95_r0.05_g0.05"": 46702.882992517, ""cvar_t0.95_r0.20_g0.05"": 46822.60060996097}"
2025-02-14,44,nocvar_g0.05,,0.0,0.05,4624.71788712963,4304.421085763314,18739.80751190461,18739.80751190461,0.0,0.0,3139.2078573251038,"{""nocvar_g0.00"": 46951.60851427737, ""cvar_t0.90_r0.05_g0.00"": 47168.240019028926, ""cvar_t0.90_r0.20_g0.00"": 47229.535494273216, ""cvar_t0.95_r0.05_g0.00"": 47168.240019028926, ""cvar_t0.95_r0.20_g0.00"": 47229.535494273216, ""nocvar_g0.02"": 46898.201127510554, ""cvar_t0.90_r0.05_g0.02"": 47120.56974922267, ""cvar_t0.90_r0.20_g0.02"": 47232.04879003595, ""cvar_t0.95_r0.05_g0.02"": 47126.206454055646, ""cvar_t0.95_r0.20_g0.02"": 47232.04879003595, ""nocvar_g0.05"": 46743.27757668216, ""cvar_t0.90_r0.05_g0.05"": 47054.39639382841, ""cvar_t0.90_r0.20_g0.05"": 47224.11762842979, ""cvar_t0.95_r0.05_g0.05"": 47076.4927875315, ""cvar_t0.95_r0.20_g0.05"": 47254.90992153286}"
2025-02-15,45,nocvar_g0.05,,0.0,0.05,4304.421085763314,4099.8941864814815,19973.92050070537,18206.620129528674,1767.3003711766974,320.640395000005,2933.44675255144,"{""nocvar_g0.00"": 44946.73031490365, ""cvar_t0.90_r0.05_g0.00"": 45158.47330636449, ""cvar_t0.90_r0.20_g0.00"": 45221.069202063125, ""cvar_t0.95_r0.05_g0.00"": 45158.47330636449, ""cvar_t0.95_r0.20_g0.00"": 45221.069202063125, ""nocvar_g0.02"": 44890.59528484263, ""cvar_t0.90_r0.05_g0.02"": 45105.49391347055, ""cvar_t0.90_r0.20_g0.02"": 45223.551199112975, ""cvar_t0.95_r0.05_g0.02"": 45110.98402500322, ""cvar_t0.95_r0.20_g0.02"": 45223.551199112975, ""nocvar_g0.05"": 44743.029714912336, ""cvar_t0.90_r0.05_g0.05"": 45033.280559079205, ""cvar_t0.90_r0.20_g0.05"": 45205.242194461614, ""cvar_t0.95_r0.05_g0.05"": 45058.42138490368, ""cvar_t0.95_r0.20_g0.05"": 45242.16765245614}"
2025-02-16,46,nocvar_g0.05,,0.0,0.05,4099.8941864814815,4134.049207222222,52724.462211068254,49048.27919204846,3676.1830190197966,784.7142101362087,245.2938967525254,"{""nocvar_g0.00"": 43271.88228356768, ""cvar_t0.90_r0.05_g0.00"": 43446.06054127996, ""cvar_t0.90_r0.20_g0.00"": 43476.240784378235, ""cvar_t0.95_r0.05_g0.00"": 43446.06054127996, ""cvar_t0.95_r0.20_g0.00"": 43476.240784378235, ""nocvar_g0.02"": 43220.64897856261, ""cvar_t0.90_r0.05_g0.02"": 43420.37678280887, ""cvar_t0.90_r0.20_g0.02"": 43478.95972019763, ""cvar_t0.95_r0.05_g0.02"": 43423.30151588094, ""cvar_t0.95_r0.20_g0.02"": 43478.95972019763, ""nocvar_g0.05"": 43091.755767298535, ""cvar_t0.90_r0.05_g0.05"": 43361.695145329584, ""cvar_t0.90_r0.20_g0.05"": 43515.70530868033, ""cvar_t0.95_r0.05_g0.05"": 43376.40879547816, ""cvar_t0.95_r0.20_g0.05"": 43499.725925206214}"
2025-02-17,47,nocvar_g0.05,,0.0,0.05,4134.049207222222,4278.3247010292525,49717.0748058989,49717.0748058989,0.0,0.0,5041.049436958241,"{""nocvar_g0.00"": 43828.5178047288, ""cvar_t0.90_r0.05_g0.00"": 43967.55903243067, ""cvar_t0.90_r0.20_g0.00"": 43998.30792723477, ""cvar_t0.95_r0.05_g0.00"": 43967.55903243067, ""cvar_t0.95_r0.20_g0.00"": 43998.30792723477, ""nocvar_g0.02"": 43801.5270929315, ""cvar_t0.90_r0.05_g0.02"": 43929.59311385849, ""cvar_t0.90_r0.20_g0.02"": 44000.69400403709, ""cvar_t0.95_r0.05_g0.02"": 43932.335051113565, ""cvar_t0.95_r0.20_g0.02"": 44000.69400403709, ""nocvar_g0.05"": 43693.799920034144, ""cvar_t0.90_r0.05_g0.05"": 43923.21826724235, ""cvar_t0.90_r0.20_g0.05"": 44020.67266978602, ""cvar_t0.95_r0.05_g0.05"": 43934.689548493174, ""cvar_t0.95_r0.20_g0.05"": 44005.69199777904}"
2025-02-18,48,nocvar_g0.05,,0.0,0.05,4278.3247010292525,4391.6624249999995,48107.09086423116,47641.67120688659,465.41965734457625,82.86480751666325,1064.242961272625,"{""nocvar_g0.00"": 44175.93136441574, ""cvar_t0.90_r0.05_g0.00"": 44309.60982277632, ""cvar_t0.90_r0.20_g0.00"": 44338.54883168539, ""cvar_t0.95_r0.05_g0.00"": 44309.60982277632, ""cvar_t0.95_r0.20_g0.00"": 44338.54883168539, ""nocvar_g0.02"": 44150.6091980125, ""cvar_t0.90_r0.05_g0.02"": 44273.97936073056, ""cvar_t0.90_r0.20_g0.02"": 44340.85575366387, ""cvar_t0.95_r0.05_g0.02"": 44276.524981255956, ""cvar_t0.95_r0.20_g0.02"": 44340.85575366387, ""nocvar_g0.05"": 44048.11020743795, ""cvar_t0.90_r0.05_g0.05"": 44264.907926493855, ""cvar_t0.90_r0.20_g0.05"": 44359.08035120815, ""cvar_t0.95_r0.05_g0.05"": 44277.91872763124, ""cvar_t0.95_r0.20_g0.05"": 44344.980895201574}"
2025-02-19,49,nocvar_g0.05,,0.0,0.05,4391.6624249999995,4056.04994324074,51123.18533627028,48096.117982326236,3027.0673539440454,499.3070422726557,1419.2304283333326,"{""nocvar_g0.00"": 44438.91029578118, ""cvar_t0.90_r0.05_g0.00"": 44572.687105271296, ""cvar_t0.90_r0.20_g0.00"": 44601.290022263835, ""cvar_t0.95_r0.05_g0.00"": 44572.687105271296, ""cvar_t0.95_r0.20_g0.00"": 44601.290022263835, ""nocvar_g0.02"": 44407.1810951544, ""cvar_t0.90_r0.05_g0.02"": 44538.54699638523, ""cvar_t0.90_r0.20_g0.02"": 44603.97218646389, ""cvar_t0.95_r0.05_g0.02"": 44540.45561731064, ""cvar_t0.95_r0.20_g0.02"": 44603.97218646389, ""nocvar_g0.05"": 44273.609132815356, ""cvar_t0.90_r0.05_g0.05"": 44518.84150448029, ""cvar_t0.90_r0.20_g0.05"": 44626.64643441852, ""cvar_t0.95_r0.05_g0.05"": 44532.083261629334, ""cvar_t0.95_r0.20_g0.05"": 44613.33028152343}"
2025-02-20,50,nocvar_g0.05,,0.0,0.05,4056.04994324074,4503.619324814813,48464.52264177463,48464.52264177463,0.0,0.0,2934.473817634972,"{""nocvar_g0.00"": 44687.88549360054, ""cvar_t0.90_r0.05_g0.00"": 44822.302486479675, ""cvar_t0.90_r0.20_g0.00"": 44850.43380693404, ""cvar_t0.95_r0.05_g0.00"": 44822.302486479675, ""cvar_t0.95_r0.20_g0.00"": 44850.43380693404, ""nocvar_g0.02"": 44659.60714528952, ""cvar_t0.90_r0.05_g0.02"": 44787.486087457684, ""cvar_t0.90_r0.20_g0.02"": 44851.84913628524, ""cvar_t0.95_r0.05_g0.02"": 44789.79460288719, ""cvar_t0.95_r0.20_g0.02"": 44851.84913628524, ""nocvar_g0.05"": 44634.11314352351, ""cvar_t0.90_r0.05_g0.05"": 44756.50575168501, ""cvar_t0.90_r0.20_g0.05"": 44872.65719203804, ""cvar_t0.95_r0.05_g0.05"": 44769.71987619711, ""cvar_t0.95_r0.20_g0.05"": 44860.04056420081}"
2025-02-21,51,nocvar_g0.05,,0.0,0.05,4503.619324814813,4503.252580057614,18045.465999866712,17745.161874172903,300.3041256938092,54.4673587666654,5319.774216995882,"{""nocvar_g0.00"": 44897.237018057276, ""cvar_t0.90_r0.05_g0.00"": 45032.26858498673, ""cvar_t0.90_r0.20_g0.00"": 45059.105482019, ""cvar_t0.95_r0.05_g0.00"": 45032.26858498673, ""cvar_t0.95_r0.20_g0.00"": 45059.105482019, ""nocvar_g0.02"": 44865.039664889475, ""cvar_t0.90_r0.05_g0.02"": 44997.571845329636, ""cvar_t0.90_r0.20_g0.02"": 45061.21055666379, ""cvar_t0.95_r0.05_g0.02"": 44999.53795569272, ""cvar_t0.95_r0.20_g0.02"": 45061.21055666379, ""nocvar_g0.05"": 44825.63361843606, ""cvar_t0.90_r0.05_g0.05"": 44954.756400981634, ""cvar_t0.90_r0.20_g0.05"": 45080.54739477206, ""cvar_t0.95_r0.05_g0.05"": 44968.88565281585, ""cvar_t0.95_r0.20_g0.05"": 45069.03467547643}"
2025-02-22,52,nocvar_g0.05,,0.0,0.05,4503.252580057614,4245.216804814815,18246.835821793444,17604.4706782825,642.3651435109418,120.30814633147688,3144.8475499999977,"{""nocvar_g0.00"": 43617.956934509144, ""cvar_t0.90_r0.05_g0.00"": 43747.59218553036, ""cvar_t0.90_r0.20_g0.00"": 43775.067008145306, ""cvar_t0.95_r0.05_g0.00"": 43747.59218553036, ""cvar_t0.95_r0.20_g0.00"": 43775.067008145306, ""nocvar_g0.02"": 43587.04522497634, ""cvar_t0.90_r0.05_g0.02"": 43713.321088834025, ""cvar_t0.90_r0.20_g0.02"": 43777.212068570276, ""cvar_t0.95_r0.05_g0.02"": 43715.19357489412, ""cvar_t0.95_r0.20_g0.02"": 43777.212068570276, ""nocvar_g0.05"": 43550.38754136133, ""cvar_t0.90_r0.05_g0.05"": 43672.07371681232, ""cvar_t0.90_r0.20_g0.05"": 43792.56853822233, ""cvar_t0.95_r0.05_g0.05"": 43685.59525359977, ""cvar_t0.95_r0.20_g0.05"": 43781.923335447755}"
2025-02-23,53,nocvar_g0.05,,0.0,0.05,4245.216804814815,4434.348657381346,48258.81412426162,48258.81412426162,0.0,0.0,2148.2971501994107,"{""nocvar_g0.00"": 42463.14422945921, ""cvar_t0.90_r0.05_g0.00"": 42586.499108393386, ""cvar_t0.90_r0.20_g0.00"": 42605.831243928005, ""cvar_t0.95_r0.05_g0.00"": 42586.499108393386, ""cvar_t0.95_r0.20_g0.00"": 42605.831243928005, ""nocvar_g0.02"": 42436.51264571938, ""cvar_t0.90_r0.05_g0.02"": 42554.268573323316, ""cvar_t0.90_r0.20_g0.02"": 42607.88673272142, ""cvar_t0.95_r0.05_g0.02"": 42556.05594638067, ""cvar_t0.95_r0.20_g0.02"": 42607.88673272142, ""nocvar_g0.05"": 42400.22609956279, ""cvar_t0.90_r0.05_g0.05"": 42517.20372167886, ""cvar_t0.90_r0.20_g0.05"": 42626.451661295425, ""cvar_t0.95_r0.05_g0.05"": 42529.76099207415, ""cvar_t0.95_r0.20_g0.05"": 42616.79094220027}"
2025-02-24,54,nocvar_g0.05,,0.0,0.05,4434.348657381346,4156.49755824074,48371.03634477472,46164.03459870782,2207.0017460669023,354.2229465000038,3649.418070809675,"{""nocvar_g0.00"": 42702.331851189185, ""cvar_t0.90_r0.05_g0.00"": 42834.5525124182, ""cvar_t0.90_r0.20_g0.00"": 42855.52626640151, ""cvar_t0.95_r0.05_g0.00"": 42834.5525124182, ""cvar_t0.95_r0.20_g0.00"": 42855.52626640151, ""nocvar_g0.02"": 42687.04852989897, ""cvar_t0.90_r0.05_g0.02"": 42800.571106221665, ""cvar_t0.90_r0.20_g0.02"": 42853.98940865852, ""cvar_t0.95_r0.05_g0.02"": 42802.28076740696, ""cvar_t0.95_r0.20_g0.02"": 42853.98940865852, ""nocvar_g0.05"": 42654.94731802795, ""cvar_t0.90_r0.05_g0.05"": 42767.37510391633, ""cvar_t0.90_r0.20_g0.05"": 42871.85139366988, ""cvar_t0.95_r0.05_g0.05"": 42779.43932567259, ""cvar_t0.95_r0.20_g0.05"": 42862.61070583973}"
2025-02-25,55,nocvar_g0.05,,0.0,0.05,4156.49755824074,4280.62218055556,46712.56049434871,46712.56049434871,0.0,0.0,6173.435933944854,"{""nocvar_g0.00"": 42934.91995069761, ""cvar_t0.90_r0.05_g0.00"": 43069.24341494733, ""cvar_t0.90_r0.20_g0.00"": 43089.449534076586, ""cvar_t0.95_r0.05_g0.00"": 43069.24341494733, ""cvar_t0.95_r0.20_g0.00"": 43089.449534076586, ""nocvar_g0.02"": 42934.3992386431, ""cvar_t0.90_r0.05_g0.02"": 43025.33413039725, ""cvar_t0.90_r0.20_g0.02"": 43088.09839882998, ""cvar_t0.95_r0.05_g0.02"": 43029.17935157857, ""cvar_t0.95_r0.20_g0.02"": 43088.09839882998, ""nocvar_g0.05"": 42893.117694142406, ""cvar_t0.90_r0.05_g0.05"": 42982.54840755266, ""cvar_t0.90_r0.20_g0.05"": 43099.73121920411, ""cvar_t0.95_r0.05_g0.05"": 43025.210487154116, ""cvar_t0.95_r0.20_g0.05"": 43095.10517208565}"
2025-02-26,56,nocvar_g0.05,,0.0,0.05,4280.62218055556,4468.925707109814,46088.51188269778,46088.51188269778,0.0,0.0,1887.140000267495,"{""nocvar_g0.00"": 43097.76054301589, ""cvar_t0.90_r0.05_g0.00"": 43237.08057023474, ""cvar_t0.90_r0.20_g0.00"": 43259.5403194238, ""cvar_t0.95_r0.05_g0.00"": 43237.08057023474, ""cvar_t0.95_r0.20_g0.00"": 43259.5403194238, ""nocvar_g0.02"": 43091.51319931889, ""cvar_t0.90_r0.05_g0.02"": 43184.73046691851, ""cvar_t0.90_r0.20_g0.02"": 43258.21067822431, ""cvar_t0.95_r0.05_g0.02"": 43190.56021268573, ""cvar_t0.95_r0.20_g0.02"": 43258.21067822431, ""nocvar_g0.05"": 43045.89540615066, ""cvar_t0.90_r0.05_g0.05"": 43134.18749724417, ""cvar_t0.90_r0.20_g0.05"": 43262.96271679051, ""cvar_t0.95_r0.05_g0.05"": 43176.68792331373, ""cvar_t0.95_r0.20_g0.05"": 43264.9082056084}"
2025-02-27,57,nocvar_g0.05,,0.0,0.05,4468.925707109814,4382.62644,48463.08789636144,45266.46349852527,3196.6243978361645,647.4942154854656,3437.707525084128,"{""nocvar_g0.00"": 43216.83230022284, ""cvar_t0.90_r0.05_g0.00"": 43354.08740781598, ""cvar_t0.90_r0.20_g0.00"": 43376.933205382404, ""cvar_t0.95_r0.05_g0.00"": 43354.08740781598, ""cvar_t0.95_r0.20_g0.00"": 43376.933205382404, ""nocvar_g0.02"": 43209.76900841755, ""cvar_t0.90_r0.05_g0.02"": 43301.50281165201, ""cvar_t0.90_r0.20_g0.02"": 43376.760293561885, ""cvar_t0.95_r0.05_g0.02"": 43307.82483084706, ""cvar_t0.95_r0.20_g0.02"": 43376.760293561885, ""nocvar_g0.05"": 43162.91911678708, ""cvar_t0.90_r0.05_g0.05"": 43248.438982280706, ""cvar_t0.90_r0.20_g0.05"": 43379.625949813766, ""cvar_t0.95_r0.05_g0.05"": 43289.33472586099, ""cvar_t0.95_r0.20_g0.05"": 43382.57824147726}"
2025-02-28,58,nocvar_g0.05,,0.0,0.05,4382.62644,4467.921255469827,17245.305277044554,17245.305277044554,0.0,0.0,6780.893532674894,"{""nocvar_g0.00"": 43405.14854326049, ""cvar_t0.90_r0.05_g0.00"": 43511.78324807571, ""cvar_t0.90_r0.20_g0.00"": 43492.16694483816, ""cvar_t0.95_r0.05_g0.00"": 43511.78324807571, ""cvar_t0.95_r0.20_g0.00"": 43492.16694483816, ""nocvar_g0.02"": 43402.14644653691, ""cvar_t0.90_r0.05_g0.02"": 43433.65626771897, ""cvar_t0.90_r0.20_g0.02"": 43491.71336984694, ""cvar_t0.95_r0.05_g0.02"": 43439.74413805495, ""cvar_t0.95_r0.20_g0.02"": 43491.71336984694, ""nocvar_g0.05"": 43359.22166417873, ""cvar_t0.90_r0.05_g0.05"": 43379.10962862854, ""cvar_t0.90_r0.20_g0.05"": 43499.12266836093, ""cvar_t0.95_r0.05_g0.05"": 43419.17545185136, ""cvar_t0.95_r0.20_g0.05"": 43501.96561588874}"
2025-03-01,59,nocvar_g0.05,,0.0,0.05,4467.921255469827,4243.177980000001,17350.020237490357,17066.804937275807,283.2153002145484,60.50160282510136,6541.7663318930045,"{""nocvar_g0.00"": 42471.64913710865, ""cvar_t0.90_r0.05_g0.00"": 42574.47545960905, ""cvar_t0.90_r0.20_g0.00"": 42556.3365258734, ""cvar_t0.95_r0.05_g0.00"": 42574.47545960905, ""cvar_t0.95_r0.20_g0.00"": 42556.3365258734, ""nocvar_g0.02"": 42468.267891326635, ""cvar_t0.90_r0.05_g0.02"": 42498.91645530938, ""cvar_t0.90_r0.20_g0.02"": 42555.78032283578, ""cvar_t0.95_r0.05_g0.02"": 42504.522808147594, ""cvar_t0.95_r0.20_g0.02"": 42555.78032283578, ""nocvar_g0.05"": 42426.581793209654, ""cvar_t0.90_r0.05_g0.05"": 42445.75550318505, ""cvar_t0.90_r0.20_g0.05"": 42562.0780675859, ""cvar_t0.95_r0.05_g0.05"": 42484.398618157415, ""cvar_t0.95_r0.20_g0.05"": 42565.56376532229}"
2025-03-02,60,nocvar_g0.05,,0.0,0.05,4243.177980000001,4317.567225277778,62912.85571825333,45846.1725562158,17066.68316203753,2549.354840183334,399.4093700000009,"{""nocvar_g0.00"": 42307.190496253104, ""cvar_t0.90_r0.05_g0.00"": 42404.491671692755, ""cvar_t0.90_r0.20_g0.00"": 42378.383628020805, ""cvar_t0.95_r0.05_g0.00"": 42404.491671692755, ""cvar_t0.95_r0.20_g0.00"": 42378.383628020805, ""nocvar_g0.02"": 42303.52039105453, ""cvar_t0.90_r0.05_g0.02"": 42333.285995987004, ""cvar_t0.90_r0.20_g0.02"": 42377.85844713803, ""cvar_t0.95_r0.05_g0.02"": 42339.261406865015, ""cvar_t0.95_r0.20_g0.02"": 42377.85844713803, ""nocvar_g0.05"": 42264.25248292011, ""cvar_t0.90_r0.05_g0.05"": 42282.27960190481, ""cvar_t0.90_r0.20_g0.05"": 42386.185367665945, ""cvar_t0.95_r0.05_g0.05"": 42320.92271687718, ""cvar_t0.95_r0.20_g0.05"": 42384.388089787906}"
2025-03-03,61,nocvar_g0.05,,0.0,0.05,4317.567225277778,4312.644435,48724.68669350466,48500.60687323728,224.0798202673762,43.45853501666538,1755.4370217284004,"{""nocvar_g0.00"": 42688.18922209308, ""cvar_t0.90_r0.05_g0.00"": 42635.983991525354, ""cvar_t0.90_r0.20_g0.00"": 42602.689042662, ""cvar_t0.95_r0.05_g0.00"": 42635.983991525354, ""cvar_t0.95_r0.20_g0.00"": 42602.689042662, ""nocvar_g0.02"": 42538.36935790943, ""cvar_t0.90_r0.05_g0.02"": 42558.08473183502, ""cvar_t0.90_r0.20_g0.02"": 42602.2635107136, ""cvar_t0.95_r0.05_g0.02"": 42564.06014271304, ""cvar_t0.95_r0.20_g0.02"": 42602.2635107136, ""nocvar_g0.05"": 42493.039590247325, ""cvar_t0.90_r0.05_g0.05"": 42506.98473160601, ""cvar_t0.90_r0.20_g0.05"": 42610.21272015328, ""cvar_t0.95_r0.05_g0.05"": 42545.81153073263, ""cvar_t0.95_r0.20_g0.05"": 42608.41544227523}"
2025-03-04,62,cvar_t0.90_r0.05_g0.05,0.9,0.05,0.05,4312.644435,4441.837015611109,48431.21923179121,48431.21923179121,0.0,0.0,4790.975317364813,"{""nocvar_g0.00"": 42742.4644219434, ""cvar_t0.90_r0.05_g0.00"": 42609.013510603734, ""cvar_t0.90_r0.20_g0.00"": 42351.5206976084, ""cvar_t0.95_r0.05_g0.00"": 42609.013510603734, ""cvar_t0.95_r0.20_g0.00"": 42351.5206976084, ""nocvar_g0.02"": 42528.026795696984, ""cvar_t0.90_r0.05_g0.02"": 42301.54961598584, ""cvar_t0.90_r0.20_g0.02"": 42345.76050631283, ""cvar_t0.95_r0.05_g0.02"": 42307.52147323541, ""cvar_t0.95_r0.20_g0.02"": 42345.76050631283, ""nocvar_g0.05"": 42257.94451483905, ""cvar_t0.90_r0.05_g0.05"": 42254.05576664739, ""cvar_t0.90_r0.20_g0.05"": 42353.50952374684, ""cvar_t0.95_r0.05_g0.05"": 42291.26339035363, ""cvar_t0.95_r0.20_g0.05"": 42351.71059583826}"
2025-03-05,63,cvar_t0.90_r0.05_g0.05,0.9,0.05,0.05,4441.837015611109,4499.573993928905,47997.17788045324,47997.17788045324,0.0,0.0,8166.737629218102,"{""nocvar_g0.00"": 42454.350379096875, ""cvar_t0.90_r0.05_g0.00"": 42316.509792598365, ""cvar_t0.90_r0.20_g0.00"": 42083.62644724392, ""cvar_t0.95_r0.05_g0.00"": 42316.509792598365, ""cvar_t0.95_r0.20_g0.00"": 42083.62644724392, ""nocvar_g0.02"": 42256.66708285554, ""cvar_t0.90_r0.05_g0.02"": 42028.99739019841, ""cvar_t0.90_r0.20_g0.02"": 42071.70414481196, ""cvar_t0.95_r0.05_g0.02"": 42034.96569381953, ""cvar_t0.95_r0.20_g0.02"": 42071.70414481196, ""nocvar_g0.05"": 42005.735808614976, ""cvar_t0.90_r0.05_g0.05"": 41980.30623228642, ""cvar_t0.90_r0.20_g0.05"": 42075.42739368009, ""cvar_t0.95_r0.05_g0.05"": 42016.025158113785, ""cvar_t0.95_r0.20_g0.05"": 42073.62846577151}"
2025-03-06,64,cvar_t0.90_r0.05_g0.05,0.9,0.05,0.05,4499.573993928905,4679.051488631002,48606.43126645562,48606.43126645562,0.0,0.0,8537.7869807819,"{""nocvar_g0.00"": 42143.540626196, ""cvar_t0.90_r0.05_g0.00"": 42017.89770629562, ""cvar_t0.90_r0.20_g0.00"": 41785.58833518938, ""cvar_t0.95_r0.05_g0.00"": 42017.89770629562, ""cvar_t0.95_r0.20_g0.00"": 41785.58833518938, ""nocvar_g0.02"": 41943.80034336231, ""cvar_t0.90_r0.05_g0.02"": 41728.79741259815, ""cvar_t0.90_r0.20_g0.02"": 41774.482427661766, ""cvar_t0.95_r0.05_g0.02"": 41734.76571621928, ""cvar_t0.95_r0.20_g0.02"": 41774.482427661766, ""nocvar_g0.05"": 41686.731393159025, ""cvar_t0.90_r0.05_g0.05"": 41676.90254273815, ""cvar_t0.90_r0.20_g0.05"": 41777.10004900795, ""cvar_t0.95_r0.05_g0.05"": 41710.12115722417, ""cvar_t0.95_r0.20_g0.05"": 41775.605823773774}"
2025-03-07,65,nocvar_g0.05,,0.0,0.05,4679.051488631002,4566.299159929478,16803.997924826683,16803.997924826683,0.0,0.0,8879.572595761314,"{""nocvar_g0.00"": 41838.80097875763, ""cvar_t0.90_r0.05_g0.00"": 41716.463527197084, ""cvar_t0.90_r0.20_g0.00"": 41501.65750162796, ""cvar_t0.95_r0.05_g0.00"": 41716.463527197084, ""cvar_t0.95_r0.20_g0.00"": 41501.65750162796, ""nocvar_g0.02"": 41643.419927409814, ""cvar_t0.90_r0.05_g0.02"": 41427.97635745967, ""cvar_t0.90_r0.20_g0.02"": 41489.53903082005, ""cvar_t0.95_r0.05_g0.02"": 41433.94466108079, ""cvar_t0.95_r0.20_g0.02"": 41489.53903082005, ""nocvar_g0.05"": 41391.09580983404, ""cvar_t0.90_r0.05_g0.05"": 41392.921339761044, ""cvar_t0.90_r0.20_g0.05"": 41492.55466486101, ""cvar_t0.95_r0.05_g0.05"": 41426.13995424705, ""cvar_t0.95_r0.20_g0.05"": 41491.06043962684}"
2025-03-08,66,cvar_t0.90_r0.05_g0.05,0.9,0.05,0.05,4566.299159929478,4495.560164913577,16332.686983174408,16332.686983174408,0.0,0.0,9539.933775679016,"{""nocvar_g0.00"": 41683.64455354745, ""cvar_t0.90_r0.05_g0.00"": 41556.36931333969, ""cvar_t0.90_r0.20_g0.00"": 41334.52366052283, ""cvar_t0.95_r0.05_g0.00"": 41556.36931333969, ""cvar_t0.95_r0.20_g0.00"": 41334.52366052283, ""nocvar_g0.02"": 41492.62818418337, ""cvar_t0.90_r0.05_g0.02"": 41264.18705581812, ""cvar_t0.90_r0.20_g0.02"": 41322.37237827665, ""cvar_t0.95_r0.05_g0.02"": 41270.155359439246, ""cvar_t0.95_r0.20_g0.02"": 41322.37143322704, ""nocvar_g0.05"": 41244.497222560225, ""cvar_t0.90_r0.05_g0.05"": 41232.246218739056, ""cvar_t0.90_r0.20_g0.05"": 41320.81616117153, ""cvar_t0.95_r0.05_g0.05"": 41265.5894654094, ""cvar_t0.95_r0.20_g0.05"": 41321.52658706625}"
2025-03-09,67,cvar_t0.90_r0.05_g0.05,0.9,0.05,0.05,4495.560164913577,4961.524642222223,46986.67124126711,46986.67124126711,0.0,0.0,8048.000094791154,"{""nocvar_g0.00"": 41538.654412561584, ""cvar_t0.90_r0.05_g0.00"": 41410.42811775047, ""cvar_t0.90_r0.20_g0.00"": 41183.687759593406, ""cvar_t0.95_r0.05_g0.00"": 41410.42811775047, ""cvar_t0.95_r0.20_g0.00"": 41183.687759593406, ""nocvar_g0.02"": 41349.50979694578, ""cvar_t0.90_r0.05_g0.02"": 41112.770190964184, ""cvar_t0.90_r0.20_g0.02"": 41170.08225908944, ""cvar_t0.95_r0.05_g0.02"": 41119.02947440144, ""cvar_t0.95_r0.20_g0.02"": 41170.08131403983, ""nocvar_g0.05"": 41112.87245013973, ""cvar_t0.90_r0.05_g0.05"": 41087.04746804988, ""cvar_t0.90_r0.20_g0.05"": 41159.61271465091, ""cvar_t0.95_r0.05_g0.05"": 41120.595457275514, ""cvar_t0.95_r0.20_g0.05"": 41162.931891393215}"
2025-03-10,68,cvar_t0.90_r0.05_g0.02,0.9,0.05,0.02,4961.524642222223,4438.53401685185,44560.020267362415,44560.020267362415,0.0,0.0,589.3600900257115,"{""nocvar_g0.00"": 41204.44454603186, ""cvar_t0.90_r0.05_g0.00"": 41076.66733455098, ""cvar_t0.90_r0.20_g0.00"": 40914.209225715036, ""cvar_t0.95_r0.05_g0.00"": 41076.66733455098, ""cvar_t0.95_r0.20_g0.00"": 40914.209225715036, ""nocvar_g0.02"": 41027.67589210695, ""cvar_t0.90_r0.05_g0.02"": 40810.15294248041, ""cvar_t0.90_r0.20_g0.02"": 40896.37383349639, ""cvar_t0.95_r0.05_g0.02"": 40815.3511900945, ""cvar_t0.95_r0.20_g0.02"": 40896.372888446786, ""nocvar_g0.05"": 40825.70374731091, ""cvar_t0.90_r0.05_g0.05"": 40815.096992186795, ""cvar_t0.90_r0.20_g0.05"": 40879.645784801534, ""cvar_t0.95_r0.05_g0.05"": 40844.24497981572, ""cvar_t0.95_r0.20_g0.05"": 40885.05232206998}"
2025-03-11,69,cvar_t0.90_r0.05_g0.02,0.9,0.05,0.02,4438.53401685185,4435.579690648149,44538.85164178704,44121.945679752724,416.9059620343148,74.63828664098669,4901.036461727937,"{""nocvar_g0.00"": 40871.062066210194, ""cvar_t0.90_r0.05_g0.00"": 40711.510363202935, ""cvar_t0.90_r0.20_g0.00"": 40557.99296539805, ""cvar_t0.95_r0.05_g0.00"": 40711.510363202935, ""cvar_t0.95_r0.20_g0.00"": 40557.99296539805, ""nocvar_g0.02"": 40664.59195777716, ""cvar_t0.90_r0.05_g0.02"": 40455.268621725576, ""cvar_t0.90_r0.20_g0.02"": 40540.82068219878, ""cvar_t0.95_r0.05_g0.02"": 40459.839458745024, ""cvar_t0.95_r0.20_g0.02"": 40540.81973714918, ""nocvar_g0.05"": 40474.477784101495, ""cvar_t0.90_r0.05_g0.05"": 40461.275403715954, ""cvar_t0.90_r0.20_g0.05"": 40523.827525907, ""cvar_t0.95_r0.05_g0.05"": 40488.49594460305, ""cvar_t0.95_r0.20_g0.05"": 40529.234063175434}"
2025-03-12,70,cvar_t0.90_r0.05_g0.02,0.9,0.05,0.02,4435.579690648149,4094.814487314815,43408.21593227735,42382.00114388976,1026.214788387587,158.94720190905792,3675.8836524485614,"{""nocvar_g0.00"": 40560.822015015365, ""cvar_t0.90_r0.05_g0.00"": 40401.84209237954, ""cvar_t0.90_r0.20_g0.00"": 40250.610325276, ""cvar_t0.95_r0.05_g0.00"": 40401.84209237954, ""cvar_t0.95_r0.20_g0.00"": 40250.610325276, ""nocvar_g0.02"": 40371.774926340164, ""cvar_t0.90_r0.05_g0.02"": 40135.65433623149, ""cvar_t0.90_r0.20_g0.02"": 40222.18876367818, ""cvar_t0.95_r0.05_g0.02"": 40140.084218191565, ""cvar_t0.95_r0.20_g0.02"": 40222.18781862858, ""nocvar_g0.05"": 40182.980663676855, ""cvar_t0.90_r0.05_g0.05"": 40165.739004219206, ""cvar_t0.90_r0.20_g0.05"": 40225.55724948423, ""cvar_t0.95_r0.05_g0.05"": 40192.89517015654, ""cvar_t0.95_r0.20_g0.05"": 40208.386649437954}"
2025-03-13,71,cvar_t0.90_r0.05_g0.02,0.9,0.05,0.02,4094.814487314815,4198.956548425925,52696.97453235196,42893.541011866684,9803.433520485276,1431.8861781388932,211.60953699588595,"{""nocvar_g0.00"": 40236.13201704937, ""cvar_t0.90_r0.05_g0.00"": 40071.23175972611, ""cvar_t0.90_r0.20_g0.00"": 39970.10012096997, ""cvar_t0.95_r0.05_g0.00"": 40071.23175972611, ""cvar_t0.95_r0.20_g0.00"": 39970.10012096997, ""nocvar_g0.02"": 40049.169588939636, ""cvar_t0.90_r0.05_g0.02"": 39811.05778552911, ""cvar_t0.90_r0.20_g0.02"": 39932.79856392414, ""cvar_t0.95_r0.05_g0.02"": 39815.88268377672, ""cvar_t0.95_r0.20_g0.02"": 39942.48717971591, ""nocvar_g0.05"": 39883.77517207597, ""cvar_t0.90_r0.05_g0.05"": 39844.71288716207, ""cvar_t0.90_r0.20_g0.05"": 39899.62573942113, ""cvar_t0.95_r0.05_g0.05"": 39871.98062895491, ""cvar_t0.95_r0.20_g0.05"": 39897.260928410346}"
2025-03-14,72,cvar_t0.90_r0.05_g0.02,0.9,0.05,0.02,4198.956548425925,4569.218929918687,15918.735684368285,15918.735684368285,0.0,0.0,11484.604936914848,"{""nocvar_g0.00"": 40304.930370043076, ""cvar_t0.90_r0.05_g0.00"": 40092.79082397781, ""cvar_t0.90_r0.20_g0.00"": 39970.67711834316, ""cvar_t0.95_r0.05_g0.00"": 40092.79082397781, ""cvar_t0.95_r0.20_g0.00"": 39970.67711834316, ""nocvar_g0.02"": 40142.95328375697, ""cvar_t0.90_r0.05_g0.02"": 39848.580284392796, ""cvar_t0.90_r0.20_g0.02"": 39933.946925019394, ""cvar_t0.95_r0.05_g0.02"": 39851.24590542841, ""cvar_t0.95_r0.20_g0.02"": 39943.63554081117, ""nocvar_g0.05"": 40299.948078006506, ""cvar_t0.90_r0.05_g0.05"": 39922.29666157365, ""cvar_t0.90_r0.20_g0.05"": 39939.42967475896, ""cvar_t0.95_r0.05_g0.05"": 39961.14491688596, ""cvar_t0.95_r0.20_g0.05"": 39898.75794240764}"
2025-03-15,73,cvar_t0.90_r0.05_g0.02,0.9,0.05,0.02,4569.218929918687,4146.158793791651,17038.209017200592,15455.437209235513,1582.77180796508,416.39319969018567,6812.094959999997,"{""nocvar_g0.00"": 40198.73524759126, ""cvar_t0.90_r0.05_g0.00"": 39982.46207334897, ""cvar_t0.90_r0.20_g0.00"": 39857.59136038263, ""cvar_t0.95_r0.05_g0.00"": 39982.46207334897, ""cvar_t0.95_r0.20_g0.00"": 39857.59136038263, ""nocvar_g0.02"": 40039.13847867902, ""cvar_t0.90_r0.05_g0.02"": 39741.7669856669, ""cvar_t0.90_r0.20_g0.02"": 39820.58202130124, ""cvar_t0.95_r0.05_g0.02"": 39744.30459246577, ""cvar_t0.95_r0.20_g0.02"": 39830.26867187571, ""nocvar_g0.05"": 40195.348298247336, ""cvar_t0.90_r0.05_g0.05"": 39818.981134364665, ""cvar_t0.90_r0.20_g0.05"": 39831.412053492095, ""cvar_t0.95_r0.05_g0.05"": 39855.51464214851, ""cvar_t0.95_r0.20_g0.05"": 39786.574013941376}"
2025-03-16,74,cvar_t0.90_r0.05_g0.02,0.9,0.05,0.02,4146.158793791651,4654.501532849632,42797.75883677015,42790.29765677015,7.461180000000455,1.6400000000001,2363.3361938296325,"{""nocvar_g0.00"": 40101.02382049592, ""cvar_t0.90_r0.05_g0.00"": 39891.959560929696, ""cvar_t0.90_r0.20_g0.00"": 39782.21880843861, ""cvar_t0.95_r0.05_g0.00"": 39891.959560929696, ""cvar_t0.95_r0.20_g0.00"": 39782.21880843861, ""nocvar_g0.02"": 39938.93198462546, ""cvar_t0.90_r0.05_g0.02"": 39642.105273654604, ""cvar_t0.90_r0.20_g0.02"": 39744.8254569528, ""cvar_t0.95_r0.05_g0.02"": 39644.39329361157, ""cvar_t0.95_r0.20_g0.02"": 39754.512107527284, ""nocvar_g0.05"": 40106.02769632959, ""cvar_t0.90_r0.05_g0.05"": 39727.285966184034, ""cvar_t0.90_r0.20_g0.05"": 39737.97518223138, ""cvar_t0.95_r0.05_g0.05"": 39768.78186144428, ""cvar_t0.95_r0.20_g0.05"": 39715.07182598979}"
2025-03-17,75,cvar_t0.90_r0.05_g0.02,0.9,0.05,0.02,4654.501532849632,4993.327437985828,42963.704943133824,42963.704943133824,0.0,0.0,8692.449059135804,"{""nocvar_g0.00"": 39754.12241806854, ""cvar_t0.90_r0.05_g0.00"": 39567.320229290424, ""cvar_t0.90_r0.20_g0.00"": 39459.65449282447, ""cvar_t0.95_r0.05_g0.00"": 39567.320229290424, ""cvar_t0.95_r0.20_g0.00"": 39459.65449282447, ""nocvar_g0.02"": 39589.375646721026, ""cvar_t0.90_r0.05_g0.02"": 39328.88815783914, ""cvar_t0.90_r0.20_g0.02"": 39422.36297749356, ""cvar_t0.95_r0.05_g0.02"": 39331.1761777961, ""cvar_t0.95_r0.20_g0.02"": 39432.04962806804, ""nocvar_g0.05"": 39751.217625233076, ""cvar_t0.90_r0.05_g0.05"": 39386.10464939071, ""cvar_t0.90_r0.20_g0.05"": 39423.849745042666, ""cvar_t0.95_r0.05_g0.05"": 39428.95534828106, ""cvar_t0.95_r0.20_g0.05"": 39401.050760013364}"
2025-03-18,76,cvar_t0.90_r0.05_g0.02,0.9,0.05,0.02,4993.327437985828,4416.800573394812,42017.87404574575,41453.788062390624,564.0859833551262,115.33697321666344,3656.6913955144087,"{""nocvar_g0.00"": 39474.57515934723, ""cvar_t0.90_r0.05_g0.00"": 39302.28335960384, ""cvar_t0.90_r0.20_g0.00"": 39251.35478283175, ""cvar_t0.95_r0.05_g0.00"": 39302.28335960384, ""cvar_t0.95_r0.20_g0.00"": 39251.35478283175, ""nocvar_g0.02"": 39312.613028049454, ""cvar_t0.90_r0.05_g0.02"": 39085.300501855214, ""cvar_t0.90_r0.20_g0.02"": 39213.6073771143, ""cvar_t0.95_r0.05_g0.02"": 39087.6097877818, ""cvar_t0.95_r0.20_g0.02"": 39223.294027688775, ""nocvar_g0.05"": 39480.42406210713, ""cvar_t0.90_r0.05_g0.05"": 39155.079206598144, ""cvar_t0.90_r0.20_g0.05"": 39209.95328690998, ""cvar_t0.95_r0.05_g0.05"": 39196.585508369826, ""cvar_t0.95_r0.20_g0.05"": 39187.67607338977}"
2025-03-19,77,cvar_t0.90_r0.05_g0.02,0.9,0.05,0.02,4416.800573394812,4810.157630694297,39861.26355078312,39861.26355078312,0.0,0.0,1493.0377038555534,"{""nocvar_g0.00"": 39219.96232633339, ""cvar_t0.90_r0.05_g0.00"": 39048.27152435419, ""cvar_t0.90_r0.20_g0.00"": 39003.41764038299, ""cvar_t0.95_r0.05_g0.00"": 39048.27152435419, ""cvar_t0.95_r0.20_g0.00"": 39003.41764038299, ""nocvar_g0.02"": 39058.50498758617, ""cvar_t0.90_r0.05_g0.02"": 38834.646117684904, ""cvar_t0.90_r0.20_g0.02"": 38965.30864659839, ""cvar_t0.95_r0.05_g0.02"": 38837.273988335575, ""cvar_t0.95_r0.20_g0.02"": 38974.99529717286, ""nocvar_g0.05"": 39313.24255322932, ""cvar_t0.90_r0.05_g0.05"": 38978.878975044194, ""cvar_t0.90_r0.20_g0.05"": 38957.09059524794, ""cvar_t0.95_r0.05_g0.05"": 39019.772133624916, ""cvar_t0.95_r0.20_g0.05"": 38934.813381727734}"
2025-03-20,78,cvar_t0.90_r0.05_g0.02,0.9,0.05,0.02,4810.157630694297,4320.692242407406,53617.99363759083,38753.56863030339,14864.425007287438,2210.549708576533,46.49958333333302,"{""nocvar_g0.00"": 38887.4867974844, ""cvar_t0.90_r0.05_g0.00"": 38717.811916061255, ""cvar_t0.90_r0.20_g0.00"": 38672.33002660056, ""cvar_t0.95_r0.05_g0.00"": 38717.811916061255, ""cvar_t0.95_r0.20_g0.00"": 38672.33002660056, ""nocvar_g0.02"": 38716.93304999841, ""cvar_t0.90_r0.05_g0.02"": 38498.67732568567, ""cvar_t0.90_r0.20_g0.02"": 38634.950947234676, ""cvar_t0.95_r0.05_g0.02"": 38501.75328360568, ""cvar_t0.95_r0.20_g0.02"": 38644.63759780916, ""nocvar_g0.05"": 38895.17374106327, ""cvar_t0.90_r0.05_g0.05"": 38640.13609286257, ""cvar_t0.90_r0.20_g0.05"": 38618.9915790544, ""cvar_t0.95_r0.05_g0.05"": 38680.48799281598, ""cvar_t0.95_r0.20_g0.05"": 38604.85916892521}"
2025-03-21,79,cvar_t0.95_r0.20_g0.02,0.95,0.2,0.02,4320.692242407406,4486.581153508701,15685.244963315421,15229.90511532358,455.33984799184077,120.69980341666862,14565.150333729423,"{""nocvar_g0.00"": 39039.64419678289, ""cvar_t0.90_r0.05_g0.00"": 38739.32175408796, ""cvar_t0.90_r0.20_g0.00"": 38628.28065547191, ""cvar_t0.95_r0.05_g0.00"": 38739.32175408796, ""cvar_t0.95_r0.20_g0.00"": 38628.28065547191, ""nocvar_g0.02"": 38894.51298090041, ""cvar_t0.90_r0.05_g0.02"": 38663.99133971045, ""cvar_t0.90_r0.20_g0.02"": 38648.20955745642, ""cvar_t0.95_r0.05_g0.02"": 38648.36367312505, ""cvar_t0.95_r0.20_g0.02"": 38600.61023363006, ""nocvar_g0.05"": 39164.216108502114, ""cvar_t0.90_r0.05_g0.05"": 38862.565566993035, ""cvar_t0.90_r0.20_g0.05"": 38788.52870095183, ""cvar_t0.95_r0.05_g0.05"": 38872.808284608436, ""cvar_t0.95_r0.20_g0.05"": 38769.51373729359}"
2025-03-22,80,cvar_t0.95_r0.20_g0.02,0.95,0.2,0.02,4486.581153508701,4795.624977104642,15309.795055396788,15309.795055396788,0.0,0.0,10756.207194506169,"{""nocvar_g0.00"": 38971.79212076661, ""cvar_t0.90_r0.05_g0.00"": 38665.0175333767, ""cvar_t0.90_r0.20_g0.00"": 38542.41025769621, ""cvar_t0.95_r0.05_g0.00"": 38665.0175333767, ""cvar_t0.95_r0.20_g0.00"": 38542.41025769621, ""nocvar_g0.02"": 38845.14006144294, ""cvar_t0.90_r0.05_g0.02"": 38603.381875479194, ""cvar_t0.90_r0.20_g0.02"": 38562.06679519268, ""cvar_t0.95_r0.05_g0.02"": 38587.7542088938, ""cvar_t0.95_r0.20_g0.02"": 38514.467471366326, ""nocvar_g0.05"": 39132.81288367972, ""cvar_t0.90_r0.05_g0.05"": 38826.770374005595, ""cvar_t0.90_r0.20_g0.05"": 38735.85736100993, ""cvar_t0.95_r0.05_g0.05"": 38837.68276787864, ""cvar_t0.95_r0.20_g0.05"": 38708.74820681147}"
2025-03-23,81,cvar_t0.95_r0.20_g0.02,0.95,0.2,0.02,4795.624977104642,4782.482805904518,41564.56560302692,41564.56560302692,0.0,0.0,5151.133078909469,"{""nocvar_g0.00"": 38858.98897847055, ""cvar_t0.90_r0.05_g0.00"": 38552.576004628776, ""cvar_t0.90_r0.20_g0.00"": 38444.15175611947, ""cvar_t0.95_r0.05_g0.00"": 38552.576004628776, ""cvar_t0.95_r0.20_g0.00"": 38444.15175611947, ""nocvar_g0.02"": 38730.48129255905, ""cvar_t0.90_r0.05_g0.02"": 38492.39134026276, ""cvar_t0.90_r0.20_g0.02"": 38464.128951460596, ""cvar_t0.95_r0.05_g0.02"": 38476.76367367735, ""cvar_t0.95_r0.20_g0.02"": 38416.529627634234, ""nocvar_g0.05"": 39023.90681439747, ""cvar_t0.90_r0.05_g0.05"": 38717.48068889525, ""cvar_t0.90_r0.20_g0.05"": 38634.81157125654, ""cvar_t0.95_r0.05_g0.05"": 38728.88665544171, ""cvar_t0.95_r0.20_g0.05"": 38607.309079980485}"
2025-03-24,82,cvar_t0.95_r0.20_g0.02,0.95,0.2,0.02,4782.482805904518,4516.079545384524,39725.86379741686,39725.86379741686,0.0,0.0,3426.8326436337375,"{""nocvar_g0.00"": 38581.20303575759, ""cvar_t0.90_r0.05_g0.00"": 38274.596095067434, ""cvar_t0.90_r0.20_g0.00"": 38203.85037959755, ""cvar_t0.95_r0.05_g0.00"": 38274.596095067434, ""cvar_t0.95_r0.20_g0.00"": 38203.85037959755, ""nocvar_g0.02"": 38449.64509497978, ""cvar_t0.90_r0.05_g0.02"": 38229.99373709135, ""cvar_t0.90_r0.20_g0.02"": 38224.71171302318, ""cvar_t0.95_r0.05_g0.02"": 38214.366070505945, ""cvar_t0.95_r0.20_g0.02"": 38177.11238919682, ""nocvar_g0.05"": 38744.31080750609, ""cvar_t0.90_r0.05_g0.05"": 38455.28197729513, ""cvar_t0.90_r0.20_g0.05"": 38395.70953175193, ""cvar_t0.95_r0.05_g0.05"": 38466.64447413811, ""cvar_t0.95_r0.20_g0.05"": 38368.20704047586}"
2025-03-25,83,cvar_t0.95_r0.20_g0.02,0.95,0.2,0.02,4516.079545384524,4203.454592685185,46903.62421320056,38522.46350289023,8381.160710310329,1404.593581633318,976.8727866666657,"{""nocvar_g0.00"": 38252.61403502499, ""cvar_t0.90_r0.05_g0.00"": 37955.24125584239, ""cvar_t0.90_r0.20_g0.00"": 37891.49767503593, ""cvar_t0.95_r0.05_g0.00"": 37955.24125584239, ""cvar_t0.95_r0.20_g0.00"": 37891.49767503593, ""nocvar_g0.02"": 38105.580224468, ""cvar_t0.90_r0.05_g0.02"": 37916.13044898501, ""cvar_t0.90_r0.20_g0.02"": 37912.32809247472, ""cvar_t0.95_r0.05_g0.02"": 37898.611243074956, ""cvar_t0.95_r0.20_g0.02"": 37864.72876864836, ""nocvar_g0.05"": 38384.99132499062, ""cvar_t0.90_r0.05_g0.05"": 38140.0716391314, ""cvar_t0.90_r0.20_g0.05"": 38088.286530032696, ""cvar_t0.95_r0.05_g0.05"": 38124.77653561579, ""cvar_t0.95_r0.20_g0.05"": 38057.279707738126}"
2025-03-26,84,cvar_t0.95_r0.20_g0.02,0.95,0.2,0.02,4203.454592685185,4479.0119620000005,39083.319769804824,39083.319769804824,0.0,0.0,5168.159375424287,"{""nocvar_g0.00"": 38491.18691785475, ""cvar_t0.90_r0.05_g0.00"": 37954.74903837246, ""cvar_t0.90_r0.20_g0.00"": 37877.60294160199, ""cvar_t0.95_r0.05_g0.00"": 37954.74903837246, ""cvar_t0.95_r0.20_g0.00"": 37877.60294160199, ""nocvar_g0.02"": 38298.330781091405, ""cvar_t0.90_r0.05_g0.02"": 37910.37525772523, ""cvar_t0.90_r0.20_g0.02"": 37896.71090781444, ""cvar_t0.95_r0.05_g0.02"": 37890.94682553558, ""cvar_t0.95_r0.20_g0.02"": 37849.11158398808, ""nocvar_g0.05"": 38407.1852103714, ""cvar_t0.90_r0.05_g0.05"": 38142.36656551177, ""cvar_t0.90_r0.20_g0.05"": 38079.14767802886, ""cvar_t0.95_r0.05_g0.05"": 38128.37582559063, ""cvar_t0.95_r0.20_g0.05"": 38041.926897629695}"
2025-03-27,85,cvar_t0.95_r0.20_g0.02,0.95,0.2,0.02,4479.0119620000005,4276.973389351852,38892.612103174186,38785.67823919537,106.9338639788157,27.54607521350224,1700.9557716666664,"{""nocvar_g0.00"": 38203.50102216101, ""cvar_t0.90_r0.05_g0.00"": 37692.76155316397, ""cvar_t0.90_r0.20_g0.00"": 37620.39783540579, ""cvar_t0.95_r0.05_g0.00"": 37692.76155316397, ""cvar_t0.95_r0.20_g0.00"": 37620.39783540579, ""nocvar_g0.02"": 38042.10546848811, ""cvar_t0.90_r0.05_g0.02"": 37655.464841290064, ""cvar_t0.90_r0.20_g0.02"": 37637.52587541457, ""cvar_t0.95_r0.05_g0.02"": 37635.371092854315, ""cvar_t0.95_r0.20_g0.02"": 37589.926551588214, ""nocvar_g0.05"": 38157.19799639399, ""cvar_t0.90_r0.05_g0.05"": 37891.80027205235, ""cvar_t0.90_r0.20_g0.05"": 37821.74278931225, ""cvar_t0.95_r0.05_g0.05"": 37877.781722083055, ""cvar_t0.95_r0.20_g0.05"": 37783.51763881296}"
2025-03-28,86,cvar_t0.95_r0.20_g0.02,0.95,0.2,0.02,4276.973389351852,4674.066180177641,15188.098136001228,14636.108751251479,551.989384749749,144.05361551666883,14807.678702405017,"{""nocvar_g0.00"": 38137.10100750664, ""cvar_t0.90_r0.05_g0.00"": 37447.40379505422, ""cvar_t0.90_r0.20_g0.00"": 37347.991113741555, ""cvar_t0.95_r0.05_g0.00"": 37447.40379505422, ""cvar_t0.95_r0.20_g0.00"": 37347.991113741555, ""nocvar_g0.02"": 37974.8699261158, ""cvar_t0.90_r0.05_g0.02"": 37636.367645012084, ""cvar_t0.90_r0.20_g0.02"": 37433.75823552018, ""cvar_t0.95_r0.05_g0.02"": 37619.387535286296, ""cvar_t0.95_r0.20_g0.02"": 37318.93079265663, ""nocvar_g0.05"": 38113.04619567242, ""cvar_t0.90_r0.05_g0.05"": 37892.673138128965, ""cvar_t0.90_r0.20_g0.05"": 37815.08667592415, ""cvar_t0.95_r0.05_g0.05"": 37875.49842405546, ""cvar_t0.95_r0.20_g0.05"": 37777.916216904836}"
2025-03-29,87,cvar_t0.95_r0.20_g0.02,0.95,0.2,0.02,4674.066180177641,4488.0159375,14904.382731716856,14704.649795215208,199.73293650164936,37.65579499999717,18598.73532374486,"{""nocvar_g0.00"": 38067.21495136326, ""cvar_t0.90_r0.05_g0.00"": 37377.15293517338, ""cvar_t0.90_r0.20_g0.00"": 37272.78317210096, ""cvar_t0.95_r0.05_g0.00"": 37377.15293517338, ""cvar_t0.95_r0.20_g0.00"": 37272.78317210096, ""nocvar_g0.02"": 37906.22644098971, ""cvar_t0.90_r0.05_g0.02"": 37566.72749632313, ""cvar_t0.90_r0.20_g0.02"": 37358.84788132257, ""cvar_t0.95_r0.05_g0.02"": 37550.011480154535, ""cvar_t0.95_r0.20_g0.02"": 37244.02043845902, ""nocvar_g0.05"": 38045.45076057245, ""cvar_t0.90_r0.05_g0.05"": 37824.29495853872, ""cvar_t0.90_r0.20_g0.05"": 37741.91456441639, ""cvar_t0.95_r0.05_g0.05"": 37806.48118265537, ""cvar_t0.95_r0.20_g0.05"": 37702.41878892355}"
2025-03-30,88,cvar_t0.95_r0.20_g0.02,0.95,0.2,0.02,4488.0159375,4727.233325107455,39018.860482136835,39018.860482136835,0.0,0.0,4788.977062880656,"{""nocvar_g0.00"": 37980.99713831659, ""cvar_t0.90_r0.05_g0.00"": 37296.938960393505, ""cvar_t0.90_r0.20_g0.00"": 37188.95923382193, ""cvar_t0.95_r0.05_g0.00"": 37296.938960393505, ""cvar_t0.95_r0.20_g0.00"": 37188.95923382193, ""nocvar_g0.02"": 37821.66936300312, ""cvar_t0.90_r0.05_g0.02"": 37479.12137135678, ""cvar_t0.90_r0.20_g0.02"": 37275.14405994792, ""cvar_t0.95_r0.05_g0.02"": 37462.03629714838, ""cvar_t0.95_r0.20_g0.02"": 37160.31661708437, ""nocvar_g0.05"": 37962.771981863676, ""cvar_t0.90_r0.05_g0.05"": 37741.58890492965, ""cvar_t0.90_r0.20_g0.05"": 37658.51267080679, ""cvar_t0.95_r0.05_g0.05"": 37723.77770399635, ""cvar_t0.95_r0.20_g0.05"": 37622.51960186234}"
2025-03-31,89,cvar_t0.95_r0.20_g0.02,0.95,0.2,0.02,4727.233325107455,4510.105859694632,37057.879094957345,37057.879094957345,0.0,0.0,276.8926486214055,"{""nocvar_g0.00"": 36931.90153881847, ""cvar_t0.90_r0.05_g0.00"": 36413.13953817754, ""cvar_t0.90_r0.20_g0.00"": 36336.37285164855, ""cvar_t0.95_r0.05_g0.00"": 36413.13953817754, ""cvar_t0.95_r0.20_g0.00"": 36336.37285164855, ""nocvar_g0.02"": 36922.08966992045, ""cvar_t0.90_r0.05_g0.02"": 36601.703309564895, ""cvar_t0.90_r0.20_g0.02"": 36422.1757215313, ""cvar_t0.95_r0.05_g0.02"": 36584.72141735649, ""cvar_t0.95_r0.20_g0.02"": 36307.34827866775, ""nocvar_g0.05"": 37070.05300237175, ""cvar_t0.90_r0.05_g0.05"": 36854.16469044678, ""cvar_t0.90_r0.20_g0.05"": 36807.0053784025, ""cvar_t0.95_r0.05_g0.05"": 36839.612868915836, ""cvar_t0.95_r0.20_g0.05"": 36771.01230945804}"
2025-04-01,90,cvar_t0.90_r0.05_g0.00,0.9,0.05,0.0,4510.105859694632,4494.699667500001,56960.914832246184,36426.76370292378,20534.151129322403,3031.4547316563817,25.312083333333362,"{""nocvar_g0.00"": 36392.13958476545, ""cvar_t0.90_r0.05_g0.00"": 35819.003924639175, ""cvar_t0.90_r0.20_g0.00"": 35913.65989276704, ""cvar_t0.95_r0.05_g0.00"": 35819.003924639175, ""cvar_t0.95_r0.20_g0.00"": 35913.65989276704, ""nocvar_g0.02"": 36456.18039420785, ""cvar_t0.90_r0.05_g0.02"": 36237.127927492096, ""cvar_t0.90_r0.20_g0.02"": 36005.15583065732, ""cvar_t0.95_r0.05_g0.02"": 36220.146035283695, ""cvar_t0.95_r0.20_g0.02"": 35890.328387793765, ""nocvar_g0.05"": 36836.41239230096, ""cvar_t0.90_r0.05_g0.05"": 36553.863453958504, ""cvar_t0.90_r0.20_g0.05"": 36392.524784269255, ""cvar_t0.95_r0.05_g0.05"": 36519.6268963323, ""cvar_t0.95_r0.20_g0.05"": 36356.53336535532}"
2025-04-02,91,cvar_t0.95_r0.20_g0.02,0.95,0.2,0.02,4494.699667500001,4354.781165561456,46072.50009060747,38011.542876087435,8060.957214520036,1600.3665977999951,1229.1675783333326,"{""nocvar_g0.00"": 36876.519067694586, ""cvar_t0.90_r0.05_g0.00"": 36142.866225124984, ""cvar_t0.90_r0.20_g0.00"": 36105.41386446906, ""cvar_t0.95_r0.05_g0.00"": 36142.866225124984, ""cvar_t0.95_r0.20_g0.00"": 36105.41386446906, ""nocvar_g0.02"": 36741.28286881379, ""cvar_t0.90_r0.05_g0.02"": 36434.70538928332, ""cvar_t0.90_r0.20_g0.02"": 36202.733292448545, ""cvar_t0.95_r0.05_g0.02"": 36417.72349707492, ""cvar_t0.95_r0.20_g0.02"": 36087.905849585, ""nocvar_g0.05"": 37022.85058698365, ""cvar_t0.90_r0.05_g0.05"": 36740.301648641194, ""cvar_t0.90_r0.20_g0.05"": 36589.78016384744, ""cvar_t0.95_r0.05_g0.05"": 36706.065091015, ""cvar_t0.95_r0.20_g0.05"": 36555.42975393968}"
2025-04-03,92,cvar_t0.95_r0.20_g0.02,0.95,0.2,0.02,4354.781165561456,4514.905328192545,39373.75284966632,39373.75284966632,0.0,0.0,5684.1615633198035,"{""nocvar_g0.00"": 37035.23077747436, ""cvar_t0.90_r0.05_g0.00"": 36176.43515307842, ""cvar_t0.90_r0.20_g0.00"": 36029.76952208629, ""cvar_t0.95_r0.05_g0.00"": 36176.43515307842, ""cvar_t0.95_r0.20_g0.00"": 36029.76952208629, ""nocvar_g0.02"": 36744.382909422915, ""cvar_t0.90_r0.05_g0.02"": 36361.893595319256, ""cvar_t0.90_r0.20_g0.02"": 36126.913737672985, ""cvar_t0.95_r0.05_g0.02"": 36344.911703110854, ""cvar_t0.95_r0.20_g0.02"": 36012.08629480944, ""nocvar_g0.05"": 36972.35362025099, ""cvar_t0.90_r0.05_g0.05"": 36670.902578352034, ""cvar_t0.90_r0.20_g0.05"": 36513.77116655348, ""cvar_t0.95_r0.05_g0.05"": 36638.17112572002, ""cvar_t0.95_r0.20_g0.05"": 36479.11605397132}"
2025-04-04,93,cvar_t0.95_r0.20_g0.02,0.95,0.2,0.02,4514.905328192545,4780.109787215362,14221.5950445645,14221.5950445645,0.0,0.0,18745.497455246918,"{""nocvar_g0.00"": 36805.39215535618, ""cvar_t0.90_r0.05_g0.00"": 35921.79016787676, ""cvar_t0.90_r0.20_g0.00"": 35697.51376994747, ""cvar_t0.95_r0.05_g0.00"": 35921.79016787676, ""cvar_t0.95_r0.20_g0.00"": 35697.51376994747, ""nocvar_g0.02"": 36493.59371390248, ""cvar_t0.90_r0.05_g0.02"": 36048.400158644195, ""cvar_t0.90_r0.20_g0.02"": 35795.95322831987, ""cvar_t0.95_r0.05_g0.02"": 36031.418266435794, ""cvar_t0.95_r0.20_g0.02"": 35681.125785456315, ""nocvar_g0.05"": 36690.1550466442, ""cvar_t0.90_r0.05_g0.05"": 36338.84859953188, ""cvar_t0.90_r0.20_g0.05"": 36182.423979438296, ""cvar_t0.95_r0.05_g0.05"": 36307.40984731062, ""cvar_t0.95_r0.20_g0.05"": 36147.76886685613}"
2025-04-05,94,cvar_t0.95_r0.20_g0.02,0.95,0.2,0.02,4780.109787215362,4473.921715815869,14092.568927681294,14092.568927681294,0.0,0.0,13427.283631584367,"{""nocvar_g0.00"": 36705.88977057209, ""cvar_t0.90_r0.05_g0.00"": 35820.22932719286, ""cvar_t0.90_r0.20_g0.00"": 35597.015204320036, ""cvar_t0.95_r0.05_g0.00"": 35820.22932719286, ""cvar_t0.95_r0.20_g0.00"": 35597.015204320036, ""nocvar_g0.02"": 36395.67908270381, ""cvar_t0.90_r0.05_g0.02"": 35952.767613703145, ""cvar_t0.90_r0.20_g0.02"": 35695.5434500656, ""cvar_t0.95_r0.05_g0.02"": 35935.78572149474, ""cvar_t0.95_r0.20_g0.02"": 35580.71695225164, ""nocvar_g0.05"": 36596.4422769205, ""cvar_t0.90_r0.05_g0.05"": 36245.119372635476, ""cvar_t0.90_r0.20_g0.05"": 36085.446676577434, ""cvar_t0.95_r0.05_g0.05"": 36213.77314957824, ""cvar_t0.95_r0.20_g0.05"": 36048.91755311375}"
2025-04-06,95,cvar_t0.95_r0.20_g0.02,0.95,0.2,0.02,4473.921715815869,4517.999342465701,37755.50034157561,37755.50034157561,0.0,0.0,4298.56035734264,"{""nocvar_g0.00"": 36628.035264740545, ""cvar_t0.90_r0.05_g0.00"": 35730.035091007456, ""cvar_t0.90_r0.20_g0.00"": 35505.319707472256, ""cvar_t0.95_r0.05_g0.00"": 35730.035091007456, ""cvar_t0.95_r0.20_g0.00"": 35505.319707472256, ""nocvar_g0.02"": 36324.21456442127, ""cvar_t0.90_r0.05_g0.02"": 35879.998267174786, ""cvar_t0.90_r0.20_g0.02"": 35605.315073104575, ""cvar_t0.95_r0.05_g0.02"": 35850.86870657274, ""cvar_t0.95_r0.20_g0.02"": 35490.48857529062, ""nocvar_g0.05"": 36526.58446381533, ""cvar_t0.90_r0.05_g0.05"": 36175.2256269132, ""cvar_t0.90_r0.20_g0.05"": 36003.50489887506, ""cvar_t0.95_r0.05_g0.05"": 36144.28640684609, ""cvar_t0.95_r0.20_g0.05"": 35964.367024563784}"
2025-04-07,96,cvar_t0.95_r0.20_g0.02,0.95,0.2,0.02,4517.999342465701,4481.971861777782,35909.503456933875,35909.503456933875,0.0,0.0,3402.803557324899,"{""nocvar_g0.00"": 36350.72906373878, ""cvar_t0.90_r0.05_g0.00"": 35454.331031039495, ""cvar_t0.90_r0.20_g0.00"": 35166.82223600136, ""cvar_t0.95_r0.05_g0.00"": 35454.331031039495, ""cvar_t0.95_r0.20_g0.00"": 35166.82223600136, ""nocvar_g0.02"": 36033.7631219134, ""cvar_t0.90_r0.05_g0.02"": 35570.53018711742, ""cvar_t0.90_r0.20_g0.02"": 35270.78789584357, ""cvar_t0.95_r0.05_g0.02"": 35544.394307189024, ""cvar_t0.95_r0.20_g0.02"": 35155.96139802961, ""nocvar_g0.05"": 36202.54563468339, ""cvar_t0.90_r0.05_g0.05"": 35832.53879954953, ""cvar_t0.90_r0.20_g0.05"": 35671.86394736435, ""cvar_t0.95_r0.05_g0.05"": 35806.64596298604, ""cvar_t0.95_r0.20_g0.05"": 35631.234554990995}"
2025-04-08,97,cvar_t0.95_r0.20_g0.02,0.95,0.2,0.02,4481.971861777782,4303.473598772667,37227.6386060372,36099.189759305846,1128.4488467313593,168.56997419999897,1987.9119851658425,"{""nocvar_g0.00"": 35983.66031677595, ""cvar_t0.90_r0.05_g0.00"": 35145.39969793075, ""cvar_t0.90_r0.20_g0.00"": 34858.57416896803, ""cvar_t0.95_r0.05_g0.00"": 35145.39969793075, ""cvar_t0.95_r0.20_g0.00"": 34858.57416896803, ""nocvar_g0.02"": 35693.853326199, ""cvar_t0.90_r0.05_g0.02"": 35250.57274317933, ""cvar_t0.90_r0.20_g0.02"": 34961.85254545886, ""cvar_t0.95_r0.05_g0.02"": 35224.436863250936, ""cvar_t0.95_r0.20_g0.02"": 34847.026047644904, ""nocvar_g0.05"": 35846.678903148204, ""cvar_t0.90_r0.05_g0.05"": 35480.58919443012, ""cvar_t0.90_r0.20_g0.05"": 35363.08263847721, ""cvar_t0.95_r0.05_g0.05"": 35459.56710507887, ""cvar_t0.95_r0.20_g0.05"": 35322.453246103854}"
2025-04-09,98,cvar_t0.95_r0.20_g0.02,0.95,0.2,0.02,4303.473598772667,4314.797487146369,49566.19588404372,37194.182324128706,12372.013559915018,1819.1825092000026,1667.712070884776,"{""nocvar_g0.00"": 35848.32348667849, ""cvar_t0.90_r0.05_g0.00"": 34871.759434674546, ""cvar_t0.90_r0.20_g0.00"": 34584.8916030208, ""cvar_t0.95_r0.05_g0.00"": 34871.759434674546, ""cvar_t0.95_r0.20_g0.00"": 34584.8916030208, ""nocvar_g0.02"": 35408.95400313006, ""cvar_t0.90_r0.05_g0.02"": 34988.54174390656, ""cvar_t0.90_r0.20_g0.02"": 34699.01486794093, ""cvar_t0.95_r0.05_g0.02"": 34962.40586397816, ""cvar_t0.95_r0.20_g0.02"": 34584.18837012698, ""nocvar_g0.05"": 35565.79016508856, ""cvar_t0.90_r0.05_g0.05"": 35198.52492802759, ""cvar_t0.90_r0.20_g0.05"": 35080.70685220308, ""cvar_t0.95_r0.05_g0.05"": 35177.00722398591, ""cvar_t0.95_r0.20_g0.05"": 35062.65459714445}"
2025-04-10,99,cvar_t0.95_r0.20_g0.02,0.95,0.2,0.02,4314.797487146369,4452.21444,39321.70812025218,38596.077024092774,725.6310961594083,130.14697179999428,6122.643677799098,"{""nocvar_g0.00"": 36209.13323626585, ""cvar_t0.90_r0.05_g0.00"": 35163.54362550932, ""cvar_t0.90_r0.20_g0.00"": 34773.96537010213, ""cvar_t0.95_r0.05_g0.00"": 35163.54362550932, ""cvar_t0.95_r0.20_g0.00"": 34773.96537010213, ""nocvar_g0.02"": 35701.88443097277, ""cvar_t0.90_r0.05_g0.02"": 35204.390282628396, ""cvar_t0.90_r0.20_g0.02"": 34896.75242781694, ""cvar_t0.95_r0.05_g0.02"": 35177.82669201287, ""cvar_t0.95_r0.20_g0.02"": 34772.23636916162, ""nocvar_g0.05"": 35783.430136451905, ""cvar_t0.90_r0.05_g0.05"": 35415.68067529865, ""cvar_t0.90_r0.20_g0.05"": 35300.416819308855, ""cvar_t0.95_r0.05_g0.05"": 35394.244021577186, ""cvar_t0.95_r0.20_g0.05"": 35280.715032725115}"
2025-04-11,100,cvar_t0.95_r0.20_g0.02,0.95,0.2,0.02,4452.21444,4608.261861851854,13872.24497146602,13872.24497146602,0.0,0.0,19448.795662674896,"{""nocvar_g0.00"": 35689.99744812206, ""cvar_t0.90_r0.05_g0.00"": 34686.24947651955, ""cvar_t0.90_r0.20_g0.00"": 34304.336900609465, ""cvar_t0.95_r0.05_g0.00"": 34686.24947651955, ""cvar_t0.95_r0.20_g0.00"": 34304.336900609465, ""nocvar_g0.02"": 35167.50690142442, ""cvar_t0.90_r0.05_g0.02"": 34726.04334755756, ""cvar_t0.90_r0.20_g0.02"": 34426.86817113922, ""cvar_t0.95_r0.05_g0.02"": 34700.89119575811, ""cvar_t0.95_r0.20_g0.02"": 34302.352112483895, ""nocvar_g0.05"": 34950.33848786035, ""cvar_t0.90_r0.05_g0.05"": 34898.94886246759, ""cvar_t0.90_r0.20_g0.05"": 34817.68573366581, ""cvar_t0.95_r0.05_g0.05"": 34866.228880200164, ""cvar_t0.95_r0.20_g0.05"": 34808.83818911434}"
2025-04-12,101,cvar_t0.95_r0.20_g0.02,0.95,0.2,0.02,4608.261861851854,4770.567252648148,13861.01550739865,13861.01550739865,0.0,0.0,15777.019608251025,"{""nocvar_g0.00"": 35606.516868327024, ""cvar_t0.90_r0.05_g0.00"": 34602.34357952802, ""cvar_t0.90_r0.20_g0.00"": 34230.63365704543, ""cvar_t0.95_r0.05_g0.00"": 34602.34357952802, ""cvar_t0.95_r0.20_g0.00"": 34230.63365704543, ""nocvar_g0.02"": 35095.18128386576, ""cvar_t0.90_r0.05_g0.02"": 34652.95439352534, ""cvar_t0.90_r0.20_g0.02"": 34353.060305369945, ""cvar_t0.95_r0.05_g0.02"": 34627.802241725876, ""cvar_t0.95_r0.20_g0.02"": 34228.54621193191, ""nocvar_g0.05"": 34880.753133642014, ""cvar_t0.90_r0.05_g0.05"": 34827.401855862125, ""cvar_t0.90_r0.20_g0.05"": 34743.65914806336, ""cvar_t0.95_r0.05_g0.05"": 34794.685248144495, ""cvar_t0.95_r0.20_g0.05"": 34734.8116035119}"
2025-04-13,102,cvar_t0.95_r0.20_g0.02,0.95,0.2,0.02,4770.567252648148,4355.5043538888885,36286.449470290216,35872.81019386538,413.6392764248352,63.07028934558991,1973.2434450242772,"{""nocvar_g0.00"": 35487.38100553872, ""cvar_t0.90_r0.05_g0.00"": 34488.66904224677, ""cvar_t0.90_r0.20_g0.00"": 34120.36860840662, ""cvar_t0.95_r0.05_g0.00"": 34488.66904224677, ""cvar_t0.95_r0.20_g0.00"": 34120.36860840662, ""nocvar_g0.02"": 34977.409553347265, ""cvar_t0.90_r0.05_g0.02"": 34535.16956217492, ""cvar_t0.90_r0.20_g0.02"": 34243.32888729037, ""cvar_t0.95_r0.05_g0.02"": 34511.47435218068, ""cvar_t0.95_r0.20_g0.02"": 34118.81479385234, ""nocvar_g0.05"": 34740.33333201547, ""cvar_t0.90_r0.05_g0.05"": 34690.50193488022, ""cvar_t0.90_r0.20_g0.05"": 34622.70080295652, ""cvar_t0.95_r0.05_g0.05"": 34657.964628162175, ""cvar_t0.95_r0.20_g0.05"": 34618.94168809718}"
2025-04-14,103,cvar_t0.95_r0.20_g0.02,0.95,0.2,0.02,4355.5043538888885,4440.060207777777,34458.651469841745,34458.651469841745,0.0,0.0,1067.2274483322979,"{""nocvar_g0.00"": 35264.693002443324, ""cvar_t0.90_r0.05_g0.00"": 34257.57566570712, ""cvar_t0.90_r0.20_g0.00"": 33889.139686187904, ""cvar_t0.95_r0.05_g0.00"": 34257.57566570712, ""cvar_t0.95_r0.20_g0.00"": 33889.139686187904, ""nocvar_g0.02"": 34751.0040849244, ""cvar_t0.90_r0.05_g0.02"": 34299.391371974234, ""cvar_t0.90_r0.20_g0.02"": 34010.7821242018, ""cvar_t0.95_r0.05_g0.02"": 34275.261601059865, ""cvar_t0.95_r0.20_g0.02"": 33886.26803076377, ""nocvar_g0.05"": 34503.61224932213, ""cvar_t0.90_r0.05_g0.05"": 34459.22678412246, ""cvar_t0.90_r0.20_g0.05"": 34384.03664726268, ""cvar_t0.95_r0.05_g0.05"": 34421.78246011266, ""cvar_t0.95_r0.20_g0.05"": 34381.883566219534}"
2025-04-15,104,cvar_t0.95_r0.20_g0.02,0.95,0.2,0.02,4440.060207777777,4763.691949666669,35259.16467782576,35259.16467782576,0.0,0.0,4688.2759302469185,"{""nocvar_g0.00"": 34989.99488444113, ""cvar_t0.90_r0.05_g0.00"": 33970.57813089601, ""cvar_t0.90_r0.20_g0.00"": 33550.04427869375, ""cvar_t0.95_r0.05_g0.00"": 33970.57813089601, ""cvar_t0.95_r0.20_g0.00"": 33550.04427869375, ""nocvar_g0.02"": 34483.96738450641, ""cvar_t0.90_r0.05_g0.02"": 33995.6394622138, ""cvar_t0.90_r0.20_g0.02"": 33672.22371465783, ""cvar_t0.95_r0.05_g0.02"": 33971.50969129944, ""cvar_t0.95_r0.20_g0.02"": 33547.7096212198, ""nocvar_g0.05"": 34229.040394791875, ""cvar_t0.90_r0.05_g0.05"": 34144.75334760454, ""cvar_t0.90_r0.20_g0.05"": 34050.94634110471, ""cvar_t0.95_r0.05_g0.05"": 34107.309023594746, ""cvar_t0.95_r0.20_g0.05"": 34048.271488552484}"
2025-04-16,105,cvar_t0.95_r0.20_g0.02,0.95,0.2,0.02,4763.691949666669,4249.750374722223,37593.73062456701,35646.92283974279,1946.8077848242226,293.14832785899324,1324.8694156172833,"{""nocvar_g0.00"": 34738.84216192875, ""cvar_t0.90_r0.05_g0.00"": 33722.9243401475, ""cvar_t0.90_r0.20_g0.00"": 33304.88501301666, ""cvar_t0.95_r0.05_g0.00"": 33722.9243401475, ""cvar_t0.95_r0.20_g0.00"": 33304.88501301666, ""nocvar_g0.02"": 34248.039818410056, ""cvar_t0.90_r0.05_g0.02"": 33747.604433610875, ""cvar_t0.90_r0.20_g0.02"": 33427.03005709379, ""cvar_t0.95_r0.05_g0.02"": 33723.47466269651, ""cvar_t0.95_r0.20_g0.02"": 33302.51596365576, ""nocvar_g0.05"": 33931.370928224285, ""cvar_t0.90_r0.05_g0.05"": 33829.98018078392, ""cvar_t0.90_r0.20_g0.05"": 33807.22589219879, ""cvar_t0.95_r0.05_g0.05"": 33792.53585677412, ""cvar_t0.95_r0.20_g0.05"": 33804.55103964656}"
2025-04-17,106,cvar_t0.95_r0.20_g0.02,0.95,0.2,0.02,4249.750374722223,4518.750517981478,36777.07011180596,36777.07011180596,0.0,0.0,5137.869157016345,"{""nocvar_g0.00"": 34909.83746284198, ""cvar_t0.90_r0.05_g0.00"": 33864.22072411715, ""cvar_t0.90_r0.20_g0.00"": 33217.5535446614, ""cvar_t0.95_r0.05_g0.00"": 33864.22072411715, ""cvar_t0.95_r0.20_g0.00"": 33217.5535446614, ""nocvar_g0.02"": 34427.15236251288, ""cvar_t0.90_r0.05_g0.02"": 33889.49013843955, ""cvar_t0.90_r0.20_g0.02"": 33338.81977043956, ""cvar_t0.95_r0.05_g0.02"": 33864.57275823787, ""cvar_t0.95_r0.20_g0.02"": 33214.305677001525, ""nocvar_g0.05"": 34099.496500111934, ""cvar_t0.90_r0.05_g0.05"": 33981.14573517715, ""cvar_t0.90_r0.20_g0.05"": 33727.03354527873, ""cvar_t0.95_r0.05_g0.05"": 33943.7885006144, ""cvar_t0.95_r0.20_g0.05"": 33716.21478850675}"
2025-04-18,107,cvar_t0.95_r0.20_g0.02,0.95,0.2,0.02,4518.750517981478,5135.0328851052345,13442.765255103419,13442.765255103419,0.0,0.0,17436.59747633745,"{""nocvar_g0.00"": 34315.09851764465, ""cvar_t0.90_r0.05_g0.00"": 33398.25839332456, ""cvar_t0.90_r0.20_g0.00"": 32824.57524921428, ""cvar_t0.95_r0.05_g0.00"": 33398.25839332456, ""cvar_t0.95_r0.20_g0.00"": 32824.57524921428, ""nocvar_g0.02"": 33817.85532382112, ""cvar_t0.90_r0.05_g0.02"": 33286.27078153481, ""cvar_t0.90_r0.20_g0.02"": 32887.63232335886, ""cvar_t0.95_r0.05_g0.02"": 33280.21915390636, ""cvar_t0.95_r0.20_g0.02"": 32820.404204321676, ""nocvar_g0.05"": 33412.65851796414, ""cvar_t0.90_r0.05_g0.05"": 33334.20627754826, ""cvar_t0.90_r0.20_g0.05"": 33120.122208976216, ""cvar_t0.95_r0.05_g0.05"": 33324.89855497285, ""cvar_t0.95_r0.20_g0.05"": 33113.84809348347}"
2025-04-19,108,cvar_t0.95_r0.20_g0.02,0.95,0.2,0.02,5135.0328851052345,4930.287204319691,12924.091049001201,12924.091049001201,0.0,0.0,16672.968291567006,"{""nocvar_g0.00"": 34217.28446444256, ""cvar_t0.90_r0.05_g0.00"": 33307.56876108901, ""cvar_t0.90_r0.20_g0.00"": 32744.41865224341, ""cvar_t0.95_r0.05_g0.00"": 33307.56876108901, ""cvar_t0.95_r0.20_g0.00"": 32744.41865224341, ""nocvar_g0.02"": 33703.31242974622, ""cvar_t0.90_r0.05_g0.02"": 33182.92337751197, ""cvar_t0.90_r0.20_g0.02"": 32807.5437623513, ""cvar_t0.95_r0.05_g0.02"": 33176.87174988352, ""cvar_t0.95_r0.20_g0.02"": 32740.315643314105, ""nocvar_g0.05"": 33278.975100513206, ""cvar_t0.90_r0.05_g0.05"": 33205.94887008439, ""cvar_t0.90_r0.20_g0.05"": 33008.46049711348, ""cvar_t0.95_r0.05_g0.05"": 33195.92264139947, ""cvar_t0.95_r0.20_g0.05"": 33010.04110331644}"
2025-04-20,109,cvar_t0.95_r0.20_g0.02,0.95,0.2,0.02,4930.287204319691,4527.087395253313,34012.74184099278,34012.74184099278,0.0,0.0,1087.7400902123748,"{""nocvar_g0.00"": 34138.17924592846, ""cvar_t0.90_r0.05_g0.00"": 33228.450503637585, ""cvar_t0.90_r0.20_g0.00"": 32659.53830634755, ""cvar_t0.95_r0.05_g0.00"": 33228.450503637585, ""cvar_t0.95_r0.20_g0.00"": 32659.53830634755, ""nocvar_g0.02"": 33619.38649758212, ""cvar_t0.90_r0.05_g0.02"": 33098.36210068668, ""cvar_t0.90_r0.20_g0.02"": 32722.340047837173, ""cvar_t0.95_r0.05_g0.02"": 33092.31047305822, ""cvar_t0.95_r0.20_g0.02"": 32655.11192879998, ""nocvar_g0.05"": 33188.5183480778, ""cvar_t0.90_r0.05_g0.05"": 33115.50962962179, ""cvar_t0.90_r0.20_g0.05"": 32920.073758341954, ""cvar_t0.95_r0.05_g0.05"": 33105.59315589256, ""cvar_t0.95_r0.20_g0.05"": 32918.577704389856}"
2025-04-21,110,cvar_t0.95_r0.20_g0.02,0.95,0.2,0.02,4527.087395253313,4515.618998975929,34426.250295014055,34426.250295014055,0.0,0.0,5648.002122742046,"{""nocvar_g0.00"": 33894.53898130117, ""cvar_t0.90_r0.05_g0.00"": 32982.94043101952, ""cvar_t0.90_r0.20_g0.00"": 32387.297532956574, ""cvar_t0.95_r0.05_g0.00"": 32982.94043101952, ""cvar_t0.95_r0.20_g0.00"": 32387.297532956574, ""nocvar_g0.02"": 33371.20925480974, ""cvar_t0.90_r0.05_g0.02"": 32843.5238841522, ""cvar_t0.90_r0.20_g0.02"": 32452.63205633595, ""cvar_t0.95_r0.05_g0.02"": 32837.80861610499, ""cvar_t0.95_r0.20_g0.02"": 32385.403937298757, ""nocvar_g0.05"": 32933.9788330175, ""cvar_t0.90_r0.05_g0.05"": 32857.226984458364, ""cvar_t0.90_r0.20_g0.05"": 32639.25081404078, ""cvar_t0.95_r0.05_g0.05"": 32847.310510729134, ""cvar_t0.95_r0.20_g0.05"": 32647.709517977895}"
2025-04-22,111,cvar_t0.95_r0.20_g0.02,0.95,0.2,0.02,4515.618998975929,4915.725527194099,35034.12915052818,35034.12915052818,0.0,0.0,2644.331996424321,"{""nocvar_g0.00"": 33707.78923063905, ""cvar_t0.90_r0.05_g0.00"": 32777.361836337164, ""cvar_t0.90_r0.20_g0.00"": 32198.09471338384, ""cvar_t0.95_r0.05_g0.00"": 32777.361836337164, ""cvar_t0.95_r0.20_g0.00"": 32198.09471338384, ""nocvar_g0.02"": 33188.26352273346, ""cvar_t0.90_r0.05_g0.02"": 32642.553211733382, ""cvar_t0.90_r0.20_g0.02"": 32263.360145535848, ""cvar_t0.95_r0.05_g0.02"": 32636.83794368617, ""cvar_t0.95_r0.20_g0.02"": 32196.13202649866, ""nocvar_g0.05"": 32777.24846536563, ""cvar_t0.90_r0.05_g0.05"": 32668.69347184465, ""cvar_t0.90_r0.20_g0.05"": 32449.4390883678, ""cvar_t0.95_r0.05_g0.05"": 32658.776998115416, ""cvar_t0.95_r0.20_g0.05"": 32457.776741564485}"
2025-04-23,112,cvar_t0.90_r0.20_g0.00,0.9,0.2,0.0,4915.725527194099,4988.48781491026,35055.5200694448,35055.5200694448,0.0,0.0,4119.829855178204,"{""nocvar_g0.00"": 33002.2431119563, ""cvar_t0.90_r0.05_g0.00"": 32318.59722128834, ""cvar_t0.90_r0.20_g0.00"": 31771.81594583876, ""cvar_t0.95_r0.05_g0.00"": 32318.59722128834, ""cvar_t0.95_r0.20_g0.00"": 31771.81594583876, ""nocvar_g0.02"": 32534.85556488841, ""cvar_t0.90_r0.05_g0.02"": 32202.457121542422, ""cvar_t0.90_r0.20_g0.02"": 31839.449607583265, ""cvar_t0.95_r0.05_g0.02"": 32196.741853495205, ""cvar_t0.95_r0.20_g0.02"": 31772.221488546074, ""nocvar_g0.05"": 32297.46850394255, ""cvar_t0.90_r0.05_g0.05"": 32227.768257663236, ""cvar_t0.90_r0.20_g0.05"": 32025.091970317724, ""cvar_t0.95_r0.05_g0.05"": 32215.168108150105, ""cvar_t0.95_r0.20_g0.05"": 32033.941354787188}"
2025-04-24,113,cvar_t0.90_r0.20_g0.00,0.9,0.2,0.0,4988.48781491026,4389.534217592594,34599.91250806149,34599.91250806149,0.0,0.0,8367.997064507446,"{""nocvar_g0.00"": 32842.840521011945, ""cvar_t0.90_r0.05_g0.00"": 32151.373661820635, ""cvar_t0.90_r0.20_g0.00"": 31627.012649002718, ""cvar_t0.95_r0.05_g0.00"": 32151.373661820635, ""cvar_t0.95_r0.20_g0.00"": 31627.012649002718, ""nocvar_g0.02"": 32345.56469714794, ""cvar_t0.90_r0.05_g0.02"": 32035.160810048754, ""cvar_t0.90_r0.20_g0.02"": 31695.10217090074, ""cvar_t0.95_r0.05_g0.02"": 32029.445542001537, ""cvar_t0.95_r0.20_g0.02"": 31627.874051863542, ""nocvar_g0.05"": 32101.628014052807, ""cvar_t0.90_r0.05_g0.05"": 32060.861755325204, ""cvar_t0.90_r0.20_g0.05"": 31880.775618837495, ""cvar_t0.95_r0.05_g0.05"": 32048.261605812066, ""cvar_t0.95_r0.20_g0.05"": 31889.625003306963}"
2025-04-25,114,cvar_t0.90_r0.20_g0.05,0.9,0.2,0.05,4389.534217592594,4610.362023333338,12600.402252621121,12600.402252621121,0.0,0.0,21027.324772983535,"{""nocvar_g0.00"": 32396.63542660247, ""cvar_t0.90_r0.05_g0.00"": 31919.87358663212, ""cvar_t0.90_r0.20_g0.00"": 31474.836097001727, ""cvar_t0.95_r0.05_g0.00"": 31919.87358663212, ""cvar_t0.95_r0.20_g0.00"": 31474.836097001727, ""nocvar_g0.02"": 31897.815078018535, ""cvar_t0.90_r0.05_g0.02"": 31616.1522849781, ""cvar_t0.90_r0.20_g0.02"": 31474.604593688007, ""cvar_t0.95_r0.05_g0.02"": 31607.32337822093, ""cvar_t0.95_r0.20_g0.02"": 31474.604593688007, ""nocvar_g0.05"": 31637.503722859965, ""cvar_t0.90_r0.05_g0.05"": 31624.99698767125, ""cvar_t0.90_r0.20_g0.05"": 31458.52845913131, ""cvar_t0.95_r0.05_g0.05"": 31614.892720336302, ""cvar_t0.95_r0.20_g0.05"": 31466.323152120807}"
2025-04-26,115,cvar_t0.90_r0.20_g0.05,0.9,0.2,0.05,4610.362023333338,4240.9693575,13801.26335091143,12189.354442051685,1611.9089088597448,305.66639699999973,23156.273254958844,"{""nocvar_g0.00"": 32300.702991394388, ""cvar_t0.90_r0.05_g0.00"": 31824.305955161504, ""cvar_t0.90_r0.20_g0.00"": 31387.682873219135, ""cvar_t0.95_r0.05_g0.00"": 31824.305955161504, ""cvar_t0.95_r0.20_g0.00"": 31387.682873219135, ""nocvar_g0.02"": 31800.852988876497, ""cvar_t0.90_r0.05_g0.02"": 31519.961345210122, ""cvar_t0.90_r0.20_g0.02"": 31387.282444675686, ""cvar_t0.95_r0.05_g0.02"": 31511.093859084558, ""cvar_t0.95_r0.20_g0.02"": 31387.282444675686, ""nocvar_g0.05"": 31538.591924310585, ""cvar_t0.90_r0.05_g0.05"": 31527.129667401383, ""cvar_t0.90_r0.20_g0.05"": 31365.21944228054, ""cvar_t0.95_r0.05_g0.05"": 31517.74216386694, ""cvar_t0.95_r0.20_g0.05"": 31375.28108323019}"
2025-04-27,116,cvar_t0.90_r0.20_g0.05,0.9,0.2,0.05,4240.9693575,4347.566678703705,34367.87168282662,31742.81688775969,2625.0547950669284,378.2666448351859,507.9287833333327,"{""nocvar_g0.00"": 32261.05030191309, ""cvar_t0.90_r0.05_g0.00"": 31783.45562190006, ""cvar_t0.90_r0.20_g0.00"": 31348.700140408302, ""cvar_t0.95_r0.05_g0.00"": 31783.45562190006, ""cvar_t0.95_r0.20_g0.00"": 31348.700140408302, ""nocvar_g0.02"": 31760.313824330722, ""cvar_t0.90_r0.05_g0.02"": 31483.138590372033, ""cvar_t0.90_r0.20_g0.02"": 31349.13054005478, ""cvar_t0.95_r0.05_g0.02"": 31474.27110424647, ""cvar_t0.95_r0.20_g0.02"": 31349.13054005478, ""nocvar_g0.05"": 31494.3103595415, ""cvar_t0.90_r0.05_g0.05"": 31482.780982954828, ""cvar_t0.90_r0.20_g0.05"": 31323.592821240483, ""cvar_t0.95_r0.05_g0.05"": 31473.390904470354, ""cvar_t0.95_r0.20_g0.05"": 31336.31498640936}"
2025-04-28,117,cvar_t0.90_r0.20_g0.05,0.9,0.2,0.05,4347.566678703705,4479.820896666667,69485.57616051301,32695.16048559913,36790.41567491387,5532.834294083331,85.5854716666671,"{""nocvar_g0.00"": 32309.170517188122, ""cvar_t0.90_r0.05_g0.00"": 31806.487591565052, ""cvar_t0.90_r0.20_g0.00"": 31183.849779652308, ""cvar_t0.95_r0.05_g0.00"": 31806.487591565052, ""cvar_t0.95_r0.20_g0.00"": 31183.849779652308, ""nocvar_g0.02"": 31784.31762922991, ""cvar_t0.90_r0.05_g0.02"": 31435.45196090879, ""cvar_t0.90_r0.20_g0.02"": 31183.974923459427, ""cvar_t0.95_r0.05_g0.02"": 31426.48129278322, ""cvar_t0.95_r0.20_g0.02"": 31183.974923459427, ""nocvar_g0.05"": 31367.565623482475, ""cvar_t0.90_r0.05_g0.05"": 31351.61902033849, ""cvar_t0.90_r0.20_g0.05"": 31156.330252391304, ""cvar_t0.95_r0.05_g0.05"": 31338.78587829738, ""cvar_t0.95_r0.20_g0.05"": 31169.05241756018}"
2025-04-29,118,cvar_t0.90_r0.20_g0.05,0.9,0.2,0.05,4479.820896666667,4614.7225725,36969.602031610884,35710.72329263215,1258.878738978735,180.4585348306673,9872.536909176948,"{""nocvar_g0.00"": 33369.109688308396, ""cvar_t0.90_r0.05_g0.00"": 32941.794827337624, ""cvar_t0.90_r0.20_g0.00"": 32350.60143601991, ""cvar_t0.95_r0.05_g0.00"": 32941.794827337624, ""cvar_t0.95_r0.20_g0.00"": 32350.60143601991, ""nocvar_g0.02"": 32788.001093668274, ""cvar_t0.90_r0.05_g0.02"": 32559.541969699825, ""cvar_t0.90_r0.20_g0.02"": 32346.53432256446, ""cvar_t0.95_r0.05_g0.02"": 32548.13051660447, ""cvar_t0.95_r0.20_g0.02"": 32346.53432256446, ""nocvar_g0.05"": 32367.406208242224, ""cvar_t0.90_r0.05_g0.05"": 32414.67734921055, ""cvar_t0.90_r0.20_g0.05"": 32309.425702082608, ""cvar_t0.95_r0.05_g0.05"": 32420.910361608294, ""cvar_t0.95_r0.20_g0.05"": 32326.095775546106}"
2025-04-30,119,cvar_t0.90_r0.20_g0.05,0.9,0.2,0.05,4614.7225725,4549.088023481484,34228.267830333134,34228.267830333134,0.0,0.0,5944.931521378596,"{""nocvar_g0.00"": 32569.277571063365, ""cvar_t0.90_r0.05_g0.00"": 32328.65574461436, ""cvar_t0.90_r0.20_g0.00"": 31742.90913000604, ""cvar_t0.95_r0.05_g0.00"": 32328.65574461436, ""cvar_t0.95_r0.20_g0.00"": 31742.90913000604, ""nocvar_g0.02"": 32218.49227746111, ""cvar_t0.90_r0.05_g0.02"": 31951.623163066317, ""cvar_t0.90_r0.20_g0.02"": 31738.615515930953, ""cvar_t0.95_r0.05_g0.02"": 31940.21170997096, ""cvar_t0.95_r0.20_g0.02"": 31738.615515930953, ""nocvar_g0.05"": 31771.62454212452, ""cvar_t0.90_r0.05_g0.05"": 31818.895683092847, ""cvar_t0.90_r0.20_g0.05"": 31702.82685106941, ""cvar_t0.95_r0.05_g0.05"": 31825.128695490595, ""cvar_t0.95_r0.20_g0.05"": 31717.855915526732}"
2025-05-01,120,cvar_t0.90_r0.20_g0.05,0.9,0.2,0.05,4549.088023481484,3462.783185740741,44727.963375749925,33459.95435274375,11268.009023006172,1741.0048033744843,3595.8078314197537,"{""nocvar_g0.00"": 31921.11728987027, ""cvar_t0.90_r0.05_g0.00"": 31793.877136418287, ""cvar_t0.90_r0.20_g0.00"": 31320.86996375194, ""cvar_t0.95_r0.05_g0.00"": 31793.877136418287, ""cvar_t0.95_r0.20_g0.00"": 31320.86996375194, ""nocvar_g0.02"": 31731.94688908221, ""cvar_t0.90_r0.05_g0.02"": 31524.7126039952, ""cvar_t0.90_r0.20_g0.02"": 31315.777758077853, ""cvar_t0.95_r0.05_g0.02"": 31513.301150899846, ""cvar_t0.95_r0.20_g0.02"": 31315.777758077853, ""nocvar_g0.05"": 31331.304978610347, ""cvar_t0.90_r0.05_g0.05"": 31392.410225641448, ""cvar_t0.90_r0.20_g0.05"": 31280.47913385428, ""cvar_t0.95_r0.05_g0.05"": 31398.62967762797, ""cvar_t0.95_r0.20_g0.05"": 31295.508198311603}"
2025-05-02,121,cvar_t0.90_r0.20_g0.05,0.9,0.2,0.05,3462.783185740741,3934.313627129628,18486.894974400304,15097.3992253822,3389.4957490181023,644.6777351333333,11855.249349999998,"{""nocvar_g0.00"": 32032.35866805504, ""cvar_t0.90_r0.05_g0.00"": 31911.77170021484, ""cvar_t0.90_r0.20_g0.00"": 31497.064813592257, ""cvar_t0.95_r0.05_g0.00"": 31911.77170021484, ""cvar_t0.95_r0.20_g0.00"": 31497.064813592257, ""nocvar_g0.02"": 31858.24187521905, ""cvar_t0.90_r0.05_g0.02"": 31711.54452361607, ""cvar_t0.90_r0.20_g0.02"": 31491.627781114064, ""cvar_t0.95_r0.05_g0.02"": 31703.16647423075, ""cvar_t0.95_r0.20_g0.02"": 31491.807220995837, ""nocvar_g0.05"": 31491.63264089333, ""cvar_t0.90_r0.05_g0.05"": 31585.220786727627, ""cvar_t0.90_r0.20_g0.05"": 31471.575833206345, ""cvar_t0.95_r0.05_g0.05"": 31590.167983371426, ""cvar_t0.95_r0.20_g0.05"": 31477.0609777331}"
2025-05-03,122,cvar_t0.90_r0.20_g0.05,0.9,0.2,0.05,3934.313627129628,4448.207925157528,15470.872641419257,15470.872641419257,0.0,0.0,16904.363112592586,"{""nocvar_g0.00"": 32541.96911216233, ""cvar_t0.90_r0.05_g0.00"": 32152.42078174592, ""cvar_t0.90_r0.20_g0.00"": 31649.412604015415, ""cvar_t0.95_r0.05_g0.00"": 32152.42078174592, ""cvar_t0.95_r0.20_g0.00"": 31649.412604015415, ""nocvar_g0.02"": 32040.474953842167, ""cvar_t0.90_r0.05_g0.02"": 31865.411997498097, ""cvar_t0.90_r0.20_g0.02"": 31644.372772876446, ""cvar_t0.95_r0.05_g0.02"": 31857.033948112774, ""cvar_t0.95_r0.20_g0.02"": 31644.552212758223, ""nocvar_g0.05"": 31645.44887667323, ""cvar_t0.90_r0.05_g0.05"": 31739.001299599222, ""cvar_t0.90_r0.20_g0.05"": 31625.09825273144, ""cvar_t0.95_r0.05_g0.05"": 31743.90814716, ""cvar_t0.95_r0.20_g0.05"": 31630.252757010818}"
2025-05-04,123,cvar_t0.90_r0.20_g0.05,0.9,0.2,0.05,4448.207925157528,3935.1623233333335,36134.72605239753,34584.503296412535,1550.2227559849928,246.94352666666555,1692.5018329218092,"{""nocvar_g0.00"": 32916.05340523094, ""cvar_t0.90_r0.05_g0.00"": 32294.650949726936, ""cvar_t0.90_r0.20_g0.00"": 31698.993528010447, ""cvar_t0.95_r0.05_g0.00"": 32294.650949726936, ""cvar_t0.95_r0.20_g0.00"": 31698.993528010447, ""nocvar_g0.02"": 32098.74130415726, ""cvar_t0.90_r0.05_g0.02"": 31906.494535370763, ""cvar_t0.90_r0.20_g0.02"": 31695.12259329568, ""cvar_t0.95_r0.05_g0.02"": 31909.97317456296, ""cvar_t0.95_r0.20_g0.02"": 31695.302033177457, ""nocvar_g0.05"": 31684.610701179507, ""cvar_t0.90_r0.05_g0.05"": 31778.115961687385, ""cvar_t0.90_r0.20_g0.05"": 31674.267125436014, ""cvar_t0.95_r0.05_g0.05"": 31782.65982611362, ""cvar_t0.95_r0.20_g0.05"": 31679.42162971539}"
2025-05-05,124,cvar_t0.90_r0.20_g0.05,0.9,0.2,0.05,3935.1623233333335,3948.5149181481484,44909.38243499638,35447.78371801222,9461.59871698416,1454.9538539333273,675.6595942181008,"{""nocvar_g0.00"": 33017.65287830557, ""cvar_t0.90_r0.05_g0.00"": 32231.592360481936, ""cvar_t0.90_r0.20_g0.00"": 31642.05104682822, ""cvar_t0.95_r0.05_g0.00"": 32231.592360481936, ""cvar_t0.95_r0.20_g0.00"": 31642.05104682822, ""nocvar_g0.02"": 32048.24112367415, ""cvar_t0.90_r0.05_g0.02"": 31854.93132374676, ""cvar_t0.90_r0.20_g0.02"": 31638.20918887153, ""cvar_t0.95_r0.05_g0.02"": 31855.416282265305, ""cvar_t0.95_r0.20_g0.02"": 31638.388628753306, ""nocvar_g0.05"": 31645.88045140081, ""cvar_t0.90_r0.05_g0.05"": 31733.23331801999, ""cvar_t0.90_r0.20_g0.05"": 31616.91350683688, ""cvar_t0.95_r0.05_g0.05"": 31732.51536545882, ""cvar_t0.95_r0.20_g0.05"": 31621.472168652213}"
2025-05-06,125,cvar_t0.95_r0.20_g0.05,0.95,0.2,0.05,3948.5149181481484,3774.2725486111112,38931.68417346641,38206.14197378181,725.5421996846037,159.7275037689902,7521.314728251363,"{""nocvar_g0.00"": 33487.04021805855, ""cvar_t0.90_r0.05_g0.00"": 32535.469048555555, ""cvar_t0.90_r0.20_g0.00"": 31854.00217684291, ""cvar_t0.95_r0.05_g0.00"": 32535.469048555555, ""cvar_t0.95_r0.20_g0.00"": 31854.00217684291, ""nocvar_g0.02"": 32513.117540846644, ""cvar_t0.90_r0.05_g0.02"": 32235.95127350048, ""cvar_t0.90_r0.20_g0.02"": 31864.03275666417, ""cvar_t0.95_r0.05_g0.02"": 32220.83884711662, ""cvar_t0.95_r0.20_g0.02"": 31864.212196545945, ""nocvar_g0.05"": 32247.85709437559, ""cvar_t0.90_r0.05_g0.05"": 32204.637988086655, ""cvar_t0.90_r0.20_g0.05"": 31938.205430907346, ""cvar_t0.95_r0.05_g0.05"": 32185.129270888858, ""cvar_t0.95_r0.20_g0.05"": 31846.864332838744}"
2025-05-07,126,cvar_t0.90_r0.20_g0.00,0.9,0.2,0.0,3774.2725486111112,3905.7612115740735,43639.00471147939,36636.42804408926,7002.57666739013,1121.1285347999994,2820.110883271597,"{""nocvar_g0.00"": 33342.15635700685, ""cvar_t0.90_r0.05_g0.00"": 32563.66248501951, ""cvar_t0.90_r0.20_g0.00"": 31892.206829606035, ""cvar_t0.95_r0.05_g0.00"": 32563.66248501951, ""cvar_t0.95_r0.20_g0.00"": 31892.206829606035, ""nocvar_g0.02"": 32544.70460052614, ""cvar_t0.90_r0.05_g0.02"": 32274.40657348488, ""cvar_t0.90_r0.20_g0.02"": 31905.223824695026, ""cvar_t0.95_r0.05_g0.02"": 32259.294147101024, ""cvar_t0.95_r0.20_g0.02"": 31905.403264576802, ""nocvar_g0.05"": 32307.170195277755, ""cvar_t0.90_r0.05_g0.05"": 32263.951088988822, ""cvar_t0.90_r0.20_g0.05"": 31997.518531809506, ""cvar_t0.95_r0.05_g0.05"": 32244.44237179102, ""cvar_t0.95_r0.20_g0.05"": 31906.177433740904}"
2025-05-08,127,cvar_t0.90_r0.20_g0.00,0.9,0.2,0.0,3905.7612115740735,4370.535079722222,43278.390887050875,37095.744245529524,6182.646641521349,891.9647602578174,17.923858333333328,"{""nocvar_g0.00"": 32989.751921134986, ""cvar_t0.90_r0.05_g0.00"": 32265.51760098696, ""cvar_t0.90_r0.20_g0.00"": 31680.26989103211, ""cvar_t0.95_r0.05_g0.00"": 32265.51760098696, ""cvar_t0.95_r0.20_g0.00"": 31680.26989103211, ""nocvar_g0.02"": 32263.58727038182, ""cvar_t0.90_r0.05_g0.02"": 32063.841735061196, ""cvar_t0.90_r0.20_g0.02"": 31704.87610001024, ""cvar_t0.95_r0.05_g0.02"": 32048.6737342416, ""cvar_t0.95_r0.20_g0.02"": 31705.055539892015, ""nocvar_g0.05"": 32105.116854269556, ""cvar_t0.90_r0.05_g0.05"": 32062.023439074233, ""cvar_t0.90_r0.20_g0.05"": 31801.631638244722, ""cvar_t0.95_r0.05_g0.05"": 32040.578999865527, ""cvar_t0.95_r0.20_g0.05"": 31710.29054017612}"
2025-05-09,128,cvar_t0.90_r0.20_g0.00,0.9,0.2,0.0,4370.535079722222,5880.3962885185165,16036.316005059743,15923.715652827515,112.6003522322283,29.45147864999874,16394.3486746609,"{""nocvar_g0.00"": 33300.129399581725, ""cvar_t0.90_r0.05_g0.00"": 32566.007860816728, ""cvar_t0.90_r0.20_g0.00"": 31821.73803729141, ""cvar_t0.95_r0.05_g0.00"": 32566.007860816728, ""cvar_t0.95_r0.20_g0.00"": 31821.73803729141, ""nocvar_g0.02"": 32550.264116531038, ""cvar_t0.90_r0.05_g0.02"": 32206.17369363563, ""cvar_t0.90_r0.20_g0.02"": 31846.54920966027, ""cvar_t0.95_r0.05_g0.02"": 32191.00569281603, ""cvar_t0.95_r0.20_g0.02"": 31846.728649542045, ""nocvar_g0.05"": 32256.61464905414, ""cvar_t0.90_r0.05_g0.05"": 32213.521233858824, ""cvar_t0.90_r0.20_g0.05"": 31953.12943302931, ""cvar_t0.95_r0.05_g0.05"": 32192.07679465011, ""cvar_t0.95_r0.20_g0.05"": 31861.788334960707}"
2025-05-10,129,cvar_t0.90_r0.20_g0.00,0.9,0.2,0.0,5880.3962885185165,5801.125348314818,15974.715040856472,15974.715040856472,0.0,0.0,13802.003178456784,"{""nocvar_g0.00"": 33449.75235058587, ""cvar_t0.90_r0.05_g0.00"": 32636.904506246232, ""cvar_t0.90_r0.20_g0.00"": 31898.71663173481, ""cvar_t0.95_r0.05_g0.00"": 32636.904506246232, ""cvar_t0.95_r0.20_g0.00"": 31898.71663173481, ""nocvar_g0.02"": 32616.434659023824, ""cvar_t0.90_r0.05_g0.02"": 32283.519420447996, ""cvar_t0.90_r0.20_g0.02"": 31923.89493647264, ""cvar_t0.95_r0.05_g0.02"": 32268.351419628405, ""cvar_t0.95_r0.20_g0.02"": 31924.074376354412, ""nocvar_g0.05"": 32335.18129017701, ""cvar_t0.90_r0.05_g0.05"": 32292.087874981684, ""cvar_t0.90_r0.20_g0.05"": 32031.69607415217, ""cvar_t0.95_r0.05_g0.05"": 32270.643435772978, ""cvar_t0.95_r0.20_g0.05"": 31940.35497608357}"
2025-05-11,130,cvar_t0.90_r0.20_g0.00,0.9,0.2,0.0,5801.125348314818,5131.113679423867,37488.53696033026,37302.729984496924,185.80697583333372,27.561666666666724,1656.4865772839594,"{""nocvar_g0.00"": 33457.75315824248, ""cvar_t0.90_r0.05_g0.00"": 32669.66714078112, ""cvar_t0.90_r0.20_g0.00"": 31974.571093177172, ""cvar_t0.95_r0.05_g0.00"": 32669.66714078112, ""cvar_t0.95_r0.20_g0.00"": 31974.571093177172, ""nocvar_g0.02"": 32645.646009254917, ""cvar_t0.90_r0.05_g0.02"": 32359.607783248874, ""cvar_t0.90_r0.20_g0.02"": 31999.141910188417, ""cvar_t0.95_r0.05_g0.02"": 32344.41066194367, ""cvar_t0.95_r0.20_g0.02"": 31999.32135007019, ""nocvar_g0.05"": 32420.830731558122, ""cvar_t0.90_r0.05_g0.05"": 32377.1070429764, ""cvar_t0.90_r0.20_g0.05"": 32105.990742390943, ""cvar_t0.95_r0.05_g0.05"": 32355.209015624347, ""cvar_t0.95_r0.20_g0.05"": 32014.649644322344}"
2025-05-12,131,cvar_t0.90_r0.20_g0.00,0.9,0.2,0.0,5131.113679423867,5176.495619777774,37420.41750101978,37420.41750101978,0.0,0.0,5875.974699732511,"{""nocvar_g0.00"": 33458.63554217107, ""cvar_t0.90_r0.05_g0.00"": 32698.134874357587, ""cvar_t0.90_r0.20_g0.00"": 32016.193684233152, ""cvar_t0.95_r0.05_g0.00"": 32698.134874357587, ""cvar_t0.95_r0.20_g0.00"": 32016.193684233152, ""nocvar_g0.02"": 32673.596397442645, ""cvar_t0.90_r0.05_g0.02"": 32405.61700493948, ""cvar_t0.90_r0.20_g0.02"": 32041.919704766908, ""cvar_t0.95_r0.05_g0.02"": 32390.854444554418, ""cvar_t0.95_r0.20_g0.02"": 32042.09914464868, ""nocvar_g0.05"": 32467.405984124645, ""cvar_t0.90_r0.05_g0.05"": 32418.121791987513, ""cvar_t0.90_r0.20_g0.05"": 32154.15583136076, ""cvar_t0.95_r0.05_g0.05"": 32401.103273019107, ""cvar_t0.95_r0.20_g0.05"": 32061.10432826368}"
2025-05-13,132,cvar_t0.90_r0.20_g0.00,0.9,0.2,0.0,5176.495619777774,5579.570896351855,39333.8758602699,39333.8758602699,0.0,0.0,7848.12134202653,"{""nocvar_g0.00"": 33531.567206692795, ""cvar_t0.90_r0.05_g0.00"": 32794.84812724707, ""cvar_t0.90_r0.20_g0.00"": 32122.089308795894, ""cvar_t0.95_r0.05_g0.00"": 32794.84812724707, ""cvar_t0.95_r0.20_g0.00"": 32122.089308795894, ""nocvar_g0.02"": 32738.42956228159, ""cvar_t0.90_r0.05_g0.02"": 32479.498761491785, ""cvar_t0.90_r0.20_g0.02"": 32147.95610909662, ""cvar_t0.95_r0.05_g0.02"": 32467.965166382866, ""cvar_t0.95_r0.20_g0.02"": 32148.135548978396, ""nocvar_g0.05"": 32534.3571446037, ""cvar_t0.90_r0.05_g0.05"": 32484.74085372913, ""cvar_t0.90_r0.20_g0.05"": 32228.43535899848, ""cvar_t0.95_r0.05_g0.05"": 32467.91276883153, ""cvar_t0.95_r0.20_g0.05"": 32167.431659430826}"
2025-05-14,133,cvar_t0.90_r0.20_g0.00,0.9,0.2,0.0,5579.570896351855,5247.753943703702,36290.87816190209,36290.87816190209,0.0,0.0,2773.6108978857455,"{""nocvar_g0.00"": 33621.27166159765, ""cvar_t0.90_r0.05_g0.00"": 32923.38777469191, ""cvar_t0.90_r0.20_g0.00"": 32267.542345427908, ""cvar_t0.95_r0.05_g0.00"": 32923.38777469191, ""cvar_t0.95_r0.20_g0.00"": 32267.542345427908, ""nocvar_g0.02"": 32844.111827653, ""cvar_t0.90_r0.05_g0.02"": 32613.56687802048, ""cvar_t0.90_r0.20_g0.02"": 32290.22256750476, ""cvar_t0.95_r0.05_g0.02"": 32602.033282911576, ""cvar_t0.95_r0.20_g0.02"": 32290.402007386532, ""nocvar_g0.05"": 32651.214653786654, ""cvar_t0.90_r0.05_g0.05"": 32632.99369410344, ""cvar_t0.90_r0.20_g0.05"": 32370.742871245853, ""cvar_t0.95_r0.05_g0.05"": 32616.165609205844, ""cvar_t0.95_r0.20_g0.05"": 32309.7391716782}"
2025-05-15,134,cvar_t0.90_r0.20_g0.00,0.9,0.2,0.0,5247.753943703702,7283.771044500003,37864.37274741466,37864.37274741466,0.0,0.0,1089.5884757818994,"{""nocvar_g0.00"": 33293.84449986763, ""cvar_t0.90_r0.05_g0.00"": 32630.990085588997, ""cvar_t0.90_r0.20_g0.00"": 32220.09915009789, ""cvar_t0.95_r0.05_g0.00"": 32630.990085588997, ""cvar_t0.95_r0.20_g0.00"": 32220.09915009789, ""nocvar_g0.02"": 32521.393163488687, ""cvar_t0.90_r0.05_g0.02"": 32325.109636897094, ""cvar_t0.90_r0.20_g0.02"": 32243.28799939907, ""cvar_t0.95_r0.05_g0.02"": 32313.57604178818, ""cvar_t0.95_r0.20_g0.02"": 32243.467439280845, ""nocvar_g0.05"": 32334.310369144485, ""cvar_t0.90_r0.05_g0.05"": 32339.979103480433, ""cvar_t0.90_r0.20_g0.05"": 32324.160260055793, ""cvar_t0.95_r0.05_g0.05"": 32325.802774449065, ""cvar_t0.95_r0.20_g0.05"": 32263.15656048814}"
2025-05-16,135,cvar_t0.90_r0.20_g0.00,0.9,0.2,0.0,7283.771044500003,6611.570484537033,15416.42723372984,15416.42723372984,0.0,0.0,22125.335865770576,"{""nocvar_g0.00"": 33276.23531778334, ""cvar_t0.90_r0.05_g0.00"": 32647.304278759282, ""cvar_t0.90_r0.20_g0.00"": 32258.573439487285, ""cvar_t0.95_r0.05_g0.00"": 32647.304278759282, ""cvar_t0.95_r0.20_g0.00"": 32258.573439487285, ""nocvar_g0.02"": 32529.470488608902, ""cvar_t0.90_r0.05_g0.02"": 32364.00920718952, ""cvar_t0.90_r0.20_g0.02"": 32280.429767279078, ""cvar_t0.95_r0.05_g0.02"": 32352.47561208061, ""cvar_t0.95_r0.20_g0.02"": 32280.609207160855, ""nocvar_g0.05"": 32371.153532335513, ""cvar_t0.90_r0.05_g0.05"": 32374.358203466567, ""cvar_t0.90_r0.20_g0.05"": 32360.36992990926, ""cvar_t0.95_r0.05_g0.05"": 32361.115949394636, ""cvar_t0.95_r0.20_g0.05"": 32299.366230341606}"
2025-05-17,136,cvar_t0.90_r0.20_g0.00,0.9,0.2,0.0,6611.570484537033,6582.009246659374,16225.293920332406,16225.293920332406,0.0,0.0,14996.809693930045,"{""nocvar_g0.00"": 33277.64744602867, ""cvar_t0.90_r0.05_g0.00"": 32695.28296745065, ""cvar_t0.90_r0.20_g0.00"": 32328.962209343095, ""cvar_t0.95_r0.05_g0.00"": 32695.28296745065, ""cvar_t0.95_r0.20_g0.00"": 32328.962209343095, ""nocvar_g0.02"": 32555.438854249987, ""cvar_t0.90_r0.05_g0.02"": 32433.499988114192, ""cvar_t0.90_r0.20_g0.02"": 32350.39739011039, ""cvar_t0.95_r0.05_g0.02"": 32421.96639300528, ""cvar_t0.95_r0.20_g0.02"": 32350.576829992166, ""nocvar_g0.05"": 32417.813718869296, ""cvar_t0.90_r0.05_g0.05"": 32443.087947744738, ""cvar_t0.90_r0.20_g0.05"": 32428.859719333563, ""cvar_t0.95_r0.05_g0.05"": 32429.845693672807, ""cvar_t0.95_r0.20_g0.05"": 32367.856019765914}"
2025-05-18,137,cvar_t0.90_r0.20_g0.00,0.9,0.2,0.0,6582.009246659374,6742.854969203703,37159.10685377489,37159.10685377489,0.0,0.0,1352.3845705847766,"{""nocvar_g0.00"": 33331.13653260878, ""cvar_t0.90_r0.05_g0.00"": 32776.19773776424, ""cvar_t0.90_r0.20_g0.00"": 32446.86583270738, ""cvar_t0.95_r0.05_g0.00"": 32776.19773776424, ""cvar_t0.95_r0.20_g0.00"": 32446.86583270738, ""nocvar_g0.02"": 32624.323958201156, ""cvar_t0.90_r0.05_g0.02"": 32549.820949682115, ""cvar_t0.90_r0.20_g0.02"": 32467.94827565021, ""cvar_t0.95_r0.05_g0.02"": 32538.287354573204, ""cvar_t0.95_r0.20_g0.02"": 32468.127715531988, ""nocvar_g0.05"": 32494.21916372445, ""cvar_t0.90_r0.05_g0.05"": 32566.658108317177, ""cvar_t0.90_r0.20_g0.05"": 32550.00988814839, ""cvar_t0.95_r0.05_g0.05"": 32553.08725246757, ""cvar_t0.95_r0.20_g0.05"": 32492.082848735798}"
2025-05-19,138,cvar_t0.90_r0.20_g0.00,0.9,0.2,0.0,6742.854969203703,6431.4648192963,38884.71586880503,38432.81188713836,451.90398166666745,67.00333333333344,11606.699539895813,"{""nocvar_g0.00"": 33459.78661753481, ""cvar_t0.90_r0.05_g0.00"": 32900.44319384686, ""cvar_t0.90_r0.20_g0.00"": 32559.77548594016, ""cvar_t0.95_r0.05_g0.00"": 32900.44319384686, ""cvar_t0.95_r0.20_g0.00"": 32559.77548594016, ""nocvar_g0.02"": 32757.65225736294, ""cvar_t0.90_r0.05_g0.02"": 32671.47223505568, ""cvar_t0.90_r0.20_g0.02"": 32579.73820521049, ""cvar_t0.95_r0.05_g0.02"": 32659.602280365536, ""cvar_t0.95_r0.20_g0.02"": 32579.917645092268, ""nocvar_g0.05"": 32632.66610449387, ""cvar_t0.90_r0.05_g0.05"": 32691.010477152762, ""cvar_t0.90_r0.20_g0.05"": 32673.82374142739, ""cvar_t0.95_r0.05_g0.05"": 32677.439621303147, ""cvar_t0.95_r0.20_g0.05"": 32605.941944125592}"
2025-05-20,139,cvar_t0.90_r0.20_g0.00,0.9,0.2,0.0,6431.4648192963,5882.707530166666,36269.158407562514,36269.158407562514,0.0,0.0,244.16496162551624,"{""nocvar_g0.00"": 33564.906674158374, ""cvar_t0.90_r0.05_g0.00"": 33028.734212560405, ""cvar_t0.90_r0.20_g0.00"": 32719.010695010285, ""cvar_t0.95_r0.05_g0.00"": 33028.734212560405, ""cvar_t0.95_r0.20_g0.00"": 32719.010695010285, ""nocvar_g0.02"": 32864.26906331635, ""cvar_t0.90_r0.05_g0.02"": 32807.96687370347, ""cvar_t0.90_r0.20_g0.02"": 32738.895884490423, ""cvar_t0.95_r0.05_g0.02"": 32796.096919013326, ""cvar_t0.95_r0.20_g0.02"": 32739.075324372196, ""nocvar_g0.05"": 32728.272800922776, ""cvar_t0.90_r0.05_g0.05"": 32818.4574848145, ""cvar_t0.90_r0.20_g0.05"": 32832.93890052263, ""cvar_t0.95_r0.05_g0.05"": 32804.88662896488, ""cvar_t0.95_r0.20_g0.05"": 32765.057103220828}"
2025-05-21,140,cvar_t0.90_r0.20_g0.00,0.9,0.2,0.0,5882.707530166666,4900.054487091453,35797.53406450987,35797.53406450987,0.0,0.0,3083.0789547942463,"{""nocvar_g0.00"": 33611.49433558361, ""cvar_t0.90_r0.05_g0.00"": 33081.25697322375, ""cvar_t0.90_r0.20_g0.00"": 32763.735597410934, ""cvar_t0.95_r0.05_g0.00"": 33081.25697322375, ""cvar_t0.95_r0.20_g0.00"": 32763.735597410934, ""nocvar_g0.02"": 32932.752543308634, ""cvar_t0.90_r0.05_g0.02"": 32856.4763646829, ""cvar_t0.90_r0.20_g0.02"": 32783.41116486884, ""cvar_t0.95_r0.05_g0.02"": 32844.799683296864, ""cvar_t0.95_r0.20_g0.02"": 32783.590604750614, ""nocvar_g0.05"": 32797.133660416504, ""cvar_t0.90_r0.05_g0.05"": 32867.960135128844, ""cvar_t0.90_r0.20_g0.05"": 32863.79660548352, ""cvar_t0.95_r0.05_g0.05"": 32854.61368407387, ""cvar_t0.95_r0.20_g0.05"": 32809.56183300318}"
2025-05-22,141,cvar_t0.90_r0.20_g0.00,0.9,0.2,0.0,4900.054487091453,6845.457989949616,36716.9272397952,36716.9272397952,0.0,0.0,1490.104352458733,"{""nocvar_g0.00"": 33658.27259259137, ""cvar_t0.90_r0.05_g0.00"": 33120.10577187461, ""cvar_t0.90_r0.20_g0.00"": 32790.23609723469, ""cvar_t0.95_r0.05_g0.00"": 33120.10577187461, ""cvar_t0.95_r0.20_g0.00"": 32790.23609723469, ""nocvar_g0.02"": 32996.81956683555, ""cvar_t0.90_r0.05_g0.02"": 32906.24950137586, ""cvar_t0.90_r0.20_g0.02"": 32810.23542675065, ""cvar_t0.95_r0.05_g0.02"": 32894.57281998982, ""cvar_t0.95_r0.20_g0.02"": 32810.414866632425, ""nocvar_g0.05"": 32874.760066850526, ""cvar_t0.90_r0.05_g0.05"": 32916.65255401117, ""cvar_t0.90_r0.20_g0.05"": 32889.89887350804, ""cvar_t0.95_r0.05_g0.05"": 32903.306102956194, ""cvar_t0.95_r0.20_g0.05"": 32835.664101027694}"
2025-05-23,142,cvar_t0.90_r0.20_g0.00,0.9,0.2,0.0,6845.457989949616,7069.510261231135,15625.436042338066,15625.436042338066,0.0,0.0,17662.001538786004,"{""nocvar_g0.00"": 33716.10782029393, ""cvar_t0.90_r0.05_g0.00"": 33171.54499537057, ""cvar_t0.90_r0.20_g0.00"": 32865.843766225174, ""cvar_t0.95_r0.05_g0.00"": 33171.54499537057, ""cvar_t0.95_r0.20_g0.00"": 32865.843766225174, ""nocvar_g0.02"": 33054.74966953941, ""cvar_t0.90_r0.05_g0.02"": 32969.299567641596, ""cvar_t0.90_r0.20_g0.02"": 32885.39209363778, ""cvar_t0.95_r0.05_g0.02"": 32957.622886255565, ""cvar_t0.95_r0.20_g0.02"": 32885.57153351956, ""nocvar_g0.05"": 32933.9533723443, ""cvar_t0.90_r0.05_g0.05"": 32987.86131061252, ""cvar_t0.90_r0.20_g0.05"": 32964.48891798694, ""cvar_t0.95_r0.05_g0.05"": 32974.514859557545, ""cvar_t0.95_r0.20_g0.05"": 32910.2541455066}"
2025-05-24,143,nocvar_g0.05,,0.0,0.05,7069.510261231135,5911.979701777779,14133.004805739818,14133.004805739818,0.0,0.0,20424.828917489715,"{""nocvar_g0.00"": 33764.0735290137, ""cvar_t0.90_r0.05_g0.00"": 33231.18980559079, ""cvar_t0.90_r0.20_g0.00"": 32968.79496123812, ""cvar_t0.95_r0.05_g0.00"": 33231.18980559079, ""cvar_t0.95_r0.20_g0.00"": 32968.79496123812, ""nocvar_g0.02"": 33077.085324723426, ""cvar_t0.90_r0.05_g0.02"": 33045.4333016067, ""cvar_t0.90_r0.20_g0.02"": 32987.383936825114, ""cvar_t0.95_r0.05_g0.02"": 33033.79519958906, ""cvar_t0.95_r0.20_g0.02"": 32987.56337670689, ""nocvar_g0.05"": 32957.13002576198, ""cvar_t0.90_r0.05_g0.05"": 33057.31443377355, ""cvar_t0.90_r0.20_g0.05"": 33070.980728253184, ""cvar_t0.95_r0.05_g0.05"": 33043.88206672041, ""cvar_t0.95_r0.20_g0.05"": 33016.06004023736}"
2025-05-25,144,nocvar_g0.05,,0.0,0.05,5911.979701777779,6624.7613084074055,36589.084176537006,36589.084176537006,0.0,0.0,5860.584763919143,"{""nocvar_g0.00"": 33773.149695914915, ""cvar_t0.90_r0.05_g0.00"": 33274.757750425684, ""cvar_t0.90_r0.20_g0.00"": 33024.10238995175, ""cvar_t0.95_r0.05_g0.00"": 33274.757750425684, ""cvar_t0.95_r0.20_g0.00"": 33024.10238995175, ""nocvar_g0.02"": 33089.355668748285, ""cvar_t0.90_r0.05_g0.02"": 33092.580890058394, ""cvar_t0.90_r0.20_g0.02"": 33040.24844975811, ""cvar_t0.95_r0.05_g0.02"": 33080.94278804075, ""cvar_t0.95_r0.20_g0.02"": 33037.839796055196, ""nocvar_g0.05"": 32969.19696096303, ""cvar_t0.90_r0.05_g0.05"": 33099.479572602446, ""cvar_t0.90_r0.20_g0.05"": 33126.34225636688, ""cvar_t0.95_r0.05_g0.05"": 33086.04720554931, ""cvar_t0.95_r0.20_g0.05"": 33070.54328612065}"
2025-05-26,145,nocvar_g0.02,,0.0,0.02,6624.7613084074055,4629.613428823344,35426.46340806688,35426.46340806688,0.0,0.0,70.32181666666679,"{""nocvar_g0.00"": 33680.12523559849, ""cvar_t0.90_r0.05_g0.00"": 33188.017772982865, ""cvar_t0.90_r0.20_g0.00"": 33103.58610042276, ""cvar_t0.95_r0.05_g0.00"": 33188.017772982865, ""cvar_t0.95_r0.20_g0.00"": 33103.58610042276, ""nocvar_g0.02"": 33018.517253377424, ""cvar_t0.90_r0.05_g0.02"": 33079.946228449786, ""cvar_t0.90_r0.20_g0.02"": 33120.63305190634, ""cvar_t0.95_r0.05_g0.02"": 33068.308126432144, ""cvar_t0.95_r0.20_g0.02"": 33118.22439820343, ""nocvar_g0.05"": 33048.52597859555, ""cvar_t0.90_r0.05_g0.05"": 33180.81351399056, ""cvar_t0.90_r0.20_g0.05"": 33207.67619775498, ""cvar_t0.95_r0.05_g0.05"": 33167.381146937405, ""cvar_t0.95_r0.20_g0.05"": 33151.877227508754}"
2025-05-27,146,nocvar_g0.02,,0.0,0.02,4629.613428823344,6174.486683629625,36306.99372082704,36306.99372082704,0.0,0.0,3749.7098398559656,"{""nocvar_g0.00"": 32388.883305001353, ""cvar_t0.90_r0.05_g0.00"": 31976.83246796492, ""cvar_t0.90_r0.20_g0.00"": 31943.925852761367, ""cvar_t0.95_r0.05_g0.00"": 31976.83246796492, ""cvar_t0.95_r0.20_g0.00"": 31943.925852761367, ""nocvar_g0.02"": 31782.454450114707, ""cvar_t0.90_r0.05_g0.02"": 31883.052085045067, ""cvar_t0.90_r0.20_g0.02"": 31965.270614581863, ""cvar_t0.95_r0.05_g0.02"": 31873.854767997218, ""cvar_t0.95_r0.20_g0.02"": 31962.861960878952, ""nocvar_g0.05"": 31925.127220329065, ""cvar_t0.90_r0.05_g0.05"": 31942.999171085743, ""cvar_t0.90_r0.20_g0.05"": 32058.034137211012, ""cvar_t0.95_r0.05_g0.05"": 31944.383539169183, ""cvar_t0.95_r0.20_g0.05"": 31998.287258670163}"
2025-05-28,147,nocvar_g0.02,,0.0,0.02,6174.486683629625,5240.161657631273,35087.44813181776,35087.44813181776,0.0,0.0,0.0,"{""nocvar_g0.00"": 32295.67363885852, ""cvar_t0.90_r0.05_g0.00"": 31850.690787260053, ""cvar_t0.90_r0.20_g0.00"": 31932.649679309918, ""cvar_t0.95_r0.05_g0.00"": 31850.690787260053, ""cvar_t0.95_r0.20_g0.00"": 31932.649679309918, ""nocvar_g0.02"": 31653.130452433717, ""cvar_t0.90_r0.05_g0.02"": 31871.84619790401, ""cvar_t0.90_r0.20_g0.02"": 31954.06472744082, ""cvar_t0.95_r0.05_g0.02"": 31862.648880856163, ""cvar_t0.95_r0.20_g0.02"": 31951.656073737908, ""nocvar_g0.05"": 31912.546413935364, ""cvar_t0.90_r0.05_g0.05"": 31930.84569613389, ""cvar_t0.90_r0.20_g0.05"": 32045.88066225916, ""cvar_t0.95_r0.05_g0.05"": 31932.23006421733, ""cvar_t0.95_r0.20_g0.05"": 31986.133783718313}"
2025-05-29,148,nocvar_g0.02,,0.0,0.02,5240.161657631273,4760.762339722221,49273.377585159426,34492.28894802887,14781.088637130553,2165.802183166662,144.44533333333334,"{""nocvar_g0.00"": 32344.05799908871, ""cvar_t0.90_r0.05_g0.00"": 31901.57909810797, ""cvar_t0.90_r0.20_g0.00"": 31982.925183417497, ""cvar_t0.95_r0.05_g0.00"": 31901.57909810797, ""cvar_t0.95_r0.20_g0.00"": 31982.925183417497, ""nocvar_g0.02"": 31687.749550862383, ""cvar_t0.90_r0.05_g0.02"": 31925.273518753595, ""cvar_t0.90_r0.20_g0.02"": 32003.419247072383, ""cvar_t0.95_r0.05_g0.02"": 31916.07620170575, ""cvar_t0.95_r0.20_g0.02"": 32001.010593369465, ""nocvar_g0.05"": 31967.659265503396, ""cvar_t0.90_r0.05_g0.05"": 31983.881523235465, ""cvar_t0.90_r0.20_g0.05"": 32094.778749124467, ""cvar_t0.95_r0.05_g0.05"": 31985.27945173013, ""cvar_t0.95_r0.20_g0.05"": 32035.031870583618}"
2025-05-30,149,cvar_t0.95_r0.05_g0.02,0.95,0.05,0.02,4760.762339722221,5941.683921592598,15511.508678840779,15511.508678840779,0.0,0.0,17968.930100761314,"{""nocvar_g0.00"": 32509.216423287628, ""cvar_t0.90_r0.05_g0.00"": 31908.172920690173, ""cvar_t0.90_r0.20_g0.00"": 31843.127733410063, ""cvar_t0.95_r0.05_g0.00"": 31908.172920690173, ""cvar_t0.95_r0.20_g0.00"": 31843.127733410063, ""nocvar_g0.02"": 31856.47578793967, ""cvar_t0.90_r0.05_g0.02"": 31849.553961386926, ""cvar_t0.90_r0.20_g0.02"": 31863.325505965506, ""cvar_t0.95_r0.05_g0.02"": 31837.32324062903, ""cvar_t0.95_r0.20_g0.02"": 31860.73741238082, ""nocvar_g0.05"": 32041.62250318235, ""cvar_t0.90_r0.05_g0.05"": 31859.246036974506, ""cvar_t0.90_r0.20_g0.05"": 31939.440637194133, ""cvar_t0.95_r0.05_g0.05"": 31860.62352040114, ""cvar_t0.95_r0.20_g0.05"": 31889.237678583853}"
2025-05-31,150,nocvar_g0.02,,0.0,0.02,5941.683921592598,5828.335312499999,15406.467488784609,14454.04946911523,952.4180196693777,229.42704171666534,15943.205985267487,"{""nocvar_g0.00"": 32012.331789294338, ""cvar_t0.90_r0.05_g0.00"": 31715.672874274496, ""cvar_t0.90_r0.20_g0.00"": 31764.453559798883, ""cvar_t0.95_r0.05_g0.00"": 31715.672874274496, ""cvar_t0.95_r0.20_g0.00"": 31764.453559798883, ""nocvar_g0.02"": 31690.031734160326, ""cvar_t0.90_r0.05_g0.02"": 31742.386530134892, ""cvar_t0.90_r0.20_g0.02"": 31783.768762246793, ""cvar_t0.95_r0.05_g0.02"": 31730.64659294794, ""cvar_t0.95_r0.20_g0.02"": 31781.180668662106, ""nocvar_g0.05"": 31900.335469395828, ""cvar_t0.90_r0.05_g0.05"": 31722.804470408308, ""cvar_t0.90_r0.20_g0.05"": 31860.287809807982, ""cvar_t0.95_r0.05_g0.05"": 31747.76467214223, ""cvar_t0.95_r0.20_g0.05"": 31810.0848511977}"
2025-06-01,151,cvar_t0.90_r0.05_g0.00,0.9,0.05,0.0,5828.335312499999,3182.1234845370363,98442.626874462,38253.55781071187,60189.06906375014,9644.910748849996,42.571061666666424,"{""nocvar_g0.00"": 31673.378999528773, ""cvar_t0.90_r0.05_g0.00"": 31648.233494230033, ""cvar_t0.90_r0.20_g0.00"": 31774.869617653083, ""cvar_t0.95_r0.05_g0.00"": 31648.233494230033, ""cvar_t0.95_r0.20_g0.00"": 31774.869617653083, ""nocvar_g0.02"": 31669.127202678996, ""cvar_t0.90_r0.05_g0.02"": 31770.90269291912, ""cvar_t0.90_r0.20_g0.02"": 31793.37238293004, ""cvar_t0.95_r0.05_g0.02"": 31759.162755732166, ""cvar_t0.95_r0.20_g0.02"": 31790.506158524942, ""nocvar_g0.05"": 31898.24362359438, ""cvar_t0.90_r0.05_g0.05"": 31726.130608037583, ""cvar_t0.90_r0.20_g0.05"": 31900.84152630498, ""cvar_t0.95_r0.05_g0.05"": 31778.690215525847, ""cvar_t0.95_r0.20_g0.05"": 31846.203808552895}"
2025-06-02,152,cvar_t0.90_r0.20_g0.00,0.9,0.2,0.0,3182.1234845370363,3697.138767777777,53989.453349358264,48129.611019901946,5859.84232945632,851.9581046499968,5513.460611748978,"{""nocvar_g0.00"": 34154.86610014425, ""cvar_t0.90_r0.05_g0.00"": 33880.40914837081, ""cvar_t0.90_r0.20_g0.00"": 33850.878445764254, ""cvar_t0.95_r0.05_g0.00"": 33880.40914837081, ""cvar_t0.95_r0.20_g0.00"": 33850.878445764254, ""nocvar_g0.02"": 34344.66254461709, ""cvar_t0.90_r0.05_g0.02"": 34263.77386436822, ""cvar_t0.90_r0.20_g0.02"": 33869.49496537757, ""cvar_t0.95_r0.05_g0.02"": 34176.560316837444, ""cvar_t0.95_r0.20_g0.02"": 33866.62874097246, ""nocvar_g0.05"": 34583.82333343173, ""cvar_t0.90_r0.05_g0.05"": 34398.550108409785, ""cvar_t0.90_r0.20_g0.05"": 34012.584347775184, ""cvar_t0.95_r0.05_g0.05"": 34424.37925826391, ""cvar_t0.95_r0.20_g0.05"": 33925.841301859895}"
2025-06-03,153,cvar_t0.95_r0.20_g0.02,0.95,0.2,0.02,3697.138767777777,4280.958916481483,48974.13944664422,47286.1745979586,1687.9648486856227,303.2815812499996,2399.3931348559654,"{""nocvar_g0.00"": 35711.148017868894, ""cvar_t0.90_r0.05_g0.00"": 35230.429437225524, ""cvar_t0.90_r0.20_g0.00"": 34284.72835781555, ""cvar_t0.95_r0.05_g0.00"": 35230.429437225524, ""cvar_t0.95_r0.20_g0.00"": 34284.72835781555, ""nocvar_g0.02"": 35398.002835228945, ""cvar_t0.90_r0.05_g0.02"": 34534.63236216028, ""cvar_t0.90_r0.20_g0.02"": 34284.539430136494, ""cvar_t0.95_r0.05_g0.02"": 34463.016199531914, ""cvar_t0.95_r0.20_g0.02"": 34281.67320573139, ""nocvar_g0.05"": 34666.73945847038, ""cvar_t0.90_r0.05_g0.05"": 34607.88138945022, ""cvar_t0.90_r0.20_g0.05"": 34327.05256715758, ""cvar_t0.95_r0.05_g0.05"": 34647.662082078656, ""cvar_t0.95_r0.20_g0.05"": 34336.209281126234}"
2025-06-04,154,cvar_t0.95_r0.20_g0.02,0.95,0.2,0.02,4280.958916481483,3825.216819907407,47783.411705472994,45275.703086725276,2507.708618747718,365.97045526665966,277.7393870781881,"{""nocvar_g0.00"": 37189.20404405983, ""cvar_t0.90_r0.05_g0.00"": 36504.7411862856, ""cvar_t0.90_r0.20_g0.00"": 34661.09218670999, ""cvar_t0.95_r0.05_g0.00"": 36504.7411862856, ""cvar_t0.95_r0.20_g0.00"": 34661.09218670999, ""nocvar_g0.02"": 36573.569185185355, ""cvar_t0.90_r0.05_g0.02"": 34916.61119733641, ""cvar_t0.90_r0.20_g0.02"": 34662.86624927018, ""cvar_t0.95_r0.05_g0.02"": 34844.995034708045, ""cvar_t0.95_r0.20_g0.02"": 34660.000024865076, ""nocvar_g0.05"": 35019.254147200656, ""cvar_t0.90_r0.05_g0.05"": 34960.39607818049, ""cvar_t0.90_r0.20_g0.05"": 34679.56725588785, ""cvar_t0.95_r0.05_g0.05"": 35000.176770808925, ""cvar_t0.95_r0.20_g0.05"": 34688.7239698565}"
2025-06-05,155,cvar_t0.95_r0.20_g0.02,0.95,0.2,0.02,3825.216819907407,3434.165413148148,51614.010908539974,46830.379507590034,4783.631400949942,727.2683227758275,1082.9157319767469,"{""nocvar_g0.00"": 38677.12221956269, ""cvar_t0.90_r0.05_g0.00"": 37311.32636038538, ""cvar_t0.90_r0.20_g0.00"": 34808.263066173204, ""cvar_t0.95_r0.05_g0.00"": 37311.32636038538, ""cvar_t0.95_r0.20_g0.00"": 34808.263066173204, ""nocvar_g0.02"": 37353.891492764786, ""cvar_t0.90_r0.05_g0.02"": 35067.58448893809, ""cvar_t0.90_r0.20_g0.02"": 34799.543110434584, ""cvar_t0.95_r0.05_g0.02"": 34996.02390074547, ""cvar_t0.95_r0.20_g0.02"": 34796.67688602949, ""nocvar_g0.05"": 35158.9268613139, ""cvar_t0.90_r0.05_g0.05"": 35099.94310120012, ""cvar_t0.90_r0.20_g0.05"": 34813.07352255769, ""cvar_t0.95_r0.05_g0.05"": 35141.65951583947, ""cvar_t0.95_r0.20_g0.05"": 34822.23023652634}"
2025-06-06,156,cvar_t0.95_r0.20_g0.02,0.95,0.2,0.02,3434.165413148148,3911.313657777777,31293.833280019797,19766.079631860644,11527.753648159154,1736.8291233333314,2859.1396208024717,"{""nocvar_g0.00"": 39058.41366346709, ""cvar_t0.90_r0.05_g0.00"": 37588.57368823083, ""cvar_t0.90_r0.20_g0.00"": 35106.528899382734, ""cvar_t0.95_r0.05_g0.00"": 37588.57368823083, ""cvar_t0.95_r0.20_g0.00"": 35106.528899382734, ""nocvar_g0.02"": 37597.608549772245, ""cvar_t0.90_r0.05_g0.02"": 35364.922193155486, ""cvar_t0.90_r0.20_g0.02"": 35096.88081465198, ""cvar_t0.95_r0.05_g0.02"": 35293.36160496286, ""cvar_t0.95_r0.20_g0.02"": 35094.01459024688, ""nocvar_g0.05"": 35460.58049910386, ""cvar_t0.90_r0.05_g0.05"": 35390.71789600123, ""cvar_t0.90_r0.20_g0.05"": 35103.848317358796, ""cvar_t0.95_r0.05_g0.05"": 35432.43431064058, ""cvar_t0.95_r0.20_g0.05"": 35113.00503132744}"
2025-06-07,157,cvar_t0.95_r0.20_g0.02,0.95,0.2,0.02,3911.313657777777,4600.428622890033,21459.081189971417,21459.081189971417,0.0,0.0,1916.0378897785893,"{""nocvar_g0.00"": 40022.03560691199, ""cvar_t0.90_r0.05_g0.00"": 38508.87502918839, ""cvar_t0.90_r0.20_g0.00"": 35650.99759456163, ""cvar_t0.95_r0.05_g0.00"": 38508.87502918839, ""cvar_t0.95_r0.20_g0.00"": 35650.99759456163, ""nocvar_g0.02"": 38455.60799506836, ""cvar_t0.90_r0.05_g0.02"": 35909.776048791464, ""cvar_t0.90_r0.20_g0.02"": 35641.73467028796, ""cvar_t0.95_r0.05_g0.02"": 35838.21546059884, ""cvar_t0.95_r0.20_g0.02"": 35638.86844588286, ""nocvar_g0.05"": 36002.81840404527, ""cvar_t0.90_r0.05_g0.05"": 35932.95580094263, ""cvar_t0.90_r0.20_g0.05"": 35646.0862223002, ""cvar_t0.95_r0.05_g0.05"": 35974.67221558199, ""cvar_t0.95_r0.20_g0.05"": 35655.24293626885}"
2025-06-08,158,cvar_t0.95_r0.20_g0.02,0.95,0.2,0.02,4600.428622890033,5760.4316298769945,54651.92639282414,54636.94606419081,14.980328633333668,2.215533333333383,16482.686807638893,"{""nocvar_g0.00"": 40818.254706575324, ""cvar_t0.90_r0.05_g0.00"": 39127.24628984048, ""cvar_t0.90_r0.20_g0.00"": 35847.41137274079, ""cvar_t0.95_r0.05_g0.00"": 39127.24628984048, ""cvar_t0.95_r0.20_g0.00"": 35847.41137274079, ""nocvar_g0.02"": 38981.25208642326, ""cvar_t0.90_r0.05_g0.02"": 36109.36080922569, ""cvar_t0.90_r0.20_g0.02"": 35837.84718523549, ""cvar_t0.95_r0.05_g0.02"": 36037.80022103307, ""cvar_t0.95_r0.20_g0.02"": 35834.98096083039, ""nocvar_g0.05"": 36194.17714301692, ""cvar_t0.90_r0.05_g0.05"": 36124.31453991429, ""cvar_t0.90_r0.20_g0.05"": 35837.444961271845, ""cvar_t0.95_r0.05_g0.05"": 36166.03095455364, ""cvar_t0.95_r0.20_g0.05"": 35846.601675240505}"
2025-06-09,159,cvar_t0.90_r0.20_g0.05,0.9,0.2,0.05,5760.4316298769945,5588.389747685184,56254.60172877598,56132.49329131348,122.10843746249853,18.12639166666645,13839.311462983544,"{""nocvar_g0.00"": 41338.67701154936, ""cvar_t0.90_r0.05_g0.00"": 39644.933724948336, ""cvar_t0.90_r0.20_g0.00"": 36460.59043655773, ""cvar_t0.95_r0.05_g0.00"": 39644.933724948336, ""cvar_t0.95_r0.20_g0.00"": 36460.59043655773, ""nocvar_g0.02"": 39498.779475279574, ""cvar_t0.90_r0.05_g0.02"": 36722.49290473769, ""cvar_t0.90_r0.20_g0.02"": 36450.979280747495, ""cvar_t0.95_r0.05_g0.02"": 36650.93231654507, ""cvar_t0.95_r0.20_g0.02"": 36448.113056342394, ""nocvar_g0.05"": 36801.474151042385, ""cvar_t0.90_r0.05_g0.05"": 36731.61154793975, ""cvar_t0.90_r0.20_g0.05"": 36444.74196929731, ""cvar_t0.95_r0.05_g0.05"": 36773.327962579104, ""cvar_t0.95_r0.20_g0.05"": 36453.898683265965}"
2025-06-10,160,cvar_t0.95_r0.20_g0.02,0.95,0.2,0.02,5588.389747685184,6072.117722670202,54226.40196074197,54226.40196074197,0.0,0.0,8303.197035118628,"{""nocvar_g0.00"": 42041.55622945916, ""cvar_t0.90_r0.05_g0.00"": 40207.85801433027, ""cvar_t0.90_r0.20_g0.00"": 37154.04298331889, ""cvar_t0.95_r0.05_g0.00"": 40207.85801433027, ""cvar_t0.95_r0.20_g0.00"": 37154.04298331889, ""nocvar_g0.02"": 40107.36427086174, ""cvar_t0.90_r0.05_g0.02"": 37265.06935652989, ""cvar_t0.90_r0.20_g0.02"": 37125.25114045837, ""cvar_t0.95_r0.05_g0.02"": 37190.27980306111, ""cvar_t0.95_r0.20_g0.02"": 37122.38491605326, ""nocvar_g0.05"": 37513.371512608, ""cvar_t0.90_r0.05_g0.05"": 37443.44348173214, ""cvar_t0.90_r0.20_g0.05"": 37148.913437193594, ""cvar_t0.95_r0.05_g0.05"": 37484.969462300665, ""cvar_t0.95_r0.20_g0.05"": 37126.02234763282}"
2025-06-11,161,cvar_t0.95_r0.05_g0.02,0.95,0.05,0.02,6072.117722670202,4574.753745000001,63248.53582098351,49069.32704042886,14179.20878055465,2656.0048381148076,1570.7616850000002,"{""nocvar_g0.00"": 42417.34657602834, ""cvar_t0.90_r0.05_g0.00"": 40574.40662529728, ""cvar_t0.90_r0.20_g0.00"": 37708.75896708462, ""cvar_t0.95_r0.05_g0.00"": 40574.40662529728, ""cvar_t0.95_r0.20_g0.00"": 37708.75896708462, ""nocvar_g0.02"": 40500.76747909, ""cvar_t0.90_r0.05_g0.02"": 37710.61118293707, ""cvar_t0.90_r0.20_g0.02"": 37660.38601358295, ""cvar_t0.95_r0.05_g0.02"": 37635.82162946829, ""cvar_t0.95_r0.20_g0.02"": 37657.51978917786, ""nocvar_g0.05"": 38075.797067428495, ""cvar_t0.90_r0.05_g0.05"": 37974.573933075495, ""cvar_t0.90_r0.20_g0.05"": 37679.471904616395, ""cvar_t0.95_r0.05_g0.05"": 38016.09991364404, ""cvar_t0.95_r0.20_g0.05"": 37656.58081505562}"
2025-06-12,162,cvar_t0.95_r0.20_g0.05,0.95,0.2,0.05,4574.753745000001,5800.230047823147,52939.599189780325,52939.599189780325,0.0,0.0,5736.5851402263415,"{""nocvar_g0.00"": 43804.859234496296, ""cvar_t0.90_r0.05_g0.00"": 41895.61500767205, ""cvar_t0.90_r0.20_g0.00"": 38268.91757280881, ""cvar_t0.95_r0.05_g0.00"": 41895.61500767205, ""cvar_t0.95_r0.20_g0.00"": 38268.91757280881, ""nocvar_g0.02"": 41829.87696671964, ""cvar_t0.90_r0.05_g0.02"": 38692.442443167514, ""cvar_t0.90_r0.20_g0.02"": 38211.396212475294, ""cvar_t0.95_r0.05_g0.02"": 38617.652889698744, ""cvar_t0.95_r0.20_g0.02"": 38208.52998807019, ""nocvar_g0.05"": 38662.259161999136, ""cvar_t0.90_r0.05_g0.05"": 38549.37767595483, ""cvar_t0.90_r0.20_g0.05"": 38229.043823823005, ""cvar_t0.95_r0.05_g0.05"": 38588.25190065713, ""cvar_t0.95_r0.20_g0.05"": 38206.15273426223}"
2025-06-13,163,cvar_t0.95_r0.20_g0.05,0.95,0.2,0.05,5800.230047823147,5922.597856128128,22152.844105312695,22152.844105312695,0.0,0.0,6146.714208251025,"{""nocvar_g0.00"": 44397.53960829832, ""cvar_t0.90_r0.05_g0.00"": 42465.163746975326, ""cvar_t0.90_r0.20_g0.00"": 38809.35650366246, ""cvar_t0.95_r0.05_g0.00"": 42465.163746975326, ""cvar_t0.95_r0.20_g0.00"": 38809.35650366246, ""nocvar_g0.02"": 42404.1718058714, ""cvar_t0.90_r0.05_g0.02"": 39233.44522560397, ""cvar_t0.90_r0.20_g0.02"": 38752.398994911746, ""cvar_t0.95_r0.05_g0.02"": 39158.65567213519, ""cvar_t0.95_r0.20_g0.02"": 38749.53277050664, ""nocvar_g0.05"": 39202.842267265936, ""cvar_t0.90_r0.05_g0.05"": 39090.154289901504, ""cvar_t0.90_r0.20_g0.05"": 38769.82043776968, ""cvar_t0.95_r0.05_g0.05"": 39129.02851460381, ""cvar_t0.95_r0.20_g0.05"": 38746.929348208905}"
2025-06-14,164,cvar_t0.95_r0.20_g0.05,0.95,0.2,0.05,5922.597856128128,6210.250504546181,23998.01080808442,23998.01080808442,0.0,0.0,10337.17297736625,"{""nocvar_g0.00"": 44641.27581975203, ""cvar_t0.90_r0.05_g0.00"": 42654.79006578039, ""cvar_t0.90_r0.20_g0.00"": 39051.73969092701, ""cvar_t0.95_r0.05_g0.00"": 42654.79006578039, ""cvar_t0.95_r0.20_g0.00"": 39051.73969092701, ""nocvar_g0.02"": 42612.61545062713, ""cvar_t0.90_r0.05_g0.02"": 39423.044563671, ""cvar_t0.90_r0.20_g0.02"": 38993.92402373422, ""cvar_t0.95_r0.05_g0.02"": 39348.25501020222, ""cvar_t0.95_r0.20_g0.02"": 38991.057799329115, ""nocvar_g0.05"": 39467.96079819997, ""cvar_t0.90_r0.05_g0.05"": 39333.13514864202, ""cvar_t0.90_r0.20_g0.05"": 39012.801296510195, ""cvar_t0.95_r0.05_g0.05"": 39372.00937334432, ""cvar_t0.95_r0.20_g0.05"": 38989.91020694941}"
2025-06-15,165,cvar_t0.95_r0.20_g0.05,0.95,0.2,0.05,6210.250504546181,8037.169723740744,58061.39720695092,58061.39720695092,0.0,0.0,13698.675977435381,"{""nocvar_g0.00"": 44839.832540121344, ""cvar_t0.90_r0.05_g0.00"": 42842.496943026, ""cvar_t0.90_r0.20_g0.00"": 39339.36956858982, ""cvar_t0.95_r0.05_g0.00"": 42842.496943026, ""cvar_t0.95_r0.20_g0.00"": 39339.36956858982, ""nocvar_g0.02"": 42818.59827389073, ""cvar_t0.90_r0.05_g0.02"": 39655.70609029099, ""cvar_t0.90_r0.20_g0.02"": 39278.503575946546, ""cvar_t0.95_r0.05_g0.02"": 39580.91653682221, ""cvar_t0.95_r0.20_g0.02"": 39275.63735154144, ""nocvar_g0.05"": 39796.31728171573, ""cvar_t0.90_r0.05_g0.05"": 39614.046663078545, ""cvar_t0.90_r0.20_g0.05"": 39290.36985487222, ""cvar_t0.95_r0.05_g0.05"": 39652.92088778085, ""cvar_t0.95_r0.20_g0.05"": 39267.47876531143}"
2025-06-16,166,cvar_t0.95_r0.20_g0.05,0.95,0.2,0.05,8037.169723740744,8533.11697777778,60181.18476680561,60181.18476680561,0.0,0.0,15366.239260870374,"{""nocvar_g0.00"": 45366.35557654069, ""cvar_t0.90_r0.05_g0.00"": 43432.17076927893, ""cvar_t0.90_r0.20_g0.00"": 40107.88580832877, ""cvar_t0.95_r0.05_g0.00"": 43432.17076927893, ""cvar_t0.95_r0.20_g0.00"": 40107.88580832877, ""nocvar_g0.02"": 43410.31019329438, ""cvar_t0.90_r0.05_g0.02"": 40309.486832937226, ""cvar_t0.90_r0.20_g0.02"": 40026.66499268213, ""cvar_t0.95_r0.05_g0.02"": 40234.69727946845, ""cvar_t0.95_r0.20_g0.02"": 40023.798768277025, ""nocvar_g0.05"": 40542.09811585119, ""cvar_t0.90_r0.05_g0.05"": 40359.827497214006, ""cvar_t0.90_r0.20_g0.05"": 40036.15068900767, ""cvar_t0.95_r0.05_g0.05"": 40398.70172191631, ""cvar_t0.95_r0.20_g0.05"": 40013.259599446894}"
2025-06-17,167,cvar_t0.95_r0.20_g0.05,0.95,0.2,0.05,8533.11697777778,7562.49050947691,56375.71149803646,56375.71149803646,0.0,0.0,8405.570662741704,"{""nocvar_g0.00"": 45854.282155955, ""cvar_t0.90_r0.05_g0.00"": 43966.538496869114, ""cvar_t0.90_r0.20_g0.00"": 40898.58467507196, ""cvar_t0.95_r0.05_g0.00"": 43966.538496869114, ""cvar_t0.95_r0.20_g0.00"": 40898.58467507196, ""nocvar_g0.02"": 43928.43618336622, ""cvar_t0.90_r0.05_g0.02"": 40850.48828762939, ""cvar_t0.90_r0.20_g0.02"": 40806.518517383265, ""cvar_t0.95_r0.05_g0.02"": 40775.69873416062, ""cvar_t0.95_r0.20_g0.02"": 40803.65229297816, ""nocvar_g0.05"": 41101.301001304026, ""cvar_t0.90_r0.05_g0.05"": 41020.053410297085, ""cvar_t0.90_r0.20_g0.05"": 40797.135170173, ""cvar_t0.95_r0.05_g0.05"": 41058.927634999396, ""cvar_t0.95_r0.20_g0.05"": 40774.244080612225}"
2025-06-18,168,cvar_t0.95_r0.05_g0.02,0.95,0.05,0.02,7562.49050947691,7706.053880500007,54707.69952107426,54707.69952107426,0.0,0.0,9739.772934876553,"{""nocvar_g0.00"": 46356.96594563229, ""cvar_t0.90_r0.05_g0.00"": 44471.11076118471, ""cvar_t0.90_r0.20_g0.00"": 41643.01202495816, ""cvar_t0.95_r0.05_g0.00"": 44471.11076118471, ""cvar_t0.95_r0.20_g0.00"": 41643.01202495816, ""nocvar_g0.02"": 44430.896494904366, ""cvar_t0.90_r0.05_g0.02"": 41412.88811648248, ""cvar_t0.90_r0.20_g0.02"": 41537.912668172154, ""cvar_t0.95_r0.05_g0.02"": 41337.90528970959, ""cvar_t0.95_r0.20_g0.02"": 41535.046443767045, ""nocvar_g0.05"": 41606.001708466225, ""cvar_t0.90_r0.05_g0.05"": 41646.62772503373, ""cvar_t0.90_r0.20_g0.05"": 41528.16317952219, ""cvar_t0.95_r0.05_g0.05"": 41685.277544941404, ""cvar_t0.95_r0.20_g0.05"": 41491.62506513995}"
2025-06-19,169,cvar_t0.95_r0.05_g0.02,0.95,0.05,0.02,7706.053880500007,7560.2124530555575,53841.7141460965,53763.92847192983,77.7856741666672,11.538333333333412,10926.759004670781,"{""nocvar_g0.00"": 47033.510370708136, ""cvar_t0.90_r0.05_g0.00"": 45162.82394906448, ""cvar_t0.90_r0.20_g0.00"": 42349.54791669485, ""cvar_t0.95_r0.05_g0.00"": 45162.82394906448, ""cvar_t0.95_r0.20_g0.00"": 42349.54791669485, ""nocvar_g0.02"": 45058.44768925236, ""cvar_t0.90_r0.05_g0.02"": 42086.803763828764, ""cvar_t0.90_r0.20_g0.02"": 42244.216365877604, ""cvar_t0.95_r0.05_g0.02"": 42013.442027055644, ""cvar_t0.95_r0.20_g0.02"": 42241.350141472496, ""nocvar_g0.05"": 42228.48691663412, ""cvar_t0.90_r0.05_g0.05"": 42317.33029654272, ""cvar_t0.90_r0.20_g0.05"": 42233.32243798878, ""cvar_t0.95_r0.05_g0.05"": 42356.47917805547, ""cvar_t0.95_r0.20_g0.05"": 42200.238960161514}"
2025-06-20,170,cvar_t0.95_r0.05_g0.02,0.95,0.05,0.02,7560.2124530555575,7754.612788740742,22002.7155682914,22002.7155682914,0.0,0.0,9628.13664490093,"{""nocvar_g0.00"": 47643.562440195834, ""cvar_t0.90_r0.05_g0.00"": 45793.453870632235, ""cvar_t0.90_r0.20_g0.00"": 42993.83220610003, ""cvar_t0.95_r0.05_g0.00"": 45793.453870632235, ""cvar_t0.95_r0.20_g0.00"": 42993.83220610003, ""nocvar_g0.02"": 45687.926067106324, ""cvar_t0.90_r0.05_g0.02"": 42710.86184822009, ""cvar_t0.90_r0.20_g0.02"": 42887.91617863435, ""cvar_t0.95_r0.05_g0.02"": 42637.50011144696, ""cvar_t0.95_r0.20_g0.02"": 42885.049954229245, ""nocvar_g0.05"": 42849.155489159224, ""cvar_t0.90_r0.05_g0.05"": 42938.42765149616, ""cvar_t0.90_r0.20_g0.05"": 42874.69354173541, ""cvar_t0.95_r0.05_g0.05"": 42977.57653300891, ""cvar_t0.95_r0.20_g0.05"": 42841.61006390814}"
2025-06-21,171,cvar_t0.95_r0.05_g0.02,0.95,0.05,0.02,7754.612788740742,8430.236905829901,22884.902937905295,22884.902937905295,0.0,0.0,13387.776559548893,"{""nocvar_g0.00"": 47882.02510240791, ""cvar_t0.90_r0.05_g0.00"": 46049.198128295815, ""cvar_t0.90_r0.20_g0.00"": 43285.709697587394, ""cvar_t0.95_r0.05_g0.00"": 46049.198128295815, ""cvar_t0.95_r0.20_g0.00"": 43285.709697587394, ""nocvar_g0.02"": 45958.90620522358, ""cvar_t0.90_r0.05_g0.02"": 42969.90827585624, ""cvar_t0.90_r0.20_g0.02"": 43180.3880982083, ""cvar_t0.95_r0.05_g0.02"": 42896.54653908312, ""cvar_t0.95_r0.20_g0.02"": 43177.521873803205, ""nocvar_g0.05"": 43138.485781179705, ""cvar_t0.90_r0.05_g0.05"": 43212.93802028313, ""cvar_t0.90_r0.20_g0.05"": 43167.941938925534, ""cvar_t0.95_r0.05_g0.05"": 43252.0869017959, ""cvar_t0.95_r0.20_g0.05"": 43134.85846109827}"
2025-06-22,172,cvar_t0.95_r0.05_g0.02,0.95,0.05,0.02,8430.236905829901,8485.74315311111,55828.31095659826,55828.31095659826,0.0,0.0,15601.465835545887,"{""nocvar_g0.00"": 48142.10305310209, ""cvar_t0.90_r0.05_g0.00"": 46289.99370145288, ""cvar_t0.90_r0.20_g0.00"": 43654.880320679375, ""cvar_t0.95_r0.05_g0.00"": 46289.99370145288, ""cvar_t0.95_r0.20_g0.00"": 43654.880320679375, ""nocvar_g0.02"": 46227.361228887064, ""cvar_t0.90_r0.05_g0.02"": 43246.811425971064, ""cvar_t0.90_r0.20_g0.02"": 43545.6602759311, ""cvar_t0.95_r0.05_g0.02"": 43173.44968919794, ""cvar_t0.95_r0.20_g0.02"": 43545.38214511069, ""nocvar_g0.05"": 43407.03203967351, ""cvar_t0.90_r0.05_g0.05"": 43534.293647372724, ""cvar_t0.90_r0.20_g0.05"": 43532.76610105835, ""cvar_t0.95_r0.05_g0.05"": 43573.44252888549, ""cvar_t0.95_r0.20_g0.05"": 43499.680650308306}"
2025-06-23,173,cvar_t0.95_r0.05_g0.02,0.95,0.05,0.02,8485.74315311111,7409.785286981487,48283.440414666286,48283.440414666286,0.0,0.0,4825.067747695472,"{""nocvar_g0.00"": 48752.60346252431, ""cvar_t0.90_r0.05_g0.00"": 46973.44930191059, ""cvar_t0.90_r0.20_g0.00"": 44417.22468857821, ""cvar_t0.95_r0.05_g0.00"": 46973.44930191059, ""cvar_t0.95_r0.20_g0.00"": 44417.22468857821, ""nocvar_g0.02"": 46866.432129457935, ""cvar_t0.90_r0.05_g0.02"": 43931.919957363236, ""cvar_t0.90_r0.20_g0.02"": 44307.51245234906, ""cvar_t0.95_r0.05_g0.02"": 43858.55822059011, ""cvar_t0.95_r0.20_g0.02"": 44307.234321528646, ""nocvar_g0.05"": 44046.73435095824, ""cvar_t0.90_r0.05_g0.05"": 44214.031704596026, ""cvar_t0.90_r0.20_g0.05"": 44294.8926052618, ""cvar_t0.95_r0.05_g0.05"": 44253.180586108785, ""cvar_t0.95_r0.20_g0.05"": 44261.80715451176}"
2025-06-24,174,cvar_t0.95_r0.05_g0.02,0.95,0.05,0.02,7409.785286981487,5622.9418665,69685.602932743,48210.50871831966,21475.094214423334,3935.0659437045,1144.8503892592557,"{""nocvar_g0.00"": 49185.84682970105, ""cvar_t0.90_r0.05_g0.00"": 47387.34911950719, ""cvar_t0.90_r0.20_g0.00"": 45038.046815889065, ""cvar_t0.95_r0.05_g0.00"": 47387.34911950719, ""cvar_t0.95_r0.20_g0.00"": 45038.046815889065, ""nocvar_g0.02"": 47300.529716991936, ""cvar_t0.90_r0.05_g0.02"": 44354.47298472906, ""cvar_t0.90_r0.20_g0.02"": 44928.190623225586, ""cvar_t0.95_r0.05_g0.02"": 44281.11124795594, ""cvar_t0.95_r0.20_g0.02"": 44927.91249240518, ""nocvar_g0.05"": 44349.71032694233, ""cvar_t0.90_r0.05_g0.05"": 44662.30304777401, ""cvar_t0.90_r0.20_g0.05"": 44916.94998534727, ""cvar_t0.95_r0.05_g0.05"": 44687.25377580659, ""cvar_t0.95_r0.20_g0.05"": 44883.86453459725}"
2025-06-25,175,cvar_t0.95_r0.05_g0.02,0.95,0.05,0.02,5622.9418665,7447.037236230559,53498.44931253948,53498.44931253948,0.0,0.0,6672.468014485611,"{""nocvar_g0.00"": 50660.751185474335, ""cvar_t0.90_r0.05_g0.00"": 48605.80427458316, ""cvar_t0.90_r0.20_g0.00"": 45851.627723781225, ""cvar_t0.95_r0.05_g0.00"": 48605.80427458316, ""cvar_t0.95_r0.20_g0.00"": 45851.627723781225, ""nocvar_g0.02"": 48773.168804738496, ""cvar_t0.90_r0.05_g0.02"": 45534.23415409081, ""cvar_t0.90_r0.20_g0.02"": 45741.40958369307, ""cvar_t0.95_r0.05_g0.02"": 45460.872417317696, ""cvar_t0.95_r0.20_g0.02"": 45741.131452872665, ""nocvar_g0.05"": 45809.016060015994, ""cvar_t0.90_r0.05_g0.05"": 45866.257800301835, ""cvar_t0.90_r0.20_g0.05"": 45729.71169015496, ""cvar_t0.95_r0.05_g0.05"": 45891.208528334406, ""cvar_t0.95_r0.20_g0.05"": 45696.62623940491}"
2025-06-26,176,cvar_t0.95_r0.05_g0.02,0.95,0.05,0.02,7447.037236230559,7449.143432082986,52062.73371080962,52062.73371080962,0.0,0.0,8873.017006358026,"{""nocvar_g0.00"": 51299.93535701112, ""cvar_t0.90_r0.05_g0.00"": 49242.66307836549, ""cvar_t0.90_r0.20_g0.00"": 46496.90949959587, ""cvar_t0.95_r0.05_g0.00"": 49242.66307836549, ""cvar_t0.95_r0.20_g0.00"": 46496.90949959587, ""nocvar_g0.02"": 49416.76153572862, ""cvar_t0.90_r0.05_g0.02"": 46172.9298645242, ""cvar_t0.90_r0.20_g0.02"": 46387.95950825609, ""cvar_t0.95_r0.05_g0.02"": 46099.56812775108, ""cvar_t0.95_r0.20_g0.02"": 46387.681377435685, ""nocvar_g0.05"": 46437.59287616702, ""cvar_t0.90_r0.05_g0.05"": 46507.21954790125, ""cvar_t0.90_r0.20_g0.05"": 46375.69711400976, ""cvar_t0.95_r0.05_g0.05"": 46532.17027593382, ""cvar_t0.95_r0.20_g0.05"": 46342.61166325973}"
2025-06-27,177,cvar_t0.95_r0.05_g0.02,0.95,0.05,0.02,7449.143432082986,7963.328739267951,20719.550234543553,20719.550234543553,0.0,0.0,10092.977549901492,"{""nocvar_g0.00"": 51363.96665667651, ""cvar_t0.90_r0.05_g0.00"": 49503.12294824602, ""cvar_t0.90_r0.20_g0.00"": 46939.317521667326, ""cvar_t0.95_r0.05_g0.00"": 49503.12294824602, ""cvar_t0.95_r0.20_g0.00"": 46939.317521667326, ""nocvar_g0.02"": 49496.90348168492, ""cvar_t0.90_r0.05_g0.02"": 46514.995390167984, ""cvar_t0.90_r0.20_g0.02"": 46830.717497803336, ""cvar_t0.95_r0.05_g0.02"": 46441.63365339486, ""cvar_t0.95_r0.20_g0.02"": 46830.43936698292, ""nocvar_g0.05"": 46604.73042306389, ""cvar_t0.90_r0.05_g0.05"": 46888.538898040366, ""cvar_t0.90_r0.20_g0.05"": 46818.57079457316, ""cvar_t0.95_r0.05_g0.05"": 46913.48962607294, ""cvar_t0.95_r0.20_g0.05"": 46785.48534382314}"
2025-06-28,178,cvar_t0.95_r0.05_g0.02,0.95,0.05,0.02,7963.328739267951,7615.024016988797,20294.58249985935,20294.58249985935,0.0,0.0,8941.51830739408,"{""nocvar_g0.00"": 51557.75562746163, ""cvar_t0.90_r0.05_g0.00"": 49681.271289742974, ""cvar_t0.90_r0.20_g0.00"": 47231.13004644325, ""cvar_t0.95_r0.05_g0.00"": 49681.271289742974, ""cvar_t0.95_r0.20_g0.00"": 47231.13004644325, ""nocvar_g0.02"": 49685.73570987177, ""cvar_t0.90_r0.05_g0.02"": 46701.48765787117, ""cvar_t0.90_r0.20_g0.02"": 47120.00410688365, ""cvar_t0.95_r0.05_g0.02"": 46627.63513752712, ""cvar_t0.95_r0.20_g0.02"": 47119.72597606324, ""nocvar_g0.05"": 46780.03359073658, ""cvar_t0.90_r0.05_g0.05"": 47093.03288726198, ""cvar_t0.90_r0.20_g0.05"": 47108.280234767655, ""cvar_t0.95_r0.05_g0.05"": 47094.40089698726, ""cvar_t0.95_r0.20_g0.05"": 47075.19478401763}"
2025-06-29,179,cvar_t0.95_r0.05_g0.02,0.95,0.05,0.02,7615.024016988797,7783.3063865755585,49999.09971095388,49999.09971095388,0.0,0.0,4893.11651076132,"{""nocvar_g0.00"": 51729.76502980959, ""cvar_t0.90_r0.05_g0.00"": 49826.925449377704, ""cvar_t0.90_r0.20_g0.00"": 47483.3835860712, ""cvar_t0.95_r0.05_g0.00"": 49826.925449377704, ""cvar_t0.95_r0.20_g0.00"": 47483.3835860712, ""nocvar_g0.02"": 49854.86106763509, ""cvar_t0.90_r0.05_g0.02"": 46843.722159388366, ""cvar_t0.90_r0.20_g0.02"": 47372.003681797934, ""cvar_t0.95_r0.05_g0.02"": 46769.8696390443, ""cvar_t0.95_r0.20_g0.02"": 47372.003681797934, ""nocvar_g0.05"": 46949.11017597555, ""cvar_t0.90_r0.05_g0.05"": 47258.8890447144, ""cvar_t0.90_r0.20_g0.05"": 47330.997814260176, ""cvar_t0.95_r0.05_g0.05"": 47232.657648685345, ""cvar_t0.95_r0.20_g0.05"": 47302.34712265195}"
2025-06-30,180,nocvar_g0.05,,0.0,0.05,7783.3063865755585,6204.28710299999,47079.50570025323,47079.50570025323,0.0,0.0,806.0708194444416,"{""nocvar_g0.00"": 49535.635231934895, ""cvar_t0.90_r0.05_g0.00"": 48104.78962790473, ""cvar_t0.90_r0.20_g0.00"": 46207.59634257497, ""cvar_t0.95_r0.05_g0.00"": 48104.78962790473, ""cvar_t0.95_r0.20_g0.00"": 46207.59634257497, ""nocvar_g0.02"": 47603.15117406816, ""cvar_t0.90_r0.05_g0.02"": 44845.03579841263, ""cvar_t0.90_r0.20_g0.02"": 46097.01336629988, ""cvar_t0.95_r0.05_g0.02"": 44846.65688841239, ""cvar_t0.95_r0.20_g0.02"": 46097.01336629988, ""nocvar_g0.05"": 44641.2660477578, ""cvar_t0.90_r0.05_g0.05"": 45037.69378928764, ""cvar_t0.90_r0.20_g0.05"": 46023.50014167855, ""cvar_t0.95_r0.05_g0.05"": 45060.21215776889, ""cvar_t0.95_r0.20_g0.05"": 46026.95477823352}"
2025-07-01,181,nocvar_g0.05,,0.0,0.05,6204.28710299999,3613.654040277777,79123.76187138318,47480.4401786973,31643.321692685877,5295.429165751846,276.0019683333346,"{""nocvar_g0.00"": 47960.808151076046, ""cvar_t0.90_r0.05_g0.00"": 46896.47759843972, ""cvar_t0.90_r0.20_g0.00"": 46244.04810734377, ""cvar_t0.95_r0.05_g0.00"": 46896.47759843972, ""cvar_t0.95_r0.20_g0.00"": 46244.04810734377, ""nocvar_g0.02"": 46539.580284374984, ""cvar_t0.90_r0.05_g0.02"": 44640.262827672566, ""cvar_t0.90_r0.20_g0.02"": 46137.46781815831, ""cvar_t0.95_r0.05_g0.02"": 44641.88391767233, ""cvar_t0.95_r0.20_g0.02"": 46137.46781815831, ""nocvar_g0.05"": 44404.30223070602, ""cvar_t0.90_r0.05_g0.05"": 44824.281316819564, ""cvar_t0.90_r0.20_g0.05"": 46075.495669857235, ""cvar_t0.95_r0.05_g0.05"": 44864.137057644424, ""cvar_t0.95_r0.20_g0.05"": 46078.9503064122}"
2025-07-02,182,cvar_t0.90_r0.05_g0.02,0.9,0.05,0.02,3613.654040277777,3775.6140744444438,55835.89410551234,52924.027864440985,2911.8662410713596,477.00069584081507,6549.289430441329,"{""nocvar_g0.00"": 47174.050823493926, ""cvar_t0.90_r0.05_g0.00"": 46291.752329424125, ""cvar_t0.90_r0.20_g0.00"": 46430.572183296536, ""cvar_t0.95_r0.05_g0.00"": 46291.752329424125, ""cvar_t0.95_r0.20_g0.00"": 46430.572183296536, ""nocvar_g0.02"": 46661.531232154586, ""cvar_t0.90_r0.05_g0.02"": 44909.75474206878, ""cvar_t0.90_r0.20_g0.02"": 46321.50981340522, ""cvar_t0.95_r0.05_g0.02"": 44911.375832068545, ""cvar_t0.95_r0.20_g0.02"": 46321.50981340522, ""nocvar_g0.05"": 45487.218888329924, ""cvar_t0.90_r0.05_g0.05"": 45753.123678719974, ""cvar_t0.90_r0.20_g0.05"": 46254.56646306929, ""cvar_t0.95_r0.05_g0.05"": 45691.35863340485, ""cvar_t0.95_r0.20_g0.05"": 46266.0848562376}"
2025-07-03,183,cvar_t0.90_r0.05_g0.02,0.9,0.05,0.02,3775.6140744444438,3819.183895277777,69177.57152959149,50965.43805652943,18212.133473062066,2986.989175433324,201.19430000000057,"{""nocvar_g0.00"": 46104.91978577461, ""cvar_t0.90_r0.05_g0.00"": 45926.76099242193, ""cvar_t0.90_r0.20_g0.00"": 46708.01646094633, ""cvar_t0.95_r0.05_g0.00"": 45926.76099242193, ""cvar_t0.95_r0.20_g0.00"": 46708.01646094633, ""nocvar_g0.02"": 46312.59781833857, ""cvar_t0.90_r0.05_g0.02"": 45197.343399213045, ""cvar_t0.90_r0.20_g0.02"": 46599.09042906486, ""cvar_t0.95_r0.05_g0.02"": 45198.87115343193, ""cvar_t0.95_r0.20_g0.02"": 46599.09042906486, ""nocvar_g0.05"": 45747.066075307775, ""cvar_t0.90_r0.05_g0.05"": 46039.100103058496, ""cvar_t0.90_r0.20_g0.05"": 46535.65778005348, ""cvar_t0.95_r0.05_g0.05"": 45975.846524475994, ""cvar_t0.95_r0.20_g0.05"": 46547.176173221786}"
2025-07-04,184,cvar_t0.90_r0.05_g0.02,0.9,0.05,0.02,3819.183895277777,3640.648812222221,33437.494245964976,23116.06666762413,10321.427578340848,2607.969568283332,9848.138558641973,"{""nocvar_g0.00"": 47086.512450463124, ""cvar_t0.90_r0.05_g0.00"": 46425.224763154656, ""cvar_t0.90_r0.20_g0.00"": 47169.247327248064, ""cvar_t0.95_r0.05_g0.00"": 46425.224763154656, ""cvar_t0.95_r0.20_g0.00"": 47169.247327248064, ""nocvar_g0.02"": 47450.119783657734, ""cvar_t0.90_r0.05_g0.02"": 45824.61342139346, ""cvar_t0.90_r0.20_g0.02"": 47061.57128079701, ""cvar_t0.95_r0.05_g0.02"": 45826.14117561234, ""cvar_t0.95_r0.20_g0.02"": 47061.57128079701, ""nocvar_g0.05"": 47077.207176527365, ""cvar_t0.90_r0.05_g0.05"": 47271.307057031656, ""cvar_t0.90_r0.20_g0.05"": 46996.60298906123, ""cvar_t0.95_r0.05_g0.05"": 46953.41342229797, ""cvar_t0.95_r0.20_g0.05"": 47008.12138222956}"
2025-07-05,185,cvar_t0.90_r0.05_g0.02,0.9,0.05,0.02,3640.648812222221,3826.4120145370366,32200.27781407984,23820.647025762024,8379.630788317816,1578.1034098097612,10429.462664972565,"{""nocvar_g0.00"": 46744.85814477008, ""cvar_t0.90_r0.05_g0.00"": 46127.36302248952, ""cvar_t0.90_r0.20_g0.00"": 47008.176590798124, ""cvar_t0.95_r0.05_g0.00"": 46127.36302248952, ""cvar_t0.95_r0.20_g0.00"": 47008.176590798124, ""nocvar_g0.02"": 47227.6137845104, ""cvar_t0.90_r0.05_g0.02"": 45901.172741605784, ""cvar_t0.90_r0.20_g0.02"": 46901.11175968343, ""cvar_t0.95_r0.05_g0.02"": 45902.70049582467, ""cvar_t0.95_r0.20_g0.02"": 46901.11175968343, ""nocvar_g0.05"": 46911.69451595519, ""cvar_t0.90_r0.05_g0.05"": 47102.591622122854, ""cvar_t0.90_r0.20_g0.05"": 46837.346693382766, ""cvar_t0.95_r0.05_g0.05"": 46782.700981281756, ""cvar_t0.95_r0.20_g0.05"": 46848.86508655109}"
2025-07-06,186,cvar_t0.90_r0.05_g0.02,0.9,0.05,0.02,3826.4120145370366,3630.9947680555556,93230.87616364978,48665.69577292934,44565.18039072043,6922.776005633332,94.11438166666642,"{""nocvar_g0.00"": 46794.85362214047, ""cvar_t0.90_r0.05_g0.00"": 46326.39761881413, ""cvar_t0.90_r0.20_g0.00"": 47269.47263320933, ""cvar_t0.95_r0.05_g0.00"": 46326.39761881413, ""cvar_t0.95_r0.20_g0.00"": 47269.47263320933, ""nocvar_g0.02"": 47522.95422194897, ""cvar_t0.90_r0.05_g0.02"": 46284.78690675251, ""cvar_t0.90_r0.20_g0.02"": 47162.254009655284, ""cvar_t0.95_r0.05_g0.02"": 46288.60067268228, ""cvar_t0.95_r0.20_g0.02"": 47162.254009655284, ""nocvar_g0.05"": 47190.56900080745, ""cvar_t0.90_r0.05_g0.05"": 47381.23245783529, ""cvar_t0.90_r0.20_g0.05"": 47108.36517193622, ""cvar_t0.95_r0.05_g0.05"": 47061.20123010425, ""cvar_t0.95_r0.20_g0.05"": 47117.5660952512}"
2025-07-07,187,cvar_t0.95_r0.05_g0.02,0.95,0.05,0.02,3630.9947680555556,4661.728659648149,54590.38709183755,53766.12111443005,824.2659774074993,122.20357166666656,6277.843339423868,"{""nocvar_g0.00"": 48412.21708952831, ""cvar_t0.90_r0.05_g0.00"": 47729.77661517261, ""cvar_t0.90_r0.20_g0.00"": 48063.41208323975, ""cvar_t0.95_r0.05_g0.00"": 47729.77661517261, ""cvar_t0.95_r0.20_g0.00"": 48063.41208323975, ""nocvar_g0.02"": 49068.43476033902, ""cvar_t0.90_r0.05_g0.02"": 47662.60654142485, ""cvar_t0.90_r0.20_g0.02"": 47954.55669684546, ""cvar_t0.95_r0.05_g0.02"": 47629.55726165814, ""cvar_t0.95_r0.20_g0.02"": 47954.55669684546, ""nocvar_g0.05"": 48662.30070884239, ""cvar_t0.90_r0.05_g0.05"": 48827.78522420984, ""cvar_t0.90_r0.20_g0.05"": 48319.77357123691, ""cvar_t0.95_r0.05_g0.05"": 48507.75399647879, ""cvar_t0.95_r0.20_g0.05"": 47915.99553894938}"
2025-07-08,188,cvar_t0.90_r0.05_g0.00,0.9,0.05,0.0,4661.728659648149,5539.822527323736,53795.12117783946,53732.57469878946,62.54647904999395,13.046824999998739,3301.1239907960603,"{""nocvar_g0.00"": 48327.88791336369, ""cvar_t0.90_r0.05_g0.00"": 47730.2352036857, ""cvar_t0.90_r0.20_g0.00"": 47976.70042950654, ""cvar_t0.95_r0.05_g0.00"": 47730.2352036857, ""cvar_t0.95_r0.20_g0.00"": 47976.70042950654, ""nocvar_g0.02"": 49059.42494447098, ""cvar_t0.90_r0.05_g0.02"": 47765.138891008784, ""cvar_t0.90_r0.20_g0.02"": 47893.238990733305, ""cvar_t0.95_r0.05_g0.02"": 47732.089611242074, ""cvar_t0.95_r0.20_g0.02"": 47893.238990733305, ""nocvar_g0.05"": 48598.2381130412, ""cvar_t0.90_r0.05_g0.05"": 48763.72262840864, ""cvar_t0.90_r0.20_g0.05"": 48255.71097543572, ""cvar_t0.95_r0.05_g0.05"": 48443.69140067759, ""cvar_t0.95_r0.20_g0.05"": 47851.93294314819}"
2025-07-09,189,cvar_t0.95_r0.05_g0.02,0.95,0.05,0.02,5539.822527323736,5387.240682407408,52740.15575140974,52429.14620703474,311.0095443749973,46.13137499999959,3222.912315626134,"{""nocvar_g0.00"": 48536.19776966352, ""cvar_t0.90_r0.05_g0.00"": 47906.45972377749, ""cvar_t0.90_r0.20_g0.00"": 47948.5788890811, ""cvar_t0.95_r0.05_g0.00"": 47906.45972377749, ""cvar_t0.95_r0.20_g0.00"": 47948.5788890811, ""nocvar_g0.02"": 49212.270761202446, ""cvar_t0.90_r0.05_g0.02"": 47854.46447365509, ""cvar_t0.90_r0.20_g0.02"": 47887.00300667457, ""cvar_t0.95_r0.05_g0.02"": 47821.873787521516, ""cvar_t0.95_r0.20_g0.02"": 47887.00300667457, ""nocvar_g0.05"": 48582.299925590436, ""cvar_t0.90_r0.05_g0.05"": 48754.29281539062, ""cvar_t0.90_r0.20_g0.05"": 48253.67986543841, ""cvar_t0.95_r0.05_g0.05"": 48434.15207195138, ""cvar_t0.95_r0.20_g0.05"": 47849.90183315088}"
2025-07-10,190,cvar_t0.90_r0.05_g0.00,0.9,0.05,0.0,5387.240682407408,5844.395801513943,51816.29944171616,51816.29944171616,0.0,0.0,3163.7567925925896,"{""nocvar_g0.00"": 47756.93109734206, ""cvar_t0.90_r0.05_g0.00"": 47189.89667197736, ""cvar_t0.90_r0.20_g0.00"": 47985.90941953686, ""cvar_t0.95_r0.05_g0.00"": 47189.89667197736, ""cvar_t0.95_r0.20_g0.00"": 47985.90941953686, ""nocvar_g0.02"": 48485.16453088366, ""cvar_t0.90_r0.05_g0.02"": 47479.14547212066, ""cvar_t0.90_r0.20_g0.02"": 47933.443491059705, ""cvar_t0.95_r0.05_g0.02"": 47446.57449932245, ""cvar_t0.95_r0.20_g0.02"": 47933.443491059705, ""nocvar_g0.05"": 48608.870886163975, ""cvar_t0.90_r0.05_g0.05"": 48786.57694560796, ""cvar_t0.90_r0.20_g0.05"": 48299.30960200263, ""cvar_t0.95_r0.05_g0.05"": 48472.181928019796, ""cvar_t0.95_r0.20_g0.05"": 47898.324816014814}"
2025-07-11,191,cvar_t0.90_r0.05_g0.00,0.9,0.05,0.0,5844.395801513943,6107.865005250001,30903.884640829016,25967.068156737252,4936.8164840917625,1181.6565504833343,7006.608500792184,"{""nocvar_g0.00"": 47672.20434635157, ""cvar_t0.90_r0.05_g0.00"": 47148.296053165934, ""cvar_t0.90_r0.20_g0.00"": 48104.98336105077, ""cvar_t0.95_r0.05_g0.00"": 47148.296053165934, ""cvar_t0.95_r0.20_g0.00"": 48104.98336105077, ""nocvar_g0.02"": 48384.55970835377, ""cvar_t0.90_r0.05_g0.02"": 47400.41223950642, ""cvar_t0.90_r0.20_g0.02"": 48055.456279291204, ""cvar_t0.95_r0.05_g0.02"": 47387.5655679055, ""cvar_t0.95_r0.20_g0.02"": 48055.456279291204, ""nocvar_g0.05"": 48511.139471797775, ""cvar_t0.90_r0.05_g0.05"": 48688.81237021807, ""cvar_t0.90_r0.20_g0.05"": 48288.65773214238, ""cvar_t0.95_r0.05_g0.05"": 48390.96352658289, ""cvar_t0.95_r0.20_g0.05"": 48027.29372252237}"
2025-07-12,192,cvar_t0.90_r0.05_g0.00,0.9,0.05,0.0,6107.865005250001,6117.341429202969,26404.66691083732,26404.66691083732,0.0,0.0,8846.742819485597,"{""nocvar_g0.00"": 48034.36552781063, ""cvar_t0.90_r0.05_g0.00"": 47534.607057345806, ""cvar_t0.90_r0.20_g0.00"": 48275.491292643055, ""cvar_t0.95_r0.05_g0.00"": 47534.607057345806, ""cvar_t0.95_r0.20_g0.00"": 48275.491292643055, ""nocvar_g0.02"": 48771.12894029963, ""cvar_t0.90_r0.05_g0.02"": 47762.49067660996, ""cvar_t0.90_r0.20_g0.02"": 48225.8543263211, ""cvar_t0.95_r0.05_g0.02"": 47749.64400500904, ""cvar_t0.95_r0.20_g0.02"": 48225.8543263211, ""nocvar_g0.05"": 48678.46538265741, ""cvar_t0.90_r0.05_g0.05"": 48858.04269226759, ""cvar_t0.90_r0.20_g0.05"": 48459.50629444913, ""cvar_t0.95_r0.05_g0.05"": 48561.81208888964, ""cvar_t0.95_r0.20_g0.05"": 48198.14228482911}"
2025-07-13,193,cvar_t0.90_r0.05_g0.00,0.9,0.05,0.0,6117.341429202969,6336.29333561111,53283.65016316892,53245.037377810586,38.612785358331905,5.710683333333122,8674.966793106993,"{""nocvar_g0.00"": 48319.17694257364, ""cvar_t0.90_r0.05_g0.00"": 47750.442425354566, ""cvar_t0.90_r0.20_g0.00"": 48385.770130235025, ""cvar_t0.95_r0.05_g0.00"": 47750.442425354566, ""cvar_t0.95_r0.20_g0.00"": 48385.770130235025, ""nocvar_g0.02"": 48985.357791377195, ""cvar_t0.90_r0.05_g0.02"": 47902.74286610395, ""cvar_t0.90_r0.20_g0.02"": 48343.48376909352, ""cvar_t0.95_r0.05_g0.02"": 47889.896194503046, ""cvar_t0.95_r0.20_g0.02"": 48343.48376909352, ""nocvar_g0.05"": 48786.99783153995, ""cvar_t0.90_r0.05_g0.05"": 48966.57514115015, ""cvar_t0.90_r0.20_g0.05"": 48569.94874403028, ""cvar_t0.95_r0.05_g0.05"": 48671.26896257729, ""cvar_t0.95_r0.20_g0.05"": 48323.500051034185}"
2025-07-14,194,cvar_t0.90_r0.05_g0.00,0.9,0.05,0.0,6336.29333561111,5738.269467740745,52120.021298958396,52066.24497145839,53.77632750000053,7.977500000000077,6368.1046355967,"{""nocvar_g0.00"": 48351.72504110778, ""cvar_t0.90_r0.05_g0.00"": 47738.29608099145, ""cvar_t0.90_r0.20_g0.00"": 48267.48516217384, ""cvar_t0.95_r0.05_g0.00"": 47738.29608099145, ""cvar_t0.95_r0.20_g0.00"": 48267.48516217384, ""nocvar_g0.02"": 48950.07703902677, ""cvar_t0.90_r0.05_g0.02"": 47814.30911683897, ""cvar_t0.90_r0.20_g0.02"": 48243.83497195448, ""cvar_t0.95_r0.05_g0.02"": 47805.188914292026, ""cvar_t0.95_r0.20_g0.02"": 48243.83497195448, ""nocvar_g0.05"": 48597.2794670359, ""cvar_t0.90_r0.05_g0.05"": 48777.90890272129, ""cvar_t0.90_r0.20_g0.05"": 48390.0544084439, ""cvar_t0.95_r0.05_g0.05"": 48484.222576187414, ""cvar_t0.95_r0.20_g0.05"": 48231.51579453225}"
2025-07-15,195,cvar_t0.90_r0.05_g0.00,0.9,0.05,0.0,5738.269467740745,8359.805665222226,57854.795685153906,57854.795685153906,0.0,0.0,9649.52078650206,"{""nocvar_g0.00"": 48404.44940278131, ""cvar_t0.90_r0.05_g0.00"": 47731.03102308946, ""cvar_t0.90_r0.20_g0.00"": 48129.74349182974, ""cvar_t0.95_r0.05_g0.00"": 47731.03102308946, ""cvar_t0.95_r0.20_g0.00"": 48129.74349182974, ""nocvar_g0.02"": 48977.23364865053, ""cvar_t0.90_r0.05_g0.02"": 47888.17577207414, ""cvar_t0.90_r0.20_g0.02"": 48104.59205000998, ""cvar_t0.95_r0.05_g0.02"": 47879.05556952718, ""cvar_t0.95_r0.20_g0.02"": 48104.59205000998, ""nocvar_g0.05"": 48759.18519597012, ""cvar_t0.90_r0.05_g0.05"": 48810.34179174491, ""cvar_t0.90_r0.20_g0.05"": 48268.92885401998, ""cvar_t0.95_r0.05_g0.05"": 48516.655465211035, ""cvar_t0.95_r0.20_g0.05"": 48110.390240108325}"
2025-07-16,196,cvar_t0.90_r0.05_g0.00,0.9,0.05,0.0,8359.805665222226,7684.492248158332,54255.44754576896,54255.44754576896,0.0,0.0,8855.255594567905,"{""nocvar_g0.00"": 48694.50100433214, ""cvar_t0.90_r0.05_g0.00"": 48011.393665915755, ""cvar_t0.90_r0.20_g0.00"": 48157.220000559195, ""cvar_t0.95_r0.05_g0.00"": 48011.393665915755, ""cvar_t0.95_r0.20_g0.00"": 48157.220000559195, ""nocvar_g0.02"": 49252.31712009385, ""cvar_t0.90_r0.05_g0.02"": 48111.25697524757, ""cvar_t0.90_r0.20_g0.02"": 48144.54019585861, ""cvar_t0.95_r0.05_g0.02"": 48102.13677270063, ""cvar_t0.95_r0.20_g0.02"": 48144.54019585861, ""nocvar_g0.05"": 49036.03974684762, ""cvar_t0.90_r0.05_g0.05"": 48967.666321828794, ""cvar_t0.90_r0.20_g0.05"": 48323.55569074062, ""cvar_t0.95_r0.05_g0.05"": 48676.119205721254, ""cvar_t0.95_r0.20_g0.05"": 48165.01707682896}"
2025-07-17,197,cvar_t0.90_r0.05_g0.00,0.9,0.05,0.0,7684.492248158332,7967.509590468427,53760.958068539265,53760.958068539265,0.0,0.0,5543.947110509249,"{""nocvar_g0.00"": 48691.84881039352, ""cvar_t0.90_r0.05_g0.00"": 47994.906624004936, ""cvar_t0.90_r0.20_g0.00"": 48138.948961285096, ""cvar_t0.95_r0.05_g0.00"": 47994.906624004936, ""cvar_t0.95_r0.20_g0.00"": 48138.948961285096, ""nocvar_g0.02"": 49271.597028616474, ""cvar_t0.90_r0.05_g0.02"": 48086.96323380915, ""cvar_t0.90_r0.20_g0.02"": 48126.61584091384, ""cvar_t0.95_r0.05_g0.02"": 48076.62461445197, ""cvar_t0.95_r0.20_g0.02"": 48126.61584091384, ""nocvar_g0.05"": 49034.98747400003, ""cvar_t0.90_r0.05_g0.05"": 48935.441539232605, ""cvar_t0.90_r0.20_g0.05"": 48269.303263287795, ""cvar_t0.95_r0.05_g0.05"": 48651.214771930034, ""cvar_t0.95_r0.20_g0.05"": 48144.85151422928}"
2025-07-18,198,cvar_t0.90_r0.05_g0.00,0.9,0.05,0.0,7967.509590468427,8644.357597124257,28643.54811176451,28643.54811176451,0.0,0.0,9876.890488000821,"{""nocvar_g0.00"": 48703.954960833784, ""cvar_t0.90_r0.05_g0.00"": 48009.30541844344, ""cvar_t0.90_r0.20_g0.00"": 48271.44873077235, ""cvar_t0.95_r0.05_g0.00"": 48009.30541844344, ""cvar_t0.95_r0.20_g0.00"": 48271.44873077235, ""nocvar_g0.02"": 49252.55838156336, ""cvar_t0.90_r0.05_g0.02"": 48060.05486104901, ""cvar_t0.90_r0.20_g0.02"": 48262.35489570485, ""cvar_t0.95_r0.05_g0.02"": 48061.038192568805, ""cvar_t0.95_r0.20_g0.02"": 48262.35489570485, ""nocvar_g0.05"": 49004.73558905743, ""cvar_t0.90_r0.05_g0.05"": 48888.89498004823, ""cvar_t0.90_r0.20_g0.05"": 48214.67165827843, ""cvar_t0.95_r0.05_g0.05"": 48604.68301481147, ""cvar_t0.95_r0.20_g0.05"": 48290.29791789824}"
2025-07-19,199,cvar_t0.90_r0.05_g0.00,0.9,0.05,0.0,8644.357597124257,8539.333201049383,28866.799893593452,28866.799893593452,0.0,0.0,14953.651511255142,"{""nocvar_g0.00"": 48989.64447199466, ""cvar_t0.90_r0.05_g0.00"": 48266.034232652375, ""cvar_t0.90_r0.20_g0.00"": 48497.057143704726, ""cvar_t0.95_r0.05_g0.00"": 48266.034232652375, ""cvar_t0.95_r0.20_g0.00"": 48497.057143704726, ""nocvar_g0.02"": 49530.72890551043, ""cvar_t0.90_r0.05_g0.02"": 48296.33603704309, ""cvar_t0.90_r0.20_g0.02"": 48467.648143563005, ""cvar_t0.95_r0.05_g0.02"": 48297.31936856289, ""cvar_t0.95_r0.20_g0.02"": 48467.648143563005, ""nocvar_g0.05"": 49262.46893343409, ""cvar_t0.90_r0.05_g0.05"": 49115.082132579126, ""cvar_t0.90_r0.20_g0.05"": 48424.64272961381, ""cvar_t0.95_r0.05_g0.05"": 48830.87016734238, ""cvar_t0.95_r0.20_g0.05"": 48500.920405567405}"
2025-07-20,200,cvar_t0.90_r0.05_g0.02,0.9,0.05,0.02,8539.333201049383,8969.332178752627,55739.218882691406,55739.218882691406,0.0,0.0,8165.412174032927,"{""nocvar_g0.00"": 49250.378173347155, ""cvar_t0.90_r0.05_g0.00"": 48520.34643412477, ""cvar_t0.90_r0.20_g0.00"": 48686.18367342847, ""cvar_t0.95_r0.05_g0.00"": 48520.34643412477, ""cvar_t0.95_r0.20_g0.00"": 48686.18367342847, ""nocvar_g0.02"": 49776.28624220903, ""cvar_t0.90_r0.05_g0.02"": 48518.49773800257, ""cvar_t0.90_r0.20_g0.02"": 48615.04905971293, ""cvar_t0.95_r0.05_g0.02"": 48519.48940980929, ""cvar_t0.95_r0.20_g0.02"": 48615.04905971293, ""nocvar_g0.05"": 49490.23565898797, ""cvar_t0.90_r0.05_g0.05"": 49297.55293071561, ""cvar_t0.90_r0.20_g0.05"": 48575.39269077818, ""cvar_t0.95_r0.05_g0.05"": 49013.34096547886, ""cvar_t0.95_r0.20_g0.05"": 48653.050430454496}"
2025-07-21,201,cvar_t0.90_r0.20_g0.05,0.9,0.2,0.05,8969.332178752627,9593.334027425743,61303.56575594481,61303.56575594481,0.0,0.0,14640.726664526746,"{""nocvar_g0.00"": 49297.0905585412, ""cvar_t0.90_r0.05_g0.00"": 48540.66882103174, ""cvar_t0.90_r0.20_g0.00"": 48625.86754712283, ""cvar_t0.95_r0.05_g0.00"": 48540.66882103174, ""cvar_t0.95_r0.20_g0.00"": 48625.86754712283, ""nocvar_g0.02"": 49798.17177566874, ""cvar_t0.90_r0.05_g0.02"": 48515.315878220186, ""cvar_t0.90_r0.20_g0.02"": 48555.151597359414, ""cvar_t0.95_r0.05_g0.02"": 48521.94852920567, ""cvar_t0.95_r0.20_g0.02"": 48555.151597359414, ""nocvar_g0.05"": 49505.40243371397, ""cvar_t0.90_r0.05_g0.05"": 49289.88895492972, ""cvar_t0.90_r0.20_g0.05"": 48494.151156455875, ""cvar_t0.95_r0.05_g0.05"": 49007.458917325064, ""cvar_t0.95_r0.20_g0.05"": 48589.716786892175}"
2025-07-22,202,cvar_t0.90_r0.20_g0.05,0.9,0.2,0.05,9593.334027425743,8220.828763819445,56579.84082771398,56579.84082771398,0.0,0.0,8993.937220246673,"{""nocvar_g0.00"": 49606.93946829497, ""cvar_t0.90_r0.05_g0.00"": 48828.95726342704, ""cvar_t0.90_r0.20_g0.00"": 48879.58857926128, ""cvar_t0.95_r0.05_g0.00"": 48828.95726342704, ""cvar_t0.95_r0.20_g0.00"": 48879.58857926128, ""nocvar_g0.02"": 50051.36544344609, ""cvar_t0.90_r0.05_g0.02"": 48823.61113040192, ""cvar_t0.90_r0.20_g0.02"": 48799.500088026245, ""cvar_t0.95_r0.05_g0.02"": 48830.243781387406, ""cvar_t0.95_r0.20_g0.02"": 48799.500088026245, ""nocvar_g0.05"": 49745.12041334586, ""cvar_t0.90_r0.05_g0.05"": 49668.46633072754, ""cvar_t0.90_r0.20_g0.05"": 48729.52117960835, ""cvar_t0.95_r0.05_g0.05"": 49386.036293122896, ""cvar_t0.95_r0.20_g0.05"": 48825.086810044646}"
2025-07-23,203,cvar_t0.90_r0.05_g0.00,0.9,0.05,0.0,8220.828763819445,7758.787266052311,55218.75769418481,55218.75769418481,0.0,0.0,7311.306043168734,"{""nocvar_g0.00"": 48844.60575742686, ""cvar_t0.90_r0.05_g0.00"": 48320.55532979387, ""cvar_t0.90_r0.20_g0.00"": 48776.73173204623, ""cvar_t0.95_r0.05_g0.00"": 48320.55532979387, ""cvar_t0.95_r0.20_g0.00"": 48776.73173204623, ""nocvar_g0.02"": 49271.06881685198, ""cvar_t0.90_r0.05_g0.02"": 48332.03532454932, ""cvar_t0.90_r0.20_g0.02"": 48698.033537552124, ""cvar_t0.95_r0.05_g0.02"": 48338.667975534794, ""cvar_t0.95_r0.20_g0.02"": 48698.033537552124, ""nocvar_g0.05"": 48951.49054259353, ""cvar_t0.90_r0.05_g0.05"": 49136.98938795235, ""cvar_t0.90_r0.20_g0.05"": 48629.27862104193, ""cvar_t0.95_r0.05_g0.05"": 48856.36335214032, ""cvar_t0.95_r0.20_g0.05"": 48724.84425147822}"
2025-07-24,204,cvar_t0.90_r0.05_g0.02,0.9,0.05,0.02,7758.787266052311,8966.075074306355,57049.000935708485,57049.000935708485,0.0,0.0,8460.219304732513,"{""nocvar_g0.00"": 48845.270116429594, ""cvar_t0.90_r0.05_g0.00"": 48386.289415565574, ""cvar_t0.90_r0.20_g0.00"": 48981.428040078674, ""cvar_t0.95_r0.05_g0.00"": 48386.289415565574, ""cvar_t0.95_r0.20_g0.00"": 48981.428040078674, ""nocvar_g0.02"": 49274.067700477164, ""cvar_t0.90_r0.05_g0.02"": 48334.52395570492, ""cvar_t0.90_r0.20_g0.02"": 48904.92381164438, ""cvar_t0.95_r0.05_g0.02"": 48343.093876757295, ""cvar_t0.95_r0.20_g0.02"": 48904.92381164438, ""nocvar_g0.05"": 48957.076736388975, ""cvar_t0.90_r0.05_g0.05"": 49130.08590296568, ""cvar_t0.90_r0.20_g0.05"": 48621.81974358938, ""cvar_t0.95_r0.05_g0.05"": 48849.20204852453, ""cvar_t0.95_r0.20_g0.05"": 48763.03959925935}"
2025-07-25,205,cvar_t0.90_r0.05_g0.02,0.9,0.05,0.02,8966.075074306355,8722.519977186117,28538.674939424734,28538.674939424734,0.0,0.0,15395.055559611777,"{""nocvar_g0.00"": 49030.24107431647, ""cvar_t0.90_r0.05_g0.00"": 48592.04681516976, ""cvar_t0.90_r0.20_g0.00"": 49165.072959511184, ""cvar_t0.95_r0.05_g0.00"": 48592.04681516976, ""cvar_t0.95_r0.20_g0.00"": 49165.072959511184, ""nocvar_g0.02"": 49389.4531148532, ""cvar_t0.90_r0.05_g0.02"": 48512.60492802274, ""cvar_t0.90_r0.20_g0.02"": 49090.36343167412, ""cvar_t0.95_r0.05_g0.02"": 48521.28309197865, ""cvar_t0.95_r0.20_g0.02"": 49090.36343167412, ""nocvar_g0.05"": 49004.46752749415, ""cvar_t0.90_r0.05_g0.05"": 49246.20859753842, ""cvar_t0.90_r0.20_g0.05"": 48785.66024633555, ""cvar_t0.95_r0.05_g0.05"": 48969.328464260325, ""cvar_t0.95_r0.20_g0.05"": 48937.3164894852}"
2025-07-26,206,cvar_t0.90_r0.05_g0.02,0.9,0.05,0.02,8722.519977186117,9243.627377388892,30077.617311885846,30077.617311885846,0.0,0.0,14665.586112874695,"{""nocvar_g0.00"": 49320.61652067058, ""cvar_t0.90_r0.05_g0.00"": 48880.709446590496, ""cvar_t0.90_r0.20_g0.00"": 49356.52613706894, ""cvar_t0.95_r0.05_g0.00"": 48880.709446590496, ""cvar_t0.95_r0.20_g0.00"": 49356.52613706894, ""nocvar_g0.02"": 49653.10393074039, ""cvar_t0.90_r0.05_g0.02"": 48791.859381768496, ""cvar_t0.90_r0.20_g0.02"": 49255.74351768495, ""cvar_t0.95_r0.05_g0.02"": 48800.537545724415, ""cvar_t0.95_r0.20_g0.02"": 49255.74351768495, ""nocvar_g0.05"": 49235.6785110703, ""cvar_t0.90_r0.05_g0.05"": 49498.212692586545, ""cvar_t0.90_r0.20_g0.05"": 48961.618780244426, ""cvar_t0.95_r0.05_g0.05"": 49221.33255930845, ""cvar_t0.95_r0.20_g0.05"": 49114.20487990621}"
2025-07-27,207,cvar_t0.90_r0.05_g0.02,0.9,0.05,0.02,9243.627377388892,9003.9088297428,55908.275974755685,55908.275974755685,0.0,0.0,7408.056013063557,"{""nocvar_g0.00"": 49646.126749346746, ""cvar_t0.90_r0.05_g0.00"": 49231.448757867045, ""cvar_t0.90_r0.20_g0.00"": 49654.930676877826, ""cvar_t0.95_r0.05_g0.00"": 49231.448757867045, ""cvar_t0.95_r0.20_g0.00"": 49654.930676877826, ""nocvar_g0.02"": 49939.45912739276, ""cvar_t0.90_r0.05_g0.02"": 49141.25348219801, ""cvar_t0.90_r0.20_g0.02"": 49515.749653864536, ""cvar_t0.95_r0.05_g0.02"": 49149.9467882341, ""cvar_t0.95_r0.20_g0.02"": 49517.33912184054, ""nocvar_g0.05"": 49494.51093519292, ""cvar_t0.90_r0.05_g0.05"": 49785.18579876389, ""cvar_t0.90_r0.20_g0.05"": 49242.418459654924, ""cvar_t0.95_r0.05_g0.05"": 49508.3056654858, ""cvar_t0.95_r0.20_g0.05"": 49396.54053072508}"
2025-07-28,208,cvar_t0.90_r0.20_g0.05,0.9,0.2,0.05,9003.9088297428,8519.095241861223,56684.77712296103,56684.77712296103,0.0,0.0,3818.9264342621873,"{""nocvar_g0.00"": 49900.73511370103, ""cvar_t0.90_r0.05_g0.00"": 49429.24507685256, ""cvar_t0.90_r0.20_g0.00"": 49744.795949887084, ""cvar_t0.95_r0.05_g0.00"": 49429.24507685256, ""cvar_t0.95_r0.20_g0.00"": 49744.795949887084, ""nocvar_g0.02"": 50191.2128408543, ""cvar_t0.90_r0.05_g0.02"": 49352.2954916195, ""cvar_t0.90_r0.20_g0.02"": 49604.27209175708, ""cvar_t0.95_r0.05_g0.02"": 49360.988797655584, ""cvar_t0.95_r0.20_g0.02"": 49605.86155973307, ""nocvar_g0.05"": 49755.569160202365, ""cvar_t0.90_r0.05_g0.05"": 50042.72756678171, ""cvar_t0.90_r0.20_g0.05"": 49328.21314893553, ""cvar_t0.95_r0.05_g0.05"": 49743.828126627464, ""cvar_t0.95_r0.20_g0.05"": 49482.335220005676}"
2025-07-29,209,cvar_t0.90_r0.20_g0.05,0.9,0.2,0.05,8519.095241861223,7460.025868236111,54727.11743726978,54727.11743726978,0.0,0.0,5388.961017084677,"{""nocvar_g0.00"": 50211.51964775632, ""cvar_t0.90_r0.05_g0.00"": 49729.8873442036, ""cvar_t0.90_r0.20_g0.00"": 49803.32410592048, ""cvar_t0.95_r0.05_g0.00"": 49729.8873442036, ""cvar_t0.95_r0.20_g0.00"": 49803.32410592048, ""nocvar_g0.02"": 50473.44397166841, ""cvar_t0.90_r0.05_g0.02"": 49630.96698952544, ""cvar_t0.90_r0.20_g0.02"": 49664.959956405975, ""cvar_t0.95_r0.05_g0.02"": 49645.2835477666, ""cvar_t0.95_r0.20_g0.02"": 49666.54942438198, ""nocvar_g0.05"": 50012.67783987577, ""cvar_t0.90_r0.05_g0.05"": 50287.23483234873, ""cvar_t0.90_r0.20_g0.05"": 49382.29921165891, ""cvar_t0.95_r0.05_g0.05"": 49972.70043978836, ""cvar_t0.95_r0.20_g0.05"": 49539.5949950538}"
2025-07-30,210,nocvar_g0.05,,0.0,0.05,7460.025868236111,7964.372669611112,54038.11819434126,54038.11819434126,0.0,0.0,4656.25704765021,"{""nocvar_g0.00"": 50159.16156431519, ""cvar_t0.90_r0.05_g0.00"": 49674.48870074465, ""cvar_t0.90_r0.20_g0.00"": 49878.10388129742, ""cvar_t0.95_r0.05_g0.00"": 49674.48870074465, ""cvar_t0.95_r0.20_g0.00"": 49878.10388129742, ""nocvar_g0.02"": 49744.52104968862, ""cvar_t0.90_r0.05_g0.02"": 49564.33919757173, ""cvar_t0.90_r0.20_g0.02"": 49708.302936744054, ""cvar_t0.95_r0.05_g0.02"": 49585.282092415626, ""cvar_t0.95_r0.20_g0.02"": 49741.07010149198, ""nocvar_g0.05"": 49092.83332199809, ""cvar_t0.90_r0.05_g0.05"": 49539.467206020556, ""cvar_t0.90_r0.20_g0.05"": 49414.836346280994, ""cvar_t0.95_r0.05_g0.05"": 49326.35890490325, ""cvar_t0.95_r0.20_g0.05"": 49568.897172966645}"
2025-07-31,211,nocvar_g0.05,,0.0,0.05,7964.372669611112,6680.041923547321,52043.25395658311,52043.25395658311,0.0,0.0,3554.2573276748967,"{""nocvar_g0.00"": 50154.93049958894, ""cvar_t0.90_r0.05_g0.00"": 49685.158982856556, ""cvar_t0.90_r0.20_g0.00"": 50075.3573435374, ""cvar_t0.95_r0.05_g0.00"": 49685.158982856556, ""cvar_t0.95_r0.20_g0.00"": 50075.3573435374, ""nocvar_g0.02"": 49691.54222848158, ""cvar_t0.90_r0.05_g0.02"": 49521.424570814066, ""cvar_t0.90_r0.20_g0.02"": 49782.95111029437, ""cvar_t0.95_r0.05_g0.02"": 49542.87972700795, ""cvar_t0.95_r0.20_g0.02"": 49947.671193112896, ""nocvar_g0.05"": 49056.754901842214, ""cvar_t0.90_r0.05_g0.05"": 49481.264865825244, ""cvar_t0.90_r0.20_g0.05"": 49376.39994710494, ""cvar_t0.95_r0.05_g0.05"": 49272.66673805854, ""cvar_t0.95_r0.20_g0.05"": 49557.81967077381}"
2025-08-01,212,nocvar_g0.05,,0.0,0.05,6680.041923547321,6822.159387611111,26003.243089765543,26003.243089765543,0.0,0.0,19067.97064932098,"{""nocvar_g0.00"": 49195.634946848055, ""cvar_t0.90_r0.05_g0.00"": 49363.00263093346, ""cvar_t0.90_r0.20_g0.00"": 50000.11296123435, ""cvar_t0.95_r0.05_g0.00"": 49363.00263093346, ""cvar_t0.95_r0.20_g0.00"": 50000.11296123435, ""nocvar_g0.02"": 48656.28979458707, ""cvar_t0.90_r0.05_g0.02"": 49149.870632242295, ""cvar_t0.90_r0.20_g0.02"": 49634.63029092938, ""cvar_t0.95_r0.05_g0.02"": 49169.73044410988, ""cvar_t0.95_r0.20_g0.02"": 49881.483121834804, ""nocvar_g0.05"": 47729.57906538253, ""cvar_t0.90_r0.05_g0.05"": 48335.9182011373, ""cvar_t0.90_r0.20_g0.05"": 49159.149979663176, ""cvar_t0.95_r0.05_g0.05"": 48379.57250273073, ""cvar_t0.95_r0.20_g0.05"": 49359.5357401179}"
2025-08-02,213,nocvar_g0.05,,0.0,0.05,6822.159387611111,8353.002208517355,27367.580724623695,27367.580724623695,0.0,0.0,18606.26159894673,"{""nocvar_g0.00"": 48974.732058871254, ""cvar_t0.90_r0.05_g0.00"": 49226.910187520574, ""cvar_t0.90_r0.20_g0.00"": 50158.458310591835, ""cvar_t0.95_r0.05_g0.00"": 49226.910187520574, ""cvar_t0.95_r0.20_g0.00"": 50158.458310591835, ""nocvar_g0.02"": 48437.8633041239, ""cvar_t0.90_r0.05_g0.02"": 49002.63464811392, ""cvar_t0.90_r0.20_g0.02"": 49727.09972417536, ""cvar_t0.95_r0.05_g0.02"": 49020.77585914975, ""cvar_t0.95_r0.20_g0.02"": 49997.627789607744, ""nocvar_g0.05"": 47707.88072736296, ""cvar_t0.90_r0.05_g0.05"": 48357.596850154565, ""cvar_t0.90_r0.20_g0.05"": 49267.086456968835, ""cvar_t0.95_r0.05_g0.05"": 48412.09959026594, ""cvar_t0.95_r0.20_g0.05"": 49468.7645441814}"
2025-08-03,214,nocvar_g0.05,,0.0,0.05,8353.002208517355,6079.570656666669,48505.42277503328,48505.42277503328,0.0,0.0,10874.825447860088,"{""nocvar_g0.00"": 48657.41451252762, ""cvar_t0.90_r0.05_g0.00"": 48919.60053839457, ""cvar_t0.90_r0.20_g0.00"": 50228.18741786048, ""cvar_t0.95_r0.05_g0.00"": 48919.60053839457, ""cvar_t0.95_r0.20_g0.00"": 50228.18741786048, ""nocvar_g0.02"": 48097.87200500935, ""cvar_t0.90_r0.05_g0.02"": 48886.44922685526, ""cvar_t0.90_r0.20_g0.02"": 49800.15511564715, ""cvar_t0.95_r0.05_g0.02"": 48902.3044261802, ""cvar_t0.95_r0.20_g0.02"": 50070.68318107955, ""nocvar_g0.05"": 47645.79775941361, ""cvar_t0.90_r0.05_g0.05"": 48311.09661560481, ""cvar_t0.90_r0.20_g0.05"": 49343.56645967674, ""cvar_t0.95_r0.05_g0.05"": 48368.21031570686, ""cvar_t0.95_r0.20_g0.05"": 49547.56201674266}"
2025-08-04,215,nocvar_g0.05,,0.0,0.05,6079.570656666669,7999.123401736949,51725.68369949385,51725.68369949385,0.0,0.0,8708.650648744853,"{""nocvar_g0.00"": 47160.872073674436, ""cvar_t0.90_r0.05_g0.00"": 47617.769611401876, ""cvar_t0.90_r0.20_g0.00"": 49620.031094376485, ""cvar_t0.95_r0.05_g0.00"": 47617.769611401876, ""cvar_t0.95_r0.20_g0.00"": 49620.031094376485, ""nocvar_g0.02"": 46498.33981135357, ""cvar_t0.90_r0.05_g0.02"": 47500.130442436675, ""cvar_t0.90_r0.20_g0.02"": 49193.688718290345, ""cvar_t0.95_r0.05_g0.02"": 47564.91826293129, ""cvar_t0.95_r0.20_g0.02"": 49464.216783722724, ""nocvar_g0.05"": 45961.04496471813, ""cvar_t0.90_r0.05_g0.05"": 46731.45897431799, ""cvar_t0.90_r0.20_g0.05"": 48323.44225984741, ""cvar_t0.95_r0.05_g0.05"": 46795.55976944563, ""cvar_t0.95_r0.20_g0.05"": 48940.41677251584}"
2025-08-05,216,nocvar_g0.05,,0.0,0.05,7999.123401736949,7457.193758306667,47837.467835199124,47837.467835199124,0.0,0.0,4132.200831590041,"{""nocvar_g0.00"": 47167.33211040371, ""cvar_t0.90_r0.05_g0.00"": 47663.23851327427, ""cvar_t0.90_r0.20_g0.00"": 49616.0369672347, ""cvar_t0.95_r0.05_g0.00"": 47663.23851327427, ""cvar_t0.95_r0.20_g0.00"": 49616.0369672347, ""nocvar_g0.02"": 46514.1734270266, ""cvar_t0.90_r0.05_g0.02"": 47465.81647515113, ""cvar_t0.90_r0.20_g0.02"": 49184.4480292129, ""cvar_t0.95_r0.05_g0.02"": 47530.60429564574, ""cvar_t0.95_r0.20_g0.02"": 49454.97609464528, ""nocvar_g0.05"": 45863.36048804498, ""cvar_t0.90_r0.05_g0.05"": 46662.23166998616, ""cvar_t0.90_r0.20_g0.05"": 48310.17801185538, ""cvar_t0.95_r0.05_g0.05"": 46728.17680647243, ""cvar_t0.95_r0.20_g0.05"": 48913.47638471667}"
2025-08-06,217,nocvar_g0.05,,0.0,0.05,7457.193758306667,5125.755049595371,51130.33641275226,46642.907108313084,4487.429304439174,643.2668154299275,2934.6982049382786,"{""nocvar_g0.00"": 47017.49905089758, ""cvar_t0.90_r0.05_g0.00"": 47544.63120305979, ""cvar_t0.90_r0.20_g0.00"": 49641.63281396574, ""cvar_t0.95_r0.05_g0.00"": 47544.63120305979, ""cvar_t0.95_r0.20_g0.00"": 49641.63281396574, ""nocvar_g0.02"": 46365.28852054329, ""cvar_t0.90_r0.05_g0.02"": 47305.35985753792, ""cvar_t0.90_r0.20_g0.02"": 49065.55814327505, ""cvar_t0.95_r0.05_g0.02"": 47372.651697161935, ""cvar_t0.95_r0.20_g0.02"": 49483.32016923068, ""nocvar_g0.05"": 45655.23719304368, ""cvar_t0.90_r0.05_g0.05"": 46481.02932010229, ""cvar_t0.90_r0.20_g0.05"": 48139.60453047591, ""cvar_t0.95_r0.05_g0.05"": 46548.57414602233, ""cvar_t0.95_r0.20_g0.05"": 48743.458226892435}"
2025-08-07,218,nocvar_g0.05,,0.0,0.05,5125.755049595371,6226.233504645373,46455.238380817515,46455.238380817515,0.0,0.0,3103.49662910967,"{""nocvar_g0.00"": 46984.16749797253, ""cvar_t0.90_r0.05_g0.00"": 47540.10962988434, ""cvar_t0.90_r0.20_g0.00"": 49634.55648786992, ""cvar_t0.95_r0.05_g0.00"": 47540.10962988434, ""cvar_t0.95_r0.20_g0.00"": 49634.55648786992, ""nocvar_g0.02"": 46234.34259173623, ""cvar_t0.90_r0.05_g0.02"": 47237.261488009535, ""cvar_t0.90_r0.20_g0.02"": 49061.77682362643, ""cvar_t0.95_r0.05_g0.02"": 47308.51761046447, ""cvar_t0.95_r0.20_g0.02"": 49482.29537178246, ""nocvar_g0.05"": 45609.30705840872, ""cvar_t0.90_r0.05_g0.05"": 46377.32491088016, ""cvar_t0.90_r0.20_g0.05"": 48111.719481201086, ""cvar_t0.95_r0.05_g0.05"": 46432.090659968504, ""cvar_t0.95_r0.20_g0.05"": 48724.23371607496}"
2025-08-08,219,nocvar_g0.05,,0.0,0.05,6226.233504645373,6676.256174561485,24047.893657562254,24047.893657562254,0.0,0.0,20595.652549156377,"{""nocvar_g0.00"": 46897.19838692787, ""cvar_t0.90_r0.05_g0.00"": 47446.69809229527, ""cvar_t0.90_r0.20_g0.00"": 49464.34710503467, ""cvar_t0.95_r0.05_g0.00"": 47446.69809229527, ""cvar_t0.95_r0.20_g0.00"": 49464.34710503467, ""nocvar_g0.02"": 46125.434833954336, ""cvar_t0.90_r0.05_g0.02"": 47167.8327501244, ""cvar_t0.90_r0.20_g0.02"": 48889.46801259474, ""cvar_t0.95_r0.05_g0.02"": 47223.722701164115, ""cvar_t0.95_r0.20_g0.02"": 49309.98656075077, ""nocvar_g0.05"": 45475.64766684898, ""cvar_t0.90_r0.05_g0.05"": 46266.904268637256, ""cvar_t0.90_r0.20_g0.05"": 48028.782107977364, ""cvar_t0.95_r0.05_g0.05"": 46319.669123929656, ""cvar_t0.95_r0.20_g0.05"": 48544.95289769322}"
2025-08-09,220,nocvar_g0.05,,0.0,0.05,6676.256174561485,6295.9934266246,23911.803664192692,23911.803664192692,0.0,0.0,17762.748224526753,"{""nocvar_g0.00"": 46756.72317656209, ""cvar_t0.90_r0.05_g0.00"": 47329.250483243166, ""cvar_t0.90_r0.20_g0.00"": 49569.314489478944, ""cvar_t0.95_r0.05_g0.00"": 47329.250483243166, ""cvar_t0.95_r0.20_g0.00"": 49569.314489478944, ""nocvar_g0.02"": 45924.07791123538, ""cvar_t0.90_r0.05_g0.02"": 47053.58817824371, ""cvar_t0.90_r0.20_g0.02"": 48999.7977143397, ""cvar_t0.95_r0.05_g0.02"": 47109.887108990115, ""cvar_t0.95_r0.20_g0.02"": 49420.316262495726, ""nocvar_g0.05"": 45376.00209714113, ""cvar_t0.90_r0.05_g0.05"": 46183.31433036058, ""cvar_t0.90_r0.20_g0.05"": 48056.180766584366, ""cvar_t0.95_r0.05_g0.05"": 46238.042638844796, ""cvar_t0.95_r0.20_g0.05"": 48656.585684995094}"
2025-08-10,221,nocvar_g0.05,,0.0,0.05,6295.9934266246,6552.885304722223,45917.12994575684,45917.12994575684,0.0,0.0,769.1292664814755,"{""nocvar_g0.00"": 46686.96815985417, ""cvar_t0.90_r0.05_g0.00"": 47338.726224508326, ""cvar_t0.90_r0.20_g0.00"": 49678.43612103159, ""cvar_t0.95_r0.05_g0.00"": 47338.726224508326, ""cvar_t0.95_r0.20_g0.00"": 49678.43612103159, ""nocvar_g0.02"": 45889.84665036821, ""cvar_t0.90_r0.05_g0.02"": 47053.61374954115, ""cvar_t0.90_r0.20_g0.02"": 49110.27154331596, ""cvar_t0.95_r0.05_g0.02"": 47114.52811242353, ""cvar_t0.95_r0.20_g0.02"": 49530.790091471994, ""nocvar_g0.05"": 45264.39082169102, ""cvar_t0.90_r0.05_g0.05"": 46124.69035995175, ""cvar_t0.90_r0.20_g0.05"": 48050.53487429412, ""cvar_t0.95_r0.05_g0.05"": 46178.764587891965, ""cvar_t0.95_r0.20_g0.05"": 48765.34526648536}"
2025-08-11,222,nocvar_g0.05,,0.0,0.05,6552.885304722223,6801.452864974163,47029.261393410125,46943.172438410125,86.08895499999912,12.769999999999868,3023.6484231760264,"{""nocvar_g0.00"": 46582.84423010796, ""cvar_t0.90_r0.05_g0.00"": 47264.031341782, ""cvar_t0.90_r0.20_g0.00"": 49554.6721055708, ""cvar_t0.95_r0.05_g0.00"": 47264.031341782, ""cvar_t0.95_r0.20_g0.00"": 49554.6721055708, ""nocvar_g0.02"": 45774.08752778758, ""cvar_t0.90_r0.05_g0.02"": 46971.567724893735, ""cvar_t0.90_r0.20_g0.02"": 48992.03768058965, ""cvar_t0.95_r0.05_g0.02"": 47028.903328811015, ""cvar_t0.95_r0.20_g0.02"": 49412.556228745685, ""nocvar_g0.05"": 45020.38535543814, ""cvar_t0.90_r0.05_g0.05"": 45941.441428552316, ""cvar_t0.90_r0.20_g0.05"": 47980.73054209164, ""cvar_t0.95_r0.05_g0.05"": 46005.34644755232, ""cvar_t0.95_r0.20_g0.05"": 48638.93022930742}"
2025-08-12,223,nocvar_g0.05,,0.0,0.05,6801.452864974163,5030.087304514174,51122.64578847202,45137.16646070891,5985.479327763109,864.1243409179987,1081.1797736625554,"{""nocvar_g0.00"": 46460.45115785507, ""cvar_t0.90_r0.05_g0.00"": 47155.374611149506, ""cvar_t0.90_r0.20_g0.00"": 49300.097774314716, ""cvar_t0.95_r0.05_g0.00"": 47155.374611149506, ""cvar_t0.95_r0.20_g0.00"": 49300.097774314716, ""nocvar_g0.02"": 45630.0934065479, ""cvar_t0.90_r0.05_g0.02"": 46759.762940892244, ""cvar_t0.90_r0.20_g0.02"": 48751.10755373706, ""cvar_t0.95_r0.05_g0.02"": 46820.054487136, ""cvar_t0.95_r0.20_g0.02"": 49171.62610189312, ""nocvar_g0.05"": 44671.79936081222, ""cvar_t0.90_r0.05_g0.05"": 45613.63195074995, ""cvar_t0.90_r0.20_g0.05"": 47700.671476043695, ""cvar_t0.95_r0.05_g0.05"": 45674.32257645611, ""cvar_t0.95_r0.20_g0.05"": 48402.75082417459}"
2025-08-13,224,nocvar_g0.05,,0.0,0.05,5030.087304514174,6137.1923613946055,46585.1344328076,46585.1344328076,0.0,0.0,1457.1369062551416,"{""nocvar_g0.00"": 46109.155298878686, ""cvar_t0.90_r0.05_g0.00"": 46804.313796974064, ""cvar_t0.90_r0.20_g0.00"": 48948.03274444689, ""cvar_t0.95_r0.05_g0.00"": 46804.313796974064, ""cvar_t0.95_r0.20_g0.00"": 48948.03274444689, ""nocvar_g0.02"": 45255.005332009525, ""cvar_t0.90_r0.05_g0.02"": 46400.47867301117, ""cvar_t0.90_r0.20_g0.02"": 48401.14331094949, ""cvar_t0.95_r0.05_g0.02"": 46449.42120427885, ""cvar_t0.95_r0.20_g0.02"": 48822.59333680044, ""nocvar_g0.05"": 44436.47236553979, ""cvar_t0.90_r0.05_g0.05"": 45271.19692016243, ""cvar_t0.90_r0.20_g0.05"": 47340.70948193625, ""cvar_t0.95_r0.05_g0.05"": 45257.68493657274, ""cvar_t0.95_r0.20_g0.05"": 48042.32266964031}"
2025-08-14,225,nocvar_g0.05,,0.0,0.05,6137.1923613946055,5392.618078401688,45502.66310100752,45392.527175674186,110.13592533333397,15.787833333333424,809.8559655349884,"{""nocvar_g0.00"": 45876.85049036229, ""cvar_t0.90_r0.05_g0.00"": 46647.710513849976, ""cvar_t0.90_r0.20_g0.00"": 48863.989707676206, ""cvar_t0.95_r0.05_g0.00"": 46647.710513849976, ""cvar_t0.95_r0.20_g0.00"": 48863.989707676206, ""nocvar_g0.02"": 45021.72338709693, ""cvar_t0.90_r0.05_g0.02"": 46172.38616692093, ""cvar_t0.90_r0.20_g0.02"": 48316.69945645798, ""cvar_t0.95_r0.05_g0.02"": 46249.02778036844, ""cvar_t0.95_r0.20_g0.02"": 48738.14948230896, ""nocvar_g0.05"": 44200.97724729938, ""cvar_t0.90_r0.05_g0.05"": 45029.75143226824, ""cvar_t0.90_r0.20_g0.05"": 47125.415585660936, ""cvar_t0.95_r0.05_g0.05"": 45009.97054298309, ""cvar_t0.95_r0.20_g0.05"": 47957.48805150343}"
2025-08-15,226,nocvar_g0.05,,0.0,0.05,5392.618078401688,5512.945248382487,23549.637854231885,23305.232538913006,244.40531531888146,61.08000403333699,19119.57559047325,"{""nocvar_g0.00"": 45747.75743224996, ""cvar_t0.90_r0.05_g0.00"": 46574.65903354663, ""cvar_t0.90_r0.20_g0.00"": 48625.593394102245, ""cvar_t0.95_r0.05_g0.00"": 46574.65903354663, ""cvar_t0.95_r0.20_g0.00"": 48625.593394102245, ""nocvar_g0.02"": 44804.65163933075, ""cvar_t0.90_r0.05_g0.02"": 46097.095845129865, ""cvar_t0.90_r0.20_g0.02"": 48075.76012257051, ""cvar_t0.95_r0.05_g0.02"": 46163.63762979194, ""cvar_t0.95_r0.20_g0.02"": 48497.210148421465, ""nocvar_g0.05"": 43953.913889160576, ""cvar_t0.90_r0.05_g0.05"": 44800.6858223801, ""cvar_t0.90_r0.20_g0.05"": 47077.25207328695, ""cvar_t0.95_r0.05_g0.05"": 44780.065263651726, ""cvar_t0.95_r0.20_g0.05"": 47709.60054346449}"
2025-08-16,227,nocvar_g0.05,,0.0,0.05,5512.945248382487,5129.402456339504,22813.838802596823,22807.56104478846,6.277757808361312,1.57495178333199,19163.082836625512,"{""nocvar_g0.00"": 45661.06023808706, ""cvar_t0.90_r0.05_g0.00"": 46522.079718957364, ""cvar_t0.90_r0.20_g0.00"": 48630.48332022795, ""cvar_t0.95_r0.05_g0.00"": 46522.079718957364, ""cvar_t0.95_r0.20_g0.00"": 48630.48332022795, ""nocvar_g0.02"": 44669.84855023442, ""cvar_t0.90_r0.05_g0.02"": 46027.168384749304, ""cvar_t0.90_r0.20_g0.02"": 48101.347604087045, ""cvar_t0.95_r0.05_g0.02"": 46104.957483585385, ""cvar_t0.95_r0.20_g0.02"": 48522.797629938, ""nocvar_g0.05"": 43775.33556789466, ""cvar_t0.90_r0.05_g0.05"": 44656.313988616355, ""cvar_t0.90_r0.20_g0.05"": 46977.729565822905, ""cvar_t0.95_r0.05_g0.05"": 44638.917403559535, ""cvar_t0.95_r0.20_g0.05"": 47728.46963120119}"
2025-08-17,228,nocvar_g0.05,,0.0,0.05,5129.402456339504,6601.862398026974,46628.06790150677,46628.06790150677,0.0,0.0,3315.442561728397,"{""nocvar_g0.00"": 45519.12780682143, ""cvar_t0.90_r0.05_g0.00"": 46439.98909727699, ""cvar_t0.90_r0.20_g0.00"": 48616.33705858658, ""cvar_t0.95_r0.05_g0.00"": 46439.98909727699, ""cvar_t0.95_r0.20_g0.00"": 48616.33705858658, ""nocvar_g0.02"": 44520.629498941045, ""cvar_t0.90_r0.05_g0.02"": 45880.624702704365, ""cvar_t0.90_r0.20_g0.02"": 48136.185911534754, ""cvar_t0.95_r0.05_g0.02"": 45967.12416565594, ""cvar_t0.95_r0.20_g0.02"": 48557.63593738573, ""nocvar_g0.05"": 43589.05236944899, ""cvar_t0.90_r0.05_g0.05"": 44475.785075925756, ""cvar_t0.90_r0.20_g0.05"": 46814.44950342465, ""cvar_t0.95_r0.05_g0.05"": 44460.32311268482, ""cvar_t0.95_r0.20_g0.05"": 47759.66415853864}"
2025-08-18,229,nocvar_g0.05,,0.0,0.05,6601.862398026974,5504.348438518518,44697.893644657444,44413.76373959078,284.12990506666574,41.01599166666654,1798.9478303325122,"{""nocvar_g0.00"": 45405.75277003566, ""cvar_t0.90_r0.05_g0.00"": 46293.65854893411, ""cvar_t0.90_r0.20_g0.00"": 48478.33355012829, ""cvar_t0.95_r0.05_g0.00"": 46293.65854893411, ""cvar_t0.95_r0.20_g0.00"": 48478.33355012829, ""nocvar_g0.02"": 44339.46335641762, ""cvar_t0.90_r0.05_g0.02"": 45720.30858952389, ""cvar_t0.90_r0.20_g0.02"": 47998.969610904715, ""cvar_t0.95_r0.05_g0.02"": 45801.9318779906, ""cvar_t0.95_r0.20_g0.02"": 48420.419636755694, ""nocvar_g0.05"": 43292.718416472904, ""cvar_t0.90_r0.05_g0.05"": 44229.143689232646, ""cvar_t0.90_r0.20_g0.05"": 46668.122353067236, ""cvar_t0.95_r0.05_g0.05"": 44220.21720212801, ""cvar_t0.95_r0.20_g0.05"": 47615.375360434446}"
2025-08-19,230,nocvar_g0.05,,0.0,0.05,5504.348438518518,4905.967395000001,44118.80112662115,43757.161276575374,361.63985004577086,75.86614467800038,585.2710152507394,"{""nocvar_g0.00"": 45096.48166152718, ""cvar_t0.90_r0.05_g0.00"": 46006.30630268733, ""cvar_t0.90_r0.20_g0.00"": 48002.63952349891, ""cvar_t0.95_r0.05_g0.00"": 46006.30630268733, ""cvar_t0.95_r0.20_g0.00"": 48002.63952349891, ""nocvar_g0.02"": 44055.47721301475, ""cvar_t0.90_r0.05_g0.02"": 45381.8600824894, ""cvar_t0.90_r0.20_g0.02"": 47532.214348831156, ""cvar_t0.95_r0.05_g0.02"": 45464.67748152585, ""cvar_t0.95_r0.20_g0.02"": 47953.66437468212, ""nocvar_g0.05"": 42963.40920697564, ""cvar_t0.90_r0.05_g0.05"": 43793.35267160791, ""cvar_t0.90_r0.20_g0.05"": 46182.118735934004, ""cvar_t0.95_r0.05_g0.05"": 43784.92829872381, ""cvar_t0.95_r0.20_g0.05"": 47157.63528299322}"
2025-08-20,231,nocvar_g0.05,,0.0,0.05,4905.967395000001,4786.366043333334,67335.57350657682,45803.81495088829,21531.758555688524,3295.0583892833315,59.36861876543833,"{""nocvar_g0.00"": 44787.84924083595, ""cvar_t0.90_r0.05_g0.00"": 45740.29610731231, ""cvar_t0.90_r0.20_g0.00"": 47839.97924726166, ""cvar_t0.95_r0.05_g0.00"": 45740.29610731231, ""cvar_t0.95_r0.20_g0.00"": 47839.97924726166, ""nocvar_g0.02"": 43698.527626301206, ""cvar_t0.90_r0.05_g0.02"": 45053.48441272547, ""cvar_t0.90_r0.20_g0.02"": 47368.42334565013, ""cvar_t0.95_r0.05_g0.02"": 45154.1732510385, ""cvar_t0.95_r0.20_g0.02"": 47789.87337150111, ""nocvar_g0.05"": 42565.6426901555, ""cvar_t0.90_r0.05_g0.05"": 43393.51216713085, ""cvar_t0.90_r0.20_g0.05"": 45848.60503659993, ""cvar_t0.95_r0.05_g0.05"": 43412.73708349719, ""cvar_t0.95_r0.20_g0.05"": 46877.472663902154}"
2025-08-21,232,nocvar_g0.05,,0.0,0.05,4786.366043333334,5251.966763407406,48701.217706090436,48578.93992109044,122.27778499999845,18.129999999999768,6573.189709246228,"{""nocvar_g0.00"": 45310.36127233314, ""cvar_t0.90_r0.05_g0.00"": 46155.61801007919, ""cvar_t0.90_r0.20_g0.00"": 47780.35443218437, ""cvar_t0.95_r0.05_g0.00"": 46155.61801007919, ""cvar_t0.95_r0.20_g0.00"": 47780.35443218437, ""nocvar_g0.02"": 44216.83834721648, ""cvar_t0.90_r0.05_g0.02"": 45569.850650033346, ""cvar_t0.90_r0.20_g0.02"": 47307.2492803873, ""cvar_t0.95_r0.05_g0.02"": 45681.35335791665, ""cvar_t0.95_r0.20_g0.02"": 47728.699306238275, ""nocvar_g0.05"": 43076.74244909162, ""cvar_t0.90_r0.05_g0.05"": 43896.03792311808, ""cvar_t0.90_r0.20_g0.05"": 46371.621270091746, ""cvar_t0.95_r0.05_g0.05"": 43921.51972159307, ""cvar_t0.95_r0.20_g0.05"": 47202.63547743692}"
2025-08-22,233,nocvar_g0.05,,0.0,0.05,5251.966763407406,4671.65474212963,25972.056929596587,23089.93967939642,2882.1172502001687,417.78871516851865,15900.22796018518,"{""nocvar_g0.00"": 45149.89725888084, ""cvar_t0.90_r0.05_g0.00"": 45987.6138730742, ""cvar_t0.90_r0.20_g0.00"": 47604.202517378355, ""cvar_t0.95_r0.05_g0.00"": 45987.6138730742, ""cvar_t0.95_r0.20_g0.00"": 47604.202517378355, ""nocvar_g0.02"": 44035.050207652144, ""cvar_t0.90_r0.05_g0.02"": 45382.03821187856, ""cvar_t0.90_r0.20_g0.02"": 47128.303102931146, ""cvar_t0.95_r0.05_g0.02"": 45497.46901479156, ""cvar_t0.95_r0.20_g0.02"": 47549.753128782126, ""nocvar_g0.05"": 42930.090422088455, ""cvar_t0.90_r0.05_g0.05"": 43673.36281414812, ""cvar_t0.90_r0.20_g0.05"": 46182.67022984719, ""cvar_t0.95_r0.05_g0.05"": 43711.06893355791, ""cvar_t0.95_r0.20_g0.05"": 47030.80370279871}"
2025-08-23,234,nocvar_g0.05,,0.0,0.05,4671.65474212963,5281.426347648145,23915.304142246736,23915.304142246736,0.0,0.0,14243.396912818927,"{""nocvar_g0.00"": 45069.205284449, ""cvar_t0.90_r0.05_g0.00"": 45928.59799668824, ""cvar_t0.90_r0.20_g0.00"": 47632.20747157536, ""cvar_t0.95_r0.05_g0.00"": 45928.59799668824, ""cvar_t0.95_r0.20_g0.00"": 47632.20747157536, ""nocvar_g0.02"": 43927.8197854128, ""cvar_t0.90_r0.05_g0.02"": 45271.66658608127, ""cvar_t0.90_r0.20_g0.02"": 47185.46283315606, ""cvar_t0.95_r0.05_g0.02"": 45392.94721805415, ""cvar_t0.95_r0.20_g0.02"": 47606.91285900703, ""nocvar_g0.05"": 42932.19051731173, ""cvar_t0.90_r0.05_g0.05"": 43621.48621259486, ""cvar_t0.90_r0.20_g0.05"": 46074.83097866756, ""cvar_t0.95_r0.05_g0.05"": 43664.45728976665, ""cvar_t0.95_r0.20_g0.05"": 46935.636953872105}"
2025-08-24,235,nocvar_g0.05,,0.0,0.05,5281.426347648145,4629.557188796296,49191.68670980989,45838.95072497615,3352.735984833734,506.13694262377817,5663.676507572011,"{""nocvar_g0.00"": 44925.159191207145, ""cvar_t0.90_r0.05_g0.00"": 45805.88079997182, ""cvar_t0.90_r0.20_g0.00"": 47563.11355828781, ""cvar_t0.95_r0.05_g0.00"": 45805.88079997182, ""cvar_t0.95_r0.20_g0.00"": 47563.11355828781, ""nocvar_g0.02"": 43793.58813145223, ""cvar_t0.90_r0.05_g0.02"": 45093.423729054084, ""cvar_t0.90_r0.20_g0.02"": 47152.915864647235, ""cvar_t0.95_r0.05_g0.02"": 45221.7293238193, ""cvar_t0.95_r0.20_g0.02"": 47572.776422522205, ""nocvar_g0.05"": 42807.96019306682, ""cvar_t0.90_r0.05_g0.05"": 43468.15535282766, ""cvar_t0.90_r0.20_g0.05"": 45881.04644829237, ""cvar_t0.95_r0.05_g0.05"": 43516.06981029389, ""cvar_t0.95_r0.20_g0.05"": 46784.96293803059}"
2025-08-25,236,nocvar_g0.05,,0.0,0.05,4629.557188796296,4717.821022222222,69635.08962462794,45223.376928492646,24411.7126961353,3595.481387455664,158.7075983333334,"{""nocvar_g0.00"": 44719.91103251994, ""cvar_t0.90_r0.05_g0.00"": 45620.62160965398, ""cvar_t0.90_r0.20_g0.00"": 47216.35685671585, ""cvar_t0.95_r0.05_g0.00"": 45620.62160965398, ""cvar_t0.95_r0.20_g0.00"": 47216.35685671585, ""nocvar_g0.02"": 43568.139103851885, ""cvar_t0.90_r0.05_g0.02"": 44861.75416100566, ""cvar_t0.90_r0.20_g0.02"": 46787.40940458468, ""cvar_t0.95_r0.05_g0.02"": 44992.16584172529, ""cvar_t0.95_r0.20_g0.02"": 47228.27557592591, ""nocvar_g0.05"": 42635.486409916775, ""cvar_t0.90_r0.05_g0.05"": 43150.50378769953, ""cvar_t0.90_r0.20_g0.05"": 45442.174657689444, ""cvar_t0.95_r0.05_g0.05"": 43217.21990973983, ""cvar_t0.95_r0.20_g0.05"": 46393.513546502545}"
2025-08-26,237,cvar_t0.90_r0.05_g0.05,0.9,0.05,0.05,4717.821022222222,5753.63591314814,47917.41795162418,47917.41795162418,0.0,0.0,4118.92843650205,"{""nocvar_g0.00"": 44533.644401435275, ""cvar_t0.90_r0.05_g0.00"": 45394.88687215798, ""cvar_t0.90_r0.20_g0.00"": 46996.09784092237, ""cvar_t0.95_r0.05_g0.00"": 45394.88687215798, ""cvar_t0.95_r0.20_g0.00"": 46996.09784092237, ""nocvar_g0.02"": 43389.028621970945, ""cvar_t0.90_r0.05_g0.02"": 44682.746541399574, ""cvar_t0.90_r0.20_g0.02"": 46564.93495516111, ""cvar_t0.95_r0.05_g0.02"": 44801.52763231868, ""cvar_t0.95_r0.20_g0.02"": 47005.80112650233, ""nocvar_g0.05"": 43183.93429897105, ""cvar_t0.90_r0.05_g0.05"": 43138.815011559826, ""cvar_t0.90_r0.20_g0.05"": 45223.72371685788, ""cvar_t0.95_r0.05_g0.05"": 43322.656085497, ""cvar_t0.95_r0.20_g0.05"": 46159.305777648406}"
2025-08-27,238,cvar_t0.90_r0.05_g0.05,0.9,0.05,0.05,5753.63591314814,5036.651699814815,47311.4919153595,47311.4919153595,0.0,0.0,1852.3837295781782,"{""nocvar_g0.00"": 44322.031436337435, ""cvar_t0.90_r0.05_g0.00"": 45263.13635915392, ""cvar_t0.90_r0.20_g0.00"": 46930.414011853456, ""cvar_t0.95_r0.05_g0.00"": 45263.13635915392, ""cvar_t0.95_r0.20_g0.00"": 46930.414011853456, ""nocvar_g0.02"": 43185.426171918116, ""cvar_t0.90_r0.05_g0.02"": 44473.37026236565, ""cvar_t0.90_r0.20_g0.02"": 46483.717118811466, ""cvar_t0.95_r0.05_g0.02"": 44591.4848372535, ""cvar_t0.95_r0.20_g0.02"": 46938.484004531325, ""nocvar_g0.05"": 42983.98922268626, ""cvar_t0.90_r0.05_g0.05"": 42926.144650762966, ""cvar_t0.90_r0.20_g0.05"": 44994.475963695484, ""cvar_t0.95_r0.05_g0.05"": 43112.9405791861, ""cvar_t0.95_r0.20_g0.05"": 45941.740674574234}"
2025-08-28,239,cvar_t0.90_r0.05_g0.05,0.9,0.05,0.05,5036.651699814815,5730.197959698534,50343.36148012795,50343.36148012795,0.0,0.0,2550.1315626806554,"{""nocvar_g0.00"": 44173.38695230636, ""cvar_t0.90_r0.05_g0.00"": 45161.65259632083, ""cvar_t0.90_r0.20_g0.00"": 46652.75541034972, ""cvar_t0.95_r0.05_g0.00"": 45161.65259632083, ""cvar_t0.95_r0.20_g0.00"": 46652.75541034972, ""nocvar_g0.02"": 42969.49449906352, ""cvar_t0.90_r0.05_g0.02"": 44310.72117181914, ""cvar_t0.90_r0.20_g0.02"": 46327.25496956592, ""cvar_t0.95_r0.05_g0.02"": 44404.203728130386, ""cvar_t0.95_r0.20_g0.02"": 46650.06893721516, ""nocvar_g0.05"": 42747.32858331442, ""cvar_t0.90_r0.05_g0.05"": 42681.902680620944, ""cvar_t0.90_r0.20_g0.05"": 44775.596118706984, ""cvar_t0.95_r0.05_g0.05"": 42876.75796083366, ""cvar_t0.95_r0.20_g0.05"": 45863.02672413733}"
2025-08-29,240,cvar_t0.90_r0.05_g0.05,0.9,0.05,0.05,5730.197959698534,5306.905086301854,23886.99474464691,23886.99474464691,0.0,0.0,14713.840172427981,"{""nocvar_g0.00"": 43945.59035843985, ""cvar_t0.90_r0.05_g0.00"": 44913.74052441207, ""cvar_t0.90_r0.20_g0.00"": 46360.90165107346, ""cvar_t0.95_r0.05_g0.00"": 44913.74052441207, ""cvar_t0.95_r0.20_g0.00"": 46360.90165107346, ""nocvar_g0.02"": 42771.92509388203, ""cvar_t0.90_r0.05_g0.02"": 44087.25655783765, ""cvar_t0.90_r0.20_g0.02"": 46096.4937602398, ""cvar_t0.95_r0.05_g0.02"": 44184.89922530788, ""cvar_t0.95_r0.20_g0.02"": 46347.284222361995, ""nocvar_g0.05"": 42669.15383664413, ""cvar_t0.90_r0.05_g0.05"": 42548.17605349682, ""cvar_t0.90_r0.20_g0.05"": 44535.832818148534, ""cvar_t0.95_r0.05_g0.05"": 42754.380326196035, ""cvar_t0.95_r0.20_g0.05"": 45639.74112620489}"
2025-08-30,241,cvar_t0.90_r0.05_g0.05,0.9,0.05,0.05,5306.905086301854,5585.669887587109,24742.379582386275,24742.379582386275,0.0,0.0,19359.810262716048,"{""nocvar_g0.00"": 43825.58108301404, ""cvar_t0.90_r0.05_g0.00"": 44847.03941769019, ""cvar_t0.90_r0.20_g0.00"": 46380.69467075011, ""cvar_t0.95_r0.05_g0.00"": 44847.03941769019, ""cvar_t0.95_r0.20_g0.00"": 46380.69467075011, ""nocvar_g0.02"": 42655.70099144579, ""cvar_t0.90_r0.05_g0.02"": 43951.226003634685, ""cvar_t0.90_r0.20_g0.02"": 46058.63413591752, ""cvar_t0.95_r0.05_g0.02"": 44054.43380982285, ""cvar_t0.95_r0.20_g0.02"": 46408.433764377376, ""nocvar_g0.05"": 42592.47557324357, ""cvar_t0.90_r0.05_g0.05"": 42432.42154275666, ""cvar_t0.90_r0.20_g0.05"": 44358.752218687536, ""cvar_t0.95_r0.05_g0.05"": 42630.49597946146, ""cvar_t0.95_r0.20_g0.05"": 45496.9206127874}"
2025-08-31,242,cvar_t0.90_r0.05_g0.05,0.9,0.05,0.05,5585.669887587109,5418.547283298147,46744.17567842,46564.999491878334,179.1761865416653,26.51908333333313,2062.388039248767,"{""nocvar_g0.00"": 43806.158177851656, ""cvar_t0.90_r0.05_g0.00"": 44842.08428219378, ""cvar_t0.90_r0.20_g0.00"": 46352.2095881918, ""cvar_t0.95_r0.05_g0.00"": 44842.08428219378, ""cvar_t0.95_r0.20_g0.00"": 46352.2095881918, ""nocvar_g0.02"": 42607.24303606284, ""cvar_t0.90_r0.05_g0.02"": 43901.11290083067, ""cvar_t0.90_r0.20_g0.02"": 46001.27187925995, ""cvar_t0.95_r0.05_g0.02"": 44004.39661885264, ""cvar_t0.95_r0.20_g0.02"": 46375.34892588762, ""nocvar_g0.05"": 42497.04648912324, ""cvar_t0.90_r0.05_g0.05"": 42323.31527484556, ""cvar_t0.90_r0.20_g0.05"": 44219.45937539303, ""cvar_t0.95_r0.05_g0.05"": 42525.4989578528, ""cvar_t0.95_r0.20_g0.05"": 45378.577330073786}"
2025-09-01,243,cvar_t0.90_r0.05_g0.05,0.9,0.05,0.05,5418.547283298147,8684.734834259258,45867.207660050735,45867.207660050735,0.0,0.0,11103.676623675305,"{""nocvar_g0.00"": 43657.18107637933, ""cvar_t0.90_r0.05_g0.00"": 44704.340345310506, ""cvar_t0.90_r0.20_g0.00"": 46030.01664408273, ""cvar_t0.95_r0.05_g0.00"": 44704.340345310506, ""cvar_t0.95_r0.20_g0.00"": 46030.01664408273, ""nocvar_g0.02"": 42566.88003012571, ""cvar_t0.90_r0.05_g0.02"": 43739.252441561905, ""cvar_t0.90_r0.20_g0.02"": 45674.97347558372, ""cvar_t0.95_r0.05_g0.02"": 43831.10394632369, ""cvar_t0.95_r0.20_g0.02"": 46051.867078940224, ""nocvar_g0.05"": 42430.4993069556, ""cvar_t0.90_r0.05_g0.05"": 42180.4773810754, ""cvar_t0.90_r0.20_g0.05"": 43836.51780942736, ""cvar_t0.95_r0.05_g0.05"": 42387.766304359546, ""cvar_t0.95_r0.20_g0.05"": 45027.770507837995}"
2025-09-02,244,cvar_t0.90_r0.05_g0.05,0.9,0.05,0.05,8684.734834259258,9934.694824629629,46073.289067756254,46073.289067756254,0.0,0.0,11273.493213972462,"{""nocvar_g0.00"": 43519.333108082814, ""cvar_t0.90_r0.05_g0.00"": 44616.196625015626, ""cvar_t0.90_r0.20_g0.00"": 46042.51586254855, ""cvar_t0.95_r0.05_g0.00"": 44616.196625015626, ""cvar_t0.95_r0.20_g0.00"": 46042.51586254855, ""nocvar_g0.02"": 42314.986821179555, ""cvar_t0.90_r0.05_g0.02"": 43579.069868925515, ""cvar_t0.90_r0.20_g0.02"": 45586.14156158927, ""cvar_t0.95_r0.05_g0.02"": 43679.439953055706, ""cvar_t0.95_r0.20_g0.02"": 46062.2135481516, ""nocvar_g0.05"": 42208.4969191181, ""cvar_t0.90_r0.05_g0.05"": 41942.78892161109, ""cvar_t0.90_r0.20_g0.05"": 43571.22358651226, ""cvar_t0.95_r0.05_g0.05"": 42158.27695853439, ""cvar_t0.95_r0.20_g0.05"": 44875.2287958982}"
2025-09-03,245,cvar_t0.90_r0.05_g0.05,0.9,0.05,0.05,9934.694824629629,9456.118716190904,43784.2285533119,43784.2285533119,0.0,0.0,7571.080189407221,"{""nocvar_g0.00"": 43448.883660545675, ""cvar_t0.90_r0.05_g0.00"": 44541.56208027008, ""cvar_t0.90_r0.20_g0.00"": 45873.175900795475, ""cvar_t0.95_r0.05_g0.00"": 44541.56208027008, ""cvar_t0.95_r0.20_g0.00"": 45873.175900795475, ""nocvar_g0.02"": 42223.52540432899, ""cvar_t0.90_r0.05_g0.02"": 43496.94290247224, ""cvar_t0.90_r0.20_g0.02"": 45498.12624229409, ""cvar_t0.95_r0.05_g0.02"": 43606.33617977175, ""cvar_t0.95_r0.20_g0.02"": 45888.37827029417, ""nocvar_g0.05"": 42135.074228115926, ""cvar_t0.90_r0.05_g0.05"": 41846.35321750942, ""cvar_t0.90_r0.20_g0.05"": 43469.86267254483, ""cvar_t0.95_r0.05_g0.05"": 42061.916950625404, ""cvar_t0.95_r0.20_g0.05"": 44790.98548485025}"
2025-09-04,246,cvar_t0.90_r0.05_g0.05,0.9,0.05,0.05,9456.118716190904,9110.136044611112,46718.856199981106,46718.856199981106,0.0,0.0,15054.285953477367,"{""nocvar_g0.00"": 43315.60231435586, ""cvar_t0.90_r0.05_g0.00"": 44449.71173123249, ""cvar_t0.90_r0.20_g0.00"": 45772.755670606195, ""cvar_t0.95_r0.05_g0.00"": 44449.71173123249, ""cvar_t0.95_r0.20_g0.00"": 45772.755670606195, ""nocvar_g0.02"": 42082.6198884845, ""cvar_t0.90_r0.05_g0.02"": 43358.1762802744, ""cvar_t0.90_r0.20_g0.02"": 45394.373092475056, ""cvar_t0.95_r0.05_g0.02"": 43465.14036980428, ""cvar_t0.95_r0.20_g0.02"": 45781.86859827473, ""nocvar_g0.05"": 41842.94695626905, ""cvar_t0.90_r0.05_g0.05"": 41636.053327472764, ""cvar_t0.90_r0.20_g0.05"": 43246.70608646816, ""cvar_t0.95_r0.05_g0.05"": 41871.076452881796, ""cvar_t0.95_r0.20_g0.05"": 44597.62345767347}"
2025-09-05,247,cvar_t0.90_r0.05_g0.05,0.9,0.05,0.05,9110.136044611112,8920.615156647735,21374.557952645457,21374.557952645457,0.0,0.0,25564.472326831274,"{""nocvar_g0.00"": 43369.8901671104, ""cvar_t0.90_r0.05_g0.00"": 44487.49237289601, ""cvar_t0.90_r0.20_g0.00"": 45896.83363948607, ""cvar_t0.95_r0.05_g0.00"": 44487.49237289601, ""cvar_t0.95_r0.20_g0.00"": 45896.83363948607, ""nocvar_g0.02"": 42102.67334850193, ""cvar_t0.90_r0.05_g0.02"": 43340.05837614257, ""cvar_t0.90_r0.20_g0.02"": 45347.88461761025, ""cvar_t0.95_r0.05_g0.02"": 43466.38652693894, ""cvar_t0.95_r0.20_g0.02"": 45905.6780384894, ""nocvar_g0.05"": 41821.34967066265, ""cvar_t0.90_r0.05_g0.05"": 41622.06915261273, ""cvar_t0.90_r0.20_g0.05"": 43152.72316547936, ""cvar_t0.95_r0.05_g0.05"": 41860.674697304785, ""cvar_t0.95_r0.20_g0.05"": 44508.703223242876}"
2025-09-06,248,cvar_t0.90_r0.05_g0.05,0.9,0.05,0.05,8920.615156647735,9882.469740444445,23016.331098628412,23016.331098628412,0.0,0.0,25238.834971993005,"{""nocvar_g0.00"": 43290.997132269935, ""cvar_t0.90_r0.05_g0.00"": 44391.299788215125, ""cvar_t0.90_r0.20_g0.00"": 45816.33507601589, ""cvar_t0.95_r0.05_g0.00"": 44391.299788215125, ""cvar_t0.95_r0.20_g0.00"": 45816.33507601589, ""nocvar_g0.02"": 41974.6307046692, ""cvar_t0.90_r0.05_g0.02"": 43188.676284177054, ""cvar_t0.90_r0.20_g0.02"": 45163.442167305795, ""cvar_t0.95_r0.05_g0.02"": 43331.97189933828, ""cvar_t0.95_r0.20_g0.02"": 45818.35344981457, ""nocvar_g0.05"": 41724.50817511937, ""cvar_t0.90_r0.05_g0.05"": 41508.63283481604, ""cvar_t0.90_r0.20_g0.05"": 42935.33977833036, ""cvar_t0.95_r0.05_g0.05"": 41744.18034796184, ""cvar_t0.95_r0.20_g0.05"": 44284.0570390118}"
2025-09-07,249,cvar_t0.90_r0.05_g0.05,0.9,0.05,0.05,9882.469740444445,8740.167401203702,43492.243153120304,43492.243153120304,0.0,0.0,8651.343331324271,"{""nocvar_g0.00"": 43266.32074210306, ""cvar_t0.90_r0.05_g0.00"": 44349.70159803483, ""cvar_t0.90_r0.20_g0.00"": 45666.73467108385, ""cvar_t0.95_r0.05_g0.00"": 44349.70159803483, ""cvar_t0.95_r0.20_g0.00"": 45666.73467108385, ""nocvar_g0.02"": 41893.60419793452, ""cvar_t0.90_r0.05_g0.02"": 43111.244221992405, ""cvar_t0.90_r0.20_g0.02"": 44982.83475160071, ""cvar_t0.95_r0.05_g0.02"": 43246.85085811466, ""cvar_t0.95_r0.20_g0.02"": 45663.80058420331, ""nocvar_g0.05"": 41664.09310062214, ""cvar_t0.90_r0.05_g0.05"": 41423.6643667189, ""cvar_t0.90_r0.20_g0.05"": 42811.214124916, ""cvar_t0.95_r0.05_g0.05"": 41660.06805368967, ""cvar_t0.95_r0.20_g0.05"": 44080.534810162084}"
2025-09-08,250,cvar_t0.90_r0.05_g0.05,0.9,0.05,0.05,8740.167401203702,4972.505903240738,45126.12949424147,38530.51212054346,6595.617373698005,954.8842092807233,967.3162207613094,"{""nocvar_g0.00"": 43101.972600618166, ""cvar_t0.90_r0.05_g0.00"": 44149.52057995256, ""cvar_t0.90_r0.20_g0.00"": 45474.987018826374, ""cvar_t0.95_r0.05_g0.00"": 44149.52057995256, ""cvar_t0.95_r0.20_g0.00"": 45474.987018826374, ""nocvar_g0.02"": 41687.91198865872, ""cvar_t0.90_r0.05_g0.02"": 42892.64106460836, ""cvar_t0.90_r0.20_g0.02"": 44755.03199720498, ""cvar_t0.95_r0.05_g0.02"": 43048.441912158225, ""cvar_t0.95_r0.20_g0.02"": 45468.06747144195, ""nocvar_g0.05"": 41566.796730219445, ""cvar_t0.90_r0.05_g0.05"": 41275.252606053255, ""cvar_t0.90_r0.20_g0.05"": 42561.901985053155, ""cvar_t0.95_r0.05_g0.05"": 41500.43099634088, ""cvar_t0.95_r0.20_g0.05"": 43834.72647470319}"
2025-09-09,251,cvar_t0.90_r0.05_g0.05,0.9,0.05,0.05,4972.505903240738,6646.651652557404,43077.41484574088,43077.41484574088,0.0,0.0,9252.692641625506,"{""nocvar_g0.00"": 42774.837321334795, ""cvar_t0.90_r0.05_g0.00"": 43827.589321355525, ""cvar_t0.90_r0.20_g0.00"": 45173.2197930041, ""cvar_t0.95_r0.05_g0.00"": 43827.589321355525, ""cvar_t0.95_r0.20_g0.00"": 45173.2197930041, ""nocvar_g0.02"": 41525.962175000386, ""cvar_t0.90_r0.05_g0.02"": 42652.45002914424, ""cvar_t0.90_r0.20_g0.02"": 44398.10849205336, ""cvar_t0.95_r0.05_g0.02"": 42777.92365436019, ""cvar_t0.95_r0.20_g0.02"": 45165.72246410253, ""nocvar_g0.05"": 41517.9901101708, ""cvar_t0.90_r0.05_g0.05"": 41186.50709283083, ""cvar_t0.90_r0.20_g0.05"": 42321.23392105749, ""cvar_t0.95_r0.05_g0.05"": 41397.86996026156, ""cvar_t0.95_r0.20_g0.05"": 43446.86161887663}"
2025-09-10,252,cvar_t0.90_r0.05_g0.05,0.9,0.05,0.05,6646.651652557404,6412.462761111099,43648.04546373974,42296.06891693142,1351.9765468083237,274.66434999999814,2066.2060773250987,"{""nocvar_g0.00"": 42622.70546673518, ""cvar_t0.90_r0.05_g0.00"": 43743.652139246224, ""cvar_t0.90_r0.20_g0.00"": 45140.19369638428, ""cvar_t0.95_r0.05_g0.00"": 43743.652139246224, ""cvar_t0.95_r0.20_g0.00"": 45140.19369638428, ""nocvar_g0.02"": 41382.4949805715, ""cvar_t0.90_r0.05_g0.02"": 42486.885927021, ""cvar_t0.90_r0.20_g0.02"": 44317.9037494161, ""cvar_t0.95_r0.05_g0.02"": 42629.8748069896, ""cvar_t0.95_r0.20_g0.02"": 45129.51671772271, ""nocvar_g0.05"": 41228.95065067012, ""cvar_t0.90_r0.05_g0.05"": 41002.166958795235, ""cvar_t0.90_r0.20_g0.05"": 42152.20903299941, ""cvar_t0.95_r0.05_g0.05"": 41286.06426010191, ""cvar_t0.95_r0.20_g0.05"": 43284.919926914816}"
2025-09-11,253,cvar_t0.90_r0.05_g0.05,0.9,0.05,0.05,6412.462761111099,6870.947319434253,42358.7545918434,42358.7545918434,0.0,0.0,8076.213343065841,"{""nocvar_g0.00"": 42489.1987344201, ""cvar_t0.90_r0.05_g0.00"": 43564.93847952731, ""cvar_t0.90_r0.20_g0.00"": 44892.58450083731, ""cvar_t0.95_r0.05_g0.00"": 43564.93847952731, ""cvar_t0.95_r0.20_g0.00"": 44892.58450083731, ""nocvar_g0.02"": 41224.256393337455, ""cvar_t0.90_r0.05_g0.02"": 42352.561028649674, ""cvar_t0.90_r0.20_g0.02"": 44041.10803477607, ""cvar_t0.95_r0.05_g0.02"": 42456.406793088434, ""cvar_t0.95_r0.20_g0.02"": 44881.584258542265, ""nocvar_g0.05"": 41208.78216851481, ""cvar_t0.90_r0.05_g0.05"": 40886.17644024696, ""cvar_t0.90_r0.20_g0.05"": 41997.81213947875, ""cvar_t0.95_r0.05_g0.05"": 41169.80470084203, ""cvar_t0.95_r0.20_g0.05"": 42984.28192550423}"
2025-09-12,254,cvar_t0.90_r0.05_g0.05,0.9,0.05,0.05,6870.947319434253,7060.964028981479,19376.84252761482,19376.84252761482,0.0,0.0,18273.914935137043,"{""nocvar_g0.00"": 42262.30230202889, ""cvar_t0.90_r0.05_g0.00"": 43273.587121782075, ""cvar_t0.90_r0.20_g0.00"": 44598.305061596315, ""cvar_t0.95_r0.05_g0.00"": 43273.587121782075, ""cvar_t0.95_r0.20_g0.00"": 44598.305061596315, ""nocvar_g0.02"": 41080.50464237145, ""cvar_t0.90_r0.05_g0.02"": 42067.15258610882, ""cvar_t0.90_r0.20_g0.02"": 43747.177762961786, ""cvar_t0.95_r0.05_g0.02"": 42183.032789569384, ""cvar_t0.95_r0.20_g0.02"": 44587.65398672797, ""nocvar_g0.05"": 41094.337790099824, ""cvar_t0.90_r0.05_g0.05"": 40746.696119276705, ""cvar_t0.90_r0.20_g0.05"": 41664.79005606269, ""cvar_t0.95_r0.05_g0.05"": 41031.38436557418, ""cvar_t0.95_r0.20_g0.05"": 42656.89329243605}"
2025-09-13,255,cvar_t0.90_r0.05_g0.05,0.9,0.05,0.05,7060.964028981479,7148.69511530711,19485.69484103803,19485.69484103803,0.0,0.0,22186.065037592594,"{""nocvar_g0.00"": 42049.72085693678, ""cvar_t0.90_r0.05_g0.00"": 43055.7667967654, ""cvar_t0.90_r0.20_g0.00"": 44318.516679414315, ""cvar_t0.95_r0.05_g0.00"": 43055.7667967654, ""cvar_t0.95_r0.20_g0.00"": 44318.516679414315, ""nocvar_g0.02"": 40888.8136032761, ""cvar_t0.90_r0.05_g0.02"": 41835.73373143645, ""cvar_t0.90_r0.20_g0.02"": 43429.64506922046, ""cvar_t0.95_r0.05_g0.02"": 41942.049823803696, ""cvar_t0.95_r0.20_g0.02"": 44308.55903977053, ""nocvar_g0.05"": 40922.46923098919, ""cvar_t0.90_r0.05_g0.05"": 40563.29310882895, ""cvar_t0.90_r0.20_g0.05"": 41423.48533868899, ""cvar_t0.95_r0.05_g0.05"": 40847.35555524904, ""cvar_t0.95_r0.20_g0.05"": 42309.107456221835}"
2025-09-14,256,cvar_t0.90_r0.05_g0.05,0.9,0.05,0.05,7148.69511530711,4805.907026203703,40899.86403589679,40156.49196270494,743.372073191853,108.16491052659399,25.842599999999948,"{""nocvar_g0.00"": 41866.62284315282, ""cvar_t0.90_r0.05_g0.00"": 42804.16090130095, ""cvar_t0.90_r0.20_g0.00"": 43930.51957065923, ""cvar_t0.95_r0.05_g0.00"": 42804.16090130095, ""cvar_t0.95_r0.20_g0.00"": 43930.51957065923, ""nocvar_g0.02"": 40715.8125903224, ""cvar_t0.90_r0.05_g0.02"": 41640.14248674222, ""cvar_t0.90_r0.20_g0.02"": 43039.59316270472, ""cvar_t0.95_r0.05_g0.02"": 41737.73987470703, ""cvar_t0.95_r0.20_g0.02"": 43918.50713325478, ""nocvar_g0.05"": 40797.3754755647, ""cvar_t0.90_r0.05_g0.05"": 40401.06489392626, ""cvar_t0.90_r0.20_g0.05"": 41225.23687074497, ""cvar_t0.95_r0.05_g0.05"": 40683.192718530474, ""cvar_t0.95_r0.20_g0.05"": 41915.0043348194}"
2025-09-15,257,cvar_t0.90_r0.05_g0.05,0.9,0.05,0.05,4805.907026203703,4095.6780306481496,39645.814457298635,39637.920851148636,7.89360615000031,1.1717666666667128,4932.0892527631295,"{""nocvar_g0.00"": 41455.30280515619, ""cvar_t0.90_r0.05_g0.00"": 42400.33381606151, ""cvar_t0.90_r0.20_g0.00"": 43524.19737760604, ""cvar_t0.95_r0.05_g0.00"": 42400.33381606151, ""cvar_t0.95_r0.20_g0.00"": 43524.19737760604, ""nocvar_g0.02"": 40366.247982620574, ""cvar_t0.90_r0.05_g0.02"": 41248.513866404886, ""cvar_t0.90_r0.20_g0.02"": 42632.93067962072, ""cvar_t0.95_r0.05_g0.02"": 41351.42617780601, ""cvar_t0.95_r0.20_g0.02"": 43511.84465017079, ""nocvar_g0.05"": 40625.035088102195, ""cvar_t0.90_r0.05_g0.05"": 40127.583698974944, ""cvar_t0.90_r0.20_g0.05"": 40822.268848703374, ""cvar_t0.95_r0.05_g0.05"": 40393.14128256448, ""cvar_t0.95_r0.20_g0.05"": 41512.18363397267}"
2025-09-16,258,cvar_t0.90_r0.05_g0.05,0.9,0.05,0.05,4095.6780306481496,3772.8888408333332,54081.19243833788,38061.91337700131,16019.279061336569,2408.907721753208,35.68283333333329,"{""nocvar_g0.00"": 41184.84489324892, ""cvar_t0.90_r0.05_g0.00"": 42108.38929927171, ""cvar_t0.90_r0.20_g0.00"": 43217.14547266778, ""cvar_t0.95_r0.05_g0.00"": 42108.38929927171, ""cvar_t0.95_r0.20_g0.00"": 43217.14547266778, ""nocvar_g0.02"": 40116.429621028285, ""cvar_t0.90_r0.05_g0.02"": 40975.21012387205, ""cvar_t0.90_r0.20_g0.02"": 42324.903674446854, ""cvar_t0.95_r0.05_g0.02"": 41076.92832470344, ""cvar_t0.95_r0.20_g0.02"": 43203.817644996925, ""nocvar_g0.05"": 40465.33907749033, ""cvar_t0.90_r0.05_g0.05"": 39884.89255675081, ""cvar_t0.90_r0.20_g0.05"": 40540.17293094121, ""cvar_t0.95_r0.05_g0.05"": 40149.94384091942, ""cvar_t0.95_r0.20_g0.05"": 41202.096858552606}"
2025-09-17,259,cvar_t0.90_r0.05_g0.05,0.9,0.05,0.05,3772.8888408333332,4015.4331192592595,43852.47789084933,40220.45914486441,3632.0187459849185,529.7042426833316,920.4770316666666,"{""nocvar_g0.00"": 41239.88303746122, ""cvar_t0.90_r0.05_g0.00"": 41807.918846905515, ""cvar_t0.90_r0.20_g0.00"": 42816.56597506798, ""cvar_t0.95_r0.05_g0.00"": 41807.918846905515, ""cvar_t0.95_r0.20_g0.00"": 42816.56597506798, ""nocvar_g0.02"": 40410.053165192716, ""cvar_t0.90_r0.05_g0.02"": 41124.08064022132, ""cvar_t0.90_r0.20_g0.02"": 41916.39807843869, ""cvar_t0.95_r0.05_g0.02"": 41175.84152457404, ""cvar_t0.95_r0.20_g0.02"": 42806.03444010792, ""nocvar_g0.05"": 40832.2187408732, ""cvar_t0.90_r0.05_g0.05"": 40235.53695523875, ""cvar_t0.90_r0.20_g0.05"": 40693.44197358566, ""cvar_t0.95_r0.05_g0.05"": 40477.86780069619, ""cvar_t0.95_r0.20_g0.05"": 41207.240905919294}"
2025-09-18,260,cvar_t0.90_r0.05_g0.05,0.9,0.05,0.05,4015.4331192592595,4187.366013796296,43339.110648452595,40130.09027448757,3209.0203739650265,533.0176603736658,1828.9376658024582,"{""nocvar_g0.00"": 40393.71616496493, ""cvar_t0.90_r0.05_g0.00"": 40892.6053718943, ""cvar_t0.90_r0.20_g0.00"": 42262.881714306466, ""cvar_t0.95_r0.05_g0.00"": 40892.6053718943, ""cvar_t0.95_r0.20_g0.00"": 42262.881714306466, ""nocvar_g0.02"": 39580.66262327493, ""cvar_t0.90_r0.05_g0.02"": 40166.12590892869, ""cvar_t0.90_r0.20_g0.02"": 41361.31861622939, ""cvar_t0.95_r0.05_g0.02"": 40205.13565364424, ""cvar_t0.95_r0.20_g0.02"": 42250.954977898626, ""nocvar_g0.05"": 40023.798360641165, ""cvar_t0.90_r0.05_g0.05"": 39393.77663764906, ""cvar_t0.90_r0.20_g0.05"": 39769.6619011335, ""cvar_t0.95_r0.05_g0.05"": 39625.96625960774, ""cvar_t0.95_r0.20_g0.05"": 40435.660028190505}"
2025-09-19,261,cvar_t0.90_r0.05_g0.05,0.9,0.05,0.05,4187.366013796296,4016.566846666667,19126.904601080914,17335.706285300053,1791.1983157808606,447.4004823166626,12924.754816666666,"{""nocvar_g0.00"": 40111.32264832234, ""cvar_t0.90_r0.05_g0.00"": 40551.25241821467, ""cvar_t0.90_r0.20_g0.00"": 41916.493154127595, ""cvar_t0.95_r0.05_g0.00"": 40551.25241821467, ""cvar_t0.95_r0.20_g0.00"": 41916.493154127595, ""nocvar_g0.02"": 39353.84593929734, ""cvar_t0.90_r0.05_g0.02"": 39862.974820875315, ""cvar_t0.90_r0.20_g0.02"": 41016.65140800557, ""cvar_t0.95_r0.05_g0.02"": 39897.948227657624, ""cvar_t0.95_r0.20_g0.02"": 41906.287769674826, ""nocvar_g0.05"": 39831.6796267486, ""cvar_t0.90_r0.05_g0.05"": 39194.770012402, ""cvar_t0.90_r0.20_g0.05"": 39457.686437163786, ""cvar_t0.95_r0.05_g0.05"": 39410.731592262804, ""cvar_t0.95_r0.20_g0.05"": 40096.12891113478}"
2025-09-20,262,cvar_t0.90_r0.05_g0.05,0.9,0.05,0.05,4016.566846666667,4378.284940462962,20108.469555627096,17572.37543119363,2536.094124433463,536.2086147499945,13681.41424071358,"{""nocvar_g0.00"": 39880.69283142325, ""cvar_t0.90_r0.05_g0.00"": 40280.8763539387, ""cvar_t0.90_r0.20_g0.00"": 41477.67964586881, ""cvar_t0.95_r0.05_g0.00"": 40280.8763539387, ""cvar_t0.95_r0.20_g0.00"": 41477.67964586881, ""nocvar_g0.02"": 39185.01544817256, ""cvar_t0.90_r0.05_g0.02"": 39636.623706689476, ""cvar_t0.90_r0.20_g0.02"": 40608.30772116791, ""cvar_t0.95_r0.05_g0.02"": 39672.17540233644, ""cvar_t0.95_r0.20_g0.02"": 41461.05942254617, ""nocvar_g0.05"": 39605.752317402636, ""cvar_t0.90_r0.05_g0.05"": 38949.44758291886, ""cvar_t0.90_r0.20_g0.05"": 39214.1069350941, ""cvar_t0.95_r0.05_g0.05"": 39158.793329678716, ""cvar_t0.95_r0.20_g0.05"": 39839.89778124046}"
2025-09-21,263,cvar_t0.90_r0.05_g0.05,0.9,0.05,0.05,4378.284940462962,4131.9028499999995,42739.201281194015,41547.0486502704,1192.1526309236115,255.7387933115168,4810.844290956863,"{""nocvar_g0.00"": 39730.15665365233, ""cvar_t0.90_r0.05_g0.00"": 40064.44081824292, ""cvar_t0.90_r0.20_g0.00"": 41149.376211978146, ""cvar_t0.95_r0.05_g0.00"": 40064.44081824292, ""cvar_t0.95_r0.20_g0.00"": 41149.376211978146, ""nocvar_g0.02"": 39046.333621366204, ""cvar_t0.90_r0.05_g0.02"": 39459.32710257962, ""cvar_t0.90_r0.20_g0.02"": 40283.850661493496, ""cvar_t0.95_r0.05_g0.02"": 39487.83869335406, ""cvar_t0.95_r0.20_g0.02"": 41136.60236287175, ""nocvar_g0.05"": 39469.79393930908, ""cvar_t0.90_r0.05_g0.05"": 38812.25150264874, ""cvar_t0.90_r0.20_g0.05"": 39029.448951290986, ""cvar_t0.95_r0.05_g0.05"": 39016.65386911417, ""cvar_t0.95_r0.20_g0.05"": 39610.593311495315}"
2025-09-22,264,cvar_t0.90_r0.05_g0.05,0.9,0.05,0.05,4131.9028499999995,3866.0918365740736,42047.04606695221,41446.95874972704,600.0873172251654,124.8494348166681,2013.847839361884,"{""nocvar_g0.00"": 39452.18538233937, ""cvar_t0.90_r0.05_g0.00"": 39777.448434802216, ""cvar_t0.90_r0.20_g0.00"": 40841.27553502205, ""cvar_t0.95_r0.05_g0.00"": 39777.448434802216, ""cvar_t0.95_r0.20_g0.00"": 40841.27553502205, ""nocvar_g0.02"": 38834.320750295316, ""cvar_t0.90_r0.05_g0.02"": 39220.674470145015, ""cvar_t0.90_r0.20_g0.02"": 39994.60703612587, ""cvar_t0.95_r0.05_g0.02"": 39247.07997496504, ""cvar_t0.95_r0.20_g0.02"": 40826.353124037865, ""nocvar_g0.05"": 39240.20208635315, ""cvar_t0.90_r0.05_g0.05"": 38657.01117012776, ""cvar_t0.90_r0.20_g0.05"": 38814.155019038895, ""cvar_t0.95_r0.05_g0.05"": 38842.611872019115, ""cvar_t0.95_r0.20_g0.05"": 39347.876980168345}"
2025-09-23,265,cvar_t0.90_r0.05_g0.05,0.9,0.05,0.05,3866.0918365740736,4212.927262222223,51064.245516107854,40911.90028575189,10152.34523035596,1553.9728947423891,425.65746166666656,"{""nocvar_g0.00"": 39144.7508582105, ""cvar_t0.90_r0.05_g0.00"": 39494.818191761944, ""cvar_t0.90_r0.20_g0.00"": 40548.58644074188, ""cvar_t0.95_r0.05_g0.00"": 39494.818191761944, ""cvar_t0.95_r0.20_g0.00"": 40548.58644074188, ""nocvar_g0.02"": 38543.426204295065, ""cvar_t0.90_r0.05_g0.02"": 38911.341035605874, ""cvar_t0.90_r0.20_g0.02"": 39702.28956136531, ""cvar_t0.95_r0.05_g0.02"": 38943.75387802137, ""cvar_t0.95_r0.20_g0.02"": 40534.03564927731, ""nocvar_g0.05"": 38288.51243117075, ""cvar_t0.90_r0.05_g0.05"": 38220.910634927386, ""cvar_t0.90_r0.20_g0.05"": 38515.70315476691, ""cvar_t0.95_r0.05_g0.05"": 38286.88125835947, ""cvar_t0.95_r0.20_g0.05"": 39062.74907524559}"
2025-09-24,266,cvar_t0.90_r0.05_g0.05,0.9,0.05,0.05,4212.927262222223,4432.723261478056,42184.09158802651,42184.09158802651,0.0,0.0,2156.6525419173836,"{""nocvar_g0.00"": 39221.92679401469, ""cvar_t0.90_r0.05_g0.00"": 39253.98946047887, ""cvar_t0.90_r0.20_g0.00"": 40267.0564754875, ""cvar_t0.95_r0.05_g0.00"": 39253.98946047887, ""cvar_t0.95_r0.20_g0.00"": 40267.0564754875, ""nocvar_g0.02"": 38642.718317557104, ""cvar_t0.90_r0.05_g0.02"": 38793.601591905455, ""cvar_t0.90_r0.20_g0.02"": 39466.64761646346, ""cvar_t0.95_r0.05_g0.02"": 38814.71240896658, ""cvar_t0.95_r0.20_g0.02"": 40253.3152932249, ""nocvar_g0.05"": 38397.16630378521, ""cvar_t0.90_r0.05_g0.05"": 38333.29733365894, ""cvar_t0.90_r0.20_g0.05"": 38405.86456381348, ""cvar_t0.95_r0.05_g0.05"": 38396.50949827591, ""cvar_t0.95_r0.20_g0.05"": 38979.4255313304}"
2025-09-25,267,cvar_t0.90_r0.05_g0.05,0.9,0.05,0.05,4432.723261478056,4071.4436967720594,42181.9400892174,42181.9400892174,0.0,0.0,2757.7124208435994,"{""nocvar_g0.00"": 38878.56560261266, ""cvar_t0.90_r0.05_g0.00"": 38855.65593561319, ""cvar_t0.90_r0.20_g0.00"": 39874.4114839475, ""cvar_t0.95_r0.05_g0.00"": 38855.65593561319, ""cvar_t0.95_r0.20_g0.00"": 39874.4114839475, ""nocvar_g0.02"": 38421.28555765848, ""cvar_t0.90_r0.05_g0.02"": 38508.80941245454, ""cvar_t0.90_r0.20_g0.02"": 39073.473380255, ""cvar_t0.95_r0.05_g0.02"": 38554.133322523165, ""cvar_t0.95_r0.20_g0.02"": 39860.14105701645, ""nocvar_g0.05"": 38208.60429602198, ""cvar_t0.90_r0.05_g0.05"": 38150.175893397056, ""cvar_t0.90_r0.20_g0.05"": 38183.18815134111, ""cvar_t0.95_r0.05_g0.05"": 38202.99505274921, ""cvar_t0.95_r0.20_g0.05"": 38589.22432732324}"
2025-09-26,268,cvar_t0.90_r0.20_g0.05,0.9,0.2,0.05,4071.4436967720594,4775.428935425367,18094.83970999265,18094.83970999265,0.0,0.0,11526.50892932099,"{""nocvar_g0.00"": 38514.062444622854, ""cvar_t0.90_r0.05_g0.00"": 38473.409779611844, ""cvar_t0.90_r0.20_g0.00"": 39456.41460674699, ""cvar_t0.95_r0.05_g0.00"": 38473.409779611844, ""cvar_t0.95_r0.20_g0.00"": 39456.41460674699, ""nocvar_g0.02"": 38091.86127675862, ""cvar_t0.90_r0.05_g0.02"": 38149.77920034852, ""cvar_t0.90_r0.20_g0.02"": 38667.05559665706, ""cvar_t0.95_r0.05_g0.02"": 38188.78642905781, ""cvar_t0.95_r0.20_g0.02"": 39443.614030858684, ""nocvar_g0.05"": 38010.4196072513, ""cvar_t0.90_r0.05_g0.05"": 37858.69655800739, ""cvar_t0.90_r0.20_g0.05"": 37848.62327640061, ""cvar_t0.95_r0.05_g0.05"": 37903.17295840494, ""cvar_t0.95_r0.20_g0.05"": 38222.544428056375}"
2025-09-27,269,cvar_t0.90_r0.20_g0.05,0.9,0.2,0.05,4775.428935425367,3918.2903397222212,20389.731127758256,17803.310043309953,2586.421084448303,503.2784473084355,12700.39575,"{""nocvar_g0.00"": 38238.55873749064, ""cvar_t0.90_r0.05_g0.00"": 38137.43962203987, ""cvar_t0.90_r0.20_g0.00"": 38969.5377233599, ""cvar_t0.95_r0.05_g0.00"": 38137.43962203987, ""cvar_t0.95_r0.20_g0.00"": 38969.5377233599, ""nocvar_g0.02"": 37871.81504456062, ""cvar_t0.90_r0.05_g0.02"": 37886.08513669593, ""cvar_t0.90_r0.20_g0.02"": 38302.50402707535, ""cvar_t0.95_r0.05_g0.02"": 37921.24582751904, ""cvar_t0.95_r0.20_g0.02"": 38956.37806041234, ""nocvar_g0.05"": 37804.40856971977, ""cvar_t0.90_r0.05_g0.05"": 37651.833878198304, ""cvar_t0.90_r0.20_g0.05"": 37607.36971779366, ""cvar_t0.95_r0.05_g0.05"": 37695.58868217975, ""cvar_t0.95_r0.20_g0.05"": 37945.73845664806}"
2025-09-28,270,cvar_t0.90_r0.20_g0.05,0.9,0.2,0.05,3918.2903397222212,4526.757365459533,43869.53809794867,43859.17865961534,10.35943833333311,1.5366666666666333,1158.0381946951707,"{""nocvar_g0.00"": 37997.63569522446, ""cvar_t0.90_r0.05_g0.00"": 37858.06880957006, ""cvar_t0.90_r0.20_g0.00"": 38632.61406921058, ""cvar_t0.95_r0.05_g0.00"": 37858.06880957006, ""cvar_t0.95_r0.20_g0.00"": 38632.61406921058, ""nocvar_g0.02"": 37666.99136189295, ""cvar_t0.90_r0.05_g0.02"": 37642.80325119563, ""cvar_t0.90_r0.20_g0.02"": 37988.90865885338, ""cvar_t0.95_r0.05_g0.02"": 37677.88803018491, ""cvar_t0.95_r0.20_g0.02"": 38618.505274022544, ""nocvar_g0.05"": 37652.078574968655, ""cvar_t0.90_r0.05_g0.05"": 37497.83198297819, ""cvar_t0.90_r0.20_g0.05"": 37366.746682555946, ""cvar_t0.95_r0.05_g0.05"": 37533.55733225414, ""cvar_t0.95_r0.20_g0.05"": 37684.165860829446}"
2025-09-29,271,cvar_t0.90_r0.20_g0.05,0.9,0.2,0.05,4526.757365459533,4134.026227675927,42389.45071130363,42311.2266492103,78.22406209333282,13.950073333333194,804.7455384773604,"{""nocvar_g0.00"": 37774.787074997854, ""cvar_t0.90_r0.05_g0.00"": 37622.188097447724, ""cvar_t0.90_r0.20_g0.00"": 38384.9585409419, ""cvar_t0.95_r0.05_g0.00"": 37622.188097447724, ""cvar_t0.95_r0.20_g0.00"": 38384.9585409419, ""nocvar_g0.02"": 37482.00337226917, ""cvar_t0.90_r0.05_g0.02"": 37428.58018027783, ""cvar_t0.90_r0.20_g0.02"": 37745.19816303281, ""cvar_t0.95_r0.05_g0.02"": 37463.437273762414, ""cvar_t0.95_r0.20_g0.02"": 38371.97822147317, ""nocvar_g0.05"": 37549.65445686928, ""cvar_t0.90_r0.05_g0.05"": 37393.279501458936, ""cvar_t0.90_r0.20_g0.05"": 37179.815652493846, ""cvar_t0.95_r0.05_g0.05"": 37416.73443175687, ""cvar_t0.95_r0.20_g0.05"": 37465.86257276086}"
2025-09-30,272,cvar_t0.90_r0.20_g0.05,0.9,0.2,0.05,4134.026227675927,4265.385140555556,54420.47128336274,43405.355958936976,11015.11532442577,1629.090563966678,879.2370316666655,"{""nocvar_g0.00"": 37514.4585519855, ""cvar_t0.90_r0.05_g0.00"": 37294.64630280702, ""cvar_t0.90_r0.20_g0.00"": 37961.93301233531, ""cvar_t0.95_r0.05_g0.00"": 37294.64630280702, ""cvar_t0.95_r0.20_g0.00"": 37961.93301233531, ""nocvar_g0.02"": 37329.725700302624, ""cvar_t0.90_r0.05_g0.02"": 37185.305714135764, ""cvar_t0.90_r0.20_g0.02"": 37422.0572115761, ""cvar_t0.95_r0.05_g0.02"": 37214.59018523334, ""cvar_t0.95_r0.20_g0.02"": 37949.65888681061, ""nocvar_g0.05"": 37435.07249507143, ""cvar_t0.90_r0.05_g0.05"": 37265.92584339459, ""cvar_t0.90_r0.20_g0.05"": 37027.25275429245, ""cvar_t0.95_r0.05_g0.05"": 37279.432512967884, ""cvar_t0.95_r0.20_g0.05"": 37221.09079697416}"
2025-10-01,273,cvar_t0.90_r0.05_g0.00,0.9,0.05,0.0,4265.385140555556,6625.287991294012,44409.36682304276,44409.36682304276,0.0,0.0,15183.136889755619,"{""nocvar_g0.00"": 37802.12648231049, ""cvar_t0.90_r0.05_g0.00"": 37193.67839488678, ""cvar_t0.90_r0.20_g0.00"": 37837.279263912285, ""cvar_t0.95_r0.05_g0.00"": 37193.67839488678, ""cvar_t0.95_r0.20_g0.00"": 37837.279263912285, ""nocvar_g0.02"": 37646.69811229627, ""cvar_t0.90_r0.05_g0.02"": 37466.49713050657, ""cvar_t0.90_r0.20_g0.02"": 37361.48169509519, ""cvar_t0.95_r0.05_g0.02"": 37457.796996822864, ""cvar_t0.95_r0.20_g0.02"": 37827.669368368704, ""nocvar_g0.05"": 37780.232157961735, ""cvar_t0.90_r0.05_g0.05"": 37610.0615938833, ""cvar_t0.90_r0.20_g0.05"": 37312.26404319044, ""cvar_t0.95_r0.05_g0.05"": 37614.501015561684, ""cvar_t0.95_r0.20_g0.05"": 37208.34337748581}"
2025-10-02,274,cvar_t0.90_r0.05_g0.00,0.9,0.05,0.0,6625.287991294012,7210.886030861112,41861.568139611096,41861.568139611096,0.0,0.0,9224.683129547317,"{""nocvar_g0.00"": 37679.15321477231, ""cvar_t0.90_r0.05_g0.00"": 36991.75116690894, ""cvar_t0.90_r0.20_g0.00"": 37637.232707629606, ""cvar_t0.95_r0.05_g0.00"": 36991.75116690894, ""cvar_t0.95_r0.20_g0.00"": 37637.232707629606, ""nocvar_g0.02"": 37630.382681096955, ""cvar_t0.90_r0.05_g0.02"": 37376.288977152675, ""cvar_t0.90_r0.20_g0.02"": 37162.23416225634, ""cvar_t0.95_r0.05_g0.02"": 37365.91725182299, ""cvar_t0.95_r0.20_g0.02"": 37628.42183552986, ""nocvar_g0.05"": 37832.42511120045, ""cvar_t0.90_r0.05_g0.05"": 37632.5481757617, ""cvar_t0.90_r0.20_g0.05"": 37258.89412219655, ""cvar_t0.95_r0.05_g0.05"": 37625.15045564169, ""cvar_t0.95_r0.20_g0.05"": 37113.72511283499}"
2025-10-03,275,cvar_t0.90_r0.05_g0.00,0.9,0.05,0.0,7210.886030861112,6681.828523781156,16383.99886618527,16383.99886618527,0.0,0.0,19103.312011791153,"{""nocvar_g0.00"": 37368.753430315955, ""cvar_t0.90_r0.05_g0.00"": 36691.85594490217, ""cvar_t0.90_r0.20_g0.00"": 37169.364770938126, ""cvar_t0.95_r0.05_g0.00"": 36691.85594490217, ""cvar_t0.95_r0.20_g0.00"": 37169.364770938126, ""nocvar_g0.02"": 37384.965428241, ""cvar_t0.90_r0.05_g0.02"": 37148.23259572919, ""cvar_t0.90_r0.20_g0.02"": 36864.68750049868, ""cvar_t0.95_r0.05_g0.02"": 37114.138679350945, ""cvar_t0.95_r0.20_g0.02"": 37160.577258692734, ""nocvar_g0.05"": 37659.91611034075, ""cvar_t0.90_r0.05_g0.05"": 37446.639952560094, ""cvar_t0.90_r0.20_g0.05"": 37052.69420070148, ""cvar_t0.95_r0.05_g0.05"": 37435.39925217298, ""cvar_t0.95_r0.20_g0.05"": 36859.18517357192}"
2025-10-04,276,cvar_t0.90_r0.05_g0.00,0.9,0.05,0.0,6681.828523781156,6546.42109322367,17448.64845520751,17219.350387303428,229.29806790408168,66.47284183333286,14716.407966135524,"{""nocvar_g0.00"": 37086.9118499073, ""cvar_t0.90_r0.05_g0.00"": 36386.92878954074, ""cvar_t0.90_r0.20_g0.00"": 36773.02487519586, ""cvar_t0.95_r0.05_g0.00"": 36386.92878954074, ""cvar_t0.95_r0.20_g0.00"": 36773.02487519586, ""nocvar_g0.02"": 37200.596578933204, ""cvar_t0.90_r0.05_g0.02"": 36900.732949995676, ""cvar_t0.90_r0.20_g0.02"": 36568.30923022613, ""cvar_t0.95_r0.05_g0.02"": 36849.2625895459, ""cvar_t0.95_r0.20_g0.02"": 36767.081126790545, ""nocvar_g0.05"": 37491.09753386278, ""cvar_t0.90_r0.05_g0.05"": 37276.580461346166, ""cvar_t0.90_r0.20_g0.05"": 36873.97494169896, ""cvar_t0.95_r0.05_g0.05"": 37264.816099056276, ""cvar_t0.95_r0.20_g0.05"": 36603.49458295662}"
2025-10-05,277,cvar_t0.90_r0.05_g0.00,0.9,0.05,0.0,6546.42109322367,6593.424281351854,40414.03033805375,40414.03033805375,0.0,0.0,4045.4886174184494,"{""nocvar_g0.00"": 36838.336266974096, ""cvar_t0.90_r0.05_g0.00"": 36099.193436469104, ""cvar_t0.90_r0.20_g0.00"": 36454.468339898594, ""cvar_t0.95_r0.05_g0.00"": 36099.193436469104, ""cvar_t0.95_r0.20_g0.00"": 36454.468339898594, ""nocvar_g0.02"": 37021.52319108837, ""cvar_t0.90_r0.05_g0.02"": 36655.777443260056, ""cvar_t0.90_r0.20_g0.02"": 36275.076936855075, ""cvar_t0.95_r0.05_g0.02"": 36607.380629713276, ""cvar_t0.95_r0.20_g0.02"": 36447.79428332565, ""nocvar_g0.05"": 37345.85728753737, ""cvar_t0.90_r0.05_g0.05"": 37072.45826293908, ""cvar_t0.90_r0.20_g0.05"": 36653.74685655529, ""cvar_t0.95_r0.05_g0.05"": 37059.5673825631, ""cvar_t0.95_r0.20_g0.05"": 36333.34228284384}"
2025-10-06,278,cvar_t0.90_r0.05_g0.00,0.9,0.05,0.0,6593.424281351854,6462.9261358518515,39924.28185649388,39924.28185649388,0.0,0.0,1493.6565181420472,"{""nocvar_g0.00"": 36667.66348676108, ""cvar_t0.90_r0.05_g0.00"": 35914.440057809305, ""cvar_t0.90_r0.20_g0.00"": 36235.99460446662, ""cvar_t0.95_r0.05_g0.00"": 35914.440057809305, ""cvar_t0.95_r0.20_g0.00"": 36235.99460446662, ""nocvar_g0.02"": 36897.115430359074, ""cvar_t0.90_r0.05_g0.02"": 36505.745952936624, ""cvar_t0.90_r0.20_g0.02"": 36089.06722200987, ""cvar_t0.95_r0.05_g0.02"": 36437.01747404527, ""cvar_t0.95_r0.20_g0.02"": 36229.714926846085, ""nocvar_g0.05"": 37234.59708409202, ""cvar_t0.90_r0.05_g0.05"": 36952.047482271875, ""cvar_t0.90_r0.20_g0.05"": 36521.53018994734, ""cvar_t0.95_r0.05_g0.05"": 36942.68951875387, ""cvar_t0.95_r0.20_g0.05"": 36167.18627542568}"
2025-10-07,279,cvar_t0.90_r0.05_g0.00,0.9,0.05,0.0,6462.9261358518515,6776.128883729998,40118.88801613473,40118.88801613473,0.0,0.0,451.67033014711916,"{""nocvar_g0.00"": 36736.46616280272, ""cvar_t0.90_r0.05_g0.00"": 35909.46592409366, ""cvar_t0.90_r0.20_g0.00"": 36228.72082320845, ""cvar_t0.95_r0.05_g0.00"": 35909.46592409366, ""cvar_t0.95_r0.20_g0.00"": 36228.72082320845, ""nocvar_g0.02"": 36789.03980485591, ""cvar_t0.90_r0.05_g0.02"": 36382.8458474938, ""cvar_t0.90_r0.20_g0.02"": 36135.43456629709, ""cvar_t0.95_r0.05_g0.02"": 36341.76261206174, ""cvar_t0.95_r0.20_g0.02"": 36221.503773321114, ""nocvar_g0.05"": 36999.653132579566, ""cvar_t0.90_r0.05_g0.05"": 36736.00977863332, ""cvar_t0.90_r0.20_g0.05"": 36388.30814193785, ""cvar_t0.95_r0.05_g0.05"": 36731.62637804182, ""cvar_t0.95_r0.20_g0.05"": 36189.0351437839}"
2025-10-08,280,cvar_t0.90_r0.05_g0.00,0.9,0.05,0.0,6776.128883729998,5352.775699778236,39315.94402093429,39315.94402093429,0.0,0.0,2940.9949575762066,"{""nocvar_g0.00"": 36602.43576035113, ""cvar_t0.90_r0.05_g0.00"": 35711.03864648488, ""cvar_t0.90_r0.20_g0.00"": 35989.30891934179, ""cvar_t0.95_r0.05_g0.00"": 35711.03864648488, ""cvar_t0.95_r0.20_g0.00"": 35989.30891934179, ""nocvar_g0.02"": 36675.155408638115, ""cvar_t0.90_r0.05_g0.02"": 36273.0308690373, ""cvar_t0.90_r0.20_g0.02"": 35940.642947536115, ""cvar_t0.95_r0.05_g0.02"": 36225.78139382866, ""cvar_t0.95_r0.20_g0.02"": 35981.78168060775, ""nocvar_g0.05"": 36896.62630370096, ""cvar_t0.90_r0.05_g0.05"": 36629.29697292963, ""cvar_t0.90_r0.20_g0.05"": 36290.30953787588, ""cvar_t0.95_r0.05_g0.05"": 36624.448116003645, ""cvar_t0.95_r0.20_g0.05"": 36085.461332515064}"
2025-10-09,281,cvar_t0.90_r0.05_g0.00,0.9,0.05,0.0,5352.775699778236,5131.602655063399,38782.171268710226,38782.171268710226,0.0,0.0,2691.1807230452714,"{""nocvar_g0.00"": 36447.602132018015, ""cvar_t0.90_r0.05_g0.00"": 35512.80189201235, ""cvar_t0.90_r0.20_g0.00"": 35758.32263779141, ""cvar_t0.95_r0.05_g0.00"": 35512.80189201235, ""cvar_t0.95_r0.20_g0.00"": 35758.32263779141, ""nocvar_g0.02"": 36547.36934236053, ""cvar_t0.90_r0.05_g0.02"": 36109.10859640606, ""cvar_t0.90_r0.20_g0.02"": 35739.04903977128, ""cvar_t0.95_r0.05_g0.02"": 36072.90048135793, ""cvar_t0.95_r0.20_g0.02"": 35751.324517383364, ""nocvar_g0.05"": 36643.06906903638, ""cvar_t0.90_r0.05_g0.05"": 36463.6480660242, ""cvar_t0.90_r0.20_g0.05"": 36131.17608570857, ""cvar_t0.95_r0.05_g0.05"": 36456.9530697314, ""cvar_t0.95_r0.20_g0.05"": 35907.95275706804}"
2025-10-10,282,cvar_t0.90_r0.05_g0.00,0.9,0.05,0.0,5131.602655063399,4905.518115928673,16668.819451305233,16094.290458025098,574.5289932801352,155.55855319775037,18323.73135,"{""nocvar_g0.00"": 36288.47796395519, ""cvar_t0.90_r0.05_g0.00"": 35342.248058638455, ""cvar_t0.90_r0.20_g0.00"": 35592.81192379409, ""cvar_t0.95_r0.05_g0.00"": 35342.248058638455, ""cvar_t0.95_r0.20_g0.00"": 35592.81192379409, ""nocvar_g0.02"": 36402.442157856865, ""cvar_t0.90_r0.05_g0.02"": 35959.73291631696, ""cvar_t0.90_r0.20_g0.02"": 35573.99693839877, ""cvar_t0.95_r0.05_g0.02"": 35910.26824015547, ""cvar_t0.95_r0.20_g0.02"": 35586.272416010856, ""nocvar_g0.05"": 36505.69430163987, ""cvar_t0.90_r0.05_g0.05"": 36333.10745697096, ""cvar_t0.90_r0.20_g0.05"": 36007.71766539531, ""cvar_t0.95_r0.05_g0.05"": 36326.17734235315, ""cvar_t0.95_r0.20_g0.05"": 35778.506873393526}"
2025-10-11,283,cvar_t0.90_r0.05_g0.00,0.9,0.05,0.0,4905.518115928673,5448.698590609613,17288.358384068433,17288.358384068433,0.0,0.0,14433.272575796413,"{""nocvar_g0.00"": 36167.466835572595, ""cvar_t0.90_r0.05_g0.00"": 35184.978817513715, ""cvar_t0.90_r0.20_g0.00"": 35380.927710999764, ""cvar_t0.95_r0.05_g0.00"": 35184.978817513715, ""cvar_t0.95_r0.20_g0.00"": 35380.927710999764, ""nocvar_g0.02"": 36302.521420829806, ""cvar_t0.90_r0.05_g0.02"": 35832.112313671285, ""cvar_t0.90_r0.20_g0.02"": 35399.581921016834, ""cvar_t0.95_r0.05_g0.02"": 35780.96443442911, ""cvar_t0.95_r0.20_g0.02"": 35373.41965184502, ""nocvar_g0.05"": 36431.425808998356, ""cvar_t0.90_r0.05_g0.05"": 36232.14659912155, ""cvar_t0.90_r0.20_g0.05"": 35877.59410422387, ""cvar_t0.95_r0.05_g0.05"": 36222.61831070956, ""cvar_t0.95_r0.20_g0.05"": 35635.821419528074}"
2025-10-12,284,cvar_t0.90_r0.05_g0.00,0.9,0.05,0.0,5448.698590609613,4985.116348918343,39545.448429709286,39540.09442254262,5.354007166666843,1.1430416666667043,767.7942573868338,"{""nocvar_g0.00"": 36085.77948981886, ""cvar_t0.90_r0.05_g0.00"": 35105.15956646122, ""cvar_t0.90_r0.20_g0.00"": 35298.72269887462, ""cvar_t0.95_r0.05_g0.00"": 35105.15956646122, ""cvar_t0.95_r0.20_g0.00"": 35298.72269887462, ""nocvar_g0.02"": 36213.98323750951, ""cvar_t0.90_r0.05_g0.02"": 35746.86318933202, ""cvar_t0.90_r0.20_g0.02"": 35316.39444401491, ""cvar_t0.95_r0.05_g0.02"": 35695.67188120487, ""cvar_t0.95_r0.20_g0.02"": 35289.54555811476, ""nocvar_g0.05"": 36339.30889419151, ""cvar_t0.90_r0.05_g0.05"": 36140.21852956012, ""cvar_t0.90_r0.20_g0.05"": 35789.908002144504, ""cvar_t0.95_r0.05_g0.05"": 36132.32026316775, ""cvar_t0.95_r0.20_g0.05"": 35549.177607422214}"
2025-10-13,285,cvar_t0.90_r0.05_g0.00,0.9,0.05,0.0,4985.116348918343,5498.966461291669,41674.49409702821,41674.49409702821,0.0,0.0,5304.52757401235,"{""nocvar_g0.00"": 36057.892544878916, ""cvar_t0.90_r0.05_g0.00"": 35058.3287529242, ""cvar_t0.90_r0.20_g0.00"": 35245.141021022784, ""cvar_t0.95_r0.05_g0.00"": 35058.3287529242, ""cvar_t0.95_r0.20_g0.00"": 35245.141021022784, ""nocvar_g0.02"": 36188.5905097039, ""cvar_t0.90_r0.05_g0.02"": 35720.474537325346, ""cvar_t0.90_r0.20_g0.02"": 35261.91179974981, ""cvar_t0.95_r0.05_g0.02"": 35663.20350106802, ""cvar_t0.95_r0.20_g0.02"": 35235.06291384965, ""nocvar_g0.05"": 36258.51871862397, ""cvar_t0.90_r0.05_g0.05"": 36091.67796659649, ""cvar_t0.90_r0.20_g0.05"": 35761.72914149172, ""cvar_t0.95_r0.05_g0.05"": 36092.032537450395, ""cvar_t0.95_r0.20_g0.05"": 35500.90518256139}"
2025-10-14,286,cvar_t0.90_r0.05_g0.00,0.9,0.05,0.0,5498.966461291669,5026.402261756287,42173.89149802635,40549.54790238848,1624.3435956378644,331.20822866618005,165.37013833333322,"{""nocvar_g0.00"": 36064.63460155401, ""cvar_t0.90_r0.05_g0.00"": 35125.21860773403, ""cvar_t0.90_r0.20_g0.00"": 35356.75903168577, ""cvar_t0.95_r0.05_g0.00"": 35125.21860773403, ""cvar_t0.95_r0.20_g0.00"": 35356.75903168577, ""nocvar_g0.02"": 36198.30503091878, ""cvar_t0.90_r0.05_g0.02"": 35728.6244361511, ""cvar_t0.90_r0.20_g0.02"": 35330.28845035522, ""cvar_t0.95_r0.05_g0.02"": 35672.84655503787, ""cvar_t0.95_r0.20_g0.02"": 35349.1547161923, ""nocvar_g0.05"": 36243.45473274629, ""cvar_t0.90_r0.05_g0.05"": 36103.486048937964, ""cvar_t0.90_r0.20_g0.05"": 35769.75252085376, ""cvar_t0.95_r0.05_g0.05"": 36104.54603925709, ""cvar_t0.95_r0.20_g0.05"": 35512.09198639263}"
2025-10-15,287,cvar_t0.90_r0.05_g0.00,0.9,0.05,0.0,5026.402261756287,3965.99892,48874.087127001854,39503.731345264576,9370.35578173728,1412.0757010999996,24.81749999999988,"{""nocvar_g0.00"": 35837.94707044301, ""cvar_t0.90_r0.05_g0.00"": 35192.818821238456, ""cvar_t0.90_r0.20_g0.00"": 35404.58460769783, ""cvar_t0.95_r0.05_g0.00"": 35192.818821238456, ""cvar_t0.95_r0.20_g0.00"": 35404.58460769783, ""nocvar_g0.02"": 35755.2558011492, ""cvar_t0.90_r0.05_g0.02"": 35358.790124132815, ""cvar_t0.90_r0.20_g0.02"": 35330.15423128177, ""cvar_t0.95_r0.05_g0.02"": 35335.09812022167, ""cvar_t0.95_r0.20_g0.02"": 35338.29810599969, ""nocvar_g0.05"": 35875.15008324558, ""cvar_t0.90_r0.05_g0.05"": 35638.38565739415, ""cvar_t0.90_r0.20_g0.05"": 35377.30428900044, ""cvar_t0.95_r0.05_g0.05"": 35632.71279538139, ""cvar_t0.95_r0.20_g0.05"": 35214.417669574104}"
2025-10-16,288,cvar_t0.95_r0.20_g0.05,0.95,0.2,0.05,3965.99892,4277.701184999997,53126.753804555105,41289.91755644613,11836.836248108972,1830.4365157399486,2247.3340400205816,"{""nocvar_g0.00"": 36055.52255772201, ""cvar_t0.90_r0.05_g0.00"": 35466.21501608339, ""cvar_t0.90_r0.20_g0.00"": 35640.40982071794, ""cvar_t0.95_r0.05_g0.00"": 35466.21501608339, ""cvar_t0.95_r0.20_g0.00"": 35640.40982071794, ""nocvar_g0.02"": 35945.87897287172, ""cvar_t0.90_r0.05_g0.02"": 35628.3125686862, ""cvar_t0.90_r0.20_g0.02"": 35566.558162822315, ""cvar_t0.95_r0.05_g0.02"": 35608.68958390914, ""cvar_t0.95_r0.20_g0.02"": 35574.70203754023, ""nocvar_g0.05"": 36077.10953110216, ""cvar_t0.90_r0.05_g0.05"": 35800.53373138571, ""cvar_t0.90_r0.20_g0.05"": 35601.063834071414, ""cvar_t0.95_r0.05_g0.05"": 35800.81515733038, ""cvar_t0.95_r0.20_g0.05"": 35446.47938754726}"
2025-10-17,289,cvar_t0.95_r0.20_g0.05,0.95,0.2,0.05,4277.701184999997,4203.4331973148155,16624.909318539376,16624.909318539376,0.0,0.0,12676.431415417077,"{""nocvar_g0.00"": 36440.03567924619, ""cvar_t0.90_r0.05_g0.00"": 35897.11959866584, ""cvar_t0.90_r0.20_g0.00"": 35991.34020998315, ""cvar_t0.95_r0.05_g0.00"": 35897.11959866584, ""cvar_t0.95_r0.20_g0.00"": 35991.34020998315, ""nocvar_g0.02"": 36362.85130905704, ""cvar_t0.90_r0.05_g0.02"": 35979.07232545176, ""cvar_t0.90_r0.20_g0.02"": 35917.27274776918, ""cvar_t0.95_r0.05_g0.02"": 35959.4493406747, ""cvar_t0.95_r0.20_g0.02"": 35925.4166224871, ""nocvar_g0.05"": 36427.28312565419, ""cvar_t0.90_r0.05_g0.05"": 36150.09241553223, ""cvar_t0.90_r0.20_g0.05"": 35950.57106793521, ""cvar_t0.95_r0.05_g0.05"": 36150.3738414769, ""cvar_t0.95_r0.20_g0.05"": 35795.98662141106}"
2025-10-18,290,cvar_t0.95_r0.20_g0.05,0.95,0.2,0.05,4203.4331973148155,4397.893923507657,16909.23866149541,16909.23866149541,0.0,0.0,12990.369157160498,"{""nocvar_g0.00"": 36325.6762504501, ""cvar_t0.90_r0.05_g0.00"": 35788.34740690606, ""cvar_t0.90_r0.20_g0.00"": 35932.82915445691, ""cvar_t0.95_r0.05_g0.00"": 35788.34740690606, ""cvar_t0.95_r0.20_g0.00"": 35932.82915445691, ""nocvar_g0.02"": 36251.10557623415, ""cvar_t0.90_r0.05_g0.02"": 35891.06570073431, ""cvar_t0.90_r0.20_g0.02"": 35828.142477343594, ""cvar_t0.95_r0.05_g0.02"": 35865.01459803273, ""cvar_t0.95_r0.20_g0.02"": 35873.17101235248, ""nocvar_g0.05"": 36318.97455997367, ""cvar_t0.90_r0.05_g0.05"": 36060.326266524185, ""cvar_t0.90_r0.20_g0.05"": 35848.975186758, ""cvar_t0.95_r0.05_g0.05"": 36061.95856780781, ""cvar_t0.95_r0.20_g0.05"": 35693.440009293285}"
2025-10-19,291,cvar_t0.95_r0.20_g0.05,0.95,0.2,0.05,4397.893923507657,4115.711714074075,48450.97849500461,41508.83950527868,6942.13898972593,1042.1079422166722,450.31607659376607,"{""nocvar_g0.00"": 36176.23284035871, ""cvar_t0.90_r0.05_g0.00"": 35654.299952433605, ""cvar_t0.90_r0.20_g0.00"": 35819.77185190607, ""cvar_t0.95_r0.05_g0.00"": 35654.299952433605, ""cvar_t0.95_r0.20_g0.00"": 35819.77185190607, ""nocvar_g0.02"": 36115.70562446208, ""cvar_t0.90_r0.05_g0.02"": 35769.801729969426, ""cvar_t0.90_r0.20_g0.02"": 35713.34976586894, ""cvar_t0.95_r0.05_g0.02"": 35743.75062726785, ""cvar_t0.95_r0.20_g0.02"": 35758.37830087783, ""nocvar_g0.05"": 36196.3950254879, ""cvar_t0.90_r0.05_g0.05"": 35939.66630160582, ""cvar_t0.90_r0.20_g0.05"": 35734.71694053901, ""cvar_t0.95_r0.05_g0.05"": 35941.29860288945, ""cvar_t0.95_r0.20_g0.05"": 35579.181763074295}"
2025-10-20,292,cvar_t0.95_r0.20_g0.05,0.95,0.2,0.05,4115.711714074075,4152.989290576851,45270.13559454374,43089.678091506255,2180.4575030374817,454.71505024999624,1332.3234660287926,"{""nocvar_g0.00"": 36406.16581031784, ""cvar_t0.90_r0.05_g0.00"": 35908.85772001123, ""cvar_t0.90_r0.20_g0.00"": 36102.60951537098, ""cvar_t0.95_r0.05_g0.00"": 35908.85772001123, ""cvar_t0.95_r0.20_g0.00"": 36102.60951537098, ""nocvar_g0.02"": 36323.017336551355, ""cvar_t0.90_r0.05_g0.02"": 35973.51785467061, ""cvar_t0.90_r0.20_g0.02"": 35958.47950970377, ""cvar_t0.95_r0.05_g0.02"": 35952.78651526801, ""cvar_t0.95_r0.20_g0.02"": 36047.84336989502, ""nocvar_g0.05"": 36383.9073120367, ""cvar_t0.90_r0.05_g0.05"": 36134.85435669916, ""cvar_t0.90_r0.20_g0.05"": 35936.92519122955, ""cvar_t0.95_r0.05_g0.05"": 36140.405282062915, ""cvar_t0.95_r0.20_g0.05"": 35783.173806424675}"
2025-10-21,293,cvar_t0.95_r0.20_g0.05,0.95,0.2,0.05,4152.989290576851,3908.9700426851864,48244.918074431276,43408.49114879379,4836.4269256374855,706.7329776931603,0.0,"{""nocvar_g0.00"": 36506.05607369957, ""cvar_t0.90_r0.05_g0.00"": 36013.94481581316, ""cvar_t0.90_r0.20_g0.00"": 36210.97561969577, ""cvar_t0.95_r0.05_g0.00"": 36013.94481581316, ""cvar_t0.95_r0.20_g0.00"": 36210.97561969577, ""nocvar_g0.02"": 36445.17349084369, ""cvar_t0.90_r0.05_g0.02"": 36078.41299467101, ""cvar_t0.90_r0.20_g0.02"": 36067.41880081837, ""cvar_t0.95_r0.05_g0.02"": 36074.556363210104, ""cvar_t0.95_r0.20_g0.02"": 36156.78266100962, ""nocvar_g0.05"": 36579.868706330715, ""cvar_t0.90_r0.05_g0.05"": 36365.12606971224, ""cvar_t0.90_r0.20_g0.05"": 36043.83481973745, ""cvar_t0.95_r0.05_g0.05"": 36368.47222011323, ""cvar_t0.95_r0.20_g0.05"": 35891.66999900476}"
2025-10-22,294,cvar_t0.95_r0.20_g0.05,0.95,0.2,0.05,3908.9700426851864,3952.211320277778,48621.95018001635,43572.820618170685,5049.129561845663,972.9987141568306,2316.1342021847718,"{""nocvar_g0.00"": 36412.64736306558, ""cvar_t0.90_r0.05_g0.00"": 36144.56685560366, ""cvar_t0.90_r0.20_g0.00"": 36281.00629696705, ""cvar_t0.95_r0.05_g0.00"": 36144.56685560366, ""cvar_t0.95_r0.20_g0.00"": 36281.00629696705, ""nocvar_g0.02"": 36359.05929122428, ""cvar_t0.90_r0.05_g0.02"": 36196.29237886106, ""cvar_t0.90_r0.20_g0.02"": 36136.17229709639, ""cvar_t0.95_r0.05_g0.02"": 36198.259695067405, ""cvar_t0.95_r0.20_g0.02"": 36225.53615728764, ""nocvar_g0.05"": 36525.903317229175, ""cvar_t0.90_r0.05_g0.05"": 36286.39052207469, ""cvar_t0.90_r0.20_g0.05"": 36167.58704171782, ""cvar_t0.95_r0.05_g0.05"": 36289.205370894895, ""cvar_t0.95_r0.20_g0.05"": 35956.22272598862}"
2025-10-23,295,cvar_t0.95_r0.20_g0.05,0.95,0.2,0.05,3952.211320277778,4381.441738148149,45151.88678135209,45151.88678135209,0.0,0.0,4895.124191502056,"{""nocvar_g0.00"": 36635.47930165735, ""cvar_t0.90_r0.05_g0.00"": 36366.93256087082, ""cvar_t0.90_r0.20_g0.00"": 36495.15177996452, ""cvar_t0.95_r0.05_g0.00"": 36366.93256087082, ""cvar_t0.95_r0.20_g0.00"": 36495.15177996452, ""nocvar_g0.02"": 36585.517485293974, ""cvar_t0.90_r0.05_g0.02"": 36418.53595149533, ""cvar_t0.90_r0.20_g0.02"": 36353.056226363864, ""cvar_t0.95_r0.05_g0.02"": 36420.50326770167, ""cvar_t0.95_r0.20_g0.02"": 36442.42008655512, ""nocvar_g0.05"": 36783.961522446705, ""cvar_t0.90_r0.05_g0.05"": 36513.66855050748, ""cvar_t0.90_r0.20_g0.05"": 36396.82257625235, ""cvar_t0.95_r0.05_g0.05"": 36518.44090542942, ""cvar_t0.95_r0.20_g0.05"": 36185.45826052315}"
2025-10-24,296,cvar_t0.95_r0.20_g0.05,0.95,0.2,0.05,4381.441738148149,4059.1852694444447,17608.98001672988,17608.02327901846,0.956737711422698,0.2041911666679539,11919.4213367284,"{""nocvar_g0.00"": 36708.38389628699, ""cvar_t0.90_r0.05_g0.00"": 36444.26499448683, ""cvar_t0.90_r0.20_g0.00"": 36588.27558701461, ""cvar_t0.95_r0.05_g0.00"": 36444.26499448683, ""cvar_t0.95_r0.20_g0.00"": 36588.27558701461, ""nocvar_g0.02"": 36675.94338615768, ""cvar_t0.90_r0.05_g0.02"": 36511.05271094748, ""cvar_t0.90_r0.20_g0.02"": 36446.23682274123, ""cvar_t0.95_r0.05_g0.02"": 36516.771941680476, ""cvar_t0.95_r0.20_g0.02"": 36535.60068293247, ""nocvar_g0.05"": 36814.148046234804, ""cvar_t0.90_r0.05_g0.05"": 36619.73807522658, ""cvar_t0.90_r0.20_g0.05"": 36495.17936167582, ""cvar_t0.95_r0.05_g0.05"": 36623.89182340766, ""cvar_t0.95_r0.20_g0.05"": 36280.48633086111}"
2025-10-25,297,cvar_t0.95_r0.20_g0.05,0.95,0.2,0.05,4059.1852694444447,4183.137561117481,17265.054846826355,17265.054846826355,0.0,0.0,10230.543730205753,"{""nocvar_g0.00"": 36698.252236957305, ""cvar_t0.90_r0.05_g0.00"": 36428.28542950055, ""cvar_t0.90_r0.20_g0.00"": 36569.915406926855, ""cvar_t0.95_r0.05_g0.00"": 36428.28542950055, ""cvar_t0.95_r0.20_g0.00"": 36569.915406926855, ""nocvar_g0.02"": 36654.364382726635, ""cvar_t0.90_r0.05_g0.02"": 36482.529494645125, ""cvar_t0.90_r0.20_g0.02"": 36428.843221364754, ""cvar_t0.95_r0.05_g0.02"": 36488.24872537812, ""cvar_t0.95_r0.20_g0.02"": 36518.20708155599, ""nocvar_g0.05"": 36791.5922260695, ""cvar_t0.90_r0.05_g0.05"": 36596.93593197821, ""cvar_t0.90_r0.20_g0.05"": 36472.68442599391, ""cvar_t0.95_r0.05_g0.05"": 36601.09104530644, ""cvar_t0.95_r0.20_g0.05"": 36263.13419895887}"
2025-10-26,298,cvar_t0.95_r0.20_g0.05,0.95,0.2,0.05,4183.137561117481,4658.651274814813,44102.66148266055,44102.66148266055,0.0,0.0,1660.6207961934056,"{""nocvar_g0.00"": 36544.00930296383, ""cvar_t0.90_r0.05_g0.00"": 36293.55594831614, ""cvar_t0.90_r0.20_g0.00"": 36453.96408057576, ""cvar_t0.95_r0.05_g0.00"": 36293.55594831614, ""cvar_t0.95_r0.20_g0.00"": 36453.96408057576, ""nocvar_g0.02"": 36520.73691501351, ""cvar_t0.90_r0.05_g0.02"": 36357.18542974378, ""cvar_t0.90_r0.20_g0.02"": 36315.83229713312, ""cvar_t0.95_r0.05_g0.02"": 36362.90466047679, ""cvar_t0.95_r0.20_g0.02"": 36405.196157324375, ""nocvar_g0.05"": 36675.08635540118, ""cvar_t0.90_r0.05_g0.05"": 36481.10203874046, ""cvar_t0.90_r0.20_g0.05"": 36361.08884453205, ""cvar_t0.95_r0.05_g0.05"": 36486.730891803876, ""cvar_t0.95_r0.20_g0.05"": 36151.53861749701}"
2025-10-27,299,cvar_t0.95_r0.20_g0.05,0.95,0.2,0.05,4658.651274814813,4258.941981264077,44677.52575694756,44677.52575694756,0.0,0.0,4005.0931708104877,"{""nocvar_g0.00"": 36548.23135419483, ""cvar_t0.90_r0.05_g0.00"": 36300.339971903595, ""cvar_t0.90_r0.20_g0.00"": 36460.94337151332, ""cvar_t0.95_r0.05_g0.00"": 36300.339971903595, ""cvar_t0.95_r0.20_g0.00"": 36460.94337151332, ""nocvar_g0.02"": 36528.20207496524, ""cvar_t0.90_r0.05_g0.02"": 36365.43421321685, ""cvar_t0.90_r0.20_g0.02"": 36323.72312964743, ""cvar_t0.95_r0.05_g0.02"": 36370.743767241554, ""cvar_t0.95_r0.20_g0.02"": 36413.08698983867, ""nocvar_g0.05"": 36686.96156739846, ""cvar_t0.90_r0.05_g0.05"": 36491.03876995839, ""cvar_t0.90_r0.20_g0.05"": 36369.41467970034, ""cvar_t0.95_r0.05_g0.05"": 36497.10035714574, ""cvar_t0.95_r0.20_g0.05"": 36159.10196694191}"
2025-10-28,300,cvar_t0.95_r0.20_g0.05,0.95,0.2,0.05,4258.941981264077,4178.578240728706,44241.94860674367,44241.94860674367,0.0,0.0,962.2998126611704,"{""nocvar_g0.00"": 36622.35482538232, ""cvar_t0.90_r0.05_g0.00"": 36380.212344655025, ""cvar_t0.90_r0.20_g0.00"": 36527.94057914609, ""cvar_t0.95_r0.05_g0.00"": 36380.212344655025, ""cvar_t0.95_r0.20_g0.00"": 36527.94057914609, ""nocvar_g0.02"": 36607.71378570736, ""cvar_t0.90_r0.05_g0.02"": 36445.20809464507, ""cvar_t0.90_r0.20_g0.02"": 36391.0869550463, ""cvar_t0.95_r0.05_g0.02"": 36447.543762709654, ""cvar_t0.95_r0.20_g0.02"": 36480.45081523755, ""nocvar_g0.05"": 36745.61801634226, ""cvar_t0.90_r0.05_g0.05"": 36552.429568872074, ""cvar_t0.90_r0.20_g0.05"": 36447.559927741284, ""cvar_t0.95_r0.05_g0.05"": 36562.488368301856, ""cvar_t0.95_r0.20_g0.05"": 36233.95143927491}"
2025-10-29,301,cvar_t0.90_r0.05_g0.02,0.9,0.05,0.02,4178.578240728706,4108.848371388889,54548.651226647184,44632.24311086854,9916.408115778642,1532.8508451194966,314.9894764814861,"{""nocvar_g0.00"": 36211.612907737515, ""cvar_t0.90_r0.05_g0.00"": 36331.22755792531, ""cvar_t0.90_r0.20_g0.00"": 36442.99458596164, ""cvar_t0.95_r0.05_g0.00"": 36331.22755792531, ""cvar_t0.95_r0.20_g0.00"": 36442.99458596164, ""nocvar_g0.02"": 36195.18219969096, ""cvar_t0.90_r0.05_g0.02"": 36058.29540657417, ""cvar_t0.90_r0.20_g0.02"": 36307.54228905813, ""cvar_t0.95_r0.05_g0.02"": 36088.40141665064, ""cvar_t0.95_r0.20_g0.02"": 36396.90614924938, ""nocvar_g0.05"": 36328.57495282624, ""cvar_t0.90_r0.05_g0.05"": 36130.851986984526, ""cvar_t0.90_r0.20_g0.05"": 36079.69307077644, ""cvar_t0.95_r0.05_g0.05"": 36149.082070272634, ""cvar_t0.95_r0.20_g0.05"": 36150.51855416441}"
2025-10-30,302,cvar_t0.90_r0.05_g0.02,0.9,0.05,0.02,4108.848371388889,4025.586335513255,46460.23113885887,46458.936231445536,1.29490741333308,0.27645333333327926,5885.838318338975,"{""nocvar_g0.00"": 36743.28075458769, ""cvar_t0.90_r0.05_g0.00"": 36707.67058300812, ""cvar_t0.90_r0.20_g0.00"": 36804.73958404929, ""cvar_t0.95_r0.05_g0.00"": 36707.67058300812, ""cvar_t0.95_r0.20_g0.00"": 36804.73958404929, ""nocvar_g0.02"": 36574.72704280197, ""cvar_t0.90_r0.05_g0.02"": 36419.97738910531, ""cvar_t0.90_r0.20_g0.02"": 36669.341054838565, ""cvar_t0.95_r0.05_g0.02"": 36450.20018243108, ""cvar_t0.95_r0.20_g0.02"": 36758.70491502982, ""nocvar_g0.05"": 36687.029094221376, ""cvar_t0.90_r0.05_g0.05"": 36491.164621634445, ""cvar_t0.90_r0.20_g0.05"": 36439.55393804448, ""cvar_t0.95_r0.05_g0.05"": 36508.80580540853, ""cvar_t0.95_r0.20_g0.05"": 36510.37942143245}"
2025-10-31,303,cvar_t0.90_r0.05_g0.02,0.9,0.05,0.02,4025.586335513255,4462.3026705555585,18028.029961057764,18028.029961057764,0.0,0.0,6338.001758370171,"{""nocvar_g0.00"": 36934.622245054044, ""cvar_t0.90_r0.05_g0.00"": 36871.471714179075, ""cvar_t0.90_r0.20_g0.00"": 36965.989654689256, ""cvar_t0.95_r0.05_g0.00"": 36871.471714179075, ""cvar_t0.95_r0.20_g0.00"": 36965.989654689256, ""nocvar_g0.02"": 36776.680154647176, ""cvar_t0.90_r0.05_g0.02"": 36581.996274381156, ""cvar_t0.90_r0.20_g0.02"": 36831.35484348237, ""cvar_t0.95_r0.05_g0.02"": 36612.219067706916, ""cvar_t0.95_r0.20_g0.02"": 36920.718703673614, ""nocvar_g0.05"": 36881.44358005903, ""cvar_t0.90_r0.05_g0.05"": 36667.9661220946, ""cvar_t0.90_r0.20_g0.05"": 36602.04990837806, ""cvar_t0.95_r0.05_g0.05"": 36671.32258669574, ""cvar_t0.95_r0.20_g0.05"": 36672.87539176602}"
2025-11-01,304,cvar_t0.90_r0.05_g0.02,0.9,0.05,0.02,4462.3026705555585,4636.69924890015,17657.756705376858,17657.756705376858,0.0,0.0,7351.467744362142,"{""nocvar_g0.00"": 36992.225662596575, ""cvar_t0.90_r0.05_g0.00"": 36928.93781411547, ""cvar_t0.90_r0.20_g0.00"": 37037.16726270563, ""cvar_t0.95_r0.05_g0.00"": 36928.93781411547, ""cvar_t0.95_r0.20_g0.00"": 37037.16726270563, ""nocvar_g0.02"": 36832.605960887915, ""cvar_t0.90_r0.05_g0.02"": 36637.90103905312, ""cvar_t0.90_r0.20_g0.02"": 36902.444474612115, ""cvar_t0.95_r0.05_g0.02"": 36668.123832378886, ""cvar_t0.95_r0.20_g0.02"": 36991.80833480336, ""nocvar_g0.05"": 36932.40895786684, ""cvar_t0.90_r0.05_g0.05"": 36725.60502527105, ""cvar_t0.90_r0.20_g0.05"": 36665.97787488881, ""cvar_t0.95_r0.05_g0.05"": 36728.96148987218, ""cvar_t0.95_r0.20_g0.05"": 36736.00134769003}"
2025-11-02,305,cvar_t0.90_r0.05_g0.02,0.9,0.05,0.02,4636.69924890015,4305.299907314815,47794.096297500335,45484.21695058495,2309.8793469153843,468.6293925133739,916.3146821800552,"{""nocvar_g0.00"": 36965.60733832549, ""cvar_t0.90_r0.05_g0.00"": 36932.94398278265, ""cvar_t0.90_r0.20_g0.00"": 37050.70791586477, ""cvar_t0.95_r0.05_g0.00"": 36932.94398278265, ""cvar_t0.95_r0.20_g0.00"": 37050.70791586477, ""nocvar_g0.02"": 36811.23957282742, ""cvar_t0.90_r0.05_g0.02"": 36646.70841952788, ""cvar_t0.90_r0.20_g0.02"": 36917.80493008402, ""cvar_t0.95_r0.05_g0.02"": 36676.727786430645, ""cvar_t0.95_r0.20_g0.02"": 37007.16879027527, ""nocvar_g0.05"": 36913.99603595028, ""cvar_t0.90_r0.05_g0.05"": 36737.82594364601, ""cvar_t0.90_r0.20_g0.05"": 36679.570588205876, ""cvar_t0.95_r0.05_g0.05"": 36741.182408247136, ""cvar_t0.95_r0.20_g0.05"": 36749.59406100709}"
2025-11-03,306,cvar_t0.90_r0.05_g0.02,0.9,0.05,0.02,4305.299907314815,4315.307469407409,47050.423086465016,47050.423086465016,0.0,0.0,1226.5153573669359,"{""nocvar_g0.00"": 37227.006806943005, ""cvar_t0.90_r0.05_g0.00"": 37204.48483747125, ""cvar_t0.90_r0.20_g0.00"": 37310.67514711957, ""cvar_t0.95_r0.05_g0.00"": 37204.48483747125, ""cvar_t0.95_r0.20_g0.00"": 37310.67514711957, ""nocvar_g0.02"": 37071.389241631834, ""cvar_t0.90_r0.05_g0.02"": 36912.443399530785, ""cvar_t0.90_r0.20_g0.02"": 37180.62393999881, ""cvar_t0.95_r0.05_g0.02"": 36942.82974427394, ""cvar_t0.95_r0.20_g0.02"": 37269.987800190065, ""nocvar_g0.05"": 37179.10921839787, ""cvar_t0.90_r0.05_g0.05"": 37001.395663780604, ""cvar_t0.90_r0.20_g0.05"": 36948.07536477945, ""cvar_t0.95_r0.05_g0.05"": 37000.99524220934, ""cvar_t0.95_r0.20_g0.05"": 37038.69628690415}"
2025-11-04,307,cvar_t0.90_r0.05_g0.02,0.9,0.05,0.02,4315.307469407409,4028.235983148147,47680.14954421713,46515.3762962552,1164.7732479619326,213.68341166666886,3227.8998810597996,"{""nocvar_g0.00"": 37437.926397393094, ""cvar_t0.90_r0.05_g0.00"": 37463.76838697471, ""cvar_t0.90_r0.20_g0.00"": 37519.31125576313, ""cvar_t0.95_r0.05_g0.00"": 37463.76838697471, ""cvar_t0.95_r0.20_g0.00"": 37519.31125576313, ""nocvar_g0.02"": 37301.079807562164, ""cvar_t0.90_r0.05_g0.02"": 37209.93694353317, ""cvar_t0.90_r0.20_g0.02"": 37390.32567155315, ""cvar_t0.95_r0.05_g0.02"": 37240.049324824475, ""cvar_t0.95_r0.20_g0.02"": 37479.6895317444, ""nocvar_g0.05"": 37452.435080412644, ""cvar_t0.90_r0.05_g0.05"": 37277.67273636597, ""cvar_t0.90_r0.20_g0.05"": 37251.74596019602, ""cvar_t0.95_r0.05_g0.05"": 37290.09653801341, ""cvar_t0.95_r0.20_g0.05"": 37299.478316832414}"
2025-11-05,308,cvar_t0.90_r0.05_g0.02,0.9,0.05,0.02,4028.235983148147,4654.398755729539,48134.3456499476,48134.3456499476,0.0,0.0,2545.971752181067,"{""nocvar_g0.00"": 37732.318884273125, ""cvar_t0.90_r0.05_g0.00"": 37729.89767886278, ""cvar_t0.90_r0.20_g0.00"": 37776.97113146346, ""cvar_t0.95_r0.05_g0.00"": 37729.89767886278, ""cvar_t0.95_r0.20_g0.00"": 37776.97113146346, ""nocvar_g0.02"": 37579.28798243607, ""cvar_t0.90_r0.05_g0.02"": 37480.38630046695, ""cvar_t0.90_r0.20_g0.02"": 37649.158988530966, ""cvar_t0.95_r0.05_g0.02"": 37510.49868175825, ""cvar_t0.95_r0.20_g0.02"": 37738.52284872221, ""nocvar_g0.05"": 37747.783922850314, ""cvar_t0.90_r0.05_g0.05"": 37559.15729628777, ""cvar_t0.90_r0.20_g0.05"": 37513.08601678306, ""cvar_t0.95_r0.05_g0.05"": 37564.306240172074, ""cvar_t0.95_r0.20_g0.05"": 37559.776544956876}"
2025-11-06,309,cvar_t0.90_r0.05_g0.02,0.9,0.05,0.02,4654.398755729539,4000.2165124675903,49346.1685229446,48211.806884597,1134.3616383476024,235.90813544999878,1820.0497234823008,"{""nocvar_g0.00"": 38037.65084271568, ""cvar_t0.90_r0.05_g0.00"": 38041.09583979534, ""cvar_t0.90_r0.20_g0.00"": 38100.259262346386, ""cvar_t0.95_r0.05_g0.00"": 38041.09583979534, ""cvar_t0.95_r0.20_g0.00"": 38100.259262346386, ""nocvar_g0.02"": 37893.78898032235, ""cvar_t0.90_r0.05_g0.02"": 37797.878170743425, ""cvar_t0.90_r0.20_g0.02"": 37972.539082670875, ""cvar_t0.95_r0.05_g0.02"": 37827.99055203472, ""cvar_t0.95_r0.20_g0.02"": 38061.90294286212, ""nocvar_g0.05"": 38065.68805334363, ""cvar_t0.90_r0.05_g0.05"": 37882.07340984363, ""cvar_t0.90_r0.20_g0.05"": 37839.920935454684, ""cvar_t0.95_r0.05_g0.05"": 37887.787029091785, ""cvar_t0.95_r0.20_g0.05"": 37883.2269152516}"
2025-11-07,310,cvar_t0.90_r0.05_g0.02,0.9,0.05,0.02,4000.2165124675903,4431.876856776594,20161.507774362697,18173.60037261791,1987.9074017447874,352.5867395833326,7551.7546862963,"{""nocvar_g0.00"": 38395.96307894898, ""cvar_t0.90_r0.05_g0.00"": 38417.982138109786, ""cvar_t0.90_r0.20_g0.00"": 38473.807017012805, ""cvar_t0.95_r0.05_g0.00"": 38417.982138109786, ""cvar_t0.95_r0.20_g0.00"": 38473.807017012805, ""nocvar_g0.02"": 38276.926274705955, ""cvar_t0.90_r0.05_g0.02"": 38174.30578709773, ""cvar_t0.90_r0.20_g0.02"": 38344.47601419192, ""cvar_t0.95_r0.05_g0.02"": 38204.41816838903, ""cvar_t0.95_r0.20_g0.02"": 38433.839874383164, ""nocvar_g0.05"": 38454.5883578408, ""cvar_t0.90_r0.05_g0.05"": 38261.97762433842, ""cvar_t0.90_r0.20_g0.05"": 38209.81361692252, ""cvar_t0.95_r0.05_g0.05"": 38267.691243586574, ""cvar_t0.95_r0.20_g0.05"": 38253.119596719436}"
2025-11-08,311,cvar_t0.90_r0.20_g0.05,0.9,0.2,0.05,4431.876856776594,4677.046745648153,18270.4432629752,18270.4432629752,0.0,0.0,7198.8286815432075,"{""nocvar_g0.00"": 38518.47476081822, ""cvar_t0.90_r0.05_g0.00"": 38548.76092057604, ""cvar_t0.90_r0.20_g0.00"": 38556.12238488339, ""cvar_t0.95_r0.05_g0.00"": 38548.76092057604, ""cvar_t0.95_r0.20_g0.00"": 38556.12238488339, ""nocvar_g0.02"": 38405.654645859555, ""cvar_t0.90_r0.05_g0.02"": 38301.23410759051, ""cvar_t0.90_r0.20_g0.02"": 38427.86510286456, ""cvar_t0.95_r0.05_g0.02"": 38336.438263323675, ""cvar_t0.95_r0.20_g0.02"": 38517.22896305581, ""nocvar_g0.05"": 38517.06118968127, ""cvar_t0.90_r0.05_g0.05"": 38328.31808725583, ""cvar_t0.90_r0.20_g0.05"": 38279.413157534334, ""cvar_t0.95_r0.05_g0.05"": 38334.606276751256, ""cvar_t0.95_r0.20_g0.05"": 38336.64780111316}"
2025-11-09,312,cvar_t0.90_r0.20_g0.05,0.9,0.2,0.05,4677.046745648153,4227.991830277779,47838.6384757262,47320.76224113341,517.8762345927863,98.54758046369405,106.65666833333307,"{""nocvar_g0.00"": 38548.6504563981, ""cvar_t0.90_r0.05_g0.00"": 38576.68967005358, ""cvar_t0.90_r0.20_g0.00"": 38588.01977844834, ""cvar_t0.95_r0.05_g0.00"": 38576.68967005358, ""cvar_t0.95_r0.20_g0.00"": 38588.01977844834, ""nocvar_g0.02"": 38442.383872656035, ""cvar_t0.90_r0.05_g0.02"": 38342.91457501241, ""cvar_t0.90_r0.20_g0.02"": 38460.90358544654, ""cvar_t0.95_r0.05_g0.02"": 38378.15224265912, ""cvar_t0.95_r0.20_g0.02"": 38550.95406236614, ""nocvar_g0.05"": 38572.00809131182, ""cvar_t0.90_r0.05_g0.05"": 38376.84467255786, ""cvar_t0.90_r0.20_g0.05"": 38317.30570683309, ""cvar_t0.95_r0.05_g0.05"": 38381.50284003368, ""cvar_t0.95_r0.20_g0.05"": 38374.894953462484}"
2025-11-10,313,cvar_t0.90_r0.20_g0.05,0.9,0.2,0.05,4227.991830277779,4279.677930000001,58240.361994690014,48197.61208518275,10042.749909507267,1518.1289407028319,18.975000000000023,"{""nocvar_g0.00"": 38843.158659844215, ""cvar_t0.90_r0.05_g0.00"": 38871.04601803959, ""cvar_t0.90_r0.20_g0.00"": 38887.182952713876, ""cvar_t0.95_r0.05_g0.00"": 38871.04601803959, ""cvar_t0.95_r0.20_g0.00"": 38887.182952713876, ""nocvar_g0.02"": 38735.84499834412, ""cvar_t0.90_r0.05_g0.02"": 38633.4109226206, ""cvar_t0.90_r0.20_g0.02"": 38760.62193970363, ""cvar_t0.95_r0.05_g0.02"": 38669.02043961386, ""cvar_t0.95_r0.20_g0.02"": 38850.93208332829, ""nocvar_g0.05"": 38953.43753854563, ""cvar_t0.90_r0.05_g0.05"": 38696.223090060055, ""cvar_t0.90_r0.20_g0.05"": 38613.65964264777, ""cvar_t0.95_r0.05_g0.05"": 38701.513071886955, ""cvar_t0.95_r0.20_g0.05"": 38664.217829189554}"
2025-11-11,314,cvar_t0.90_r0.20_g0.02,0.9,0.2,0.02,4279.677930000001,4406.054617962962,49249.87774913716,49249.87774913716,0.0,0.0,2727.2899290534997,"{""nocvar_g0.00"": 39473.432241032184, ""cvar_t0.90_r0.05_g0.00"": 39356.49640316146, ""cvar_t0.90_r0.20_g0.00"": 39329.90728969193, ""cvar_t0.95_r0.05_g0.00"": 39356.49640316146, ""cvar_t0.95_r0.20_g0.00"": 39329.90728969193, ""nocvar_g0.02"": 39401.11675297512, ""cvar_t0.90_r0.05_g0.02"": 39263.172348426815, ""cvar_t0.90_r0.20_g0.02"": 39246.56442889616, ""cvar_t0.95_r0.05_g0.02"": 39296.56079342156, ""cvar_t0.95_r0.20_g0.02"": 39294.75164153402, ""nocvar_g0.05"": 39643.94138278369, ""cvar_t0.90_r0.05_g0.05"": 39377.19417199469, ""cvar_t0.90_r0.20_g0.05"": 39264.3356638506, ""cvar_t0.95_r0.05_g0.05"": 39381.841876287035, ""cvar_t0.95_r0.20_g0.05"": 39290.54716551603}"
2025-11-12,315,cvar_t0.90_r0.20_g0.02,0.9,0.2,0.02,4406.054617962962,4834.166424738144,49903.5899859594,49903.5899859594,0.0,0.0,3649.9476205681754,"{""nocvar_g0.00"": 39699.23134644671, ""cvar_t0.90_r0.05_g0.00"": 39608.84761080164, ""cvar_t0.90_r0.20_g0.00"": 39584.24440719153, ""cvar_t0.95_r0.05_g0.00"": 39608.84761080164, ""cvar_t0.95_r0.20_g0.00"": 39584.24440719153, ""nocvar_g0.02"": 39677.42349545804, ""cvar_t0.90_r0.05_g0.02"": 39574.240291726426, ""cvar_t0.90_r0.20_g0.02"": 39557.15667854128, ""cvar_t0.95_r0.05_g0.02"": 39607.62873672118, ""cvar_t0.95_r0.20_g0.02"": 39605.34389117914, ""nocvar_g0.05"": 39828.11854984337, ""cvar_t0.90_r0.05_g0.05"": 39669.24705477616, ""cvar_t0.90_r0.20_g0.05"": 39574.74360115347, ""cvar_t0.95_r0.05_g0.05"": 39673.89475906851, ""cvar_t0.95_r0.20_g0.05"": 39600.955102818894}"
2025-11-13,316,cvar_t0.90_r0.20_g0.02,0.9,0.2,0.02,4834.166424738144,4615.924690670187,50305.13693132445,50305.13693132445,0.0,0.0,3139.129890483749,"{""nocvar_g0.00"": 39658.579305118146, ""cvar_t0.90_r0.05_g0.00"": 39628.24316519407, ""cvar_t0.90_r0.20_g0.00"": 39620.40497914638, ""cvar_t0.95_r0.05_g0.00"": 39628.24316519407, ""cvar_t0.95_r0.20_g0.00"": 39620.40497914638, ""nocvar_g0.02"": 39655.12939866934, ""cvar_t0.90_r0.05_g0.02"": 39598.50910153897, ""cvar_t0.90_r0.20_g0.02"": 39593.8739531588, ""cvar_t0.95_r0.05_g0.02"": 39627.84868697686, ""cvar_t0.95_r0.20_g0.02"": 39642.06116579666, ""nocvar_g0.05"": 39771.165929387695, ""cvar_t0.90_r0.05_g0.05"": 39699.204583534316, ""cvar_t0.90_r0.20_g0.05"": 39626.181423921, ""cvar_t0.95_r0.05_g0.05"": 39704.608555380546, ""cvar_t0.95_r0.20_g0.05"": 39644.090752684235}"
2025-11-14,317,cvar_t0.90_r0.05_g0.00,0.9,0.05,0.0,4615.924690670187,4411.514980363285,18392.195205801443,18392.195205801443,0.0,0.0,3814.3170415226314,"{""nocvar_g0.00"": 39478.88264905345, ""cvar_t0.90_r0.05_g0.00"": 39447.42506603024, ""cvar_t0.90_r0.20_g0.00"": 39520.34512260164, ""cvar_t0.95_r0.05_g0.00"": 39447.42506603024, ""cvar_t0.95_r0.20_g0.00"": 39520.34512260164, ""nocvar_g0.02"": 39474.79816383526, ""cvar_t0.90_r0.05_g0.02"": 39496.89277691066, ""cvar_t0.90_r0.20_g0.02"": 39493.22543673053, ""cvar_t0.95_r0.05_g0.02"": 39526.23236234854, ""cvar_t0.95_r0.20_g0.02"": 39541.412649368394, ""nocvar_g0.05"": 39657.22417002039, ""cvar_t0.90_r0.05_g0.05"": 39599.20276766484, ""cvar_t0.90_r0.20_g0.05"": 39526.23961900052, ""cvar_t0.95_r0.05_g0.05"": 39604.60673951108, ""cvar_t0.95_r0.20_g0.05"": 39544.14894776376}"
2025-11-15,318,cvar_t0.90_r0.05_g0.00,0.9,0.05,0.0,4411.514980363285,4535.417068436631,19598.720138720633,18431.12865452403,1167.5914841966041,207.39601795000215,3192.7459543746836,"{""nocvar_g0.00"": 39559.09600393614, ""cvar_t0.90_r0.05_g0.00"": 39523.00211977405, ""cvar_t0.90_r0.20_g0.00"": 39604.32915116926, ""cvar_t0.95_r0.05_g0.00"": 39523.00211977405, ""cvar_t0.95_r0.20_g0.00"": 39604.32915116926, ""nocvar_g0.02"": 39547.861742332505, ""cvar_t0.90_r0.05_g0.02"": 39569.617733214705, ""cvar_t0.90_r0.20_g0.02"": 39577.252663917614, ""cvar_t0.95_r0.05_g0.02"": 39598.957318652596, ""cvar_t0.95_r0.20_g0.02"": 39625.43987655548, ""nocvar_g0.05"": 39734.65816798566, ""cvar_t0.90_r0.05_g0.05"": 39681.360262764385, ""cvar_t0.90_r0.20_g0.05"": 39610.93827548641, ""cvar_t0.95_r0.05_g0.05"": 39686.76423461062, ""cvar_t0.95_r0.20_g0.05"": 39628.847604249655}"
2025-11-16,319,cvar_t0.90_r0.05_g0.00,0.9,0.05,0.0,4535.417068436631,4273.038514985741,50127.52587176081,50127.52587176081,0.0,0.0,534.9492356358714,"{""nocvar_g0.00"": 39661.244659452, ""cvar_t0.90_r0.05_g0.00"": 39623.94929277203, ""cvar_t0.90_r0.20_g0.00"": 39675.014136391525, ""cvar_t0.95_r0.05_g0.00"": 39623.94929277203, ""cvar_t0.95_r0.20_g0.00"": 39675.014136391525, ""nocvar_g0.02"": 39650.48743844537, ""cvar_t0.90_r0.05_g0.02"": 39640.18827262162, ""cvar_t0.90_r0.20_g0.02"": 39647.76897536666, ""cvar_t0.95_r0.05_g0.02"": 39669.52785805951, ""cvar_t0.95_r0.20_g0.02"": 39695.956188004515, ""nocvar_g0.05"": 39807.89679872308, ""cvar_t0.90_r0.05_g0.05"": 39755.16904481413, ""cvar_t0.90_r0.20_g0.05"": 39680.614784218415, ""cvar_t0.95_r0.05_g0.05"": 39761.83402328411, ""cvar_t0.95_r0.20_g0.05"": 39697.432849289624}"
2025-11-17,320,cvar_t0.90_r0.05_g0.00,0.9,0.05,0.0,4273.038514985741,4602.323676636874,50548.44118926248,50548.44118926248,0.0,0.0,2447.446794991954,"{""nocvar_g0.00"": 39723.75490270355, ""cvar_t0.90_r0.05_g0.00"": 39640.44327991538, ""cvar_t0.90_r0.20_g0.00"": 39659.91987410037, ""cvar_t0.95_r0.05_g0.00"": 39640.44327991538, ""cvar_t0.95_r0.20_g0.00"": 39659.91987410037, ""nocvar_g0.02"": 39700.31154454616, ""cvar_t0.90_r0.05_g0.02"": 39693.352149321596, ""cvar_t0.90_r0.20_g0.02"": 39668.21920586076, ""cvar_t0.95_r0.05_g0.02"": 39717.70755830802, ""cvar_t0.95_r0.20_g0.02"": 39674.77336900496, ""nocvar_g0.05"": 39948.152986594185, ""cvar_t0.90_r0.05_g0.05"": 39852.97507808644, ""cvar_t0.90_r0.20_g0.05"": 39735.356895469784, ""cvar_t0.95_r0.05_g0.05"": 39840.99261263076, ""cvar_t0.95_r0.20_g0.05"": 39753.63129190068}"
2025-11-18,321,cvar_t0.90_r0.05_g0.00,0.9,0.05,0.0,4602.323676636874,4976.1204804057425,51352.48402731236,51352.48402731236,0.0,0.0,1943.616866213983,"{""nocvar_g0.00"": 39915.90739550306, ""cvar_t0.90_r0.05_g0.00"": 39830.43108195293, ""cvar_t0.90_r0.20_g0.00"": 39846.57824238609, ""cvar_t0.95_r0.05_g0.00"": 39830.43108195293, ""cvar_t0.95_r0.20_g0.00"": 39846.57824238609, ""nocvar_g0.02"": 39873.434998844816, ""cvar_t0.90_r0.05_g0.02"": 39885.58006889321, ""cvar_t0.90_r0.20_g0.02"": 39855.01529402782, ""cvar_t0.95_r0.05_g0.02"": 39893.047445851436, ""cvar_t0.95_r0.20_g0.02"": 39861.56945717201, ""nocvar_g0.05"": 40017.20330765131, ""cvar_t0.90_r0.05_g0.05"": 39921.49912381218, ""cvar_t0.90_r0.20_g0.05"": 39926.3938519926, ""cvar_t0.95_r0.05_g0.05"": 39913.39098036767, ""cvar_t0.95_r0.20_g0.05"": 39942.31809174485}"
2025-11-19,322,cvar_t0.90_r0.05_g0.00,0.9,0.05,0.0,4976.1204804057425,4447.835824681072,52258.31560536309,52258.31560536309,0.0,0.0,2932.7462137830717,"{""nocvar_g0.00"": 40017.785086669996, ""cvar_t0.90_r0.05_g0.00"": 39936.696739225954, ""cvar_t0.90_r0.20_g0.00"": 39959.788739121934, ""cvar_t0.95_r0.05_g0.00"": 39936.696739225954, ""cvar_t0.95_r0.20_g0.00"": 39959.788739121934, ""nocvar_g0.02"": 39964.29392317212, ""cvar_t0.90_r0.05_g0.02"": 39976.43660393937, ""cvar_t0.90_r0.20_g0.02"": 39969.05327462439, ""cvar_t0.95_r0.05_g0.02"": 39984.38016223094, ""cvar_t0.95_r0.20_g0.02"": 39975.60743776858, ""nocvar_g0.05"": 40083.84844500611, ""cvar_t0.90_r0.05_g0.05"": 40004.56907543355, ""cvar_t0.90_r0.20_g0.05"": 40024.176623625484, ""cvar_t0.95_r0.05_g0.05"": 39997.266673435865, ""cvar_t0.95_r0.20_g0.05"": 40060.6496449426}"
2025-11-20,323,cvar_t0.90_r0.05_g0.00,0.9,0.05,0.0,4447.835824681072,4558.503123755501,50768.3700245575,50768.3700245575,0.0,0.0,733.2269865040068,"{""nocvar_g0.00"": 40158.79589735853, ""cvar_t0.90_r0.05_g0.00"": 40076.39358011699, ""cvar_t0.90_r0.20_g0.00"": 40101.804133524, ""cvar_t0.95_r0.05_g0.00"": 40076.39358011699, ""cvar_t0.95_r0.20_g0.00"": 40101.804133524, ""nocvar_g0.02"": 40082.01313543482, ""cvar_t0.90_r0.05_g0.02"": 40117.97257712542, ""cvar_t0.90_r0.20_g0.02"": 40110.29386493475, ""cvar_t0.95_r0.05_g0.02"": 40125.91613541701, ""cvar_t0.95_r0.20_g0.02"": 40116.84802807893, ""nocvar_g0.05"": 40144.94924474608, ""cvar_t0.90_r0.05_g0.05"": 40131.86668837517, ""cvar_t0.90_r0.20_g0.05"": 40155.42389857065, ""cvar_t0.95_r0.05_g0.05"": 40121.918793667784, ""cvar_t0.95_r0.20_g0.05"": 40191.89691988776}"
2025-11-21,324,nocvar_g0.02,,0.0,0.02,4558.503123755501,4765.515471865863,19029.424170757047,19029.424170757047,0.0,0.0,3054.481039691357,"{""nocvar_g0.00"": 40381.88249163912, ""cvar_t0.90_r0.05_g0.00"": 40292.15872068047, ""cvar_t0.90_r0.20_g0.00"": 40303.062189395074, ""cvar_t0.95_r0.05_g0.00"": 40292.15872068047, ""cvar_t0.95_r0.20_g0.00"": 40303.062189395074, ""nocvar_g0.02"": 40286.73421196795, ""cvar_t0.90_r0.05_g0.02"": 40322.68645083032, ""cvar_t0.90_r0.20_g0.02"": 40311.34691389309, ""cvar_t0.95_r0.05_g0.02"": 40330.6300091219, ""cvar_t0.95_r0.20_g0.02"": 40317.90107703728, ""nocvar_g0.05"": 40401.26016151392, ""cvar_t0.90_r0.05_g0.05"": 40375.201814384585, ""cvar_t0.90_r0.20_g0.05"": 40349.408806790176, ""cvar_t0.95_r0.05_g0.05"": 40312.92989486295, ""cvar_t0.95_r0.20_g0.05"": 40393.22762461012}"
2025-11-22,325,nocvar_g0.02,,0.0,0.02,4765.515471865863,4412.197395670785,19719.366887558546,18789.703720746056,929.6631668124892,174.19504316666473,2019.7084030137673,"{""nocvar_g0.00"": 40432.39608029131, ""cvar_t0.90_r0.05_g0.00"": 40350.303815003754, ""cvar_t0.90_r0.20_g0.00"": 40371.684493039174, ""cvar_t0.95_r0.05_g0.00"": 40350.303815003754, ""cvar_t0.95_r0.20_g0.00"": 40371.684493039174, ""nocvar_g0.02"": 40345.97593308423, ""cvar_t0.90_r0.05_g0.02"": 40385.729262714485, ""cvar_t0.90_r0.20_g0.02"": 40379.08130458496, ""cvar_t0.95_r0.05_g0.02"": 40393.672821006054, ""cvar_t0.95_r0.20_g0.02"": 40385.63546772914, ""nocvar_g0.05"": 40455.27698408644, ""cvar_t0.90_r0.05_g0.05"": 40440.87713200752, ""cvar_t0.90_r0.20_g0.05"": 40422.050526926345, ""cvar_t0.95_r0.05_g0.05"": 40377.828776701754, ""cvar_t0.95_r0.20_g0.05"": 40460.79439249461}"
2025-11-23,326,nocvar_g0.02,,0.0,0.02,4412.197395670785,4364.645021748742,51463.3310218215,51463.3310218215,0.0,0.0,1537.5485348353927,"{""nocvar_g0.00"": 40523.287554765484, ""cvar_t0.90_r0.05_g0.00"": 40441.59984375971, ""cvar_t0.90_r0.20_g0.00"": 40453.87707186667, ""cvar_t0.95_r0.05_g0.00"": 40441.59984375971, ""cvar_t0.95_r0.20_g0.00"": 40453.87707186667, ""nocvar_g0.02"": 40436.3003333999, ""cvar_t0.90_r0.05_g0.02"": 40474.98335169465, ""cvar_t0.90_r0.20_g0.02"": 40460.895027936254, ""cvar_t0.95_r0.05_g0.02"": 40482.92690998623, ""cvar_t0.95_r0.20_g0.02"": 40467.44919108044, ""nocvar_g0.05"": 40539.3518424572, ""cvar_t0.90_r0.05_g0.05"": 40530.045255861376, ""cvar_t0.90_r0.20_g0.05"": 40495.703063570385, ""cvar_t0.95_r0.05_g0.05"": 40466.8759500563, ""cvar_t0.95_r0.20_g0.05"": 40542.079388081234}"
2025-11-24,327,nocvar_g0.02,,0.0,0.02,4364.645021748742,4160.223709814813,51757.539092434585,51757.539092434585,0.0,0.0,3729.2163277895766,"{""nocvar_g0.00"": 40798.34726963728, ""cvar_t0.90_r0.05_g0.00"": 40711.66712786328, ""cvar_t0.90_r0.20_g0.00"": 40726.540007981974, ""cvar_t0.95_r0.05_g0.00"": 40711.66712786328, ""cvar_t0.95_r0.20_g0.00"": 40726.540007981974, ""nocvar_g0.02"": 40701.173004035125, ""cvar_t0.90_r0.05_g0.02"": 40742.62171601062, ""cvar_t0.90_r0.20_g0.02"": 40733.085326385386, ""cvar_t0.95_r0.05_g0.02"": 40750.82215479657, ""cvar_t0.95_r0.20_g0.02"": 40739.924901099825, ""nocvar_g0.05"": 40795.431375410924, ""cvar_t0.90_r0.05_g0.05"": 40791.66475014442, ""cvar_t0.90_r0.20_g0.05"": 40761.104761699804, ""cvar_t0.95_r0.05_g0.05"": 40729.12313933, ""cvar_t0.95_r0.20_g0.05"": 40810.34825322945}"
2025-11-25,328,nocvar_g0.02,,0.0,0.02,4160.223709814813,4774.112522499998,52745.784904892105,52745.784904892105,0.0,0.0,2060.6594020906523,"{""nocvar_g0.00"": 41050.82938863787, ""cvar_t0.90_r0.05_g0.00"": 40984.54642328515, ""cvar_t0.90_r0.20_g0.00"": 41000.738736290084, ""cvar_t0.95_r0.05_g0.00"": 40984.54642328515, ""cvar_t0.95_r0.20_g0.00"": 41000.738736290084, ""nocvar_g0.02"": 40961.59031210938, ""cvar_t0.90_r0.05_g0.02"": 41014.46175435529, ""cvar_t0.90_r0.20_g0.02"": 41007.04389219823, ""cvar_t0.95_r0.05_g0.02"": 41024.73018844288, ""cvar_t0.95_r0.20_g0.02"": 41013.88346691267, ""nocvar_g0.05"": 41074.411572886755, ""cvar_t0.90_r0.05_g0.05"": 41067.88466760102, ""cvar_t0.90_r0.20_g0.05"": 41039.6502780132, ""cvar_t0.95_r0.05_g0.05"": 41002.60242325072, ""cvar_t0.95_r0.20_g0.05"": 41088.454271771094}"
2025-11-26,329,nocvar_g0.02,,0.0,0.02,4774.112522499998,4908.61761573611,52112.33001297721,51972.48767067721,139.84234229999998,29.855324999999993,422.18676958618903,"{""nocvar_g0.00"": 41362.50630528505, ""cvar_t0.90_r0.05_g0.00"": 41298.01379463014, ""cvar_t0.90_r0.20_g0.00"": 41320.09114942705, ""cvar_t0.95_r0.05_g0.00"": 41298.01379463014, ""cvar_t0.95_r0.20_g0.00"": 41320.09114942705, ""nocvar_g0.02"": 41277.63160992042, ""cvar_t0.90_r0.05_g0.02"": 41327.75692279483, ""cvar_t0.90_r0.20_g0.02"": 41325.519352812225, ""cvar_t0.95_r0.05_g0.02"": 41337.35130492562, ""cvar_t0.95_r0.20_g0.02"": 41332.35892752668, ""nocvar_g0.05"": 41387.37115576847, ""cvar_t0.90_r0.05_g0.05"": 41387.53125071381, ""cvar_t0.90_r0.20_g0.05"": 41352.27270173415, ""cvar_t0.95_r0.05_g0.05"": 41320.918101706855, ""cvar_t0.95_r0.20_g0.05"": 41406.49949979742}"
2025-11-27,330,nocvar_g0.00,,0.0,0.0,4908.61761573611,4389.369923333333,53188.79839703333,51659.91400457513,1528.8843924582,220.17820486666665,2173.3759872016394,"{""nocvar_g0.00"": 41118.66841621221, ""cvar_t0.90_r0.05_g0.00"": 41231.787306724626, ""cvar_t0.90_r0.20_g0.00"": 41286.66483222837, ""cvar_t0.95_r0.05_g0.00"": 41231.787306724626, ""cvar_t0.95_r0.20_g0.00"": 41286.66483222837, ""nocvar_g0.02"": 41173.32322747204, ""cvar_t0.90_r0.05_g0.02"": 41265.95813664245, ""cvar_t0.90_r0.20_g0.02"": 41292.38917961887, ""cvar_t0.95_r0.05_g0.02"": 41275.55251877324, ""cvar_t0.95_r0.20_g0.02"": 41299.22875433332, ""nocvar_g0.05"": 41339.80899210732, ""cvar_t0.90_r0.05_g0.05"": 41291.6298469164, ""cvar_t0.90_r0.20_g0.05"": 41332.38616627618, ""cvar_t0.95_r0.05_g0.05"": 41232.71702506186, ""cvar_t0.95_r0.20_g0.05"": 41386.61296433944}"
2025-11-28,331,nocvar_g0.00,,0.0,0.0,4389.369923333333,4603.0318440937235,19592.35790133147,19592.35790133147,0.0,0.0,2075.1291937981414,"{""nocvar_g0.00"": 41376.71230274601, ""cvar_t0.90_r0.05_g0.00"": 41480.07175273273, ""cvar_t0.90_r0.20_g0.00"": 41559.3606063705, ""cvar_t0.95_r0.05_g0.00"": 41480.07175273273, ""cvar_t0.95_r0.20_g0.00"": 41559.3606063705, ""nocvar_g0.02"": 41413.0410860601, ""cvar_t0.90_r0.05_g0.02"": 41518.26538230607, ""cvar_t0.90_r0.20_g0.02"": 41563.965714646656, ""cvar_t0.95_r0.05_g0.02"": 41527.85976443688, ""cvar_t0.95_r0.20_g0.02"": 41570.8052893611, ""nocvar_g0.05"": 41575.66236763687, ""cvar_t0.90_r0.05_g0.05"": 41536.62656148839, ""cvar_t0.90_r0.20_g0.05"": 41587.92485781199, ""cvar_t0.95_r0.05_g0.05"": 41477.71373963386, ""cvar_t0.95_r0.20_g0.05"": 41642.15165587525}"
2025-11-29,332,nocvar_g0.00,,0.0,0.0,4603.0318440937235,3985.866241666666,29276.97951634889,19179.562304844127,10097.417211504764,1530.756024691862,12.322500000000105,"{""nocvar_g0.00"": 41434.38969879953, ""cvar_t0.90_r0.05_g0.00"": 41540.91816594475, ""cvar_t0.90_r0.20_g0.00"": 41600.50218093968, ""cvar_t0.95_r0.05_g0.00"": 41540.91816594475, ""cvar_t0.95_r0.20_g0.00"": 41600.50218093968, ""nocvar_g0.02"": 41472.26994023521, ""cvar_t0.90_r0.05_g0.02"": 41577.540952843905, ""cvar_t0.90_r0.20_g0.02"": 41604.99811786816, ""cvar_t0.95_r0.05_g0.02"": 41587.1353349747, ""cvar_t0.95_r0.20_g0.02"": 41611.837692582616, ""nocvar_g0.05"": 41624.534311265634, ""cvar_t0.90_r0.05_g0.05"": 41587.54562985821, ""cvar_t0.90_r0.20_g0.05"": 41633.94642349484, ""cvar_t0.95_r0.05_g0.05"": 41528.33243848486, ""cvar_t0.95_r0.20_g0.05"": 41688.975232144854}"
2025-11-30,333,cvar_t0.90_r0.20_g0.00,0.9,0.2,0.0,3985.866241666666,4413.5643447562925,54899.53170282047,54899.53170282047,0.0,0.0,1205.065968460905,"{""nocvar_g0.00"": 41854.241226724094, ""cvar_t0.90_r0.05_g0.00"": 41934.97348745809, ""cvar_t0.90_r0.20_g0.00"": 41798.55771443686, ""cvar_t0.95_r0.05_g0.00"": 41934.97348745809, ""cvar_t0.95_r0.20_g0.00"": 41798.55771443686, ""nocvar_g0.02"": 41890.48474470184, ""cvar_t0.90_r0.05_g0.02"": 41994.10813688034, ""cvar_t0.90_r0.20_g0.02"": 41940.766650572776, ""cvar_t0.95_r0.05_g0.02"": 42002.87499500655, ""cvar_t0.95_r0.20_g0.02"": 41947.62040178671, ""nocvar_g0.05"": 42043.334771141956, ""cvar_t0.90_r0.05_g0.05"": 42006.46713570752, ""cvar_t0.90_r0.20_g0.05"": 42053.12951102137, ""cvar_t0.95_r0.05_g0.05"": 41947.03881392132, ""cvar_t0.95_r0.20_g0.05"": 42029.37066038813}"
2025-12-01,334,cvar_t0.90_r0.20_g0.00,0.9,0.2,0.0,4413.5643447562925,4232.027156666667,80811.07729211035,54969.34648487053,25841.730807239812,4934.190163097397,891.0636183333324,"{""nocvar_g0.00"": 42164.26851243427, ""cvar_t0.90_r0.05_g0.00"": 42177.82497657345, ""cvar_t0.90_r0.20_g0.00"": 42055.93121640616, ""cvar_t0.95_r0.05_g0.00"": 42177.82497657345, ""cvar_t0.95_r0.20_g0.00"": 42055.93121640616, ""nocvar_g0.02"": 42151.01660303804, ""cvar_t0.90_r0.05_g0.02"": 42247.07624379207, ""cvar_t0.90_r0.20_g0.02"": 42195.88851451768, ""cvar_t0.95_r0.05_g0.02"": 42256.503621453994, ""cvar_t0.95_r0.20_g0.02"": 42202.74226573161, ""nocvar_g0.05"": 42300.61635855812, ""cvar_t0.90_r0.05_g0.05"": 42267.309012734586, ""cvar_t0.90_r0.20_g0.05"": 42302.32607151618, ""cvar_t0.95_r0.05_g0.05"": 42208.95820135842, ""cvar_t0.95_r0.20_g0.05"": 42257.53275932618}"
2025-12-02,335,cvar_t0.90_r0.20_g0.00,0.9,0.2,0.0,4232.027156666667,4031.5633599074085,69290.18009579889,58400.8475241845,10889.332571614385,1840.8484738261018,132.1836566666666,"{""nocvar_g0.00"": 43414.62051330935, ""cvar_t0.90_r0.05_g0.00"": 43414.556681368835, ""cvar_t0.90_r0.20_g0.00"": 43255.323300532364, ""cvar_t0.95_r0.05_g0.00"": 43414.556681368835, ""cvar_t0.95_r0.20_g0.00"": 43255.323300532364, ""nocvar_g0.02"": 43429.945856437014, ""cvar_t0.90_r0.05_g0.02"": 43497.21180903512, ""cvar_t0.90_r0.20_g0.02"": 43396.120549422936, ""cvar_t0.95_r0.05_g0.02"": 43502.58594744247, ""cvar_t0.95_r0.20_g0.02"": 43402.974300636866, ""nocvar_g0.05"": 43668.91755465691, ""cvar_t0.90_r0.05_g0.05"": 43543.07654968331, ""cvar_t0.90_r0.20_g0.05"": 43558.32002132023, ""cvar_t0.95_r0.05_g0.05"": 43483.9076676668, ""cvar_t0.95_r0.20_g0.05"": 43491.51589293853}"
2025-12-03,336,cvar_t0.90_r0.20_g0.00,0.9,0.2,0.0,4031.5633599074085,4914.945510424809,60976.26064929251,60976.26064929251,0.0,0.0,1883.9058469034226,"{""nocvar_g0.00"": 44686.34414023811, ""cvar_t0.90_r0.05_g0.00"": 44655.51651493272, ""cvar_t0.90_r0.20_g0.00"": 44029.58479972197, ""cvar_t0.95_r0.05_g0.00"": 44655.51651493272, ""cvar_t0.95_r0.20_g0.00"": 44029.58479972197, ""nocvar_g0.02"": 44655.5358257481, ""cvar_t0.90_r0.05_g0.02"": 44268.40393044134, ""cvar_t0.90_r0.20_g0.02"": 44169.22596651011, ""cvar_t0.95_r0.05_g0.02"": 44273.778068848675, ""cvar_t0.95_r0.20_g0.02"": 44176.07971772404, ""nocvar_g0.05"": 44417.75125127361, ""cvar_t0.90_r0.05_g0.05"": 44304.083794993385, ""cvar_t0.90_r0.20_g0.05"": 44330.80945163545, ""cvar_t0.95_r0.05_g0.05"": 44252.815196088704, ""cvar_t0.95_r0.20_g0.05"": 44264.005323253754}"
2025-12-04,337,cvar_t0.90_r0.20_g0.00,0.9,0.2,0.0,4914.945510424809,4193.880108440741,64917.49433964743,58291.99354494939,6625.500794698032,1358.3994094825125,1907.0504605196431,"{""nocvar_g0.00"": 45998.87020681581, ""cvar_t0.90_r0.05_g0.00"": 45722.020222034225, ""cvar_t0.90_r0.20_g0.00"": 44479.91056541533, ""cvar_t0.95_r0.05_g0.00"": 45722.020222034225, ""cvar_t0.95_r0.20_g0.00"": 44479.91056541533, ""nocvar_g0.02"": 45704.05191482656, ""cvar_t0.90_r0.05_g0.02"": 44718.35219509054, ""cvar_t0.90_r0.20_g0.02"": 44611.022370246574, ""cvar_t0.95_r0.05_g0.02"": 44723.726333497885, ""cvar_t0.95_r0.20_g0.02"": 44617.876121460504, ""nocvar_g0.05"": 44877.02554014345, ""cvar_t0.90_r0.05_g0.05"": 44755.16532549578, ""cvar_t0.90_r0.20_g0.05"": 44771.282463536474, ""cvar_t0.95_r0.05_g0.05"": 44703.8967265911, ""cvar_t0.95_r0.20_g0.05"": 44704.47833515478}"
2025-12-05,338,cvar_t0.90_r0.20_g0.00,0.9,0.2,0.0,4193.880108440741,4006.8461712037038,26669.32340136463,23739.62316985693,2929.700231507695,480.60943523003095,490.5455022222228,"{""nocvar_g0.00"": 46973.54684540776, ""cvar_t0.90_r0.05_g0.00"": 46621.765525744355, ""cvar_t0.90_r0.20_g0.00"": 45034.92832937777, ""cvar_t0.95_r0.05_g0.00"": 46621.765525744355, ""cvar_t0.95_r0.20_g0.00"": 45034.92832937777, ""nocvar_g0.02"": 46565.34014790041, ""cvar_t0.90_r0.05_g0.02"": 45274.39275726981, ""cvar_t0.90_r0.20_g0.02"": 45167.06293242584, ""cvar_t0.95_r0.05_g0.02"": 45279.76689567715, ""cvar_t0.95_r0.20_g0.02"": 45173.91668363977, ""nocvar_g0.05"": 45466.755904879225, ""cvar_t0.90_r0.05_g0.05"": 45344.89569023155, ""cvar_t0.90_r0.20_g0.05"": 45361.01282827224, ""cvar_t0.95_r0.05_g0.05"": 45293.62709132687, ""cvar_t0.95_r0.20_g0.05"": 45294.20869989055}"
2025-12-06,339,cvar_t0.90_r0.20_g0.00,0.9,0.2,0.0,4006.8461712037038,4168.540990277777,36146.092227404144,23654.234305358892,12491.857922045252,2009.3062081234489,0.0,"{""nocvar_g0.00"": 47923.29549751887, ""cvar_t0.90_r0.05_g0.00"": 47230.8895623956, ""cvar_t0.90_r0.20_g0.00"": 45316.33427447473, ""cvar_t0.95_r0.05_g0.00"": 47230.8895623956, ""cvar_t0.95_r0.20_g0.00"": 45316.33427447473, ""nocvar_g0.02"": 47126.52499004656, ""cvar_t0.90_r0.05_g0.02"": 45503.46416725304, ""cvar_t0.90_r0.20_g0.02"": 45444.29239453469, ""cvar_t0.95_r0.05_g0.02"": 45503.74653121852, ""cvar_t0.95_r0.20_g0.02"": 45451.146145748615, ""nocvar_g0.05"": 45759.2065661093, ""cvar_t0.90_r0.05_g0.05"": 45639.49026807241, ""cvar_t0.90_r0.20_g0.05"": 45652.002145340564, ""cvar_t0.95_r0.05_g0.05"": 45589.25871464798, ""cvar_t0.95_r0.20_g0.05"": 45571.26935317695}"
2025-12-07,340,cvar_t0.90_r0.20_g0.00,0.9,0.2,0.0,4168.540990277777,4308.561484537036,61441.62484634996,60320.897631121436,1120.7272152285257,183.89037728333233,2329.3681762551523,"{""nocvar_g0.00"": 49457.286161160264, ""cvar_t0.90_r0.05_g0.00"": 48372.030582274034, ""cvar_t0.90_r0.20_g0.00"": 45952.95087242075, ""cvar_t0.95_r0.05_g0.00"": 48372.030582274034, ""cvar_t0.95_r0.20_g0.00"": 45952.95087242075, ""nocvar_g0.02"": 48126.94909708926, ""cvar_t0.90_r0.05_g0.02"": 46140.99090261305, ""cvar_t0.90_r0.20_g0.02"": 46081.27271729322, ""cvar_t0.95_r0.05_g0.02"": 46141.283183549946, ""cvar_t0.95_r0.20_g0.02"": 46088.12646850715, ""nocvar_g0.05"": 46400.27759111502, ""cvar_t0.90_r0.05_g0.05"": 46280.56129307812, ""cvar_t0.90_r0.20_g0.05"": 46293.07352816056, ""cvar_t0.95_r0.05_g0.05"": 46230.329739653695, ""cvar_t0.95_r0.20_g0.05"": 46210.943842972876}"
2025-12-08,341,cvar_t0.90_r0.20_g0.00,0.9,0.2,0.0,4308.561484537036,4913.47500431482,61290.275495043315,61290.275495043315,0.0,0.0,2597.057220950612,"{""nocvar_g0.00"": 50400.4583652843, ""cvar_t0.90_r0.05_g0.00"": 49218.9650727686, ""cvar_t0.90_r0.20_g0.00"": 46435.454277356264, ""cvar_t0.95_r0.05_g0.00"": 49218.9650727686, ""cvar_t0.95_r0.20_g0.00"": 46435.454277356264, ""nocvar_g0.02"": 48973.76812717355, ""cvar_t0.90_r0.05_g0.02"": 46641.77620369083, ""cvar_t0.90_r0.20_g0.02"": 46572.836011722095, ""cvar_t0.95_r0.05_g0.02"": 46641.69663528116, ""cvar_t0.95_r0.20_g0.02"": 46579.43009623095, ""nocvar_g0.05"": 46822.774659445386, ""cvar_t0.90_r0.05_g0.05"": 46765.098100559764, ""cvar_t0.90_r0.20_g0.05"": 46798.91125739638, ""cvar_t0.95_r0.05_g0.05"": 46712.45205572174, ""cvar_t0.95_r0.20_g0.05"": 46723.81263229631}"
2025-12-09,342,cvar_t0.90_r0.20_g0.00,0.9,0.2,0.0,4913.47500431482,4753.940857540733,62711.98444846903,62679.658551316534,32.32589715250106,5.533835000000181,5125.327266323378,"{""nocvar_g0.00"": 50490.342993933526, ""cvar_t0.90_r0.05_g0.00"": 49396.311623077614, ""cvar_t0.90_r0.20_g0.00"": 46648.130166696385, ""cvar_t0.95_r0.05_g0.00"": 49396.311623077614, ""cvar_t0.95_r0.20_g0.00"": 46648.130166696385, ""nocvar_g0.02"": 49039.92763514712, ""cvar_t0.90_r0.05_g0.02"": 46771.15930846729, ""cvar_t0.90_r0.20_g0.02"": 46785.825852145856, ""cvar_t0.95_r0.05_g0.02"": 46771.80765691206, ""cvar_t0.95_r0.20_g0.02"": 46788.82771590427, ""nocvar_g0.05"": 46897.774737792504, ""cvar_t0.90_r0.05_g0.05"": 46844.35224104799, ""cvar_t0.90_r0.20_g0.05"": 46906.942531396286, ""cvar_t0.95_r0.05_g0.05"": 46791.73619219352, ""cvar_t0.95_r0.20_g0.05"": 46852.75448466923}"
2025-12-10,343,cvar_t0.90_r0.20_g0.00,0.9,0.2,0.0,4753.940857540733,5577.566115351857,64133.15861766855,64133.15861766855,0.0,0.0,5023.342887860077,"{""nocvar_g0.00"": 50979.40571210149, ""cvar_t0.90_r0.05_g0.00"": 49835.77818300786, ""cvar_t0.90_r0.20_g0.00"": 47129.012002451105, ""cvar_t0.95_r0.05_g0.00"": 49835.77818300786, ""cvar_t0.95_r0.20_g0.00"": 47129.012002451105, ""nocvar_g0.02"": 49492.47405784102, ""cvar_t0.90_r0.05_g0.02"": 47192.952401273775, ""cvar_t0.90_r0.20_g0.02"": 47267.46913213077, ""cvar_t0.95_r0.05_g0.02"": 47193.60074971854, ""cvar_t0.95_r0.20_g0.02"": 47270.470995889176, ""nocvar_g0.05"": 47378.598414520595, ""cvar_t0.90_r0.05_g0.05"": 47325.215410725046, ""cvar_t0.90_r0.20_g0.05"": 47389.19294470485, ""cvar_t0.95_r0.05_g0.05"": 47272.64822003683, ""cvar_t0.95_r0.20_g0.05"": 47335.004897977815}"
2025-12-11,344,cvar_t0.90_r0.05_g0.02,0.9,0.05,0.02,5577.566115351857,4955.033379127006,60514.1203812974,60460.6580952574,53.46228604000059,11.413810000000126,3991.04092529303,"{""nocvar_g0.00"": 51405.38919332598, ""cvar_t0.90_r0.05_g0.00"": 50220.755284211264, ""cvar_t0.90_r0.20_g0.00"": 47637.81826944863, ""cvar_t0.95_r0.05_g0.00"": 50220.755284211264, ""cvar_t0.95_r0.20_g0.00"": 47637.81826944863, ""nocvar_g0.02"": 49887.32287903476, ""cvar_t0.90_r0.05_g0.02"": 47633.06271774609, ""cvar_t0.90_r0.20_g0.02"": 47774.62007953921, ""cvar_t0.95_r0.05_g0.02"": 47633.690906613636, ""cvar_t0.95_r0.20_g0.02"": 47777.62194329763, ""nocvar_g0.05"": 47922.29543976162, ""cvar_t0.90_r0.05_g0.05"": 47852.07526666123, ""cvar_t0.90_r0.20_g0.05"": 47890.02202912059, ""cvar_t0.95_r0.05_g0.05"": 47796.939680480915, ""cvar_t0.95_r0.20_g0.05"": 47835.833982393546}"
2025-12-12,345,cvar_t0.90_r0.05_g0.02,0.9,0.05,0.02,4955.033379127006,4286.243540555555,34072.12328453471,23961.78506564507,10110.338218889647,1749.8978992645618,184.06604833333336,"{""nocvar_g0.00"": 51761.76506108623, ""cvar_t0.90_r0.05_g0.00"": 50561.20317122306, ""cvar_t0.90_r0.20_g0.00"": 48036.73045430715, ""cvar_t0.95_r0.05_g0.00"": 50561.20317122306, ""cvar_t0.95_r0.20_g0.00"": 48036.73045430715, ""nocvar_g0.02"": 50237.13804716737, ""cvar_t0.90_r0.05_g0.02"": 47998.637077730906, ""cvar_t0.90_r0.20_g0.02"": 48173.399600433135, ""cvar_t0.95_r0.05_g0.02"": 47999.26526659843, ""cvar_t0.95_r0.20_g0.02"": 48176.40146419156, ""nocvar_g0.05"": 48333.76703134076, ""cvar_t0.90_r0.05_g0.05"": 48249.60691474252, ""cvar_t0.90_r0.20_g0.05"": 48287.4936662529, ""cvar_t0.95_r0.05_g0.05"": 48194.471328562206, ""cvar_t0.95_r0.20_g0.05"": 48233.305619525854}"
2025-12-13,346,cvar_t0.90_r0.20_g0.00,0.9,0.2,0.0,4286.243540555555,5046.5711766111135,26447.024006638963,26447.024006638963,0.0,0.0,1797.6726509275638,"{""nocvar_g0.00"": 52498.8189515433, ""cvar_t0.90_r0.05_g0.00"": 51118.08630242075, ""cvar_t0.90_r0.20_g0.00"": 48283.71815483959, ""cvar_t0.95_r0.05_g0.00"": 51118.08630242075, ""cvar_t0.95_r0.20_g0.00"": 48283.71815483959, ""nocvar_g0.02"": 50736.9462341431, ""cvar_t0.90_r0.05_g0.02"": 48548.26464130992, ""cvar_t0.90_r0.20_g0.02"": 48420.41879828252, ""cvar_t0.95_r0.05_g0.02"": 48548.89283017744, ""cvar_t0.95_r0.20_g0.02"": 48423.42066204093, ""nocvar_g0.05"": 48580.154515641625, ""cvar_t0.90_r0.05_g0.05"": 48491.46206866521, ""cvar_t0.90_r0.20_g0.05"": 48530.410061678616, ""cvar_t0.95_r0.05_g0.05"": 48436.913792798, ""cvar_t0.95_r0.20_g0.05"": 48477.52457985648}"
2025-12-14,347,cvar_t0.90_r0.20_g0.00,0.9,0.2,0.0,5046.5711766111135,4882.189021851854,63283.7250307646,63283.7250307646,0.0,0.0,5263.320214115232,"{""nocvar_g0.00"": 52723.47377246069, ""cvar_t0.90_r0.05_g0.00"": 51327.17828820996, ""cvar_t0.90_r0.20_g0.00"": 48554.17212477385, ""cvar_t0.95_r0.05_g0.00"": 51327.17828820996, ""cvar_t0.95_r0.20_g0.00"": 48554.17212477385, ""nocvar_g0.02"": 50946.398375798526, ""cvar_t0.90_r0.05_g0.02"": 48799.16305045837, ""cvar_t0.90_r0.20_g0.02"": 48688.28766198271, ""cvar_t0.95_r0.05_g0.02"": 48799.79123932591, ""cvar_t0.95_r0.20_g0.02"": 48691.28952574112, ""nocvar_g0.05"": 48853.20502032417, ""cvar_t0.90_r0.05_g0.05"": 48762.02285246801, ""cvar_t0.90_r0.20_g0.05"": 48798.701400099795, ""cvar_t0.95_r0.05_g0.05"": 48706.21356997707, ""cvar_t0.95_r0.20_g0.05"": 48746.907181969684}"
2025-12-15,348,cvar_t0.90_r0.20_g0.00,0.9,0.2,0.0,4882.189021851854,4882.390954121308,64544.16260151657,64544.16260151657,0.0,0.0,6090.678475751312,"{""nocvar_g0.00"": 53114.78116185956, ""cvar_t0.90_r0.05_g0.00"": 51738.34401543327, ""cvar_t0.90_r0.20_g0.00"": 49019.80100213638, ""cvar_t0.95_r0.05_g0.00"": 51738.34401543327, ""cvar_t0.95_r0.20_g0.00"": 49019.80100213638, ""nocvar_g0.02"": 51369.21493218085, ""cvar_t0.90_r0.05_g0.02"": 49227.78411859404, ""cvar_t0.90_r0.20_g0.02"": 49155.65357615421, ""cvar_t0.95_r0.05_g0.02"": 49228.076720614066, ""cvar_t0.95_r0.20_g0.02"": 49155.953164223945, ""nocvar_g0.05"": 49255.229570787145, ""cvar_t0.90_r0.05_g0.05"": 49199.91224654993, ""cvar_t0.90_r0.20_g0.05"": 49274.07029719208, ""cvar_t0.95_r0.05_g0.05"": 49158.90541055823, ""cvar_t0.95_r0.20_g0.05"": 49219.42616914164}"
2025-12-16,349,cvar_t0.90_r0.20_g0.00,0.9,0.2,0.0,4882.390954121308,5602.844416442949,66496.52295885811,66496.52295885811,0.0,0.0,7458.147005034984,"{""nocvar_g0.00"": 53588.347008480865, ""cvar_t0.90_r0.05_g0.00"": 52222.967176027785, ""cvar_t0.90_r0.20_g0.00"": 49519.698620660165, ""cvar_t0.95_r0.05_g0.00"": 52222.967176027785, ""cvar_t0.95_r0.20_g0.00"": 49519.698620660165, ""nocvar_g0.02"": 51857.3401528653, ""cvar_t0.90_r0.05_g0.02"": 49709.865617658055, ""cvar_t0.90_r0.20_g0.02"": 49656.20891783697, ""cvar_t0.95_r0.05_g0.02"": 49710.171543764554, ""cvar_t0.95_r0.20_g0.02"": 49656.50850590672, ""nocvar_g0.05"": 49750.854541681976, ""cvar_t0.90_r0.05_g0.05"": 49695.89139962167, ""cvar_t0.90_r0.20_g0.05"": 49773.12420048844, ""cvar_t0.95_r0.05_g0.05"": 49655.80911929986, ""cvar_t0.95_r0.20_g0.05"": 49720.459611338345}"
2025-12-17,350,cvar_t0.90_r0.20_g0.00,0.9,0.2,0.0,5602.844416442949,5576.0512342492,67085.23136199238,67085.23136199238,0.0,0.0,10578.179267490945,"{""nocvar_g0.00"": 54002.73229926599, ""cvar_t0.90_r0.05_g0.00"": 52639.45495802121, ""cvar_t0.90_r0.20_g0.00"": 50053.14629415006, ""cvar_t0.95_r0.05_g0.00"": 52639.45495802121, ""cvar_t0.95_r0.20_g0.00"": 50053.14629415006, ""nocvar_g0.02"": 52277.56110569608, ""cvar_t0.90_r0.05_g0.02"": 50129.25006688211, ""cvar_t0.90_r0.20_g0.02"": 50188.6634054825, ""cvar_t0.95_r0.05_g0.02"": 50128.59806877089, ""cvar_t0.95_r0.20_g0.02"": 50188.962993552246, ""nocvar_g0.05"": 50168.86550091921, ""cvar_t0.90_r0.05_g0.05"": 50151.955425344226, ""cvar_t0.90_r0.20_g0.05"": 50311.60300313357, ""cvar_t0.95_r0.05_g0.05"": 50111.597004182426, ""cvar_t0.95_r0.20_g0.05"": 50254.56263038451}"
2025-12-18,351,cvar_t0.95_r0.05_g0.02,0.95,0.05,0.02,5576.0512342492,5149.233183541385,63400.7176554255,63400.7176554255,0.0,0.0,6724.604571332629,"{""nocvar_g0.00"": 54395.23975811365, ""cvar_t0.90_r0.05_g0.00"": 53035.94246783012, ""cvar_t0.90_r0.20_g0.00"": 50582.78562795959, ""cvar_t0.95_r0.05_g0.00"": 53035.94246783012, ""cvar_t0.95_r0.20_g0.00"": 50582.78562795959, ""nocvar_g0.02"": 52680.59255007, ""cvar_t0.90_r0.05_g0.02"": 50547.2660781479, ""cvar_t0.90_r0.20_g0.02"": 50717.3078324035, ""cvar_t0.95_r0.05_g0.02"": 50546.614080036685, ""cvar_t0.95_r0.20_g0.02"": 50717.60742047324, ""nocvar_g0.05"": 50597.6546799142, ""cvar_t0.90_r0.05_g0.05"": 50596.56614437239, ""cvar_t0.90_r0.20_g0.05"": 50839.77642240172, ""cvar_t0.95_r0.05_g0.05"": 50556.20772321058, ""cvar_t0.95_r0.20_g0.05"": 50782.73604965267}"
2025-12-19,352,nocvar_g0.05,,0.0,0.05,5149.233183541385,4353.878994537037,25887.9395865394,25772.875082099945,115.06450443945596,23.313646933331164,3208.9644825925916,"{""nocvar_g0.00"": 54814.68860880391, ""cvar_t0.90_r0.05_g0.00"": 53481.43826646569, ""cvar_t0.90_r0.20_g0.00"": 51075.66732089668, ""cvar_t0.95_r0.05_g0.00"": 53481.43826646569, ""cvar_t0.95_r0.20_g0.00"": 51075.66732089668, ""nocvar_g0.02"": 53118.17552473665, ""cvar_t0.90_r0.05_g0.02"": 50997.767999858486, ""cvar_t0.90_r0.20_g0.02"": 51210.4424688629, ""cvar_t0.95_r0.05_g0.02"": 50997.116001747265, ""cvar_t0.95_r0.20_g0.02"": 51210.74205693264, ""nocvar_g0.05"": 50964.752162075354, ""cvar_t0.90_r0.05_g0.05"": 51008.26601782692, ""cvar_t0.90_r0.20_g0.05"": 51340.443182102536, ""cvar_t0.95_r0.05_g0.05"": 51020.23162147937, ""cvar_t0.95_r0.20_g0.05"": 51276.05701285065}"
2025-12-20,353,nocvar_g0.05,,0.0,0.05,4353.878994537037,4837.195087781294,27872.120943568993,27872.120943568993,0.0,0.0,5812.2799252018485,"{""nocvar_g0.00"": 55045.89641871201, ""cvar_t0.90_r0.05_g0.00"": 53738.105951298385, ""cvar_t0.90_r0.20_g0.00"": 51390.3405062498, ""cvar_t0.95_r0.05_g0.00"": 53738.105951298385, ""cvar_t0.95_r0.20_g0.00"": 51390.3405062498, ""nocvar_g0.02"": 53354.973737401226, ""cvar_t0.90_r0.05_g0.02"": 51255.17009057199, ""cvar_t0.90_r0.20_g0.02"": 51524.87308721863, ""cvar_t0.95_r0.05_g0.02"": 51254.51809246078, ""cvar_t0.95_r0.20_g0.02"": 51525.17267528836, ""nocvar_g0.05"": 51211.86247834215, ""cvar_t0.90_r0.05_g0.05"": 51268.708571225594, ""cvar_t0.90_r0.20_g0.05"": 51656.421268742284, ""cvar_t0.95_r0.05_g0.05"": 51281.44924551504, ""cvar_t0.95_r0.20_g0.05"": 51591.967247962406}"
2025-12-21,354,nocvar_g0.05,,0.0,0.05,4837.195087781294,4944.424491388895,64258.397519526116,64258.397519526116,0.0,0.0,6071.348431090535,"{""nocvar_g0.00"": 55333.42339852547, ""cvar_t0.90_r0.05_g0.00"": 54029.64450446789, ""cvar_t0.90_r0.20_g0.00"": 51727.15783318138, ""cvar_t0.95_r0.05_g0.00"": 54029.64450446789, ""cvar_t0.95_r0.20_g0.00"": 51727.15783318138, ""nocvar_g0.02"": 53646.45886144445, ""cvar_t0.90_r0.05_g0.02"": 51555.71941850416, ""cvar_t0.90_r0.20_g0.02"": 51863.99071355385, ""cvar_t0.95_r0.05_g0.02"": 51555.06742039294, ""cvar_t0.95_r0.20_g0.02"": 51864.290301623594, ""nocvar_g0.05"": 51510.07186304492, ""cvar_t0.90_r0.05_g0.05"": 51570.79006824533, ""cvar_t0.90_r0.20_g0.05"": 52004.52400098676, ""cvar_t0.95_r0.05_g0.05"": 51583.627788601196, ""cvar_t0.95_r0.20_g0.05"": 51932.4375212643}"
2025-12-22,355,nocvar_g0.05,,0.0,0.05,4944.424491388895,4756.898767689993,64191.92282442708,64191.92282442708,0.0,0.0,6228.943189465021,"{""nocvar_g0.00"": 55756.502455939546, ""cvar_t0.90_r0.05_g0.00"": 54485.06617783293, ""cvar_t0.90_r0.20_g0.00"": 52236.1940138761, ""cvar_t0.95_r0.05_g0.00"": 54485.06617783293, ""cvar_t0.95_r0.20_g0.00"": 52236.1940138761, ""nocvar_g0.02"": 54096.96609301504, ""cvar_t0.90_r0.05_g0.02"": 52013.693602344654, ""cvar_t0.90_r0.20_g0.02"": 52372.838185127606, ""cvar_t0.95_r0.05_g0.02"": 52012.78472373906, ""cvar_t0.95_r0.20_g0.02"": 52372.85236162709, ""nocvar_g0.05"": 51973.694659235676, ""cvar_t0.90_r0.05_g0.05"": 52047.30678257992, ""cvar_t0.90_r0.20_g0.05"": 52520.5956533683, ""cvar_t0.95_r0.05_g0.05"": 52059.26215749672, ""cvar_t0.95_r0.20_g0.05"": 52445.64200662705}"
2025-12-23,356,nocvar_g0.05,,0.0,0.05,4756.898767689993,4839.014759907411,62305.87272789076,62305.87272789076,0.0,0.0,4946.311221255142,"{""nocvar_g0.00"": 56206.08366330591, ""cvar_t0.90_r0.05_g0.00"": 54921.95878834836, ""cvar_t0.90_r0.20_g0.00"": 52705.59902005754, ""cvar_t0.95_r0.05_g0.00"": 54921.95878834836, ""cvar_t0.95_r0.20_g0.00"": 52705.59902005754, ""nocvar_g0.02"": 54542.53615169737, ""cvar_t0.90_r0.05_g0.02"": 52456.685427229575, ""cvar_t0.90_r0.20_g0.02"": 52843.60360357909, ""cvar_t0.95_r0.05_g0.02"": 52453.73648230109, ""cvar_t0.95_r0.20_g0.02"": 52843.617780078566, ""nocvar_g0.05"": 52417.865188341864, ""cvar_t0.90_r0.05_g0.05"": 52497.96645704063, ""cvar_t0.90_r0.20_g0.05"": 52990.71608040244, ""cvar_t0.95_r0.05_g0.05"": 52508.57005897772, ""cvar_t0.95_r0.20_g0.05"": 52912.630213558026}"
2025-12-24,357,nocvar_g0.05,,0.0,0.05,4839.014759907411,4593.6146179814805,62301.92509333772,62301.92509333772,0.0,0.0,5056.008920967072,"{""nocvar_g0.00"": 56567.54557553605, ""cvar_t0.90_r0.05_g0.00"": 55311.17835413164, ""cvar_t0.90_r0.20_g0.00"": 53218.64117774945, ""cvar_t0.95_r0.05_g0.00"": 55311.17835413164, ""cvar_t0.95_r0.20_g0.00"": 53218.64117774945, ""nocvar_g0.02"": 54900.837674525224, ""cvar_t0.90_r0.05_g0.02"": 52849.202485253256, ""cvar_t0.90_r0.20_g0.02"": 53355.832054398896, ""cvar_t0.95_r0.05_g0.02"": 52845.1560491191, ""cvar_t0.95_r0.20_g0.02"": 53355.84623089838, ""nocvar_g0.05"": 52766.94044325558, ""cvar_t0.90_r0.05_g0.05"": 52873.97757206725, ""cvar_t0.90_r0.20_g0.05"": 53512.01376706351, ""cvar_t0.95_r0.05_g0.05"": 52885.2421727793, ""cvar_t0.95_r0.20_g0.05"": 53424.156905970995}"
2025-12-25,358,nocvar_g0.05,,0.0,0.05,4593.6146179814805,4494.116100490625,62022.83638703794,62022.83638703794,0.0,0.0,4308.650081821115,"{""nocvar_g0.00"": 56925.895864609054, ""cvar_t0.90_r0.05_g0.00"": 55653.29449509252, ""cvar_t0.90_r0.20_g0.00"": 53604.89794239687, ""cvar_t0.95_r0.05_g0.00"": 55653.29449509252, ""cvar_t0.95_r0.20_g0.00"": 53604.89794239687, ""nocvar_g0.02"": 55271.25508850476, ""cvar_t0.90_r0.05_g0.02"": 53202.14381641441, ""cvar_t0.90_r0.20_g0.02"": 53741.36571808996, ""cvar_t0.95_r0.05_g0.02"": 53198.09738028027, ""cvar_t0.95_r0.20_g0.02"": 53741.37989458944, ""nocvar_g0.05"": 53094.96809415067, ""cvar_t0.90_r0.05_g0.05"": 53262.79604946456, ""cvar_t0.90_r0.20_g0.05"": 53886.43992408684, ""cvar_t0.95_r0.05_g0.05"": 53266.36032302419, ""cvar_t0.95_r0.20_g0.05"": 53798.58306299434}"
2025-12-26,359,nocvar_g0.05,,0.0,0.05,4494.116100490625,5155.012845785091,25482.621764952506,25482.621764952506,0.0,0.0,709.0604862139884,"{""nocvar_g0.00"": 57223.31348832675, ""cvar_t0.90_r0.05_g0.00"": 55967.12965665386, ""cvar_t0.90_r0.20_g0.00"": 53957.34409259991, ""cvar_t0.95_r0.05_g0.00"": 55967.12965665386, ""cvar_t0.95_r0.20_g0.00"": 53957.34409259991, ""nocvar_g0.02"": 55589.19639416229, ""cvar_t0.90_r0.05_g0.02"": 53512.17861111141, ""cvar_t0.90_r0.20_g0.02"": 54094.69369031916, ""cvar_t0.95_r0.05_g0.02"": 53508.13217497727, ""cvar_t0.95_r0.20_g0.02"": 54094.707866818644, ""nocvar_g0.05"": 53414.792162328864, ""cvar_t0.90_r0.05_g0.05"": 53580.28729864018, ""cvar_t0.90_r0.20_g0.05"": 54255.64074738348, ""cvar_t0.95_r0.05_g0.05"": 53583.8515721998, ""cvar_t0.95_r0.20_g0.05"": 54167.78388629098}"
2025-12-27,360,nocvar_g0.05,,0.0,0.05,5155.012845785091,4908.175744166663,26957.003514872544,26957.003514872544,0.0,0.0,4365.835334115218,"{""nocvar_g0.00"": 57451.0948918644, ""cvar_t0.90_r0.05_g0.00"": 56224.835621936, ""cvar_t0.90_r0.20_g0.00"": 54273.59549510492, ""cvar_t0.95_r0.05_g0.00"": 56224.835621936, ""cvar_t0.95_r0.20_g0.00"": 54273.59549510492, ""nocvar_g0.02"": 55806.58714222749, ""cvar_t0.90_r0.05_g0.02"": 53784.55640317541, ""cvar_t0.90_r0.20_g0.02"": 54413.40506018767, ""cvar_t0.95_r0.05_g0.02"": 53780.50996704127, ""cvar_t0.95_r0.20_g0.02"": 54413.41923668715, ""nocvar_g0.05"": 53631.8552024632, ""cvar_t0.90_r0.05_g0.05"": 53850.26106236696, ""cvar_t0.90_r0.20_g0.05"": 54576.53325172585, ""cvar_t0.95_r0.05_g0.05"": 53854.12570544542, ""cvar_t0.95_r0.20_g0.05"": 54488.67639063334}"
2025-12-28,361,nocvar_g0.05,,0.0,0.05,4908.175744166663,5111.568727370368,63301.47944368656,63301.47944368656,0.0,0.0,6461.43871553498,"{""nocvar_g0.00"": 57372.80990244405, ""cvar_t0.90_r0.05_g0.00"": 56205.92633746107, ""cvar_t0.90_r0.20_g0.00"": 54494.57930247298, ""cvar_t0.95_r0.05_g0.00"": 56205.92633746107, ""cvar_t0.95_r0.20_g0.00"": 54494.57930247298, ""nocvar_g0.02"": 55728.37509182653, ""cvar_t0.90_r0.05_g0.02"": 53742.4790101651, ""cvar_t0.90_r0.20_g0.02"": 54495.259668172395, ""cvar_t0.95_r0.05_g0.02"": 53739.46352445854, ""cvar_t0.95_r0.20_g0.02"": 54495.259668172395, ""nocvar_g0.05"": 53545.88012285035, ""cvar_t0.90_r0.05_g0.05"": 53800.546690421565, ""cvar_t0.90_r0.20_g0.05"": 54577.88786301946, ""cvar_t0.95_r0.05_g0.05"": 53804.62646391288, ""cvar_t0.95_r0.20_g0.05"": 54568.8186612102}"
2025-12-29,362,nocvar_g0.05,,0.0,0.05,5111.568727370368,4442.194807333333,62015.9004812692,62015.9004812692,0.0,0.0,5248.997180123459,"{""nocvar_g0.00"": 57641.79845001329, ""cvar_t0.90_r0.05_g0.00"": 56533.85598551651, ""cvar_t0.90_r0.20_g0.00"": 54841.34070888418, ""cvar_t0.95_r0.05_g0.00"": 56533.85598551651, ""cvar_t0.95_r0.20_g0.00"": 54841.34070888418, ""nocvar_g0.02"": 56035.03913104283, ""cvar_t0.90_r0.05_g0.02"": 54063.7691313858, ""cvar_t0.90_r0.20_g0.02"": 54842.05661684185, ""cvar_t0.95_r0.05_g0.02"": 54059.71589213122, ""cvar_t0.95_r0.20_g0.02"": 54841.876254995535, ""nocvar_g0.05"": 53852.91155176072, ""cvar_t0.90_r0.05_g0.05"": 54109.346544105174, ""cvar_t0.90_r0.20_g0.05"": 54915.36707010195, ""cvar_t0.95_r0.05_g0.05"": 54113.900081842345, ""cvar_t0.95_r0.20_g0.05"": 54913.155592086325}"
2025-12-30,363,nocvar_g0.05,,0.0,0.05,4442.194807333333,5084.8634314814835,61969.522750617456,61969.522750617456,0.0,0.0,4772.741603509379,"{""nocvar_g0.00"": 56925.631153070084, ""cvar_t0.90_r0.05_g0.00"": 55837.34178594667, ""cvar_t0.90_r0.20_g0.00"": 54305.60001760859, ""cvar_t0.95_r0.05_g0.00"": 55837.34178594667, ""cvar_t0.95_r0.20_g0.00"": 54305.60001760859, ""nocvar_g0.02"": 55295.58915139756, ""cvar_t0.90_r0.05_g0.02"": 53355.00071692768, ""cvar_t0.90_r0.20_g0.02"": 54305.22689107746, ""cvar_t0.95_r0.05_g0.02"": 53355.00071692768, ""cvar_t0.95_r0.20_g0.02"": 54305.04652923114, ""nocvar_g0.05"": 53030.27217548894, ""cvar_t0.90_r0.05_g0.05"": 53382.15935722238, ""cvar_t0.90_r0.20_g0.05"": 54333.82509470976, ""cvar_t0.95_r0.05_g0.05"": 53387.16762040299, ""cvar_t0.95_r0.20_g0.05"": 54344.759212922225}"
2025-12-31,364,nocvar_g0.05,,0.0,0.05,5084.8634314814835,4264.2630756481485,61293.10916846649,60951.54016251037,341.569005956124,73.83298454999799,2710.0787384323066,"{""nocvar_g0.00"": 56186.3039993078, ""cvar_t0.90_r0.05_g0.00"": 55164.5077550899, ""cvar_t0.90_r0.20_g0.00"": 54229.78549106321, ""cvar_t0.95_r0.05_g0.00"": 55164.5077550899, ""cvar_t0.95_r0.20_g0.00"": 54229.78549106321, ""nocvar_g0.02"": 54603.84369146841, ""cvar_t0.90_r0.05_g0.02"": 53145.01637583787, ""cvar_t0.90_r0.20_g0.02"": 54231.38989651694, ""cvar_t0.95_r0.05_g0.02"": 53145.01637583787, ""cvar_t0.95_r0.20_g0.02"": 54231.209534670634, ""nocvar_g0.05"": 52765.544387747614, ""cvar_t0.90_r0.05_g0.05"": 53148.98568120412, ""cvar_t0.90_r0.20_g0.05"": 54263.46661577659, ""cvar_t0.95_r0.05_g0.05"": 53154.006076366604, ""cvar_t0.95_r0.20_g0.05"": 54274.40073398904}"
