plan_day,day_index,time_index,interval_start,interval_end,natural_day,q0_kwh,planned_grid_kwh,qfinal_kwh,price_yuan_per_kwh,load_actual_kwh,pv_actual_kwh,soc_before_kwh,confirmation_count,release_used,settlement,observation_delay_slots,charge_kwh,discharge_kwh,emergency_kwh,unused_supply_kwh,soc_after_kwh,u_kwh,r_kwh,base_cost_yuan,up_cost_yuan,down_cost_yuan,ordinary_cost_yuan,emergency_cost_yuan,total_cost_yuan
2025-03-19,77,143,2025-03-20 00:00:00,2025-03-20 00:10:00,2025-03-20,612.5333333333333,612.5333333333333,612.5333333333333,0.4276,568.4183333333333,0.0,4751.661227256521,0,Q2,B,0,44.11500000000001,0.0,0.0,0.0,4791.36472725652,0.0,0.0,261.9192533333333,0.0,-0.0,261.9192533333333,0.0,261.9192533333333
2025-03-20,78,0,2025-03-20 00:10:00,2025-03-20 00:20:00,2025-03-20,1392.8019833333333,1392.8019833333333,1392.8019833333333,0.4248,549.8448166666667,0.0,4791.36472725652,0,0,B,0,833.3333333333334,0.0,0.0,9.62383333333321,5541.36472725652,0.0,0.0,591.66228252,0.0,-0.0,591.66228252,0.0,591.66228252
2025-03-20,78,1,2025-03-20 00:20:00,2025-03-20 00:30:00,2025-03-20,1381.8082,1381.8082,1381.8082,0.4245,570.3135,0.0,5541.36472725652,0,0,B,0,811.4947,0.0,0.0,0.0,6271.70995725652,0.0,0.0,586.5775808999999,0.0,-0.0,586.5775808999999,0.0,586.5775808999999
2025-03-20,78,2,2025-03-20 00:30:00,2025-03-20 00:40:00,2025-03-20,1392.1549999999997,1392.1549999999997,1392.1549999999997,0.4269,613.8516666666667,0.0,6271.70995725652,0,0,B,0,778.3033333333331,0.0,0.0,0.0,6972.18295725652,0.0,0.0,594.3109694999999,0.0,-0.0,594.3109694999999,0.0,594.3109694999999
2025-03-20,78,3,2025-03-20 00:40:00,2025-03-20 00:50:00,2025-03-20,1388.7795666666666,1388.7795666666666,1388.7795666666666,0.4272,579.4561666666666,0.0,6972.18295725652,0,0,B,0,809.3234,0.0,0.0,0.0,7700.57401725652,0.0,0.0,593.28663088,0.0,-0.0,593.28663088,0.0,593.28663088
2025-03-20,78,4,2025-03-20 00:50:00,2025-03-20 01:00:00,2025-03-20,1383.1740999999997,1383.1740999999997,1383.1740999999997,0.4271,550.4449166666666,0.0,7700.57401725652,0,0,B,0,832.7291833333331,0.0,0.0,0.0,8450.03028225652,0.0,0.0,590.7536581099998,0.0,-0.0,590.7536581099998,0.0,590.7536581099998
2025-03-20,78,5,2025-03-20 01:00:00,2025-03-20 01:10:00,2025-03-20,1079.2391073487202,1079.2391073487202,1079.2391073487202,0.4285,571.1566666666666,0.0,8450.03028225652,0,0,B,0,508.0824406820535,0.0,0.0,0.0,8907.304478870368,0.0,0.0,462.45395749892657,0.0,-0.0,462.45395749892657,0.0,462.45395749892657
2025-03-20,78,6,2025-03-20 01:10:00,2025-03-20 01:20:00,2025-03-20,589.0196249999999,589.0196249999999,589.0196249999999,0.4311,601.5890499999999,0.0,8907.304478870368,0,0,B,0,0.0,12.569425000000024,0.0,0.0,8893.33845109259,0.0,0.0,253.92636033749994,0.0,-0.0,253.92636033749994,0.0,253.92636033749994
2025-03-20,78,7,2025-03-20 01:20:00,2025-03-20 01:30:00,2025-03-20,568.4431166666666,568.4431166666666,568.4431166666666,0.4302,611.48375,0.0,8893.33845109259,0,0,B,0,0.0,43.0406333333334,0.0,0.0,8845.515525166664,0.0,0.0,244.54422878999998,0.0,-0.0,244.54422878999998,0.0,244.54422878999998
2025-03-20,78,8,2025-03-20 01:30:00,2025-03-20 01:40:00,2025-03-20,1372.2833333333333,1372.2833333333333,1372.2833333333333,0.4279,598.2166666666667,0.0,8845.515525166664,0,0,B,0,774.0666666666666,0.0,0.0,0.0,9542.175525166664,0.0,0.0,587.2000383333333,0.0,-0.0,587.2000383333333,0.0,587.2000383333333
2025-03-20,78,9,2025-03-20 01:40:00,2025-03-20 01:50:00,2025-03-20,602.5348583333331,602.5348583333331,602.5348583333331,0.4312,583.9359499999999,0.0,9542.175525166664,0,0,B,0,18.598908333333156,0.0,0.0,0.0,9558.914542666664,0.0,0.0,259.81303091333325,0.0,-0.0,259.81303091333325,0.0,259.81303091333325
2025-03-20,78,10,2025-03-20 01:50:00,2025-03-20 02:00:00,2025-03-20,608.4313083333334,608.4313083333334,608.4313083333334,0.4333,590.99505,0.0,9558.914542666664,0,0,B,0,17.4362583333334,0.0,0.0,0.0,9574.607175166664,0.0,0.0,263.63328590083336,0.0,-0.0,263.63328590083336,0.0,263.63328590083336
2025-03-20,78,11,2025-03-20 02:00:00,2025-03-20 02:10:00,2025-03-20,634.0591666666666,634.0591666666666,634.0591666666666,0.4311,598.4433333333333,0.0,9574.607175166664,0,0,B,0,35.615833333333285,0.0,0.0,0.0,9606.661425166663,0.0,0.0,273.34290674999994,0.0,-0.0,273.34290674999994,0.0,273.34290674999994
2025-03-20,78,12,2025-03-20 02:10:00,2025-03-20 02:20:00,2025-03-20,594.6689333333333,594.6689333333333,594.6689333333333,0.4293,565.9836166666666,0.0,9606.661425166663,0,0,B,0,28.68531666666661,0.0,0.0,0.0,9632.478210166662,0.0,0.0,255.29137307999997,0.0,-0.0,255.29137307999997,0.0,255.29137307999997
2025-03-20,78,13,2025-03-20 02:20:00,2025-03-20 02:30:00,2025-03-20,592.5515583333332,592.5515583333332,592.5515583333332,0.4324,546.1207666666667,0.0,9632.478210166662,0,0,B,0,46.43079166666655,0.0,0.0,0.0,9674.265922666662,0.0,0.0,256.21929382333326,0.0,-0.0,256.21929382333326,0.0,256.21929382333326
2025-03-20,78,14,2025-03-20 02:30:00,2025-03-20 02:40:00,2025-03-20,596.7199999999999,596.7199999999999,596.7199999999999,0.4367,565.7133333333334,0.0,9674.265922666662,0,0,B,0,31.006666666666547,0.0,0.0,0.0,9702.171922666661,0.0,0.0,260.58762399999995,0.0,-0.0,260.58762399999995,0.0,260.58762399999995
2025-03-20,78,15,2025-03-20 02:40:00,2025-03-20 02:50:00,2025-03-20,602.1956916666668,602.1956916666668,602.1956916666668,0.4348,597.9265666666666,0.0,9702.171922666661,0,0,B,0,4.269125000000145,0.0,0.0,0.0,9706.01413516666,0.0,0.0,261.83468673666675,0.0,-0.0,261.83468673666675,0.0,261.83468673666675
2025-03-20,78,16,2025-03-20 02:50:00,2025-03-20 03:00:00,2025-03-20,601.8842083333334,601.8842083333334,601.8842083333334,0.4335,600.9544666666666,0.0,9706.01413516666,0,0,B,0,0.9297416666668141,0.0,0.0,0.0,9706.850902666662,0.0,0.0,260.9168043125,0.0,-0.0,260.9168043125,0.0,260.9168043125
2025-03-20,78,17,2025-03-20 03:00:00,2025-03-20 03:10:00,2025-03-20,588.585,588.585,588.585,0.4357,587.1316666666667,0.0,9706.850902666662,0,0,B,0,1.4533333333333758,0.0,0.0,0.0,9708.158902666662,0.0,0.0,256.4464845,0.0,-0.0,256.4464845,0.0,256.4464845
2025-03-20,78,18,2025-03-20 03:10:00,2025-03-20 03:20:00,2025-03-20,617.7793916666667,617.7793916666667,617.7793916666667,0.4374,605.2103,0.0,9708.158902666662,0,0,B,0,12.569091666666736,0.0,0.0,0.0,9719.471085166662,0.0,0.0,270.21670591500003,0.0,-0.0,270.21670591500003,0.0,270.21670591500003
2025-03-20,78,19,2025-03-20 03:20:00,2025-03-20 03:30:00,2025-03-20,613.6959083333334,613.6959083333334,613.6959083333334,0.4371,621.8923833333333,0.0,9719.471085166662,0,0,B,0,0.0,8.196474999999964,0.0,0.0,9710.363890722218,0.0,0.0,268.2464815325,0.0,-0.0,268.2464815325,0.0,268.2464815325
2025-03-20,78,20,2025-03-20 03:30:00,2025-03-20 03:40:00,2025-03-20,596.3499999999999,596.3499999999999,596.3499999999999,0.4356,620.1683333333333,0.0,9710.363890722218,0,0,B,0,0.0,23.818333333333385,0.0,0.0,9683.899075907402,0.0,0.0,259.77005999999994,0.0,-0.0,259.77005999999994,0.0,259.77005999999994
2025-03-20,78,21,2025-03-20 03:40:00,2025-03-20 03:50:00,2025-03-20,596.4905583333333,596.4905583333333,596.4905583333333,0.4353,616.6230833333333,0.0,9683.899075907402,0,0,B,0,0.0,20.132524999999987,0.0,0.0,9661.52960368518,0.0,0.0,259.6523400425,0.0,-0.0,259.6523400425,0.0,259.6523400425
2025-03-20,78,22,2025-03-20 03:50:00,2025-03-20 04:00:00,2025-03-20,593.6949166666666,593.6949166666666,593.6949166666666,0.436,612.4637499999999,0.0,9661.52960368518,0,0,B,0,0.0,18.768833333333305,0.0,0.0,9640.675344425921,0.0,0.0,258.85098366666665,0.0,-0.0,258.85098366666665,0.0,258.85098366666665
2025-03-20,78,23,2025-03-20 04:00:00,2025-03-20 04:10:00,2025-03-20,596.2633333333333,596.2633333333333,596.2633333333333,0.4378,603.93,0.0,9640.675344425921,0,0,B,0,0.0,7.666666666666629,0.0,0.0,9632.156825907403,0.0,0.0,261.0440873333333,0.0,-0.0,261.0440873333333,0.0,261.0440873333333
2025-03-20,78,24,2025-03-20 04:10:00,2025-03-20 04:20:00,2025-03-20,603.016695,603.016695,603.016695,0.4401,589.79495,0.00031666666666666665,9632.156825907403,0,0,B,0,13.222061666666718,0.0,0.0,0.0,9644.056681407403,0.0,0.0,265.3876474695,0.0,-0.0,265.3876474695,0.0,265.3876474695
2025-03-20,78,25,2025-03-20 04:20:00,2025-03-20 04:30:00,2025-03-20,624.2108833333332,624.2108833333332,624.2108833333332,0.4389,581.4640499999999,0.0,9644.056681407403,0,0,B,0,42.74683333333326,0.0,0.0,0.0,9682.528831407402,0.0,0.0,273.96615669499994,0.0,-0.0,273.96615669499994,0.0,273.96615669499994
2025-03-20,78,26,2025-03-20 04:30:00,2025-03-20 04:40:00,2025-03-20,617.4100000000001,617.4100000000001,617.4100000000001,0.4364,585.585,0.0,9682.528831407402,0,0,B,0,31.825000000000045,0.0,0.0,0.0,9711.171331407402,0.0,0.0,269.43772400000006,0.0,-0.0,269.43772400000006,0.0,269.43772400000006
2025-03-20,78,27,2025-03-20 04:40:00,2025-03-20 04:50:00,2025-03-20,632.207415,632.207415,632.207415,0.4393,599.72965,0.004516666666666666,9711.171331407402,0,0,B,0,32.48228166666661,0.0,0.0,0.0,9740.405384907403,0.0,0.0,277.7287174095,0.0,-0.0,277.7287174095,0.0,277.7287174095
2025-03-20,78,28,2025-03-20 04:50:00,2025-03-20 05:00:00,2025-03-20,575.6641166666665,575.6641166666665,575.6641166666665,0.4422,616.7393166666666,0.0,9740.405384907403,0,0,B,0,0.0,41.07520000000011,0.0,0.0,9694.766273796291,0.0,0.0,254.5586723899999,0.0,-0.0,254.5586723899999,0.0,254.5586723899999
2025-03-20,78,29,2025-03-20 05:00:00,2025-03-20 05:10:00,2025-03-20,586.5016666666666,586.5016666666666,586.5016666666666,0.4395,625.595,0.0,9694.766273796291,0,0,B,0,0.0,39.093333333333476,0.0,0.0,9651.329236759253,0.0,0.0,257.76748249999997,0.0,-0.0,257.76748249999997,0.0,257.76748249999997
2025-03-20,78,30,2025-03-20 05:10:00,2025-03-20 05:20:00,2025-03-20,618.0820783333332,618.0820783333332,618.0820783333332,0.4333,619.49685,0.06293333333333333,9651.329236759253,0,0,B,0,0.0,1.3518383333333759,0.0,0.0,9649.82719416666,0.0,0.0,267.8149645418333,0.0,-0.0,267.8149645418333,0.0,267.8149645418333
2025-03-20,78,31,2025-03-20 05:20:00,2025-03-20 05:30:00,2025-03-20,642.71715,642.71715,642.71715,0.4439,617.8444,0.0,9649.82719416666,0,0,B,0,24.872749999999996,0.0,0.0,0.0,9672.21266916666,0.0,0.0,285.30214288499997,0.0,-0.0,285.30214288499997,0.0,285.30214288499997
2025-03-20,78,32,2025-03-20 05:30:00,2025-03-20 05:40:00,2025-03-20,658.6333333333332,658.6333333333332,658.6333333333332,0.4301,607.115,0.0,9672.21266916666,0,0,B,0,51.5183333333332,0.0,0.0,0.0,9718.57916916666,0.0,0.0,283.2781966666666,0.0,-0.0,283.2781966666666,0.0,283.2781966666666
2025-03-20,78,33,2025-03-20 05:40:00,2025-03-20 05:50:00,2025-03-20,1413.0921968107002,1413.0921968107002,1413.0921968107002,0.3713,576.3066333333334,0.8765666666666667,9718.57916916666,0,0,B,0,833.3333333333334,0.0,0.0,4.328796810700055,10468.57916916666,0.0,0.0,524.681132675813,0.0,-0.0,524.681132675813,0.0,524.681132675813
2025-03-20,78,34,2025-03-20 05:50:00,2025-03-20 06:00:00,2025-03-20,649.26945,649.26945,649.26945,0.5708,671.4631166666666,0.0,10468.57916916666,0,0,B,0,0.0,22.19366666666656,0.0,0.0,10443.91953953703,0.0,0.0,370.60300206,0.0,-0.0,370.60300206,0.0,370.60300206
2025-03-20,78,35,2025-03-20 06:00:00,2025-03-20 06:10:00,2025-03-20,0.0,0.0,0.0,0.9099,827.015,0.0,10443.91953953703,1,6,B,0,0.0,827.015,0.0,0.0,9525.013983981475,0.0,0.0,0.0,0.0,-0.0,0.0,0.0,0.0
2025-03-20,78,36,2025-03-20 06:10:00,2025-03-20 06:20:00,2025-03-20,0.0,0.0,0.0,0.9368,817.5199666666667,25.57003333333333,9525.013983981475,1,6,B,0,0.0,791.9499333333334,0.0,0.0,8645.069613611104,0.0,0.0,0.0,0.0,-0.0,0.0,0.0,0.0
2025-03-20,78,37,2025-03-20 06:20:00,2025-03-20 06:30:00,2025-03-20,0.0,0.0,0.0,0.8758,776.8039833333333,66.84066666666666,8645.069613611104,1,6,B,0,0.0,709.9633166666667,0.0,0.0,7856.221483981474,0.0,0.0,0.0,0.0,-0.0,0.0,0.0,0.0
2025-03-20,78,38,2025-03-20 06:30:00,2025-03-20 06:40:00,2025-03-20,0.0,0.0,0.0,0.8759,783.9583333333333,112.58749999999999,7856.221483981474,1,6,B,0,0.0,671.3708333333333,0.0,0.0,7110.253891388882,0.0,0.0,0.0,0.0,-0.0,0.0,0.0,0.0
2025-03-20,78,39,2025-03-20 06:40:00,2025-03-20 06:50:00,2025-03-20,0.0,0.0,0.0,0.8601,787.8168000000001,158.77193333333332,7110.253891388882,1,6,B,0,0.0,629.0448666666667,0.0,0.0,6411.315150648141,0.0,0.0,0.0,0.0,-0.0,0.0,0.0,0.0
2025-03-20,78,40,2025-03-20 06:50:00,2025-03-20 07:00:00,2025-03-20,0.0,0.0,0.0,0.8442,803.2455499999999,217.08963333333332,6411.315150648141,1,6,B,0,0.0,586.1559166666666,0.0,0.0,5760.030798796289,0.0,0.0,0.0,0.0,-0.0,0.0,0.0,0.0
2025-03-20,78,41,2025-03-20 07:00:00,2025-03-20 07:10:00,2025-03-20,467.0934366666663,467.0934366666663,467.0934366666663,0.8334,813.3883333333333,282.20624999999995,5760.030798796289,1,6,B,0,0.0,64.08864666666705,0.0,0.0,5688.821191388881,0.0,0.0,389.2756701179997,0.0,-0.0,389.2756701179997,0.0,389.2756701179997
2025-03-20,78,42,2025-03-20 07:10:00,2025-03-20 07:20:00,2025-03-20,472.65794333333315,472.65794333333315,472.65794333333315,0.8092,781.5626833333333,334.9871833333333,5688.821191388881,1,6,B,0,26.082443333333117,0.0,0.0,0.0,5712.295390388881,0.0,0.0,382.4748077453332,0.0,-0.0,382.4748077453332,0.0,382.4748077453332
2025-03-20,78,43,2025-03-20 07:20:00,2025-03-20 07:30:00,2025-03-20,422.8103750000002,422.8103750000002,422.8103750000002,0.7972,785.5607666666666,384.31915000000004,5712.295390388881,1,6,B,0,21.568758333333676,0.0,0.0,0.0,5731.707272888882,0.0,0.0,337.06443095000014,0.0,-0.0,337.06443095000014,0.0,337.06443095000014
2025-03-20,78,44,2025-03-20 07:30:00,2025-03-20 07:40:00,2025-03-20,360.8133333333335,360.8133333333335,360.8133333333335,0.7644,804.5333333333333,434.95625,5731.707272888882,1,6,B,0,0.0,8.763749999999845,0.0,0.0,5721.969772888881,0.0,0.0,275.80571200000014,0.0,-0.0,275.80571200000014,0.0,275.80571200000014
2025-03-20,78,45,2025-03-20 07:40:00,2025-03-20 07:50:00,2025-03-20,328.1370316666667,328.1370316666667,328.1370316666667,0.6899,763.026,482.33579999999995,5721.969772888881,1,6,B,0,47.44683166666675,0.0,0.0,0.0,5764.671921388882,0.0,0.0,226.38173814683336,0.0,-0.0,226.38173814683336,0.0,226.38173814683336
2025-03-20,78,46,2025-03-20 07:50:00,2025-03-20 08:00:00,2025-03-20,0.0,0.0,0.0,0.86,864.5061333333333,529.9280666666666,5764.671921388882,1,6,B,0,0.0,334.5780666666667,0.0,0.0,5392.9185139814745,0.0,0.0,0.0,0.0,-0.0,0.0,0.0,0.0
2025-03-20,78,47,2025-03-20 08:00:00,2025-03-20 08:10:00,2025-03-20,0.0,0.0,0.0,1.1617,1067.5983333333334,579.4187499999999,5392.9185139814745,1,6,B,0,0.0,488.1795833333334,0.0,0.0,4850.496754722215,0.0,0.0,0.0,0.0,-0.0,0.0,0.0,0.0
2025-03-20,78,48,2025-03-20 08:10:00,2025-03-20 08:20:00,2025-03-20,0.0,0.0,0.0,1.1683,1109.6747666666665,626.8709166666666,4850.496754722215,1,6,B,0,0.0,482.8038499999999,0.0,0.0,4314.048032499993,0.0,0.0,0.0,0.0,-0.0,0.0,0.0,0.0
2025-03-20,78,49,2025-03-20 08:20:00,2025-03-20 08:30:00,2025-03-20,0.0,0.0,0.0,1.0956,1101.1000166666665,662.7286166666667,4314.048032499993,1,6,B,0,0.0,438.3713999999999,0.0,0.0,3826.9686991666595,0.0,0.0,0.0,0.0,-0.0,0.0,0.0,0.0
2025-03-20,78,50,2025-03-20 08:30:00,2025-03-20 08:40:00,2025-03-20,0.0,0.0,0.0,1.0849,1114.545,703.3874999999999,3826.9686991666595,1,6,B,0,0.0,411.15750000000014,0.0,0.0,3370.1270324999928,0.0,0.0,0.0,0.0,-0.0,0.0,0.0,0.0
2025-03-20,78,51,2025-03-20 08:40:00,2025-03-20 08:50:00,2025-03-20,0.0,0.0,0.0,1.061,1108.2959999999998,775.6238166666667,3370.1270324999928,1,6,B,0,0.0,332.6721833333331,0.0,0.0,3000.491273240734,0.0,0.0,0.0,0.0,-0.0,0.0,0.0,0.0
2025-03-20,78,52,2025-03-20 08:50:00,2025-03-20 09:00:00,2025-03-20,0.0,0.0,0.0,1.043,1117.5889166666666,839.5837833333333,3000.491273240734,1,6,B,0,0.0,278.00513333333333,0.0,0.0,2691.596680648141,0.0,0.0,0.0,0.0,-0.0,0.0,0.0,0.0
2025-03-20,78,53,2025-03-20 09:00:00,2025-03-20 09:10:00,2025-03-20,0.0,0.0,0.0,1.036,1126.3016666666667,863.4812499999999,2691.596680648141,1,6,B,0,0.0,262.8204166666668,0.0,0.0,2399.5739954629557,0.0,0.0,0.0,0.0,-0.0,0.0,0.0,0.0
2025-03-20,78,54,2025-03-20 09:10:00,2025-03-20 09:20:00,2025-03-20,0.0,0.0,0.0,1.0147,1082.3667333333333,861.0829666666666,2399.5739954629557,1,6,B,0,0.0,221.28376666666668,0.0,0.0,2153.7031436111038,0.0,0.0,0.0,0.0,-0.0,0.0,0.0,0.0
2025-03-20,78,55,2025-03-20 09:20:00,2025-03-20 09:30:00,2025-03-20,0.0,0.0,0.0,0.9922,1072.7398666666666,922.2214999999999,2153.7031436111038,1,6,B,0,0.0,150.51836666666668,0.0,0.0,1986.4605139814742,0.0,0.0,0.0,0.0,-0.0,0.0,0.0,0.0
2025-03-20,78,56,2025-03-20 09:30:00,2025-03-20 09:40:00,2025-03-20,0.0,0.0,0.0,0.97,1095.1416666666667,1017.95625,1986.4605139814742,1,6,B,0,0.0,77.1854166666667,0.0,0.0,1900.6989399074,0.0,0.0,0.0,0.0,-0.0,0.0,0.0,0.0
2025-03-20,78,57,2025-03-20 09:40:00,2025-03-20 09:50:00,2025-03-20,0.0,0.0,0.0,0.9422,1066.5605833333334,1030.4658333333332,1900.6989399074,1,6,B,0,0.0,36.094750000000204,0.0,0.0,1860.593662129622,0.0,0.0,0.0,0.0,-0.0,0.0,0.0,0.0
2025-03-20,78,58,2025-03-20 09:50:00,2025-03-20 10:00:00,2025-03-20,0.0,0.0,0.0,0.9569,1074.321683333333,1033.0643333333333,1860.593662129622,1,6,B,0,0.0,41.25734999999986,0.0,0.0,1814.7521621296223,0.0,0.0,0.0,0.0,-0.0,0.0,0.0,0.0
2025-03-20,78,59,2025-03-20 10:00:00,2025-03-20 10:10:00,2025-03-20,0.0,0.0,0.0,0.9977,1116.2383333333332,1071.03125,1814.7521621296223,1,6,B,0,0.0,45.20708333333323,0.0,0.0,1764.52206953703,0.0,0.0,0.0,0.0,-0.0,0.0,0.0,0.0
2025-03-20,78,60,2025-03-20 10:10:00,2025-03-20 10:20:00,2025-03-20,0.0,0.0,0.0,0.9919,1096.3326,1112.54135,1764.52206953703,1,6,B,0,16.20875000000001,0.0,0.0,0.0,1779.1099445370298,0.0,0.0,0.0,0.0,-0.0,0.0,0.0,0.0
2025-03-20,78,61,2025-03-20 10:20:00,2025-03-20 10:30:00,2025-03-20,0.0,0.0,0.0,0.9588,1074.2128666666667,1129.0006666666666,1779.1099445370298,1,6,B,0,54.787799999999834,0.0,0.0,0.0,1828.4189645370298,0.0,0.0,0.0,0.0,-0.0,0.0,0.0,0.0
2025-03-20,78,62,2025-03-20 10:30:00,2025-03-20 10:40:00,2025-03-20,0.0,0.0,0.0,0.9549,1078.935,1146.5124999999998,1828.4189645370298,1,6,B,0,67.57749999999987,0.0,0.0,0.0,1889.2387145370296,0.0,0.0,0.0,0.0,-0.0,0.0,0.0,0.0
2025-03-20,78,63,2025-03-20 10:40:00,2025-03-20 10:50:00,2025-03-20,0.0,0.0,0.0,0.9839,1075.7058833333333,1211.41895,1889.2387145370296,1,6,B,0,135.7130666666667,0.0,0.0,0.0,2011.3804745370296,0.0,0.0,0.0,0.0,-0.0,0.0,0.0,0.0
2025-03-20,78,64,2025-03-20 10:50:00,2025-03-20 11:00:00,2025-03-20,0.0,0.0,0.0,0.799,1058.7226666666666,1242.5592333333334,2011.3804745370296,1,6,B,0,183.83656666666684,0.0,0.0,0.0,2176.83338453703,0.0,0.0,0.0,0.0,-0.0,0.0,0.0,0.0
2025-03-20,78,65,2025-03-20 11:00:00,2025-03-20 11:10:00,2025-03-20,0.0,0.0,0.0,0.5025,1046.6499999999999,1210.5,2176.83338453703,1,6,B,0,163.85000000000014,0.0,0.0,0.0,2324.29838453703,0.0,0.0,0.0,0.0,-0.0,0.0,0.0,0.0
2025-03-20,78,66,2025-03-20 11:10:00,2025-03-20 11:20:00,2025-03-20,587.4794637468735,587.4794637468735,587.4794637468735,0.4662,1060.3406,1170.2779833333334,2324.29838453703,1,6,B,0,697.4168470802069,0.0,0.0,0.0,2951.973546909216,0.0,0.0,273.8829259987924,0.0,-0.0,273.8829259987924,0.0,273.8829259987924
2025-03-20,78,67,2025-03-20 11:20:00,2025-03-20 11:30:00,2025-03-20,0.0,0.0,0.0,0.5007,1065.6395499999999,1175.4807,2951.973546909216,1,6,B,0,109.8411500000002,0.0,0.0,0.0,3050.830581909216,0.0,0.0,0.0,0.0,-0.0,0.0,0.0,0.0
2025-03-20,78,68,2025-03-20 11:30:00,2025-03-20 11:40:00,2025-03-20,0.0,0.0,0.0,0.4827,1060.0166666666667,1219.59375,3050.830581909216,1,6,B,0,159.57708333333335,0.0,0.0,0.0,3194.4499569092163,0.0,0.0,0.0,0.0,-0.0,0.0,0.0,0.0
2025-03-20,78,69,2025-03-20 11:40:00,2025-03-20 11:50:00,2025-03-20,407.31937545801895,407.31937545801895,407.31937545801895,0.4785,1070.6712666666667,1250.9388833333333,3194.4499569092163,1,6,B,0,587.5869921246854,0.0,0.0,0.0,3723.2782498214333,0.0,0.0,194.90232115666205,0.0,-0.0,194.90232115666205,0.0,194.90232115666205
2025-03-20,78,70,2025-03-20 11:50:00,2025-03-20 12:00:00,2025-03-20,541.3266099999996,541.3266099999996,541.3266099999996,0.4662,1063.2702666666667,1272.5053833333332,3723.2782498214333,1,6,B,0,750.5617266666661,0.0,0.0,0.0,4398.783803821433,0.0,0.0,252.36646558199982,0.0,-0.0,252.36646558199982,0.0,252.36646558199982
2025-03-20,78,71,2025-03-20 12:00:00,2025-03-20 12:10:00,2025-03-20,510.53958333333344,510.53958333333344,583.670510416667,0.4432,1028.0533333333333,1303.0749999999998,4398.783803821433,1,12,B,0,833.3333333333334,0.0,0.0,25.35884375000012,5148.783803821433,73.13092708333352,0.0,226.27114333333338,48.61744032500012,-0.0,274.8885836583335,0.0,274.8885836583335
2025-03-20,78,72,2025-03-20 12:10:00,2025-03-20 12:20:00,2025-03-20,449.2515500000003,449.2515500000003,577.7835644444447,0.4411,993.1352666666667,1347.1565833333334,5148.783803821433,1,12,B,0,833.3333333333334,0.0,0.0,98.47154777777803,5898.783803821433,128.53201444444437,0.0,198.1648587050001,85.04320735716661,-0.0,283.2080660621667,0.0,283.2080660621667
2025-03-20,78,73,2025-03-20 12:20:00,2025-03-20 12:30:00,2025-03-20,448.94297333333304,448.94297333333304,579.2233177777779,0.4551,975.87165,1348.4284499999999,5898.783803821433,1,12,B,0,833.3333333333334,0.0,0.0,118.44678444444446,6648.783803821433,130.28034444444484,0.0,204.31394716399987,88.93587713500027,-0.0,293.2498242990001,0.0,293.2498242990001
2025-03-20,78,74,2025-03-20 12:30:00,2025-03-20 12:40:00,2025-03-20,504.4941666666666,504.4941666666666,581.1013345833333,0.4463,980.6099999999999,1284.89375,6648.783803821433,1,12,B,0,833.3333333333334,0.0,0.0,52.05175124999994,7398.783803821433,76.60716791666664,0.0,225.1557465833333,51.28466856181248,-0.0,276.4404151451458,0.0,276.4404151451458
2025-03-20,78,75,2025-03-20 12:40:00,2025-03-20 12:50:00,2025-03-20,498.4278800000001,498.4278800000001,574.9192193055558,0.4113,1001.0465666666666,1200.876,7398.783803821433,1,12,B,0,774.7486526388891,0.0,0.0,0.0,8096.057591196433,76.4913393055557,0.0,205.00338704400002,47.191331784562585,-0.0,252.1947188285626,0.0,252.1947188285626
2025-03-20,78,76,2025-03-20 12:50:00,2025-03-20 13:00:00,2025-03-20,0.0,0.0,592.7776003472223,0.5682,1028.0591333333332,1201.1573666666666,8096.057591196433,1,12,B,0,765.8758336805558,0.0,0.0,0.0,8785.345841508934,592.7776003472223,0.0,0.0,505.22434877593764,-0.0,505.22434877593764,0.0,505.22434877593764
2025-03-20,78,77,2025-03-20 13:00:00,2025-03-20 13:10:00,2025-03-20,0.0,0.0,0.0,0.8279,1058.5633333333333,1254.3,8785.345841508934,1,12,B,0,195.73666666666668,0.0,0.0,0.0,8961.508841508934,0.0,0.0,0.0,0.0,-0.0,0.0,0.0,0.0
2025-03-20,78,78,2025-03-20 13:10:00,2025-03-20 13:20:00,2025-03-20,0.0,0.0,0.0,0.8636,1085.1036,1223.1791666666666,8961.508841508934,1,12,B,0,138.07556666666665,0.0,0.0,0.0,9085.776851508934,0.0,0.0,0.0,0.0,-0.0,0.0,0.0,0.0
2025-03-20,78,79,2025-03-20 13:20:00,2025-03-20 13:30:00,2025-03-20,0.0,0.0,0.0,0.8416,1059.80525,1150.1056333333331,9085.776851508934,1,12,B,0,90.30038333333323,0.0,0.0,0.0,9167.047196508935,0.0,0.0,0.0,0.0,-0.0,0.0,0.0,0.0
2025-03-20,78,80,2025-03-20 13:30:00,2025-03-20 13:40:00,2025-03-20,0.0,0.0,0.0,0.8618,1006.55,1101.6687499999998,9167.047196508935,1,12,B,0,95.11874999999986,0.0,0.0,0.0,9252.654071508934,0.0,0.0,0.0,0.0,-0.0,0.0,0.0,0.0
2025-03-20,78,81,2025-03-20 13:40:00,2025-03-20 13:50:00,2025-03-20,0.0,0.0,0.0,0.8623,1004.8308,1107.0299166666666,9252.654071508934,1,12,B,0,102.19911666666667,0.0,0.0,0.0,9344.633276508934,0.0,0.0,0.0,0.0,-0.0,0.0,0.0,0.0
2025-03-20,78,82,2025-03-20 13:50:00,2025-03-20 14:00:00,2025-03-20,0.0,0.0,0.0,0.9026,1029.6302166666665,1134.42295,9344.633276508934,1,12,B,0,104.79273333333344,0.0,0.0,0.0,9438.946736508933,0.0,0.0,0.0,0.0,-0.0,0.0,0.0,0.0
2025-03-20,78,83,2025-03-20 14:00:00,2025-03-20 14:10:00,2025-03-20,0.0,0.0,0.0,0.9754,1046.67,1133.3249999999998,9438.946736508933,1,12,B,0,86.65499999999975,0.0,0.0,0.0,9516.936236508933,0.0,0.0,0.0,0.0,-0.0,0.0,0.0,0.0
2025-03-20,78,84,2025-03-20 14:10:00,2025-03-20 14:20:00,2025-03-20,0.0,0.0,0.0,1.0002,1047.24705,1075.6022833333332,9516.936236508933,1,12,B,0,28.355233333333217,0.0,0.0,0.0,9542.455946508933,0.0,0.0,0.0,0.0,-0.0,0.0,0.0,0.0
2025-03-20,78,85,2025-03-20 14:20:00,2025-03-20 14:30:00,2025-03-20,0.0,0.0,0.0,0.9978,1052.4853333333333,1033.9314333333332,9542.455946508933,1,12,B,0,0.0,18.553900000000112,0.0,0.0,9521.84050206449,0.0,0.0,0.0,0.0,-0.0,0.0,0.0,0.0
2025-03-20,78,86,2025-03-20 14:30:00,2025-03-20 14:40:00,2025-03-20,0.0,0.0,0.0,1.0271,1058.7983333333332,1019.28125,9521.84050206449,1,12,B,0,0.0,39.517083333333176,0.0,0.0,9477.932631694119,0.0,0.0,0.0,0.0,-0.0,0.0,0.0,0.0
2025-03-20,78,87,2025-03-20 14:40:00,2025-03-20 14:50:00,2025-03-20,0.0,0.0,0.0,1.0906,1043.2368833333333,972.9436000000001,9477.932631694119,1,12,B,0,0.0,70.29328333333319,0.0,0.0,9399.828983545971,0.0,0.0,0.0,0.0,-0.0,0.0,0.0,0.0
2025-03-20,78,88,2025-03-20 14:50:00,2025-03-20 15:00:00,2025-03-20,0.0,0.0,0.0,0.9376,1031.6857666666665,905.3272499999999,9399.828983545971,1,12,B,0,0.0,126.35851666666656,0.0,0.0,9259.430631694118,0.0,0.0,0.0,0.0,-0.0,0.0,0.0,0.0
2025-03-20,78,89,2025-03-20 15:00:00,2025-03-20 15:10:00,2025-03-20,274.6266666666668,274.6266666666668,908.1101786646323,0.6694,1026.1066666666666,845.4624999999999,9259.430631694118,1,12,B,0,727.4660119979656,0.0,0.0,0.0,9914.150042492287,633.4835119979655,0.0,183.83509066666673,636.0807943971571,-0.0,819.9158850638238,0.0,819.9158850638238
2025-03-20,78,90,2025-03-20 15:10:00,2025-03-20 15:20:00,2025-03-20,568.8926233950624,568.8926233950624,1078.2342362500003,0.66,1006.5609833333333,809.2424166666666,9914.150042492287,1,12,B,0,833.3333333333334,0.0,0.0,47.58233625000014,10664.150042492287,509.3416128549379,0.0,375.4691314407412,504.2481967263885,-0.0,879.7173281671297,0.0,879.7173281671297
2025-03-20,78,91,2025-03-20 15:20:00,2025-03-20 15:30:00,2025-03-20,248.23444000000006,248.23444000000006,295.2380383333334,0.7217,1009.1131499999999,760.3063833333333,10664.150042492287,1,12,B,0,46.43127166666682,0.0,0.0,0.0,10705.938186992287,47.00359833333334,0.0,179.15079534800006,50.88374537575,-0.0,230.03454072375007,0.0,230.03454072375007
2025-03-20,78,92,2025-03-20 15:30:00,2025-03-20 15:40:00,2025-03-20,344.37208333333365,344.37208333333365,350.8596372916667,0.7308,1031.28,691.1374999999999,10705.938186992287,1,12,B,0,10.717137291666631,0.0,0.0,0.0,10715.583610554788,6.487553958333024,0.0,251.66711850000024,7.111656649124661,-0.0,258.7787751491249,0.0,258.7787751491249
2025-03-20,78,93,2025-03-20 15:40:00,2025-03-20 15:50:00,2025-03-20,387.0274833333335,387.0274833333335,415.60042541666684,0.7534,1032.5620166666665,629.7797499999999,10715.583610554788,1,12,B,0,12.818158750000293,0.0,0.0,0.0,10727.119953429788,28.572942083333317,0.0,291.58650594333346,32.29028184837498,-0.0,323.87678779170847,0.0,323.87678779170847
2025-03-20,78,94,2025-03-20 15:50:00,2025-03-20 16:00:00,2025-03-20,407.9014016666664,407.9014016666664,458.6230811111114,0.7823,1031.0229333333332,578.5704833333333,10727.119953429788,1,12,B,0,6.170631111111561,0.0,0.0,0.0,10732.67352142979,50.72167944444499,0.0,319.10126652383315,59.51935474408396,-0.0,378.6206212679171,0.0,378.6206212679171
2025-03-20,78,95,2025-03-20 16:00:00,2025-03-20 16:10:00,2025-03-20,454.0795833333333,454.0795833333333,491.6275022916666,0.8055,1033.3616666666667,526.0374999999999,10732.67352142979,1,12,B,0,0.0,15.696664375000182,0.0,0.0,10715.232783235346,37.5479189583333,0.0,365.76110437499995,45.36727308140621,-0.0,411.12837745640616,0.0,411.12837745640616
2025-03-20,78,96,2025-03-20 16:10:00,2025-03-20 16:20:00,2025-03-20,493.44054590000064,493.44054590000064,544.0320145833333,0.8271,1025.5623833333334,463.3008333333333,10715.232783235346,1,12,B,0,0.0,18.22953541666675,0.0,0.0,10694.977743883494,50.591468683332664,0.0,408.1246755138905,62.76630562197667,-0.0,470.89098113586715,0.0,470.89098113586715
2025-03-20,78,97,2025-03-20 16:20:00,2025-03-20 16:30:00,2025-03-20,542.1014949999999,542.1014949999999,608.3139225694445,0.8519,1016.9598666666667,417.89265,10694.977743883494,1,12,B,0,9.246705902777762,0.0,0.0,0.0,10703.299779195993,66.21242756944457,0.0,461.8162635904999,84.60955056961474,-0.0,546.4258141601147,0.0,546.4258141601147
2025-03-20,78,98,2025-03-20 16:30:00,2025-03-20 16:40:00,2025-03-20,627.8683333333331,627.8683333333331,666.7045991666664,0.8791,1019.8249999999999,389.06874999999997,10703.299779195993,1,12,B,0,35.94834916666639,0.0,0.0,0.0,10735.653293445994,38.8362658333333,0.0,551.9590518333331,51.21144194112495,-0.0,603.170493774458,0.0,603.170493774458
2025-03-20,78,99,2025-03-20 16:40:00,2025-03-20 16:50:00,2025-03-20,668.8282496166659,668.8282496166659,708.465667847222,0.9024,1034.9158166666666,346.1802666666666,10735.653293445994,1,12,B,0,19.730117847222118,0.0,0.0,0.0,10753.410399508493,39.637418230556136,0.0,603.5506124540792,53.65320931688078,-0.0,657.20382177096,0.0,657.20382177096
2025-03-20,78,100,2025-03-20 16:50:00,2025-03-20 17:00:00,2025-03-20,709.9912350000001,709.9912350000001,766.7741557638891,0.9163,1031.6998333333331,288.97555,10753.410399508493,1,12,B,0,24.04987243055598,0.0,0.0,0.0,10775.055284695994,56.782920763889024,0.0,650.5649686305001,78.04528544392727,-0.0,728.6102540744273,0.0,728.6102540744273
2025-03-20,78,101,2025-03-20 17:00:00,2025-03-20 17:10:00,2025-03-20,792.1974999999999,792.1974999999999,817.5216041666666,0.9264,1017.0316666666665,229.61875,10775.055284695994,1,12,B,0,27.7163503377839,0.0,0.0,2.3923371622161866,10800.0,25.324104166666757,0.0,733.8917639999999,35.19037515000012,-0.0,769.08213915,0.0,769.08213915
2025-03-20,78,102,2025-03-20 17:10:00,2025-03-20 17:20:00,2025-03-20,843.3464033333332,843.3464033333332,885.1363980555554,0.9462,1023.8828166666667,180.65036666666666,10800.0,1,12,B,0,0.0,0.0,0.0,41.903948055555475,10800.0,41.78999472222222,0.0,797.974366834,59.312539509249994,-0.0,857.2869063432499,0.0,857.2869063432499
2025-03-20,78,103,2025-03-20 17:20:00,2025-03-20 17:30:00,2025-03-20,855.7747683333334,855.7747683333334,921.5329581944442,0.9742,1012.5022333333333,138.64704999999998,10800.0,1,12,B,0,0.0,0.0,0.0,47.677774861110834,10800.0,65.75818986111074,0.0,833.6957793103334,96.09244284404112,-0.0,929.7882221543745,0.0,929.7882221543745
2025-03-20,78,104,2025-03-20 17:30:00,2025-03-20 17:40:00,2025-03-20,905.0412499999999,905.0412499999999,975.5887089583334,0.9862,1004.28,99.55624999999999,10800.0,1,12,B,0,0.0,0.0,0.0,70.86495895833355,10800.0,70.54745895833355,0.0,892.5516807499998,104.3608560370628,-0.0,996.9125367870627,0.0,996.9125367870627
2025-03-20,78,105,2025-03-20 17:40:00,2025-03-20 17:50:00,2025-03-20,1013.6834916666668,1013.6834916666668,1061.0929900694446,0.976,1035.5736,62.48285,10800.0,1,12,B,0,0.0,0.0,0.0,88.00224006944472,10800.0,47.409498402777785,0.0,989.3550878666667,69.40750566166668,-0.0,1058.7625935283334,0.0,1058.7625935283334
2025-03-20,78,106,2025-03-20 17:50:00,2025-03-20 18:00:00,2025-03-20,923.435185,923.435185,967.8587670138887,1.0742,899.02445,26.021266666666666,10800.0,1,12,B,0,0.0,0.0,0.0,94.85558368055536,10800.0,44.42358201388868,0.0,991.9540757270001,71.57971769897883,-0.0,1063.533793425979,0.0,1063.533793425979
2025-03-20,78,107,2025-03-20 18:00:00,2025-03-20 18:10:00,2025-03-20,696.0676790123433,696.0676790123433,696.0676790123433,1.2313,682.3533333333332,0.0,10800.0,1,18,B,0,0.0,0.0,0.0,13.71434567901008,10800.0,0.0,0.0,857.0681331678984,0.0,-0.0,857.0681331678984,0.0,857.0681331678984
2025-03-20,78,108,2025-03-20 18:10:00,2025-03-20 18:20:00,2025-03-20,671.2679094497813,671.2679094497813,671.2679094497813,1.2561,697.9972833333333,0.0,10800.0,1,18,B,0,0.0,26.729373883551943,0.0,0.0,10770.300695684942,0.0,0.0,843.1796210598703,0.0,-0.0,843.1796210598703,0.0,843.1796210598703
2025-03-20,78,109,2025-03-20 18:20:00,2025-03-20 18:30:00,2025-03-20,689.94881,689.94881,689.94881,1.2447,740.2377833333333,0.9295666666666667,10770.300695684942,1,18,B,0,0.0,49.35940666666659,0.0,0.0,10715.456910499757,0.0,0.0,858.779283807,0.0,-0.0,858.779283807,0.0,858.779283807
2025-03-20,78,110,2025-03-20 18:30:00,2025-03-20 18:40:00,2025-03-20,686.7749999999997,686.7749999999997,686.7749999999997,1.2545,709.2416666666666,0.0,10715.456910499757,1,18,B,0,0.0,22.46666666666681,0.0,0.0,10690.493947536794,0.0,0.0,861.5592374999997,0.0,-0.0,861.5592374999997,0.0,861.5592374999997
2025-03-20,78,111,2025-03-20 18:40:00,2025-03-20 18:50:00,2025-03-20,658.8448249999999,658.8448249999999,658.8448249999999,1.2522,714.4228166666667,0.0,10690.493947536794,1,18,B,0,0.0,55.577991666666776,0.0,0.0,10628.74062346272,0.0,0.0,825.0054898649998,0.0,-0.0,825.0054898649998,0.0,825.0054898649998
2025-03-20,78,112,2025-03-20 18:50:00,2025-03-20 19:00:00,2025-03-20,369.63196747120827,369.63196747120827,369.63196747120827,1.2881,745.0410666666667,0.06673333333333333,10628.74062346272,1,18,B,0,0.0,375.34236586212506,0.0,0.0,10211.69355028258,0.0,0.0,476.12293729966336,0.0,-0.0,476.12293729966336,0.0,476.12293729966336
2025-03-20,78,113,2025-03-20 19:00:00,2025-03-20 19:10:00,2025-03-20,0.0,0.0,0.0,1.3466,763.2066666666666,0.0,10211.69355028258,1,18,B,0,0.0,763.2066666666666,0.0,0.0,9363.686142875173,0.0,0.0,0.0,0.0,-0.0,0.0,0.0,0.0
2025-03-20,78,114,2025-03-20 19:10:00,2025-03-20 19:20:00,2025-03-20,0.0,0.0,0.0,1.3523,746.7180333333333,0.0,9363.686142875173,1,18,B,0,0.0,746.7180333333333,0.0,0.0,8533.999439171468,0.0,0.0,0.0,0.0,-0.0,0.0,0.0,0.0
2025-03-20,78,115,2025-03-20 19:20:00,2025-03-20 19:30:00,2025-03-20,0.0,0.0,0.0,1.3445,714.2603,0.0048,8533.999439171468,1,18,B,0,0.0,714.2555,0.0,0.0,7740.382216949246,0.0,0.0,0.0,0.0,-0.0,0.0,0.0,0.0
2025-03-20,78,116,2025-03-20 19:30:00,2025-03-20 19:40:00,2025-03-20,0.0,0.0,0.0,1.3483,699.4633333333333,0.0,7740.382216949246,1,18,B,0,0.0,699.4633333333333,0.0,0.0,6963.200735467764,0.0,0.0,0.0,0.0,-0.0,0.0,0.0,0.0
2025-03-20,78,117,2025-03-20 19:40:00,2025-03-20 19:50:00,2025-03-20,0.0,0.0,0.0,1.349,721.8114,0.0,6963.200735467764,1,18,B,0,0.0,721.8114,0.0,0.0,6161.188068801098,0.0,0.0,0.0,0.0,-0.0,0.0,0.0,0.0
2025-03-20,78,118,2025-03-20 19:50:00,2025-03-20 20:00:00,2025-03-20,0.0,0.0,0.0,1.3473,728.4913499999999,0.00034999999999999994,6161.188068801098,1,18,B,0,0.0,728.4909999999999,0.0,0.0,5351.753624356654,0.0,0.0,0.0,0.0,-0.0,0.0,0.0,0.0
2025-03-20,78,119,2025-03-20 20:00:00,2025-03-20 20:10:00,2025-03-20,0.0,0.0,0.0,1.3482,726.3683333333333,0.0,5351.753624356654,1,18,B,0,0.0,726.3683333333333,0.0,0.0,4544.677698430728,0.0,0.0,0.0,0.0,-0.0,0.0,0.0,0.0
2025-03-20,78,120,2025-03-20 20:10:00,2025-03-20 20:20:00,2025-03-20,0.0,0.0,0.0,1.3513,764.3365166666667,0.0,4544.677698430728,1,18,B,0,0.0,764.3365166666667,0.0,0.0,3695.414902134432,0.0,0.0,0.0,0.0,-0.0,0.0,0.0,0.0
2025-03-20,78,121,2025-03-20 20:20:00,2025-03-20 20:30:00,2025-03-20,0.0,0.0,0.0,1.34,753.9438166666666,0.0,3695.414902134432,1,18,B,0,0.0,753.9438166666666,0.0,0.0,2857.6995502825803,0.0,0.0,0.0,0.0,-0.0,0.0,0.0,0.0
2025-03-20,78,122,2025-03-20 20:30:00,2025-03-20 20:40:00,2025-03-20,0.0,0.0,0.0,1.3489,702.5616666666666,0.0,2857.6995502825803,1,18,B,0,0.0,702.5616666666666,0.0,0.0,2077.075476208506,0.0,0.0,0.0,0.0,-0.0,0.0,0.0,0.0
2025-03-20,78,123,2025-03-20 20:40:00,2025-03-20 20:50:00,2025-03-20,0.0,0.0,0.0,1.3952,709.3744833333333,0.0,2077.075476208506,1,18,B,0,0.0,709.3744833333333,0.0,0.0,1288.8816058381358,0.0,0.0,0.0,0.0,-0.0,0.0,0.0,0.0
2025-03-20,78,124,2025-03-20 20:50:00,2025-03-20 21:00:00,2025-03-20,723.9144249999999,723.9144249999999,723.9144249999999,1.2226,719.8359833333334,0.0,1288.8816058381358,1,18,B,0,4.078441666666549,0.0,0.0,0.0,1292.5522033381358,0.0,0.0,885.0577760049998,0.0,-0.0,885.0577760049998,0.0,885.0577760049998
2025-03-20,78,125,2025-03-20 21:00:00,2025-03-20 21:10:00,2025-03-20,748.9958333333334,748.9958333333334,767.874970625,0.9332,709.5416666666666,0.0,1292.5522033381358,1,18,B,0,58.33330395833332,0.0,0.0,0.0,1345.0521769006357,18.879137291666552,0.0,698.9629116666667,26.42701638087484,-0.0,725.3899280475416,0.0,725.3899280475416
2025-03-20,78,126,2025-03-20 21:10:00,2025-03-20 21:20:00,2025-03-20,741.8761999999999,741.8761999999999,747.6238122916666,0.9068,715.0446833333333,0.0,1345.0521769006357,1,18,B,0,32.579128958333285,0.0,0.0,0.0,1374.3733929631358,5.747612291666655,0.0,672.73333816,7.817902239124985,-0.0,680.551240399125,0.0,680.551240399125
2025-03-20,78,127,2025-03-20 21:20:00,2025-03-20 21:30:00,2025-03-20,729.840625,729.840625,732.8488516666669,0.9371,736.4505999999999,0.0,1374.3733929631358,1,18,B,0,0.0,3.6017483333330347,0.0,0.0,1370.3714503705435,3.0082266666668147,0.0,683.9336496875001,4.228513814000208,-0.0,688.1621635015002,0.0,688.1621635015002
2025-03-20,78,128,2025-03-20 21:30:00,2025-03-20 21:40:00,2025-03-20,716.5674999999999,716.5674999999999,734.72850625,0.9371,758.9333333333334,0.0,1370.3714503705435,1,18,B,0,0.0,24.204827083333385,0.0,0.0,1343.4771980557286,18.161006250000128,0.0,671.4954042499999,25.52801843531268,-0.0,697.0234226853125,0.0,697.0234226853125
2025-03-20,78,129,2025-03-20 21:40:00,2025-03-20 21:50:00,2025-03-20,709.2082166666665,709.2082166666665,719.117732261114,0.9871,754.3754666666666,0.0,1343.4771980557286,1,18,B,0,0.0,35.25773440555258,0.0,0.0,1304.3019376051147,9.909515594447498,0.0,700.0594306716665,14.672524264918689,-0.0,714.7319549365852,0.0,714.7319549365852
2025-03-20,78,130,2025-03-20 21:50:00,2025-03-20 22:00:00,2025-03-20,616.3401999999999,616.3401999999999,662.7971195833333,0.7764,666.9375333333332,0.0,1304.3019376051147,1,18,B,0,0.0,4.140413749999993,0.0,0.0,1299.7014778828925,46.45691958333339,0.0,478.52653127999986,54.10372854675007,-0.0,532.6302598267499,0.0,532.6302598267499
2025-03-20,78,131,2025-03-20 22:00:00,2025-03-20 22:10:00,2025-03-20,1325.6016666666667,1325.6016666666667,1325.6016666666667,0.4209,553.1566666666666,0.0,1299.7014778828925,1,18,B,0,772.445,0.0,0.0,0.0,1994.9019778828924,0.0,0.0,557.9457415,0.0,-0.0,557.9457415,0.0,557.9457415
2025-03-20,78,132,2025-03-20 22:10:00,2025-03-20 22:20:00,2025-03-20,1338.550033333333,1338.550033333333,1338.550033333333,0.3859,538.9014666666667,0.0,1994.9019778828924,1,18,B,0,799.6485666666663,0.0,0.0,0.0,2714.585687882892,0.0,0.0,516.5464578633332,0.0,-0.0,516.5464578633332,0.0,516.5464578633332
2025-03-20,78,133,2025-03-20 22:20:00,2025-03-20 22:30:00,2025-03-20,582.3192,582.3192,582.3192,0.4368,553.3285,0.0,2714.585687882892,1,18,B,0,28.99070000000006,0.0,0.0,0.0,2740.677317882892,0.0,0.0,254.35702656000004,0.0,-0.0,254.35702656000004,0.0,254.35702656000004
2025-03-20,78,134,2025-03-20 22:30:00,2025-03-20 22:40:00,2025-03-20,1368.1166666666666,1368.1166666666666,1368.1166666666666,0.4198,542.64,0.0,2740.677317882892,1,18,B,0,825.4766666666666,0.0,0.0,0.0,3483.606317882892,0.0,0.0,574.3353766666667,0.0,-0.0,574.3353766666667,0.0,574.3353766666667
2025-03-20,78,135,2025-03-20 22:40:00,2025-03-20 22:50:00,2025-03-20,1370.713858333333,1370.713858333333,1370.713858333333,0.4186,524.0220999999999,0.0,3483.606317882892,1,18,B,0,833.3333333333334,0.0,0.0,13.358424999999784,4233.606317882892,0.0,0.0,573.7808210983333,0.0,-0.0,573.7808210983333,0.0,573.7808210983333
2025-03-20,78,136,2025-03-20 22:50:00,2025-03-20 23:00:00,2025-03-20,593.4732,593.4732,593.4732,0.4241,526.9695666666667,0.0,4233.606317882892,1,18,B,0,66.50363333333337,0.0,0.0,0.0,4293.459587882891,0.0,0.0,251.69198412,0.0,-0.0,251.69198412,0.0,251.69198412
2025-03-20,78,137,2025-03-20 23:00:00,2025-03-20 23:10:00,2025-03-20,606.1249999999998,606.1249999999998,606.1249999999998,0.4237,549.4,0.0,4293.459587882891,1,18,B,0,56.724999999999795,0.0,0.0,0.0,4344.512087882891,0.0,0.0,256.81516249999993,0.0,-0.0,256.81516249999993,0.0,256.81516249999993
2025-03-20,78,138,2025-03-20 23:10:00,2025-03-20 23:20:00,2025-03-20,614.3031083333333,614.3031083333333,614.3031083333333,0.4248,559.40135,0.0,4344.512087882891,1,18,B,0,54.901758333333305,0.0,0.0,0.0,4393.923670382891,0.0,0.0,260.95596042,0.0,-0.0,260.95596042,0.0,260.95596042
2025-03-20,78,139,2025-03-20 23:20:00,2025-03-20 23:30:00,2025-03-20,592.4654166666667,592.4654166666667,592.4654166666667,0.424,543.6279333333333,0.0,4393.923670382891,1,18,B,0,48.83748333333335,0.0,0.0,0.0,4437.877405382891,0.0,0.0,251.20533666666665,0.0,-0.0,251.20533666666665,0.0,251.20533666666665
2025-03-20,78,140,2025-03-20 23:30:00,2025-03-20 23:40:00,2025-03-20,584.3733333333332,584.3733333333332,584.3733333333332,0.422,544.6216666666667,0.0,4437.877405382891,1,18,B,0,39.75166666666655,0.0,0.0,0.0,4473.653905382891,0.0,0.0,246.6055466666666,0.0,-0.0,246.6055466666666,0.0,246.6055466666666
2025-03-20,78,141,2025-03-20 23:40:00,2025-03-20 23:50:00,2025-03-20,576.4606916666667,576.4606916666667,576.4606916666667,0.424,600.6793333333333,0.0,4473.653905382891,1,18,B,0,0.0,24.2186416666666,0.0,0.0,4446.744303531039,0.0,0.0,244.41933326666665,0.0,-0.0,244.41933326666665,0.0,244.41933326666665
2025-03-20,78,142,2025-03-20 23:50:00,2025-03-21 00:00:00,2025-03-20,535.8518166666665,535.8518166666665,535.8518166666665,0.4271,540.9781833333333,0.0,4446.744303531039,1,18,B,0,0.0,5.1263666666667405,0.0,0.0,4441.048340568076,0.0,0.0,228.86231089833328,0.0,-0.0,228.86231089833328,0.0,228.86231089833328
2025-03-20,78,143,2025-03-21 00:00:00,2025-03-21 00:10:00,2025-03-21,441.43416666666656,441.43416666666656,441.43416666666656,0.4276,400.16666666666663,0.0,4441.048340568076,1,18,B,0,41.26749999999993,0.0,0.0,0.0,4478.189090568076,0.0,0.0,188.7572496666666,0.0,-0.0,188.7572496666666,0.0,188.7572496666666
2025-03-21,79,0,2025-03-21 00:10:00,2025-03-21 00:20:00,2025-03-21,419.3813169166683,419.3813169166683,419.3813169166683,0.4248,393.23795,0.0,4478.189090568076,0,0,B,0,26.1433669166683,0.0,0.0,0.0,4501.718120793077,0.0,0.0,178.1531834262007,0.0,-0.0,178.1531834262007,0.0,178.1531834262007
2025-03-21,79,1,2025-03-21 00:20:00,2025-03-21 00:30:00,2025-03-21,395.7475833333334,395.7475833333334,395.7475833333334,0.4245,427.63655,0.0,4501.718120793077,0,0,B,0,0.0,31.88896666666659,0.0,0.0,4466.285935607892,0.0,0.0,167.99484912500003,0.0,-0.0,167.99484912500003,0.0,167.99484912500003
2025-03-21,79,2,2025-03-21 00:30:00,2025-03-21 00:40:00,2025-03-21,351.3599999999999,351.3599999999999,351.3599999999999,0.4269,429.21333333333337,0.0,4466.285935607892,0,0,B,0,0.0,77.85333333333347,0.0,0.0,4379.782231904188,0.0,0.0,149.99558399999995,0.0,-0.0,149.99558399999995,0.0,149.99558399999995
2025-03-21,79,3,2025-03-21 00:40:00,2025-03-21 00:50:00,2025-03-21,375.20355833333343,375.20355833333343,375.20355833333343,0.4272,419.69265,0.0,4379.782231904188,0,0,B,0,0.0,44.48909166666658,0.0,0.0,4330.349907830114,0.0,0.0,160.28696012000006,0.0,-0.0,160.28696012000006,0.0,160.28696012000006
2025-03-21,79,4,2025-03-21 00:50:00,2025-03-21 01:00:00,2025-03-21,410.98653333333334,410.98653333333334,410.98653333333334,0.4271,411.53908333333334,0.0,4330.349907830114,0,0,B,0,0.0,0.5525499999999965,0.0,0.0,4329.7359633856695,0.0,0.0,175.53234838666665,0.0,-0.0,175.53234838666665,0.0,175.53234838666665
2025-03-21,79,5,2025-03-21 01:00:00,2025-03-21 01:10:00,2025-03-21,418.00083333333316,418.00083333333316,418.00083333333316,0.4285,408.69166666666666,0.0,4329.7359633856695,0,0,B,0,9.3091666666665,0.0,0.0,0.0,4338.114213385669,0.0,0.0,179.11335708333326,0.0,-0.0,179.11335708333326,0.0,179.11335708333326
2025-03-21,79,6,2025-03-21 01:10:00,2025-03-21 01:20:00,2025-03-21,409.7347916666666,409.7347916666666,409.7347916666666,0.4311,411.3135333333333,0.0,4338.114213385669,0,0,B,0,0.0,1.5787416666667013,0.0,0.0,4336.360055978262,0.0,0.0,176.63666868749996,0.0,-0.0,176.63666868749996,0.0,176.63666868749996
2025-03-21,79,7,2025-03-21 01:20:00,2025-03-21 01:30:00,2025-03-21,404.15880833333335,404.15880833333335,404.15880833333335,0.4302,424.3117333333333,0.0,4336.360055978262,0,0,B,0,0.0,20.152924999999925,0.0,0.0,4313.967917089373,0.0,0.0,173.86911934500003,0.0,-0.0,173.86911934500003,0.0,173.86911934500003
2025-03-21,79,8,2025-03-21 01:30:00,2025-03-21 01:40:00,2025-03-21,401.67249999999996,401.67249999999996,401.67249999999996,0.4279,438.34999999999997,0.0,4313.967917089373,0,0,B,0,0.0,36.67750000000001,0.0,0.0,4273.2151393115955,0.0,0.0,171.87566274999998,0.0,-0.0,171.87566274999998,0.0,171.87566274999998
2025-03-21,79,9,2025-03-21 01:40:00,2025-03-21 01:50:00,2025-03-21,397.4936,397.4936,397.4936,0.4312,435.501,0.0,4273.2151393115955,0,0,B,0,0.0,38.00739999999996,0.0,0.0,4230.984694867151,0.0,0.0,171.39924032000002,0.0,-0.0,171.39924032000002,0.0,171.39924032000002
2025-03-21,79,10,2025-03-21 01:50:00,2025-03-21 02:00:00,2025-03-21,431.2621583333333,431.2621583333333,431.2621583333333,0.4333,425.37193333333335,0.0,4230.984694867151,0,0,B,0,5.89022499999993,0.0,0.0,0.0,4236.285897367151,0.0,0.0,186.86589320583332,0.0,-0.0,186.86589320583332,0.0,186.86589320583332
2025-03-21,79,11,2025-03-21 02:00:00,2025-03-21 02:10:00,2025-03-21,484.2883333333334,484.2883333333334,484.2883333333334,0.4311,423.615,0.0,4236.285897367151,0,0,B,0,60.6733333333334,0.0,0.0,0.0,4290.891897367151,0.0,0.0,208.77670050000003,0.0,-0.0,208.77670050000003,0.0,208.77670050000003
2025-03-21,79,12,2025-03-21 02:10:00,2025-03-21 02:20:00,2025-03-21,457.536425,457.536425,457.536425,0.4293,436.5751,0.0,4290.891897367151,0,0,B,0,20.961324999999988,0.0,0.0,0.0,4309.757089867151,0.0,0.0,196.4203872525,0.0,-0.0,196.4203872525,0.0,196.4203872525
2025-03-21,79,13,2025-03-21 02:20:00,2025-03-21 02:30:00,2025-03-21,400.2075666666666,400.2075666666666,400.2075666666666,0.4324,439.04361666666665,0.0,4309.757089867151,0,0,B,0,0.0,38.83605000000006,0.0,0.0,4266.6059232004845,0.0,0.0,173.04975182666664,0.0,-0.0,173.04975182666664,0.0,173.04975182666664
2025-03-21,79,14,2025-03-21 02:30:00,2025-03-21 02:40:00,2025-03-21,383.7925,383.7925,383.7925,0.4367,435.255,0.0,4266.6059232004845,0,0,B,0,0.0,51.46249999999998,0.0,0.0,4209.425367644929,0.0,0.0,167.60218475,0.0,-0.0,167.60218475,0.0,167.60218475
2025-03-21,79,15,2025-03-21 02:40:00,2025-03-21 02:50:00,2025-03-21,388.59890000000007,388.59890000000007,388.59890000000007,0.4348,453.35414999999995,0.0,4209.425367644929,0,0,B,0,0.0,64.75524999999988,0.0,0.0,4137.475089867151,0.0,0.0,168.96280172000004,0.0,-0.0,168.96280172000004,0.0,168.96280172000004
2025-03-21,79,16,2025-03-21 02:50:00,2025-03-21 03:00:00,2025-03-21,408.9902333333333,408.9902333333333,408.9902333333333,0.4335,468.5789333333333,0.0,4137.475089867151,0,0,B,0,0.0,59.58869999999996,0.0,0.0,4071.2654232004843,0.0,0.0,177.29726614999998,0.0,-0.0,177.29726614999998,0.0,177.29726614999998
2025-03-21,79,17,2025-03-21 03:00:00,2025-03-21 03:10:00,2025-03-21,391.33416666666653,391.33416666666653,391.33416666666653,0.4357,459.19333333333327,0.0,4071.2654232004843,0,0,B,0,0.0,67.85916666666674,0.0,0.0,3995.86634912641,0.0,0.0,170.5042964166666,0.0,-0.0,170.5042964166666,0.0,170.5042964166666
2025-03-21,79,18,2025-03-21 03:10:00,2025-03-21 03:20:00,2025-03-21,409.1465416666666,409.1465416666666,409.1465416666666,0.4374,430.9861833333333,0.0,3995.86634912641,0,0,B,0,0.0,21.839641666666694,0.0,0.0,3971.6000806078914,0.0,0.0,178.96069732499998,0.0,-0.0,178.96069732499998,0.0,178.96069732499998
2025-03-21,79,19,2025-03-21 03:20:00,2025-03-21 03:30:00,2025-03-21,394.59064166666656,394.59064166666656,394.59064166666656,0.4371,430.5171,0.0,3971.6000806078914,0,0,B,0,0.0,35.92645833333347,0.0,0.0,3931.681793570854,0.0,0.0,172.47556947249996,0.0,-0.0,172.47556947249996,0.0,172.47556947249996
2025-03-21,79,20,2025-03-21 03:30:00,2025-03-21 03:40:00,2025-03-21,395.745,395.745,395.745,0.4356,453.47,0.0,3931.681793570854,0,0,B,0,0.0,57.72500000000002,0.0,0.0,3867.5429046819654,0.0,0.0,172.38652199999999,0.0,-0.0,172.38652199999999,0.0,172.38652199999999
2025-03-21,79,21,2025-03-21 03:40:00,2025-03-21 03:50:00,2025-03-21,385.5386833333332,385.5386833333332,385.5386833333332,0.4353,452.9327166666667,0.0,3867.5429046819654,0,0,B,0,0.0,67.39403333333348,0.0,0.0,3792.660645422706,0.0,0.0,167.82498885499996,0.0,-0.0,167.82498885499996,0.0,167.82498885499996
2025-03-21,79,22,2025-03-21 03:50:00,2025-03-21 04:00:00,2025-03-21,430.9119749999998,430.9119749999998,430.9119749999998,0.436,453.22024999999996,0.0,3792.660645422706,0,0,B,0,0.0,22.30827500000015,0.0,0.0,3767.8736732004836,0.0,0.0,187.8776210999999,0.0,-0.0,187.8776210999999,0.0,187.8776210999999
2025-03-21,79,23,2025-03-21 04:00:00,2025-03-21 04:10:00,2025-03-21,423.8058333333334,423.8058333333334,423.8058333333334,0.4378,453.23499999999996,0.0,3767.8736732004836,0,0,B,0,0.0,29.42916666666656,0.0,0.0,3735.1745991264097,0.0,0.0,185.54219383333336,0.0,-0.0,185.54219383333336,0.0,185.54219383333336
2025-03-21,79,24,2025-03-21 04:10:00,2025-03-21 04:20:00,2025-03-21,434.8866066666666,434.8866066666666,434.8866066666666,0.4401,428.8209333333333,0.0003833333333333333,3735.1745991264097,0,0,B,0,6.066056666666611,0.0,0.0,0.0,3740.63405012641,0.0,0.0,191.39359559399995,0.0,-0.0,191.39359559399995,0.0,191.39359559399995
2025-03-21,79,25,2025-03-21 04:20:00,2025-03-21 04:30:00,2025-03-21,427.7345916666668,427.7345916666668,427.7345916666668,0.4389,435.381,0.0,3740.63405012641,0,0,B,0,0.0,7.64640833333317,0.0,0.0,3732.1380408671507,0.0,0.0,187.73271228250007,0.0,-0.0,187.73271228250007,0.0,187.73271228250007
2025-03-21,79,26,2025-03-21 04:30:00,2025-03-21 04:40:00,2025-03-21,438.7658333333332,438.7658333333332,438.7658333333332,0.4364,463.1133333333333,0.0,3732.1380408671507,0,0,B,0,0.0,24.347500000000082,0.0,0.0,3705.085263089373,0.0,0.0,191.4774096666666,0.0,-0.0,191.4774096666666,0.0,191.4774096666666
2025-03-21,79,27,2025-03-21 04:40:00,2025-03-21 04:50:00,2025-03-21,433.9528316666667,433.9528316666667,433.9528316666667,0.4393,446.17206666666664,0.0053,3705.085263089373,0,0,B,0,0.0,12.213934999999935,0.0,0.0,3691.514224200484,0.0,0.0,190.6354789511667,0.0,-0.0,190.6354789511667,0.0,190.6354789511667
2025-03-21,79,28,2025-03-21 04:50:00,2025-03-21 05:00:00,2025-03-21,423.4250666666665,423.4250666666665,423.4250666666665,0.4422,434.32966666666664,0.0,3691.514224200484,0,0,B,0,0.0,10.90460000000013,0.0,0.0,3679.3980019782616,0.0,0.0,187.23856447999992,0.0,-0.0,187.23856447999992,0.0,187.23856447999992
2025-03-21,79,29,2025-03-21 05:00:00,2025-03-21 05:10:00,2025-03-21,454.21833333333325,454.21833333333325,454.21833333333325,0.4395,450.04333333333335,0.0,3679.3980019782616,0,0,B,0,4.174999999999898,0.0,0.0,0.0,3683.1555019782613,0.0,0.0,199.62895749999996,0.0,-0.0,199.62895749999996,0.0,199.62895749999996
2025-03-21,79,30,2025-03-21 05:10:00,2025-03-21 05:20:00,2025-03-21,415.8851450000001,415.8851450000001,415.8851450000001,0.4333,462.98946666666666,0.07376666666666666,3683.1555019782613,0,0,B,0,0.0,47.030554999999936,0.0,0.0,3630.899329756039,0.0,0.0,180.20303332850006,0.0,-0.0,180.20303332850006,0.0,180.20303332850006
2025-03-21,79,31,2025-03-21 05:20:00,2025-03-21 05:30:00,2025-03-21,411.9992666666667,411.9992666666667,411.9992666666667,0.4439,461.1494333333333,0.0,3630.899329756039,0,0,B,0,0.0,49.15016666666662,0.0,0.0,3576.288033459743,0.0,0.0,182.88647447333335,0.0,-0.0,182.88647447333335,0.0,182.88647447333335
2025-03-21,79,32,2025-03-21 05:30:00,2025-03-21 05:40:00,2025-03-21,433.48583333333323,433.48583333333323,433.48583333333323,0.4301,455.6116666666667,0.0,3576.288033459743,0,0,B,0,0.0,22.125833333333446,0.0,0.0,3551.7037742004836,0.0,0.0,186.44225691666662,0.0,-0.0,186.44225691666662,0.0,186.44225691666662
2025-03-21,79,33,2025-03-21 05:40:00,2025-03-21 05:50:00,2025-03-21,1280.0920283333332,1280.0920283333332,1280.0920283333332,0.3713,465.7543333333333,1.02755,3551.7037742004836,0,0,B,0,815.365245,0.0,0.0,0.0,4285.532494700484,0.0,0.0,475.2981701201667,0.0,-0.0,475.2981701201667,0.0,475.2981701201667
2025-03-21,79,34,2025-03-21 05:50:00,2025-03-21 06:00:00,2025-03-21,0.0,0.0,0.0,0.5708,473.1871833333333,0.0,4285.532494700484,0,0,B,0,0.0,473.1871833333333,0.0,0.0,3759.7689576634466,0.0,0.0,0.0,0.0,-0.0,0.0,0.0,0.0
2025-03-21,79,35,2025-03-21 06:00:00,2025-03-21 06:10:00,2025-03-21,0.0,0.0,0.0,0.9099,465.435,0.0,3759.7689576634466,1,6,B,0,0.0,465.435,0.0,0.0,3242.6189576634465,0.0,0.0,0.0,0.0,-0.0,0.0,0.0,0.0
2025-03-21,79,36,2025-03-21 06:10:00,2025-03-21 06:20:00,2025-03-21,0.0,0.0,0.0,0.9368,449.4866,28.639699999999998,3242.6189576634465,1,6,B,0,0.0,420.8469,0.0,0.0,2775.0112909967797,0.0,0.0,0.0,0.0,-0.0,0.0,0.0,0.0
2025-03-21,79,37,2025-03-21 06:20:00,2025-03-21 06:30:00,2025-03-21,0.0,0.0,0.0,0.8758,446.8888,68.20651666666666,2775.0112909967797,1,6,B,0,0.0,378.6822833333333,0.0,0.0,2354.253198404187,0.0,0.0,0.0,0.0,-0.0,0.0,0.0,0.0
2025-03-21,79,38,2025-03-21 06:30:00,2025-03-21 06:40:00,2025-03-21,0.0,0.0,0.0,0.8759,458.0383333333333,110.27499999999999,2354.253198404187,1,6,B,0,0.0,347.7633333333333,0.0,0.0,1967.8494947004833,0.0,0.0,0.0,0.0,-0.0,0.0,0.0,0.0
2025-03-21,79,39,2025-03-21 06:40:00,2025-03-21 06:50:00,2025-03-21,0.0,0.0,0.0,0.8601,469.32759999999996,158.66258333333332,1967.8494947004833,1,6,B,0,0.0,310.66501666666665,0.0,0.0,1622.6661428486316,0.0,0.0,0.0,0.0,-0.0,0.0,0.0,0.0
2025-03-21,79,40,2025-03-21 06:50:00,2025-03-21 07:00:00,2025-03-21,0.0,0.0,57.839520047342376,0.8442,506.9368,204.43355,1622.6661428486316,1,6,B,0,0.0,244.66372995265766,0.0,0.0,1350.8175540123452,57.839520047342376,0.0,0.0,73.24218423594965,-0.0,73.24218423594965,0.0,73.24218423594965
2025-03-21,79,41,2025-03-21 07:00:00,2025-03-21 07:10:00,2025-03-21,0.0,0.0,302.4835370833333,0.8334,546.5216666666666,252.525,1350.8175540123452,1,6,B,0,8.486870416666648,0.0,0.0,0.0,1358.4557373873452,302.4835370833333,0.0,0.0,378.134669707875,-0.0,378.134669707875,0.0,378.134669707875
2025-03-21,79,42,2025-03-21 07:10:00,2025-03-21 07:20:00,2025-03-21,0.0,0.0,239.72482131944443,0.8092,534.4570666666666,316.48929999999996,1358.4557373873452,1,6,B,0,21.75705465277781,0.0,0.0,0.0,1378.0370865748453,239.72482131944443,0.0,0.0,290.97798811754166,-0.0,290.97798811754166,0.0,290.97798811754166
2025-03-21,79,43,2025-03-21 07:20:00,2025-03-21 07:30:00,2025-03-21,0.0,0.0,169.57011965277778,0.7972,538.6449333333333,376.76628333333326,1378.0370865748453,1,6,B,0,7.691469652777755,0.0,0.0,0.0,1384.9594092623452,169.57011965277778,0.0,0.0,202.77194908079167,-0.0,202.77194908079167,0.0,202.77194908079167
2025-03-21,79,44,2025-03-21 07:30:00,2025-03-21 07:40:00,2025-03-21,0.0,0.0,95.87612041666652,0.7644,559.8199999999999,436.20625,1384.9594092623452,1,6,B,0,0.0,27.737629583333387,0.0,0.0,1354.1398208364192,95.87612041666652,0.0,0.0,109.93155966974982,-0.0,109.93155966974982,0.0,109.93155966974982
2025-03-21,79,45,2025-03-21 07:40:00,2025-03-21 07:50:00,2025-03-21,0.0,0.0,17.51591965277757,0.6899,533.3480166666666,517.3082833333333,1354.1398208364192,1,6,B,0,1.4761863194443094,0.0,0.0,0.0,1355.468388523919,17.51591965277757,0.0,0.0,18.12634945267687,-0.0,18.12634945267687,0.0,18.12634945267687
2025-03-21,79,46,2025-03-21 07:50:00,2025-03-21 08:00:00,2025-03-21,0.0,0.0,0.0,0.86,522.1882166666667,598.0763666666667,1355.468388523919,1,6,B,0,75.88815,0.0,0.0,0.0,1423.767723523919,0.0,0.0,0.0,0.0,-0.0,0.0,0.0,0.0
2025-03-21,79,47,2025-03-21 08:00:00,2025-03-21 08:10:00,2025-03-21,0.0,0.0,0.0,1.1617,535.9166666666666,654.65,1423.767723523919,1,6,B,0,118.73333333333335,0.0,0.0,0.0,1530.627723523919,0.0,0.0,0.0,0.0,-0.0,0.0,0.0,0.0
2025-03-21,79,48,2025-03-21 08:10:00,2025-03-21 08:20:00,2025-03-21,0.0,0.0,0.0,1.1683,524.6581333333334,684.4751833333332,1530.627723523919,1,6,B,0,159.81704999999988,0.0,0.0,0.0,1674.463068523919,0.0,0.0,0.0,0.0,-0.0,0.0,0.0,0.0
2025-03-21,79,49,2025-03-21 08:20:00,2025-03-21 08:30:00,2025-03-21,0.0,0.0,0.0,1.0956,541.6352499999999,729.5257333333334,1674.463068523919,1,6,B,0,187.89048333333346,0.0,0.0,0.0,1843.564503523919,0.0,0.0,0.0,0.0,-0.0,0.0,0.0,0.0
2025-03-21,79,50,2025-03-21 08:30:00,2025-03-21 08:40:00,2025-03-21,0.0,0.0,0.0,1.0849,563.515,790.3874999999999,1843.564503523919,1,6,B,0,226.87249999999995,0.0,0.0,0.0,2047.749753523919,0.0,0.0,0.0,0.0,-0.0,0.0,0.0,0.0
2025-03-21,79,51,2025-03-21 08:40:00,2025-03-21 08:50:00,2025-03-21,0.0,0.0,0.0,1.061,518.4480666666666,830.7737333333332,2047.749753523919,1,6,B,0,312.3256666666666,0.0,0.0,0.0,2328.842853523919,0.0,0.0,0.0,0.0,-0.0,0.0,0.0,0.0
2025-03-21,79,52,2025-03-21 08:50:00,2025-03-21 09:00:00,2025-03-21,0.0,0.0,0.0,1.043,544.4419166666667,874.3743333333333,2328.842853523919,1,6,B,0,329.93241666666665,0.0,0.0,0.0,2625.782028523919,0.0,0.0,0.0,0.0,-0.0,0.0,0.0,0.0
2025-03-21,79,53,2025-03-21 09:00:00,2025-03-21 09:10:00,2025-03-21,0.0,0.0,0.0,1.036,623.9233333333333,910.6187499999999,2625.782028523919,1,6,B,0,286.6954166666666,0.0,0.0,0.0,2883.807903523919,0.0,0.0,0.0,0.0,-0.0,0.0,0.0,0.0
2025-03-21,79,54,2025-03-21 09:10:00,2025-03-21 09:20:00,2025-03-21,0.0,0.0,0.0,1.0147,604.1303,904.5523,2883.807903523919,1,6,B,0,300.4219999999999,0.0,0.0,0.0,3154.1877035239186,0.0,0.0,0.0,0.0,-0.0,0.0,0.0,0.0
2025-03-21,79,55,2025-03-21 09:20:00,2025-03-21 09:30:00,2025-03-21,0.0,0.0,0.0,0.9922,619.2490833333333,920.0186166666667,3154.1877035239186,1,6,B,0,300.76953333333347,0.0,0.0,0.0,3424.8802835239185,0.0,0.0,0.0,0.0,-0.0,0.0,0.0,0.0
2025-03-21,79,56,2025-03-21 09:30:00,2025-03-21 09:40:00,2025-03-21,0.0,0.0,0.0,0.97,672.3983333333333,978.1499999999999,3424.8802835239185,1,6,B,0,305.75166666666655,0.0,0.0,0.0,3700.0567835239185,0.0,0.0,0.0,0.0,-0.0,0.0,0.0,0.0
2025-03-21,79,57,2025-03-21 09:40:00,2025-03-21 09:50:00,2025-03-21,0.0,0.0,0.0,0.9422,624.7448666666667,1038.2509499999999,3700.0567835239185,1,6,B,0,413.5060833333332,0.0,0.0,0.0,4072.2122585239185,0.0,0.0,0.0,0.0,-0.0,0.0,0.0,0.0
2025-03-21,79,58,2025-03-21 09:50:00,2025-03-21 10:00:00,2025-03-21,0.0,0.0,0.0,0.9569,584.9065333333333,1084.5234999999998,4072.2122585239185,1,6,B,0,499.6169666666665,0.0,0.0,0.0,4521.867528523919,0.0,0.0,0.0,0.0,-0.0,0.0,0.0,0.0
2025-03-21,79,59,2025-03-21 10:00:00,2025-03-21 10:10:00,2025-03-21,0.0,0.0,0.0,0.9977,608.3383333333334,1116.6625,4521.867528523919,1,6,B,0,508.32416666666654,0.0,0.0,0.0,4979.359278523919,0.0,0.0,0.0,0.0,-0.0,0.0,0.0,0.0
2025-03-21,79,60,2025-03-21 10:10:00,2025-03-21 10:20:00,2025-03-21,0.0,0.0,0.0,0.9919,638.8362333333333,1144.3659499999999,4979.359278523919,1,6,B,0,505.52971666666656,0.0,0.0,0.0,5434.336023523919,0.0,0.0,0.0,0.0,-0.0,0.0,0.0,0.0
2025-03-21,79,61,2025-03-21 10:20:00,2025-03-21 10:30:00,2025-03-21,0.0,0.0,0.0,0.9588,643.9225833333333,1182.7385666666667,5434.336023523919,1,6,B,0,538.8159833333334,0.0,0.0,0.0,5919.270408523919,0.0,0.0,0.0,0.0,-0.0,0.0,0.0,0.0
2025-03-21,79,62,2025-03-21 10:30:00,2025-03-21 10:40:00,2025-03-21,0.0,0.0,0.0,0.9549,626.65,1236.3374999999999,5919.270408523919,1,6,B,0,609.6874999999999,0.0,0.0,0.0,6467.989158523919,0.0,0.0,0.0,0.0,-0.0,0.0,0.0,0.0
2025-03-21,79,63,2025-03-21 10:40:00,2025-03-21 10:50:00,2025-03-21,0.0,0.0,0.0,0.9839,617.27735,1295.50805,6467.989158523919,1,6,B,0,678.2307,0.0,0.0,0.0,7078.396788523919,0.0,0.0,0.0,0.0,-0.0,0.0,0.0,0.0
2025-03-21,79,64,2025-03-21 10:50:00,2025-03-21 11:00:00,2025-03-21,0.0,0.0,0.0,0.799,639.3030833333332,1341.1442,7078.396788523919,1,6,B,0,701.8411166666667,0.0,0.0,0.0,7710.053793523919,0.0,0.0,0.0,0.0,-0.0,0.0,0.0,0.0
2025-03-21,79,65,2025-03-21 11:00:00,2025-03-21 11:10:00,2025-03-21,0.0,0.0,0.0,0.5025,660.8516666666667,1355.8625,7710.053793523919,1,6,B,0,695.0108333333333,0.0,0.0,0.0,8335.563543523918,0.0,0.0,0.0,0.0,-0.0,0.0,0.0,0.0
2025-03-21,79,66,2025-03-21 11:10:00,2025-03-21 11:20:00,2025-03-21,0.0,0.0,0.0,0.4662,629.1357666666667,1345.1078666666667,8335.563543523918,1,6,B,0,715.9721000000001,0.0,0.0,0.0,8979.93843352392,0.0,0.0,0.0,0.0,-0.0,0.0,0.0,0.0
2025-03-21,79,67,2025-03-21 11:20:00,2025-03-21 11:30:00,2025-03-21,0.0,0.0,0.0,0.5007,617.3747833333333,1384.7060999999999,8979.93843352392,1,6,B,0,767.3313166666666,0.0,0.0,0.0,9670.53661852392,0.0,0.0,0.0,0.0,-0.0,0.0,0.0,0.0
2025-03-21,79,68,2025-03-21 11:30:00,2025-03-21 11:40:00,2025-03-21,0.0,0.0,0.0,0.4827,643.5816666666666,1451.7875,9670.53661852392,1,6,B,0,808.2058333333333,0.0,0.0,0.0,10397.92186852392,0.0,0.0,0.0,0.0,-0.0,0.0,0.0,0.0
2025-03-21,79,69,2025-03-21 11:40:00,2025-03-21 11:50:00,2025-03-21,0.0,0.0,0.0,0.4785,651.1271166666667,1451.80405,10397.92186852392,1,6,B,0,446.7534794178674,0.0,0.0,353.92345391546587,10800.0,0.0,0.0,0.0,0.0,-0.0,0.0,0.0,0.0
2025-03-21,79,70,2025-03-21 11:50:00,2025-03-21 12:00:00,2025-03-21,0.0,0.0,0.0,0.4662,634.8849166666666,1463.0396833333334,10800.0,1,6,B,0,0.0,0.0,0.0,828.1547666666668,10800.0,0.0,0.0,0.0,0.0,-0.0,0.0,0.0,0.0
2025-03-21,79,71,2025-03-21 12:00:00,2025-03-21 12:10:00,2025-03-21,0.0,0.0,0.0,0.4432,623.885,1484.41875,10800.0,1,12,B,0,0.0,0.0,0.0,860.53375,10800.0,0.0,0.0,0.0,0.0,-0.0,0.0,0.0,0.0
2025-03-21,79,72,2025-03-21 12:10:00,2025-03-21 12:20:00,2025-03-21,0.0,0.0,0.0,0.4411,642.6170666666667,1436.1980333333333,10800.0,1,12,B,0,0.0,0.0,0.0,793.5809666666667,10800.0,0.0,0.0,0.0,0.0,-0.0,0.0,0.0,0.0
2025-03-21,79,73,2025-03-21 12:20:00,2025-03-21 12:30:00,2025-03-21,0.0,0.0,0.0,0.4551,621.1401833333333,1413.9203,10800.0,1,12,B,0,0.0,0.0,0.0,792.7801166666667,10800.0,0.0,0.0,0.0,0.0,-0.0,0.0,0.0,0.0
2025-03-21,79,74,2025-03-21 12:30:00,2025-03-21 12:40:00,2025-03-21,0.0,0.0,0.0,0.4463,579.7733333333333,1434.9125,10800.0,1,12,B,0,0.0,0.0,0.0,855.1391666666666,10800.0,0.0,0.0,0.0,0.0,-0.0,0.0,0.0,0.0
2025-03-21,79,75,2025-03-21 12:40:00,2025-03-21 12:50:00,2025-03-21,0.0,0.0,0.0,0.4113,610.1972,1417.0670333333333,10800.0,1,12,B,0,0.0,0.0,0.0,806.8698333333333,10800.0,0.0,0.0,0.0,0.0,-0.0,0.0,0.0,0.0
2025-03-21,79,76,2025-03-21 12:50:00,2025-03-21 13:00:00,2025-03-21,0.0,0.0,0.0,0.5682,636.7426333333333,1373.66655,10800.0,1,12,B,0,0.0,0.0,0.0,736.9239166666666,10800.0,0.0,0.0,0.0,0.0,-0.0,0.0,0.0,0.0
2025-03-21,79,77,2025-03-21 13:00:00,2025-03-21 13:10:00,2025-03-21,0.0,0.0,0.0,0.8279,621.795,1332.625,10800.0,1,12,B,0,0.0,0.0,0.0,710.83,10800.0,0.0,0.0,0.0,0.0,-0.0,0.0,0.0,0.0
2025-03-21,79,78,2025-03-21 13:10:00,2025-03-21 13:20:00,2025-03-21,0.0,0.0,0.0,0.8636,602.7656666666667,1306.72825,10800.0,1,12,B,0,0.0,0.0,0.0,703.9625833333332,10800.0,0.0,0.0,0.0,0.0,-0.0,0.0,0.0,0.0
2025-03-21,79,79,2025-03-21 13:20:00,2025-03-21 13:30:00,2025-03-21,0.0,0.0,0.0,0.8416,592.0163,1290.5802333333331,10800.0,1,12,B,0,0.0,0.0,0.0,698.5639333333331,10800.0,0.0,0.0,0.0,0.0,-0.0,0.0,0.0,0.0
2025-03-21,79,80,2025-03-21 13:30:00,2025-03-21 13:40:00,2025-03-21,0.0,0.0,0.0,0.8618,581.7666666666667,1275.2937499999998,10800.0,1,12,B,0,0.0,0.0,0.0,693.5270833333332,10800.0,0.0,0.0,0.0,0.0,-0.0,0.0,0.0,0.0
2025-03-21,79,81,2025-03-21 13:40:00,2025-03-21 13:50:00,2025-03-21,0.0,0.0,0.0,0.8623,563.9814833333332,1256.1704333333332,10800.0,1,12,B,0,0.0,0.0,0.0,692.18895,10800.0,0.0,0.0,0.0,0.0,-0.0,0.0,0.0,0.0
2025-03-21,79,82,2025-03-21 13:50:00,2025-03-21 14:00:00,2025-03-21,0.0,0.0,0.0,0.9026,578.7424833333333,1240.2158,10800.0,1,12,B,0,0.0,0.0,0.0,661.4733166666666,10800.0,0.0,0.0,0.0,0.0,-0.0,0.0,0.0,0.0
2025-03-21,79,83,2025-03-21 14:00:00,2025-03-21 14:10:00,2025-03-21,0.0,0.0,0.0,0.9754,614.28,1207.8062499999999,10800.0,1,12,B,0,0.0,0.0,0.0,593.5262499999999,10800.0,0.0,0.0,0.0,0.0,-0.0,0.0,0.0,0.0
2025-03-21,79,84,2025-03-21 14:10:00,2025-03-21 14:20:00,2025-03-21,0.0,0.0,0.0,1.0002,614.79725,1128.5381166666666,10800.0,1,12,B,0,0.0,0.0,0.0,513.7408666666666,10800.0,0.0,0.0,0.0,0.0,-0.0,0.0,0.0,0.0
2025-03-21,79,85,2025-03-21 14:20:00,2025-03-21 14:30:00,2025-03-21,0.0,0.0,0.0,0.9978,603.33885,1045.4608833333332,10800.0,1,12,B,0,0.0,0.0,0.0,442.1220333333332,10800.0,0.0,0.0,0.0,0.0,-0.0,0.0,0.0,0.0
2025-03-21,79,86,2025-03-21 14:30:00,2025-03-21 14:40:00,2025-03-21,0.0,0.0,0.0,1.0271,597.3483333333334,983.78125,10800.0,1,12,B,0,0.0,0.0,0.0,386.43291666666664,10800.0,0.0,0.0,0.0,0.0,-0.0,0.0,0.0,0.0
2025-03-21,79,87,2025-03-21 14:40:00,2025-03-21 14:50:00,2025-03-21,0.0,0.0,0.0,1.0906,591.2195833333333,937.0163833333332,10800.0,1,12,B,0,0.0,0.0,0.0,345.79679999999996,10800.0,0.0,0.0,0.0,0.0,-0.0,0.0,0.0,0.0
2025-03-21,79,88,2025-03-21 14:50:00,2025-03-21 15:00:00,2025-03-21,0.0,0.0,0.0,0.9376,590.5133,916.8027666666667,10800.0,1,12,B,0,0.0,0.0,0.0,326.2894666666667,10800.0,0.0,0.0,0.0,0.0,-0.0,0.0,0.0,0.0
2025-03-21,79,89,2025-03-21 15:00:00,2025-03-21 15:10:00,2025-03-21,0.0,0.0,0.0,0.6694,588.0616666666666,911.3687499999999,10800.0,1,12,B,0,0.0,0.0,0.0,323.30708333333325,10800.0,0.0,0.0,0.0,0.0,-0.0,0.0,0.0,0.0
2025-03-21,79,90,2025-03-21 15:10:00,2025-03-21 15:20:00,2025-03-21,0.0,0.0,0.0,0.66,571.5420166666667,890.9352166666665,10800.0,1,12,B,0,0.0,0.0,0.0,319.39319999999987,10800.0,0.0,0.0,0.0,0.0,-0.0,0.0,0.0,0.0
2025-03-21,79,91,2025-03-21 15:20:00,2025-03-21 15:30:00,2025-03-21,0.0,0.0,0.0,0.7217,569.6767666666666,865.8473999999999,10800.0,1,12,B,0,0.0,0.0,0.0,296.1706333333333,10800.0,0.0,0.0,0.0,0.0,-0.0,0.0,0.0,0.0
2025-03-21,79,92,2025-03-21 15:30:00,2025-03-21 15:40:00,2025-03-21,0.0,0.0,0.0,0.7308,586.1366666666667,829.40625,10800.0,1,12,B,0,0.0,0.0,0.0,243.26958333333334,10800.0,0.0,0.0,0.0,0.0,-0.0,0.0,0.0,0.0
2025-03-21,79,93,2025-03-21 15:40:00,2025-03-21 15:50:00,2025-03-21,0.0,0.0,0.0,0.7534,592.3508833333333,763.3850666666667,10800.0,1,12,B,0,0.0,0.0,0.0,171.03418333333343,10800.0,0.0,0.0,0.0,0.0,-0.0,0.0,0.0,0.0
2025-03-21,79,94,2025-03-21 15:50:00,2025-03-21 16:00:00,2025-03-21,0.0,0.0,0.0,0.7823,574.2744666666666,710.57665,10800.0,1,12,B,0,0.0,0.0,0.0,136.30218333333335,10800.0,0.0,0.0,0.0,0.0,-0.0,0.0,0.0,0.0
2025-03-21,79,95,2025-03-21 16:00:00,2025-03-21 16:10:00,2025-03-21,0.0,0.0,0.0,0.8055,557.0433333333333,674.34375,10800.0,1,12,B,0,0.0,0.0,0.0,117.3004166666667,10800.0,0.0,0.0,0.0,0.0,-0.0,0.0,0.0,0.0
2025-03-21,79,96,2025-03-21 16:10:00,2025-03-21 16:20:00,2025-03-21,22.828711666666436,22.828711666666436,0.0,0.8271,575.71035,614.1343166666666,10800.0,1,12,B,0,0.0,0.0,0.0,38.423966666666615,10800.0,0.0,22.828711666666436,18.881627419499807,0.0,-9.440813709749904,9.440813709749904,0.0,9.440813709749904
2025-03-21,79,97,2025-03-21 16:20:00,2025-03-21 16:30:00,2025-03-21,68.03271878333497,68.03271878333497,58.441361458333304,0.8519,568.7598499999999,533.8931833333334,10800.0,1,12,B,0,0.0,0.0,0.0,23.57469479166673,10800.0,0.0,9.591357325001667,57.95707313152306,0.0,-4.08543865258446,53.8716344789386,0.0,53.8716344789386
2025-03-21,79,98,2025-03-21 16:30:00,2025-03-21 16:40:00,2025-03-21,150.11833333333328,150.11833333333328,152.792835506249,0.8791,550.2833333333333,454.13124999999997,10800.0,1,12,B,0,0.0,0.0,0.0,56.640752172915654,10800.0,2.674502172915709,0.0,131.9690268333333,3.526732290315299,-0.0,135.49575912364858,0.0,135.49575912364858
2025-03-21,79,99,2025-03-21 16:40:00,2025-03-21 16:50:00,2025-03-21,209.7117033333334,209.7117033333334,209.7117033333334,0.9024,585.8236499999999,391.93146666666667,10800.0,1,12,B,0,0.0,0.0,0.0,15.819520000000125,10800.0,0.0,0.0,189.24384108800004,0.0,-0.0,189.24384108800004,0.0,189.24384108800004
2025-03-21,79,100,2025-03-21 16:50:00,2025-03-21 17:00:00,2025-03-21,201.57499781892824,201.57499781892824,216.11984465277783,0.9163,553.6576166666666,332.0850333333333,10800.0,1,12,B,0,0.0,5.4527386805555125,0.0,0.0,10793.941401466049,14.54484683384959,0.0,184.70317050148395,19.99116473078457,-0.0,204.69433523226851,0.0,204.69433523226851
2025-03-21,79,101,2025-03-21 17:00:00,2025-03-21 17:10:00,2025-03-21,177.79208333333332,177.79208333333332,209.57827916666653,0.9264,454.12166666666667,268.78749999999997,10793.941401466049,1,12,B,0,6.731776148834696,0.0,0.0,17.512336351165104,10800.0,31.78619583333321,0.0,164.706586,44.170097729999824,-0.0,208.8766837299998,0.0,208.8766837299998
2025-03-21,79,102,2025-03-21 17:10:00,2025-03-21 17:20:00,2025-03-21,236.28214999999992,236.28214999999992,293.1069102083333,0.9462,419.16615,211.97548333333333,10800.0,1,12,B,0,0.0,0.0,0.0,85.91624354166663,10800.0,56.8247602083334,0.0,223.57017032999994,80.6513821636876,-0.0,304.22155249368757,0.0,304.22155249368757
2025-03-21,79,103,2025-03-21 17:20:00,2025-03-21 17:30:00,2025-03-21,298.14887,298.14887,358.1449159722222,0.9742,428.21365,164.18721666666664,10800.0,1,12,B,0,0.0,0.0,0.0,94.1184826388889,10800.0,59.99604597222219,0.0,290.456629154,87.67222197920829,-0.0,378.1288511332083,0.0,378.1288511332083
2025-03-21,79,104,2025-03-21 17:30:00,2025-03-21 17:40:00,2025-03-21,338.2379166666667,338.2379166666667,395.2365589583333,0.9862,441.67833333333334,120.45,10800.0,1,12,B,0,0.0,0.0,0.0,74.00822562499997,10800.0,56.99864229166661,0.0,333.57023341666667,84.3180915420624,-0.0,417.8883249587291,0.0,417.8883249587291
2025-03-21,79,105,2025-03-21 17:40:00,2025-03-21 17:50:00,2025-03-21,384.7734966666669,384.7734966666669,442.48048451388894,0.976,445.5400833333333,73.47745,10800.0,1,12,B,0,0.0,0.0,0.0,70.41785118055566,10800.0,57.706987847222024,0.0,375.5389327466669,84.48303020833305,-0.0,460.02196295499994,0.0,460.02196295499994
2025-03-21,79,106,2025-03-21 17:50:00,2025-03-21 18:00:00,2025-03-21,349.5744550644042,349.5744550644042,480.30420590277777,1.0742,444.05315,28.8115,10800.0,1,12,B,0,0.0,0.0,0.0,65.06255590277777,10800.0,130.72975083837355,0.0,375.512879630183,210.64484752587128,-0.0,586.1577271560543,0.0,586.1577271560543
2025-03-21,79,107,2025-03-21 18:00:00,2025-03-21 18:10:00,2025-03-21,0.0,0.0,0.0,1.2313,445.2883333333333,0.0,10800.0,1,18,B,0,0.0,445.2883333333333,0.0,0.0,10305.235185185185,0.0,0.0,0.0,0.0,-0.0,0.0,0.0,0.0
2025-03-21,79,108,2025-03-21 18:10:00,2025-03-21 18:20:00,2025-03-21,0.0,0.0,0.0,1.2561,452.2605166666666,0.0,10305.235185185185,1,18,B,0,0.0,452.2605166666666,0.0,0.0,9802.7235,0.0,0.0,0.0,0.0,-0.0,0.0,0.0,0.0
2025-03-21,79,109,2025-03-21 18:20:00,2025-03-21 18:30:00,2025-03-21,0.0,0.0,0.0,1.2447,450.48769999999996,0.9997333333333334,9802.7235,1,18,B,0,0.0,449.48796666666664,0.0,0.0,9303.292425925925,0.0,0.0,0.0,0.0,-0.0,0.0,0.0,0.0
2025-03-21,79,110,2025-03-21 18:30:00,2025-03-21 18:40:00,2025-03-21,0.0,0.0,0.0,1.2545,435.71000000000004,0.0,9303.292425925925,1,18,B,0,0.0,435.71000000000004,0.0,0.0,8819.170203703703,0.0,0.0,0.0,0.0,-0.0,0.0,0.0,0.0
2025-03-21,79,111,2025-03-21 18:40:00,2025-03-21 18:50:00,2025-03-21,0.0,0.0,0.0,1.2522,423.5798,0.0,8819.170203703703,1,18,B,0,0.0,423.5798,0.0,0.0,8348.525981481482,0.0,0.0,0.0,0.0,-0.0,0.0,0.0,0.0
2025-03-21,79,112,2025-03-21 18:50:00,2025-03-21 19:00:00,2025-03-21,0.0,0.0,0.0,1.2881,448.0878333333333,0.07178333333333334,8348.525981481482,1,18,B,0,0.0,448.01605,0.0,0.0,7850.730370370371,0.0,0.0,0.0,0.0,-0.0,0.0,0.0,0.0
2025-03-21,79,113,2025-03-21 19:00:00,2025-03-21 19:10:00,2025-03-21,0.0,0.0,0.0,1.3466,480.57833333333326,0.0,7850.730370370371,1,18,B,0,0.0,480.57833333333326,0.0,0.0,7316.754444444445,0.0,0.0,0.0,0.0,-0.0,0.0,0.0,0.0
2025-03-21,79,114,2025-03-21 19:10:00,2025-03-21 19:20:00,2025-03-21,0.0,0.0,0.0,1.3523,457.1183,0.0,7316.754444444445,1,18,B,0,0.0,457.1183,0.0,0.0,6808.845222222222,0.0,0.0,0.0,0.0,-0.0,0.0,0.0,0.0
2025-03-21,79,115,2025-03-21 19:20:00,2025-03-21 19:30:00,2025-03-21,0.0,0.0,0.0,1.3445,438.2265,0.00515,6808.845222222222,1,18,B,0,0.0,438.22135,0.0,0.0,6321.932611111111,0.0,0.0,0.0,0.0,-0.0,0.0,0.0,0.0
2025-03-21,79,116,2025-03-21 19:30:00,2025-03-21 19:40:00,2025-03-21,0.0,0.0,0.0,1.3483,454.32666666666665,0.0,6321.932611111111,1,18,B,0,0.0,454.32666666666665,0.0,0.0,5817.125203703704,0.0,0.0,0.0,0.0,-0.0,0.0,0.0,0.0
2025-03-21,79,117,2025-03-21 19:40:00,2025-03-21 19:50:00,2025-03-21,0.0,0.0,0.0,1.349,477.2536333333333,0.0,5817.125203703704,1,18,B,0,0.0,477.2536333333333,0.0,0.0,5286.843388888889,0.0,0.0,0.0,0.0,-0.0,0.0,0.0,0.0
2025-03-21,79,118,2025-03-21 19:50:00,2025-03-21 20:00:00,2025-03-21,0.0,0.0,0.0,1.3473,492.04021666666665,0.00036666666666666667,5286.843388888889,1,18,B,0,0.0,492.03985,0.0,0.0,4740.132444444445,0.0,0.0,0.0,0.0,-0.0,0.0,0.0,0.0
2025-03-21,79,119,2025-03-21 20:00:00,2025-03-21 20:10:00,2025-03-21,0.0,0.0,0.0,1.3482,482.5516666666666,0.0,4740.132444444445,1,18,B,0,0.0,482.5516666666666,0.0,0.0,4203.963925925927,0.0,0.0,0.0,0.0,-0.0,0.0,0.0,0.0
2025-03-21,79,120,2025-03-21 20:10:00,2025-03-21 20:20:00,2025-03-21,0.0,0.0,0.0,1.3513,446.72555,0.0,4203.963925925927,1,18,B,0,0.0,446.72555,0.0,0.0,3707.602203703704,0.0,0.0,0.0,0.0,-0.0,0.0,0.0,0.0
2025-03-21,79,121,2025-03-21 20:20:00,2025-03-21 20:30:00,2025-03-21,0.0,0.0,0.0,1.34,454.9432166666666,0.0,3707.602203703704,1,18,B,0,0.0,454.9432166666666,0.0,0.0,3202.1097407407415,0.0,0.0,0.0,0.0,-0.0,0.0,0.0,0.0
2025-03-21,79,122,2025-03-21 20:30:00,2025-03-21 20:40:00,2025-03-21,0.0,0.0,0.0,1.3489,494.82499999999993,0.0,3202.1097407407415,1,18,B,0,0.0,494.82499999999993,0.0,0.0,2652.304185185186,0.0,0.0,0.0,0.0,-0.0,0.0,0.0,0.0
2025-03-21,79,123,2025-03-21 20:40:00,2025-03-21 20:50:00,2025-03-21,0.0,0.0,0.0,1.3952,483.5268166666666,0.0,2652.304185185186,1,18,B,0,0.0,483.5268166666666,0.0,0.0,2115.0521666666673,0.0,0.0,0.0,0.0,-0.0,0.0,0.0,0.0
2025-03-21,79,124,2025-03-21 20:50:00,2025-03-21 21:00:00,2025-03-21,0.0,0.0,0.0,1.2226,458.33371666666665,0.0,2115.0521666666673,1,18,B,0,0.0,458.33371666666665,0.0,0.0,1605.7924814814821,0.0,0.0,0.0,0.0,-0.0,0.0,0.0,0.0
2025-03-21,79,125,2025-03-21 21:00:00,2025-03-21 21:10:00,2025-03-21,478.5491666666667,478.5491666666667,478.5491666666667,0.9332,448.37166666666667,0.0,1605.7924814814821,1,18,B,0,30.17750000000001,0.0,0.0,0.0,1632.9522314814822,0.0,0.0,446.58208233333335,0.0,-0.0,446.58208233333335,0.0,446.58208233333335
2025-03-21,79,126,2025-03-21 21:10:00,2025-03-21 21:20:00,2025-03-21,484.49259999999987,484.49259999999987,484.49259999999987,0.9068,445.5922166666667,0.0,1632.9522314814822,1,18,B,0,38.900383333333195,0.0,0.0,0.0,1667.962576481482,0.0,0.0,439.33788967999993,0.0,-0.0,439.33788967999993,0.0,439.33788967999993
2025-03-21,79,127,2025-03-21 21:20:00,2025-03-21 21:30:00,2025-03-21,448.5777916666666,448.5777916666666,448.5777916666666,0.9371,450.55286666666666,0.0,1667.962576481482,1,18,B,0,0.0,1.9750750000000608,0.0,0.0,1665.7680487037042,0.0,0.0,420.3622485708333,0.0,-0.0,420.3622485708333,0.0,420.3622485708333
2025-03-21,79,128,2025-03-21 21:30:00,2025-03-21 21:40:00,2025-03-21,419.16416666666674,419.16416666666674,419.16416666666674,0.9371,468.72333333333336,0.0,1665.7680487037042,1,18,B,0,0.0,49.55916666666661,0.0,0.0,1610.7023079629635,0.0,0.0,392.7987405833334,0.0,-0.0,392.7987405833334,0.0,392.7987405833334
2025-03-21,79,129,2025-03-21 21:40:00,2025-03-21 21:50:00,2025-03-21,455.4669583333334,455.4669583333334,455.4669583333334,0.9871,491.0152166666667,0.0,1610.7023079629635,1,18,B,0,0.0,35.54825833333325,0.0,0.0,1571.2042431481486,0.0,0.0,449.5914345708334,0.0,-0.0,449.5914345708334,0.0,449.5914345708334
2025-03-21,79,130,2025-03-21 21:50:00,2025-03-21 22:00:00,2025-03-21,463.74558333333334,463.74558333333334,463.74558333333334,0.7764,446.1972166666667,0.0,1571.2042431481486,1,18,B,0,17.548366666666652,0.0,0.0,0.0,1586.9977731481486,0.0,0.0,360.0520709,0.0,-0.0,360.0520709,0.0,360.0520709
2025-03-21,79,131,2025-03-21 22:00:00,2025-03-21 22:10:00,2025-03-21,1194.5266666666666,1194.5266666666666,1194.5266666666666,0.4209,370.4316666666667,0.0,1586.9977731481486,1,18,B,0,824.095,0.0,0.0,0.0,2328.6832731481486,0.0,0.0,502.776274,0.0,-0.0,502.776274,0.0,502.776274
2025-03-21,79,132,2025-03-21 22:10:00,2025-03-21 22:20:00,2025-03-21,1196.885183333333,1196.885183333333,1196.885183333333,0.3859,379.84864999999996,0.0,2328.6832731481486,1,18,B,0,817.0365333333332,0.0,0.0,0.0,3064.0161531481485,0.0,0.0,461.87799224833327,0.0,-0.0,461.87799224833327,0.0,461.87799224833327
2025-03-21,79,133,2025-03-21 22:20:00,2025-03-21 22:30:00,2025-03-21,401.15740000000005,401.15740000000005,401.15740000000005,0.4368,420.18748333333326,0.0,3064.0161531481485,1,18,B,0,0.0,19.03008333333321,0.0,0.0,3042.8716161111115,0.0,0.0,175.22555232000002,0.0,-0.0,175.22555232000002,0.0,175.22555232000002
2025-03-21,79,134,2025-03-21 22:30:00,2025-03-21 22:40:00,2025-03-21,1147.2466666666667,1147.2466666666667,1147.2466666666667,0.4198,428.68833333333333,0.0,3042.8716161111115,1,18,B,0,718.5583333333334,0.0,0.0,0.0,3689.574116111112,0.0,0.0,481.61415066666666,0.0,-0.0,481.61415066666666,0.0,481.61415066666666
2025-03-21,79,135,2025-03-21 22:40:00,2025-03-21 22:50:00,2025-03-21,1169.3420166666665,1169.3420166666665,1169.3420166666665,0.4186,397.2578166666666,0.0,3689.574116111112,1,18,B,0,772.0841999999999,0.0,0.0,0.0,4384.449896111112,0.0,0.0,489.48656817666665,0.0,-0.0,489.48656817666665,0.0,489.48656817666665
2025-03-21,79,136,2025-03-21 22:50:00,2025-03-21 23:00:00,2025-03-21,427.5109666666667,427.5109666666667,427.5109666666667,0.4241,390.7609333333333,0.0,4384.449896111112,1,18,B,0,36.75003333333342,0.0,0.0,0.0,4417.524926111112,0.0,0.0,181.30740096333335,0.0,-0.0,181.30740096333335,0.0,181.30740096333335
2025-03-21,79,137,2025-03-21 23:00:00,2025-03-21 23:10:00,2025-03-21,417.81916666666666,417.81916666666666,417.81916666666666,0.4237,402.99333333333334,0.0,4417.524926111112,1,18,B,0,14.825833333333321,0.0,0.0,0.0,4430.868176111112,0.0,0.0,177.02998091666666,0.0,-0.0,177.02998091666666,0.0,177.02998091666666
2025-03-21,79,138,2025-03-21 23:10:00,2025-03-21 23:20:00,2025-03-21,405.0245749999999,405.0245749999999,405.0245749999999,0.4248,376.56061666666665,0.0,4430.868176111112,1,18,B,0,28.463958333333267,0.0,0.0,0.0,4456.485738611112,0.0,0.0,172.05443945999997,0.0,-0.0,172.05443945999997,0.0,172.05443945999997
2025-03-21,79,139,2025-03-21 23:20:00,2025-03-21 23:30:00,2025-03-21,423.45939166666665,423.45939166666665,423.45939166666665,0.424,398.49354999999997,0.0,4456.485738611112,1,18,B,0,24.965841666666677,0.0,0.0,0.0,4478.9549961111115,0.0,0.0,179.54678206666665,0.0,-0.0,179.54678206666665,0.0,179.54678206666665
2025-03-21,79,140,2025-03-21 23:30:00,2025-03-21 23:40:00,2025-03-21,483.57666666666665,483.57666666666665,483.57666666666665,0.422,445.205,0.0,4478.9549961111115,1,18,B,0,38.37166666666667,0.0,0.0,0.0,4513.489496111111,0.0,0.0,204.0693533333333,0.0,-0.0,204.0693533333333,0.0,204.0693533333333
2025-03-21,79,141,2025-03-21 23:40:00,2025-03-21 23:50:00,2025-03-21,421.52800833333333,421.52800833333333,421.52800833333333,0.424,402.79061666666666,0.0,4513.489496111111,1,18,B,0,18.737391666666667,0.0,0.0,0.0,4530.3531486111115,0.0,0.0,178.72787553333333,0.0,-0.0,178.72787553333333,0.0,178.72787553333333
2025-03-21,79,142,2025-03-21 23:50:00,2025-03-22 00:00:00,2025-03-21,426.67079166666673,426.67079166666673,426.67079166666673,0.4271,380.8200166666666,0.0,4530.3531486111115,1,18,B,0,45.85077500000011,0.0,0.0,0.0,4571.618846111111,0.0,0.0,182.23109512083334,0.0,-0.0,182.23109512083334,0.0,182.23109512083334
2025-03-21,79,143,2025-03-22 00:00:00,2025-03-22 00:10:00,2025-03-22,435.11749999999995,435.11749999999995,435.11749999999995,0.4276,408.4316666666667,0.0,4571.618846111111,1,18,B,0,26.685833333333278,0.0,0.0,0.0,4595.636096111111,0.0,0.0,186.05624299999997,0.0,-0.0,186.05624299999997,0.0,186.05624299999997
2025-03-22,80,0,2025-03-22 00:10:00,2025-03-22 00:20:00,2025-03-22,404.2894666666667,404.2894666666667,404.2894666666667,0.4248,405.05203333333327,0.0,4595.636096111111,0,0,B,0,0.0,0.7625666666665438,0.0,0.0,4594.788799814815,0.0,0.0,171.74216544000004,0.0,-0.0,171.74216544000004,0.0,171.74216544000004
2025-03-22,80,1,2025-03-22 00:20:00,2025-03-22 00:30:00,2025-03-22,398.0083166666667,398.0083166666667,398.0083166666667,0.4245,400.8842833333333,0.0,4594.788799814815,0,0,B,0,0.0,2.8759666666666135,0.0,0.0,4591.5932812962965,0.0,0.0,168.954530425,0.0,-0.0,168.954530425,0.0,168.954530425
2025-03-22,80,2,2025-03-22 00:30:00,2025-03-22 00:40:00,2025-03-22,413.4483333333333,413.4483333333333,413.4483333333333,0.4269,408.3433333333333,0.0,4591.5932812962965,0,0,B,0,5.105000000000018,0.0,0.0,0.0,4596.187781296297,0.0,0.0,176.5010935,0.0,-0.0,176.5010935,0.0,176.5010935
2025-03-22,80,3,2025-03-22 00:40:00,2025-03-22 00:50:00,2025-03-22,408.22424999999987,408.22424999999987,408.22424999999987,0.4272,404.73319999999995,0.0,4596.187781296297,0,0,B,0,3.491049999999916,0.0,0.0,0.0,4599.329726296297,0.0,0.0,174.39339959999995,0.0,-0.0,174.39339959999995,0.0,174.39339959999995
2025-03-22,80,4,2025-03-22 00:50:00,2025-03-22 01:00:00,2025-03-22,392.4285666666666,392.4285666666666,392.4285666666666,0.4271,412.86106666666666,0.0,4599.329726296297,0,0,B,0,0.0,20.43250000000006,0.0,0.0,4576.626948518519,0.0,0.0,167.6062408233333,0.0,-0.0,167.6062408233333,0.0,167.6062408233333
2025-03-22,80,5,2025-03-22 01:00:00,2025-03-22 01:10:00,2025-03-22,407.7916666666668,407.7916666666668,407.7916666666668,0.4285,420.8983333333333,0.0,4576.626948518519,0,0,B,0,0.0,13.106666666666513,0.0,0.0,4562.063985555556,0.0,0.0,174.73872916666673,0.0,-0.0,174.73872916666673,0.0,174.73872916666673
2025-03-22,80,6,2025-03-22 01:10:00,2025-03-22 01:20:00,2025-03-22,377.4704416666665,377.4704416666665,377.4704416666665,0.4311,393.5677166666667,0.0,4562.063985555556,0,0,B,0,0.0,16.097275000000195,0.0,0.0,4544.1781244444455,0.0,0.0,162.72750740249992,0.0,-0.0,162.72750740249992,0.0,162.72750740249992
2025-03-22,80,7,2025-03-22 01:20:00,2025-03-22 01:30:00,2025-03-22,404.96132500000004,404.96132500000004,404.96132500000004,0.4302,385.4092833333333,0.0,4544.1781244444455,0,0,B,0,19.552041666666753,0.0,0.0,0.0,4561.774961944446,0.0,0.0,174.21436201500003,0.0,-0.0,174.21436201500003,0.0,174.21436201500003
2025-03-22,80,8,2025-03-22 01:30:00,2025-03-22 01:40:00,2025-03-22,429.42166666666674,429.42166666666674,429.42166666666674,0.4279,417.0583333333333,0.0,4561.774961944446,0,0,B,0,12.363333333333458,0.0,0.0,0.0,4572.901961944446,0.0,0.0,183.74953116666669,0.0,-0.0,183.74953116666669,0.0,183.74953116666669
2025-03-22,80,9,2025-03-22 01:40:00,2025-03-22 01:50:00,2025-03-22,403.8584333333333,403.8584333333333,403.8584333333333,0.4312,451.0360833333333,0.0,4572.901961944446,0,0,B,0,0.0,47.17764999999997,0.0,0.0,4520.482350833335,0.0,0.0,174.14375645333334,0.0,-0.0,174.14375645333334,0.0,174.14375645333334
2025-03-22,80,10,2025-03-22 01:50:00,2025-03-22 02:00:00,2025-03-22,427.00942499999996,427.00942499999996,427.00942499999996,0.4333,447.0386833333333,0.0,4520.482350833335,0,0,B,0,0.0,20.02925833333336,0.0,0.0,4498.227619351853,0.0,0.0,185.02318385249998,0.0,-0.0,185.02318385249998,0.0,185.02318385249998
2025-03-22,80,11,2025-03-22 02:00:00,2025-03-22 02:10:00,2025-03-22,418.0874999999999,418.0874999999999,418.0874999999999,0.4311,413.59833333333336,0.0,4498.227619351853,0,0,B,0,4.489166666666563,0.0,0.0,0.0,4502.267869351853,0.0,0.0,180.23752124999996,0.0,-0.0,180.23752124999996,0.0,180.23752124999996
2025-03-22,80,12,2025-03-22 02:10:00,2025-03-22 02:20:00,2025-03-22,422.558575,422.558575,422.558575,0.4293,397.09293333333335,0.0,4502.267869351853,0,0,B,0,25.46564166666667,0.0,0.0,0.0,4525.186946851853,0.0,0.0,181.40439624750002,0.0,-0.0,181.40439624750002,0.0,181.40439624750002
2025-03-22,80,13,2025-03-22 02:20:00,2025-03-22 02:30:00,2025-03-22,432.64235833333333,432.64235833333333,432.64235833333333,0.4324,399.8299833333333,0.0,4525.186946851853,0,0,B,0,32.81237500000003,0.0,0.0,0.0,4554.718084351853,0.0,0.0,187.07455574333335,0.0,-0.0,187.07455574333335,0.0,187.07455574333335
2025-03-22,80,14,2025-03-22 02:30:00,2025-03-22 02:40:00,2025-03-22,429.0691666666667,429.0691666666667,429.0691666666667,0.4367,417.4766666666667,0.0,4554.718084351853,0,0,B,0,11.59250000000003,0.0,0.0,0.0,4565.151334351853,0.0,0.0,187.37450508333333,0.0,-0.0,187.37450508333333,0.0,187.37450508333333
2025-03-22,80,15,2025-03-22 02:40:00,2025-03-22 02:50:00,2025-03-22,474.7175583333333,474.7175583333333,474.7175583333333,0.4348,445.24694999999997,0.0,4565.151334351853,0,0,B,0,29.470608333333303,0.0,0.0,0.0,4591.674881851853,0.0,0.0,206.4071943633333,0.0,-0.0,206.4071943633333,0.0,206.4071943633333
2025-03-22,80,16,2025-03-22 02:50:00,2025-03-22 03:00:00,2025-03-22,476.55753333333325,476.55753333333325,476.55753333333325,0.4335,457.8584833333333,0.0,4591.674881851853,0,0,B,0,18.699049999999943,0.0,0.0,0.0,4608.504026851852,0.0,0.0,206.58769069999997,0.0,-0.0,206.58769069999997,0.0,206.58769069999997
2025-03-22,80,17,2025-03-22 03:00:00,2025-03-22 03:10:00,2025-03-22,428.3149999999999,428.3149999999999,428.3149999999999,0.4357,447.0483333333333,0.0,4608.504026851852,0,0,B,0,0.0,18.733333333333405,0.0,0.0,4587.689212037038,0.0,0.0,186.61684549999993,0.0,-0.0,186.61684549999993,0.0,186.61684549999993
2025-03-22,80,18,2025-03-22 03:10:00,2025-03-22 03:20:00,2025-03-22,413.29229166666676,413.29229166666676,413.29229166666676,0.4374,429.53638333333333,0.0,4587.689212037038,0,0,B,0,0.0,16.244091666666577,0.0,0.0,4569.640221296297,0.0,0.0,180.77404837500004,0.0,-0.0,180.77404837500004,0.0,180.77404837500004
2025-03-22,80,19,2025-03-22 03:20:00,2025-03-22 03:30:00,2025-03-22,414.4435333333332,414.4435333333332,414.4435333333332,0.4371,431.43013333333334,0.0,4569.640221296297,0,0,B,0,0.0,16.986600000000124,0.0,0.0,4550.766221296297,0.0,0.0,181.15326841999993,0.0,-0.0,181.15326841999993,0.0,181.15326841999993
2025-03-22,80,20,2025-03-22 03:30:00,2025-03-22 03:40:00,2025-03-22,427.23477558718224,427.23477558718224,427.23477558718224,0.4356,441.04499999999996,0.0,4550.766221296297,0,0,B,0,0.0,13.810224412817718,0.0,0.0,4535.421527504277,0.0,0.0,186.10346824577658,0.0,-0.0,186.10346824577658,0.0,186.10346824577658
2025-03-22,80,21,2025-03-22 03:40:00,2025-03-22 03:50:00,2025-03-22,429.814575,429.814575,429.814575,0.4353,424.52088333333336,0.0,4535.421527504277,0,0,B,0,5.293691666666632,0.0,0.0,0.0,4540.185850004277,0.0,0.0,187.0982844975,0.0,-0.0,187.0982844975,0.0,187.0982844975
2025-03-22,80,22,2025-03-22 03:50:00,2025-03-22 04:00:00,2025-03-22,454.3064166666666,454.3064166666666,454.3064166666666,0.436,417.17263333333335,0.0,4540.185850004277,0,0,B,0,37.13378333333327,0.0,0.0,0.0,4573.606255004277,0.0,0.0,198.07759766666663,0.0,-0.0,198.07759766666663,0.0,198.07759766666663
2025-03-22,80,23,2025-03-22 04:00:00,2025-03-22 04:10:00,2025-03-22,460.6116666666667,460.6116666666667,460.6116666666667,0.4378,433.2983333333333,0.0,4573.606255004277,0,0,B,0,27.31333333333339,0.0,0.0,0.0,4598.188255004277,0.0,0.0,201.65578766666667,0.0,-0.0,201.65578766666667,0.0,201.65578766666667
2025-03-22,80,24,2025-03-22 04:10:00,2025-03-22 04:20:00,2025-03-22,435.76436333333316,435.76436333333316,435.76436333333316,0.4401,449.00783333333334,0.00045,4598.188255004277,0,0,B,0,0.0,13.243020000000172,0.0,0.0,4583.47378833761,0.0,0.0,191.77989630299993,0.0,-0.0,191.77989630299993,0.0,191.77989630299993
2025-03-22,80,25,2025-03-22 04:20:00,2025-03-22 04:30:00,2025-03-22,439.3086333333333,439.3086333333333,439.3086333333333,0.4389,444.26789999999994,0.0,4583.47378833761,0,0,B,0,0.0,4.959266666666622,0.0,0.0,4577.963492041314,0.0,0.0,192.81255917,0.0,-0.0,192.81255917,0.0,192.81255917
2025-03-22,80,26,2025-03-22 04:30:00,2025-03-22 04:40:00,2025-03-22,438.31500000000005,438.31500000000005,438.31500000000005,0.4364,437.15999999999997,0.0,4577.963492041314,0,0,B,0,1.1550000000000864,0.0,0.0,0.0,4579.0029920413135,0.0,0.0,191.28066600000002,0.0,-0.0,191.28066600000002,0.0,191.28066600000002
2025-03-22,80,27,2025-03-22 04:40:00,2025-03-22 04:50:00,2025-03-22,436.50537804331236,436.50537804331236,436.50537804331236,0.4393,461.7474833333333,0.006266666666666667,4579.0029920413135,0,0,B,0,0.0,25.23583862335431,0.0,0.0,4550.963171348698,0.0,0.0,191.75681257442713,0.0,-0.0,191.75681257442713,0.0,191.75681257442713
2025-03-22,80,28,2025-03-22 04:50:00,2025-03-22 05:00:00,2025-03-22,390.37379999999985,390.37379999999985,390.37379999999985,0.4422,471.8125166666667,0.0,4550.963171348698,0,0,B,0,0.0,81.43871666666683,0.0,0.0,4460.475708385735,0.0,0.0,172.62329435999993,0.0,-0.0,172.62329435999993,0.0,172.62329435999993
2025-03-22,80,29,2025-03-22 05:00:00,2025-03-22 05:10:00,2025-03-22,424.9916666666666,424.9916666666666,424.9916666666666,0.4395,461.8566666666666,0.0,4460.475708385735,0,0,B,0,0.0,36.86500000000001,0.0,0.0,4419.514597274624,0.0,0.0,186.78383749999998,0.0,-0.0,186.78383749999998,0.0,186.78383749999998
2025-03-22,80,30,2025-03-22 05:10:00,2025-03-22 05:20:00,2025-03-22,465.85223333333323,465.85223333333323,465.85223333333323,0.4333,470.3219833333333,0.08723333333333333,4419.514597274624,0,0,B,0,0.0,4.3825166666667315,0.0,0.0,4414.645134311661,0.0,0.0,201.8537727033333,0.0,-0.0,201.8537727033333,0.0,201.8537727033333
2025-03-22,80,31,2025-03-22 05:20:00,2025-03-22 05:30:00,2025-03-22,426.9711583333333,426.9711583333333,426.9711583333333,0.4439,468.6152666666667,0.0,4414.645134311661,0,0,B,0,0.0,41.644108333333406,0.0,0.0,4368.37390283018,0.0,0.0,189.53249718416666,0.0,-0.0,189.53249718416666,0.0,189.53249718416666
2025-03-22,80,32,2025-03-22 05:30:00,2025-03-22 05:40:00,2025-03-22,430.5558333333332,430.5558333333332,430.5558333333332,0.4301,455.66833333333335,0.0,4368.37390283018,0,0,B,0,0.0,25.112500000000125,0.0,0.0,4340.4711250524015,0.0,0.0,185.1820639166666,0.0,-0.0,185.1820639166666,0.0,185.1820639166666
2025-03-22,80,33,2025-03-22 05:40:00,2025-03-22 05:50:00,2025-03-22,1252.3871716666665,1252.3871716666665,1252.3871716666665,0.3713,462.3114333333333,1.2150333333333332,4340.4711250524015,0,0,B,0,791.2907716666666,0.0,0.0,0.0,5052.632819552401,0.0,0.0,465.0113568398333,0.0,-0.0,465.0113568398333,0.0,465.0113568398333
2025-03-22,80,34,2025-03-22 05:50:00,2025-03-22 06:00:00,2025-03-22,0.0,0.0,0.0,0.5708,468.04194999999993,0.0,5052.632819552401,0,0,B,0,0.0,468.04194999999993,0.0,0.0,4532.58620844129,0.0,0.0,0.0,0.0,-0.0,0.0,0.0,0.0
2025-03-22,80,35,2025-03-22 06:00:00,2025-03-22 06:10:00,2025-03-22,0.0,0.0,0.0,0.9099,459.47499999999997,0.0,4532.58620844129,1,6,B,0,0.0,459.47499999999997,0.0,0.0,4022.0584306635124,0.0,0.0,0.0,0.0,-0.0,0.0,0.0,0.0
2025-03-22,80,36,2025-03-22 06:10:00,2025-03-22 06:20:00,2025-03-22,0.0,0.0,0.0,0.9368,448.1833333333333,34.19906666666667,4022.0584306635124,1,6,B,0,0.0,413.9842666666666,0.0,0.0,3562.0759121449937,0.0,0.0,0.0,0.0,-0.0,0.0,0.0,0.0
2025-03-22,80,37,2025-03-22 06:20:00,2025-03-22 06:30:00,2025-03-22,0.0,0.0,0.0,0.8758,461.36685,83.03144999999999,3562.0759121449937,1,6,B,0,0.0,378.3354,0.0,0.0,3141.703245478327,0.0,0.0,0.0,0.0,-0.0,0.0,0.0,0.0
2025-03-22,80,38,2025-03-22 06:30:00,2025-03-22 06:40:00,2025-03-22,0.0,0.0,0.0,0.8759,474.77666666666664,131.5375,3141.703245478327,1,6,B,0,0.0,343.2391666666666,0.0,0.0,2760.3263936264752,0.0,0.0,0.0,0.0,-0.0,0.0,0.0,0.0
2025-03-22,80,39,2025-03-22 06:40:00,2025-03-22 06:50:00,2025-03-22,0.0,0.0,0.0,0.8601,445.2213333333333,178.2065333333333,2760.3263936264752,1,6,B,0,0.0,267.0148,0.0,0.0,2463.6432825153643,0.0,0.0,0.0,0.0,-0.0,0.0,0.0,0.0
2025-03-22,80,40,2025-03-22 06:50:00,2025-03-22 07:00:00,2025-03-22,0.0,0.0,0.0,0.8442,468.30168333333336,227.78933333333333,2463.6432825153643,1,6,B,0,0.0,240.51235000000003,0.0,0.0,2196.4073380709196,0.0,0.0,0.0,0.0,-0.0,0.0,0.0,0.0
2025-03-22,80,41,2025-03-22 07:00:00,2025-03-22 07:10:00,2025-03-22,0.0,0.0,0.0,0.8334,539.3233333333333,281.9375,2196.4073380709196,1,6,B,0,0.0,257.38583333333327,0.0,0.0,1910.4230788116604,0.0,0.0,0.0,0.0,-0.0,0.0,0.0,0.0
2025-03-22,80,42,2025-03-22 07:10:00,2025-03-22 07:20:00,2025-03-22,0.0,0.0,0.0,0.8092,552.4073999999999,338.01505,1910.4230788116604,1,6,B,0,0.0,214.39234999999996,0.0,0.0,1672.2093565894381,0.0,0.0,0.0,0.0,-0.0,0.0,0.0,0.0
2025-03-22,80,43,2025-03-22 07:20:00,2025-03-22 07:30:00,2025-03-22,0.0,0.0,0.0,0.7972,538.0065666666667,394.19166666666666,1672.2093565894381,1,6,B,0,0.0,143.81490000000002,0.0,0.0,1512.4150232561049,0.0,0.0,0.0,0.0,-0.0,0.0,0.0,0.0
2025-03-22,80,44,2025-03-22 07:30:00,2025-03-22 07:40:00,2025-03-22,0.0,0.0,116.47937337506148,0.7644,531.9533333333333,444.74375,1512.4150232561049,1,6,B,0,29.269790041728243,0.0,0.0,0.0,1538.7578342936604,116.47937337506148,0.0,0.0,133.5552495118455,-0.0,133.5552495118455,0.0,133.5552495118455
2025-03-22,80,45,2025-03-22 07:40:00,2025-03-22 07:50:00,2025-03-22,0.0,0.0,86.65011194444439,0.6899,534.00045,485.17196666666666,1538.7578342936604,1,6,B,0,37.82162861111101,0.0,0.0,0.0,1572.7973000436602,86.65011194444439,0.0,0.0,89.66986834570828,-0.0,89.66986834570828,0.0,89.66986834570828
2025-03-22,80,46,2025-03-22 07:50:00,2025-03-22 08:00:00,2025-03-22,0.0,0.0,0.0,0.86,522.3355333333333,531.2488999999999,1572.7973000436602,1,6,B,0,8.913366666666661,0.0,0.0,0.0,1580.8193300436603,0.0,0.0,0.0,0.0,-0.0,0.0,0.0,0.0
2025-03-22,80,47,2025-03-22 08:00:00,2025-03-22 08:10:00,2025-03-22,0.0,0.0,0.0,1.1617,515.1583333333333,576.4812499999999,1580.8193300436603,1,6,B,0,61.32291666666663,0.0,0.0,0.0,1636.0099550436603,0.0,0.0,0.0,0.0,-0.0,0.0,0.0,0.0
2025-03-22,80,48,2025-03-22 08:10:00,2025-03-22 08:20:00,2025-03-22,0.0,0.0,0.0,1.1683,547.9785166666666,603.48345,1636.0099550436603,1,6,B,0,55.50493333333338,0.0,0.0,0.0,1685.9643950436603,0.0,0.0,0.0,0.0,-0.0,0.0,0.0,0.0
2025-03-22,80,49,2025-03-22 08:20:00,2025-03-22 08:30:00,2025-03-22,0.0,0.0,0.0,1.0956,549.27195,657.6467333333333,1685.9643950436603,1,6,B,0,108.37478333333331,0.0,0.0,0.0,1783.5017000436603,0.0,0.0,0.0,0.0,-0.0,0.0,0.0,0.0
2025-03-22,80,50,2025-03-22 08:30:00,2025-03-22 08:40:00,2025-03-22,0.0,0.0,0.0,1.0849,511.5566666666667,728.19375,1783.5017000436603,1,6,B,0,216.63708333333335,0.0,0.0,0.0,1978.4750750436604,0.0,0.0,0.0,0.0,-0.0,0.0,0.0,0.0
2025-03-22,80,51,2025-03-22 08:40:00,2025-03-22 08:50:00,2025-03-22,0.0,0.0,0.0,1.061,512.2501,755.4684666666667,1978.4750750436604,1,6,B,0,243.21836666666672,0.0,0.0,0.0,2197.3716050436606,0.0,0.0,0.0,0.0,-0.0,0.0,0.0,0.0
2025-03-22,80,52,2025-03-22 08:50:00,2025-03-22 09:00:00,2025-03-22,0.0,0.0,0.0,1.043,598.2109499999999,772.1406666666667,2197.3716050436606,1,6,B,0,173.92971666666676,0.0,0.0,0.0,2353.9083500436604,0.0,0.0,0.0,0.0,-0.0,0.0,0.0,0.0
2025-03-22,80,53,2025-03-22 09:00:00,2025-03-22 09:10:00,2025-03-22,0.0,0.0,0.0,1.036,694.5166666666667,816.2375,2353.9083500436604,1,6,B,0,121.7208333333333,0.0,0.0,0.0,2463.4571000436604,0.0,0.0,0.0,0.0,-0.0,0.0,0.0,0.0
2025-03-22,80,54,2025-03-22 09:10:00,2025-03-22 09:20:00,2025-03-22,0.0,0.0,0.0,1.0147,672.4147333333333,892.1261666666666,2463.4571000436604,1,6,B,0,219.71143333333328,0.0,0.0,0.0,2661.1973900436606,0.0,0.0,0.0,0.0,-0.0,0.0,0.0,0.0
2025-03-22,80,55,2025-03-22 09:20:00,2025-03-22 09:30:00,2025-03-22,0.0,0.0,0.0,0.9922,635.6066,945.7011666666667,2661.1973900436606,1,6,B,0,310.09456666666676,0.0,0.0,0.0,2940.2825000436605,0.0,0.0,0.0,0.0,-0.0,0.0,0.0,0.0
2025-03-22,80,56,2025-03-22 09:30:00,2025-03-22 09:40:00,2025-03-22,0.0,0.0,0.0,0.97,638.42,956.175,2940.2825000436605,1,6,B,0,317.755,0.0,0.0,0.0,3226.2620000436605,0.0,0.0,0.0,0.0,-0.0,0.0,0.0,0.0
2025-03-22,80,57,2025-03-22 09:40:00,2025-03-22 09:50:00,2025-03-22,0.0,0.0,0.0,0.9422,638.4952166666667,953.5883166666667,3226.2620000436605,1,6,B,0,315.09310000000005,0.0,0.0,0.0,3509.8457900436606,0.0,0.0,0.0,0.0,-0.0,0.0,0.0,0.0
2025-03-22,80,58,2025-03-22 09:50:00,2025-03-22 10:00:00,2025-03-22,0.0,0.0,0.0,0.9569,640.5507833333334,978.7438,3509.8457900436606,1,6,B,0,338.1930166666666,0.0,0.0,0.0,3814.2195050436603,0.0,0.0,0.0,0.0,-0.0,0.0,0.0,0.0
2025-03-22,80,59,2025-03-22 10:00:00,2025-03-22 10:10:00,2025-03-22,0.0,0.0,0.0,0.9977,637.385,1037.75,3814.2195050436603,1,6,B,0,400.365,0.0,0.0,0.0,4174.54800504366,0.0,0.0,0.0,0.0,-0.0,0.0,0.0,0.0
2025-03-22,80,60,2025-03-22 10:10:00,2025-03-22 10:20:00,2025-03-22,0.0,0.0,0.0,0.9919,613.7173,1100.2375333333332,4174.54800504366,1,6,B,0,486.5202333333332,0.0,0.0,0.0,4612.41621504366,0.0,0.0,0.0,0.0,-0.0,0.0,0.0,0.0
2025-03-22,80,61,2025-03-22 10:20:00,2025-03-22 10:30:00,2025-03-22,0.0,0.0,0.0,0.9588,617.8692,1139.382,4612.41621504366,1,6,B,0,521.5128000000001,0.0,0.0,0.0,5081.77773504366,0.0,0.0,0.0,0.0,-0.0,0.0,0.0,0.0
2025-03-22,80,62,2025-03-22 10:30:00,2025-03-22 10:40:00,2025-03-22,0.0,0.0,0.0,0.9549,631.9449999999999,1175.5124999999998,5081.77773504366,1,6,B,0,543.5674999999999,0.0,0.0,0.0,5570.98848504366,0.0,0.0,0.0,0.0,-0.0,0.0,0.0,0.0
2025-03-22,80,63,2025-03-22 10:40:00,2025-03-22 10:50:00,2025-03-22,0.0,0.0,0.0,0.9839,591.68345,1247.25715,5570.98848504366,1,6,B,0,655.5736999999999,0.0,0.0,0.0,6161.00481504366,0.0,0.0,0.0,0.0,-0.0,0.0,0.0,0.0
2025-03-22,80,64,2025-03-22 10:50:00,2025-03-22 11:00:00,2025-03-22,0.0,0.0,0.0,0.799,573.0117333333333,1286.9089,6161.00481504366,1,6,B,0,713.8971666666666,0.0,0.0,0.0,6803.51226504366,0.0,0.0,0.0,0.0,-0.0,0.0,0.0,0.0
2025-03-22,80,65,2025-03-22 11:00:00,2025-03-22 11:10:00,2025-03-22,0.0,0.0,0.0,0.5025,598.7666666666667,1288.8,6803.51226504366,1,6,B,0,690.0333333333333,0.0,0.0,0.0,7424.542265043659,0.0,0.0,0.0,0.0,-0.0,0.0,0.0,0.0
2025-03-22,80,66,2025-03-22 11:10:00,2025-03-22 11:20:00,2025-03-22,0.0,0.0,0.0,0.4662,614.28625,1307.8726833333333,7424.542265043659,1,6,B,0,693.5864333333333,0.0,0.0,0.0,8048.770055043659,0.0,0.0,0.0,0.0,-0.0,0.0,0.0,0.0
2025-03-22,80,67,2025-03-22 11:20:00,2025-03-22 11:30:00,2025-03-22,0.0,0.0,0.0,0.5007,611.4100166666666,1290.04695,8048.770055043659,1,6,B,0,678.6369333333333,0.0,0.0,0.0,8659.543295043659,0.0,0.0,0.0,0.0,-0.0,0.0,0.0,0.0
2025-03-22,80,68,2025-03-22 11:30:00,2025-03-22 11:40:00,2025-03-22,0.0,0.0,0.0,0.4827,601.9816666666666,1267.8062499999999,8659.543295043659,1,6,B,0,665.8245833333333,0.0,0.0,0.0,9258.78542004366,0.0,0.0,0.0,0.0,-0.0,0.0,0.0,0.0
2025-03-22,80,69,2025-03-22 11:40:00,2025-03-22 11:50:00,2025-03-22,0.0,0.0,0.0,0.4785,604.0989333333333,1335.2861666666665,9258.78542004366,1,6,B,0,731.1872333333332,0.0,0.0,0.0,9916.853930043659,0.0,0.0,0.0,0.0,-0.0,0.0,0.0,0.0
2025-03-22,80,70,2025-03-22 11:50:00,2025-03-22 12:00:00,2025-03-22,0.0,0.0,0.0,0.4662,629.1526166666666,1379.7402666666667,9916.853930043659,1,6,B,0,750.58765,0.0,0.0,0.0,10592.382815043658,0.0,0.0,0.0,0.0,-0.0,0.0,0.0,0.0
2025-03-22,80,71,2025-03-22 12:00:00,2025-03-22 12:10:00,2025-03-22,0.0,0.0,0.0,0.4432,638.4983333333332,1365.19375,10592.382815043658,1,12,B,0,230.68576106260176,0.0,0.0,496.00965560406496,10800.0,0.0,0.0,0.0,0.0,-0.0,0.0,0.0,0.0
2025-03-22,80,72,2025-03-22 12:10:00,2025-03-22 12:20:00,2025-03-22,0.0,0.0,0.0,0.4411,581.4682333333333,1355.9115499999998,10800.0,1,12,B,0,0.0,0.0,0.0,774.4433166666665,10800.0,0.0,0.0,0.0,0.0,-0.0,0.0,0.0,0.0
2025-03-22,80,73,2025-03-22 12:20:00,2025-03-22 12:30:00,2025-03-22,0.0,0.0,0.0,0.4551,548.0254166666666,1302.0528333333332,10800.0,1,12,B,0,0.0,0.0,0.0,754.0274166666666,10800.0,0.0,0.0,0.0,0.0,-0.0,0.0,0.0,0.0
2025-03-22,80,74,2025-03-22 12:30:00,2025-03-22 12:40:00,2025-03-22,0.0,0.0,0.0,0.4463,564.0883333333334,1213.6812499999999,10800.0,1,12,B,0,0.0,0.0,0.0,649.5929166666665,10800.0,0.0,0.0,0.0,0.0,-0.0,0.0,0.0,0.0
2025-03-22,80,75,2025-03-22 12:40:00,2025-03-22 12:50:00,2025-03-22,0.0,0.0,0.0,0.4113,572.82525,1177.37285,10800.0,1,12,B,0,0.0,0.0,0.0,604.5476,10800.0,0.0,0.0,0.0,0.0,-0.0,0.0,0.0,0.0
2025-03-22,80,76,2025-03-22 12:50:00,2025-03-22 13:00:00,2025-03-22,0.0,0.0,0.0,0.5682,584.25685,1222.6877666666664,10800.0,1,12,B,0,0.0,0.0,0.0,638.4309166666665,10800.0,0.0,0.0,0.0,0.0,-0.0,0.0,0.0,0.0
2025-03-22,80,77,2025-03-22 13:00:00,2025-03-22 13:10:00,2025-03-22,0.0,0.0,0.0,0.8279,601.68,1281.1812499999999,10800.0,1,12,B,0,0.0,0.0,0.0,679.5012499999999,10800.0,0.0,0.0,0.0,0.0,-0.0,0.0,0.0,0.0
2025-03-22,80,78,2025-03-22 13:10:00,2025-03-22 13:20:00,2025-03-22,0.0,0.0,0.0,0.8636,609.2394833333333,1244.5746666666666,10800.0,1,12,B,0,0.0,0.0,0.0,635.3351833333334,10800.0,0.0,0.0,0.0,0.0,-0.0,0.0,0.0,0.0
2025-03-22,80,79,2025-03-22 13:20:00,2025-03-22 13:30:00,2025-03-22,0.0,0.0,0.0,0.8416,612.01285,1173.7238833333333,10800.0,1,12,B,0,0.0,0.0,0.0,561.7110333333334,10800.0,0.0,0.0,0.0,0.0,-0.0,0.0,0.0,0.0
2025-03-22,80,80,2025-03-22 13:30:00,2025-03-22 13:40:00,2025-03-22,0.0,0.0,0.0,0.8618,607.1566666666666,1113.8999999999999,10800.0,1,12,B,0,0.0,0.0,0.0,506.7433333333332,10800.0,0.0,0.0,0.0,0.0,-0.0,0.0,0.0,0.0
2025-03-22,80,81,2025-03-22 13:40:00,2025-03-22 13:50:00,2025-03-22,0.0,0.0,0.0,0.8623,589.7963166666666,1060.5286166666665,10800.0,1,12,B,0,0.0,0.0,0.0,470.7322999999999,10800.0,0.0,0.0,0.0,0.0,-0.0,0.0,0.0,0.0
2025-03-22,80,82,2025-03-22 13:50:00,2025-03-22 14:00:00,2025-03-22,0.0,0.0,0.0,0.9026,597.6549,1042.6090333333332,10800.0,1,12,B,0,0.0,0.0,0.0,444.9541333333332,10800.0,0.0,0.0,0.0,0.0,-0.0,0.0,0.0,0.0
2025-03-22,80,83,2025-03-22 14:00:00,2025-03-22 14:10:00,2025-03-22,0.0,0.0,0.0,0.9754,611.6183333333333,1049.13125,10800.0,1,12,B,0,0.0,0.0,0.0,437.51291666666657,10800.0,0.0,0.0,0.0,0.0,-0.0,0.0,0.0,0.0
2025-03-22,80,84,2025-03-22 14:10:00,2025-03-22 14:20:00,2025-03-22,0.0,0.0,0.0,1.0002,576.08895,1034.2348666666667,10800.0,1,12,B,0,0.0,0.0,0.0,458.1459166666667,10800.0,0.0,0.0,0.0,0.0,-0.0,0.0,0.0,0.0
2025-03-22,80,85,2025-03-22 14:20:00,2025-03-22 14:30:00,2025-03-22,0.0,0.0,0.0,0.9978,556.9430333333332,1008.0778499999999,10800.0,1,12,B,0,0.0,0.0,0.0,451.13481666666667,10800.0,0.0,0.0,0.0,0.0,-0.0,0.0,0.0,0.0
2025-03-22,80,86,2025-03-22 14:30:00,2025-03-22 14:40:00,2025-03-22,0.0,0.0,0.0,1.0271,580.0016666666667,977.7437499999999,10800.0,1,12,B,0,0.0,0.0,0.0,397.7420833333332,10800.0,0.0,0.0,0.0,0.0,-0.0,0.0,0.0,0.0
2025-03-22,80,87,2025-03-22 14:40:00,2025-03-22 14:50:00,2025-03-22,0.0,0.0,0.0,1.0906,603.4314999999999,938.0560833333334,10800.0,1,12,B,0,0.0,0.0,0.0,334.6245833333335,10800.0,0.0,0.0,0.0,0.0,-0.0,0.0,0.0,0.0
2025-03-22,80,88,2025-03-22 14:50:00,2025-03-22 15:00:00,2025-03-22,0.0,0.0,0.0,0.9376,600.5787333333333,904.0596166666666,10800.0,1,12,B,0,0.0,0.0,0.0,303.4808833333333,10800.0,0.0,0.0,0.0,0.0,-0.0,0.0,0.0,0.0
2025-03-22,80,89,2025-03-22 15:00:00,2025-03-22 15:10:00,2025-03-22,0.0,0.0,0.0,0.6694,575.0566666666666,868.50625,10800.0,1,12,B,0,0.0,0.0,0.0,293.4495833333334,10800.0,0.0,0.0,0.0,0.0,-0.0,0.0,0.0,0.0
2025-03-22,80,90,2025-03-22 15:10:00,2025-03-22 15:20:00,2025-03-22,0.0,0.0,0.0,0.66,553.7620999999999,809.4586166666666,10800.0,1,12,B,0,0.0,0.0,0.0,255.69651666666664,10800.0,0.0,0.0,0.0,0.0,-0.0,0.0,0.0,0.0
2025-03-22,80,91,2025-03-22 15:20:00,2025-03-22 15:30:00,2025-03-22,0.0,0.0,0.0,0.7217,552.9443666666666,754.7803999999999,10800.0,1,12,B,0,0.0,0.0,0.0,201.83603333333326,10800.0,0.0,0.0,0.0,0.0,-0.0,0.0,0.0,0.0
2025-03-22,80,92,2025-03-22 15:30:00,2025-03-22 15:40:00,2025-03-22,0.0,0.0,0.0,0.7308,562.6933333333333,708.4812499999999,10800.0,1,12,B,0,0.0,0.0,0.0,145.78791666666666,10800.0,0.0,0.0,0.0,0.0,-0.0,0.0,0.0,0.0
2025-03-22,80,93,2025-03-22 15:40:00,2025-03-22 15:50:00,2025-03-22,0.0,0.0,0.0,0.7534,561.9606333333334,649.8975,10800.0,1,12,B,0,0.0,0.0,0.0,87.93686666666667,10800.0,0.0,0.0,0.0,0.0,-0.0,0.0,0.0,0.0
2025-03-22,80,94,2025-03-22 15:50:00,2025-03-22 16:00:00,2025-03-22,0.0,0.0,0.0,0.7823,576.08125,604.188,10800.0,1,12,B,0,0.0,0.0,0.0,28.106750000000034,10800.0,0.0,0.0,0.0,0.0,-0.0,0.0,0.0,0.0
2025-03-22,80,95,2025-03-22 16:00:00,2025-03-22 16:10:00,2025-03-22,0.0,0.0,50.58257562499989,0.8055,598.4449999999999,564.875,10800.0,1,12,B,0,0.0,0.0,0.0,17.012575624999954,10800.0,50.58257562499989,0.0,0.0,61.11639699890612,-0.0,61.11639699890612,0.0,61.11639699890612
2025-03-22,80,96,2025-03-22 16:10:00,2025-03-22 16:20:00,2025-03-22,31.7417250000002,31.7417250000002,100.17625090277777,0.8271,590.8783833333333,500.9182166666667,10800.0,1,12,B,0,0.0,0.0,0.0,10.2160842361111,10800.0,68.43452590277757,0.0,26.253580747500166,84.90329456128099,-0.0,111.15687530878115,0.0,111.15687530878115
2025-03-22,80,97,2025-03-22 16:20:00,2025-03-22 16:30:00,2025-03-22,73.22279000000003,73.22279000000003,127.70177395833333,0.8519,564.4169666666667,454.58759999999995,10800.0,1,12,B,0,0.0,0.0,0.0,17.872407291666605,10800.0,54.4789839583333,0.0,62.37849480100002,69.6159696511562,-0.0,131.99446445215622,0.0,131.99446445215622
2025-03-22,80,98,2025-03-22 16:30:00,2025-03-22 16:40:00,2025-03-22,128.54041666666683,128.54041666666683,169.1322116666666,0.8791,549.2016666666666,431.96875,10800.0,1,12,B,0,0.0,0.0,0.0,51.89929499999994,10800.0,40.59179499999976,0.0,112.99988029166681,53.52637047674968,-0.0,166.5262507684165,0.0,166.5262507684165
2025-03-22,80,99,2025-03-22 16:40:00,2025-03-22 16:50:00,2025-03-22,224.20387833333314,224.20387833333314,234.47947076388877,0.9024,559.6329499999999,393.66204999999997,10800.0,1,12,B,0,0.0,0.0,0.0,68.50857076388877,10800.0,10.275592430555633,0.0,202.32157980799983,13.909041914000104,-0.0,216.23062172199994,0.0,216.23062172199994
2025-03-22,80,100,2025-03-22 16:50:00,2025-03-22 17:00:00,2025-03-22,199.53409521666208,199.53409521666208,244.74413215277792,0.9163,526.6263833333333,338.43608333333333,10800.0,1,12,B,0,0.0,0.0,0.0,56.553832152778,10800.0,45.21003693611584,0.0,182.83309144702747,62.13893526684441,-0.0,244.97202671387188,0.0,244.97202671387188
2025-03-22,80,101,2025-03-22 17:00:00,2025-03-22 17:10:00,2025-03-22,190.5241666666666,190.5241666666666,191.47993039375,0.9264,468.53666666666663,278.59999999999997,10800.0,1,12,B,0,0.0,0.0,0.0,1.5432637270833425,10800.0,0.955763727083422,0.0,176.50158799999994,1.3281292751551232,-0.0,177.82971727515508,0.0,177.82971727515508
2025-03-22,80,102,2025-03-22 17:10:00,2025-03-22 17:20:00,2025-03-22,256.3244083333333,256.3244083333333,256.3244083333333,0.9462,472.36375,224.66298333333333,10800.0,1,12,B,0,0.0,0.0,0.0,8.623641666666629,10800.0,0.0,0.0,242.53415516499996,0.0,-0.0,242.53415516499996,0.0,242.53415516499996
2025-03-22,80,103,2025-03-22 17:20:00,2025-03-22 17:30:00,2025-03-22,292.2224966666667,292.2224966666667,322.1684062499999,0.9742,469.90201666666667,167.20206666666667,10800.0,1,12,B,0,0.0,0.0,0.0,19.468456249999917,10800.0,29.94590958333322,0.0,284.68315625266666,43.759957674124834,-0.0,328.4431139267915,0.0,328.4431139267915
2025-03-22,80,104,2025-03-22 17:30:00,2025-03-22 17:40:00,2025-03-22,322.20316358024803,322.20316358024803,370.5937275000001,0.9862,437.8633333333333,110.98749999999998,10800.0,1,12,B,0,0.0,0.0,0.0,43.71789416666678,10800.0,48.39056391975208,0.0,317.7567599228406,71.58416120648924,-0.0,389.34092112932984,0.0,389.34092112932984
2025-03-22,80,105,2025-03-22 17:40:00,2025-03-22 17:50:00,2025-03-22,340.9911383333332,340.9911383333332,408.1473890277778,0.976,425.16639999999995,71.6645,10800.0,1,12,B,0,0.0,0.0,0.0,54.6454890277779,10800.0,67.15625069444462,0.0,332.8073510133332,98.31675101666693,-0.0,431.12410203000013,0.0,431.12410203000013
2025-03-22,80,106,2025-03-22 17:50:00,2025-03-22 18:00:00,2025-03-22,367.7939983333335,367.7939983333335,413.30383713023934,1.0742,430.0163,32.84565,10800.0,1,12,B,0,0.0,0.0,0.0,16.13318713023932,10800.0,45.50983879690585,0.0,395.08431300966686,73.3300032534544,-0.0,468.41431626312124,0.0,468.41431626312124
2025-03-22,80,107,2025-03-22 18:00:00,2025-03-22 18:10:00,2025-03-22,0.0,0.0,0.0,1.2313,439.24666666666667,0.0,10800.0,1,18,B,0,0.0,439.24666666666667,0.0,0.0,10311.948148148149,0.0,0.0,0.0,0.0,-0.0,0.0,0.0,0.0
2025-03-22,80,108,2025-03-22 18:10:00,2025-03-22 18:20:00,2025-03-22,0.0,0.0,0.0,1.2561,446.4558833333333,0.0,10311.948148148149,1,18,B,0,0.0,446.4558833333333,0.0,0.0,9815.886055555557,0.0,0.0,0.0,0.0,-0.0,0.0,0.0,0.0
2025-03-22,80,109,2025-03-22 18:20:00,2025-03-22 18:30:00,2025-03-22,0.0,0.0,0.0,1.2447,461.84068333333335,1.22355,9815.886055555557,1,18,B,0,0.0,460.61713333333336,0.0,0.0,9304.089240740741,0.0,0.0,0.0,0.0,-0.0,0.0,0.0,0.0
2025-03-22,80,110,2025-03-22 18:30:00,2025-03-22 18:40:00,2025-03-22,0.0,0.0,0.0,1.2545,465.58833333333337,0.0,9304.089240740741,1,18,B,0,0.0,465.58833333333337,0.0,0.0,8786.76887037037,0.0,0.0,0.0,0.0,-0.0,0.0,0.0,0.0
2025-03-22,80,111,2025-03-22 18:40:00,2025-03-22 18:50:00,2025-03-22,0.0,0.0,0.0,1.2522,430.26011666666665,0.0,8786.76887037037,1,18,B,0,0.0,430.26011666666665,0.0,0.0,8308.702074074074,0.0,0.0,0.0,0.0,-0.0,0.0,0.0,0.0
2025-03-22,80,112,2025-03-22 18:50:00,2025-03-22 19:00:00,2025-03-22,0.0,0.0,0.0,1.2881,429.9805833333333,0.08785,8308.702074074074,1,18,B,0,0.0,429.8927333333333,0.0,0.0,7831.043481481481,0.0,0.0,0.0,0.0,-0.0,0.0,0.0,0.0
2025-03-22,80,113,2025-03-22 19:00:00,2025-03-22 19:10:00,2025-03-22,0.0,0.0,0.0,1.3466,462.9333333333333,0.0,7831.043481481481,1,18,B,0,0.0,462.9333333333333,0.0,0.0,7316.67311111111,0.0,0.0,0.0,0.0,-0.0,0.0,0.0,0.0
2025-03-22,80,114,2025-03-22 19:10:00,2025-03-22 19:20:00,2025-03-22,0.0,0.0,0.0,1.3523,453.21805,0.0,7316.67311111111,1,18,B,0,0.0,453.21805,0.0,0.0,6813.097499999999,0.0,0.0,0.0,0.0,-0.0,0.0,0.0,0.0
2025-03-22,80,115,2025-03-22 19:20:00,2025-03-22 19:30:00,2025-03-22,0.0,0.0,0.0,1.3445,433.96823333333333,0.0063,6813.097499999999,1,18,B,0,0.0,433.9619333333333,0.0,0.0,6330.917574074073,0.0,0.0,0.0,0.0,-0.0,0.0,0.0,0.0
2025-03-22,80,116,2025-03-22 19:30:00,2025-03-22 19:40:00,2025-03-22,0.0,0.0,0.0,1.3483,433.5333333333333,0.0,6330.917574074073,1,18,B,0,0.0,433.5333333333333,0.0,0.0,5849.2138703703695,0.0,0.0,0.0,0.0,-0.0,0.0,0.0,0.0
2025-03-22,80,117,2025-03-22 19:40:00,2025-03-22 19:50:00,2025-03-22,0.0,0.0,0.0,1.349,444.87764999999996,0.0,5849.2138703703695,1,18,B,0,0.0,444.87764999999996,0.0,0.0,5354.905370370369,0.0,0.0,0.0,0.0,-0.0,0.0,0.0,0.0
2025-03-22,80,118,2025-03-22 19:50:00,2025-03-22 20:00:00,2025-03-22,0.0,0.0,0.0,1.3473,452.48516666666666,0.00045,5354.905370370369,1,18,B,0,0.0,452.48471666666666,0.0,0.0,4852.144574074073,0.0,0.0,0.0,0.0,-0.0,0.0,0.0,0.0
2025-03-22,80,119,2025-03-22 20:00:00,2025-03-22 20:10:00,2025-03-22,0.0,0.0,0.0,1.3482,448.63666666666666,0.0,4852.144574074073,1,18,B,0,0.0,448.63666666666666,0.0,0.0,4353.659388888887,0.0,0.0,0.0,0.0,-0.0,0.0,0.0,0.0
2025-03-22,80,120,2025-03-22 20:10:00,2025-03-22 20:20:00,2025-03-22,0.0,0.0,0.0,1.3513,438.8105833333333,0.0,4353.659388888887,1,18,B,0,0.0,438.8105833333333,0.0,0.0,3866.0920740740726,0.0,0.0,0.0,0.0,-0.0,0.0,0.0,0.0
2025-03-22,80,121,2025-03-22 20:20:00,2025-03-22 20:30:00,2025-03-22,0.0,0.0,0.0,1.34,442.03175,0.0,3866.0920740740726,1,18,B,0,0.0,442.03175,0.0,0.0,3374.9456851851837,0.0,0.0,0.0,0.0,-0.0,0.0,0.0,0.0
2025-03-22,80,122,2025-03-22 20:30:00,2025-03-22 20:40:00,2025-03-22,0.0,0.0,0.0,1.3489,457.06333333333333,0.0,3374.9456851851837,1,18,B,0,0.0,457.06333333333333,0.0,0.0,2867.0975370370356,0.0,0.0,0.0,0.0,-0.0,0.0,0.0,0.0
2025-03-22,80,123,2025-03-22 20:40:00,2025-03-22 20:50:00,2025-03-22,0.0,0.0,0.0,1.3952,462.79409999999996,0.0,2867.0975370370356,1,18,B,0,0.0,462.79409999999996,0.0,0.0,2352.881870370369,0.0,0.0,0.0,0.0,-0.0,0.0,0.0,0.0
2025-03-22,80,124,2025-03-22 20:50:00,2025-03-22 21:00:00,2025-03-22,0.0,0.0,0.0,1.2226,453.48021666666665,0.0,2352.881870370369,1,18,B,0,0.0,453.48021666666665,0.0,0.0,1849.0149629629618,0.0,0.0,0.0,0.0,-0.0,0.0,0.0,0.0
2025-03-22,80,125,2025-03-22 21:00:00,2025-03-22 21:10:00,2025-03-22,470.7783333333333,470.7783333333333,470.7783333333333,0.9332,443.22166666666664,0.0,1849.0149629629618,1,18,B,0,27.556666666666672,0.0,0.0,0.0,1873.8159629629617,0.0,0.0,439.33034066666664,0.0,-0.0,439.33034066666664,0.0,439.33034066666664
2025-03-22,80,126,2025-03-22 21:10:00,2025-03-22 21:20:00,2025-03-22,455.22288333333347,455.22288333333347,455.22288333333347,0.9068,452.77166666666665,0.0,1873.8159629629617,1,18,B,0,2.4512166666668236,0.0,0.0,0.0,1876.022057962962,0.0,0.0,412.7961106066668,0.0,-0.0,412.7961106066668,0.0,412.7961106066668
2025-03-22,80,127,2025-03-22 21:20:00,2025-03-22 21:30:00,2025-03-22,484.0912333333334,484.0912333333334,484.0912333333334,0.9371,467.08731666666665,0.0,1876.022057962962,1,18,B,0,17.003916666666726,0.0,0.0,0.0,1891.325582962962,0.0,0.0,453.6418947566667,0.0,-0.0,453.6418947566667,0.0,453.6418947566667
2025-03-22,80,128,2025-03-22 21:30:00,2025-03-22 21:40:00,2025-03-22,501.04583333333323,501.04583333333323,501.04583333333323,0.9371,474.8333333333333,0.0,1891.325582962962,1,18,B,0,26.21249999999992,0.0,0.0,0.0,1914.916832962962,0.0,0.0,469.5300504166666,0.0,-0.0,469.5300504166666,0.0,469.5300504166666
2025-03-22,80,129,2025-03-22 21:40:00,2025-03-22 21:50:00,2025-03-22,474.44322120309107,474.44322120309107,474.44322120309107,0.9871,472.4906,0.0,1914.916832962962,1,18,B,0,1.9526212030910983,0.0,0.0,0.0,1916.674192045744,0.0,0.0,468.3229036495712,0.0,-0.0,468.3229036495712,0.0,468.3229036495712
2025-03-22,80,130,2025-03-22 21:50:00,2025-03-22 22:00:00,2025-03-22,476.7582083333333,476.7582083333333,476.7582083333333,0.7764,438.2858,0.0,1916.674192045744,1,18,B,0,38.472408333333306,0.0,0.0,0.0,1951.2993595457438,0.0,0.0,370.15507295,0.0,-0.0,370.15507295,0.0,370.15507295
2025-03-22,80,131,2025-03-22 22:00:00,2025-03-22 22:10:00,2025-03-22,1192.0524999999998,1192.0524999999998,1192.0524999999998,0.4209,386.675,0.0,1951.2993595457438,1,18,B,0,805.3774999999998,0.0,0.0,0.0,2676.139109545744,0.0,0.0,501.7348972499999,0.0,-0.0,501.7348972499999,0.0,501.7348972499999
2025-03-22,80,132,2025-03-22 22:10:00,2025-03-22 22:20:00,2025-03-22,1182.844375,1182.844375,1182.844375,0.3859,364.4008833333333,0.0,2676.139109545744,1,18,B,0,818.4434916666667,0.0,0.0,0.0,3412.738252045744,0.0,0.0,456.45964431249996,0.0,-0.0,456.45964431249996,0.0,456.45964431249996
2025-03-22,80,133,2025-03-22 22:20:00,2025-03-22 22:30:00,2025-03-22,419.05039166666666,419.05039166666666,419.05039166666666,0.4368,382.17806666666667,0.0,3412.738252045744,1,18,B,0,36.87232499999999,0.0,0.0,0.0,3445.923344545744,0.0,0.0,183.04121108,0.0,-0.0,183.04121108,0.0,183.04121108
2025-03-22,80,134,2025-03-22 22:30:00,2025-03-22 22:40:00,2025-03-22,1173.02,1173.02,1173.02,0.4198,408.52666666666664,0.0,3445.923344545744,1,18,B,0,764.4933333333333,0.0,0.0,0.0,4133.967344545744,0.0,0.0,492.433796,0.0,-0.0,492.433796,0.0,492.433796
2025-03-22,80,135,2025-03-22 22:40:00,2025-03-22 22:50:00,2025-03-22,1200.2568166666665,1200.2568166666665,1200.2568166666665,0.4186,399.3849333333333,0.0,4133.967344545744,1,18,B,0,800.8718833333332,0.0,0.0,0.0,4854.752039545744,0.0,0.0,502.4275034566666,0.0,-0.0,502.4275034566666,0.0,502.4275034566666
2025-03-22,80,136,2025-03-22 22:50:00,2025-03-22 23:00:00,2025-03-22,414.4949083333332,414.4949083333332,414.4949083333332,0.4241,389.55721666666665,0.0,4854.752039545744,1,18,B,0,24.93769166666658,0.0,0.0,0.0,4877.195962045744,0.0,0.0,175.78729062416662,0.0,-0.0,175.78729062416662,0.0,175.78729062416662
2025-03-22,80,137,2025-03-22 23:00:00,2025-03-22 23:10:00,2025-03-22,401.51333333333343,401.51333333333343,401.51333333333343,0.4237,393.9566666666666,0.0,4877.195962045744,1,18,B,0,7.5566666666668425,0.0,0.0,0.0,4883.996962045744,0.0,0.0,170.12119933333338,0.0,-0.0,170.12119933333338,0.0,170.12119933333338
2025-03-22,80,138,2025-03-22 23:10:00,2025-03-22 23:20:00,2025-03-22,405.78713333333326,405.78713333333326,405.78713333333326,0.4248,397.6480833333333,0.0,4883.996962045744,1,18,B,0,8.13904999999994,0.0,0.0,0.0,4891.322107045744,0.0,0.0,172.37837423999997,0.0,-0.0,172.37837423999997,0.0,172.37837423999997
2025-03-22,80,139,2025-03-22 23:20:00,2025-03-22 23:30:00,2025-03-22,424.70429166666656,424.70429166666656,424.70429166666656,0.424,423.27223333333336,0.0,4891.322107045744,1,18,B,0,1.4320583333332024,0.0,0.0,0.0,4892.610959545744,0.0,0.0,180.07461966666662,0.0,-0.0,180.07461966666662,0.0,180.07461966666662
2025-03-22,80,140,2025-03-22 23:30:00,2025-03-22 23:40:00,2025-03-22,422.90833333333313,422.90833333333313,422.90833333333313,0.422,437.31833333333327,0.0,4892.610959545744,1,18,B,0,0.0,14.410000000000139,0.0,0.0,4876.599848434633,0.0,0.0,178.46731666666656,0.0,-0.0,178.46731666666656,0.0,178.46731666666656
2025-03-22,80,141,2025-03-22 23:40:00,2025-03-22 23:50:00,2025-03-22,428.6942416666666,428.6942416666666,428.6942416666666,0.424,394.27548333333334,0.0,4876.599848434633,1,18,B,0,34.418758333333244,0.0,0.0,0.0,4907.576730934633,0.0,0.0,181.76635846666662,0.0,-0.0,181.76635846666662,0.0,181.76635846666662
2025-03-22,80,142,2025-03-22 23:50:00,2025-03-23 00:00:00,2025-03-22,498.8300499999999,498.8300499999999,498.8300499999999,0.4271,453.75261666666665,0.0,4907.576730934633,1,18,B,0,45.07743333333326,0.0,0.0,0.0,4948.146420934633,0.0,0.0,213.05031435499995,0.0,-0.0,213.05031435499995,0.0,213.05031435499995
2025-03-22,80,143,2025-03-23 00:00:00,2025-03-23 00:10:00,2025-03-23,599.3525000000001,599.3525000000001,599.3525000000001,0.4276,581.2366666666667,0.0,4948.146420934633,1,18,B,0,18.1158333333334,0.0,0.0,0.0,4964.450670934633,0.0,0.0,256.28312900000003,0.0,-0.0,256.28312900000003,0.0,256.28312900000003
