date,day_index,selected_candidate,planned_initial_energy_kwh,executed_initial_energy_kwh,actual_end_energy_kwh,realized_total_cost_yuan,plan_cost_yuan,emergency_cost_yuan,candidate_scores_completed_before_issue,latest_full_score_day_released,grid_purchase_kwh,emergency_kwh,spill_kwh,charge_kwh,discharge_kwh,commanded_charge_kwh,commanded_discharge_kwh
2025-01-01,0,cvar_t0.90_r0.05_g0.00,6000.0,6000.0,3869.5352031481475,213320.89003464958,34280.8652559563,179040.02477869327,"{""nocvar_g0.00"": null, ""cvar_t0.90_r0.05_g0.00"": null, ""cvar_t0.90_r0.20_g0.00"": null, ""cvar_t0.95_r0.05_g0.00"": null, ""cvar_t0.95_r0.20_g0.00"": null, ""nocvar_g0.02"": null, ""cvar_t0.90_r0.05_g0.02"": null, ""cvar_t0.90_r0.20_g0.02"": null, ""cvar_t0.95_r0.05_g0.02"": null, ""cvar_t0.95_r0.20_g0.02"": null, ""nocvar_g0.05"": null, ""cvar_t0.90_r0.05_g0.05"": null, ""cvar_t0.90_r0.20_g0.05"": null, ""cvar_t0.95_r0.05_g0.05"": null, ""cvar_t0.95_r0.20_g0.05"": null}",-2,57482.69899835391,34593.63303797942,0.6057666666666819,10305.129316666666,10264.57306366666,10305.129316666666,10264.57306366666
2025-01-02,1,cvar_t0.90_r0.05_g0.00,3916.1970735185178,3869.5352031481475,3942.699220925925,218538.8480898798,35273.59152115595,183265.25656872382,"{""nocvar_g0.00"": null, ""cvar_t0.90_r0.05_g0.00"": null, ""cvar_t0.90_r0.20_g0.00"": null, ""cvar_t0.95_r0.05_g0.00"": null, ""cvar_t0.95_r0.20_g0.00"": null, ""nocvar_g0.02"": null, ""cvar_t0.90_r0.05_g0.02"": null, ""cvar_t0.90_r0.20_g0.02"": null, ""cvar_t0.95_r0.05_g0.02"": null, ""cvar_t0.95_r0.20_g0.02"": null, ""nocvar_g0.05"": null, ""cvar_t0.90_r0.05_g0.05"": null, ""cvar_t0.90_r0.20_g0.05"": null, ""cvar_t0.95_r0.05_g0.05"": null, ""cvar_t0.95_r0.20_g0.05"": null}",-1,59798.03558333333,35490.23012764608,0.0,12300.941201646092,9897.914757333332,12300.941201646092,9897.914757333332
2025-01-03,2,nocvar_g0.00,3863.858335925925,3942.699220925925,10800.0,61949.867416199784,61949.867416199784,0.0,"{""nocvar_g0.00"": 213320.89003464958, ""cvar_t0.90_r0.05_g0.00"": 213320.89003464958, ""cvar_t0.90_r0.20_g0.00"": 213320.89003464958, ""cvar_t0.95_r0.05_g0.00"": 213320.89003464958, ""cvar_t0.95_r0.20_g0.00"": 213320.89003464958, ""nocvar_g0.02"": 213320.89003464958, ""cvar_t0.90_r0.05_g0.02"": 213320.89003464958, ""cvar_t0.90_r0.20_g0.02"": 213320.89003464958, ""cvar_t0.95_r0.05_g0.02"": 213320.89003464958, ""cvar_t0.95_r0.20_g0.02"": 213320.89003464958, ""nocvar_g0.05"": 213320.89003464958, ""cvar_t0.90_r0.05_g0.05"": 213320.89003464958, ""cvar_t0.90_r0.20_g0.05"": 213320.89003464958, ""cvar_t0.95_r0.05_g0.05"": 213320.89003464958, ""cvar_t0.95_r0.20_g0.05"": 213320.89003464958}",0,97226.9309329218,0.0,42264.72073621398,17293.148046707818,7835.879216666665,17293.148046707818,7835.879216666665
2025-01-04,3,nocvar_g0.00,10800.0,10800.0,10775.879338333332,59552.1972189517,59552.1972189517,0.0,"{""nocvar_g0.00"": 215929.86906226468, ""cvar_t0.90_r0.05_g0.00"": 215929.86906226468, ""cvar_t0.90_r0.20_g0.00"": 215929.86906226468, ""cvar_t0.95_r0.05_g0.00"": 215929.86906226468, ""cvar_t0.95_r0.20_g0.00"": 215929.86906226468, ""nocvar_g0.02"": 215929.86906226468, ""cvar_t0.90_r0.05_g0.02"": 215929.86906226468, ""cvar_t0.90_r0.20_g0.02"": 215929.86906226468, ""cvar_t0.95_r0.05_g0.02"": 215929.86906226468, ""cvar_t0.95_r0.20_g0.02"": 215929.86906226468, ""nocvar_g0.05"": 215929.86906226468, ""cvar_t0.90_r0.05_g0.05"": 215929.86906226468, ""cvar_t0.90_r0.20_g0.05"": 215929.86906226468, ""cvar_t0.95_r0.05_g0.05"": 215929.86906226468, ""cvar_t0.95_r0.20_g0.05"": 215929.86906226468}",1,90541.2772537037,0.0,44043.828745473256,9229.235458230452,7497.389316666668,9229.235458230452,7497.389316666668
2025-01-05,4,nocvar_g0.00,10798.495453333331,10775.879338333332,2030.7343917283974,58709.94446616058,58527.28408261891,182.6603835416648,"{""nocvar_g0.00"": 164603.2018469097, ""cvar_t0.90_r0.05_g0.00"": 164603.2018469097, ""cvar_t0.90_r0.20_g0.00"": 164603.2018469097, ""cvar_t0.95_r0.05_g0.00"": 164603.2018469097, ""cvar_t0.95_r0.20_g0.00"": 164603.2018469097, ""nocvar_g0.02"": 164603.2018469097, ""cvar_t0.90_r0.05_g0.02"": 164603.2018469097, ""cvar_t0.90_r0.20_g0.02"": 164603.2018469097, ""cvar_t0.95_r0.05_g0.02"": 164603.2018469097, ""cvar_t0.95_r0.20_g0.02"": 164603.2018469097, ""nocvar_g0.05"": 164603.2018469097, ""cvar_t0.90_r0.05_g0.05"": 164603.2018469097, ""cvar_t0.90_r0.20_g0.05"": 164603.2018469097, ""cvar_t0.95_r0.05_g0.05"": 164603.2018469097, ""cvar_t0.95_r0.20_g0.05"": 164603.2018469097}",2,87805.44531111112,31.447083333333012,1612.5178234321113,16101.551173456786,20912.886902444443,16101.551173456786,20912.886902444443
2025-01-06,5,nocvar_g0.00,2068.657373209879,2030.7343917283974,2106.9580829629626,75167.53764767303,75167.53764767303,0.0,"{""nocvar_g0.00"": 138340.4506899202, ""cvar_t0.90_r0.05_g0.00"": 138340.4506899202, ""cvar_t0.90_r0.20_g0.00"": 138340.4506899202, ""cvar_t0.95_r0.05_g0.00"": 138340.4506899202, ""cvar_t0.95_r0.20_g0.00"": 138340.4506899202, ""nocvar_g0.02"": 138340.4506899202, ""cvar_t0.90_r0.05_g0.02"": 138340.4506899202, ""cvar_t0.90_r0.20_g0.02"": 138340.4506899202, ""cvar_t0.95_r0.05_g0.02"": 138340.4506899202, ""cvar_t0.95_r0.20_g0.02"": 138340.4506899202, ""nocvar_g0.05"": 138340.4506899202, ""cvar_t0.90_r0.05_g0.05"": 138340.4506899202, ""cvar_t0.90_r0.20_g0.05"": 138340.4506899202, ""cvar_t0.95_r0.05_g0.05"": 138340.4506899202, ""cvar_t0.95_r0.20_g0.05"": 138340.4506899202}",3,113175.19712622771,0.0,18526.42201378602,20777.329949108356,16761.035936666667,20777.329949108356,16761.035936666667
2025-01-07,6,nocvar_g0.00,2101.4206979629625,2106.9580829629626,2459.9907237037037,75147.41548519116,75147.41548519116,0.0,"{""nocvar_g0.00"": 122414.34944516828, ""cvar_t0.90_r0.05_g0.00"": 122414.34944516828, ""cvar_t0.90_r0.20_g0.00"": 122414.34944516828, ""cvar_t0.95_r0.05_g0.00"": 122414.34944516828, ""cvar_t0.95_r0.20_g0.00"": 122414.34944516828, ""nocvar_g0.02"": 122414.34944516828, ""cvar_t0.90_r0.05_g0.02"": 122414.34944516828, ""cvar_t0.90_r0.20_g0.02"": 122414.34944516828, ""cvar_t0.95_r0.05_g0.02"": 122414.34944516828, ""cvar_t0.95_r0.20_g0.02"": 122414.34944516828, ""nocvar_g0.05"": 122414.34944516828, ""cvar_t0.90_r0.05_g0.05"": 122414.34944516828, ""cvar_t0.90_r0.20_g0.05"": 122414.34944516828, ""cvar_t0.95_r0.05_g0.05"": 122414.34944516828, ""cvar_t0.95_r0.20_g0.05"": 122414.34944516828}",4,113044.76316089506,0.0,16207.011084979433,20805.903943415633,16535.052817500004,20805.903943415633,16535.052817500004
2025-01-08,7,nocvar_g0.05,2487.8133387037037,2459.9907237037037,3815.202604555562,87377.96616637657,87377.96616637657,0.0,"{""nocvar_g0.00"": 114539.8808122524, ""cvar_t0.90_r0.05_g0.00"": 114539.8808122524, ""cvar_t0.90_r0.20_g0.00"": 114539.8808122524, ""cvar_t0.95_r0.05_g0.00"": 114539.8808122524, ""cvar_t0.95_r0.20_g0.00"": 114539.8808122524, ""nocvar_g0.02"": 114539.8808122524, ""cvar_t0.90_r0.05_g0.02"": 114539.8808122524, ""cvar_t0.90_r0.20_g0.02"": 114539.8808122524, ""cvar_t0.95_r0.05_g0.02"": 114539.8808122524, ""cvar_t0.95_r0.20_g0.02"": 114539.8808122524, ""nocvar_g0.05"": 114539.53347617581, ""cvar_t0.90_r0.05_g0.05"": 114539.53347617581, ""cvar_t0.90_r0.20_g0.05"": 114539.53347617581, ""cvar_t0.95_r0.05_g0.05"": 114539.53347617581, ""cvar_t0.95_r0.20_g0.05"": 114539.53347617581}",5,128515.81985982921,0.0,34549.096212060496,16952.79809650205,12512.075765399999,16952.79809650205,12512.075765399999
2025-01-09,8,nocvar_g0.05,3810.273604555562,3815.202604555562,3697.892230555555,86889.82915915258,86889.82915915258,0.0,"{""nocvar_g0.00"": 108912.38576552937, ""cvar_t0.90_r0.05_g0.00"": 108912.38576552937, ""cvar_t0.90_r0.20_g0.00"": 108912.38576552937, ""cvar_t0.95_r0.05_g0.00"": 108912.38576552937, ""cvar_t0.95_r0.20_g0.00"": 108912.38576552937, ""nocvar_g0.02"": 108873.96379702092, ""cvar_t0.90_r0.05_g0.02"": 108912.38576552937, ""cvar_t0.90_r0.20_g0.02"": 108912.38576552937, ""cvar_t0.95_r0.05_g0.02"": 108912.38576552937, ""cvar_t0.95_r0.20_g0.02"": 108912.38576552937, ""nocvar_g0.05"": 108871.8668962135, ""cvar_t0.90_r0.05_g0.05"": 108912.0880488923, ""cvar_t0.90_r0.20_g0.05"": 108912.0880488923, ""cvar_t0.95_r0.05_g0.05"": 108912.0880488923, ""cvar_t0.95_r0.20_g0.05"": 108912.0880488923}",6,127194.232641072,0.0,33269.407404292535,15467.623456383251,12634.35433627044,15467.623456383251,12634.35433627044
2025-01-10,9,nocvar_g0.05,3666.4912305555554,3697.892230555555,3057.944905885184,48773.4418311576,48773.4418311576,0.0,"{""nocvar_g0.00"": 106221.08163930257, ""cvar_t0.90_r0.05_g0.00"": 106278.0581373772, ""cvar_t0.90_r0.20_g0.00"": 106278.0581373772, ""cvar_t0.95_r0.05_g0.00"": 106278.0581373772, ""cvar_t0.95_r0.20_g0.00"": 106278.0581373772, ""nocvar_g0.02"": 106187.07134812704, ""cvar_t0.90_r0.05_g0.02"": 106277.88188042838, ""cvar_t0.90_r0.20_g0.02"": 106277.88188042838, ""cvar_t0.95_r0.05_g0.02"": 106277.88188042838, ""cvar_t0.95_r0.20_g0.02"": 106277.88188042838, ""nocvar_g0.05"": 106185.12930498389, ""cvar_t0.90_r0.05_g0.05"": 106277.62137837094, ""cvar_t0.90_r0.20_g0.05"": 106277.62137837094, ""cvar_t0.95_r0.05_g0.05"": 106277.62137837094, ""cvar_t0.95_r0.20_g0.05"": 106277.62137837094}",7,81037.32619355143,0.0,33795.04935729011,12250.330062094656,10498.7199425,12250.330062094656,10498.7199425
2025-01-11,10,nocvar_g0.05,3027.448405885184,3057.944905885184,3177.4760325925927,49231.75124812381,49231.75124812381,0.0,"{""nocvar_g0.00"": 104076.13019253014, ""cvar_t0.90_r0.05_g0.00"": 104163.86231355109, ""cvar_t0.90_r0.20_g0.00"": 104181.87238593512, ""cvar_t0.95_r0.05_g0.00"": 104163.86231355109, ""cvar_t0.95_r0.20_g0.00"": 104181.87238593512, ""nocvar_g0.02"": 104045.75300375406, ""cvar_t0.90_r0.05_g0.02"": 104151.81151752491, ""cvar_t0.90_r0.20_g0.02"": 104183.79853943353, ""cvar_t0.95_r0.05_g0.02"": 104151.81151752491, ""cvar_t0.95_r0.20_g0.02"": 104183.79853943353, ""nocvar_g0.05"": 104041.20706655819, ""cvar_t0.90_r0.05_g0.05"": 104148.27302525424, ""cvar_t0.90_r0.20_g0.05"": 104184.56535878683, ""cvar_t0.95_r0.05_g0.05"": 104148.27302525424, ""cvar_t0.95_r0.20_g0.05"": 104184.56535878683}",8,81345.1696941585,0.0,33992.17201982716,12523.858124358028,10036.747066693335,12523.858124358028,10036.747066693335
2025-01-12,11,nocvar_g0.05,3192.535291851852,3177.4760325925927,4354.341370037037,87455.38844359276,87455.38844359276,0.0,"{""nocvar_g0.00"": 98554.03475380884, ""cvar_t0.90_r0.05_g0.00"": 98649.67051596165, ""cvar_t0.90_r0.20_g0.00"": 98700.94388704901, ""cvar_t0.95_r0.05_g0.00"": 98649.67051596165, ""cvar_t0.95_r0.20_g0.00"": 98700.94388704901, ""nocvar_g0.02"": 98522.62331489028, ""cvar_t0.90_r0.05_g0.02"": 98634.22564117839, ""cvar_t0.90_r0.20_g0.02"": 98702.53182266688, ""cvar_t0.95_r0.05_g0.02"": 98634.22564117839, ""cvar_t0.95_r0.20_g0.02"": 98702.53182266688, ""nocvar_g0.05"": 98514.43054301813, ""cvar_t0.90_r0.05_g0.05"": 98626.18496032056, ""cvar_t0.90_r0.20_g0.05"": 98703.78427137772, ""cvar_t0.95_r0.05_g0.05"": 98626.18496032056, ""cvar_t0.95_r0.20_g0.05"": 98703.78427137772}",9,127949.44618216468,0.0,32987.37192221399,15984.247664477367,11888.061804526671,15984.247664477367,11888.061804526671
2025-01-13,12,nocvar_g0.05,4321.252870037038,4354.341370037037,4011.6286355555553,86004.46062918656,86004.46062918656,0.0,"{""nocvar_g0.00"": 94079.56193942722, ""cvar_t0.90_r0.05_g0.00"": 94180.27382686984, ""cvar_t0.90_r0.20_g0.00"": 94269.99947213227, ""cvar_t0.95_r0.05_g0.00"": 94180.27382686984, ""cvar_t0.95_r0.20_g0.00"": 94269.99947213227, ""nocvar_g0.02"": 94048.31629465897, ""cvar_t0.90_r0.05_g0.02"": 94166.11484748077, ""cvar_t0.90_r0.20_g0.02"": 94274.19502990587, ""cvar_t0.95_r0.05_g0.02"": 94166.11484748077, ""cvar_t0.95_r0.20_g0.02"": 94274.19502990587, ""nocvar_g0.05"": 94034.186970755, ""cvar_t0.90_r0.05_g0.05"": 94155.48975020861, ""cvar_t0.90_r0.20_g0.05"": 94276.23552019605, ""cvar_t0.95_r0.05_g0.05"": 94155.48975020861, ""cvar_t0.95_r0.20_g0.05"": 94276.23552019605}",10,125576.01613431695,0.0,34924.35712851028,14137.59736933334,11759.895330193338,14137.59736933334,11759.895330193338
2025-01-14,13,nocvar_g0.05,4034.8291355555552,4011.6286355555553,3796.6708707407415,85892.07015746515,85892.07015746515,0.0,"{""nocvar_g0.00"": 93518.5174987759, ""cvar_t0.90_r0.05_g0.00"": 93626.85409070975, ""cvar_t0.90_r0.20_g0.00"": 93752.31080879997, ""cvar_t0.95_r0.05_g0.00"": 93626.85409070975, ""cvar_t0.95_r0.20_g0.00"": 93752.31080879997, ""nocvar_g0.02"": 93489.79821481713, ""cvar_t0.90_r0.05_g0.02"": 93614.01055001677, ""cvar_t0.90_r0.20_g0.02"": 93758.70833653577, ""cvar_t0.95_r0.05_g0.02"": 93614.16887579049, ""cvar_t0.95_r0.20_g0.02"": 93758.70833653577, ""nocvar_g0.05"": 93485.95376015815, ""cvar_t0.90_r0.05_g0.05"": 93614.00324063057, ""cvar_t0.90_r0.20_g0.05"": 93768.45439458733, ""cvar_t0.95_r0.05_g0.05"": 93615.20244077679, ""cvar_t0.95_r0.20_g0.05"": 93768.45439458733}",11,125597.41396136221,0.0,33604.43947279012,15295.387071432102,12582.725516193334,15295.387071432102,12582.725516193334
2025-01-15,14,nocvar_g0.02,3803.0728707407416,3796.6708707407415,4474.077620370366,86121.07623187931,86121.07623187931,0.0,"{""nocvar_g0.00"": 92936.05263783877, ""cvar_t0.90_r0.05_g0.00"": 93050.07475966324, ""cvar_t0.90_r0.20_g0.00"": 93206.61887140998, ""cvar_t0.95_r0.05_g0.00"": 93050.07475966324, ""cvar_t0.95_r0.20_g0.00"": 93206.61887140998, ""nocvar_g0.02"": 92909.39735284282, ""cvar_t0.90_r0.05_g0.02"": 93037.55352281925, ""cvar_t0.90_r0.20_g0.02"": 93215.33307735015, ""cvar_t0.95_r0.05_g0.02"": 93037.74320081582, ""cvar_t0.95_r0.20_g0.02"": 93215.33307735015, ""nocvar_g0.05"": 92910.45428854496, ""cvar_t0.90_r0.05_g0.05"": 93046.67169644705, ""cvar_t0.90_r0.20_g0.05"": 93229.7611310616, ""cvar_t0.95_r0.05_g0.05"": 93048.94076674464, ""cvar_t0.95_r0.20_g0.05"": 93229.7611310616}",12,126682.2731438395,0.0,32780.730263662546,16955.441432510277,13124.241485666658,16955.441432510277,13124.241485666658
2025-01-16,15,nocvar_g0.02,4436.477120370367,4474.077620370366,4583.396430824191,86000.91934228635,86000.91934228635,0.0,"{""nocvar_g0.00"": 92428.85107716828, ""cvar_t0.90_r0.05_g0.00"": 92548.2883613541, ""cvar_t0.90_r0.20_g0.00"": 92732.56640029224, ""cvar_t0.95_r0.05_g0.00"": 92548.2883613541, ""cvar_t0.95_r0.20_g0.00"": 92732.56640029224, ""nocvar_g0.02"": 92403.5581604295, ""cvar_t0.90_r0.05_g0.02"": 92535.94951463092, ""cvar_t0.90_r0.20_g0.02"": 92743.79292855316, ""cvar_t0.95_r0.05_g0.02"": 92536.14303149584, ""cvar_t0.95_r0.20_g0.02"": 92743.79292855316, ""nocvar_g0.05"": 92409.14113632496, ""cvar_t0.90_r0.05_g0.05"": 92551.90868625084, ""cvar_t0.90_r0.20_g0.05"": 92761.87565116982, ""cvar_t0.95_r0.05_g0.05"": 92557.8797233572, ""cvar_t0.95_r0.20_g0.05"": 92761.87565116982}",13,126055.31346146514,0.0,33921.30220248971,15586.699366142115,12526.839557166672,15586.699366142115,12526.839557166672
2025-01-17,16,nocvar_g0.05,4561.133430824191,4583.396430824191,4887.852208592594,47797.64023243184,47797.64023243184,0.0,"{""nocvar_g0.00"": 92014.05731827977, ""cvar_t0.90_r0.05_g0.00"": 92137.40542112952, ""cvar_t0.90_r0.20_g0.00"": 92338.2863673027, ""cvar_t0.95_r0.05_g0.00"": 92137.40542112952, ""cvar_t0.95_r0.20_g0.00"": 92338.2863673027, ""nocvar_g0.02"": 91984.72603185949, ""cvar_t0.90_r0.05_g0.02"": 92121.53784289127, ""cvar_t0.90_r0.20_g0.02"": 92349.09993280153, ""cvar_t0.95_r0.05_g0.02"": 92121.71845863186, ""cvar_t0.95_r0.20_g0.02"": 92349.09993280153, ""nocvar_g0.05"": 91976.67902154267, ""cvar_t0.90_r0.05_g0.05"": 92127.13232258093, ""cvar_t0.90_r0.20_g0.05"": 92362.70648026725, ""cvar_t0.95_r0.05_g0.05"": 92137.76388529319, ""cvar_t0.95_r0.20_g0.05"": 92362.70648026725}",14,78277.40729763363,0.0,33251.832770308654,10855.004529824973,8518.543469166665,10855.004529824973,8518.543469166665
2025-01-18,17,nocvar_g0.05,4886.624458592594,4887.852208592594,3988.8646272222204,37108.217162884495,37108.217162884495,0.0,"{""nocvar_g0.00"": 91641.75077841777, ""cvar_t0.90_r0.05_g0.00"": 91769.20256307574, ""cvar_t0.90_r0.20_g0.00"": 91984.33146053803, ""cvar_t0.95_r0.05_g0.00"": 91769.20256307574, ""cvar_t0.95_r0.20_g0.00"": 91984.33146053803, ""nocvar_g0.02"": 91610.73811376118, ""cvar_t0.90_r0.05_g0.02"": 91749.46727268452, ""cvar_t0.90_r0.20_g0.02"": 91993.23782585595, ""cvar_t0.95_r0.05_g0.02"": 91749.64865908332, ""cvar_t0.95_r0.20_g0.02"": 91993.23782585595, ""nocvar_g0.05"": 91586.45088397872, ""cvar_t0.90_r0.05_g0.05"": 91746.43555590263, ""cvar_t0.90_r0.20_g0.05"": 92004.83360951036, ""cvar_t0.95_r0.05_g0.05"": 91761.2986886856, ""cvar_t0.95_r0.20_g0.05"": 92004.83360951036}",15,65629.26254411729,0.0,20697.75908012345,13147.806687160493,11458.812239833333,13147.806687160493,11458.812239833333
2025-01-19,18,nocvar_g0.05,4018.328131111109,3988.8646272222204,5046.946475629624,73699.14906756624,73699.14906756624,0.0,"{""nocvar_g0.00"": 89053.98554021204, ""cvar_t0.90_r0.05_g0.00"": 89186.95521509508, ""cvar_t0.90_r0.20_g0.00"": 89417.9677911278, ""cvar_t0.95_r0.05_g0.00"": 89186.95521509508, ""cvar_t0.95_r0.20_g0.00"": 89417.9677911278, ""nocvar_g0.02"": 89024.60479495383, ""cvar_t0.90_r0.05_g0.02"": 89166.51011318476, ""cvar_t0.90_r0.20_g0.02"": 89424.93677151034, ""cvar_t0.95_r0.05_g0.02"": 89166.97010648221, ""cvar_t0.95_r0.20_g0.02"": 89424.93677151034, ""nocvar_g0.05"": 89010.63849271125, ""cvar_t0.90_r0.05_g0.05"": 89178.57095355215, ""cvar_t0.90_r0.20_g0.05"": 89461.94615245149, ""cvar_t0.95_r0.05_g0.05"": 89194.63244284035, ""cvar_t0.95_r0.20_g0.05"": 89461.94615245149}",16,111507.42712824691,0.0,18113.07180204647,19783.90629456377,15072.690435029996,19783.90629456377,15072.690435029996
2025-01-20,19,nocvar_g0.05,5064.267725629624,5046.946475629624,5337.8957013370145,73108.77533749951,73108.77533749951,0.0,"{""nocvar_g0.00"": 86730.19272186988, ""cvar_t0.90_r0.05_g0.00"": 86869.64660391334, ""cvar_t0.90_r0.20_g0.00"": 87116.94513883132, ""cvar_t0.95_r0.05_g0.00"": 86869.64660391334, ""cvar_t0.95_r0.20_g0.00"": 87116.94513883132, ""nocvar_g0.02"": 86203.2872479311, ""cvar_t0.90_r0.05_g0.02"": 86854.54444451598, ""cvar_t0.90_r0.20_g0.02"": 87133.13982590297, ""cvar_t0.95_r0.05_g0.02"": 86858.86782651456, ""cvar_t0.95_r0.20_g0.02"": 87133.13982590297, ""nocvar_g0.05"": 86127.17064105422, ""cvar_t0.90_r0.05_g0.05"": 86480.80160285317, ""cvar_t0.90_r0.20_g0.05"": 87182.79680856664, ""cvar_t0.95_r0.05_g0.05"": 86499.42932433747, ""cvar_t0.95_r0.20_g0.05"": 87182.79680856664}",17,110119.53216957819,0.0,18192.958699491646,18934.961141841566,15075.464221755015,18934.961141841566,15075.464221755015
2025-01-21,20,nocvar_g0.05,5372.83875689257,5337.8957013370145,5054.6939941296305,73387.06794288912,73387.06794288912,0.0,"{""nocvar_g0.00"": 86661.62590468331, ""cvar_t0.90_r0.05_g0.00"": 86810.61277239387, ""cvar_t0.90_r0.20_g0.00"": 87071.5095538852, ""cvar_t0.95_r0.05_g0.00"": 86810.61277239387, ""cvar_t0.95_r0.20_g0.00"": 87071.5095538852, ""nocvar_g0.02"": 85582.37326081104, ""cvar_t0.90_r0.05_g0.02"": 86793.05441781742, ""cvar_t0.90_r0.20_g0.02"": 87087.50630392866, ""cvar_t0.95_r0.05_g0.02"": 86798.37921616335, ""cvar_t0.95_r0.20_g0.02"": 87087.50630392866, ""nocvar_g0.05"": 85473.06424244959, ""cvar_t0.90_r0.05_g0.05"": 85878.91515533433, ""cvar_t0.90_r0.20_g0.05"": 87146.0501619336, ""cvar_t0.95_r0.05_g0.05"": 85900.91878145181, ""cvar_t0.95_r0.20_g0.05"": 87146.0501619336}",18,110759.12433199178,0.0,24176.363322654313,17693.357171004143,14586.500844999999,17693.357171004143,14586.500844999999
2025-01-22,21,nocvar_g0.05,5035.98149412963,5054.6939941296305,4347.581390277772,72781.19244988146,72781.19244988146,0.0,"{""nocvar_g0.00"": 86567.29609802722, ""cvar_t0.90_r0.05_g0.00"": 86729.36051312376, ""cvar_t0.90_r0.20_g0.00"": 87001.94211666349, ""cvar_t0.95_r0.05_g0.00"": 86729.36051312376, ""cvar_t0.95_r0.20_g0.00"": 87001.94211666349, ""nocvar_g0.02"": 84994.6559676599, ""cvar_t0.90_r0.05_g0.02"": 86706.45959642556, ""cvar_t0.90_r0.20_g0.02"": 87017.83512648639, ""cvar_t0.95_r0.05_g0.02"": 86715.27244707666, ""cvar_t0.95_r0.20_g0.02"": 87017.83512648639, ""nocvar_g0.05"": 84854.84979720209, ""cvar_t0.90_r0.05_g0.05"": 85287.92397245415, ""cvar_t0.90_r0.20_g0.05"": 87084.65898219787, ""cvar_t0.95_r0.05_g0.05"": 85313.874783313, ""cvar_t0.95_r0.20_g0.05"": 87084.65898219787}",19,110137.7854211934,0.0,18162.470748862965,19541.850784897117,16465.300479233338,19541.850784897117,16465.300479233338
2025-01-23,22,nocvar_g0.05,4350.978890277772,4347.581390277772,5057.452226384812,73329.53597412255,73329.53597412255,0.0,"{""nocvar_g0.00"": 86361.92739059865, ""cvar_t0.90_r0.05_g0.00"": 86616.03032374574, ""cvar_t0.90_r0.20_g0.00"": 86883.44345161597, ""cvar_t0.95_r0.05_g0.00"": 86616.03032374574, ""cvar_t0.95_r0.20_g0.00"": 86883.44345161597, ""nocvar_g0.02"": 84456.98244420084, ""cvar_t0.90_r0.05_g0.02"": 86584.70017105348, ""cvar_t0.90_r0.20_g0.02"": 86898.82128396712, ""cvar_t0.95_r0.05_g0.02"": 86596.04953582585, ""cvar_t0.95_r0.20_g0.02"": 86898.82128396712, ""nocvar_g0.05"": 84308.76494699671, ""cvar_t0.90_r0.05_g0.05"": 84779.08397531109, ""cvar_t0.90_r0.20_g0.05"": 86970.51663566941, ""cvar_t0.95_r0.05_g0.05"": 84811.27737063912, ""cvar_t0.95_r0.20_g0.05"": 86970.51663566941}",20,110366.84632413581,0.0,16331.400630630818,20161.243900045556,15691.723806540565,20161.243900045556,15691.723806540565
2025-01-24,23,nocvar_g0.05,5055.811976384813,5057.452226384812,3275.0847697816616,25582.48655561997,25582.48655561997,0.0,"{""nocvar_g0.00"": 86171.05331057774, ""cvar_t0.90_r0.05_g0.00"": 86488.0141511861, ""cvar_t0.90_r0.20_g0.00"": 86750.39987146396, ""cvar_t0.95_r0.05_g0.00"": 86488.0141511861, ""cvar_t0.95_r0.20_g0.00"": 86750.39987146396, ""nocvar_g0.02"": 83941.88693292679, ""cvar_t0.90_r0.05_g0.02"": 86449.22301728925, ""cvar_t0.90_r0.20_g0.02"": 86764.93564569659, ""cvar_t0.95_r0.05_g0.02"": 86462.60033759715, ""cvar_t0.95_r0.20_g0.02"": 86764.93564569659, ""nocvar_g0.05"": 83784.78437894602, ""cvar_t0.90_r0.05_g0.05"": 84279.62224873628, ""cvar_t0.90_r0.20_g0.05"": 86840.25493897089, ""cvar_t0.95_r0.05_g0.05"": 84317.49072085448, ""cvar_t0.95_r0.20_g0.05"": 86840.25493897089}",21,48394.203990601236,0.0,6688.248735634807,18319.33061004873,16442.788505082302,18319.33061004873,16442.788505082302
2025-01-25,24,nocvar_g0.05,3291.5180197816617,3275.0847697816616,3306.3565713888906,26297.572556466002,26297.572556466002,0.0,"{""nocvar_g0.00"": 86009.32908065882, ""cvar_t0.90_r0.05_g0.00"": 86395.26907046218, ""cvar_t0.90_r0.20_g0.00"": 86653.01127197286, ""cvar_t0.95_r0.05_g0.00"": 86395.26907046218, ""cvar_t0.95_r0.20_g0.00"": 86653.01127197286, ""nocvar_g0.02"": 83494.7430225568, ""cvar_t0.90_r0.05_g0.02"": 86348.5207384523, ""cvar_t0.90_r0.20_g0.02"": 86666.2643341097, ""cvar_t0.95_r0.05_g0.02"": 86359.28571147479, ""cvar_t0.95_r0.20_g0.02"": 86666.2643341097, ""nocvar_g0.05"": 83330.208361345, ""cvar_t0.90_r0.05_g0.05"": 83825.81801936134, ""cvar_t0.90_r0.20_g0.05"": 86761.35483412062, ""cvar_t0.95_r0.05_g0.05"": 83864.23197502448, ""cvar_t0.95_r0.20_g0.05"": 86761.37460291747}",22,49631.09349166667,0.0,7406.31182339938,19774.008316600615,15988.802114999995,19774.008316600615,15988.802114999995
2025-01-26,25,nocvar_g0.05,3259.855821388891,3306.3565713888906,4171.30290296296,66286.42500798033,59491.85168173397,6794.573326246364,"{""nocvar_g0.00"": 84288.42075113884, ""cvar_t0.90_r0.05_g0.00"": 84731.65844203666, ""cvar_t0.90_r0.20_g0.00"": 84985.35377099381, ""cvar_t0.95_r0.05_g0.00"": 84731.65844203666, ""cvar_t0.95_r0.20_g0.00"": 84985.35377099381, ""nocvar_g0.02"": 81278.81898626419, ""cvar_t0.90_r0.05_g0.02"": 84683.70045445974, ""cvar_t0.90_r0.20_g0.02"": 85008.22036283668, ""cvar_t0.95_r0.05_g0.02"": 84697.42406319582, ""cvar_t0.95_r0.20_g0.02"": 85008.22036283668, ""nocvar_g0.05"": 80924.05328610643, ""cvar_t0.90_r0.05_g0.05"": 81623.63758279603, ""cvar_t0.90_r0.20_g0.05"": 85108.44453826688, ""cvar_t0.95_r0.05_g0.05"": 81662.74935114698, ""cvar_t0.95_r0.20_g0.05"": 85108.46440752226}",23,94737.30182384732,981.9659995027598,2534.9092154732552,24773.24671645707,19287.87814191357,24773.24671645707,19287.87814191357
2025-01-27,26,nocvar_g0.05,4198.36365296296,4171.30290296296,4701.448335207593,60139.65881082446,60139.65881082446,0.0,"{""nocvar_g0.00"": 82762.44115911961, ""cvar_t0.90_r0.05_g0.00"": 83217.72082275458, ""cvar_t0.90_r0.20_g0.00"": 83466.16531609265, ""cvar_t0.95_r0.05_g0.00"": 83217.72082275458, ""cvar_t0.95_r0.20_g0.00"": 83466.16531609265, ""nocvar_g0.02"": 79260.73849012083, ""cvar_t0.90_r0.05_g0.02"": 83164.36355125118, ""cvar_t0.90_r0.20_g0.02"": 83498.53002939392, ""cvar_t0.95_r0.05_g0.02"": 83183.0431053964, ""cvar_t0.95_r0.20_g0.02"": 83498.53002939392, ""nocvar_g0.05"": 78738.99405692081, ""cvar_t0.90_r0.05_g0.05"": 79620.62548105554, ""cvar_t0.90_r0.20_g0.05"": 83604.5087952547, ""cvar_t0.95_r0.05_g0.05"": 79660.25532477086, ""cvar_t0.95_r0.20_g0.05"": 83604.33823954478}",24,94695.58827411337,0.0,5601.060128744856,23276.21301586852,18376.601653833335,23276.21301586852,18376.601653833335
2025-01-28,27,nocvar_g0.05,4674.849585207593,4701.448335207593,4342.734978277785,59118.704246415844,59118.704246415844,0.0,"{""nocvar_g0.00"": 82268.10189187308, ""cvar_t0.90_r0.05_g0.00"": 82793.25819716908, ""cvar_t0.90_r0.20_g0.00"": 83478.28947529466, ""cvar_t0.95_r0.05_g0.00"": 82793.25819716908, ""cvar_t0.95_r0.20_g0.00"": 83478.28947529466, ""nocvar_g0.02"": 78592.27934968095, ""cvar_t0.90_r0.05_g0.02"": 82706.9069641887, ""cvar_t0.90_r0.20_g0.02"": 83532.12136118495, ""cvar_t0.95_r0.05_g0.02"": 82744.84341687668, ""cvar_t0.95_r0.20_g0.02"": 83532.12136118495, ""nocvar_g0.05"": 78260.04909350003, ""cvar_t0.90_r0.05_g0.05"": 78900.21054578725, ""cvar_t0.90_r0.20_g0.05"": 83191.46263080969, ""cvar_t0.95_r0.05_g0.05"": 78938.3883498461, ""cvar_t0.95_r0.20_g0.05"": 83678.00973828553}",25,93393.381600679,0.0,2036.5330271442351,24733.111726868105,20356.662519999998,24733.111726868105,20356.662519999998
2025-01-29,28,nocvar_g0.05,4343.778228277784,4342.734978277785,5116.0389253703715,58447.56525325145,58447.56525325145,0.0,"{""nocvar_g0.00"": 81806.53781165533, ""cvar_t0.90_r0.05_g0.00"": 82412.51327476442, ""cvar_t0.90_r0.20_g0.00"": 83503.02353058608, ""cvar_t0.95_r0.05_g0.00"": 82412.51327476442, ""cvar_t0.95_r0.20_g0.00"": 83503.02353058608, ""nocvar_g0.02"": 77944.85072441028, ""cvar_t0.90_r0.05_g0.02"": 82288.84343676537, ""cvar_t0.90_r0.20_g0.02"": 83577.43217875774, ""cvar_t0.95_r0.05_g0.02"": 82350.89404302706, ""cvar_t0.95_r0.20_g0.02"": 83577.43217875774, ""nocvar_g0.05"": 77588.92352747501, ""cvar_t0.90_r0.05_g0.05"": 78255.01109511964, ""cvar_t0.90_r0.20_g0.05"": 82815.61875752776, ""cvar_t0.95_r0.05_g0.05"": 78298.55877943746, ""cvar_t0.95_r0.20_g0.05"": 83759.57895239702}",26,91763.89678251496,0.0,5400.161969354729,22539.790583036367,17561.256819876133,22539.790583036367,17561.256819876133
2025-01-30,29,nocvar_g0.05,5128.189675370372,5116.0389253703715,4561.830430129627,57862.76129345439,57862.76129345439,0.0,"{""nocvar_g0.00"": 81341.70663676514, ""cvar_t0.90_r0.05_g0.00"": 82018.47448785638, ""cvar_t0.90_r0.20_g0.00"": 83485.26076515518, ""cvar_t0.95_r0.05_g0.00"": 82018.47448785638, ""cvar_t0.95_r0.20_g0.00"": 83485.26076515518, ""nocvar_g0.02"": 77309.08750082416, ""cvar_t0.90_r0.05_g0.02"": 81859.38495846881, ""cvar_t0.90_r0.20_g0.02"": 83577.57089688478, ""cvar_t0.95_r0.05_g0.02"": 81945.81589728652, ""cvar_t0.95_r0.20_g0.02"": 83577.57089688478, ""nocvar_g0.05"": 76929.27283886576, ""cvar_t0.90_r0.05_g0.05"": 77605.562925769, ""cvar_t0.90_r0.20_g0.05"": 82423.694538753, ""cvar_t0.95_r0.05_g0.05"": 77653.6532474024, ""cvar_t0.95_r0.20_g0.05"": 83793.32929746575}",27,91475.12824743209,0.0,3666.8368073662573,24023.664749732503,19957.956093,24023.664749732503,19957.956093
2025-01-31,30,nocvar_g0.05,4575.8344301296265,4561.830430129627,3717.3494902037037,23022.015597709127,23022.015597709127,0.0,"{""nocvar_g0.00"": 76186.7542901865, ""cvar_t0.90_r0.05_g0.00"": 76955.68642986889, ""cvar_t0.90_r0.20_g0.00"": 78839.89686482344, ""cvar_t0.95_r0.05_g0.00"": 76955.68642986889, ""cvar_t0.95_r0.20_g0.00"": 78839.89686482344, ""nocvar_g0.02"": 71826.40226259813, ""cvar_t0.90_r0.05_g0.02"": 76747.32309605884, ""cvar_t0.90_r0.20_g0.02"": 78952.70257996894, ""cvar_t0.95_r0.05_g0.02"": 76869.22408286722, ""cvar_t0.95_r0.20_g0.02"": 78952.70257996894, ""nocvar_g0.05"": 71398.08266810153, ""cvar_t0.90_r0.05_g0.05"": 72123.94824874596, ""cvar_t0.90_r0.20_g0.05"": 77377.97574649019, ""cvar_t0.95_r0.05_g0.05"": 72166.21877634701, ""cvar_t0.95_r0.20_g0.05"": 79208.97316764016}",28,44135.63778347737,0.0,2382.5658198148194,19730.43031366255,16741.681399999998,19730.43031366255,16741.681399999998
2025-02-01,31,nocvar_g0.05,6000.0,6000.0,4287.498483475305,22108.047918020024,22108.047918020024,0.0,"{""nocvar_g0.00"": 70870.79191273167, ""cvar_t0.90_r0.05_g0.00"": 71692.87869755492, ""cvar_t0.90_r0.20_g0.00"": 73964.26218435778, ""cvar_t0.95_r0.05_g0.00"": 71692.87869755492, ""cvar_t0.95_r0.20_g0.00"": 73964.26218435778, ""nocvar_g0.02"": 66151.51721961565, ""cvar_t0.90_r0.05_g0.02"": 71447.94666725153, ""cvar_t0.90_r0.20_g0.02"": 74094.23301633222, ""cvar_t0.95_r0.05_g0.02"": 71602.84582892437, ""cvar_t0.95_r0.20_g0.02"": 74094.23301633222, ""nocvar_g0.05"": 65659.65099680061, ""cvar_t0.90_r0.05_g0.05"": 66450.92442435799, ""cvar_t0.90_r0.20_g0.05"": 72136.3036393263, ""cvar_t0.95_r0.05_g0.05"": 66495.93964924333, ""cvar_t0.95_r0.20_g0.05"": 74384.41277255792}",29,42423.08985969766,0.0,6301.493359423872,17287.74700954046,15544.3264426,17287.74700954046,15544.3264426
2025-02-02,32,nocvar_g0.05,4265.419233475304,4287.498483475305,5183.813042151806,56243.01542461003,56243.01542461003,0.0,"{""nocvar_g0.00"": 69824.48772692161, ""cvar_t0.90_r0.05_g0.00"": 70693.82079840371, ""cvar_t0.90_r0.20_g0.00"": 73337.77134219834, ""cvar_t0.95_r0.05_g0.00"": 70693.82079840371, ""cvar_t0.95_r0.20_g0.00"": 73337.77134219834, ""nocvar_g0.02"": 64874.421543713965, ""cvar_t0.90_r0.05_g0.02"": 70414.23848887712, ""cvar_t0.90_r0.20_g0.02"": 73479.6976786338, ""cvar_t0.95_r0.05_g0.02"": 70597.86902287482, ""cvar_t0.95_r0.20_g0.02"": 73479.6976786338, ""nocvar_g0.05"": 64269.370574711684, ""cvar_t0.90_r0.05_g0.05"": 65208.702480520486, ""cvar_t0.90_r0.20_g0.05"": 71161.38196056164, ""cvar_t0.95_r0.05_g0.05"": 65252.168107736754, ""cvar_t0.95_r0.20_g0.05"": 73772.38003652646}",30,89291.57688820479,0.0,5848.030524547321,22529.396372887524,17442.12795923004,22529.396372887524,17442.12795923004
2025-02-03,33,nocvar_g0.05,5162.784542151806,5183.813042151806,5134.302134777778,55661.75544649341,55661.75544649341,0.0,"{""nocvar_g0.00"": 68837.31958798257, ""cvar_t0.90_r0.05_g0.00"": 69751.72051150377, ""cvar_t0.90_r0.20_g0.00"": 72765.58889992979, ""cvar_t0.95_r0.05_g0.00"": 69751.72051150377, ""cvar_t0.95_r0.20_g0.00"": 72765.58889992979, ""nocvar_g0.02"": 63635.79620740904, ""cvar_t0.90_r0.05_g0.02"": 69436.34249161121, ""cvar_t0.90_r0.20_g0.02"": 72922.09465778898, ""cvar_t0.95_r0.05_g0.02"": 69644.225871841, ""cvar_t0.95_r0.20_g0.02"": 72922.09465778898, ""nocvar_g0.05"": 62932.07952824984, ""cvar_t0.90_r0.05_g0.05"": 63959.61720624898, ""cvar_t0.90_r0.20_g0.05"": 70245.31233084037, ""cvar_t0.95_r0.05_g0.05"": 63983.9522050143, ""cvar_t0.95_r0.20_g0.05"": 73217.11786454292}",31,88157.08978168317,0.0,3758.2258627777874,22244.77492390539,18062.827504999997,22244.77492390539,18062.827504999997
2025-02-04,34,nocvar_g0.05,5129.671634777778,5134.302134777778,4820.794488240755,55916.54225231742,55916.54225231742,0.0,"{""nocvar_g0.00"": 69242.93776023538, ""cvar_t0.90_r0.05_g0.00"": 70190.22580546467, ""cvar_t0.90_r0.20_g0.00"": 73595.09989744757, ""cvar_t0.95_r0.05_g0.00"": 70190.22580546467, ""cvar_t0.95_r0.20_g0.00"": 73595.09989744757, ""nocvar_g0.02"": 63627.50632998267, ""cvar_t0.90_r0.05_g0.02"": 69827.66544311856, ""cvar_t0.90_r0.20_g0.02"": 73768.48108979342, ""cvar_t0.95_r0.05_g0.02"": 70065.38051008532, ""cvar_t0.95_r0.20_g0.02"": 73768.48108979342, ""nocvar_g0.05"": 62843.97491962303, ""cvar_t0.90_r0.05_g0.05"": 63951.04752091486, ""cvar_t0.90_r0.20_g0.05"": 70705.04526065532, ""cvar_t0.95_r0.05_g0.05"": 63975.05728458656, ""cvar_t0.95_r0.20_g0.05"": 74099.36001443685}",32,88022.13340152653,0.0,2789.0568617078043,22738.78669316873,18700.574103349994,22738.78669316873,18700.574103349994
2025-02-05,35,nocvar_g0.05,4783.475988240755,4820.794488240755,4885.207464862241,56480.21400685355,56480.21400685355,0.0,"{""nocvar_g0.00"": 69002.18713023646, ""cvar_t0.90_r0.05_g0.00"": 69996.73297847621, ""cvar_t0.90_r0.20_g0.00"": 73794.52726923293, ""cvar_t0.95_r0.05_g0.00"": 69996.73297847621, ""cvar_t0.95_r0.20_g0.00"": 73794.52726923293, ""nocvar_g0.02"": 62995.30332140081, ""cvar_t0.90_r0.05_g0.02"": 69577.67973293002, ""cvar_t0.90_r0.20_g0.02"": 73982.00197758537, ""cvar_t0.95_r0.05_g0.02"": 69853.55538252693, ""cvar_t0.95_r0.20_g0.02"": 73982.00197758537, ""nocvar_g0.05"": 62147.414270168745, ""cvar_t0.90_r0.05_g0.05"": 63319.34314120018, ""cvar_t0.90_r0.20_g0.05"": 70519.25658459358, ""cvar_t0.95_r0.05_g0.05"": 63343.685549515714, ""cvar_t0.95_r0.20_g0.05"": 74351.21128048107}",33,89429.36002114686,0.0,4259.788889957346,22964.065625772844,18542.92147791667,22964.065625772844,18542.92147791667
2025-02-06,36,nocvar_g0.05,4848.43646486224,4885.207464862241,4749.9950895285765,56441.53844696557,56441.53844696557,0.0,"{""nocvar_g0.00"": 68335.40499757238, ""cvar_t0.90_r0.05_g0.00"": 69439.07862339354, ""cvar_t0.90_r0.20_g0.00"": 74002.92711037198, ""cvar_t0.95_r0.05_g0.00"": 69439.07862339354, ""cvar_t0.95_r0.20_g0.00"": 74002.92711037198, ""nocvar_g0.02"": 62320.82619962277, ""cvar_t0.90_r0.05_g0.02"": 68940.85544202653, ""cvar_t0.90_r0.20_g0.02"": 74210.70325447287, ""cvar_t0.95_r0.05_g0.02"": 69267.56885623046, ""cvar_t0.95_r0.20_g0.02"": 74210.70325447287, ""nocvar_g0.05"": 61470.65265716438, ""cvar_t0.90_r0.05_g0.05"": 62634.68451283309, ""cvar_t0.90_r0.20_g0.05"": 69934.9171513742, ""cvar_t0.95_r0.05_g0.05"": 62663.99375485194, ""cvar_t0.95_r0.20_g0.05"": 74622.01215843495}",34,89149.01032965888,0.0,4812.652656954741,22036.797862304138,17971.497406266662,22036.797862304138,17971.497406266662
2025-02-07,37,nocvar_g0.05,4708.850839528576,4749.9950895285765,3719.923945074075,21141.546771827445,21141.546771827445,0.0,"{""nocvar_g0.00"": 67246.52171525666, ""cvar_t0.90_r0.05_g0.00"": 68456.24369219234, ""cvar_t0.90_r0.20_g0.00"": 73774.76823820993, ""cvar_t0.95_r0.05_g0.00"": 68456.24369219234, ""cvar_t0.95_r0.20_g0.00"": 73774.76823820993, ""nocvar_g0.02"": 61219.01707727934, ""cvar_t0.90_r0.05_g0.02"": 67859.27620863335, ""cvar_t0.90_r0.20_g0.02"": 74003.43991931585, ""cvar_t0.95_r0.05_g0.02"": 68243.02313370259, ""cvar_t0.95_r0.20_g0.02"": 74003.43991931585, ""nocvar_g0.05"": 60367.161508609985, ""cvar_t0.90_r0.05_g0.05"": 61515.39659293743, ""cvar_t0.90_r0.20_g0.05"": 68900.82920524116, ""cvar_t0.95_r0.05_g0.05"": 61546.95817622608, ""cvar_t0.95_r0.20_g0.05"": 73889.06458589791}",35,40819.128788023605,0.0,6437.578042911735,18436.500570811866,15860.629492366665,18436.500570811866,15860.629492366665
2025-02-08,38,nocvar_g0.05,3683.091445074075,3719.923945074075,4820.993390529261,20546.33034613223,20546.33034613223,0.0,"{""nocvar_g0.00"": 66186.98960766202, ""cvar_t0.90_r0.05_g0.00"": 67479.48107101224, ""cvar_t0.90_r0.20_g0.00"": 73567.96724185922, ""cvar_t0.95_r0.05_g0.00"": 67479.48107101224, ""cvar_t0.95_r0.20_g0.00"": 73567.96724185922, ""nocvar_g0.02"": 60139.93866480688, ""cvar_t0.90_r0.05_g0.02"": 66806.21366242609, ""cvar_t0.90_r0.20_g0.02"": 73819.14483800014, ""cvar_t0.95_r0.05_g0.02"": 67247.52752147334, ""cvar_t0.95_r0.20_g0.02"": 73819.14483800014, ""nocvar_g0.05"": 59279.7225546033, ""cvar_t0.90_r0.05_g0.05"": 60428.032494399275, ""cvar_t0.90_r0.20_g0.05"": 67877.29217455488, ""cvar_t0.95_r0.05_g0.05"": 60465.08024142375, ""cvar_t0.95_r0.20_g0.05"": 73133.14197726145}",36,40006.057140656376,0.0,3599.2132117181063,20203.782691378598,15374.101479106996,20203.782691378598,15374.101479106996
2025-02-09,39,nocvar_g0.05,4783.22639052926,4820.993390529261,4663.876692685186,56379.19965471099,52997.972178716256,3381.2274759947345,"{""nocvar_g0.00"": 65228.676229213095, ""cvar_t0.90_r0.05_g0.00"": 66543.12770054668, ""cvar_t0.90_r0.20_g0.00"": 73369.66489071735, ""cvar_t0.95_r0.05_g0.00"": 66543.12770054668, ""cvar_t0.95_r0.20_g0.00"": 73369.66489071735, ""nocvar_g0.02"": 59150.84016034368, ""cvar_t0.90_r0.05_g0.02"": 65844.79257118386, ""cvar_t0.90_r0.20_g0.02"": 73628.35955923093, ""cvar_t0.95_r0.05_g0.02"": 66293.39987878416, ""cvar_t0.95_r0.20_g0.02"": 73628.35955923093, ""nocvar_g0.05"": 58292.869159627226, ""cvar_t0.90_r0.05_g0.05"": 59440.78294839005, ""cvar_t0.90_r0.20_g0.05"": 66905.19085320232, ""cvar_t0.95_r0.05_g0.05"": 59477.933387871846, ""cvar_t0.95_r0.20_g0.05"": 72489.24235144847}",37,84505.24235408971,485.01224726666203,1161.4717583333377,23235.64160218971,18962.274725833333,23235.64160218971,18962.274725833333
2025-02-10,40,nocvar_g0.05,4636.979442685186,4663.876692685186,5392.842081555007,54830.934500460426,54830.934500460426,0.0,"{""nocvar_g0.00"": 64970.69967461336, ""cvar_t0.90_r0.05_g0.00"": 66354.24318053316, ""cvar_t0.90_r0.20_g0.00"": 73167.05987121139, ""cvar_t0.95_r0.05_g0.00"": 66354.24318053316, ""cvar_t0.95_r0.20_g0.00"": 73167.05987121139, ""nocvar_g0.02"": 58236.749539023345, ""cvar_t0.90_r0.05_g0.02"": 65297.71662421065, ""cvar_t0.90_r0.20_g0.02"": 73430.10022879971, ""cvar_t0.95_r0.05_g0.02"": 65748.50722937797, ""cvar_t0.95_r0.20_g0.02"": 73430.10022879971, ""nocvar_g0.05"": 57268.38984169896, ""cvar_t0.90_r0.05_g0.05"": 58462.17312260995, ""cvar_t0.90_r0.20_g0.05"": 66687.07067803731, ""cvar_t0.95_r0.05_g0.05"": 58523.02468813204, ""cvar_t0.95_r0.20_g0.05"": 72289.93970568817}",38,87096.99798448497,0.0,8232.482596337439,20430.573446480877,15892.695641666669,20430.573446480877,15892.695641666669
2025-02-11,41,nocvar_g0.05,5402.405331555007,5392.842081555007,4979.2592096296285,53023.864637463754,53023.864637463754,0.0,"{""nocvar_g0.00"": 64578.50346920438, ""cvar_t0.90_r0.05_g0.00"": 66115.8540809923, ""cvar_t0.90_r0.20_g0.00"": 72914.2759124734, ""cvar_t0.95_r0.05_g0.00"": 66115.8540809923, ""cvar_t0.95_r0.20_g0.00"": 72914.2759124734, ""nocvar_g0.02"": 57161.028935673006, ""cvar_t0.90_r0.05_g0.02"": 64429.37998574066, ""cvar_t0.90_r0.20_g0.02"": 73211.73274880643, ""cvar_t0.95_r0.05_g0.02"": 64878.276667964514, ""cvar_t0.95_r0.20_g0.02"": 73211.73274880643, ""nocvar_g0.05"": 56158.525956381745, ""cvar_t0.90_r0.05_g0.05"": 57297.14130664714, ""cvar_t0.90_r0.20_g0.05"": 66439.90687246808, ""cvar_t0.95_r0.05_g0.05"": 57398.611090357714, ""cvar_t0.95_r0.20_g0.05"": 72061.06175437025}",39,84374.77907765286,0.0,5499.724746604936,21193.06201288127,17538.60481516667,21193.06201288127,17538.60481516667
2025-02-12,42,nocvar_g0.05,4943.291459629629,4979.2592096296285,4609.613450370372,52436.34998125397,52436.34998125397,0.0,"{""nocvar_g0.00"": 64257.19963444757, ""cvar_t0.90_r0.05_g0.00"": 65921.70915444069, ""cvar_t0.90_r0.20_g0.00"": 72705.34514216753, ""cvar_t0.95_r0.05_g0.00"": 65921.70915444069, ""cvar_t0.95_r0.20_g0.00"": 72705.34514216753, ""nocvar_g0.02"": 56140.10679678416, ""cvar_t0.90_r0.05_g0.02"": 63636.463382122805, ""cvar_t0.90_r0.20_g0.02"": 73040.27631198408, ""cvar_t0.95_r0.05_g0.02"": 64073.975722995296, ""cvar_t0.95_r0.20_g0.02"": 73040.27631198408, ""nocvar_g0.05"": 55045.18573749868, ""cvar_t0.90_r0.05_g0.05"": 56206.83763327186, ""cvar_t0.90_r0.20_g0.05"": 66237.83315288117, ""cvar_t0.95_r0.05_g0.05"": 56354.731453733584, ""cvar_t0.95_r0.20_g0.05"": 71878.7713575424}",40,84014.2610600251,0.0,4963.487253755769,21666.941348786007,17882.903675849997,21666.941348786007,17882.903675849997
2025-02-13,43,nocvar_g0.05,4578.371450370372,4609.613450370372,5163.896479815741,53049.01095635566,53049.01095635566,0.0,"{""nocvar_g0.00"": 63888.94265769954, ""cvar_t0.90_r0.05_g0.00"": 65680.11464919052, ""cvar_t0.90_r0.20_g0.00"": 72448.40894200363, ""cvar_t0.95_r0.05_g0.00"": 65680.11464919052, ""cvar_t0.95_r0.20_g0.00"": 72448.40894200363, ""nocvar_g0.02"": 55094.59486759278, ""cvar_t0.90_r0.05_g0.02"": 62767.85849243105, ""cvar_t0.90_r0.20_g0.02"": 72823.87750950285, ""cvar_t0.95_r0.05_g0.02"": 63226.59092041301, ""cvar_t0.95_r0.20_g0.02"": 72823.87750950285, ""nocvar_g0.05"": 53871.32125464148, ""cvar_t0.90_r0.05_g0.05"": 55076.751198638885, ""cvar_t0.90_r0.20_g0.05"": 65981.88572970302, ""cvar_t0.95_r0.05_g0.05"": 55268.470557777895, ""cvar_t0.95_r0.20_g0.05"": 71650.00100316417}",41,84823.01974011419,0.0,9227.39810548222,19827.831007707813,15561.6883897425,19827.831007707813,15561.6883897425
2025-02-14,44,nocvar_g0.05,5136.213979815741,5163.896479815741,4638.423601487082,18757.95640364028,18757.95640364028,0.0,"{""nocvar_g0.00"": 63487.31260265664, ""cvar_t0.90_r0.05_g0.00"": 65400.674707435435, ""cvar_t0.90_r0.20_g0.00"": 72157.59890131603, ""cvar_t0.95_r0.05_g0.00"": 65400.674707435435, ""cvar_t0.95_r0.20_g0.00"": 72157.59890131603, ""nocvar_g0.02"": 53997.724170941845, ""cvar_t0.90_r0.05_g0.02"": 61851.952194802514, ""cvar_t0.90_r0.20_g0.02"": 72575.37611263181, ""cvar_t0.95_r0.05_g0.02"": 62320.39799955661, ""cvar_t0.95_r0.20_g0.02"": 72575.37611263181, ""nocvar_g0.05"": 52675.397703450886, ""cvar_t0.90_r0.05_g0.05"": 53901.17736439019, ""cvar_t0.90_r0.20_g0.05"": 65691.95858776403, ""cvar_t0.95_r0.05_g0.05"": 54141.60355987046, ""cvar_t0.95_r0.20_g0.05"": 71393.19348860664}",42,35899.78225682927,0.0,3177.509943673408,17859.979405184153,14939.508908694956,17859.979405184153,14939.508908694956
2025-02-15,45,nocvar_g0.05,4645.231351487082,4638.423601487082,4234.73262,19639.048480966,18499.585448133344,1139.4630328326575,"{""nocvar_g0.00"": 63102.254361936226, ""cvar_t0.90_r0.05_g0.00"": 65142.2498805836, ""cvar_t0.90_r0.20_g0.00"": 71887.96176000699, ""cvar_t0.95_r0.05_g0.00"": 65142.2498805836, ""cvar_t0.95_r0.20_g0.00"": 71887.96176000699, ""nocvar_g0.02"": 52920.09477719023, ""cvar_t0.90_r0.05_g0.02"": 60950.5209868279, ""cvar_t0.90_r0.20_g0.02"": 72345.6649641834, ""cvar_t0.95_r0.05_g0.02"": 61426.2789105949, ""cvar_t0.95_r0.20_g0.02"": 72345.67449059203, ""nocvar_g0.05"": 51508.111351159336, ""cvar_t0.90_r0.05_g0.05"": 52733.03228311323, ""cvar_t0.90_r0.20_g0.05"": 64907.49958407367, ""cvar_t0.95_r0.05_g0.05"": 53030.56173507002, ""cvar_t0.95_r0.20_g0.05"": 71154.86710762214}",43,35664.35392255036,212.2631623341659,3555.269553148152,17918.83323723554,14877.576805499168,17918.83323723554,14877.576805499168
2025-02-16,46,nocvar_g0.05,4225.42437,4234.73262,4325.63635074074,57131.844509995535,48640.621741779905,8491.222768215632,"{""nocvar_g0.00"": 62804.56615812473, ""cvar_t0.90_r0.05_g0.00"": 64880.13462952495, ""cvar_t0.90_r0.20_g0.00"": 71607.97132996468, ""cvar_t0.95_r0.05_g0.00"": 64880.13462952495, ""cvar_t0.95_r0.20_g0.00"": 71607.97132996468, ""nocvar_g0.02"": 52047.14932283735, ""cvar_t0.90_r0.05_g0.02"": 60285.070651581605, ""cvar_t0.90_r0.20_g0.02"": 72074.10211018831, ""cvar_t0.95_r0.05_g0.02"": 60739.42888340649, ""cvar_t0.95_r0.20_g0.02"": 72074.12812642577, ""nocvar_g0.05"": 50470.979785845346, ""cvar_t0.90_r0.05_g0.05"": 51717.59272293073, ""cvar_t0.90_r0.20_g0.05"": 64307.669111535666, ""cvar_t0.95_r0.05_g0.05"": 52018.160435520294, ""cvar_t0.95_r0.20_g0.05"": 70864.83885207809}",44,78457.47316202408,1313.4697147293293,37.684143333333395,22495.085661860096,18139.206028440014,22495.085661860096,18139.206028440014
2025-02-17,47,nocvar_g0.05,4297.51885074074,4325.63635074074,4432.493201527209,49662.292851387225,49662.292851387225,0.0,"{""nocvar_g0.00"": 62389.50231648587, ""cvar_t0.90_r0.05_g0.00"": 64564.72176581146, ""cvar_t0.90_r0.20_g0.00"": 71274.5422446799, ""cvar_t0.95_r0.05_g0.00"": 64564.72176581146, ""cvar_t0.95_r0.20_g0.00"": 71274.5422446799, ""nocvar_g0.02"": 51422.63713702022, ""cvar_t0.90_r0.05_g0.02"": 59593.30439727476, ""cvar_t0.90_r0.20_g0.02"": 71735.64152475442, ""cvar_t0.95_r0.05_g0.02"": 60029.988451995996, ""cvar_t0.95_r0.20_g0.02"": 71735.66754099188, ""nocvar_g0.05"": 49847.08090434825, ""cvar_t0.90_r0.05_g0.05"": 50990.0011790197, ""cvar_t0.90_r0.20_g0.05"": 63662.91384309651, ""cvar_t0.95_r0.05_g0.05"": 51302.95436249475, ""cvar_t0.95_r0.20_g0.05"": 70519.30075918512}",45,80288.95214759979,0.0,5121.696744441351,20459.058267283952,16475.666030792177,20459.058267283952,16475.666030792177
2025-02-18,48,nocvar_g0.05,4408.262201527208,4432.493201527209,4486.150036893692,48895.607042291245,48895.607042291245,0.0,"{""nocvar_g0.00"": 61915.607048263126, ""cvar_t0.90_r0.05_g0.00"": 64204.30647704421, ""cvar_t0.90_r0.20_g0.00"": 70901.40133950674, ""cvar_t0.95_r0.05_g0.00"": 64204.30647704421, ""cvar_t0.95_r0.20_g0.00"": 70901.40133950674, ""nocvar_g0.02"": 50658.13022908022, ""cvar_t0.90_r0.05_g0.02"": 58540.36083452584, ""cvar_t0.90_r0.20_g0.02"": 71402.22882889058, ""cvar_t0.95_r0.05_g0.02"": 58983.71815584337, ""cvar_t0.95_r0.20_g0.02"": 71402.25484512803, ""nocvar_g0.05"": 49255.39145586359, ""cvar_t0.90_r0.05_g0.05"": 50192.005421725386, ""cvar_t0.90_r0.20_g0.05"": 62656.64081996284, ""cvar_t0.95_r0.05_g0.05"": 50524.051104217055, ""cvar_t0.95_r0.20_g0.05"": 70172.47108558698}",46,79291.65161245514,0.0,3003.6825491671034,21833.105937499364,17636.524657544644,21833.105937499364,17636.524657544644
2025-02-19,49,nocvar_g0.05,4485.634786893692,4486.150036893692,4026.4196900925917,59829.28681104818,46183.69810196055,13645.588709087626,"{""nocvar_g0.00"": 61082.561173679, ""cvar_t0.90_r0.05_g0.00"": 63432.659082006, ""cvar_t0.90_r0.20_g0.00"": 70599.3415345756, ""cvar_t0.95_r0.05_g0.00"": 63432.659082006, ""cvar_t0.95_r0.20_g0.00"": 70599.3415345756, ""nocvar_g0.02"": 49848.28740724265, ""cvar_t0.90_r0.05_g0.02"": 57411.9742357133, ""cvar_t0.90_r0.20_g0.02"": 70716.11524480944, ""cvar_t0.95_r0.05_g0.02"": 57876.96950141779, ""cvar_t0.95_r0.20_g0.02"": 71097.58728385989, ""nocvar_g0.05"": 48418.017081359576, ""cvar_t0.90_r0.05_g0.05"": 49329.09313851626, ""cvar_t0.90_r0.20_g0.05"": 61508.48152272302, ""cvar_t0.95_r0.05_g0.05"": 49674.58679522233, ""cvar_t0.95_r0.20_g0.05"": 69399.31556497896}",47,75196.68951131235,2367.4698647639907,914.5066983333328,22021.48740279302,18251.162108383338,22021.48740279302,18251.162108383338
2025-02-20,50,nocvar_g0.05,4050.34083824074,4026.4196900925917,4345.694062037037,48847.32184122224,47292.91512903128,1554.406712190962,"{""nocvar_g0.00"": 60314.35649984779, ""cvar_t0.90_r0.05_g0.00"": 62649.74258374033, ""cvar_t0.90_r0.20_g0.00"": 70303.12804698951, ""cvar_t0.95_r0.05_g0.00"": 62649.74258374033, ""cvar_t0.95_r0.20_g0.00"": 70303.12804698951, ""nocvar_g0.02"": 49015.09709132019, ""cvar_t0.90_r0.05_g0.02"": 56270.0739255842, ""cvar_t0.90_r0.20_g0.02"": 70002.10135978558, ""cvar_t0.95_r0.05_g0.02"": 56759.46505761926, ""cvar_t0.95_r0.20_g0.02"": 70799.10635838711, ""nocvar_g0.05"": 47543.32204919536, ""cvar_t0.90_r0.05_g0.05"": 48413.255568605, ""cvar_t0.90_r0.20_g0.05"": 60344.00207735988, ""cvar_t0.95_r0.05_g0.05"": 48770.92070075815, ""cvar_t0.95_r0.20_g0.05"": 68625.41545209}",48,77039.95625443682,330.80791040000616,1739.045431089101,22901.25297718107,18262.667976766665,22901.25297718107,18262.667976766665
2025-02-21,51,nocvar_g0.05,4355.368312037037,4345.694062037037,4597.371101462961,18533.891320252,17745.463934618743,788.427385633257,"{""nocvar_g0.00"": 59563.32397855023, ""cvar_t0.90_r0.05_g0.00"": 61893.816437898204, ""cvar_t0.90_r0.20_g0.00"": 70034.54810606036, ""cvar_t0.95_r0.05_g0.00"": 61893.816437898204, ""cvar_t0.95_r0.20_g0.00"": 70034.54810606036, ""nocvar_g0.02"": 48259.83567110379, ""cvar_t0.90_r0.05_g0.02"": 55142.119923309096, ""cvar_t0.90_r0.20_g0.02"": 69296.70416777085, ""cvar_t0.95_r0.05_g0.02"": 55655.470219076225, ""cvar_t0.95_r0.20_g0.02"": 70528.54579504218, ""nocvar_g0.05"": 47080.75399066561, ""cvar_t0.90_r0.05_g0.05"": 47783.87768982841, ""cvar_t0.90_r0.20_g0.05"": 59146.75058925653, ""cvar_t0.95_r0.05_g0.05"": 48093.84104256372, ""cvar_t0.95_r0.20_g0.05"": 67873.12491516848}",49,34288.693327818924,138.09885783333453,5245.32233333333,17866.834123696135,14245.626304710535,17866.834123696135,14245.626304710535
2025-02-22,52,nocvar_g0.05,4623.9870736851835,4597.371101462961,4237.367369462404,19298.499367015585,17409.788795975026,1888.7105710405585,"{""nocvar_g0.00"": 58781.61650398602, ""cvar_t0.90_r0.05_g0.00"": 61114.83728487481, ""cvar_t0.90_r0.20_g0.00"": 69742.88699838966, ""cvar_t0.95_r0.05_g0.00"": 61114.83728487481, ""cvar_t0.95_r0.20_g0.00"": 69742.88699838966, ""nocvar_g0.02"": 47420.91618196492, ""cvar_t0.90_r0.05_g0.02"": 53956.520024394566, ""cvar_t0.90_r0.20_g0.02"": 68560.00353074218, ""cvar_t0.95_r0.05_g0.02"": 54499.43026353115, ""cvar_t0.95_r0.20_g0.02"": 70235.18985080007, ""nocvar_g0.05"": 46206.38920020488, ""cvar_t0.90_r0.05_g0.05"": 46893.91514368467, ""cvar_t0.90_r0.20_g0.05"": 57916.75235302046, ""cvar_t0.95_r0.05_g0.05"": 47210.64964974515, ""cvar_t0.95_r0.20_g0.05"": 67058.0358346527}",50,33664.41700502345,322.1367587333316,3155.867161316868,17420.668831089923,14434.745111983335,17420.668831089923,14434.745111983335
2025-02-23,53,nocvar_g0.05,4282.0258787216635,4237.367369462404,4394.8677647222175,47893.35177431861,47190.26053744681,703.0912368717986,"{""nocvar_g0.00"": 58082.04337632161, ""cvar_t0.90_r0.05_g0.00"": 60413.139358703316, ""cvar_t0.90_r0.20_g0.00"": 69436.47951919441, ""cvar_t0.95_r0.05_g0.00"": 60413.139358703316, ""cvar_t0.95_r0.20_g0.00"": 69436.47951919441, ""nocvar_g0.02"": 47039.20581905668, ""cvar_t0.90_r0.05_g0.02"": 53119.376536898904, ""cvar_t0.90_r0.20_g0.02"": 67929.39169596342, ""cvar_t0.95_r0.05_g0.02"": 53684.78050273115, ""cvar_t0.95_r0.20_g0.02"": 69920.30471556439, ""nocvar_g0.05"": 45954.6536560846, ""cvar_t0.90_r0.05_g0.05"": 46430.56697946709, ""cvar_t0.90_r0.20_g0.05"": 57015.99385418103, ""cvar_t0.95_r0.05_g0.05"": 46764.962483373776, ""cvar_t0.95_r0.20_g0.05"": 66300.40885681185}",51,76887.58046445638,146.87411871717399,998.7026875314892,22958.672929341563,18454.77471703283,22958.672929341563,18454.77471703283
2025-02-24,54,nocvar_g0.05,4395.560764722218,4394.8677647222175,4412.427521851852,48193.576070567105,47878.02858365288,315.5474869142269,"{""nocvar_g0.00"": 57304.8503203257, ""cvar_t0.90_r0.05_g0.00"": 59677.40296833301, ""cvar_t0.90_r0.20_g0.00"": 69086.84915375894, ""cvar_t0.95_r0.05_g0.00"": 59677.40296833301, ""cvar_t0.95_r0.20_g0.00"": 69086.84915375894, ""nocvar_g0.02"": 46639.79243591892, ""cvar_t0.90_r0.05_g0.02"": 52237.78002442001, ""cvar_t0.90_r0.20_g0.02"": 67253.33961514798, ""cvar_t0.95_r0.05_g0.02"": 52827.242072924666, ""cvar_t0.95_r0.20_g0.02"": 69561.72492205376, ""nocvar_g0.05"": 45704.68675646138, ""cvar_t0.90_r0.05_g0.05"": 45993.99522266119, ""cvar_t0.90_r0.20_g0.05"": 56073.20689336164, ""cvar_t0.95_r0.05_g0.05"": 46332.91092933844, ""cvar_t0.95_r0.20_g0.05"": 65495.41609053536}",52,77777.84248021824,67.56379703333592,5728.772289931413,20514.718890720167,16601.118520066666,20514.718890720167,16601.118520066666
2025-02-25,55,nocvar_g0.05,4391.969021851852,4412.427521851852,4205.459089018523,46037.86512125769,45931.467605424354,106.39751583333369,"{""nocvar_g0.00"": 56935.1516606064, ""cvar_t0.90_r0.05_g0.00"": 59290.77987492644, ""cvar_t0.90_r0.20_g0.00"": 68788.88628153132, ""cvar_t0.95_r0.05_g0.00"": 59290.77987492644, ""cvar_t0.95_r0.20_g0.00"": 68788.88628153132, ""nocvar_g0.02"": 46171.32967911184, ""cvar_t0.90_r0.05_g0.02"": 51465.68494267836, ""cvar_t0.90_r0.20_g0.02"": 66474.0580093808, ""cvar_t0.95_r0.05_g0.02"": 52066.52674325504, ""cvar_t0.95_r0.20_g0.02"": 69240.62743566981, ""nocvar_g0.05"": 45047.7912838306, ""cvar_t0.90_r0.05_g0.05"": 45538.76553311395, ""cvar_t0.90_r0.20_g0.05"": 55226.52537365484, ""cvar_t0.95_r0.05_g0.05"": 45888.27639457617, ""cvar_t0.95_r0.20_g0.05"": 64591.81938690345}",53,74750.81121720822,23.785000000000082,5322.313143933861,20090.69173416337,16459.731894222332,20090.69173416337,16459.731894222332
2025-02-26,56,nocvar_g0.05,4199.411089018523,4205.459089018523,4434.530221203703,45719.6159981816,45187.321946298485,532.2940518831145,"{""nocvar_g0.00"": 56558.29412994073, ""cvar_t0.90_r0.05_g0.00"": 58876.27217492128, ""cvar_t0.90_r0.20_g0.00"": 68464.9715487668, ""cvar_t0.95_r0.05_g0.00"": 58876.27217492128, ""cvar_t0.95_r0.20_g0.00"": 68464.9715487668, ""nocvar_g0.02"": 45738.98237041857, ""cvar_t0.90_r0.05_g0.02"": 50707.210951250505, ""cvar_t0.90_r0.20_g0.02"": 65663.71584463933, ""cvar_t0.95_r0.05_g0.02"": 51310.38530144222, ""cvar_t0.95_r0.20_g0.02"": 68893.79106115326, ""nocvar_g0.05"": 44621.145471678545, ""cvar_t0.90_r0.05_g0.05"": 45061.58694940974, ""cvar_t0.90_r0.20_g0.05"": 54381.35098337535, ""cvar_t0.95_r0.05_g0.05"": 45405.97017455248, ""cvar_t0.95_r0.20_g0.05"": 63655.67393719855}",54,73579.83144081524,88.69671215000335,465.9250845333505,22008.373769115216,17620.618734016658,22008.373769115216,17620.618734016658
2025-02-27,57,nocvar_g0.05,4439.825971203703,4434.530221203703,4435.491948811499,48745.035449550065,44367.16786722651,4377.867582323554,"{""nocvar_g0.00"": 56213.146549214296, ""cvar_t0.90_r0.05_g0.00"": 58490.37161603165, ""cvar_t0.90_r0.20_g0.00"": 68169.34193942173, ""cvar_t0.95_r0.05_g0.00"": 58490.37161603165, ""cvar_t0.95_r0.20_g0.00"": 68169.34193942173, ""nocvar_g0.02"": 45275.902017673245, ""cvar_t0.90_r0.05_g0.02"": 49948.93101516187, ""cvar_t0.90_r0.20_g0.02"": 64881.628805755805, ""cvar_t0.95_r0.05_g0.02"": 50555.79654523784, ""cvar_t0.95_r0.20_g0.02"": 68575.32435905072, ""nocvar_g0.05"": 44153.97264578005, ""cvar_t0.90_r0.05_g0.05"": 44562.08338998262, ""cvar_t0.90_r0.20_g0.05"": 53517.15913866472, ""cvar_t0.95_r0.05_g0.05"": 44903.62961588992, ""cvar_t0.95_r0.20_g0.05"": 62757.047221742956}",55,72512.01588728707,905.3070601833275,2125.5576713812807,22812.186953905777,18477.005877816668,22812.186953905777,18477.005877816668
2025-02-28,58,nocvar_g0.05,4415.103198811499,4435.491948811499,4444.719895482853,17127.997741191342,17127.997741191342,0.0,"{""nocvar_g0.00"": 55926.80543318596, ""cvar_t0.90_r0.05_g0.00"": 58114.491076190476, ""cvar_t0.90_r0.20_g0.00"": 67846.4858923568, ""cvar_t0.95_r0.05_g0.00"": 58114.491076190476, ""cvar_t0.95_r0.20_g0.00"": 67846.4858923568, ""nocvar_g0.02"": 44837.53912376785, ""cvar_t0.90_r0.05_g0.02"": 49181.9316311406, ""cvar_t0.90_r0.20_g0.02"": 64116.83864053102, ""cvar_t0.95_r0.05_g0.02"": 49761.15158210597, ""cvar_t0.95_r0.20_g0.02"": 68231.95385679902, ""nocvar_g0.05"": 43699.40302952754, ""cvar_t0.90_r0.05_g0.05"": 44069.18103115419, ""cvar_t0.90_r0.20_g0.05"": 52662.00437493009, ""cvar_t0.95_r0.05_g0.05"": 44418.09959188184, ""cvar_t0.95_r0.20_g0.05"": 61890.012838488685}",56,33286.16553323413,0.0,6675.943771316878,17417.489789016025,14099.86157709877,17417.489789016025,14099.86157709877
2025-03-01,59,nocvar_g0.05,4443.881395482853,4444.719895482853,4402.45108111111,17959.74798549679,17101.9040984519,857.8438870448886,"{""nocvar_g0.00"": 55588.638009215945, ""cvar_t0.90_r0.05_g0.00"": 57724.803805741096, ""cvar_t0.90_r0.20_g0.00"": 67539.76233784763, ""cvar_t0.95_r0.05_g0.00"": 57724.803805741096, ""cvar_t0.95_r0.20_g0.00"": 67539.76233784763, ""nocvar_g0.02"": 44405.89592227816, ""cvar_t0.90_r0.05_g0.02"": 48409.663194909284, ""cvar_t0.90_r0.20_g0.02"": 63371.58466532256, ""cvar_t0.95_r0.05_g0.02"": 48956.3983024389, ""cvar_t0.95_r0.20_g0.02"": 67906.74954344296, ""nocvar_g0.05"": 43373.76996367382, ""cvar_t0.90_r0.05_g0.05"": 43585.60399739426, ""cvar_t0.90_r0.20_g0.05"": 51821.306477929335, ""cvar_t0.95_r0.05_g0.05"": 43928.75510098946, ""cvar_t0.95_r0.20_g0.05"": 61050.01745069796}",57,33259.111054415334,155.93405751050483,6641.277690699589,16594.965372776252,13479.963884883331,16594.965372776252,13479.963884883331
2025-03-02,60,nocvar_g0.05,4377.2240811111105,4402.45108111111,4400.237154814814,70371.63498296251,44949.44441405749,25422.19056890502,"{""nocvar_g0.00"": 55270.48676416041, ""cvar_t0.90_r0.05_g0.00"": 57473.640780872825, ""cvar_t0.90_r0.20_g0.00"": 67216.8454555062, ""cvar_t0.95_r0.05_g0.00"": 57473.640780872825, ""cvar_t0.95_r0.20_g0.00"": 67216.8454555062, ""nocvar_g0.02"": 44153.35153970191, ""cvar_t0.90_r0.05_g0.02"": 48006.14296058217, ""cvar_t0.90_r0.20_g0.02"": 62752.18857447045, ""cvar_t0.95_r0.05_g0.02"": 48531.96140070306, ""cvar_t0.95_r0.20_g0.02"": 67571.83398326732, ""nocvar_g0.05"": 43163.26932594104, ""cvar_t0.90_r0.05_g0.05"": 43230.024162483496, ""cvar_t0.90_r0.20_g0.05"": 51284.1165516464, ""cvar_t0.95_r0.05_g0.05"": 43576.20226283085, ""cvar_t0.95_r0.20_g0.05"": 60299.791404019736}",58,73328.25184567591,3774.242769303857,965.9362449999942,19896.02019463046,16117.768891317337,19896.02019463046,16117.768891317337
2025-03-03,61,cvar_t0.90_r0.05_g0.05,4408.208154814814,4400.237154814814,4412.685976388889,50929.515536137995,47149.922928363034,3779.592607774958,"{""nocvar_g0.00"": 54976.89110612573, ""cvar_t0.90_r0.05_g0.00"": 57257.310901380595, ""cvar_t0.90_r0.20_g0.00"": 66913.25313096217, ""cvar_t0.95_r0.05_g0.00"": 57257.310901380595, ""cvar_t0.95_r0.20_g0.00"": 66913.25313096217, ""nocvar_g0.02"": 43962.04990798923, ""cvar_t0.90_r0.05_g0.02"": 47626.66237136042, ""cvar_t0.90_r0.20_g0.02"": 62157.39062029444, ""cvar_t0.95_r0.05_g0.02"": 48141.47341425707, ""cvar_t0.95_r0.20_g0.02"": 67254.24416834852, ""nocvar_g0.05"": 43015.11575692236, ""cvar_t0.90_r0.05_g0.05"": 42999.256604372604, ""cvar_t0.90_r0.20_g0.05"": 50762.86959678131, ""cvar_t0.95_r0.05_g0.05"": 43363.60648541973, ""cvar_t0.95_r0.20_g0.05"": 59536.460082151534}",59,76171.76617810364,598.6154100999977,426.61193286275636,22712.732013636254,18386.108991628702,22712.732013636254,18386.108991628702
2025-03-04,62,cvar_t0.90_r0.05_g0.05,4419.576976388889,4412.685976388889,4231.9398767037,49562.06856263963,49562.06856263963,0.0,"{""nocvar_g0.00"": 54612.349471753136, ""cvar_t0.90_r0.05_g0.00"": 56857.521459389434, ""cvar_t0.90_r0.20_g0.00"": 66594.62604838757, ""cvar_t0.95_r0.05_g0.00"": 56857.521459389434, ""cvar_t0.95_r0.20_g0.00"": 66594.62604838757, ""nocvar_g0.02"": 44158.76244916472, ""cvar_t0.90_r0.05_g0.02"": 47258.09970068074, ""cvar_t0.90_r0.20_g0.02"": 61397.15348394088, ""cvar_t0.95_r0.05_g0.02"": 47743.48609120612, ""cvar_t0.95_r0.20_g0.02"": 66916.21641105725, ""nocvar_g0.05"": 43519.7093125778, ""cvar_t0.90_r0.05_g0.05"": 43325.90451412041, ""cvar_t0.90_r0.20_g0.05"": 50469.484183641915, ""cvar_t0.95_r0.05_g0.05"": 43675.65747633385, ""cvar_t0.95_r0.20_g0.05"": 58480.255266187814}",60,79528.08543609972,0.0,6618.467223500717,20383.325099907117,16673.16482064144,20383.325099907117,16673.16482064144
2025-03-05,63,cvar_t0.90_r0.05_g0.05,4260.690163740737,4231.9398767037,4278.97495675926,49014.5419613242,49014.5419613242,0.0,"{""nocvar_g0.00"": 54045.441136519934, ""cvar_t0.90_r0.05_g0.00"": 56296.164463496236, ""cvar_t0.90_r0.20_g0.00"": 66387.54104326881, ""cvar_t0.95_r0.05_g0.00"": 56296.164463496236, ""cvar_t0.95_r0.20_g0.00"": 66387.54104326881, ""nocvar_g0.02"": 43898.405924495724, ""cvar_t0.90_r0.05_g0.02"": 46684.009961331896, ""cvar_t0.90_r0.20_g0.02"": 60340.65379722164, ""cvar_t0.95_r0.05_g0.02"": 47153.44434590504, ""cvar_t0.95_r0.20_g0.02"": 66693.81959979293, ""nocvar_g0.05"": 43349.15590599356, ""cvar_t0.90_r0.05_g0.05"": 43092.039676153836, ""cvar_t0.90_r0.20_g0.05"": 49786.82856163733, ""cvar_t0.95_r0.05_g0.05"": 43442.78642505161, ""cvar_t0.95_r0.20_g0.05"": 57392.11357984373}",61,78896.01888491893,0.0,9159.250155519947,18757.71126674898,15151.414554016666,18757.71126674898,15151.414554016666
2025-03-06,64,cvar_t0.90_r0.05_g0.05,4299.334040092593,4278.97495675926,4557.26894059926,46986.878127837546,46986.878127837546,0.0,"{""nocvar_g0.00"": 53730.09206357516, ""cvar_t0.90_r0.05_g0.00"": 55884.106642171086, ""cvar_t0.90_r0.20_g0.00"": 65266.43889018889, ""cvar_t0.95_r0.05_g0.00"": 55884.106642171086, ""cvar_t0.95_r0.20_g0.00"": 65266.43889018889, ""nocvar_g0.02"": 43627.16852797767, ""cvar_t0.90_r0.05_g0.02"": 46410.25606089456, ""cvar_t0.90_r0.20_g0.02"": 59201.3743289933, ""cvar_t0.95_r0.05_g0.02"": 46828.85268086068, ""cvar_t0.95_r0.20_g0.02"": 65554.5401315646, ""nocvar_g0.05"": 43122.19301081425, ""cvar_t0.90_r0.05_g0.05"": 42862.93591442979, ""cvar_t0.90_r0.20_g0.05"": 49457.851483061655, ""cvar_t0.95_r0.05_g0.05"": 43209.16170792031, ""cvar_t0.95_r0.20_g0.05"": 56207.9961900948}",62,75677.66779861423,0.0,5772.730026255151,19546.416071419742,15582.132432393997,19546.416071419742,15582.132432393997
2025-03-07,65,cvar_t0.90_r0.05_g0.05,4587.510727636297,4557.26894059926,4388.568826351846,16707.01935533649,16707.01935533649,0.0,"{""nocvar_g0.00"": 53431.96205140307, ""cvar_t0.90_r0.05_g0.00"": 55476.89929228617, ""cvar_t0.90_r0.20_g0.00"": 64108.4488163125, ""cvar_t0.95_r0.05_g0.00"": 55476.89929228617, ""cvar_t0.95_r0.20_g0.00"": 64108.4488163125, ""nocvar_g0.02"": 43357.19247738274, ""cvar_t0.90_r0.05_g0.02"": 46106.80649615888, ""cvar_t0.90_r0.20_g0.02"": 58023.60886602146, ""cvar_t0.95_r0.05_g0.02"": 46468.3696052597, ""cvar_t0.95_r0.20_g0.02"": 64376.77466859277, ""nocvar_g0.05"": 42855.51457332901, ""cvar_t0.90_r0.05_g0.05"": 42595.730522775564, ""cvar_t0.90_r0.20_g0.05"": 49106.394732867215, ""cvar_t0.95_r0.05_g0.05"": 42939.788038181076, ""cvar_t0.95_r0.20_g0.05"": 55555.39906630434}",63,32389.867392034765,0.0,8663.189097798353,15559.067703819752,12754.67494291667,15559.067703819752,12754.67494291667
2025-03-08,66,cvar_t0.90_r0.05_g0.05,4372.363576351846,4388.568826351846,4515.96506235185,16400.167424448697,16400.167424448697,0.0,"{""nocvar_g0.00"": 53090.93207935684, ""cvar_t0.90_r0.05_g0.00"": 55170.981900725375, ""cvar_t0.90_r0.20_g0.00"": 63898.231825200266, ""cvar_t0.95_r0.05_g0.00"": 55170.981900725375, ""cvar_t0.95_r0.20_g0.00"": 63898.231825200266, ""nocvar_g0.02"": 43014.9573104613, ""cvar_t0.90_r0.05_g0.02"": 45733.551230027755, ""cvar_t0.90_r0.20_g0.02"": 56928.161370246424, ""cvar_t0.95_r0.05_g0.02"": 46066.082103066314, ""cvar_t0.95_r0.20_g0.02"": 64142.26335263743, ""nocvar_g0.05"": 42516.87302916667, ""cvar_t0.90_r0.05_g0.05"": 42250.00147586789, ""cvar_t0.90_r0.20_g0.05"": 48688.89819371209, ""cvar_t0.95_r0.05_g0.05"": 42588.38790025304, ""cvar_t0.95_r0.20_g0.05"": 54875.05760339578}",64,31803.74232327161,0.0,9593.44850343354,15960.51416195474,12813.359858783333,15960.51416195474,12813.359858783333
2025-03-09,67,cvar_t0.90_r0.05_g0.05,4495.26206235185,4515.96506235185,4625.974259834931,45278.424244522546,45278.424244522546,0.0,"{""nocvar_g0.00"": 52908.81884464544, ""cvar_t0.90_r0.05_g0.00"": 55070.915501384196, ""cvar_t0.90_r0.20_g0.00"": 63195.189133486, ""cvar_t0.95_r0.05_g0.00"": 55070.915501384196, ""cvar_t0.95_r0.20_g0.00"": 63195.189133486, ""nocvar_g0.02"": 42862.8552167763, ""cvar_t0.90_r0.05_g0.02"": 45548.43923778234, ""cvar_t0.90_r0.20_g0.02"": 56096.052719861626, ""cvar_t0.95_r0.05_g0.02"": 45876.5213655476, ""cvar_t0.95_r0.20_g0.02"": 63432.116082978144, ""nocvar_g0.05"": 42357.68109936416, ""cvar_t0.90_r0.05_g0.05"": 42086.523413999224, ""cvar_t0.90_r0.20_g0.05"": 48498.515872116186, ""cvar_t0.95_r0.05_g0.05"": 42426.25711757193, ""cvar_t0.95_r0.20_g0.05"": 54356.67346421125}",65,73949.07156720487,0.0,6561.152171581831,20817.82140993827,16763.427064315227,20817.82140993827,16763.427064315227
2025-03-10,68,cvar_t0.90_r0.05_g0.05,4625.751509834931,4625.974259834931,4207.371952592593,44319.6290180599,44242.8045599863,76.82445807360023,"{""nocvar_g0.00"": 51999.6395787963, ""cvar_t0.90_r0.05_g0.00"": 54202.49155266946, ""cvar_t0.90_r0.20_g0.00"": 62473.39865849672, ""cvar_t0.95_r0.05_g0.00"": 54202.49155266946, ""cvar_t0.95_r0.20_g0.00"": 62473.39865849672, ""nocvar_g0.02"": 42603.9525469177, ""cvar_t0.90_r0.05_g0.02"": 44921.48834569106, ""cvar_t0.90_r0.20_g0.02"": 55240.918708133344, ""cvar_t0.95_r0.05_g0.02"": 45254.563131859046, ""cvar_t0.95_r0.20_g0.02"": 62707.27433772276, ""nocvar_g0.05"": 42209.42886134021, ""cvar_t0.90_r0.05_g0.05"": 41884.83430318503, ""cvar_t0.90_r0.20_g0.05"": 47522.68050828441, ""cvar_t0.95_r0.05_g0.05"": 42200.928163112236, ""cvar_t0.95_r0.20_g0.05"": 53361.73708673762}",66,71808.48527890872,12.56739049134635,200.47434999999962,20817.099715358756,17238.592845958694,20817.099715358756,17238.592845958694
2025-03-11,69,cvar_t0.90_r0.05_g0.05,4217.170387777778,4207.371952592593,5001.638442074072,46483.80551199415,46483.80551199415,0.0,"{""nocvar_g0.00"": 50859.70734466169, ""cvar_t0.90_r0.05_g0.00"": 52904.782644719955, ""cvar_t0.90_r0.20_g0.00"": 61202.817928039636, ""cvar_t0.95_r0.05_g0.00"": 52904.782644719955, ""cvar_t0.95_r0.20_g0.00"": 61202.817928039636, ""nocvar_g0.02"": 42148.92912649504, ""cvar_t0.90_r0.05_g0.02"": 44266.381682943065, ""cvar_t0.90_r0.20_g0.02"": 53931.134887396416, ""cvar_t0.95_r0.05_g0.02"": 44601.2825381515, ""cvar_t0.95_r0.20_g0.02"": 61397.49051698583, ""nocvar_g0.05"": 41785.0264657692, ""cvar_t0.90_r0.05_g0.05"": 41536.32228376392, ""cvar_t0.90_r0.20_g0.05"": 46237.54296498333, ""cvar_t0.95_r0.05_g0.05"": 41811.28398258284, ""cvar_t0.95_r0.20_g0.05"": 52058.31368918521}",67,75427.95518518252,0.0,6864.693776604945,20576.330358127576,15951.98774955,20576.330358127576,15951.98774955
2025-03-12,70,cvar_t0.90_r0.05_g0.05,4986.282192074073,5001.638442074072,4138.268136296296,45740.255879563076,44480.989824558266,1259.2660550048072,"{""nocvar_g0.00"": 49738.09655374288, ""cvar_t0.90_r0.05_g0.00"": 51620.32630405045, ""cvar_t0.90_r0.20_g0.00"": 59903.69225470142, ""cvar_t0.95_r0.05_g0.00"": 51620.32630405045, ""cvar_t0.95_r0.20_g0.00"": 59903.69225470142, ""nocvar_g0.02"": 41706.11413769049, ""cvar_t0.90_r0.05_g0.02"": 43567.411671020476, ""cvar_t0.90_r0.20_g0.02"": 52592.036525273405, ""cvar_t0.95_r0.05_g0.02"": 43913.676656699165, ""cvar_t0.95_r0.20_g0.02"": 60058.39215486283, ""nocvar_g0.05"": 41412.84743910972, ""cvar_t0.90_r0.05_g0.05"": 41129.51652327546, ""cvar_t0.90_r0.20_g0.05"": 44924.84123450808, ""cvar_t0.95_r0.05_g0.05"": 41358.66107237315, ""cvar_t0.95_r0.20_g0.05"": 50725.82863595088}",68,72343.27020543942,180.51405605000105,7279.275559856496,18873.722597366253,16064.748579066665,18873.722597366253,16064.748579066665
2025-03-13,71,cvar_t0.90_r0.05_g0.05,4143.3606362962955,4138.268136296296,4176.2451879629625,60548.61533404756,42015.005115491884,18533.610218555674,"{""nocvar_g0.00"": 48634.20650623239, ""cvar_t0.90_r0.05_g0.00"": 50396.4175318797, ""cvar_t0.90_r0.20_g0.00"": 58738.412375945794, ""cvar_t0.95_r0.05_g0.00"": 50396.4175318797, ""cvar_t0.95_r0.20_g0.00"": 58738.412375945794, ""nocvar_g0.02"": 41298.019703522434, ""cvar_t0.90_r0.05_g0.02"": 43014.55558144509, ""cvar_t0.90_r0.20_g0.02"": 51382.78334972431, ""cvar_t0.95_r0.05_g0.02"": 43339.59178636599, ""cvar_t0.95_r0.20_g0.02"": 58849.13897931373, ""nocvar_g0.05"": 41177.911347919355, ""cvar_t0.90_r0.05_g0.05"": 40844.024956418914, ""cvar_t0.90_r0.20_g0.05"": 43748.87728622552, ""cvar_t0.95_r0.05_g0.05"": 41028.941166969875, ""cvar_t0.95_r0.20_g0.05"": 49525.998684282415}",69,68762.58368674875,2727.9331889065847,239.95638944444374,19319.80591075915,15614.863441214915,19319.80591075915,15614.863441214915
2025-03-14,72,cvar_t0.90_r0.05_g0.05,4172.533437962963,4176.2451879629625,4504.1437988234975,15815.891781939667,15815.891781939667,0.0,"{""nocvar_g0.00"": 47585.53549486679, ""cvar_t0.90_r0.05_g0.00"": 49228.82522017183, ""cvar_t0.90_r0.20_g0.00"": 57559.290556080356, ""cvar_t0.95_r0.05_g0.00"": 49228.82522017183, ""cvar_t0.95_r0.20_g0.00"": 57559.290556080356, ""nocvar_g0.02"": 40954.35817815766, ""cvar_t0.90_r0.05_g0.02"": 42478.196573205525, ""cvar_t0.90_r0.20_g0.02"": 50161.03288523645, ""cvar_t0.95_r0.05_g0.02"": 42793.51940135427, ""cvar_t0.95_r0.20_g0.02"": 57627.388514825856, ""nocvar_g0.05"": 40938.16759461384, ""cvar_t0.90_r0.05_g0.05"": 40575.312813823366, ""cvar_t0.90_r0.20_g0.05"": 42573.30092039347, ""cvar_t0.95_r0.05_g0.05"": 40708.81165479321, ""cvar_t0.95_r0.20_g0.05"": 48317.30269106889}",70,30597.025336358023,0.0,11222.168367366252,16054.327557283952,12708.896571625517,16054.327557283952,12708.896571625517
2025-03-15,73,cvar_t0.90_r0.05_g0.05,4478.888298823497,4504.1437988234975,4194.452507611112,17125.048280731036,15564.59092838859,1560.4573523424456,"{""nocvar_g0.00"": 46950.445603664266, ""cvar_t0.90_r0.05_g0.00"": 48430.73677217686, ""cvar_t0.90_r0.20_g0.00"": 56731.357700452485, ""cvar_t0.95_r0.05_g0.00"": 48430.73677217686, ""cvar_t0.95_r0.20_g0.00"": 56731.357700452485, ""nocvar_g0.02"": 41018.56144440097, ""cvar_t0.90_r0.05_g0.02"": 42355.467332795786, ""cvar_t0.90_r0.20_g0.02"": 49298.68585583998, ""cvar_t0.95_r0.05_g0.02"": 42661.197450010644, ""cvar_t0.95_r0.20_g0.02"": 56765.03195902075, ""nocvar_g0.05"": 41258.03363326677, ""cvar_t0.90_r0.05_g0.05"": 40833.19472646888, ""cvar_t0.90_r0.20_g0.05"": 42316.593019054024, ""cvar_t0.95_r0.05_g0.05"": 40850.47368474184, ""cvar_t0.95_r0.20_g0.05"": 47464.768442558554}",71,29989.951546776996,410.7949920578137,6852.593562641765,15277.631517285232,12653.603691092185,15277.631517285232,12653.603691092185
2025-03-16,74,cvar_t0.90_r0.05_g0.05,4230.934924277779,4194.452507611112,4697.725565870368,42550.14766952196,42542.68648952196,7.461180000000455,"{""nocvar_g0.00"": 46135.42836393932, ""cvar_t0.90_r0.05_g0.00"": 47550.31640965379, ""cvar_t0.90_r0.20_g0.00"": 55856.90525948314, ""cvar_t0.95_r0.05_g0.00"": 47550.31640965379, ""cvar_t0.95_r0.20_g0.00"": 55856.90525948314, ""nocvar_g0.02"": 40755.64354888229, ""cvar_t0.90_r0.05_g0.02"": 41878.26364998253, ""cvar_t0.90_r0.20_g0.02"": 48416.03463149499, ""cvar_t0.95_r0.05_g0.02"": 42205.21782686537, ""cvar_t0.95_r0.20_g0.02"": 55882.364244846955, ""nocvar_g0.05"": 41148.28837895552, ""cvar_t0.90_r0.05_g0.05"": 40695.889803294056, ""cvar_t0.90_r0.20_g0.05"": 41739.37848348939, ""cvar_t0.95_r0.05_g0.05"": 40708.34936144722, ""cvar_t0.95_r0.20_g0.05"": 46582.912762896296}",72,69565.76418822094,1.6400000000001,1705.4785761937967,21357.541717160486,16846.663038466668,21357.541717160486,16846.663038466668
2025-03-17,75,cvar_t0.95_r0.05_g0.05,4722.268565870368,4697.725565870368,5367.729481849336,44062.60580262148,44062.60580262148,0.0,"{""nocvar_g0.00"": 45439.71886449472, ""cvar_t0.90_r0.05_g0.00"": 46745.57196126933, ""cvar_t0.90_r0.20_g0.00"": 55044.655904676125, ""cvar_t0.95_r0.05_g0.00"": 46745.57196126933, ""cvar_t0.95_r0.20_g0.00"": 55044.655904676125, ""nocvar_g0.02"": 40616.65620784365, ""cvar_t0.90_r0.05_g0.02"": 41453.52247911967, ""cvar_t0.90_r0.20_g0.02"": 47610.64779038937, ""cvar_t0.95_r0.05_g0.02"": 41789.79681206805, ""cvar_t0.95_r0.20_g0.02"": 55068.92102031566, ""nocvar_g0.05"": 41069.716975182935, ""cvar_t0.90_r0.05_g0.05"": 40584.4215486251, ""cvar_t0.90_r0.20_g0.05"": 41248.7409428303, ""cvar_t0.95_r0.05_g0.05"": 40574.73537778773, ""cvar_t0.95_r0.20_g0.05"": 45776.851013320425}",73,71225.55294021626,0.0,9257.488983563378,18457.521047044655,14347.588523725108,18457.521047044655,14347.588523725108
2025-03-18,76,cvar_t0.95_r0.05_g0.05,5357.280481849335,5367.729481849336,4436.133820166662,42784.43862502388,41288.81380117293,1495.624823850952,"{""nocvar_g0.00"": 44377.937677496215, ""cvar_t0.90_r0.05_g0.00"": 45559.55654838193, ""cvar_t0.90_r0.20_g0.00"": 53863.26225835667, ""cvar_t0.95_r0.05_g0.00"": 45559.55654838193, ""cvar_t0.95_r0.20_g0.00"": 53863.26225835667, ""nocvar_g0.02"": 40240.39259235086, ""cvar_t0.90_r0.05_g0.02"": 40964.91658637222, ""cvar_t0.90_r0.20_g0.02"": 46389.152105041314, ""cvar_t0.95_r0.05_g0.02"": 41293.683713702914, ""cvar_t0.95_r0.20_g0.02"": 53847.42533496761, ""nocvar_g0.05"": 40547.88036387252, ""cvar_t0.90_r0.05_g0.05"": 40221.88832625967, ""cvar_t0.90_r0.20_g0.05"": 40692.48440318291, ""cvar_t0.95_r0.05_g0.05"": 40190.15358820871, ""cvar_t0.95_r0.20_g0.05"": 44561.15112413751}",74,67681.7352425297,308.01262561666704,3843.6182008287597,20308.45997981761,17288.288679166675,20308.45997981761,17288.288679166675
2025-03-19,77,nocvar_g0.02,4452.736570166662,4436.133820166662,4791.36472725652,40501.41660552772,40501.41660552772,0.0,"{""nocvar_g0.00"": 43688.05607133468, ""cvar_t0.90_r0.05_g0.00"": 44809.862220181654, ""cvar_t0.90_r0.20_g0.00"": 52679.78786926786, ""cvar_t0.95_r0.05_g0.00"": 44809.862220181654, ""cvar_t0.95_r0.20_g0.00"": 52679.78786926786, ""nocvar_g0.02"": 39933.47598549401, ""cvar_t0.90_r0.05_g0.02"": 40595.81881100809, ""cvar_t0.90_r0.20_g0.02"": 45588.70047156983, ""cvar_t0.95_r0.05_g0.02"": 40900.26635665008, ""cvar_t0.95_r0.20_g0.02"": 52665.527678683124, ""nocvar_g0.05"": 40298.42519953842, ""cvar_t0.90_r0.05_g0.05"": 40013.497548929176, ""cvar_t0.90_r0.20_g0.05"": 40345.800101687106, ""cvar_t0.95_r0.05_g0.05"": 39964.709575201494, ""cvar_t0.95_r0.20_g0.05"": 43839.46304600989}",75,67157.87621143882,0.0,3236.6736310272877,21768.549021214,17312.816890802467,21768.549021214,17312.816890802467
2025-03-20,78,nocvar_g0.02,4776.765977256521,4791.36472725652,4378.487612685183,51519.752681842816,38952.942240818506,12566.810441024307,"{""nocvar_g0.00"": 43037.98134630744, ""cvar_t0.90_r0.05_g0.00"": 44100.781552536006, ""cvar_t0.90_r0.20_g0.00"": 51482.46164311088, ""cvar_t0.95_r0.05_g0.00"": 44100.781552536006, ""cvar_t0.95_r0.20_g0.00"": 51482.46164311088, ""nocvar_g0.02"": 39652.18803566098, ""cvar_t0.90_r0.05_g0.02"": 40256.81552110462, ""cvar_t0.90_r0.20_g0.02"": 44808.89655069258, ""cvar_t0.95_r0.05_g0.02"": 40534.65007015899, ""cvar_t0.95_r0.20_g0.02"": 51470.19079825481, ""nocvar_g0.05"": 40063.09788048248, ""cvar_t0.90_r0.05_g0.05"": 39792.98349714667, ""cvar_t0.90_r0.20_g0.05"": 40009.539537176504, ""cvar_t0.95_r0.05_g0.05"": 39726.41529494647, ""cvar_t0.95_r0.20_g0.05"": 43112.623149025094}",76,63553.6176615427,1872.8194369230619,27.31105514403339,18746.071735627684,15555.907508972616,18746.071735627684,15555.907508972616
2025-03-21,79,cvar_t0.95_r0.05_g0.05,4360.146362685184,4378.487612685183,4522.67254618267,18149.145403638046,14819.178845659724,3329.9665579783195,"{""nocvar_g0.00"": 42272.77954995418, ""cvar_t0.90_r0.05_g0.00"": 43312.81668107842, ""cvar_t0.90_r0.20_g0.00"": 50201.54829541861, ""cvar_t0.95_r0.05_g0.00"": 43312.81668107842, ""cvar_t0.95_r0.20_g0.00"": 50201.54829541861, ""nocvar_g0.02"": 39242.32572049722, ""cvar_t0.90_r0.05_g0.02"": 39847.68559451581, ""cvar_t0.90_r0.20_g0.02"": 43964.74486084494, ""cvar_t0.95_r0.05_g0.02"": 40099.56225174691, ""cvar_t0.95_r0.20_g0.02"": 50191.20247973736, ""nocvar_g0.05"": 39381.00923683862, ""cvar_t0.90_r0.05_g0.05"": 39235.20971107879, ""cvar_t0.90_r0.20_g0.05"": 39651.763793718404, ""cvar_t0.95_r0.05_g0.05"": 39211.02613037108, ""cvar_t0.95_r0.20_g0.05"": 42309.886454385196}",77,28660.870723583335,825.3316181975013,14453.53407594662,15102.301626420049,12103.097877252498,15102.301626420049,12103.097877252498
2025-03-22,80,nocvar_g0.02,4527.92104618267,4522.67254618267,4839.500372681758,15166.932398112142,15166.932398112142,0.0,"{""nocvar_g0.00"": 41772.61872743424, ""cvar_t0.90_r0.05_g0.00"": 42735.375494313135, ""cvar_t0.90_r0.20_g0.00"": 49131.6318592039, ""cvar_t0.95_r0.05_g0.00"": 42735.375494313135, ""cvar_t0.95_r0.20_g0.00"": 49131.6318592039, ""nocvar_g0.02"": 39290.60862704417, ""cvar_t0.90_r0.05_g0.02"": 39689.870199950376, ""cvar_t0.90_r0.20_g0.02"": 43340.69061520924, ""cvar_t0.95_r0.05_g0.02"": 39910.67225455842, ""cvar_t0.95_r0.20_g0.02"": 49123.80354131509, ""nocvar_g0.05"": 39496.21590698891, ""cvar_t0.90_r0.05_g0.05"": 39330.846431537124, ""cvar_t0.90_r0.20_g0.05"": 39664.52768238269, ""cvar_t0.95_r0.05_g0.05"": 39296.19455634509, ""cvar_t0.95_r0.20_g0.05"": 41744.85319404612}",78,29342.738945297162,0.0,10295.373662133616,15163.265820952802,11997.10027112259,15163.265820952802,11997.10027112259
2025-03-23,81,nocvar_g0.02,4861.207622681758,4839.500372681758,4409.313220293548,39608.77353266244,39608.77353266244,0.0,"{""nocvar_g0.00"": 41439.97291098564, ""cvar_t0.90_r0.05_g0.00"": 42346.09223292318, ""cvar_t0.90_r0.20_g0.00"": 48327.36755946966, ""cvar_t0.95_r0.05_g0.00"": 42346.09223292318, ""cvar_t0.95_r0.20_g0.00"": 48327.36755946966, ""nocvar_g0.02"": 39171.87736766947, ""cvar_t0.90_r0.05_g0.02"": 39444.754023785594, ""cvar_t0.90_r0.20_g0.02"": 42852.356077212564, ""cvar_t0.95_r0.05_g0.02"": 39639.3917964599, ""cvar_t0.95_r0.20_g0.02"": 48319.74230377535, ""nocvar_g0.05"": 39484.85906901622, ""cvar_t0.90_r0.05_g0.05"": 39336.18237653486, ""cvar_t0.90_r0.20_g0.05"": 39470.05863061638, ""cvar_t0.95_r0.05_g0.05"": 39281.899451347694, ""cvar_t0.95_r0.20_g0.05"": 41397.62917666964}",79,64787.120304748736,0.0,2639.9737197643694,19813.657397195206,16436.230928877507,19813.657397195206,16436.230928877507
2025-03-24,82,nocvar_g0.02,4396.1522202935475,4409.313220293548,4348.842167431289,40066.97567952747,40066.97567952747,0.0,"{""nocvar_g0.00"": 41111.48942834129, ""cvar_t0.90_r0.05_g0.00"": 41950.43974732478, ""cvar_t0.90_r0.20_g0.00"": 47541.80456902563, ""cvar_t0.95_r0.05_g0.00"": 41950.43974732478, ""cvar_t0.95_r0.20_g0.00"": 47541.80456902563, ""nocvar_g0.02"": 39012.009529929805, ""cvar_t0.90_r0.05_g0.02"": 39201.31565830459, ""cvar_t0.90_r0.20_g0.02"": 42383.824666797525, ""cvar_t0.95_r0.05_g0.02"": 39366.980268164894, ""cvar_t0.95_r0.20_g0.02"": 47533.73860605549, ""nocvar_g0.05"": 39336.599633749924, ""cvar_t0.90_r0.05_g0.05"": 39187.620524152524, ""cvar_t0.90_r0.20_g0.05"": 39259.62013434815, ""cvar_t0.95_r0.05_g0.05"": 39126.9579800355, ""cvar_t0.95_r0.20_g0.05"": 41049.772872157046}",80,65733.94812634922,0.0,3982.5153284162657,20038.735064082466,16285.799349482833,20038.735064082466,16285.799349482833
2025-03-25,83,nocvar_g0.02,4362.933917431289,4348.842167431289,4035.908066111112,42595.962811504214,38696.2087791981,3899.754032306115,"{""nocvar_g0.00"": 40399.41144446309, ""cvar_t0.90_r0.05_g0.00"": 41180.215200611485, ""cvar_t0.90_r0.20_g0.00"": 46268.53045487369, ""cvar_t0.95_r0.05_g0.00"": 41180.215200611485, ""cvar_t0.95_r0.20_g0.00"": 46268.53045487369, ""nocvar_g0.02"": 38685.042740093246, ""cvar_t0.90_r0.05_g0.02"": 38849.49491269114, ""cvar_t0.90_r0.20_g0.02"": 41571.32815459239, ""cvar_t0.95_r0.05_g0.02"": 38985.23123775595, ""cvar_t0.95_r0.20_g0.02"": 46263.05797446712, ""nocvar_g0.05"": 39040.02546694411, ""cvar_t0.90_r0.05_g0.05"": 38886.28274791529, ""cvar_t0.90_r0.20_g0.05"": 38925.17380915412, ""cvar_t0.95_r0.05_g0.05"": 38814.95801999022, ""cvar_t0.95_r0.20_g0.05"": 40320.2957063481}",81,64139.691084092905,735.6443935207694,208.00736493826588,21046.547827352144,17329.3444313434,21046.547827352144,17329.3444313434
2025-03-26,84,nocvar_g0.02,4042.260566111112,4035.908066111112,4563.077713074077,37388.94569266135,37388.94569266135,0.0,"{""nocvar_g0.00"": 39707.41328474319, ""cvar_t0.90_r0.05_g0.00"": 40447.279196019095, ""cvar_t0.90_r0.20_g0.00"": 45057.03394159579, ""cvar_t0.95_r0.05_g0.00"": 40447.279196019095, ""cvar_t0.95_r0.20_g0.00"": 45057.03394159579, ""nocvar_g0.02"": 38365.792520649185, ""cvar_t0.90_r0.05_g0.02"": 38509.95188244044, ""cvar_t0.90_r0.20_g0.02"": 40823.43239716828, ""cvar_t0.95_r0.05_g0.02"": 38618.7478507767, ""cvar_t0.95_r0.20_g0.02"": 45051.656426818095, ""nocvar_g0.05"": 38748.44742273966, ""cvar_t0.90_r0.05_g0.05"": 38619.25024093577, ""cvar_t0.90_r0.20_g0.05"": 38630.43996757717, ""cvar_t0.95_r0.05_g0.05"": 38546.51155750691, ""cvar_t0.95_r0.20_g0.05"": 39658.0793360859}",82,61934.84173130384,0.0,1737.3272508024736,21739.51016614754,17134.550552312838,21739.51016614754,17134.550552312838
2025-03-27,85,nocvar_g0.02,4566.040963074078,4563.077713074077,4328.316641343849,38909.81420061177,38909.81420061177,0.0,"{""nocvar_g0.00"": 39153.15467476845, ""cvar_t0.90_r0.05_g0.00"": 39801.794631439254, ""cvar_t0.90_r0.20_g0.00"": 43907.56308841575, ""cvar_t0.95_r0.05_g0.00"": 39801.794631439254, ""cvar_t0.95_r0.20_g0.00"": 43907.56308841575, ""nocvar_g0.02"": 38202.175814376846, ""cvar_t0.90_r0.05_g0.02"": 38284.017609291484, ""cvar_t0.90_r0.20_g0.02"": 40139.85734665176, ""cvar_t0.95_r0.05_g0.02"": 38362.52597210671, ""cvar_t0.95_r0.20_g0.02"": 43904.46103952059, ""nocvar_g0.05"": 38643.167802397125, ""cvar_t0.90_r0.05_g0.05"": 38513.18955946972, ""cvar_t0.90_r0.20_g0.05"": 38448.568593893186, ""cvar_t0.95_r0.05_g0.05"": 38437.18996352082, ""cvar_t0.95_r0.20_g0.05"": 39051.25540520094}",83,64279.235472847315,0.0,1941.608511913579,20168.013292057614,16547.37573112387,20168.013292057614,16547.37573112387
2025-03-28,86,nocvar_g0.02,4334.73289134385,4328.316641343849,4664.5690159074065,15419.60362239528,14502.350741465249,917.2528809300318,"{""nocvar_g0.00"": 38317.675496552525, ""cvar_t0.90_r0.05_g0.00"": 38978.98687645418, ""cvar_t0.90_r0.20_g0.00"": 42619.50906954926, ""cvar_t0.95_r0.05_g0.00"": 38978.98687645418, ""cvar_t0.95_r0.20_g0.00"": 42619.50906954926, ""nocvar_g0.02"": 37839.94022000871, ""cvar_t0.90_r0.05_g0.02"": 37885.186976876656, ""cvar_t0.90_r0.20_g0.02"": 39268.145495119556, ""cvar_t0.95_r0.05_g0.02"": 37954.97682601867, ""cvar_t0.95_r0.20_g0.02"": 42616.55685126665, ""nocvar_g0.05"": 38341.629759612995, ""cvar_t0.90_r0.05_g0.05"": 38203.53487620035, ""cvar_t0.90_r0.20_g0.05"": 38074.459319411915, ""cvar_t0.95_r0.05_g0.05"": 38126.04063663231, ""cvar_t0.95_r0.20_g0.05"": 38229.07114847315}",84,28513.83300358914,241.98899318333298,14735.410066666669,15241.600138589136,12043.068975149996,15241.600138589136,12043.068975149996
2025-03-29,87,cvar_t0.95_r0.20_g0.05,4698.887543685184,4664.5690159074065,4492.629000381484,14597.79388022458,14597.79388022458,0.0,"{""nocvar_g0.00"": 37549.370893191706, ""cvar_t0.90_r0.05_g0.00"": 38215.96429130487, ""cvar_t0.90_r0.20_g0.00"": 41390.6750166542, ""cvar_t0.95_r0.05_g0.00"": 38215.96429130487, ""cvar_t0.95_r0.20_g0.00"": 41390.6750166542, ""nocvar_g0.02"": 37531.14582557844, ""cvar_t0.90_r0.05_g0.02"": 37544.55990460143, ""cvar_t0.90_r0.20_g0.02"": 38459.59709665092, ""cvar_t0.95_r0.05_g0.02"": 37613.83642231473, ""cvar_t0.95_r0.20_g0.02"": 41387.958790945595, ""nocvar_g0.05"": 37993.71768173197, ""cvar_t0.90_r0.05_g0.05"": 37948.158919312606, ""cvar_t0.90_r0.20_g0.05"": 37744.85250854094, ""cvar_t0.95_r0.05_g0.05"": 37873.68743959272, ""cvar_t0.95_r0.20_g0.05"": 37481.65011631049}",85,28524.23275644033,0.0,18198.80747673683,14594.537422860516,11976.32132649035,14594.537422860516,11976.32132649035
2025-03-30,88,cvar_t0.95_r0.20_g0.05,4484.021250381485,4492.629000381484,5280.58656855624,39250.41101671294,39250.41101671294,0.0,"{""nocvar_g0.00"": 37250.05445880252, ""cvar_t0.90_r0.05_g0.00"": 37802.92808884497, ""cvar_t0.90_r0.20_g0.00"": 40673.89097763209, ""cvar_t0.95_r0.05_g0.00"": 37802.92808884497, ""cvar_t0.95_r0.20_g0.00"": 40673.89097763209, ""nocvar_g0.02"": 37398.99074856336, ""cvar_t0.90_r0.05_g0.02"": 37320.42687739497, ""cvar_t0.90_r0.20_g0.02"": 38028.048061104724, ""cvar_t0.95_r0.05_g0.02"": 37381.88869019213, ""cvar_t0.95_r0.20_g0.02"": 40671.929224722946, ""nocvar_g0.05"": 37933.86918841455, ""cvar_t0.90_r0.05_g0.05"": 37885.205371079195, ""cvar_t0.90_r0.20_g0.05"": 37591.36445679253, ""cvar_t0.95_r0.05_g0.05"": 37808.45552414217, ""cvar_t0.95_r0.20_g0.05"": 37178.20232486981}",86,64095.77532727363,0.0,4255.944929280582,19921.30992966199,15427.099231668932,19921.30992966199,15427.099231668932
2025-03-31,89,cvar_t0.95_r0.20_g0.05,5286.91956855624,5280.58656855624,4509.822776334268,36771.03341887794,36771.03341887794,0.0,"{""nocvar_g0.00"": 36929.27461473053, ""cvar_t0.90_r0.05_g0.00"": 37357.7943669013, ""cvar_t0.90_r0.20_g0.00"": 39945.16327701449, ""cvar_t0.95_r0.05_g0.00"": 37357.7943669013, ""cvar_t0.95_r0.20_g0.00"": 39945.16327701449, ""nocvar_g0.02"": 37223.91406293592, ""cvar_t0.90_r0.05_g0.02"": 37071.55575786128, ""cvar_t0.90_r0.20_g0.02"": 37575.896658735895, ""cvar_t0.95_r0.05_g0.02"": 37119.77212165059, ""cvar_t0.95_r0.20_g0.02"": 39942.56968309689, ""nocvar_g0.05"": 37812.64399312242, ""cvar_t0.90_r0.05_g0.05"": 37758.50090434224, ""cvar_t0.90_r0.20_g0.05"": 37423.08871800356, ""cvar_t0.95_r0.05_g0.05"": 37682.752710799476, ""cvar_t0.95_r0.20_g0.05"": 36891.28141376703}",87,59996.69098654718,0.0,279.17378615699954,18209.553316087513,15443.425599030666,18209.553316087513,15443.425599030666
2025-04-01,90,nocvar_g0.00,4498.119026334268,4509.822776334268,4455.352942500001,61065.21540938203,35945.036432957975,25120.17897642405,"{""nocvar_g0.00"": 36134.9421932781, ""cvar_t0.90_r0.05_g0.00"": 36582.45194243319, ""cvar_t0.90_r0.20_g0.00"": 38734.13023756492, ""cvar_t0.95_r0.05_g0.00"": 36582.45194243319, ""cvar_t0.95_r0.20_g0.00"": 38734.13023756492, ""nocvar_g0.02"": 36283.07402345263, ""cvar_t0.90_r0.05_g0.02"": 36317.41503517163, ""cvar_t0.90_r0.20_g0.02"": 36789.60990963002, ""cvar_t0.95_r0.05_g0.02"": 36365.22436459522, ""cvar_t0.95_r0.20_g0.02"": 38734.07355492872, ""nocvar_g0.05"": 36646.28034191828, ""cvar_t0.90_r0.05_g0.05"": 36696.35927763097, ""cvar_t0.90_r0.20_g0.05"": 36561.757863847735, ""cvar_t0.95_r0.05_g0.05"": 36638.433071893895, ""cvar_t0.95_r0.20_g0.05"": 36370.26074235655}",88,59554.83341198826,3746.841881096501,28.106958333333637,16388.103518608434,13323.386700523668,16388.103518608434,13323.386700523668
2025-04-02,91,nocvar_g0.00,4461.719692500001,4455.352942500001,4327.25044101852,67310.01792993485,35322.085160777104,31987.93276915775,"{""nocvar_g0.00"": 35684.72858951236, ""cvar_t0.90_r0.05_g0.00"": 35960.51892619475, ""cvar_t0.90_r0.20_g0.00"": 37370.459263628894, ""cvar_t0.95_r0.05_g0.00"": 35960.51892619475, ""cvar_t0.95_r0.20_g0.00"": 37370.459263628894, ""nocvar_g0.02"": 35908.80977643187, ""cvar_t0.90_r0.05_g0.02"": 35765.538325191, ""cvar_t0.90_r0.20_g0.02"": 36261.29185711562, ""cvar_t0.95_r0.05_g0.02"": 35791.139077936685, ""cvar_t0.95_r0.20_g0.02"": 37371.652626959396, ""nocvar_g0.05"": 36264.58324905981, ""cvar_t0.90_r0.05_g0.05"": 36262.50201546551, ""cvar_t0.90_r0.20_g0.05"": 36058.972868616365, ""cvar_t0.95_r0.05_g0.05"": 36131.71759381577, ""cvar_t0.95_r0.20_g0.05"": 35835.321869358704}",89,58375.142814145394,5260.9060511000025,0.0,17452.66166620392,14251.94820095851,17452.66166620392,14251.94820095851
2025-04-03,92,cvar_t0.90_r0.05_g0.02,4303.20619101852,4327.25044101852,4679.8858325151705,39480.9523916173,38706.104826966446,774.8475646508541,"{""nocvar_g0.00"": 36163.92407812803, ""cvar_t0.90_r0.05_g0.00"": 36192.61172219464, ""cvar_t0.90_r0.20_g0.00"": 37535.41550600839, ""cvar_t0.95_r0.05_g0.00"": 36192.61172219464, ""cvar_t0.95_r0.20_g0.00"": 37535.41550600839, ""nocvar_g0.02"": 36373.50209472313, ""cvar_t0.90_r0.05_g0.02"": 35919.68357813385, ""cvar_t0.90_r0.20_g0.02"": 36423.84941202962, ""cvar_t0.95_r0.05_g0.02"": 35945.28433087953, ""cvar_t0.95_r0.20_g0.02"": 37534.2101818734, ""nocvar_g0.05"": 36875.06776725574, ""cvar_t0.90_r0.05_g0.05"": 36449.16471330953, ""cvar_t0.90_r0.20_g0.05"": 36224.356027108195, ""cvar_t0.95_r0.05_g0.05"": 36317.934413363706, ""cvar_t0.95_r0.20_g0.05"": 36000.78163836152}",90,65335.14785933667,156.62562166667075,5127.338050061732,22018.59637856826,17517.691214293314,22018.59637856826,17517.691214293314
2025-04-04,93,cvar_t0.90_r0.05_g0.02,4650.1760825151705,4679.8858325151705,4840.995579351857,14229.767781686369,14229.767781686369,0.0,"{""nocvar_g0.00"": 36834.082557409405, ""cvar_t0.90_r0.05_g0.00"": 36588.983377083285, ""cvar_t0.90_r0.20_g0.00"": 37740.0350019893, ""cvar_t0.95_r0.05_g0.00"": 36588.983377083285, ""cvar_t0.95_r0.20_g0.00"": 37740.0350019893, ""nocvar_g0.02"": 36667.16044346928, ""cvar_t0.90_r0.05_g0.02"": 36125.437648086845, ""cvar_t0.90_r0.20_g0.02"": 36629.603481982616, ""cvar_t0.95_r0.05_g0.02"": 36151.03840083252, ""cvar_t0.95_r0.20_g0.02"": 37739.96425182639, ""nocvar_g0.05"": 37082.76072620868, ""cvar_t0.90_r0.05_g0.05"": 36656.81037926043, ""cvar_t0.90_r0.20_g0.05"": 36431.05307783669, ""cvar_t0.95_r0.05_g0.05"": 36525.49601612981, ""cvar_t0.95_r0.20_g0.05"": 36207.47868909002}",91,28108.83727747992,0.0,18856.88083450474,14085.028530643018,11263.874337667832,14085.028530643018,11263.874337667832
2025-04-05,94,cvar_t0.95_r0.05_g0.02,4833.885579351856,4840.995579351857,4348.343065069093,14085.989345871936,13957.309641411455,128.67970446048164,"{""nocvar_g0.00"": 36547.11263614042, ""cvar_t0.90_r0.05_g0.00"": 36162.8368398352, ""cvar_t0.90_r0.20_g0.00"": 36445.25792639852, ""cvar_t0.95_r0.05_g0.00"": 36162.8368398352, ""cvar_t0.95_r0.20_g0.00"": 36445.25792639852, ""nocvar_g0.02"": 36396.23883106923, ""cvar_t0.90_r0.05_g0.02"": 35849.53059532952, ""cvar_t0.90_r0.20_g0.02"": 36196.83965122132, ""cvar_t0.95_r0.05_g0.02"": 35846.596650159474, ""cvar_t0.95_r0.20_g0.02"": 36446.2642412454, ""nocvar_g0.05"": 36814.084375399965, ""cvar_t0.90_r0.05_g0.05"": 36387.15892425823, ""cvar_t0.90_r0.20_g0.05"": 36157.67665430887, ""cvar_t0.95_r0.05_g0.05"": 36256.029488412176, ""cvar_t0.95_r0.20_g0.05"": 35929.33276726583}",92,27743.172686747315,27.578162121834897,13504.085638336413,14031.249947652084,11808.699720452682,14031.249947652084,11808.699720452682
2025-04-06,95,cvar_t0.95_r0.05_g0.02,4326.341815069093,4348.343065069093,4705.253154111116,38119.29544722676,38119.29544722676,0.0,"{""nocvar_g0.00"": 36454.70859602641, ""cvar_t0.90_r0.05_g0.00"": 35949.428101950405, ""cvar_t0.90_r0.20_g0.00"": 36095.874998085535, ""cvar_t0.95_r0.05_g0.00"": 35949.428101950405, ""cvar_t0.95_r0.20_g0.00"": 36095.874998085535, ""nocvar_g0.02"": 36295.303395418, ""cvar_t0.90_r0.05_g0.02"": 35755.128501232415, ""cvar_t0.90_r0.20_g0.02"": 35969.09315620891, ""cvar_t0.95_r0.05_g0.02"": 35749.34985278261, ""cvar_t0.95_r0.20_g0.02"": 36096.55636550748, ""nocvar_g0.05"": 36728.41491394961, ""cvar_t0.90_r0.05_g0.05"": 36302.980473159536, ""cvar_t0.90_r0.20_g0.05"": 36069.20559153868, ""cvar_t0.95_r0.05_g0.05"": 36170.4010656686, ""cvar_t0.95_r0.20_g0.05"": 35840.66182654469}",93,63353.65198140511,0.0,4909.210643930032,19542.873635108423,15508.508564299998,19542.873635108423,15508.508564299998
2025-04-07,96,cvar_t0.95_r0.05_g0.02,4672.343904111116,4705.253154111116,4397.507892710924,36348.53548152311,36348.53548152311,0.0,"{""nocvar_g0.00"": 36352.07135404016, ""cvar_t0.90_r0.05_g0.00"": 35739.189524947506, ""cvar_t0.90_r0.20_g0.00"": 35737.36883510438, ""cvar_t0.95_r0.05_g0.00"": 35739.189524947506, ""cvar_t0.95_r0.20_g0.00"": 35737.36883510438, ""nocvar_g0.02"": 36205.775935553895, ""cvar_t0.90_r0.05_g0.02"": 35664.577009980814, ""cvar_t0.90_r0.20_g0.02"": 35738.33229174005, ""cvar_t0.95_r0.05_g0.02"": 35651.95010856905, ""cvar_t0.95_r0.20_g0.02"": 35735.50323456573, ""nocvar_g0.05"": 36646.225888454544, ""cvar_t0.90_r0.05_g0.05"": 36220.10883494033, ""cvar_t0.90_r0.20_g0.05"": 35983.669716258344, ""cvar_t0.95_r0.05_g0.05"": 36087.40236897372, ""cvar_t0.95_r0.20_g0.05"": 35750.61442009891}",94,60236.067330399695,0.0,3670.109409794243,18948.470381748957,15625.231744476834,18948.470381748957,15625.231744476834
2025-04-08,97,cvar_t0.95_r0.05_g0.02,4403.168892710924,4397.507892710924,4264.196184166668,40047.05564775056,34775.25992919699,5271.795718553574,"{""nocvar_g0.00"": 36108.72982181309, ""cvar_t0.90_r0.05_g0.00"": 35512.692612071696, ""cvar_t0.90_r0.20_g0.00"": 35503.18906556959, ""cvar_t0.95_r0.05_g0.00"": 35512.692612071696, ""cvar_t0.95_r0.20_g0.00"": 35503.18906556959, ""nocvar_g0.02"": 35961.69552715572, ""cvar_t0.90_r0.05_g0.02"": 35421.98460584986, ""cvar_t0.90_r0.20_g0.02"": 35508.49743912167, ""cvar_t0.95_r0.05_g0.02"": 35410.33741583394, ""cvar_t0.95_r0.20_g0.02"": 35505.66838194734, ""nocvar_g0.05"": 36393.84014623802, ""cvar_t0.90_r0.05_g0.05"": 35947.25219520511, ""cvar_t0.90_r0.20_g0.05"": 35746.711390534976, ""cvar_t0.95_r0.05_g0.05"": 35814.52901827986, ""cvar_t0.95_r0.20_g0.05"": 35523.14348071231}",95,57541.38594857368,930.4257554903247,192.77195820784112,21293.824562522837,17367.97843333333,21293.824562522837,17367.97843333333
2025-04-09,98,cvar_t0.95_r0.05_g0.02,4285.489434166669,4264.196184166668,4287.80250787037,54078.651485857416,36103.079740083456,17975.57174577396,"{""nocvar_g0.00"": 35775.81934121655, ""cvar_t0.90_r0.05_g0.00"": 35221.27779939996, ""cvar_t0.90_r0.20_g0.00"": 35224.07465465438, ""cvar_t0.95_r0.05_g0.00"": 35221.27779939996, ""cvar_t0.95_r0.20_g0.00"": 35224.07465465438, ""nocvar_g0.02"": 35650.191197534696, ""cvar_t0.90_r0.05_g0.02"": 35134.535696209896, ""cvar_t0.90_r0.20_g0.02"": 35231.15408177355, ""cvar_t0.95_r0.05_g0.02"": 35124.66925584133, ""cvar_t0.95_r0.20_g0.02"": 35228.325024599224, ""nocvar_g0.05"": 36090.72274149488, ""cvar_t0.90_r0.05_g0.05"": 35657.14644417367, ""cvar_t0.90_r0.20_g0.05"": 35469.01357879026, ""cvar_t0.95_r0.05_g0.05"": 35524.59350242124, ""cvar_t0.95_r0.20_g0.05"": 35246.9722504557}",96,60164.889410816424,2650.9045244053573,154.66493333333392,18450.380494149766,14923.56250892798,18450.380494149766,14923.56250892798
2025-04-10,99,cvar_t0.95_r0.05_g0.02,4289.55675787037,4287.80250787037,4463.182932222224,38217.99719038056,37607.031018540656,610.9661718399041,"{""nocvar_g0.00"": 35611.39984435381, ""cvar_t0.90_r0.05_g0.00"": 35043.97260852626, ""cvar_t0.90_r0.20_g0.00"": 34965.73516150897, ""cvar_t0.95_r0.05_g0.00"": 35043.97260852626, ""cvar_t0.95_r0.20_g0.00"": 34965.73516150897, ""nocvar_g0.02"": 35466.79886763617, ""cvar_t0.90_r0.05_g0.02"": 34915.182616562764, ""cvar_t0.90_r0.20_g0.02"": 34974.85289381479, ""cvar_t0.95_r0.05_g0.02"": 34904.41445795017, ""cvar_t0.95_r0.20_g0.02"": 34972.023836640474, ""nocvar_g0.05"": 35871.92372289954, ""cvar_t0.90_r0.05_g0.05"": 35428.68490520675, ""cvar_t0.90_r0.20_g0.05"": 35236.323267330336, ""cvar_t0.95_r0.05_g0.05"": 35291.429470249706, ""cvar_t0.95_r0.20_g0.05"": 35009.625824141556}",97,63356.93262507312,91.50980656391982,4726.415983333337,21597.611402037037,17336.222853733336,21597.611402037037,17336.222853733336
2025-04-11,100,cvar_t0.95_r0.05_g0.02,4463.947932222223,4463.182932222224,4439.652940259286,13553.592246935861,13553.592246935861,0.0,"{""nocvar_g0.00"": 36029.28037637322, ""cvar_t0.90_r0.05_g0.00"": 35383.71108539534, ""cvar_t0.90_r0.20_g0.00"": 35261.78231553328, ""cvar_t0.95_r0.05_g0.00"": 35383.71108539534, ""cvar_t0.95_r0.20_g0.00"": 35261.78231553328, ""nocvar_g0.02"": 35811.149723561364, ""cvar_t0.90_r0.05_g0.02"": 35215.97924554947, ""cvar_t0.90_r0.20_g0.02"": 35272.10937107376, ""cvar_t0.95_r0.05_g0.02"": 35205.211086936884, ""cvar_t0.95_r0.20_g0.02"": 35269.280313899435, ""nocvar_g0.05"": 36216.87247876676, ""cvar_t0.90_r0.05_g0.05"": 35723.880269311914, ""cvar_t0.90_r0.20_g0.05"": 35531.5192032041, ""cvar_t0.95_r0.05_g0.05"": 35586.62540612347, ""cvar_t0.95_r0.20_g0.05"": 35304.82176001532}",98,27060.697143798352,0.0,19054.090613518514,14269.122928314791,11579.166564701623,14269.122928314791,11579.166564701623
2025-04-12,101,cvar_t0.95_r0.05_g0.02,4434.491440259286,4439.652940259286,4938.152058222225,14120.429910209225,14120.429910209225,0.0,"{""nocvar_g0.00"": 35312.26286345537, ""cvar_t0.90_r0.05_g0.00"": 34717.273825963326, ""cvar_t0.90_r0.20_g0.00"": 34641.01281520816, ""cvar_t0.95_r0.05_g0.00"": 34717.273825963326, ""cvar_t0.95_r0.20_g0.00"": 34641.01281520816, ""nocvar_g0.02"": 35111.65929936069, ""cvar_t0.90_r0.05_g0.02"": 34527.624996462306, ""cvar_t0.90_r0.20_g0.02"": 34645.15964397599, ""cvar_t0.95_r0.05_g0.02"": 34519.13053883241, ""cvar_t0.95_r0.20_g0.02"": 34642.33058680166, ""nocvar_g0.05"": 35376.25437243778, ""cvar_t0.90_r0.05_g0.05"": 34935.285188146874, ""cvar_t0.90_r0.20_g0.05"": 34852.372269422114, ""cvar_t0.95_r0.05_g0.05"": 34854.3492124701, ""cvar_t0.95_r0.20_g0.05"": 34675.36855069835}",99,27993.348795555532,0.0,15932.738934444442,13614.737394444415,10579.288083333327,13614.737394444415,10579.288083333327
2025-04-13,102,cvar_t0.95_r0.05_g0.02,4948.601058222224,4938.152058222225,4323.871281481482,35957.81614920325,35530.10236448194,427.71378472130993,"{""nocvar_g0.00"": 35206.93520336706, ""cvar_t0.90_r0.05_g0.00"": 34634.137220639524, ""cvar_t0.90_r0.20_g0.00"": 34562.219266307206, ""cvar_t0.95_r0.05_g0.00"": 34634.137220639524, ""cvar_t0.95_r0.20_g0.00"": 34562.219266307206, ""nocvar_g0.02"": 35029.91981183579, ""cvar_t0.90_r0.05_g0.02"": 34445.793181869965, ""cvar_t0.90_r0.20_g0.02"": 34567.01499316014, ""cvar_t0.95_r0.05_g0.02"": 34437.29872424008, ""cvar_t0.95_r0.20_g0.02"": 34564.18593598582, ""nocvar_g0.05"": 35305.928772921165, ""cvar_t0.90_r0.05_g0.05"": 34863.662270872876, ""cvar_t0.90_r0.20_g0.05"": 34780.66206137696, ""cvar_t0.95_r0.05_g0.05"": 34783.252558244516, ""cvar_t0.95_r0.20_g0.05"": 34598.497269756896}",100,59116.20995980761,73.1708650833299,1710.136167757202,19767.04669930041,16564.160525500003,19767.04669930041,16564.160525500003
2025-04-14,103,cvar_t0.95_r0.05_g0.02,4298.118531481481,4323.871281481482,4410.407764870368,35050.31582343998,35050.31582343998,0.0,"{""nocvar_g0.00"": 35129.524095179324, ""cvar_t0.90_r0.05_g0.00"": 34559.99896315238, ""cvar_t0.90_r0.20_g0.00"": 34497.78639121808, ""cvar_t0.95_r0.05_g0.00"": 34559.99896315238, ""cvar_t0.95_r0.20_g0.00"": 34497.78639121808, ""nocvar_g0.02"": 34931.974373036726, ""cvar_t0.90_r0.05_g0.02"": 34368.34710107762, ""cvar_t0.90_r0.20_g0.02"": 34494.71378254365, ""cvar_t0.95_r0.05_g0.02"": 34365.706629131644, ""cvar_t0.95_r0.20_g0.02"": 34499.94110879499, ""nocvar_g0.05"": 35187.39725940246, ""cvar_t0.90_r0.05_g0.05"": 34756.34507501854, ""cvar_t0.90_r0.20_g0.05"": 34690.44447169969, ""cvar_t0.95_r0.05_g0.05"": 34683.47227518029, ""cvar_t0.95_r0.20_g0.05"": 34524.486713450206}",101,58692.95357188991,0.0,2202.4324500823045,20445.29729872428,16482.807976916665,20445.29729872428,16482.807976916665
2025-04-15,104,cvar_t0.90_r0.05_g0.02,4396.505014870368,4410.407764870368,4664.034976046296,34493.377953893534,34493.377953893534,0.0,"{""nocvar_g0.00"": 34890.612317833155, ""cvar_t0.90_r0.05_g0.00"": 34329.00129836794, ""cvar_t0.90_r0.20_g0.00"": 34265.06760044884, ""cvar_t0.95_r0.05_g0.00"": 34329.00129836794, ""cvar_t0.95_r0.20_g0.00"": 34265.06760044884, ""nocvar_g0.02"": 34686.75442115804, ""cvar_t0.90_r0.05_g0.02"": 34116.86349697097, ""cvar_t0.90_r0.20_g0.02"": 34262.30430513713, ""cvar_t0.95_r0.05_g0.02"": 34131.24116362659, ""cvar_t0.95_r0.20_g0.02"": 34267.53163138846, ""nocvar_g0.05"": 34947.40589992874, ""cvar_t0.90_r0.05_g0.05"": 34512.77785528654, ""cvar_t0.90_r0.20_g0.05"": 34451.54772934974, ""cvar_t0.95_r0.05_g0.05"": 34433.887085419534, ""cvar_t0.95_r0.20_g0.05"": 34291.669853944804}",102,57440.376884978396,0.0,3226.512927414809,20243.00333774692,16168.568213516668,20243.00333774692,16168.568213516668
2025-04-16,105,cvar_t0.90_r0.05_g0.02,4630.617976046296,4664.034976046296,4321.934707314815,40985.12486242883,35195.02461481461,5790.100247614215,"{""nocvar_g0.00"": 34619.975589262656, ""cvar_t0.90_r0.05_g0.00"": 34062.77639742429, ""cvar_t0.90_r0.20_g0.00"": 33947.87537899479, ""cvar_t0.95_r0.05_g0.00"": 34062.77639742429, ""cvar_t0.95_r0.20_g0.00"": 33947.87537899479, ""nocvar_g0.02"": 34414.0168904183, ""cvar_t0.90_r0.05_g0.02"": 33825.129740734235, ""cvar_t0.90_r0.20_g0.02"": 33945.49662163652, ""cvar_t0.95_r0.05_g0.02"": 33842.6240318554, ""cvar_t0.95_r0.20_g0.02"": 33950.72394788786, ""nocvar_g0.05"": 34669.96924727734, ""cvar_t0.90_r0.05_g0.05"": 34186.32327280922, ""cvar_t0.90_r0.20_g0.05"": 34134.97946141506, ""cvar_t0.95_r0.05_g0.05"": 34107.58292981353, ""cvar_t0.95_r0.20_g0.05"": 33974.99059849339}",103,59191.805844165225,851.4120063625483,865.9826029423878,19502.808102335388,16105.164804750002,19502.808102335388,16105.164804750002
2025-04-17,106,cvar_t0.90_r0.05_g0.02,4338.114457314815,4321.934707314815,4603.037228759256,36222.23312802296,36222.23312802296,0.0,"{""nocvar_g0.00"": 34325.771690642534, ""cvar_t0.90_r0.05_g0.00"": 33770.60360756326, ""cvar_t0.90_r0.20_g0.00"": 33674.949944672255, ""cvar_t0.95_r0.05_g0.00"": 33770.60360756326, ""cvar_t0.95_r0.20_g0.00"": 33674.949944672255, ""nocvar_g0.02"": 34122.93847591615, ""cvar_t0.90_r0.05_g0.02"": 33532.599993991134, ""cvar_t0.90_r0.20_g0.02"": 33672.47834524146, ""cvar_t0.95_r0.05_g0.02"": 33550.0942851123, ""cvar_t0.95_r0.20_g0.02"": 33677.7056714928, ""nocvar_g0.05"": 34386.964779174195, ""cvar_t0.90_r0.05_g0.05"": 33909.41609116573, ""cvar_t0.90_r0.20_g0.05"": 33862.26832249975, ""cvar_t0.95_r0.05_g0.05"": 33830.67574817005, ""cvar_t0.95_r0.20_g0.05"": 33702.27945957808}",104,61100.751825665095,0.0,4146.40107275824,20173.76912424661,16087.760721339757,20173.76912424661,16087.760721339757
2025-04-18,107,cvar_t0.90_r0.05_g0.02,4609.517228759256,4603.037228759256,4933.924831388891,13150.088428113055,13150.088428113055,0.0,"{""nocvar_g0.00"": 34450.96894374852, ""cvar_t0.90_r0.05_g0.00"": 33793.17137394977, ""cvar_t0.90_r0.20_g0.00"": 33571.236053899855, ""cvar_t0.95_r0.05_g0.00"": 33793.17137394977, ""cvar_t0.95_r0.20_g0.00"": 33571.236053899855, ""nocvar_g0.02"": 34182.06047487579, ""cvar_t0.90_r0.05_g0.02"": 33547.5739969332, ""cvar_t0.90_r0.20_g0.02"": 33568.047780465284, ""cvar_t0.95_r0.05_g0.02"": 33565.06828805436, ""cvar_t0.95_r0.20_g0.02"": 33573.275106716625, ""nocvar_g0.05"": 34404.31979691573, ""cvar_t0.90_r0.05_g0.05"": 33803.86307422917, ""cvar_t0.90_r0.20_g0.05"": 33756.23968236458, ""cvar_t0.95_r0.05_g0.05"": 33724.83113613343, ""cvar_t0.95_r0.20_g0.05"": 33596.25081944291}",105,26709.45722915,0.0,17345.982362646082,14271.362320020584,11262.004636849997,14271.362320020584,11262.004636849997
2025-04-19,108,cvar_t0.90_r0.05_g0.02,4918.244581388892,4933.924831388891,5054.346315262016,13017.554040304181,13017.554040304181,0.0,"{""nocvar_g0.00"": 34046.78249787774, ""cvar_t0.90_r0.05_g0.00"": 33428.48930816691, ""cvar_t0.90_r0.20_g0.00"": 33225.21274034274, ""cvar_t0.95_r0.05_g0.00"": 33428.48930816691, ""cvar_t0.95_r0.20_g0.00"": 33225.21274034274, ""nocvar_g0.02"": 33608.5623178574, ""cvar_t0.90_r0.05_g0.02"": 33179.887951984, ""cvar_t0.90_r0.20_g0.02"": 33221.42829194201, ""cvar_t0.95_r0.05_g0.02"": 33200.56499761795, ""cvar_t0.95_r0.20_g0.02"": 33226.65561819335, ""nocvar_g0.05"": 33835.84359229617, ""cvar_t0.90_r0.05_g0.05"": 33270.861312933725, ""cvar_t0.90_r0.20_g0.05"": 33246.73831601612, ""cvar_t0.95_r0.05_g0.05"": 33193.725994795284, ""cvar_t0.95_r0.20_g0.05"": 33249.621207723}",106,26121.189748766665,0.0,16470.83199905146,14512.100864365204,11646.42236465,14512.100864365204,11646.42236465
2025-04-20,109,cvar_t0.95_r0.05_g0.05,5063.555565262016,5054.346315262016,4509.765908203709,35113.1125843949,33708.88888799623,1404.2236963986663,"{""nocvar_g0.00"": 33947.95642929587, ""cvar_t0.90_r0.05_g0.00"": 33329.304497748824, ""cvar_t0.90_r0.20_g0.00"": 33140.39415926603, ""cvar_t0.95_r0.05_g0.00"": 33329.304497748824, ""cvar_t0.95_r0.20_g0.00"": 33140.39415926603, ""nocvar_g0.02"": 33496.058307161016, ""cvar_t0.90_r0.05_g0.02"": 33074.90670512594, ""cvar_t0.90_r0.20_g0.02"": 33136.165057997874, ""cvar_t0.95_r0.05_g0.02"": 33096.333869206916, ""cvar_t0.95_r0.20_g0.02"": 33141.39238424921, ""nocvar_g0.05"": 33653.713789868954, ""cvar_t0.90_r0.05_g0.05"": 33092.02460461853, ""cvar_t0.90_r0.20_g0.05"": 33129.77506978295, ""cvar_t0.95_r0.05_g0.05"": 33014.94965184034, ""cvar_t0.95_r0.20_g0.05"": 33142.28061396563}",107,55877.68020322626,278.9398557333333,904.1555602087469,19920.22095668417,16625.50134126666,19920.22095668417,16625.50134126666
2025-04-21,110,cvar_t0.95_r0.05_g0.05,4566.552250796302,4509.765908203709,4336.072835185185,33682.86012812579,33476.53872822125,206.3213999045423,"{""nocvar_g0.00"": 33870.28742101657, ""cvar_t0.90_r0.05_g0.00"": 33250.76614789343, ""cvar_t0.90_r0.20_g0.00"": 33064.20910355618, ""cvar_t0.95_r0.05_g0.00"": 33250.76614789343, ""cvar_t0.95_r0.20_g0.00"": 33064.20910355618, ""nocvar_g0.02"": 33419.29479438216, ""cvar_t0.90_r0.05_g0.02"": 32996.98716044507, ""cvar_t0.90_r0.20_g0.02"": 33060.058744469374, ""cvar_t0.95_r0.05_g0.02"": 33018.41432452605, ""cvar_t0.95_r0.20_g0.02"": 33065.286070720715, ""nocvar_g0.05"": 33577.02016022849, ""cvar_t0.90_r0.05_g0.05"": 33014.73110104185, ""cvar_t0.90_r0.20_g0.05"": 33050.62396049921, ""cvar_t0.95_r0.05_g0.05"": 32937.6376897342, ""cvar_t0.95_r0.20_g0.05"": 33065.29423666186}",108,56192.66527762057,45.64193209999835,4271.7071561728435,18979.01808384773,15529.328413633339,18979.01808384773,15529.328413633339
2025-04-22,111,cvar_t0.95_r0.05_g0.05,4318.5625851851855,4336.072835185185,4411.294185252855,33732.76878934166,33732.76878934166,0.0,"{""nocvar_g0.00"": 33720.89504038578, ""cvar_t0.90_r0.05_g0.00"": 33097.90050572037, ""cvar_t0.90_r0.20_g0.00"": 32881.217183984576, ""cvar_t0.95_r0.05_g0.00"": 33097.90050572037, ""cvar_t0.95_r0.20_g0.00"": 32881.217183984576, ""nocvar_g0.02"": 33258.05044066968, ""cvar_t0.90_r0.05_g0.02"": 32840.46546357829, ""cvar_t0.90_r0.20_g0.02"": 32876.2854872071, ""cvar_t0.95_r0.05_g0.02"": 32863.718683500905, ""cvar_t0.95_r0.20_g0.02"": 32881.51281345844, ""nocvar_g0.05"": 33413.67346731111, ""cvar_t0.90_r0.05_g0.05"": 32847.811504288125, ""cvar_t0.90_r0.20_g0.05"": 32894.37092334472, ""cvar_t0.95_r0.05_g0.05"": 32773.60784910134, ""cvar_t0.95_r0.20_g0.05"": 32912.06738519391}",109,56193.911075895434,0.0,108.88036999999986,20338.958811409837,16406.85742218107,20338.958811409837,16406.85742218107
2025-04-23,112,cvar_t0.95_r0.05_g0.05,4452.184185252854,4411.294185252855,5110.893691517608,34335.00446392465,34335.00446392465,0.0,"{""nocvar_g0.00"": 33489.14259311919, ""cvar_t0.90_r0.05_g0.00"": 32851.45669227983, ""cvar_t0.90_r0.20_g0.00"": 32608.648416553886, ""cvar_t0.95_r0.05_g0.00"": 32851.45669227983, ""cvar_t0.95_r0.20_g0.00"": 32608.648416553886, ""nocvar_g0.02"": 33023.81417051659, ""cvar_t0.90_r0.05_g0.02"": 32585.747876702513, ""cvar_t0.90_r0.20_g0.02"": 32605.491596822216, ""cvar_t0.95_r0.05_g0.02"": 32609.00109662512, ""cvar_t0.95_r0.20_g0.02"": 32610.71892307355, ""nocvar_g0.05"": 33185.16971317086, ""cvar_t0.90_r0.05_g0.05"": 32599.142620701943, ""cvar_t0.90_r0.20_g0.05"": 32623.359614273522, ""cvar_t0.95_r0.05_g0.05"": 32525.070180869498, ""cvar_t0.95_r0.20_g0.05"": 32641.05607612271}",110,57822.483946293294,0.0,1957.8030055454342,20184.866676015346,15720.102451934154,20184.866676015346,15720.102451934154
2025-04-24,113,cvar_t0.95_r0.05_g0.05,5120.285191517608,5110.893691517608,4340.41005,34676.00374506568,34620.2687710211,55.7349740445799,"{""nocvar_g0.00"": 33181.16101491145, ""cvar_t0.90_r0.05_g0.00"": 32541.458284145036, ""cvar_t0.90_r0.20_g0.00"": 32305.4898434502, ""cvar_t0.95_r0.05_g0.00"": 32541.458284145036, ""cvar_t0.95_r0.20_g0.00"": 32305.4898434502, ""nocvar_g0.02"": 32706.731827375148, ""cvar_t0.90_r0.05_g0.02"": 32271.130129666275, ""cvar_t0.90_r0.20_g0.02"": 32302.225981938333, ""cvar_t0.95_r0.05_g0.02"": 32294.383349588887, ""cvar_t0.95_r0.20_g0.02"": 32307.453308189673, ""nocvar_g0.05"": 32929.43804683028, ""cvar_t0.90_r0.05_g0.05"": 32265.6157252185, ""cvar_t0.90_r0.20_g0.05"": 32319.988174404545, ""cvar_t0.95_r0.05_g0.05"": 32190.00250876409, ""cvar_t0.95_r0.20_g0.05"": 32337.684636253736}",111,58181.70344166327,11.292670255208165,8472.597906931878,17493.298854486602,14863.007349500003,17493.298854486602,14863.007349500003
2025-04-25,114,cvar_t0.95_r0.05_g0.05,4362.630300000001,4340.41005,4550.645593518523,12674.394108331093,12674.394108331093,0.0,"{""nocvar_g0.00"": 33048.92191088367, ""cvar_t0.90_r0.05_g0.00"": 32409.150801267264, ""cvar_t0.90_r0.20_g0.00"": 32192.44400230847, ""cvar_t0.95_r0.05_g0.00"": 32409.150801267264, ""cvar_t0.95_r0.20_g0.00"": 32192.44400230847, ""nocvar_g0.02"": 32581.720550197584, ""cvar_t0.90_r0.05_g0.02"": 32158.39906616824, ""cvar_t0.90_r0.20_g0.02"": 32194.259731369286, ""cvar_t0.95_r0.05_g0.02"": 32182.54633088399, ""cvar_t0.95_r0.20_g0.02"": 32194.259731369286, ""nocvar_g0.05"": 32807.58123044013, ""cvar_t0.90_r0.05_g0.05"": 32157.434388242018, ""cvar_t0.90_r0.20_g0.05"": 32226.15335997791, ""cvar_t0.95_r0.05_g0.05"": 32081.763274618737, ""cvar_t0.95_r0.20_g0.05"": 32242.441761156042}",112,26018.336352566665,0.0,21255.62690504115,13542.841096625514,10780.489299100002,13542.841096625514,10780.489299100002
2025-04-26,115,cvar_t0.95_r0.05_g0.05,4521.055843518523,4550.645593518523,4219.413860092593,13837.32794152019,12181.289897658186,1656.0380438620052,"{""nocvar_g0.00"": 32895.32571176203, ""cvar_t0.90_r0.05_g0.00"": 32253.525518197883, ""cvar_t0.90_r0.20_g0.00"": 32039.331156290606, ""cvar_t0.95_r0.05_g0.00"": 32253.525518197883, ""cvar_t0.95_r0.20_g0.00"": 32039.331156290606, ""nocvar_g0.02"": 32425.29270700532, ""cvar_t0.90_r0.05_g0.02"": 32004.514690110722, ""cvar_t0.90_r0.20_g0.02"": 32042.276346140414, ""cvar_t0.95_r0.05_g0.02"": 32028.66195482647, ""cvar_t0.95_r0.20_g0.02"": 32042.276346140414, ""nocvar_g0.05"": 32654.09724366557, ""cvar_t0.90_r0.05_g0.05"": 32002.881048105733, ""cvar_t0.90_r0.20_g0.05"": 32074.63768533155, ""cvar_t0.95_r0.05_g0.05"": 31927.209934482446, ""cvar_t0.95_r0.20_g0.05"": 32090.926086509684}",113,25207.147964999993,326.8223508333342,23092.078669197526,14051.613544135804,11679.915530833336,14051.613544135804,11679.915530833336
2025-04-27,116,cvar_t0.95_r0.05_g0.05,4206.978860092593,4219.413860092593,4243.263929814815,39170.14221425784,31072.51019403808,8097.632020219754,"{""nocvar_g0.00"": 32800.84621741979, ""cvar_t0.90_r0.05_g0.00"": 32161.077231942134, ""cvar_t0.90_r0.20_g0.00"": 31950.669588737972, ""cvar_t0.95_r0.05_g0.00"": 32161.077231942134, ""cvar_t0.95_r0.20_g0.00"": 31950.669588737972, ""nocvar_g0.02"": 32328.447040764582, ""cvar_t0.90_r0.05_g0.02"": 31908.609886138212, ""cvar_t0.90_r0.20_g0.02"": 31952.82265958383, ""cvar_t0.95_r0.05_g0.02"": 31932.006783030207, ""cvar_t0.95_r0.20_g0.02"": 31952.82265958383, ""nocvar_g0.05"": 32553.69978543637, ""cvar_t0.90_r0.05_g0.05"": 31903.866536227277, ""cvar_t0.90_r0.20_g0.05"": 31982.084896496577, ""cvar_t0.95_r0.05_g0.05"": 31828.9278971743, ""cvar_t0.95_r0.20_g0.05"": 31999.34755793243}",114,51915.384107214806,1200.196410133338,708.0868666666655,20066.091603148147,16232.069135799997,20066.091603148147,16232.069135799997
2025-04-28,117,cvar_t0.95_r0.05_g0.05,4287.794411296296,4243.263929814815,4418.8043149074065,71511.08589369377,32373.775775297818,39137.31011839595,"{""nocvar_g0.00"": 32767.5286330887, ""cvar_t0.90_r0.05_g0.00"": 32130.5187720473, ""cvar_t0.90_r0.20_g0.00"": 31922.789134094222, ""cvar_t0.95_r0.05_g0.00"": 32130.5187720473, ""cvar_t0.95_r0.20_g0.00"": 31922.789134094222, ""nocvar_g0.02"": 32300.26256066191, ""cvar_t0.90_r0.05_g0.02"": 31881.669458411867, ""cvar_t0.90_r0.20_g0.02"": 31925.02255504714, ""cvar_t0.95_r0.05_g0.02"": 31905.066355303854, ""cvar_t0.95_r0.20_g0.02"": 31925.02255504714, ""nocvar_g0.05"": 32526.755081635616, ""cvar_t0.90_r0.05_g0.05"": 31877.749932581206, ""cvar_t0.90_r0.20_g0.05"": 31955.00331710649, ""cvar_t0.95_r0.05_g0.05"": 31802.76848788516, ""cvar_t0.95_r0.20_g0.05"": 31973.701542694474}",115,53645.28230074074,5873.788673430828,89.95761000000039,13942.945794324081,11135.799746819175,13942.945794324081,11135.799746819175
2025-04-29,118,cvar_t0.95_r0.05_g0.05,4442.824657499999,4418.8043149074065,4905.747313629635,33206.98666120136,33206.98666120136,0.0,"{""nocvar_g0.00"": 32828.9157181355, ""cvar_t0.90_r0.05_g0.00"": 32148.830292742095, ""cvar_t0.90_r0.20_g0.00"": 31856.251863585345, ""cvar_t0.95_r0.05_g0.00"": 32148.830292742095, ""cvar_t0.95_r0.20_g0.00"": 31856.251863585345, ""nocvar_g0.02"": 32356.83843559723, ""cvar_t0.90_r0.05_g0.02"": 31891.327232107113, ""cvar_t0.90_r0.20_g0.02"": 31856.81445422728, ""cvar_t0.95_r0.05_g0.02"": 31920.13663884544, ""cvar_t0.95_r0.20_g0.02"": 31856.81445422728, ""nocvar_g0.05"": 32632.506283215484, ""cvar_t0.90_r0.05_g0.05"": 31924.47089340127, ""cvar_t0.90_r0.20_g0.05"": 31903.217219672955, ""cvar_t0.95_r0.05_g0.05"": 31846.081975879257, ""cvar_t0.95_r0.20_g0.05"": 31920.127923564316}",116,54929.17614209464,0.0,3503.0961562963,18708.513527798346,14715.647258666664,18708.513527798346,14715.647258666664
2025-04-30,119,cvar_t0.95_r0.05_g0.05,4875.4465636296345,4905.747313629635,4729.228461173504,35902.916560825135,35902.916560825135,0.0,"{""nocvar_g0.00"": 34054.841613124205, ""cvar_t0.90_r0.05_g0.00"": 33400.8680881836, ""cvar_t0.90_r0.20_g0.00"": 33093.80360482562, ""cvar_t0.95_r0.05_g0.00"": 33400.8680881836, ""cvar_t0.95_r0.20_g0.00"": 33093.80360482562, ""nocvar_g0.02"": 33493.96775014839, ""cvar_t0.90_r0.05_g0.02"": 33136.81515170403, ""cvar_t0.90_r0.20_g0.02"": 33097.64706574788, ""cvar_t0.95_r0.05_g0.02"": 33165.62455844237, ""cvar_t0.95_r0.20_g0.02"": 33097.64706574788, ""nocvar_g0.05"": 33750.80429862964, ""cvar_t0.90_r0.05_g0.05"": 33093.38423976516, ""cvar_t0.90_r0.20_g0.05"": 33143.933379487804, ""cvar_t0.95_r0.05_g0.05"": 33086.52710682764, ""cvar_t0.95_r0.20_g0.05"": 33160.84408337916}",117,60845.47931123456,0.0,9400.672074580889,17614.840897530856,14426.888094210513,17614.840897530856,14426.888094210513
2025-05-01,120,cvar_t0.90_r0.05_g0.05,4785.693164877208,4729.228461173504,3513.766445092593,46038.01649894612,33635.67567054678,12402.340828399341,"{""nocvar_g0.00"": 33051.34220664878, ""cvar_t0.90_r0.05_g0.00"": 32646.058968970327, ""cvar_t0.90_r0.20_g0.00"": 32373.532152882875, ""cvar_t0.95_r0.05_g0.00"": 32646.058968970327, ""cvar_t0.95_r0.20_g0.00"": 32373.532152882875, ""nocvar_g0.02"": 32478.52028001286, ""cvar_t0.90_r0.05_g0.02"": 32400.590471870808, ""cvar_t0.90_r0.20_g0.02"": 32375.964150118667, ""cvar_t0.95_r0.05_g0.02"": 32429.399878609136, ""cvar_t0.95_r0.20_g0.02"": 32375.964150118667, ""nocvar_g0.05"": 32532.38500173774, ""cvar_t0.90_r0.05_g0.05"": 32313.80204330541, ""cvar_t0.90_r0.20_g0.05"": 32421.40886871171, ""cvar_t0.95_r0.05_g0.05"": 32315.754341075106, ""cvar_t0.95_r0.20_g0.05"": 32438.24296209208}",118,55891.949082247054,1952.270383997975,4238.190214318477,19413.506665259887,16818.85621333333,19413.506665259887,16818.85621333333
2025-05-02,121,cvar_t0.90_r0.05_g0.05,3538.131695092593,3513.766445092593,3669.482684722222,28642.69209582716,12832.800033048148,15809.892062779008,"{""nocvar_g0.00"": 31857.212802906753, ""cvar_t0.90_r0.05_g0.00"": 31764.06456286815, ""cvar_t0.90_r0.20_g0.00"": 31700.376138652206, ""cvar_t0.95_r0.05_g0.00"": 31764.06456286815, ""cvar_t0.95_r0.20_g0.00"": 31700.376138652206, ""nocvar_g0.02"": 31700.89320565463, ""cvar_t0.90_r0.05_g0.02"": 31725.12891669801, ""cvar_t0.90_r0.20_g0.02"": 31700.50259494587, ""cvar_t0.95_r0.05_g0.02"": 31753.938323436338, ""cvar_t0.95_r0.20_g0.02"": 31700.50259494587, ""nocvar_g0.05"": 31856.467000054738, ""cvar_t0.90_r0.05_g0.05"": 31637.884041622405, ""cvar_t0.90_r0.20_g0.05"": 31745.490867028704, ""cvar_t0.95_r0.05_g0.05"": 31639.8363393921, ""cvar_t0.95_r0.20_g0.05"": 31762.324960409074}",119,26252.495256999995,2678.750864533336,11855.249349999998,13923.853013333333,11138.176325133332,13923.853013333333,11138.176325133332
2025-05-03,122,cvar_t0.90_r0.05_g0.05,3721.3364810185185,3669.482684722222,4173.493064367175,15074.30025389219,15074.30025389219,0.0,"{""nocvar_g0.00"": 32065.34128903415, ""cvar_t0.90_r0.05_g0.00"": 31978.83964804008, ""cvar_t0.90_r0.20_g0.00"": 31911.403323178758, ""cvar_t0.95_r0.05_g0.00"": 31978.83964804008, ""cvar_t0.95_r0.20_g0.00"": 31911.403323178758, ""nocvar_g0.02"": 31925.968127897064, ""cvar_t0.90_r0.05_g0.02"": 31941.88642295699, ""cvar_t0.90_r0.20_g0.02"": 31927.64843090952, ""cvar_t0.95_r0.05_g0.02"": 31970.69582969532, ""cvar_t0.95_r0.20_g0.02"": 31927.64843090952, ""nocvar_g0.05"": 32090.51848327095, ""cvar_t0.90_r0.05_g0.05"": 31873.64758130706, ""cvar_t0.90_r0.20_g0.05"": 31988.502272783335, ""cvar_t0.95_r0.05_g0.05"": 31875.599879076744, ""cvar_t0.95_r0.20_g0.05"": 31991.08427761928}",120,28576.377822083334,0.0,16499.18312376543,14507.440561249732,11297.417512931826,14507.440561249732,11297.417512931826
2025-05-04,123,cvar_t0.90_r0.05_g0.05,4202.629610663471,4173.493064367175,3926.248951666666,39461.25284885477,38558.56659244816,902.6862564066095,"{""nocvar_g0.00"": 32580.256733558494, ""cvar_t0.90_r0.05_g0.00"": 32500.19066269643, ""cvar_t0.90_r0.20_g0.00"": 32405.46825728004, ""cvar_t0.95_r0.05_g0.00"": 32500.19066269643, ""cvar_t0.95_r0.20_g0.00"": 32405.46825728004, ""nocvar_g0.02"": 32447.86880202647, ""cvar_t0.90_r0.05_g0.02"": 32456.37265982491, ""cvar_t0.90_r0.20_g0.02"": 32421.911925975328, ""cvar_t0.95_r0.05_g0.02"": 32485.182066563237, ""cvar_t0.95_r0.20_g0.02"": 32421.911925975328, ""nocvar_g0.05"": 32614.102710319134, ""cvar_t0.90_r0.05_g0.05"": 32384.10005885185, ""cvar_t0.90_r0.20_g0.05"": 32489.70927142632, ""cvar_t0.95_r0.05_g0.05"": 32386.39839306713, ""cvar_t0.95_r0.20_g0.05"": 32492.291276262265}",121,63854.733814941814,152.57804574999778,9186.809035823037,17412.39575245211,14326.560260916669,17412.39575245211,14326.560260916669
2025-05-05,124,cvar_t0.90_r0.05_g0.05,3908.630701666666,3926.248951666666,4135.411558425924,44807.66008723939,35364.29573130724,9443.364355932146,"{""nocvar_g0.00"": 32967.56851676044, ""cvar_t0.90_r0.05_g0.00"": 32594.502740256597, ""cvar_t0.90_r0.20_g0.00"": 32442.944003218337, ""cvar_t0.95_r0.05_g0.00"": 32594.502740256597, ""cvar_t0.95_r0.20_g0.00"": 32442.944003218337, ""nocvar_g0.02"": 32514.41215921749, ""cvar_t0.90_r0.05_g0.02"": 32493.26606512668, ""cvar_t0.90_r0.20_g0.02"": 32460.316200739657, ""cvar_t0.95_r0.05_g0.02"": 32521.747768857207, ""cvar_t0.95_r0.20_g0.02"": 32460.316200739657, ""nocvar_g0.05"": 32649.11432768672, ""cvar_t0.90_r0.05_g0.05"": 32419.61929812261, ""cvar_t0.90_r0.20_g0.05"": 32521.827551614606, ""cvar_t0.95_r0.05_g0.05"": 32421.983408418764, ""cvar_t0.95_r0.20_g0.05"": 32529.204571853155}",122,57812.72423320987,1375.5708570500128,78.5403593209893,20239.482025555546,16205.734094616655,20239.482025555546,16205.734094616655
2025-05-06,125,cvar_t0.90_r0.20_g0.00,4152.026308425924,4135.411558425924,3802.767032037039,36038.28712339271,36038.28712339271,0.0,"{""nocvar_g0.00"": 33178.05846042463, ""cvar_t0.90_r0.05_g0.00"": 32675.278436845318, ""cvar_t0.90_r0.20_g0.00"": 32440.72362068511, ""cvar_t0.95_r0.05_g0.00"": 32675.278436845318, ""cvar_t0.95_r0.20_g0.00"": 32440.72362068511, ""nocvar_g0.02"": 32590.540589552587, ""cvar_t0.90_r0.05_g0.02"": 32515.322828533102, ""cvar_t0.90_r0.20_g0.02"": 32454.770146733168, ""cvar_t0.95_r0.05_g0.02"": 32542.824820867787, ""cvar_t0.95_r0.20_g0.02"": 32454.770146733168, ""nocvar_g0.05"": 32721.69007955081, ""cvar_t0.90_r0.05_g0.05"": 32484.719816583984, ""cvar_t0.90_r0.20_g0.05"": 32551.029756064123, ""cvar_t0.95_r0.05_g0.05"": 32487.10063783878, ""cvar_t0.95_r0.20_g0.05"": 32548.91938996591}",123,59272.61082662552,0.0,2774.96424156379,20668.127853395057,17040.563635,20668.127853395057,17040.563635
2025-05-07,126,cvar_t0.90_r0.20_g0.00,3830.8207820370385,3802.767032037039,3858.7441207407405,44525.72355615913,38644.15228199672,5881.571274162409,"{""nocvar_g0.00"": 33640.486462217545, ""cvar_t0.90_r0.05_g0.00"": 33051.01215675707, ""cvar_t0.90_r0.20_g0.00"": 32732.879121213857, ""cvar_t0.95_r0.05_g0.00"": 33051.01215675707, ""cvar_t0.95_r0.20_g0.00"": 32732.879121213857, ""nocvar_g0.02"": 32923.24440255616, ""cvar_t0.90_r0.05_g0.02"": 32818.84982424843, ""cvar_t0.90_r0.20_g0.02"": 32746.332603180363, ""cvar_t0.95_r0.05_g0.02"": 32844.57106693576, ""cvar_t0.95_r0.20_g0.02"": 32746.332603180363, ""nocvar_g0.05"": 33039.01242476696, ""cvar_t0.90_r0.05_g0.05"": 32792.25524865755, ""cvar_t0.90_r0.20_g0.05"": 32845.01080781695, ""cvar_t0.95_r0.05_g0.05"": 32793.31939370552, ""cvar_t0.95_r0.20_g0.05"": 32841.373860230626}",124,64377.4496996761,945.7964998333382,6576.736197532905,19096.2351165432,15417.571064566662,19096.2351165432,15417.571064566662
2025-05-08,127,cvar_t0.90_r0.20_g0.00,3873.5783707407404,3858.7441207407405,4189.674000925926,41048.526793712066,36625.62790206942,4422.898891642644,"{""nocvar_g0.00"": 33488.48641426401, ""cvar_t0.90_r0.05_g0.00"": 32909.07418683353, ""cvar_t0.90_r0.20_g0.00"": 32608.734794979915, ""cvar_t0.95_r0.05_g0.00"": 32909.07418683353, ""cvar_t0.95_r0.20_g0.00"": 32608.734794979915, ""nocvar_g0.02"": 32753.30846686465, ""cvar_t0.90_r0.05_g0.02"": 32662.94933073994, ""cvar_t0.90_r0.20_g0.02"": 32621.822072525512, ""cvar_t0.95_r0.05_g0.02"": 32692.6447359667, ""cvar_t0.95_r0.20_g0.02"": 32621.822072525512, ""nocvar_g0.05"": 32852.97598849303, ""cvar_t0.90_r0.05_g0.05"": 32615.882207033865, ""cvar_t0.90_r0.20_g0.05"": 32683.566916522075, ""cvar_t0.95_r0.05_g0.05"": 32621.57120097556, ""cvar_t0.95_r0.20_g0.05"": 32698.800067940832}",125,59210.8346010288,659.4081441666635,43.26705000000038,19487.507384362136,15487.044089166668,19487.507384362136,15487.044089166668
2025-05-09,128,cvar_t0.90_r0.20_g0.00,4215.456000925926,4189.674000925926,6162.933729988072,16520.94341395516,16334.937639276226,186.00577467893322,"{""nocvar_g0.00"": 33037.395559254226, ""cvar_t0.90_r0.05_g0.00"": 32562.54435290697, ""cvar_t0.90_r0.20_g0.00"": 32272.167989034, ""cvar_t0.95_r0.05_g0.00"": 32562.54435290697, ""cvar_t0.95_r0.20_g0.00"": 32272.167989034, ""nocvar_g0.02"": 32408.890413763256, ""cvar_t0.90_r0.05_g0.02"": 32328.849151802304, ""cvar_t0.90_r0.20_g0.02"": 32294.286637920388, ""cvar_t0.95_r0.05_g0.02"": 32358.544557029065, ""cvar_t0.95_r0.20_g0.02"": 32294.286637920388, ""nocvar_g0.05"": 32517.604331669223, ""cvar_t0.90_r0.05_g0.05"": 32331.314911514644, ""cvar_t0.90_r0.20_g0.05"": 32398.999621002855, ""cvar_t0.95_r0.05_g0.05"": 32337.00390545634, ""cvar_t0.95_r0.20_g0.05"": 32414.232772421612}",126,29430.824691999995,47.86728959999998,16419.24910333333,14653.280379530168,10093.223351263503,14653.280379530168,10093.223351263503
2025-05-10,129,cvar_t0.90_r0.20_g0.00,6138.7679799880725,6162.933729988072,5475.734704833332,15401.13888540593,15401.13888540593,0.0,"{""nocvar_g0.00"": 33410.48913848277, ""cvar_t0.90_r0.05_g0.00"": 32815.96888574788, ""cvar_t0.90_r0.20_g0.00"": 32360.990305390467, ""cvar_t0.95_r0.05_g0.00"": 32815.96888574788, ""cvar_t0.95_r0.20_g0.00"": 32360.990305390467, ""nocvar_g0.02"": 32757.961883544, ""cvar_t0.90_r0.05_g0.02"": 32539.21369313365, ""cvar_t0.90_r0.20_g0.02"": 32387.995672744153, ""cvar_t0.95_r0.05_g0.02"": 32568.909098360415, ""cvar_t0.95_r0.20_g0.02"": 32387.995672744153, ""nocvar_g0.05"": 32892.214768898535, ""cvar_t0.90_r0.05_g0.05"": 32559.554848751657, ""cvar_t0.90_r0.20_g0.05"": 32494.91900820177, ""cvar_t0.95_r0.05_g0.05"": 32565.243842693355, ""cvar_t0.95_r0.20_g0.05"": 32510.152159620524}",127,27736.361456344064,0.0,13554.144577860076,14103.424830473254,12042.253235322598,14103.424830473254,12042.253235322598
2025-05-11,130,cvar_t0.90_r0.20_g0.00,5482.732954833332,5475.734704833332,5364.353567632361,40798.801105961764,40612.99413012843,185.80697583333372,"{""nocvar_g0.00"": 33596.00775767266, ""cvar_t0.90_r0.05_g0.00"": 32896.88296684565, ""cvar_t0.90_r0.20_g0.00"": 32457.255094352742, ""cvar_t0.95_r0.05_g0.00"": 32896.88296684565, ""cvar_t0.95_r0.20_g0.00"": 32457.255094352742, ""nocvar_g0.02"": 32849.26813691334, ""cvar_t0.90_r0.05_g0.02"": 32645.151669095336, ""cvar_t0.90_r0.20_g0.02"": 32484.202104467284, ""cvar_t0.95_r0.05_g0.02"": 32674.8470743221, ""cvar_t0.95_r0.20_g0.02"": 32484.202104467284, ""nocvar_g0.05"": 32993.5888743369, ""cvar_t0.90_r0.05_g0.05"": 32656.11620090447, ""cvar_t0.90_r0.20_g0.05"": 32590.180892177876, ""cvar_t0.95_r0.05_g0.05"": 32660.507585098483, ""cvar_t0.95_r0.20_g0.05"": 32605.41404359663}",128,65956.0491964609,27.561666666666724,7195.79236745392,17915.697030637857,14611.957618297538,17915.697030637857,14611.957618297538
2025-05-12,131,cvar_t0.90_r0.20_g0.00,5388.52531763236,5364.353567632361,5254.304466620945,37751.22086972455,37751.22086972455,0.0,"{""nocvar_g0.00"": 33677.440402477216, ""cvar_t0.90_r0.05_g0.00"": 32920.056357507085, ""cvar_t0.90_r0.20_g0.00"": 32503.137082234218, ""cvar_t0.95_r0.05_g0.00"": 32920.056357507085, ""cvar_t0.95_r0.20_g0.00"": 32503.137082234218, ""nocvar_g0.02"": 32864.930560394554, ""cvar_t0.90_r0.05_g0.02"": 32688.067084754854, ""cvar_t0.90_r0.20_g0.02"": 32530.218145307816, ""cvar_t0.95_r0.05_g0.02"": 32717.762489981622, ""cvar_t0.95_r0.20_g0.02"": 32530.218145307816, ""nocvar_g0.05"": 33040.841253062, ""cvar_t0.90_r0.05_g0.05"": 32703.368579629576, ""cvar_t0.90_r0.20_g0.05"": 32637.433270902984, ""cvar_t0.95_r0.05_g0.05"": 32707.75996382359, ""cvar_t0.95_r0.20_g0.05"": 32652.66642232173}",129,61127.8928582208,0.0,6315.297972009844,15686.54654625211,12805.146893374487,15686.54654625211,12805.146893374487
2025-05-13,132,cvar_t0.90_r0.20_g0.00,5236.454466620945,5254.304466620945,5744.20699283333,39314.55317792701,39314.55317792701,0.0,"{""nocvar_g0.00"": 33728.70834874275, ""cvar_t0.90_r0.05_g0.00"": 32991.35053454571, ""cvar_t0.90_r0.20_g0.00"": 32667.00228453558, ""cvar_t0.95_r0.05_g0.00"": 32991.35053454571, ""cvar_t0.95_r0.20_g0.00"": 32667.00228453558, ""nocvar_g0.02"": 32951.34779013952, ""cvar_t0.90_r0.05_g0.02"": 32853.763781364796, ""cvar_t0.90_r0.20_g0.02"": 32693.09041713246, ""cvar_t0.95_r0.05_g0.02"": 32866.44104798996, ""cvar_t0.95_r0.20_g0.02"": 32693.09041713246, ""nocvar_g0.05"": 33213.60844022559, ""cvar_t0.90_r0.05_g0.05"": 32878.6499029008, ""cvar_t0.90_r0.20_g0.05"": 32801.4857205369, ""cvar_t0.95_r0.05_g0.05"": 32889.05925712358, ""cvar_t0.95_r0.20_g0.05"": 32810.63898911111}",130,64527.90482359668,0.0,7628.103372283948,17524.612689762733,13754.024005116667,17524.612689762733,13754.024005116667
2025-05-14,133,cvar_t0.90_r0.20_g0.00,5724.13249283333,5744.20699283333,5167.892142870368,37031.72205824667,37031.72205824667,0.0,"{""nocvar_g0.00"": 33834.90284916157, ""cvar_t0.90_r0.05_g0.00"": 33077.880946362384, ""cvar_t0.90_r0.20_g0.00"": 32757.98084501936, ""cvar_t0.95_r0.05_g0.00"": 33077.880946362384, ""cvar_t0.95_r0.20_g0.00"": 32757.98084501936, ""nocvar_g0.02"": 33052.27945069864, ""cvar_t0.90_r0.05_g0.02"": 32953.16311824524, ""cvar_t0.90_r0.20_g0.02"": 32784.0400687562, ""cvar_t0.95_r0.05_g0.02"": 32962.723760404864, ""cvar_t0.95_r0.20_g0.02"": 32784.0400687562, ""nocvar_g0.05"": 33313.9596234543, ""cvar_t0.90_r0.05_g0.05"": 32978.55267479153, ""cvar_t0.90_r0.20_g0.05"": 32891.50217788498, ""cvar_t0.95_r0.05_g0.05"": 32988.811602142996, ""cvar_t0.95_r0.20_g0.05"": 32900.76643397593}",131,60068.059054516045,0.0,4339.4613063061715,17016.485946543213,14302.036981666668,17016.485946543213,14302.036981666668
2025-05-15,134,cvar_t0.90_r0.20_g0.00,5145.985392870369,5167.892142870368,5782.533367255834,36738.53136365271,36738.53136365271,0.0,"{""nocvar_g0.00"": 33936.98800534479, ""cvar_t0.90_r0.05_g0.00"": 33211.23699814762, ""cvar_t0.90_r0.20_g0.00"": 32910.1989583443, ""cvar_t0.95_r0.05_g0.00"": 33211.23699814762, ""cvar_t0.95_r0.20_g0.00"": 32910.1989583443, ""nocvar_g0.02"": 33169.81135423571, ""cvar_t0.90_r0.05_g0.02"": 33101.4137636679, ""cvar_t0.90_r0.20_g0.02"": 32935.73315341518, ""cvar_t0.95_r0.05_g0.02"": 33110.97440582752, ""cvar_t0.95_r0.20_g0.02"": 32935.73315341518, ""nocvar_g0.05"": 33414.62647596315, ""cvar_t0.90_r0.05_g0.05"": 33129.14490970058, ""cvar_t0.90_r0.20_g0.05"": 33043.16043019429, ""cvar_t0.95_r0.05_g0.05"": 33139.44382413749, ""cvar_t0.95_r0.20_g0.05"": 33052.424686285245}",132,58171.74298831656,0.0,1204.179273542896,19206.99120786009,15004.485776419753,19206.99120786009,15004.485776419753
2025-05-16,135,cvar_t0.90_r0.20_g0.00,5783.424367255834,5782.533367255834,6835.872613548693,16392.987950919105,16392.987950919105,0.0,"{""nocvar_g0.00"": 33685.426616900826, ""cvar_t0.90_r0.05_g0.00"": 33060.527363831825, ""cvar_t0.90_r0.20_g0.00"": 32887.52175809437, ""cvar_t0.95_r0.05_g0.00"": 33060.527363831825, ""cvar_t0.95_r0.20_g0.00"": 32887.52175809437, ""nocvar_g0.02"": 32972.547620721976, ""cvar_t0.90_r0.05_g0.02"": 32948.51650652118, ""cvar_t0.90_r0.20_g0.02"": 32913.80619478783, ""cvar_t0.95_r0.05_g0.02"": 32963.04785492871, ""cvar_t0.95_r0.20_g0.02"": 32913.80619478783, ""nocvar_g0.05"": 33251.21361976049, ""cvar_t0.90_r0.05_g0.05"": 33095.09062123491, ""cvar_t0.90_r0.20_g0.05"": 33023.599076159626, ""cvar_t0.95_r0.05_g0.05"": 33105.38953567182, ""cvar_t0.95_r0.20_g0.05"": 33032.861741270346}",133,28585.57153613642,0.0,22286.51533073416,13871.286054764994,10287.736382696072,13871.286054764994,10287.736382696072
2025-05-17,136,cvar_t0.90_r0.20_g0.00,6851.211613548693,6835.872613548693,6612.141690074072,16202.899912061464,16202.899912061464,0.0,"{""nocvar_g0.00"": 33707.49250122158, ""cvar_t0.90_r0.05_g0.00"": 33063.194574137626, ""cvar_t0.90_r0.20_g0.00"": 32888.982232697024, ""cvar_t0.95_r0.05_g0.00"": 33063.194574137626, ""cvar_t0.95_r0.20_g0.00"": 32888.982232697024, ""nocvar_g0.02"": 33005.48782005383, ""cvar_t0.90_r0.05_g0.02"": 32954.34759427535, ""cvar_t0.90_r0.20_g0.02"": 32915.34045136021, ""cvar_t0.95_r0.05_g0.02"": 32969.439978541515, ""cvar_t0.95_r0.20_g0.02"": 32915.34045136021, ""nocvar_g0.05"": 33259.836918543566, ""cvar_t0.90_r0.05_g0.05"": 33085.17269311237, ""cvar_t0.90_r0.20_g0.05"": 33013.812838667, ""cvar_t0.95_r0.05_g0.05"": 33095.58340475223, ""cvar_t0.95_r0.20_g0.05"": 33023.88651565581}",134,27935.28861113951,0.0,14952.692580329222,14395.551466337445,11861.754518860489,14395.551466337445,11861.754518860489
2025-05-18,137,cvar_t0.90_r0.20_g0.00,6626.364690074072,6612.141690074072,6101.090223440783,36152.6681550494,36152.6681550494,0.0,"{""nocvar_g0.00"": 33812.29888529666, ""cvar_t0.90_r0.05_g0.00"": 33166.77840570563, ""cvar_t0.90_r0.20_g0.00"": 33004.60676064765, ""cvar_t0.95_r0.05_g0.00"": 33166.77840570563, ""cvar_t0.95_r0.20_g0.00"": 33004.60676064765, ""nocvar_g0.02"": 33106.68653518025, ""cvar_t0.90_r0.05_g0.02"": 33068.74811905221, ""cvar_t0.90_r0.20_g0.02"": 33030.732903671524, ""cvar_t0.95_r0.05_g0.02"": 33083.840503318366, ""cvar_t0.95_r0.20_g0.02"": 33030.732903671524, ""nocvar_g0.05"": 33373.311212517205, ""cvar_t0.90_r0.05_g0.05"": 33198.18779975386, ""cvar_t0.90_r0.20_g0.05"": 33126.52623633245, ""cvar_t0.95_r0.05_g0.05"": 33208.53814603346, ""cvar_t0.95_r0.20_g0.05"": 33136.599913321275}",135,56531.46805751028,0.0,24.23916666666662,17321.090056913585,14490.029266069958,17321.090056913585,14490.029266069958
2025-05-19,138,cvar_t0.90_r0.20_g0.00,6104.057223440783,6101.090223440783,6359.498672870367,37364.666972663385,36912.762990996715,451.90398166666745,"{""nocvar_g0.00"": 33897.38224861143, ""cvar_t0.90_r0.05_g0.00"": 33230.64681029215, ""cvar_t0.90_r0.20_g0.00"": 33115.887226294006, ""cvar_t0.95_r0.05_g0.00"": 33230.64681029215, ""cvar_t0.95_r0.20_g0.00"": 33115.887226294006, ""nocvar_g0.02"": 33157.775620820794, ""cvar_t0.90_r0.05_g0.02"": 33174.82353658156, ""cvar_t0.90_r0.20_g0.02"": 33140.87331113946, ""cvar_t0.95_r0.05_g0.02"": 33189.91592084773, ""cvar_t0.95_r0.20_g0.02"": 33140.87331113946, ""nocvar_g0.05"": 33437.42773042777, ""cvar_t0.90_r0.05_g0.05"": 33308.10209538282, ""cvar_t0.90_r0.20_g0.05"": 33236.328702579354, ""cvar_t0.95_r0.05_g0.05"": 33318.47090019189, ""cvar_t0.95_r0.20_g0.05"": 33244.03057396384}",136,58927.067228769505,67.00333333333344,8128.722034526757,16408.233542576083,13058.101565000003,16408.233542576083,13058.101565000003
2025-05-20,139,cvar_t0.90_r0.20_g0.00,6394.270172870367,6359.498672870367,6080.025278939416,38185.49306429426,38185.49306429426,0.0,"{""nocvar_g0.00"": 33895.018999581946, ""cvar_t0.90_r0.05_g0.00"": 33253.42053287388, ""cvar_t0.90_r0.20_g0.00"": 33169.09022866321, ""cvar_t0.95_r0.05_g0.00"": 33253.42053287388, ""cvar_t0.95_r0.20_g0.00"": 33169.09022866321, ""nocvar_g0.02"": 33195.508479942764, ""cvar_t0.90_r0.05_g0.02"": 33201.06051041635, ""cvar_t0.90_r0.20_g0.02"": 33194.3165514036, ""cvar_t0.95_r0.05_g0.02"": 33214.326838840876, ""cvar_t0.95_r0.20_g0.02"": 33194.3165514036, ""nocvar_g0.05"": 33477.97752650875, ""cvar_t0.90_r0.05_g0.05"": 33348.05790178733, ""cvar_t0.90_r0.20_g0.05"": 33262.48292294372, ""cvar_t0.95_r0.05_g0.05"": 33355.53695047554, ""cvar_t0.95_r0.20_g0.05"": 33267.15860864167}",137,61332.97306348398,0.0,3860.7455154171034,16822.940978621402,13878.108247221193,16822.940978621402,13878.108247221193
2025-05-21,140,cvar_t0.90_r0.20_g0.00,6081.496778939417,6080.025278939416,4873.099017126824,35830.62490663318,35830.62490663318,0.0,"{""nocvar_g0.00"": 34033.76590875208, ""cvar_t0.90_r0.05_g0.00"": 33392.00525378412, ""cvar_t0.90_r0.20_g0.00"": 33306.30445658273, ""cvar_t0.95_r0.05_g0.00"": 33392.00525378412, ""cvar_t0.95_r0.20_g0.00"": 33306.30445658273, ""nocvar_g0.02"": 33332.357605296565, ""cvar_t0.90_r0.05_g0.02"": 33336.669565689146, ""cvar_t0.90_r0.20_g0.02"": 33329.92560667641, ""cvar_t0.95_r0.05_g0.02"": 33349.93589411368, ""cvar_t0.95_r0.20_g0.02"": 33329.92560667641, ""nocvar_g0.05"": 33610.26805508166, ""cvar_t0.90_r0.05_g0.05"": 33478.63770245706, ""cvar_t0.90_r0.20_g0.05"": 33398.10755189846, ""cvar_t0.95_r0.05_g0.05"": 33485.985535790925, ""cvar_t0.95_r0.20_g0.05"": 33402.783237596406}",138,56857.82090177901,0.0,3501.567404468148,16209.85184004673,14216.213626069191,16209.85184004673,14216.213626069191
2025-05-22,141,nocvar_g0.02,4869.090267126824,4873.099017126824,7035.497231506172,36808.83838999492,36808.83838999492,0.0,"{""nocvar_g0.00"": 34076.34070489828, ""cvar_t0.90_r0.05_g0.00"": 33516.22181953795, ""cvar_t0.90_r0.20_g0.00"": 33453.84302670344, ""cvar_t0.95_r0.05_g0.00"": 33516.22181953795, ""cvar_t0.95_r0.20_g0.00"": 33453.84302670344, ""nocvar_g0.02"": 33425.60257151666, ""cvar_t0.90_r0.05_g0.02"": 33466.765158157985, ""cvar_t0.90_r0.20_g0.02"": 33477.44188202535, ""cvar_t0.95_r0.05_g0.02"": 33480.03148658252, ""cvar_t0.95_r0.20_g0.02"": 33477.44188202535, ""nocvar_g0.05"": 33625.8476475595, ""cvar_t0.90_r0.05_g0.05"": 33610.015041775194, ""cvar_t0.90_r0.20_g0.05"": 33545.43394737049, ""cvar_t0.95_r0.05_g0.05"": 33618.90365173103, ""cvar_t0.95_r0.20_g0.05"": 33550.10963306844}",139,57594.12710355995,0.0,1280.4293931842044,18688.992109303526,13191.925215594441,18688.992109303526,13191.925215594441
2025-05-23,142,nocvar_g0.02,7017.088481506173,7035.497231506172,5412.193832487042,13620.248460509149,13620.248460509149,0.0,"{""nocvar_g0.00"": 34117.26307611099, ""cvar_t0.90_r0.05_g0.00"": 33557.05417596441, ""cvar_t0.90_r0.20_g0.00"": 33484.22479382203, ""cvar_t0.95_r0.05_g0.00"": 33557.05417596441, ""cvar_t0.95_r0.20_g0.00"": 33484.22479382203, ""nocvar_g0.02"": 33469.67596737727, ""cvar_t0.90_r0.05_g0.02"": 33500.689373407375, ""cvar_t0.90_r0.20_g0.02"": 33508.018224119274, ""cvar_t0.95_r0.05_g0.02"": 33514.50974350391, ""cvar_t0.95_r0.20_g0.02"": 33508.018224119274, ""nocvar_g0.05"": 33660.73031032792, ""cvar_t0.90_r0.05_g0.05"": 33629.040202597374, ""cvar_t0.90_r0.20_g0.05"": 33562.317766379514, ""cvar_t0.95_r0.05_g0.05"": 33640.63887272901, ""cvar_t0.95_r0.20_g0.05"": 33579.93744555353}",140,25183.404452144445,0.0,17432.41062757202,14689.568422927983,13359.523481688886,14689.568422927983,13359.523481688886
2025-05-24,143,nocvar_g0.02,5429.065082487042,5412.193832487042,5706.6736201741,14705.822489820253,14705.822489820253,0.0,"{""nocvar_g0.00"": 34155.09330406867, ""cvar_t0.90_r0.05_g0.00"": 33635.07771662143, ""cvar_t0.90_r0.20_g0.00"": 33559.44605894509, ""cvar_t0.95_r0.05_g0.00"": 33635.07771662143, ""cvar_t0.95_r0.20_g0.00"": 33559.44605894509, ""nocvar_g0.02"": 33551.06896019036, ""cvar_t0.90_r0.05_g0.02"": 33576.46202611704, ""cvar_t0.90_r0.20_g0.02"": 33581.8898860003, ""cvar_t0.95_r0.05_g0.02"": 33590.28239621358, ""cvar_t0.95_r0.20_g0.02"": 33581.8898860003, ""nocvar_g0.05"": 33734.02228947938, ""cvar_t0.90_r0.05_g0.05"": 33703.401535110555, ""cvar_t0.90_r0.20_g0.05"": 33633.64143340276, ""cvar_t0.95_r0.05_g0.05"": 33715.000205242184, ""cvar_t0.95_r0.20_g0.05"": 33651.26111257677}",141,27368.014777175245,0.0,20562.49219025072,14663.102077225467,11612.08087363428,14663.102077225467,11612.08087363428
2025-05-25,144,nocvar_g0.02,5675.939370174099,5706.6736201741,6663.870510412335,36635.94983024968,36635.94983024968,0.0,"{""nocvar_g0.00"": 34197.06865508928, ""cvar_t0.90_r0.05_g0.00"": 33695.831438527304, ""cvar_t0.90_r0.20_g0.00"": 33641.41495524389, ""cvar_t0.95_r0.05_g0.00"": 33695.831438527304, ""cvar_t0.95_r0.20_g0.00"": 33641.41495524389, ""nocvar_g0.02"": 33583.651942078024, ""cvar_t0.90_r0.05_g0.02"": 33648.178231941485, ""cvar_t0.90_r0.20_g0.02"": 33663.14102068665, ""cvar_t0.95_r0.05_g0.02"": 33662.74896986179, ""cvar_t0.95_r0.20_g0.02"": 33663.14102068665, ""nocvar_g0.05"": 33767.91012631701, ""cvar_t0.90_r0.05_g0.05"": 33772.85754991641, ""cvar_t0.90_r0.20_g0.05"": 33717.084512863854, ""cvar_t0.95_r0.05_g0.05"": 33784.524713611776, ""cvar_t0.95_r0.20_g0.05"": 33733.836849134495}",142,57768.003075019544,0.0,5143.7745784363315,16935.479537028776,12856.261223778896,16935.479537028776,12856.261223778896
2025-05-26,145,nocvar_g0.02,6603.7137604123345,6663.870510412335,4571.950593166682,35466.75338253977,35466.75338253977,0.0,"{""nocvar_g0.00"": 34229.29363623136, ""cvar_t0.90_r0.05_g0.00"": 33759.46143317388, ""cvar_t0.90_r0.20_g0.00"": 33736.02231822282, ""cvar_t0.95_r0.05_g0.00"": 33759.46143317388, ""cvar_t0.95_r0.20_g0.00"": 33736.02231822282, ""nocvar_g0.02"": 33615.1838354996, ""cvar_t0.90_r0.05_g0.02"": 33721.612360599785, ""cvar_t0.90_r0.20_g0.02"": 33757.84815498265, ""cvar_t0.95_r0.05_g0.02"": 33736.18309852009, ""cvar_t0.95_r0.20_g0.02"": 33757.84815498265, ""nocvar_g0.05"": 33798.585476710934, ""cvar_t0.90_r0.05_g0.05"": 33834.90982361485, ""cvar_t0.90_r0.20_g0.05"": 33811.455917973326, ""cvar_t0.95_r0.05_g0.05"": 33846.57698731022, ""cvar_t0.95_r0.20_g0.05"": 33826.69477167106}",143,55749.38096908918,0.0,169.22913878600912,15173.93055696984,14173.611676666664,15173.93055696984,14173.611676666664
2025-05-27,146,nocvar_g0.02,4568.241843166681,4571.950593166682,5860.609683696851,35989.122092527876,35989.122092527876,0.0,"{""nocvar_g0.00"": 34135.855799566736, ""cvar_t0.90_r0.05_g0.00"": 33695.66208441616, ""cvar_t0.90_r0.20_g0.00"": 33726.94607744742, ""cvar_t0.95_r0.05_g0.00"": 33695.66208441616, ""cvar_t0.95_r0.20_g0.00"": 33726.94607744742, ""nocvar_g0.02"": 33522.66838501591, ""cvar_t0.90_r0.05_g0.02"": 33664.03436607403, ""cvar_t0.90_r0.20_g0.02"": 33750.441543059955, ""cvar_t0.95_r0.05_g0.02"": 33673.19259414799, ""cvar_t0.95_r0.20_g0.02"": 33750.441543059955, ""nocvar_g0.05"": 33654.260416117155, ""cvar_t0.90_r0.05_g0.05"": 33756.34195663226, ""cvar_t0.90_r0.20_g0.05"": 33782.315044427036, ""cvar_t0.95_r0.05_g0.05"": 33768.51675927521, ""cvar_t0.95_r0.20_g0.05"": 33799.341419821394}",144,57927.84079477001,0.0,3854.5437288553376,18542.824128618508,13859.894362703832,18542.824128618508,13859.894362703832
2025-05-28,147,nocvar_g0.02,5875.649433696852,5860.609683696851,6407.39379604582,35447.18499474388,35447.18499474388,0.0,"{""nocvar_g0.00"": 32740.20124531327, ""cvar_t0.90_r0.05_g0.00"": 32442.07670017678, ""cvar_t0.90_r0.20_g0.00"": 32505.94082545452, ""cvar_t0.95_r0.05_g0.00"": 32442.07670017678, ""cvar_t0.95_r0.20_g0.00"": 32505.94082545452, ""nocvar_g0.02"": 32234.477698410188, ""cvar_t0.90_r0.05_g0.02"": 32416.130961249866, ""cvar_t0.90_r0.20_g0.02"": 32526.872280237174, ""cvar_t0.95_r0.05_g0.02"": 32425.28918932383, ""cvar_t0.95_r0.20_g0.02"": 32526.872280237174, ""nocvar_g0.05"": 32390.228910399466, ""cvar_t0.90_r0.05_g0.05"": 32473.159584151967, ""cvar_t0.90_r0.20_g0.05"": 32558.56568395515, ""cvar_t0.95_r0.05_g0.05"": 32492.878862679838, ""cvar_t0.95_r0.20_g0.05"": 32575.592059349503}",145,56291.27048025503,0.0,131.68125833333374,17861.365372671695,13975.600250749998,17861.365372671695,13975.600250749998
2025-05-29,148,nocvar_g0.02,6412.8125460458195,6407.39379604582,4856.2795187037045,45220.93309843176,34583.283155242476,10637.649943189279,"{""nocvar_g0.00"": 32843.07660148024, ""cvar_t0.90_r0.05_g0.00"": 32552.966949806643, ""cvar_t0.90_r0.20_g0.00"": 32606.48936238061, ""cvar_t0.95_r0.05_g0.00"": 32552.966949806643, ""cvar_t0.95_r0.20_g0.00"": 32606.48936238061, ""nocvar_g0.02"": 32342.042382368258, ""cvar_t0.90_r0.05_g0.02"": 32527.086790296577, ""cvar_t0.90_r0.20_g0.02"": 32629.13562736901, ""cvar_t0.95_r0.05_g0.02"": 32535.960647020005, ""cvar_t0.95_r0.20_g0.02"": 32629.13562736901, ""nocvar_g0.05"": 32499.748188483325, ""cvar_t0.90_r0.05_g0.05"": 32590.11315498796, ""cvar_t0.90_r0.20_g0.05"": 32649.485246920292, ""cvar_t0.95_r0.05_g0.05"": 32601.965801281134, ""cvar_t0.95_r0.20_g0.05"": 32672.665044356912}",146,54030.617267521106,1552.4269780843304,45.53762499999982,14859.926159017607,13432.543038412172,14859.926159017607,13432.543038412172
2025-05-30,149,nocvar_g0.02,4834.357768703704,4856.2795187037045,4836.097251944441,15617.141464379376,14063.65681085195,1553.484653527426,"{""nocvar_g0.00"": 33033.640404057114, ""cvar_t0.90_r0.05_g0.00"": 32551.918558680358, ""cvar_t0.90_r0.20_g0.00"": 32603.329140311904, ""cvar_t0.95_r0.05_g0.00"": 32551.918558680358, ""cvar_t0.95_r0.20_g0.00"": 32603.329140311904, ""nocvar_g0.02"": 32343.094880521356, ""cvar_t0.90_r0.05_g0.02"": 32523.81072926862, ""cvar_t0.90_r0.20_g0.02"": 32625.85956634106, ""cvar_t0.95_r0.05_g0.02"": 32532.68458599205, ""cvar_t0.95_r0.20_g0.02"": 32625.85956634106, ""nocvar_g0.05"": 32496.237812609084, ""cvar_t0.90_r0.05_g0.05"": 32586.602779113717, ""cvar_t0.90_r0.20_g0.05"": 32645.974871046048, ""cvar_t0.95_r0.05_g0.05"": 32598.455425406893, ""cvar_t0.95_r0.20_g0.05"": 32669.154668482668}",147,27075.1863370492,230.61214911684243,17990.714263209877,14405.34208617284,11686.491129883336,14405.34208617284,11686.491129883336
2025-05-31,150,nocvar_g0.02,4820.615001944441,4836.097251944441,5627.127746127388,14947.804576839782,14947.804576839782,0.0,"{""nocvar_g0.00"": 33076.54239277637, ""cvar_t0.90_r0.05_g0.00"": 32537.617870504597, ""cvar_t0.90_r0.20_g0.00"": 32549.648284558676, ""cvar_t0.95_r0.05_g0.00"": 32537.617870504597, ""cvar_t0.95_r0.20_g0.00"": 32549.648284558676, ""nocvar_g0.02"": 32321.17396613219, ""cvar_t0.90_r0.05_g0.02"": 32462.4879409593, ""cvar_t0.90_r0.20_g0.02"": 32554.148448327058, ""cvar_t0.95_r0.05_g0.02"": 32471.361797682726, ""cvar_t0.95_r0.20_g0.02"": 32554.148448327058, ""nocvar_g0.05"": 32434.211872642634, ""cvar_t0.90_r0.05_g0.05"": 32510.41626604308, ""cvar_t0.90_r0.20_g0.05"": 32562.54049190543, ""cvar_t0.95_r0.05_g0.05"": 32522.268912336258, ""cvar_t0.95_r0.20_g0.05"": 32599.97237788647}",148,27991.31821255885,0.0,16041.194800617284,14994.81272198374,11433.870860042174,14994.81272198374,11433.870860042174
2025-06-01,151,nocvar_g0.02,5742.924273905165,5627.127746127388,3248.49778287037,111230.50827298811,36870.132378223345,74360.37589476476,"{""nocvar_g0.00"": 32604.822019947103, ""cvar_t0.90_r0.05_g0.00"": 32058.818842521145, ""cvar_t0.90_r0.20_g0.00"": 32127.665720531248, ""cvar_t0.95_r0.05_g0.00"": 32058.818842521145, ""cvar_t0.95_r0.20_g0.00"": 32127.665720531248, ""nocvar_g0.02"": 31855.79094541878, ""cvar_t0.90_r0.05_g0.02"": 31985.055577013634, ""cvar_t0.90_r0.20_g0.02"": 32131.199839976594, ""cvar_t0.95_r0.05_g0.02"": 31993.929433737067, ""cvar_t0.95_r0.20_g0.02"": 32131.199839976594, ""nocvar_g0.05"": 31960.15106792335, ""cvar_t0.90_r0.05_g0.05"": 32033.59056998502, ""cvar_t0.90_r0.20_g0.05"": 32131.452488415467, ""cvar_t0.95_r0.05_g0.05"": 32043.01171728315, ""cvar_t0.95_r0.20_g0.05"": 32168.8843743965}",149,59050.707279039314,12050.315448066667,0.0,10615.59681072265,10739.400383616667,10615.59681072265,10739.400383616667
2025-06-02,152,nocvar_g0.02,3356.6250050925923,3248.49778287037,3151.0588157407406,93589.69879112372,39169.79904777406,54419.89974334967,"{""nocvar_g0.00"": 32270.37671802905, ""cvar_t0.90_r0.05_g0.00"": 32044.134562869, ""cvar_t0.90_r0.20_g0.00"": 32166.867449191883, ""cvar_t0.95_r0.05_g0.00"": 32044.134562869, ""cvar_t0.95_r0.20_g0.00"": 32166.867449191883, ""nocvar_g0.02"": 31824.716856574127, ""cvar_t0.90_r0.05_g0.02"": 32014.982447142927, ""cvar_t0.90_r0.20_g0.02"": 32169.287464752724, ""cvar_t0.95_r0.05_g0.02"": 32023.85630386636, ""cvar_t0.95_r0.20_g0.02"": 32169.287464752724, ""nocvar_g0.05"": 31955.375771377094, ""cvar_t0.90_r0.05_g0.05"": 32039.993614016323, ""cvar_t0.90_r0.20_g0.05"": 32170.698219503152, ""cvar_t0.95_r0.05_g0.05"": 32074.64300325179, ""cvar_t0.95_r0.20_g0.05"": 32208.130105484186}",150,63651.616823663826,8499.732019658635,142.95712999999978,18185.68070389016,14818.096440567697,18185.68070389016,14818.096440567697
2025-06-03,153,nocvar_g0.02,3218.6120657407405,3151.0588157407406,3968.690397685185,72213.15994400394,43007.741035316925,29205.41890868701,"{""nocvar_g0.00"": 34672.2837197574, ""cvar_t0.90_r0.05_g0.00"": 34534.111843024046, ""cvar_t0.90_r0.20_g0.00"": 34711.02828002116, ""cvar_t0.95_r0.05_g0.00"": 34534.111843024046, ""cvar_t0.95_r0.20_g0.00"": 34711.02828002116, ""nocvar_g0.02"": 34376.42746328276, ""cvar_t0.90_r0.05_g0.02"": 34561.539058430004, ""cvar_t0.90_r0.20_g0.02"": 34710.81889264998, ""cvar_t0.95_r0.05_g0.02"": 34581.913453830515, ""cvar_t0.95_r0.20_g0.02"": 34693.16930515602, ""nocvar_g0.05"": 34511.8158224083, ""cvar_t0.90_r0.05_g0.05"": 34591.580728272726, ""cvar_t0.90_r0.20_g0.05"": 34692.99681041543, ""cvar_t0.95_r0.05_g0.05"": 34623.44474700787, ""cvar_t0.95_r0.20_g0.05"": 34726.15106182516}",151,69538.1032247325,4689.991171583331,1538.1102866666688,19798.678171399177,15301.060895083334,19798.678171399177,15301.060895083334
2025-06-04,154,cvar_t0.90_r0.05_g0.00,4076.4279717592594,3968.690397685185,3751.879661851852,67938.95420045318,42891.20456906911,25047.749631384082,"{""nocvar_g0.00"": 36249.502563611815, ""cvar_t0.90_r0.05_g0.00"": 36090.90131195698, ""cvar_t0.90_r0.20_g0.00"": 36201.38556306554, ""cvar_t0.95_r0.05_g0.00"": 36090.90131195698, ""cvar_t0.95_r0.20_g0.00"": 36201.38556306554, ""nocvar_g0.02"": 36092.00481409263, ""cvar_t0.90_r0.05_g0.02"": 36218.926343397026, ""cvar_t0.90_r0.20_g0.02"": 36196.65616040798, ""cvar_t0.95_r0.05_g0.02"": 36218.93743144883, ""cvar_t0.95_r0.20_g0.02"": 36179.00657291402, ""nocvar_g0.05"": 36614.527194591494, ""cvar_t0.90_r0.05_g0.05"": 36417.64586046147, ""cvar_t0.90_r0.20_g0.05"": 36258.16191674195, ""cvar_t0.95_r0.05_g0.05"": 36397.563907865326, ""cvar_t0.95_r0.20_g0.05"": 36181.47779358126}",152,69419.78991637859,3690.3681396500033,97.0126983333331,18752.706333045262,15384.82179201666,18752.706333045262,15384.82179201666
2025-06-05,155,cvar_t0.95_r0.20_g0.05,3838.5468007407408,3751.879661851852,3454.9733743518514,50080.73852556622,46678.90269845731,3401.8358271089137,"{""nocvar_g0.00"": 37977.77496039258, ""cvar_t0.90_r0.05_g0.00"": 37658.28722648462, ""cvar_t0.90_r0.20_g0.00"": 36712.34188738763, ""cvar_t0.95_r0.05_g0.00"": 37658.28722648462, ""cvar_t0.95_r0.20_g0.00"": 36712.34188738763, ""nocvar_g0.02"": 37412.70770321882, ""cvar_t0.90_r0.05_g0.02"": 36749.93188466412, ""cvar_t0.90_r0.20_g0.02"": 36716.029646395895, ""cvar_t0.95_r0.05_g0.02"": 36746.87052842051, ""cvar_t0.95_r0.20_g0.02"": 36698.38005890193, ""nocvar_g0.05"": 37162.83672829389, ""cvar_t0.90_r0.05_g0.05"": 36964.59196889018, ""cvar_t0.90_r0.20_g0.05"": 36790.76334377475, ""cvar_t0.95_r0.05_g0.05"": 36943.05843884509, ""cvar_t0.95_r0.20_g0.05"": 36696.55417104922}",153,75377.3422482716,503.61926351666386,805.2212315843564,22071.778538353916,18145.35627481667,22071.778538353916,18145.35627481667
2025-06-06,156,cvar_t0.95_r0.20_g0.05,3579.225744722222,3454.9733743518514,3753.1991122222207,33100.50397640462,19186.23425908247,13914.269717322153,"{""nocvar_g0.00"": 39177.839317429105, ""cvar_t0.90_r0.05_g0.00"": 38453.3219063789, ""cvar_t0.90_r0.20_g0.00"": 36854.71581984043, ""cvar_t0.95_r0.05_g0.00"": 38453.3219063789, ""cvar_t0.95_r0.20_g0.00"": 36854.71581984043, ""nocvar_g0.02"": 38187.81438275521, ""cvar_t0.90_r0.05_g0.02"": 36882.05218526684, ""cvar_t0.90_r0.20_g0.02"": 36845.12535439384, ""cvar_t0.95_r0.05_g0.02"": 36878.99082902323, ""cvar_t0.95_r0.20_g0.02"": 36827.47576689987, ""nocvar_g0.05"": 37239.064278873826, ""cvar_t0.90_r0.05_g0.05"": 37039.17101453959, ""cvar_t0.90_r0.20_g0.05"": 36865.34238942417, ""cvar_t0.95_r0.05_g0.05"": 37017.6374844945, ""cvar_t0.95_r0.20_g0.05"": 36771.13321669863}",154,34214.45242974999,2078.2169906666645,2442.373572119342,14352.090969547322,11356.79052125,14352.090969547322,11356.79052125
2025-06-07,157,cvar_t0.95_r0.05_g0.02,3810.7053622222206,3753.1991122222207,4072.5229285185187,24338.719784624718,20152.09522826308,4186.62455636164,"{""nocvar_g0.00"": 40343.54406080216, ""cvar_t0.90_r0.05_g0.00"": 39484.01028164561, ""cvar_t0.90_r0.20_g0.00"": 37177.25643614246, ""cvar_t0.95_r0.05_g0.00"": 39484.01028164561, ""cvar_t0.95_r0.20_g0.00"": 37177.25643614246, ""nocvar_g0.02"": 38946.71728857362, ""cvar_t0.90_r0.05_g0.02"": 37090.77471996953, ""cvar_t0.90_r0.20_g0.02"": 37159.60740657208, ""cvar_t0.95_r0.05_g0.02"": 37087.713363725925, ""cvar_t0.95_r0.20_g0.02"": 37141.95781907812, ""nocvar_g0.05"": 37279.1961796495, ""cvar_t0.90_r0.05_g0.05"": 37225.673415307574, ""cvar_t0.90_r0.20_g0.05"": 37184.16534023024, ""cvar_t0.95_r0.05_g0.05"": 37204.139885262484, ""cvar_t0.95_r0.20_g0.05"": 37089.95616750471}",155,35520.97142376543,610.2222933333296,2072.5807682700797,13919.517618396585,10987.417836234566,13919.517618396585,10987.417836234566
2025-06-08,158,cvar_t0.95_r0.05_g0.02,4131.907928518519,4072.5229285185187,6140.279278506815,55671.75443226703,55671.75443226703,0.0,"{""nocvar_g0.00"": 41185.546566009594, ""cvar_t0.90_r0.05_g0.00"": 40407.54955225203, ""cvar_t0.90_r0.20_g0.00"": 37770.27373196136, ""cvar_t0.95_r0.05_g0.00"": 40407.54955225203, ""cvar_t0.95_r0.20_g0.00"": 37770.27373196136, ""nocvar_g0.02"": 39854.40159943023, ""cvar_t0.90_r0.05_g0.02"": 37683.48201819888, ""cvar_t0.90_r0.20_g0.02"": 37752.31470480143, ""cvar_t0.95_r0.05_g0.02"": 37680.42066195527, ""cvar_t0.95_r0.20_g0.02"": 37734.66511730747, ""nocvar_g0.05"": 37870.12676992345, ""cvar_t0.90_r0.05_g0.05"": 37818.04255880251, ""cvar_t0.90_r0.20_g0.05"": 37777.82857014819, ""cvar_t0.95_r0.05_g0.05"": 37797.803115180424, ""cvar_t0.95_r0.20_g0.05"": 37683.619397422655}",156,86878.37796219444,0.0,16550.175746206427,17275.25386490468,12131.974915583329,17275.25386490468,12131.974915583329
2025-06-09,159,cvar_t0.95_r0.20_g0.05,6211.351269247556,6140.279278506815,5145.852167499991,52721.206344336235,52691.642952669565,29.563391666667385,"{""nocvar_g0.00"": 41838.73326638488, ""cvar_t0.90_r0.05_g0.00"": 41009.18499913189, ""cvar_t0.90_r0.20_g0.00"": 38089.35848695509, ""cvar_t0.95_r0.05_g0.00"": 41009.18499913189, ""cvar_t0.95_r0.20_g0.00"": 38089.35848695509, ""nocvar_g0.02"": 40412.384989589606, ""cvar_t0.90_r0.05_g0.02"": 38005.505526625624, ""cvar_t0.90_r0.20_g0.02"": 38071.237588047166, ""cvar_t0.95_r0.05_g0.02"": 38002.44417038203, ""cvar_t0.95_r0.20_g0.02"": 38053.5880005532, ""nocvar_g0.05"": 38187.97991042874, ""cvar_t0.90_r0.05_g0.05"": 38135.895699307795, ""cvar_t0.90_r0.20_g0.05"": 38095.68171065347, ""cvar_t0.95_r0.05_g0.05"": 38115.65625568571, ""cvar_t0.95_r0.20_g0.05"": 38001.47253792793}",157,82710.26564100065,4.383333333333439,9205.486161152267,18270.70778818172,15694.257708333334,18270.70778818172,15694.257708333334
2025-06-10,160,cvar_t0.95_r0.20_g0.05,5218.286417499991,5145.852167499991,6016.428833222219,56961.35797351929,56961.35797351929,0.0,"{""nocvar_g0.00"": 42341.277958065635, ""cvar_t0.90_r0.05_g0.00"": 41515.02197153897, ""cvar_t0.90_r0.20_g0.00"": 38622.8012869465, ""cvar_t0.95_r0.05_g0.00"": 41515.02197153897, ""cvar_t0.95_r0.20_g0.00"": 38622.8012869465, ""nocvar_g0.02"": 40921.61552385091, ""cvar_t0.90_r0.05_g0.02"": 38560.89619301242, ""cvar_t0.90_r0.20_g0.02"": 38603.02787212223, ""cvar_t0.95_r0.05_g0.02"": 38557.83483676881, ""cvar_t0.95_r0.20_g0.02"": 38585.37828462826, ""nocvar_g0.05"": 38719.53981253684, ""cvar_t0.90_r0.05_g0.05"": 38670.110006418465, ""cvar_t0.90_r0.20_g0.05"": 38629.89601776415, ""cvar_t0.95_r0.05_g0.05"": 38649.87056279638, ""cvar_t0.95_r0.20_g0.05"": 38535.68684503861}",158,89459.39725722221,0.0,13306.063642962954,19744.054640925944,15209.165260000005,19744.054640925944,15209.165260000005
2025-06-11,161,cvar_t0.95_r0.20_g0.05,6071.790833222219,6016.428833222219,5648.717412296298,57980.08464352045,53954.73465642477,4025.3499870956775,"{""nocvar_g0.00"": 42757.647997051376, ""cvar_t0.90_r0.05_g0.00"": 41912.77940615484, ""cvar_t0.90_r0.20_g0.00"": 39174.93125129857, ""cvar_t0.95_r0.05_g0.00"": 41912.77940615484, ""cvar_t0.95_r0.20_g0.00"": 39174.93125129857, ""nocvar_g0.02"": 41325.418623152575, ""cvar_t0.90_r0.05_g0.02"": 39100.5321380485, ""cvar_t0.90_r0.20_g0.02"": 39142.6638171583, ""cvar_t0.95_r0.05_g0.02"": 39097.470781804885, ""cvar_t0.95_r0.20_g0.02"": 39125.01422966434, ""nocvar_g0.05"": 39255.3273567561, ""cvar_t0.90_r0.05_g0.05"": 39205.89755063773, ""cvar_t0.90_r0.20_g0.05"": 39165.6835619834, ""cvar_t0.95_r0.05_g0.05"": 39185.658107015646, ""cvar_t0.95_r0.20_g0.05"": 39071.47438925788}",159,84211.48985992654,825.0710858833338,5049.8354954732495,22280.102171069964,18377.823037399998,22280.102171069964,18377.823037399998
2025-06-12,162,cvar_t0.95_r0.05_g0.02,5674.653162296298,5648.717412296298,5975.0845384999975,51965.3001225758,51965.3001225758,0.0,"{""nocvar_g0.00"": 43208.13879558729, ""cvar_t0.90_r0.05_g0.00"": 42320.00648595449, ""cvar_t0.90_r0.20_g0.00"": 39835.08736702089, ""cvar_t0.95_r0.05_g0.00"": 42320.00648595449, ""cvar_t0.95_r0.20_g0.00"": 39835.08736702089, ""nocvar_g0.02"": 41746.37860168589, ""cvar_t0.90_r0.05_g0.02"": 39605.18037703698, ""cvar_t0.90_r0.20_g0.02"": 39780.55644798211, ""cvar_t0.95_r0.05_g0.02"": 39602.11902079337, ""cvar_t0.95_r0.20_g0.02"": 39762.906860488154, ""nocvar_g0.05"": 39961.05482466449, ""cvar_t0.90_r0.05_g0.05"": 39838.53104553271, ""cvar_t0.90_r0.20_g0.05"": 39797.25103947811, ""cvar_t0.95_r0.05_g0.05"": 39818.25161482517, ""cvar_t0.95_r0.20_g0.05"": 39703.04186675259}",160,80906.76314482,0.0,4294.930774876542,20345.844858035787,16186.403921425659,20345.844858035787,16186.403921425659
2025-06-13,163,cvar_t0.95_r0.05_g0.02,5981.653038499998,5975.0845384999975,5643.64460944333,20595.17293317151,20595.17293317151,0.0,"{""nocvar_g0.00"": 44499.7924338287, ""cvar_t0.90_r0.05_g0.00"": 43519.09422888752, ""cvar_t0.90_r0.20_g0.00"": 40611.00798393751, ""cvar_t0.95_r0.05_g0.00"": 43519.09422888752, ""cvar_t0.95_r0.20_g0.00"": 40611.00798393751, ""nocvar_g0.02"": 42965.74406736604, ""cvar_t0.90_r0.05_g0.02"": 40283.8145820541, ""cvar_t0.90_r0.20_g0.02"": 40534.5468127933, ""cvar_t0.95_r0.05_g0.02"": 40275.78251956259, ""cvar_t0.95_r0.20_g0.02"": 40516.89722529933, ""nocvar_g0.05"": 40723.158372214886, ""cvar_t0.90_r0.05_g0.05"": 40600.617110524225, ""cvar_t0.90_r0.20_g0.05"": 40544.844170038625, ""cvar_t0.95_r0.05_g0.05"": 40580.33767981669, ""cvar_t0.95_r0.20_g0.05"": 40450.63658829332}",161,34312.36233001563,0.0,3456.620652078191,14782.75744257078,12272.329464633334,14782.75744257078,12272.329464633334
2025-06-14,164,cvar_t0.95_r0.05_g0.02,5711.24960944333,5643.64460944333,5964.199828609046,21218.014492518494,21120.074145686893,97.94034683160189,"{""nocvar_g0.00"": 45054.25028798443, ""cvar_t0.90_r0.05_g0.00"": 44083.14076616173, ""cvar_t0.90_r0.20_g0.00"": 41181.524170710916, ""cvar_t0.95_r0.05_g0.00"": 44083.14076616173, ""cvar_t0.95_r0.20_g0.00"": 41181.524170710916, ""nocvar_g0.02"": 43519.88593326068, ""cvar_t0.90_r0.05_g0.02"": 40840.235886962546, ""cvar_t0.90_r0.20_g0.02"": 41104.77128342471, ""cvar_t0.95_r0.05_g0.02"": 40831.64278861239, ""cvar_t0.95_r0.20_g0.02"": 41087.12169593074, ""nocvar_g0.05"": 41290.266907570716, ""cvar_t0.90_r0.05_g0.05"": 41168.507958760325, ""cvar_t0.90_r0.20_g0.05"": 41125.68298610119, ""cvar_t0.95_r0.05_g0.05"": 41154.439970137195, ""cvar_t0.95_r0.20_g0.05"": 41030.66439247779}",162,35046.047026951,25.62541780000049,5761.504286041362,14885.924797160493,11769.099388450853,14885.924797160493,11769.099388450853
2025-06-15,165,cvar_t0.95_r0.05_g0.02,5926.126828609046,5964.199828609046,8166.75901464815,58784.93824686835,58784.93824686835,0.0,"{""nocvar_g0.00"": 45181.04210808992, ""cvar_t0.90_r0.05_g0.00"": 44220.7347510536, ""cvar_t0.90_r0.20_g0.00"": 41356.304696292136, ""cvar_t0.95_r0.05_g0.00"": 44220.7347510536, ""cvar_t0.95_r0.20_g0.00"": 41356.304696292136, ""nocvar_g0.02"": 43655.53231045389, ""cvar_t0.90_r0.05_g0.02"": 40991.73123736634, ""cvar_t0.90_r0.20_g0.02"": 41279.77806134273, ""cvar_t0.95_r0.05_g0.02"": 40983.13813901619, ""cvar_t0.95_r0.20_g0.02"": 41262.12847384877, ""nocvar_g0.05"": 41466.27499325673, ""cvar_t0.90_r0.05_g0.05"": 41344.06622528715, ""cvar_t0.90_r0.20_g0.05"": 41301.241252628, ""cvar_t0.95_r0.05_g0.05"": 41329.998236664, ""cvar_t0.95_r0.20_g0.05"": 41206.222659004605}",163,89529.56940659159,0.0,13229.802632642592,19423.627227265664,13750.834786649997,19423.627227265664,13750.834786649997
2025-06-16,166,cvar_t0.95_r0.05_g0.02,8153.99026464815,8166.75901464815,8287.483019537036,58386.48282313117,58386.48282313117,0.0,"{""nocvar_g0.00"": 45352.87861291815, ""cvar_t0.90_r0.05_g0.00"": 44422.14492471834, ""cvar_t0.90_r0.20_g0.00"": 41588.904860106006, ""cvar_t0.95_r0.05_g0.00"": 44422.14492471834, ""cvar_t0.95_r0.20_g0.00"": 41588.904860106006, ""nocvar_g0.02"": 43873.0584665544, ""cvar_t0.90_r0.05_g0.02"": 41178.52940741607, ""cvar_t0.90_r0.20_g0.02"": 41511.69468486005, ""cvar_t0.95_r0.05_g0.02"": 41169.93630906592, ""cvar_t0.95_r0.20_g0.02"": 41494.045097366085, ""nocvar_g0.05"": 41747.088437214545, ""cvar_t0.90_r0.05_g0.05"": 41579.061808232254, ""cvar_t0.90_r0.20_g0.05"": 41536.236835573116, ""cvar_t0.95_r0.05_g0.05"": 41564.993819609124, ""cvar_t0.95_r0.20_g0.05"": 41441.21824194972}",164,89839.64759115802,0.0,13625.783436183741,17953.472283724277,14433.660945416665,17953.472283724277,14433.660945416665
2025-06-17,167,cvar_t0.95_r0.05_g0.02,8256.154769537035,8287.483019537036,6502.110497800871,51509.04976878056,51509.04976878056,0.0,"{""nocvar_g0.00"": 46048.16850709479, ""cvar_t0.90_r0.05_g0.00"": 45124.16415981803, ""cvar_t0.90_r0.20_g0.00"": 42412.16727656042, ""cvar_t0.95_r0.05_g0.00"": 45124.16415981803, ""cvar_t0.95_r0.20_g0.00"": 42412.16727656042, ""nocvar_g0.02"": 44578.880652825464, ""cvar_t0.90_r0.05_g0.02"": 41986.81731349037, ""cvar_t0.90_r0.20_g0.02"": 42333.01169673021, ""cvar_t0.95_r0.05_g0.02"": 41978.22421514022, ""cvar_t0.95_r0.20_g0.02"": 42315.362109236245, ""nocvar_g0.05"": 42566.687588381705, ""cvar_t0.90_r0.05_g0.05"": 42398.660959399414, ""cvar_t0.90_r0.20_g0.05"": 42355.83598674027, ""cvar_t0.95_r0.05_g0.05"": 42384.59297077629, ""cvar_t0.95_r0.20_g0.05"": 42260.81739311688}",165,78985.7596152469,0.0,2280.4882890946483,19342.60725814815,17274.34714866255,19342.60725814815,17274.34714866255
2025-06-18,168,cvar_t0.95_r0.05_g0.02,6470.80924780087,6502.110497800871,7448.166167796297,52887.02503762222,52887.02503762222,0.0,"{""nocvar_g0.00"": 46727.278382376935, ""cvar_t0.90_r0.05_g0.00"": 45869.2655229213, ""cvar_t0.90_r0.20_g0.00"": 43239.13042370789, ""cvar_t0.95_r0.05_g0.00"": 45869.2655229213, ""cvar_t0.95_r0.20_g0.00"": 43239.13042370789, ""nocvar_g0.02"": 45302.49295827058, ""cvar_t0.90_r0.05_g0.02"": 42738.48897746379, ""cvar_t0.90_r0.20_g0.02"": 43158.836167040456, ""cvar_t0.95_r0.05_g0.02"": 42729.89587911364, ""cvar_t0.95_r0.20_g0.02"": 43141.18657954649, ""nocvar_g0.05"": 43309.69091175006, ""cvar_t0.90_r0.05_g0.05"": 43208.0788949957, ""cvar_t0.90_r0.20_g0.05"": 43165.25392233657, ""cvar_t0.95_r0.05_g0.05"": 43194.010906372576, ""cvar_t0.95_r0.20_g0.05"": 43070.23532871316}",166,82913.58295394553,0.0,7426.873870246913,19509.83200369862,14951.513819999998,19509.83200369862,14951.513819999998
2025-06-19,169,cvar_t0.95_r0.05_g0.02,7442.033417796297,7448.166167796297,7689.008165609739,54125.25030606665,54041.071442733315,84.17886333333189,"{""nocvar_g0.00"": 47211.633598433524, ""cvar_t0.90_r0.05_g0.00"": 46343.88682010817, ""cvar_t0.90_r0.20_g0.00"": 43926.34635992669, ""cvar_t0.95_r0.05_g0.00"": 46343.88682010817, ""cvar_t0.95_r0.20_g0.00"": 43926.34635992669, ""nocvar_g0.02"": 45809.980038410824, ""cvar_t0.90_r0.05_g0.02"": 43237.40547428016, ""cvar_t0.90_r0.20_g0.02"": 43834.69997586324, ""cvar_t0.95_r0.05_g0.02"": 43228.81237593001, ""cvar_t0.95_r0.20_g0.02"": 43817.05038836928, ""nocvar_g0.05"": 43818.51954996846, ""cvar_t0.90_r0.05_g0.05"": 43894.65365479038, ""cvar_t0.90_r0.20_g0.05"": 43825.820352202456, ""cvar_t0.95_r0.05_g0.05"": 43880.58566616726, ""cvar_t0.95_r0.20_g0.05"": 43730.80175857905}",167,83325.87026715191,12.486666666666451,11266.80176963238,18922.59561133744,15110.544647151235,18922.59561133744,15110.544647151235
2025-06-20,170,cvar_t0.95_r0.05_g0.02,7741.654415609739,7689.008165609739,7708.649154240744,22195.22862889065,22195.22862889065,0.0,"{""nocvar_g0.00"": 47784.17116335447, ""cvar_t0.90_r0.05_g0.00"": 46939.8846068293, ""cvar_t0.90_r0.20_g0.00"": 44650.90161923494, ""cvar_t0.95_r0.05_g0.00"": 46939.8846068293, ""cvar_t0.95_r0.20_g0.00"": 44650.90161923494, ""nocvar_g0.02"": 46401.28279488143, ""cvar_t0.90_r0.05_g0.02"": 43864.3233086239, ""cvar_t0.90_r0.20_g0.02"": 44548.47674480739, ""cvar_t0.95_r0.05_g0.02"": 43855.176168601734, ""cvar_t0.95_r0.20_g0.02"": 44530.827157313426, ""nocvar_g0.05"": 44424.84924035898, ""cvar_t0.90_r0.05_g0.05"": 44635.65895753676, ""cvar_t0.90_r0.20_g0.05"": 44545.43158557, ""cvar_t0.95_r0.05_g0.05"": 44618.88090873784, ""cvar_t0.95_r0.20_g0.05"": 44437.46899847053}",168,35573.47212887304,0.0,10369.09126464136,14663.80591823045,11860.005903998765,14663.80591823045,11860.005903998765
2025-06-21,171,cvar_t0.95_r0.05_g0.02,7739.945904240743,7708.649154240744,8272.014291407406,22535.00649502012,22535.00649502012,0.0,"{""nocvar_g0.00"": 48433.74569597911, ""cvar_t0.90_r0.05_g0.00"": 47562.97804691396, ""cvar_t0.90_r0.20_g0.00"": 45300.37319439812, ""cvar_t0.95_r0.05_g0.00"": 47562.97804691396, ""cvar_t0.95_r0.20_g0.00"": 45300.37319439812, ""nocvar_g0.02"": 46975.478224689614, ""cvar_t0.90_r0.05_g0.02"": 44482.79276272084, ""cvar_t0.90_r0.20_g0.02"": 45199.22558274853, ""cvar_t0.95_r0.05_g0.02"": 44473.645622698685, ""cvar_t0.95_r0.20_g0.02"": 45181.57599525456, ""nocvar_g0.05"": 44999.65526849758, ""cvar_t0.90_r0.05_g0.05"": 45248.298640126886, ""cvar_t0.90_r0.20_g0.05"": 45197.762242754055, ""cvar_t0.95_r0.05_g0.05"": 45233.55876149223, ""cvar_t0.95_r0.20_g0.05"": 45089.7996556546}",169,35760.86622618107,0.0,12975.296772672646,15493.686473991771,12042.857420483339,15493.686473991771,12042.857420483339
2025-06-22,172,cvar_t0.95_r0.05_g0.02,8209.585041407407,8272.014291407406,7550.016377500004,51524.174741394076,51524.174741394076,0.0,"{""nocvar_g0.00"": 48695.05880713985, ""cvar_t0.90_r0.05_g0.00"": 47818.08899253229, ""cvar_t0.90_r0.20_g0.00"": 45607.84898209833, ""cvar_t0.95_r0.05_g0.00"": 47818.08899253229, ""cvar_t0.95_r0.20_g0.00"": 45607.84898209833, ""nocvar_g0.02"": 47255.35787715317, ""cvar_t0.90_r0.05_g0.02"": 44748.534272658704, ""cvar_t0.90_r0.20_g0.02"": 45507.629195038186, ""cvar_t0.95_r0.05_g0.02"": 44739.38713263655, ""cvar_t0.95_r0.20_g0.02"": 45489.97960754422, ""nocvar_g0.05"": 45283.801865227004, ""cvar_t0.90_r0.05_g0.05"": 45573.28777120873, ""cvar_t0.90_r0.20_g0.05"": 45507.1469159515, ""cvar_t0.95_r0.05_g0.05"": 45558.54789257407, ""cvar_t0.95_r0.20_g0.05"": 45399.18432885204}",170,79597.53841448786,0.0,9689.557463047528,16318.094599773667,13867.454748333332,16318.094599773667,13867.454748333332
2025-06-23,173,cvar_t0.95_r0.05_g0.02,7528.827377500003,7550.016377500004,7641.452041203703,49416.710843570574,49416.710843570574,0.0,"{""nocvar_g0.00"": 48922.91122600108, ""cvar_t0.90_r0.05_g0.00"": 48034.85843223522, ""cvar_t0.90_r0.20_g0.00"": 45936.099432930976, ""cvar_t0.95_r0.05_g0.00"": 48034.85843223522, ""cvar_t0.95_r0.20_g0.00"": 45936.099432930976, ""nocvar_g0.02"": 47495.95229292858, ""cvar_t0.90_r0.05_g0.02"": 44986.245751893395, ""cvar_t0.90_r0.20_g0.02"": 45832.82723476214, ""cvar_t0.95_r0.05_g0.02"": 44977.09861187124, ""cvar_t0.95_r0.20_g0.02"": 45815.177647268174, ""nocvar_g0.05"": 45529.606984784725, ""cvar_t0.90_r0.05_g0.05"": 45928.831793217585, ""cvar_t0.90_r0.20_g0.05"": 45830.371806549316, ""cvar_t0.95_r0.05_g0.05"": 45914.09191458293, ""cvar_t0.95_r0.20_g0.05"": 45722.40921944985}",171,77121.73135239299,0.0,6231.737587763377,19717.977196296288,15889.269431666668,19717.977196296288,15889.269431666668
2025-06-24,174,cvar_t0.95_r0.05_g0.02,7627.360291203703,7641.452041203703,5600.336776500001,71461.45222348557,47996.347780453114,23465.10444303245,"{""nocvar_g0.00"": 49374.989369575494, ""cvar_t0.90_r0.05_g0.00"": 48527.58279178406, ""cvar_t0.90_r0.20_g0.00"": 46574.99855866481, ""cvar_t0.95_r0.05_g0.00"": 48527.58279178406, ""cvar_t0.95_r0.20_g0.00"": 46574.99855866481, ""nocvar_g0.02"": 47981.83846646115, ""cvar_t0.90_r0.05_g0.02"": 45508.91178155855, ""cvar_t0.90_r0.20_g0.02"": 46458.31611268273, ""cvar_t0.95_r0.05_g0.02"": 45499.76464153639, ""cvar_t0.95_r0.20_g0.02"": 46440.66652518877, ""nocvar_g0.05"": 46026.59973353403, ""cvar_t0.90_r0.05_g0.05"": 46550.94848980235, ""cvar_t0.90_r0.20_g0.05"": 46452.488503134075, ""cvar_t0.95_r0.05_g0.05"": 46536.20861116769, ""cvar_t0.95_r0.20_g0.05"": 46344.52591603461}",172,74693.53961899178,4196.597663261544,1082.7754315843658,17766.175467906793,16227.605867237839,17766.175467906793,16227.605867237839
2025-06-25,175,cvar_t0.95_r0.05_g0.02,5615.735776500001,5600.336776500001,7846.683304398723,52981.708502180714,52981.708502180714,0.0,"{""nocvar_g0.00"": 49816.256962688036, ""cvar_t0.90_r0.05_g0.00"": 48976.49526369892, ""cvar_t0.90_r0.20_g0.00"": 47304.146083476735, ""cvar_t0.95_r0.05_g0.00"": 48976.49526369892, ""cvar_t0.95_r0.20_g0.00"": 47304.146083476735, ""nocvar_g0.02"": 48427.21510295294, ""cvar_t0.90_r0.05_g0.02"": 45967.60704044298, ""cvar_t0.90_r0.20_g0.02"": 47186.98872309625, ""cvar_t0.95_r0.05_g0.02"": 45958.45990042082, ""cvar_t0.95_r0.20_g0.02"": 47169.33913560229, ""nocvar_g0.05"": 46429.80318975167, ""cvar_t0.90_r0.05_g0.05"": 47048.86262763612, ""cvar_t0.90_r0.20_g0.05"": 47181.7399519561, ""cvar_t0.95_r0.05_g0.05"": 47026.578273116545, ""cvar_t0.95_r0.20_g0.05"": 47073.777364856636}",173,82066.45777901236,0.0,5554.600695720168,21330.125481666662,15255.689765041148,21330.125481666662,15255.689765041148
2025-06-26,176,cvar_t0.95_r0.05_g0.02,7828.336054398723,7846.683304398723,6875.775665831481,52821.72717940848,52821.72717940848,0.0,"{""nocvar_g0.00"": 51407.588050446866, ""cvar_t0.90_r0.05_g0.00"": 50306.35482152495, ""cvar_t0.90_r0.20_g0.00"": 48287.81285315652, ""cvar_t0.95_r0.05_g0.00"": 50306.35482152495, ""cvar_t0.95_r0.20_g0.00"": 48287.81285315652, ""nocvar_g0.02"": 50013.94621888908, ""cvar_t0.90_r0.05_g0.02"": 47217.667284566574, ""cvar_t0.90_r0.20_g0.02"": 48169.605680532346, ""cvar_t0.95_r0.05_g0.02"": 47208.80451589495, ""cvar_t0.95_r0.20_g0.02"": 48151.95609303839, ""nocvar_g0.05"": 48035.36866861095, ""cvar_t0.90_r0.05_g0.05"": 48430.72333594002, ""cvar_t0.90_r0.20_g0.05"": 48177.52531144194, ""cvar_t0.95_r0.05_g0.05"": 48407.496182947936, ""cvar_t0.95_r0.20_g0.05"": 48063.40930230023}",174,80412.05710546847,0.0,10671.290578868295,16143.155620933514,13949.772927666654,16143.155620933514,13949.772927666654
2025-06-27,177,cvar_t0.95_r0.05_g0.02,6870.584165831481,6875.775665831481,7869.9193033888905,20937.20421535275,20937.20421535275,0.0,"{""nocvar_g0.00"": 51880.38817882266, ""cvar_t0.90_r0.05_g0.00"": 50942.43557817151, ""cvar_t0.90_r0.20_g0.00"": 48927.50358604216, ""cvar_t0.95_r0.05_g0.00"": 50942.43557817151, ""cvar_t0.95_r0.20_g0.00"": 48927.50358604216, ""nocvar_g0.02"": 50526.48520449324, ""cvar_t0.90_r0.05_g0.02"": 47830.870836709575, ""cvar_t0.90_r0.20_g0.02"": 48810.61067081971, ""cvar_t0.95_r0.05_g0.02"": 47822.008068037954, ""cvar_t0.95_r0.20_g0.02"": 48792.96108332575, ""nocvar_g0.05"": 48487.41124707551, ""cvar_t0.90_r0.05_g0.05"": 48958.151800129104, ""cvar_t0.90_r0.20_g0.05"": 48808.265667582884, ""cvar_t0.95_r0.05_g0.05"": 48933.55716390717, ""cvar_t0.95_r0.20_g0.05"": 48706.2727675676}",175,34030.79760053665,0.0,10330.730844435187,15966.797977016464,12038.377087581666,15966.797977016464,12038.377087581666
2025-06-28,178,cvar_t0.95_r0.05_g0.02,7836.57430338889,7869.9193033888905,7990.670792703708,20662.016775268658,20662.016775268658,0.0,"{""nocvar_g0.00"": 52055.4201897579, ""cvar_t0.90_r0.05_g0.00"": 51206.09344216132, ""cvar_t0.90_r0.20_g0.00"": 49261.77520440331, ""cvar_t0.95_r0.05_g0.00"": 51206.09344216132, ""cvar_t0.95_r0.20_g0.00"": 49261.77520440331, ""nocvar_g0.02"": 50776.87513276092, ""cvar_t0.90_r0.05_g0.02"": 48151.89236118104, ""cvar_t0.90_r0.20_g0.02"": 49145.249589394654, ""cvar_t0.95_r0.05_g0.02"": 48143.02959250942, ""cvar_t0.95_r0.20_g0.02"": 49127.60000190069, ""nocvar_g0.05"": 48772.40093994882, ""cvar_t0.90_r0.05_g0.05"": 49273.18827553499, ""cvar_t0.90_r0.20_g0.05"": 49141.73158791205, ""cvar_t0.95_r0.05_g0.05"": 49248.593639313054, ""cvar_t0.95_r0.20_g0.05"": 49039.738687896766}",176,33776.440115211,0.0,8988.407587955962,15275.947737921233,12264.84132733286,15275.947737921233,12264.84132733286
2025-06-29,179,cvar_t0.95_r0.05_g0.02,8046.041792703708,7990.670792703708,8372.430310629627,55852.14694098901,55852.14694098901,0.0,"{""nocvar_g0.00"": 52222.12039791093, ""cvar_t0.90_r0.05_g0.00"": 51402.5632465648, ""cvar_t0.90_r0.20_g0.00"": 49497.09648433058, ""cvar_t0.95_r0.05_g0.00"": 51402.5632465648, ""cvar_t0.95_r0.20_g0.00"": 49497.09648433058, ""nocvar_g0.02"": 50939.54960509388, ""cvar_t0.90_r0.05_g0.02"": 48354.38978946115, ""cvar_t0.90_r0.20_g0.02"": 49380.95257041259, ""cvar_t0.95_r0.05_g0.02"": 48345.52702078952, ""cvar_t0.95_r0.20_g0.02"": 49363.302982918634, ""nocvar_g0.05"": 48915.85285750195, ""cvar_t0.90_r0.05_g0.05"": 49466.06769314343, ""cvar_t0.90_r0.20_g0.05"": 49378.80936769239, ""cvar_t0.95_r0.05_g0.05"": 49443.558519470935, ""cvar_t0.95_r0.20_g0.05"": 49276.81646767711}",177,86194.07749455699,0.0,13511.084697795683,16166.529985761308,12751.305722333342,16166.529985761308,12751.305722333342
2025-06-30,180,cvar_t0.95_r0.05_g0.02,8370.583060629628,8372.430310629627,7391.845370814808,48260.846298031676,48260.846298031676,0.0,"{""nocvar_g0.00"": 52397.54886685801, ""cvar_t0.90_r0.05_g0.00"": 51555.772740350214, ""cvar_t0.90_r0.20_g0.00"": 49788.66657542552, ""cvar_t0.95_r0.05_g0.00"": 51555.772740350214, ""cvar_t0.95_r0.20_g0.00"": 49788.66657542552, ""nocvar_g0.02"": 51129.15997803107, ""cvar_t0.90_r0.05_g0.02"": 48522.75533951633, ""cvar_t0.90_r0.20_g0.02"": 49670.62554338477, ""cvar_t0.95_r0.05_g0.02"": 48513.8925708447, ""cvar_t0.95_r0.20_g0.02"": 49652.975955890804, ""nocvar_g0.05"": 49104.85751075467, ""cvar_t0.90_r0.05_g0.05"": 49655.737488260434, ""cvar_t0.90_r0.20_g0.05"": 49670.3318557201, ""cvar_t0.95_r0.05_g0.05"": 49608.0000726506, ""cvar_t0.95_r0.20_g0.05"": 49568.33895570483}",178,74163.06249117284,0.0,1799.950750390943,17726.074754115234,15240.646996666666,17726.074754115234,15240.646996666666
2025-07-01,181,cvar_t0.95_r0.05_g0.02,7546.664870814808,7391.845370814808,3942.9095914814816,57181.39877879532,51391.38421763973,5790.014561155591,"{""nocvar_g0.00"": 50368.53331994188, ""cvar_t0.90_r0.05_g0.00"": 49615.90736338593, ""cvar_t0.90_r0.20_g0.00"": 47935.8800407063, ""cvar_t0.95_r0.05_g0.00"": 49615.90736338593, ""cvar_t0.95_r0.20_g0.00"": 47935.8800407063, ""nocvar_g0.02"": 49107.38387919236, ""cvar_t0.90_r0.05_g0.02"": 46588.4378009959, ""cvar_t0.90_r0.20_g0.02"": 47823.16588367715, ""cvar_t0.95_r0.05_g0.02"": 46568.0744936472, ""cvar_t0.95_r0.20_g0.02"": 47823.16588367715, ""nocvar_g0.05"": 46913.33143745795, ""cvar_t0.90_r0.05_g0.05"": 47660.63225176898, ""cvar_t0.90_r0.20_g0.05"": 47823.18988364988, ""cvar_t0.95_r0.05_g0.05"": 47624.85467813741, ""cvar_t0.95_r0.20_g0.05"": 47725.47461820591}",179,78884.04888918682,1129.360620636758,659.4026887242909,18902.65783771555,18415.195049949594,18902.65783771555,18415.195049949594
2025-07-02,182,nocvar_g0.05,4061.948072962963,3942.9095914814816,3611.1363337037033,61547.70461338766,47521.96123706816,14025.7433763195,"{""nocvar_g0.00"": 48736.043927810075, ""cvar_t0.90_r0.05_g0.00"": 48100.958473598694, ""cvar_t0.90_r0.20_g0.00"": 46803.47435067481, ""cvar_t0.95_r0.05_g0.00"": 48100.958473598694, ""cvar_t0.95_r0.20_g0.00"": 46803.47435067481, ""nocvar_g0.02"": 47450.91341900907, ""cvar_t0.90_r0.05_g0.02"": 45054.743941979075, ""cvar_t0.90_r0.20_g0.02"": 46696.2248663445, ""cvar_t0.95_r0.05_g0.02"": 45054.743941979075, ""cvar_t0.95_r0.20_g0.02"": 46696.2248663445, ""nocvar_g0.05"": 44864.26663721154, ""cvar_t0.90_r0.05_g0.05"": 45924.540559587906, ""cvar_t0.90_r0.20_g0.05"": 46623.08150130654, ""cvar_t0.95_r0.05_g0.05"": 45952.71846697358, ""cvar_t0.95_r0.20_g0.05"": 46635.20461043297}",180,75860.11501960762,2347.585478086814,1766.4352827160378,20184.70937006174,16648.210521750014,20184.70937006174,16648.210521750014
2025-07-03,183,cvar_t0.95_r0.05_g0.02,3704.5180837037033,3611.1363337037033,3691.147386574074,68108.50766266033,52223.96089194393,15884.546770716403,"{""nocvar_g0.00"": 47763.3593589438, ""cvar_t0.90_r0.05_g0.00"": 47299.58397523545, ""cvar_t0.90_r0.20_g0.00"": 46911.178938235156, ""cvar_t0.95_r0.05_g0.00"": 47299.58397523545, ""cvar_t0.95_r0.20_g0.00"": 46911.178938235156, ""nocvar_g0.02"": 47438.140510699144, ""cvar_t0.90_r0.05_g0.02"": 45292.19103313189, ""cvar_t0.90_r0.20_g0.02"": 46796.181572148715, ""cvar_t0.95_r0.05_g0.02"": 45290.678002085195, ""cvar_t0.95_r0.20_g0.02"": 46796.181572148715, ""nocvar_g0.05"": 45776.00802407396, ""cvar_t0.90_r0.05_g0.05"": 46691.78603641856, ""cvar_t0.90_r0.20_g0.05"": 46718.42071731876, ""cvar_t0.95_r0.05_g0.05"": 46720.61065530408, ""cvar_t0.95_r0.20_g0.05"": 46741.726666131566}",181,81358.7325415932,2562.97983039263,222.27495000000113,20352.676531942998,16413.658043290496,20352.676531942998,16413.658043290496
2025-07-04,184,cvar_t0.95_r0.05_g0.02,3748.6581365740744,3691.147386574074,3664.531772777777,35784.568852397395,22569.09367216352,13215.475180233876,"{""nocvar_g0.00"": 47092.76658185396, ""cvar_t0.90_r0.05_g0.00"": 46891.540294320075, ""cvar_t0.90_r0.20_g0.00"": 47094.93448868336, ""cvar_t0.95_r0.05_g0.00"": 46891.540294320075, ""cvar_t0.95_r0.20_g0.00"": 47094.93448868336, ""nocvar_g0.02"": 47171.307976431985, ""cvar_t0.90_r0.05_g0.02"": 45594.65500360772, ""cvar_t0.90_r0.20_g0.02"": 46983.72592921417, ""cvar_t0.95_r0.05_g0.02"": 45586.43757732476, ""cvar_t0.95_r0.20_g0.02"": 46983.72592921417, ""nocvar_g0.05"": 46255.35265033233, ""cvar_t0.90_r0.05_g0.05"": 47118.99622238004, ""cvar_t0.90_r0.20_g0.05"": 46917.42167873085, ""cvar_t0.95_r0.05_g0.05"": 47040.63270866308, ""cvar_t0.95_r0.20_g0.05"": 46940.72762754366}",182,38166.480897012545,3046.3292839323276,9760.98953333333,13657.406491376545,11086.453310431662,13657.406491376545,11086.453310431662
2025-07-05,185,cvar_t0.95_r0.05_g0.02,3767.333893148147,3664.531772777777,3627.582638611111,29871.0289214349,23882.354017173766,5988.674904261134,"{""nocvar_g0.00"": 46697.37903981714, ""cvar_t0.90_r0.05_g0.00"": 46700.28672732683, ""cvar_t0.90_r0.20_g0.00"": 47705.97584769176, ""cvar_t0.95_r0.05_g0.00"": 46700.28672732683, ""cvar_t0.95_r0.20_g0.00"": 47705.97584769176, ""nocvar_g0.02"": 47186.610192033324, ""cvar_t0.90_r0.05_g0.02"": 46243.08615872652, ""cvar_t0.90_r0.20_g0.02"": 47599.69480732719, ""cvar_t0.95_r0.05_g0.02"": 46234.86873244356, ""cvar_t0.95_r0.20_g0.02"": 47599.69480732719, ""nocvar_g0.05"": 46959.79032224382, ""cvar_t0.90_r0.05_g0.05"": 47761.60689517758, ""cvar_t0.90_r0.20_g0.05"": 47520.19807293082, ""cvar_t0.95_r0.05_g0.05"": 47682.65862393001, ""cvar_t0.95_r0.20_g0.05"": 47543.50402174364}",183,40808.076897833336,1058.358208716663,10363.689966666665,14452.207336666666,11739.542163450002,14452.207336666666,11739.542163450002
2025-07-06,186,cvar_t0.95_r0.05_g0.02,3742.0253886111113,3627.582638611111,3799.9800584481477,90561.45153121557,49945.39927731523,40616.05225390034,"{""nocvar_g0.00"": 46543.579321808334, ""cvar_t0.90_r0.05_g0.00"": 46487.29757163045, ""cvar_t0.90_r0.20_g0.00"": 47538.17890142653, ""cvar_t0.95_r0.05_g0.00"": 46487.29757163045, ""cvar_t0.95_r0.20_g0.00"": 47538.17890142653, ""nocvar_g0.02"": 46987.67525304336, ""cvar_t0.90_r0.05_g0.02"": 46338.40433473054, ""cvar_t0.90_r0.20_g0.02"": 47433.57696774014, ""cvar_t0.95_r0.05_g0.02"": 46330.18690844759, ""cvar_t0.95_r0.20_g0.02"": 47433.57696774014, ""nocvar_g0.05"": 46865.21737628875, ""cvar_t0.90_r0.05_g0.05"": 47661.72227818477, ""cvar_t0.90_r0.20_g0.05"": 47354.52268451302, ""cvar_t0.95_r0.05_g0.05"": 47582.72898262539, ""cvar_t0.95_r0.20_g0.05"": 47377.82863332583}",184,78913.59162333333,6148.651103133336,1714.8823983333339,17885.374212,14331.995433866661,17885.374212,14331.995433866661
2025-07-07,187,cvar_t0.95_r0.05_g0.02,3933.049715855555,3799.9800584481477,3782.4108892592603,55525.05071276021,48833.41596707765,6691.63474568256,"{""nocvar_g0.00"": 46787.45208953955, ""cvar_t0.90_r0.05_g0.00"": 46705.820821105845, ""cvar_t0.90_r0.20_g0.00"": 47738.41020437721, ""cvar_t0.95_r0.05_g0.00"": 46705.820821105845, ""cvar_t0.95_r0.20_g0.00"": 47738.41020437721, ""nocvar_g0.02"": 47251.663794308646, ""cvar_t0.90_r0.05_g0.02"": 46535.98680390233, ""cvar_t0.90_r0.20_g0.02"": 47631.15943691193, ""cvar_t0.95_r0.05_g0.02"": 46527.76937761938, ""cvar_t0.95_r0.20_g0.02"": 47631.15943691193, ""nocvar_g0.05"": 47069.67304513899, ""cvar_t0.90_r0.05_g0.05"": 47856.412079924594, ""cvar_t0.90_r0.20_g0.05"": 47549.21248625285, ""cvar_t0.95_r0.05_g0.05"": 47777.418784365225, ""cvar_t0.95_r0.20_g0.05"": 47572.51843506567}",185,76063.61176236831,1198.5431723333431,295.8086649999998,18803.55660686831,15246.693103833324,18803.55660686831,15246.693103833324
2025-07-08,188,cvar_t0.95_r0.05_g0.02,3830.9666392592603,3782.4108892592603,6521.053404981483,59677.692679581574,59457.04851458158,220.64416499999936,"{""nocvar_g0.00"": 48709.25006019293, ""cvar_t0.90_r0.05_g0.00"": 48076.17573541565, ""cvar_t0.90_r0.20_g0.00"": 48201.74526861504, ""cvar_t0.95_r0.05_g0.00"": 48076.17573541565, ""cvar_t0.95_r0.20_g0.00"": 48201.74526861504, ""nocvar_g0.02"": 49049.29128330898, ""cvar_t0.90_r0.05_g0.02"": 47778.362495197835, ""cvar_t0.90_r0.20_g0.02"": 48096.091733964735, ""cvar_t0.95_r0.05_g0.02"": 47773.82998829611, ""cvar_t0.95_r0.20_g0.02"": 48096.091733964735, ""nocvar_g0.05"": 48779.974309690864, ""cvar_t0.90_r0.05_g0.05"": 49535.55454613497, ""cvar_t0.90_r0.20_g0.05"": 48794.7870856013, ""cvar_t0.95_r0.05_g0.05"": 49351.88090845719, ""cvar_t0.95_r0.20_g0.05"": 48042.87183108142}",186,92316.65855041172,32.73166666666657,9975.816007160494,22828.468047901228,16026.280854649998,22828.468047901228,16026.280854649998
2025-07-09,189,cvar_t0.95_r0.05_g0.02,6541.419654981483,6521.053404981483,5870.005106656051,52969.011101581666,52686.67708158166,282.3340199999985,"{""nocvar_g0.00"": 48982.32554470066, ""cvar_t0.90_r0.05_g0.00"": 48299.65612646753, ""cvar_t0.90_r0.20_g0.00"": 48285.93386030586, ""cvar_t0.95_r0.05_g0.00"": 48299.65612646753, ""cvar_t0.95_r0.20_g0.00"": 48285.93386030586, ""nocvar_g0.02"": 49311.96656856333, ""cvar_t0.90_r0.05_g0.02"": 47873.6843695083, ""cvar_t0.90_r0.20_g0.02"": 48192.813899342924, ""cvar_t0.95_r0.05_g0.02"": 47869.15186260658, ""cvar_t0.95_r0.20_g0.02"": 48192.813899342924, ""nocvar_g0.05"": 48930.35067162435, ""cvar_t0.90_r0.05_g0.05"": 49668.19857083963, ""cvar_t0.90_r0.20_g0.05"": 48839.24356443743, ""cvar_t0.95_r0.05_g0.05"": 49484.52493316185, ""cvar_t0.95_r0.20_g0.05"": 48146.657814154794}",187,80514.00842575618,41.87999999999977,3817.9873210992546,17184.83977096399,14505.663682973718,17184.83977096399,14505.663682973718
2025-07-10,190,cvar_t0.95_r0.05_g0.02,5893.156856656051,5870.005106656051,5675.974550765742,51591.50609604447,51581.462411461136,10.043684583333784,"{""nocvar_g0.00"": 49154.05518947921, ""cvar_t0.90_r0.05_g0.00"": 48489.807669263675, ""cvar_t0.90_r0.20_g0.00"": 48364.58461914699, ""cvar_t0.95_r0.05_g0.00"": 48489.807669263675, ""cvar_t0.95_r0.20_g0.00"": 48364.58461914699, ""nocvar_g0.02"": 49515.62964145, ""cvar_t0.90_r0.05_g0.02"": 48120.22529672888, ""cvar_t0.90_r0.20_g0.02"": 48282.89098922772, ""cvar_t0.95_r0.05_g0.02"": 48115.69278982716, ""cvar_t0.95_r0.20_g0.02"": 48282.89098922771, ""nocvar_g0.05"": 49021.03370291716, ""cvar_t0.90_r0.05_g0.05"": 49758.88160213244, ""cvar_t0.90_r0.20_g0.05"": 48929.926595730234, ""cvar_t0.95_r0.05_g0.05"": 49575.207964454654, ""cvar_t0.95_r0.20_g0.05"": 48237.3408454476}",188,80125.64855595602,1.4891666666667334,3659.232906440327,19941.625963949045,16327.344531100001,19941.625963949045,16327.344531100001
2025-07-11,191,cvar_t0.90_r0.05_g0.00,5678.653550765742,5675.974550765742,5748.022356035186,28839.68566582283,25581.77196538523,3257.9137004376025,"{""nocvar_g0.00"": 48445.636633825256, ""cvar_t0.90_r0.05_g0.00"": 47861.944957113614, ""cvar_t0.90_r0.20_g0.00"": 48158.283775882446, ""cvar_t0.95_r0.05_g0.00"": 47861.944957113614, ""cvar_t0.95_r0.20_g0.00"": 48158.283775882446, ""nocvar_g0.02"": 48876.43097159535, ""cvar_t0.90_r0.05_g0.02"": 48022.48428597105, ""cvar_t0.90_r0.20_g0.02"": 48098.22395323835, ""cvar_t0.95_r0.05_g0.02"": 48017.95177906933, ""cvar_t0.95_r0.20_g0.02"": 48098.22395323835, ""nocvar_g0.05"": 48839.52500035182, ""cvar_t0.90_r0.05_g0.05"": 49579.04610599876, ""cvar_t0.90_r0.20_g0.05"": 48751.05245559523, ""cvar_t0.95_r0.05_g0.05"": 49395.922117673115, ""cvar_t0.95_r0.20_g0.05"": 48058.466705312596}",189,41442.9516773775,794.4878118833319,6851.693111325261,14748.03264838461,11881.06342044904,14748.03264838461,11881.06342044904
2025-07-12,192,cvar_t0.90_r0.05_g0.00,5840.9353560351865,5748.022356035186,5919.745388582225,28351.18221547932,25880.75171289558,2470.4305025837375,"{""nocvar_g0.00"": 48440.92981536013, ""cvar_t0.90_r0.05_g0.00"": 47850.558029902844, ""cvar_t0.90_r0.20_g0.00"": 48154.85081226113, ""cvar_t0.95_r0.05_g0.00"": 47850.558029902844, ""cvar_t0.95_r0.20_g0.00"": 48154.85081226113, ""nocvar_g0.02"": 48856.74545705254, ""cvar_t0.90_r0.05_g0.02"": 48005.865836487086, ""cvar_t0.90_r0.20_g0.02"": 48095.252152774934, ""cvar_t0.95_r0.05_g0.02"": 48004.6019924075, ""cvar_t0.95_r0.20_g0.02"": 48095.25215277493, ""nocvar_g0.05"": 48805.68645053136, ""cvar_t0.90_r0.05_g0.05"": 49548.04926114233, ""cvar_t0.90_r0.20_g0.05"": 48719.73032517533, ""cvar_t0.95_r0.05_g0.05"": 49360.28513359243, ""cvar_t0.95_r0.20_g0.05"": 48056.163487676706}",190,41683.35285956833,603.4967874666676,8207.395669855967,14950.841655544034,11955.631011698337,14950.841655544034,11955.631011698337
2025-07-13,193,cvar_t0.90_r0.05_g0.00,5945.767388582225,5919.745388582225,6276.246694182669,53300.47760580572,53300.47760580572,0.0,"{""nocvar_g0.00"": 48771.35078947032, ""cvar_t0.90_r0.05_g0.00"": 48169.94162847869, ""cvar_t0.90_r0.20_g0.00"": 48408.15882441942, ""cvar_t0.95_r0.05_g0.00"": 48169.94162847869, ""cvar_t0.95_r0.20_g0.00"": 48408.15882441942, ""nocvar_g0.02"": 49140.44570750378, ""cvar_t0.90_r0.05_g0.02"": 48262.27396669385, ""cvar_t0.90_r0.20_g0.02"": 48348.61009478766, ""cvar_t0.95_r0.05_g0.02"": 48261.010122614265, ""cvar_t0.95_r0.20_g0.02"": 48348.61009478766, ""nocvar_g0.05"": 48986.446562268175, ""cvar_t0.90_r0.05_g0.05"": 49728.75601710035, ""cvar_t0.90_r0.20_g0.05"": 48904.83943560079, ""cvar_t0.95_r0.05_g0.05"": 49541.69992784276, ""cvar_t0.95_r0.20_g0.05"": 48312.83424509127}",191,81520.07237617385,0.0,8708.153815516454,16964.98413482633,13420.785974168924,16964.98413482633,13420.785974168924
2025-07-14,194,cvar_t0.90_r0.05_g0.00,6309.3794441826685,6276.246694182669,6270.501994759257,52391.86310296623,52391.86310296623,0.0,"{""nocvar_g0.00"": 49062.4187872266, ""cvar_t0.90_r0.05_g0.00"": 48452.73185660491, ""cvar_t0.90_r0.20_g0.00"": 48571.577842154555, ""cvar_t0.95_r0.05_g0.00"": 48452.73185660491, ""cvar_t0.95_r0.20_g0.00"": 48571.577842154555, ""nocvar_g0.02"": 49419.520426861345, ""cvar_t0.90_r0.05_g0.02"": 48517.80258533951, ""cvar_t0.90_r0.20_g0.02"": 48513.91723644523, ""cvar_t0.95_r0.05_g0.02"": 48516.538741259916, ""cvar_t0.95_r0.20_g0.02"": 48513.917236445224, ""nocvar_g0.05"": 49137.13578307147, ""cvar_t0.90_r0.05_g0.05"": 49879.924623158025, ""cvar_t0.90_r0.20_g0.05"": 49056.07727721876, ""cvar_t0.95_r0.05_g0.05"": 49692.902622738235, ""cvar_t0.95_r0.20_g0.05"": 48478.245981548316}",192,80318.56646879784,0.0,5279.438416352252,17034.837185578937,13803.3883498,17034.837185578937,13803.3883498
2025-07-15,195,cvar_t0.95_r0.05_g0.02,6257.818744759257,6270.501994759257,10021.275102648602,59686.57587477761,59686.57587477761,0.0,"{""nocvar_g0.00"": 49001.2521596843, ""cvar_t0.90_r0.05_g0.00"": 48363.323075797605, ""cvar_t0.90_r0.20_g0.00"": 48439.81830609634, ""cvar_t0.95_r0.05_g0.00"": 48363.323075797605, ""cvar_t0.95_r0.20_g0.00"": 48439.81830609634, ""nocvar_g0.02"": 49320.089909247225, ""cvar_t0.90_r0.05_g0.02"": 48319.98827136778, ""cvar_t0.90_r0.20_g0.02"": 48384.00837593371, ""cvar_t0.95_r0.05_g0.02"": 48318.864831692445, ""cvar_t0.95_r0.20_g0.02"": 48384.00837593371, ""nocvar_g0.05"": 48924.39184914919, ""cvar_t0.90_r0.05_g0.05"": 49667.32060448169, ""cvar_t0.90_r0.20_g0.05"": 48847.61107671476, ""cvar_t0.95_r0.05_g0.05"": 49481.74158659046, ""cvar_t0.95_r0.20_g0.05"": 48350.72138304446}",193,90620.81545959527,0.0,10949.142286200196,18668.035752427997,11745.413162366258,18668.035752427997,11745.413162366258
2025-07-16,196,cvar_t0.95_r0.20_g0.05,9988.728102648602,10021.275102648602,7934.252990634257,55673.66558298991,55673.66558298991,0.0,"{""nocvar_g0.00"": 48814.37538630399, ""cvar_t0.90_r0.05_g0.00"": 48154.90728877659, ""cvar_t0.90_r0.20_g0.00"": 48149.55180675788, ""cvar_t0.95_r0.05_g0.00"": 48154.90728877659, ""cvar_t0.95_r0.20_g0.00"": 48149.55180675788, ""nocvar_g0.02"": 49102.3149200552, ""cvar_t0.90_r0.05_g0.02"": 48090.679348037185, ""cvar_t0.90_r0.20_g0.02"": 48094.05363303141, ""cvar_t0.95_r0.05_g0.02"": 48094.09433683988, ""cvar_t0.95_r0.20_g0.02"": 48094.0536330314, ""nocvar_g0.05"": 48694.85544387887, ""cvar_t0.90_r0.05_g0.05"": 49371.98959557647, ""cvar_t0.90_r0.20_g0.05"": 48561.42919750333, ""cvar_t0.95_r0.05_g0.05"": 49187.242016852535, ""cvar_t0.95_r0.20_g0.05"": 48077.48105916748}",194,83547.4065454395,0.0,10639.231339259772,13957.535387680571,13183.923564834171,13957.535387680571,13183.923564834171
2025-07-17,197,cvar_t0.95_r0.20_g0.05,7921.080740634257,7934.252990634257,9858.257006894837,58394.39518977856,58394.39518977856,0.0,"{""nocvar_g0.00"": 49076.31296461394, ""cvar_t0.90_r0.05_g0.00"": 48387.07599567641, ""cvar_t0.90_r0.20_g0.00"": 48345.20645277133, ""cvar_t0.95_r0.05_g0.00"": 48387.07599567641, ""cvar_t0.95_r0.20_g0.00"": 48345.20645277133, ""nocvar_g0.02"": 49335.09143035688, ""cvar_t0.90_r0.05_g0.02"": 48382.73385182279, ""cvar_t0.90_r0.20_g0.02"": 48281.213496642, ""cvar_t0.95_r0.05_g0.02"": 48386.148840625494, ""cvar_t0.95_r0.20_g0.02"": 48281.213496642, ""nocvar_g0.05"": 49112.01090009299, ""cvar_t0.90_r0.05_g0.05"": 49572.51684620878, ""cvar_t0.90_r0.20_g0.05"": 48761.95644813563, ""cvar_t0.95_r0.05_g0.05"": 49387.769267484844, ""cvar_t0.95_r0.20_g0.05"": 48278.008309799785}",195,87227.13631137098,0.0,9233.44680751028,18640.367487155352,13367.09404996131,18640.367487155352,13367.09404996131
2025-07-18,198,cvar_t0.90_r0.20_g0.02,9837.267506894837,9858.257006894837,8588.368133888887,28862.494059527347,28862.494059527347,0.0,"{""nocvar_g0.00"": 49222.295176176114, ""cvar_t0.90_r0.05_g0.00"": 48501.57600946589, ""cvar_t0.90_r0.20_g0.00"": 48330.51937560303, ""cvar_t0.95_r0.05_g0.00"": 48501.57600946589, ""cvar_t0.95_r0.20_g0.00"": 48330.51937560303, ""nocvar_g0.02"": 49456.83857534557, ""cvar_t0.90_r0.05_g0.02"": 48474.17884206748, ""cvar_t0.90_r0.20_g0.02"": 48276.33945387999, ""cvar_t0.95_r0.05_g0.02"": 48477.59383087017, ""cvar_t0.95_r0.20_g0.02"": 48276.33945387999, ""nocvar_g0.05"": 49239.35131289583, ""cvar_t0.90_r0.05_g0.05"": 49572.20672564581, ""cvar_t0.90_r0.20_g0.05"": 48764.021024533686, ""cvar_t0.95_r0.05_g0.05"": 49389.83384388289, ""cvar_t0.95_r0.20_g0.05"": 48280.07288619782}",196,45005.096840144644,0.0,12209.462017592596,14022.561622407398,12501.174899855347,14022.561622407398,12501.174899855347
2025-07-19,199,cvar_t0.90_r0.20_g0.02,8525.565383888888,8588.368133888887,8515.260351007226,29425.725995679622,29425.725995679622,0.0,"{""nocvar_g0.00"": 49180.00001185947, ""cvar_t0.90_r0.05_g0.00"": 48492.8773854925, ""cvar_t0.90_r0.20_g0.00"": 48444.77443495193, ""cvar_t0.95_r0.05_g0.00"": 48492.8773854925, ""cvar_t0.95_r0.20_g0.00"": 48444.77443495193, ""nocvar_g0.02"": 49440.60563242154, ""cvar_t0.90_r0.05_g0.02"": 48421.11555322821, ""cvar_t0.90_r0.20_g0.02"": 48391.526220872925, ""cvar_t0.95_r0.05_g0.02"": 48430.5447107478, ""cvar_t0.95_r0.20_g0.02"": 48391.526220872925, ""nocvar_g0.05"": 49223.45813943377, ""cvar_t0.90_r0.05_g0.05"": 49518.57736200861, ""cvar_t0.90_r0.20_g0.05"": 48691.052090679594, ""cvar_t0.95_r0.05_g0.05"": 49335.67705454264, ""cvar_t0.95_r0.20_g0.05"": 48400.46630524034}",197,46052.98330697508,0.0,16212.31053792314,14335.003808660193,11677.150089608254,14335.003808660193,11677.150089608254
2025-07-20,200,cvar_t0.90_r0.20_g0.02,8554.438101007225,8515.260351007226,9017.82594168496,58446.38890177423,58446.38890177423,0.0,"{""nocvar_g0.00"": 49399.52496839528, ""cvar_t0.90_r0.05_g0.00"": 48725.11326809146, ""cvar_t0.90_r0.20_g0.00"": 48628.66541897332, ""cvar_t0.95_r0.05_g0.00"": 48725.11326809146, ""cvar_t0.95_r0.20_g0.00"": 48628.66541897332, ""nocvar_g0.02"": 49671.82050443714, ""cvar_t0.90_r0.05_g0.02"": 48631.73985266727, ""cvar_t0.90_r0.20_g0.02"": 48575.11371895475, ""cvar_t0.95_r0.05_g0.02"": 48641.16901018686, ""cvar_t0.95_r0.20_g0.02"": 48575.11371895475, ""nocvar_g0.05"": 49441.280887279245, ""cvar_t0.90_r0.05_g0.05"": 49692.66710375592, ""cvar_t0.90_r0.20_g0.05"": 48875.347690272894, ""cvar_t0.95_r0.05_g0.05"": 49509.766796289936, ""cvar_t0.95_r0.20_g0.05"": 48584.76190483365}",198,87000.14464090246,0.0,11605.123100848567,15014.391009354109,11709.347685966875,15014.391009354109,11709.347685966875
2025-07-21,201,cvar_t0.90_r0.20_g0.02,8997.21219168496,9017.82594168496,9818.614476217652,61353.29944214185,61353.29944214185,0.0,"{""nocvar_g0.00"": 49663.39273898433, ""cvar_t0.90_r0.05_g0.00"": 48985.5945066402, ""cvar_t0.90_r0.20_g0.00"": 48789.96457446184, ""cvar_t0.95_r0.05_g0.00"": 48985.5945066402, ""cvar_t0.95_r0.20_g0.00"": 48789.96457446184, ""nocvar_g0.02"": 49918.5024380724, ""cvar_t0.90_r0.05_g0.02"": 48859.60314735502, ""cvar_t0.90_r0.20_g0.02"": 48711.61562603001, ""cvar_t0.95_r0.05_g0.02"": 48869.032304874614, ""cvar_t0.95_r0.20_g0.02"": 48711.61562603001, ""nocvar_g0.05"": 49673.99021399509, ""cvar_t0.90_r0.05_g0.05"": 49825.01127084789, ""cvar_t0.90_r0.20_g0.05"": 49027.485301824745, ""cvar_t0.95_r0.05_g0.05"": 49642.11096338191, ""cvar_t0.95_r0.20_g0.05"": 48738.0000368361}",199,92087.98159351115,0.0,14363.454260368515,15863.517379280082,12128.739396137447,15863.517379280082,12128.739396137447
2025-07-22,202,cvar_t0.95_r0.20_g0.05,9817.037976217653,9818.614476217652,8354.41673566667,56437.79484288677,56437.79484288677,0.0,"{""nocvar_g0.00"": 49905.485247960256, ""cvar_t0.90_r0.05_g0.00"": 49189.56514444214, ""cvar_t0.90_r0.20_g0.00"": 48917.04683860456, ""cvar_t0.95_r0.05_g0.00"": 49189.56514444214, ""cvar_t0.95_r0.20_g0.00"": 48917.04683860456, ""nocvar_g0.02"": 50128.93438967703, ""cvar_t0.90_r0.05_g0.02"": 49029.27526941064, ""cvar_t0.90_r0.20_g0.02"": 48852.4662155789, ""cvar_t0.95_r0.05_g0.02"": 49041.11387147581, ""cvar_t0.95_r0.20_g0.02"": 48852.4662155789, ""nocvar_g0.05"": 49875.81986491089, ""cvar_t0.90_r0.05_g0.05"": 49890.22500627488, ""cvar_t0.90_r0.20_g0.05"": 49094.83703137595, ""cvar_t0.95_r0.05_g0.05"": 49708.24918624848, ""cvar_t0.95_r0.20_g0.05"": 48816.12769226866}",200,84164.66128632927,0.0,8838.439882098755,14993.972389788072,13462.895602224227,14993.972389788072,13462.895602224227
2025-07-23,203,cvar_t0.95_r0.20_g0.05,8344.70648566667,8354.41673566667,7506.539362959077,54921.38754335414,54921.38754335414,0.0,"{""nocvar_g0.00"": 50207.89652726599, ""cvar_t0.90_r0.05_g0.00"": 49446.27171373936, ""cvar_t0.90_r0.20_g0.00"": 49060.39969440426, ""cvar_t0.95_r0.05_g0.00"": 49446.27171373936, ""cvar_t0.95_r0.20_g0.00"": 49060.39969440426, ""nocvar_g0.02"": 50420.541300207784, ""cvar_t0.90_r0.05_g0.02"": 49301.54085060031, ""cvar_t0.90_r0.20_g0.02"": 48984.461457711695, ""cvar_t0.95_r0.05_g0.02"": 49313.3794526655, ""cvar_t0.95_r0.20_g0.02"": 48984.461457711695, ""nocvar_g0.05"": 50189.98135897914, ""cvar_t0.90_r0.05_g0.05"": 50306.975451000515, ""cvar_t0.90_r0.20_g0.05"": 49220.81715310493, ""cvar_t0.95_r0.05_g0.05"": 50124.99963097412, ""cvar_t0.95_r0.20_g0.05"": 48942.10781399764}",201,84299.7866179334,0.0,7426.059174657419,18001.420852874486,15344.240526265166,18001.420852874486,15344.240526265166
2025-07-24,204,cvar_t0.95_r0.20_g0.05,7537.696612959077,7506.539362959077,8000.985639563372,54523.27756419325,54523.27756419325,0.0,"{""nocvar_g0.00"": 49332.58829400125, ""cvar_t0.90_r0.05_g0.00"": 48823.476540131516, ""cvar_t0.90_r0.20_g0.00"": 48774.34617333533, ""cvar_t0.95_r0.05_g0.00"": 48823.476540131516, ""cvar_t0.95_r0.20_g0.00"": 48774.34617333533, ""nocvar_g0.02"": 49535.23718335295, ""cvar_t0.90_r0.05_g0.02"": 48748.83300135918, ""cvar_t0.90_r0.20_g0.02"": 48700.02031075425, ""cvar_t0.95_r0.05_g0.02"": 48760.671603424365, ""cvar_t0.95_r0.20_g0.02"": 48700.02031075425, ""nocvar_g0.05"": 49272.538198646806, ""cvar_t0.90_r0.05_g0.05"": 49610.01793175337, ""cvar_t0.90_r0.20_g0.05"": 48936.36935750808, ""cvar_t0.95_r0.05_g0.05"": 49431.060780758045, ""cvar_t0.95_r0.20_g0.05"": 48657.66001840079}",202,83008.72392999164,0.0,5720.512759876547,16982.829058795913,13311.089888680825,16982.829058795913,13311.089888680825
2025-07-25,205,cvar_t0.95_r0.20_g0.05,8016.707889563372,8000.985639563372,8699.473591582146,29452.14728778738,29452.14728778738,0.0,"{""nocvar_g0.00"": 49407.93801937689, ""cvar_t0.90_r0.05_g0.00"": 48889.91710729401, ""cvar_t0.90_r0.20_g0.00"": 48847.5682163127, ""cvar_t0.95_r0.05_g0.00"": 48889.91710729401, ""cvar_t0.95_r0.20_g0.00"": 48847.5682163127, ""nocvar_g0.02"": 49682.37979786594, ""cvar_t0.90_r0.05_g0.02"": 48801.91126476823, ""cvar_t0.90_r0.20_g0.02"": 48772.33575923926, ""cvar_t0.95_r0.05_g0.02"": 48821.593536369226, ""cvar_t0.95_r0.20_g0.02"": 48772.33575923926, ""nocvar_g0.05"": 49455.82593409065, ""cvar_t0.90_r0.05_g0.05"": 49728.11257087855, ""cvar_t0.90_r0.20_g0.05"": 48976.512253377994, ""cvar_t0.95_r0.05_g0.05"": 49550.799795203435, ""cvar_t0.95_r0.20_g0.05"": 48697.53803552656}",203,46513.529514325695,0.0,16612.797117777292,14561.966700341276,11166.553870459538,14561.966700341276,11166.553870459538
2025-07-26,206,cvar_t0.95_r0.20_g0.05,8700.034591582145,8699.473591582146,8742.004402626895,29864.63036699818,29864.63036699818,0.0,"{""nocvar_g0.00"": 49482.64923307288, ""cvar_t0.90_r0.05_g0.00"": 48976.97438834681, ""cvar_t0.90_r0.20_g0.00"": 49067.16283526213, ""cvar_t0.95_r0.05_g0.00"": 48976.97438834681, ""cvar_t0.95_r0.20_g0.00"": 49067.16283526213, ""nocvar_g0.02"": 49713.41389084055, ""cvar_t0.90_r0.05_g0.02"": 48833.763358487064, ""cvar_t0.90_r0.20_g0.02"": 48998.29816117436, ""cvar_t0.95_r0.05_g0.02"": 48857.83595831984, ""cvar_t0.95_r0.20_g0.02"": 48998.29816117436, ""nocvar_g0.05"": 49476.1150338877, ""cvar_t0.90_r0.05_g0.05"": 49738.063750689966, ""cvar_t0.90_r0.20_g0.05"": 48991.28937358624, ""cvar_t0.95_r0.05_g0.05"": 49561.6381585052, ""cvar_t0.95_r0.20_g0.05"": 48743.303666312575}",204,46860.600614242736,0.0,15632.632557777779,14318.940841358017,11560.064351559726,14318.940841358017,11560.064351559726
2025-07-27,207,cvar_t0.95_r0.20_g0.05,8731.812652626895,8742.004402626895,8507.526855703702,55693.83484358276,55693.83484358276,0.0,"{""nocvar_g0.00"": 49779.12095304392, ""cvar_t0.90_r0.05_g0.00"": 49267.22262525138, ""cvar_t0.90_r0.20_g0.00"": 49318.93865060251, ""cvar_t0.95_r0.05_g0.00"": 49267.22262525138, ""cvar_t0.95_r0.20_g0.00"": 49318.93865060251, ""nocvar_g0.02"": 50007.87033970679, ""cvar_t0.90_r0.05_g0.02"": 49113.36064441096, ""cvar_t0.90_r0.20_g0.02"": 49217.28767726497, ""cvar_t0.95_r0.05_g0.02"": 49137.43324424374, ""cvar_t0.95_r0.20_g0.02"": 49217.28767726497, ""nocvar_g0.05"": 49736.795045672035, ""cvar_t0.90_r0.05_g0.05"": 50014.656199307705, ""cvar_t0.90_r0.20_g0.05"": 49227.17397976689, ""cvar_t0.95_r0.05_g0.05"": 49838.23060712295, ""cvar_t0.95_r0.20_g0.05"": 48975.46848292257}",205,83890.72795076435,0.0,6812.64939158436,18967.99237584666,15575.103616666667,18967.99237584666,15575.103616666667
2025-07-28,208,cvar_t0.95_r0.20_g0.05,8527.409355703701,8507.526855703702,10522.916577511885,61896.13460510953,61896.13460510953,0.0,"{""nocvar_g0.00"": 50089.34209187274, ""cvar_t0.90_r0.05_g0.00"": 49572.54112037591, ""cvar_t0.90_r0.20_g0.00"": 49564.43992057045, ""cvar_t0.95_r0.05_g0.00"": 49572.54112037591, ""cvar_t0.95_r0.20_g0.00"": 49564.43992057045, ""nocvar_g0.02"": 50289.7857302637, ""cvar_t0.90_r0.05_g0.02"": 49420.890196493674, ""cvar_t0.90_r0.20_g0.02"": 49397.55475331835, ""cvar_t0.95_r0.05_g0.02"": 49445.03068433968, ""cvar_t0.95_r0.20_g0.02"": 49418.800534115224, ""nocvar_g0.05"": 49953.83751102209, ""cvar_t0.90_r0.05_g0.05"": 50288.97907103198, ""cvar_t0.90_r0.20_g0.05"": 49424.45529643408, ""cvar_t0.95_r0.05_g0.05"": 50112.55347884722, ""cvar_t0.95_r0.20_g0.05"": 49172.926339275255}",206,91360.56387349483,0.0,8267.428256269312,17496.882285604323,12358.62390171214,17496.882285604323,12358.62390171214
2025-07-29,209,cvar_t0.95_r0.20_g0.05,10497.282327511886,10522.916577511885,8434.82968761826,56565.83272538146,56565.83272538146,0.0,"{""nocvar_g0.00"": 50128.37346092619, ""cvar_t0.90_r0.05_g0.00"": 49576.589779586255, ""cvar_t0.90_r0.20_g0.00"": 49489.45478933111, ""cvar_t0.95_r0.05_g0.00"": 49576.589779586255, ""cvar_t0.95_r0.20_g0.00"": 49489.45478933111, ""nocvar_g0.02"": 50290.335404999976, ""cvar_t0.90_r0.05_g0.02"": 49409.1175869995, ""cvar_t0.90_r0.20_g0.02"": 49321.65210187256, ""cvar_t0.95_r0.05_g0.02"": 49442.16122091556, ""cvar_t0.95_r0.20_g0.02"": 49343.29247215062, ""nocvar_g0.05"": 50121.82594172313, ""cvar_t0.90_r0.05_g0.05"": 50300.27141403735, ""cvar_t0.90_r0.20_g0.05"": 49320.80723179208, ""cvar_t0.95_r0.05_g0.05"": 50110.9959493924, ""cvar_t0.95_r0.20_g0.05"": 49077.50479167349}",207,84253.15910690482,0.0,7170.367510617529,15225.38866942927,14211.843023141968,15225.38866942927,14211.843023141968
2025-07-30,210,cvar_t0.95_r0.20_g0.05,8441.23993761826,8434.82968761826,8004.486161907409,54994.68998780919,54994.68998780919,0.0,"{""nocvar_g0.00"": 50451.62705699387, ""cvar_t0.90_r0.05_g0.00"": 49881.664747825576, ""cvar_t0.90_r0.20_g0.00"": 49744.08008050036, ""cvar_t0.95_r0.05_g0.00"": 49881.664747825576, ""cvar_t0.95_r0.20_g0.00"": 49744.08008050036, ""nocvar_g0.02"": 50558.16448190978, ""cvar_t0.90_r0.05_g0.02"": 49718.81948735052, ""cvar_t0.90_r0.20_g0.02"": 49574.88634911595, ""cvar_t0.95_r0.05_g0.02"": 49751.86312126658, ""cvar_t0.95_r0.20_g0.02"": 49596.52671939401, ""nocvar_g0.05"": 50353.868145786466, ""cvar_t0.90_r0.05_g0.05"": 50537.71578657244, ""cvar_t0.90_r0.20_g0.05"": 49566.05316916142, ""cvar_t0.95_r0.05_g0.05"": 50336.43081224152, ""cvar_t0.95_r0.20_g0.05"": 49322.75072904282}",208,84041.49235437188,0.0,7071.818733493406,17124.888126411803,14258.468555533327,17124.888126411803,14258.468555533327
2025-07-31,211,cvar_t0.95_r0.20_g0.05,7987.70416190741,8004.486161907409,9029.395050730676,59131.265170599814,59131.265170599814,0.0,"{""nocvar_g0.00"": 50416.38119157728, ""cvar_t0.90_r0.05_g0.00"": 49833.51903831468, ""cvar_t0.90_r0.20_g0.00"": 49858.038294025304, ""cvar_t0.95_r0.05_g0.00"": 49833.51903831468, ""cvar_t0.95_r0.20_g0.00"": 49858.038294025304, ""nocvar_g0.02"": 49967.083852703996, ""cvar_t0.90_r0.05_g0.02"": 49656.43378343639, ""cvar_t0.90_r0.20_g0.02"": 49689.644942959654, ""cvar_t0.95_r0.05_g0.02"": 49690.990448399134, ""cvar_t0.95_r0.20_g0.02"": 49711.285313237706, ""nocvar_g0.05"": 49587.21496463939, ""cvar_t0.90_r0.05_g0.05"": 49941.08382274223, ""cvar_t0.90_r0.20_g0.05"": 49685.365854133386, ""cvar_t0.95_r0.05_g0.05"": 49739.69393532879, ""cvar_t0.95_r0.20_g0.05"": 49434.18954598423}",209,89415.30126441954,0.0,10582.586042787654,16922.636605390944,12784.917650425721,16922.636605390944,12784.917650425721
2025-08-01,212,nocvar_g0.05,9044.987550730677,9029.395050730676,7037.576537546304,25212.879379601243,25212.879379601243,0.0,"{""nocvar_g0.00"": 50223.1996364804, ""cvar_t0.90_r0.05_g0.00"": 49801.506986210195, ""cvar_t0.90_r0.20_g0.00"": 50097.28879153517, ""cvar_t0.95_r0.05_g0.00"": 49801.506986210195, ""cvar_t0.95_r0.20_g0.00"": 50097.28879153517, ""nocvar_g0.02"": 49755.533421123226, ""cvar_t0.90_r0.05_g0.02"": 49564.2927064577, ""cvar_t0.90_r0.20_g0.02"": 49816.50594856208, ""cvar_t0.95_r0.05_g0.02"": 49623.67061250016, ""cvar_t0.95_r0.20_g0.02"": 49958.54829989596, ""nocvar_g0.05"": 49310.12813912269, ""cvar_t0.90_r0.05_g0.05"": 49722.94337843819, ""cvar_t0.90_r0.20_g0.05"": 49703.54184358192, ""cvar_t0.95_r0.05_g0.05"": 49628.7607700962, ""cvar_t0.95_r0.20_g0.05"": 49480.496974202695}",210,40569.91645113251,0.0,18471.05606690143,13895.45989173869,13047.959174174272,13895.45989173869,13047.959174174272
2025-08-02,213,nocvar_g0.05,7014.970787546304,7037.576537546304,7184.109672418519,26168.853050862694,26168.853050862694,0.0,"{""nocvar_g0.00"": 49850.11735280256, ""cvar_t0.90_r0.05_g0.00"": 49500.17264921041, ""cvar_t0.90_r0.20_g0.00"": 49925.97027634833, ""cvar_t0.95_r0.05_g0.00"": 49500.17264921041, ""cvar_t0.95_r0.20_g0.00"": 49925.97027634833, ""nocvar_g0.02"": 49343.62106871826, ""cvar_t0.90_r0.05_g0.02"": 49232.21682675286, ""cvar_t0.90_r0.20_g0.02"": 49574.22290595593, ""cvar_t0.95_r0.05_g0.02"": 49289.321747289774, ""cvar_t0.95_r0.20_g0.02"": 49798.675243382975, ""nocvar_g0.05"": 48711.47426957283, ""cvar_t0.90_r0.05_g0.05"": 49237.98448805605, ""cvar_t0.90_r0.20_g0.05"": 49403.593076453435, ""cvar_t0.95_r0.05_g0.05"": 49164.359247215114, ""cvar_t0.95_r0.20_g0.05"": 49200.95367446821}",211,42953.50154387498,0.0,19192.935003168725,14219.272557831275,11385.73095045834,14219.272557831275,11385.73095045834
2025-08-03,214,nocvar_g0.05,7204.754172418519,7184.109672418519,7261.07773563809,53019.41101741883,53019.41101741883,0.0,"{""nocvar_g0.00"": 49483.97268142951, ""cvar_t0.90_r0.05_g0.00"": 49232.64709002443, ""cvar_t0.90_r0.20_g0.00"": 49991.701353757824, ""cvar_t0.95_r0.05_g0.00"": 49232.64709002443, ""cvar_t0.95_r0.20_g0.00"": 49991.701353757824, ""nocvar_g0.02"": 48990.80197047674, ""cvar_t0.90_r0.05_g0.02"": 48960.53094008197, ""cvar_t0.90_r0.20_g0.02"": 49565.750690368935, ""cvar_t0.95_r0.05_g0.02"": 49015.24933689266, ""cvar_t0.95_r0.20_g0.02"": 49807.079470161596, ""nocvar_g0.05"": 48524.34633707064, ""cvar_t0.90_r0.05_g0.05"": 49085.26389727205, ""cvar_t0.90_r0.20_g0.05"": 49418.88814795344, ""cvar_t0.95_r0.05_g0.05"": 49011.126372011786, ""cvar_t0.95_r0.20_g0.05"": 49217.60390048329}",212,81695.44708686521,0.0,15803.676735349793,15700.100585707816,12647.810217525719,15700.100585707816,12647.810217525719
2025-08-04,215,nocvar_g0.05,7247.584485638091,7261.07773563809,6701.597643944444,48599.84668338463,48599.84668338463,0.0,"{""nocvar_g0.00"": 49032.482196148434, ""cvar_t0.90_r0.05_g0.00"": 48931.38643049255, ""cvar_t0.90_r0.20_g0.00"": 50018.628132446305, ""cvar_t0.95_r0.05_g0.00"": 48931.38643049255, ""cvar_t0.95_r0.20_g0.00"": 50018.628132446305, ""nocvar_g0.02"": 48660.250332884585, ""cvar_t0.90_r0.05_g0.02"": 48942.07922275419, ""cvar_t0.90_r0.20_g0.02"": 49599.80309133466, ""cvar_t0.95_r0.05_g0.02"": 48996.79761956489, ""cvar_t0.95_r0.20_g0.02"": 49841.131871127334, ""nocvar_g0.05"": 48385.095372349046, ""cvar_t0.90_r0.05_g0.05"": 49032.05975925168, ""cvar_t0.90_r0.20_g0.05"": 49459.34428718237, ""cvar_t0.95_r0.05_g0.05"": 48960.824562213, ""cvar_t0.95_r0.20_g0.05"": 49258.06003971223}",213,74540.20490707598,0.0,6502.2244481893,16451.881358303355,13829.555982749996,16451.881358303355,13829.555982749996
2025-08-05,216,nocvar_g0.05,6731.827893944444,6701.597643944444,7309.993706318927,48921.699262726775,48921.699262726775,0.0,"{""nocvar_g0.00"": 47230.958811633405, ""cvar_t0.90_r0.05_g0.00"": 47661.6027733283, ""cvar_t0.90_r0.20_g0.00"": 49721.87115146051, ""cvar_t0.95_r0.05_g0.00"": 47661.6027733283, ""cvar_t0.95_r0.20_g0.00"": 49721.87115146051, ""nocvar_g0.02"": 46918.05354190856, ""cvar_t0.90_r0.05_g0.02"": 47667.13376937634, ""cvar_t0.90_r0.20_g0.02"": 49304.00940134865, ""cvar_t0.95_r0.05_g0.02"": 47718.1672468058, ""cvar_t0.95_r0.20_g0.02"": 49545.338181141335, ""nocvar_g0.05"": 46585.42236457475, ""cvar_t0.90_r0.05_g0.05"": 47285.523986191845, ""cvar_t0.90_r0.20_g0.05"": 48386.7495486725, ""cvar_t0.95_r0.05_g0.05"": 47320.113315669645, ""cvar_t0.95_r0.20_g0.05"": 48960.68650453504}",214,74828.44199186958,0.0,5860.303399688519,17201.433698477365,13385.604839629632,17201.433698477365,13385.604839629632
2025-08-06,217,nocvar_g0.05,7292.746706318928,7309.993706318927,5002.376738981481,50148.82284885212,47146.87583987684,3001.9470089752767,"{""nocvar_g0.00"": 47096.603488331195, ""cvar_t0.90_r0.05_g0.00"": 47610.819851321045, ""cvar_t0.90_r0.20_g0.00"": 49656.571961483925, ""cvar_t0.95_r0.05_g0.00"": 47610.819851321045, ""cvar_t0.95_r0.20_g0.00"": 49656.571961483925, ""nocvar_g0.02"": 46771.097148226996, ""cvar_t0.90_r0.05_g0.02"": 47568.99243190104, ""cvar_t0.90_r0.20_g0.02"": 49239.320936285294, ""cvar_t0.95_r0.05_g0.02"": 47620.504820424205, ""cvar_t0.95_r0.20_g0.02"": 49480.64971607796, ""nocvar_g0.05"": 46287.85458617869, ""cvar_t0.90_r0.05_g0.05"": 47099.77176470105, ""cvar_t0.90_r0.20_g0.05"": 48373.997104426744, ""cvar_t0.95_r0.05_g0.05"": 47141.65862074514, ""cvar_t0.95_r0.20_g0.05"": 48879.654297583016}",215,72298.30942995555,430.3249726168688,3633.5507574724725,16092.313942299954,15111.629563866663,16092.313942299954,15111.629563866663
2025-08-07,218,nocvar_g0.05,5054.488238981481,5002.376738981481,6173.810529848578,46654.7138452883,46654.7138452883,0.0,"{""nocvar_g0.00"": 46973.608438081756, ""cvar_t0.90_r0.05_g0.00"": 47499.01191526252, ""cvar_t0.90_r0.20_g0.00"": 49494.05242700118, ""cvar_t0.95_r0.05_g0.00"": 47499.01191526252, ""cvar_t0.95_r0.20_g0.00"": 49494.05242700118, ""nocvar_g0.02"": 46594.277954765115, ""cvar_t0.90_r0.05_g0.02"": 47263.14278426009, ""cvar_t0.90_r0.20_g0.02"": 48959.20739827489, ""cvar_t0.95_r0.05_g0.02"": 47315.63984385988, ""cvar_t0.95_r0.20_g0.02"": 49332.48308812938, ""nocvar_g0.05"": 45910.0408866433, ""cvar_t0.90_r0.05_g0.05"": 46746.308127051285, ""cvar_t0.90_r0.20_g0.05"": 48073.934799889415, ""cvar_t0.95_r0.05_g0.05"": 46795.25114640173, ""cvar_t0.95_r0.20_g0.05"": 48582.098050671586}",216,72006.58243107145,0.0,3737.209686358027,20142.616225963433,15261.228731250001,20142.616225963433,15261.228731250001
2025-08-08,219,nocvar_g0.05,6171.757779848578,6173.810529848578,6576.420076296298,24244.258584545998,24244.258584545998,0.0,"{""nocvar_g0.00"": 46848.29063234427, ""cvar_t0.90_r0.05_g0.00"": 47406.241845621946, ""cvar_t0.90_r0.20_g0.00"": 49478.53508849942, ""cvar_t0.95_r0.05_g0.00"": 47406.241845621946, ""cvar_t0.95_r0.20_g0.00"": 49478.53508849942, ""nocvar_g0.02"": 46434.62675098867, ""cvar_t0.90_r0.05_g0.02"": 47116.35983414892, ""cvar_t0.90_r0.20_g0.02"": 48876.710821581066, ""cvar_t0.95_r0.05_g0.02"": 47174.327319955846, ""cvar_t0.95_r0.20_g0.02"": 49320.88037690921, ""nocvar_g0.05"": 45811.86166797048, ""cvar_t0.90_r0.05_g0.05"": 46575.585410708394, ""cvar_t0.90_r0.20_g0.05"": 47921.57646780419, ""cvar_t0.95_r0.05_g0.05"": 46623.35701046838, ""cvar_t0.95_r0.20_g0.05"": 48434.84039639826}",217,39870.600059802935,0.0,20798.529571687235,15445.00340164609,12148.104163530388,15445.00340164609,12148.104163530388
2025-08-09,220,nocvar_g0.05,6548.183326296297,6576.420076296298,6363.667896863522,23912.922166383974,23912.922166383974,0.0,"{""nocvar_g0.00"": 46721.61852270342, ""cvar_t0.90_r0.05_g0.00"": 47355.09702619263, ""cvar_t0.90_r0.20_g0.00"": 49498.5351516863, ""cvar_t0.95_r0.05_g0.00"": 47355.09702619263, ""cvar_t0.95_r0.20_g0.00"": 49498.5351516863, ""nocvar_g0.02"": 46307.10147969488, ""cvar_t0.90_r0.05_g0.02"": 47037.46633012213, ""cvar_t0.90_r0.20_g0.02"": 48897.13736589283, ""cvar_t0.95_r0.05_g0.02"": 47100.861836304866, ""cvar_t0.95_r0.20_g0.02"": 49341.30692122098, ""nocvar_g0.05"": 45644.93048969511, ""cvar_t0.90_r0.05_g0.05"": 46447.045763747235, ""cvar_t0.90_r0.20_g0.05"": 47881.49582170034, ""cvar_t0.95_r0.05_g0.05"": 46498.20178082767, ""cvar_t0.95_r0.20_g0.05"": 48458.83757838631}",218,39303.47445626481,0.0,17739.62491294239,14912.618446378592,12270.697903056167,14912.618446378592,12270.697903056167
2025-08-10,221,nocvar_g0.05,6335.691396863523,6363.667896863522,6643.605740833596,45662.307782302596,45662.307782302596,0.0,"{""nocvar_g0.00"": 46633.60330476424, ""cvar_t0.90_r0.05_g0.00"": 47308.59843101324, ""cvar_t0.90_r0.20_g0.00"": 49526.34585852845, ""cvar_t0.95_r0.05_g0.00"": 47308.59843101324, ""cvar_t0.95_r0.20_g0.00"": 49526.34585852845, ""nocvar_g0.02"": 46210.31684790189, ""cvar_t0.90_r0.05_g0.02"": 47026.90385515681, ""cvar_t0.90_r0.20_g0.02"": 48924.554386104166, ""cvar_t0.95_r0.05_g0.02"": 47090.29936133954, ""cvar_t0.95_r0.20_g0.02"": 49368.72394143231, ""nocvar_g0.05"": 45572.11632670905, ""cvar_t0.90_r0.05_g0.05"": 46397.92326316046, ""cvar_t0.90_r0.20_g0.05"": 47931.38827218426, ""cvar_t0.95_r0.05_g0.05"": 46451.76021533545, ""cvar_t0.95_r0.20_g0.05"": 48486.7301536757}",219,69088.71440273718,0.0,160.82959378461774,17743.798417786777,14120.532658834218,17743.798417786777,14120.532658834218
2025-08-11,222,nocvar_g0.05,6639.7312408335965,6643.605740833596,7266.995752253699,47412.219699598034,47326.130744598035,86.08895499999912,"{""nocvar_g0.00"": 46551.22986691935, ""cvar_t0.90_r0.05_g0.00"": 47254.08334174758, ""cvar_t0.90_r0.20_g0.00"": 49614.919482412726, ""cvar_t0.95_r0.05_g0.00"": 47254.08334174758, ""cvar_t0.95_r0.20_g0.00"": 49614.919482412726, ""nocvar_g0.02"": 46111.10309554113, ""cvar_t0.90_r0.05_g0.02"": 46968.773969107024, ""cvar_t0.90_r0.20_g0.02"": 49015.5971366411, ""cvar_t0.95_r0.05_g0.02"": 47033.53664391576, ""cvar_t0.95_r0.20_g0.02"": 49459.76669196924, ""nocvar_g0.05"": 45466.25102320729, ""cvar_t0.90_r0.05_g0.05"": 46352.41489179794, ""cvar_t0.90_r0.20_g0.05"": 47936.75045599906, ""cvar_t0.95_r0.05_g0.05"": 46408.75721058118, ""cvar_t0.95_r0.20_g0.05"": 48578.00751284433}",220,71469.71250764784,12.769999999999868,2904.375901954215,18188.432958327387,14171.579685967079,18188.432958327387,14171.579685967079
2025-08-12,223,nocvar_g0.05,7255.528252253699,7266.995752253699,5053.060267499998,46031.46196411385,45494.229554722,537.2324093918494,"{""nocvar_g0.00"": 46424.086808452594, ""cvar_t0.90_r0.05_g0.00"": 47161.712644828534, ""cvar_t0.90_r0.20_g0.00"": 49649.73465759982, ""cvar_t0.95_r0.05_g0.00"": 47161.712644828534, ""cvar_t0.95_r0.20_g0.00"": 49649.73465759982, ""nocvar_g0.02"": 45911.73635585888, ""cvar_t0.90_r0.05_g0.02"": 46851.19514348573, ""cvar_t0.90_r0.20_g0.02"": 49052.892682855476, ""cvar_t0.95_r0.05_g0.02"": 46924.115204885326, ""cvar_t0.95_r0.20_g0.02"": 49497.062238183615, ""nocvar_g0.05"": 45199.08672703263, ""cvar_t0.90_r0.05_g0.05"": 46114.042044850365, ""cvar_t0.90_r0.20_g0.05"": 47895.221406481236, ""cvar_t0.95_r0.05_g0.05"": 46186.46258012852, ""cvar_t0.95_r0.20_g0.05"": 48616.25698926132}",221,68779.81242683069,85.48590247314371,135.33271156379251,15589.283705359872,14619.86173761983,15589.283705359872,14619.86173761983
2025-08-13,224,nocvar_g0.05,5022.412267499998,5053.060267499998,5055.77076,45633.23220644452,45015.11168764548,618.1205187990361,"{""nocvar_g0.00"": 46426.376833339506, ""cvar_t0.90_r0.05_g0.00"": 47127.14019836312, ""cvar_t0.90_r0.20_g0.00"": 49625.54370938319, ""cvar_t0.95_r0.05_g0.00"": 47127.14019836312, ""cvar_t0.95_r0.20_g0.00"": 49625.54370938319, ""nocvar_g0.02"": 45853.977628813955, ""cvar_t0.90_r0.05_g0.02"": 46821.810860083904, ""cvar_t0.90_r0.20_g0.02"": 49033.91308551431, ""cvar_t0.95_r0.05_g0.02"": 46892.82832793758, ""cvar_t0.95_r0.20_g0.02"": 49478.08264084244, ""nocvar_g0.05"": 45045.50549402891, ""cvar_t0.90_r0.05_g0.05"": 46019.7679455984, ""cvar_t0.90_r0.20_g0.05"": 47879.10664017046, ""cvar_t0.95_r0.05_g0.05"": 46097.09203462773, ""cvar_t0.95_r0.20_g0.05"": 48597.56564677072}",222,69953.47149707408,128.39475625884515,354.86183500000027,18966.239605699586,15360.21463736667,18966.239605699586,15360.21463736667
2025-08-14,225,nocvar_g0.05,5029.88151,5055.77076,5568.091061740736,46813.19312025346,46777.73207758679,35.461042666667666,"{""nocvar_g0.00"": 46086.87939773117, ""cvar_t0.90_r0.05_g0.00"": 46797.641031626896, ""cvar_t0.90_r0.20_g0.00"": 49089.13203052983, ""cvar_t0.95_r0.05_g0.00"": 46797.641031626896, ""cvar_t0.95_r0.20_g0.00"": 49089.13203052983, ""nocvar_g0.02"": 45491.75334511823, ""cvar_t0.90_r0.05_g0.02"": 46389.25483931094, ""cvar_t0.90_r0.20_g0.02"": 48519.14978821413, ""cvar_t0.95_r0.05_g0.02"": 46460.35062659874, ""cvar_t0.95_r0.20_g0.02"": 48963.31908067146, ""nocvar_g0.05"": 44464.72440961797, ""cvar_t0.90_r0.05_g0.05"": 45444.45995516086, ""cvar_t0.90_r0.20_g0.05"": 47355.78482749668, ""cvar_t0.95_r0.05_g0.05"": 45517.506102369174, ""cvar_t0.95_r0.20_g0.05"": 48076.464565085145}",223,72531.20714636667,5.08329166666681,2257.069664115227,20483.37641588477,16130.446625300001,20483.37641588477,16130.446625300001
2025-08-15,226,nocvar_g0.05,5573.452811740736,5568.091061740736,5437.6080338219,23634.97337381085,22983.199130552777,651.7742432580736,"{""nocvar_g0.00"": 45843.76044974864, ""cvar_t0.90_r0.05_g0.00"": 46604.36713869149, ""cvar_t0.90_r0.20_g0.00"": 48987.25325735917, ""cvar_t0.95_r0.05_g0.00"": 46604.36713869149, ""cvar_t0.95_r0.20_g0.00"": 48987.25325735917, ""nocvar_g0.02"": 45220.24195726153, ""cvar_t0.90_r0.05_g0.02"": 46142.76245546508, ""cvar_t0.90_r0.20_g0.02"": 48420.24401877024, ""cvar_t0.95_r0.05_g0.02"": 46227.128546705026, ""cvar_t0.95_r0.20_g0.02"": 48864.41331122758, ""nocvar_g0.05"": 44116.481367411274, ""cvar_t0.90_r0.05_g0.05"": 45130.471953813605, ""cvar_t0.90_r0.20_g0.05"": 47116.610442723104, ""cvar_t0.95_r0.05_g0.05"": 45215.815422022315, ""cvar_t0.95_r0.20_g0.05"": 47978.93500332038}",224,38874.34324875823,161.75622420000167,19064.49046671493,15417.457094931156,12605.57497202119,15417.457094931156,12605.57497202119
2025-08-16,227,nocvar_g0.05,5484.779283821899,5437.6080338219,5253.621671925923,23269.62098757472,23017.822071296658,251.79891627806114,"{""nocvar_g0.00"": 45684.289359754526, ""cvar_t0.90_r0.05_g0.00"": 46422.8211088834, ""cvar_t0.90_r0.20_g0.00"": 48745.886588244044, ""cvar_t0.95_r0.05_g0.00"": 46422.8211088834, ""cvar_t0.95_r0.20_g0.00"": 48745.886588244044, ""nocvar_g0.02"": 45045.00714065403, ""cvar_t0.90_r0.05_g0.02"": 45989.97696570747, ""cvar_t0.90_r0.20_g0.02"": 48177.28894900851, ""cvar_t0.95_r0.05_g0.02"": 46076.94862882808, ""cvar_t0.95_r0.20_g0.02"": 48621.45824146584, ""nocvar_g0.05"": 43916.678229335404, ""cvar_t0.90_r0.05_g0.05"": 44947.40119297702, ""cvar_t0.90_r0.20_g0.05"": 46954.437683278804, ""cvar_t0.95_r0.05_g0.05"": 45033.902983031025, ""cvar_t0.95_r0.20_g0.05"": 47729.43017310882}",225,38701.22536388703,62.867529233331965,19137.14643333333,15069.756941193413,12372.090848073047,15069.756941193413,12372.090848073047
2025-08-17,228,nocvar_g0.05,5198.940671925922,5253.621671925923,5394.444063860328,44406.93461311651,44406.93461311651,0.0,"{""nocvar_g0.00"": 45607.30994844076, ""cvar_t0.90_r0.05_g0.00"": 46401.18995238078, ""cvar_t0.90_r0.20_g0.00"": 48793.636392409106, ""cvar_t0.95_r0.05_g0.00"": 46401.18995238078, ""cvar_t0.95_r0.20_g0.00"": 48793.636392409106, ""nocvar_g0.02"": 44928.37098691595, ""cvar_t0.90_r0.05_g0.02"": 45915.08544632902, ""cvar_t0.90_r0.20_g0.02"": 48225.59495023438, ""cvar_t0.95_r0.05_g0.02"": 46010.252152419016, ""cvar_t0.95_r0.20_g0.02"": 48669.76424269171, ""nocvar_g0.05"": 43773.45898634877, ""cvar_t0.90_r0.05_g0.05"": 44812.89150919814, ""cvar_t0.90_r0.20_g0.05"": 46858.10171409254, ""cvar_t0.95_r0.05_g0.05"": 44904.75852998835, ""cvar_t0.95_r0.20_g0.05"": 47776.47789110548}",226,68457.6568441212,0.0,1414.996490025117,19739.613603623467,15862.346866194039,19739.613603623467,15862.346866194039
2025-08-18,229,nocvar_g0.05,5423.661813860328,5394.444063860328,5703.965348530639,45301.9660900823,45187.07482285314,114.89126722916502,"{""nocvar_g0.00"": 45509.58574264871, ""cvar_t0.90_r0.05_g0.00"": 46330.36024973127, ""cvar_t0.90_r0.20_g0.00"": 48807.70581826544, ""cvar_t0.95_r0.05_g0.00"": 46330.36024973127, ""cvar_t0.95_r0.20_g0.00"": 48807.70581826544, ""nocvar_g0.02"": 44808.12669269496, ""cvar_t0.90_r0.05_g0.02"": 45817.939786136616, ""cvar_t0.90_r0.20_g0.02"": 48267.51589506603, ""cvar_t0.95_r0.05_g0.02"": 45920.2576764325, ""cvar_t0.95_r0.20_g0.02"": 48711.68518752337, ""nocvar_g0.05"": 43602.077410276936, ""cvar_t0.90_r0.05_g0.05"": 44637.465593108966, ""cvar_t0.90_r0.20_g0.05"": 46734.904494925075, ""cvar_t0.95_r0.05_g0.05"": 44734.70149473407, ""cvar_t0.95_r0.20_g0.05"": 47802.71986501928}",227,69993.48629861198,16.51981666666643,1532.1271201469249,20027.338011904154,15943.574633439095,20027.338011904154,15943.574633439095
2025-08-19,230,nocvar_g0.05,5677.1640985306385,5703.965348530639,4885.967400462964,46948.75722723763,44243.02193526848,2705.735291969145,"{""nocvar_g0.00"": 45288.11296362007, ""cvar_t0.90_r0.05_g0.00"": 46165.81007658434, ""cvar_t0.90_r0.20_g0.00"": 48595.00620223398, ""cvar_t0.95_r0.05_g0.00"": 46165.81007658434, ""cvar_t0.95_r0.20_g0.00"": 48595.00620223398, ""nocvar_g0.02"": 44505.56300326511, ""cvar_t0.90_r0.05_g0.02"": 45580.62042716931, ""cvar_t0.90_r0.20_g0.02"": 48056.256574722924, ""cvar_t0.95_r0.05_g0.02"": 45685.3321261053, ""cvar_t0.95_r0.20_g0.02"": 48500.425867180275, ""nocvar_g0.05"": 43180.881793335415, ""cvar_t0.90_r0.05_g0.05"": 44276.782274326535, ""cvar_t0.90_r0.20_g0.05"": 46509.6883529126, ""cvar_t0.95_r0.05_g0.05"": 44380.48435854304, ""cvar_t0.95_r0.20_g0.05"": 47654.37575654437}",228,69336.6816644063,400.4614335609076,2547.4159294650176,18990.869851384687,16118.8027328825,18990.869851384687,16118.8027328825
2025-08-20,231,nocvar_g0.05,4878.630150462964,4885.967400462964,4723.102574814814,77964.90210206067,44074.11468839139,33890.78741366928,"{""nocvar_g0.00"": 45013.87409798551, ""cvar_t0.90_r0.05_g0.00"": 45905.82525640032, ""cvar_t0.90_r0.20_g0.00"": 48179.56170641253, ""cvar_t0.95_r0.05_g0.00"": 45905.82525640032, ""cvar_t0.95_r0.20_g0.00"": 48179.56170641253, ""nocvar_g0.02"": 44205.96226557399, ""cvar_t0.90_r0.05_g0.02"": 45258.064004207285, ""cvar_t0.90_r0.20_g0.02"": 47655.195379790326, ""cvar_t0.95_r0.05_g0.02"": 45369.68781653845, ""cvar_t0.95_r0.20_g0.02"": 48099.36467224766, ""nocvar_g0.05"": 42791.50835578105, ""cvar_t0.90_r0.05_g0.05"": 43766.32072511745, ""cvar_t0.90_r0.20_g0.05"": 46065.253581559635, ""cvar_t0.95_r0.05_g0.05"": 43871.156308083744, ""cvar_t0.95_r0.20_g0.05"": 47223.60287882602}",229,68356.41865330006,5359.371402292819,27.73359500000015,16757.598615839786,13720.23322191356,16757.598615839786,13720.23322191356
2025-08-21,232,nocvar_g0.05,4710.339824814814,4723.102574814814,5066.644801925924,46611.72865283274,46428.33445699941,183.39419583333293,"{""nocvar_g0.00"": 44712.04900536396, ""cvar_t0.90_r0.05_g0.00"": 45621.02218259317, ""cvar_t0.90_r0.20_g0.00"": 47892.72036626445, ""cvar_t0.95_r0.05_g0.00"": 45621.02218259317, ""cvar_t0.95_r0.20_g0.00"": 47892.72036626445, ""nocvar_g0.02"": 43880.63575909803, ""cvar_t0.90_r0.05_g0.02"": 44946.83114339093, ""cvar_t0.90_r0.20_g0.02"": 47367.59636103617, ""cvar_t0.95_r0.05_g0.02"": 45059.05009110188, ""cvar_t0.95_r0.20_g0.02"": 47811.76565349351, ""nocvar_g0.05"": 42508.48639643553, ""cvar_t0.90_r0.05_g0.05"": 43422.55999883858, ""cvar_t0.90_r0.20_g0.05"": 45761.03556707844, ""cvar_t0.95_r0.05_g0.05"": 43535.23699803996, ""cvar_t0.95_r0.20_g0.05"": 46933.35374868741}",230,72634.59672234567,27.191666666666606,2849.1396616460947,19258.117050699577,15289.886806666666,19258.117050699577,15289.886806666666
2025-08-22,233,nocvar_g0.05,5079.733051925925,5066.644801925924,4775.10101212963,26810.52537881286,23132.808763395653,3677.716615417207,"{""nocvar_g0.00"": 45251.55383871441, ""cvar_t0.90_r0.05_g0.00"": 45819.17611453026, ""cvar_t0.90_r0.20_g0.00"": 47839.81521310792, ""cvar_t0.95_r0.05_g0.00"": 45819.17611453026, ""cvar_t0.95_r0.20_g0.00"": 47839.81521310792, ""nocvar_g0.02"": 44588.39288916828, ""cvar_t0.90_r0.05_g0.02"": 45451.04876991197, ""cvar_t0.90_r0.20_g0.02"": 47315.608009676274, ""cvar_t0.95_r0.05_g0.02"": 45562.12242449877, ""cvar_t0.95_r0.20_g0.02"": 47759.77730213361, ""nocvar_g0.05"": 43378.880227731206, ""cvar_t0.90_r0.05_g0.05"": 44275.83987989685, ""cvar_t0.90_r0.20_g0.05"": 46222.56392850824, ""cvar_t0.95_r0.05_g0.05"": 44390.942182288934, ""cvar_t0.95_r0.20_g0.05"": 47157.98731921412}",231,39444.201780058436,612.5922980849759,16314.8826323251,14598.586613868314,12087.24456805,14598.586613868314,12087.24456805
2025-08-23,234,nocvar_g0.05,4740.67601212963,4775.10101212963,4882.530597611114,23418.014801652665,23418.014801652665,0.0,"{""nocvar_g0.00"": 45127.95636989419, ""cvar_t0.90_r0.05_g0.00"": 45735.81489450414, ""cvar_t0.90_r0.20_g0.00"": 47594.385984452194, ""cvar_t0.95_r0.05_g0.00"": 45735.81489450414, ""cvar_t0.95_r0.20_g0.00"": 47594.385984452194, ""nocvar_g0.02"": 44395.33844609632, ""cvar_t0.90_r0.05_g0.02"": 45318.5934884764, ""cvar_t0.90_r0.20_g0.02"": 47064.476327633085, ""cvar_t0.95_r0.05_g0.02"": 45426.66923210853, ""cvar_t0.95_r0.20_g0.02"": 47508.64562009043, ""nocvar_g0.05"": 43157.829151277394, ""cvar_t0.90_r0.05_g0.05"": 44060.69897541597, ""cvar_t0.90_r0.20_g0.05"": 46148.533263186386, ""cvar_t0.95_r0.05_g0.05"": 44190.94015941287, ""cvar_t0.95_r0.20_g0.05"": 47085.4075890427}",232,39608.824257416665,0.0,14177.686966079214,14760.23428633745,11859.103144999997,14760.23428633745,11859.103144999997
2025-08-24,235,nocvar_g0.05,4872.724347611113,4882.530597611114,5236.492548292591,46298.50110324427,46298.50110324427,0.0,"{""nocvar_g0.00"": 45040.083262392975, ""cvar_t0.90_r0.05_g0.00"": 45675.157431445834, ""cvar_t0.90_r0.20_g0.00"": 47598.44275219042, ""cvar_t0.95_r0.05_g0.00"": 45675.157431445834, ""cvar_t0.95_r0.20_g0.00"": 47598.44275219042, ""nocvar_g0.02"": 44255.954197769046, ""cvar_t0.90_r0.05_g0.02"": 45211.9959760625, ""cvar_t0.90_r0.20_g0.02"": 47102.26026356868, ""cvar_t0.95_r0.05_g0.02"": 45326.06162745395, ""cvar_t0.95_r0.20_g0.02"": 47546.42955602602, ""nocvar_g0.05"": 43151.49871254194, ""cvar_t0.90_r0.05_g0.05"": 43987.933133609724, ""cvar_t0.90_r0.20_g0.05"": 46034.07918576118, ""cvar_t0.95_r0.05_g0.05"": 44108.86295393598, ""cvar_t0.95_r0.20_g0.05"": 46999.9925427153}",233,71627.22867465981,0.0,3739.0897019753006,20189.388072304522,16034.838582953334,20189.388072304522,16034.838582953334
2025-08-25,236,nocvar_g0.05,5204.931048292591,5236.492548292591,4678.22108503889,57856.62711563213,46063.655206591175,11792.971909040956,"{""nocvar_g0.00"": 44903.738283257044, ""cvar_t0.90_r0.05_g0.00"": 45599.102650849454, ""cvar_t0.90_r0.20_g0.00"": 47590.146875084865, ""cvar_t0.95_r0.05_g0.00"": 45599.102650849454, ""cvar_t0.95_r0.20_g0.00"": 47590.146875084865, ""nocvar_g0.02"": 44119.49447052064, ""cvar_t0.90_r0.05_g0.02"": 45059.01517440612, ""cvar_t0.90_r0.20_g0.02"": 47161.801719129006, ""cvar_t0.95_r0.05_g0.02"": 45179.9960773264, ""cvar_t0.95_r0.20_g0.02"": 47584.72523078946, ""nocvar_g0.05"": 43048.216695762596, ""cvar_t0.90_r0.05_g0.05"": 43817.06433162732, ""cvar_t0.90_r0.20_g0.05"": 45869.01339649577, ""cvar_t0.95_r0.05_g0.05"": 43942.15136939625, ""cvar_t0.95_r0.20_g0.05"": 46886.997437985374}",234,72178.06581592737,1722.2501873344709,73.9640083333336,18714.259448369347,15660.994470107504,18714.259448369347,15660.994470107504
2025-08-26,237,nocvar_g0.05,4660.599788742594,4678.22108503889,5007.71559885185,45445.10481284693,45445.10481284693,0.0,"{""nocvar_g0.00"": 44782.82305744075, ""cvar_t0.90_r0.05_g0.00"": 45465.181304486156, ""cvar_t0.90_r0.20_g0.00"": 47475.76110473449, ""cvar_t0.95_r0.05_g0.00"": 45465.181304486156, ""cvar_t0.95_r0.20_g0.00"": 47475.76110473449, ""nocvar_g0.02"": 43924.8729087645, ""cvar_t0.90_r0.05_g0.02"": 44885.64270813473, ""cvar_t0.90_r0.20_g0.02"": 47046.335610812705, ""cvar_t0.95_r0.05_g0.02"": 45013.03030917479, ""cvar_t0.95_r0.20_g0.02"": 47468.864532992, ""nocvar_g0.05"": 42759.50172498385, ""cvar_t0.90_r0.05_g0.05"": 43544.611844161074, ""cvar_t0.90_r0.20_g0.05"": 45687.83552892923, ""cvar_t0.95_r0.05_g0.05"": 43682.1106437105, ""cvar_t0.95_r0.20_g0.05"": 46760.39431183086}",235,70745.59663573088,0.0,896.7237889712064,21176.365268393,16856.31080496667,21176.365268393,16856.31080496667
2025-08-27,238,nocvar_g0.05,4999.663598851849,5007.71559885185,5081.80300014541,47931.06341702441,47767.18780785774,163.87560916666652,"{""nocvar_g0.00"": 44529.085987304206, ""cvar_t0.90_r0.05_g0.00"": 45219.35944831533, ""cvar_t0.90_r0.20_g0.00"": 47061.4148680922, ""cvar_t0.95_r0.05_g0.00"": 45219.35944831533, ""cvar_t0.95_r0.20_g0.00"": 47061.4148680922, ""nocvar_g0.02"": 43734.55195490602, ""cvar_t0.90_r0.05_g0.02"": 44632.57698591858, ""cvar_t0.90_r0.20_g0.02"": 46632.08743464934, ""cvar_t0.95_r0.05_g0.02"": 44763.89862167005, ""cvar_t0.95_r0.20_g0.02"": 47054.616356828614, ""nocvar_g0.05"": 42939.847485712045, ""cvar_t0.90_r0.05_g0.05"": 43427.0177997782, ""cvar_t0.90_r0.20_g0.05"": 45243.773560567184, ""cvar_t0.95_r0.05_g0.05"": 43549.5844070883, ""cvar_t0.95_r0.20_g0.05"": 46333.28841695319}",236,74082.31285447905,24.339166666666642,2195.539543050849,20685.71026454733,16688.74665311913,20685.71026454733,16688.74665311913
2025-08-28,239,nocvar_g0.05,5065.3547501454095,5081.80300014541,4593.218631296298,59109.92513310442,46893.010823170756,12216.914309933662,"{""nocvar_g0.00"": 44308.0092780923, ""cvar_t0.90_r0.05_g0.00"": 45049.59137423005, ""cvar_t0.90_r0.20_g0.00"": 46987.87735070196, ""cvar_t0.95_r0.05_g0.00"": 45049.59137423005, ""cvar_t0.95_r0.20_g0.00"": 46987.87735070196, ""nocvar_g0.02"": 43434.3765166415, ""cvar_t0.90_r0.05_g0.02"": 44399.13134710435, ""cvar_t0.90_r0.20_g0.02"": 46486.19343284091, ""cvar_t0.95_r0.05_g0.02"": 44546.148426334745, ""cvar_t0.95_r0.20_g0.02"": 46979.14781614011, ""nocvar_g0.05"": 42615.55129861763, ""cvar_t0.90_r0.05_g0.05"": 43103.463972222475, ""cvar_t0.90_r0.20_g0.05"": 44954.30448153396, ""cvar_t0.95_r0.05_g0.05"": 43228.8331951695, ""cvar_t0.95_r0.20_g0.05"": 46087.792826256285}",237,72306.07398350807,1820.799283077008,279.8213833333334,18520.96227306642,15441.705373147997,18520.96227306642,15441.705373147997
2025-08-29,240,nocvar_g0.05,4524.095631296298,4593.218631296298,5059.1568435925965,24428.704872950966,24428.704872950966,0.0,"{""nocvar_g0.00"": 44132.694534633694, ""cvar_t0.90_r0.05_g0.00"": 44875.441115806854, ""cvar_t0.90_r0.20_g0.00"": 46714.00154779997, ""cvar_t0.95_r0.05_g0.00"": 44875.441115806854, ""cvar_t0.95_r0.20_g0.00"": 46714.00154779997, ""nocvar_g0.02"": 43236.798044655196, ""cvar_t0.90_r0.05_g0.02"": 44211.71663352415, ""cvar_t0.90_r0.20_g0.02"": 46290.276188908545, ""cvar_t0.95_r0.05_g0.02"": 44352.11863747231, ""cvar_t0.95_r0.20_g0.02"": 46694.30540311071, ""nocvar_g0.05"": 42406.32950997851, ""cvar_t0.90_r0.05_g0.05"": 42886.11609136638, ""cvar_t0.90_r0.20_g0.05"": 44754.03163775718, ""cvar_t0.95_r0.05_g0.05"": 43017.78294539032, ""cvar_t0.95_r0.20_g0.05"": 45875.28879663999}",238,41395.69312984793,0.0,15513.570757820362,15302.93489979424,11976.032877766665,15302.93489979424,11976.032877766665
2025-08-30,241,nocvar_g0.05,5026.633093592596,5059.1568435925965,4519.359255,24998.775952695658,23324.61634808712,1674.159604608539,"{""nocvar_g0.00"": 43893.918718331355, ""cvar_t0.90_r0.05_g0.00"": 44663.065672533776, ""cvar_t0.90_r0.20_g0.00"": 46425.797846296606, ""cvar_t0.95_r0.05_g0.00"": 44663.065672533776, ""cvar_t0.95_r0.20_g0.00"": 46425.797846296606, ""nocvar_g0.02"": 42959.76939605708, ""cvar_t0.90_r0.05_g0.02"": 43940.5240581393, ""cvar_t0.90_r0.20_g0.02"": 46073.67393014358, ""cvar_t0.95_r0.05_g0.02"": 44083.336382946356, ""cvar_t0.95_r0.20_g0.02"": 46395.29315825259, ""nocvar_g0.05"": 42623.01665788608, ""cvar_t0.90_r0.05_g0.05"": 42806.31484151927, ""cvar_t0.90_r0.20_g0.05"": 44475.05618501774, ""cvar_t0.95_r0.05_g0.05"": 42916.017969249435, ""cvar_t0.95_r0.20_g0.05"": 45695.87098037048}",239,39737.97721433235,257.41534005,19334.79461835391,13861.55753909707,11713.679436401964,13861.55753909707,11713.679436401964
2025-08-31,242,nocvar_g0.05,4524.448005000001,4519.359255,5453.435341396891,47043.35285278069,47043.35285278069,0.0,"{""nocvar_g0.00"": 43892.22124191725, ""cvar_t0.90_r0.05_g0.00"": 44672.891050082326, ""cvar_t0.90_r0.20_g0.00"": 46495.848546872425, ""cvar_t0.95_r0.05_g0.00"": 44672.891050082326, ""cvar_t0.95_r0.20_g0.00"": 46495.848546872425, ""nocvar_g0.02"": 42917.45529291595, ""cvar_t0.90_r0.05_g0.02"": 43900.61262665656, ""cvar_t0.90_r0.20_g0.02"": 46118.647116484586, ""cvar_t0.95_r0.05_g0.02"": 44048.95404041769, ""cvar_t0.95_r0.20_g0.02"": 46521.534855989405, ""nocvar_g0.05"": 42595.01042550571, ""cvar_t0.90_r0.05_g0.05"": 42749.67321560121, ""cvar_t0.90_r0.20_g0.05"": 44378.27116425122, ""cvar_t0.95_r0.05_g0.05"": 42862.88901424375, ""cvar_t0.95_r0.20_g0.05"": 45652.93157511188}",240,72463.06453975104,0.0,1103.7867047736718,20378.87512572016,15666.220374076129,20378.87512572016,15666.220374076129
2025-09-01,243,nocvar_g0.05,5315.952841396891,5453.435341396891,8605.66129240803,46503.849143013584,46503.849143013584,0.0,"{""nocvar_g0.00"": 43871.97018969194, ""cvar_t0.90_r0.05_g0.00"": 44663.92092839599, ""cvar_t0.90_r0.20_g0.00"": 46474.22728165368, ""cvar_t0.95_r0.05_g0.00"": 44663.92092839599, ""cvar_t0.95_r0.20_g0.00"": 46474.22728165368, ""nocvar_g0.02"": 42828.751674552026, ""cvar_t0.90_r0.05_g0.02"": 43819.37422684464, ""cvar_t0.90_r0.20_g0.02"": 46055.57067811949, ""cvar_t0.95_r0.05_g0.02"": 43968.783858066585, ""cvar_t0.95_r0.20_g0.02"": 46496.76707719908, ""nocvar_g0.05"": 42553.22195771403, ""cvar_t0.90_r0.05_g0.05"": 42630.88493847451, ""cvar_t0.90_r0.20_g0.05"": 44213.26536018545, ""cvar_t0.95_r0.05_g0.05"": 42749.22227035906, ""cvar_t0.95_r0.20_g0.05"": 45535.731540005465}",241,72971.0803826979,0.0,12868.635354264783,19427.93231152505,12899.621816425268,19427.93231152505,12899.621816425268
2025-09-02,244,nocvar_g0.05,8460.48079240803,8605.66129240803,8575.846714428913,43702.72313976354,43702.72313976354,0.0,"{""nocvar_g0.00"": 43719.51892208214, ""cvar_t0.90_r0.05_g0.00"": 44530.4018078855, ""cvar_t0.90_r0.20_g0.00"": 46155.741734900526, ""cvar_t0.95_r0.05_g0.00"": 44530.4018078855, ""cvar_t0.95_r0.20_g0.00"": 46155.741734900526, ""nocvar_g0.02"": 42672.742634914684, ""cvar_t0.90_r0.05_g0.02"": 43653.17786464362, ""cvar_t0.90_r0.20_g0.02"": 45733.01733489827, ""cvar_t0.95_r0.05_g0.02"": 43796.78580917965, ""cvar_t0.95_r0.20_g0.02"": 46177.86890154373, ""nocvar_g0.05"": 42339.79130897695, ""cvar_t0.90_r0.05_g0.05"": 42420.05524561873, ""cvar_t0.90_r0.20_g0.05"": 43836.371344885636, ""cvar_t0.95_r0.05_g0.05"": 42554.69046962667, ""cvar_t0.95_r0.20_g0.05"": 45176.99701415644}",242,66604.18669021523,0.0,9176.300410863996,17878.755523854903,14508.625094503677,17878.755523854903,14508.625094503677
2025-09-03,245,cvar_t0.90_r0.05_g0.05,8433.903964428915,8575.846714428913,9225.82293201667,45386.44077417737,45386.44077417737,0.0,"{""nocvar_g0.00"": 43605.03072382925, ""cvar_t0.90_r0.05_g0.00"": 44466.37789730355, ""cvar_t0.90_r0.20_g0.00"": 46186.69863864257, ""cvar_t0.95_r0.05_g0.00"": 44466.37789730355, ""cvar_t0.95_r0.20_g0.00"": 46186.69863864257, ""nocvar_g0.02"": 42530.09036915789, ""cvar_t0.90_r0.05_g0.02"": 43522.33785280794, ""cvar_t0.90_r0.20_g0.02"": 45678.38673945936, ""cvar_t0.95_r0.05_g0.02"": 43672.165366912726, ""cvar_t0.95_r0.20_g0.02"": 46208.248862314955, ""nocvar_g0.05"": 42264.9342539637, ""cvar_t0.90_r0.05_g0.05"": 42260.285508961075, ""cvar_t0.90_r0.20_g0.05"": 43648.59384645179, ""cvar_t0.95_r0.05_g0.05"": 42389.1402908018, ""cvar_t0.95_r0.20_g0.05"": 45037.937276556906}",243,69129.00298835298,0.0,10022.52014722399,15651.510501578989,12092.74491045,15651.510501578989,12092.74491045
2025-09-04,246,cvar_t0.90_r0.05_g0.05,9039.289682016672,9225.82293201667,8811.061900816645,46765.79295905245,46765.79295905245,0.0,"{""nocvar_g0.00"": 43469.905402923665, ""cvar_t0.90_r0.05_g0.00"": 44358.86841462739, ""cvar_t0.90_r0.20_g0.00"": 46028.96525768586, ""cvar_t0.95_r0.05_g0.00"": 44358.86841462739, ""cvar_t0.95_r0.20_g0.00"": 46028.96525768586, ""nocvar_g0.02"": 42345.734582592835, ""cvar_t0.90_r0.05_g0.02"": 43336.86314853263, ""cvar_t0.90_r0.20_g0.02"": 45569.500642880346, ""cvar_t0.95_r0.05_g0.02"": 43504.275851276485, ""cvar_t0.95_r0.20_g0.02"": 46045.45989493992, ""nocvar_g0.05"": 42078.54224957216, ""cvar_t0.90_r0.05_g0.05"": 42055.52350704301, ""cvar_t0.90_r0.20_g0.05"": 43433.052139589796, ""cvar_t0.95_r0.05_g0.05"": 42179.37037580029, ""cvar_t0.95_r0.20_g0.05"": 44872.51705976861}",244,72000.99448928336,0.0,15549.926965985625,15256.773165146082,12731.271191848351,15256.773165146082,12731.271191848351
2025-09-05,247,nocvar_g0.05,8748.203650816646,8811.061900816645,9281.806809999991,22044.822081975264,22044.822081975264,0.0,"{""nocvar_g0.00"": 43485.33762819214, ""cvar_t0.90_r0.05_g0.00"": 44368.58251606191, ""cvar_t0.90_r0.20_g0.00"": 45961.78548359814, ""cvar_t0.95_r0.05_g0.00"": 44368.58251606191, ""cvar_t0.95_r0.20_g0.00"": 45961.78548359814, ""nocvar_g0.02"": 42249.16921300356, ""cvar_t0.90_r0.05_g0.02"": 43274.089850113785, ""cvar_t0.90_r0.20_g0.02"": 45569.45037116082, ""cvar_t0.95_r0.05_g0.02"": 43462.33690483779, ""cvar_t0.95_r0.20_g0.02"": 45974.84184423392, ""nocvar_g0.05"": 41907.87612697617, ""cvar_t0.90_r0.05_g0.05"": 41956.3087241859, ""cvar_t0.90_r0.20_g0.05"": 43333.00260924385, ""cvar_t0.95_r0.05_g0.05"": 42082.045683224096, ""cvar_t0.95_r0.20_g0.05"": 44862.3821561132}",245,35832.20213918168,0.0,25809.017954238676,14606.590000059561,11407.667481783225,14606.590000059561,11407.667481783225
2025-09-06,248,nocvar_g0.05,9204.017559999991,9281.806809999991,9389.82710740741,22167.381315902585,22167.381315902585,0.0,"{""nocvar_g0.00"": 43543.119907648, ""cvar_t0.90_r0.05_g0.00"": 44390.23736128878, ""cvar_t0.90_r0.20_g0.00"": 46033.50575123711, ""cvar_t0.95_r0.05_g0.00"": 44390.23736128878, ""cvar_t0.95_r0.20_g0.00"": 46033.50575123711, ""nocvar_g0.02"": 42252.32111053049, ""cvar_t0.90_r0.05_g0.02"": 43251.01403655044, ""cvar_t0.90_r0.20_g0.02"": 45485.52820492508, ""cvar_t0.95_r0.05_g0.02"": 43446.420238604296, ""cvar_t0.95_r0.20_g0.02"": 46045.66975248547, ""nocvar_g0.05"": 41888.80944245767, ""cvar_t0.90_r0.05_g0.05"": 41918.188025225776, ""cvar_t0.90_r0.20_g0.05"": 43236.39934589354, ""cvar_t0.95_r0.05_g0.05"": 42062.0177070247, ""cvar_t0.95_r0.20_g0.05"": 44716.041878105374}",246,35822.35208316667,0.0,25168.085005944446,14926.132155555551,11992.948778333322,14926.132155555551,11992.948778333322
2025-09-07,249,nocvar_g0.05,9272.125107407408,9389.82710740741,9149.899373703705,43707.58556982933,43707.58556982933,0.0,"{""nocvar_g0.00"": 43473.4644371207, ""cvar_t0.90_r0.05_g0.00"": 44314.829375987094, ""cvar_t0.90_r0.20_g0.00"": 45987.450631090884, ""cvar_t0.95_r0.05_g0.00"": 44314.829375987094, ""cvar_t0.95_r0.20_g0.00"": 45987.450631090884, ""nocvar_g0.02"": 42166.319092385595, ""cvar_t0.90_r0.05_g0.02"": 43115.790745824284, ""cvar_t0.90_r0.20_g0.02"": 45353.37508817348, ""cvar_t0.95_r0.05_g0.02"": 43325.181379932445, ""cvar_t0.95_r0.20_g0.02"": 45997.04879178772, ""nocvar_g0.05"": 41810.25813879443, ""cvar_t0.90_r0.05_g0.05"": 41825.22009906666, ""cvar_t0.90_r0.20_g0.05"": 43050.28139737506, ""cvar_t0.95_r0.05_g0.05"": 41967.3190102479, ""cvar_t0.95_r0.20_g0.05"": 44529.183450114586}",247,66314.42002469135,0.0,8439.953745183127,16470.619069341563,13557.1364065,16470.619069341563,13557.1364065
2025-09-08,250,cvar_t0.90_r0.05_g0.05,9091.227790370373,9149.899373703705,5059.44126,42088.71777338416,38272.3684462425,3816.3493271416564,"{""nocvar_g0.00"": 43438.67782467492, ""cvar_t0.90_r0.05_g0.00"": 44262.86223559995, ""cvar_t0.90_r0.20_g0.00"": 45856.179345680976, ""cvar_t0.95_r0.05_g0.00"": 44262.86223559995, ""cvar_t0.95_r0.20_g0.00"": 45856.179345680976, ""nocvar_g0.02"": 42077.581889268666, ""cvar_t0.90_r0.05_g0.02"": 43020.50234705284, ""cvar_t0.90_r0.20_g0.02"": 45193.48327905407, ""cvar_t0.95_r0.05_g0.02"": 43226.149992545754, ""cvar_t0.95_r0.20_g0.02"": 45863.60901700449, ""nocvar_g0.05"": 41747.917394134376, ""cvar_t0.90_r0.05_g0.05"": 41730.664286920415, ""cvar_t0.90_r0.20_g0.05"": 42921.90169807863, ""cvar_t0.95_r0.05_g0.05"": 41870.61926304118, ""cvar_t0.95_r0.20_g0.05"": 44353.35436714635}",248,57776.60737206111,547.0684241888843,81.72472241872333,13304.178120164608,14457.796579666669,13304.178120164608,14457.796579666669
2025-09-09,251,cvar_t0.90_r0.05_g0.05,5062.52676,5059.44126,6552.067187631484,43020.705285712844,43020.705285712844,0.0,"{""nocvar_g0.00"": 43289.40563308025, ""cvar_t0.90_r0.05_g0.00"": 44082.831415059576, ""cvar_t0.90_r0.20_g0.00"": 45509.130077789385, ""cvar_t0.95_r0.05_g0.00"": 44082.831415059576, ""cvar_t0.95_r0.20_g0.00"": 45509.130077789385, ""nocvar_g0.02"": 41947.739335658676, ""cvar_t0.90_r0.05_g0.02"": 42833.31476070604, ""cvar_t0.90_r0.20_g0.02"": 44816.536495516026, ""cvar_t0.95_r0.05_g0.02"": 43052.67648572761, ""cvar_t0.95_r0.20_g0.02"": 45513.07193125238, ""nocvar_g0.05"": 41678.10588654604, ""cvar_t0.90_r0.05_g0.05"": 41632.8095489315, ""cvar_t0.90_r0.20_g0.05"": 42639.60664431258, ""cvar_t0.95_r0.05_g0.05"": 41755.244617902725, ""cvar_t0.95_r0.20_g0.05"": 43951.53070496995}",249,67363.05317469752,0.0,9219.56789681481,19459.408822882717,14418.757811666666,19459.408822882717,14418.757811666666
2025-09-10,252,cvar_t0.90_r0.05_g0.05,6535.505150594447,6552.067187631484,5160.0774351114815,46156.2833798372,40512.08754079431,5644.195839042888,"{""nocvar_g0.00"": 42864.50900016404, ""cvar_t0.90_r0.05_g0.00"": 43677.97323143355, ""cvar_t0.90_r0.20_g0.00"": 45143.43616223482, ""cvar_t0.95_r0.05_g0.00"": 43677.97323143355, ""cvar_t0.95_r0.20_g0.00"": 45143.43616223482, ""nocvar_g0.02"": 41574.30460815032, ""cvar_t0.90_r0.05_g0.02"": 42399.286646734276, ""cvar_t0.90_r0.20_g0.02"": 44400.466029751326, ""cvar_t0.95_r0.05_g0.02"": 42621.8776010218, ""cvar_t0.95_r0.20_g0.02"": 45145.28786469783, ""nocvar_g0.05"": 41525.25592884512, ""cvar_t0.90_r0.05_g0.05"": 41382.75733779337, ""cvar_t0.90_r0.20_g0.05"": 42185.69164452102, ""cvar_t0.95_r0.05_g0.05"": 41516.44562039768, ""cvar_t0.95_r0.20_g0.05"": 43499.74573699812}",250,62675.18832311008,930.0569314666596,163.07931666666786,17783.989816726746,15657.822528816672,17783.989816726746,15657.822528816672
2025-09-11,253,cvar_t0.90_r0.05_g0.05,5122.368935111482,5160.0774351114815,6923.028992762039,44488.972219557625,44488.972219557625,0.0,"{""nocvar_g0.00"": 42716.88037633047, ""cvar_t0.90_r0.05_g0.00"": 43597.05116464496, ""cvar_t0.90_r0.20_g0.00"": 45112.4669333595, ""cvar_t0.95_r0.05_g0.00"": 43597.05116464496, ""cvar_t0.95_r0.20_g0.00"": 45112.4669333595, ""nocvar_g0.02"": 41439.04091599368, ""cvar_t0.90_r0.05_g0.02"": 42244.01894777614, ""cvar_t0.90_r0.20_g0.02"": 44322.47422863044, ""cvar_t0.95_r0.05_g0.02"": 42477.598107130194, ""cvar_t0.95_r0.20_g0.02"": 45112.11345411004, ""nocvar_g0.05"": 41416.154509504915, ""cvar_t0.90_r0.05_g0.05"": 41269.75721959136, ""cvar_t0.90_r0.20_g0.05"": 42023.626282205754, ""cvar_t0.95_r0.05_g0.05"": 41407.89180812705, ""cvar_t0.95_r0.20_g0.05"": 43341.205775783645}",251,70472.3653744185,0.0,11669.080232949244,19581.80503289705,14274.605674761113,19581.80503289705,14274.605674761113
2025-09-12,254,cvar_t0.90_r0.05_g0.05,6871.378742762039,6923.028992762039,6735.9265533580265,18631.906332639654,18631.906332639654,0.0,"{""nocvar_g0.00"": 42552.221994978805, ""cvar_t0.90_r0.05_g0.00"": 43410.098749483, ""cvar_t0.90_r0.20_g0.00"": 44875.00831816321, ""cvar_t0.95_r0.05_g0.00"": 43410.098749483, ""cvar_t0.95_r0.20_g0.00"": 44875.00831816321, ""nocvar_g0.02"": 41390.27630536734, ""cvar_t0.90_r0.05_g0.02"": 42195.94329256246, ""cvar_t0.90_r0.20_g0.02"": 44035.41635488538, ""cvar_t0.95_r0.05_g0.02"": 42313.05308277374, ""cvar_t0.95_r0.20_g0.02"": 44872.1354270972, ""nocvar_g0.05"": 41521.571281329554, ""cvar_t0.90_r0.05_g0.05"": 41246.21341064419, ""cvar_t0.90_r0.20_g0.05"": 41925.65985217756, ""cvar_t0.95_r0.05_g0.05"": 41375.15413326825, ""cvar_t0.95_r0.20_g0.05"": 43026.82732061996}",252,32035.41598155792,0.0,17840.484349119753,14798.250673167244,12154.975240729082,14798.250673167244,12154.975240729082
2025-09-13,255,cvar_t0.90_r0.05_g0.05,6646.719303358027,6735.9265533580265,6986.446147593049,19619.936969387352,19619.936969387352,0.0,"{""nocvar_g0.00"": 42395.45629302786, ""cvar_t0.90_r0.05_g0.00"": 43291.55592171329, ""cvar_t0.90_r0.20_g0.00"": 44707.02939497039, ""cvar_t0.95_r0.05_g0.00"": 43291.55592171329, ""cvar_t0.95_r0.20_g0.00"": 44707.02939497039, ""nocvar_g0.02"": 41220.054371240745, ""cvar_t0.90_r0.05_g0.02"": 42080.05163539811, ""cvar_t0.90_r0.20_g0.02"": 43867.49412652287, ""cvar_t0.95_r0.05_g0.02"": 42188.54168501182, ""cvar_t0.95_r0.20_g0.02"": 44704.2131987347, ""nocvar_g0.05"": 41359.72958097294, ""cvar_t0.90_r0.05_g0.05"": 41146.37567981797, ""cvar_t0.90_r0.20_g0.05"": 41844.204880834484, ""cvar_t0.95_r0.05_g0.05"": 41263.04512133723, ""cvar_t0.95_r0.20_g0.05"": 42857.2857831602}",253,33295.41538697777,0.0,22314.2081287037,14466.516526995887,11492.41075205515,14466.516526995887,11492.41075205515
2025-09-14,256,cvar_t0.90_r0.05_g0.05,6895.627064259716,6986.446147593049,5942.603138351859,41013.1768637588,41013.1768637588,0.0,"{""nocvar_g0.00"": 42163.939054188595, ""cvar_t0.90_r0.05_g0.00"": 43047.367784821814, ""cvar_t0.90_r0.20_g0.00"": 44431.53681366652, ""cvar_t0.95_r0.05_g0.00"": 43047.367784821814, ""cvar_t0.95_r0.20_g0.00"": 44431.53681366652, ""nocvar_g0.02"": 41006.407321928746, ""cvar_t0.90_r0.05_g0.02"": 41823.45040440752, ""cvar_t0.90_r0.20_g0.02"": 43535.71998336858, ""cvar_t0.95_r0.05_g0.02"": 41924.257180442095, ""cvar_t0.95_r0.20_g0.02"": 44426.93038462953, ""nocvar_g0.05"": 41180.765337147626, ""cvar_t0.90_r0.05_g0.05"": 40925.05027612341, ""cvar_t0.90_r0.20_g0.05"": 41580.54785152754, ""cvar_t0.95_r0.05_g0.05"": 41036.332291108214, ""cvar_t0.95_r0.20_g0.05"": 42450.35526497691}",254,63788.69810596657,0.0,1075.2108061835042,18703.269779474438,16089.107229691364,18703.269779474438,16089.107229691364
2025-09-15,257,cvar_t0.90_r0.05_g0.05,5930.585138351859,5942.603138351859,4153.91352962963,37973.811028254706,37344.86991183995,628.9411164147511,"{""nocvar_g0.00"": 41946.63203044851, ""cvar_t0.90_r0.05_g0.00"": 42786.910142881796, ""cvar_t0.90_r0.20_g0.00"": 44086.21507524336, ""cvar_t0.95_r0.05_g0.00"": 42786.910142881796, ""cvar_t0.95_r0.20_g0.00"": 44086.21507524336, ""nocvar_g0.02"": 40814.73735000851, ""cvar_t0.90_r0.05_g0.02"": 41591.228640653884, ""cvar_t0.90_r0.20_g0.02"": 43160.61124319088, ""cvar_t0.95_r0.05_g0.02"": 41684.88423248257, ""cvar_t0.95_r0.20_g0.02"": 44051.821644451826, ""nocvar_g0.05"": 41042.890275359685, ""cvar_t0.90_r0.05_g0.05"": 40757.05748040858, ""cvar_t0.90_r0.20_g0.05"": 41372.34453424932, ""cvar_t0.95_r0.05_g0.05"": 40862.970614558486, ""cvar_t0.95_r0.20_g0.05"": 42081.166405712785}",255,58188.690272184875,90.19807261058168,1327.9086241576151,18388.26176397118,16504.31267666667,18388.26176397118,16504.31267666667
2025-09-16,258,cvar_t0.90_r0.05_g0.05,4126.378372222222,4153.91352962963,3652.4983196296284,40472.56739234944,39583.05848935241,889.5089029970352,"{""nocvar_g0.00"": 41633.45742814842, ""cvar_t0.90_r0.05_g0.00"": 42435.127481862095, ""cvar_t0.90_r0.20_g0.00"": 43718.63540629501, ""cvar_t0.95_r0.05_g0.00"": 42435.127481862095, ""cvar_t0.95_r0.20_g0.00"": 43718.63540629501, ""nocvar_g0.02"": 40577.723510697324, ""cvar_t0.90_r0.05_g0.02"": 41290.564099763964, ""cvar_t0.90_r0.20_g0.02"": 42791.36260373309, ""cvar_t0.95_r0.05_g0.02"": 41377.81819961645, ""cvar_t0.95_r0.20_g0.02"": 43682.57300499404, ""nocvar_g0.05"": 40900.506119879, ""cvar_t0.90_r0.05_g0.05"": 40574.29326126788, ""cvar_t0.90_r0.20_g0.05"": 41058.34667752607, ""cvar_t0.95_r0.05_g0.05"": 40673.23856250637, ""cvar_t0.95_r0.20_g0.05"": 41706.382133015024}",256,62787.505444422495,183.1162750498858,14.661891666666634,20607.702807749425,17143.512963277033,20607.702807749425,17143.512963277033
2025-09-17,259,nocvar_g0.02,3716.1289029629615,3652.4983196296284,3901.2183908333327,51327.0873278756,38860.534143995385,12466.553183880213,"{""nocvar_g0.00"": 41251.57821886624, ""cvar_t0.90_r0.05_g0.00"": 42034.00810246371, ""cvar_t0.90_r0.20_g0.00"": 43291.00120910214, ""cvar_t0.95_r0.05_g0.00"": 42034.00810246371, ""cvar_t0.95_r0.20_g0.00"": 43291.00120910214, ""nocvar_g0.02"": 40225.988929509, ""cvar_t0.90_r0.05_g0.02"": 40918.435284783554, ""cvar_t0.90_r0.20_g0.02"": 42360.233961182144, ""cvar_t0.95_r0.05_g0.02"": 41001.10515296481, ""cvar_t0.95_r0.20_g0.02"": 43251.44436244311, ""nocvar_g0.05"": 40644.20132929499, ""cvar_t0.90_r0.05_g0.05"": 40255.512783775004, ""cvar_t0.90_r0.20_g0.05"": 40654.47332069091, ""cvar_t0.95_r0.05_g0.05"": 40357.73797166089, ""cvar_t0.95_r0.20_g0.05"": 41301.73979516538}",257,62136.02799874485,1998.3629100533349,182.90073999999981,19829.07213007818,15837.700361279993,19829.07213007818,15837.700361279993
2025-09-18,260,nocvar_g0.02,3948.8757056481477,3901.2183908333327,4152.467509166666,41402.26501882221,39815.957461800834,1586.3075570213748,"{""nocvar_g0.00"": 40978.15385228994, ""cvar_t0.90_r0.05_g0.00"": 41741.327289439345, ""cvar_t0.90_r0.20_g0.00"": 43014.612979117956, ""cvar_t0.95_r0.05_g0.00"": 41741.327289439345, ""cvar_t0.95_r0.20_g0.00"": 43014.612979117956, ""nocvar_g0.02"": 39984.925893155094, ""cvar_t0.90_r0.05_g0.02"": 40652.02377868131, ""cvar_t0.90_r0.20_g0.02"": 42065.9822654914, ""cvar_t0.95_r0.05_g0.02"": 40733.751656780376, ""cvar_t0.95_r0.20_g0.02"": 42975.97216910704, ""nocvar_g0.05"": 40445.90724220688, ""cvar_t0.90_r0.05_g0.05"": 40065.71120698077, ""cvar_t0.90_r0.20_g0.05"": 40365.17312042534, ""cvar_t0.95_r0.05_g0.05"": 40157.22639427435, ""cvar_t0.95_r0.20_g0.05"": 40997.94013724725}",258,63622.04546795575,264.0167345582293,708.8756883333328,21026.374689547323,16805.239292033337,21026.374689547323,16805.239292033337
2025-09-19,261,cvar_t0.95_r0.05_g0.05,4105.164259166666,4152.467509166666,4244.697201111111,21580.622068897464,17082.97600541108,4497.646063486383,"{""nocvar_g0.00"": 40351.44295453544, ""cvar_t0.90_r0.05_g0.00"": 41133.0318625853, ""cvar_t0.90_r0.20_g0.00"": 42582.745165953915, ""cvar_t0.95_r0.05_g0.00"": 41133.0318625853, ""cvar_t0.95_r0.20_g0.00"": 42582.745165953915, ""nocvar_g0.02"": 39184.6265320081, ""cvar_t0.90_r0.05_g0.02"": 39666.589647698784, ""cvar_t0.90_r0.20_g0.02"": 41632.1546442018, ""cvar_t0.95_r0.05_g0.02"": 39741.619149386184, ""cvar_t0.95_r0.20_g0.02"": 42542.14454781743, ""nocvar_g0.05"": 39531.97450841829, ""cvar_t0.90_r0.05_g0.05"": 39095.21731961864, ""cvar_t0.90_r0.20_g0.05"": 39459.26556173712, ""cvar_t0.95_r0.05_g0.05"": 39041.571101496585, ""cvar_t0.95_r0.20_g0.05"": 40317.06913907983}",259,31116.214430061722,875.9011690216091,12925.257591666666,15171.047199999997,12205.541509249999,15171.047199999997,12205.541509249999
2025-09-20,262,cvar_t0.95_r0.05_g0.05,4238.397201111111,4244.697201111111,4515.082883061291,21376.042439483892,17407.489760348657,3968.5526791352368,"{""nocvar_g0.00"": 40208.18728520994, ""cvar_t0.90_r0.05_g0.00"": 40772.229182823445, ""cvar_t0.90_r0.20_g0.00"": 42150.18168001709, ""cvar_t0.95_r0.05_g0.00"": 40772.229182823445, ""cvar_t0.95_r0.20_g0.00"": 42150.18168001709, ""nocvar_g0.02"": 38959.87595099459, ""cvar_t0.90_r0.05_g0.02"": 39324.07183982665, ""cvar_t0.90_r0.20_g0.02"": 41200.58553461753, ""cvar_t0.95_r0.05_g0.02"": 39397.70892423694, ""cvar_t0.95_r0.20_g0.02"": 42110.57543823316, ""nocvar_g0.05"": 39315.959440762585, ""cvar_t0.90_r0.05_g0.05"": 38864.7182721127, ""cvar_t0.90_r0.20_g0.05"": 39064.400889752025, ""cvar_t0.95_r0.05_g0.05"": 38795.04598889545, ""cvar_t0.95_r0.20_g0.05"": 39889.76502136653}",260,31534.781005666664,851.0308984766634,13565.42315166667,15429.51529151666,12254.560272373335,15429.51529151666,12254.560272373335
2025-09-21,263,cvar_t0.95_r0.05_g0.05,4523.155105283513,4515.082883061291,4198.402546296296,43182.81151394592,41656.1309502683,1526.6805636776176,"{""nocvar_g0.00"": 40030.848771684694, ""cvar_t0.90_r0.05_g0.00"": 40531.44128663989, ""cvar_t0.90_r0.20_g0.00"": 41730.87054629358, ""cvar_t0.95_r0.05_g0.00"": 40531.44128663989, ""cvar_t0.95_r0.20_g0.00"": 41730.87054629358, ""nocvar_g0.02"": 38840.706437848254, ""cvar_t0.90_r0.05_g0.02"": 39132.023529730024, ""cvar_t0.90_r0.20_g0.02"": 40811.12083841091, ""cvar_t0.95_r0.05_g0.02"": 39199.67070638101, ""cvar_t0.95_r0.20_g0.02"": 41699.872912577666, ""nocvar_g0.05"": 39135.657894377444, ""cvar_t0.90_r0.05_g0.05"": 38692.55502733507, ""cvar_t0.90_r0.20_g0.05"": 38820.071111897145, ""cvar_t0.95_r0.05_g0.05"": 38632.26023752814, ""cvar_t0.95_r0.20_g0.05"": 39620.069515683164}",261,66769.11264060308,259.3482918333318,5540.4325976337395,18345.01660293602,15144.47575146667,18345.01660293602,15144.47575146667
2025-09-22,264,cvar_t0.95_r0.05_g0.05,4170.506296296297,4198.402546296296,3962.4165193518525,43046.33826208762,42089.7068413816,956.6314207060178,"{""nocvar_g0.00"": 39894.38288006348, ""cvar_t0.90_r0.05_g0.00"": 40327.981185123455, ""cvar_t0.90_r0.20_g0.00"": 41379.73794411697, ""cvar_t0.95_r0.05_g0.00"": 40327.981185123455, ""cvar_t0.95_r0.20_g0.00"": 41379.73794411697, ""nocvar_g0.02"": 38733.98890787926, ""cvar_t0.90_r0.05_g0.02"": 38997.944158887665, ""cvar_t0.90_r0.20_g0.02"": 40459.27021544673, ""cvar_t0.95_r0.05_g0.02"": 39059.88745244102, ""cvar_t0.95_r0.20_g0.02"": 41348.022289613495, ""nocvar_g0.05"": 39062.0492046239, ""cvar_t0.90_r0.05_g0.05"": 38618.09033935889, ""cvar_t0.90_r0.20_g0.05"": 38674.98632274081, ""cvar_t0.95_r0.05_g0.05"": 38553.638332109294, ""cvar_t0.95_r0.20_g0.05"": 39423.990827952024}",262,66505.20435207282,203.89205636666682,2767.419587695472,18631.812429793114,15304.155492382422,18631.812429793114,15304.155492382422
2025-09-23,265,cvar_t0.95_r0.05_g0.05,3904.6965193518527,3962.4165193518525,4188.249762222223,51185.954571563314,40660.26021106641,10525.694360496906,"{""nocvar_g0.00"": 39548.70751068889, ""cvar_t0.90_r0.05_g0.00"": 39998.45955536703, ""cvar_t0.90_r0.20_g0.00"": 41036.27567877896, ""cvar_t0.95_r0.05_g0.00"": 39998.45955536703, ""cvar_t0.95_r0.20_g0.00"": 41036.27567877896, ""nocvar_g0.02"": 38513.35026499536, ""cvar_t0.90_r0.05_g0.02"": 38731.162797019126, ""cvar_t0.90_r0.20_g0.02"": 40116.87984215168, ""cvar_t0.95_r0.05_g0.02"": 38777.79624638263, ""cvar_t0.95_r0.20_g0.02"": 41005.63191631844, ""nocvar_g0.05"": 38953.58145886502, ""cvar_t0.90_r0.05_g0.05"": 38455.68141552234, ""cvar_t0.90_r0.20_g0.05"": 38417.56844557482, ""cvar_t0.95_r0.05_g0.05"": 38382.49304747452, ""cvar_t0.95_r0.20_g0.05"": 39103.771692333794}",263,64745.97533326367,1608.3521587515784,139.71041666666656,20498.69249174701,16400.690999731753,20498.69249174701,16400.690999731753
2025-09-24,266,cvar_t0.95_r0.05_g0.05,4085.3610122222226,4188.249762222223,4304.980340155882,41905.326057294114,40971.80680421658,933.5192530775334,"{""nocvar_g0.00"": 39303.21071880997, ""cvar_t0.90_r0.05_g0.00"": 39743.780015642544, ""cvar_t0.90_r0.20_g0.00"": 40765.761952270856, ""cvar_t0.95_r0.05_g0.00"": 39743.780015642544, ""cvar_t0.95_r0.20_g0.00"": 40765.761952270856, ""nocvar_g0.02"": 38284.3607245778, ""cvar_t0.90_r0.05_g0.02"": 38478.84812160518, ""cvar_t0.90_r0.20_g0.02"": 39846.19822973036, ""cvar_t0.95_r0.05_g0.02"": 38521.27829714703, ""cvar_t0.95_r0.20_g0.02"": 40734.95030389712, ""nocvar_g0.05"": 38426.26946771969, ""cvar_t0.90_r0.05_g0.05"": 38180.44531685895, ""cvar_t0.90_r0.20_g0.05"": 38178.06175030999, ""cvar_t0.95_r0.05_g0.05"": 38124.69712065569, ""cvar_t0.95_r0.20_g0.05"": 38847.30892358459}",264,65032.67909766291,189.46344776666996,38.879398333333484,21131.476457662917,17011.438410566665,21131.476457662917,17011.438410566665
2025-09-25,267,cvar_t0.90_r0.20_g0.05,4293.843580896623,4304.980340155882,4125.993775274582,42376.71543430078,42273.21800263411,103.4974316666667,"{""nocvar_g0.00"": 39303.5621808284, ""cvar_t0.90_r0.05_g0.00"": 39681.01237917815, ""cvar_t0.90_r0.20_g0.00"": 40490.44011505816, ""cvar_t0.95_r0.05_g0.00"": 39681.01237917815, ""cvar_t0.95_r0.20_g0.00"": 40490.44011505816, ""nocvar_g0.02"": 38422.277594621686, ""cvar_t0.90_r0.05_g0.02"": 38507.4109607995, ""cvar_t0.90_r0.20_g0.02"": 39636.66486620026, ""cvar_t0.95_r0.05_g0.02"": 38531.7501042711, ""cvar_t0.95_r0.20_g0.02"": 40454.9914792471, ""nocvar_g0.05"": 38669.59409149189, ""cvar_t0.90_r0.05_g0.05"": 38368.27337686333, ""cvar_t0.90_r0.20_g0.05"": 38226.42909911487, ""cvar_t0.95_r0.05_g0.05"": 38300.115388303246, ""cvar_t0.95_r0.20_g0.05"": 38834.48547762477}",265,66864.0443309392,15.37166666666667,3010.154819447999,19446.843087110745,15913.030808952879,19446.843087110745,15913.030808952879
2025-09-26,268,cvar_t0.90_r0.20_g0.05,4139.202775274582,4125.993775274582,4725.044551715372,18283.700877066414,18283.700877066414,0.0,"{""nocvar_g0.00"": 39027.037557054246, ""cvar_t0.90_r0.05_g0.00"": 39411.51718527136, ""cvar_t0.90_r0.20_g0.00"": 40196.436907927055, ""cvar_t0.95_r0.05_g0.00"": 39411.51718527136, ""cvar_t0.95_r0.20_g0.00"": 40196.436907927055, ""nocvar_g0.02"": 38175.59757867356, ""cvar_t0.90_r0.05_g0.02"": 38246.57760665072, ""cvar_t0.90_r0.20_g0.02"": 39376.09318256877, ""cvar_t0.95_r0.05_g0.02"": 38286.38662304973, ""cvar_t0.95_r0.20_g0.02"": 40162.94298365681, ""nocvar_g0.05"": 38470.585818614345, ""cvar_t0.90_r0.05_g0.05"": 38153.40629487975, ""cvar_t0.90_r0.20_g0.05"": 38032.21273145297, ""cvar_t0.95_r0.05_g0.05"": 38079.90785635391, ""cvar_t0.95_r0.20_g0.05"": 38667.76161675518}",266,32960.36081945088,0.0,11830.690067366253,15243.587122567957,11808.159870483332,15243.587122567957,11808.159870483332
2025-09-27,269,cvar_t0.95_r0.05_g0.05,4726.075051715372,4725.044551715372,4029.0081111111112,21234.340374979194,17787.410790561047,3446.9295844181456,"{""nocvar_g0.00"": 38676.990127084246, ""cvar_t0.90_r0.05_g0.00"": 38995.018631156614, ""cvar_t0.90_r0.20_g0.00"": 39776.27879670325, ""cvar_t0.95_r0.05_g0.00"": 38995.018631156614, ""cvar_t0.95_r0.20_g0.00"": 39776.27879670325, ""nocvar_g0.02"": 37896.84353816056, ""cvar_t0.90_r0.05_g0.02"": 37934.587933230425, ""cvar_t0.90_r0.20_g0.02"": 38954.52764195436, ""cvar_t0.95_r0.05_g0.02"": 37974.700809204354, ""cvar_t0.95_r0.20_g0.02"": 39741.3774430424, ""nocvar_g0.05"": 37872.96318896826, ""cvar_t0.90_r0.05_g0.05"": 37800.407931720314, ""cvar_t0.90_r0.20_g0.05"": 37733.21687529001, ""cvar_t0.95_r0.05_g0.05"": 37728.90475827803, ""cvar_t0.95_r0.20_g0.05"": 38251.861601206016}",267,32066.97641625708,644.7184334833314,12700.39575,14928.577085706584,12718.58023596617,14928.577085706584,12718.58023596617
2025-09-28,270,cvar_t0.90_r0.20_g0.05,4035.349361111111,4029.0081111111112,4342.00842858444,43466.64122722636,43466.64122722636,0.0,"{""nocvar_g0.00"": 38321.534535371014, ""cvar_t0.90_r0.05_g0.00"": 38613.011294146905, ""cvar_t0.90_r0.20_g0.00"": 39294.15311784613, ""cvar_t0.95_r0.05_g0.00"": 38613.011294146905, ""cvar_t0.95_r0.20_g0.00"": 39294.15311784613, ""nocvar_g0.02"": 37637.678058442325, ""cvar_t0.90_r0.05_g0.02"": 37602.11919177381, ""cvar_t0.90_r0.20_g0.02"": 38570.032777968816, ""cvar_t0.95_r0.05_g0.02"": 37639.14045413996, ""cvar_t0.95_r0.20_g0.02"": 39258.73762529541, ""nocvar_g0.05"": 37635.57896438304, ""cvar_t0.90_r0.05_g0.05"": 37565.439062525475, ""cvar_t0.90_r0.20_g0.05"": 37451.210673712245, ""cvar_t0.95_r0.05_g0.05"": 37490.91034660254, ""cvar_t0.95_r0.20_g0.05"": 37929.63119637245}",268,69286.9495230716,0.0,1582.1954799794225,20712.761003681677,16495.636127256163,20712.761003681677,16495.636127256163
2025-09-29,271,cvar_t0.90_r0.20_g0.05,4383.653743399254,4342.00842858444,4056.235226802059,43943.83491113714,43848.78038611714,95.05452501999982,"{""nocvar_g0.00"": 38114.36441594356, ""cvar_t0.90_r0.05_g0.00"": 38367.78948135707, ""cvar_t0.90_r0.20_g0.00"": 38979.77215329051, ""cvar_t0.95_r0.05_g0.00"": 38367.78948135707, ""cvar_t0.95_r0.20_g0.00"": 38979.77215329051, ""nocvar_g0.02"": 37490.07428167683, ""cvar_t0.90_r0.05_g0.02"": 37393.0684312568, ""cvar_t0.90_r0.20_g0.02"": 38290.315937711486, ""cvar_t0.95_r0.05_g0.02"": 37429.021476162125, ""cvar_t0.95_r0.20_g0.02"": 38940.71212546332, ""nocvar_g0.05"": 37501.13483660745, ""cvar_t0.90_r0.05_g0.05"": 37431.71378449408, ""cvar_t0.90_r0.20_g0.05"": 37270.04264537064, ""cvar_t0.95_r0.05_g0.05"": 37349.16120710755, ""cvar_t0.95_r0.20_g0.05"": 37700.657399071475}",269,68961.4285263955,17.54325499999993,2691.989292976107,19917.29878959753,16390.207901178146,19917.29878959753,16390.207901178146
2025-09-30,272,cvar_t0.90_r0.20_g0.05,4134.807060135392,4056.235226802059,4186.984123148148,50208.1567161983,43579.765945078005,6628.390771120291,"{""nocvar_g0.00"": 37857.38423591391, ""cvar_t0.90_r0.05_g0.00"": 38083.134419013804, ""cvar_t0.90_r0.20_g0.00"": 38693.87965683695, ""cvar_t0.95_r0.05_g0.00"": 38083.134419013804, ""cvar_t0.95_r0.20_g0.00"": 38693.87965683695, ""nocvar_g0.02"": 37272.66444905523, ""cvar_t0.90_r0.05_g0.02"": 37155.893795142336, ""cvar_t0.90_r0.20_g0.02"": 38007.77953320156, ""cvar_t0.95_r0.05_g0.02"": 37197.64852673356, ""cvar_t0.95_r0.20_g0.02"": 38654.520553387534, ""nocvar_g0.05"": 37372.9904326027, ""cvar_t0.90_r0.05_g0.05"": 37276.7402863246, ""cvar_t0.90_r0.20_g0.05"": 37040.76030195714, ""cvar_t0.95_r0.05_g0.05"": 37176.74563241658, ""cvar_t0.95_r0.20_g0.05"": 37453.21556620719}",270,69335.2921686541,1083.953608124703,857.5396216666654,21167.670430178783,17028.139041733324,21167.670430178783,17028.139041733324
2025-10-01,273,cvar_t0.90_r0.20_g0.05,4166.743123148148,4186.984123148148,6589.031297925238,44087.1542169359,44087.1542169359,0.0,"{""nocvar_g0.00"": 37645.14898625187, ""cvar_t0.90_r0.05_g0.00"": 37805.687115395325, ""cvar_t0.90_r0.20_g0.00"": 38313.934665981236, ""cvar_t0.95_r0.05_g0.00"": 37805.687115395325, ""cvar_t0.95_r0.20_g0.00"": 38313.934665981236, ""nocvar_g0.02"": 37117.13298575847, ""cvar_t0.90_r0.05_g0.02"": 36971.51624753166, ""cvar_t0.90_r0.20_g0.02"": 37712.339405714454, ""cvar_t0.95_r0.05_g0.02"": 37006.57249846043, ""cvar_t0.95_r0.20_g0.02"": 38274.069869690284, ""nocvar_g0.05"": 37277.18488444098, ""cvar_t0.90_r0.05_g0.05"": 37173.046096280785, ""cvar_t0.90_r0.20_g0.05"": 36883.35621461494, ""cvar_t0.95_r0.05_g0.05"": 37071.52715709246, ""cvar_t0.95_r0.20_g0.05"": 37256.04397649972}",271,70628.92545400694,0.0,15143.07241716126,19276.25813796297,13451.926634450625,19276.25813796297,13451.926634450625
2025-10-02,274,cvar_t0.90_r0.20_g0.05,6561.247547925238,6589.031297925238,6935.891965555559,42160.990830004215,42160.990830004215,0.0,"{""nocvar_g0.00"": 37894.84504793741, ""cvar_t0.90_r0.05_g0.00"": 37757.085295107354, ""cvar_t0.90_r0.20_g0.00"": 38155.71062604462, ""cvar_t0.95_r0.05_g0.00"": 37757.085295107354, ""cvar_t0.95_r0.20_g0.00"": 38155.71062604462, ""nocvar_g0.02"": 37448.78802855716, ""cvar_t0.90_r0.05_g0.02"": 37149.8763932029, ""cvar_t0.90_r0.20_g0.02"": 37633.6259434632, ""cvar_t0.95_r0.05_g0.02"": 37139.683437494816, ""cvar_t0.95_r0.20_g0.02"": 38117.312368173254, ""nocvar_g0.05"": 37623.36499994526, ""cvar_t0.90_r0.05_g0.05"": 37509.8575012473, ""cvar_t0.90_r0.20_g0.05"": 37067.0914355314, ""cvar_t0.95_r0.05_g0.05"": 37390.1322163688, ""cvar_t0.95_r0.20_g0.05"": 37259.43828768128}",272,65193.73321094192,0.0,9816.783372016464,17547.326954692126,13901.160232433336,17547.326954692126,13901.160232433336
2025-10-03,275,cvar_t0.95_r0.05_g0.02,6894.469465555559,6935.891965555559,6659.97768608303,16444.90425233065,16444.90425233065,0.0,"{""nocvar_g0.00"": 37665.53504518013, ""cvar_t0.90_r0.05_g0.00"": 37519.440673029356, ""cvar_t0.90_r0.20_g0.00"": 37922.22307386808, ""cvar_t0.95_r0.05_g0.00"": 37519.440673029356, ""cvar_t0.95_r0.20_g0.00"": 37922.22307386808, ""nocvar_g0.02"": 37372.832877328845, ""cvar_t0.90_r0.05_g0.02"": 37036.80705816448, ""cvar_t0.90_r0.20_g0.02"": 37399.71275047795, ""cvar_t0.95_r0.05_g0.02"": 37000.3093242691, ""cvar_t0.95_r0.20_g0.02"": 37883.073088700825, ""nocvar_g0.05"": 37573.399781828455, ""cvar_t0.90_r0.05_g0.05"": 37461.47389983131, ""cvar_t0.90_r0.20_g0.05"": 37002.19735143385, ""cvar_t0.95_r0.05_g0.05"": 37340.56231024743, ""cvar_t0.95_r0.20_g0.05"": 37099.52889908129}",273,29336.610071851283,0.0,18953.741862085397,14810.72295416404,12245.008444398152,14810.72295416404,12245.008444398152
2025-10-04,276,cvar_t0.95_r0.05_g0.02,6640.090102749696,6659.97768608303,6568.670877303703,17305.836695787133,17305.836695787133,0.0,"{""nocvar_g0.00"": 37407.71440423549, ""cvar_t0.90_r0.05_g0.00"": 37207.63616118866, ""cvar_t0.90_r0.20_g0.00"": 37456.88219010384, ""cvar_t0.95_r0.05_g0.00"": 37207.63616118866, ""cvar_t0.95_r0.20_g0.00"": 37456.88219010384, ""nocvar_g0.02"": 37165.2735854032, ""cvar_t0.90_r0.05_g0.02"": 36804.83087148205, ""cvar_t0.90_r0.20_g0.02"": 37089.437038309734, ""cvar_t0.95_r0.05_g0.02"": 36752.47730705887, ""cvar_t0.95_r0.20_g0.02"": 37418.04730204532, ""nocvar_g0.05"": 37421.68489408463, ""cvar_t0.90_r0.05_g0.05"": 37288.58560925226, ""cvar_t0.90_r0.20_g0.05"": 36795.009323179256, ""cvar_t0.95_r0.05_g0.05"": 37147.27367297226, ""cvar_t0.95_r0.20_g0.05"": 36848.981144608275}",274,30691.391205475888,0.0,14836.658691440332,14952.24320317695,12193.493122474723,14952.24320317695,12193.493122474723
2025-10-05,277,cvar_t0.95_r0.05_g0.02,6545.350377303702,6568.670877303703,6485.106802715008,40356.98602299311,40356.98602299311,0.0,"{""nocvar_g0.00"": 37124.49430349641, ""cvar_t0.90_r0.05_g0.00"": 36886.33481471564, ""cvar_t0.90_r0.20_g0.00"": 37060.14392315059, ""cvar_t0.95_r0.05_g0.00"": 36886.33481471564, ""cvar_t0.95_r0.20_g0.00"": 37060.14392315059, ""nocvar_g0.02"": 36945.09118635966, ""cvar_t0.90_r0.05_g0.02"": 36545.98462550817, ""cvar_t0.90_r0.20_g0.02"": 36779.28114308282, ""cvar_t0.95_r0.05_g0.02"": 36479.64662903068, ""cvar_t0.95_r0.20_g0.02"": 37024.35925076455, ""nocvar_g0.05"": 37231.82473078688, ""cvar_t0.90_r0.05_g0.05"": 37092.11528515477, ""cvar_t0.90_r0.20_g0.05"": 36588.271715902985, ""cvar_t0.95_r0.05_g0.05"": 36949.145146105606, ""cvar_t0.95_r0.20_g0.05"": 36593.42224500975}",275,62142.61351148084,0.0,4175.725387360055,17400.709076757594,14169.782019303473,17400.709076757594,14169.782019303473
2025-10-06,278,cvar_t0.95_r0.05_g0.02,6447.997552715007,6485.106802715008,5596.686756699692,39038.836507547465,39038.836507547465,0.0,"{""nocvar_g0.00"": 36847.37450312606, ""cvar_t0.90_r0.05_g0.00"": 36599.02370638998, ""cvar_t0.90_r0.20_g0.00"": 36748.81919485673, ""cvar_t0.95_r0.05_g0.00"": 36599.02370638998, ""cvar_t0.95_r0.20_g0.00"": 36748.81919485673, ""nocvar_g0.02"": 36737.269989913424, ""cvar_t0.90_r0.05_g0.02"": 36304.15365608619, ""cvar_t0.90_r0.20_g0.02"": 36492.72248097457, ""cvar_t0.95_r0.05_g0.02"": 36240.191479597954, ""cvar_t0.95_r0.20_g0.02"": 36711.34855432012, ""nocvar_g0.05"": 37053.05003809069, ""cvar_t0.90_r0.05_g0.05"": 36891.08437996452, ""cvar_t0.90_r0.20_g0.05"": 36370.17861442512, ""cvar_t0.95_r0.05_g0.05"": 36747.71872052978, ""cvar_t0.95_r0.20_g0.05"": 36322.689457010805}",276,60513.94994272165,0.0,28.562733333333426,18693.97895158996,15941.700992201644,18693.97895158996,15941.700992201644
2025-10-07,279,cvar_t0.95_r0.05_g0.02,5538.474756699692,5596.686756699692,6828.77964898111,40317.9694148258,40317.9694148258,0.0,"{""nocvar_g0.00"": 36665.20488063478, ""cvar_t0.90_r0.05_g0.00"": 36408.89259640918, ""cvar_t0.90_r0.20_g0.00"": 36519.43954582328, ""cvar_t0.95_r0.05_g0.00"": 36408.89259640918, ""cvar_t0.95_r0.20_g0.00"": 36519.43954582328, ""nocvar_g0.02"": 36609.68431916741, ""cvar_t0.90_r0.05_g0.02"": 36148.59323117331, ""cvar_t0.90_r0.20_g0.02"": 36291.294164612875, ""cvar_t0.95_r0.05_g0.02"": 36062.61918416131, ""cvar_t0.95_r0.20_g0.02"": 36483.51054017248, ""nocvar_g0.05"": 36927.76799611925, ""cvar_t0.90_r0.05_g0.05"": 36766.283892328254, ""cvar_t0.90_r0.20_g0.05"": 36233.411693614056, ""cvar_t0.95_r0.05_g0.05"": 36624.86512046304, ""cvar_t0.95_r0.20_g0.05"": 36145.278059403296}",277,62854.76162150651,0.0,38.77272623456554,20713.380485361467,15668.954590089515,20713.380485361467,15668.954590089515
2025-10-08,280,cvar_t0.95_r0.05_g0.02,6857.56989898111,6828.77964898111,5359.170583639447,39116.339038465245,39116.339038465245,0.0,"{""nocvar_g0.00"": 36715.545567834335, ""cvar_t0.90_r0.05_g0.00"": 36425.336630831596, ""cvar_t0.90_r0.20_g0.00"": 36433.49479590136, ""cvar_t0.95_r0.05_g0.00"": 36425.336630831596, ""cvar_t0.95_r0.20_g0.00"": 36433.49479590136, ""nocvar_g0.02"": 36651.24543295409, ""cvar_t0.90_r0.05_g0.02"": 36150.32718346379, ""cvar_t0.90_r0.20_g0.02"": 36251.15879587051, ""cvar_t0.95_r0.05_g0.02"": 36058.48807225372, ""cvar_t0.95_r0.20_g0.02"": 36395.08877221997, ""nocvar_g0.05"": 36781.354549095966, ""cvar_t0.90_r0.05_g0.05"": 36657.16218970989, ""cvar_t0.90_r0.20_g0.05"": 36240.844317014155, ""cvar_t0.95_r0.05_g0.05"": 36498.75521129314, ""cvar_t0.95_r0.20_g0.05"": 36140.215671829035}",278,61623.44634261358,0.0,3139.529782798345,17516.15290503189,15510.732011883325,17516.15290503189,15510.732011883325
2025-10-09,281,cvar_t0.95_r0.05_g0.02,5337.574333639447,5359.170583639447,5488.067490500002,40030.58074114252,40030.58074114252,0.0,"{""nocvar_g0.00"": 36595.863951985295, ""cvar_t0.90_r0.05_g0.00"": 36287.717272864415, ""cvar_t0.90_r0.20_g0.00"": 36289.71709271804, ""cvar_t0.95_r0.05_g0.00"": 36287.717272864415, ""cvar_t0.95_r0.20_g0.00"": 36289.71709271804, ""nocvar_g0.02"": 36539.445200792085, ""cvar_t0.90_r0.05_g0.02"": 36035.61549539169, ""cvar_t0.90_r0.20_g0.02"": 36153.367294238866, ""cvar_t0.95_r0.05_g0.02"": 35943.50932248589, ""cvar_t0.95_r0.20_g0.02"": 36252.48014292602, ""nocvar_g0.05"": 36679.40722959609, ""cvar_t0.90_r0.05_g0.05"": 36549.25736409739, ""cvar_t0.90_r0.20_g0.05"": 36130.7838820797, ""cvar_t0.95_r0.05_g0.05"": 36390.84012267443, ""cvar_t0.95_r0.20_g0.05"": 36085.670690980514}",279,63211.67756031183,0.0,3644.6906213066954,19426.305471038475,15619.300215366664,19426.305471038475,15619.300215366664
2025-10-10,282,cvar_t0.90_r0.05_g0.02,5477.137740500002,5488.067490500002,4919.79253346807,16443.711434058543,15974.247528313523,469.4639057450211,"{""nocvar_g0.00"": 36430.72747822503, ""cvar_t0.90_r0.05_g0.00"": 36088.76756049012, ""cvar_t0.90_r0.20_g0.00"": 36036.480452058415, ""cvar_t0.95_r0.05_g0.00"": 36088.76756049012, ""cvar_t0.95_r0.20_g0.00"": 36036.480452058415, ""nocvar_g0.02"": 36288.38143859004, ""cvar_t0.90_r0.05_g0.02"": 35746.92832995095, ""cvar_t0.90_r0.20_g0.02"": 35947.59097036345, ""cvar_t0.95_r0.05_g0.02"": 35758.02122223577, ""cvar_t0.95_r0.20_g0.02"": 35999.62397231839, ""nocvar_g0.05"": 36334.77072047305, ""cvar_t0.90_r0.05_g0.05"": 36297.184158157914, ""cvar_t0.90_r0.20_g0.05"": 35875.99731843822, ""cvar_t0.95_r0.05_g0.05"": 36133.28876468517, ""cvar_t0.95_r0.20_g0.05"": 35905.65132946572}",280,29896.743916411753,128.06899601954154,18323.73135,15099.568984701953,12742.098338937325,15099.568984701953,12742.098338937325
2025-10-11,283,cvar_t0.90_r0.05_g0.02,4954.516348282885,4919.79253346807,5403.9012669428475,16977.380753481415,16977.380753481415,0.0,"{""nocvar_g0.00"": 36293.92409414692, ""cvar_t0.90_r0.05_g0.00"": 35891.93544904461, ""cvar_t0.90_r0.20_g0.00"": 35796.19992011362, ""cvar_t0.95_r0.05_g0.00"": 35891.93544904461, ""cvar_t0.95_r0.20_g0.00"": 35796.19992011362, ""nocvar_g0.02"": 36172.31954414207, ""cvar_t0.90_r0.05_g0.02"": 35565.28770982203, ""cvar_t0.90_r0.20_g0.02"": 35707.57672331982, ""cvar_t0.95_r0.05_g0.02"": 35576.38060210685, ""cvar_t0.95_r0.20_g0.02"": 35759.60972527476, ""nocvar_g0.05"": 36226.31786703873, ""cvar_t0.90_r0.05_g0.05"": 36116.69604676914, ""cvar_t0.90_r0.20_g0.05"": 35651.16387293864, ""cvar_t0.95_r0.05_g0.05"": 35967.50147125443, ""cvar_t0.95_r0.20_g0.05"": 35668.52793583657}",281,31513.519940172308,0.0,14001.470161460904,15631.780711846175,12226.044516468108,15631.780711846175,12226.044516468108
2025-10-12,284,cvar_t0.90_r0.05_g0.02,5394.984516942847,5403.9012669428475,4919.549431352313,40335.30216099341,40237.26635326007,98.03580773333336,"{""nocvar_g0.00"": 36242.65521593987, ""cvar_t0.90_r0.05_g0.00"": 35742.44750778865, ""cvar_t0.90_r0.20_g0.00"": 35580.228035842374, ""cvar_t0.95_r0.05_g0.00"": 35742.44750778865, ""cvar_t0.95_r0.20_g0.00"": 35580.228035842374, ""nocvar_g0.02"": 36088.50911045944, ""cvar_t0.90_r0.05_g0.02"": 35480.74483236514, ""cvar_t0.90_r0.20_g0.02"": 35547.2328058427, ""cvar_t0.95_r0.05_g0.02"": 35491.325955259716, ""cvar_t0.95_r0.20_g0.02"": 35544.77447874851, ""nocvar_g0.05"": 36145.579263788306, ""cvar_t0.90_r0.05_g0.05"": 36039.349192585316, ""cvar_t0.90_r0.20_g0.05"": 35567.83287463949, ""cvar_t0.95_r0.05_g0.05"": 35890.17681286887, ""cvar_t0.95_r0.20_g0.05"": 35585.08673923085}",282,63150.53147806417,20.929933333333338,1533.0552235591563,18733.509771244717,15610.059566739706,18733.509771244717,15610.059566739706
2025-10-13,285,cvar_t0.90_r0.05_g0.02,4902.921931352314,4919.549431352313,5378.016439296297,40195.94386100979,40195.94386100979,0.0,"{""nocvar_g0.00"": 36146.94174911711, ""cvar_t0.90_r0.05_g0.00"": 35646.61776168629, ""cvar_t0.90_r0.20_g0.00"": 35451.81145725561, ""cvar_t0.95_r0.05_g0.00"": 35646.61776168629, ""cvar_t0.95_r0.20_g0.00"": 35451.81145725561, ""nocvar_g0.02"": 35992.96885113221, ""cvar_t0.90_r0.05_g0.02"": 35383.76232799705, ""cvar_t0.90_r0.20_g0.02"": 35440.41546879012, ""cvar_t0.95_r0.05_g0.02"": 35394.146138595985, ""cvar_t0.95_r0.20_g0.02"": 35440.98335101382, ""nocvar_g0.05"": 36045.140533751386, ""cvar_t0.90_r0.05_g0.05"": 35944.09800781367, ""cvar_t0.90_r0.20_g0.05"": 35445.453589273435, ""cvar_t0.95_r0.05_g0.05"": 35794.96706838642, ""cvar_t0.95_r0.20_g0.05"": 35473.389347158685}",283,63721.36664743776,0.0,2498.047840432103,19912.122104505655,15716.198597499999,19912.122104505655,15716.198597499999
2025-10-14,286,cvar_t0.90_r0.05_g0.02,5326.736689296297,5378.016439296297,4498.296387407406,45141.19807816022,40003.96243657604,5137.23564158418,"{""nocvar_g0.00"": 36114.55940623544, ""cvar_t0.90_r0.05_g0.00"": 35593.6510588075, ""cvar_t0.90_r0.20_g0.00"": 35394.78914202475, ""cvar_t0.95_r0.05_g0.00"": 35593.6510588075, ""cvar_t0.95_r0.20_g0.00"": 35394.78914202475, ""nocvar_g0.02"": 35946.387828583865, ""cvar_t0.90_r0.05_g0.02"": 35352.471513641474, ""cvar_t0.90_r0.20_g0.02"": 35383.273512682295, ""cvar_t0.95_r0.05_g0.02"": 35364.593921216874, ""cvar_t0.95_r0.20_g0.02"": 35383.841394906005, ""nocvar_g0.05"": 36015.40307604713, ""cvar_t0.90_r0.05_g0.05"": 35899.198925366225, ""cvar_t0.90_r0.20_g0.05"": 35422.43959131054, ""cvar_t0.95_r0.05_g0.05"": 35749.805785984856, ""cvar_t0.95_r0.20_g0.05"": 35424.97598943087}",284,63598.58617515678,805.7809027833284,756.835209094645,19291.845432695474,16418.14284718334,19291.845432695474,16418.14284718334
2025-10-15,287,cvar_t0.90_r0.05_g0.02,4491.619887407406,4498.296387407406,4063.7817375,48494.67816058273,39899.83049829654,8594.847662286189,"{""nocvar_g0.00"": 36204.33275254672, ""cvar_t0.90_r0.05_g0.00"": 35726.674173703315, ""cvar_t0.90_r0.20_g0.00"": 35563.28058437574, ""cvar_t0.95_r0.05_g0.00"": 35726.674173703315, ""cvar_t0.95_r0.20_g0.00"": 35563.28058437574, ""nocvar_g0.02"": 36025.413137848525, ""cvar_t0.90_r0.05_g0.02"": 35445.57806387423, ""cvar_t0.90_r0.20_g0.02"": 35510.23230499366, ""cvar_t0.95_r0.05_g0.02"": 35458.53087109142, ""cvar_t0.95_r0.20_g0.02"": 35553.61068942638, ""nocvar_g0.05"": 36082.22819826208, ""cvar_t0.90_r0.05_g0.05"": 35971.531769683366, ""cvar_t0.90_r0.20_g0.05"": 35518.86747422129, ""cvar_t0.95_r0.05_g0.05"": 35818.86695952967, ""cvar_t0.95_r0.20_g0.05"": 35521.75878620958}",285,63752.7343141358,1291.8568886384758,0.0,18503.319672057612,15378.752119283337,18503.319672057612,15378.752119283337
2025-10-16,288,cvar_t0.90_r0.05_g0.02,4054.7622375,4063.7817375,4116.411978333333,53139.25725227701,40305.16406603116,12834.093186245851,"{""nocvar_g0.00"": 36591.05640566813, ""cvar_t0.90_r0.05_g0.00"": 35905.0842365234, ""cvar_t0.90_r0.20_g0.00"": 35677.69796172048, ""cvar_t0.95_r0.05_g0.00"": 35905.0842365234, ""cvar_t0.95_r0.20_g0.00"": 35677.69796172048, ""nocvar_g0.02"": 36395.65426741354, ""cvar_t0.90_r0.05_g0.02"": 35635.921203415186, ""cvar_t0.90_r0.20_g0.02"": 35640.63507442618, ""cvar_t0.95_r0.05_g0.02"": 35649.220865334784, ""cvar_t0.95_r0.20_g0.02"": 35665.233956504235, ""nocvar_g0.05"": 36401.26243235445, ""cvar_t0.90_r0.05_g0.05"": 36236.84814705605, ""cvar_t0.90_r0.20_g0.05"": 35660.66913313066, ""cvar_t0.95_r0.05_g0.05"": 36055.25545939076, ""cvar_t0.95_r0.20_g0.05"": 35664.091018428924}",286,65356.95325337145,1946.699496301184,261.74290596707556,21200.36672081878,17124.929827113217,21200.36672081878,17124.929827113217
2025-10-17,289,cvar_t0.90_r0.20_g0.02,4151.318894999999,4116.411978333333,4011.3830238333353,16272.67884109965,16272.67884109965,0.0,"{""nocvar_g0.00"": 36460.60494600703, ""cvar_t0.90_r0.05_g0.00"": 36083.11117156288, ""cvar_t0.90_r0.20_g0.00"": 35901.09717904059, ""cvar_t0.95_r0.05_g0.00"": 36083.11117156288, ""cvar_t0.95_r0.20_g0.00"": 35901.09717904059, ""nocvar_g0.02"": 36305.663258513676, ""cvar_t0.90_r0.05_g0.02"": 35903.80836083913, ""cvar_t0.90_r0.20_g0.02"": 35864.42337271542, ""cvar_t0.95_r0.05_g0.02"": 35932.63034633728, ""cvar_t0.95_r0.20_g0.02"": 35889.02225479347, ""nocvar_g0.05"": 36283.98478303558, ""cvar_t0.90_r0.05_g0.05"": 36174.22307983644, ""cvar_t0.90_r0.20_g0.05"": 35881.72224149072, ""cvar_t0.95_r0.05_g0.05"": 36136.8270488807, ""cvar_t0.95_r0.20_g0.05"": 35889.03088842302}",287,31328.49908119342,0.0,12372.15840668724,16035.091667839508,13082.950309999998,16035.091667839508,13082.950309999998
2025-10-18,290,cvar_t0.90_r0.20_g0.02,3981.8112738333357,4011.3830238333353,4535.0902819444445,17294.116855371056,17294.116855371056,0.0,"{""nocvar_g0.00"": 36793.166397592875, ""cvar_t0.90_r0.05_g0.00"": 36478.39848631851, ""cvar_t0.90_r0.20_g0.00"": 36355.11167720479, ""cvar_t0.95_r0.05_g0.00"": 36478.39848631851, ""cvar_t0.95_r0.20_g0.00"": 36355.11167720479, ""nocvar_g0.02"": 36720.96021454964, ""cvar_t0.90_r0.05_g0.02"": 36358.26971617331, ""cvar_t0.90_r0.20_g0.02"": 36318.8847280496, ""cvar_t0.95_r0.05_g0.02"": 36387.09170167146, ""cvar_t0.95_r0.20_g0.02"": 36343.48361012765, ""nocvar_g0.05"": 36733.70080535828, ""cvar_t0.90_r0.05_g0.05"": 36619.7470298844, ""cvar_t0.90_r0.20_g0.05"": 36327.24619153868, ""cvar_t0.95_r0.05_g0.05"": 36582.35099892867, ""cvar_t0.95_r0.20_g0.05"": 36334.554838470984}",288,32801.755279032914,0.0,13174.611864300416,16206.387451399167,12655.837303333334,16206.387451399167,12655.837303333334
2025-10-19,291,cvar_t0.90_r0.20_g0.05,4527.369031944444,4535.0902819444445,4233.89451287037,46315.83294042594,41816.27312931068,4499.559811115263,"{""nocvar_g0.00"": 36621.52892126376, ""cvar_t0.90_r0.05_g0.00"": 36332.089979333825, ""cvar_t0.90_r0.20_g0.00"": 36279.45739140967, ""cvar_t0.95_r0.05_g0.00"": 36332.089979333825, ""cvar_t0.95_r0.20_g0.00"": 36279.45739140967, ""nocvar_g0.02"": 36549.153409035265, ""cvar_t0.90_r0.05_g0.02"": 36212.24851785017, ""cvar_t0.90_r0.20_g0.02"": 36213.11093828218, ""cvar_t0.95_r0.05_g0.02"": 36241.070503348325, ""cvar_t0.95_r0.20_g0.02"": 36258.94764980909, ""nocvar_g0.05"": 36541.531578366135, ""cvar_t0.90_r0.05_g0.05"": 36433.00020028398, ""cvar_t0.90_r0.20_g0.05"": 36211.14163872976, ""cvar_t0.95_r0.05_g0.05"": 36395.53803958855, ""cvar_t0.95_r0.20_g0.05"": 36218.49677196339}",289,67267.87298818011,656.9284994921057,293.49754666666695,21140.303157046797,17394.72174937457,21140.303157046797,17394.72174937457
2025-10-20,292,cvar_t0.90_r0.05_g0.02,4247.77551287037,4233.89451287037,4002.192574122411,45563.38532429724,42180.56667794155,3382.8186463556913,"{""nocvar_g0.00"": 36464.96034198012, ""cvar_t0.90_r0.05_g0.00"": 36179.59343321392, ""cvar_t0.90_r0.20_g0.00"": 36141.1797342567, ""cvar_t0.95_r0.05_g0.00"": 36179.59343321392, ""cvar_t0.95_r0.20_g0.00"": 36141.1797342567, ""nocvar_g0.02"": 36393.334896869215, ""cvar_t0.90_r0.05_g0.02"": 36065.2494938607, ""cvar_t0.90_r0.20_g0.02"": 36075.4027120725, ""cvar_t0.95_r0.05_g0.02"": 36092.792222914424, ""cvar_t0.95_r0.20_g0.02"": 36121.239423599414, ""nocvar_g0.05"": 36389.87182351806, ""cvar_t0.90_r0.05_g0.05"": 36280.65934004552, ""cvar_t0.90_r0.20_g0.05"": 36069.015060405814, ""cvar_t0.95_r0.05_g0.05"": 36243.19717935009, ""cvar_t0.95_r0.20_g0.05"": 36075.11686799328}",290,67883.12798736029,700.7874852375021,298.72182992284263,21331.27905727078,17486.867781262496,21331.27905727078,17486.867781262496
2025-10-21,293,cvar_t0.90_r0.20_g0.02,4045.216444492781,4002.192574122411,4157.775531335934,48946.86736630438,43616.94726545865,5329.920100845734,"{""nocvar_g0.00"": 36599.77728446056, ""cvar_t0.90_r0.05_g0.00"": 36210.78442341858, ""cvar_t0.90_r0.20_g0.00"": 36210.80406669938, ""cvar_t0.95_r0.05_g0.00"": 36210.78442341858, ""cvar_t0.95_r0.20_g0.00"": 36210.80406669938, ""nocvar_g0.02"": 36532.41128412964, ""cvar_t0.90_r0.05_g0.02"": 36155.76512175376, ""cvar_t0.90_r0.20_g0.02"": 36099.44892783033, ""cvar_t0.95_r0.05_g0.02"": 36180.84855953644, ""cvar_t0.95_r0.20_g0.02"": 36192.6255534544, ""nocvar_g0.05"": 36555.550748717484, ""cvar_t0.90_r0.05_g0.05"": 36394.40899222183, ""cvar_t0.90_r0.20_g0.05"": 36180.9086827801, ""cvar_t0.95_r0.05_g0.05"": 36361.2217832181, ""cvar_t0.95_r0.20_g0.05"": 36179.02306091562}",291,69885.13493988456,774.6397509454895,40.023645000000215,21142.868601778406,16985.69890594834,21142.868601778406,16985.69890594834
2025-10-22,294,cvar_t0.90_r0.20_g0.02,4155.4302813359345,4157.775531335934,3826.639269166667,45779.024264213906,43159.14467441598,2619.879589797927,"{""nocvar_g0.00"": 36725.019837651824, ""cvar_t0.90_r0.05_g0.00"": 36304.7195397416, ""cvar_t0.90_r0.20_g0.00"": 36302.61362795923, ""cvar_t0.95_r0.05_g0.00"": 36304.7195397416, ""cvar_t0.95_r0.20_g0.00"": 36302.61362795923, ""nocvar_g0.02"": 36622.16892276018, ""cvar_t0.90_r0.05_g0.02"": 36255.105727113725, ""cvar_t0.90_r0.20_g0.02"": 36199.60240075504, ""cvar_t0.95_r0.05_g0.02"": 36280.458404006655, ""cvar_t0.95_r0.20_g0.02"": 36292.77902637912, ""nocvar_g0.05"": 36640.60180399895, ""cvar_t0.90_r0.05_g0.05"": 36486.54057586616, ""cvar_t0.90_r0.20_g0.05"": 36276.71668362791, ""cvar_t0.95_r0.05_g0.05"": 36450.85221930523, ""cvar_t0.95_r0.20_g0.05"": 36274.831061763434}",292,69752.5994237349,495.06460585555624,785.6363838484983,22132.38727207529,18225.25632633333,22132.38727207529,18225.25632633333
2025-10-23,295,cvar_t0.90_r0.20_g0.05,3834.869769166667,3826.639269166667,4439.190872892807,44570.44844940354,44570.44844940354,0.0,"{""nocvar_g0.00"": 36698.387624367766, ""cvar_t0.90_r0.05_g0.00"": 36279.80400892386, ""cvar_t0.90_r0.20_g0.00"": 36379.763957792085, ""cvar_t0.95_r0.05_g0.00"": 36279.80400892386, ""cvar_t0.95_r0.20_g0.00"": 36379.763957792085, ""nocvar_g0.02"": 36588.70170777859, ""cvar_t0.90_r0.05_g0.02"": 36246.527948694085, ""cvar_t0.90_r0.20_g0.02"": 36282.15811896281, ""cvar_t0.95_r0.05_g0.02"": 36274.310731357735, ""cvar_t0.95_r0.20_g0.02"": 36375.33474458688, ""nocvar_g0.05"": 36591.0895025299, ""cvar_t0.90_r0.05_g0.05"": 36465.35153865402, ""cvar_t0.90_r0.20_g0.05"": 36245.92974303201, ""cvar_t0.95_r0.05_g0.05"": 36445.23216622462, ""cvar_t0.95_r0.20_g0.05"": 36261.51337803146}",293,72377.06649357588,0.0,4179.326578678775,22457.612832685554,17639.36995112178,22457.612832685554,17639.36995112178
2025-10-24,296,cvar_t0.95_r0.20_g0.05,4457.635984003919,4439.190872892807,3998.317500277777,17584.2914908027,16863.293385284705,720.9981055179942,"{""nocvar_g0.00"": 36839.10582944324, ""cvar_t0.90_r0.05_g0.00"": 36371.61810560806, ""cvar_t0.90_r0.20_g0.00"": 36426.60693800494, ""cvar_t0.95_r0.05_g0.00"": 36371.61810560806, ""cvar_t0.95_r0.20_g0.00"": 36426.60693800494, ""nocvar_g0.02"": 36722.846810897325, ""cvar_t0.90_r0.05_g0.02"": 36387.077716457665, ""cvar_t0.90_r0.20_g0.02"": 36329.80630427788, ""cvar_t0.95_r0.05_g0.02"": 36390.983988241824, ""cvar_t0.95_r0.20_g0.02"": 36422.982929901955, ""nocvar_g0.05"": 36723.986715428524, ""cvar_t0.90_r0.05_g0.05"": 36588.16284021018, ""cvar_t0.90_r0.20_g0.05"": 36338.986166267896, ""cvar_t0.95_r0.05_g0.05"": 36594.85704519446, ""cvar_t0.95_r0.20_g0.05"": 36311.388451117375}",294,32088.645028285766,141.56446516666568,11056.430203888887,16581.65583289688,13827.92726,16581.65583289688,13827.92726
2025-10-25,297,cvar_t0.95_r0.20_g0.05,3990.798000277777,3998.317500277777,4164.623063962968,17778.163046342786,17778.163046342786,0.0,"{""nocvar_g0.00"": 36887.03538508488, ""cvar_t0.90_r0.05_g0.00"": 36437.50678837981, ""cvar_t0.90_r0.20_g0.00"": 36497.703481466255, ""cvar_t0.95_r0.05_g0.00"": 36437.50678837981, ""cvar_t0.95_r0.20_g0.00"": 36497.703481466255, ""nocvar_g0.02"": 36795.54880852478, ""cvar_t0.90_r0.05_g0.02"": 36461.923013789434, ""cvar_t0.90_r0.20_g0.02"": 36402.30659209094, ""cvar_t0.95_r0.05_g0.02"": 36465.38809064535, ""cvar_t0.95_r0.20_g0.02"": 36495.48321771502, ""nocvar_g0.05"": 36801.3402498855, ""cvar_t0.90_r0.05_g0.05"": 36666.51459665266, ""cvar_t0.90_r0.20_g0.05"": 36417.33377395014, ""cvar_t0.95_r0.05_g0.05"": 36673.2046528767, ""cvar_t0.95_r0.20_g0.05"": 36386.67711432191}",295,33714.63904168724,0.0,11006.515688796293,16631.661117057614,13321.970497499999,16631.661117057614,13321.970497499999
2025-10-26,298,cvar_t0.95_r0.20_g0.05,4154.0653139629685,4164.623063962968,4592.402247611115,44067.00704032969,44067.00704032969,0.0,"{""nocvar_g0.00"": 36882.53849629631, ""cvar_t0.90_r0.05_g0.00"": 36430.9624802594, ""cvar_t0.90_r0.20_g0.00"": 36447.501418377775, ""cvar_t0.95_r0.05_g0.00"": 36430.9624802594, ""cvar_t0.95_r0.20_g0.00"": 36447.501418377775, ""nocvar_g0.02"": 36798.945337296274, ""cvar_t0.90_r0.05_g0.02"": 36460.34965699418, ""cvar_t0.90_r0.20_g0.02"": 36361.228134855475, ""cvar_t0.95_r0.05_g0.02"": 36458.62170592881, ""cvar_t0.95_r0.20_g0.02"": 36437.44888917598, ""nocvar_g0.05"": 36809.94721250192, ""cvar_t0.90_r0.05_g0.05"": 36669.99446262997, ""cvar_t0.90_r0.20_g0.05"": 36397.654284278244, ""cvar_t0.95_r0.05_g0.05"": 36669.20775082342, ""cvar_t0.95_r0.20_g0.05"": 36346.721640902426}",296,70675.42408973868,0.0,1760.3562431069959,20977.65560358781,16606.899773622794,20977.65560358781,16606.899773622794
2025-10-27,299,cvar_t0.95_r0.20_g0.05,4580.207247611115,4592.402247611115,4195.330475185186,45128.35493437635,44167.50618172335,960.8487526529998,"{""nocvar_g0.00"": 36700.37985529595, ""cvar_t0.90_r0.05_g0.00"": 36258.317064958974, ""cvar_t0.90_r0.20_g0.00"": 36321.291371232444, ""cvar_t0.95_r0.05_g0.00"": 36258.317064958974, ""cvar_t0.95_r0.20_g0.00"": 36321.291371232444, ""nocvar_g0.02"": 36641.23739956985, ""cvar_t0.90_r0.05_g0.02"": 36325.337350128735, ""cvar_t0.90_r0.20_g0.02"": 36237.97641542838, ""cvar_t0.95_r0.05_g0.02"": 36323.609399063374, ""cvar_t0.95_r0.20_g0.02"": 36314.197169748884, ""nocvar_g0.05"": 36680.8540896879, ""cvar_t0.90_r0.05_g0.05"": 36540.90133981595, ""cvar_t0.90_r0.20_g0.05"": 36268.81379857423, ""cvar_t0.95_r0.05_g0.05"": 36540.1146280094, ""cvar_t0.95_r0.20_g0.05"": 36223.28673630828}",297,70934.41736283666,142.77288935082186,3907.3980805778947,20918.81631645406,17301.605811511137,20918.81631645406,17301.605811511137
2025-10-28,300,cvar_t0.95_r0.20_g0.05,4191.626975185186,4195.330475185186,4302.725462222224,44469.350660247466,44469.350660247466,0.0,"{""nocvar_g0.00"": 36731.23412858519, ""cvar_t0.90_r0.05_g0.00"": 36287.552973590966, ""cvar_t0.90_r0.20_g0.00"": 36341.905212836995, ""cvar_t0.95_r0.05_g0.00"": 36287.552973590966, ""cvar_t0.95_r0.20_g0.00"": 36341.905212836995, ""nocvar_g0.02"": 36666.70109277526, ""cvar_t0.90_r0.05_g0.02"": 36347.24381415056, ""cvar_t0.90_r0.20_g0.02"": 36259.8932597167, ""cvar_t0.95_r0.05_g0.02"": 36345.5158630852, ""cvar_t0.95_r0.20_g0.02"": 36336.11401403721, ""nocvar_g0.05"": 36702.49593900966, ""cvar_t0.90_r0.05_g0.05"": 36562.34297599821, ""cvar_t0.90_r0.20_g0.05"": 36290.255434756495, ""cvar_t0.95_r0.05_g0.05"": 36561.55626419167, ""cvar_t0.95_r0.20_g0.05"": 36244.728372490536}",298,70808.44188956707,0.0,727.367117721175,21115.77675532922,17007.123683483333,21115.77675532922,17007.123683483333
2025-10-29,301,cvar_t0.95_r0.20_g0.05,4315.683212222224,4302.725462222224,4036.0868237037034,60753.81704575395,44180.73301164197,16573.084034111984,"{""nocvar_g0.00"": 36776.83091073888, ""cvar_t0.90_r0.05_g0.00"": 36337.72176967982, ""cvar_t0.90_r0.20_g0.00"": 36392.09745995236, ""cvar_t0.95_r0.05_g0.00"": 36337.72176967982, ""cvar_t0.95_r0.20_g0.00"": 36392.09745995236, ""nocvar_g0.02"": 36686.00036300021, ""cvar_t0.90_r0.05_g0.02"": 36370.24159268716, ""cvar_t0.90_r0.20_g0.02"": 36309.2285689712, ""cvar_t0.95_r0.05_g0.02"": 36370.48072164013, ""cvar_t0.95_r0.20_g0.02"": 36385.4493232917, ""nocvar_g0.05"": 36712.99856891678, ""cvar_t0.90_r0.05_g0.05"": 36576.37990797843, ""cvar_t0.90_r0.20_g0.05"": 36308.38079708989, ""cvar_t0.95_r0.05_g0.05"": 36576.031447357076, ""cvar_t0.95_r0.20_g0.05"": 36287.03265903479}",299,70451.35171723591,2476.7054230498334,48.65858812757358,20037.455404341257,16470.313652183086,20037.455404341257,16470.313652183086
2025-10-30,302,cvar_t0.90_r0.20_g0.05,4042.2480737037035,4036.0868237037034,4091.527197503704,46039.76786892572,46022.70952159239,17.058347333333423,"{""nocvar_g0.00"": 36422.17464212149, ""cvar_t0.90_r0.05_g0.00"": 36233.04096878889, ""cvar_t0.90_r0.20_g0.00"": 36315.64840938017, ""cvar_t0.95_r0.05_g0.00"": 36233.04096878889, ""cvar_t0.95_r0.20_g0.00"": 36315.64840938017, ""nocvar_g0.02"": 36325.30058475912, ""cvar_t0.90_r0.05_g0.02"": 36138.06454664299, ""cvar_t0.90_r0.20_g0.02"": 36234.197012927856, ""cvar_t0.95_r0.05_g0.02"": 36164.98302251714, ""cvar_t0.95_r0.20_g0.02"": 36310.417767248364, ""nocvar_g0.05"": 36377.83010296251, ""cvar_t0.90_r0.05_g0.05"": 36245.733669017805, ""cvar_t0.90_r0.20_g0.05"": 36101.865467777054, ""cvar_t0.95_r0.05_g0.05"": 36264.59243239386, ""cvar_t0.95_r0.20_g0.05"": 36209.788661928986}",300,74012.21652562305,3.641833333333352,5202.494613185205,20924.47241763786,16898.926321866667,20924.47241763786,16898.926321866667
2025-10-31,303,cvar_t0.90_r0.20_g0.05,4080.522447503704,4091.527197503704,4531.052334537041,18376.168157984073,18376.168157984073,0.0,"{""nocvar_g0.00"": 37112.35751451329, ""cvar_t0.90_r0.05_g0.00"": 36823.510929830925, ""cvar_t0.90_r0.20_g0.00"": 36904.30786743151, ""cvar_t0.95_r0.05_g0.00"": 36823.510929830925, ""cvar_t0.95_r0.20_g0.00"": 36904.30786743151, ""nocvar_g0.02"": 36937.99044448031, ""cvar_t0.90_r0.05_g0.02"": 36735.1726282911, ""cvar_t0.90_r0.20_g0.02"": 36825.107812540155, ""cvar_t0.95_r0.05_g0.02"": 36762.09110416524, ""cvar_t0.95_r0.20_g0.02"": 36901.32856686067, ""nocvar_g0.05"": 36970.292249726925, ""cvar_t0.90_r0.05_g0.05"": 36839.99381211126, ""cvar_t0.90_r0.20_g0.05"": 36697.10342594912, ""cvar_t0.95_r0.05_g0.05"": 36859.264765887725, ""cvar_t0.95_r0.20_g0.05"": 36805.02662010106}",301,34245.33974742387,0.0,6683.200758516878,17169.864731106994,13512.017808866665,17169.864731106994,13512.017808866665
2025-11-01,304,cvar_t0.90_r0.20_g0.05,4537.758084537041,4531.052334537041,4751.060938461821,17741.7014549245,17741.7014549245,0.0,"{""nocvar_g0.00"": 37233.10427922407, ""cvar_t0.90_r0.05_g0.00"": 36947.865022748156, ""cvar_t0.90_r0.20_g0.00"": 37042.70054139033, ""cvar_t0.95_r0.05_g0.00"": 36947.865022748156, ""cvar_t0.95_r0.20_g0.00"": 37042.70054139033, ""nocvar_g0.02"": 37065.38253032435, ""cvar_t0.90_r0.05_g0.02"": 36864.26878269231, ""cvar_t0.90_r0.20_g0.02"": 36963.845408263645, ""cvar_t0.95_r0.05_g0.02"": 36891.18725856645, ""cvar_t0.95_r0.20_g0.02"": 37040.06616258415, ""nocvar_g0.05"": 37104.74441130947, ""cvar_t0.90_r0.05_g0.05"": 36981.06212689892, ""cvar_t0.90_r0.20_g0.05"": 36835.63117733917, ""cvar_t0.95_r0.05_g0.05"": 36994.53216342956, ""cvar_t0.95_r0.20_g0.05"": 36943.55437149111}",302,33414.32639042798,0.0,7451.594004543214,16950.98004746913,13532.286094917696,16950.98004746913,13532.286094917696
2025-11-02,305,cvar_t0.90_r0.20_g0.05,4758.914938461821,4751.060938461821,4114.505790432886,46750.35222713945,46750.35222713945,0.0,"{""nocvar_g0.00"": 37281.32895721506, ""cvar_t0.90_r0.05_g0.00"": 37000.57829257741, ""cvar_t0.90_r0.20_g0.00"": 37106.08235610601, ""cvar_t0.95_r0.05_g0.00"": 37000.57829257741, ""cvar_t0.95_r0.20_g0.00"": 37106.08235610601, ""nocvar_g0.02"": 37114.163728781255, ""cvar_t0.90_r0.05_g0.02"": 36918.77897569826, ""cvar_t0.90_r0.20_g0.02"": 37027.643285796315, ""cvar_t0.95_r0.05_g0.02"": 36945.69745157241, ""cvar_t0.95_r0.20_g0.02"": 37103.86404011682, ""nocvar_g0.05"": 37142.15359697871, ""cvar_t0.90_r0.05_g0.05"": 37031.48889094221, ""cvar_t0.90_r0.20_g0.05"": 36891.85646288379, ""cvar_t0.95_r0.05_g0.05"": 37044.95892747286, ""cvar_t0.95_r0.20_g0.05"": 36997.92769133111}",303,75216.88156000299,0.0,2740.754723271138,22382.329140129255,18702.586236730738,22382.329140129255,18702.586236730738
2025-11-03,306,cvar_t0.90_r0.20_g0.05,4083.5037904328856,4114.505790432886,4468.1918588873705,46879.30389710207,46879.30389710207,0.0,"{""nocvar_g0.00"": 37284.588418879735, ""cvar_t0.90_r0.05_g0.00"": 37008.098485316375, ""cvar_t0.90_r0.20_g0.00"": 37124.5015651504, ""cvar_t0.95_r0.05_g0.00"": 37008.098485316375, ""cvar_t0.95_r0.20_g0.00"": 37124.5015651504, ""nocvar_g0.02"": 37119.86533499485, ""cvar_t0.90_r0.05_g0.02"": 36924.69343440163, ""cvar_t0.90_r0.20_g0.02"": 37048.848699059476, ""cvar_t0.95_r0.05_g0.02"": 36953.475792847064, ""cvar_t0.95_r0.20_g0.02"": 37125.06945337999, ""nocvar_g0.05"": 37149.99024887973, ""cvar_t0.90_r0.05_g0.05"": 37034.498888042355, ""cvar_t0.90_r0.20_g0.05"": 36906.152415831886, ""cvar_t0.95_r0.05_g0.05"": 37048.78132720378, ""cvar_t0.95_r0.20_g0.05"": 37020.12038099374}",304,74803.81040297152,0.0,859.7898760497941,21688.277799891373,17249.187556302975,21688.277799891373,17249.187556302975
2025-11-04,307,cvar_t0.90_r0.20_g0.05,4467.501108887371,4468.1918588873705,4068.5768496296287,48102.82262250577,46403.70441253023,1699.1182099755483,"{""nocvar_g0.00"": 37474.093472354965, ""cvar_t0.90_r0.05_g0.00"": 37220.33623463217, ""cvar_t0.90_r0.20_g0.00"": 37354.343355805715, ""cvar_t0.95_r0.05_g0.00"": 37220.33623463217, ""cvar_t0.95_r0.20_g0.00"": 37354.343355805715, ""nocvar_g0.02"": 37345.28492480032, ""cvar_t0.90_r0.05_g0.02"": 37154.962978084164, ""cvar_t0.90_r0.20_g0.02"": 37278.93640029034, ""cvar_t0.95_r0.05_g0.02"": 37183.74533652959, ""cvar_t0.95_r0.20_g0.02"": 37355.15715461085, ""nocvar_g0.05"": 37383.94252861224, ""cvar_t0.90_r0.05_g0.05"": 37267.08147936723, ""cvar_t0.90_r0.20_g0.05"": 37134.1601405066, ""cvar_t0.95_r0.05_g0.05"": 37279.41573908518, ""cvar_t0.95_r0.20_g0.05"": 37247.5810629403}",305,74153.02977617746,285.67232769849704,3314.751743065847,20544.904398993454,17001.026071516666,20544.904398993454,17001.026071516666
2025-11-05,308,cvar_t0.90_r0.20_g0.05,4069.8150996296285,4068.5768496296287,4448.131652231481,47759.60967013764,47759.60967013764,0.0,"{""nocvar_g0.00"": 37711.2045089078, ""cvar_t0.90_r0.05_g0.00"": 37460.24248522899, ""cvar_t0.90_r0.20_g0.00"": 37651.70348810738, ""cvar_t0.95_r0.05_g0.00"": 37460.24248522899, ""cvar_t0.95_r0.20_g0.00"": 37651.70348810738, ""nocvar_g0.02"": 37568.426359836434, ""cvar_t0.90_r0.05_g0.02"": 37444.46662382699, ""cvar_t0.90_r0.20_g0.02"": 37578.2723258142, ""cvar_t0.95_r0.05_g0.02"": 37473.24898227242, ""cvar_t0.95_r0.20_g0.02"": 37654.4930801347, ""nocvar_g0.05"": 37656.13194479485, ""cvar_t0.90_r0.05_g0.05"": 37543.13993704394, ""cvar_t0.90_r0.20_g0.05"": 37414.37420468632, ""cvar_t0.95_r0.05_g0.05"": 37558.11809859076, ""cvar_t0.95_r0.20_g0.05"": 37542.72696934176}",306,76572.321063739,0.0,2283.9278041525595,22467.230897779536,17856.857704859754,22467.230897779536,17856.857704859754
2025-11-06,309,cvar_t0.90_r0.20_g0.05,4405.0313744537025,4448.131652231481,4243.9524094451335,48212.919072057455,47754.00148251488,458.9175895425742,"{""nocvar_g0.00"": 38009.83846586199, ""cvar_t0.90_r0.05_g0.00"": 37703.75272740136, ""cvar_t0.90_r0.20_g0.00"": 37850.60065903219, ""cvar_t0.95_r0.05_g0.00"": 37703.75272740136, ""cvar_t0.95_r0.20_g0.00"": 37850.60065903219, ""nocvar_g0.02"": 37866.91151471226, ""cvar_t0.90_r0.05_g0.02"": 37748.81299746202, ""cvar_t0.90_r0.20_g0.02"": 37777.77058120259, ""cvar_t0.95_r0.05_g0.02"": 37761.01005376371, ""cvar_t0.95_r0.20_g0.02"": 37853.9913355231, ""nocvar_g0.05"": 37951.82851325193, ""cvar_t0.90_r0.05_g0.05"": 37836.32578945849, ""cvar_t0.90_r0.20_g0.05"": 37703.017896570025, ""cvar_t0.95_r0.05_g0.05"": 37852.19044166068, ""cvar_t0.95_r0.20_g0.05"": 37762.51981769198}",307,76118.08132947146,95.32098983333144,749.7544161515071,22514.866692952673,18420.80333979938,22514.866692952673,18420.80333979938
2025-11-07,310,cvar_t0.90_r0.05_g0.00,4203.363159445133,4243.9524094451335,4479.852328611113,19291.06787003335,18496.147314107322,794.9205559260271,"{""nocvar_g0.00"": 38297.55740721567, ""cvar_t0.90_r0.05_g0.00"": 38011.77025182742, ""cvar_t0.90_r0.20_g0.00"": 38159.32217511521, ""cvar_t0.95_r0.05_g0.00"": 38011.77025182742, ""cvar_t0.95_r0.20_g0.00"": 38159.32217511521, ""nocvar_g0.02"": 38166.45630170215, ""cvar_t0.90_r0.05_g0.02"": 38057.030669970096, ""cvar_t0.90_r0.20_g0.02"": 38086.652198295415, ""cvar_t0.95_r0.05_g0.02"": 38069.22772627179, ""cvar_t0.95_r0.20_g0.02"": 38162.87295261592, ""nocvar_g0.05"": 38256.814975002584, ""cvar_t0.90_r0.05_g0.05"": 38144.02660594539, ""cvar_t0.90_r0.20_g0.05"": 38012.30042098283, ""cvar_t0.95_r0.05_g0.05"": 38159.89125814758, ""cvar_t0.95_r0.20_g0.05"": 38071.847203176076}",308,34665.24768691961,145.86427381666553,7854.372171858643,18031.410938394296,14393.13293285,18031.410938394296,14393.13293285
2025-11-08,311,cvar_t0.90_r0.05_g0.00,4502.830078611113,4479.852328611113,4529.185131342593,17773.089800606038,17773.089800606038,0.0,"{""nocvar_g0.00"": 38606.84623805645, ""cvar_t0.90_r0.05_g0.00"": 38282.63762992468, ""cvar_t0.90_r0.20_g0.00"": 38450.901384876, ""cvar_t0.95_r0.05_g0.00"": 38282.63762992468, ""cvar_t0.95_r0.20_g0.00"": 38450.901384876, ""nocvar_g0.02"": 38484.24552315249, ""cvar_t0.90_r0.05_g0.02"": 38324.761853762495, ""cvar_t0.90_r0.20_g0.02"": 38379.60525430484, ""cvar_t0.95_r0.05_g0.02"": 38336.95891006419, ""cvar_t0.95_r0.20_g0.02"": 38455.82600862535, ""nocvar_g0.05"": 38614.10696851182, ""cvar_t0.90_r0.05_g0.05"": 38449.865809803356, ""cvar_t0.90_r0.20_g0.05"": 38310.49980310495, ""cvar_t0.95_r0.05_g0.05"": 38460.63185884577, ""cvar_t0.95_r0.20_g0.05"": 38364.392817415064}",309,33662.953139091565,0.0,6501.459409711932,17504.6689837963,14134.382354416666,17504.6689837963,14134.382354416666
2025-11-09,312,cvar_t0.90_r0.05_g0.00,4530.885381342593,4529.185131342593,4241.659775462963,51854.10241968518,48284.86184637432,3569.2405733108617,"{""nocvar_g0.00"": 38677.54723864803, ""cvar_t0.90_r0.05_g0.00"": 38382.021171966466, ""cvar_t0.90_r0.20_g0.00"": 38545.37350338026, ""cvar_t0.95_r0.05_g0.00"": 38382.021171966466, ""cvar_t0.95_r0.20_g0.00"": 38545.37350338026, ""nocvar_g0.02"": 38591.20368538803, ""cvar_t0.90_r0.05_g0.02"": 38426.44427268395, ""cvar_t0.90_r0.20_g0.02"": 38486.697791298844, ""cvar_t0.95_r0.05_g0.02"": 38438.64132898564, ""cvar_t0.95_r0.20_g0.02"": 38562.918545619345, ""nocvar_g0.05"": 38717.919292773884, ""cvar_t0.90_r0.05_g0.05"": 38551.11747397108, ""cvar_t0.90_r0.20_g0.05"": 38425.23777590988, ""cvar_t0.95_r0.05_g0.05"": 38561.8835230135, ""cvar_t0.95_r0.20_g0.05"": 38472.03758326557}",310,76809.88590160917,533.0311724683345,2368.1956024001297,20456.195308609047,16828.291020264995,20456.195308609047,16828.291020264995
2025-11-10,313,cvar_t0.90_r0.05_g0.00,4266.8635254629635,4241.659775462963,4239.628034999999,56249.00643748083,48318.412969094716,7930.5934683861105,"{""nocvar_g0.00"": 38707.097010560734, ""cvar_t0.90_r0.05_g0.00"": 38410.268958764194, ""cvar_t0.90_r0.20_g0.00"": 38583.68242193497, ""cvar_t0.95_r0.05_g0.00"": 38410.268958764194, ""cvar_t0.95_r0.20_g0.00"": 38583.68242193497, ""nocvar_g0.02"": 38621.23405554645, ""cvar_t0.90_r0.05_g0.02"": 38469.72518959321, ""cvar_t0.90_r0.20_g0.02"": 38532.831704989905, ""cvar_t0.95_r0.05_g0.02"": 38482.119558190556, ""cvar_t0.95_r0.20_g0.02"": 38606.02624999252, ""nocvar_g0.05"": 38772.06078605721, ""cvar_t0.90_r0.05_g0.05"": 38601.30431174305, ""cvar_t0.90_r0.20_g0.05"": 38470.74109445808, ""cvar_t0.95_r0.05_g0.05"": 38612.02892049628, ""cvar_t0.95_r0.20_g0.05"": 38517.3048369739}",311,76671.1279260715,1195.939881359173,10.24750000000006,21053.714599196486,17055.337391765817,21053.714599196486,17055.337391765817
2025-11-11,314,cvar_t0.90_r0.05_g0.00,4218.848534999998,4239.628034999999,4158.04217780667,48563.21087497211,48563.21087497211,0.0,"{""nocvar_g0.00"": 39111.011580358354, ""cvar_t0.90_r0.05_g0.00"": 38820.13639736026, ""cvar_t0.90_r0.20_g0.00"": 38984.402493771515, ""cvar_t0.95_r0.05_g0.00"": 38820.13639736026, ""cvar_t0.95_r0.20_g0.00"": 38984.402493771515, ""nocvar_g0.02"": 39049.703984113505, ""cvar_t0.90_r0.05_g0.02"": 38879.3902153775, ""cvar_t0.90_r0.20_g0.02"": 38933.29846083179, ""cvar_t0.95_r0.05_g0.02"": 38891.644225788885, ""cvar_t0.95_r0.20_g0.02"": 39006.49300583441, ""nocvar_g0.05"": 39202.396961337225, ""cvar_t0.90_r0.05_g0.05"": 39025.62594273521, ""cvar_t0.90_r0.20_g0.05"": 38867.50191697977, ""cvar_t0.95_r0.05_g0.05"": 39036.35715008341, ""cvar_t0.95_r0.20_g0.05"": 38917.657329514}",312,76707.91122678772,0.0,1181.5688608173634,21267.105109356286,17299.78241005259,21267.105109356286,17299.78241005259
2025-11-12,315,cvar_t0.90_r0.05_g0.00,4174.24292780667,4158.04217780667,4686.950566166672,49745.1436143367,49745.1436143367,0.0,"{""nocvar_g0.00"": 39720.14231634641, ""cvar_t0.90_r0.05_g0.00"": 39345.267039817336, ""cvar_t0.90_r0.20_g0.00"": 39427.71895235161, ""cvar_t0.95_r0.05_g0.00"": 39345.267039817336, ""cvar_t0.95_r0.20_g0.00"": 39427.71895235161, ""nocvar_g0.02"": 39701.73587544745, ""cvar_t0.90_r0.05_g0.02"": 39498.87168066018, ""cvar_t0.90_r0.20_g0.02"": 39429.592237768746, ""cvar_t0.95_r0.05_g0.02"": 39509.02474313277, ""cvar_t0.95_r0.20_g0.02"": 39452.228224651415, ""nocvar_g0.05"": 39891.11718452728, ""cvar_t0.90_r0.05_g0.05"": 39679.7245950533, ""cvar_t0.90_r0.20_g0.05"": 39514.96351696518, ""cvar_t0.95_r0.05_g0.05"": 39688.99386451503, ""cvar_t0.95_r0.20_g0.05"": 39501.842464834976}",313,79357.66417238415,0.0,3602.8654000000006,22751.54459400081,17952.73357161666,22751.54459400081,17952.73357161666
2025-11-13,316,cvar_t0.90_r0.05_g0.00,4704.094751351857,4686.950566166672,4587.43421475926,50442.673751211594,50442.673751211594,0.0,"{""nocvar_g0.00"": 39642.01327171054, ""cvar_t0.90_r0.05_g0.00"": 39469.37885066551, ""cvar_t0.90_r0.20_g0.00"": 39596.93709141945, ""cvar_t0.95_r0.05_g0.00"": 39469.37885066551, ""cvar_t0.95_r0.20_g0.00"": 39596.93709141945, ""nocvar_g0.02"": 39641.216491081774, ""cvar_t0.90_r0.05_g0.02"": 39621.21684879828, ""cvar_t0.90_r0.20_g0.02"": 39600.98965323239, ""cvar_t0.95_r0.05_g0.02"": 39631.369911270864, ""cvar_t0.95_r0.20_g0.02"": 39623.62564011507, ""nocvar_g0.05"": 39823.071916922716, ""cvar_t0.90_r0.05_g0.05"": 39699.24495015162, ""cvar_t0.90_r0.20_g0.05"": 39684.810508415896, ""cvar_t0.95_r0.05_g0.05"": 39737.91336153519, ""cvar_t0.95_r0.20_g0.05"": 39671.68945628568}",314,79424.45060794544,0.0,3217.0889469337303,20531.868740061713,16720.378395716667,20531.868740061713,16720.378395716667
2025-11-14,317,cvar_t0.90_r0.05_g0.00,4578.4822147592595,4587.43421475926,4566.920751722229,18498.317779546847,18498.317779546847,0.0,"{""nocvar_g0.00"": 39682.403102078366, ""cvar_t0.90_r0.05_g0.00"": 39515.23475566076, ""cvar_t0.90_r0.20_g0.00"": 39647.86823079087, ""cvar_t0.95_r0.05_g0.00"": 39515.23475566076, ""cvar_t0.95_r0.20_g0.00"": 39647.86823079087, ""nocvar_g0.02"": 39668.97195196717, ""cvar_t0.90_r0.05_g0.02"": 39665.9808717254, ""cvar_t0.90_r0.20_g0.02"": 39651.88526010922, ""cvar_t0.95_r0.05_g0.02"": 39660.61161061943, ""cvar_t0.95_r0.20_g0.02"": 39674.52124699189, ""nocvar_g0.05"": 39839.79774823643, ""cvar_t0.90_r0.05_g0.05"": 39726.24806061002, ""cvar_t0.90_r0.20_g0.05"": 39739.13660357262, ""cvar_t0.95_r0.05_g0.05"": 39765.85711761145, ""cvar_t0.95_r0.20_g0.05"": 39722.128789808376}",315,34738.140284286215,0.0,3796.1326534567866,17694.812881909264,14351.260551079835,17694.812881909264,14351.260551079835
2025-11-15,318,cvar_t0.90_r0.05_g0.00,4564.39700172223,4566.920751722229,4679.127643588705,19204.411199298956,18524.058790918913,680.3524083800423,"{""nocvar_g0.00"": 39478.72612505535, ""cvar_t0.90_r0.05_g0.00"": 39407.19042108149, ""cvar_t0.90_r0.20_g0.00"": 39550.92420511995, ""cvar_t0.95_r0.05_g0.00"": 39407.19042108149, ""cvar_t0.95_r0.20_g0.00"": 39550.92420511995, ""nocvar_g0.02"": 39567.09851635607, ""cvar_t0.90_r0.05_g0.02"": 39568.64740015222, ""cvar_t0.90_r0.20_g0.02"": 39554.42823369202, ""cvar_t0.95_r0.05_g0.02"": 39563.278139046255, ""cvar_t0.95_r0.20_g0.02"": 39577.06422057469, ""nocvar_g0.05"": 39743.386692454915, ""cvar_t0.90_r0.05_g0.05"": 39635.322348414265, ""cvar_t0.90_r0.20_g0.05"": 39648.21089137687, ""cvar_t0.95_r0.05_g0.05"": 39674.93140541569, ""cvar_t0.95_r0.20_g0.05"": 39631.20307761263}",316,34842.0495391646,123.98609313333489,3151.42511582305,18430.19682699155,14827.473227183333,18430.19682699155,14827.473227183333
2025-11-16,319,cvar_t0.90_r0.05_g0.00,4659.533143588705,4679.127643588705,4353.026081018521,50057.00210629417,50057.00210629417,0.0,"{""nocvar_g0.00"": 39563.988581625585, ""cvar_t0.90_r0.05_g0.00"": 39485.373247086136, ""cvar_t0.90_r0.20_g0.00"": 39647.15583694208, ""cvar_t0.95_r0.05_g0.00"": 39485.373247086136, ""cvar_t0.95_r0.20_g0.00"": 39647.15583694208, ""nocvar_g0.02"": 39649.91270303424, ""cvar_t0.90_r0.05_g0.02"": 39653.20954069136, ""cvar_t0.90_r0.20_g0.02"": 39651.12999018096, ""cvar_t0.95_r0.05_g0.02"": 39644.77797053701, ""cvar_t0.95_r0.20_g0.02"": 39673.76597706363, ""nocvar_g0.05"": 39828.38541667093, ""cvar_t0.90_r0.05_g0.05"": 39720.62821315353, ""cvar_t0.90_r0.20_g0.05"": 39736.810102659, ""cvar_t0.95_r0.05_g0.05"": 39760.534776641936, ""cvar_t0.95_r0.20_g0.05"": 39716.5821988861}",317,78906.20174060267,0.0,490.8039744650123,22496.551521670983,18515.69813886666,22496.551521670983,18515.69813886666
2025-11-17,320,cvar_t0.90_r0.05_g0.00,4395.949331018522,4353.026081018521,4593.261568419294,50197.16063807883,50197.16063807883,0.0,"{""nocvar_g0.00"": 39650.00870312593, ""cvar_t0.90_r0.05_g0.00"": 39565.27965792302, ""cvar_t0.90_r0.20_g0.00"": 39707.629659840946, ""cvar_t0.95_r0.05_g0.00"": 39565.27965792302, ""cvar_t0.95_r0.20_g0.00"": 39707.629659840946, ""nocvar_g0.02"": 39727.59409190592, ""cvar_t0.90_r0.05_g0.02"": 39710.74023267338, ""cvar_t0.90_r0.20_g0.02"": 39710.70142519197, ""cvar_t0.95_r0.05_g0.02"": 39702.30866251903, ""cvar_t0.95_r0.20_g0.02"": 39733.33741207465, ""nocvar_g0.05"": 39888.05723688587, ""cvar_t0.90_r0.05_g0.05"": 39784.27968200533, ""cvar_t0.90_r0.20_g0.05"": 39797.413810750826, ""cvar_t0.95_r0.05_g0.05"": 39824.18950309511, ""cvar_t0.95_r0.20_g0.05"": 39778.380486109134}",318,79158.92321436672,0.0,2107.46611383333,21786.793834417687,17431.09106721764,21786.793834417687,17431.09106721764
2025-11-18,321,cvar_t0.90_r0.05_g0.00,4550.432068419294,4593.261568419294,4630.434397509265,50766.49048619128,50766.49048619128,0.0,"{""nocvar_g0.00"": 39795.4258915583, ""cvar_t0.90_r0.05_g0.00"": 39786.53905926249, ""cvar_t0.90_r0.20_g0.00"": 39889.013463454416, ""cvar_t0.95_r0.05_g0.00"": 39786.53905926249, ""cvar_t0.95_r0.20_g0.00"": 39889.013463454416, ""nocvar_g0.02"": 39829.64340675061, ""cvar_t0.90_r0.05_g0.02"": 39859.46849733567, ""cvar_t0.90_r0.20_g0.02"": 39935.459103808025, ""cvar_t0.95_r0.05_g0.02"": 39853.68381894715, ""cvar_t0.95_r0.20_g0.02"": 39915.54579064942, ""nocvar_g0.05"": 40093.89695652514, ""cvar_t0.90_r0.05_g0.05"": 39983.943754591695, ""cvar_t0.90_r0.20_g0.05"": 39921.78490488978, ""cvar_t0.95_r0.05_g0.05"": 40014.149412710045, ""cvar_t0.95_r0.20_g0.05"": 39912.37859552418}",319,80723.98425742077,0.0,1471.7304307891122,22780.24445851241,18418.542465214083,22780.24445851241,18418.542465214083
2025-11-19,322,nocvar_g0.00,4594.390897509265,4630.434397509265,4507.550477870369,51602.60812592088,51602.60812592088,0.0,"{""nocvar_g0.00"": 39936.33761835461, ""cvar_t0.90_r0.05_g0.00"": 39957.20207467992, ""cvar_t0.90_r0.20_g0.00"": 40065.27120852592, ""cvar_t0.95_r0.05_g0.00"": 39957.20207467992, ""cvar_t0.95_r0.20_g0.00"": 40065.27120852592, ""nocvar_g0.02"": 39993.46621725182, ""cvar_t0.90_r0.05_g0.02"": 40023.44514137948, ""cvar_t0.90_r0.20_g0.02"": 40104.25381526141, ""cvar_t0.95_r0.05_g0.02"": 40017.79885575438, ""cvar_t0.95_r0.20_g0.02"": 40084.34050210281, ""nocvar_g0.05"": 40252.18534585065, ""cvar_t0.90_r0.05_g0.05"": 40142.09544350814, ""cvar_t0.90_r0.20_g0.05"": 40089.04910454153, ""cvar_t0.95_r0.05_g0.05"": 40172.17415479851, ""cvar_t0.95_r0.20_g0.05"": 40083.09386988448}",320,81404.69539444175,0.0,1881.3675341839532,22450.588357541135,18295.57209728333,22450.588357541135,18295.57209728333
2025-11-20,323,nocvar_g0.00,4549.461931574073,4507.550477870369,4708.282269529597,51671.198903284974,51671.198903284974,0.0,"{""nocvar_g0.00"": 39995.435651843574, ""cvar_t0.90_r0.05_g0.00"": 40022.299236999716, ""cvar_t0.90_r0.20_g0.00"": 40136.72262697482, ""cvar_t0.95_r0.05_g0.00"": 40022.299236999716, ""cvar_t0.95_r0.20_g0.00"": 40136.72262697482, ""nocvar_g0.02"": 40019.79159568443, ""cvar_t0.90_r0.05_g0.02"": 40068.65133531643, ""cvar_t0.90_r0.20_g0.02"": 40175.72341677149, ""cvar_t0.95_r0.05_g0.02"": 40062.97053251193, ""cvar_t0.95_r0.20_g0.02"": 40155.81010361289, ""nocvar_g0.05"": 40229.19907885561, ""cvar_t0.90_r0.05_g0.05"": 40131.66600250262, ""cvar_t0.90_r0.20_g0.05"": 40163.43080114546, ""cvar_t0.95_r0.05_g0.05"": 40157.234923238066, ""cvar_t0.95_r0.20_g0.05"": 40154.13761943277}",321,81309.72252306872,0.0,1970.136881809066,22978.163133858026,18431.6535259317,22978.163133858026,18431.6535259317
2025-11-21,324,nocvar_g0.00,4704.481269529597,4708.282269529597,4764.461941555327,18949.91024747915,18949.91024747915,0.0,"{""nocvar_g0.00"": 40217.90901540995, ""cvar_t0.90_r0.05_g0.00"": 40236.794895668565, ""cvar_t0.90_r0.20_g0.00"": 40356.31069226911, ""cvar_t0.95_r0.05_g0.00"": 40236.794895668565, ""cvar_t0.95_r0.20_g0.00"": 40356.31069226911, ""nocvar_g0.02"": 40240.940808167325, ""cvar_t0.90_r0.05_g0.02"": 40282.32739916285, ""cvar_t0.90_r0.20_g0.02"": 40395.543679190094, ""cvar_t0.95_r0.05_g0.02"": 40274.32899067828, ""cvar_t0.95_r0.20_g0.02"": 40375.63036603149, ""nocvar_g0.05"": 40425.36432412061, ""cvar_t0.90_r0.05_g0.05"": 40355.24608052742, ""cvar_t0.90_r0.20_g0.05"": 40377.80730643098, ""cvar_t0.95_r0.05_g0.05"": 40353.26346038993, ""cvar_t0.95_r0.20_g0.05"": 40374.170366362276}",322,35369.82085360064,0.0,3019.2978904030865,18081.985219514434,14595.846322983536,18081.985219514434,14595.846322983536
2025-11-22,325,nocvar_g0.02,4708.304191555327,4764.461941555327,4428.475024243521,19064.79934704102,19064.79934704102,0.0,"{""nocvar_g0.00"": 40497.57007623726, ""cvar_t0.90_r0.05_g0.00"": 40521.27403132674, ""cvar_t0.90_r0.20_g0.00"": 40653.121248890726, ""cvar_t0.95_r0.05_g0.00"": 40521.27403132674, ""cvar_t0.95_r0.20_g0.00"": 40653.121248890726, ""nocvar_g0.02"": 40496.49300063182, ""cvar_t0.90_r0.05_g0.02"": 40565.09976166432, ""cvar_t0.90_r0.20_g0.02"": 40691.446981566725, ""cvar_t0.95_r0.05_g0.02"": 40557.10135317976, ""cvar_t0.95_r0.20_g0.02"": 40671.53366840812, ""nocvar_g0.05"": 40647.62532986787, ""cvar_t0.90_r0.05_g0.05"": 40621.08471725422, ""cvar_t0.90_r0.20_g0.05"": 40674.279442095256, ""cvar_t0.95_r0.05_g0.05"": 40619.10209711672, ""cvar_t0.95_r0.20_g0.05"": 40670.64250202657}",323,35876.65813956963,0.0,2468.8595779497928,18370.301599300667,15182.332521014163,18370.301599300667,15182.332521014163
2025-11-23,326,nocvar_g0.02,4427.2712742435215,4428.475024243521,4231.533983950785,53599.11268936872,51156.43897267994,2442.6737166887797,"{""nocvar_g0.00"": 40544.68242028239, ""cvar_t0.90_r0.05_g0.00"": 40569.75188538264, ""cvar_t0.90_r0.20_g0.00"": 40728.85970594393, ""cvar_t0.95_r0.05_g0.00"": 40569.75188538264, ""cvar_t0.95_r0.20_g0.00"": 40728.85970594393, ""nocvar_g0.02"": 40535.27326927411, ""cvar_t0.90_r0.05_g0.02"": 40608.08406617214, ""cvar_t0.90_r0.20_g0.02"": 40758.95046722627, ""cvar_t0.95_r0.05_g0.02"": 40605.22773398878, ""cvar_t0.95_r0.20_g0.02"": 40755.99302537123, ""nocvar_g0.05"": 40671.58543406992, ""cvar_t0.90_r0.05_g0.05"": 40655.132597332355, ""cvar_t0.90_r0.20_g0.05"": 40734.95248939114, ""cvar_t0.95_r0.05_g0.05"": 40660.69692552489, ""cvar_t0.95_r0.20_g0.05"": 40736.621334776864}",324,80977.21231416095,528.4567246500026,2042.0881273045343,23203.85033913975,18972.365710966667,23203.85033913975,18972.365710966667
2025-11-24,327,nocvar_g0.02,4219.184483950786,4231.533983950785,4241.86423842592,51822.32914488902,51822.32914488902,0.0,"{""nocvar_g0.00"": 40608.42817968848, ""cvar_t0.90_r0.05_g0.00"": 40634.69033588937, ""cvar_t0.90_r0.20_g0.00"": 40782.48129040392, ""cvar_t0.95_r0.05_g0.00"": 40634.69033588937, ""cvar_t0.95_r0.20_g0.00"": 40782.48129040392, ""nocvar_g0.02"": 40598.79050756024, ""cvar_t0.90_r0.05_g0.02"": 40666.30888133098, ""cvar_t0.90_r0.20_g0.02"": 40810.39678980706, ""cvar_t0.95_r0.05_g0.02"": 40663.452549147616, ""cvar_t0.95_r0.20_g0.02"": 40808.55658478877, ""nocvar_g0.05"": 40722.87366170618, ""cvar_t0.90_r0.05_g0.05"": 40710.66313622501, ""cvar_t0.90_r0.20_g0.05"": 40790.55118160904, ""cvar_t0.95_r0.05_g0.05"": 40716.22746441753, ""cvar_t0.95_r0.20_g0.05"": 40787.08844055548}",325,81351.22849742093,0.0,3217.6571665257316,20854.370536145216,16882.74290525,20854.370536145216,16882.74290525
2025-11-25,328,nocvar_g0.00,4273.00798842592,4241.86423842592,4603.627333851857,52654.21368483243,52654.21368483243,0.0,"{""nocvar_g0.00"": 40892.8788664678, ""cvar_t0.90_r0.05_g0.00"": 40913.008291261, ""cvar_t0.90_r0.20_g0.00"": 41061.39684992353, ""cvar_t0.95_r0.05_g0.00"": 40913.008291261, ""cvar_t0.95_r0.20_g0.00"": 41061.39684992353, ""nocvar_g0.02"": 40938.557385491775, ""cvar_t0.90_r0.05_g0.02"": 40956.92767170553, ""cvar_t0.90_r0.20_g0.02"": 41088.52508759048, ""cvar_t0.95_r0.05_g0.02"": 40938.36388994363, ""cvar_t0.95_r0.20_g0.02"": 41086.719921765514, ""nocvar_g0.05"": 41069.45572024212, ""cvar_t0.90_r0.05_g0.05"": 41053.078037447296, ""cvar_t0.90_r0.20_g0.05"": 41128.58063577261, ""cvar_t0.95_r0.05_g0.05"": 41042.445414581, ""cvar_t0.95_r0.20_g0.05"": 41066.25784106918}",326,83112.26611422161,0.0,2261.1529131069956,22930.87341349794,18248.420679049992,22930.87341349794,18248.420679049992
2025-11-26,329,nocvar_g0.00,4592.429083851856,4603.627333851857,4907.755867796294,52966.0700476359,52928.4137322359,37.656315399998995,"{""nocvar_g0.00"": 41129.386449366924, ""cvar_t0.90_r0.05_g0.00"": 41147.70798801643, ""cvar_t0.90_r0.20_g0.00"": 41296.082781361845, ""cvar_t0.95_r0.05_g0.00"": 41147.70798801643, ""cvar_t0.95_r0.20_g0.00"": 41296.082781361845, ""nocvar_g0.02"": 41200.56735757455, ""cvar_t0.90_r0.05_g0.02"": 41215.65895252126, ""cvar_t0.90_r0.20_g0.02"": 41324.33510854636, ""cvar_t0.95_r0.05_g0.02"": 41197.29042551335, ""cvar_t0.95_r0.20_g0.02"": 41322.529942721405, ""nocvar_g0.05"": 41337.14844309132, ""cvar_t0.90_r0.05_g0.05"": 41321.45274182029, ""cvar_t0.90_r0.20_g0.05"": 41393.095415020456, ""cvar_t0.95_r0.05_g0.05"": 41307.39873531131, ""cvar_t0.95_r0.20_g0.05"": 41308.34323361929}",327,82601.77009056012,8.039349999999786,1346.3669354087067,22273.999690884753,17768.22406906666,22273.999690884753,17768.22406906666
2025-11-27,330,nocvar_g0.00,4907.380117796294,4907.755867796294,4366.287152777777,53184.88997770197,51242.23627443799,1942.653703263978,"{""nocvar_g0.00"": 41423.48974124918, ""cvar_t0.90_r0.05_g0.00"": 41447.74337157966, ""cvar_t0.90_r0.20_g0.00"": 41600.291355920555, ""cvar_t0.95_r0.05_g0.00"": 41447.74337157966, ""cvar_t0.95_r0.20_g0.00"": 41600.291355920555, ""nocvar_g0.02"": 41501.18701276644, ""cvar_t0.90_r0.05_g0.02"": 41511.15893007693, ""cvar_t0.90_r0.20_g0.02"": 41629.09786153548, ""cvar_t0.95_r0.05_g0.02"": 41494.203471418856, ""cvar_t0.95_r0.20_g0.02"": 41627.292695710516, ""nocvar_g0.05"": 41643.33472092388, ""cvar_t0.90_r0.05_g0.05"": 41627.035328925165, ""cvar_t0.90_r0.20_g0.05"": 41690.09413283726, ""cvar_t0.95_r0.05_g0.05"": 41609.995852235894, ""cvar_t0.95_r0.20_g0.05"": 41613.89558581797}",328,80714.48739511667,278.96418070966814,1613.6130931069779,21506.671541593016,17907.72579220699,21506.671541593016,17907.72579220699
2025-11-28,331,nocvar_g0.00,4349.087402777777,4366.287152777777,4625.849168443533,19723.633389301845,19723.633389301845,0.0,"{""nocvar_g0.00"": 41089.129123109895, ""cvar_t0.90_r0.05_g0.00"": 41201.16550943323, ""cvar_t0.90_r0.20_g0.00"": 41351.40262610506, ""cvar_t0.95_r0.05_g0.00"": 41201.16550943323, ""cvar_t0.95_r0.20_g0.00"": 41351.40262610506, ""nocvar_g0.02"": 41214.16062350009, ""cvar_t0.90_r0.05_g0.02"": 41259.71057736515, ""cvar_t0.90_r0.20_g0.02"": 41378.83351081364, ""cvar_t0.95_r0.05_g0.02"": 41242.755118707086, ""cvar_t0.95_r0.20_g0.02"": 41377.028344988685, ""nocvar_g0.05"": 41450.6742989837, ""cvar_t0.90_r0.05_g0.05"": 41324.4869262628, ""cvar_t0.90_r0.20_g0.05"": 41446.86603341469, ""cvar_t0.95_r0.05_g0.05"": 41319.287963998075, ""cvar_t0.95_r0.20_g0.05"": 41370.6674863954}",329,37169.07892657201,0.0,2349.167001510681,19289.829268221827,15391.155893160498,19289.829268221827,15391.155893160498
2025-11-29,332,nocvar_g0.00,4656.473168443534,4625.849168443533,4098.83756287037,25949.939436237648,19614.67629252481,6335.263143712838,"{""nocvar_g0.00"": 41364.09829373157, ""cvar_t0.90_r0.05_g0.00"": 41456.263584599794, ""cvar_t0.90_r0.20_g0.00"": 41590.142205802076, ""cvar_t0.95_r0.05_g0.00"": 41456.263584599794, ""cvar_t0.95_r0.20_g0.00"": 41590.142205802076, ""nocvar_g0.02"": 41468.86225101166, ""cvar_t0.90_r0.05_g0.02"": 41505.00382027156, ""cvar_t0.90_r0.20_g0.02"": 41614.976016006134, ""cvar_t0.95_r0.05_g0.02"": 41488.67842712899, ""cvar_t0.95_r0.20_g0.02"": 41613.17085018117, ""nocvar_g0.05"": 41701.27789644237, ""cvar_t0.90_r0.05_g0.05"": 41572.05211332904, ""cvar_t0.90_r0.20_g0.05"": 41680.85462082602, ""cvar_t0.95_r0.05_g0.05"": 41561.38402136094, ""cvar_t0.95_r0.20_g0.05"": 41605.63960396389}",330,36749.119383941346,967.5309656341841,18.081450000000018,17070.680234691477,14301.561435115947,17070.680234691477,14301.561435115947
2025-11-30,333,nocvar_g0.00,4124.285683240741,4098.83756287037,4015.4239869444446,60593.85528367413,53022.3894990545,7571.465784619625,"{""nocvar_g0.00"": 41433.50824710464, ""cvar_t0.90_r0.05_g0.00"": 41521.19779350173, ""cvar_t0.90_r0.20_g0.00"": 41639.07768784915, ""cvar_t0.95_r0.05_g0.00"": 41521.19779350173, ""cvar_t0.95_r0.20_g0.00"": 41639.07768784915, ""nocvar_g0.02"": 41536.3937692566, ""cvar_t0.90_r0.05_g0.02"": 41567.10460553332, ""cvar_t0.90_r0.20_g0.02"": 41662.85078281922, ""cvar_t0.95_r0.05_g0.02"": 41550.77921239076, ""cvar_t0.95_r0.20_g0.02"": 41661.04561699427, ""nocvar_g0.05"": 41762.841416395604, ""cvar_t0.90_r0.05_g0.05"": 41622.69620436465, ""cvar_t0.90_r0.20_g0.05"": 41735.397215972655, ""cvar_t0.95_r0.05_g0.05"": 41612.028112396554, ""cvar_t0.95_r0.20_g0.05"": 41662.35094402934}",331,83398.69908572176,1105.9120218020093,18.237334999999916,22719.041443107635,18477.495787250515,22719.041443107635,18477.495787250515
2025-12-01,334,nocvar_g0.00,4009.3377369444447,4015.4239869444446,4236.657874907408,85720.58461915597,54463.77373567901,31256.810883476952,"{""nocvar_g0.00"": 41738.85090589195, ""cvar_t0.90_r0.05_g0.00"": 41819.34723721297, ""cvar_t0.90_r0.20_g0.00"": 41748.91270430689, ""cvar_t0.95_r0.05_g0.00"": 41819.34723721297, ""cvar_t0.95_r0.20_g0.00"": 41748.91270430689, ""nocvar_g0.02"": 41865.29253339905, ""cvar_t0.90_r0.05_g0.02"": 41901.589426815626, ""cvar_t0.90_r0.20_g0.02"": 41770.93663455261, ""cvar_t0.95_r0.05_g0.02"": 41883.40015110177, ""cvar_t0.95_r0.20_g0.02"": 41769.131468727646, ""nocvar_g0.05"": 42211.79802290003, ""cvar_t0.90_r0.05_g0.05"": 41994.50801789576, ""cvar_t0.90_r0.20_g0.05"": 41945.0229936695, ""cvar_t0.95_r0.05_g0.05"": 42023.67472421944, ""cvar_t0.95_r0.20_g0.05"": 41887.7508278837}",332,86191.5965379194,5813.725275071386,1059.6649860605587,23408.5189180539,18761.789824456995,23408.5189180539,18761.789824456995
2025-12-02,335,cvar_t0.90_r0.20_g0.00,4320.450569351852,4236.657874907408,3891.232649351852,88162.15157538828,55490.25547748674,32671.896097901546,"{""nocvar_g0.00"": 42274.63384134156, ""cvar_t0.90_r0.05_g0.00"": 42277.974374607154, ""cvar_t0.90_r0.20_g0.00"": 42190.70195725085, ""cvar_t0.95_r0.05_g0.00"": 42277.974374607154, ""cvar_t0.95_r0.20_g0.00"": 42190.70195725085, ""nocvar_g0.02"": 42375.973970341896, ""cvar_t0.90_r0.05_g0.02"": 42351.91904348874, ""cvar_t0.90_r0.20_g0.02"": 42214.17423432695, ""cvar_t0.95_r0.05_g0.02"": 42330.43811762319, ""cvar_t0.95_r0.20_g0.02"": 42212.36906850199, ""nocvar_g0.05"": 42719.79477723364, ""cvar_t0.90_r0.05_g0.05"": 42482.69679276766, ""cvar_t0.90_r0.20_g0.05"": 42398.79479890548, ""cvar_t0.95_r0.05_g0.05"": 42514.729529298995, ""cvar_t0.95_r0.20_g0.05"": 42338.76380884765}",333,86811.58015679655,5990.717208924628,191.3058633333328,22547.706607304528,18574.525054916674,22547.706607304528,18574.525054916674
2025-12-03,336,cvar_t0.90_r0.20_g0.00,3899.547149351852,3891.232649351852,4487.829249055588,59550.24913080136,59550.24913080136,0.0,"{""nocvar_g0.00"": 43647.79945552587, ""cvar_t0.90_r0.05_g0.00"": 43589.19886378191, ""cvar_t0.90_r0.20_g0.00"": 43491.58746028579, ""cvar_t0.95_r0.05_g0.00"": 43589.19886378191, ""cvar_t0.95_r0.20_g0.00"": 43491.58746028579, ""nocvar_g0.02"": 43703.56378413406, ""cvar_t0.90_r0.05_g0.02"": 43671.769393048984, ""cvar_t0.90_r0.20_g0.02"": 43524.17422741661, ""cvar_t0.95_r0.05_g0.02"": 43650.288467183425, ""cvar_t0.95_r0.20_g0.02"": 43522.36906159164, ""nocvar_g0.05"": 44049.971478604646, ""cvar_t0.90_r0.05_g0.05"": 43814.76431710703, ""cvar_t0.90_r0.20_g0.05"": 43733.175016689456, ""cvar_t0.95_r0.05_g0.05"": 43848.42140107786, ""cvar_t0.95_r0.20_g0.05"": 43658.21218440988}",334,93001.94335983488,0.0,519.8284927793036,25170.680845555555,19851.314545166635,25170.680845555555,19851.314545166635
2025-12-04,337,cvar_t0.90_r0.20_g0.00,4498.014249055588,4487.829249055588,5305.8344926851905,61342.152378791514,61270.85271200151,71.29966678999982,"{""nocvar_g0.00"": 45184.7816061473, ""cvar_t0.90_r0.05_g0.00"": 45043.273817983405, ""cvar_t0.90_r0.20_g0.00"": 44905.858979151235, ""cvar_t0.95_r0.05_g0.00"": 45043.273817983405, ""cvar_t0.95_r0.20_g0.00"": 44905.858979151235, ""nocvar_g0.02"": 45281.75910555381, ""cvar_t0.90_r0.05_g0.02"": 45150.042906126044, ""cvar_t0.90_r0.20_g0.02"": 44939.59240420944, ""cvar_t0.95_r0.05_g0.02"": 45131.61768936153, ""cvar_t0.95_r0.20_g0.02"": 44937.78723838449, ""nocvar_g0.05"": 45651.01179439755, ""cvar_t0.90_r0.05_g0.05"": 45342.444095620966, ""cvar_t0.90_r0.20_g0.05"": 45230.24823998697, ""cvar_t0.95_r0.05_g0.05"": 45374.197964532716, ""cvar_t0.95_r0.20_g0.05"": 45141.11541945028}",335,94310.9971497595,13.0156383333333,2106.0478039300388,24792.376394190294,19345.620160027494,24792.376394190294,19345.620160027494
2025-12-05,338,cvar_t0.90_r0.20_g0.00,5323.78499268519,5305.8344926851905,4041.7131748148145,25554.671948969084,23260.30028618832,2294.371662780761,"{""nocvar_g0.00"": 46112.20884007704, ""cvar_t0.90_r0.05_g0.00"": 45848.36648572063, ""cvar_t0.90_r0.20_g0.00"": 45326.972746532294, ""cvar_t0.95_r0.05_g0.00"": 45848.36648572063, ""cvar_t0.95_r0.20_g0.00"": 45326.972746532294, ""nocvar_g0.02"": 46089.22539456939, ""cvar_t0.90_r0.05_g0.02"": 45571.63770924289, ""cvar_t0.90_r0.20_g0.02"": 45360.52963876508, ""cvar_t0.95_r0.05_g0.02"": 45553.212492478386, ""cvar_t0.95_r0.20_g0.02"": 45358.72447294013, ""nocvar_g0.05"": 46078.8787731366, ""cvar_t0.90_r0.05_g0.05"": 45761.53332118162, ""cvar_t0.90_r0.20_g0.05"": 45649.76785574113, ""cvar_t0.95_r0.05_g0.05"": 45793.3735866521, ""cvar_t0.95_r0.20_g0.05"": 45560.59017413317}",336,44413.27356551872,375.32662567982356,864.2197481275737,19739.27339905782,17126.520639320177,19739.27339905782,17126.520639320177
2025-12-06,339,cvar_t0.90_r0.20_g0.00,4106.910369259259,4041.7131748148145,4096.907848981481,37016.35813007417,23840.082987561633,13176.27514251254,"{""nocvar_g0.00"": 47160.57530370112, ""cvar_t0.90_r0.05_g0.00"": 46824.07673172246, ""cvar_t0.90_r0.20_g0.00"": 45796.20919130943, ""cvar_t0.95_r0.05_g0.00"": 46824.07673172246, ""cvar_t0.95_r0.20_g0.00"": 45796.20919130943, ""nocvar_g0.02"": 47023.13093594253, ""cvar_t0.90_r0.05_g0.02"": 46052.236063542354, ""cvar_t0.90_r0.20_g0.02"": 45815.950459288135, ""cvar_t0.95_r0.05_g0.02"": 46033.810846777844, ""cvar_t0.95_r0.20_g0.02"": 45814.14529346318, ""nocvar_g0.05"": 46498.211671413206, ""cvar_t0.90_r0.05_g0.05"": 46225.52045601792, ""cvar_t0.90_r0.20_g0.05"": 46106.10798117161, ""cvar_t0.95_r0.05_g0.05"": 46257.36072148838, ""cvar_t0.95_r0.20_g0.05"": 46016.93029956364}",337,45277.127031032505,2022.8868627166662,45.81482500000004,18631.01602806584,15041.44777598333,18631.01602806584,15041.44777598333
2025-12-07,340,cvar_t0.90_r0.20_g0.00,4112.815348981481,4096.907848981481,4217.518763148146,60447.0441624242,59310.01788255443,1137.0262798697713,"{""nocvar_g0.00"": 47959.18963105693, ""cvar_t0.90_r0.05_g0.00"": 47528.96440805334, ""cvar_t0.90_r0.20_g0.00"": 46027.140987726496, ""cvar_t0.95_r0.05_g0.00"": 47528.96440805334, ""cvar_t0.95_r0.20_g0.00"": 46027.140987726496, ""nocvar_g0.02"": 47635.83244419151, ""cvar_t0.90_r0.05_g0.02"": 46273.94705589822, ""cvar_t0.90_r0.20_g0.02"": 46032.53544206739, ""cvar_t0.95_r0.05_g0.02"": 46255.521839133704, ""cvar_t0.95_r0.20_g0.02"": 46030.73027624244, ""nocvar_g0.05"": 46722.29846136157, ""cvar_t0.90_r0.05_g0.05"": 46448.49287892486, ""cvar_t0.90_r0.20_g0.05"": 46315.530292730415, ""cvar_t0.95_r0.05_g0.05"": 46480.33314439533, ""cvar_t0.95_r0.20_g0.05"": 46233.44581807689}",338,92516.54119293168,172.0016822666674,116.59448833333317,25319.564811131684,20400.297674266665,25319.564811131684,20400.297674266665
2025-12-08,341,cvar_t0.90_r0.20_g0.00,4214.6695131481465,4217.518763148146,4979.056313462967,62828.2053124839,62828.2053124839,0.0,"{""nocvar_g0.00"": 49420.12317422739, ""cvar_t0.90_r0.05_g0.00"": 48623.469645919635, ""cvar_t0.90_r0.20_g0.00"": 46691.875517067856, ""cvar_t0.95_r0.05_g0.00"": 48623.469645919635, ""cvar_t0.95_r0.20_g0.00"": 46691.875517067856, ""nocvar_g0.02"": 48705.74849645301, ""cvar_t0.90_r0.05_g0.02"": 46942.75929333337, ""cvar_t0.90_r0.20_g0.02"": 46693.916056469425, ""cvar_t0.95_r0.05_g0.02"": 46924.334076568855, ""cvar_t0.95_r0.20_g0.02"": 46692.11089064447, ""nocvar_g0.05"": 47392.93121156474, ""cvar_t0.90_r0.05_g0.05"": 47110.78641538437, ""cvar_t0.90_r0.20_g0.05"": 46978.008045386414, ""cvar_t0.95_r0.05_g0.05"": 47142.36513008996, ""cvar_t0.95_r0.20_g0.05"": 46895.92357073288}",339,98153.97306490185,0.0,4981.426601234563,24420.79764061729,19095.462293616663,24420.79764061729,19095.462293616663
2025-12-09,342,cvar_t0.95_r0.20_g0.02,4961.739563462967,4979.056313462967,4660.086415531009,61612.82330848421,61367.096395368375,245.72691311583296,"{""nocvar_g0.00"": 50498.38762789907, ""cvar_t0.90_r0.05_g0.00"": 49366.65563776688, ""cvar_t0.90_r0.20_g0.00"": 47000.27756622265, ""cvar_t0.95_r0.05_g0.00"": 49366.65563776688, ""cvar_t0.95_r0.20_g0.00"": 47000.27756622265, ""nocvar_g0.02"": 49442.84262552642, ""cvar_t0.90_r0.05_g0.02"": 47250.86036580434, ""cvar_t0.90_r0.20_g0.02"": 47002.04078833507, ""cvar_t0.95_r0.05_g0.02"": 47232.43514903983, ""cvar_t0.95_r0.20_g0.02"": 47000.23562251012, ""nocvar_g0.05"": 47702.60600312586, ""cvar_t0.90_r0.05_g0.05"": 47420.458854401484, ""cvar_t0.90_r0.20_g0.05"": 47286.98467507782, ""cvar_t0.95_r0.05_g0.05"": 47451.87033334667, ""cvar_t0.95_r0.20_g0.05"": 47199.84634672641}",340,95172.77411654465,42.065721666666605,3546.7870764992213,24035.11264833789,19755.514153292454,24035.11264833789,19755.514153292454
2025-12-10,343,cvar_t0.90_r0.20_g0.02,4664.08391553101,4660.086415531009,5141.68823855983,62781.910217162134,62781.910217162134,0.0,"{""nocvar_g0.00"": 50610.276594807685, ""cvar_t0.90_r0.05_g0.00"": 49521.19239803801, ""cvar_t0.90_r0.20_g0.00"": 47273.13965517386, ""cvar_t0.95_r0.05_g0.00"": 49521.19239803801, ""cvar_t0.95_r0.20_g0.00"": 47273.13965517386, ""nocvar_g0.02"": 49525.58415575566, ""cvar_t0.90_r0.05_g0.02"": 47438.58021840499, ""cvar_t0.90_r0.20_g0.02"": 47262.559532270345, ""cvar_t0.95_r0.05_g0.02"": 47419.09766821353, ""cvar_t0.95_r0.20_g0.02"": 47268.50242235632, ""nocvar_g0.05"": 47826.25912409242, ""cvar_t0.90_r0.05_g0.05"": 47579.01861606901, ""cvar_t0.90_r0.20_g0.05"": 47448.47875179148, ""cvar_t0.95_r0.05_g0.05"": 47611.09023029899, ""cvar_t0.95_r0.20_g0.05"": 47411.36906161642}",341,96925.48732478087,0.0,3690.3206588271596,23232.139781900587,18384.59158261354,23232.139781900587,18384.59158261354
2025-12-11,344,cvar_t0.90_r0.20_g0.02,5164.44773855983,5141.68823855983,5461.869112500007,64216.657523787944,64216.657523787944,0.0,"{""nocvar_g0.00"": 51060.025355973456, ""cvar_t0.90_r0.05_g0.00"": 49957.791453741236, ""cvar_t0.90_r0.20_g0.00"": 47738.41331137012, ""cvar_t0.95_r0.05_g0.00"": 49957.791453741236, ""cvar_t0.95_r0.20_g0.00"": 47738.41331137012, ""nocvar_g0.02"": 49966.840688763834, ""cvar_t0.90_r0.05_g0.02"": 47904.506192591354, ""cvar_t0.90_r0.20_g0.02"": 47728.49616423937, ""cvar_t0.95_r0.05_g0.02"": 47885.02364239991, ""cvar_t0.95_r0.20_g0.02"": 47734.43905432535, ""nocvar_g0.05"": 48286.88291058263, ""cvar_t0.90_r0.05_g0.05"": 48043.80781446727, ""cvar_t0.90_r0.20_g0.05"": 47913.91312011358, ""cvar_t0.95_r0.05_g0.05"": 48076.15392133929, ""cvar_t0.95_r0.20_g0.05"": 47876.80342993851}",342,98525.77842318351,0.0,8115.38565862509,21899.86988427509,17450.73181971666,21899.86988427509,17450.73181971666
2025-12-12,345,cvar_t0.90_r0.20_g0.02,5471.598112500007,5461.869112500007,5002.869146930047,25875.337628128393,25875.337628128393,0.0,"{""nocvar_g0.00"": 51502.710435525936, ""cvar_t0.90_r0.05_g0.00"": 50344.97561150378, ""cvar_t0.90_r0.20_g0.00"": 48198.68909368984, ""cvar_t0.95_r0.05_g0.00"": 50344.97561150378, ""cvar_t0.95_r0.20_g0.00"": 48198.68909368984, ""nocvar_g0.02"": 50367.785497739605, ""cvar_t0.90_r0.05_g0.02"": 48278.88830152117, ""cvar_t0.90_r0.20_g0.02"": 48189.518549199915, ""cvar_t0.95_r0.05_g0.02"": 48259.405751329716, ""cvar_t0.95_r0.20_g0.02"": 48195.461439285886, ""nocvar_g0.05"": 48755.43172840273, ""cvar_t0.90_r0.05_g0.05"": 48510.909085448446, ""cvar_t0.90_r0.20_g0.05"": 48371.81827307477, ""cvar_t0.95_r0.05_g0.05"": 48540.57710012768, ""cvar_t0.95_r0.20_g0.05"": 48334.70858289971}",343,48698.99455303492,0.0,1701.897111374025,19451.49435442386,16168.81039609629,19451.49435442386,16168.81039609629
2025-12-13,346,cvar_t0.95_r0.05_g0.02,5004.958646930047,5002.869146930047,4502.279909999999,29510.23751489848,24399.588726546084,5110.648788352397,"{""nocvar_g0.00"": 51860.50641781876, ""cvar_t0.90_r0.05_g0.00"": 50706.8304260479, ""cvar_t0.90_r0.20_g0.00"": 48691.98272817537, ""cvar_t0.95_r0.05_g0.00"": 50706.8304260479, ""cvar_t0.95_r0.20_g0.00"": 48691.98272817537, ""nocvar_g0.02"": 50738.64328218824, ""cvar_t0.90_r0.05_g0.02"": 48680.33769965962, ""cvar_t0.90_r0.20_g0.02"": 48682.59701388537, ""cvar_t0.95_r0.05_g0.02"": 48660.85514946817, ""cvar_t0.95_r0.20_g0.02"": 48688.539903971345, ""nocvar_g0.05"": 49245.103634091625, ""cvar_t0.90_r0.05_g0.05"": 49000.60118179248, ""cvar_t0.90_r0.20_g0.05"": 48861.510369418786, ""cvar_t0.95_r0.05_g0.05"": 49030.2691964717, ""cvar_t0.95_r0.20_g0.05"": 48824.40067924373}",344,46372.30641882772,923.1036251136347,164.92497333333267,19907.800002693366,16575.848315418672,19907.800002693366,16575.848315418672
2025-12-14,347,cvar_t0.95_r0.05_g0.02,4510.910159999999,4502.279909999999,4684.518253840877,61621.664163230584,61621.664163230584,0.0,"{""nocvar_g0.00"": 52349.59102444333, ""cvar_t0.90_r0.05_g0.00"": 51006.19390350878, ""cvar_t0.90_r0.20_g0.00"": 48939.029195684205, ""cvar_t0.95_r0.05_g0.00"": 51006.19390350878, ""cvar_t0.95_r0.20_g0.00"": 48939.029195684205, ""nocvar_g0.02"": 51014.89230474577, ""cvar_t0.90_r0.05_g0.02"": 48910.9036638537, ""cvar_t0.90_r0.20_g0.02"": 48928.84735693318, ""cvar_t0.95_r0.05_g0.02"": 48894.48342271062, ""cvar_t0.95_r0.20_g0.02"": 48934.79024701915, ""nocvar_g0.05"": 49491.11784807291, ""cvar_t0.90_r0.05_g0.05"": 49247.601376742714, ""cvar_t0.90_r0.20_g0.05"": 49112.15217810606, ""cvar_t0.95_r0.05_g0.05"": 49278.19243491177, ""cvar_t0.95_r0.20_g0.05"": 49078.262577939655}",345,95809.35341592632,0.0,2137.6041232715957,24889.542016831285,19996.51452417655,24889.542016831285,19996.51452417655
2025-12-15,348,cvar_t0.90_r0.20_g0.02,4704.757003840878,4684.518253840877,5310.316652153863,66154.48654206397,66154.48654206397,0.0,"{""nocvar_g0.00"": 52978.21542235386, ""cvar_t0.90_r0.05_g0.00"": 51368.127100826605, ""cvar_t0.90_r0.20_g0.00"": 49189.28117926075, ""cvar_t0.95_r0.05_g0.00"": 51368.127100826605, ""cvar_t0.95_r0.20_g0.00"": 49189.28117926075, ""nocvar_g0.02"": 51392.7642509876, ""cvar_t0.90_r0.05_g0.02"": 49295.91049983539, ""cvar_t0.90_r0.20_g0.02"": 49179.983881605265, ""cvar_t0.95_r0.05_g0.02"": 49279.49025869231, ""cvar_t0.95_r0.20_g0.02"": 49185.926771691236, ""nocvar_g0.05"": 49747.447547837415, ""cvar_t0.90_r0.05_g0.05"": 49499.95142787039, ""cvar_t0.90_r0.20_g0.05"": 49364.498971632354, ""cvar_t0.95_r0.05_g0.05"": 49530.53922843805, ""cvar_t0.95_r0.20_g0.05"": 49329.414792334734}",346,102183.98517287112,0.0,7769.303884642692,23062.65664778997,18117.53332622819,23062.65664778997,18117.53332622819
2025-12-16,349,cvar_t0.90_r0.20_g0.02,5274.149402153864,5310.316652153863,5230.5292946792715,66204.53410401227,66204.53410401227,0.0,"{""nocvar_g0.00"": 53381.53730898905, ""cvar_t0.90_r0.05_g0.00"": 51769.552431862765, ""cvar_t0.90_r0.20_g0.00"": 49621.87699831496, ""cvar_t0.95_r0.05_g0.00"": 51769.552431862765, ""cvar_t0.95_r0.20_g0.00"": 49621.87699831496, ""nocvar_g0.02"": 51804.11192207818, ""cvar_t0.90_r0.05_g0.02"": 49714.64723142278, ""cvar_t0.90_r0.20_g0.02"": 49615.55160764917, ""cvar_t0.95_r0.05_g0.02"": 49698.03938978493, ""cvar_t0.95_r0.20_g0.02"": 49616.70388367924, ""nocvar_g0.05"": 50057.10193029804, ""cvar_t0.90_r0.05_g0.05"": 49870.51761283736, ""cvar_t0.90_r0.20_g0.05"": 49812.214164848774, ""cvar_t0.95_r0.05_g0.05"": 49906.53462468479, ""cvar_t0.95_r0.20_g0.05"": 49775.490399727016}",347,101541.24243262864,0.0,7954.285604261328,22319.337456637484,18150.47196160349,22319.337456637484,18150.47196160349
2025-12-17,350,cvar_t0.90_r0.20_g0.02,5265.736544679272,5230.5292946792715,5629.7970072963035,67263.72143943945,67263.72143943945,0.0,"{""nocvar_g0.00"": 53860.49066556317, ""cvar_t0.90_r0.05_g0.00"": 52280.54214397628, ""cvar_t0.90_r0.20_g0.00"": 50188.36741732241, ""cvar_t0.95_r0.05_g0.00"": 52280.54214397628, ""cvar_t0.95_r0.20_g0.00"": 50188.36741732241, ""nocvar_g0.02"": 52318.285936006876, ""cvar_t0.90_r0.05_g0.02"": 50242.255394908905, ""cvar_t0.90_r0.20_g0.02"": 50182.15472028123, ""cvar_t0.95_r0.05_g0.02"": 50225.50916050764, ""cvar_t0.95_r0.20_g0.02"": 50183.30699631131, ""nocvar_g0.05"": 50624.59499268756, ""cvar_t0.90_r0.05_g0.05"": 50435.45521681459, ""cvar_t0.90_r0.20_g0.05"": 50374.009804704925, ""cvar_t0.95_r0.05_g0.05"": 50471.641445461675, ""cvar_t0.95_r0.20_g0.05"": 50339.92617567765}",348,103098.73980688969,0.0,10474.141858849383,21438.99968430698,17006.248802933333,21438.99968430698,17006.248802933333
2025-12-18,351,cvar_t0.90_r0.20_g0.02,5588.214757296303,5629.7970072963035,5190.222998811112,64632.327616970426,64632.327616970426,0.0,"{""nocvar_g0.00"": 54374.39729919785, ""cvar_t0.90_r0.05_g0.00"": 52797.95027925294, ""cvar_t0.90_r0.20_g0.00"": 50733.418637064155, ""cvar_t0.95_r0.05_g0.00"": 52797.95027925294, ""cvar_t0.95_r0.20_g0.00"": 50733.418637064155, ""nocvar_g0.02"": 52834.62333342531, ""cvar_t0.90_r0.05_g0.02"": 50762.29921027684, ""cvar_t0.90_r0.20_g0.02"": 50727.03035940357, ""cvar_t0.95_r0.05_g0.02"": 50745.55297587557, ""cvar_t0.95_r0.20_g0.02"": 50728.182635433644, ""nocvar_g0.05"": 51153.210540789696, ""cvar_t0.90_r0.05_g0.05"": 50995.54041217377, ""cvar_t0.90_r0.20_g0.05"": 50920.21934053169, ""cvar_t0.95_r0.05_g0.05"": 51029.73282554687, ""cvar_t0.95_r0.20_g0.05"": 50885.912736468694}",349,99971.11908714144,0.0,8654.062952589407,22875.819871168715,18925.030703283333,22875.819871168715,18925.030703283333
2025-12-19,352,cvar_t0.95_r0.05_g0.02,5190.810998811113,5190.222998811112,4500.81975879241,26630.213429237425,26630.213429237425,0.0,"{""nocvar_g0.00"": 54768.4578724924, ""cvar_t0.90_r0.05_g0.00"": 53221.23100099382, ""cvar_t0.90_r0.20_g0.00"": 51281.681378909, ""cvar_t0.95_r0.05_g0.00"": 53221.23100099382, ""cvar_t0.95_r0.20_g0.00"": 51281.681378909, ""nocvar_g0.02"": 53244.939563694716, ""cvar_t0.90_r0.05_g0.02"": 51213.56021265294, ""cvar_t0.90_r0.20_g0.02"": 51274.52071038587, ""cvar_t0.95_r0.05_g0.02"": 51196.0364513226, ""cvar_t0.95_r0.20_g0.02"": 51275.672986415964, ""nocvar_g0.05"": 51566.27569563415, ""cvar_t0.90_r0.05_g0.05"": 51555.785554985654, ""cvar_t0.90_r0.20_g0.05"": 51473.589973798946, ""cvar_t0.95_r0.05_g0.05"": 51589.739604237875, ""cvar_t0.95_r0.20_g0.05"": 51433.41571851919}",350,50237.83030514525,0.0,4398.217305743278,18693.076923256936,15761.855223854956,18693.076923256936,15761.855223854956
2025-12-20,353,cvar_t0.95_r0.05_g0.02,4476.29100879241,4500.81975879241,5150.567604028707,27786.561586424483,27786.561586424483,0.0,"{""nocvar_g0.00"": 55166.15195169985, ""cvar_t0.90_r0.05_g0.00"": 53606.85180947691, ""cvar_t0.90_r0.20_g0.00"": 51701.8675355996, ""cvar_t0.95_r0.05_g0.00"": 53606.85180947691, ""cvar_t0.95_r0.20_g0.00"": 51701.8675355996, ""nocvar_g0.02"": 53648.94793420401, ""cvar_t0.90_r0.05_g0.02"": 51599.751794977194, ""cvar_t0.90_r0.20_g0.02"": 51694.88095184141, ""cvar_t0.95_r0.05_g0.02"": 51582.228033646876, ""cvar_t0.95_r0.20_g0.02"": 51696.033227871485, ""nocvar_g0.05"": 52000.88511329667, ""cvar_t0.90_r0.05_g0.05"": 52006.19910507924, ""cvar_t0.90_r0.20_g0.05"": 51893.37002495505, ""cvar_t0.95_r0.05_g0.05"": 52040.15315433148, ""cvar_t0.95_r0.20_g0.05"": 51853.1957696753}",351,52166.36812977829,0.0,4945.139828651227,19895.278896917902,15530.402845790832,19895.278896917902,15530.402845790832
2025-12-21,354,cvar_t0.95_r0.05_g0.02,5129.964354028707,5150.567604028707,4958.07643911111,64326.024676492765,64326.024676492765,0.0,"{""nocvar_g0.00"": 55431.70994652478, ""cvar_t0.90_r0.05_g0.00"": 53879.59215496238, ""cvar_t0.90_r0.20_g0.00"": 52015.856329144735, ""cvar_t0.95_r0.05_g0.00"": 53879.59215496238, ""cvar_t0.95_r0.20_g0.00"": 52015.856329144735, ""nocvar_g0.02"": 53920.83819778015, ""cvar_t0.90_r0.05_g0.02"": 51875.46564176202, ""cvar_t0.90_r0.20_g0.02"": 52007.932397531935, ""cvar_t0.95_r0.05_g0.02"": 51857.94188043168, ""cvar_t0.95_r0.20_g0.02"": 52009.08467356203, ""nocvar_g0.05"": 52277.58223731393, ""cvar_t0.90_r0.05_g0.05"": 52338.785326772304, ""cvar_t0.90_r0.20_g0.05"": 52207.446271451954, ""cvar_t0.95_r0.05_g0.05"": 52372.73937602454, ""cvar_t0.95_r0.20_g0.05"": 52167.26564769816}",352,99689.53863206934,0.0,6421.891590061719,23174.24854614095,18944.383370799995,23174.24854614095,18944.383370799995
2025-12-22,355,cvar_t0.95_r0.05_g0.02,4940.67943911111,4958.07643911111,4604.765138694222,63488.690862941454,63488.690862941454,0.0,"{""nocvar_g0.00"": 55709.90267990438, ""cvar_t0.90_r0.05_g0.00"": 54186.4846738586, ""cvar_t0.90_r0.20_g0.00"": 52360.834328634184, ""cvar_t0.95_r0.05_g0.00"": 54186.4846738586, ""cvar_t0.95_r0.20_g0.00"": 52360.834328634184, ""nocvar_g0.02"": 54208.992323577266, ""cvar_t0.90_r0.05_g0.02"": 52186.54874916067, ""cvar_t0.90_r0.20_g0.02"": 52355.30088234005, ""cvar_t0.95_r0.05_g0.02"": 52169.02498783033, ""cvar_t0.95_r0.20_g0.02"": 52355.335921533384, ""nocvar_g0.05"": 52570.26573119981, ""cvar_t0.90_r0.05_g0.05"": 52677.10022565726, ""cvar_t0.90_r0.20_g0.05"": 52557.02864558106, ""cvar_t0.95_r0.05_g0.05"": 52711.05427490948, ""cvar_t0.95_r0.20_g0.05"": 52516.57402715668}",353,98230.40306812308,0.0,5134.713992648341,23559.169276403238,19400.907284261822,23559.169276403238,19400.907284261822
2025-12-23,356,cvar_t0.95_r0.05_g0.02,4623.528638694222,4604.765138694222,4883.956816943304,62747.944845782964,62747.944845782964,0.0,"{""nocvar_g0.00"": 56120.808251268, ""cvar_t0.90_r0.05_g0.00"": 54631.33275301395, ""cvar_t0.90_r0.20_g0.00"": 52859.2755710265, ""cvar_t0.95_r0.05_g0.00"": 54631.33275301395, ""cvar_t0.95_r0.20_g0.00"": 52859.2755710265, ""nocvar_g0.02"": 54577.6475491253, ""cvar_t0.90_r0.05_g0.02"": 52619.04533531305, ""cvar_t0.90_r0.20_g0.02"": 52852.66176551005, ""cvar_t0.95_r0.05_g0.02"": 52617.22902356125, ""cvar_t0.95_r0.20_g0.02"": 52852.66176551005, ""nocvar_g0.05"": 52939.677849474385, ""cvar_t0.90_r0.05_g0.05"": 53109.49731775914, ""cvar_t0.90_r0.20_g0.05"": 52996.28914355638, ""cvar_t0.95_r0.05_g0.05"": 53159.64831807017, ""cvar_t0.95_r0.20_g0.05"": 53014.69457878188}",354,97496.34726402347,0.0,5519.671265075764,23512.16292205374,18793.579456439362,23512.16292205374,18793.579456439362
2025-12-24,357,cvar_t0.95_r0.05_g0.02,4895.459566943304,4883.956816943304,4670.687289733333,63302.90079050627,63302.90079050627,0.0,"{""nocvar_g0.00"": 56539.04974947795, ""cvar_t0.90_r0.05_g0.00"": 55047.23287075354, ""cvar_t0.90_r0.20_g0.00"": 53297.921844473276, ""cvar_t0.95_r0.05_g0.00"": 55047.23287075354, ""cvar_t0.95_r0.20_g0.00"": 53297.921844473276, ""nocvar_g0.02"": 54982.34354083084, ""cvar_t0.90_r0.05_g0.02"": 53035.0908925317, ""cvar_t0.90_r0.20_g0.02"": 53291.56795661068, ""cvar_t0.95_r0.05_g0.02"": 53031.112246007586, ""cvar_t0.95_r0.20_g0.02"": 53291.56795661068, ""nocvar_g0.05"": 53347.81329922176, ""cvar_t0.90_r0.05_g0.05"": 53543.94216299277, ""cvar_t0.90_r0.20_g0.05"": 53428.498012616226, ""cvar_t0.95_r0.05_g0.05"": 53597.228742131745, ""cvar_t0.95_r0.20_g0.05"": 53456.17488312699}",355,98401.77581436155,0.0,6361.101273256572,23042.409468038306,18856.2942436,23042.409468038306,18856.2942436
2025-12-25,358,cvar_t0.95_r0.05_g0.02,4674.182289733333,4670.687289733333,4527.188220509232,62892.96420882668,62346.2913450545,546.6728637721765,"{""nocvar_g0.00"": 56893.30365496482, ""cvar_t0.90_r0.05_g0.00"": 55402.0110530331, ""cvar_t0.90_r0.20_g0.00"": 53772.07139656438, ""cvar_t0.95_r0.05_g0.00"": 55402.0110530331, ""cvar_t0.95_r0.20_g0.00"": 53772.07139656438, ""nocvar_g0.02"": 55341.52586145343, ""cvar_t0.90_r0.05_g0.02"": 53394.384030343834, ""cvar_t0.90_r0.20_g0.02"": 53764.48966281687, ""cvar_t0.95_r0.05_g0.02"": 53388.99231546988, ""cvar_t0.95_r0.20_g0.02"": 53764.48966281687, ""nocvar_g0.05"": 53701.89832546352, ""cvar_t0.90_r0.05_g0.05"": 53904.01493910445, ""cvar_t0.90_r0.20_g0.05"": 53910.815919679226, ""cvar_t0.95_r0.05_g0.05"": 53957.23785989359, ""cvar_t0.95_r0.20_g0.05"": 53928.3811856364}",356,97386.70302010798,80.15810088477303,5367.285654403293,23243.558397672805,18956.431464416666,23243.558397672805,18956.431464416666
2025-12-26,359,cvar_t0.95_r0.05_g0.02,4515.3179705092325,4527.188220509232,5068.54525393484,26487.709020189606,26487.709020189606,0.0,"{""nocvar_g0.00"": 57234.79971968727, ""cvar_t0.90_r0.05_g0.00"": 55746.064109244086, ""cvar_t0.90_r0.20_g0.00"": 54248.22541560092, ""cvar_t0.95_r0.05_g0.00"": 55746.064109244086, ""cvar_t0.95_r0.20_g0.00"": 54248.22541560092, ""nocvar_g0.02"": 55697.45618380542, ""cvar_t0.90_r0.05_g0.02"": 53740.41737386613, ""cvar_t0.90_r0.20_g0.02"": 54240.55772397718, ""cvar_t0.95_r0.05_g0.02"": 53735.02565899216, ""cvar_t0.95_r0.20_g0.02"": 54240.55772397718, ""nocvar_g0.05"": 53958.42243809985, ""cvar_t0.90_r0.05_g0.05"": 54291.917343356654, ""cvar_t0.90_r0.20_g0.05"": 54376.08582603702, ""cvar_t0.95_r0.05_g0.05"": 54332.80554398363, ""cvar_t0.95_r0.20_g0.05"": 54393.65109199419}",357,50199.9041451434,0.0,2836.4065675588135,20361.33586404324,16005.460719791981,20361.33586404324,16005.460719791981
2025-12-27,360,cvar_t0.95_r0.05_g0.02,5054.029003934839,5068.54525393484,4967.877041145433,27368.765043747273,27368.765043747273,0.0,"{""nocvar_g0.00"": 57569.232829531524, ""cvar_t0.90_r0.05_g0.00"": 56108.28996487509, ""cvar_t0.90_r0.20_g0.00"": 54663.657295684214, ""cvar_t0.95_r0.05_g0.00"": 56108.28996487509, ""cvar_t0.95_r0.20_g0.00"": 54663.657295684214, ""nocvar_g0.02"": 56050.19079730083, ""cvar_t0.90_r0.05_g0.02"": 54106.86564768116, ""cvar_t0.90_r0.20_g0.02"": 54658.457166875705, ""cvar_t0.95_r0.05_g0.02"": 54100.8438672917, ""cvar_t0.95_r0.20_g0.02"": 54658.457166875705, ""nocvar_g0.05"": 54306.06834597471, ""cvar_t0.90_r0.05_g0.05"": 54641.10801730251, ""cvar_t0.90_r0.20_g0.05"": 54795.77370882385, ""cvar_t0.95_r0.05_g0.05"": 54690.50637143051, ""cvar_t0.95_r0.20_g0.05"": 54812.355444623856}",358,51561.9793044104,0.0,4704.770842192089,18994.740984537428,15476.341588985777,18994.740984537428,15476.341588985777
2025-12-28,361,cvar_t0.95_r0.05_g0.02,4956.832541145433,4967.877041145433,4980.115354907405,64208.22348496829,64208.22348496829,0.0,"{""nocvar_g0.00"": 57775.12385735456, ""cvar_t0.90_r0.05_g0.00"": 56349.650500208394, ""cvar_t0.90_r0.20_g0.00"": 54967.38686774143, ""cvar_t0.95_r0.05_g0.00"": 56349.650500208394, ""cvar_t0.95_r0.20_g0.00"": 54967.38686774143, ""nocvar_g0.02"": 56256.96976329694, ""cvar_t0.90_r0.05_g0.02"": 54348.92626826554, ""cvar_t0.90_r0.20_g0.02"": 54963.711664697774, ""cvar_t0.95_r0.05_g0.02"": 54342.90448787608, ""cvar_t0.95_r0.20_g0.02"": 54963.711664697774, ""nocvar_g0.05"": 54515.30166536662, ""cvar_t0.90_r0.05_g0.05"": 54879.976638639804, ""cvar_t0.90_r0.20_g0.05"": 55104.78204310227, ""cvar_t0.95_r0.05_g0.05"": 54929.3749927678, ""cvar_t0.95_r0.20_g0.05"": 55121.04699968807}",359,99459.34617728647,0.0,8339.827627167624,22627.62798806886,18317.36418795,22627.62798806886,18317.36418795
2025-12-29,362,cvar_t0.95_r0.05_g0.02,4961.804854907406,4980.115354907405,4976.966914712619,64549.61651285403,64549.61651285403,0.0,"{""nocvar_g0.00"": 57815.88537559777, ""cvar_t0.90_r0.05_g0.00"": 56398.68673098863, ""cvar_t0.90_r0.20_g0.00"": 55232.46538244833, ""cvar_t0.95_r0.05_g0.00"": 56398.68673098863, ""cvar_t0.95_r0.20_g0.00"": 55232.46538244833, ""nocvar_g0.02"": 56274.14862517865, ""cvar_t0.90_r0.05_g0.02"": 54367.9172864213, ""cvar_t0.90_r0.20_g0.02"": 55228.70973766708, ""cvar_t0.95_r0.05_g0.02"": 54361.89550603183, ""cvar_t0.95_r0.20_g0.02"": 55228.70973766708, ""nocvar_g0.05"": 54410.410817492695, ""cvar_t0.90_r0.05_g0.05"": 54855.86771977582, ""cvar_t0.90_r0.20_g0.05"": 55275.94212760419, ""cvar_t0.95_r0.05_g0.05"": 54864.61887298125, ""cvar_t0.95_r0.20_g0.05"": 55268.53624131797}",360,99868.69667169132,0.0,8166.44046480449,22006.96598102881,17828.476040808644,22006.96598102881,17828.476040808644
2025-12-30,363,nocvar_g0.05,5011.212664712619,4976.966914712619,4949.575542506391,61623.70524787135,61623.70524787135,0.0,"{""nocvar_g0.00"": 57933.78010371898, ""cvar_t0.90_r0.05_g0.00"": 56576.26728014916, ""cvar_t0.90_r0.20_g0.00"": 55467.15461746225, ""cvar_t0.95_r0.05_g0.00"": 56576.26728014916, ""cvar_t0.95_r0.20_g0.00"": 55467.15461746225, ""nocvar_g0.02"": 56378.66322984478, ""cvar_t0.90_r0.05_g0.02"": 54539.14803542191, ""cvar_t0.90_r0.20_g0.02"": 55461.4670519455, ""cvar_t0.95_r0.05_g0.02"": 54536.41790518415, ""cvar_t0.95_r0.20_g0.02"": 55461.4670519455, ""nocvar_g0.05"": 54503.30035002205, ""cvar_t0.90_r0.05_g0.05"": 54988.369334035204, ""cvar_t0.90_r0.20_g0.05"": 55503.05407864882, ""cvar_t0.95_r0.05_g0.05"": 54994.254457033, ""cvar_t0.95_r0.20_g0.05"": 55498.407016634614}",361,95789.93568599502,0.0,5182.920092614409,23196.13278087487,18813.519787494246,23196.13278087487,18813.519787494246
2025-12-31,364,nocvar_g0.05,4920.447042506391,4949.575542506391,4407.270645740739,61139.96158013057,61139.96158013057,0.0,"{""nocvar_g0.00"": 57149.523020468245, ""cvar_t0.90_r0.05_g0.00"": 55886.0123790261, ""cvar_t0.90_r0.20_g0.00"": 54825.22706870793, ""cvar_t0.95_r0.05_g0.00"": 55886.0123790261, ""cvar_t0.95_r0.20_g0.00"": 54825.22706870793, ""nocvar_g0.02"": 55676.537218375925, ""cvar_t0.90_r0.05_g0.02"": 53840.89332602266, ""cvar_t0.90_r0.20_g0.02"": 54807.87039685818, ""cvar_t0.95_r0.05_g0.02"": 53838.163195784895, ""cvar_t0.95_r0.20_g0.02"": 54807.87039685818, ""nocvar_g0.05"": 53743.22849067886, ""cvar_t0.90_r0.05_g0.05"": 54292.539974100015, ""cvar_t0.90_r0.20_g0.05"": 54851.77072131996, ""cvar_t0.95_r0.05_g0.05"": 54294.84956020745, ""cvar_t0.95_r0.20_g0.05"": 54847.123659305755}",362,94829.02503952806,0.0,2084.3065475557414,24138.789293305654,20040.49373466667,24138.789293305654,20040.49373466667
