day_index,plan_day,issue_time,release_hour,anchor_day,anchor_slot,history_cutoff,residual_history_cutoff,risk_days,gate_days,first_slot,end_slot_exclusive,soc_at_issue_kwh,keep_score,new_score,accepted,reason,solve_seconds,max_residual,load_correction_kwh,settlement
31,2025-02-01,2025-02-01 06:00:00,6,31,34,2025-02-01 06:00:00,2025-02-01 06:00:00,"[3, 4, 5, 6, 7, 8, 9, 10, 11, 12, 13, 14, 15, 16, 17, 18, 19, 20, 21, 22, 23, 24, 25, 26, 27, 28, 29, 30]","[0, 1, 2]",35,71,10209.798703703704,,,False,keep_no_improvement_or_insufficient_history,0.052253898000344634,1.776356839400251e-11,-46.951870833333295,B
31,2025-02-01,2025-02-01 12:00:00,12,31,70,2025-02-01 12:00:00,2025-02-01 12:00:00,"[3, 4, 5, 6, 7, 8, 9, 10, 11, 12, 13, 14, 15, 16, 17, 18, 19, 20, 21, 22, 23, 24, 25, 26, 27, 28, 29, 30]","[0, 1, 2]",71,107,7095.473478037038,,,False,keep_no_improvement_or_insufficient_history,0.035445257963147014,9.094947017729282e-13,-42.48631249999994,B
31,2025-02-01,2025-02-01 18:00:00,18,31,106,2025-02-01 18:00:00,2025-02-01 18:00:00,"[3, 4, 5, 6, 7, 8, 9, 10, 11, 12, 13, 14, 15, 16, 17, 18, 19, 20, 21, 22, 23, 24, 25, 26, 27, 28, 29, 30]","[0, 1, 2]",107,144,10661.628578197531,,,False,keep_no_improvement_or_insufficient_history,0.017518164997454733,4.547473508864641e-13,-23.374783333333312,B
32,2025-02-02,2025-02-02 06:00:00,6,32,34,2025-02-02 06:00:00,2025-02-02 06:00:00,"[4, 5, 6, 7, 8, 9, 10, 11, 12, 13, 14, 15, 16, 17, 18, 19, 20, 21, 22, 23, 24, 25, 26, 27, 28, 29, 30, 31]","[0, 1, 2, 3]",35,71,10797.842333333334,,,False,keep_no_improvement_or_insufficient_history,0.020209384034387767,1.8189894035458565e-12,-45.145754166666656,B
32,2025-02-02,2025-02-02 12:00:00,12,32,70,2025-02-02 12:00:00,2025-02-02 12:00:00,"[4, 5, 6, 7, 8, 9, 10, 11, 12, 13, 14, 15, 16, 17, 18, 19, 20, 21, 22, 23, 24, 25, 26, 27, 28, 29, 30, 31]","[0, 1, 2, 3]",71,107,7512.884698092592,,,False,keep_no_improvement_or_insufficient_history,0.022740154003258795,2.3874235921539366e-12,-41.018183333333276,B
32,2025-02-02,2025-02-02 18:00:00,18,32,106,2025-02-02 18:00:00,2025-02-02 18:00:00,"[4, 5, 6, 7, 8, 9, 10, 11, 12, 13, 14, 15, 16, 17, 18, 19, 20, 21, 22, 23, 24, 25, 26, 27, 28, 29, 30, 31]","[0, 1, 2, 3]",107,144,10800.0,,,False,keep_no_improvement_or_insufficient_history,0.015748451987747103,1.4779288903810084e-12,-26.294458333333218,B
33,2025-02-03,2025-02-03 06:00:00,6,33,34,2025-02-03 06:00:00,2025-02-03 06:00:00,"[5, 6, 7, 8, 9, 10, 11, 12, 13, 14, 15, 16, 17, 18, 19, 20, 21, 22, 23, 24, 25, 26, 27, 28, 29, 30, 31, 32]","[0, 1, 2, 3, 4]",35,71,10758.500977777778,,,False,keep_no_improvement_or_insufficient_history,0.033430647978093475,1.8189894035458565e-12,-30.31982083333336,B
33,2025-02-03,2025-02-03 12:00:00,12,33,70,2025-02-03 12:00:00,2025-02-03 12:00:00,"[5, 6, 7, 8, 9, 10, 11, 12, 13, 14, 15, 16, 17, 18, 19, 20, 21, 22, 23, 24, 25, 26, 27, 28, 29, 30, 31, 32]","[0, 1, 2, 3, 4]",71,107,7168.260662037039,,,False,keep_no_improvement_or_insufficient_history,0.011729677964467555,1.3642420526593924e-12,-35.36614583333319,B
33,2025-02-03,2025-02-03 18:00:00,18,33,106,2025-02-03 18:00:00,2025-02-03 18:00:00,"[5, 6, 7, 8, 9, 10, 11, 12, 13, 14, 15, 16, 17, 18, 19, 20, 21, 22, 23, 24, 25, 26, 27, 28, 29, 30, 31, 32]","[0, 1, 2, 3, 4]",107,144,10761.06425301852,,,False,keep_no_improvement_or_insufficient_history,0.012737073993775994,2.2737367544323206e-13,-10.579899999999952,B
34,2025-02-04,2025-02-04 06:00:00,6,34,34,2025-02-04 06:00:00,2025-02-04 06:00:00,"[6, 7, 8, 9, 10, 11, 12, 13, 14, 15, 16, 17, 18, 19, 20, 21, 22, 23, 24, 25, 26, 27, 28, 29, 30, 31, 32, 33]","[0, 1, 2, 3, 4, 5]",35,71,10800.0,,,False,keep_no_improvement_or_insufficient_history,0.014801239012740552,1.8189894035458565e-12,-62.14000000000002,B
34,2025-02-04,2025-02-04 12:00:00,12,34,70,2025-02-04 12:00:00,2025-02-04 12:00:00,"[6, 7, 8, 9, 10, 11, 12, 13, 14, 15, 16, 17, 18, 19, 20, 21, 22, 23, 24, 25, 26, 27, 28, 29, 30, 31, 32, 33]","[0, 1, 2, 3, 4, 5]",71,107,6759.059949740743,,,False,keep_no_improvement_or_insufficient_history,0.03181729401694611,1.8189894035458565e-12,-53.51767083333326,B
34,2025-02-04,2025-02-04 18:00:00,18,34,106,2025-02-04 18:00:00,2025-02-04 18:00:00,"[6, 7, 8, 9, 10, 11, 12, 13, 14, 15, 16, 17, 18, 19, 20, 21, 22, 23, 24, 25, 26, 27, 28, 29, 30, 31, 32, 33]","[0, 1, 2, 3, 4, 5]",107,144,10364.215573703716,,,False,keep_no_improvement_or_insufficient_history,0.012169066001661122,4.547473508864641e-13,-17.37137916666673,B
35,2025-02-05,2025-02-05 06:00:00,6,35,34,2025-02-05 06:00:00,2025-02-05 06:00:00,"[7, 8, 9, 10, 11, 12, 13, 14, 15, 16, 17, 18, 19, 20, 21, 22, 23, 24, 25, 26, 27, 28, 29, 30, 31, 32, 33, 34]","[0, 1, 2, 3, 4, 5, 6]",35,71,10800.0,46861.89051291791,48092.78564375555,False,keep_no_improvement_or_insufficient_history,0.030729927006177604,1.8189894035458565e-12,-24.61759999999996,B
35,2025-02-05,2025-02-05 12:00:00,12,35,70,2025-02-05 12:00:00,2025-02-05 12:00:00,"[7, 8, 9, 10, 11, 12, 13, 14, 15, 16, 17, 18, 19, 20, 21, 22, 23, 24, 25, 26, 27, 28, 29, 30, 31, 32, 33, 34]","[0, 1, 2, 3, 4, 5, 6]",71,107,6555.93529596296,27809.211585616762,26582.94870232726,True,heldout_improvement,0.01629002799745649,1.8189894035458565e-12,-40.77562500000006,B
35,2025-02-05,2025-02-05 18:00:00,18,35,106,2025-02-05 18:00:00,2025-02-05 18:00:00,"[7, 8, 9, 10, 11, 12, 13, 14, 15, 16, 17, 18, 19, 20, 21, 22, 23, 24, 25, 26, 27, 28, 29, 30, 31, 32, 33, 34]","[0, 1, 2, 3, 4, 5, 6]",107,144,9803.541846441352,18951.051246021183,18721.246052117895,True,heldout_improvement,0.014304342039395124,2.2737367544323206e-13,-12.717058333333322,B
36,2025-02-06,2025-02-06 06:00:00,6,36,34,2025-02-06 06:00:00,2025-02-06 06:00:00,"[8, 9, 10, 11, 12, 13, 14, 15, 16, 17, 18, 19, 20, 21, 22, 23, 24, 25, 26, 27, 28, 29, 30, 31, 32, 33, 34, 35]","[0, 1, 2, 3, 4, 5, 6, 7]",35,71,10800.0,42070.95489141032,45394.915361510204,False,keep_no_improvement_or_insufficient_history,0.015446431993041188,1.8189894035458565e-12,-42.64304583333334,B
36,2025-02-06,2025-02-06 12:00:00,12,36,70,2025-02-06 12:00:00,2025-02-06 12:00:00,"[8, 9, 10, 11, 12, 13, 14, 15, 16, 17, 18, 19, 20, 21, 22, 23, 24, 25, 26, 27, 28, 29, 30, 31, 32, 33, 34, 35]","[0, 1, 2, 3, 4, 5, 6, 7]",71,107,7531.465727629634,28015.029941783905,26948.414889721666,True,heldout_improvement,0.020254939037840813,9.094947017729282e-13,-25.438820833333388,B
36,2025-02-06,2025-02-06 18:00:00,18,36,106,2025-02-06 18:00:00,2025-02-06 18:00:00,"[8, 9, 10, 11, 12, 13, 14, 15, 16, 17, 18, 19, 20, 21, 22, 23, 24, 25, 26, 27, 28, 29, 30, 31, 32, 33, 34, 35]","[0, 1, 2, 3, 4, 5, 6, 7]",107,144,10397.547841570213,16958.352610918013,16955.619924381084,True,heldout_improvement,0.015473777952138335,4.5702108764089644e-11,-15.66204583333327,B
37,2025-02-07,2025-02-07 06:00:00,6,37,34,2025-02-07 06:00:00,2025-02-07 06:00:00,"[9, 10, 11, 12, 13, 14, 15, 16, 17, 18, 19, 20, 21, 22, 23, 24, 25, 26, 27, 28, 29, 30, 31, 32, 33, 34, 35, 36]","[0, 1, 2, 3, 4, 5, 6, 7, 8]",35,71,10232.339703703703,11071.143333729478,11071.143333729478,False,keep_no_improvement_or_insufficient_history,0.02585742704104632,1.0913936421275139e-11,-34.86875833333336,B
37,2025-02-07,2025-02-07 12:00:00,12,37,70,2025-02-07 12:00:00,2025-02-07 12:00:00,"[9, 10, 11, 12, 13, 14, 15, 16, 17, 18, 19, 20, 21, 22, 23, 24, 25, 26, 27, 28, 29, 30, 31, 32, 33, 34, 35, 36]","[0, 1, 2, 3, 4, 5, 6, 7, 8]",71,107,6405.369429074077,7394.759372382184,6992.137064427622,True,heldout_improvement,0.03362520900554955,7.23048287909478e-11,-16.988333333333305,B
37,2025-02-07,2025-02-07 18:00:00,18,37,106,2025-02-07 18:00:00,2025-02-07 18:00:00,"[9, 10, 11, 12, 13, 14, 15, 16, 17, 18, 19, 20, 21, 22, 23, 24, 25, 26, 27, 28, 29, 30, 31, 32, 33, 34, 35, 36]","[0, 1, 2, 3, 4, 5, 6, 7, 8]",107,144,10482.334819913582,7510.895942411739,7536.795976744717,False,keep_no_improvement_or_insufficient_history,0.011193790996912867,0.0,-19.844000000000012,B
38,2025-02-08,2025-02-08 06:00:00,6,38,34,2025-02-08 06:00:00,2025-02-08 06:00:00,"[10, 11, 12, 13, 14, 15, 16, 17, 18, 19, 20, 21, 22, 23, 24, 25, 26, 27, 28, 29, 30, 31, 32, 33, 34, 35, 36, 37]","[0, 1, 2, 3, 4, 5, 6, 7, 8, 9]",35,71,9846.43756104321,8636.526592263795,8636.526592263795,False,keep_no_improvement_or_insufficient_history,0.06086122296983376,3.1079178354513785e-12,-13.335841666666699,B
38,2025-02-08,2025-02-08 12:00:00,12,38,70,2025-02-08 12:00:00,2025-02-08 12:00:00,"[10, 11, 12, 13, 14, 15, 16, 17, 18, 19, 20, 21, 22, 23, 24, 25, 26, 27, 28, 29, 30, 31, 32, 33, 34, 35, 36, 37]","[0, 1, 2, 3, 4, 5, 6, 7, 8, 9]",71,107,8055.459523265432,6608.554151922961,6506.875427377115,True,heldout_improvement,0.039825860993005335,2.2737367544323206e-12,-24.635862499999952,B
38,2025-02-08,2025-02-08 18:00:00,18,38,106,2025-02-08 18:00:00,2025-02-08 18:00:00,"[10, 11, 12, 13, 14, 15, 16, 17, 18, 19, 20, 21, 22, 23, 24, 25, 26, 27, 28, 29, 30, 31, 32, 33, 34, 35, 36, 37]","[0, 1, 2, 3, 4, 5, 6, 7, 8, 9]",107,144,9970.609365658953,9269.199339350165,8917.565083727339,True,heldout_improvement,0.01190023502567783,9.094947017729282e-13,2.8420583333333598,B
39,2025-02-09,2025-02-09 06:00:00,6,39,34,2025-02-09 06:00:00,2025-02-09 06:00:00,"[11, 12, 13, 14, 15, 16, 17, 18, 19, 20, 21, 22, 23, 24, 25, 26, 27, 28, 29, 30, 31, 32, 33, 34, 35, 36, 37, 38]","[0, 1, 2, 3, 4, 5, 6, 7, 8, 9, 10]",35,71,10800.0,55062.38220281804,50083.18693850781,True,heldout_improvement,0.03533820802113041,1.8189894035458565e-12,-27.48580416666664,B
39,2025-02-09,2025-02-09 12:00:00,12,39,70,2025-02-09 12:00:00,2025-02-09 12:00:00,"[11, 12, 13, 14, 15, 16, 17, 18, 19, 20, 21, 22, 23, 24, 25, 26, 27, 28, 29, 30, 31, 32, 33, 34, 35, 36, 37, 38]","[0, 1, 2, 3, 4, 5, 6, 7, 8, 9, 10]",71,107,7130.605682004638,28655.6848693753,28324.74075184243,True,heldout_improvement,0.02531816397095099,1.8189894035458565e-12,-10.561091666666698,B
39,2025-02-09,2025-02-09 18:00:00,18,39,106,2025-02-09 18:00:00,2025-02-09 18:00:00,"[11, 12, 13, 14, 15, 16, 17, 18, 19, 20, 21, 22, 23, 24, 25, 26, 27, 28, 29, 30, 31, 32, 33, 34, 35, 36, 37, 38]","[0, 1, 2, 3, 4, 5, 6, 7, 8, 9, 10]",107,144,10785.793118851852,14137.71442535791,15036.058572962247,False,keep_no_improvement_or_insufficient_history,0.012517444032710046,1.8189894035458565e-12,-26.17799583333332,B
40,2025-02-10,2025-02-10 06:00:00,6,40,34,2025-02-10 06:00:00,2025-02-10 06:00:00,"[12, 13, 14, 15, 16, 17, 18, 19, 20, 21, 22, 23, 24, 25, 26, 27, 28, 29, 30, 31, 32, 33, 34, 35, 36, 37, 38, 39]","[0, 1, 2, 3, 4, 5, 6, 7, 8, 9, 10, 11]",35,71,10800.0,38636.70006545981,40765.90886419737,False,keep_no_improvement_or_insufficient_history,0.0402325329487212,1.8189894035458565e-12,-22.014183333333296,B
40,2025-02-10,2025-02-10 12:00:00,12,40,70,2025-02-10 12:00:00,2025-02-10 12:00:00,"[12, 13, 14, 15, 16, 17, 18, 19, 20, 21, 22, 23, 24, 25, 26, 27, 28, 29, 30, 31, 32, 33, 34, 35, 36, 37, 38, 39]","[0, 1, 2, 3, 4, 5, 6, 7, 8, 9, 10, 11]",71,107,9014.400229981477,27543.738951344585,26381.753539259753,True,heldout_improvement,0.0187152239959687,1.8189894035458565e-12,-22.708320833333268,B
40,2025-02-10,2025-02-10 18:00:00,18,40,106,2025-02-10 18:00:00,2025-02-10 18:00:00,"[12, 13, 14, 15, 16, 17, 18, 19, 20, 21, 22, 23, 24, 25, 26, 27, 28, 29, 30, 31, 32, 33, 34, 35, 36, 37, 38, 39]","[0, 1, 2, 3, 4, 5, 6, 7, 8, 9, 10, 11]",107,144,10062.829254438275,15015.840206136223,15188.819777986253,False,keep_no_improvement_or_insufficient_history,0.011267568974290043,9.094947017729282e-13,-24.117241666666736,B
41,2025-02-11,2025-02-11 06:00:00,6,41,34,2025-02-11 06:00:00,2025-02-11 06:00:00,"[13, 14, 15, 16, 17, 18, 19, 20, 21, 22, 23, 24, 25, 26, 27, 28, 29, 30, 31, 32, 33, 34, 35, 36, 37, 38, 39, 40]","[0, 1, 2, 3, 4, 5, 6, 7, 8, 9, 10, 11, 12]",35,71,10766.000314123461,37595.39278215769,40469.95909677846,False,keep_no_improvement_or_insufficient_history,0.021644219988957047,1.8189894035458565e-12,-27.327058333333333,B
41,2025-02-11,2025-02-11 12:00:00,12,41,70,2025-02-11 12:00:00,2025-02-11 12:00:00,"[13, 14, 15, 16, 17, 18, 19, 20, 21, 22, 23, 24, 25, 26, 27, 28, 29, 30, 31, 32, 33, 34, 35, 36, 37, 38, 39, 40]","[0, 1, 2, 3, 4, 5, 6, 7, 8, 9, 10, 11, 12]",71,107,7514.69519571605,27017.626331307874,26015.21150364564,True,heldout_improvement,0.019285642018076032,4.547473508864641e-13,-23.548441666666577,B
41,2025-02-11,2025-02-11 18:00:00,18,41,106,2025-02-11 18:00:00,2025-02-11 18:00:00,"[13, 14, 15, 16, 17, 18, 19, 20, 21, 22, 23, 24, 25, 26, 27, 28, 29, 30, 31, 32, 33, 34, 35, 36, 37, 38, 39, 40]","[0, 1, 2, 3, 4, 5, 6, 7, 8, 9, 10, 11, 12]",107,144,10428.18453859645,14232.837708943685,14442.758709615317,False,keep_no_improvement_or_insufficient_history,0.011615149967838079,4.547473508864641e-13,-26.673762499999988,B
42,2025-02-12,2025-02-12 06:00:00,6,42,34,2025-02-12 06:00:00,2025-02-12 06:00:00,"[14, 15, 16, 17, 18, 19, 20, 21, 22, 23, 24, 25, 26, 27, 28, 29, 30, 31, 32, 33, 34, 35, 36, 37, 38, 39, 40, 41]","[0, 1, 2, 3, 4, 5, 6, 7, 8, 9, 10, 11, 12, 13]",35,71,10800.0,36688.794640303844,38729.25812731327,False,keep_no_improvement_or_insufficient_history,0.019867733004502952,1.8189894035458565e-12,-26.603812499999965,B
42,2025-02-12,2025-02-12 12:00:00,12,42,70,2025-02-12 12:00:00,2025-02-12 12:00:00,"[14, 15, 16, 17, 18, 19, 20, 21, 22, 23, 24, 25, 26, 27, 28, 29, 30, 31, 32, 33, 34, 35, 36, 37, 38, 39, 40, 41]","[0, 1, 2, 3, 4, 5, 6, 7, 8, 9, 10, 11, 12, 13]",71,107,7602.069305518522,26211.867704506065,25201.14414125035,True,heldout_improvement,0.014129576971754432,2.6147972675971687e-12,-39.15850416666672,B
42,2025-02-12,2025-02-12 18:00:00,18,42,106,2025-02-12 18:00:00,2025-02-12 18:00:00,"[14, 15, 16, 17, 18, 19, 20, 21, 22, 23, 24, 25, 26, 27, 28, 29, 30, 31, 32, 33, 34, 35, 36, 37, 38, 39, 40, 41]","[0, 1, 2, 3, 4, 5, 6, 7, 8, 9, 10, 11, 12, 13]",107,144,8753.133088288576,20055.657236848525,17528.675702393128,True,heldout_improvement,0.01154556596884504,9.094947017729282e-13,-10.944320833333297,B
43,2025-02-13,2025-02-13 06:00:00,6,43,34,2025-02-13 06:00:00,2025-02-13 06:00:00,"[15, 16, 17, 18, 19, 20, 21, 22, 23, 24, 25, 26, 27, 28, 29, 30, 31, 32, 33, 34, 35, 36, 37, 38, 39, 40, 41, 42]","[1, 2, 3, 4, 5, 6, 7, 8, 9, 10, 11, 12, 13, 14]",35,71,10788.69362037037,37345.419716187214,38095.45048735946,False,keep_no_improvement_or_insufficient_history,0.03656073100864887,3.637978807091713e-12,-18.845212499999963,B
43,2025-02-13,2025-02-13 12:00:00,12,43,70,2025-02-13 12:00:00,2025-02-13 12:00:00,"[15, 16, 17, 18, 19, 20, 21, 22, 23, 24, 25, 26, 27, 28, 29, 30, 31, 32, 33, 34, 35, 36, 37, 38, 39, 40, 41, 42]","[1, 2, 3, 4, 5, 6, 7, 8, 9, 10, 11, 12, 13, 14]",71,107,8856.385893074075,27383.527102787284,25579.484044166613,True,heldout_improvement,0.016139820974785835,1.8189894035458565e-12,-30.265712499999985,B
43,2025-02-13,2025-02-13 18:00:00,18,43,106,2025-02-13 18:00:00,2025-02-13 18:00:00,"[15, 16, 17, 18, 19, 20, 21, 22, 23, 24, 25, 26, 27, 28, 29, 30, 31, 32, 33, 34, 35, 36, 37, 38, 39, 40, 41, 42]","[1, 2, 3, 4, 5, 6, 7, 8, 9, 10, 11, 12, 13, 14]",107,144,10072.92894869969,14846.773463543805,14868.488892876196,False,keep_no_improvement_or_insufficient_history,0.012812608969397843,9.094947017729282e-13,-24.32559999999997,B
44,2025-02-14,2025-02-14 06:00:00,6,44,34,2025-02-14 06:00:00,2025-02-14 06:00:00,"[16, 17, 18, 19, 20, 21, 22, 23, 24, 25, 26, 27, 28, 29, 30, 31, 32, 33, 34, 35, 36, 37, 38, 39, 40, 41, 42, 43]","[2, 3, 4, 5, 6, 7, 8, 9, 10, 11, 12, 13, 14, 15]",35,71,7857.054390850927,7826.362702091267,7826.362702091267,False,keep_no_improvement_or_insufficient_history,0.05681840801844373,1.8189894035458565e-12,-27.24999999999996,B
44,2025-02-14,2025-02-14 12:00:00,12,44,70,2025-02-14 12:00:00,2025-02-14 12:00:00,"[16, 17, 18, 19, 20, 21, 22, 23, 24, 25, 26, 27, 28, 29, 30, 31, 32, 33, 34, 35, 36, 37, 38, 39, 40, 41, 42, 43]","[2, 3, 4, 5, 6, 7, 8, 9, 10, 11, 12, 13, 14, 15]",71,107,5637.196145850928,7648.1558859067945,7805.708155979024,False,keep_no_improvement_or_insufficient_history,0.021106650994624943,1.8189894035458565e-12,-8.970216666666602,B
44,2025-02-14,2025-02-14 18:00:00,18,44,106,2025-02-14 18:00:00,2025-02-14 18:00:00,"[16, 17, 18, 19, 20, 21, 22, 23, 24, 25, 26, 27, 28, 29, 30, 31, 32, 33, 34, 35, 36, 37, 38, 39, 40, 41, 42, 43]","[2, 3, 4, 5, 6, 7, 8, 9, 10, 11, 12, 13, 14, 15]",107,144,10458.889299542638,6651.288405184243,6657.36911820838,False,keep_no_improvement_or_insufficient_history,0.012160083977505565,2.2737367544323206e-13,-8.450600000000046,B
45,2025-02-15,2025-02-15 06:00:00,6,45,34,2025-02-15 06:00:00,2025-02-15 06:00:00,"[17, 18, 19, 20, 21, 22, 23, 24, 25, 26, 27, 28, 29, 30, 31, 32, 33, 34, 35, 36, 37, 38, 39, 40, 41, 42, 43, 44]","[3, 4, 5, 6, 7, 8, 9, 10, 11, 12, 13, 14, 15, 16]",35,71,8030.007485407408,7622.656208406365,7622.656208406365,False,keep_no_improvement_or_insufficient_history,0.023351135023403913,3.637978807091713e-12,-6.358741666666636,B
45,2025-02-15,2025-02-15 12:00:00,12,45,70,2025-02-15 12:00:00,2025-02-15 12:00:00,"[17, 18, 19, 20, 21, 22, 23, 24, 25, 26, 27, 28, 29, 30, 31, 32, 33, 34, 35, 36, 37, 38, 39, 40, 41, 42, 43, 44]","[3, 4, 5, 6, 7, 8, 9, 10, 11, 12, 13, 14, 15, 16]",71,107,6821.883976333336,7045.8031553967285,7173.288829383848,False,keep_no_improvement_or_insufficient_history,0.04035769298207015,3.637978807091713e-12,-11.668041666666682,B
45,2025-02-15,2025-02-15 18:00:00,18,45,106,2025-02-15 18:00:00,2025-02-15 18:00:00,"[17, 18, 19, 20, 21, 22, 23, 24, 25, 26, 27, 28, 29, 30, 31, 32, 33, 34, 35, 36, 37, 38, 39, 40, 41, 42, 43, 44]","[3, 4, 5, 6, 7, 8, 9, 10, 11, 12, 13, 14, 15, 16]",107,144,10179.82397509259,6912.776036824672,6582.992481489177,True,heldout_improvement,0.011572429968509823,2.2737367544323206e-13,6.690166666666679,B
46,2025-02-16,2025-02-16 06:00:00,6,46,34,2025-02-16 06:00:00,2025-02-16 06:00:00,"[18, 19, 20, 21, 22, 23, 24, 25, 26, 27, 28, 29, 30, 31, 32, 33, 34, 35, 36, 37, 38, 39, 40, 41, 42, 43, 44, 45]","[4, 5, 6, 7, 8, 9, 10, 11, 12, 13, 14, 15, 16, 17]",35,71,10765.220861111111,35961.61854011703,35843.94482258758,True,heldout_improvement,0.037266697036102414,1.8189894035458565e-12,-5.390420833333336,B
46,2025-02-16,2025-02-16 12:00:00,12,46,70,2025-02-16 12:00:00,2025-02-16 12:00:00,"[18, 19, 20, 21, 22, 23, 24, 25, 26, 27, 28, 29, 30, 31, 32, 33, 34, 35, 36, 37, 38, 39, 40, 41, 42, 43, 44, 45]","[4, 5, 6, 7, 8, 9, 10, 11, 12, 13, 14, 15, 16, 17]",71,107,5320.993834932708,25132.285709470478,25125.92914885912,True,heldout_improvement,0.029139058955479413,1.8189894035458565e-12,-23.05183333333328,B
46,2025-02-16,2025-02-16 18:00:00,18,46,106,2025-02-16 18:00:00,2025-02-16 18:00:00,"[18, 19, 20, 21, 22, 23, 24, 25, 26, 27, 28, 29, 30, 31, 32, 33, 34, 35, 36, 37, 38, 39, 40, 41, 42, 43, 44, 45]","[4, 5, 6, 7, 8, 9, 10, 11, 12, 13, 14, 15, 16, 17]",107,144,9635.055891146721,17730.016888735674,14458.152029948444,True,heldout_improvement,0.015132397005800158,0.0,10.137333333333345,B
47,2025-02-17,2025-02-17 06:00:00,6,47,34,2025-02-17 06:00:00,2025-02-17 06:00:00,"[19, 20, 21, 22, 23, 24, 25, 26, 27, 28, 29, 30, 31, 32, 33, 34, 35, 36, 37, 38, 39, 40, 41, 42, 43, 44, 45, 46]","[5, 6, 7, 8, 9, 10, 11, 12, 13, 14, 15, 16, 17, 18]",35,71,10800.0,34540.60127255863,34773.21255995643,False,keep_no_improvement_or_insufficient_history,0.035638909961562604,1.8189894035458565e-12,-18.668408333333332,B
47,2025-02-17,2025-02-17 12:00:00,12,47,70,2025-02-17 12:00:00,2025-02-17 12:00:00,"[19, 20, 21, 22, 23, 24, 25, 26, 27, 28, 29, 30, 31, 32, 33, 34, 35, 36, 37, 38, 39, 40, 41, 42, 43, 44, 45, 46]","[5, 6, 7, 8, 9, 10, 11, 12, 13, 14, 15, 16, 17, 18]",71,107,8426.100529497226,25628.97362604773,24611.858395507395,True,heldout_improvement,0.02851890801684931,1.8189894035458565e-12,-11.738674999999905,B
47,2025-02-17,2025-02-17 18:00:00,18,47,106,2025-02-17 18:00:00,2025-02-17 18:00:00,"[19, 20, 21, 22, 23, 24, 25, 26, 27, 28, 29, 30, 31, 32, 33, 34, 35, 36, 37, 38, 39, 40, 41, 42, 43, 44, 45, 46]","[5, 6, 7, 8, 9, 10, 11, 12, 13, 14, 15, 16, 17, 18]",107,144,10315.078301778067,13067.931628936623,12796.481664704872,True,heldout_improvement,0.01235905202338472,9.094947017729282e-13,-2.871154166666656,B
48,2025-02-18,2025-02-18 06:00:00,6,48,34,2025-02-18 06:00:00,2025-02-18 06:00:00,"[20, 21, 22, 23, 24, 25, 26, 27, 28, 29, 30, 31, 32, 33, 34, 35, 36, 37, 38, 39, 40, 41, 42, 43, 44, 45, 46, 47]","[6, 7, 8, 9, 10, 11, 12, 13, 14, 15, 16, 17, 18, 19]",35,71,10737.125867965073,35405.63503603339,35672.17980197975,False,keep_no_improvement_or_insufficient_history,0.024003769038245082,1.8189894035458565e-12,4.6363291666666555,B
48,2025-02-18,2025-02-18 12:00:00,12,48,70,2025-02-18 12:00:00,2025-02-18 12:00:00,"[20, 21, 22, 23, 24, 25, 26, 27, 28, 29, 30, 31, 32, 33, 34, 35, 36, 37, 38, 39, 40, 41, 42, 43, 44, 45, 46, 47]","[6, 7, 8, 9, 10, 11, 12, 13, 14, 15, 16, 17, 18, 19]",71,107,7725.540867446551,26367.97888656302,26069.873273352143,True,heldout_improvement,0.027787922008428723,2.148681232938543e-11,4.058054166666655,B
48,2025-02-18,2025-02-18 18:00:00,18,48,106,2025-02-18 18:00:00,2025-02-18 18:00:00,"[20, 21, 22, 23, 24, 25, 26, 27, 28, 29, 30, 31, 32, 33, 34, 35, 36, 37, 38, 39, 40, 41, 42, 43, 44, 45, 46, 47]","[6, 7, 8, 9, 10, 11, 12, 13, 14, 15, 16, 17, 18, 19]",107,144,10537.535493276358,14840.531258762381,13511.799442131398,True,heldout_improvement,0.01222940202569589,9.094947017729282e-13,18.703766666666674,B
49,2025-02-19,2025-02-19 06:00:00,6,49,34,2025-02-19 06:00:00,2025-02-19 06:00:00,"[21, 22, 23, 24, 25, 26, 27, 28, 29, 30, 31, 32, 33, 34, 35, 36, 37, 38, 39, 40, 41, 42, 43, 44, 45, 46, 47, 48]","[7, 8, 9, 10, 11, 12, 13, 14, 15, 16, 17, 18, 19, 20]",35,71,10800.0,31751.16046258476,31543.674767144847,True,heldout_improvement,0.027459532022476196,2.0463630789890885e-12,-26.836420833333285,B
49,2025-02-19,2025-02-19 12:00:00,12,49,70,2025-02-19 12:00:00,2025-02-19 12:00:00,"[21, 22, 23, 24, 25, 26, 27, 28, 29, 30, 31, 32, 33, 34, 35, 36, 37, 38, 39, 40, 41, 42, 43, 44, 45, 46, 47, 48]","[7, 8, 9, 10, 11, 12, 13, 14, 15, 16, 17, 18, 19, 20]",71,107,5320.675774875001,38037.167104769396,29234.878531602357,True,heldout_improvement,0.02569440199295059,7.16227077646181e-12,5.314133333333302,B
49,2025-02-19,2025-02-19 18:00:00,18,49,106,2025-02-19 18:00:00,2025-02-19 18:00:00,"[21, 22, 23, 24, 25, 26, 27, 28, 29, 30, 31, 32, 33, 34, 35, 36, 37, 38, 39, 40, 41, 42, 43, 44, 45, 46, 47, 48]","[7, 8, 9, 10, 11, 12, 13, 14, 15, 16, 17, 18, 19, 20]",107,144,10800.0,11921.968951534709,11925.438585271497,False,keep_no_improvement_or_insufficient_history,0.011422707000747323,4.547473508864641e-13,-9.751666666666702,B
50,2025-02-20,2025-02-20 06:00:00,6,50,34,2025-02-20 06:00:00,2025-02-20 06:00:00,"[22, 23, 24, 25, 26, 27, 28, 29, 30, 31, 32, 33, 34, 35, 36, 37, 38, 39, 40, 41, 42, 43, 44, 45, 46, 47, 48, 49]","[8, 9, 10, 11, 12, 13, 14, 15, 16, 17, 18, 19, 20, 21]",35,71,10777.961907407407,37613.492860577295,36619.05411840338,True,heldout_improvement,0.0232516800169833,1.8189894035458565e-12,6.051879166666669,B
50,2025-02-20,2025-02-20 12:00:00,12,50,70,2025-02-20 12:00:00,2025-02-20 12:00:00,"[22, 23, 24, 25, 26, 27, 28, 29, 30, 31, 32, 33, 34, 35, 36, 37, 38, 39, 40, 41, 42, 43, 44, 45, 46, 47, 48, 49]","[8, 9, 10, 11, 12, 13, 14, 15, 16, 17, 18, 19, 20, 21]",71,107,6654.513245458326,25491.57788676946,25275.609611266824,True,heldout_improvement,0.016806414001621306,1.8189894035458565e-12,-8.351366666666687,B
50,2025-02-20,2025-02-20 18:00:00,18,50,106,2025-02-20 18:00:00,2025-02-20 18:00:00,"[22, 23, 24, 25, 26, 27, 28, 29, 30, 31, 32, 33, 34, 35, 36, 37, 38, 39, 40, 41, 42, 43, 44, 45, 46, 47, 48, 49]","[8, 9, 10, 11, 12, 13, 14, 15, 16, 17, 18, 19, 20, 21]",107,144,10756.38887805864,12224.950316279104,12249.585681946564,False,keep_no_improvement_or_insufficient_history,0.011664561985526234,9.094947017729282e-13,-2.3606624999999135,B
51,2025-02-21,2025-02-21 06:00:00,6,51,34,2025-02-21 06:00:00,2025-02-21 06:00:00,"[23, 24, 25, 26, 27, 28, 29, 30, 31, 32, 33, 34, 35, 36, 37, 38, 39, 40, 41, 42, 43, 44, 45, 46, 47, 48, 49, 50]","[9, 10, 11, 12, 13, 14, 15, 16, 17, 18, 19, 20, 21, 22]",35,71,7001.809869354931,8100.150548509761,7795.730722566398,True,heldout_improvement,0.024225178989581764,2.205524651799351e-11,2.1365374999999935,B
51,2025-02-21,2025-02-21 12:00:00,12,51,70,2025-02-21 12:00:00,2025-02-21 12:00:00,"[23, 24, 25, 26, 27, 28, 29, 30, 31, 32, 33, 34, 35, 36, 37, 38, 39, 40, 41, 42, 43, 44, 45, 46, 47, 48, 49, 50]","[9, 10, 11, 12, 13, 14, 15, 16, 17, 18, 19, 20, 21, 22]",71,107,7670.758780308642,7058.444476107089,7109.868249627581,False,keep_no_improvement_or_insufficient_history,0.03427561302669346,1.8189894035458565e-12,-11.001670833333339,B
51,2025-02-21,2025-02-21 18:00:00,18,51,106,2025-02-21 18:00:00,2025-02-21 18:00:00,"[23, 24, 25, 26, 27, 28, 29, 30, 31, 32, 33, 34, 35, 36, 37, 38, 39, 40, 41, 42, 43, 44, 45, 46, 47, 48, 49, 50]","[9, 10, 11, 12, 13, 14, 15, 16, 17, 18, 19, 20, 21, 22]",107,144,10467.466919148146,4461.037382550708,4484.770020375962,False,keep_no_improvement_or_insufficient_history,0.011844573018606752,0.0,-1.581525000000056,B
52,2025-02-22,2025-02-22 06:00:00,6,52,34,2025-02-22 06:00:00,2025-02-22 06:00:00,"[24, 25, 26, 27, 28, 29, 30, 31, 32, 33, 34, 35, 36, 37, 38, 39, 40, 41, 42, 43, 44, 45, 46, 47, 48, 49, 50, 51]","[10, 11, 12, 13, 14, 15, 16, 17, 18, 19, 20, 21, 22, 23]",35,71,6652.216318166666,8245.447390651172,8230.606518123755,True,heldout_improvement,0.03176526498282328,2.2737367544323206e-12,-12.26348333333332,B
52,2025-02-22,2025-02-22 12:00:00,12,52,70,2025-02-22 12:00:00,2025-02-22 12:00:00,"[24, 25, 26, 27, 28, 29, 30, 31, 32, 33, 34, 35, 36, 37, 38, 39, 40, 41, 42, 43, 44, 45, 46, 47, 48, 49, 50, 51]","[10, 11, 12, 13, 14, 15, 16, 17, 18, 19, 20, 21, 22, 23]",71,107,6581.4501599999985,11372.687086844042,9037.493808265948,True,heldout_improvement,0.019181034003850073,1.8189894035458565e-12,12.82214583333329,B
52,2025-02-22,2025-02-22 18:00:00,18,52,106,2025-02-22 18:00:00,2025-02-22 18:00:00,"[24, 25, 26, 27, 28, 29, 30, 31, 32, 33, 34, 35, 36, 37, 38, 39, 40, 41, 42, 43, 44, 45, 46, 47, 48, 49, 50, 51]","[10, 11, 12, 13, 14, 15, 16, 17, 18, 19, 20, 21, 22, 23]",107,144,10731.174482226079,4111.892176626852,4111.892176626852,False,keep_no_improvement_or_insufficient_history,0.011154024978168309,2.2737367544323206e-13,-3.4339666666666817,B
53,2025-02-23,2025-02-23 06:00:00,6,53,34,2025-02-23 06:00:00,2025-02-23 06:00:00,"[25, 26, 27, 28, 29, 30, 31, 32, 33, 34, 35, 36, 37, 38, 39, 40, 41, 42, 43, 44, 45, 46, 47, 48, 49, 50, 51, 52]","[11, 12, 13, 14, 15, 16, 17, 18, 19, 20, 21, 22, 23, 24]",35,71,10800.0,38638.873108812324,38265.10906089326,True,heldout_improvement,0.01800963399000466,1.8189894035458565e-12,-0.26841250000002975,B
53,2025-02-23,2025-02-23 12:00:00,12,53,70,2025-02-23 12:00:00,2025-02-23 12:00:00,"[25, 26, 27, 28, 29, 30, 31, 32, 33, 34, 35, 36, 37, 38, 39, 40, 41, 42, 43, 44, 45, 46, 47, 48, 49, 50, 51, 52]","[11, 12, 13, 14, 15, 16, 17, 18, 19, 20, 21, 22, 23, 24]",71,107,6746.607299524685,25584.783183247084,25357.244480884543,True,heldout_improvement,0.03415127098560333,1.8189894035458565e-12,0.7847708333333684,B
53,2025-02-23,2025-02-23 18:00:00,18,53,106,2025-02-23 18:00:00,2025-02-23 18:00:00,"[25, 26, 27, 28, 29, 30, 31, 32, 33, 34, 35, 36, 37, 38, 39, 40, 41, 42, 43, 44, 45, 46, 47, 48, 49, 50, 51, 52]","[11, 12, 13, 14, 15, 16, 17, 18, 19, 20, 21, 22, 23, 24]",107,144,10800.0,12169.72362058521,12169.098918543561,True,heldout_improvement,0.011230603966396302,4.085620730620576e-13,-3.2092958333332717,B
54,2025-02-24,2025-02-24 06:00:00,6,54,34,2025-02-24 06:00:00,2025-02-24 06:00:00,"[26, 27, 28, 29, 30, 31, 32, 33, 34, 35, 36, 37, 38, 39, 40, 41, 42, 43, 44, 45, 46, 47, 48, 49, 50, 51, 52, 53]","[12, 13, 14, 15, 16, 17, 18, 19, 20, 21, 22, 23, 24, 25]",35,71,10800.0,32670.634704819317,32291.798289313156,True,heldout_improvement,0.0407254520105198,1.8189894035458565e-12,-24.069483333333324,B
54,2025-02-24,2025-02-24 12:00:00,12,54,70,2025-02-24 12:00:00,2025-02-24 12:00:00,"[26, 27, 28, 29, 30, 31, 32, 33, 34, 35, 36, 37, 38, 39, 40, 41, 42, 43, 44, 45, 46, 47, 48, 49, 50, 51, 52, 53]","[12, 13, 14, 15, 16, 17, 18, 19, 20, 21, 22, 23, 24, 25]",71,107,5864.005108914353,26212.069963869577,25965.396491334133,True,heldout_improvement,0.025777103030122817,1.1368683772161603e-12,1.8054916666667395,B
54,2025-02-24,2025-02-24 18:00:00,18,54,106,2025-02-24 18:00:00,2025-02-24 18:00:00,"[26, 27, 28, 29, 30, 31, 32, 33, 34, 35, 36, 37, 38, 39, 40, 41, 42, 43, 44, 45, 46, 47, 48, 49, 50, 51, 52, 53]","[12, 13, 14, 15, 16, 17, 18, 19, 20, 21, 22, 23, 24, 25]",107,144,10729.29123422994,14008.420665643935,13259.454884935956,True,heldout_improvement,0.012650881020817906,2.2737367544323206e-13,13.757991666666612,B
55,2025-02-25,2025-02-25 06:00:00,6,55,34,2025-02-25 06:00:00,2025-02-25 06:00:00,"[27, 28, 29, 30, 31, 32, 33, 34, 35, 36, 37, 38, 39, 40, 41, 42, 43, 44, 45, 46, 47, 48, 49, 50, 51, 52, 53, 54]","[13, 14, 15, 16, 17, 18, 19, 20, 21, 22, 23, 24, 25, 26]",35,71,10769.010622222222,36304.785361819675,35859.49204283058,True,heldout_improvement,0.0331240959931165,1.8189894035458565e-12,-11.559058333333343,B
55,2025-02-25,2025-02-25 12:00:00,12,55,70,2025-02-25 12:00:00,2025-02-25 12:00:00,"[27, 28, 29, 30, 31, 32, 33, 34, 35, 36, 37, 38, 39, 40, 41, 42, 43, 44, 45, 46, 47, 48, 49, 50, 51, 52, 53, 54]","[13, 14, 15, 16, 17, 18, 19, 20, 21, 22, 23, 24, 25, 26]",71,107,6778.030082131949,25795.776059884294,25235.491201523702,True,heldout_improvement,0.028320557030383497,1.8189894035458565e-12,5.153308333333371,B
55,2025-02-25,2025-02-25 18:00:00,18,55,106,2025-02-25 18:00:00,2025-02-25 18:00:00,"[27, 28, 29, 30, 31, 32, 33, 34, 35, 36, 37, 38, 39, 40, 41, 42, 43, 44, 45, 46, 47, 48, 49, 50, 51, 52, 53, 54]","[13, 14, 15, 16, 17, 18, 19, 20, 21, 22, 23, 24, 25, 26]",107,144,10791.26677824074,12909.925338269572,12688.63048857571,True,heldout_improvement,0.012085361988283694,0.0,3.8327708333333703,B
56,2025-02-26,2025-02-26 06:00:00,6,56,34,2025-02-26 06:00:00,2025-02-26 06:00:00,"[28, 29, 30, 31, 32, 33, 34, 35, 36, 37, 38, 39, 40, 41, 42, 43, 44, 45, 46, 47, 48, 49, 50, 51, 52, 53, 54, 55]","[14, 15, 16, 17, 18, 19, 20, 21, 22, 23, 24, 25, 26, 27]",35,71,10762.463953703704,31244.729940152516,31252.169863393287,False,keep_no_improvement_or_insufficient_history,0.029013356019277126,1.8189894035458565e-12,-0.9542374999999765,B
56,2025-02-26,2025-02-26 12:00:00,12,56,70,2025-02-26 12:00:00,2025-02-26 12:00:00,"[28, 29, 30, 31, 32, 33, 34, 35, 36, 37, 38, 39, 40, 41, 42, 43, 44, 45, 46, 47, 48, 49, 50, 51, 52, 53, 54, 55]","[14, 15, 16, 17, 18, 19, 20, 21, 22, 23, 24, 25, 26, 27]",71,107,6789.20724875925,27578.677941807317,26338.35048845442,True,heldout_improvement,0.030671400018036366,1.8189894035458565e-12,2.1670833333333426,B
56,2025-02-26,2025-02-26 18:00:00,18,56,106,2025-02-26 18:00:00,2025-02-26 18:00:00,"[28, 29, 30, 31, 32, 33, 34, 35, 36, 37, 38, 39, 40, 41, 42, 43, 44, 45, 46, 47, 48, 49, 50, 51, 52, 53, 54, 55]","[14, 15, 16, 17, 18, 19, 20, 21, 22, 23, 24, 25, 26, 27]",107,144,10759.1534625,12860.141031273213,12744.973161318092,True,heldout_improvement,0.011704979988280684,9.094947017729282e-13,4.362970833333217,B
57,2025-02-27,2025-02-27 06:00:00,6,57,34,2025-02-27 06:00:00,2025-02-27 06:00:00,"[29, 30, 31, 32, 33, 34, 35, 36, 37, 38, 39, 40, 41, 42, 43, 44, 45, 46, 47, 48, 49, 50, 51, 52, 53, 54, 55, 56]","[15, 16, 17, 18, 19, 20, 21, 22, 23, 24, 25, 26, 27, 28]",35,71,10797.9119,29617.71522882954,29867.7510223888,False,keep_no_improvement_or_insufficient_history,0.031505630002357066,2.7284841053187847e-12,-22.727266666666686,B
57,2025-02-27,2025-02-27 12:00:00,12,57,70,2025-02-27 12:00:00,2025-02-27 12:00:00,"[29, 30, 31, 32, 33, 34, 35, 36, 37, 38, 39, 40, 41, 42, 43, 44, 45, 46, 47, 48, 49, 50, 51, 52, 53, 54, 55, 56]","[15, 16, 17, 18, 19, 20, 21, 22, 23, 24, 25, 26, 27, 28]",71,107,6043.73592,24140.490788556937,23804.06493587399,True,heldout_improvement,0.026241256040520966,1.8189894035458565e-12,-18.34788750000007,B
57,2025-02-27,2025-02-27 18:00:00,18,57,106,2025-02-27 18:00:00,2025-02-27 18:00:00,"[29, 30, 31, 32, 33, 34, 35, 36, 37, 38, 39, 40, 41, 42, 43, 44, 45, 46, 47, 48, 49, 50, 51, 52, 53, 54, 55, 56]","[15, 16, 17, 18, 19, 20, 21, 22, 23, 24, 25, 26, 27, 28]",107,144,10418.905789309963,13650.866856151999,12903.07307144011,True,heldout_improvement,0.011466723983176053,9.094947017729282e-13,0.017862499999940495,B
58,2025-02-28,2025-02-28 06:00:00,6,58,34,2025-02-28 06:00:00,2025-02-28 06:00:00,"[30, 31, 32, 33, 34, 35, 36, 37, 38, 39, 40, 41, 42, 43, 44, 45, 46, 47, 48, 49, 50, 51, 52, 53, 54, 55, 56, 57]","[16, 17, 18, 19, 20, 21, 22, 23, 24, 25, 26, 27, 28, 29]",35,71,6816.19111525278,7256.108218898249,7375.483018100346,False,keep_no_improvement_or_insufficient_history,0.04566712799714878,1.9426941058750394e-12,8.455000000000002,B
58,2025-02-28,2025-02-28 12:00:00,12,58,70,2025-02-28 12:00:00,2025-02-28 12:00:00,"[30, 31, 32, 33, 34, 35, 36, 37, 38, 39, 40, 41, 42, 43, 44, 45, 46, 47, 48, 49, 50, 51, 52, 53, 54, 55, 56, 57]","[16, 17, 18, 19, 20, 21, 22, 23, 24, 25, 26, 27, 28, 29]",71,107,8730.82787340093,7461.94504345362,7780.666804730905,False,keep_no_improvement_or_insufficient_history,0.02089847798924893,1.4779288903810084e-12,3.4241666666666406,B
58,2025-02-28,2025-02-28 18:00:00,18,58,106,2025-02-28 18:00:00,2025-02-28 18:00:00,"[30, 31, 32, 33, 34, 35, 36, 37, 38, 39, 40, 41, 42, 43, 44, 45, 46, 47, 48, 49, 50, 51, 52, 53, 54, 55, 56, 57]","[16, 17, 18, 19, 20, 21, 22, 23, 24, 25, 26, 27, 28, 29]",107,144,10468.096083260627,3874.1081139319613,3874.666482462158,False,keep_no_improvement_or_insufficient_history,0.012737571028992534,0.0,-14.772504166666636,B
59,2025-03-01,2025-03-01 06:00:00,6,59,34,2025-03-01 06:00:00,2025-03-01 06:00:00,"[31, 32, 33, 34, 35, 36, 37, 38, 39, 40, 41, 42, 43, 44, 45, 46, 47, 48, 49, 50, 51, 52, 53, 54, 55, 56, 57, 58]","[17, 18, 19, 20, 21, 22, 23, 24, 25, 26, 27, 28, 29, 30]",35,71,7365.8160895,6065.593852661931,6065.593852661931,False,keep_no_improvement_or_insufficient_history,0.05958607204956934,1.8189894035458565e-12,-48.80311666666667,B
59,2025-03-01,2025-03-01 12:00:00,12,59,70,2025-03-01 12:00:00,2025-03-01 12:00:00,"[31, 32, 33, 34, 35, 36, 37, 38, 39, 40, 41, 42, 43, 44, 45, 46, 47, 48, 49, 50, 51, 52, 53, 54, 55, 56, 57, 58]","[17, 18, 19, 20, 21, 22, 23, 24, 25, 26, 27, 28, 29, 30]",71,107,7885.2278691296315,6446.693791918277,6417.040339791488,True,heldout_improvement,0.02920958900358528,3.0127011996228248e-12,-33.01529583333335,B
59,2025-03-01,2025-03-01 18:00:00,18,59,106,2025-03-01 18:00:00,2025-03-01 18:00:00,"[31, 32, 33, 34, 35, 36, 37, 38, 39, 40, 41, 42, 43, 44, 45, 46, 47, 48, 49, 50, 51, 52, 53, 54, 55, 56, 57, 58]","[17, 18, 19, 20, 21, 22, 23, 24, 25, 26, 27, 28, 29, 30]",107,144,9872.111639564815,6271.169077305692,5202.4307032666675,True,heldout_improvement,0.012117740989197046,0.0,-5.654712500000035,B
60,2025-03-02,2025-03-02 06:00:00,6,60,34,2025-03-02 06:00:00,2025-03-02 06:00:00,"[32, 33, 34, 35, 36, 37, 38, 39, 40, 41, 42, 43, 44, 45, 46, 47, 48, 49, 50, 51, 52, 53, 54, 55, 56, 57, 58, 59]","[18, 19, 20, 21, 22, 23, 24, 25, 26, 27, 28, 29, 30, 31]",35,71,10800.0,44048.958681598815,38391.982969959565,True,heldout_improvement,0.024204210028983653,1.4779288903810084e-12,-50.2005333333334,B
60,2025-03-02,2025-03-02 12:00:00,12,60,70,2025-03-02 12:00:00,2025-03-02 12:00:00,"[32, 33, 34, 35, 36, 37, 38, 39, 40, 41, 42, 43, 44, 45, 46, 47, 48, 49, 50, 51, 52, 53, 54, 55, 56, 57, 58, 59]","[18, 19, 20, 21, 22, 23, 24, 25, 26, 27, 28, 29, 30, 31]",71,107,9384.958310884289,24463.598216142953,24000.36538383696,True,heldout_improvement,0.023265380994416773,5.002220859751105e-12,-63.834583333333434,B
60,2025-03-02,2025-03-02 18:00:00,18,60,106,2025-03-02 18:00:00,2025-03-02 18:00:00,"[32, 33, 34, 35, 36, 37, 38, 39, 40, 41, 42, 43, 44, 45, 46, 47, 48, 49, 50, 51, 52, 53, 54, 55, 56, 57, 58, 59]","[18, 19, 20, 21, 22, 23, 24, 25, 26, 27, 28, 29, 30, 31]",107,144,8845.903958437497,24016.293981499166,15865.471078538641,True,heldout_improvement,0.011106650985311717,9.094947017729282e-13,2.6892166666666526,B
61,2025-03-03,2025-03-03 06:00:00,6,61,34,2025-03-03 06:00:00,2025-03-03 06:00:00,"[33, 34, 35, 36, 37, 38, 39, 40, 41, 42, 43, 44, 45, 46, 47, 48, 49, 50, 51, 52, 53, 54, 55, 56, 57, 58, 59, 60]","[19, 20, 21, 22, 23, 24, 25, 26, 27, 28, 29, 30, 31, 32]",35,71,10800.0,32224.61446000841,32201.25789218953,True,heldout_improvement,0.014978144026827067,1.8189894035458565e-12,-48.99596666666669,B
61,2025-03-03,2025-03-03 12:00:00,12,61,70,2025-03-03 12:00:00,2025-03-03 12:00:00,"[33, 34, 35, 36, 37, 38, 39, 40, 41, 42, 43, 44, 45, 46, 47, 48, 49, 50, 51, 52, 53, 54, 55, 56, 57, 58, 59, 60]","[19, 20, 21, 22, 23, 24, 25, 26, 27, 28, 29, 30, 31, 32]",71,107,5091.918397639658,26195.66784344844,25922.234807593923,True,heldout_improvement,0.04254758299794048,1.8189894035458565e-12,-39.681287499999975,B
61,2025-03-03,2025-03-03 18:00:00,18,61,106,2025-03-03 18:00:00,2025-03-03 18:00:00,"[33, 34, 35, 36, 37, 38, 39, 40, 41, 42, 43, 44, 45, 46, 47, 48, 49, 50, 51, 52, 53, 54, 55, 56, 57, 58, 59, 60]","[19, 20, 21, 22, 23, 24, 25, 26, 27, 28, 29, 30, 31, 32]",107,144,9662.927192640447,18511.22357382254,14206.791065282852,True,heldout_improvement,0.011866574990563095,2.2737367544323206e-13,-0.8634875000000193,B
62,2025-03-04,2025-03-04 06:00:00,6,62,34,2025-03-04 06:00:00,2025-03-04 06:00:00,"[34, 35, 36, 37, 38, 39, 40, 41, 42, 43, 44, 45, 46, 47, 48, 49, 50, 51, 52, 53, 54, 55, 56, 57, 58, 59, 60, 61]","[20, 21, 22, 23, 24, 25, 26, 27, 28, 29, 30, 31, 32, 33]",35,71,10566.94178669805,35069.89977252492,34390.03545100668,True,heldout_improvement,0.03658357699168846,1.8189894035458565e-12,-31.806304166666678,B
62,2025-03-04,2025-03-04 12:00:00,12,62,70,2025-03-04 12:00:00,2025-03-04 12:00:00,"[34, 35, 36, 37, 38, 39, 40, 41, 42, 43, 44, 45, 46, 47, 48, 49, 50, 51, 52, 53, 54, 55, 56, 57, 58, 59, 60, 61]","[20, 21, 22, 23, 24, 25, 26, 27, 28, 29, 30, 31, 32, 33]",71,107,4562.704585355383,27077.584363545622,25781.98747365693,True,heldout_improvement,0.035420628963038325,1.8189894035458565e-12,-50.09497499999998,B
62,2025-03-04,2025-03-04 18:00:00,18,62,106,2025-03-04 18:00:00,2025-03-04 18:00:00,"[34, 35, 36, 37, 38, 39, 40, 41, 42, 43, 44, 45, 46, 47, 48, 49, 50, 51, 52, 53, 54, 55, 56, 57, 58, 59, 60, 61]","[20, 21, 22, 23, 24, 25, 26, 27, 28, 29, 30, 31, 32, 33]",107,144,8936.349925223876,19490.783745501914,14445.791260771346,True,heldout_improvement,0.013728401972912252,2.2737367544323206e-13,-22.686249999999973,B
63,2025-03-05,2025-03-05 06:00:00,6,63,34,2025-03-05 06:00:00,2025-03-05 06:00:00,"[35, 36, 37, 38, 39, 40, 41, 42, 43, 44, 45, 46, 47, 48, 49, 50, 51, 52, 53, 54, 55, 56, 57, 58, 59, 60, 61, 62]","[21, 22, 23, 24, 25, 26, 27, 28, 29, 30, 31, 32, 33, 34]",35,71,10481.827492318007,34249.7341883212,32919.2823172835,True,heldout_improvement,0.0341849600081332,1.8189894035458565e-12,-41.347187499999976,B
63,2025-03-05,2025-03-05 12:00:00,12,63,70,2025-03-05 12:00:00,2025-03-05 12:00:00,"[35, 36, 37, 38, 39, 40, 41, 42, 43, 44, 45, 46, 47, 48, 49, 50, 51, 52, 53, 54, 55, 56, 57, 58, 59, 60, 61, 62]","[21, 22, 23, 24, 25, 26, 27, 28, 29, 30, 31, 32, 33, 34]",71,107,5715.366790324847,25895.474341338773,24918.645459642055,True,heldout_improvement,0.02216689399210736,1.8189894035458565e-12,-42.33535416666662,B
63,2025-03-05,2025-03-05 18:00:00,18,63,106,2025-03-05 18:00:00,2025-03-05 18:00:00,"[35, 36, 37, 38, 39, 40, 41, 42, 43, 44, 45, 46, 47, 48, 49, 50, 51, 52, 53, 54, 55, 56, 57, 58, 59, 60, 61, 62]","[21, 22, 23, 24, 25, 26, 27, 28, 29, 30, 31, 32, 33, 34]",107,144,8799.589450237656,23446.535545750958,15735.0192201675,True,heldout_improvement,0.015254092984832823,4.547473508864641e-13,-4.5991874999998945,B
64,2025-03-06,2025-03-06 06:00:00,6,64,34,2025-03-06 06:00:00,2025-03-06 06:00:00,"[36, 37, 38, 39, 40, 41, 42, 43, 44, 45, 46, 47, 48, 49, 50, 51, 52, 53, 54, 55, 56, 57, 58, 59, 60, 61, 62, 63]","[22, 23, 24, 25, 26, 27, 28, 29, 30, 31, 32, 33, 34, 35]",35,71,10800.0,31776.198108924284,30671.425877305952,True,heldout_improvement,0.030838977021630853,1.8189894035458565e-12,-37.34673333333334,B
64,2025-03-06,2025-03-06 12:00:00,12,64,70,2025-03-06 12:00:00,2025-03-06 12:00:00,"[36, 37, 38, 39, 40, 41, 42, 43, 44, 45, 46, 47, 48, 49, 50, 51, 52, 53, 54, 55, 56, 57, 58, 59, 60, 61, 62, 63]","[22, 23, 24, 25, 26, 27, 28, 29, 30, 31, 32, 33, 34, 35]",71,107,5749.191443555281,24486.71601138516,24184.241154807016,True,heldout_improvement,0.023061626008711755,1.8189894035458565e-12,-60.376766666666676,B
64,2025-03-06,2025-03-06 18:00:00,18,64,106,2025-03-06 18:00:00,2025-03-06 18:00:00,"[36, 37, 38, 39, 40, 41, 42, 43, 44, 45, 46, 47, 48, 49, 50, 51, 52, 53, 54, 55, 56, 57, 58, 59, 60, 61, 62, 63]","[22, 23, 24, 25, 26, 27, 28, 29, 30, 31, 32, 33, 34, 35]",107,144,8912.152239977626,23945.26949774588,16172.530391804732,True,heldout_improvement,0.011332406022120267,4.547473508864641e-13,16.320020833333274,B
65,2025-03-07,2025-03-07 06:00:00,6,65,34,2025-03-07 06:00:00,2025-03-07 06:00:00,"[37, 38, 39, 40, 41, 42, 43, 44, 45, 46, 47, 48, 49, 50, 51, 52, 53, 54, 55, 56, 57, 58, 59, 60, 61, 62, 63, 64]","[23, 24, 25, 26, 27, 28, 29, 30, 31, 32, 33, 34, 35, 36]",35,71,7572.0765137641665,6069.188054938187,6069.188054938187,False,keep_no_improvement_or_insufficient_history,0.0649186649825424,1.8189894035458565e-12,-46.56895000000001,B
65,2025-03-07,2025-03-07 12:00:00,12,65,70,2025-03-07 12:00:00,2025-03-07 12:00:00,"[37, 38, 39, 40, 41, 42, 43, 44, 45, 46, 47, 48, 49, 50, 51, 52, 53, 54, 55, 56, 57, 58, 59, 60, 61, 62, 63, 64]","[23, 24, 25, 26, 27, 28, 29, 30, 31, 32, 33, 34, 35, 36]",71,107,10800.0,5778.846032375057,5682.804432090096,True,heldout_improvement,0.011981333023868501,1.8189894035458565e-12,-62.317858333333334,B
65,2025-03-07,2025-03-07 18:00:00,18,65,106,2025-03-07 18:00:00,2025-03-07 18:00:00,"[37, 38, 39, 40, 41, 42, 43, 44, 45, 46, 47, 48, 49, 50, 51, 52, 53, 54, 55, 56, 57, 58, 59, 60, 61, 62, 63, 64]","[23, 24, 25, 26, 27, 28, 29, 30, 31, 32, 33, 34, 35, 36]",107,144,9700.396521408175,8226.026750276465,5770.3711666043355,True,heldout_improvement,0.011387738981284201,2.2737367544323206e-13,5.413333333333337,B
66,2025-03-08,2025-03-08 06:00:00,6,66,34,2025-03-08 06:00:00,2025-03-08 06:00:00,"[38, 39, 40, 41, 42, 43, 44, 45, 46, 47, 48, 49, 50, 51, 52, 53, 54, 55, 56, 57, 58, 59, 60, 61, 62, 63, 64, 65]","[24, 25, 26, 27, 28, 29, 30, 31, 32, 33, 34, 35, 36, 37]",35,71,6424.856273468371,7635.918463000227,7635.918463000227,False,keep_no_improvement_or_insufficient_history,0.03846812597475946,8.526512829121202e-12,-12.727470833333275,B
66,2025-03-08,2025-03-08 12:00:00,12,66,70,2025-03-08 12:00:00,2025-03-08 12:00:00,"[38, 39, 40, 41, 42, 43, 44, 45, 46, 47, 48, 49, 50, 51, 52, 53, 54, 55, 56, 57, 58, 59, 60, 61, 62, 63, 64, 65]","[24, 25, 26, 27, 28, 29, 30, 31, 32, 33, 34, 35, 36, 37]",71,107,10470.831840320221,6644.1196410352595,6645.9779692253915,False,keep_no_improvement_or_insufficient_history,0.03374657197855413,1.8189894035458565e-12,-27.473716666666668,B
66,2025-03-08,2025-03-08 18:00:00,18,66,106,2025-03-08 18:00:00,2025-03-08 18:00:00,"[38, 39, 40, 41, 42, 43, 44, 45, 46, 47, 48, 49, 50, 51, 52, 53, 54, 55, 56, 57, 58, 59, 60, 61, 62, 63, 64, 65]","[24, 25, 26, 27, 28, 29, 30, 31, 32, 33, 34, 35, 36, 37]",107,144,10493.760010129628,3939.8268531269828,3943.2118656717566,False,keep_no_improvement_or_insufficient_history,0.011758345004636794,0.0,-10.42833333333336,B
67,2025-03-09,2025-03-09 06:00:00,6,67,34,2025-03-09 06:00:00,2025-03-09 06:00:00,"[39, 40, 41, 42, 43, 44, 45, 46, 47, 48, 49, 50, 51, 52, 53, 54, 55, 56, 57, 58, 59, 60, 61, 62, 63, 64, 65, 66]","[25, 26, 27, 28, 29, 30, 31, 32, 33, 34, 35, 36, 37, 38]",35,71,10800.0,30409.939079257467,28964.30820662992,True,heldout_improvement,0.02872974000638351,4.3087311496492475e-11,-36.80068333333334,B
67,2025-03-09,2025-03-09 12:00:00,12,67,70,2025-03-09 12:00:00,2025-03-09 12:00:00,"[39, 40, 41, 42, 43, 44, 45, 46, 47, 48, 49, 50, 51, 52, 53, 54, 55, 56, 57, 58, 59, 60, 61, 62, 63, 64, 65, 66]","[25, 26, 27, 28, 29, 30, 31, 32, 33, 34, 35, 36, 37, 38]",71,107,2462.622560528546,27878.396710508358,26562.157786299413,True,heldout_improvement,0.027473249996546656,1.8189894035458565e-12,-29.480491666666616,B
67,2025-03-09,2025-03-09 18:00:00,18,67,106,2025-03-09 18:00:00,2025-03-09 18:00:00,"[39, 40, 41, 42, 43, 44, 45, 46, 47, 48, 49, 50, 51, 52, 53, 54, 55, 56, 57, 58, 59, 60, 61, 62, 63, 64, 65, 66]","[25, 26, 27, 28, 29, 30, 31, 32, 33, 34, 35, 36, 37, 38]",107,144,10697.589145590999,12315.169658355368,12388.059153593893,False,keep_no_improvement_or_insufficient_history,0.011907926003914326,9.094947017729282e-13,-1.2203666666667536,B
68,2025-03-10,2025-03-10 06:00:00,6,68,34,2025-03-10 06:00:00,2025-03-10 06:00:00,"[40, 41, 42, 43, 44, 45, 46, 47, 48, 49, 50, 51, 52, 53, 54, 55, 56, 57, 58, 59, 60, 61, 62, 63, 64, 65, 66, 67]","[26, 27, 28, 29, 30, 31, 32, 33, 34, 35, 36, 37, 38, 39]",35,71,9777.654025998392,32644.285330882754,33683.47748343729,False,keep_no_improvement_or_insufficient_history,0.021855339989997447,1.8189894035458565e-12,-8.244208333333365,B
68,2025-03-10,2025-03-10 12:00:00,12,68,70,2025-03-10 12:00:00,2025-03-10 12:00:00,"[40, 41, 42, 43, 44, 45, 46, 47, 48, 49, 50, 51, 52, 53, 54, 55, 56, 57, 58, 59, 60, 61, 62, 63, 64, 65, 66, 67]","[26, 27, 28, 29, 30, 31, 32, 33, 34, 35, 36, 37, 38, 39]",71,107,6190.172921173579,24418.689086799193,24500.276050099965,False,keep_no_improvement_or_insufficient_history,0.020473056996706873,7.73070496506989e-12,-27.451762500000008,B
68,2025-03-10,2025-03-10 18:00:00,18,68,106,2025-03-10 18:00:00,2025-03-10 18:00:00,"[40, 41, 42, 43, 44, 45, 46, 47, 48, 49, 50, 51, 52, 53, 54, 55, 56, 57, 58, 59, 60, 61, 62, 63, 64, 65, 66, 67]","[26, 27, 28, 29, 30, 31, 32, 33, 34, 35, 36, 37, 38, 39]",107,144,10497.788657933948,12597.991363498053,12574.690690991843,True,heldout_improvement,0.012022855982650071,2.2737367544323206e-13,-5.040354166666626,B
69,2025-03-11,2025-03-11 06:00:00,6,69,34,2025-03-11 06:00:00,2025-03-11 06:00:00,"[41, 42, 43, 44, 45, 46, 47, 48, 49, 50, 51, 52, 53, 54, 55, 56, 57, 58, 59, 60, 61, 62, 63, 64, 65, 66, 67, 68]","[27, 28, 29, 30, 31, 32, 33, 34, 35, 36, 37, 38, 39, 40]",35,71,10425.46066941717,33432.321458312836,33054.24626217629,True,heldout_improvement,0.039083480020053685,1.8189894035458565e-12,-19.62737499999999,B
69,2025-03-11,2025-03-11 12:00:00,12,69,70,2025-03-11 12:00:00,2025-03-11 12:00:00,"[41, 42, 43, 44, 45, 46, 47, 48, 49, 50, 51, 52, 53, 54, 55, 56, 57, 58, 59, 60, 61, 62, 63, 64, 65, 66, 67, 68]","[27, 28, 29, 30, 31, 32, 33, 34, 35, 36, 37, 38, 39, 40]",71,107,6565.371555362653,26495.645570593308,25520.97074181643,True,heldout_improvement,0.030628749984316528,1.8189894035458565e-12,-15.063579166666688,B
69,2025-03-11,2025-03-11 18:00:00,18,69,106,2025-03-11 18:00:00,2025-03-11 18:00:00,"[41, 42, 43, 44, 45, 46, 47, 48, 49, 50, 51, 52, 53, 54, 55, 56, 57, 58, 59, 60, 61, 62, 63, 64, 65, 66, 67, 68]","[27, 28, 29, 30, 31, 32, 33, 34, 35, 36, 37, 38, 39, 40]",107,144,10319.922688143517,13050.486240195256,13021.48571646691,True,heldout_improvement,0.01096519996644929,9.094947017729282e-13,3.336979166666727,B
70,2025-03-12,2025-03-12 06:00:00,6,70,34,2025-03-12 06:00:00,2025-03-12 06:00:00,"[42, 43, 44, 45, 46, 47, 48, 49, 50, 51, 52, 53, 54, 55, 56, 57, 58, 59, 60, 61, 62, 63, 64, 65, 66, 67, 68, 69]","[28, 29, 30, 31, 32, 33, 34, 35, 36, 37, 38, 39, 40, 41]",35,71,10165.05289020244,30875.56971195481,29544.474985368925,True,heldout_improvement,0.030546578986104578,1.2789769243681803e-10,-21.87744166666664,B
70,2025-03-12,2025-03-12 12:00:00,12,70,70,2025-03-12 12:00:00,2025-03-12 12:00:00,"[42, 43, 44, 45, 46, 47, 48, 49, 50, 51, 52, 53, 54, 55, 56, 57, 58, 59, 60, 61, 62, 63, 64, 65, 66, 67, 68, 69]","[28, 29, 30, 31, 32, 33, 34, 35, 36, 37, 38, 39, 40, 41]",71,107,3685.043671288582,25047.111465618822,25253.115895901126,False,keep_no_improvement_or_insufficient_history,0.03116380498977378,1.8189894035458565e-12,-32.40322500000002,B
70,2025-03-12,2025-03-12 18:00:00,18,70,106,2025-03-12 18:00:00,2025-03-12 18:00:00,"[42, 43, 44, 45, 46, 47, 48, 49, 50, 51, 52, 53, 54, 55, 56, 57, 58, 59, 60, 61, 62, 63, 64, 65, 66, 67, 68, 69]","[28, 29, 30, 31, 32, 33, 34, 35, 36, 37, 38, 39, 40, 41]",107,144,10021.616797696466,16842.2858071157,13912.792633499992,True,heldout_improvement,0.012934117985423654,0.0,-0.3191166666666352,B
71,2025-03-13,2025-03-13 06:00:00,6,71,34,2025-03-13 06:00:00,2025-03-13 06:00:00,"[43, 44, 45, 46, 47, 48, 49, 50, 51, 52, 53, 54, 55, 56, 57, 58, 59, 60, 61, 62, 63, 64, 65, 66, 67, 68, 69, 70]","[29, 30, 31, 32, 33, 34, 35, 36, 37, 38, 39, 40, 41, 42]",35,71,10763.787711111112,40694.14668723119,33409.55165137819,True,heldout_improvement,0.024483806977514178,2.8137492336099967e-12,-26.096137499999976,B
71,2025-03-13,2025-03-13 12:00:00,12,71,70,2025-03-13 12:00:00,2025-03-13 12:00:00,"[43, 44, 45, 46, 47, 48, 49, 50, 51, 52, 53, 54, 55, 56, 57, 58, 59, 60, 61, 62, 63, 64, 65, 66, 67, 68, 69, 70]","[29, 30, 31, 32, 33, 34, 35, 36, 37, 38, 39, 40, 41, 42]",71,107,8336.013513588365,26387.43543887961,25801.266770060593,True,heldout_improvement,0.026094202999956906,4.547473508864641e-13,-8.41260833333331,B
71,2025-03-13,2025-03-13 18:00:00,18,71,106,2025-03-13 18:00:00,2025-03-13 18:00:00,"[43, 44, 45, 46, 47, 48, 49, 50, 51, 52, 53, 54, 55, 56, 57, 58, 59, 60, 61, 62, 63, 64, 65, 66, 67, 68, 69, 70]","[29, 30, 31, 32, 33, 34, 35, 36, 37, 38, 39, 40, 41, 42]",107,144,10800.0,12119.42170600178,12332.271021347116,False,keep_no_improvement_or_insufficient_history,0.011746189964469522,1.6129320101754274e-12,-5.031220833333236,B
72,2025-03-14,2025-03-14 06:00:00,6,72,34,2025-03-14 06:00:00,2025-03-14 06:00:00,"[44, 45, 46, 47, 48, 49, 50, 51, 52, 53, 54, 55, 56, 57, 58, 59, 60, 61, 62, 63, 64, 65, 66, 67, 68, 69, 70, 71]","[30, 31, 32, 33, 34, 35, 36, 37, 38, 39, 40, 41, 42, 43]",35,71,5265.972416259258,7372.0127160349375,7372.0127160349375,False,keep_no_improvement_or_insufficient_history,0.03548266104189679,1.382431946694851e-10,-20.862929166666692,B
72,2025-03-14,2025-03-14 12:00:00,12,72,70,2025-03-14 12:00:00,2025-03-14 12:00:00,"[44, 45, 46, 47, 48, 49, 50, 51, 52, 53, 54, 55, 56, 57, 58, 59, 60, 61, 62, 63, 64, 65, 66, 67, 68, 69, 70, 71]","[30, 31, 32, 33, 34, 35, 36, 37, 38, 39, 40, 41, 42, 43]",71,107,10800.0,6617.38434169386,6664.8380179950445,False,keep_no_improvement_or_insufficient_history,0.012714873009826988,9.094947017729282e-13,-28.842091666666683,B
72,2025-03-14,2025-03-14 18:00:00,18,72,106,2025-03-14 18:00:00,2025-03-14 18:00:00,"[44, 45, 46, 47, 48, 49, 50, 51, 52, 53, 54, 55, 56, 57, 58, 59, 60, 61, 62, 63, 64, 65, 66, 67, 68, 69, 70, 71]","[30, 31, 32, 33, 34, 35, 36, 37, 38, 39, 40, 41, 42, 43]",107,144,10372.61212104572,5969.805805413578,5332.408694052654,True,heldout_improvement,0.011927850020583719,0.0,13.87396666666666,B
73,2025-03-15,2025-03-15 06:00:00,6,73,34,2025-03-15 06:00:00,2025-03-15 06:00:00,"[45, 46, 47, 48, 49, 50, 51, 52, 53, 54, 55, 56, 57, 58, 59, 60, 61, 62, 63, 64, 65, 66, 67, 68, 69, 70, 71, 72]","[31, 32, 33, 34, 35, 36, 37, 38, 39, 40, 41, 42, 43, 44]",35,71,4974.0380717735325,7786.6553809614425,7786.6553809614425,False,keep_no_improvement_or_insufficient_history,0.029804052028339356,1.8189894035458565e-12,-15.562891666666701,B
73,2025-03-15,2025-03-15 12:00:00,12,73,70,2025-03-15 12:00:00,2025-03-15 12:00:00,"[45, 46, 47, 48, 49, 50, 51, 52, 53, 54, 55, 56, 57, 58, 59, 60, 61, 62, 63, 64, 65, 66, 67, 68, 69, 70, 71, 72]","[31, 32, 33, 34, 35, 36, 37, 38, 39, 40, 41, 42, 43, 44]",71,107,7846.283549999999,7448.337548218092,7454.689081475108,False,keep_no_improvement_or_insufficient_history,0.02008307899814099,1.8189894035458565e-12,-11.98683333333334,B
73,2025-03-15,2025-03-15 18:00:00,18,73,106,2025-03-15 18:00:00,2025-03-15 18:00:00,"[45, 46, 47, 48, 49, 50, 51, 52, 53, 54, 55, 56, 57, 58, 59, 60, 61, 62, 63, 64, 65, 66, 67, 68, 69, 70, 71, 72]","[31, 32, 33, 34, 35, 36, 37, 38, 39, 40, 41, 42, 43, 44]",107,144,10635.172352425927,4226.571214782926,4226.571214782926,False,keep_no_improvement_or_insufficient_history,0.011586982000153512,2.2737367544323206e-13,0.056287500000015145,B
74,2025-03-16,2025-03-16 06:00:00,6,74,34,2025-03-16 06:00:00,2025-03-16 06:00:00,"[46, 47, 48, 49, 50, 51, 52, 53, 54, 55, 56, 57, 58, 59, 60, 61, 62, 63, 64, 65, 66, 67, 68, 69, 70, 71, 72, 73]","[32, 33, 34, 35, 36, 37, 38, 39, 40, 41, 42, 43, 44, 45]",35,71,9676.585381962963,37049.6019991588,36176.36510300943,True,heldout_improvement,0.024001075013075024,1.8189894035458565e-12,-12.692041666666643,B
74,2025-03-16,2025-03-16 12:00:00,12,74,70,2025-03-16 12:00:00,2025-03-16 12:00:00,"[46, 47, 48, 49, 50, 51, 52, 53, 54, 55, 56, 57, 58, 59, 60, 61, 62, 63, 64, 65, 66, 67, 68, 69, 70, 71, 72, 73]","[32, 33, 34, 35, 36, 37, 38, 39, 40, 41, 42, 43, 44, 45]",71,107,7050.150397979938,30569.636940974826,28699.283270970227,True,heldout_improvement,0.014047869015485048,2.0463630789890885e-12,7.651066666666641,B
74,2025-03-16,2025-03-16 18:00:00,18,74,106,2025-03-16 18:00:00,2025-03-16 18:00:00,"[46, 47, 48, 49, 50, 51, 52, 53, 54, 55, 56, 57, 58, 59, 60, 61, 62, 63, 64, 65, 66, 67, 68, 69, 70, 71, 72, 73]","[32, 33, 34, 35, 36, 37, 38, 39, 40, 41, 42, 43, 44, 45]",107,144,10800.0,12628.308422182003,12627.539245200813,True,heldout_improvement,0.012289162026718259,7.247535904753022e-13,1.2980625000000903,B
75,2025-03-17,2025-03-17 06:00:00,6,75,34,2025-03-17 06:00:00,2025-03-17 06:00:00,"[47, 48, 49, 50, 51, 52, 53, 54, 55, 56, 57, 58, 59, 60, 61, 62, 63, 64, 65, 66, 67, 68, 69, 70, 71, 72, 73, 74]","[33, 34, 35, 36, 37, 38, 39, 40, 41, 42, 43, 44, 45, 46]",35,71,9968.871233608439,30804.86144440184,29245.948751816042,True,heldout_improvement,0.046146545035298914,8.060396794462577e-11,1.0091416666666646,B
75,2025-03-17,2025-03-17 12:00:00,12,75,70,2025-03-17 12:00:00,2025-03-17 12:00:00,"[47, 48, 49, 50, 51, 52, 53, 54, 55, 56, 57, 58, 59, 60, 61, 62, 63, 64, 65, 66, 67, 68, 69, 70, 71, 72, 73, 74]","[33, 34, 35, 36, 37, 38, 39, 40, 41, 42, 43, 44, 45, 46]",71,107,3909.777665138889,27468.71904795684,26776.72860847732,True,heldout_improvement,0.028115538007114083,1.8189894035458565e-12,-1.308958333333294,B
75,2025-03-17,2025-03-17 18:00:00,18,75,106,2025-03-17 18:00:00,2025-03-17 18:00:00,"[47, 48, 49, 50, 51, 52, 53, 54, 55, 56, 57, 58, 59, 60, 61, 62, 63, 64, 65, 66, 67, 68, 69, 70, 71, 72, 73, 74]","[33, 34, 35, 36, 37, 38, 39, 40, 41, 42, 43, 44, 45, 46]",107,144,10786.791810171297,12532.348107401998,13033.43394327466,False,keep_no_improvement_or_insufficient_history,0.012765978986863047,9.094947017729282e-13,2.4288333333333867,B
76,2025-03-18,2025-03-18 06:00:00,6,76,34,2025-03-18 06:00:00,2025-03-18 06:00:00,"[48, 49, 50, 51, 52, 53, 54, 55, 56, 57, 58, 59, 60, 61, 62, 63, 64, 65, 66, 67, 68, 69, 70, 71, 72, 73, 74, 75]","[34, 35, 36, 37, 38, 39, 40, 41, 42, 43, 44, 45, 46, 47]",35,71,10276.565885470114,31430.096471307672,30631.728507431977,True,heldout_improvement,0.021660600032191724,9.094947017729282e-13,-12.739400000000046,B
76,2025-03-18,2025-03-18 12:00:00,12,76,70,2025-03-18 12:00:00,2025-03-18 12:00:00,"[48, 49, 50, 51, 52, 53, 54, 55, 56, 57, 58, 59, 60, 61, 62, 63, 64, 65, 66, 67, 68, 69, 70, 71, 72, 73, 74, 75]","[34, 35, 36, 37, 38, 39, 40, 41, 42, 43, 44, 45, 46, 47]",71,107,6611.779997340279,25188.547390150303,24752.053518526278,True,heldout_improvement,0.025509016995783895,1.8189894035458565e-12,-9.941295833333317,B
76,2025-03-18,2025-03-18 18:00:00,18,76,106,2025-03-18 18:00:00,2025-03-18 18:00:00,"[48, 49, 50, 51, 52, 53, 54, 55, 56, 57, 58, 59, 60, 61, 62, 63, 64, 65, 66, 67, 68, 69, 70, 71, 72, 73, 74, 75]","[34, 35, 36, 37, 38, 39, 40, 41, 42, 43, 44, 45, 46, 47]",107,144,10800.0,12578.875576213875,12604.484198245642,False,keep_no_improvement_or_insufficient_history,0.015943899052217603,1.6143530956469476e-11,5.2399666666666835,B
77,2025-03-19,2025-03-19 06:00:00,6,77,34,2025-03-19 06:00:00,2025-03-19 06:00:00,"[49, 50, 51, 52, 53, 54, 55, 56, 57, 58, 59, 60, 61, 62, 63, 64, 65, 66, 67, 68, 69, 70, 71, 72, 73, 74, 75, 76]","[35, 36, 37, 38, 39, 40, 41, 42, 43, 44, 45, 46, 47, 48]",35,71,10800.0,32033.827664516844,31865.31186408719,True,heldout_improvement,0.03453558904584497,1.8189894035458565e-12,-10.405787499999974,B
77,2025-03-19,2025-03-19 12:00:00,12,77,70,2025-03-19 12:00:00,2025-03-19 12:00:00,"[49, 50, 51, 52, 53, 54, 55, 56, 57, 58, 59, 60, 61, 62, 63, 64, 65, 66, 67, 68, 69, 70, 71, 72, 73, 74, 75, 76]","[35, 36, 37, 38, 39, 40, 41, 42, 43, 44, 45, 46, 47, 48]",71,107,5580.250748834882,26171.215068160494,25271.42229031158,True,heldout_improvement,0.03324951999820769,1.8189894035458565e-12,-6.713883333333418,B
77,2025-03-19,2025-03-19 18:00:00,18,77,106,2025-03-19 18:00:00,2025-03-19 18:00:00,"[49, 50, 51, 52, 53, 54, 55, 56, 57, 58, 59, 60, 61, 62, 63, 64, 65, 66, 67, 68, 69, 70, 71, 72, 73, 74, 75, 76]","[35, 36, 37, 38, 39, 40, 41, 42, 43, 44, 45, 46, 47, 48]",107,144,10800.0,12640.372316007897,12617.325630835321,True,heldout_improvement,0.012009478989057243,1.8189894035458565e-12,4.0214874999999966,B
78,2025-03-20,2025-03-20 06:00:00,6,78,34,2025-03-20 06:00:00,2025-03-20 06:00:00,"[50, 51, 52, 53, 54, 55, 56, 57, 58, 59, 60, 61, 62, 63, 64, 65, 66, 67, 68, 69, 70, 71, 72, 73, 74, 75, 76, 77]","[36, 37, 38, 39, 40, 41, 42, 43, 44, 45, 46, 47, 48, 49]",35,71,10520.891844639315,27736.71655198973,28465.128029069016,False,keep_no_improvement_or_insufficient_history,0.04053309699520469,4.547473508864641e-13,-6.045445833333284,B
78,2025-03-20,2025-03-20 12:00:00,12,78,70,2025-03-20 12:00:00,2025-03-20 12:00:00,"[50, 51, 52, 53, 54, 55, 56, 57, 58, 59, 60, 61, 62, 63, 64, 65, 66, 67, 68, 69, 70, 71, 72, 73, 74, 75, 76, 77]","[36, 37, 38, 39, 40, 41, 42, 43, 44, 45, 46, 47, 48, 49]",71,107,4475.756108923717,36997.943044621745,28616.163062323292,True,heldout_improvement,0.023494784953072667,1.8189894035458565e-12,2.2703791666666953,B
78,2025-03-20,2025-03-20 18:00:00,18,78,106,2025-03-20 18:00:00,2025-03-20 18:00:00,"[50, 51, 52, 53, 54, 55, 56, 57, 58, 59, 60, 61, 62, 63, 64, 65, 66, 67, 68, 69, 70, 71, 72, 73, 74, 75, 76, 77]","[36, 37, 38, 39, 40, 41, 42, 43, 44, 45, 46, 47, 48, 49]",107,144,10800.0,12860.947092468825,12750.615955326211,True,heldout_improvement,0.012559622002299875,1.3393730569077889e-12,1.2539416666666814,B
79,2025-03-21,2025-03-21 06:00:00,6,79,34,2025-03-21 06:00:00,2025-03-21 06:00:00,"[51, 52, 53, 54, 55, 56, 57, 58, 59, 60, 61, 62, 63, 64, 65, 66, 67, 68, 69, 70, 71, 72, 73, 74, 75, 76, 77, 78]","[37, 38, 39, 40, 41, 42, 43, 44, 45, 46, 47, 48, 49, 50]",35,71,3759.7689576634466,10849.62452694388,8778.482824777535,True,heldout_improvement,0.024733377969823778,1.8189894035458565e-12,5.278774999999958,B
79,2025-03-21,2025-03-21 12:00:00,12,79,70,2025-03-21 12:00:00,2025-03-21 12:00:00,"[51, 52, 53, 54, 55, 56, 57, 58, 59, 60, 61, 62, 63, 64, 65, 66, 67, 68, 69, 70, 71, 72, 73, 74, 75, 76, 77, 78]","[37, 38, 39, 40, 41, 42, 43, 44, 45, 46, 47, 48, 49, 50]",71,107,10800.0,8451.64134492361,7788.839820768578,True,heldout_improvement,0.0275571959791705,9.094947017729282e-13,7.672737500000001,B
79,2025-03-21,2025-03-21 18:00:00,18,79,106,2025-03-21 18:00:00,2025-03-21 18:00:00,"[51, 52, 53, 54, 55, 56, 57, 58, 59, 60, 61, 62, 63, 64, 65, 66, 67, 68, 69, 70, 71, 72, 73, 74, 75, 76, 77, 78]","[37, 38, 39, 40, 41, 42, 43, 44, 45, 46, 47, 48, 49, 50]",107,144,10800.0,3773.2412365668943,3773.328990814595,False,keep_no_improvement_or_insufficient_history,0.012396685022395104,1.3642420526593924e-12,-4.174454166666654,B
80,2025-03-22,2025-03-22 06:00:00,6,80,34,2025-03-22 06:00:00,2025-03-22 06:00:00,"[52, 53, 54, 55, 56, 57, 58, 59, 60, 61, 62, 63, 64, 65, 66, 67, 68, 69, 70, 71, 72, 73, 74, 75, 76, 77, 78, 79]","[38, 39, 40, 41, 42, 43, 44, 45, 46, 47, 48, 49, 50, 51]",35,71,4532.58620844129,10373.937998226393,10077.481038440003,True,heldout_improvement,0.03725230798590928,1.3642420526593924e-12,3.9335750000000567,B
80,2025-03-22,2025-03-22 12:00:00,12,80,70,2025-03-22 12:00:00,2025-03-22 12:00:00,"[52, 53, 54, 55, 56, 57, 58, 59, 60, 61, 62, 63, 64, 65, 66, 67, 68, 69, 70, 71, 72, 73, 74, 75, 76, 77, 78, 79]","[38, 39, 40, 41, 42, 43, 44, 45, 46, 47, 48, 49, 50, 51]",71,107,10592.382815043658,7409.440599800779,7303.215283565229,True,heldout_improvement,0.034445663972292095,2.7284841053187847e-12,-12.464891666666668,B
80,2025-03-22,2025-03-22 18:00:00,18,80,106,2025-03-22 18:00:00,2025-03-22 18:00:00,"[52, 53, 54, 55, 56, 57, 58, 59, 60, 61, 62, 63, 64, 65, 66, 67, 68, 69, 70, 71, 72, 73, 74, 75, 76, 77, 78, 79]","[38, 39, 40, 41, 42, 43, 44, 45, 46, 47, 48, 49, 50, 51]",107,144,10800.0,3979.131680436759,3979.2069638081703,False,keep_no_improvement_or_insufficient_history,0.011183657974470407,1.3073986337985843e-12,-6.457083333333344,B
81,2025-03-23,2025-03-23 06:00:00,6,81,34,2025-03-23 06:00:00,2025-03-23 06:00:00,"[53, 54, 55, 56, 57, 58, 59, 60, 61, 62, 63, 64, 65, 66, 67, 68, 69, 70, 71, 72, 73, 74, 75, 76, 77, 78, 79, 80]","[39, 40, 41, 42, 43, 44, 45, 46, 47, 48, 49, 50, 51, 52]",35,71,9762.22834182695,37072.69700659303,32455.14450925434,True,heldout_improvement,0.02325306402053684,1.8189894035458565e-12,3.763333333333321,B
81,2025-03-23,2025-03-23 12:00:00,12,81,70,2025-03-23 12:00:00,2025-03-23 12:00:00,"[53, 54, 55, 56, 57, 58, 59, 60, 61, 62, 63, 64, 65, 66, 67, 68, 69, 70, 71, 72, 73, 74, 75, 76, 77, 78, 79, 80]","[39, 40, 41, 42, 43, 44, 45, 46, 47, 48, 49, 50, 51, 52]",71,107,8216.730682633483,22818.10473926756,22272.030832989407,True,heldout_improvement,0.02860400697682053,1.8189894035458565e-12,-13.517141666666703,B
81,2025-03-23,2025-03-23 18:00:00,18,81,106,2025-03-23 18:00:00,2025-03-23 18:00:00,"[53, 54, 55, 56, 57, 58, 59, 60, 61, 62, 63, 64, 65, 66, 67, 68, 69, 70, 71, 72, 73, 74, 75, 76, 77, 78, 79, 80]","[39, 40, 41, 42, 43, 44, 45, 46, 47, 48, 49, 50, 51, 52]",107,144,10767.713529860339,13747.309437106249,13230.684464819422,True,heldout_improvement,0.011166796030011028,4.547473508864641e-13,18.265754166666586,B
82,2025-03-24,2025-03-24 06:00:00,6,82,34,2025-03-24 06:00:00,2025-03-24 06:00:00,"[54, 55, 56, 57, 58, 59, 60, 61, 62, 63, 64, 65, 66, 67, 68, 69, 70, 71, 72, 73, 74, 75, 76, 77, 78, 79, 80, 81]","[40, 41, 42, 43, 44, 45, 46, 47, 48, 49, 50, 51, 52, 53]",35,71,10395.733727031438,33677.740137877365,33656.81842642503,True,heldout_improvement,0.030411043961066753,1.8189894035458565e-12,0.2900000000000394,B
82,2025-03-24,2025-03-24 12:00:00,12,82,70,2025-03-24 12:00:00,2025-03-24 12:00:00,"[54, 55, 56, 57, 58, 59, 60, 61, 62, 63, 64, 65, 66, 67, 68, 69, 70, 71, 72, 73, 74, 75, 76, 77, 78, 79, 80, 81]","[40, 41, 42, 43, 44, 45, 46, 47, 48, 49, 50, 51, 52, 53]",71,107,6602.754039585647,28155.828444258386,24550.17985913422,True,heldout_improvement,0.02572214399697259,1.8189894035458565e-12,-6.535958333333307,B
82,2025-03-24,2025-03-24 18:00:00,18,82,106,2025-03-24 18:00:00,2025-03-24 18:00:00,"[54, 55, 56, 57, 58, 59, 60, 61, 62, 63, 64, 65, 66, 67, 68, 69, 70, 71, 72, 73, 74, 75, 76, 77, 78, 79, 80, 81]","[40, 41, 42, 43, 44, 45, 46, 47, 48, 49, 50, 51, 52, 53]",107,144,10800.0,12275.203151836336,12577.736426118261,False,keep_no_improvement_or_insufficient_history,0.012271765037439764,1.1830536550405668e-12,2.281395833333363,B
83,2025-03-25,2025-03-25 06:00:00,6,83,34,2025-03-25 06:00:00,2025-03-25 06:00:00,"[55, 56, 57, 58, 59, 60, 61, 62, 63, 64, 65, 66, 67, 68, 69, 70, 71, 72, 73, 74, 75, 76, 77, 78, 79, 80, 81, 82]","[41, 42, 43, 44, 45, 46, 47, 48, 49, 50, 51, 52, 53, 54]",35,71,10526.981796982614,28348.02548291314,27483.072793540323,True,heldout_improvement,0.03065959201194346,1.3642420526593924e-12,-0.25696666666662304,B
83,2025-03-25,2025-03-25 12:00:00,12,83,70,2025-03-25 12:00:00,2025-03-25 12:00:00,"[55, 56, 57, 58, 59, 60, 61, 62, 63, 64, 65, 66, 67, 68, 69, 70, 71, 72, 73, 74, 75, 76, 77, 78, 79, 80, 81, 82]","[41, 42, 43, 44, 45, 46, 47, 48, 49, 50, 51, 52, 53, 54]",71,107,4636.412541411207,29674.091616058144,25766.426668065553,True,heldout_improvement,0.026736758998595178,1.8189894035458565e-12,7.756683333333361,B
83,2025-03-25,2025-03-25 18:00:00,18,83,106,2025-03-25 18:00:00,2025-03-25 18:00:00,"[55, 56, 57, 58, 59, 60, 61, 62, 63, 64, 65, 66, 67, 68, 69, 70, 71, 72, 73, 74, 75, 76, 77, 78, 79, 80, 81, 82]","[41, 42, 43, 44, 45, 46, 47, 48, 49, 50, 51, 52, 53, 54]",107,144,10800.0,11991.077921734644,12259.1667442946,False,keep_no_improvement_or_insufficient_history,0.011724284966476262,1.7053025658242404e-12,1.3421666666665715,B
84,2025-03-26,2025-03-26 06:00:00,6,84,34,2025-03-26 06:00:00,2025-03-26 06:00:00,"[56, 57, 58, 59, 60, 61, 62, 63, 64, 65, 66, 67, 68, 69, 70, 71, 72, 73, 74, 75, 76, 77, 78, 79, 80, 81, 82, 83]","[42, 43, 44, 45, 46, 47, 48, 49, 50, 51, 52, 53, 54, 55]",35,71,10734.842694444444,35525.56474788022,32794.62269886441,True,heldout_improvement,0.026624171005096287,1.8189894035458565e-12,9.400795833333328,B
84,2025-03-26,2025-03-26 12:00:00,12,84,70,2025-03-26 12:00:00,2025-03-26 12:00:00,"[56, 57, 58, 59, 60, 61, 62, 63, 64, 65, 66, 67, 68, 69, 70, 71, 72, 73, 74, 75, 76, 77, 78, 79, 80, 81, 82, 83]","[42, 43, 44, 45, 46, 47, 48, 49, 50, 51, 52, 53, 54, 55]",71,107,8072.298992825621,23909.60050662121,22955.61131298539,True,heldout_improvement,0.019157803966663778,3.751665644813329e-12,-3.1233333333334485,B
84,2025-03-26,2025-03-26 18:00:00,18,84,106,2025-03-26 18:00:00,2025-03-26 18:00:00,"[56, 57, 58, 59, 60, 61, 62, 63, 64, 65, 66, 67, 68, 69, 70, 71, 72, 73, 74, 75, 76, 77, 78, 79, 80, 81, 82, 83]","[42, 43, 44, 45, 46, 47, 48, 49, 50, 51, 52, 53, 54, 55]",107,144,10800.0,12326.067918082956,12299.906359201555,True,heldout_improvement,0.012983246997464448,6.838973831690964e-14,8.463983333333317,B
85,2025-03-27,2025-03-27 06:00:00,6,85,34,2025-03-27 06:00:00,2025-03-27 06:00:00,"[57, 58, 59, 60, 61, 62, 63, 64, 65, 66, 67, 68, 69, 70, 71, 72, 73, 74, 75, 76, 77, 78, 79, 80, 81, 82, 83, 84]","[43, 44, 45, 46, 47, 48, 49, 50, 51, 52, 53, 54, 55, 56]",35,71,10681.745597739711,38986.00262812483,38986.77907710364,False,keep_no_improvement_or_insufficient_history,0.034735072986222804,1.8189894035458565e-12,3.727916666666677,B
85,2025-03-27,2025-03-27 12:00:00,12,85,70,2025-03-27 12:00:00,2025-03-27 12:00:00,"[57, 58, 59, 60, 61, 62, 63, 64, 65, 66, 67, 68, 69, 70, 71, 72, 73, 74, 75, 76, 77, 78, 79, 80, 81, 82, 83, 84]","[43, 44, 45, 46, 47, 48, 49, 50, 51, 52, 53, 54, 55, 56]",71,107,6543.60421229527,27316.42372161685,25074.74550332435,True,heldout_improvement,0.02736728300806135,1.8189894035458565e-12,12.194049999999985,B
85,2025-03-27,2025-03-27 18:00:00,18,85,106,2025-03-27 18:00:00,2025-03-27 18:00:00,"[57, 58, 59, 60, 61, 62, 63, 64, 65, 66, 67, 68, 69, 70, 71, 72, 73, 74, 75, 76, 77, 78, 79, 80, 81, 82, 83, 84]","[43, 44, 45, 46, 47, 48, 49, 50, 51, 52, 53, 54, 55, 56]",107,144,10800.0,12276.064257321663,12276.227583615988,False,keep_no_improvement_or_insufficient_history,0.012109259027056396,1.8189894035458565e-12,5.931904166666602,B
86,2025-03-28,2025-03-28 06:00:00,6,86,34,2025-03-28 06:00:00,2025-03-28 06:00:00,"[58, 59, 60, 61, 62, 63, 64, 65, 66, 67, 68, 69, 70, 71, 72, 73, 74, 75, 76, 77, 78, 79, 80, 81, 82, 83, 84, 85]","[44, 45, 46, 47, 48, 49, 50, 51, 52, 53, 54, 55, 56, 57]",35,71,4392.482972906726,7329.116317105544,7162.100138985184,True,heldout_improvement,0.01401169499149546,1.8189894035458565e-12,-12.534025000000003,B
86,2025-03-28,2025-03-28 12:00:00,12,86,70,2025-03-28 12:00:00,2025-03-28 12:00:00,"[58, 59, 60, 61, 62, 63, 64, 65, 66, 67, 68, 69, 70, 71, 72, 73, 74, 75, 76, 77, 78, 79, 80, 81, 82, 83, 84, 85]","[44, 45, 46, 47, 48, 49, 50, 51, 52, 53, 54, 55, 56, 57]",71,107,10800.0,6244.641183641203,6384.959598119433,False,keep_no_improvement_or_insufficient_history,0.01233280001906678,1.8189894035458565e-12,-11.316583333333293,B
86,2025-03-28,2025-03-28 18:00:00,18,86,106,2025-03-28 18:00:00,2025-03-28 18:00:00,"[58, 59, 60, 61, 62, 63, 64, 65, 66, 67, 68, 69, 70, 71, 72, 73, 74, 75, 76, 77, 78, 79, 80, 81, 82, 83, 84, 85]","[44, 45, 46, 47, 48, 49, 50, 51, 52, 53, 54, 55, 56, 57]",107,144,10721.198750907408,3433.9985585269173,3433.536383143772,True,heldout_improvement,0.012477210024371743,0.0,-17.047245833333324,B
87,2025-03-29,2025-03-29 06:00:00,6,87,34,2025-03-29 06:00:00,2025-03-29 06:00:00,"[59, 60, 61, 62, 63, 64, 65, 66, 67, 68, 69, 70, 71, 72, 73, 74, 75, 76, 77, 78, 79, 80, 81, 82, 83, 84, 85, 86]","[45, 46, 47, 48, 49, 50, 51, 52, 53, 54, 55, 56, 57, 58]",35,71,4139.9755272222255,7891.899436578788,7807.953542996984,True,heldout_improvement,0.025049850984942168,1.543541234722123e-10,-8.065308333333329,B
87,2025-03-29,2025-03-29 12:00:00,12,87,70,2025-03-29 12:00:00,2025-03-29 12:00:00,"[59, 60, 61, 62, 63, 64, 65, 66, 67, 68, 69, 70, 71, 72, 73, 74, 75, 76, 77, 78, 79, 80, 81, 82, 83, 84, 85, 86]","[45, 46, 47, 48, 49, 50, 51, 52, 53, 54, 55, 56, 57, 58]",71,107,10800.0,9268.420006353806,7710.652118196434,True,heldout_improvement,0.011668136983644217,1.8189894035458565e-12,10.171441666666698,B
87,2025-03-29,2025-03-29 18:00:00,18,87,106,2025-03-29 18:00:00,2025-03-29 18:00:00,"[59, 60, 61, 62, 63, 64, 65, 66, 67, 68, 69, 70, 71, 72, 73, 74, 75, 76, 77, 78, 79, 80, 81, 82, 83, 84, 85, 86]","[45, 46, 47, 48, 49, 50, 51, 52, 53, 54, 55, 56, 57, 58]",107,144,10800.0,3993.6042192050413,3991.983936059183,True,heldout_improvement,0.01155568502144888,1.8189894035458565e-12,0.9899374999999964,B
88,2025-03-30,2025-03-30 06:00:00,6,88,34,2025-03-30 06:00:00,2025-03-30 06:00:00,"[60, 61, 62, 63, 64, 65, 66, 67, 68, 69, 70, 71, 72, 73, 74, 75, 76, 77, 78, 79, 80, 81, 82, 83, 84, 85, 86, 87]","[46, 47, 48, 49, 50, 51, 52, 53, 54, 55, 56, 57, 58, 59]",35,71,10057.50961826667,28048.057568479428,28453.17154121493,False,keep_no_improvement_or_insufficient_history,0.03527228598250076,2.2737367544323206e-12,17.83909166666664,B
88,2025-03-30,2025-03-30 12:00:00,12,88,70,2025-03-30 12:00:00,2025-03-30 12:00:00,"[60, 61, 62, 63, 64, 65, 66, 67, 68, 69, 70, 71, 72, 73, 74, 75, 76, 77, 78, 79, 80, 81, 82, 83, 84, 85, 86, 87]","[46, 47, 48, 49, 50, 51, 52, 53, 54, 55, 56, 57, 58, 59]",71,107,6695.932705618522,24419.975596402644,23501.368692641303,True,heldout_improvement,0.02780784195056185,1.8189894035458565e-12,21.49724583333333,B
88,2025-03-30,2025-03-30 18:00:00,18,88,106,2025-03-30 18:00:00,2025-03-30 18:00:00,"[60, 61, 62, 63, 64, 65, 66, 67, 68, 69, 70, 71, 72, 73, 74, 75, 76, 77, 78, 79, 80, 81, 82, 83, 84, 85, 86, 87]","[46, 47, 48, 49, 50, 51, 52, 53, 54, 55, 56, 57, 58, 59]",107,144,10800.0,12174.762543068286,12157.275217724906,True,heldout_improvement,0.01644447899889201,5.343281372915953e-12,-9.918133333333344,B
89,2025-03-31,2025-03-31 06:00:00,6,89,34,2025-03-31 06:00:00,2025-03-31 06:00:00,"[61, 62, 63, 64, 65, 66, 67, 68, 69, 70, 71, 72, 73, 74, 75, 76, 77, 78, 79, 80, 81, 82, 83, 84, 85, 86, 87, 88]","[47, 48, 49, 50, 51, 52, 53, 54, 55, 56, 57, 58, 59, 60]",35,71,9005.034987003944,46779.26834803311,42549.495318199224,True,heldout_improvement,0.033838415052741766,3.637978807091713e-12,-7.36936666666664,B
89,2025-03-31,2025-03-31 12:00:00,12,89,70,2025-03-31 12:00:00,2025-03-31 12:00:00,"[61, 62, 63, 64, 65, 66, 67, 68, 69, 70, 71, 72, 73, 74, 75, 76, 77, 78, 79, 80, 81, 82, 83, 84, 85, 86, 87, 88]","[47, 48, 49, 50, 51, 52, 53, 54, 55, 56, 57, 58, 59, 60]",71,107,8285.478434401979,25465.75675744227,24248.47711425107,True,heldout_improvement,0.02665726700797677,4.547473508864641e-13,9.0640999999999,B
89,2025-03-31,2025-03-31 18:00:00,18,89,106,2025-03-31 18:00:00,2025-03-31 18:00:00,"[61, 62, 63, 64, 65, 66, 67, 68, 69, 70, 71, 72, 73, 74, 75, 76, 77, 78, 79, 80, 81, 82, 83, 84, 85, 86, 87, 88]","[47, 48, 49, 50, 51, 52, 53, 54, 55, 56, 57, 58, 59, 60]",107,144,10800.0,11676.086801175788,11878.089753732056,False,keep_no_improvement_or_insufficient_history,0.017783855029847473,1.0444978215673473e-12,-4.9170625000000046,B
90,2025-04-01,2025-04-01 06:00:00,6,90,34,2025-04-01 06:00:00,2025-04-01 06:00:00,"[62, 63, 64, 65, 66, 67, 68, 69, 70, 71, 72, 73, 74, 75, 76, 77, 78, 79, 80, 81, 82, 83, 84, 85, 86, 87, 88, 89]","[48, 49, 50, 51, 52, 53, 54, 55, 56, 57, 58, 59, 60, 61]",35,71,10246.574299296291,76488.45123985395,46944.9633677069,True,heldout_improvement,0.018599917006213218,1.8189894035458565e-12,17.352416666666727,B
90,2025-04-01,2025-04-01 12:00:00,12,90,70,2025-04-01 12:00:00,2025-04-01 12:00:00,"[62, 63, 64, 65, 66, 67, 68, 69, 70, 71, 72, 73, 74, 75, 76, 77, 78, 79, 80, 81, 82, 83, 84, 85, 86, 87, 88, 89]","[48, 49, 50, 51, 52, 53, 54, 55, 56, 57, 58, 59, 60, 61]",71,107,10800.0,23928.591700569057,23120.649457538035,True,heldout_improvement,0.01562395499786362,1.8189894035458565e-12,-8.592150000000021,B
90,2025-04-01,2025-04-01 18:00:00,18,90,106,2025-04-01 18:00:00,2025-04-01 18:00:00,"[62, 63, 64, 65, 66, 67, 68, 69, 70, 71, 72, 73, 74, 75, 76, 77, 78, 79, 80, 81, 82, 83, 84, 85, 86, 87, 88, 89]","[48, 49, 50, 51, 52, 53, 54, 55, 56, 57, 58, 59, 60, 61]",107,144,10782.102316203704,11902.633684992757,11956.907870919938,False,keep_no_improvement_or_insufficient_history,0.012113099975977093,9.094947017729282e-13,0.34826666666670764,B
91,2025-04-02,2025-04-02 06:00:00,6,91,34,2025-04-02 06:00:00,2025-04-02 06:00:00,"[63, 64, 65, 66, 67, 68, 69, 70, 71, 72, 73, 74, 75, 76, 77, 78, 79, 80, 81, 82, 83, 84, 85, 86, 87, 88, 89, 90]","[49, 50, 51, 52, 53, 54, 55, 56, 57, 58, 59, 60, 61, 62]",35,71,10163.99258505556,84228.31745899012,44924.521735406954,True,heldout_improvement,0.01888960797805339,1.8189894035458565e-12,23.63403333333334,B
91,2025-04-02,2025-04-02 12:00:00,12,91,70,2025-04-02 12:00:00,2025-04-02 12:00:00,"[63, 64, 65, 66, 67, 68, 69, 70, 71, 72, 73, 74, 75, 76, 77, 78, 79, 80, 81, 82, 83, 84, 85, 86, 87, 88, 89, 90]","[49, 50, 51, 52, 53, 54, 55, 56, 57, 58, 59, 60, 61, 62]",71,107,10508.390251046298,23601.678279419215,23486.594564671563,True,heldout_improvement,0.018635281012393534,1.318767317570746e-11,-1.642925000000029,B
91,2025-04-02,2025-04-02 18:00:00,18,91,106,2025-04-02 18:00:00,2025-04-02 18:00:00,"[63, 64, 65, 66, 67, 68, 69, 70, 71, 72, 73, 74, 75, 76, 77, 78, 79, 80, 81, 82, 83, 84, 85, 86, 87, 88, 89, 90]","[49, 50, 51, 52, 53, 54, 55, 56, 57, 58, 59, 60, 61, 62]",107,144,10800.0,11843.466126719197,12007.41665048593,False,keep_no_improvement_or_insufficient_history,0.02302865299861878,1.8189894035458565e-12,-2.375966666666727,B
92,2025-04-03,2025-04-03 06:00:00,6,92,34,2025-04-03 06:00:00,2025-04-03 06:00:00,"[64, 65, 66, 67, 68, 69, 70, 71, 72, 73, 74, 75, 76, 77, 78, 79, 80, 81, 82, 83, 84, 85, 86, 87, 88, 89, 90, 91]","[50, 51, 52, 53, 54, 55, 56, 57, 58, 59, 60, 61, 62, 63]",35,71,10800.0,34251.552831659654,31886.964540413668,True,heldout_improvement,0.02928184502525255,1.8189894035458565e-12,4.479383333333354,B
92,2025-04-03,2025-04-03 12:00:00,12,92,70,2025-04-03 12:00:00,2025-04-03 12:00:00,"[64, 65, 66, 67, 68, 69, 70, 71, 72, 73, 74, 75, 76, 77, 78, 79, 80, 81, 82, 83, 84, 85, 86, 87, 88, 89, 90, 91]","[50, 51, 52, 53, 54, 55, 56, 57, 58, 59, 60, 61, 62, 63]",71,107,7056.431699782406,26205.20098509192,25279.150243123466,True,heldout_improvement,0.036786786979064345,1.8189894035458565e-12,-12.320699999999988,B
92,2025-04-03,2025-04-03 18:00:00,18,92,106,2025-04-03 18:00:00,2025-04-03 18:00:00,"[64, 65, 66, 67, 68, 69, 70, 71, 72, 73, 74, 75, 76, 77, 78, 79, 80, 81, 82, 83, 84, 85, 86, 87, 88, 89, 90, 91]","[50, 51, 52, 53, 54, 55, 56, 57, 58, 59, 60, 61, 62, 63]",107,144,10800.0,12001.302817715425,12199.190862756253,False,keep_no_improvement_or_insufficient_history,0.011428696976508945,9.094947017729282e-13,0.1300208333333709,B
93,2025-04-04,2025-04-04 06:00:00,6,93,34,2025-04-04 06:00:00,2025-04-04 06:00:00,"[65, 66, 67, 68, 69, 70, 71, 72, 73, 74, 75, 76, 77, 78, 79, 80, 81, 82, 83, 84, 85, 86, 87, 88, 89, 90, 91, 92]","[51, 52, 53, 54, 55, 56, 57, 58, 59, 60, 61, 62, 63, 64]",35,71,4473.403260387587,8512.698026090677,8512.698026090677,False,keep_no_improvement_or_insufficient_history,0.045926910010166466,1.8189894035458565e-12,5.919087500000008,B
93,2025-04-04,2025-04-04 12:00:00,12,93,70,2025-04-04 12:00:00,2025-04-04 12:00:00,"[65, 66, 67, 68, 69, 70, 71, 72, 73, 74, 75, 76, 77, 78, 79, 80, 81, 82, 83, 84, 85, 86, 87, 88, 89, 90, 91, 92]","[51, 52, 53, 54, 55, 56, 57, 58, 59, 60, 61, 62, 63, 64]",71,107,10800.0,8137.844635073212,8488.629117181003,False,keep_no_improvement_or_insufficient_history,0.012145766988396645,9.094947017729282e-13,-8.741133333333323,B
93,2025-04-04,2025-04-04 18:00:00,18,93,106,2025-04-04 18:00:00,2025-04-04 18:00:00,"[65, 66, 67, 68, 69, 70, 71, 72, 73, 74, 75, 76, 77, 78, 79, 80, 81, 82, 83, 84, 85, 86, 87, 88, 89, 90, 91, 92]","[51, 52, 53, 54, 55, 56, 57, 58, 59, 60, 61, 62, 63, 64]",107,144,10677.54820925926,3884.0469161916367,3884.0469161916367,False,keep_no_improvement_or_insufficient_history,0.011617662967182696,0.0,4.914795833333338,B
94,2025-04-05,2025-04-05 06:00:00,6,94,34,2025-04-05 06:00:00,2025-04-05 06:00:00,"[66, 67, 68, 69, 70, 71, 72, 73, 74, 75, 76, 77, 78, 79, 80, 81, 82, 83, 84, 85, 86, 87, 88, 89, 90, 91, 92, 93]","[52, 53, 54, 55, 56, 57, 58, 59, 60, 61, 62, 63, 64, 65]",35,71,4019.831458034066,9821.78799082483,9821.78799082483,False,keep_no_improvement_or_insufficient_history,0.04171382403001189,3.637978807091713e-12,2.2399666666667217,B
94,2025-04-05,2025-04-05 12:00:00,12,94,70,2025-04-05 12:00:00,2025-04-05 12:00:00,"[66, 67, 68, 69, 70, 71, 72, 73, 74, 75, 76, 77, 78, 79, 80, 81, 82, 83, 84, 85, 86, 87, 88, 89, 90, 91, 92, 93]","[52, 53, 54, 55, 56, 57, 58, 59, 60, 61, 62, 63, 64, 65]",71,107,10800.0,9116.663710646833,9351.999475796443,False,keep_no_improvement_or_insufficient_history,0.01195299596292898,1.8189894035458565e-12,-6.665300000000039,B
94,2025-04-05,2025-04-05 18:00:00,18,94,106,2025-04-05 18:00:00,2025-04-05 18:00:00,"[66, 67, 68, 69, 70, 71, 72, 73, 74, 75, 76, 77, 78, 79, 80, 81, 82, 83, 84, 85, 86, 87, 88, 89, 90, 91, 92, 93]","[52, 53, 54, 55, 56, 57, 58, 59, 60, 61, 62, 63, 64, 65]",107,144,10275.403727272034,4074.6407173397856,4090.1633481951567,False,keep_no_improvement_or_insufficient_history,0.011509428033605218,0.0,-1.4261375000000194,B
95,2025-04-06,2025-04-06 06:00:00,6,95,34,2025-04-06 06:00:00,2025-04-06 06:00:00,"[67, 68, 69, 70, 71, 72, 73, 74, 75, 76, 77, 78, 79, 80, 81, 82, 83, 84, 85, 86, 87, 88, 89, 90, 91, 92, 93, 94]","[53, 54, 55, 56, 57, 58, 59, 60, 61, 62, 63, 64, 65, 66]",35,71,9896.76868135185,30238.068838040916,31134.230851316952,False,keep_no_improvement_or_insufficient_history,0.03525851300219074,1.8189894035458565e-12,3.6477208333333615,B
95,2025-04-06,2025-04-06 12:00:00,12,95,70,2025-04-06 12:00:00,2025-04-06 12:00:00,"[67, 68, 69, 70, 71, 72, 73, 74, 75, 76, 77, 78, 79, 80, 81, 82, 83, 84, 85, 86, 87, 88, 89, 90, 91, 92, 93, 94]","[53, 54, 55, 56, 57, 58, 59, 60, 61, 62, 63, 64, 65, 66]",71,107,7813.369454037029,30038.80418127469,27314.56676343715,True,heldout_improvement,0.03028076299233362,3.524291969370097e-12,-8.09791666666668,B
95,2025-04-06,2025-04-06 18:00:00,18,95,106,2025-04-06 18:00:00,2025-04-06 18:00:00,"[67, 68, 69, 70, 71, 72, 73, 74, 75, 76, 77, 78, 79, 80, 81, 82, 83, 84, 85, 86, 87, 88, 89, 90, 91, 92, 93, 94]","[53, 54, 55, 56, 57, 58, 59, 60, 61, 62, 63, 64, 65, 66]",107,144,10800.0,11782.989070014906,11939.069845602848,False,keep_no_improvement_or_insufficient_history,0.015950080996844918,1.0658141036401503e-12,-6.430170833333325,B
96,2025-04-07,2025-04-07 06:00:00,6,96,34,2025-04-07 06:00:00,2025-04-07 06:00:00,"[68, 69, 70, 71, 72, 73, 74, 75, 76, 77, 78, 79, 80, 81, 82, 83, 84, 85, 86, 87, 88, 89, 90, 91, 92, 93, 94, 95]","[54, 55, 56, 57, 58, 59, 60, 61, 62, 63, 64, 65, 66, 67]",35,71,9769.798222962958,34876.699104599356,35245.79336400454,False,keep_no_improvement_or_insufficient_history,0.03478145500412211,1.8189894035458565e-12,6.598937499999958,B
96,2025-04-07,2025-04-07 12:00:00,12,96,70,2025-04-07 12:00:00,2025-04-07 12:00:00,"[68, 69, 70, 71, 72, 73, 74, 75, 76, 77, 78, 79, 80, 81, 82, 83, 84, 85, 86, 87, 88, 89, 90, 91, 92, 93, 94, 95]","[54, 55, 56, 57, 58, 59, 60, 61, 62, 63, 64, 65, 66, 67]",71,107,8136.4630368405515,25462.76104712806,27714.20199922082,False,keep_no_improvement_or_insufficient_history,0.029927998024504632,1.8189894035458565e-12,-6.832220833333318,B
96,2025-04-07,2025-04-07 18:00:00,18,96,106,2025-04-07 18:00:00,2025-04-07 18:00:00,"[68, 69, 70, 71, 72, 73, 74, 75, 76, 77, 78, 79, 80, 81, 82, 83, 84, 85, 86, 87, 88, 89, 90, 91, 92, 93, 94, 95]","[54, 55, 56, 57, 58, 59, 60, 61, 62, 63, 64, 65, 66, 67]",107,144,10800.0,11458.5370119883,11515.292305628944,False,keep_no_improvement_or_insufficient_history,0.014775180956348777,3.410605131648481e-13,-8.004016666666681,B
97,2025-04-08,2025-04-08 06:00:00,6,97,34,2025-04-08 06:00:00,2025-04-08 06:00:00,"[69, 70, 71, 72, 73, 74, 75, 76, 77, 78, 79, 80, 81, 82, 83, 84, 85, 86, 87, 88, 89, 90, 91, 92, 93, 94, 95, 96]","[55, 56, 57, 58, 59, 60, 61, 62, 63, 64, 65, 66, 67, 68]",35,71,10190.207581279607,41643.50468090247,34759.523640613515,True,heldout_improvement,0.03810971800703555,1.8189894035458565e-12,-9.659504166666693,B
97,2025-04-08,2025-04-08 12:00:00,12,97,70,2025-04-08 12:00:00,2025-04-08 12:00:00,"[69, 70, 71, 72, 73, 74, 75, 76, 77, 78, 79, 80, 81, 82, 83, 84, 85, 86, 87, 88, 89, 90, 91, 92, 93, 94, 95, 96]","[55, 56, 57, 58, 59, 60, 61, 62, 63, 64, 65, 66, 67, 68]",71,107,5757.587184849054,25734.0345347483,27857.90098213474,False,keep_no_improvement_or_insufficient_history,0.027247574005741626,1.8189894035458565e-12,-21.015000000000022,B
97,2025-04-08,2025-04-08 18:00:00,18,97,106,2025-04-08 18:00:00,2025-04-08 18:00:00,"[69, 70, 71, 72, 73, 74, 75, 76, 77, 78, 79, 80, 81, 82, 83, 84, 85, 86, 87, 88, 89, 90, 91, 92, 93, 94, 95, 96]","[55, 56, 57, 58, 59, 60, 61, 62, 63, 64, 65, 66, 67, 68]",107,144,10362.638838545956,13019.529732289742,12646.921604977619,True,heldout_improvement,0.012278519046958536,0.0,3.2584208333332754,B
98,2025-04-09,2025-04-09 06:00:00,6,98,34,2025-04-09 06:00:00,2025-04-09 06:00:00,"[70, 71, 72, 73, 74, 75, 76, 77, 78, 79, 80, 81, 82, 83, 84, 85, 86, 87, 88, 89, 90, 91, 92, 93, 94, 95, 96, 97]","[56, 57, 58, 59, 60, 61, 62, 63, 64, 65, 66, 67, 68, 69]",35,71,10800.0,56632.1007604838,38071.49777109588,True,heldout_improvement,0.03205552400322631,1.8189894035458565e-12,-6.4854166666666515,B
98,2025-04-09,2025-04-09 12:00:00,12,98,70,2025-04-09 12:00:00,2025-04-09 12:00:00,"[70, 71, 72, 73, 74, 75, 76, 77, 78, 79, 80, 81, 82, 83, 84, 85, 86, 87, 88, 89, 90, 91, 92, 93, 94, 95, 96, 97]","[56, 57, 58, 59, 60, 61, 62, 63, 64, 65, 66, 67, 68, 69]",71,107,8126.8982892770055,29438.78307317646,29694.082070460914,False,keep_no_improvement_or_insufficient_history,0.030007285997271538,1.8189894035458565e-12,-3.7141041666666297,B
98,2025-04-09,2025-04-09 18:00:00,18,98,106,2025-04-09 18:00:00,2025-04-09 18:00:00,"[70, 71, 72, 73, 74, 75, 76, 77, 78, 79, 80, 81, 82, 83, 84, 85, 86, 87, 88, 89, 90, 91, 92, 93, 94, 95, 96, 97]","[56, 57, 58, 59, 60, 61, 62, 63, 64, 65, 66, 67, 68, 69]",107,144,10800.0,12174.2562559896,12175.909888624592,False,keep_no_improvement_or_insufficient_history,0.011968748003710061,1.8189894035458565e-12,8.699583333333369,B
99,2025-04-10,2025-04-10 06:00:00,6,99,34,2025-04-10 06:00:00,2025-04-10 06:00:00,"[71, 72, 73, 74, 75, 76, 77, 78, 79, 80, 81, 82, 83, 84, 85, 86, 87, 88, 89, 90, 91, 92, 93, 94, 95, 96, 97, 98]","[57, 58, 59, 60, 61, 62, 63, 64, 65, 66, 67, 68, 69, 70]",35,71,10733.499110499999,43423.55407634173,40928.65739918857,True,heldout_improvement,0.02103286696365103,3.637978807091713e-12,-0.06528333333335468,B
99,2025-04-10,2025-04-10 12:00:00,12,99,70,2025-04-10 12:00:00,2025-04-10 12:00:00,"[71, 72, 73, 74, 75, 76, 77, 78, 79, 80, 81, 82, 83, 84, 85, 86, 87, 88, 89, 90, 91, 92, 93, 94, 95, 96, 97, 98]","[57, 58, 59, 60, 61, 62, 63, 64, 65, 66, 67, 68, 69, 70]",71,107,6794.838814018518,27666.991799368865,29808.044518788298,False,keep_no_improvement_or_insufficient_history,0.03158377401996404,1.8189894035458565e-12,-5.776637499999954,B
99,2025-04-10,2025-04-10 18:00:00,18,99,106,2025-04-10 18:00:00,2025-04-10 18:00:00,"[71, 72, 73, 74, 75, 76, 77, 78, 79, 80, 81, 82, 83, 84, 85, 86, 87, 88, 89, 90, 91, 92, 93, 94, 95, 96, 97, 98]","[57, 58, 59, 60, 61, 62, 63, 64, 65, 66, 67, 68, 69, 70]",107,144,10391.74788043919,12250.992026234442,12288.319688895355,False,keep_no_improvement_or_insufficient_history,0.012088365969248116,2.2737367544323206e-13,1.6787499999999604,B
100,2025-04-11,2025-04-11 06:00:00,6,100,34,2025-04-11 06:00:00,2025-04-11 06:00:00,"[72, 73, 74, 75, 76, 77, 78, 79, 80, 81, 82, 83, 84, 85, 86, 87, 88, 89, 90, 91, 92, 93, 94, 95, 96, 97, 98, 99]","[58, 59, 60, 61, 62, 63, 64, 65, 66, 67, 68, 69, 70, 71]",35,71,3529.86426624074,13854.036153138457,13607.344918304798,True,heldout_improvement,0.02656069304794073,1.7962520360015333e-11,15.453733333333313,B
100,2025-04-11,2025-04-11 12:00:00,12,100,70,2025-04-11 12:00:00,2025-04-11 12:00:00,"[72, 73, 74, 75, 76, 77, 78, 79, 80, 81, 82, 83, 84, 85, 86, 87, 88, 89, 90, 91, 92, 93, 94, 95, 96, 97, 98, 99]","[58, 59, 60, 61, 62, 63, 64, 65, 66, 67, 68, 69, 70, 71]",71,107,10800.0,8121.772407217323,8997.967703855791,False,keep_no_improvement_or_insufficient_history,0.012111893971450627,9.094947017729282e-13,-5.047383333333376,B
100,2025-04-11,2025-04-11 18:00:00,18,100,106,2025-04-11 18:00:00,2025-04-11 18:00:00,"[72, 73, 74, 75, 76, 77, 78, 79, 80, 81, 82, 83, 84, 85, 86, 87, 88, 89, 90, 91, 92, 93, 94, 95, 96, 97, 98, 99]","[58, 59, 60, 61, 62, 63, 64, 65, 66, 67, 68, 69, 70, 71]",107,144,10346.081761424124,4325.881128441505,4329.580511666887,False,keep_no_improvement_or_insufficient_history,0.012518837000243366,0.0,12.588729166666704,B
101,2025-04-12,2025-04-12 06:00:00,6,101,34,2025-04-12 06:00:00,2025-04-12 06:00:00,"[73, 74, 75, 76, 77, 78, 79, 80, 81, 82, 83, 84, 85, 86, 87, 88, 89, 90, 91, 92, 93, 94, 95, 96, 97, 98, 99, 100]","[59, 60, 61, 62, 63, 64, 65, 66, 67, 68, 69, 70, 71, 72]",35,71,4091.7564252592606,7124.397880997878,7124.397880997878,False,keep_no_improvement_or_insufficient_history,0.04581995401531458,3.865352482534945e-12,-11.234825000000038,B
101,2025-04-12,2025-04-12 12:00:00,12,101,70,2025-04-12 12:00:00,2025-04-12 12:00:00,"[73, 74, 75, 76, 77, 78, 79, 80, 81, 82, 83, 84, 85, 86, 87, 88, 89, 90, 91, 92, 93, 94, 95, 96, 97, 98, 99, 100]","[59, 60, 61, 62, 63, 64, 65, 66, 67, 68, 69, 70, 71, 72]",71,107,10800.0,10765.83822756287,11362.740519528292,False,keep_no_improvement_or_insufficient_history,0.011962058022618294,1.8189894035458565e-12,1.869737500000042,B
101,2025-04-12,2025-04-12 18:00:00,18,101,106,2025-04-12 18:00:00,2025-04-12 18:00:00,"[73, 74, 75, 76, 77, 78, 79, 80, 81, 82, 83, 84, 85, 86, 87, 88, 89, 90, 91, 92, 93, 94, 95, 96, 97, 98, 99, 100]","[59, 60, 61, 62, 63, 64, 65, 66, 67, 68, 69, 70, 71, 72]",107,144,10622.842498129632,3949.8748673943487,3949.957892767778,False,keep_no_improvement_or_insufficient_history,0.01169885799754411,2.2737367544323206e-13,1.7809791666666492,B
102,2025-04-13,2025-04-13 06:00:00,6,102,34,2025-04-13 06:00:00,2025-04-13 06:00:00,"[74, 75, 76, 77, 78, 79, 80, 81, 82, 83, 84, 85, 86, 87, 88, 89, 90, 91, 92, 93, 94, 95, 96, 97, 98, 99, 100, 101]","[60, 61, 62, 63, 64, 65, 66, 67, 68, 69, 70, 71, 72, 73]",35,71,10154.869733203705,22819.765552911955,24324.950748020234,False,keep_no_improvement_or_insufficient_history,0.028174270992167294,4.433786671143025e-12,-19.341291666666695,B
102,2025-04-13,2025-04-13 12:00:00,12,102,70,2025-04-13 12:00:00,2025-04-13 12:00:00,"[74, 75, 76, 77, 78, 79, 80, 81, 82, 83, 84, 85, 86, 87, 88, 89, 90, 91, 92, 93, 94, 95, 96, 97, 98, 99, 100, 101]","[60, 61, 62, 63, 64, 65, 66, 67, 68, 69, 70, 71, 72, 73]",71,107,5502.603514870372,25763.485178152954,29137.482650503134,False,keep_no_improvement_or_insufficient_history,0.03138322499580681,1.8189894035458565e-12,-12.106145833333358,B
102,2025-04-13,2025-04-13 18:00:00,18,102,106,2025-04-13 18:00:00,2025-04-13 18:00:00,"[74, 75, 76, 77, 78, 79, 80, 81, 82, 83, 84, 85, 86, 87, 88, 89, 90, 91, 92, 93, 94, 95, 96, 97, 98, 99, 100, 101]","[60, 61, 62, 63, 64, 65, 66, 67, 68, 69, 70, 71, 72, 73]",107,144,10459.909229629631,12864.649027685182,12548.783653422744,True,heldout_improvement,0.010821645031683147,1.8189894035458565e-12,9.900975000000017,B
103,2025-04-14,2025-04-14 06:00:00,6,103,34,2025-04-14 06:00:00,2025-04-14 06:00:00,"[75, 76, 77, 78, 79, 80, 81, 82, 83, 84, 85, 86, 87, 88, 89, 90, 91, 92, 93, 94, 95, 96, 97, 98, 99, 100, 101, 102]","[61, 62, 63, 64, 65, 66, 67, 68, 69, 70, 71, 72, 73, 74]",35,71,10670.4774028393,24471.62258306916,24375.96158989316,True,heldout_improvement,0.06320389895699918,9.094947017729282e-13,6.516454166666637,B
103,2025-04-14,2025-04-14 12:00:00,12,103,70,2025-04-14 12:00:00,2025-04-14 12:00:00,"[75, 76, 77, 78, 79, 80, 81, 82, 83, 84, 85, 86, 87, 88, 89, 90, 91, 92, 93, 94, 95, 96, 97, 98, 99, 100, 101, 102]","[61, 62, 63, 64, 65, 66, 67, 68, 69, 70, 71, 72, 73, 74]",71,107,5046.866239691152,24066.66878107357,27229.11519164981,False,keep_no_improvement_or_insufficient_history,0.02524268697015941,1.8189894035458565e-12,2.244808333333367,B
103,2025-04-14,2025-04-14 18:00:00,18,103,106,2025-04-14 18:00:00,2025-04-14 18:00:00,"[75, 76, 77, 78, 79, 80, 81, 82, 83, 84, 85, 86, 87, 88, 89, 90, 91, 92, 93, 94, 95, 96, 97, 98, 99, 100, 101, 102]","[61, 62, 63, 64, 65, 66, 67, 68, 69, 70, 71, 72, 73, 74]",107,144,10800.0,11921.693188169678,11904.156993948094,True,heldout_improvement,0.01157843298278749,1.8189894035458565e-12,12.01636666666665,B
104,2025-04-15,2025-04-15 06:00:00,6,104,34,2025-04-15 06:00:00,2025-04-15 06:00:00,"[76, 77, 78, 79, 80, 81, 82, 83, 84, 85, 86, 87, 88, 89, 90, 91, 92, 93, 94, 95, 96, 97, 98, 99, 100, 101, 102, 103]","[62, 63, 64, 65, 66, 67, 68, 69, 70, 71, 72, 73, 74, 75]",35,71,10111.913611111111,28688.978220403307,28688.978220403307,False,keep_no_improvement_or_insufficient_history,0.04538255499210209,3.183231456205249e-12,-15.658520833333302,B
104,2025-04-15,2025-04-15 12:00:00,12,104,70,2025-04-15 12:00:00,2025-04-15 12:00:00,"[76, 77, 78, 79, 80, 81, 82, 83, 84, 85, 86, 87, 88, 89, 90, 91, 92, 93, 94, 95, 96, 97, 98, 99, 100, 101, 102, 103]","[62, 63, 64, 65, 66, 67, 68, 69, 70, 71, 72, 73, 74, 75]",71,107,7645.1989387037065,26375.5236395433,26906.31257058989,False,keep_no_improvement_or_insufficient_history,0.037239697005134076,1.8189894035458565e-12,7.246991666666645,B
104,2025-04-15,2025-04-15 18:00:00,18,104,106,2025-04-15 18:00:00,2025-04-15 18:00:00,"[76, 77, 78, 79, 80, 81, 82, 83, 84, 85, 86, 87, 88, 89, 90, 91, 92, 93, 94, 95, 96, 97, 98, 99, 100, 101, 102, 103]","[62, 63, 64, 65, 66, 67, 68, 69, 70, 71, 72, 73, 74, 75]",107,144,10800.0,12073.131057627847,12073.882150489455,False,keep_no_improvement_or_insufficient_history,0.01159334200201556,7.247535904753022e-13,5.053429166666698,B
105,2025-04-16,2025-04-16 06:00:00,6,105,34,2025-04-16 06:00:00,2025-04-16 06:00:00,"[77, 78, 79, 80, 81, 82, 83, 84, 85, 86, 87, 88, 89, 90, 91, 92, 93, 94, 95, 96, 97, 98, 99, 100, 101, 102, 103, 104]","[63, 64, 65, 66, 67, 68, 69, 70, 71, 72, 73, 74, 75, 76]",35,71,10121.734537037037,39083.969228394315,34680.31695385576,True,heldout_improvement,0.03802053304389119,9.094947017729282e-13,-16.862025000000017,B
105,2025-04-16,2025-04-16 12:00:00,12,105,70,2025-04-16 12:00:00,2025-04-16 12:00:00,"[77, 78, 79, 80, 81, 82, 83, 84, 85, 86, 87, 88, 89, 90, 91, 92, 93, 94, 95, 96, 97, 98, 99, 100, 101, 102, 103, 104]","[63, 64, 65, 66, 67, 68, 69, 70, 71, 72, 73, 74, 75, 76]",71,107,5701.697444960644,27858.922770655754,27027.00537694536,True,heldout_improvement,0.03193712397478521,1.4779288903810084e-11,-3.6871624999999613,B
105,2025-04-16,2025-04-16 18:00:00,18,105,106,2025-04-16 18:00:00,2025-04-16 18:00:00,"[77, 78, 79, 80, 81, 82, 83, 84, 85, 86, 87, 88, 89, 90, 91, 92, 93, 94, 95, 96, 97, 98, 99, 100, 101, 102, 103, 104]","[63, 64, 65, 66, 67, 68, 69, 70, 71, 72, 73, 74, 75, 76]",107,144,10800.0,11789.032364841742,11813.736162796531,False,keep_no_improvement_or_insufficient_history,0.015156587993260473,1.907807245515869e-12,-3.594745833333339,B
106,2025-04-17,2025-04-17 06:00:00,6,106,34,2025-04-17 06:00:00,2025-04-17 06:00:00,"[78, 79, 80, 81, 82, 83, 84, 85, 86, 87, 88, 89, 90, 91, 92, 93, 94, 95, 96, 97, 98, 99, 100, 101, 102, 103, 104, 105]","[64, 65, 66, 67, 68, 69, 70, 71, 72, 73, 74, 75, 76, 77]",35,71,10784.462325925926,27652.991049992444,28710.72324844056,False,keep_no_improvement_or_insufficient_history,0.032990885025355965,3.637978807091713e-12,-10.462670833333354,B
106,2025-04-17,2025-04-17 12:00:00,12,106,70,2025-04-17 12:00:00,2025-04-17 12:00:00,"[78, 79, 80, 81, 82, 83, 84, 85, 86, 87, 88, 89, 90, 91, 92, 93, 94, 95, 96, 97, 98, 99, 100, 101, 102, 103, 104, 105]","[64, 65, 66, 67, 68, 69, 70, 71, 72, 73, 74, 75, 76, 77]",71,107,7382.344834389825,25371.715712625566,24571.52171378866,True,heldout_improvement,0.03684597898973152,2.773958840407431e-11,-0.5193500000000312,B
106,2025-04-17,2025-04-17 18:00:00,18,106,106,2025-04-17 18:00:00,2025-04-17 18:00:00,"[78, 79, 80, 81, 82, 83, 84, 85, 86, 87, 88, 89, 90, 91, 92, 93, 94, 95, 96, 97, 98, 99, 100, 101, 102, 103, 104, 105]","[64, 65, 66, 67, 68, 69, 70, 71, 72, 73, 74, 75, 76, 77]",107,144,10666.343554165911,11696.357634720696,11675.740036190868,True,heldout_improvement,0.012048574048094451,4.547473508864641e-13,-2.583854166666621,B
107,2025-04-18,2025-04-18 06:00:00,6,107,34,2025-04-18 06:00:00,2025-04-18 06:00:00,"[79, 80, 81, 82, 83, 84, 85, 86, 87, 88, 89, 90, 91, 92, 93, 94, 95, 96, 97, 98, 99, 100, 101, 102, 103, 104, 105, 106]","[65, 66, 67, 68, 69, 70, 71, 72, 73, 74, 75, 76, 77, 78]",35,71,3375.856883685186,6556.746739109703,6512.627103378515,True,heldout_improvement,0.014436224999371916,1.8189894035458565e-12,-3.0522500000000337,B
107,2025-04-18,2025-04-18 12:00:00,12,107,70,2025-04-18 12:00:00,2025-04-18 12:00:00,"[79, 80, 81, 82, 83, 84, 85, 86, 87, 88, 89, 90, 91, 92, 93, 94, 95, 96, 97, 98, 99, 100, 101, 102, 103, 104, 105, 106]","[65, 66, 67, 68, 69, 70, 71, 72, 73, 74, 75, 76, 77, 78]",71,107,10800.0,6687.244486156801,6687.244486156801,False,keep_no_improvement_or_insufficient_history,0.01217870699474588,9.094947017729282e-13,-4.7942041666666455,B
107,2025-04-18,2025-04-18 18:00:00,18,107,106,2025-04-18 18:00:00,2025-04-18 18:00:00,"[79, 80, 81, 82, 83, 84, 85, 86, 87, 88, 89, 90, 91, 92, 93, 94, 95, 96, 97, 98, 99, 100, 101, 102, 103, 104, 105, 106]","[65, 66, 67, 68, 69, 70, 71, 72, 73, 74, 75, 76, 77, 78]",107,144,10490.577944444445,3422.4386290877696,3421.5706419397825,True,heldout_improvement,0.011350523971486837,0.0,-14.10484583333338,B
108,2025-04-19,2025-04-19 06:00:00,6,108,34,2025-04-19 06:00:00,2025-04-19 06:00:00,"[80, 81, 82, 83, 84, 85, 86, 87, 88, 89, 90, 91, 92, 93, 94, 95, 96, 97, 98, 99, 100, 101, 102, 103, 104, 105, 106, 107]","[66, 67, 68, 69, 70, 71, 72, 73, 74, 75, 76, 77, 78, 79]",35,71,3113.2194307916657,6322.580911963029,5929.234859238576,True,heldout_improvement,0.053287696035113186,1.8274655784374136e-12,1.3850666666666407,B
108,2025-04-19,2025-04-19 12:00:00,12,108,70,2025-04-19 12:00:00,2025-04-19 12:00:00,"[80, 81, 82, 83, 84, 85, 86, 87, 88, 89, 90, 91, 92, 93, 94, 95, 96, 97, 98, 99, 100, 101, 102, 103, 104, 105, 106, 107]","[66, 67, 68, 69, 70, 71, 72, 73, 74, 75, 76, 77, 78, 79]",71,107,10800.0,6919.615739948225,6647.331361533906,True,heldout_improvement,0.012409667018800974,1.8189894035458565e-12,1.5016375000000153,B
108,2025-04-19,2025-04-19 18:00:00,18,108,106,2025-04-19 18:00:00,2025-04-19 18:00:00,"[80, 81, 82, 83, 84, 85, 86, 87, 88, 89, 90, 91, 92, 93, 94, 95, 96, 97, 98, 99, 100, 101, 102, 103, 104, 105, 106, 107]","[66, 67, 68, 69, 70, 71, 72, 73, 74, 75, 76, 77, 78, 79]",107,144,10618.757631890721,3499.0182670717854,3497.5904022718555,True,heldout_improvement,0.011724155978299677,0.0,-16.70849166666668,B
109,2025-04-20,2025-04-20 06:00:00,6,109,34,2025-04-20 06:00:00,2025-04-20 06:00:00,"[81, 82, 83, 84, 85, 86, 87, 88, 89, 90, 91, 92, 93, 94, 95, 96, 97, 98, 99, 100, 101, 102, 103, 104, 105, 106, 107, 108]","[67, 68, 69, 70, 71, 72, 73, 74, 75, 76, 77, 78, 79, 80]",35,71,9350.961280388889,35710.34031079146,33261.06520262941,True,heldout_improvement,0.03580790397245437,1.8189894035458565e-12,10.97904166666668,B
109,2025-04-20,2025-04-20 12:00:00,12,109,70,2025-04-20 12:00:00,2025-04-20 12:00:00,"[81, 82, 83, 84, 85, 86, 87, 88, 89, 90, 91, 92, 93, 94, 95, 96, 97, 98, 99, 100, 101, 102, 103, 104, 105, 106, 107, 108]","[67, 68, 69, 70, 71, 72, 73, 74, 75, 76, 77, 78, 79, 80]",71,107,5344.66166185998,25821.21671994502,23045.29550102866,True,heldout_improvement,0.025305457995273173,1.8189894035458565e-12,1.3703583333333427,B
109,2025-04-20,2025-04-20 18:00:00,18,109,106,2025-04-20 18:00:00,2025-04-20 18:00:00,"[81, 82, 83, 84, 85, 86, 87, 88, 89, 90, 91, 92, 93, 94, 95, 96, 97, 98, 99, 100, 101, 102, 103, 104, 105, 106, 107, 108]","[67, 68, 69, 70, 71, 72, 73, 74, 75, 76, 77, 78, 79, 80]",107,144,10800.0,11448.816713297381,11534.730805109928,False,keep_no_improvement_or_insufficient_history,0.011755927989725024,2.717825964282383e-13,-10.318354166666646,B
110,2025-04-21,2025-04-21 06:00:00,6,110,34,2025-04-21 06:00:00,2025-04-21 06:00:00,"[82, 83, 84, 85, 86, 87, 88, 89, 90, 91, 92, 93, 94, 95, 96, 97, 98, 99, 100, 101, 102, 103, 104, 105, 106, 107, 108, 109]","[68, 69, 70, 71, 72, 73, 74, 75, 76, 77, 78, 79, 80, 81]",35,71,10419.63638688889,21645.498008521517,21645.498008521517,False,keep_no_improvement_or_insufficient_history,0.023561628011520952,1.8189894035458565e-12,11.355766666666682,B
110,2025-04-21,2025-04-21 12:00:00,12,110,70,2025-04-21 12:00:00,2025-04-21 12:00:00,"[82, 83, 84, 85, 86, 87, 88, 89, 90, 91, 92, 93, 94, 95, 96, 97, 98, 99, 100, 101, 102, 103, 104, 105, 106, 107, 108, 109]","[68, 69, 70, 71, 72, 73, 74, 75, 76, 77, 78, 79, 80, 81]",71,107,6482.7582391111155,22303.11473886423,22163.40065009703,True,heldout_improvement,0.018388110038358718,9.094947017729282e-13,13.141291666666651,B
110,2025-04-21,2025-04-21 18:00:00,18,110,106,2025-04-21 18:00:00,2025-04-21 18:00:00,"[82, 83, 84, 85, 86, 87, 88, 89, 90, 91, 92, 93, 94, 95, 96, 97, 98, 99, 100, 101, 102, 103, 104, 105, 106, 107, 108, 109]","[68, 69, 70, 71, 72, 73, 74, 75, 76, 77, 78, 79, 80, 81]",107,144,10800.0,11647.977597504838,11660.081995275785,False,keep_no_improvement_or_insufficient_history,0.012050601013470441,2.4300561562995426e-12,5.108004166666659,B
111,2025-04-22,2025-04-22 06:00:00,6,111,34,2025-04-22 06:00:00,2025-04-22 06:00:00,"[83, 84, 85, 86, 87, 88, 89, 90, 91, 92, 93, 94, 95, 96, 97, 98, 99, 100, 101, 102, 103, 104, 105, 106, 107, 108, 109, 110]","[69, 70, 71, 72, 73, 74, 75, 76, 77, 78, 79, 80, 81, 82]",35,71,9709.455444074072,36598.54429554026,30126.02619668857,True,heldout_improvement,0.03393673896789551,1.8189894035458565e-12,3.419583333333321,B
111,2025-04-22,2025-04-22 12:00:00,12,111,70,2025-04-22 12:00:00,2025-04-22 12:00:00,"[83, 84, 85, 86, 87, 88, 89, 90, 91, 92, 93, 94, 95, 96, 97, 98, 99, 100, 101, 102, 103, 104, 105, 106, 107, 108, 109, 110]","[69, 70, 71, 72, 73, 74, 75, 76, 77, 78, 79, 80, 81, 82]",71,107,7542.972762075618,22440.600106285066,21957.083907061366,True,heldout_improvement,0.037322133022826165,1.5575096767861396e-11,12.30882916666663,B
111,2025-04-22,2025-04-22 18:00:00,18,111,106,2025-04-22 18:00:00,2025-04-22 18:00:00,"[83, 84, 85, 86, 87, 88, 89, 90, 91, 92, 93, 94, 95, 96, 97, 98, 99, 100, 101, 102, 103, 104, 105, 106, 107, 108, 109, 110]","[69, 70, 71, 72, 73, 74, 75, 76, 77, 78, 79, 80, 81, 82]",107,144,10800.0,11491.16930521111,11585.480576223214,False,keep_no_improvement_or_insufficient_history,0.01435315900016576,1.8189894035458565e-12,-12.316358333333255,B
112,2025-04-23,2025-04-23 06:00:00,6,112,34,2025-04-23 06:00:00,2025-04-23 06:00:00,"[84, 85, 86, 87, 88, 89, 90, 91, 92, 93, 94, 95, 96, 97, 98, 99, 100, 101, 102, 103, 104, 105, 106, 107, 108, 109, 110, 111]","[70, 71, 72, 73, 74, 75, 76, 77, 78, 79, 80, 81, 82, 83]",35,71,10094.475537037037,25753.672993036602,25753.672993036602,False,keep_no_improvement_or_insufficient_history,0.028005914005916566,1.8189894035458565e-12,4.344999999999989,B
112,2025-04-23,2025-04-23 12:00:00,12,112,70,2025-04-23 12:00:00,2025-04-23 12:00:00,"[84, 85, 86, 87, 88, 89, 90, 91, 92, 93, 94, 95, 96, 97, 98, 99, 100, 101, 102, 103, 104, 105, 106, 107, 108, 109, 110, 111]","[70, 71, 72, 73, 74, 75, 76, 77, 78, 79, 80, 81, 82, 83]",71,107,6344.236918703704,21211.947184771307,21269.678525276333,False,keep_no_improvement_or_insufficient_history,0.026305317995138466,1.8189894035458565e-12,5.94954166666677,B
112,2025-04-23,2025-04-23 18:00:00,18,112,106,2025-04-23 18:00:00,2025-04-23 18:00:00,"[84, 85, 86, 87, 88, 89, 90, 91, 92, 93, 94, 95, 96, 97, 98, 99, 100, 101, 102, 103, 104, 105, 106, 107, 108, 109, 110, 111]","[70, 71, 72, 73, 74, 75, 76, 77, 78, 79, 80, 81, 82, 83]",107,144,10713.523101333334,12033.584555288677,12023.241320525121,True,heldout_improvement,0.012833407032303512,9.094947017729282e-13,12.20623333333333,B
113,2025-04-24,2025-04-24 06:00:00,6,113,34,2025-04-24 06:00:00,2025-04-24 06:00:00,"[85, 86, 87, 88, 89, 90, 91, 92, 93, 94, 95, 96, 97, 98, 99, 100, 101, 102, 103, 104, 105, 106, 107, 108, 109, 110, 111, 112]","[71, 72, 73, 74, 75, 76, 77, 78, 79, 80, 81, 82, 83, 84]",35,71,10498.456692466965,20918.578204709083,20461.844397881126,True,heldout_improvement,0.024931745021604,2.9558577807620168e-12,-13.942604166666683,B
113,2025-04-24,2025-04-24 12:00:00,12,113,70,2025-04-24 12:00:00,2025-04-24 12:00:00,"[85, 86, 87, 88, 89, 90, 91, 92, 93, 94, 95, 96, 97, 98, 99, 100, 101, 102, 103, 104, 105, 106, 107, 108, 109, 110, 111, 112]","[71, 72, 73, 74, 75, 76, 77, 78, 79, 80, 81, 82, 83, 84]",71,107,7044.766611541041,21772.937067688243,20516.08284225076,True,heldout_improvement,0.03644572803750634,1.8189894035458565e-12,-4.239866666666709,B
113,2025-04-24,2025-04-24 18:00:00,18,113,106,2025-04-24 18:00:00,2025-04-24 18:00:00,"[85, 86, 87, 88, 89, 90, 91, 92, 93, 94, 95, 96, 97, 98, 99, 100, 101, 102, 103, 104, 105, 106, 107, 108, 109, 110, 111, 112]","[71, 72, 73, 74, 75, 76, 77, 78, 79, 80, 81, 82, 83, 84]",107,144,10677.898835185186,11897.095856469252,12042.690404702418,False,keep_no_improvement_or_insufficient_history,0.011952444037888199,4.547473508864641e-13,10.381199999999959,B
114,2025-04-25,2025-04-25 06:00:00,6,114,34,2025-04-25 06:00:00,2025-04-25 06:00:00,"[86, 87, 88, 89, 90, 91, 92, 93, 94, 95, 96, 97, 98, 99, 100, 101, 102, 103, 104, 105, 106, 107, 108, 109, 110, 111, 112, 113]","[72, 73, 74, 75, 76, 77, 78, 79, 80, 81, 82, 83, 84, 85]",35,71,3554.045443277951,4877.937117878694,4877.937117878694,False,keep_no_improvement_or_insufficient_history,0.01402301003690809,3.637978807091713e-12,-7.686095833333335,B
114,2025-04-25,2025-04-25 12:00:00,12,114,70,2025-04-25 12:00:00,2025-04-25 12:00:00,"[86, 87, 88, 89, 90, 91, 92, 93, 94, 95, 96, 97, 98, 99, 100, 101, 102, 103, 104, 105, 106, 107, 108, 109, 110, 111, 112, 113]","[72, 73, 74, 75, 76, 77, 78, 79, 80, 81, 82, 83, 84, 85]",71,107,10800.0,4622.193440814343,4622.962400874725,False,keep_no_improvement_or_insufficient_history,0.012094819045159966,2.2737367544323206e-12,1.4430749999999837,B
114,2025-04-25,2025-04-25 18:00:00,18,114,106,2025-04-25 18:00:00,2025-04-25 18:00:00,"[86, 87, 88, 89, 90, 91, 92, 93, 94, 95, 96, 97, 98, 99, 100, 101, 102, 103, 104, 105, 106, 107, 108, 109, 110, 111, 112, 113]","[72, 73, 74, 75, 76, 77, 78, 79, 80, 81, 82, 83, 84, 85]",107,144,10354.972368564244,4219.949820668739,4421.99860872645,False,keep_no_improvement_or_insufficient_history,0.011342752957716584,0.0,24.007875000000013,B
115,2025-04-26,2025-04-26 06:00:00,6,115,34,2025-04-26 06:00:00,2025-04-26 06:00:00,"[87, 88, 89, 90, 91, 92, 93, 94, 95, 96, 97, 98, 99, 100, 101, 102, 103, 104, 105, 106, 107, 108, 109, 110, 111, 112, 113, 114]","[73, 74, 75, 76, 77, 78, 79, 80, 81, 82, 83, 84, 85, 86]",35,71,2805.1875052407386,4460.9858561001365,4460.9858561001365,False,keep_no_improvement_or_insufficient_history,0.0485839499742724,1.8189894035458565e-12,-7.09969166666671,B
115,2025-04-26,2025-04-26 12:00:00,12,115,70,2025-04-26 12:00:00,2025-04-26 12:00:00,"[87, 88, 89, 90, 91, 92, 93, 94, 95, 96, 97, 98, 99, 100, 101, 102, 103, 104, 105, 106, 107, 108, 109, 110, 111, 112, 113, 114]","[73, 74, 75, 76, 77, 78, 79, 80, 81, 82, 83, 84, 85, 86]",71,107,10800.0,7631.300084995506,5865.612447306259,True,heldout_improvement,0.011950977030210197,1.8189894035458565e-12,9.52656250000003,B
115,2025-04-26,2025-04-26 18:00:00,18,115,106,2025-04-26 18:00:00,2025-04-26 18:00:00,"[87, 88, 89, 90, 91, 92, 93, 94, 95, 96, 97, 98, 99, 100, 101, 102, 103, 104, 105, 106, 107, 108, 109, 110, 111, 112, 113, 114]","[73, 74, 75, 76, 77, 78, 79, 80, 81, 82, 83, 84, 85, 86]",107,144,10636.608960932102,3405.2134182544137,3404.071245145706,True,heldout_improvement,0.012240696989465505,0.0,-10.247083333333308,B
116,2025-04-27,2025-04-27 06:00:00,6,116,34,2025-04-27 06:00:00,2025-04-27 06:00:00,"[88, 89, 90, 91, 92, 93, 94, 95, 96, 97, 98, 99, 100, 101, 102, 103, 104, 105, 106, 107, 108, 109, 110, 111, 112, 113, 114, 115]","[74, 75, 76, 77, 78, 79, 80, 81, 82, 83, 84, 85, 86, 87]",35,71,9066.292010117288,26277.769782490755,23226.07200661443,True,heldout_improvement,0.03254052600823343,1.8189894035458565e-12,-15.342858333333346,B
116,2025-04-27,2025-04-27 12:00:00,12,116,70,2025-04-27 12:00:00,2025-04-27 12:00:00,"[88, 89, 90, 91, 92, 93, 94, 95, 96, 97, 98, 99, 100, 101, 102, 103, 104, 105, 106, 107, 108, 109, 110, 111, 112, 113, 114, 115]","[74, 75, 76, 77, 78, 79, 80, 81, 82, 83, 84, 85, 86, 87]",71,107,6879.025287524695,18182.899647693797,18175.400608096697,True,heldout_improvement,0.03947633097413927,3.524291969370097e-12,-16.675691666666655,B
116,2025-04-27,2025-04-27 18:00:00,18,116,106,2025-04-27 18:00:00,2025-04-27 18:00:00,"[88, 89, 90, 91, 92, 93, 94, 95, 96, 97, 98, 99, 100, 101, 102, 103, 104, 105, 106, 107, 108, 109, 110, 111, 112, 113, 114, 115]","[74, 75, 76, 77, 78, 79, 80, 81, 82, 83, 84, 85, 86, 87]",107,144,9682.555869643746,16964.860789497652,13740.468434429959,True,heldout_improvement,0.011462153983302414,0.0,10.914933333333313,B
117,2025-04-28,2025-04-28 06:00:00,6,117,34,2025-04-28 06:00:00,2025-04-28 06:00:00,"[89, 90, 91, 92, 93, 94, 95, 96, 97, 98, 99, 100, 101, 102, 103, 104, 105, 106, 107, 108, 109, 110, 111, 112, 113, 114, 115, 116]","[75, 76, 77, 78, 79, 80, 81, 82, 83, 84, 85, 86, 87, 88]",35,71,9365.35733475881,69028.95007337288,34677.19079773852,True,heldout_improvement,0.02089052798692137,1.8189894035458565e-12,-18.1580333333333,B
117,2025-04-28,2025-04-28 12:00:00,12,117,70,2025-04-28 12:00:00,2025-04-28 12:00:00,"[89, 90, 91, 92, 93, 94, 95, 96, 97, 98, 99, 100, 101, 102, 103, 104, 105, 106, 107, 108, 109, 110, 111, 112, 113, 114, 115, 116]","[75, 76, 77, 78, 79, 80, 81, 82, 83, 84, 85, 86, 87, 88]",71,107,10080.795181962967,25067.14080075684,21236.21324269956,True,heldout_improvement,0.031892842031084,1.8189894035458565e-12,13.02082083333327,B
117,2025-04-28,2025-04-28 18:00:00,18,117,106,2025-04-28 18:00:00,2025-04-28 18:00:00,"[89, 90, 91, 92, 93, 94, 95, 96, 97, 98, 99, 100, 101, 102, 103, 104, 105, 106, 107, 108, 109, 110, 111, 112, 113, 114, 115, 116]","[75, 76, 77, 78, 79, 80, 81, 82, 83, 84, 85, 86, 87, 88]",107,144,10800.0,11386.584913442173,11398.10198214847,False,keep_no_improvement_or_insufficient_history,0.011539007013197988,6.821210263296962e-13,-6.6936375000000226,B
118,2025-04-29,2025-04-29 06:00:00,6,118,34,2025-04-29 06:00:00,2025-04-29 06:00:00,"[90, 91, 92, 93, 94, 95, 96, 97, 98, 99, 100, 101, 102, 103, 104, 105, 106, 107, 108, 109, 110, 111, 112, 113, 114, 115, 116, 117]","[76, 77, 78, 79, 80, 81, 82, 83, 84, 85, 86, 87, 88, 89]",35,71,9695.172435185186,21045.72653437267,21045.72653437267,False,keep_no_improvement_or_insufficient_history,0.03810907696606591,1.8189894035458565e-12,4.71264999999994,B
118,2025-04-29,2025-04-29 12:00:00,12,118,70,2025-04-29 12:00:00,2025-04-29 12:00:00,"[90, 91, 92, 93, 94, 95, 96, 97, 98, 99, 100, 101, 102, 103, 104, 105, 106, 107, 108, 109, 110, 111, 112, 113, 114, 115, 116, 117]","[76, 77, 78, 79, 80, 81, 82, 83, 84, 85, 86, 87, 88, 89]",71,107,8516.919822777782,19575.57188839442,19545.04860040756,True,heldout_improvement,0.03903906198684126,1.8189894035458565e-12,-3.2899249999999634,B
118,2025-04-29,2025-04-29 18:00:00,18,118,106,2025-04-29 18:00:00,2025-04-29 18:00:00,"[90, 91, 92, 93, 94, 95, 96, 97, 98, 99, 100, 101, 102, 103, 104, 105, 106, 107, 108, 109, 110, 111, 112, 113, 114, 115, 116, 117]","[76, 77, 78, 79, 80, 81, 82, 83, 84, 85, 86, 87, 88, 89]",107,144,10785.710910702928,11478.770144783626,11455.190129936662,True,heldout_improvement,0.015402097022160888,2.2737367544323206e-13,-11.410716666666758,B
119,2025-04-30,2025-04-30 06:00:00,6,119,34,2025-04-30 06:00:00,2025-04-30 06:00:00,"[91, 92, 93, 94, 95, 96, 97, 98, 99, 100, 101, 102, 103, 104, 105, 106, 107, 108, 109, 110, 111, 112, 113, 114, 115, 116, 117, 118]","[77, 78, 79, 80, 81, 82, 83, 84, 85, 86, 87, 88, 89, 90]",35,71,10562.01772200463,21552.28005928663,20936.868288004156,True,heldout_improvement,0.025119743950199336,2.7284841053187847e-12,-16.48313749999996,B
119,2025-04-30,2025-04-30 12:00:00,12,119,70,2025-04-30 12:00:00,2025-04-30 12:00:00,"[91, 92, 93, 94, 95, 96, 97, 98, 99, 100, 101, 102, 103, 104, 105, 106, 107, 108, 109, 110, 111, 112, 113, 114, 115, 116, 117, 118]","[77, 78, 79, 80, 81, 82, 83, 84, 85, 86, 87, 88, 89, 90]",71,107,7548.910040337965,20671.004632187814,19444.895006445462,True,heldout_improvement,0.03545801999280229,1.8189894035458565e-12,4.6012041666667,B
119,2025-04-30,2025-04-30 18:00:00,18,119,106,2025-04-30 18:00:00,2025-04-30 18:00:00,"[91, 92, 93, 94, 95, 96, 97, 98, 99, 100, 101, 102, 103, 104, 105, 106, 107, 108, 109, 110, 111, 112, 113, 114, 115, 116, 117, 118]","[77, 78, 79, 80, 81, 82, 83, 84, 85, 86, 87, 88, 89, 90]",107,144,10693.089588889768,11431.6181439835,11429.283452066624,True,heldout_improvement,0.013145423959940672,9.094947017729282e-13,-7.9545083333332505,B
120,2025-05-01,2025-05-01 06:00:00,6,120,34,2025-05-01 06:00:00,2025-05-01 06:00:00,"[92, 93, 94, 95, 96, 97, 98, 99, 100, 101, 102, 103, 104, 105, 106, 107, 108, 109, 110, 111, 112, 113, 114, 115, 116, 117, 118, 119]","[78, 79, 80, 81, 82, 83, 84, 85, 86, 87, 88, 89, 90, 91]",35,71,8782.282407238481,27002.661634395346,23421.65525544531,True,heldout_improvement,0.024535745033062994,1.8189894035458565e-12,5.88828749999997,B
120,2025-05-01,2025-05-01 12:00:00,12,120,70,2025-05-01 12:00:00,2025-05-01 12:00:00,"[92, 93, 94, 95, 96, 97, 98, 99, 100, 101, 102, 103, 104, 105, 106, 107, 108, 109, 110, 111, 112, 113, 114, 115, 116, 117, 118, 119]","[78, 79, 80, 81, 82, 83, 84, 85, 86, 87, 88, 89, 90, 91]",71,107,7072.667549504943,20138.438479831133,19444.260262651107,True,heldout_improvement,0.0409921039827168,9.094947017729282e-13,-14.548570833333315,B
120,2025-05-01,2025-05-01 18:00:00,18,120,106,2025-05-01 18:00:00,2025-05-01 18:00:00,"[92, 93, 94, 95, 96, 97, 98, 99, 100, 101, 102, 103, 104, 105, 106, 107, 108, 109, 110, 111, 112, 113, 114, 115, 116, 117, 118, 119]","[78, 79, 80, 81, 82, 83, 84, 85, 86, 87, 88, 89, 90, 91]",107,144,9949.818366397374,19770.04760233634,14664.206052798136,True,heldout_improvement,0.011638547002803534,0.0,34.75550833333333,B
121,2025-05-02,2025-05-02 06:00:00,6,121,34,2025-05-02 06:00:00,2025-05-02 06:00:00,"[93, 94, 95, 96, 97, 98, 99, 100, 101, 102, 103, 104, 105, 106, 107, 108, 109, 110, 111, 112, 113, 114, 115, 116, 117, 118, 119, 120]","[79, 80, 81, 82, 83, 84, 85, 86, 87, 88, 89, 90, 91, 92]",35,71,2641.17469479398,9421.356418427093,8597.120782404198,True,heldout_improvement,0.024329288979060948,3.524291969370097e-12,6.306120833333314,B
121,2025-05-02,2025-05-02 12:00:00,12,121,70,2025-05-02 12:00:00,2025-05-02 12:00:00,"[93, 94, 95, 96, 97, 98, 99, 100, 101, 102, 103, 104, 105, 106, 107, 108, 109, 110, 111, 112, 113, 114, 115, 116, 117, 118, 119, 120]","[79, 80, 81, 82, 83, 84, 85, 86, 87, 88, 89, 90, 91, 92]",71,107,10800.0,7933.750298411405,5959.033519226393,True,heldout_improvement,0.012443898944184184,1.8189894035458565e-12,7.913045833333323,B
121,2025-05-02,2025-05-02 18:00:00,18,121,106,2025-05-02 18:00:00,2025-05-02 18:00:00,"[93, 94, 95, 96, 97, 98, 99, 100, 101, 102, 103, 104, 105, 106, 107, 108, 109, 110, 111, 112, 113, 114, 115, 116, 117, 118, 119, 120]","[79, 80, 81, 82, 83, 84, 85, 86, 87, 88, 89, 90, 91, 92]",107,144,10258.571267274692,7720.950785317419,5767.018969877226,True,heldout_improvement,0.010849826037883759,9.094947017729282e-13,39.66737499999999,B
122,2025-05-03,2025-05-03 06:00:00,6,122,34,2025-05-03 06:00:00,2025-05-03 06:00:00,"[94, 95, 96, 97, 98, 99, 100, 101, 102, 103, 104, 105, 106, 107, 108, 109, 110, 111, 112, 113, 114, 115, 116, 117, 118, 119, 120, 121]","[80, 81, 82, 83, 84, 85, 86, 87, 88, 89, 90, 91, 92, 93]",35,71,2780.3069121296303,6120.847066298499,6049.99756839631,True,heldout_improvement,0.025060624990146607,1.8189894035458565e-12,3.769095833333343,B
122,2025-05-03,2025-05-03 12:00:00,12,122,70,2025-05-03 12:00:00,2025-05-03 12:00:00,"[94, 95, 96, 97, 98, 99, 100, 101, 102, 103, 104, 105, 106, 107, 108, 109, 110, 111, 112, 113, 114, 115, 116, 117, 118, 119, 120, 121]","[80, 81, 82, 83, 84, 85, 86, 87, 88, 89, 90, 91, 92, 93]",71,107,10800.0,5750.879094604891,5733.776463941767,True,heldout_improvement,0.012551873049233109,1.8189894035458565e-12,3.9279458333333346,B
122,2025-05-03,2025-05-03 18:00:00,18,122,106,2025-05-03 18:00:00,2025-05-03 18:00:00,"[94, 95, 96, 97, 98, 99, 100, 101, 102, 103, 104, 105, 106, 107, 108, 109, 110, 111, 112, 113, 114, 115, 116, 117, 118, 119, 120, 121]","[80, 81, 82, 83, 84, 85, 86, 87, 88, 89, 90, 91, 92, 93]",107,144,10143.295099756173,5781.000213256407,5822.169273111512,False,keep_no_improvement_or_insufficient_history,0.012168567976914346,0.0,56.592983333333294,B
123,2025-05-04,2025-05-04 06:00:00,6,123,34,2025-05-04 06:00:00,2025-05-04 06:00:00,"[95, 96, 97, 98, 99, 100, 101, 102, 103, 104, 105, 106, 107, 108, 109, 110, 111, 112, 113, 114, 115, 116, 117, 118, 119, 120, 121, 122]","[81, 82, 83, 84, 85, 86, 87, 88, 89, 90, 91, 92, 93, 94]",35,71,10493.370034484677,23587.501478704526,23054.364686918074,True,heldout_improvement,0.06963219604222104,1.8189894035458565e-12,8.525537500000041,B
123,2025-05-04,2025-05-04 12:00:00,12,123,70,2025-05-04 12:00:00,2025-05-04 12:00:00,"[95, 96, 97, 98, 99, 100, 101, 102, 103, 104, 105, 106, 107, 108, 109, 110, 111, 112, 113, 114, 115, 116, 117, 118, 119, 120, 121, 122]","[81, 82, 83, 84, 85, 86, 87, 88, 89, 90, 91, 92, 93, 94]",71,107,8292.703005410604,22676.77852467651,21114.312343471498,True,heldout_improvement,0.035776294011157006,1.8189894035458565e-12,14.664654166666649,B
123,2025-05-04,2025-05-04 18:00:00,18,123,106,2025-05-04 18:00:00,2025-05-04 18:00:00,"[95, 96, 97, 98, 99, 100, 101, 102, 103, 104, 105, 106, 107, 108, 109, 110, 111, 112, 113, 114, 115, 116, 117, 118, 119, 120, 121, 122]","[81, 82, 83, 84, 85, 86, 87, 88, 89, 90, 91, 92, 93, 94]",107,144,9211.173607824847,20638.87678570326,16076.484543509641,True,heldout_improvement,0.012103289016522467,2.2737367544323206e-13,59.7529666666666,B
124,2025-05-05,2025-05-05 06:00:00,6,124,34,2025-05-05 06:00:00,2025-05-05 06:00:00,"[96, 97, 98, 99, 100, 101, 102, 103, 104, 105, 106, 107, 108, 109, 110, 111, 112, 113, 114, 115, 116, 117, 118, 119, 120, 121, 122, 123]","[82, 83, 84, 85, 86, 87, 88, 89, 90, 91, 92, 93, 94, 95]",35,71,10174.11925925926,25233.30890678934,23076.619835366222,True,heldout_improvement,0.03413219301728532,1.8189894035458565e-12,0.39676250000002256,B
124,2025-05-05,2025-05-05 12:00:00,12,124,70,2025-05-05 12:00:00,2025-05-05 12:00:00,"[96, 97, 98, 99, 100, 101, 102, 103, 104, 105, 106, 107, 108, 109, 110, 111, 112, 113, 114, 115, 116, 117, 118, 119, 120, 121, 122, 123]","[82, 83, 84, 85, 86, 87, 88, 89, 90, 91, 92, 93, 94, 95]",71,107,6463.5075064861285,20573.736287608353,20778.09246257679,False,keep_no_improvement_or_insufficient_history,0.03813710302347317,2.7284841053187847e-12,6.530100000000023,B
124,2025-05-05,2025-05-05 18:00:00,18,124,106,2025-05-05 18:00:00,2025-05-05 18:00:00,"[96, 97, 98, 99, 100, 101, 102, 103, 104, 105, 106, 107, 108, 109, 110, 111, 112, 113, 114, 115, 116, 117, 118, 119, 120, 121, 122, 123]","[82, 83, 84, 85, 86, 87, 88, 89, 90, 91, 92, 93, 94, 95]",107,144,10298.768094444444,13434.186262396159,13597.672021808572,False,keep_no_improvement_or_insufficient_history,0.012055961007717997,9.094947017729282e-13,36.48248333333337,B
125,2025-05-06,2025-05-06 06:00:00,6,125,34,2025-05-06 06:00:00,2025-05-06 06:00:00,"[97, 98, 99, 100, 101, 102, 103, 104, 105, 106, 107, 108, 109, 110, 111, 112, 113, 114, 115, 116, 117, 118, 119, 120, 121, 122, 123, 124]","[83, 84, 85, 86, 87, 88, 89, 90, 91, 92, 93, 94, 95, 96]",35,71,9812.541983518522,21580.53273783712,21580.53273783712,False,keep_no_improvement_or_insufficient_history,0.03649633500026539,1.8189894035458565e-12,12.355141666666668,B
125,2025-05-06,2025-05-06 12:00:00,12,125,70,2025-05-06 12:00:00,2025-05-06 12:00:00,"[97, 98, 99, 100, 101, 102, 103, 104, 105, 106, 107, 108, 109, 110, 111, 112, 113, 114, 115, 116, 117, 118, 119, 120, 121, 122, 123, 124]","[83, 84, 85, 86, 87, 88, 89, 90, 91, 92, 93, 94, 95, 96]",71,107,5071.224051481486,21326.48399216374,21222.030445034346,True,heldout_improvement,0.02607663703383878,1.8189894035458565e-12,10.769287499999942,B
125,2025-05-06,2025-05-06 18:00:00,18,125,106,2025-05-06 18:00:00,2025-05-06 18:00:00,"[97, 98, 99, 100, 101, 102, 103, 104, 105, 106, 107, 108, 109, 110, 111, 112, 113, 114, 115, 116, 117, 118, 119, 120, 121, 122, 123, 124]","[83, 84, 85, 86, 87, 88, 89, 90, 91, 92, 93, 94, 95, 96]",107,144,9663.341264429015,15183.983020595584,14695.299835360016,True,heldout_improvement,0.010817678004968911,1.8189894035458565e-12,45.089383333333366,B
126,2025-05-07,2025-05-07 06:00:00,6,126,34,2025-05-07 06:00:00,2025-05-07 06:00:00,"[98, 99, 100, 101, 102, 103, 104, 105, 106, 107, 108, 109, 110, 111, 112, 113, 114, 115, 116, 117, 118, 119, 120, 121, 122, 123, 124, 125]","[84, 85, 86, 87, 88, 89, 90, 91, 92, 93, 94, 95, 96, 97]",35,71,10256.276173236109,24185.661142319783,23404.99915408719,True,heldout_improvement,0.03107087902026251,1.8189894035458565e-12,6.451424999999971,B
126,2025-05-07,2025-05-07 12:00:00,12,126,70,2025-05-07 12:00:00,2025-05-07 12:00:00,"[98, 99, 100, 101, 102, 103, 104, 105, 106, 107, 108, 109, 110, 111, 112, 113, 114, 115, 116, 117, 118, 119, 120, 121, 122, 123, 124, 125]","[84, 85, 86, 87, 88, 89, 90, 91, 92, 93, 94, 95, 96, 97]",71,107,5956.05064508796,21644.7860114204,21787.98874170632,False,keep_no_improvement_or_insufficient_history,0.0264285960001871,1.8189894035458565e-12,-5.200466666666594,B
126,2025-05-07,2025-05-07 18:00:00,18,126,106,2025-05-07 18:00:00,2025-05-07 18:00:00,"[98, 99, 100, 101, 102, 103, 104, 105, 106, 107, 108, 109, 110, 111, 112, 113, 114, 115, 116, 117, 118, 119, 120, 121, 122, 123, 124, 125]","[84, 85, 86, 87, 88, 89, 90, 91, 92, 93, 94, 95, 96, 97]",107,144,9779.150023001828,17321.523971769675,15333.4979559185,True,heldout_improvement,0.014271827996708453,9.094947017729282e-13,58.48325416666671,B
127,2025-05-08,2025-05-08 06:00:00,6,127,34,2025-05-08 06:00:00,2025-05-08 06:00:00,"[99, 100, 101, 102, 103, 104, 105, 106, 107, 108, 109, 110, 111, 112, 113, 114, 115, 116, 117, 118, 119, 120, 121, 122, 123, 124, 125, 126]","[85, 86, 87, 88, 89, 90, 91, 92, 93, 94, 95, 96, 97, 98]",35,71,10156.224867462963,22632.722620597553,22671.71823248978,False,keep_no_improvement_or_insufficient_history,0.03252273902762681,1.8189894035458565e-12,4.193212499999996,B
127,2025-05-08,2025-05-08 12:00:00,12,127,70,2025-05-08 12:00:00,2025-05-08 12:00:00,"[99, 100, 101, 102, 103, 104, 105, 106, 107, 108, 109, 110, 111, 112, 113, 114, 115, 116, 117, 118, 119, 120, 121, 122, 123, 124, 125, 126]","[85, 86, 87, 88, 89, 90, 91, 92, 93, 94, 95, 96, 97, 98]",71,107,5493.020260425926,24543.480143013694,23783.719339301482,True,heldout_improvement,0.025736559997312725,1.8189894035458565e-12,15.72696250000005,B
127,2025-05-08,2025-05-08 18:00:00,18,127,106,2025-05-08 18:00:00,2025-05-08 18:00:00,"[99, 100, 101, 102, 103, 104, 105, 106, 107, 108, 109, 110, 111, 112, 113, 114, 115, 116, 117, 118, 119, 120, 121, 122, 123, 124, 125, 126]","[85, 86, 87, 88, 89, 90, 91, 92, 93, 94, 95, 96, 97, 98]",107,144,10308.665342459104,14583.66955047755,14571.896050083737,True,heldout_improvement,0.012156702985521406,4.547473508864641e-13,29.778933333333345,B
128,2025-05-09,2025-05-09 06:00:00,6,128,34,2025-05-09 06:00:00,2025-05-09 06:00:00,"[100, 101, 102, 103, 104, 105, 106, 107, 108, 109, 110, 111, 112, 113, 114, 115, 116, 117, 118, 119, 120, 121, 122, 123, 124, 125, 126, 127]","[86, 87, 88, 89, 90, 91, 92, 93, 94, 95, 96, 97, 98, 99]",35,71,3119.6493709791685,6773.87960897111,6773.87960897111,False,keep_no_improvement_or_insufficient_history,0.02595677797216922,1.8189894035458565e-12,-10.029741666666684,B
128,2025-05-09,2025-05-09 12:00:00,12,128,70,2025-05-09 12:00:00,2025-05-09 12:00:00,"[100, 101, 102, 103, 104, 105, 106, 107, 108, 109, 110, 111, 112, 113, 114, 115, 116, 117, 118, 119, 120, 121, 122, 123, 124, 125, 126, 127]","[86, 87, 88, 89, 90, 91, 92, 93, 94, 95, 96, 97, 98, 99]",71,107,10800.0,7389.562517447499,7383.721033093665,True,heldout_improvement,0.013371328997891396,1.8189894035458565e-12,14.579087499999975,B
128,2025-05-09,2025-05-09 18:00:00,18,128,106,2025-05-09 18:00:00,2025-05-09 18:00:00,"[100, 101, 102, 103, 104, 105, 106, 107, 108, 109, 110, 111, 112, 113, 114, 115, 116, 117, 118, 119, 120, 121, 122, 123, 124, 125, 126, 127]","[86, 87, 88, 89, 90, 91, 92, 93, 94, 95, 96, 97, 98, 99]",107,144,10257.029173456225,6349.197799539799,6243.972998541004,True,heldout_improvement,0.0115765500231646,9.094947017729282e-13,19.55387083333331,B
129,2025-05-10,2025-05-10 06:00:00,6,129,34,2025-05-10 06:00:00,2025-05-10 06:00:00,"[101, 102, 103, 104, 105, 106, 107, 108, 109, 110, 111, 112, 113, 114, 115, 116, 117, 118, 119, 120, 121, 122, 123, 124, 125, 126, 127, 128]","[87, 88, 89, 90, 91, 92, 93, 94, 95, 96, 97, 98, 99, 100]",35,71,1739.429076469486,10445.713442231043,8351.071993447014,True,heldout_improvement,0.024993875005748123,3.524291969370097e-12,5.018062500000004,B
129,2025-05-10,2025-05-10 12:00:00,12,129,70,2025-05-10 12:00:00,2025-05-10 12:00:00,"[101, 102, 103, 104, 105, 106, 107, 108, 109, 110, 111, 112, 113, 114, 115, 116, 117, 118, 119, 120, 121, 122, 123, 124, 125, 126, 127, 128]","[87, 88, 89, 90, 91, 92, 93, 94, 95, 96, 97, 98, 99, 100]",71,107,10800.0,6624.060555190311,6603.343159837175,True,heldout_improvement,0.012483383994549513,9.094947017729282e-13,-17.570704166666662,B
129,2025-05-10,2025-05-10 18:00:00,18,129,106,2025-05-10 18:00:00,2025-05-10 18:00:00,"[101, 102, 103, 104, 105, 106, 107, 108, 109, 110, 111, 112, 113, 114, 115, 116, 117, 118, 119, 120, 121, 122, 123, 124, 125, 126, 127, 128]","[87, 88, 89, 90, 91, 92, 93, 94, 95, 96, 97, 98, 99, 100]",107,144,10190.44338944676,6312.812315317147,6226.221516246893,True,heldout_improvement,0.011835700017400086,5.718447937397286e-11,17.699429166666693,B
130,2025-05-11,2025-05-11 06:00:00,6,130,34,2025-05-11 06:00:00,2025-05-11 06:00:00,"[102, 103, 104, 105, 106, 107, 108, 109, 110, 111, 112, 113, 114, 115, 116, 117, 118, 119, 120, 121, 122, 123, 124, 125, 126, 127, 128, 129]","[88, 89, 90, 91, 92, 93, 94, 95, 96, 97, 98, 99, 100, 101]",35,71,9083.251312074079,26270.166001842215,26033.391249426862,True,heldout_improvement,0.03467290400294587,1.8189894035458565e-12,21.448225000000015,B
130,2025-05-11,2025-05-11 12:00:00,12,130,70,2025-05-11 12:00:00,2025-05-11 12:00:00,"[102, 103, 104, 105, 106, 107, 108, 109, 110, 111, 112, 113, 114, 115, 116, 117, 118, 119, 120, 121, 122, 123, 124, 125, 126, 127, 128, 129]","[88, 89, 90, 91, 92, 93, 94, 95, 96, 97, 98, 99, 100, 101]",71,107,6867.456262689821,24055.309138976696,23083.993349217228,True,heldout_improvement,0.029040312976576388,7.16227077646181e-12,-0.933074999999917,B
130,2025-05-11,2025-05-11 18:00:00,18,130,106,2025-05-11 18:00:00,2025-05-11 18:00:00,"[102, 103, 104, 105, 106, 107, 108, 109, 110, 111, 112, 113, 114, 115, 116, 117, 118, 119, 120, 121, 122, 123, 124, 125, 126, 127, 128, 129]","[88, 89, 90, 91, 92, 93, 94, 95, 96, 97, 98, 99, 100, 101]",107,144,9871.92062788889,14725.197926921493,14691.361881402534,True,heldout_improvement,0.012859201000537723,4.547473508864641e-13,24.54212916666673,B
131,2025-05-12,2025-05-12 06:00:00,6,131,34,2025-05-12 06:00:00,2025-05-12 06:00:00,"[103, 104, 105, 106, 107, 108, 109, 110, 111, 112, 113, 114, 115, 116, 117, 118, 119, 120, 121, 122, 123, 124, 125, 126, 127, 128, 129, 130]","[89, 90, 91, 92, 93, 94, 95, 96, 97, 98, 99, 100, 101, 102]",35,71,9530.993269467173,23281.196410634173,23085.825707507895,True,heldout_improvement,0.03292998799588531,3.637978807091713e-12,-4.0908083333333325,B
131,2025-05-12,2025-05-12 12:00:00,12,131,70,2025-05-12 12:00:00,2025-05-12 12:00:00,"[103, 104, 105, 106, 107, 108, 109, 110, 111, 112, 113, 114, 115, 116, 117, 118, 119, 120, 121, 122, 123, 124, 125, 126, 127, 128, 129, 130]","[89, 90, 91, 92, 93, 94, 95, 96, 97, 98, 99, 100, 101, 102]",71,107,7946.871921144069,22790.784312303633,22417.693042464358,True,heldout_improvement,0.026653119013644755,1.8189894035458565e-12,2.0124958333333325,B
131,2025-05-12,2025-05-12 18:00:00,18,131,106,2025-05-12 18:00:00,2025-05-12 18:00:00,"[103, 104, 105, 106, 107, 108, 109, 110, 111, 112, 113, 114, 115, 116, 117, 118, 119, 120, 121, 122, 123, 124, 125, 126, 127, 128, 129, 130]","[89, 90, 91, 92, 93, 94, 95, 96, 97, 98, 99, 100, 101, 102]",107,144,9552.297506713696,15006.344061614884,15188.967287624986,False,keep_no_improvement_or_insufficient_history,0.023312316043302417,9.094947017729282e-13,29.784374999999955,B
132,2025-05-13,2025-05-13 06:00:00,6,132,34,2025-05-13 06:00:00,2025-05-13 06:00:00,"[104, 105, 106, 107, 108, 109, 110, 111, 112, 113, 114, 115, 116, 117, 118, 119, 120, 121, 122, 123, 124, 125, 126, 127, 128, 129, 130, 131]","[90, 91, 92, 93, 94, 95, 96, 97, 98, 99, 100, 101, 102, 103]",35,71,10059.722860175349,24583.020203523967,23591.668419694524,True,heldout_improvement,0.025165038998238742,2.3078428057488054e-11,-8.062524999999974,B
132,2025-05-13,2025-05-13 12:00:00,12,132,70,2025-05-13 12:00:00,2025-05-13 12:00:00,"[104, 105, 106, 107, 108, 109, 110, 111, 112, 113, 114, 115, 116, 117, 118, 119, 120, 121, 122, 123, 124, 125, 126, 127, 128, 129, 130, 131]","[90, 91, 92, 93, 94, 95, 96, 97, 98, 99, 100, 101, 102, 103]",71,107,5574.6369646197945,22983.275721901617,22964.04764567591,True,heldout_improvement,0.03007361199706793,2.660272002685815e-11,5.733945833333336,B
132,2025-05-13,2025-05-13 18:00:00,18,132,106,2025-05-13 18:00:00,2025-05-13 18:00:00,"[104, 105, 106, 107, 108, 109, 110, 111, 112, 113, 114, 115, 116, 117, 118, 119, 120, 121, 122, 123, 124, 125, 126, 127, 128, 129, 130, 131]","[90, 91, 92, 93, 94, 95, 96, 97, 98, 99, 100, 101, 102, 103]",107,144,9849.831011188271,14843.096923532295,14946.041656693244,False,keep_no_improvement_or_insufficient_history,0.012211383029352874,0.0,36.29023333333331,B
133,2025-05-14,2025-05-14 06:00:00,6,133,34,2025-05-14 06:00:00,2025-05-14 06:00:00,"[105, 106, 107, 108, 109, 110, 111, 112, 113, 114, 115, 116, 117, 118, 119, 120, 121, 122, 123, 124, 125, 126, 127, 128, 129, 130, 131, 132]","[91, 92, 93, 94, 95, 96, 97, 98, 99, 100, 101, 102, 103, 104]",35,71,9723.920288836414,27282.101939417862,25971.34368453621,True,heldout_improvement,0.03281135798897594,1.8189894035458565e-12,1.2741166666666384,B
133,2025-05-14,2025-05-14 12:00:00,12,133,70,2025-05-14 12:00:00,2025-05-14 12:00:00,"[105, 106, 107, 108, 109, 110, 111, 112, 113, 114, 115, 116, 117, 118, 119, 120, 121, 122, 123, 124, 125, 126, 127, 128, 129, 130, 131, 132]","[91, 92, 93, 94, 95, 96, 97, 98, 99, 100, 101, 102, 103, 104]",71,107,8254.422184263116,22115.833511319906,21304.05036813079,True,heldout_improvement,0.03557832899969071,1.8189894035458565e-12,-4.060474999999997,B
133,2025-05-14,2025-05-14 18:00:00,18,133,106,2025-05-14 18:00:00,2025-05-14 18:00:00,"[105, 106, 107, 108, 109, 110, 111, 112, 113, 114, 115, 116, 117, 118, 119, 120, 121, 122, 123, 124, 125, 126, 127, 128, 129, 130, 131, 132]","[91, 92, 93, 94, 95, 96, 97, 98, 99, 100, 101, 102, 103, 104]",107,144,9788.236340200616,16128.048324985371,15675.973013100287,True,heldout_improvement,0.011858783022034913,9.094947017729282e-13,40.442670833333295,B
134,2025-05-15,2025-05-15 06:00:00,6,134,34,2025-05-15 06:00:00,2025-05-15 06:00:00,"[106, 107, 108, 109, 110, 111, 112, 113, 114, 115, 116, 117, 118, 119, 120, 121, 122, 123, 124, 125, 126, 127, 128, 129, 130, 131, 132, 133]","[92, 93, 94, 95, 96, 97, 98, 99, 100, 101, 102, 103, 104, 105]",35,71,9889.544189712193,42308.497388426935,39429.72131298362,True,heldout_improvement,0.03421051299665123,1.8189894035458565e-12,-0.6537541666667344,B
134,2025-05-15,2025-05-15 12:00:00,12,134,70,2025-05-15 12:00:00,2025-05-15 12:00:00,"[106, 107, 108, 109, 110, 111, 112, 113, 114, 115, 116, 117, 118, 119, 120, 121, 122, 123, 124, 125, 126, 127, 128, 129, 130, 131, 132, 133]","[92, 93, 94, 95, 96, 97, 98, 99, 100, 101, 102, 103, 104, 105]",71,107,7688.244294156637,25330.80525337951,24226.460170686212,True,heldout_improvement,0.020206107001286,2.3874235921539366e-12,13.623333333333372,B
134,2025-05-15,2025-05-15 18:00:00,18,134,106,2025-05-15 18:00:00,2025-05-15 18:00:00,"[106, 107, 108, 109, 110, 111, 112, 113, 114, 115, 116, 117, 118, 119, 120, 121, 122, 123, 124, 125, 126, 127, 128, 129, 130, 131, 132, 133]","[92, 93, 94, 95, 96, 97, 98, 99, 100, 101, 102, 103, 104, 105]",107,144,10571.532650695219,15147.731300110569,15067.617840740892,True,heldout_improvement,0.012054702965542674,4.547473508864641e-13,6.741220833333348,B
135,2025-05-16,2025-05-16 06:00:00,6,135,34,2025-05-16 06:00:00,2025-05-16 06:00:00,"[107, 108, 109, 110, 111, 112, 113, 114, 115, 116, 117, 118, 119, 120, 121, 122, 123, 124, 125, 126, 127, 128, 129, 130, 131, 132, 133, 134]","[93, 94, 95, 96, 97, 98, 99, 100, 101, 102, 103, 104, 105, 106]",35,71,2937.2364114054326,7800.1491251169045,7800.1491251169045,False,keep_no_improvement_or_insufficient_history,0.026617254014126956,1.8189894035458565e-12,-2.600854166666636,B
135,2025-05-16,2025-05-16 12:00:00,12,135,70,2025-05-16 12:00:00,2025-05-16 12:00:00,"[107, 108, 109, 110, 111, 112, 113, 114, 115, 116, 117, 118, 119, 120, 121, 122, 123, 124, 125, 126, 127, 128, 129, 130, 131, 132, 133, 134]","[93, 94, 95, 96, 97, 98, 99, 100, 101, 102, 103, 104, 105, 106]",71,107,10800.0,7903.003899353641,7866.327007320943,True,heldout_improvement,0.012518602015916258,1.8189894035458565e-12,3.9286125000000234,B
135,2025-05-16,2025-05-16 18:00:00,18,135,106,2025-05-16 18:00:00,2025-05-16 18:00:00,"[107, 108, 109, 110, 111, 112, 113, 114, 115, 116, 117, 118, 119, 120, 121, 122, 123, 124, 125, 126, 127, 128, 129, 130, 131, 132, 133, 134]","[93, 94, 95, 96, 97, 98, 99, 100, 101, 102, 103, 104, 105, 106]",107,144,10458.964602854938,6421.252746854218,6235.999411701005,True,heldout_improvement,0.011665969039313495,4.547473508864641e-13,-9.326883333333322,B
136,2025-05-17,2025-05-17 06:00:00,6,136,34,2025-05-17 06:00:00,2025-05-17 06:00:00,"[108, 109, 110, 111, 112, 113, 114, 115, 116, 117, 118, 119, 120, 121, 122, 123, 124, 125, 126, 127, 128, 129, 130, 131, 132, 133, 134, 135]","[94, 95, 96, 97, 98, 99, 100, 101, 102, 103, 104, 105, 106, 107]",35,71,1200.0,12366.01126690821,9608.002488540236,True,heldout_improvement,0.04917091701645404,1.8189894035458565e-12,3.2703166666666825,B
136,2025-05-17,2025-05-17 12:00:00,12,136,70,2025-05-17 12:00:00,2025-05-17 12:00:00,"[108, 109, 110, 111, 112, 113, 114, 115, 116, 117, 118, 119, 120, 121, 122, 123, 124, 125, 126, 127, 128, 129, 130, 131, 132, 133, 134, 135]","[94, 95, 96, 97, 98, 99, 100, 101, 102, 103, 104, 105, 106, 107]",71,107,10800.0,8388.593167689489,8382.051686995448,True,heldout_improvement,0.012483169964980334,1.8189894035458565e-12,10.67373333333334,B
136,2025-05-17,2025-05-17 18:00:00,18,136,106,2025-05-17 18:00:00,2025-05-17 18:00:00,"[108, 109, 110, 111, 112, 113, 114, 115, 116, 117, 118, 119, 120, 121, 122, 123, 124, 125, 126, 127, 128, 129, 130, 131, 132, 133, 134, 135]","[94, 95, 96, 97, 98, 99, 100, 101, 102, 103, 104, 105, 106, 107]",107,144,10170.744136935526,7201.34471085098,7089.210199017971,True,heldout_improvement,0.01147753995610401,0.0,-0.8208541666667011,B
137,2025-05-18,2025-05-18 06:00:00,6,137,34,2025-05-18 06:00:00,2025-05-18 06:00:00,"[109, 110, 111, 112, 113, 114, 115, 116, 117, 118, 119, 120, 121, 122, 123, 124, 125, 126, 127, 128, 129, 130, 131, 132, 133, 134, 135, 136]","[95, 96, 97, 98, 99, 100, 101, 102, 103, 104, 105, 106, 107, 108]",35,71,7703.2771761010845,46647.151671855776,29401.88230606614,True,heldout_improvement,0.04379731899825856,1.6484591469634324e-11,6.693833333333335,B
137,2025-05-18,2025-05-18 12:00:00,12,137,70,2025-05-18 12:00:00,2025-05-18 12:00:00,"[109, 110, 111, 112, 113, 114, 115, 116, 117, 118, 119, 120, 121, 122, 123, 124, 125, 126, 127, 128, 129, 130, 131, 132, 133, 134, 135, 136]","[95, 96, 97, 98, 99, 100, 101, 102, 103, 104, 105, 106, 107, 108]",71,107,9126.15503044059,22806.027936370152,22365.178733582736,True,heldout_improvement,0.033649545977823436,1.8189894035458565e-12,1.0356041666666442,B
137,2025-05-18,2025-05-18 18:00:00,18,137,106,2025-05-18 18:00:00,2025-05-18 18:00:00,"[109, 110, 111, 112, 113, 114, 115, 116, 117, 118, 119, 120, 121, 122, 123, 124, 125, 126, 127, 128, 129, 130, 131, 132, 133, 134, 135, 136]","[95, 96, 97, 98, 99, 100, 101, 102, 103, 104, 105, 106, 107, 108]",107,144,10341.087585416666,14660.08456239148,14562.538693144317,True,heldout_improvement,0.012917894986458123,0.0,-17.77904166666667,B
138,2025-05-19,2025-05-19 06:00:00,6,138,34,2025-05-19 06:00:00,2025-05-19 06:00:00,"[110, 111, 112, 113, 114, 115, 116, 117, 118, 119, 120, 121, 122, 123, 124, 125, 126, 127, 128, 129, 130, 131, 132, 133, 134, 135, 136, 137]","[96, 97, 98, 99, 100, 101, 102, 103, 104, 105, 106, 107, 108, 109]",35,71,9633.29187789044,22871.530702024746,22821.276046431794,True,heldout_improvement,0.04508034500759095,1.8189894035458565e-12,-1.1260999999999892,B
138,2025-05-19,2025-05-19 12:00:00,12,138,70,2025-05-19 12:00:00,2025-05-19 12:00:00,"[110, 111, 112, 113, 114, 115, 116, 117, 118, 119, 120, 121, 122, 123, 124, 125, 126, 127, 128, 129, 130, 131, 132, 133, 134, 135, 136, 137]","[96, 97, 98, 99, 100, 101, 102, 103, 104, 105, 106, 107, 108, 109]",71,107,7363.907639371923,22404.465909304312,21692.285887971047,True,heldout_improvement,0.03289691300597042,1.8189894035458565e-12,-18.146454166666672,B
138,2025-05-19,2025-05-19 18:00:00,18,138,106,2025-05-19 18:00:00,2025-05-19 18:00:00,"[110, 111, 112, 113, 114, 115, 116, 117, 118, 119, 120, 121, 122, 123, 124, 125, 126, 127, 128, 129, 130, 131, 132, 133, 134, 135, 136, 137]","[96, 97, 98, 99, 100, 101, 102, 103, 104, 105, 106, 107, 108, 109]",107,144,9956.532166666666,14673.48032277304,14589.277322505704,True,heldout_improvement,0.015049494977574795,4.547473508864641e-13,-9.913850000000062,B
139,2025-05-20,2025-05-20 06:00:00,6,139,34,2025-05-20 06:00:00,2025-05-20 06:00:00,"[111, 112, 113, 114, 115, 116, 117, 118, 119, 120, 121, 122, 123, 124, 125, 126, 127, 128, 129, 130, 131, 132, 133, 134, 135, 136, 137, 138]","[97, 98, 99, 100, 101, 102, 103, 104, 105, 106, 107, 108, 109, 110]",35,71,9033.133499663576,24997.092449320888,24957.230070210022,True,heldout_improvement,0.04024512803880498,1.8189894035458565e-12,-15.660816666666694,B
139,2025-05-20,2025-05-20 12:00:00,12,139,70,2025-05-20 12:00:00,2025-05-20 12:00:00,"[111, 112, 113, 114, 115, 116, 117, 118, 119, 120, 121, 122, 123, 124, 125, 126, 127, 128, 129, 130, 131, 132, 133, 134, 135, 136, 137, 138]","[97, 98, 99, 100, 101, 102, 103, 104, 105, 106, 107, 108, 109, 110]",71,107,6690.2982533757695,23309.940687420836,23176.691480285914,True,heldout_improvement,0.027010452991817147,1.8189894035458565e-12,-4.015529166666586,B
139,2025-05-20,2025-05-20 18:00:00,18,139,106,2025-05-20 18:00:00,2025-05-20 18:00:00,"[111, 112, 113, 114, 115, 116, 117, 118, 119, 120, 121, 122, 123, 124, 125, 126, 127, 128, 129, 130, 131, 132, 133, 134, 135, 136, 137, 138]","[97, 98, 99, 100, 101, 102, 103, 104, 105, 106, 107, 108, 109, 110]",107,144,9912.30793258025,14702.082781648283,14560.507920905438,True,heldout_improvement,0.012829358980525285,1.4792370667955194e-11,-22.90451249999993,B
140,2025-05-21,2025-05-21 06:00:00,6,140,34,2025-05-21 06:00:00,2025-05-21 06:00:00,"[112, 113, 114, 115, 116, 117, 118, 119, 120, 121, 122, 123, 124, 125, 126, 127, 128, 129, 130, 131, 132, 133, 134, 135, 136, 137, 138, 139]","[98, 99, 100, 101, 102, 103, 104, 105, 106, 107, 108, 109, 110, 111]",35,71,8511.27460913003,33278.011083836325,30246.565479369478,True,heldout_improvement,0.03441777895204723,1.8189894035458565e-12,-4.091666666666621,B
140,2025-05-21,2025-05-21 12:00:00,12,140,70,2025-05-21 12:00:00,2025-05-21 12:00:00,"[112, 113, 114, 115, 116, 117, 118, 119, 120, 121, 122, 123, 124, 125, 126, 127, 128, 129, 130, 131, 132, 133, 134, 135, 136, 137, 138, 139]","[98, 99, 100, 101, 102, 103, 104, 105, 106, 107, 108, 109, 110, 111]",71,107,7039.984333426975,23512.31717089863,22854.15762648384,True,heldout_improvement,0.0352385489968583,5.002220859751105e-12,-4.499929166666638,B
140,2025-05-21,2025-05-21 18:00:00,18,140,106,2025-05-21 18:00:00,2025-05-21 18:00:00,"[112, 113, 114, 115, 116, 117, 118, 119, 120, 121, 122, 123, 124, 125, 126, 127, 128, 129, 130, 131, 132, 133, 134, 135, 136, 137, 138, 139]","[98, 99, 100, 101, 102, 103, 104, 105, 106, 107, 108, 109, 110, 111]",107,144,10508.263794990255,14223.261910638743,14016.889032111863,True,heldout_improvement,0.011964706995058805,4.547473508864641e-13,-32.39814166666663,B
141,2025-05-22,2025-05-22 06:00:00,6,141,34,2025-05-22 06:00:00,2025-05-22 06:00:00,"[113, 114, 115, 116, 117, 118, 119, 120, 121, 122, 123, 124, 125, 126, 127, 128, 129, 130, 131, 132, 133, 134, 135, 136, 137, 138, 139, 140]","[99, 100, 101, 102, 103, 104, 105, 106, 107, 108, 109, 110, 111, 112]",35,71,8999.655849166915,24371.964489724603,24353.668097694463,True,heldout_improvement,0.031247383973095566,1.8189894035458565e-12,10.822533333333354,B
141,2025-05-22,2025-05-22 12:00:00,12,141,70,2025-05-22 12:00:00,2025-05-22 12:00:00,"[113, 114, 115, 116, 117, 118, 119, 120, 121, 122, 123, 124, 125, 126, 127, 128, 129, 130, 131, 132, 133, 134, 135, 136, 137, 138, 139, 140]","[99, 100, 101, 102, 103, 104, 105, 106, 107, 108, 109, 110, 111, 112]",71,107,6248.832420736888,22654.73184643908,22592.90160689045,True,heldout_improvement,0.030379972013179213,1.8189894035458565e-12,4.435504166666608,B
141,2025-05-22,2025-05-22 18:00:00,18,141,106,2025-05-22 18:00:00,2025-05-22 18:00:00,"[113, 114, 115, 116, 117, 118, 119, 120, 121, 122, 123, 124, 125, 126, 127, 128, 129, 130, 131, 132, 133, 134, 135, 136, 137, 138, 139, 140]","[99, 100, 101, 102, 103, 104, 105, 106, 107, 108, 109, 110, 111, 112]",107,144,9922.352828694726,14916.593367954529,14751.912841025855,True,heldout_improvement,0.015151603030972183,9.094947017729282e-13,-16.76150000000007,B
142,2025-05-23,2025-05-23 06:00:00,6,142,34,2025-05-23 06:00:00,2025-05-23 06:00:00,"[114, 115, 116, 117, 118, 119, 120, 121, 122, 123, 124, 125, 126, 127, 128, 129, 130, 131, 132, 133, 134, 135, 136, 137, 138, 139, 140, 141]","[100, 101, 102, 103, 104, 105, 106, 107, 108, 109, 110, 111, 112, 113]",35,71,1200.0,10651.417891757794,8042.325397700804,True,heldout_improvement,0.015366112987976521,1.8189894035458565e-12,0.9495624999999941,B
142,2025-05-23,2025-05-23 12:00:00,12,142,70,2025-05-23 12:00:00,2025-05-23 12:00:00,"[114, 115, 116, 117, 118, 119, 120, 121, 122, 123, 124, 125, 126, 127, 128, 129, 130, 131, 132, 133, 134, 135, 136, 137, 138, 139, 140, 141]","[100, 101, 102, 103, 104, 105, 106, 107, 108, 109, 110, 111, 112, 113]",71,107,10800.0,6916.12155769972,7333.304438888444,False,keep_no_improvement_or_insufficient_history,0.012625957024283707,9.094947017729282e-13,-4.884200000000002,B
142,2025-05-23,2025-05-23 18:00:00,18,142,106,2025-05-23 18:00:00,2025-05-23 18:00:00,"[114, 115, 116, 117, 118, 119, 120, 121, 122, 123, 124, 125, 126, 127, 128, 129, 130, 131, 132, 133, 134, 135, 136, 137, 138, 139, 140, 141]","[100, 101, 102, 103, 104, 105, 106, 107, 108, 109, 110, 111, 112, 113]",107,144,10568.849045517603,5329.321463439132,5261.774770192513,True,heldout_improvement,0.011734602972865105,2.2737367544323206e-13,-15.759283333333315,B
143,2025-05-24,2025-05-24 06:00:00,6,143,34,2025-05-24 06:00:00,2025-05-24 06:00:00,"[115, 116, 117, 118, 119, 120, 121, 122, 123, 124, 125, 126, 127, 128, 129, 130, 131, 132, 133, 134, 135, 136, 137, 138, 139, 140, 141, 142]","[101, 102, 103, 104, 105, 106, 107, 108, 109, 110, 111, 112, 113, 114]",35,71,1450.429167165735,9130.099654942302,7636.126944623671,True,heldout_improvement,0.014475954987574369,7.958078640513122e-12,-12.214737499999956,B
143,2025-05-24,2025-05-24 12:00:00,12,143,70,2025-05-24 12:00:00,2025-05-24 12:00:00,"[115, 116, 117, 118, 119, 120, 121, 122, 123, 124, 125, 126, 127, 128, 129, 130, 131, 132, 133, 134, 135, 136, 137, 138, 139, 140, 141, 142]","[101, 102, 103, 104, 105, 106, 107, 108, 109, 110, 111, 112, 113, 114]",71,107,10800.0,6944.325892876977,7097.255836795036,False,keep_no_improvement_or_insufficient_history,0.014122669002972543,1.8189894035458565e-12,6.3906624999999995,B
143,2025-05-24,2025-05-24 18:00:00,18,143,106,2025-05-24 18:00:00,2025-05-24 18:00:00,"[115, 116, 117, 118, 119, 120, 121, 122, 123, 124, 125, 126, 127, 128, 129, 130, 131, 132, 133, 134, 135, 136, 137, 138, 139, 140, 141, 142]","[101, 102, 103, 104, 105, 106, 107, 108, 109, 110, 111, 112, 113, 114]",107,144,10797.845542592593,5253.963443598412,5157.6340480769,True,heldout_improvement,0.011722777970135212,0.0,-28.817945833333283,B
144,2025-05-25,2025-05-25 06:00:00,6,144,34,2025-05-25 06:00:00,2025-05-25 06:00:00,"[116, 117, 118, 119, 120, 121, 122, 123, 124, 125, 126, 127, 128, 129, 130, 131, 132, 133, 134, 135, 136, 137, 138, 139, 140, 141, 142, 143]","[102, 103, 104, 105, 106, 107, 108, 109, 110, 111, 112, 113, 114, 115]",35,71,9053.938711887966,23689.03302988003,23689.03302988003,False,keep_no_improvement_or_insufficient_history,0.03474530897801742,2.2737367544323206e-13,-3.0251625000000026,B
144,2025-05-25,2025-05-25 12:00:00,12,144,70,2025-05-25 12:00:00,2025-05-25 12:00:00,"[116, 117, 118, 119, 120, 121, 122, 123, 124, 125, 126, 127, 128, 129, 130, 131, 132, 133, 134, 135, 136, 137, 138, 139, 140, 141, 142, 143]","[102, 103, 104, 105, 106, 107, 108, 109, 110, 111, 112, 113, 114, 115]",71,107,7429.835049110187,22916.423610466532,22506.852754692325,True,heldout_improvement,0.02250741800526157,9.094947017729282e-13,21.57472500000002,B
144,2025-05-25,2025-05-25 18:00:00,18,144,106,2025-05-25 18:00:00,2025-05-25 18:00:00,"[116, 117, 118, 119, 120, 121, 122, 123, 124, 125, 126, 127, 128, 129, 130, 131, 132, 133, 134, 135, 136, 137, 138, 139, 140, 141, 142, 143]","[102, 103, 104, 105, 106, 107, 108, 109, 110, 111, 112, 113, 114, 115]",107,144,10551.97628553704,14642.24728026705,14503.80708132368,True,heldout_improvement,0.015534450998529792,5.229594535194337e-12,-5.940770833333318,B
145,2025-05-26,2025-05-26 06:00:00,6,145,34,2025-05-26 06:00:00,2025-05-26 06:00:00,"[117, 118, 119, 120, 121, 122, 123, 124, 125, 126, 127, 128, 129, 130, 131, 132, 133, 134, 135, 136, 137, 138, 139, 140, 141, 142, 143, 144]","[103, 104, 105, 106, 107, 108, 109, 110, 111, 112, 113, 114, 115, 116]",35,71,8781.92391513396,41254.98846440874,27744.157875279354,True,heldout_improvement,0.030337596021126956,3.637978807091713e-12,13.479675000000004,B
145,2025-05-26,2025-05-26 12:00:00,12,145,70,2025-05-26 12:00:00,2025-05-26 12:00:00,"[117, 118, 119, 120, 121, 122, 123, 124, 125, 126, 127, 128, 129, 130, 131, 132, 133, 134, 135, 136, 137, 138, 139, 140, 141, 142, 143, 144]","[103, 104, 105, 106, 107, 108, 109, 110, 111, 112, 113, 114, 115, 116]",71,107,6890.307592646601,22053.944188256635,22139.801331424067,False,keep_no_improvement_or_insufficient_history,0.028952037973795086,4.547473508864641e-12,-2.7029208333332617,B
145,2025-05-26,2025-05-26 18:00:00,18,145,106,2025-05-26 18:00:00,2025-05-26 18:00:00,"[117, 118, 119, 120, 121, 122, 123, 124, 125, 126, 127, 128, 129, 130, 131, 132, 133, 134, 135, 136, 137, 138, 139, 140, 141, 142, 143, 144]","[103, 104, 105, 106, 107, 108, 109, 110, 111, 112, 113, 114, 115, 116]",107,144,10800.0,14339.668790658385,14157.345360914082,True,heldout_improvement,0.011915318958926946,1.8189894035458565e-12,-6.70140416666671,B
146,2025-05-27,2025-05-27 06:00:00,6,146,34,2025-05-27 06:00:00,2025-05-27 06:00:00,"[118, 119, 120, 121, 122, 123, 124, 125, 126, 127, 128, 129, 130, 131, 132, 133, 134, 135, 136, 137, 138, 139, 140, 141, 142, 143, 144, 145]","[104, 105, 106, 107, 108, 109, 110, 111, 112, 113, 114, 115, 116, 117]",35,71,10147.27525606171,31045.247403405683,31045.247403405683,False,keep_no_improvement_or_insufficient_history,0.024147778982296586,1.8189894035458565e-12,4.0665916666666435,B
146,2025-05-27,2025-05-27 12:00:00,12,146,70,2025-05-27 12:00:00,2025-05-27 12:00:00,"[118, 119, 120, 121, 122, 123, 124, 125, 126, 127, 128, 129, 130, 131, 132, 133, 134, 135, 136, 137, 138, 139, 140, 141, 142, 143, 144, 145]","[104, 105, 106, 107, 108, 109, 110, 111, 112, 113, 114, 115, 116, 117]",71,107,7791.201782358006,21698.478823299538,21264.21670906486,True,heldout_improvement,0.030313303985167295,1.8189894035458565e-12,-6.9307333333333645,B
146,2025-05-27,2025-05-27 18:00:00,18,146,106,2025-05-27 18:00:00,2025-05-27 18:00:00,"[118, 119, 120, 121, 122, 123, 124, 125, 126, 127, 128, 129, 130, 131, 132, 133, 134, 135, 136, 137, 138, 139, 140, 141, 142, 143, 144, 145]","[104, 105, 106, 107, 108, 109, 110, 111, 112, 113, 114, 115, 116, 117]",107,144,10723.85137168327,13701.439632154292,13513.789054516743,True,heldout_improvement,0.012004206015262753,2.2737367544323206e-13,-32.80750000000004,B
147,2025-05-28,2025-05-28 06:00:00,6,147,34,2025-05-28 06:00:00,2025-05-28 06:00:00,"[119, 120, 121, 122, 123, 124, 125, 126, 127, 128, 129, 130, 131, 132, 133, 134, 135, 136, 137, 138, 139, 140, 141, 142, 143, 144, 145, 146]","[105, 106, 107, 108, 109, 110, 111, 112, 113, 114, 115, 116, 117, 118]",35,71,8439.572830451294,31408.809288017274,25408.407865244255,True,heldout_improvement,0.03618570097023621,1.8189894035458565e-12,-9.202350000000024,B
147,2025-05-28,2025-05-28 12:00:00,12,147,70,2025-05-28 12:00:00,2025-05-28 12:00:00,"[119, 120, 121, 122, 123, 124, 125, 126, 127, 128, 129, 130, 131, 132, 133, 134, 135, 136, 137, 138, 139, 140, 141, 142, 143, 144, 145, 146]","[105, 106, 107, 108, 109, 110, 111, 112, 113, 114, 115, 116, 117, 118]",71,107,5654.21722736805,21746.80905316837,21579.183200758012,True,heldout_improvement,0.027284161013085395,9.094947017729282e-13,-5.7541666666666815,B
147,2025-05-28,2025-05-28 18:00:00,18,147,106,2025-05-28 18:00:00,2025-05-28 18:00:00,"[119, 120, 121, 122, 123, 124, 125, 126, 127, 128, 129, 130, 131, 132, 133, 134, 135, 136, 137, 138, 139, 140, 141, 142, 143, 144, 145, 146]","[105, 106, 107, 108, 109, 110, 111, 112, 113, 114, 115, 116, 117, 118]",107,144,10489.959083416348,14638.313727831372,14546.966529920563,True,heldout_improvement,0.012365883972961456,4.547473508864641e-13,-1.735920833333239,B
148,2025-05-29,2025-05-29 06:00:00,6,148,34,2025-05-29 06:00:00,2025-05-29 06:00:00,"[120, 121, 122, 123, 124, 125, 126, 127, 128, 129, 130, 131, 132, 133, 134, 135, 136, 137, 138, 139, 140, 141, 142, 143, 144, 145, 146, 147]","[106, 107, 108, 109, 110, 111, 112, 113, 114, 115, 116, 117, 118, 119]",35,71,7768.170318973315,66279.60489804686,33167.6030614058,True,heldout_improvement,0.02101439202670008,3.637978807091713e-12,7.98662916666664,B
148,2025-05-29,2025-05-29 12:00:00,12,148,70,2025-05-29 12:00:00,2025-05-29 12:00:00,"[120, 121, 122, 123, 124, 125, 126, 127, 128, 129, 130, 131, 132, 133, 134, 135, 136, 137, 138, 139, 140, 141, 142, 143, 144, 145, 146, 147]","[106, 107, 108, 109, 110, 111, 112, 113, 114, 115, 116, 117, 118, 119]",71,107,9773.634215935186,21427.120299715833,21154.313841355433,True,heldout_improvement,0.022018782969098538,1.8189894035458565e-12,-1.773749999999988,B
148,2025-05-29,2025-05-29 18:00:00,18,148,106,2025-05-29 18:00:00,2025-05-29 18:00:00,"[120, 121, 122, 123, 124, 125, 126, 127, 128, 129, 130, 131, 132, 133, 134, 135, 136, 137, 138, 139, 140, 141, 142, 143, 144, 145, 146, 147]","[106, 107, 108, 109, 110, 111, 112, 113, 114, 115, 116, 117, 118, 119]",107,144,9583.371849155094,16025.760054284268,15875.080133820706,True,heldout_improvement,0.011508672032505274,2.2737367544323206e-13,21.960370833333247,B
149,2025-05-30,2025-05-30 06:00:00,6,149,34,2025-05-30 06:00:00,2025-05-30 06:00:00,"[121, 122, 123, 124, 125, 126, 127, 128, 129, 130, 131, 132, 133, 134, 135, 136, 137, 138, 139, 140, 141, 142, 143, 144, 145, 146, 147, 148]","[107, 108, 109, 110, 111, 112, 113, 114, 115, 116, 117, 118, 119, 120]",35,71,3586.4689123961343,9847.740797935845,9847.740797935845,False,keep_no_improvement_or_insufficient_history,0.025702492974232882,1.9326762412674725e-12,-11.079691666666614,B
149,2025-05-30,2025-05-30 12:00:00,12,149,70,2025-05-30 12:00:00,2025-05-30 12:00:00,"[121, 122, 123, 124, 125, 126, 127, 128, 129, 130, 131, 132, 133, 134, 135, 136, 137, 138, 139, 140, 141, 142, 143, 144, 145, 146, 147, 148]","[107, 108, 109, 110, 111, 112, 113, 114, 115, 116, 117, 118, 119, 120]",71,107,10800.0,8945.646601713923,8306.874111213296,True,heldout_improvement,0.011928915977478027,1.8189894035458565e-12,0.08414999999998446,B
149,2025-05-30,2025-05-30 18:00:00,18,149,106,2025-05-30 18:00:00,2025-05-30 18:00:00,"[121, 122, 123, 124, 125, 126, 127, 128, 129, 130, 131, 132, 133, 134, 135, 136, 137, 138, 139, 140, 141, 142, 143, 144, 145, 146, 147, 148]","[107, 108, 109, 110, 111, 112, 113, 114, 115, 116, 117, 118, 119, 120]",107,144,10800.0,5618.799177688824,5645.97847852469,False,keep_no_improvement_or_insufficient_history,0.011495444050524384,1.1084466677857563e-12,-2.140724999999975,B
150,2025-05-31,2025-05-31 06:00:00,6,150,34,2025-05-31 06:00:00,2025-05-31 06:00:00,"[122, 123, 124, 125, 126, 127, 128, 129, 130, 131, 132, 133, 134, 135, 136, 137, 138, 139, 140, 141, 142, 143, 144, 145, 146, 147, 148, 149]","[108, 109, 110, 111, 112, 113, 114, 115, 116, 117, 118, 119, 120, 121]",35,71,3196.149135074077,8362.459001725632,8362.459001725632,False,keep_no_improvement_or_insufficient_history,0.04819196404423565,1.8189894035458565e-12,8.567083333333358,B
150,2025-05-31,2025-05-31 12:00:00,12,150,70,2025-05-31 12:00:00,2025-05-31 12:00:00,"[122, 123, 124, 125, 126, 127, 128, 129, 130, 131, 132, 133, 134, 135, 136, 137, 138, 139, 140, 141, 142, 143, 144, 145, 146, 147, 148, 149]","[108, 109, 110, 111, 112, 113, 114, 115, 116, 117, 118, 119, 120, 121]",71,107,10800.0,7979.037916048545,8013.400411994282,False,keep_no_improvement_or_insufficient_history,0.01563848799560219,9.094947017729282e-13,0.541966666666667,B
150,2025-05-31,2025-05-31 18:00:00,18,150,106,2025-05-31 18:00:00,2025-05-31 18:00:00,"[122, 123, 124, 125, 126, 127, 128, 129, 130, 131, 132, 133, 134, 135, 136, 137, 138, 139, 140, 141, 142, 143, 144, 145, 146, 147, 148, 149]","[108, 109, 110, 111, 112, 113, 114, 115, 116, 117, 118, 119, 120, 121]",107,144,10800.0,5624.849273572084,5764.327759874694,False,keep_no_improvement_or_insufficient_history,0.01222507399506867,2.2168933355715126e-12,-11.859483333333324,B
151,2025-06-01,2025-06-01 06:00:00,6,151,34,2025-06-01 06:00:00,2025-06-01 06:00:00,"[123, 124, 125, 126, 127, 128, 129, 130, 131, 132, 133, 134, 135, 136, 137, 138, 139, 140, 141, 142, 143, 144, 145, 146, 147, 148, 149, 150]","[109, 110, 111, 112, 113, 114, 115, 116, 117, 118, 119, 120, 121, 122]",35,71,8791.625231259259,87041.0307629209,46038.371995450245,True,heldout_improvement,0.01550815801601857,3.637978807091713e-12,-0.712212500000002,B
151,2025-06-01,2025-06-01 12:00:00,12,151,70,2025-06-01 12:00:00,2025-06-01 12:00:00,"[123, 124, 125, 126, 127, 128, 129, 130, 131, 132, 133, 134, 135, 136, 137, 138, 139, 140, 141, 142, 143, 144, 145, 146, 147, 148, 149, 150]","[109, 110, 111, 112, 113, 114, 115, 116, 117, 118, 119, 120, 121, 122]",71,107,9808.611666500772,26068.405020345966,25414.51402763322,True,heldout_improvement,0.019983831036370248,1.0686562745831907e-11,17.320208333333312,B
151,2025-06-01,2025-06-01 18:00:00,18,151,106,2025-06-01 18:00:00,2025-06-01 18:00:00,"[123, 124, 125, 126, 127, 128, 129, 130, 131, 132, 133, 134, 135, 136, 137, 138, 139, 140, 141, 142, 143, 144, 145, 146, 147, 148, 149, 150]","[109, 110, 111, 112, 113, 114, 115, 116, 117, 118, 119, 120, 121, 122]",107,144,7868.164092475307,38398.82510311801,23216.663348758106,True,heldout_improvement,0.010676097997929901,2.2737367544323206e-13,94.00312500000003,B
152,2025-06-02,2025-06-02 06:00:00,6,152,34,2025-06-02 06:00:00,2025-06-02 06:00:00,"[124, 125, 126, 127, 128, 129, 130, 131, 132, 133, 134, 135, 136, 137, 138, 139, 140, 141, 142, 143, 144, 145, 146, 147, 148, 149, 150, 151]","[110, 111, 112, 113, 114, 115, 116, 117, 118, 119, 120, 121, 122, 123]",35,71,9296.214042078704,49278.17406762694,45054.26204149665,True,heldout_improvement,0.035164984001312405,1.8189894035458565e-12,8.055916666666727,B
152,2025-06-02,2025-06-02 12:00:00,12,152,70,2025-06-02 12:00:00,2025-06-02 12:00:00,"[124, 125, 126, 127, 128, 129, 130, 131, 132, 133, 134, 135, 136, 137, 138, 139, 140, 141, 142, 143, 144, 145, 146, 147, 148, 149, 150, 151]","[110, 111, 112, 113, 114, 115, 116, 117, 118, 119, 120, 121, 122, 123]",71,107,6383.366707854563,42248.58276276681,30011.917694890497,True,heldout_improvement,0.02742523403139785,1.8189894035458565e-12,16.728458333333265,B
152,2025-06-02,2025-06-02 18:00:00,18,152,106,2025-06-02 18:00:00,2025-06-02 18:00:00,"[124, 125, 126, 127, 128, 129, 130, 131, 132, 133, 134, 135, 136, 137, 138, 139, 140, 141, 142, 143, 144, 145, 146, 147, 148, 149, 150, 151]","[110, 111, 112, 113, 114, 115, 116, 117, 118, 119, 120, 121, 122, 123]",107,144,8304.159306872682,36310.21242718895,22604.015480600036,True,heldout_improvement,0.013697583985049278,2.2737367544323206e-13,96.36222083333328,B
153,2025-06-03,2025-06-03 06:00:00,6,153,34,2025-06-03 06:00:00,2025-06-03 06:00:00,"[125, 126, 127, 128, 129, 130, 131, 132, 133, 134, 135, 136, 137, 138, 139, 140, 141, 142, 143, 144, 145, 146, 147, 148, 149, 150, 151, 152]","[111, 112, 113, 114, 115, 116, 117, 118, 119, 120, 121, 122, 123, 124]",35,71,10321.07564425231,64955.775410525326,40310.789845851126,True,heldout_improvement,0.015625166008248925,1.8189894035458565e-12,13.726662499999975,B
153,2025-06-03,2025-06-03 12:00:00,12,153,70,2025-06-03 12:00:00,2025-06-03 12:00:00,"[125, 126, 127, 128, 129, 130, 131, 132, 133, 134, 135, 136, 137, 138, 139, 140, 141, 142, 143, 144, 145, 146, 147, 148, 149, 150, 151, 152]","[111, 112, 113, 114, 115, 116, 117, 118, 119, 120, 121, 122, 123, 124]",71,107,8164.422091055557,27347.546749522826,27877.266509178935,False,keep_no_improvement_or_insufficient_history,0.032813764992170036,3.183231456205249e-12,13.745700000000017,B
153,2025-06-03,2025-06-03 18:00:00,18,153,106,2025-06-03 18:00:00,2025-06-03 18:00:00,"[125, 126, 127, 128, 129, 130, 131, 132, 133, 134, 135, 136, 137, 138, 139, 140, 141, 142, 143, 144, 145, 146, 147, 148, 149, 150, 151, 152]","[111, 112, 113, 114, 115, 116, 117, 118, 119, 120, 121, 122, 123, 124]",107,144,9639.989818518521,28826.672976031125,21108.861336529626,True,heldout_improvement,0.014153744967188686,4.547473508864641e-13,116.0962708333333,B
154,2025-06-04,2025-06-04 06:00:00,6,154,34,2025-06-04 06:00:00,2025-06-04 06:00:00,"[126, 127, 128, 129, 130, 131, 132, 133, 134, 135, 136, 137, 138, 139, 140, 141, 142, 143, 144, 145, 146, 147, 148, 149, 150, 151, 152, 153]","[112, 113, 114, 115, 116, 117, 118, 119, 120, 121, 122, 123, 124, 125]",35,71,10200.523773752308,34228.853900015885,33415.97426993756,True,heldout_improvement,0.028693790023680776,1.8189894035458565e-12,48.22658750000001,B
154,2025-06-04,2025-06-04 12:00:00,12,154,70,2025-06-04 12:00:00,2025-06-04 12:00:00,"[126, 127, 128, 129, 130, 131, 132, 133, 134, 135, 136, 137, 138, 139, 140, 141, 142, 143, 144, 145, 146, 147, 148, 149, 150, 151, 152, 153]","[112, 113, 114, 115, 116, 117, 118, 119, 120, 121, 122, 123, 124, 125]",71,107,6600.759192141987,30436.39228891694,29318.006826428737,True,heldout_improvement,0.025845644006039947,1.8189894035458565e-12,13.59689583333329,B
154,2025-06-04,2025-06-04 18:00:00,18,154,106,2025-06-04 18:00:00,2025-06-04 18:00:00,"[126, 127, 128, 129, 130, 131, 132, 133, 134, 135, 136, 137, 138, 139, 140, 141, 142, 143, 144, 145, 146, 147, 148, 149, 150, 151, 152, 153]","[112, 113, 114, 115, 116, 117, 118, 119, 120, 121, 122, 123, 124, 125]",107,144,9158.792436951393,25803.070575256785,19812.822463244753,True,heldout_improvement,0.011196925945114344,9.094947017729282e-13,77.78100833333329,B
155,2025-06-05,2025-06-05 06:00:00,6,155,34,2025-06-05 06:00:00,2025-06-05 06:00:00,"[127, 128, 129, 130, 131, 132, 133, 134, 135, 136, 137, 138, 139, 140, 141, 142, 143, 144, 145, 146, 147, 148, 149, 150, 151, 152, 153, 154]","[113, 114, 115, 116, 117, 118, 119, 120, 121, 122, 123, 124, 125, 126]",35,71,10595.412557539254,33701.13203501126,33183.08275389587,True,heldout_improvement,0.036844160000327975,1.8189894035458565e-12,24.49198750000005,B
155,2025-06-05,2025-06-05 12:00:00,12,155,70,2025-06-05 12:00:00,2025-06-05 12:00:00,"[127, 128, 129, 130, 131, 132, 133, 134, 135, 136, 137, 138, 139, 140, 141, 142, 143, 144, 145, 146, 147, 148, 149, 150, 151, 152, 153, 154]","[113, 114, 115, 116, 117, 118, 119, 120, 121, 122, 123, 124, 125, 126]",71,107,7320.147112310191,28099.32731611523,29811.371598241745,False,keep_no_improvement_or_insufficient_history,0.026857335004024208,2.0463630789890885e-12,12.208941666666684,B
155,2025-06-05,2025-06-05 18:00:00,18,155,106,2025-06-05 18:00:00,2025-06-05 18:00:00,"[127, 128, 129, 130, 131, 132, 133, 134, 135, 136, 137, 138, 139, 140, 141, 142, 143, 144, 145, 146, 147, 148, 149, 150, 151, 152, 153, 154]","[113, 114, 115, 116, 117, 118, 119, 120, 121, 122, 123, 124, 125, 126]",107,144,10129.249149962965,23036.79205572116,19187.560944304678,True,heldout_improvement,0.01231980900047347,9.094947017729282e-13,100.14661666666666,B
156,2025-06-06,2025-06-06 06:00:00,6,156,34,2025-06-06 06:00:00,2025-06-06 06:00:00,"[128, 129, 130, 131, 132, 133, 134, 135, 136, 137, 138, 139, 140, 141, 142, 143, 144, 145, 146, 147, 148, 149, 150, 151, 152, 153, 154, 155]","[114, 115, 116, 117, 118, 119, 120, 121, 122, 123, 124, 125, 126, 127]",35,71,3921.158009455446,12629.589991875135,12629.589991875135,False,keep_no_improvement_or_insufficient_history,0.060854239971376956,3.637978807091713e-12,16.545854166666647,B
156,2025-06-06,2025-06-06 12:00:00,12,156,70,2025-06-06 12:00:00,2025-06-06 12:00:00,"[128, 129, 130, 131, 132, 133, 134, 135, 136, 137, 138, 139, 140, 141, 142, 143, 144, 145, 146, 147, 148, 149, 150, 151, 152, 153, 154, 155]","[114, 115, 116, 117, 118, 119, 120, 121, 122, 123, 124, 125, 126, 127]",71,107,9168.437600751742,9220.413875518354,9729.934300043711,False,keep_no_improvement_or_insufficient_history,0.04149015404982492,1.1539214028744027e-11,-8.981358333333333,B
156,2025-06-06,2025-06-06 18:00:00,18,156,106,2025-06-06 18:00:00,2025-06-06 18:00:00,"[128, 129, 130, 131, 132, 133, 134, 135, 136, 137, 138, 139, 140, 141, 142, 143, 144, 145, 146, 147, 148, 149, 150, 151, 152, 153, 154, 155]","[114, 115, 116, 117, 118, 119, 120, 121, 122, 123, 124, 125, 126, 127]",107,144,8351.845566026524,25809.020970759095,14017.966936104045,True,heldout_improvement,0.015203788003418595,0.0,106.38914999999997,B
157,2025-06-07,2025-06-07 06:00:00,6,157,34,2025-06-07 06:00:00,2025-06-07 06:00:00,"[129, 130, 131, 132, 133, 134, 135, 136, 137, 138, 139, 140, 141, 142, 143, 144, 145, 146, 147, 148, 149, 150, 151, 152, 153, 154, 155, 156]","[115, 116, 117, 118, 119, 120, 121, 122, 123, 124, 125, 126, 127, 128]",35,71,4439.013060147079,10025.418460167912,10025.418460167912,False,keep_no_improvement_or_insufficient_history,0.03327778301900253,1.1254996934439987e-11,7.363866666666657,B
157,2025-06-07,2025-06-07 12:00:00,12,157,70,2025-06-07 12:00:00,2025-06-07 12:00:00,"[129, 130, 131, 132, 133, 134, 135, 136, 137, 138, 139, 140, 141, 142, 143, 144, 145, 146, 147, 148, 149, 150, 151, 152, 153, 154, 155, 156]","[115, 116, 117, 118, 119, 120, 121, 122, 123, 124, 125, 126, 127, 128]",71,107,7861.325281073003,10592.3015188922,10974.787689939305,False,keep_no_improvement_or_insufficient_history,0.036318933009169996,1.8189894035458565e-12,10.031933333333313,B
157,2025-06-07,2025-06-07 18:00:00,18,157,106,2025-06-07 18:00:00,2025-06-07 18:00:00,"[129, 130, 131, 132, 133, 134, 135, 136, 137, 138, 139, 140, 141, 142, 143, 144, 145, 146, 147, 148, 149, 150, 151, 152, 153, 154, 155, 156]","[115, 116, 117, 118, 119, 120, 121, 122, 123, 124, 125, 126, 127, 128]",107,144,9736.831911509444,19841.16016845036,12695.515058821295,True,heldout_improvement,0.014013438951224089,9.094947017729282e-13,127.20198749999996,B
158,2025-06-08,2025-06-08 06:00:00,6,158,34,2025-06-08 06:00:00,2025-06-08 06:00:00,"[130, 131, 132, 133, 134, 135, 136, 137, 138, 139, 140, 141, 142, 143, 144, 145, 146, 147, 148, 149, 150, 151, 152, 153, 154, 155, 156, 157]","[116, 117, 118, 119, 120, 121, 122, 123, 124, 125, 126, 127, 128, 129]",35,71,10800.0,39488.61687597161,37131.976794238195,True,heldout_improvement,0.016271666972897947,1.8189894035458565e-12,-3.377908333333342,B
158,2025-06-08,2025-06-08 12:00:00,12,158,70,2025-06-08 12:00:00,2025-06-08 12:00:00,"[130, 131, 132, 133, 134, 135, 136, 137, 138, 139, 140, 141, 142, 143, 144, 145, 146, 147, 148, 149, 150, 151, 152, 153, 154, 155, 156, 157]","[116, 117, 118, 119, 120, 121, 122, 123, 124, 125, 126, 127, 128, 129]",71,107,6301.403074629634,34552.574489413324,31704.584008445632,True,heldout_improvement,0.025673309981357306,1.8189894035458565e-12,-11.623700000000023,B
158,2025-06-08,2025-06-08 18:00:00,18,158,106,2025-06-08 18:00:00,2025-06-08 18:00:00,"[130, 131, 132, 133, 134, 135, 136, 137, 138, 139, 140, 141, 142, 143, 144, 145, 146, 147, 148, 149, 150, 151, 152, 153, 154, 155, 156, 157]","[116, 117, 118, 119, 120, 121, 122, 123, 124, 125, 126, 127, 128, 129]",107,144,8650.381258298612,28758.378551831196,22520.65560892327,True,heldout_improvement,0.013511101016774774,9.094947017729282e-13,80.37542083333331,B
159,2025-06-09,2025-06-09 06:00:00,6,159,34,2025-06-09 06:00:00,2025-06-09 06:00:00,"[131, 132, 133, 134, 135, 136, 137, 138, 139, 140, 141, 142, 143, 144, 145, 146, 147, 148, 149, 150, 151, 152, 153, 154, 155, 156, 157, 158]","[117, 118, 119, 120, 121, 122, 123, 124, 125, 126, 127, 128, 129, 130]",35,71,10109.724075919112,38584.63329276025,37219.42121250661,True,heldout_improvement,0.03987201600102708,1.8189894035458565e-12,10.922191666666624,B
159,2025-06-09,2025-06-09 12:00:00,12,159,70,2025-06-09 12:00:00,2025-06-09 12:00:00,"[131, 132, 133, 134, 135, 136, 137, 138, 139, 140, 141, 142, 143, 144, 145, 146, 147, 148, 149, 150, 151, 152, 153, 154, 155, 156, 157, 158]","[117, 118, 119, 120, 121, 122, 123, 124, 125, 126, 127, 128, 129, 130]",71,107,3962.928186895836,33268.07129666642,34446.18668178465,False,keep_no_improvement_or_insufficient_history,0.03795805003028363,3.637978807091713e-12,-1.8634500000000571,B
159,2025-06-09,2025-06-09 18:00:00,18,159,106,2025-06-09 18:00:00,2025-06-09 18:00:00,"[131, 132, 133, 134, 135, 136, 137, 138, 139, 140, 141, 142, 143, 144, 145, 146, 147, 148, 149, 150, 151, 152, 153, 154, 155, 156, 157, 158]","[117, 118, 119, 120, 121, 122, 123, 124, 125, 126, 127, 128, 129, 130]",107,144,10560.371191877315,17984.683154600694,18730.783872496104,False,keep_no_improvement_or_insufficient_history,0.012454786978196353,9.094947017729282e-13,51.00614166666666,B
160,2025-06-10,2025-06-10 06:00:00,6,160,34,2025-06-10 06:00:00,2025-06-10 06:00:00,"[132, 133, 134, 135, 136, 137, 138, 139, 140, 141, 142, 143, 144, 145, 146, 147, 148, 149, 150, 151, 152, 153, 154, 155, 156, 157, 158, 159]","[118, 119, 120, 121, 122, 123, 124, 125, 126, 127, 128, 129, 130, 131]",35,71,10800.0,42043.38728744229,39577.30223557467,True,heldout_improvement,0.057624852983281016,1.8189894035458565e-12,10.869566666666666,B
160,2025-06-10,2025-06-10 12:00:00,12,160,70,2025-06-10 12:00:00,2025-06-10 12:00:00,"[132, 133, 134, 135, 136, 137, 138, 139, 140, 141, 142, 143, 144, 145, 146, 147, 148, 149, 150, 151, 152, 153, 154, 155, 156, 157, 158, 159]","[118, 119, 120, 121, 122, 123, 124, 125, 126, 127, 128, 129, 130, 131]",71,107,2304.444357549385,35772.51823181495,36143.40057109222,False,keep_no_improvement_or_insufficient_history,0.02098160795867443,1.8189894035458565e-12,-1.8033166666666602,B
160,2025-06-10,2025-06-10 18:00:00,18,160,106,2025-06-10 18:00:00,2025-06-10 18:00:00,"[132, 133, 134, 135, 136, 137, 138, 139, 140, 141, 142, 143, 144, 145, 146, 147, 148, 149, 150, 151, 152, 153, 154, 155, 156, 157, 158, 159]","[118, 119, 120, 121, 122, 123, 124, 125, 126, 127, 128, 129, 130, 131]",107,144,10655.917234898261,17961.827284899293,18859.745803962935,False,keep_no_improvement_or_insufficient_history,0.011944358004257083,4.547473508864641e-13,37.223716666666704,B
161,2025-06-11,2025-06-11 06:00:00,6,161,34,2025-06-11 06:00:00,2025-06-11 06:00:00,"[133, 134, 135, 136, 137, 138, 139, 140, 141, 142, 143, 144, 145, 146, 147, 148, 149, 150, 151, 152, 153, 154, 155, 156, 157, 158, 159, 160]","[119, 120, 121, 122, 123, 124, 125, 126, 127, 128, 129, 130, 131, 132]",35,71,10800.0,41938.232396494706,40278.25147511796,True,heldout_improvement,0.03543746698414907,1.8189894035458565e-12,-4.574879166666657,B
161,2025-06-11,2025-06-11 12:00:00,12,161,70,2025-06-11 12:00:00,2025-06-11 12:00:00,"[133, 134, 135, 136, 137, 138, 139, 140, 141, 142, 143, 144, 145, 146, 147, 148, 149, 150, 151, 152, 153, 154, 155, 156, 157, 158, 159, 160]","[119, 120, 121, 122, 123, 124, 125, 126, 127, 128, 129, 130, 131, 132]",71,107,2271.2160629220684,35943.07738226658,36214.85806977383,False,keep_no_improvement_or_insufficient_history,0.0356259029940702,1.8189894035458565e-12,-6.392445833333264,B
161,2025-06-11,2025-06-11 18:00:00,18,161,106,2025-06-11 18:00:00,2025-06-11 18:00:00,"[133, 134, 135, 136, 137, 138, 139, 140, 141, 142, 143, 144, 145, 146, 147, 148, 149, 150, 151, 152, 153, 154, 155, 156, 157, 158, 159, 160]","[119, 120, 121, 122, 123, 124, 125, 126, 127, 128, 129, 130, 131, 132]",107,144,10068.889428329472,19172.699458081257,18956.397638081755,True,heldout_improvement,0.016334410989657044,0.0,51.28870833333333,B
162,2025-06-12,2025-06-12 06:00:00,6,162,34,2025-06-12 06:00:00,2025-06-12 06:00:00,"[134, 135, 136, 137, 138, 139, 140, 141, 142, 143, 144, 145, 146, 147, 148, 149, 150, 151, 152, 153, 154, 155, 156, 157, 158, 159, 160, 161]","[120, 121, 122, 123, 124, 125, 126, 127, 128, 129, 130, 131, 132, 133]",35,71,9586.871201944406,37146.32875270449,36234.96320009548,True,heldout_improvement,0.03429250500630587,1.8189894035458565e-12,-20.59621666666669,B
162,2025-06-12,2025-06-12 12:00:00,12,162,70,2025-06-12 12:00:00,2025-06-12 12:00:00,"[134, 135, 136, 137, 138, 139, 140, 141, 142, 143, 144, 145, 146, 147, 148, 149, 150, 151, 152, 153, 154, 155, 156, 157, 158, 159, 160, 161]","[120, 121, 122, 123, 124, 125, 126, 127, 128, 129, 130, 131, 132, 133]",71,107,5830.924542696759,32482.707995964265,32889.023638906794,False,keep_no_improvement_or_insufficient_history,0.02569869300350547,1.8189894035458565e-12,-0.5015958333332644,B
162,2025-06-12,2025-06-12 18:00:00,18,162,106,2025-06-12 18:00:00,2025-06-12 18:00:00,"[134, 135, 136, 137, 138, 139, 140, 141, 142, 143, 144, 145, 146, 147, 148, 149, 150, 151, 152, 153, 154, 155, 156, 157, 158, 159, 160, 161]","[120, 121, 122, 123, 124, 125, 126, 127, 128, 129, 130, 131, 132, 133]",107,144,10151.4295273449,17949.357195362543,18786.685025168805,False,keep_no_improvement_or_insufficient_history,0.011523090011905879,0.0,26.629245833333318,B
163,2025-06-13,2025-06-13 06:00:00,6,163,34,2025-06-13 06:00:00,2025-06-13 06:00:00,"[135, 136, 137, 138, 139, 140, 141, 142, 143, 144, 145, 146, 147, 148, 149, 150, 151, 152, 153, 154, 155, 156, 157, 158, 159, 160, 161, 162]","[121, 122, 123, 124, 125, 126, 127, 128, 129, 130, 131, 132, 133, 134]",35,71,2859.059187474534,14254.981728763625,12803.495786044752,True,heldout_improvement,0.04927625600248575,9.094947017729282e-13,7.1562999999999874,B
163,2025-06-13,2025-06-13 12:00:00,12,163,70,2025-06-13 12:00:00,2025-06-13 12:00:00,"[135, 136, 137, 138, 139, 140, 141, 142, 143, 144, 145, 146, 147, 148, 149, 150, 151, 152, 153, 154, 155, 156, 157, 158, 159, 160, 161, 162]","[121, 122, 123, 124, 125, 126, 127, 128, 129, 130, 131, 132, 133, 134]",71,107,7314.928595627106,12188.418027075953,12646.521271781572,False,keep_no_improvement_or_insufficient_history,0.0365292489877902,7.617018127348274e-12,15.88000416666667,B
163,2025-06-13,2025-06-13 18:00:00,18,163,106,2025-06-13 18:00:00,2025-06-13 18:00:00,"[135, 136, 137, 138, 139, 140, 141, 142, 143, 144, 145, 146, 147, 148, 149, 150, 151, 152, 153, 154, 155, 156, 157, 158, 159, 160, 161, 162]","[121, 122, 123, 124, 125, 126, 127, 128, 129, 130, 131, 132, 133, 134]",107,144,10422.884437048886,9249.42415072418,9730.493134459419,False,keep_no_improvement_or_insufficient_history,0.01618040702305734,9.094947017729282e-13,50.34188333333334,B
164,2025-06-14,2025-06-14 06:00:00,6,164,34,2025-06-14 06:00:00,2025-06-14 06:00:00,"[136, 137, 138, 139, 140, 141, 142, 143, 144, 145, 146, 147, 148, 149, 150, 151, 152, 153, 154, 155, 156, 157, 158, 159, 160, 161, 162, 163]","[122, 123, 124, 125, 126, 127, 128, 129, 130, 131, 132, 133, 134, 135]",35,71,2753.8506654074063,11999.917622033734,12030.424850146794,False,keep_no_improvement_or_insufficient_history,0.0518775469972752,9.094947017729282e-13,-18.004754166666693,B
164,2025-06-14,2025-06-14 12:00:00,12,164,70,2025-06-14 12:00:00,2025-06-14 12:00:00,"[136, 137, 138, 139, 140, 141, 142, 143, 144, 145, 146, 147, 148, 149, 150, 151, 152, 153, 154, 155, 156, 157, 158, 159, 160, 161, 162, 163]","[122, 123, 124, 125, 126, 127, 128, 129, 130, 131, 132, 133, 134, 135]",71,107,9439.442340000001,11904.978438980426,11372.124266453891,True,heldout_improvement,0.03752077399985865,6.139089236967266e-12,-15.86890833333329,B
164,2025-06-14,2025-06-14 18:00:00,18,164,106,2025-06-14 18:00:00,2025-06-14 18:00:00,"[136, 137, 138, 139, 140, 141, 142, 143, 144, 145, 146, 147, 148, 149, 150, 151, 152, 153, 154, 155, 156, 157, 158, 159, 160, 161, 162, 163]","[122, 123, 124, 125, 126, 127, 128, 129, 130, 131, 132, 133, 134, 135]",107,144,9511.534956095678,13826.5833458748,11518.977730688526,True,heldout_improvement,0.010278692992869765,9.094947017729282e-13,57.88505416666661,B
165,2025-06-15,2025-06-15 06:00:00,6,165,34,2025-06-15 06:00:00,2025-06-15 06:00:00,"[137, 138, 139, 140, 141, 142, 143, 144, 145, 146, 147, 148, 149, 150, 151, 152, 153, 154, 155, 156, 157, 158, 159, 160, 161, 162, 163, 164]","[123, 124, 125, 126, 127, 128, 129, 130, 131, 132, 133, 134, 135, 136]",35,71,10800.0,43263.4692751648,41454.74250787358,True,heldout_improvement,0.03510002401890233,3.637978807091713e-12,-9.719887500000027,B
165,2025-06-15,2025-06-15 12:00:00,12,165,70,2025-06-15 12:00:00,2025-06-15 12:00:00,"[137, 138, 139, 140, 141, 142, 143, 144, 145, 146, 147, 148, 149, 150, 151, 152, 153, 154, 155, 156, 157, 158, 159, 160, 161, 162, 163, 164]","[123, 124, 125, 126, 127, 128, 129, 130, 131, 132, 133, 134, 135, 136]",71,107,1736.1890724891994,38504.50585607127,37903.46920185925,True,heldout_improvement,0.03461392701137811,1.8189894035458565e-12,3.1857333333333218,B
165,2025-06-15,2025-06-15 18:00:00,18,165,106,2025-06-15 18:00:00,2025-06-15 18:00:00,"[137, 138, 139, 140, 141, 142, 143, 144, 145, 146, 147, 148, 149, 150, 151, 152, 153, 154, 155, 156, 157, 158, 159, 160, 161, 162, 163, 164]","[123, 124, 125, 126, 127, 128, 129, 130, 131, 132, 133, 134, 135, 136]",107,144,10757.299904015437,18748.460276386195,19305.607086626256,False,keep_no_improvement_or_insufficient_history,0.013110029976814985,2.2737367544323206e-13,8.459229166666697,B
166,2025-06-16,2025-06-16 06:00:00,6,166,34,2025-06-16 06:00:00,2025-06-16 06:00:00,"[138, 139, 140, 141, 142, 143, 144, 145, 146, 147, 148, 149, 150, 151, 152, 153, 154, 155, 156, 157, 158, 159, 160, 161, 162, 163, 164, 165]","[124, 125, 126, 127, 128, 129, 130, 131, 132, 133, 134, 135, 136, 137]",35,71,10709.997492592593,43499.8857883764,41473.20173997191,True,heldout_improvement,0.026476989965885878,1.8189894035458565e-12,-7.026349999999979,B
166,2025-06-16,2025-06-16 12:00:00,12,166,70,2025-06-16 12:00:00,2025-06-16 12:00:00,"[138, 139, 140, 141, 142, 143, 144, 145, 146, 147, 148, 149, 150, 151, 152, 153, 154, 155, 156, 157, 158, 159, 160, 161, 162, 163, 164, 165]","[124, 125, 126, 127, 128, 129, 130, 131, 132, 133, 134, 135, 136, 137]",71,107,4150.9714572321045,37154.63188809291,36672.19564778167,True,heldout_improvement,0.036082608974538743,1.8189894035458565e-12,8.028979166666733,B
166,2025-06-16,2025-06-16 18:00:00,18,166,106,2025-06-16 18:00:00,2025-06-16 18:00:00,"[138, 139, 140, 141, 142, 143, 144, 145, 146, 147, 148, 149, 150, 151, 152, 153, 154, 155, 156, 157, 158, 159, 160, 161, 162, 163, 164, 165]","[124, 125, 126, 127, 128, 129, 130, 131, 132, 133, 134, 135, 136, 137]",107,144,9956.327360725309,18589.822749715284,19154.746293702883,False,keep_no_improvement_or_insufficient_history,0.018939482979476452,2.2737367544323206e-13,-22.833216666666658,B
167,2025-06-17,2025-06-17 06:00:00,6,167,34,2025-06-17 06:00:00,2025-06-17 06:00:00,"[139, 140, 141, 142, 143, 144, 145, 146, 147, 148, 149, 150, 151, 152, 153, 154, 155, 156, 157, 158, 159, 160, 161, 162, 163, 164, 165, 166]","[125, 126, 127, 128, 129, 130, 131, 132, 133, 134, 135, 136, 137, 138]",35,71,9959.400927391978,44296.41874128494,44301.29340015996,False,keep_no_improvement_or_insufficient_history,0.023368572001345456,2.7284841053187847e-12,-1.838374999999966,B
167,2025-06-17,2025-06-17 12:00:00,12,167,70,2025-06-17 12:00:00,2025-06-17 12:00:00,"[139, 140, 141, 142, 143, 144, 145, 146, 147, 148, 149, 150, 151, 152, 153, 154, 155, 156, 157, 158, 159, 160, 161, 162, 163, 164, 165, 166]","[125, 126, 127, 128, 129, 130, 131, 132, 133, 134, 135, 136, 137, 138]",71,107,7113.906642410497,35342.718737335046,34865.85589854573,True,heldout_improvement,0.025229368009604514,1.8189894035458565e-12,1.63724166666672,B
167,2025-06-17,2025-06-17 18:00:00,18,167,106,2025-06-17 18:00:00,2025-06-17 18:00:00,"[139, 140, 141, 142, 143, 144, 145, 146, 147, 148, 149, 150, 151, 152, 153, 154, 155, 156, 157, 158, 159, 160, 161, 162, 163, 164, 165, 166]","[125, 126, 127, 128, 129, 130, 131, 132, 133, 134, 135, 136, 137, 138]",107,144,10800.0,17955.049237429936,18471.13656156645,False,keep_no_improvement_or_insufficient_history,0.011579020007047802,1.2931877790833823e-12,-10.77214166666666,B
168,2025-06-18,2025-06-18 06:00:00,6,168,34,2025-06-18 06:00:00,2025-06-18 06:00:00,"[140, 141, 142, 143, 144, 145, 146, 147, 148, 149, 150, 151, 152, 153, 154, 155, 156, 157, 158, 159, 160, 161, 162, 163, 164, 165, 166, 167]","[126, 127, 128, 129, 130, 131, 132, 133, 134, 135, 136, 137, 138, 139]",35,71,10800.0,40645.904063100876,40666.714914256074,False,keep_no_improvement_or_insufficient_history,0.023925383982714266,3.637978807091713e-12,-9.296087500000036,B
168,2025-06-18,2025-06-18 12:00:00,12,168,70,2025-06-18 12:00:00,2025-06-18 12:00:00,"[140, 141, 142, 143, 144, 145, 146, 147, 148, 149, 150, 151, 152, 153, 154, 155, 156, 157, 158, 159, 160, 161, 162, 163, 164, 165, 166, 167]","[126, 127, 128, 129, 130, 131, 132, 133, 134, 135, 136, 137, 138, 139]",71,107,8082.83194338889,33397.439367294624,32628.759955342564,True,heldout_improvement,0.028016709024086595,1.8189894035458565e-12,-20.223012499999943,B
168,2025-06-18,2025-06-18 18:00:00,18,168,106,2025-06-18 18:00:00,2025-06-18 18:00:00,"[140, 141, 142, 143, 144, 145, 146, 147, 148, 149, 150, 151, 152, 153, 154, 155, 156, 157, 158, 159, 160, 161, 162, 163, 164, 165, 166, 167]","[126, 127, 128, 129, 130, 131, 132, 133, 134, 135, 136, 137, 138, 139]",107,144,9900.963447145063,18706.832267014182,19206.05349780369,False,keep_no_improvement_or_insufficient_history,0.010901660018134862,2.2737367544323206e-13,7.055358333333364,B
169,2025-06-19,2025-06-19 06:00:00,6,169,34,2025-06-19 06:00:00,2025-06-19 06:00:00,"[141, 142, 143, 144, 145, 146, 147, 148, 149, 150, 151, 152, 153, 154, 155, 156, 157, 158, 159, 160, 161, 162, 163, 164, 165, 166, 167, 168]","[127, 128, 129, 130, 131, 132, 133, 134, 135, 136, 137, 138, 139, 140]",35,71,10101.537550451472,39890.05178491967,38398.13040284235,True,heldout_improvement,0.026504731038585305,5.547917680814862e-11,13.817883333333308,B
169,2025-06-19,2025-06-19 12:00:00,12,169,70,2025-06-19 12:00:00,2025-06-19 12:00:00,"[141, 142, 143, 144, 145, 146, 147, 148, 149, 150, 151, 152, 153, 154, 155, 156, 157, 158, 159, 160, 161, 162, 163, 164, 165, 166, 167, 168]","[127, 128, 129, 130, 131, 132, 133, 134, 135, 136, 137, 138, 139, 140]",71,107,2113.963065,36058.10641632444,35975.27003947748,True,heldout_improvement,0.027855775028001517,1.8189894035458565e-12,0.90168749999998,B
169,2025-06-19,2025-06-19 18:00:00,18,169,106,2025-06-19 18:00:00,2025-06-19 18:00:00,"[141, 142, 143, 144, 145, 146, 147, 148, 149, 150, 151, 152, 153, 154, 155, 156, 157, 158, 159, 160, 161, 162, 163, 164, 165, 166, 167, 168]","[127, 128, 129, 130, 131, 132, 133, 134, 135, 136, 137, 138, 139, 140]",107,144,10758.745959259259,18273.818232109337,19091.64822235362,False,keep_no_improvement_or_insufficient_history,0.016074516985099763,0.0,-6.06733749999997,B
170,2025-06-20,2025-06-20 06:00:00,6,170,34,2025-06-20 06:00:00,2025-06-20 06:00:00,"[142, 143, 144, 145, 146, 147, 148, 149, 150, 151, 152, 153, 154, 155, 156, 157, 158, 159, 160, 161, 162, 163, 164, 165, 166, 167, 168, 169]","[128, 129, 130, 131, 132, 133, 134, 135, 136, 137, 138, 139, 140, 141]",35,71,4091.856272611113,13247.411093265622,13247.411093265622,False,keep_no_improvement_or_insufficient_history,0.03203187702456489,1.8189894035458565e-12,-11.617908333333313,B
170,2025-06-20,2025-06-20 12:00:00,12,170,70,2025-06-20 12:00:00,2025-06-20 12:00:00,"[142, 143, 144, 145, 146, 147, 148, 149, 150, 151, 152, 153, 154, 155, 156, 157, 158, 159, 160, 161, 162, 163, 164, 165, 166, 167, 168, 169]","[128, 129, 130, 131, 132, 133, 134, 135, 136, 137, 138, 139, 140, 141]",71,107,10800.0,13610.57575401804,13505.539878163583,True,heldout_improvement,0.012564686010591686,1.8189894035458565e-12,9.92633333333337,B
170,2025-06-20,2025-06-20 18:00:00,18,170,106,2025-06-20 18:00:00,2025-06-20 18:00:00,"[142, 143, 144, 145, 146, 147, 148, 149, 150, 151, 152, 153, 154, 155, 156, 157, 158, 159, 160, 161, 162, 163, 164, 165, 166, 167, 168, 169]","[128, 129, 130, 131, 132, 133, 134, 135, 136, 137, 138, 139, 140, 141]",107,144,10396.117240740741,9459.513166364952,10277.535001661181,False,keep_no_improvement_or_insufficient_history,0.019822294008918107,9.094947017729282e-13,-26.322954166666666,B
171,2025-06-21,2025-06-21 06:00:00,6,171,34,2025-06-21 06:00:00,2025-06-21 06:00:00,"[143, 144, 145, 146, 147, 148, 149, 150, 151, 152, 153, 154, 155, 156, 157, 158, 159, 160, 161, 162, 163, 164, 165, 166, 167, 168, 169, 170]","[129, 130, 131, 132, 133, 134, 135, 136, 137, 138, 139, 140, 141, 142]",35,71,2863.287553825554,13739.277644589518,13739.277644589518,False,keep_no_improvement_or_insufficient_history,0.027019611035939306,1.8189894035458565e-12,-5.174179166666666,B
171,2025-06-21,2025-06-21 12:00:00,12,171,70,2025-06-21 12:00:00,2025-06-21 12:00:00,"[143, 144, 145, 146, 147, 148, 149, 150, 151, 152, 153, 154, 155, 156, 157, 158, 159, 160, 161, 162, 163, 164, 165, 166, 167, 168, 169, 170]","[129, 130, 131, 132, 133, 134, 135, 136, 137, 138, 139, 140, 141, 142]",71,107,10616.39911160333,13820.675702301025,13544.71854434774,True,heldout_improvement,0.02027604600880295,2.4215296434704214e-11,-1.5103541666666538,B
171,2025-06-21,2025-06-21 18:00:00,18,171,106,2025-06-21 18:00:00,2025-06-21 18:00:00,"[143, 144, 145, 146, 147, 148, 149, 150, 151, 152, 153, 154, 155, 156, 157, 158, 159, 160, 161, 162, 163, 164, 165, 166, 167, 168, 169, 170]","[129, 130, 131, 132, 133, 134, 135, 136, 137, 138, 139, 140, 141, 142]",107,144,10375.198981481482,9691.194732310565,10591.055730828779,False,keep_no_improvement_or_insufficient_history,0.02029506297549233,4.547473508864641e-13,-36.627087500000016,B
172,2025-06-22,2025-06-22 06:00:00,6,172,34,2025-06-22 06:00:00,2025-06-22 06:00:00,"[144, 145, 146, 147, 148, 149, 150, 151, 152, 153, 154, 155, 156, 157, 158, 159, 160, 161, 162, 163, 164, 165, 166, 167, 168, 169, 170, 171]","[130, 131, 132, 133, 134, 135, 136, 137, 138, 139, 140, 141, 142, 143]",35,71,10800.0,37358.78849249823,35457.11979142713,True,heldout_improvement,0.025037301995325834,1.8189894035458565e-12,-4.921079166666648,B
172,2025-06-22,2025-06-22 12:00:00,12,172,70,2025-06-22 12:00:00,2025-06-22 12:00:00,"[144, 145, 146, 147, 148, 149, 150, 151, 152, 153, 154, 155, 156, 157, 158, 159, 160, 161, 162, 163, 164, 165, 166, 167, 168, 169, 170, 171]","[130, 131, 132, 133, 134, 135, 136, 137, 138, 139, 140, 141, 142, 143]",71,107,5607.864847942898,32892.168074544716,32444.3370476219,True,heldout_improvement,0.026642486976925284,1.8189894035458565e-12,-8.548887500000015,B
172,2025-06-22,2025-06-22 18:00:00,18,172,106,2025-06-22 18:00:00,2025-06-22 18:00:00,"[144, 145, 146, 147, 148, 149, 150, 151, 152, 153, 154, 155, 156, 157, 158, 159, 160, 161, 162, 163, 164, 165, 166, 167, 168, 169, 170, 171]","[130, 131, 132, 133, 134, 135, 136, 137, 138, 139, 140, 141, 142, 143]",107,144,10656.611843742287,17692.47662246564,18845.95862764466,False,keep_no_improvement_or_insufficient_history,0.01949603803222999,2.2737367544323206e-13,-35.55614999999989,B
173,2025-06-23,2025-06-23 06:00:00,6,173,34,2025-06-23 06:00:00,2025-06-23 06:00:00,"[145, 146, 147, 148, 149, 150, 151, 152, 153, 154, 155, 156, 157, 158, 159, 160, 161, 162, 163, 164, 165, 166, 167, 168, 169, 170, 171, 172]","[131, 132, 133, 134, 135, 136, 137, 138, 139, 140, 141, 142, 143, 144]",35,71,10800.0,34527.64404050431,33872.06058004954,True,heldout_improvement,0.03644114197231829,2.7284841053187847e-12,-24.110666666666624,B
173,2025-06-23,2025-06-23 12:00:00,12,173,70,2025-06-23 12:00:00,2025-06-23 12:00:00,"[145, 146, 147, 148, 149, 150, 151, 152, 153, 154, 155, 156, 157, 158, 159, 160, 161, 162, 163, 164, 165, 166, 167, 168, 169, 170, 171, 172]","[131, 132, 133, 134, 135, 136, 137, 138, 139, 140, 141, 142, 143, 144]",71,107,7471.495808894291,31464.6245259486,30841.747404879363,True,heldout_improvement,0.015230285993311554,9.094947017729282e-13,-13.41285833333336,B
173,2025-06-23,2025-06-23 18:00:00,18,173,106,2025-06-23 18:00:00,2025-06-23 18:00:00,"[145, 146, 147, 148, 149, 150, 151, 152, 153, 154, 155, 156, 157, 158, 159, 160, 161, 162, 163, 164, 165, 166, 167, 168, 169, 170, 171, 172]","[131, 132, 133, 134, 135, 136, 137, 138, 139, 140, 141, 142, 143, 144]",107,144,10028.470232267902,18241.658406608323,19378.117098025978,False,keep_no_improvement_or_insufficient_history,0.018740364001132548,9.094947017729282e-13,-23.01775416666669,B
174,2025-06-24,2025-06-24 06:00:00,6,174,34,2025-06-24 06:00:00,2025-06-24 06:00:00,"[146, 147, 148, 149, 150, 151, 152, 153, 154, 155, 156, 157, 158, 159, 160, 161, 162, 163, 164, 165, 166, 167, 168, 169, 170, 171, 172, 173]","[132, 133, 134, 135, 136, 137, 138, 139, 140, 141, 142, 143, 144, 145]",35,71,10622.06437623087,48019.360600905595,39463.544759656,True,heldout_improvement,0.015069886983837932,1.8189894035458565e-12,-11.567579166666633,B
174,2025-06-24,2025-06-24 12:00:00,12,174,70,2025-06-24 12:00:00,2025-06-24 12:00:00,"[146, 147, 148, 149, 150, 151, 152, 153, 154, 155, 156, 157, 158, 159, 160, 161, 162, 163, 164, 165, 166, 167, 168, 169, 170, 171, 172, 173]","[132, 133, 134, 135, 136, 137, 138, 139, 140, 141, 142, 143, 144, 145]",71,107,6505.536744421293,33320.52657839276,34316.59611693273,False,keep_no_improvement_or_insufficient_history,0.019182324002031237,9.094947017729282e-13,8.037779166666724,B
174,2025-06-24,2025-06-24 18:00:00,18,174,106,2025-06-24 18:00:00,2025-06-24 18:00:00,"[146, 147, 148, 149, 150, 151, 152, 153, 154, 155, 156, 157, 158, 159, 160, 161, 162, 163, 164, 165, 166, 167, 168, 169, 170, 171, 172, 173]","[132, 133, 134, 135, 136, 137, 138, 139, 140, 141, 142, 143, 144, 145]",107,144,9401.438388982542,18961.804789568047,19948.276748091033,False,keep_no_improvement_or_insufficient_history,0.01827526302076876,4.547473508864641e-13,-8.173629166666615,B
175,2025-06-25,2025-06-25 06:00:00,6,175,34,2025-06-25 06:00:00,2025-06-25 06:00:00,"[147, 148, 149, 150, 151, 152, 153, 154, 155, 156, 157, 158, 159, 160, 161, 162, 163, 164, 165, 166, 167, 168, 169, 170, 171, 172, 173, 174]","[133, 134, 135, 136, 137, 138, 139, 140, 141, 142, 143, 144, 145, 146]",35,71,10793.417122222223,37366.9481328024,36777.89057678025,True,heldout_improvement,0.03441274998476729,1.8189894035458565e-12,-6.502708333333316,B
175,2025-06-25,2025-06-25 12:00:00,12,175,70,2025-06-25 12:00:00,2025-06-25 12:00:00,"[147, 148, 149, 150, 151, 152, 153, 154, 155, 156, 157, 158, 159, 160, 161, 162, 163, 164, 165, 166, 167, 168, 169, 170, 171, 172, 173, 174]","[133, 134, 135, 136, 137, 138, 139, 140, 141, 142, 143, 144, 145, 146]",71,107,5510.644507739208,33046.22144443196,32637.69683647565,True,heldout_improvement,0.03276736702537164,9.094947017729282e-13,-7.920704166666685,B
175,2025-06-25,2025-06-25 18:00:00,18,175,106,2025-06-25 18:00:00,2025-06-25 18:00:00,"[147, 148, 149, 150, 151, 152, 153, 154, 155, 156, 157, 158, 159, 160, 161, 162, 163, 164, 165, 166, 167, 168, 169, 170, 171, 172, 173, 174]","[133, 134, 135, 136, 137, 138, 139, 140, 141, 142, 143, 144, 145, 146]",107,144,9998.19284220679,18429.141280383144,19764.877380773065,False,keep_no_improvement_or_insufficient_history,0.01973518799059093,0.0,-20.749075000000023,B
176,2025-06-26,2025-06-26 06:00:00,6,176,34,2025-06-26 06:00:00,2025-06-26 06:00:00,"[148, 149, 150, 151, 152, 153, 154, 155, 156, 157, 158, 159, 160, 161, 162, 163, 164, 165, 166, 167, 168, 169, 170, 171, 172, 173, 174, 175]","[134, 135, 136, 137, 138, 139, 140, 141, 142, 143, 144, 145, 146, 147]",35,71,10255.235446447532,38499.99424459712,37025.63139932269,True,heldout_improvement,0.03600288199959323,1.8189894035458565e-12,-11.446150000000026,B
176,2025-06-26,2025-06-26 12:00:00,12,176,70,2025-06-26 12:00:00,2025-06-26 12:00:00,"[148, 149, 150, 151, 152, 153, 154, 155, 156, 157, 158, 159, 160, 161, 162, 163, 164, 165, 166, 167, 168, 169, 170, 171, 172, 173, 174, 175]","[134, 135, 136, 137, 138, 139, 140, 141, 142, 143, 144, 145, 146, 147]",71,107,4327.83634384645,33321.590441870205,32340.27379861341,True,heldout_improvement,0.027998879028018564,1.8189894035458565e-12,-7.475899999999986,B
176,2025-06-26,2025-06-26 18:00:00,18,176,106,2025-06-26 18:00:00,2025-06-26 18:00:00,"[148, 149, 150, 151, 152, 153, 154, 155, 156, 157, 158, 159, 160, 161, 162, 163, 164, 165, 166, 167, 168, 169, 170, 171, 172, 173, 174, 175]","[134, 135, 136, 137, 138, 139, 140, 141, 142, 143, 144, 145, 146, 147]",107,144,9989.153982638889,18033.898882984988,19364.460750692288,False,keep_no_improvement_or_insufficient_history,0.019260525004938245,0.0,-21.925070833333315,B
177,2025-06-27,2025-06-27 06:00:00,6,177,34,2025-06-27 06:00:00,2025-06-27 06:00:00,"[149, 150, 151, 152, 153, 154, 155, 156, 157, 158, 159, 160, 161, 162, 163, 164, 165, 166, 167, 168, 169, 170, 171, 172, 173, 174, 175, 176]","[135, 136, 137, 138, 139, 140, 141, 142, 143, 144, 145, 146, 147, 148]",35,71,2401.0736936485187,12667.736482052092,12582.750286186129,True,heldout_improvement,0.024097501998767257,2.0463630789890885e-12,-1.238654166666682,B
177,2025-06-27,2025-06-27 12:00:00,12,177,70,2025-06-27 12:00:00,2025-06-27 12:00:00,"[149, 150, 151, 152, 153, 154, 155, 156, 157, 158, 159, 160, 161, 162, 163, 164, 165, 166, 167, 168, 169, 170, 171, 172, 173, 174, 175, 176]","[135, 136, 137, 138, 139, 140, 141, 142, 143, 144, 145, 146, 147, 148]",71,107,10785.31612842825,11824.540932404137,11570.887603046063,True,heldout_improvement,0.01884968701051548,1.8189894035458565e-12,-21.65075416666665,B
177,2025-06-27,2025-06-27 18:00:00,18,177,106,2025-06-27 18:00:00,2025-06-27 18:00:00,"[149, 150, 151, 152, 153, 154, 155, 156, 157, 158, 159, 160, 161, 162, 163, 164, 165, 166, 167, 168, 169, 170, 171, 172, 173, 174, 175, 176]","[135, 136, 137, 138, 139, 140, 141, 142, 143, 144, 145, 146, 147, 148]",107,144,10374.440555555555,9369.204805980902,10529.278913618036,False,keep_no_improvement_or_insufficient_history,0.019600605010055006,9.094947017729282e-13,-23.537683333333348,B
178,2025-06-28,2025-06-28 06:00:00,6,178,34,2025-06-28 06:00:00,2025-06-28 06:00:00,"[150, 151, 152, 153, 154, 155, 156, 157, 158, 159, 160, 161, 162, 163, 164, 165, 166, 167, 168, 169, 170, 171, 172, 173, 174, 175, 176, 177]","[136, 137, 138, 139, 140, 141, 142, 143, 144, 145, 146, 147, 148, 149]",35,71,3301.8147943888894,11889.529723336585,11889.529723336585,False,keep_no_improvement_or_insufficient_history,0.03927330701844767,1.279666166395339e-11,-0.5088833333333014,B
178,2025-06-28,2025-06-28 12:00:00,12,178,70,2025-06-28 12:00:00,2025-06-28 12:00:00,"[150, 151, 152, 153, 154, 155, 156, 157, 158, 159, 160, 161, 162, 163, 164, 165, 166, 167, 168, 169, 170, 171, 172, 173, 174, 175, 176, 177]","[136, 137, 138, 139, 140, 141, 142, 143, 144, 145, 146, 147, 148, 149]",71,107,10093.696426055556,12121.627226868197,12371.969626822023,False,keep_no_improvement_or_insufficient_history,0.03734717395855114,1.8189894035458565e-12,7.2965250000000115,B
178,2025-06-28,2025-06-28 18:00:00,18,178,106,2025-06-28 18:00:00,2025-06-28 18:00:00,"[150, 151, 152, 153, 154, 155, 156, 157, 158, 159, 160, 161, 162, 163, 164, 165, 166, 167, 168, 169, 170, 171, 172, 173, 174, 175, 176, 177]","[136, 137, 138, 139, 140, 141, 142, 143, 144, 145, 146, 147, 148, 149]",107,144,10800.0,9415.939302776149,10437.667469971919,False,keep_no_improvement_or_insufficient_history,0.012383405992295593,1.8189894035458565e-12,-8.613245833333355,B
179,2025-06-29,2025-06-29 06:00:00,6,179,34,2025-06-29 06:00:00,2025-06-29 06:00:00,"[151, 152, 153, 154, 155, 156, 157, 158, 159, 160, 161, 162, 163, 164, 165, 166, 167, 168, 169, 170, 171, 172, 173, 174, 175, 176, 177, 178]","[137, 138, 139, 140, 141, 142, 143, 144, 145, 146, 147, 148, 149, 150]",35,71,10799.685377777778,40934.53617433873,38239.27717028025,True,heldout_improvement,0.020168654969893396,3.637978807091713e-12,7.281279166666649,B
179,2025-06-29,2025-06-29 12:00:00,12,179,70,2025-06-29 12:00:00,2025-06-29 12:00:00,"[151, 152, 153, 154, 155, 156, 157, 158, 159, 160, 161, 162, 163, 164, 165, 166, 167, 168, 169, 170, 171, 172, 173, 174, 175, 176, 177, 178]","[137, 138, 139, 140, 141, 142, 143, 144, 145, 146, 147, 148, 149, 150]",71,107,3352.7992019807016,34273.65261033774,33914.35021717389,True,heldout_improvement,0.02930290496442467,1.8189894035458565e-12,-2.7233666666666068,B
179,2025-06-29,2025-06-29 18:00:00,18,179,106,2025-06-29 18:00:00,2025-06-29 18:00:00,"[151, 152, 153, 154, 155, 156, 157, 158, 159, 160, 161, 162, 163, 164, 165, 166, 167, 168, 169, 170, 171, 172, 173, 174, 175, 176, 177, 178]","[137, 138, 139, 140, 141, 142, 143, 144, 145, 146, 147, 148, 149, 150]",107,144,10044.0810902994,18166.040730701214,19354.650939866,False,keep_no_improvement_or_insufficient_history,0.020114953978918493,9.094947017729282e-13,-33.37377083333331,B
180,2025-06-30,2025-06-30 06:00:00,6,180,34,2025-06-30 06:00:00,2025-06-30 06:00:00,"[152, 153, 154, 155, 156, 157, 158, 159, 160, 161, 162, 163, 164, 165, 166, 167, 168, 169, 170, 171, 172, 173, 174, 175, 176, 177, 178, 179]","[138, 139, 140, 141, 142, 143, 144, 145, 146, 147, 148, 149, 150, 151]",35,71,10087.456771743842,34818.88956408722,34818.88956408722,False,keep_no_improvement_or_insufficient_history,0.02798700297717005,1.8189894035458565e-12,-10.38267083333335,B
180,2025-06-30,2025-06-30 12:00:00,12,180,70,2025-06-30 12:00:00,2025-06-30 12:00:00,"[152, 153, 154, 155, 156, 157, 158, 159, 160, 161, 162, 163, 164, 165, 166, 167, 168, 169, 170, 171, 172, 173, 174, 175, 176, 177, 178, 179]","[138, 139, 140, 141, 142, 143, 144, 145, 146, 147, 148, 149, 150, 151]",71,107,6278.20378604014,31677.577354993693,31688.670785130253,False,keep_no_improvement_or_insufficient_history,0.02631632296834141,1.8189894035458565e-12,-5.0593750000000455,B
180,2025-06-30,2025-06-30 18:00:00,18,180,106,2025-06-30 18:00:00,2025-06-30 18:00:00,"[152, 153, 154, 155, 156, 157, 158, 159, 160, 161, 162, 163, 164, 165, 166, 167, 168, 169, 170, 171, 172, 173, 174, 175, 176, 177, 178, 179]","[138, 139, 140, 141, 142, 143, 144, 145, 146, 147, 148, 149, 150, 151]",107,144,10800.0,17777.85036675263,19017.06366339154,False,keep_no_improvement_or_insufficient_history,0.011606535990722477,1.8189894035458565e-12,-14.091137499999906,B
181,2025-07-01,2025-07-01 06:00:00,6,181,34,2025-07-01 06:00:00,2025-07-01 06:00:00,"[153, 154, 155, 156, 157, 158, 159, 160, 161, 162, 163, 164, 165, 166, 167, 168, 169, 170, 171, 172, 173, 174, 175, 176, 177, 178, 179, 180]","[139, 140, 141, 142, 143, 144, 145, 146, 147, 148, 149, 150, 151, 152]",35,71,6921.354461407406,56637.92938671179,47572.19463122064,True,heldout_improvement,0.021868280018679798,1.8189894035458565e-12,105.31652083333331,B
181,2025-07-01,2025-07-01 12:00:00,12,181,70,2025-07-01 12:00:00,2025-07-01 12:00:00,"[153, 154, 155, 156, 157, 158, 159, 160, 161, 162, 163, 164, 165, 166, 167, 168, 169, 170, 171, 172, 173, 174, 175, 176, 177, 178, 179, 180]","[139, 140, 141, 142, 143, 144, 145, 146, 147, 148, 149, 150, 151, 152]",71,107,7316.818394858793,36407.3370797618,36169.13905386124,True,heldout_improvement,0.027495520014781505,1.8189894035458565e-12,91.83482916666662,B
181,2025-07-01,2025-07-01 18:00:00,18,181,106,2025-07-01 18:00:00,2025-07-01 18:00:00,"[153, 154, 155, 156, 157, 158, 159, 160, 161, 162, 163, 164, 165, 166, 167, 168, 169, 170, 171, 172, 173, 174, 175, 176, 177, 178, 179, 180]","[139, 140, 141, 142, 143, 144, 145, 146, 147, 148, 149, 150, 151, 152]",107,144,10637.920510643176,25398.04861673939,23169.77393701212,True,heldout_improvement,0.009800450992770493,4.547473508864641e-13,128.04553749999997,B
182,2025-07-02,2025-07-02 06:00:00,6,182,34,2025-07-02 06:00:00,2025-07-02 06:00:00,"[154, 155, 156, 157, 158, 159, 160, 161, 162, 163, 164, 165, 166, 167, 168, 169, 170, 171, 172, 173, 174, 175, 176, 177, 178, 179, 180, 181]","[140, 141, 142, 143, 144, 145, 146, 147, 148, 149, 150, 151, 152, 153]",35,71,7851.863866341661,46382.22979759746,44894.04266366206,True,heldout_improvement,0.03700188297079876,1.8189894035458565e-12,100.57766666666664,B
182,2025-07-02,2025-07-02 12:00:00,12,182,70,2025-07-02 12:00:00,2025-07-02 12:00:00,"[154, 155, 156, 157, 158, 159, 160, 161, 162, 163, 164, 165, 166, 167, 168, 169, 170, 171, 172, 173, 174, 175, 176, 177, 178, 179, 180, 181]","[140, 141, 142, 143, 144, 145, 146, 147, 148, 149, 150, 151, 152, 153]",71,107,6346.125870013128,40734.55293171405,39764.09527181002,True,heldout_improvement,0.024768874049186707,1.8189894035458565e-12,97.83145833333325,B
182,2025-07-02,2025-07-02 18:00:00,18,182,106,2025-07-02 18:00:00,2025-07-02 18:00:00,"[154, 155, 156, 157, 158, 159, 160, 161, 162, 163, 164, 165, 166, 167, 168, 169, 170, 171, 172, 173, 174, 175, 176, 177, 178, 179, 180, 181]","[140, 141, 142, 143, 144, 145, 146, 147, 148, 149, 150, 151, 152, 153]",107,144,10796.83343014892,29433.300151840445,23088.20533906746,True,heldout_improvement,0.01445956400129944,9.094947017729282e-13,129.59560833333322,B
183,2025-07-03,2025-07-03 06:00:00,6,183,34,2025-07-03 06:00:00,2025-07-03 06:00:00,"[155, 156, 157, 158, 159, 160, 161, 162, 163, 164, 165, 166, 167, 168, 169, 170, 171, 172, 173, 174, 175, 176, 177, 178, 179, 180, 181, 182]","[141, 142, 143, 144, 145, 146, 147, 148, 149, 150, 151, 152, 153, 154]",35,71,7519.784480127305,61659.16244035915,51810.62237586906,True,heldout_improvement,0.05760339699918404,1.8189894035458565e-12,92.56769583333337,B
183,2025-07-03,2025-07-03 12:00:00,12,183,70,2025-07-03 12:00:00,2025-07-03 12:00:00,"[155, 156, 157, 158, 159, 160, 161, 162, 163, 164, 165, 166, 167, 168, 169, 170, 171, 172, 173, 174, 175, 176, 177, 178, 179, 180, 181, 182]","[141, 142, 143, 144, 145, 146, 147, 148, 149, 150, 151, 152, 153, 154]",71,107,10087.019108440589,36937.61791579878,36250.21867764169,True,heldout_improvement,0.027200104959774762,1.8189894035458565e-12,75.17298749999993,B
183,2025-07-03,2025-07-03 18:00:00,18,183,106,2025-07-03 18:00:00,2025-07-03 18:00:00,"[155, 156, 157, 158, 159, 160, 161, 162, 163, 164, 165, 166, 167, 168, 169, 170, 171, 172, 173, 174, 175, 176, 177, 178, 179, 180, 181, 182]","[141, 142, 143, 144, 145, 146, 147, 148, 149, 150, 151, 152, 153, 154]",107,144,10492.718285091189,26989.626297130908,22941.278941604374,True,heldout_improvement,0.012606217991560698,9.094947017729282e-13,129.04877499999998,B
184,2025-07-04,2025-07-04 06:00:00,6,184,34,2025-07-04 06:00:00,2025-07-04 06:00:00,"[156, 157, 158, 159, 160, 161, 162, 163, 164, 165, 166, 167, 168, 169, 170, 171, 172, 173, 174, 175, 176, 177, 178, 179, 180, 181, 182, 183]","[142, 143, 144, 145, 146, 147, 148, 149, 150, 151, 152, 153, 154, 155]",35,71,1200.0,27346.79280586697,22504.406189879945,True,heldout_improvement,0.023550811980385333,1.5916157281026244e-11,84.44292500000002,B
184,2025-07-04,2025-07-04 12:00:00,12,184,70,2025-07-04 12:00:00,2025-07-04 12:00:00,"[156, 157, 158, 159, 160, 161, 162, 163, 164, 165, 166, 167, 168, 169, 170, 171, 172, 173, 174, 175, 176, 177, 178, 179, 180, 181, 182, 183]","[142, 143, 144, 145, 146, 147, 148, 149, 150, 151, 152, 153, 154, 155]",71,107,10800.0,17856.780116929927,17779.191389880732,True,heldout_improvement,0.01408762001665309,3.058175934711471e-11,79.91100833333337,B
184,2025-07-04,2025-07-04 18:00:00,18,184,106,2025-07-04 18:00:00,2025-07-04 18:00:00,"[156, 157, 158, 159, 160, 161, 162, 163, 164, 165, 166, 167, 168, 169, 170, 171, 172, 173, 174, 175, 176, 177, 178, 179, 180, 181, 182, 183]","[142, 143, 144, 145, 146, 147, 148, 149, 150, 151, 152, 153, 154, 155]",107,144,10608.306610293379,14189.124103225126,12697.294116523286,True,heldout_improvement,0.014898925030138344,9.094947017729282e-13,119.35371666666663,B
185,2025-07-05,2025-07-05 06:00:00,6,185,34,2025-07-05 06:00:00,2025-07-05 06:00:00,"[157, 158, 159, 160, 161, 162, 163, 164, 165, 166, 167, 168, 169, 170, 171, 172, 173, 174, 175, 176, 177, 178, 179, 180, 181, 182, 183, 184]","[143, 144, 145, 146, 147, 148, 149, 150, 151, 152, 153, 154, 155, 156]",35,71,3071.63262081867,21137.43563995484,20488.491562400995,True,heldout_improvement,0.04119996598456055,1.8189894035458565e-12,96.19155,B
185,2025-07-05,2025-07-05 12:00:00,12,185,70,2025-07-05 12:00:00,2025-07-05 12:00:00,"[157, 158, 159, 160, 161, 162, 163, 164, 165, 166, 167, 168, 169, 170, 171, 172, 173, 174, 175, 176, 177, 178, 179, 180, 181, 182, 183, 184]","[143, 144, 145, 146, 147, 148, 149, 150, 151, 152, 153, 154, 155, 156]",71,107,10800.0,22117.21209398846,21104.534982825182,True,heldout_improvement,0.013752693019341677,4.547473508864641e-13,99.71924166666668,B
185,2025-07-05,2025-07-05 18:00:00,18,185,106,2025-07-05 18:00:00,2025-07-05 18:00:00,"[157, 158, 159, 160, 161, 162, 163, 164, 165, 166, 167, 168, 169, 170, 171, 172, 173, 174, 175, 176, 177, 178, 179, 180, 181, 182, 183, 184]","[143, 144, 145, 146, 147, 148, 149, 150, 151, 152, 153, 154, 155, 156]",107,144,10547.042675931325,14873.76593884207,13047.54065362337,True,heldout_improvement,0.011691646999679506,9.094947017729282e-13,131.45250000000001,B
186,2025-07-06,2025-07-06 06:00:00,6,186,34,2025-07-06 06:00:00,2025-07-06 06:00:00,"[158, 159, 160, 161, 162, 163, 164, 165, 166, 167, 168, 169, 170, 171, 172, 173, 174, 175, 176, 177, 178, 179, 180, 181, 182, 183, 184, 185]","[144, 145, 146, 147, 148, 149, 150, 151, 152, 153, 154, 155, 156, 157]",35,71,9260.113529192125,87046.41674947398,70278.95203105439,True,heldout_improvement,0.02848313603317365,1.8189894035458565e-12,109.04714583333339,B
186,2025-07-06,2025-07-06 12:00:00,12,186,70,2025-07-06 12:00:00,2025-07-06 12:00:00,"[158, 159, 160, 161, 162, 163, 164, 165, 166, 167, 168, 169, 170, 171, 172, 173, 174, 175, 176, 177, 178, 179, 180, 181, 182, 183, 184, 185]","[144, 145, 146, 147, 148, 149, 150, 151, 152, 153, 154, 155, 156, 157]",71,107,9424.259394145065,67777.6319783086,48252.54795440677,True,heldout_improvement,0.01859978202264756,9.094947017729282e-13,113.1058333333333,B
186,2025-07-06,2025-07-06 18:00:00,18,186,106,2025-07-06 18:00:00,2025-07-06 18:00:00,"[158, 159, 160, 161, 162, 163, 164, 165, 166, 167, 168, 169, 170, 171, 172, 173, 174, 175, 176, 177, 178, 179, 180, 181, 182, 183, 184, 185]","[144, 145, 146, 147, 148, 149, 150, 151, 152, 153, 154, 155, 156, 157]",107,144,10800.0,20513.6421065547,20558.929912531345,False,keep_no_improvement_or_insufficient_history,0.012585274002049118,2.0179413695586845e-12,113.8176708333333,B
187,2025-07-07,2025-07-07 06:00:00,6,187,34,2025-07-07 06:00:00,2025-07-07 06:00:00,"[159, 160, 161, 162, 163, 164, 165, 166, 167, 168, 169, 170, 171, 172, 173, 174, 175, 176, 177, 178, 179, 180, 181, 182, 183, 184, 185, 186]","[145, 146, 147, 148, 149, 150, 151, 152, 153, 154, 155, 156, 157, 158]",35,71,8284.354140222222,45860.45160874478,43224.72992677795,True,heldout_improvement,0.03427091101184487,3.637978807091713e-12,96.95015416666672,B
187,2025-07-07,2025-07-07 12:00:00,12,187,70,2025-07-07 12:00:00,2025-07-07 12:00:00,"[159, 160, 161, 162, 163, 164, 165, 166, 167, 168, 169, 170, 171, 172, 173, 174, 175, 176, 177, 178, 179, 180, 181, 182, 183, 184, 185, 186]","[145, 146, 147, 148, 149, 150, 151, 152, 153, 154, 155, 156, 157, 158]",71,107,5201.320625937508,50112.967767477094,45128.83308442106,True,heldout_improvement,0.062161509005818516,2.7284841053187847e-12,94.95840833333325,B
187,2025-07-07,2025-07-07 18:00:00,18,187,106,2025-07-07 18:00:00,2025-07-07 18:00:00,"[159, 160, 161, 162, 163, 164, 165, 166, 167, 168, 169, 170, 171, 172, 173, 174, 175, 176, 177, 178, 179, 180, 181, 182, 183, 184, 185, 186]","[145, 146, 147, 148, 149, 150, 151, 152, 153, 154, 155, 156, 157, 158]",107,144,10694.39622962963,20558.27163397613,20612.9030214955,False,keep_no_improvement_or_insufficient_history,0.01458431500941515,4.547473508864641e-13,104.90835416666664,B
188,2025-07-08,2025-07-08 06:00:00,6,188,34,2025-07-08 06:00:00,2025-07-08 06:00:00,"[160, 161, 162, 163, 164, 165, 166, 167, 168, 169, 170, 171, 172, 173, 174, 175, 176, 177, 178, 179, 180, 181, 182, 183, 184, 185, 186, 187]","[146, 147, 148, 149, 150, 151, 152, 153, 154, 155, 156, 157, 158, 159]",35,71,10800.0,42965.91031722096,41979.33361679748,True,heldout_improvement,0.02366252103820443,1.8189894035458565e-12,43.72030000000002,B
188,2025-07-08,2025-07-08 12:00:00,12,188,70,2025-07-08 12:00:00,2025-07-08 12:00:00,"[160, 161, 162, 163, 164, 165, 166, 167, 168, 169, 170, 171, 172, 173, 174, 175, 176, 177, 178, 179, 180, 181, 182, 183, 184, 185, 186, 187]","[146, 147, 148, 149, 150, 151, 152, 153, 154, 155, 156, 157, 158, 159]",71,107,3403.683599953704,40366.78825838706,44581.4374691178,False,keep_no_improvement_or_insufficient_history,0.030416883004363626,4.092726157978177e-12,29.00654583333327,B
188,2025-07-08,2025-07-08 18:00:00,18,188,106,2025-07-08 18:00:00,2025-07-08 18:00:00,"[160, 161, 162, 163, 164, 165, 166, 167, 168, 169, 170, 171, 172, 173, 174, 175, 176, 177, 178, 179, 180, 181, 182, 183, 184, 185, 186, 187]","[146, 147, 148, 149, 150, 151, 152, 153, 154, 155, 156, 157, 158, 159]",107,144,10642.730857425928,21777.037379690115,22113.206042226702,False,keep_no_improvement_or_insufficient_history,0.014481397985946387,4.774847184307873e-12,63.92541666666663,B
189,2025-07-09,2025-07-09 06:00:00,6,189,34,2025-07-09 06:00:00,2025-07-09 06:00:00,"[161, 162, 163, 164, 165, 166, 167, 168, 169, 170, 171, 172, 173, 174, 175, 176, 177, 178, 179, 180, 181, 182, 183, 184, 185, 186, 187, 188]","[147, 148, 149, 150, 151, 152, 153, 154, 155, 156, 157, 158, 159, 160]",35,71,9842.669699648162,41795.64153384492,42090.2996125181,False,keep_no_improvement_or_insufficient_history,0.025465001992415637,1.8189894035458565e-12,35.83456666666666,B
189,2025-07-09,2025-07-09 12:00:00,12,189,70,2025-07-09 12:00:00,2025-07-09 12:00:00,"[161, 162, 163, 164, 165, 166, 167, 168, 169, 170, 171, 172, 173, 174, 175, 176, 177, 178, 179, 180, 181, 182, 183, 184, 185, 186, 187, 188]","[147, 148, 149, 150, 151, 152, 153, 154, 155, 156, 157, 158, 159, 160]",71,107,7778.214654666689,37158.3982658405,43810.61232768598,False,keep_no_improvement_or_insufficient_history,0.04001763102132827,3.4788172342814505e-11,35.99024583333327,B
189,2025-07-09,2025-07-09 18:00:00,18,189,106,2025-07-09 18:00:00,2025-07-09 18:00:00,"[161, 162, 163, 164, 165, 166, 167, 168, 169, 170, 171, 172, 173, 174, 175, 176, 177, 178, 179, 180, 181, 182, 183, 184, 185, 186, 187, 188]","[147, 148, 149, 150, 151, 152, 153, 154, 155, 156, 157, 158, 159, 160]",107,144,10632.64062037037,20513.031772452603,20737.567916759905,False,keep_no_improvement_or_insufficient_history,0.01213465305045247,0.0,40.37394999999992,B
190,2025-07-10,2025-07-10 06:00:00,6,190,34,2025-07-10 06:00:00,2025-07-10 06:00:00,"[162, 163, 164, 165, 166, 167, 168, 169, 170, 171, 172, 173, 174, 175, 176, 177, 178, 179, 180, 181, 182, 183, 184, 185, 186, 187, 188, 189]","[148, 149, 150, 151, 152, 153, 154, 155, 156, 157, 158, 159, 160, 161]",35,71,10762.448216666668,50064.736809184426,50185.67628254151,False,keep_no_improvement_or_insufficient_history,0.03153446799842641,1.8189894035458565e-12,57.06631666666665,B
190,2025-07-10,2025-07-10 12:00:00,12,190,70,2025-07-10 12:00:00,2025-07-10 12:00:00,"[162, 163, 164, 165, 166, 167, 168, 169, 170, 171, 172, 173, 174, 175, 176, 177, 178, 179, 180, 181, 182, 183, 184, 185, 186, 187, 188, 189]","[148, 149, 150, 151, 152, 153, 154, 155, 156, 157, 158, 159, 160, 161]",71,107,7009.854481499999,41651.33836074831,46409.51874524295,False,keep_no_improvement_or_insufficient_history,0.016035664011724293,3.3082869776990265e-11,53.02117916666672,B
190,2025-07-10,2025-07-10 18:00:00,18,190,106,2025-07-10 18:00:00,2025-07-10 18:00:00,"[162, 163, 164, 165, 166, 167, 168, 169, 170, 171, 172, 173, 174, 175, 176, 177, 178, 179, 180, 181, 182, 183, 184, 185, 186, 187, 188, 189]","[148, 149, 150, 151, 152, 153, 154, 155, 156, 157, 158, 159, 160, 161]",107,144,10800.0,20898.46178092446,21037.395423390342,False,keep_no_improvement_or_insufficient_history,0.014294855995103717,1.2931877790833823e-12,72.6929541666666,B
191,2025-07-11,2025-07-11 06:00:00,6,191,34,2025-07-11 06:00:00,2025-07-11 06:00:00,"[163, 164, 165, 166, 167, 168, 169, 170, 171, 172, 173, 174, 175, 176, 177, 178, 179, 180, 181, 182, 183, 184, 185, 186, 187, 188, 189, 190]","[149, 150, 151, 152, 153, 154, 155, 156, 157, 158, 159, 160, 161, 162]",35,71,2726.074097907409,24538.18613644166,22913.604337437508,True,heldout_improvement,0.04890285502187908,3.012701199622825e-11,43.6287291666667,B
191,2025-07-11,2025-07-11 12:00:00,12,191,70,2025-07-11 12:00:00,2025-07-11 12:00:00,"[163, 164, 165, 166, 167, 168, 169, 170, 171, 172, 173, 174, 175, 176, 177, 178, 179, 180, 181, 182, 183, 184, 185, 186, 187, 188, 189, 190]","[149, 150, 151, 152, 153, 154, 155, 156, 157, 158, 159, 160, 161, 162]",71,107,8640.792490010033,19321.682917156628,23516.456951681466,False,keep_no_improvement_or_insufficient_history,0.028925883991178125,1.8189894035458565e-12,44.78597916666664,B
191,2025-07-11,2025-07-11 18:00:00,18,191,106,2025-07-11 18:00:00,2025-07-11 18:00:00,"[163, 164, 165, 166, 167, 168, 169, 170, 171, 172, 173, 174, 175, 176, 177, 178, 179, 180, 181, 182, 183, 184, 185, 186, 187, 188, 189, 190]","[149, 150, 151, 152, 153, 154, 155, 156, 157, 158, 159, 160, 161, 162]",107,144,10753.50179074074,11863.81206574608,11719.658017622149,True,heldout_improvement,0.01635650999378413,4.547473508864641e-13,41.36856666666661,B
192,2025-07-12,2025-07-12 06:00:00,6,192,34,2025-07-12 06:00:00,2025-07-12 06:00:00,"[164, 165, 166, 167, 168, 169, 170, 171, 172, 173, 174, 175, 176, 177, 178, 179, 180, 181, 182, 183, 184, 185, 186, 187, 188, 189, 190, 191]","[150, 151, 152, 153, 154, 155, 156, 157, 158, 159, 160, 161, 162, 163]",35,71,1216.0259007071006,27886.005840033828,23368.415860163183,True,heldout_improvement,0.04088698897976428,1.8189894035458565e-12,31.372933333333357,B
192,2025-07-12,2025-07-12 12:00:00,12,192,70,2025-07-12 12:00:00,2025-07-12 12:00:00,"[164, 165, 166, 167, 168, 169, 170, 171, 172, 173, 174, 175, 176, 177, 178, 179, 180, 181, 182, 183, 184, 185, 186, 187, 188, 189, 190, 191]","[150, 151, 152, 153, 154, 155, 156, 157, 158, 159, 160, 161, 162, 163]",71,107,9414.881738095768,21577.150781943485,24101.65629696579,False,keep_no_improvement_or_insufficient_history,0.03190992499003187,1.8189894035458565e-12,32.695954166666674,B
192,2025-07-12,2025-07-12 18:00:00,18,192,106,2025-07-12 18:00:00,2025-07-12 18:00:00,"[164, 165, 166, 167, 168, 169, 170, 171, 172, 173, 174, 175, 176, 177, 178, 179, 180, 181, 182, 183, 184, 185, 186, 187, 188, 189, 190, 191]","[150, 151, 152, 153, 154, 155, 156, 157, 158, 159, 160, 161, 162, 163]",107,144,10682.626505509816,11839.164834124682,11630.480730670894,True,heldout_improvement,0.011991142004262656,9.094947017729282e-13,30.63340416666665,B
193,2025-07-13,2025-07-13 06:00:00,6,193,34,2025-07-13 06:00:00,2025-07-13 06:00:00,"[165, 166, 167, 168, 169, 170, 171, 172, 173, 174, 175, 176, 177, 178, 179, 180, 181, 182, 183, 184, 185, 186, 187, 188, 189, 190, 191, 192]","[151, 152, 153, 154, 155, 156, 157, 158, 159, 160, 161, 162, 163, 164]",35,71,9811.837465740176,37913.952122434726,37531.921076964216,True,heldout_improvement,0.03783374099293724,5.9117155615240335e-12,10.61636249999996,B
193,2025-07-13,2025-07-13 12:00:00,12,193,70,2025-07-13 12:00:00,2025-07-13 12:00:00,"[165, 166, 167, 168, 169, 170, 171, 172, 173, 174, 175, 176, 177, 178, 179, 180, 181, 182, 183, 184, 185, 186, 187, 188, 189, 190, 191, 192]","[151, 152, 153, 154, 155, 156, 157, 158, 159, 160, 161, 162, 163, 164]",71,107,3902.8711460493823,36300.40885466519,43886.68643984847,False,keep_no_improvement_or_insufficient_history,0.030562092957552522,1.8189894035458565e-12,37.4081833333333,B
193,2025-07-13,2025-07-13 18:00:00,18,193,106,2025-07-13 18:00:00,2025-07-13 18:00:00,"[165, 166, 167, 168, 169, 170, 171, 172, 173, 174, 175, 176, 177, 178, 179, 180, 181, 182, 183, 184, 185, 186, 187, 188, 189, 190, 191, 192]","[151, 152, 153, 154, 155, 156, 157, 158, 159, 160, 161, 162, 163, 164]",107,144,10800.0,21038.21133558328,21065.821150338354,False,keep_no_improvement_or_insufficient_history,0.02081223001005128,1.8189894035458565e-12,52.33561666666666,B
194,2025-07-14,2025-07-14 06:00:00,6,194,34,2025-07-14 06:00:00,2025-07-14 06:00:00,"[166, 167, 168, 169, 170, 171, 172, 173, 174, 175, 176, 177, 178, 179, 180, 181, 182, 183, 184, 185, 186, 187, 188, 189, 190, 191, 192, 193]","[152, 153, 154, 155, 156, 157, 158, 159, 160, 161, 162, 163, 164, 165]",35,71,10796.064774074073,37050.04131885042,36833.98090460637,True,heldout_improvement,0.02342264394974336,1.9099388737231493e-11,24.876245833333314,B
194,2025-07-14,2025-07-14 12:00:00,12,194,70,2025-07-14 12:00:00,2025-07-14 12:00:00,"[166, 167, 168, 169, 170, 171, 172, 173, 174, 175, 176, 177, 178, 179, 180, 181, 182, 183, 184, 185, 186, 187, 188, 189, 190, 191, 192, 193]","[152, 153, 154, 155, 156, 157, 158, 159, 160, 161, 162, 163, 164, 165]",71,107,4683.577983148148,41634.88988641636,47445.87169536196,False,keep_no_improvement_or_insufficient_history,0.02805994200753048,9.094947017729282e-13,54.32519999999992,B
194,2025-07-14,2025-07-14 18:00:00,18,194,106,2025-07-14 18:00:00,2025-07-14 18:00:00,"[166, 167, 168, 169, 170, 171, 172, 173, 174, 175, 176, 177, 178, 179, 180, 181, 182, 183, 184, 185, 186, 187, 188, 189, 190, 191, 192, 193]","[152, 153, 154, 155, 156, 157, 158, 159, 160, 161, 162, 163, 164, 165]",107,144,10657.824131481482,21724.983694936083,21654.493485094747,True,heldout_improvement,0.015402099001221359,9.094947017729282e-13,75.99552499999996,B
195,2025-07-15,2025-07-15 06:00:00,6,195,34,2025-07-15 06:00:00,2025-07-15 06:00:00,"[167, 168, 169, 170, 171, 172, 173, 174, 175, 176, 177, 178, 179, 180, 181, 182, 183, 184, 185, 186, 187, 188, 189, 190, 191, 192, 193, 194]","[153, 154, 155, 156, 157, 158, 159, 160, 161, 162, 163, 164, 165, 166]",35,71,10800.0,41462.47297405427,40073.99548835352,True,heldout_improvement,0.02558724902337417,1.8189894035458565e-12,-28.027466666666704,B
195,2025-07-15,2025-07-15 12:00:00,12,195,70,2025-07-15 12:00:00,2025-07-15 12:00:00,"[167, 168, 169, 170, 171, 172, 173, 174, 175, 176, 177, 178, 179, 180, 181, 182, 183, 184, 185, 186, 187, 188, 189, 190, 191, 192, 193, 194]","[153, 154, 155, 156, 157, 158, 159, 160, 161, 162, 163, 164, 165, 166]",71,107,5446.232760370372,39032.0174974323,39688.21119419845,False,keep_no_improvement_or_insufficient_history,0.031574139022268355,1.8189894035458565e-12,-7.2729249999999865,B
195,2025-07-15,2025-07-15 18:00:00,18,195,106,2025-07-15 18:00:00,2025-07-15 18:00:00,"[167, 168, 169, 170, 171, 172, 173, 174, 175, 176, 177, 178, 179, 180, 181, 182, 183, 184, 185, 186, 187, 188, 189, 190, 191, 192, 193, 194]","[153, 154, 155, 156, 157, 158, 159, 160, 161, 162, 163, 164, 165, 166]",107,144,10800.0,22645.512831909895,21939.17855373601,True,heldout_improvement,0.02038924698717892,1.5205614545266144e-12,-39.69694166666659,B
196,2025-07-16,2025-07-16 06:00:00,6,196,34,2025-07-16 06:00:00,2025-07-16 06:00:00,"[168, 169, 170, 171, 172, 173, 174, 175, 176, 177, 178, 179, 180, 181, 182, 183, 184, 185, 186, 187, 188, 189, 190, 191, 192, 193, 194, 195]","[154, 155, 156, 157, 158, 159, 160, 161, 162, 163, 164, 165, 166, 167]",35,71,7471.762948555563,41135.66898772967,41098.508726840584,True,heldout_improvement,0.027728290995582938,4.547473508864641e-13,0.3078333333332921,B
196,2025-07-16,2025-07-16 12:00:00,12,196,70,2025-07-16 12:00:00,2025-07-16 12:00:00,"[168, 169, 170, 171, 172, 173, 174, 175, 176, 177, 178, 179, 180, 181, 182, 183, 184, 185, 186, 187, 188, 189, 190, 191, 192, 193, 194, 195]","[154, 155, 156, 157, 158, 159, 160, 161, 162, 163, 164, 165, 166, 167]",71,107,4000.620401658181,41782.71214015246,46294.75216039978,False,keep_no_improvement_or_insufficient_history,0.03296281397342682,1.8189894035458565e-12,-1.480387500000006,B
196,2025-07-16,2025-07-16 18:00:00,18,196,106,2025-07-16 18:00:00,2025-07-16 18:00:00,"[168, 169, 170, 171, 172, 173, 174, 175, 176, 177, 178, 179, 180, 181, 182, 183, 184, 185, 186, 187, 188, 189, 190, 191, 192, 193, 194, 195]","[154, 155, 156, 157, 158, 159, 160, 161, 162, 163, 164, 165, 166, 167]",107,144,10712.883339943546,22078.334853523495,22080.968316917733,False,keep_no_improvement_or_insufficient_history,0.011892172042280436,0.0,19.22902083333338,B
197,2025-07-17,2025-07-17 06:00:00,6,197,34,2025-07-17 06:00:00,2025-07-17 06:00:00,"[169, 170, 171, 172, 173, 174, 175, 176, 177, 178, 179, 180, 181, 182, 183, 184, 185, 186, 187, 188, 189, 190, 191, 192, 193, 194, 195, 196]","[155, 156, 157, 158, 159, 160, 161, 162, 163, 164, 165, 166, 167, 168]",35,71,10800.0,41474.54030486995,40865.19403647707,True,heldout_improvement,0.033321624039672315,1.8189894035458565e-12,-8.725908333333336,B
197,2025-07-17,2025-07-17 12:00:00,12,197,70,2025-07-17 12:00:00,2025-07-17 12:00:00,"[169, 170, 171, 172, 173, 174, 175, 176, 177, 178, 179, 180, 181, 182, 183, 184, 185, 186, 187, 188, 189, 190, 191, 192, 193, 194, 195, 196]","[155, 156, 157, 158, 159, 160, 161, 162, 163, 164, 165, 166, 167, 168]",71,107,4534.407144195986,39095.02484786168,39290.225942687575,False,keep_no_improvement_or_insufficient_history,0.02942725399043411,2.7284841053187847e-12,-23.76324999999997,B
197,2025-07-17,2025-07-17 18:00:00,18,197,106,2025-07-17 18:00:00,2025-07-17 18:00:00,"[169, 170, 171, 172, 173, 174, 175, 176, 177, 178, 179, 180, 181, 182, 183, 184, 185, 186, 187, 188, 189, 190, 191, 192, 193, 194, 195, 196]","[155, 156, 157, 158, 159, 160, 161, 162, 163, 164, 165, 166, 167, 168]",107,144,10800.0,23113.910725279366,22691.56139791397,True,heldout_improvement,0.019696459989063442,1.8189894035458565e-12,-11.416070833333379,B
198,2025-07-18,2025-07-18 06:00:00,6,198,34,2025-07-18 06:00:00,2025-07-18 06:00:00,"[170, 171, 172, 173, 174, 175, 176, 177, 178, 179, 180, 181, 182, 183, 184, 185, 186, 187, 188, 189, 190, 191, 192, 193, 194, 195, 196, 197]","[156, 157, 158, 159, 160, 161, 162, 163, 164, 165, 166, 167, 168, 169]",35,71,3026.493445652236,18608.748886168432,18587.752495811295,True,heldout_improvement,0.03660722798667848,3.865352482534945e-12,-24.31766250000002,B
198,2025-07-18,2025-07-18 12:00:00,12,198,70,2025-07-18 12:00:00,2025-07-18 12:00:00,"[170, 171, 172, 173, 174, 175, 176, 177, 178, 179, 180, 181, 182, 183, 184, 185, 186, 187, 188, 189, 190, 191, 192, 193, 194, 195, 196, 197]","[156, 157, 158, 159, 160, 161, 162, 163, 164, 165, 166, 167, 168, 169]",71,107,8596.340016265429,17958.78605533649,18438.047717792488,False,keep_no_improvement_or_insufficient_history,0.03360005299327895,1.8189894035458565e-12,-11.724116666666607,B
198,2025-07-18,2025-07-18 18:00:00,18,198,106,2025-07-18 18:00:00,2025-07-18 18:00:00,"[170, 171, 172, 173, 174, 175, 176, 177, 178, 179, 180, 181, 182, 183, 184, 185, 186, 187, 188, 189, 190, 191, 192, 193, 194, 195, 196, 197]","[156, 157, 158, 159, 160, 161, 162, 163, 164, 165, 166, 167, 168, 169]",107,144,10795.861342592592,13222.91694884033,12870.706470954216,True,heldout_improvement,0.020238387980498374,9.094947017729282e-13,-17.18444999999993,B
199,2025-07-19,2025-07-19 06:00:00,6,199,34,2025-07-19 06:00:00,2025-07-19 06:00:00,"[171, 172, 173, 174, 175, 176, 177, 178, 179, 180, 181, 182, 183, 184, 185, 186, 187, 188, 189, 190, 191, 192, 193, 194, 195, 196, 197, 198]","[157, 158, 159, 160, 161, 162, 163, 164, 165, 166, 167, 168, 169, 170]",35,71,3422.893891074931,18313.428084302726,18313.428084302726,False,keep_no_improvement_or_insufficient_history,0.024822668987326324,1.8189894035458565e-12,-2.5444791666666715,B
199,2025-07-19,2025-07-19 12:00:00,12,199,70,2025-07-19 12:00:00,2025-07-19 12:00:00,"[171, 172, 173, 174, 175, 176, 177, 178, 179, 180, 181, 182, 183, 184, 185, 186, 187, 188, 189, 190, 191, 192, 193, 194, 195, 196, 197, 198]","[157, 158, 159, 160, 161, 162, 163, 164, 165, 166, 167, 168, 169, 170]",71,107,10800.0,17814.56153969373,17664.107707367508,True,heldout_improvement,0.01212860195664689,1.8189894035458565e-12,-26.437879166666637,B
199,2025-07-19,2025-07-19 18:00:00,18,199,106,2025-07-19 18:00:00,2025-07-19 18:00:00,"[171, 172, 173, 174, 175, 176, 177, 178, 179, 180, 181, 182, 183, 184, 185, 186, 187, 188, 189, 190, 191, 192, 193, 194, 195, 196, 197, 198]","[157, 158, 159, 160, 161, 162, 163, 164, 165, 166, 167, 168, 169, 170]",107,144,10222.52260316358,13659.096782527171,13359.733345011327,True,heldout_improvement,0.020259104028809816,4.547473508864641e-13,-12.682979166666579,B
200,2025-07-20,2025-07-20 06:00:00,6,200,34,2025-07-20 06:00:00,2025-07-20 06:00:00,"[172, 173, 174, 175, 176, 177, 178, 179, 180, 181, 182, 183, 184, 185, 186, 187, 188, 189, 190, 191, 192, 193, 194, 195, 196, 197, 198, 199]","[158, 159, 160, 161, 162, 163, 164, 165, 166, 167, 168, 169, 170, 171]",35,71,9457.170639517473,41768.20102112317,40751.97873738893,True,heldout_improvement,0.020337798981927335,1.8189894035458565e-12,-23.085062500000085,B
200,2025-07-20,2025-07-20 12:00:00,12,200,70,2025-07-20 12:00:00,2025-07-20 12:00:00,"[172, 173, 174, 175, 176, 177, 178, 179, 180, 181, 182, 183, 184, 185, 186, 187, 188, 189, 190, 191, 192, 193, 194, 195, 196, 197, 198, 199]","[158, 159, 160, 161, 162, 163, 164, 165, 166, 167, 168, 169, 170, 171]",71,107,3073.322345677465,39146.807784248565,38791.82399588123,True,heldout_improvement,0.028510430012829602,1.8189894035458565e-12,-17.256933333333336,B
200,2025-07-20,2025-07-20 18:00:00,18,200,106,2025-07-20 18:00:00,2025-07-20 18:00:00,"[172, 173, 174, 175, 176, 177, 178, 179, 180, 181, 182, 183, 184, 185, 186, 187, 188, 189, 190, 191, 192, 193, 194, 195, 196, 197, 198, 199]","[158, 159, 160, 161, 162, 163, 164, 165, 166, 167, 168, 169, 170, 171]",107,144,9874.074074074075,22717.00513400678,22708.96629495372,True,heldout_improvement,0.020290881046094,9.094947017729282e-13,-2.4232458333334153,B
201,2025-07-21,2025-07-21 06:00:00,6,201,34,2025-07-21 06:00:00,2025-07-21 06:00:00,"[173, 174, 175, 176, 177, 178, 179, 180, 181, 182, 183, 184, 185, 186, 187, 188, 189, 190, 191, 192, 193, 194, 195, 196, 197, 198, 199, 200]","[159, 160, 161, 162, 163, 164, 165, 166, 167, 168, 169, 170, 171, 172]",35,71,10800.0,43858.81650440761,42450.23788475104,True,heldout_improvement,0.02997608802979812,1.8189894035458565e-12,-3.1956291666667007,B
201,2025-07-21,2025-07-21 12:00:00,12,201,70,2025-07-21 12:00:00,2025-07-21 12:00:00,"[173, 174, 175, 176, 177, 178, 179, 180, 181, 182, 183, 184, 185, 186, 187, 188, 189, 190, 191, 192, 193, 194, 195, 196, 197, 198, 199, 200]","[159, 160, 161, 162, 163, 164, 165, 166, 167, 168, 169, 170, 171, 172]",71,107,3983.0605028549367,40308.0933217022,40010.74581912589,True,heldout_improvement,0.01747306901961565,9.094947017729282e-13,-6.077787499999961,B
201,2025-07-21,2025-07-21 18:00:00,18,201,106,2025-07-21 18:00:00,2025-07-21 18:00:00,"[173, 174, 175, 176, 177, 178, 179, 180, 181, 182, 183, 184, 185, 186, 187, 188, 189, 190, 191, 192, 193, 194, 195, 196, 197, 198, 199, 200]","[159, 160, 161, 162, 163, 164, 165, 166, 167, 168, 169, 170, 171, 172]",107,144,9768.014232098767,23230.387489264067,23192.55938660859,True,heldout_improvement,0.02009995502885431,9.094947017729282e-13,-22.934508333333344,B
202,2025-07-22,2025-07-22 06:00:00,6,202,34,2025-07-22 06:00:00,2025-07-22 06:00:00,"[174, 175, 176, 177, 178, 179, 180, 181, 182, 183, 184, 185, 186, 187, 188, 189, 190, 191, 192, 193, 194, 195, 196, 197, 198, 199, 200, 201]","[160, 161, 162, 163, 164, 165, 166, 167, 168, 169, 170, 171, 172, 173]",35,71,7483.93102276428,56544.25115254172,50642.59028123169,True,heldout_improvement,0.028761604975443333,1.8189894035458565e-12,-4.8503958333333985,B
202,2025-07-22,2025-07-22 12:00:00,12,202,70,2025-07-22 12:00:00,2025-07-22 12:00:00,"[174, 175, 176, 177, 178, 179, 180, 181, 182, 183, 184, 185, 186, 187, 188, 189, 190, 191, 192, 193, 194, 195, 196, 197, 198, 199, 200, 201]","[160, 161, 162, 163, 164, 165, 166, 167, 168, 169, 170, 171, 172, 173]",71,107,8991.789921155862,36283.24092726338,35527.48413584453,True,heldout_improvement,0.026709355995990336,1.8189894035458565e-12,-11.461249999999911,B
202,2025-07-22,2025-07-22 18:00:00,18,202,106,2025-07-22 18:00:00,2025-07-22 18:00:00,"[174, 175, 176, 177, 178, 179, 180, 181, 182, 183, 184, 185, 186, 187, 188, 189, 190, 191, 192, 193, 194, 195, 196, 197, 198, 199, 200, 201]","[160, 161, 162, 163, 164, 165, 166, 167, 168, 169, 170, 171, 172, 173]",107,144,9885.16476798071,22495.201261762802,22657.87067578446,False,keep_no_improvement_or_insufficient_history,0.020298099028877914,9.094947017729282e-13,-2.154708333333398,B
203,2025-07-23,2025-07-23 06:00:00,6,203,34,2025-07-23 06:00:00,2025-07-23 06:00:00,"[175, 176, 177, 178, 179, 180, 181, 182, 183, 184, 185, 186, 187, 188, 189, 190, 191, 192, 193, 194, 195, 196, 197, 198, 199, 200, 201, 202]","[161, 162, 163, 164, 165, 166, 167, 168, 169, 170, 171, 172, 173, 174]",35,71,10800.0,38738.74193264193,37460.44221514297,True,heldout_improvement,0.044159421988297254,1.8189894035458565e-12,-18.012133333333395,B
203,2025-07-23,2025-07-23 12:00:00,12,203,70,2025-07-23 12:00:00,2025-07-23 12:00:00,"[175, 176, 177, 178, 179, 180, 181, 182, 183, 184, 185, 186, 187, 188, 189, 190, 191, 192, 193, 194, 195, 196, 197, 198, 199, 200, 201, 202]","[161, 162, 163, 164, 165, 166, 167, 168, 169, 170, 171, 172, 173, 174]",71,107,3536.9944525637316,41273.188053197584,39670.26797695452,True,heldout_improvement,0.03764426795532927,1.8189894035458565e-12,10.564166666666702,B
203,2025-07-23,2025-07-23 18:00:00,18,203,106,2025-07-23 18:00:00,2025-07-23 18:00:00,"[175, 176, 177, 178, 179, 180, 181, 182, 183, 184, 185, 186, 187, 188, 189, 190, 191, 192, 193, 194, 195, 196, 197, 198, 199, 200, 201, 202]","[161, 162, 163, 164, 165, 166, 167, 168, 169, 170, 171, 172, 173, 174]",107,144,10800.0,21063.862806232766,21181.063419275724,False,keep_no_improvement_or_insufficient_history,0.020494562981184572,1.1368683772161603e-13,-25.161666666666708,B
204,2025-07-24,2025-07-24 06:00:00,6,204,34,2025-07-24 06:00:00,2025-07-24 06:00:00,"[176, 177, 178, 179, 180, 181, 182, 183, 184, 185, 186, 187, 188, 189, 190, 191, 192, 193, 194, 195, 196, 197, 198, 199, 200, 201, 202, 203]","[162, 163, 164, 165, 166, 167, 168, 169, 170, 171, 172, 173, 174, 175]",35,71,10800.0,42319.401418736124,41520.648310005075,True,heldout_improvement,0.02408521599136293,1.8189894035458565e-12,2.9341666666666315,B
204,2025-07-24,2025-07-24 12:00:00,12,204,70,2025-07-24 12:00:00,2025-07-24 12:00:00,"[176, 177, 178, 179, 180, 181, 182, 183, 184, 185, 186, 187, 188, 189, 190, 191, 192, 193, 194, 195, 196, 197, 198, 199, 200, 201, 202, 203]","[162, 163, 164, 165, 166, 167, 168, 169, 170, 171, 172, 173, 174, 175]",71,107,7796.5136100131185,36862.76284646425,36877.82476311979,False,keep_no_improvement_or_insufficient_history,0.02834414702374488,1.8189894035458565e-12,-2.157141666666727,B
204,2025-07-24,2025-07-24 18:00:00,18,204,106,2025-07-24 18:00:00,2025-07-24 18:00:00,"[176, 177, 178, 179, 180, 181, 182, 183, 184, 185, 186, 187, 188, 189, 190, 191, 192, 193, 194, 195, 196, 197, 198, 199, 200, 201, 202, 203]","[162, 163, 164, 165, 166, 167, 168, 169, 170, 171, 172, 173, 174, 175]",107,144,10344.517845428218,21662.10085154192,21761.210073208902,False,keep_no_improvement_or_insufficient_history,0.021848021016921848,9.094947017729282e-13,-19.18655416666661,B
205,2025-07-25,2025-07-25 06:00:00,6,205,34,2025-07-25 06:00:00,2025-07-25 06:00:00,"[177, 178, 179, 180, 181, 182, 183, 184, 185, 186, 187, 188, 189, 190, 191, 192, 193, 194, 195, 196, 197, 198, 199, 200, 201, 202, 203, 204]","[163, 164, 165, 166, 167, 168, 169, 170, 171, 172, 173, 174, 175, 176]",35,71,7125.589105591929,17319.315174163457,17319.315174163457,False,keep_no_improvement_or_insufficient_history,0.0572345060063526,1.8189894035458565e-12,-10.767579166666678,B
205,2025-07-25,2025-07-25 12:00:00,12,205,70,2025-07-25 12:00:00,2025-07-25 12:00:00,"[177, 178, 179, 180, 181, 182, 183, 184, 185, 186, 187, 188, 189, 190, 191, 192, 193, 194, 195, 196, 197, 198, 199, 200, 201, 202, 203, 204]","[163, 164, 165, 166, 167, 168, 169, 170, 171, 172, 173, 174, 175, 176]",71,107,10800.0,17144.7434704216,16654.067545825197,True,heldout_improvement,0.012059018015861511,5.684341886080801e-13,-14.962541666666766,B
205,2025-07-25,2025-07-25 18:00:00,18,205,106,2025-07-25 18:00:00,2025-07-25 18:00:00,"[177, 178, 179, 180, 181, 182, 183, 184, 185, 186, 187, 188, 189, 190, 191, 192, 193, 194, 195, 196, 197, 198, 199, 200, 201, 202, 203, 204]","[163, 164, 165, 166, 167, 168, 169, 170, 171, 172, 173, 174, 175, 176]",107,144,10230.467497513888,13440.415388234442,13221.108004952528,True,heldout_improvement,0.019959939003456384,9.094947017729282e-13,-20.021166666666694,B
206,2025-07-26,2025-07-26 06:00:00,6,206,34,2025-07-26 06:00:00,2025-07-26 06:00:00,"[178, 179, 180, 181, 182, 183, 184, 185, 186, 187, 188, 189, 190, 191, 192, 193, 194, 195, 196, 197, 198, 199, 200, 201, 202, 203, 204, 205]","[164, 165, 166, 167, 168, 169, 170, 171, 172, 173, 174, 175, 176, 177]",35,71,4049.720068285912,17960.429755610116,17960.429755610116,False,keep_no_improvement_or_insufficient_history,0.02450996497645974,1.8189894035458565e-12,3.7847499999999927,B
206,2025-07-26,2025-07-26 12:00:00,12,206,70,2025-07-26 12:00:00,2025-07-26 12:00:00,"[178, 179, 180, 181, 182, 183, 184, 185, 186, 187, 188, 189, 190, 191, 192, 193, 194, 195, 196, 197, 198, 199, 200, 201, 202, 203, 204, 205]","[164, 165, 166, 167, 168, 169, 170, 171, 172, 173, 174, 175, 176, 177]",71,107,10800.0,17826.046330125162,17353.390947715605,True,heldout_improvement,0.016119202016852796,1.8189894035458565e-12,-1.9320624999999532,B
206,2025-07-26,2025-07-26 18:00:00,18,206,106,2025-07-26 18:00:00,2025-07-26 18:00:00,"[178, 179, 180, 181, 182, 183, 184, 185, 186, 187, 188, 189, 190, 191, 192, 193, 194, 195, 196, 197, 198, 199, 200, 201, 202, 203, 204, 205]","[164, 165, 166, 167, 168, 169, 170, 171, 172, 173, 174, 175, 176, 177]",107,144,10277.995796296296,13773.3353812761,13550.46773564328,True,heldout_improvement,0.0204341720091179,9.094947017729282e-13,-15.416258333333264,B
207,2025-07-27,2025-07-27 06:00:00,6,207,34,2025-07-27 06:00:00,2025-07-27 06:00:00,"[179, 180, 181, 182, 183, 184, 185, 186, 187, 188, 189, 190, 191, 192, 193, 194, 195, 196, 197, 198, 199, 200, 201, 202, 203, 204, 205, 206]","[165, 166, 167, 168, 169, 170, 171, 172, 173, 174, 175, 176, 177, 178]",35,71,8547.827902513542,53605.06154151702,43057.16460733455,True,heldout_improvement,0.03319596702931449,1.8189894035458565e-12,23.969637499999937,B
207,2025-07-27,2025-07-27 12:00:00,12,207,70,2025-07-27 12:00:00,2025-07-27 12:00:00,"[179, 180, 181, 182, 183, 184, 185, 186, 187, 188, 189, 190, 191, 192, 193, 194, 195, 196, 197, 198, 199, 200, 201, 202, 203, 204, 205, 206]","[165, 166, 167, 168, 169, 170, 171, 172, 173, 174, 175, 176, 177, 178]",71,107,5877.660035259978,36388.86920039124,34771.5587384365,True,heldout_improvement,0.015824822010472417,1.2505552149377763e-12,-28.115924999999983,B
207,2025-07-27,2025-07-27 18:00:00,18,207,106,2025-07-27 18:00:00,2025-07-27 18:00:00,"[179, 180, 181, 182, 183, 184, 185, 186, 187, 188, 189, 190, 191, 192, 193, 194, 195, 196, 197, 198, 199, 200, 201, 202, 203, 204, 205, 206]","[165, 166, 167, 168, 169, 170, 171, 172, 173, 174, 175, 176, 177, 178]",107,144,9730.471887293974,22098.150535289522,22412.280070651545,False,keep_no_improvement_or_insufficient_history,0.020200797996949404,9.094947017729282e-13,-22.03522499999993,B
208,2025-07-28,2025-07-28 06:00:00,6,208,34,2025-07-28 06:00:00,2025-07-28 06:00:00,"[180, 181, 182, 183, 184, 185, 186, 187, 188, 189, 190, 191, 192, 193, 194, 195, 196, 197, 198, 199, 200, 201, 202, 203, 204, 205, 206, 207]","[166, 167, 168, 169, 170, 171, 172, 173, 174, 175, 176, 177, 178, 179]",35,71,10800.0,43529.99713850302,43139.39743741201,True,heldout_improvement,0.03884492599172518,1.8189894035458565e-12,-9.675400000000042,B
208,2025-07-28,2025-07-28 12:00:00,12,208,70,2025-07-28 12:00:00,2025-07-28 12:00:00,"[180, 181, 182, 183, 184, 185, 186, 187, 188, 189, 190, 191, 192, 193, 194, 195, 196, 197, 198, 199, 200, 201, 202, 203, 204, 205, 206, 207]","[166, 167, 168, 169, 170, 171, 172, 173, 174, 175, 176, 177, 178, 179]",71,107,4853.0532865270025,40084.2087379992,39656.86461076817,True,heldout_improvement,0.025024589034728706,1.8189894035458565e-12,-2.4687083333334003,B
208,2025-07-28,2025-07-28 18:00:00,18,208,106,2025-07-28 18:00:00,2025-07-28 18:00:00,"[180, 181, 182, 183, 184, 185, 186, 187, 188, 189, 190, 191, 192, 193, 194, 195, 196, 197, 198, 199, 200, 201, 202, 203, 204, 205, 206, 207]","[166, 167, 168, 169, 170, 171, 172, 173, 174, 175, 176, 177, 178, 179]",107,144,9629.277249468001,24793.32761946496,24953.2181899976,False,keep_no_improvement_or_insufficient_history,0.020877867005765438,9.094947017729282e-13,-3.98057500000012,B
209,2025-07-29,2025-07-29 06:00:00,6,209,34,2025-07-29 06:00:00,2025-07-29 06:00:00,"[181, 182, 183, 184, 185, 186, 187, 188, 189, 190, 191, 192, 193, 194, 195, 196, 197, 198, 199, 200, 201, 202, 203, 204, 205, 206, 207, 208]","[167, 168, 169, 170, 171, 172, 173, 174, 175, 176, 177, 178, 179, 180]",35,71,10689.687920240736,41020.50070095441,40826.78311118834,True,heldout_improvement,0.035544335027225316,1.8189894035458565e-12,0.893950000000018,B
209,2025-07-29,2025-07-29 12:00:00,12,209,70,2025-07-29 12:00:00,2025-07-29 12:00:00,"[181, 182, 183, 184, 185, 186, 187, 188, 189, 190, 191, 192, 193, 194, 195, 196, 197, 198, 199, 200, 201, 202, 203, 204, 205, 206, 207, 208]","[167, 168, 169, 170, 171, 172, 173, 174, 175, 176, 177, 178, 179, 180]",71,107,7613.804284417871,36333.123377609336,35179.95935253674,True,heldout_improvement,0.014370977994985878,6.87805368215777e-11,-18.049999999999955,B
209,2025-07-29,2025-07-29 18:00:00,18,209,106,2025-07-29 18:00:00,2025-07-29 18:00:00,"[181, 182, 183, 184, 185, 186, 187, 188, 189, 190, 191, 192, 193, 194, 195, 196, 197, 198, 199, 200, 201, 202, 203, 204, 205, 206, 207, 208]","[167, 168, 169, 170, 171, 172, 173, 174, 175, 176, 177, 178, 179, 180]",107,144,9957.25472353395,22248.060107241126,22826.603970292676,False,keep_no_improvement_or_insufficient_history,0.01979290699819103,4.547473508864641e-13,-8.524583333333414,B
210,2025-07-30,2025-07-30 06:00:00,6,210,34,2025-07-30 06:00:00,2025-07-30 06:00:00,"[182, 183, 184, 185, 186, 187, 188, 189, 190, 191, 192, 193, 194, 195, 196, 197, 198, 199, 200, 201, 202, 203, 204, 205, 206, 207, 208, 209]","[168, 169, 170, 171, 172, 173, 174, 175, 176, 177, 178, 179, 180, 181]",35,71,10800.0,38756.77857826082,38734.089041665895,True,heldout_improvement,0.014463135041296482,1.8189894035458565e-12,-6.188174999999963,B
210,2025-07-30,2025-07-30 12:00:00,12,210,70,2025-07-30 12:00:00,2025-07-30 12:00:00,"[182, 183, 184, 185, 186, 187, 188, 189, 190, 191, 192, 193, 194, 195, 196, 197, 198, 199, 200, 201, 202, 203, 204, 205, 206, 207, 208, 209]","[168, 169, 170, 171, 172, 173, 174, 175, 176, 177, 178, 179, 180, 181]",71,107,7051.069737310418,34929.344637140974,34001.4034009014,True,heldout_improvement,0.03352023503975943,1.3642420526593924e-12,-26.74813333333327,B
210,2025-07-30,2025-07-30 18:00:00,18,210,106,2025-07-30 18:00:00,2025-07-30 18:00:00,"[182, 183, 184, 185, 186, 187, 188, 189, 190, 191, 192, 193, 194, 195, 196, 197, 198, 199, 200, 201, 202, 203, 204, 205, 206, 207, 208, 209]","[168, 169, 170, 171, 172, 173, 174, 175, 176, 177, 178, 179, 180, 181]",107,144,9879.450075252314,21762.861587979623,22160.906343818806,False,keep_no_improvement_or_insufficient_history,0.020374054030980915,2.2737367544323206e-13,-11.890833333333374,B
211,2025-07-31,2025-07-31 06:00:00,6,211,34,2025-07-31 06:00:00,2025-07-31 06:00:00,"[183, 184, 185, 186, 187, 188, 189, 190, 191, 192, 193, 194, 195, 196, 197, 198, 199, 200, 201, 202, 203, 204, 205, 206, 207, 208, 209, 210]","[169, 170, 171, 172, 173, 174, 175, 176, 177, 178, 179, 180, 181, 182]",35,71,10800.0,41995.16924463831,40374.34526802959,True,heldout_improvement,0.020109264994971454,1.8189894035458565e-12,-5.8596249999999745,B
211,2025-07-31,2025-07-31 12:00:00,12,211,70,2025-07-31 12:00:00,2025-07-31 12:00:00,"[183, 184, 185, 186, 187, 188, 189, 190, 191, 192, 193, 194, 195, 196, 197, 198, 199, 200, 201, 202, 203, 204, 205, 206, 207, 208, 209, 210]","[169, 170, 171, 172, 173, 174, 175, 176, 177, 178, 179, 180, 181, 182]",71,107,5194.274326343148,37154.96262998163,36823.64202949803,True,heldout_improvement,0.01706774899503216,9.094947017729282e-13,7.678333333333285,B
211,2025-07-31,2025-07-31 18:00:00,18,211,106,2025-07-31 18:00:00,2025-07-31 18:00:00,"[183, 184, 185, 186, 187, 188, 189, 190, 191, 192, 193, 194, 195, 196, 197, 198, 199, 200, 201, 202, 203, 204, 205, 206, 207, 208, 209, 210]","[169, 170, 171, 172, 173, 174, 175, 176, 177, 178, 179, 180, 181, 182]",107,144,9761.621964447531,22449.49369193786,22807.138272402244,False,keep_no_improvement_or_insufficient_history,0.023110595007892698,9.094947017729282e-13,-17.889766666666674,B
212,2025-08-01,2025-08-01 06:00:00,6,212,34,2025-08-01 06:00:00,2025-08-01 06:00:00,"[184, 185, 186, 187, 188, 189, 190, 191, 192, 193, 194, 195, 196, 197, 198, 199, 200, 201, 202, 203, 204, 205, 206, 207, 208, 209, 210, 211]","[170, 171, 172, 173, 174, 175, 176, 177, 178, 179, 180, 181, 182, 183]",35,71,3851.115271688262,15852.098468797933,15852.098468797933,False,keep_no_improvement_or_insufficient_history,0.014961984008550644,1.8189894035458565e-12,31.431300000000036,B
212,2025-08-01,2025-08-01 12:00:00,12,212,70,2025-08-01 12:00:00,2025-08-01 12:00:00,"[184, 185, 186, 187, 188, 189, 190, 191, 192, 193, 194, 195, 196, 197, 198, 199, 200, 201, 202, 203, 204, 205, 206, 207, 208, 209, 210, 211]","[170, 171, 172, 173, 174, 175, 176, 177, 178, 179, 180, 181, 182, 183]",71,107,10800.0,15353.967958225216,15078.264524936027,True,heldout_improvement,0.016038730973377824,2.3590018827235326e-10,2.612916666666706,B
212,2025-08-01,2025-08-01 18:00:00,18,212,106,2025-08-01 18:00:00,2025-08-01 18:00:00,"[184, 185, 186, 187, 188, 189, 190, 191, 192, 193, 194, 195, 196, 197, 198, 199, 200, 201, 202, 203, 204, 205, 206, 207, 208, 209, 210, 211]","[170, 171, 172, 173, 174, 175, 176, 177, 178, 179, 180, 181, 182, 183]",107,144,10102.162347685186,12695.190585580098,12783.560599275861,False,keep_no_improvement_or_insufficient_history,0.01299524202477187,2.2737367544323206e-13,13.170929166666685,B
213,2025-08-02,2025-08-02 06:00:00,6,213,34,2025-08-02 06:00:00,2025-08-02 06:00:00,"[185, 186, 187, 188, 189, 190, 191, 192, 193, 194, 195, 196, 197, 198, 199, 200, 201, 202, 203, 204, 205, 206, 207, 208, 209, 210, 211, 212]","[171, 172, 173, 174, 175, 176, 177, 178, 179, 180, 181, 182, 183, 184]",35,71,5264.355179222218,15016.5377865783,15016.5377865783,False,keep_no_improvement_or_insufficient_history,0.06933006300823763,4.796324357621847e-12,-25.21615833333332,B
213,2025-08-02,2025-08-02 12:00:00,12,213,70,2025-08-02 12:00:00,2025-08-02 12:00:00,"[185, 186, 187, 188, 189, 190, 191, 192, 193, 194, 195, 196, 197, 198, 199, 200, 201, 202, 203, 204, 205, 206, 207, 208, 209, 210, 211, 212]","[171, 172, 173, 174, 175, 176, 177, 178, 179, 180, 181, 182, 183, 184]",71,107,10800.0,15095.935480539545,15073.946897545655,True,heldout_improvement,0.012346829986199737,1.8189894035458565e-12,-22.852699999999988,B
213,2025-08-02,2025-08-02 18:00:00,18,213,106,2025-08-02 18:00:00,2025-08-02 18:00:00,"[185, 186, 187, 188, 189, 190, 191, 192, 193, 194, 195, 196, 197, 198, 199, 200, 201, 202, 203, 204, 205, 206, 207, 208, 209, 210, 211, 212]","[171, 172, 173, 174, 175, 176, 177, 178, 179, 180, 181, 182, 183, 184]",107,144,10275.645277777778,12136.865280915577,12210.130797680587,False,keep_no_improvement_or_insufficient_history,0.020511855953373015,1.8189894035458565e-12,-17.188750000000027,B
214,2025-08-03,2025-08-03 06:00:00,6,214,34,2025-08-03 06:00:00,2025-08-03 06:00:00,"[186, 187, 188, 189, 190, 191, 192, 193, 194, 195, 196, 197, 198, 199, 200, 201, 202, 203, 204, 205, 206, 207, 208, 209, 210, 211, 212, 213]","[172, 173, 174, 175, 176, 177, 178, 179, 180, 181, 182, 183, 184, 185]",35,71,10715.095007407408,36354.18714377111,35030.468800204355,True,heldout_improvement,0.028757159016095102,1.2505552149377763e-12,-3.3487874999999954,B
214,2025-08-03,2025-08-03 12:00:00,12,214,70,2025-08-03 12:00:00,2025-08-03 12:00:00,"[186, 187, 188, 189, 190, 191, 192, 193, 194, 195, 196, 197, 198, 199, 200, 201, 202, 203, 204, 205, 206, 207, 208, 209, 210, 211, 212, 213]","[172, 173, 174, 175, 176, 177, 178, 179, 180, 181, 182, 183, 184, 185]",71,107,7796.007391666669,33487.39258424313,31486.34979188436,True,heldout_improvement,0.03381139202974737,1.8189894035458565e-12,-18.496425000000045,B
214,2025-08-03,2025-08-03 18:00:00,18,214,106,2025-08-03 18:00:00,2025-08-03 18:00:00,"[186, 187, 188, 189, 190, 191, 192, 193, 194, 195, 196, 197, 198, 199, 200, 201, 202, 203, 204, 205, 206, 207, 208, 209, 210, 211, 212, 213]","[172, 173, 174, 175, 176, 177, 178, 179, 180, 181, 182, 183, 184, 185]",107,144,9553.99985992438,21601.63916024948,21911.292410035436,False,keep_no_improvement_or_insufficient_history,0.02046960301231593,9.094947017729282e-13,-13.452462499999985,B
215,2025-08-04,2025-08-04 06:00:00,6,215,34,2025-08-04 06:00:00,2025-08-04 06:00:00,"[187, 188, 189, 190, 191, 192, 193, 194, 195, 196, 197, 198, 199, 200, 201, 202, 203, 204, 205, 206, 207, 208, 209, 210, 211, 212, 213, 214]","[173, 174, 175, 176, 177, 178, 179, 180, 181, 182, 183, 184, 185, 186]",35,71,9757.41007355401,33441.592481731954,33051.31246840508,True,heldout_improvement,0.0275101030129008,1.8189894035458565e-12,-15.315525000000015,B
215,2025-08-04,2025-08-04 12:00:00,12,215,70,2025-08-04 12:00:00,2025-08-04 12:00:00,"[187, 188, 189, 190, 191, 192, 193, 194, 195, 196, 197, 198, 199, 200, 201, 202, 203, 204, 205, 206, 207, 208, 209, 210, 211, 212, 213, 214]","[173, 174, 175, 176, 177, 178, 179, 180, 181, 182, 183, 184, 185, 186]",71,107,7083.667163313275,32064.607639882368,32269.912889365147,False,keep_no_improvement_or_insufficient_history,0.030507320014294237,1.8189894035458565e-12,10.19026249999994,B
215,2025-08-04,2025-08-04 18:00:00,18,215,106,2025-08-04 18:00:00,2025-08-04 18:00:00,"[187, 188, 189, 190, 191, 192, 193, 194, 195, 196, 197, 198, 199, 200, 201, 202, 203, 204, 205, 206, 207, 208, 209, 210, 211, 212, 213, 214]","[173, 174, 175, 176, 177, 178, 179, 180, 181, 182, 183, 184, 185, 186]",107,144,10118.317333319157,21702.31170062777,21986.725793090496,False,keep_no_improvement_or_insufficient_history,0.015485047013498843,4.547473508864641e-13,24.231837499999983,B
216,2025-08-05,2025-08-05 06:00:00,6,216,34,2025-08-05 06:00:00,2025-08-05 06:00:00,"[188, 189, 190, 191, 192, 193, 194, 195, 196, 197, 198, 199, 200, 201, 202, 203, 204, 205, 206, 207, 208, 209, 210, 211, 212, 213, 214, 215]","[174, 175, 176, 177, 178, 179, 180, 181, 182, 183, 184, 185, 186, 187]",35,71,10790.357155555555,32307.781194270978,32262.829823737255,True,heldout_improvement,0.033704133005812764,2.7284841053187847e-12,-13.784279166666693,B
216,2025-08-05,2025-08-05 12:00:00,12,216,70,2025-08-05 12:00:00,2025-08-05 12:00:00,"[188, 189, 190, 191, 192, 193, 194, 195, 196, 197, 198, 199, 200, 201, 202, 203, 204, 205, 206, 207, 208, 209, 210, 211, 212, 213, 214, 215]","[174, 175, 176, 177, 178, 179, 180, 181, 182, 183, 184, 185, 186, 187]",71,107,6820.824964078551,31833.305291056466,31326.503992247453,True,heldout_improvement,0.031959066982381046,1.7962520360015333e-11,-13.989970833333397,B
216,2025-08-05,2025-08-05 18:00:00,18,216,106,2025-08-05 18:00:00,2025-08-05 18:00:00,"[188, 189, 190, 191, 192, 193, 194, 195, 196, 197, 198, 199, 200, 201, 202, 203, 204, 205, 206, 207, 208, 209, 210, 211, 212, 213, 214, 215]","[174, 175, 176, 177, 178, 179, 180, 181, 182, 183, 184, 185, 186, 187]",107,144,9874.074074074075,21312.504275964602,21611.30278479937,False,keep_no_improvement_or_insufficient_history,0.01231293601449579,4.547473508864641e-13,-6.924837499999967,B
217,2025-08-06,2025-08-06 06:00:00,6,217,34,2025-08-06 06:00:00,2025-08-06 06:00:00,"[189, 190, 191, 192, 193, 194, 195, 196, 197, 198, 199, 200, 201, 202, 203, 204, 205, 206, 207, 208, 209, 210, 211, 212, 213, 214, 215, 216]","[175, 176, 177, 178, 179, 180, 181, 182, 183, 184, 185, 186, 187, 188]",35,71,10699.957427777777,37583.219508148795,37327.42316471122,True,heldout_improvement,0.042375845019705594,3.979039320256561e-12,-14.478612499999977,B
217,2025-08-06,2025-08-06 12:00:00,12,217,70,2025-08-06 12:00:00,2025-08-06 12:00:00,"[189, 190, 191, 192, 193, 194, 195, 196, 197, 198, 199, 200, 201, 202, 203, 204, 205, 206, 207, 208, 209, 210, 211, 212, 213, 214, 215, 216]","[175, 176, 177, 178, 179, 180, 181, 182, 183, 184, 185, 186, 187, 188]",71,107,7283.08596425926,37579.416183721114,34195.54225351183,True,heldout_improvement,0.02854142099386081,1.8189894035458565e-12,-29.923183333333327,B
217,2025-08-06,2025-08-06 18:00:00,18,217,106,2025-08-06 18:00:00,2025-08-06 18:00:00,"[189, 190, 191, 192, 193, 194, 195, 196, 197, 198, 199, 200, 201, 202, 203, 204, 205, 206, 207, 208, 209, 210, 211, 212, 213, 214, 215, 216]","[175, 176, 177, 178, 179, 180, 181, 182, 183, 184, 185, 186, 187, 188]",107,144,9837.434501914064,20662.461579311203,20899.86186910837,False,keep_no_improvement_or_insufficient_history,0.01717423601076007,0.0,-18.8754166666666,B
218,2025-08-07,2025-08-07 06:00:00,6,218,34,2025-08-07 06:00:00,2025-08-07 06:00:00,"[190, 191, 192, 193, 194, 195, 196, 197, 198, 199, 200, 201, 202, 203, 204, 205, 206, 207, 208, 209, 210, 211, 212, 213, 214, 215, 216, 217]","[176, 177, 178, 179, 180, 181, 182, 183, 184, 185, 186, 187, 188, 189]",35,71,10134.27738888889,30974.008036255145,30970.785284192643,True,heldout_improvement,0.04088932101149112,1.8189894035458565e-12,-26.247675000000033,B
218,2025-08-07,2025-08-07 12:00:00,12,218,70,2025-08-07 12:00:00,2025-08-07 12:00:00,"[190, 191, 192, 193, 194, 195, 196, 197, 198, 199, 200, 201, 202, 203, 204, 205, 206, 207, 208, 209, 210, 211, 212, 213, 214, 215, 216, 217]","[176, 177, 178, 179, 180, 181, 182, 183, 184, 185, 186, 187, 188, 189]",71,107,6689.340566666668,31015.648219856776,32053.154794310445,False,keep_no_improvement_or_insufficient_history,0.02886948100058362,1.8189894035458565e-12,-16.906474999999922,B
218,2025-08-07,2025-08-07 18:00:00,18,218,106,2025-08-07 18:00:00,2025-08-07 18:00:00,"[190, 191, 192, 193, 194, 195, 196, 197, 198, 199, 200, 201, 202, 203, 204, 205, 206, 207, 208, 209, 210, 211, 212, 213, 214, 215, 216, 217]","[176, 177, 178, 179, 180, 181, 182, 183, 184, 185, 186, 187, 188, 189]",107,144,10800.0,19479.52757221163,19925.839060711518,False,keep_no_improvement_or_insufficient_history,0.020759584032930434,9.094947017729282e-13,-33.56454583333334,B
219,2025-08-08,2025-08-08 06:00:00,6,219,34,2025-08-08 06:00:00,2025-08-08 06:00:00,"[191, 192, 193, 194, 195, 196, 197, 198, 199, 200, 201, 202, 203, 204, 205, 206, 207, 208, 209, 210, 211, 212, 213, 214, 215, 216, 217, 218]","[177, 178, 179, 180, 181, 182, 183, 184, 185, 186, 187, 188, 189, 190]",35,71,3730.2086229814804,14107.797984208008,14107.797984208008,False,keep_no_improvement_or_insufficient_history,0.05964580300496891,1.8189894035458565e-12,-21.971108333333365,B
219,2025-08-08,2025-08-08 12:00:00,12,219,70,2025-08-08 12:00:00,2025-08-08 12:00:00,"[191, 192, 193, 194, 195, 196, 197, 198, 199, 200, 201, 202, 203, 204, 205, 206, 207, 208, 209, 210, 211, 212, 213, 214, 215, 216, 217, 218]","[177, 178, 179, 180, 181, 182, 183, 184, 185, 186, 187, 188, 189, 190]",71,107,10800.0,14233.231285279737,14529.846330148632,False,keep_no_improvement_or_insufficient_history,0.01213360799010843,7.958078640513122e-13,-17.457579166666655,B
219,2025-08-08,2025-08-08 18:00:00,18,219,106,2025-08-08 18:00:00,2025-08-08 18:00:00,"[191, 192, 193, 194, 195, 196, 197, 198, 199, 200, 201, 202, 203, 204, 205, 206, 207, 208, 209, 210, 211, 212, 213, 214, 215, 216, 217, 218]","[177, 178, 179, 180, 181, 182, 183, 184, 185, 186, 187, 188, 189, 190]",107,144,10781.075039574074,11540.609903613416,11563.453866211761,False,keep_no_improvement_or_insufficient_history,0.011985609016846865,9.094947017729282e-13,2.0251916666666907,B
220,2025-08-09,2025-08-09 06:00:00,6,220,34,2025-08-09 06:00:00,2025-08-09 06:00:00,"[192, 193, 194, 195, 196, 197, 198, 199, 200, 201, 202, 203, 204, 205, 206, 207, 208, 209, 210, 211, 212, 213, 214, 215, 216, 217, 218, 219]","[178, 179, 180, 181, 182, 183, 184, 185, 186, 187, 188, 189, 190, 191]",35,71,3643.0852064814862,13815.207487070127,13815.207487070127,False,keep_no_improvement_or_insufficient_history,0.02570526400813833,1.8189894035458565e-12,-32.65274583333333,B
220,2025-08-09,2025-08-09 12:00:00,12,220,70,2025-08-09 12:00:00,2025-08-09 12:00:00,"[192, 193, 194, 195, 196, 197, 198, 199, 200, 201, 202, 203, 204, 205, 206, 207, 208, 209, 210, 211, 212, 213, 214, 215, 216, 217, 218, 219]","[178, 179, 180, 181, 182, 183, 184, 185, 186, 187, 188, 189, 190, 191]",71,107,10800.0,14819.101224667607,15412.91554315345,False,keep_no_improvement_or_insufficient_history,0.012553206994198263,1.8189894035458565e-12,-11.492391666666737,B
220,2025-08-09,2025-08-09 18:00:00,18,220,106,2025-08-09 18:00:00,2025-08-09 18:00:00,"[192, 193, 194, 195, 196, 197, 198, 199, 200, 201, 202, 203, 204, 205, 206, 207, 208, 209, 210, 211, 212, 213, 214, 215, 216, 217, 218, 219]","[178, 179, 180, 181, 182, 183, 184, 185, 186, 187, 188, 189, 190, 191]",107,144,10466.326841604263,11831.26821630582,11883.27550370412,False,keep_no_improvement_or_insufficient_history,0.017373837996274233,9.094947017729282e-13,-2.0843624999999975,B
221,2025-08-10,2025-08-10 06:00:00,6,221,34,2025-08-10 06:00:00,2025-08-10 06:00:00,"[193, 194, 195, 196, 197, 198, 199, 200, 201, 202, 203, 204, 205, 206, 207, 208, 209, 210, 211, 212, 213, 214, 215, 216, 217, 218, 219, 220]","[179, 180, 181, 182, 183, 184, 185, 186, 187, 188, 189, 190, 191, 192]",35,71,9971.047145888886,30606.895009662043,30606.895009662043,False,keep_no_improvement_or_insufficient_history,0.02441321697551757,1.8189894035458565e-12,-14.568508333333321,B
221,2025-08-10,2025-08-10 12:00:00,12,221,70,2025-08-10 12:00:00,2025-08-10 12:00:00,"[193, 194, 195, 196, 197, 198, 199, 200, 201, 202, 203, 204, 205, 206, 207, 208, 209, 210, 211, 212, 213, 214, 215, 216, 217, 218, 219, 220]","[179, 180, 181, 182, 183, 184, 185, 186, 187, 188, 189, 190, 191, 192]",71,107,7352.061448851849,32590.067459916,32834.92491149677,False,keep_no_improvement_or_insufficient_history,0.03466998698422685,1.8189894035458565e-12,7.323450000000017,B
221,2025-08-10,2025-08-10 18:00:00,18,221,106,2025-08-10 18:00:00,2025-08-10 18:00:00,"[193, 194, 195, 196, 197, 198, 199, 200, 201, 202, 203, 204, 205, 206, 207, 208, 209, 210, 211, 212, 213, 214, 215, 216, 217, 218, 219, 220]","[179, 180, 181, 182, 183, 184, 185, 186, 187, 188, 189, 190, 191, 192]",107,144,10613.532952390135,20634.512424421464,21092.201141874742,False,keep_no_improvement_or_insufficient_history,0.01724916702369228,9.094947017729282e-13,-1.1949541666666996,B
222,2025-08-11,2025-08-11 06:00:00,6,222,34,2025-08-11 06:00:00,2025-08-11 06:00:00,"[194, 195, 196, 197, 198, 199, 200, 201, 202, 203, 204, 205, 206, 207, 208, 209, 210, 211, 212, 213, 214, 215, 216, 217, 218, 219, 220, 221]","[180, 181, 182, 183, 184, 185, 186, 187, 188, 189, 190, 191, 192, 193]",35,71,10800.0,31390.53506284643,31390.53506284643,False,keep_no_improvement_or_insufficient_history,0.039872944995295256,1.8189894035458565e-12,-21.209691666666686,B
222,2025-08-11,2025-08-11 12:00:00,12,222,70,2025-08-11 12:00:00,2025-08-11 12:00:00,"[194, 195, 196, 197, 198, 199, 200, 201, 202, 203, 204, 205, 206, 207, 208, 209, 210, 211, 212, 213, 214, 215, 216, 217, 218, 219, 220, 221]","[180, 181, 182, 183, 184, 185, 186, 187, 188, 189, 190, 191, 192, 193]",71,107,6815.504982037038,31253.892436864207,30999.26040576675,True,heldout_improvement,0.02975201403023675,9.094947017729282e-13,-29.318995833333396,B
222,2025-08-11,2025-08-11 18:00:00,18,222,106,2025-08-11 18:00:00,2025-08-11 18:00:00,"[194, 195, 196, 197, 198, 199, 200, 201, 202, 203, 204, 205, 206, 207, 208, 209, 210, 211, 212, 213, 214, 215, 216, 217, 218, 219, 220, 221]","[180, 181, 182, 183, 184, 185, 186, 187, 188, 189, 190, 191, 192, 193]",107,144,9903.759064506172,20544.153451945887,20856.256969831644,False,keep_no_improvement_or_insufficient_history,0.018816341005731374,9.094947017729282e-13,-43.448329166666625,B
223,2025-08-12,2025-08-12 06:00:00,6,223,34,2025-08-12 06:00:00,2025-08-12 06:00:00,"[195, 196, 197, 198, 199, 200, 201, 202, 203, 204, 205, 206, 207, 208, 209, 210, 211, 212, 213, 214, 215, 216, 217, 218, 219, 220, 221, 222]","[181, 182, 183, 184, 185, 186, 187, 188, 189, 190, 191, 192, 193, 194]",35,71,9782.631015228397,50517.26049681445,45194.13950097591,True,heldout_improvement,0.022220982995349914,1.8189894035458565e-12,-6.875891666666651,B
223,2025-08-12,2025-08-12 12:00:00,12,223,70,2025-08-12 12:00:00,2025-08-12 12:00:00,"[195, 196, 197, 198, 199, 200, 201, 202, 203, 204, 205, 206, 207, 208, 209, 210, 211, 212, 213, 214, 215, 216, 217, 218, 219, 220, 221, 222]","[181, 182, 183, 184, 185, 186, 187, 188, 189, 190, 191, 192, 193, 194]",71,107,8290.816617810196,40096.060673819324,35109.91559288136,True,heldout_improvement,0.027300873945932835,1.8189894035458565e-12,6.558220833333431,B
223,2025-08-12,2025-08-12 18:00:00,18,223,106,2025-08-12 18:00:00,2025-08-12 18:00:00,"[195, 196, 197, 198, 199, 200, 201, 202, 203, 204, 205, 206, 207, 208, 209, 210, 211, 212, 213, 214, 215, 216, 217, 218, 219, 220, 221, 222]","[181, 182, 183, 184, 185, 186, 187, 188, 189, 190, 191, 192, 193, 194]",107,144,10431.568711112019,20792.848975664452,21023.852149680424,False,keep_no_improvement_or_insufficient_history,0.01376172702293843,1.0118128557223827e-11,13.172220833333313,B
224,2025-08-13,2025-08-13 06:00:00,6,224,34,2025-08-13 06:00:00,2025-08-13 06:00:00,"[196, 197, 198, 199, 200, 201, 202, 203, 204, 205, 206, 207, 208, 209, 210, 211, 212, 213, 214, 215, 216, 217, 218, 219, 220, 221, 222, 223]","[182, 183, 184, 185, 186, 187, 188, 189, 190, 191, 192, 193, 194, 195]",35,71,10125.64438888889,33797.8505735404,32456.179526730215,True,heldout_improvement,0.03341653000097722,1.8189894035458565e-12,-6.909816666666718,B
224,2025-08-13,2025-08-13 12:00:00,12,224,70,2025-08-13 12:00:00,2025-08-13 12:00:00,"[196, 197, 198, 199, 200, 201, 202, 203, 204, 205, 206, 207, 208, 209, 210, 211, 212, 213, 214, 215, 216, 217, 218, 219, 220, 221, 222, 223]","[182, 183, 184, 185, 186, 187, 188, 189, 190, 191, 192, 193, 194, 195]",71,107,6306.441609256735,39543.359503790845,34327.86885660153,True,heldout_improvement,0.027495833055581897,1.8189894035458565e-12,17.165083333333314,B
224,2025-08-13,2025-08-13 18:00:00,18,224,106,2025-08-13 18:00:00,2025-08-13 18:00:00,"[196, 197, 198, 199, 200, 201, 202, 203, 204, 205, 206, 207, 208, 209, 210, 211, 212, 213, 214, 215, 216, 217, 218, 219, 220, 221, 222, 223]","[182, 183, 184, 185, 186, 187, 188, 189, 190, 191, 192, 193, 194, 195]",107,144,10712.424152562297,19663.79039336499,20050.151950608048,False,keep_no_improvement_or_insufficient_history,0.013972020999062806,4.547473508864641e-13,-2.6834958333333057,B
225,2025-08-14,2025-08-14 06:00:00,6,225,34,2025-08-14 06:00:00,2025-08-14 06:00:00,"[197, 198, 199, 200, 201, 202, 203, 204, 205, 206, 207, 208, 209, 210, 211, 212, 213, 214, 215, 216, 217, 218, 219, 220, 221, 222, 223, 224]","[183, 184, 185, 186, 187, 188, 189, 190, 191, 192, 193, 194, 195, 196]",35,71,10732.15981111111,36179.03096813105,34559.06791544394,True,heldout_improvement,0.03485294198617339,9.094947017729282e-13,-20.54400000000002,B
225,2025-08-14,2025-08-14 12:00:00,12,225,70,2025-08-14 12:00:00,2025-08-14 12:00:00,"[197, 198, 199, 200, 201, 202, 203, 204, 205, 206, 207, 208, 209, 210, 211, 212, 213, 214, 215, 216, 217, 218, 219, 220, 221, 222, 223, 224]","[183, 184, 185, 186, 187, 188, 189, 190, 191, 192, 193, 194, 195, 196]",71,107,6606.127209306376,31615.994046473916,33460.45199758722,False,keep_no_improvement_or_insufficient_history,0.027969995979219675,3.3310243452433497e-11,-3.5775083333332987,B
225,2025-08-14,2025-08-14 18:00:00,18,225,106,2025-08-14 18:00:00,2025-08-14 18:00:00,"[197, 198, 199, 200, 201, 202, 203, 204, 205, 206, 207, 208, 209, 210, 211, 212, 213, 214, 215, 216, 217, 218, 219, 220, 221, 222, 223, 224]","[183, 184, 185, 186, 187, 188, 189, 190, 191, 192, 193, 194, 195, 196]",107,144,10689.734818203702,19634.376367389057,20139.930815667543,False,keep_no_improvement_or_insufficient_history,0.013796048995573074,9.094947017729282e-13,-8.036375000000058,B
226,2025-08-15,2025-08-15 06:00:00,6,226,34,2025-08-15 06:00:00,2025-08-15 06:00:00,"[198, 199, 200, 201, 202, 203, 204, 205, 206, 207, 208, 209, 210, 211, 212, 213, 214, 215, 216, 217, 218, 219, 220, 221, 222, 223, 224, 225]","[184, 185, 186, 187, 188, 189, 190, 191, 192, 193, 194, 195, 196, 197]",35,71,3106.4093434814795,20706.914494906036,20452.87591877757,True,heldout_improvement,0.02344348601764068,1.8189894035458565e-12,4.42954583333335,B
226,2025-08-15,2025-08-15 12:00:00,12,226,70,2025-08-15 12:00:00,2025-08-15 12:00:00,"[198, 199, 200, 201, 202, 203, 204, 205, 206, 207, 208, 209, 210, 211, 212, 213, 214, 215, 216, 217, 218, 219, 220, 221, 222, 223, 224, 225]","[184, 185, 186, 187, 188, 189, 190, 191, 192, 193, 194, 195, 196, 197]",71,107,10800.0,15273.551022624768,15182.080470230854,True,heldout_improvement,0.026580714038573205,1.8189894035458565e-12,-1.5237500000000264,B
226,2025-08-15,2025-08-15 18:00:00,18,226,106,2025-08-15 18:00:00,2025-08-15 18:00:00,"[198, 199, 200, 201, 202, 203, 204, 205, 206, 207, 208, 209, 210, 211, 212, 213, 214, 215, 216, 217, 218, 219, 220, 221, 222, 223, 224, 225]","[184, 185, 186, 187, 188, 189, 190, 191, 192, 193, 194, 195, 196, 197]",107,144,10800.0,10141.47741060262,10354.102774809204,False,keep_no_improvement_or_insufficient_history,0.018665362033061683,1.7834622667578515e-12,-32.95000416666668,B
227,2025-08-16,2025-08-16 06:00:00,6,227,34,2025-08-16 06:00:00,2025-08-16 06:00:00,"[199, 200, 201, 202, 203, 204, 205, 206, 207, 208, 209, 210, 211, 212, 213, 214, 215, 216, 217, 218, 219, 220, 221, 222, 223, 224, 225, 226]","[185, 186, 187, 188, 189, 190, 191, 192, 193, 194, 195, 196, 197, 198]",35,71,2932.4238193703713,16232.913848005483,16323.35597344877,False,keep_no_improvement_or_insufficient_history,0.0402798869763501,1.8189894035458565e-12,-5.744983333333304,B
227,2025-08-16,2025-08-16 12:00:00,12,227,70,2025-08-16 12:00:00,2025-08-16 12:00:00,"[199, 200, 201, 202, 203, 204, 205, 206, 207, 208, 209, 210, 211, 212, 213, 214, 215, 216, 217, 218, 219, 220, 221, 222, 223, 224, 225, 226]","[185, 186, 187, 188, 189, 190, 191, 192, 193, 194, 195, 196, 197, 198]",71,107,10800.0,14024.816053425398,14410.271119448877,False,keep_no_improvement_or_insufficient_history,0.011821327032521367,1.1368683772161603e-12,-11.48447500000005,B
227,2025-08-16,2025-08-16 18:00:00,18,227,106,2025-08-16 18:00:00,2025-08-16 18:00:00,"[199, 200, 201, 202, 203, 204, 205, 206, 207, 208, 209, 210, 211, 212, 213, 214, 215, 216, 217, 218, 219, 220, 221, 222, 223, 224, 225, 226]","[185, 186, 187, 188, 189, 190, 191, 192, 193, 194, 195, 196, 197, 198]",107,144,10691.470946925925,10597.533734812581,10775.102278704708,False,keep_no_improvement_or_insufficient_history,0.020561014011036605,9.094947017729282e-13,-27.14570000000007,B
228,2025-08-17,2025-08-17 06:00:00,6,228,34,2025-08-17 06:00:00,2025-08-17 06:00:00,"[200, 201, 202, 203, 204, 205, 206, 207, 208, 209, 210, 211, 212, 213, 214, 215, 216, 217, 218, 219, 220, 221, 222, 223, 224, 225, 226, 227]","[186, 187, 188, 189, 190, 191, 192, 193, 194, 195, 196, 197, 198, 199]",35,71,9714.058356133719,36322.06963081773,34513.42577792092,True,heldout_improvement,0.039350181992631406,1.8189894035458565e-12,-28.659425000000017,B
228,2025-08-17,2025-08-17 12:00:00,12,228,70,2025-08-17 12:00:00,2025-08-17 12:00:00,"[200, 201, 202, 203, 204, 205, 206, 207, 208, 209, 210, 211, 212, 213, 214, 215, 216, 217, 218, 219, 220, 221, 222, 223, 224, 225, 226, 227]","[186, 187, 188, 189, 190, 191, 192, 193, 194, 195, 196, 197, 198, 199]",71,107,7367.384232800384,29046.40416431578,29955.290765468937,False,keep_no_improvement_or_insufficient_history,0.04020518698962405,1.8189894035458565e-12,-31.5631,B
228,2025-08-17,2025-08-17 18:00:00,18,228,106,2025-08-17 18:00:00,2025-08-17 18:00:00,"[200, 201, 202, 203, 204, 205, 206, 207, 208, 209, 210, 211, 212, 213, 214, 215, 216, 217, 218, 219, 220, 221, 222, 223, 224, 225, 226, 227]","[186, 187, 188, 189, 190, 191, 192, 193, 194, 195, 196, 197, 198, 199]",107,144,10560.937686866282,20154.846762018355,20230.148108405905,False,keep_no_improvement_or_insufficient_history,0.013046868960373104,9.094947017729282e-13,-4.248358333333423,B
229,2025-08-18,2025-08-18 06:00:00,6,229,34,2025-08-18 06:00:00,2025-08-18 06:00:00,"[201, 202, 203, 204, 205, 206, 207, 208, 209, 210, 211, 212, 213, 214, 215, 216, 217, 218, 219, 220, 221, 222, 223, 224, 225, 226, 227, 228]","[187, 188, 189, 190, 191, 192, 193, 194, 195, 196, 197, 198, 199, 200]",35,71,10787.718870370372,55156.85059669026,45881.74948283135,True,heldout_improvement,0.019139375013764948,1.8189894035458565e-12,12.602866666666614,B
229,2025-08-18,2025-08-18 12:00:00,12,229,70,2025-08-18 12:00:00,2025-08-18 12:00:00,"[201, 202, 203, 204, 205, 206, 207, 208, 209, 210, 211, 212, 213, 214, 215, 216, 217, 218, 219, 220, 221, 222, 223, 224, 225, 226, 227, 228]","[187, 188, 189, 190, 191, 192, 193, 194, 195, 196, 197, 198, 199, 200]",71,107,9140.231698826881,29396.833961283835,30162.686133647683,False,keep_no_improvement_or_insufficient_history,0.03944776201387867,9.094947017729282e-13,-21.749799999999897,B
229,2025-08-18,2025-08-18 18:00:00,18,229,106,2025-08-18 18:00:00,2025-08-18 18:00:00,"[201, 202, 203, 204, 205, 206, 207, 208, 209, 210, 211, 212, 213, 214, 215, 216, 217, 218, 219, 220, 221, 222, 223, 224, 225, 226, 227, 228]","[187, 188, 189, 190, 191, 192, 193, 194, 195, 196, 197, 198, 199, 200]",107,144,10405.818664623232,20033.987715935586,20286.19186105768,False,keep_no_improvement_or_insufficient_history,0.012835145986173302,4.547473508864641e-13,-2.2836833333334803,B
230,2025-08-19,2025-08-19 06:00:00,6,230,34,2025-08-19 06:00:00,2025-08-19 06:00:00,"[202, 203, 204, 205, 206, 207, 208, 209, 210, 211, 212, 213, 214, 215, 216, 217, 218, 219, 220, 221, 222, 223, 224, 225, 226, 227, 228, 229]","[188, 189, 190, 191, 192, 193, 194, 195, 196, 197, 198, 199, 200, 201]",35,71,9657.083113981478,33615.734635185334,33615.734635185334,False,keep_no_improvement_or_insufficient_history,0.02999606099911034,3.296918293926865e-12,-4.703800000000001,B
230,2025-08-19,2025-08-19 12:00:00,12,230,70,2025-08-19 12:00:00,2025-08-19 12:00:00,"[202, 203, 204, 205, 206, 207, 208, 209, 210, 211, 212, 213, 214, 215, 216, 217, 218, 219, 220, 221, 222, 223, 224, 225, 226, 227, 228, 229]","[188, 189, 190, 191, 192, 193, 194, 195, 196, 197, 198, 199, 200, 201]",71,107,6654.763921018517,35549.97122123376,31489.71008606592,True,heldout_improvement,0.029364402987994254,1.8189894035458565e-12,-7.70049999999992,B
230,2025-08-19,2025-08-19 18:00:00,18,230,106,2025-08-19 18:00:00,2025-08-19 18:00:00,"[202, 203, 204, 205, 206, 207, 208, 209, 210, 211, 212, 213, 214, 215, 216, 217, 218, 219, 220, 221, 222, 223, 224, 225, 226, 227, 228, 229]","[188, 189, 190, 191, 192, 193, 194, 195, 196, 197, 198, 199, 200, 201]",107,144,10800.0,18820.46845707746,19212.352631370803,False,keep_no_improvement_or_insufficient_history,0.018286649021320045,6.323830348264892e-13,-29.654833333333272,B
231,2025-08-20,2025-08-20 06:00:00,6,231,34,2025-08-20 06:00:00,2025-08-20 06:00:00,"[203, 204, 205, 206, 207, 208, 209, 210, 211, 212, 213, 214, 215, 216, 217, 218, 219, 220, 221, 222, 223, 224, 225, 226, 227, 228, 229, 230]","[189, 190, 191, 192, 193, 194, 195, 196, 197, 198, 199, 200, 201, 202]",35,71,9868.62060201852,60106.12303408411,39691.320406496365,True,heldout_improvement,0.03540346003137529,1.8189894035458565e-12,-11.101958333333261,B
231,2025-08-20,2025-08-20 12:00:00,12,231,70,2025-08-20 12:00:00,2025-08-20 12:00:00,"[203, 204, 205, 206, 207, 208, 209, 210, 211, 212, 213, 214, 215, 216, 217, 218, 219, 220, 221, 222, 223, 224, 225, 226, 227, 228, 229, 230]","[189, 190, 191, 192, 193, 194, 195, 196, 197, 198, 199, 200, 201, 202]",71,107,7665.63718165256,28590.06171154036,29538.433349336796,False,keep_no_improvement_or_insufficient_history,0.030107371043413877,1.8189894035458565e-12,-30.167733333333366,B
231,2025-08-20,2025-08-20 18:00:00,18,231,106,2025-08-20 18:00:00,2025-08-20 18:00:00,"[203, 204, 205, 206, 207, 208, 209, 210, 211, 212, 213, 214, 215, 216, 217, 218, 219, 220, 221, 222, 223, 224, 225, 226, 227, 228, 229, 230]","[189, 190, 191, 192, 193, 194, 195, 196, 197, 198, 199, 200, 201, 202]",107,144,10502.626608918838,22458.907004902645,21384.372993529996,True,heldout_improvement,0.012656950973905623,2.2737367544323206e-13,27.930000000000064,B
232,2025-08-21,2025-08-21 06:00:00,6,232,34,2025-08-21 06:00:00,2025-08-21 06:00:00,"[204, 205, 206, 207, 208, 209, 210, 211, 212, 213, 214, 215, 216, 217, 218, 219, 220, 221, 222, 223, 224, 225, 226, 227, 228, 229, 230, 231]","[190, 191, 192, 193, 194, 195, 196, 197, 198, 199, 200, 201, 202, 203]",35,71,10788.97277037037,34750.01033824958,34882.024798559716,False,keep_no_improvement_or_insufficient_history,0.04969958902802318,1.8189894035458565e-12,-2.647066666666698,B
232,2025-08-21,2025-08-21 12:00:00,12,232,70,2025-08-21 12:00:00,2025-08-21 12:00:00,"[204, 205, 206, 207, 208, 209, 210, 211, 212, 213, 214, 215, 216, 217, 218, 219, 220, 221, 222, 223, 224, 225, 226, 227, 228, 229, 230, 231]","[190, 191, 192, 193, 194, 195, 196, 197, 198, 199, 200, 201, 202, 203]",71,107,7561.52695261111,30592.879971115508,30658.10091879623,False,keep_no_improvement_or_insufficient_history,0.029333344020415097,2.7284841053187847e-12,-13.033966666666704,B
232,2025-08-21,2025-08-21 18:00:00,18,232,106,2025-08-21 18:00:00,2025-08-21 18:00:00,"[204, 205, 206, 207, 208, 209, 210, 211, 212, 213, 214, 215, 216, 217, 218, 219, 220, 221, 222, 223, 224, 225, 226, 227, 228, 229, 230, 231]","[190, 191, 192, 193, 194, 195, 196, 197, 198, 199, 200, 201, 202, 203]",107,144,10788.439659259258,19127.982036341975,19406.855456636975,False,keep_no_improvement_or_insufficient_history,0.013734590029343963,4.547473508864641e-13,-16.370416666666717,B
233,2025-08-22,2025-08-22 06:00:00,6,233,34,2025-08-22 06:00:00,2025-08-22 06:00:00,"[205, 206, 207, 208, 209, 210, 211, 212, 213, 214, 215, 216, 217, 218, 219, 220, 221, 222, 223, 224, 225, 226, 227, 228, 229, 230, 231, 232]","[191, 192, 193, 194, 195, 196, 197, 198, 199, 200, 201, 202, 203, 204]",35,71,3513.370657796296,18117.049295327895,18117.049295327895,False,keep_no_improvement_or_insufficient_history,0.024302914971485734,1.8189894035458565e-12,14.366358333333398,B
233,2025-08-22,2025-08-22 12:00:00,12,233,70,2025-08-22 12:00:00,2025-08-22 12:00:00,"[205, 206, 207, 208, 209, 210, 211, 212, 213, 214, 215, 216, 217, 218, 219, 220, 221, 222, 223, 224, 225, 226, 227, 228, 229, 230, 231, 232]","[191, 192, 193, 194, 195, 196, 197, 198, 199, 200, 201, 202, 203, 204]",71,107,10800.0,14307.007058392368,13931.596880076357,True,heldout_improvement,0.016247296996880323,1.8189894035458565e-12,-2.660683333333357,B
233,2025-08-22,2025-08-22 18:00:00,18,233,106,2025-08-22 18:00:00,2025-08-22 18:00:00,"[205, 206, 207, 208, 209, 210, 211, 212, 213, 214, 215, 216, 217, 218, 219, 220, 221, 222, 223, 224, 225, 226, 227, 228, 229, 230, 231, 232]","[191, 192, 193, 194, 195, 196, 197, 198, 199, 200, 201, 202, 203, 204]",107,144,10510.4201368798,11569.52813375362,11472.120347103797,True,heldout_improvement,0.01319046103162691,9.094947017729282e-13,4.5710791666666255,B
234,2025-08-23,2025-08-23 06:00:00,6,234,34,2025-08-23 06:00:00,2025-08-23 06:00:00,"[206, 207, 208, 209, 210, 211, 212, 213, 214, 215, 216, 217, 218, 219, 220, 221, 222, 223, 224, 225, 226, 227, 228, 229, 230, 231, 232, 233]","[192, 193, 194, 195, 196, 197, 198, 199, 200, 201, 202, 203, 204, 205]",35,71,3449.933789075854,17794.286711101842,17854.264046704917,False,keep_no_improvement_or_insufficient_history,0.01429862400982529,1.8189894035458565e-12,7.712929166666678,B
234,2025-08-23,2025-08-23 12:00:00,12,234,70,2025-08-23 12:00:00,2025-08-23 12:00:00,"[206, 207, 208, 209, 210, 211, 212, 213, 214, 215, 216, 217, 218, 219, 220, 221, 222, 223, 224, 225, 226, 227, 228, 229, 230, 231, 232, 233]","[192, 193, 194, 195, 196, 197, 198, 199, 200, 201, 202, 203, 204, 205]",71,107,10800.0,14987.660392535177,14336.508505186166,True,heldout_improvement,0.012399599014315754,1.8189894035458565e-12,-4.57148333333339,B
234,2025-08-23,2025-08-23 18:00:00,18,234,106,2025-08-23 18:00:00,2025-08-23 18:00:00,"[206, 207, 208, 209, 210, 211, 212, 213, 214, 215, 216, 217, 218, 219, 220, 221, 222, 223, 224, 225, 226, 227, 228, 229, 230, 231, 232, 233]","[192, 193, 194, 195, 196, 197, 198, 199, 200, 201, 202, 203, 204, 205]",107,144,10541.626575574075,11084.341990299363,11291.275592579972,False,keep_no_improvement_or_insufficient_history,0.014159589016344398,9.094947017729282e-13,-7.592783333333347,B
235,2025-08-24,2025-08-24 06:00:00,6,235,34,2025-08-24 06:00:00,2025-08-24 06:00:00,"[207, 208, 209, 210, 211, 212, 213, 214, 215, 216, 217, 218, 219, 220, 221, 222, 223, 224, 225, 226, 227, 228, 229, 230, 231, 232, 233, 234]","[193, 194, 195, 196, 197, 198, 199, 200, 201, 202, 203, 204, 205, 206]",35,71,10796.035957407408,30244.99417362728,30244.99417362728,False,keep_no_improvement_or_insufficient_history,0.049396621994674206,1.8189894035458565e-12,-21.50385833333333,B
235,2025-08-24,2025-08-24 12:00:00,12,235,70,2025-08-24 12:00:00,2025-08-24 12:00:00,"[207, 208, 209, 210, 211, 212, 213, 214, 215, 216, 217, 218, 219, 220, 221, 222, 223, 224, 225, 226, 227, 228, 229, 230, 231, 232, 233, 234]","[193, 194, 195, 196, 197, 198, 199, 200, 201, 202, 203, 204, 205, 206]",71,107,7655.421482407409,34144.96328236275,32619.255250421782,True,heldout_improvement,0.02924639399861917,2.9558577807620168e-12,10.349929166666698,B
235,2025-08-24,2025-08-24 18:00:00,18,235,106,2025-08-24 18:00:00,2025-08-24 18:00:00,"[207, 208, 209, 210, 211, 212, 213, 214, 215, 216, 217, 218, 219, 220, 221, 222, 223, 224, 225, 226, 227, 228, 229, 230, 231, 232, 233, 234]","[193, 194, 195, 196, 197, 198, 199, 200, 201, 202, 203, 204, 205, 206]",107,144,10800.0,19269.21049468309,19631.601108635306,False,keep_no_improvement_or_insufficient_history,0.016679897031281143,1.8189894035458565e-12,-16.5308166666667,B
236,2025-08-25,2025-08-25 06:00:00,6,236,34,2025-08-25 06:00:00,2025-08-25 06:00:00,"[208, 209, 210, 211, 212, 213, 214, 215, 216, 217, 218, 219, 220, 221, 222, 223, 224, 225, 226, 227, 228, 229, 230, 231, 232, 233, 234, 235]","[194, 195, 196, 197, 198, 199, 200, 201, 202, 203, 204, 205, 206, 207]",35,71,10754.124140740741,66606.1252776888,60402.051223164424,True,heldout_improvement,0.03341599501436576,4.547473508864641e-13,15.611850000000004,B
236,2025-08-25,2025-08-25 12:00:00,12,236,70,2025-08-25 12:00:00,2025-08-25 12:00:00,"[208, 209, 210, 211, 212, 213, 214, 215, 216, 217, 218, 219, 220, 221, 222, 223, 224, 225, 226, 227, 228, 229, 230, 231, 232, 233, 234, 235]","[194, 195, 196, 197, 198, 199, 200, 201, 202, 203, 204, 205, 206, 207]",71,107,8567.917619599686,38331.619719493974,32444.007265878765,True,heldout_improvement,0.02658683102345094,1.8189894035458565e-12,-9.290258333333288,B
236,2025-08-25,2025-08-25 18:00:00,18,236,106,2025-08-25 18:00:00,2025-08-25 18:00:00,"[208, 209, 210, 211, 212, 213, 214, 215, 216, 217, 218, 219, 220, 221, 222, 223, 224, 225, 226, 227, 228, 229, 230, 231, 232, 233, 234, 235]","[194, 195, 196, 197, 198, 199, 200, 201, 202, 203, 204, 205, 206, 207]",107,144,10635.729792652008,19119.603767110882,19302.480861593933,False,keep_no_improvement_or_insufficient_history,0.018800166028086096,3.6266101233195513e-11,-19.180583333333363,B
237,2025-08-26,2025-08-26 06:00:00,6,237,34,2025-08-26 06:00:00,2025-08-26 06:00:00,"[209, 210, 211, 212, 213, 214, 215, 216, 217, 218, 219, 220, 221, 222, 223, 224, 225, 226, 227, 228, 229, 230, 231, 232, 233, 234, 235, 236]","[195, 196, 197, 198, 199, 200, 201, 202, 203, 204, 205, 206, 207, 208]",35,71,10142.4465,39093.57327266272,37723.944784627995,True,heldout_improvement,0.03364050999516621,1.8189894035458565e-12,-13.714720833333331,B
237,2025-08-26,2025-08-26 12:00:00,12,237,70,2025-08-26 12:00:00,2025-08-26 12:00:00,"[209, 210, 211, 212, 213, 214, 215, 216, 217, 218, 219, 220, 221, 222, 223, 224, 225, 226, 227, 228, 229, 230, 231, 232, 233, 234, 235, 236]","[195, 196, 197, 198, 199, 200, 201, 202, 203, 204, 205, 206, 207, 208]",71,107,6917.654014070205,34256.115196924955,32248.12008527396,True,heldout_improvement,0.032442022988107055,1.8189894035458565e-12,2.0567208333334293,B
237,2025-08-26,2025-08-26 18:00:00,18,237,106,2025-08-26 18:00:00,2025-08-26 18:00:00,"[209, 210, 211, 212, 213, 214, 215, 216, 217, 218, 219, 220, 221, 222, 223, 224, 225, 226, 227, 228, 229, 230, 231, 232, 233, 234, 235, 236]","[195, 196, 197, 198, 199, 200, 201, 202, 203, 204, 205, 206, 207, 208]",107,144,10800.0,20026.785456247886,20047.763664933304,False,keep_no_improvement_or_insufficient_history,0.01228118600556627,9.094947017729282e-13,1.618379166666652,B
238,2025-08-27,2025-08-27 06:00:00,6,238,34,2025-08-27 06:00:00,2025-08-27 06:00:00,"[210, 211, 212, 213, 214, 215, 216, 217, 218, 219, 220, 221, 222, 223, 224, 225, 226, 227, 228, 229, 230, 231, 232, 233, 234, 235, 236, 237]","[196, 197, 198, 199, 200, 201, 202, 203, 204, 205, 206, 207, 208, 209]",35,71,10800.0,44967.116986456866,38607.14141099032,True,heldout_improvement,0.02187927602790296,1.8189894035458565e-12,-16.016454166666563,B
238,2025-08-27,2025-08-27 12:00:00,12,238,70,2025-08-27 12:00:00,2025-08-27 12:00:00,"[210, 211, 212, 213, 214, 215, 216, 217, 218, 219, 220, 221, 222, 223, 224, 225, 226, 227, 228, 229, 230, 231, 232, 233, 234, 235, 236, 237]","[196, 197, 198, 199, 200, 201, 202, 203, 204, 205, 206, 207, 208, 209]",71,107,8515.434734843835,31921.065946430735,31686.933008298303,True,heldout_improvement,0.03145732299890369,2.3874235921539366e-12,-12.550270833333265,B
238,2025-08-27,2025-08-27 18:00:00,18,238,106,2025-08-27 18:00:00,2025-08-27 18:00:00,"[210, 211, 212, 213, 214, 215, 216, 217, 218, 219, 220, 221, 222, 223, 224, 225, 226, 227, 228, 229, 230, 231, 232, 233, 234, 235, 236, 237]","[196, 197, 198, 199, 200, 201, 202, 203, 204, 205, 206, 207, 208, 209]",107,144,10624.746599359567,18820.23250958658,18992.39389916948,False,keep_no_improvement_or_insufficient_history,0.020274000999052078,9.094947017729282e-13,-31.38842500000002,B
239,2025-08-28,2025-08-28 06:00:00,6,239,34,2025-08-28 06:00:00,2025-08-28 06:00:00,"[211, 212, 213, 214, 215, 216, 217, 218, 219, 220, 221, 222, 223, 224, 225, 226, 227, 228, 229, 230, 231, 232, 233, 234, 235, 236, 237, 238]","[197, 198, 199, 200, 201, 202, 203, 204, 205, 206, 207, 208, 209, 210]",35,71,10280.057030470676,43606.11207281045,36991.104679623866,True,heldout_improvement,0.03492878400720656,1.8189894035458565e-12,-13.827320833333298,B
239,2025-08-28,2025-08-28 12:00:00,12,239,70,2025-08-28 12:00:00,2025-08-28 12:00:00,"[211, 212, 213, 214, 215, 216, 217, 218, 219, 220, 221, 222, 223, 224, 225, 226, 227, 228, 229, 230, 231, 232, 233, 234, 235, 236, 237, 238]","[197, 198, 199, 200, 201, 202, 203, 204, 205, 206, 207, 208, 209, 210]",71,107,5544.093227876552,31968.388167134886,32094.869285570934,False,keep_no_improvement_or_insufficient_history,0.048395898018497974,4.206412995699793e-12,-4.068420833333296,B
239,2025-08-28,2025-08-28 18:00:00,18,239,106,2025-08-28 18:00:00,2025-08-28 18:00:00,"[211, 212, 213, 214, 215, 216, 217, 218, 219, 220, 221, 222, 223, 224, 225, 226, 227, 228, 229, 230, 231, 232, 233, 234, 235, 236, 237, 238]","[197, 198, 199, 200, 201, 202, 203, 204, 205, 206, 207, 208, 209, 210]",107,144,10753.089813497778,19314.82072798307,19396.010729035792,False,keep_no_improvement_or_insufficient_history,0.013386417005676776,2.2737367544323206e-13,-9.90816250000004,B
240,2025-08-29,2025-08-29 06:00:00,6,240,34,2025-08-29 06:00:00,2025-08-29 06:00:00,"[212, 213, 214, 215, 216, 217, 218, 219, 220, 221, 222, 223, 224, 225, 226, 227, 228, 229, 230, 231, 232, 233, 234, 235, 236, 237, 238, 239]","[198, 199, 200, 201, 202, 203, 204, 205, 206, 207, 208, 209, 210, 211]",35,71,5506.084595895916,13871.980365318932,13871.980365318932,False,keep_no_improvement_or_insufficient_history,0.02553327102214098,9.094947017729282e-13,-8.478250000000003,B
240,2025-08-29,2025-08-29 12:00:00,12,240,70,2025-08-29 12:00:00,2025-08-29 12:00:00,"[212, 213, 214, 215, 216, 217, 218, 219, 220, 221, 222, 223, 224, 225, 226, 227, 228, 229, 230, 231, 232, 233, 234, 235, 236, 237, 238, 239]","[198, 199, 200, 201, 202, 203, 204, 205, 206, 207, 208, 209, 210, 211]",71,107,10800.0,13993.803852339352,13999.304802799244,False,keep_no_improvement_or_insufficient_history,0.015408364008180797,1.8189894035458565e-12,-15.276029166666602,B
240,2025-08-29,2025-08-29 18:00:00,18,240,106,2025-08-29 18:00:00,2025-08-29 18:00:00,"[212, 213, 214, 215, 216, 217, 218, 219, 220, 221, 222, 223, 224, 225, 226, 227, 228, 229, 230, 231, 232, 233, 234, 235, 236, 237, 238, 239]","[198, 199, 200, 201, 202, 203, 204, 205, 206, 207, 208, 209, 210, 211]",107,144,10769.22180925926,10311.72490776222,10288.048767805023,True,heldout_improvement,0.013196477957535535,2.2737367544323206e-13,-25.169679166666658,B
241,2025-08-30,2025-08-30 06:00:00,6,241,34,2025-08-30 06:00:00,2025-08-30 06:00:00,"[213, 214, 215, 216, 217, 218, 219, 220, 221, 222, 223, 224, 225, 226, 227, 228, 229, 230, 231, 232, 233, 234, 235, 236, 237, 238, 239, 240]","[199, 200, 201, 202, 203, 204, 205, 206, 207, 208, 209, 210, 211, 212]",35,71,3505.143527293979,20698.407724203946,20817.014228275402,False,keep_no_improvement_or_insufficient_history,0.02983904699794948,9.094947017729282e-13,15.999758333333336,B
241,2025-08-30,2025-08-30 12:00:00,12,241,70,2025-08-30 12:00:00,2025-08-30 12:00:00,"[213, 214, 215, 216, 217, 218, 219, 220, 221, 222, 223, 224, 225, 226, 227, 228, 229, 230, 231, 232, 233, 234, 235, 236, 237, 238, 239, 240]","[199, 200, 201, 202, 203, 204, 205, 206, 207, 208, 209, 210, 211, 212]",71,107,10800.0,16237.870275319252,15086.555549907924,True,heldout_improvement,0.01576150202890858,1.8189894035458565e-12,1.0723708333333282,B
241,2025-08-30,2025-08-30 18:00:00,18,241,106,2025-08-30 18:00:00,2025-08-30 18:00:00,"[213, 214, 215, 216, 217, 218, 219, 220, 221, 222, 223, 224, 225, 226, 227, 228, 229, 230, 231, 232, 233, 234, 235, 236, 237, 238, 239, 240]","[199, 200, 201, 202, 203, 204, 205, 206, 207, 208, 209, 210, 211, 212]",107,144,10743.134979398148,11961.572077690149,11529.688292524468,True,heldout_improvement,0.012844491982832551,9.094947017729282e-13,6.745774999999942,B
242,2025-08-31,2025-08-31 06:00:00,6,242,34,2025-08-31 06:00:00,2025-08-31 06:00:00,"[214, 215, 216, 217, 218, 219, 220, 221, 222, 223, 224, 225, 226, 227, 228, 229, 230, 231, 232, 233, 234, 235, 236, 237, 238, 239, 240, 241]","[200, 201, 202, 203, 204, 205, 206, 207, 208, 209, 210, 211, 212, 213]",35,71,10728.987598148147,33390.547981589174,32672.125770243998,True,heldout_improvement,0.041125496034510434,1.8189894035458565e-12,-3.9998291666666996,B
242,2025-08-31,2025-08-31 12:00:00,12,242,70,2025-08-31 12:00:00,2025-08-31 12:00:00,"[214, 215, 216, 217, 218, 219, 220, 221, 222, 223, 224, 225, 226, 227, 228, 229, 230, 231, 232, 233, 234, 235, 236, 237, 238, 239, 240, 241]","[200, 201, 202, 203, 204, 205, 206, 207, 208, 209, 210, 211, 212, 213]",71,107,6845.6608329629635,30669.939438947767,30654.187215272334,True,heldout_improvement,0.029350236989557743,1.8189894035458565e-12,-12.507824999999986,B
242,2025-08-31,2025-08-31 18:00:00,18,242,106,2025-08-31 18:00:00,2025-08-31 18:00:00,"[214, 215, 216, 217, 218, 219, 220, 221, 222, 223, 224, 225, 226, 227, 228, 229, 230, 231, 232, 233, 234, 235, 236, 237, 238, 239, 240, 241]","[200, 201, 202, 203, 204, 205, 206, 207, 208, 209, 210, 211, 212, 213]",107,144,10119.360530780878,20511.390112813595,20035.84697979945,True,heldout_improvement,0.013721157039981335,2.2737367544323206e-13,-15.654395833333409,B
243,2025-09-01,2025-09-01 06:00:00,6,243,34,2025-09-01 06:00:00,2025-09-01 06:00:00,"[215, 216, 217, 218, 219, 220, 221, 222, 223, 224, 225, 226, 227, 228, 229, 230, 231, 232, 233, 234, 235, 236, 237, 238, 239, 240, 241, 242]","[201, 202, 203, 204, 205, 206, 207, 208, 209, 210, 211, 212, 213, 214]",35,71,10800.0,30345.88050700798,29870.44775917749,True,heldout_improvement,0.06067017000168562,1.3642420526593924e-12,-67.25936666666666,B
243,2025-09-01,2025-09-01 12:00:00,12,243,70,2025-09-01 12:00:00,2025-09-01 12:00:00,"[215, 216, 217, 218, 219, 220, 221, 222, 223, 224, 225, 226, 227, 228, 229, 230, 231, 232, 233, 234, 235, 236, 237, 238, 239, 240, 241, 242]","[201, 202, 203, 204, 205, 206, 207, 208, 209, 210, 211, 212, 213, 214]",71,107,7148.238426851856,29970.093895585866,30163.77584104592,False,keep_no_improvement_or_insufficient_history,0.031025422969833016,6.252776074688882e-12,-37.549583333333274,B
243,2025-09-01,2025-09-01 18:00:00,18,243,106,2025-09-01 18:00:00,2025-09-01 18:00:00,"[215, 216, 217, 218, 219, 220, 221, 222, 223, 224, 225, 226, 227, 228, 229, 230, 231, 232, 233, 234, 235, 236, 237, 238, 239, 240, 241, 242]","[201, 202, 203, 204, 205, 206, 207, 208, 209, 210, 211, 212, 213, 214]",107,144,10800.0,16732.00563540904,16402.004618252493,True,heldout_improvement,0.020094943000003695,9.094947017729282e-13,-154.38355,B
244,2025-09-02,2025-09-02 06:00:00,6,244,34,2025-09-02 06:00:00,2025-09-02 06:00:00,"[216, 217, 218, 219, 220, 221, 222, 223, 224, 225, 226, 227, 228, 229, 230, 231, 232, 233, 234, 235, 236, 237, 238, 239, 240, 241, 242, 243]","[202, 203, 204, 205, 206, 207, 208, 209, 210, 211, 212, 213, 214, 215]",35,71,10420.022597351228,30338.806316766317,30363.881682653817,False,keep_no_improvement_or_insufficient_history,0.03533147496636957,1.8189894035458565e-12,-54.18882500000002,B
244,2025-09-02,2025-09-02 12:00:00,12,244,70,2025-09-02 12:00:00,2025-09-02 12:00:00,"[216, 217, 218, 219, 220, 221, 222, 223, 224, 225, 226, 227, 228, 229, 230, 231, 232, 233, 234, 235, 236, 237, 238, 239, 240, 241, 242, 243]","[202, 203, 204, 205, 206, 207, 208, 209, 210, 211, 212, 213, 214, 215]",71,107,5791.841955431474,29257.262374507325,29620.94227972536,False,keep_no_improvement_or_insufficient_history,0.03283702000044286,9.094947017729282e-13,-55.79334999999999,B
244,2025-09-02,2025-09-02 18:00:00,18,244,106,2025-09-02 18:00:00,2025-09-02 18:00:00,"[216, 217, 218, 219, 220, 221, 222, 223, 224, 225, 226, 227, 228, 229, 230, 231, 232, 233, 234, 235, 236, 237, 238, 239, 240, 241, 242, 243]","[202, 203, 204, 205, 206, 207, 208, 209, 210, 211, 212, 213, 214, 215]",107,144,10800.0,17314.247746003,17049.410481385068,True,heldout_improvement,0.020046753983478993,6.821210263296962e-13,-125.34030833333327,B
245,2025-09-03,2025-09-03 06:00:00,6,245,34,2025-09-03 06:00:00,2025-09-03 06:00:00,"[217, 218, 219, 220, 221, 222, 223, 224, 225, 226, 227, 228, 229, 230, 231, 232, 233, 234, 235, 236, 237, 238, 239, 240, 241, 242, 243, 244]","[203, 204, 205, 206, 207, 208, 209, 210, 211, 212, 213, 214, 215, 216]",35,71,10800.0,30747.701084481345,30617.664444093072,True,heldout_improvement,0.025966431014239788,1.8189894035458565e-12,-58.41579999999999,B
245,2025-09-03,2025-09-03 12:00:00,12,245,70,2025-09-03 12:00:00,2025-09-03 12:00:00,"[217, 218, 219, 220, 221, 222, 223, 224, 225, 226, 227, 228, 229, 230, 231, 232, 233, 234, 235, 236, 237, 238, 239, 240, 241, 242, 243, 244]","[203, 204, 205, 206, 207, 208, 209, 210, 211, 212, 213, 214, 215, 216]",71,107,7575.679348333333,30635.70145006234,30654.89149112499,False,keep_no_improvement_or_insufficient_history,0.040473453991580755,4.774847184307873e-12,-54.740029166666694,B
245,2025-09-03,2025-09-03 18:00:00,18,245,106,2025-09-03 18:00:00,2025-09-03 18:00:00,"[217, 218, 219, 220, 221, 222, 223, 224, 225, 226, 227, 228, 229, 230, 231, 232, 233, 234, 235, 236, 237, 238, 239, 240, 241, 242, 243, 244]","[203, 204, 205, 206, 207, 208, 209, 210, 211, 212, 213, 214, 215, 216]",107,144,10800.0,17147.087622588308,17032.586208171975,True,heldout_improvement,0.021001579996664077,4.547473508864641e-13,-122.17630416666664,B
246,2025-09-04,2025-09-04 06:00:00,6,246,34,2025-09-04 06:00:00,2025-09-04 06:00:00,"[218, 219, 220, 221, 222, 223, 224, 225, 226, 227, 228, 229, 230, 231, 232, 233, 234, 235, 236, 237, 238, 239, 240, 241, 242, 243, 244, 245]","[204, 205, 206, 207, 208, 209, 210, 211, 212, 213, 214, 215, 216, 217]",35,71,10800.0,33044.72791446652,31775.397792851112,True,heldout_improvement,0.027086316025815904,1.8189894035458565e-12,-57.19858333333335,B
246,2025-09-04,2025-09-04 12:00:00,12,246,70,2025-09-04 12:00:00,2025-09-04 12:00:00,"[218, 219, 220, 221, 222, 223, 224, 225, 226, 227, 228, 229, 230, 231, 232, 233, 234, 235, 236, 237, 238, 239, 240, 241, 242, 243, 244, 245]","[204, 205, 206, 207, 208, 209, 210, 211, 212, 213, 214, 215, 216, 217]",71,107,8103.466934444446,30865.089809133646,30908.43056937532,False,keep_no_improvement_or_insufficient_history,0.030608252971433103,1.8189894035458565e-12,-43.49742499999994,B
246,2025-09-04,2025-09-04 18:00:00,18,246,106,2025-09-04 18:00:00,2025-09-04 18:00:00,"[218, 219, 220, 221, 222, 223, 224, 225, 226, 227, 228, 229, 230, 231, 232, 233, 234, 235, 236, 237, 238, 239, 240, 241, 242, 243, 244, 245]","[204, 205, 206, 207, 208, 209, 210, 211, 212, 213, 214, 215, 216, 217]",107,144,10800.0,16862.095294022718,16697.014615639917,True,heldout_improvement,0.020487655012402683,9.094947017729282e-13,-132.42953333333327,B
247,2025-09-05,2025-09-05 06:00:00,6,247,34,2025-09-05 06:00:00,2025-09-05 06:00:00,"[219, 220, 221, 222, 223, 224, 225, 226, 227, 228, 229, 230, 231, 232, 233, 234, 235, 236, 237, 238, 239, 240, 241, 242, 243, 244, 245, 246]","[205, 206, 207, 208, 209, 210, 211, 212, 213, 214, 215, 216, 217, 218]",35,71,4190.396823774404,12464.045040746792,12464.045040746792,False,keep_no_improvement_or_insufficient_history,0.0484993239515461,3.637978807091713e-12,-79.79644583333334,B
247,2025-09-05,2025-09-05 12:00:00,12,247,70,2025-09-05 12:00:00,2025-09-05 12:00:00,"[219, 220, 221, 222, 223, 224, 225, 226, 227, 228, 229, 230, 231, 232, 233, 234, 235, 236, 237, 238, 239, 240, 241, 242, 243, 244, 245, 246]","[205, 206, 207, 208, 209, 210, 211, 212, 213, 214, 215, 216, 217, 218]",71,107,10800.0,13054.584007325198,12913.082426509882,True,heldout_improvement,0.01220693695358932,1.8189894035458565e-12,-52.31333333333339,B
247,2025-09-05,2025-09-05 18:00:00,18,247,106,2025-09-05 18:00:00,2025-09-05 18:00:00,"[219, 220, 221, 222, 223, 224, 225, 226, 227, 228, 229, 230, 231, 232, 233, 234, 235, 236, 237, 238, 239, 240, 241, 242, 243, 244, 245, 246]","[205, 206, 207, 208, 209, 210, 211, 212, 213, 214, 215, 216, 217, 218]",107,144,10354.559388888889,8598.704254460556,8481.539611351827,True,heldout_improvement,0.021358247962780297,9.094947017729282e-13,-148.46046249999998,B
248,2025-09-06,2025-09-06 06:00:00,6,248,34,2025-09-06 06:00:00,2025-09-06 06:00:00,"[220, 221, 222, 223, 224, 225, 226, 227, 228, 229, 230, 231, 232, 233, 234, 235, 236, 237, 238, 239, 240, 241, 242, 243, 244, 245, 246, 247]","[206, 207, 208, 209, 210, 211, 212, 213, 214, 215, 216, 217, 218, 219]",35,71,3295.223872578714,13090.071506170152,13145.434373338621,False,keep_no_improvement_or_insufficient_history,0.014150550996419042,1.8189894035458565e-12,-64.00749999999996,B
248,2025-09-06,2025-09-06 12:00:00,12,248,70,2025-09-06 12:00:00,2025-09-06 12:00:00,"[220, 221, 222, 223, 224, 225, 226, 227, 228, 229, 230, 231, 232, 233, 234, 235, 236, 237, 238, 239, 240, 241, 242, 243, 244, 245, 246, 247]","[206, 207, 208, 209, 210, 211, 212, 213, 214, 215, 216, 217, 218, 219]",71,107,10800.0,13406.002578704336,13205.89105262227,True,heldout_improvement,0.012144884967710823,1.8189894035458565e-12,-52.146716666666634,B
248,2025-09-06,2025-09-06 18:00:00,18,248,106,2025-09-06 18:00:00,2025-09-06 18:00:00,"[220, 221, 222, 223, 224, 225, 226, 227, 228, 229, 230, 231, 232, 233, 234, 235, 236, 237, 238, 239, 240, 241, 242, 243, 244, 245, 246, 247]","[206, 207, 208, 209, 210, 211, 212, 213, 214, 215, 216, 217, 218, 219]",107,144,10361.30737037037,8897.80776646788,8826.884511211747,True,heldout_improvement,0.01972089405171573,9.094947017729282e-13,-132.34503333333333,B
249,2025-09-07,2025-09-07 06:00:00,6,249,34,2025-09-07 06:00:00,2025-09-07 06:00:00,"[221, 222, 223, 224, 225, 226, 227, 228, 229, 230, 231, 232, 233, 234, 235, 236, 237, 238, 239, 240, 241, 242, 243, 244, 245, 246, 247, 248]","[207, 208, 209, 210, 211, 212, 213, 214, 215, 216, 217, 218, 219, 220]",35,71,9904.761889016203,34524.133771974484,32936.77217423993,True,heldout_improvement,0.030868171015754342,1.8189894035458565e-12,-43.74593333333337,B
249,2025-09-07,2025-09-07 12:00:00,12,249,70,2025-09-07 12:00:00,2025-09-07 12:00:00,"[221, 222, 223, 224, 225, 226, 227, 228, 229, 230, 231, 232, 233, 234, 235, 236, 237, 238, 239, 240, 241, 242, 243, 244, 245, 246, 247, 248]","[207, 208, 209, 210, 211, 212, 213, 214, 215, 216, 217, 218, 219, 220]",71,107,7637.220853619308,29697.31255393363,30880.016054001844,False,keep_no_improvement_or_insufficient_history,0.03197747399099171,1.5006662579253316e-11,-36.94391249999997,B
249,2025-09-07,2025-09-07 18:00:00,18,249,106,2025-09-07 18:00:00,2025-09-07 18:00:00,"[221, 222, 223, 224, 225, 226, 227, 228, 229, 230, 231, 232, 233, 234, 235, 236, 237, 238, 239, 240, 241, 242, 243, 244, 245, 246, 247, 248]","[207, 208, 209, 210, 211, 212, 213, 214, 215, 216, 217, 218, 219, 220]",107,144,10800.0,16855.3215830857,16679.57192816042,True,heldout_improvement,0.0194446420064196,1.8189894035458565e-12,-138.23485416666668,B
250,2025-09-08,2025-09-08 06:00:00,6,250,34,2025-09-08 06:00:00,2025-09-08 06:00:00,"[222, 223, 224, 225, 226, 227, 228, 229, 230, 231, 232, 233, 234, 235, 236, 237, 238, 239, 240, 241, 242, 243, 244, 245, 246, 247, 248, 249]","[208, 209, 210, 211, 212, 213, 214, 215, 216, 217, 218, 219, 220, 221]",35,71,7704.145885038738,59170.01315382881,37090.16654807599,True,heldout_improvement,0.03298243397148326,1.8189894035458565e-12,-19.483029166666633,B
250,2025-09-08,2025-09-08 12:00:00,12,250,70,2025-09-08 12:00:00,2025-09-08 12:00:00,"[222, 223, 224, 225, 226, 227, 228, 229, 230, 231, 232, 233, 234, 235, 236, 237, 238, 239, 240, 241, 242, 243, 244, 245, 246, 247, 248, 249]","[208, 209, 210, 211, 212, 213, 214, 215, 216, 217, 218, 219, 220, 221]",71,107,8500.638376967592,31436.088797259843,28297.59893588817,True,heldout_improvement,0.04901885200524703,1.8189894035458565e-12,-30.575912500000033,B
250,2025-09-08,2025-09-08 18:00:00,18,250,106,2025-09-08 18:00:00,2025-09-08 18:00:00,"[222, 223, 224, 225, 226, 227, 228, 229, 230, 231, 232, 233, 234, 235, 236, 237, 238, 239, 240, 241, 242, 243, 244, 245, 246, 247, 248, 249]","[208, 209, 210, 211, 212, 213, 214, 215, 216, 217, 218, 219, 220, 221]",107,144,10800.0,16010.101729958815,16112.977195169931,False,keep_no_improvement_or_insufficient_history,0.01575838401913643,1.2505552149377763e-12,-40.113033333333306,B
251,2025-09-09,2025-09-09 06:00:00,6,251,34,2025-09-09 06:00:00,2025-09-09 06:00:00,"[223, 224, 225, 226, 227, 228, 229, 230, 231, 232, 233, 234, 235, 236, 237, 238, 239, 240, 241, 242, 243, 244, 245, 246, 247, 248, 249, 250]","[209, 210, 211, 212, 213, 214, 215, 216, 217, 218, 219, 220, 221, 222]",35,71,10799.860009259259,30341.203266612847,30182.810445078347,True,heldout_improvement,0.03906776598887518,3.979039320256561e-12,-21.56868750000001,B
251,2025-09-09,2025-09-09 12:00:00,12,251,70,2025-09-09 12:00:00,2025-09-09 12:00:00,"[223, 224, 225, 226, 227, 228, 229, 230, 231, 232, 233, 234, 235, 236, 237, 238, 239, 240, 241, 242, 243, 244, 245, 246, 247, 248, 249, 250]","[209, 210, 211, 212, 213, 214, 215, 216, 217, 218, 219, 220, 221, 222]",71,107,8249.71839351852,28427.154927309217,29523.293263116135,False,keep_no_improvement_or_insufficient_history,0.03171044698683545,9.094947017729282e-13,-17.207312500000018,B
251,2025-09-09,2025-09-09 18:00:00,18,251,106,2025-09-09 18:00:00,2025-09-09 18:00:00,"[223, 224, 225, 226, 227, 228, 229, 230, 231, 232, 233, 234, 235, 236, 237, 238, 239, 240, 241, 242, 243, 244, 245, 246, 247, 248, 249, 250]","[209, 210, 211, 212, 213, 214, 215, 216, 217, 218, 219, 220, 221, 222]",107,144,10785.786211522634,16140.41001876481,16546.904516512444,False,keep_no_improvement_or_insufficient_history,0.015919781988486648,4.547473508864641e-13,-46.07737083333336,B
252,2025-09-10,2025-09-10 06:00:00,6,252,34,2025-09-10 06:00:00,2025-09-10 06:00:00,"[224, 225, 226, 227, 228, 229, 230, 231, 232, 233, 234, 235, 236, 237, 238, 239, 240, 241, 242, 243, 244, 245, 246, 247, 248, 249, 250, 251]","[210, 211, 212, 213, 214, 215, 216, 217, 218, 219, 220, 221, 222, 223]",35,71,10659.320488481482,27255.681933741518,27255.681933741518,False,keep_no_improvement_or_insufficient_history,0.024527592991944402,1.8189894035458565e-12,-36.33932083333335,B
252,2025-09-10,2025-09-10 12:00:00,12,252,70,2025-09-10 12:00:00,2025-09-10 12:00:00,"[224, 225, 226, 227, 228, 229, 230, 231, 232, 233, 234, 235, 236, 237, 238, 239, 240, 241, 242, 243, 244, 245, 246, 247, 248, 249, 250, 251]","[210, 211, 212, 213, 214, 215, 216, 217, 218, 219, 220, 221, 222, 223]",71,107,3832.1059649999997,44062.205577274515,32587.467037196016,True,heldout_improvement,0.032413836976047605,1.8189894035458565e-12,-23.835075000000035,B
252,2025-09-10,2025-09-10 18:00:00,18,252,106,2025-09-10 18:00:00,2025-09-10 18:00:00,"[224, 225, 226, 227, 228, 229, 230, 231, 232, 233, 234, 235, 236, 237, 238, 239, 240, 241, 242, 243, 244, 245, 246, 247, 248, 249, 250, 251]","[210, 211, 212, 213, 214, 215, 216, 217, 218, 219, 220, 221, 222, 223]",107,144,10800.0,15764.925824326168,16143.959564434646,False,keep_no_improvement_or_insufficient_history,0.01309594401391223,1.8189894035458565e-12,-60.80139999999998,B
253,2025-09-11,2025-09-11 06:00:00,6,253,34,2025-09-11 06:00:00,2025-09-11 06:00:00,"[225, 226, 227, 228, 229, 230, 231, 232, 233, 234, 235, 236, 237, 238, 239, 240, 241, 242, 243, 244, 245, 246, 247, 248, 249, 250, 251, 252]","[211, 212, 213, 214, 215, 216, 217, 218, 219, 220, 221, 222, 223, 224]",35,71,10797.474138888889,30478.972628782238,29260.712102967336,True,heldout_improvement,0.024550386995542794,1.8189894035458565e-12,-18.168649999999992,B
253,2025-09-11,2025-09-11 12:00:00,12,253,70,2025-09-11 12:00:00,2025-09-11 12:00:00,"[225, 226, 227, 228, 229, 230, 231, 232, 233, 234, 235, 236, 237, 238, 239, 240, 241, 242, 243, 244, 245, 246, 247, 248, 249, 250, 251, 252]","[211, 212, 213, 214, 215, 216, 217, 218, 219, 220, 221, 222, 223, 224]",71,107,6236.033394814815,27353.221626278562,28188.061610102923,False,keep_no_improvement_or_insufficient_history,0.04409843002213165,1.8189894035458565e-12,-34.76052916666663,B
253,2025-09-11,2025-09-11 18:00:00,18,253,106,2025-09-11 18:00:00,2025-09-11 18:00:00,"[225, 226, 227, 228, 229, 230, 231, 232, 233, 234, 235, 236, 237, 238, 239, 240, 241, 242, 243, 244, 245, 246, 247, 248, 249, 250, 251, 252]","[211, 212, 213, 214, 215, 216, 217, 218, 219, 220, 221, 222, 223, 224]",107,144,10800.0,15696.657571636018,16051.949619140465,False,keep_no_improvement_or_insufficient_history,0.01321787596680224,4.547473508864641e-13,-75.32314166666674,B
254,2025-09-12,2025-09-12 06:00:00,6,254,34,2025-09-12 06:00:00,2025-09-12 06:00:00,"[226, 227, 228, 229, 230, 231, 232, 233, 234, 235, 236, 237, 238, 239, 240, 241, 242, 243, 244, 245, 246, 247, 248, 249, 250, 251, 252, 253]","[212, 213, 214, 215, 216, 217, 218, 219, 220, 221, 222, 223, 224, 225]",35,71,4714.286476481481,10624.92093270565,10624.92093270565,False,keep_no_improvement_or_insufficient_history,0.06834394397446886,1.8189894035458565e-12,-24.824362499999967,B
254,2025-09-12,2025-09-12 12:00:00,12,254,70,2025-09-12 12:00:00,2025-09-12 12:00:00,"[226, 227, 228, 229, 230, 231, 232, 233, 234, 235, 236, 237, 238, 239, 240, 241, 242, 243, 244, 245, 246, 247, 248, 249, 250, 251, 252, 253]","[212, 213, 214, 215, 216, 217, 218, 219, 220, 221, 222, 223, 224, 225]",71,107,10800.0,15761.703983973846,13157.639750222546,True,heldout_improvement,0.01204898301512003,1.1368683772161603e-13,-8.846945833333354,B
254,2025-09-12,2025-09-12 18:00:00,18,254,106,2025-09-12 18:00:00,2025-09-12 18:00:00,"[226, 227, 228, 229, 230, 231, 232, 233, 234, 235, 236, 237, 238, 239, 240, 241, 242, 243, 244, 245, 246, 247, 248, 249, 250, 251, 252, 253]","[212, 213, 214, 215, 216, 217, 218, 219, 220, 221, 222, 223, 224, 225]",107,144,10751.46672962963,7418.534159842711,7838.133077865509,False,keep_no_improvement_or_insufficient_history,0.020026126003358513,9.094947017729282e-13,-62.98082083333334,B
255,2025-09-13,2025-09-13 06:00:00,6,255,34,2025-09-13 06:00:00,2025-09-13 06:00:00,"[227, 228, 229, 230, 231, 232, 233, 234, 235, 236, 237, 238, 239, 240, 241, 242, 243, 244, 245, 246, 247, 248, 249, 250, 251, 252, 253, 254]","[213, 214, 215, 216, 217, 218, 219, 220, 221, 222, 223, 224, 225, 226]",35,71,5480.157598055555,11299.51313517886,11299.51313517886,False,keep_no_improvement_or_insufficient_history,0.05847902997629717,1.8189894035458565e-12,-24.37680833333335,B
255,2025-09-13,2025-09-13 12:00:00,12,255,70,2025-09-13 12:00:00,2025-09-13 12:00:00,"[227, 228, 229, 230, 231, 232, 233, 234, 235, 236, 237, 238, 239, 240, 241, 242, 243, 244, 245, 246, 247, 248, 249, 250, 251, 252, 253, 254]","[213, 214, 215, 216, 217, 218, 219, 220, 221, 222, 223, 224, 225, 226]",71,107,10800.0,11245.409880293213,11568.069974962038,False,keep_no_improvement_or_insufficient_history,0.011724509997293353,9.094947017729282e-13,-30.866579166666646,B
255,2025-09-13,2025-09-13 18:00:00,18,255,106,2025-09-13 18:00:00,2025-09-13 18:00:00,"[227, 228, 229, 230, 231, 232, 233, 234, 235, 236, 237, 238, 239, 240, 241, 242, 243, 244, 245, 246, 247, 248, 249, 250, 251, 252, 253, 254]","[213, 214, 215, 216, 217, 218, 219, 220, 221, 222, 223, 224, 225, 226]",107,144,10665.071395486282,7942.962322022211,8474.080383126817,False,keep_no_improvement_or_insufficient_history,0.014372118981555104,2.2737367544323206e-13,-56.85295833333331,B
256,2025-09-14,2025-09-14 06:00:00,6,256,34,2025-09-14 06:00:00,2025-09-14 06:00:00,"[228, 229, 230, 231, 232, 233, 234, 235, 236, 237, 238, 239, 240, 241, 242, 243, 244, 245, 246, 247, 248, 249, 250, 251, 252, 253, 254, 255]","[214, 215, 216, 217, 218, 219, 220, 221, 222, 223, 224, 225, 226, 227]",35,71,10800.0,35524.43613526862,31893.02744275435,True,heldout_improvement,0.03275993198622018,1.8189894035458565e-12,-12.484329166666647,B
256,2025-09-14,2025-09-14 12:00:00,12,256,70,2025-09-14 12:00:00,2025-09-14 12:00:00,"[228, 229, 230, 231, 232, 233, 234, 235, 236, 237, 238, 239, 240, 241, 242, 243, 244, 245, 246, 247, 248, 249, 250, 251, 252, 253, 254, 255]","[214, 215, 216, 217, 218, 219, 220, 221, 222, 223, 224, 225, 226, 227]",71,107,7323.538328800165,27378.971189069805,28742.750571014465,False,keep_no_improvement_or_insufficient_history,0.02814630401553586,8.36735125631094e-11,-26.557620833333353,B
256,2025-09-14,2025-09-14 18:00:00,18,256,106,2025-09-14 18:00:00,2025-09-14 18:00:00,"[228, 229, 230, 231, 232, 233, 234, 235, 236, 237, 238, 239, 240, 241, 242, 243, 244, 245, 246, 247, 248, 249, 250, 251, 252, 253, 254, 255]","[214, 215, 216, 217, 218, 219, 220, 221, 222, 223, 224, 225, 226, 227]",107,144,10800.0,15831.934652037116,16621.26829968504,False,keep_no_improvement_or_insufficient_history,0.01172035897616297,9.094947017729282e-13,-51.99201250000002,B
257,2025-09-15,2025-09-15 06:00:00,6,257,34,2025-09-15 06:00:00,2025-09-15 06:00:00,"[229, 230, 231, 232, 233, 234, 235, 236, 237, 238, 239, 240, 241, 242, 243, 244, 245, 246, 247, 248, 249, 250, 251, 252, 253, 254, 255, 256]","[215, 216, 217, 218, 219, 220, 221, 222, 223, 224, 225, 226, 227, 228]",35,71,9794.405618351837,28384.68717809465,28372.77441998772,True,heldout_improvement,0.026221957989037037,7.16227077646181e-12,5.693750000000023,B
257,2025-09-15,2025-09-15 12:00:00,12,257,70,2025-09-15 12:00:00,2025-09-15 12:00:00,"[229, 230, 231, 232, 233, 234, 235, 236, 237, 238, 239, 240, 241, 242, 243, 244, 245, 246, 247, 248, 249, 250, 251, 252, 253, 254, 255, 256]","[215, 216, 217, 218, 219, 220, 221, 222, 223, 224, 225, 226, 227, 228]",71,107,6512.53068,25318.882002641993,25204.025630866316,True,heldout_improvement,0.02985202899435535,2.3874235921539366e-12,-2.7699750000000827,B
257,2025-09-15,2025-09-15 18:00:00,18,257,106,2025-09-15 18:00:00,2025-09-15 18:00:00,"[229, 230, 231, 232, 233, 234, 235, 236, 237, 238, 239, 240, 241, 242, 243, 244, 245, 246, 247, 248, 249, 250, 251, 252, 253, 254, 255, 256]","[215, 216, 217, 218, 219, 220, 221, 222, 223, 224, 225, 226, 227, 228]",107,144,10616.812313617867,14538.803210243703,14873.494511693223,False,keep_no_improvement_or_insufficient_history,0.015520530985668302,0.0,-27.473716666666633,B
258,2025-09-16,2025-09-16 06:00:00,6,258,34,2025-09-16 06:00:00,2025-09-16 06:00:00,"[230, 231, 232, 233, 234, 235, 236, 237, 238, 239, 240, 241, 242, 243, 244, 245, 246, 247, 248, 249, 250, 251, 252, 253, 254, 255, 256, 257]","[216, 217, 218, 219, 220, 221, 222, 223, 224, 225, 226, 227, 228, 229]",35,71,10108.572708981485,39980.552029383,31800.339754080687,True,heldout_improvement,0.03365955699700862,1.8189894035458565e-12,2.566812499999969,B
258,2025-09-16,2025-09-16 12:00:00,12,258,70,2025-09-16 12:00:00,2025-09-16 12:00:00,"[230, 231, 232, 233, 234, 235, 236, 237, 238, 239, 240, 241, 242, 243, 244, 245, 246, 247, 248, 249, 250, 251, 252, 253, 254, 255, 256, 257]","[216, 217, 218, 219, 220, 221, 222, 223, 224, 225, 226, 227, 228, 229]",71,107,8507.422619620502,28753.91146898802,28146.123920015078,True,heldout_improvement,0.02200500702019781,0.0,15.7271124999999,B
258,2025-09-16,2025-09-16 18:00:00,18,258,106,2025-09-16 18:00:00,2025-09-16 18:00:00,"[230, 231, 232, 233, 234, 235, 236, 237, 238, 239, 240, 241, 242, 243, 244, 245, 246, 247, 248, 249, 250, 251, 252, 253, 254, 255, 256, 257]","[216, 217, 218, 219, 220, 221, 222, 223, 224, 225, 226, 227, 228, 229]",107,144,10701.972007052467,16967.349668388528,16466.672752622897,True,heldout_improvement,0.015633041970431805,9.094947017729282e-13,7.701166666666722,B
259,2025-09-17,2025-09-17 06:00:00,6,259,34,2025-09-17 06:00:00,2025-09-17 06:00:00,"[231, 232, 233, 234, 235, 236, 237, 238, 239, 240, 241, 242, 243, 244, 245, 246, 247, 248, 249, 250, 251, 252, 253, 254, 255, 256, 257, 258]","[217, 218, 219, 220, 221, 222, 223, 224, 225, 226, 227, 228, 229, 230]",35,71,10791.566592592593,38351.57742634179,35663.00509897914,True,heldout_improvement,0.032660962955560535,2.7284841053187847e-12,2.321904166666627,B
259,2025-09-17,2025-09-17 12:00:00,12,259,70,2025-09-17 12:00:00,2025-09-17 12:00:00,"[231, 232, 233, 234, 235, 236, 237, 238, 239, 240, 241, 242, 243, 244, 245, 246, 247, 248, 249, 250, 251, 252, 253, 254, 255, 256, 257, 258]","[217, 218, 219, 220, 221, 222, 223, 224, 225, 226, 227, 228, 229, 230]",71,107,5461.907285976335,27051.372310790397,26990.32913175633,True,heldout_improvement,0.030186357034835964,3.637978807091713e-12,2.4033666666665945,B
259,2025-09-17,2025-09-17 18:00:00,18,259,106,2025-09-17 18:00:00,2025-09-17 18:00:00,"[231, 232, 233, 234, 235, 236, 237, 238, 239, 240, 241, 242, 243, 244, 245, 246, 247, 248, 249, 250, 251, 252, 253, 254, 255, 256, 257, 258]","[217, 218, 219, 220, 221, 222, 223, 224, 225, 226, 227, 228, 229, 230]",107,144,10779.194708203704,15924.354956353538,15748.941218363523,True,heldout_improvement,0.011453374987468123,4.547473508864641e-13,-8.847250000000031,B
260,2025-09-18,2025-09-18 06:00:00,6,260,34,2025-09-18 06:00:00,2025-09-18 06:00:00,"[232, 233, 234, 235, 236, 237, 238, 239, 240, 241, 242, 243, 244, 245, 246, 247, 248, 249, 250, 251, 252, 253, 254, 255, 256, 257, 258, 259]","[218, 219, 220, 221, 222, 223, 224, 225, 226, 227, 228, 229, 230, 231]",35,71,10800.0,40316.3057808681,34850.66232041078,True,heldout_improvement,0.022013043984770775,9.094947017729282e-13,-6.512541666666644,B
260,2025-09-18,2025-09-18 12:00:00,12,260,70,2025-09-18 12:00:00,2025-09-18 12:00:00,"[232, 233, 234, 235, 236, 237, 238, 239, 240, 241, 242, 243, 244, 245, 246, 247, 248, 249, 250, 251, 252, 253, 254, 255, 256, 257, 258, 259]","[218, 219, 220, 221, 222, 223, 224, 225, 226, 227, 228, 229, 230, 231]",71,107,7856.798766515397,28957.088508887307,27349.766662117014,True,heldout_improvement,0.02886479999870062,2.3874235921539366e-12,4.777712500000007,B
260,2025-09-18,2025-09-18 18:00:00,18,260,106,2025-09-18 18:00:00,2025-09-18 18:00:00,"[232, 233, 234, 235, 236, 237, 238, 239, 240, 241, 242, 243, 244, 245, 246, 247, 248, 249, 250, 251, 252, 253, 254, 255, 256, 257, 258, 259]","[218, 219, 220, 221, 222, 223, 224, 225, 226, 227, 228, 229, 230, 231]",107,144,10792.631734212962,17559.41323943496,16643.103998805294,True,heldout_improvement,0.011470848985482007,4.547473508864641e-13,12.678762500000099,B
261,2025-09-19,2025-09-19 06:00:00,6,261,34,2025-09-19 06:00:00,2025-09-19 06:00:00,"[233, 234, 235, 236, 237, 238, 239, 240, 241, 242, 243, 244, 245, 246, 247, 248, 249, 250, 251, 252, 253, 254, 255, 256, 257, 258, 259, 260]","[219, 220, 221, 222, 223, 224, 225, 226, 227, 228, 229, 230, 231, 232]",35,71,3977.8626086148884,19969.75583952924,19975.57829347405,False,keep_no_improvement_or_insufficient_history,0.014062986010685563,1.9326762412674725e-12,9.349833333333322,B
261,2025-09-19,2025-09-19 12:00:00,12,261,70,2025-09-19 12:00:00,2025-09-19 12:00:00,"[233, 234, 235, 236, 237, 238, 239, 240, 241, 242, 243, 244, 245, 246, 247, 248, 249, 250, 251, 252, 253, 254, 255, 256, 257, 258, 259, 260]","[219, 220, 221, 222, 223, 224, 225, 226, 227, 228, 229, 230, 231, 232]",71,107,10800.0,13380.615788676363,11744.676374011806,True,heldout_improvement,0.01237878599204123,2.7284841053187847e-12,0.41309999999994784,B
261,2025-09-19,2025-09-19 18:00:00,18,261,106,2025-09-19 18:00:00,2025-09-19 18:00:00,"[233, 234, 235, 236, 237, 238, 239, 240, 241, 242, 243, 244, 245, 246, 247, 248, 249, 250, 251, 252, 253, 254, 255, 256, 257, 258, 259, 260]","[219, 220, 221, 222, 223, 224, 225, 226, 227, 228, 229, 230, 231, 232]",107,144,10351.655682006178,10625.966770823787,8742.300065639984,True,heldout_improvement,0.015223964990582317,9.094947017729282e-13,5.307504166666641,B
262,2025-09-20,2025-09-20 06:00:00,6,262,34,2025-09-20 06:00:00,2025-09-20 06:00:00,"[234, 235, 236, 237, 238, 239, 240, 241, 242, 243, 244, 245, 246, 247, 248, 249, 250, 251, 252, 253, 254, 255, 256, 257, 258, 259, 260, 261]","[220, 221, 222, 223, 224, 225, 226, 227, 228, 229, 230, 231, 232, 233]",35,71,4773.568582017501,9478.439269238477,9478.439269238477,False,keep_no_improvement_or_insufficient_history,0.014843735960312188,1.8189894035458565e-12,-23.283266666666652,B
262,2025-09-20,2025-09-20 12:00:00,12,262,70,2025-09-20 12:00:00,2025-09-20 12:00:00,"[234, 235, 236, 237, 238, 239, 240, 241, 242, 243, 244, 245, 246, 247, 248, 249, 250, 251, 252, 253, 254, 255, 256, 257, 258, 259, 260, 261]","[220, 221, 222, 223, 224, 225, 226, 227, 228, 229, 230, 231, 232, 233]",71,107,10800.0,13082.850455054073,12307.85410837931,True,heldout_improvement,0.015248856041580439,1.8189894035458565e-12,11.190412500000017,B
262,2025-09-20,2025-09-20 18:00:00,18,262,106,2025-09-20 18:00:00,2025-09-20 18:00:00,"[234, 235, 236, 237, 238, 239, 240, 241, 242, 243, 244, 245, 246, 247, 248, 249, 250, 251, 252, 253, 254, 255, 256, 257, 258, 259, 260, 261]","[220, 221, 222, 223, 224, 225, 226, 227, 228, 229, 230, 231, 232, 233]",107,144,10605.274993070987,7686.453879999785,7590.20321438588,True,heldout_improvement,0.010618134983815253,4.547473508864641e-13,-8.44713333333334,B
263,2025-09-21,2025-09-21 06:00:00,6,263,34,2025-09-21 06:00:00,2025-09-21 06:00:00,"[235, 236, 237, 238, 239, 240, 241, 242, 243, 244, 245, 246, 247, 248, 249, 250, 251, 252, 253, 254, 255, 256, 257, 258, 259, 260, 261, 262]","[221, 222, 223, 224, 225, 226, 227, 228, 229, 230, 231, 232, 233, 234]",35,71,10761.061481481482,31135.730094048227,31332.209274057437,False,keep_no_improvement_or_insufficient_history,0.0341309150098823,1.8189894035458565e-12,-1.9983916666665964,B
263,2025-09-21,2025-09-21 12:00:00,12,263,70,2025-09-21 12:00:00,2025-09-21 12:00:00,"[235, 236, 237, 238, 239, 240, 241, 242, 243, 244, 245, 246, 247, 248, 249, 250, 251, 252, 253, 254, 255, 256, 257, 258, 259, 260, 261, 262]","[221, 222, 223, 224, 225, 226, 227, 228, 229, 230, 231, 232, 233, 234]",71,107,8399.345549907408,28480.97708306228,27809.77810441823,True,heldout_improvement,0.030548411014024168,1.8189894035458565e-12,0.14584583333324508,B
263,2025-09-21,2025-09-21 18:00:00,18,263,106,2025-09-21 18:00:00,2025-09-21 18:00:00,"[235, 236, 237, 238, 239, 240, 241, 242, 243, 244, 245, 246, 247, 248, 249, 250, 251, 252, 253, 254, 255, 256, 257, 258, 259, 260, 261, 262]","[221, 222, 223, 224, 225, 226, 227, 228, 229, 230, 231, 232, 233, 234]",107,144,10732.17536574207,19228.69037246861,17003.404864221677,True,heldout_improvement,0.013210055010858923,9.094947017729282e-13,14.73158333333337,B
264,2025-09-22,2025-09-22 06:00:00,6,264,34,2025-09-22 06:00:00,2025-09-22 06:00:00,"[236, 237, 238, 239, 240, 241, 242, 243, 244, 245, 246, 247, 248, 249, 250, 251, 252, 253, 254, 255, 256, 257, 258, 259, 260, 261, 262, 263]","[222, 223, 224, 225, 226, 227, 228, 229, 230, 231, 232, 233, 234, 235]",35,71,10800.0,32859.7669645734,32854.56404779896,True,heldout_improvement,0.03217817604308948,1.8189894035458565e-12,-5.894916666666707,B
264,2025-09-22,2025-09-22 12:00:00,12,264,70,2025-09-22 12:00:00,2025-09-22 12:00:00,"[236, 237, 238, 239, 240, 241, 242, 243, 244, 245, 246, 247, 248, 249, 250, 251, 252, 253, 254, 255, 256, 257, 258, 259, 260, 261, 262, 263]","[222, 223, 224, 225, 226, 227, 228, 229, 230, 231, 232, 233, 234, 235]",71,107,4549.887987920531,28528.94257177988,28670.345026377727,False,keep_no_improvement_or_insufficient_history,0.03797623602440581,3.637978807091713e-12,-8.098054166666694,B
264,2025-09-22,2025-09-22 18:00:00,18,264,106,2025-09-22 18:00:00,2025-09-22 18:00:00,"[236, 237, 238, 239, 240, 241, 242, 243, 244, 245, 246, 247, 248, 249, 250, 251, 252, 253, 254, 255, 256, 257, 258, 259, 260, 261, 262, 263]","[222, 223, 224, 225, 226, 227, 228, 229, 230, 231, 232, 233, 234, 235]",107,144,10450.568148976088,19955.707502095123,17031.759593986386,True,heldout_improvement,0.01434001000598073,4.547473508864641e-13,5.96250833333329,B
265,2025-09-23,2025-09-23 06:00:00,6,265,34,2025-09-23 06:00:00,2025-09-23 06:00:00,"[237, 238, 239, 240, 241, 242, 243, 244, 245, 246, 247, 248, 249, 250, 251, 252, 253, 254, 255, 256, 257, 258, 259, 260, 261, 262, 263, 264]","[223, 224, 225, 226, 227, 228, 229, 230, 231, 232, 233, 234, 235, 236]",35,71,10688.875284175272,37235.8077361018,36514.819613880325,True,heldout_improvement,0.026983499992638826,1.8189894035458565e-12,-7.628174999999979,B
265,2025-09-23,2025-09-23 12:00:00,12,265,70,2025-09-23 12:00:00,2025-09-23 12:00:00,"[237, 238, 239, 240, 241, 242, 243, 244, 245, 246, 247, 248, 249, 250, 251, 252, 253, 254, 255, 256, 257, 258, 259, 260, 261, 262, 263, 264]","[223, 224, 225, 226, 227, 228, 229, 230, 231, 232, 233, 234, 235, 236]",71,107,5695.758894391204,32002.56815399498,29769.01583878624,True,heldout_improvement,0.028089336992707103,1.8189894035458565e-12,1.2726208333334248,B
265,2025-09-23,2025-09-23 18:00:00,18,265,106,2025-09-23 18:00:00,2025-09-23 18:00:00,"[237, 238, 239, 240, 241, 242, 243, 244, 245, 246, 247, 248, 249, 250, 251, 252, 253, 254, 255, 256, 257, 258, 259, 260, 261, 262, 263, 264]","[223, 224, 225, 226, 227, 228, 229, 230, 231, 232, 233, 234, 235, 236]",107,144,10620.421456333337,19338.786172737524,17012.6691119057,True,heldout_improvement,0.012852274987380952,9.094947017729282e-13,9.938083333333376,B
266,2025-09-24,2025-09-24 06:00:00,6,266,34,2025-09-24 06:00:00,2025-09-24 06:00:00,"[238, 239, 240, 241, 242, 243, 244, 245, 246, 247, 248, 249, 250, 251, 252, 253, 254, 255, 256, 257, 258, 259, 260, 261, 262, 263, 264, 265]","[224, 225, 226, 227, 228, 229, 230, 231, 232, 233, 234, 235, 236, 237]",35,71,10539.60209563425,34011.80350713886,33934.453603395596,True,heldout_improvement,0.024871769011951983,1.8189894035458565e-12,21.912299999999995,B
266,2025-09-24,2025-09-24 12:00:00,12,266,70,2025-09-24 12:00:00,2025-09-24 12:00:00,"[238, 239, 240, 241, 242, 243, 244, 245, 246, 247, 248, 249, 250, 251, 252, 253, 254, 255, 256, 257, 258, 259, 260, 261, 262, 263, 264, 265]","[224, 225, 226, 227, 228, 229, 230, 231, 232, 233, 234, 235, 236, 237]",71,107,4752.683455781636,31441.328292111615,30859.87910993898,True,heldout_improvement,0.026944962970446795,1.8189894035458565e-12,19.018612500000017,B
266,2025-09-24,2025-09-24 18:00:00,18,266,106,2025-09-24 18:00:00,2025-09-24 18:00:00,"[238, 239, 240, 241, 242, 243, 244, 245, 246, 247, 248, 249, 250, 251, 252, 253, 254, 255, 256, 257, 258, 259, 260, 261, 262, 263, 264, 265]","[224, 225, 226, 227, 228, 229, 230, 231, 232, 233, 234, 235, 236, 237]",107,144,10792.234174382716,16311.166396546489,15798.05376651039,True,heldout_improvement,0.012538370036054403,9.094947017729282e-13,-1.3259874999999586,B
267,2025-09-25,2025-09-25 06:00:00,6,267,34,2025-09-25 06:00:00,2025-09-25 06:00:00,"[239, 240, 241, 242, 243, 244, 245, 246, 247, 248, 249, 250, 251, 252, 253, 254, 255, 256, 257, 258, 259, 260, 261, 262, 263, 264, 265, 266]","[225, 226, 227, 228, 229, 230, 231, 232, 233, 234, 235, 236, 237, 238]",35,71,10656.996461213717,33902.45600239338,32958.70261027258,True,heldout_improvement,0.033817030023783445,1.8189894035458565e-12,-8.195216666666662,B
267,2025-09-25,2025-09-25 12:00:00,12,267,70,2025-09-25 12:00:00,2025-09-25 12:00:00,"[239, 240, 241, 242, 243, 244, 245, 246, 247, 248, 249, 250, 251, 252, 253, 254, 255, 256, 257, 258, 259, 260, 261, 262, 263, 264, 265, 266]","[225, 226, 227, 228, 229, 230, 231, 232, 233, 234, 235, 236, 237, 238]",71,107,8150.374973991495,28328.720221583637,27837.768493605487,True,heldout_improvement,0.03752334095770493,5.6843418860808015e-12,-4.691683333333306,B
267,2025-09-25,2025-09-25 18:00:00,18,267,106,2025-09-25 18:00:00,2025-09-25 18:00:00,"[239, 240, 241, 242, 243, 244, 245, 246, 247, 248, 249, 250, 251, 252, 253, 254, 255, 256, 257, 258, 259, 260, 261, 262, 263, 264, 265, 266]","[225, 226, 227, 228, 229, 230, 231, 232, 233, 234, 235, 236, 237, 238]",107,144,10696.828133981482,15682.279881624037,15731.380103723865,False,keep_no_improvement_or_insufficient_history,0.023411335016135126,1.8189894035458565e-12,-16.816770833333443,B
268,2025-09-26,2025-09-26 06:00:00,6,268,34,2025-09-26 06:00:00,2025-09-26 06:00:00,"[240, 241, 242, 243, 244, 245, 246, 247, 248, 249, 250, 251, 252, 253, 254, 255, 256, 257, 258, 259, 260, 261, 262, 263, 264, 265, 266, 267]","[226, 227, 228, 229, 230, 231, 232, 233, 234, 235, 236, 237, 238, 239]",35,71,5246.7529909999985,10920.970018032078,10920.970018032078,False,keep_no_improvement_or_insufficient_history,0.038941310020163655,1.8189894035458565e-12,8.076033333333308,B
268,2025-09-26,2025-09-26 12:00:00,12,268,70,2025-09-26 12:00:00,2025-09-26 12:00:00,"[240, 241, 242, 243, 244, 245, 246, 247, 248, 249, 250, 251, 252, 253, 254, 255, 256, 257, 258, 259, 260, 261, 262, 263, 264, 265, 266, 267]","[226, 227, 228, 229, 230, 231, 232, 233, 234, 235, 236, 237, 238, 239]",71,107,10528.921470629628,9231.408197691668,10376.02163466676,False,keep_no_improvement_or_insufficient_history,0.04005978303030133,1.8189894035458565e-12,-16.440470833333315,B
268,2025-09-26,2025-09-26 18:00:00,18,268,106,2025-09-26 18:00:00,2025-09-26 18:00:00,"[240, 241, 242, 243, 244, 245, 246, 247, 248, 249, 250, 251, 252, 253, 254, 255, 256, 257, 258, 259, 260, 261, 262, 263, 264, 265, 266, 267]","[226, 227, 228, 229, 230, 231, 232, 233, 234, 235, 236, 237, 238, 239]",107,144,10682.171180382038,6783.926957969613,7458.742790929292,False,keep_no_improvement_or_insufficient_history,0.014815355010796338,9.094947017729282e-13,-11.481937499999995,B
269,2025-09-27,2025-09-27 06:00:00,6,269,34,2025-09-27 06:00:00,2025-09-27 06:00:00,"[241, 242, 243, 244, 245, 246, 247, 248, 249, 250, 251, 252, 253, 254, 255, 256, 257, 258, 259, 260, 261, 262, 263, 264, 265, 266, 267, 268]","[227, 228, 229, 230, 231, 232, 233, 234, 235, 236, 237, 238, 239, 240]",35,71,4411.381796111113,20536.91813791084,20524.723084560108,True,heldout_improvement,0.025732695998158306,1.2505552149377763e-12,14.441295833333317,B
269,2025-09-27,2025-09-27 12:00:00,12,269,70,2025-09-27 12:00:00,2025-09-27 12:00:00,"[241, 242, 243, 244, 245, 246, 247, 248, 249, 250, 251, 252, 253, 254, 255, 256, 257, 258, 259, 260, 261, 262, 263, 264, 265, 266, 267, 268]","[227, 228, 229, 230, 231, 232, 233, 234, 235, 236, 237, 238, 239, 240]",71,107,10800.0,13288.71978416649,12402.552515638348,True,heldout_improvement,0.01494875003118068,1.8189894035458565e-12,3.830012500000028,B
269,2025-09-27,2025-09-27 18:00:00,18,269,106,2025-09-27 18:00:00,2025-09-27 18:00:00,"[241, 242, 243, 244, 245, 246, 247, 248, 249, 250, 251, 252, 253, 254, 255, 256, 257, 258, 259, 260, 261, 262, 263, 264, 265, 266, 267, 268]","[227, 228, 229, 230, 231, 232, 233, 234, 235, 236, 237, 238, 239, 240]",107,144,10686.028248683644,8600.619688238217,7718.784045799976,True,heldout_improvement,0.010922929970547557,5.229594535194337e-12,-2.2459916666666686,B
270,2025-09-28,2025-09-28 06:00:00,6,270,34,2025-09-28 06:00:00,2025-09-28 06:00:00,"[242, 243, 244, 245, 246, 247, 248, 249, 250, 251, 252, 253, 254, 255, 256, 257, 258, 259, 260, 261, 262, 263, 264, 265, 266, 267, 268, 269]","[228, 229, 230, 231, 232, 233, 234, 235, 236, 237, 238, 239, 240, 241]",35,71,10566.791864669753,41981.34454231151,37876.80417883921,True,heldout_improvement,0.041683076007757336,1.8189894035458565e-12,-13.978520833333313,B
270,2025-09-28,2025-09-28 12:00:00,12,270,70,2025-09-28 12:00:00,2025-09-28 12:00:00,"[242, 243, 244, 245, 246, 247, 248, 249, 250, 251, 252, 253, 254, 255, 256, 257, 258, 259, 260, 261, 262, 263, 264, 265, 266, 267, 268, 269]","[228, 229, 230, 231, 232, 233, 234, 235, 236, 237, 238, 239, 240, 241]",71,107,8272.14809380247,29670.129516125307,29962.592194069606,False,keep_no_improvement_or_insufficient_history,0.028788618044927716,1.8189894035458565e-12,9.755666666666684,B
270,2025-09-28,2025-09-28 18:00:00,18,270,106,2025-09-28 18:00:00,2025-09-28 18:00:00,"[242, 243, 244, 245, 246, 247, 248, 249, 250, 251, 252, 253, 254, 255, 256, 257, 258, 259, 260, 261, 262, 263, 264, 265, 266, 267, 268, 269]","[228, 229, 230, 231, 232, 233, 234, 235, 236, 237, 238, 239, 240, 241]",107,144,10642.916751851852,15837.504834633477,15559.208044180112,True,heldout_improvement,0.01615919399773702,1.2391865311656147e-11,-14.796129166666635,B
271,2025-09-29,2025-09-29 06:00:00,6,271,34,2025-09-29 06:00:00,2025-09-29 06:00:00,"[243, 244, 245, 246, 247, 248, 249, 250, 251, 252, 253, 254, 255, 256, 257, 258, 259, 260, 261, 262, 263, 264, 265, 266, 267, 268, 269, 270]","[229, 230, 231, 232, 233, 234, 235, 236, 237, 238, 239, 240, 241, 242]",35,71,10516.843331064634,32841.54747889322,32249.61186086035,True,heldout_improvement,0.029488418018445373,6.252776074688882e-12,10.219487500000014,B
271,2025-09-29,2025-09-29 12:00:00,12,271,70,2025-09-29 12:00:00,2025-09-29 12:00:00,"[243, 244, 245, 246, 247, 248, 249, 250, 251, 252, 253, 254, 255, 256, 257, 258, 259, 260, 261, 262, 263, 264, 265, 266, 267, 268, 269, 270]","[229, 230, 231, 232, 233, 234, 235, 236, 237, 238, 239, 240, 241, 242]",71,107,3527.8518589776263,28877.91907618632,29680.821821116395,False,keep_no_improvement_or_insufficient_history,0.027913030004128814,1.8189894035458565e-12,-8.705462499999916,B
271,2025-09-29,2025-09-29 18:00:00,18,271,106,2025-09-29 18:00:00,2025-09-29 18:00:00,"[243, 244, 245, 246, 247, 248, 249, 250, 251, 252, 253, 254, 255, 256, 257, 258, 259, 260, 261, 262, 263, 264, 265, 266, 267, 268, 269, 270]","[229, 230, 231, 232, 233, 234, 235, 236, 237, 238, 239, 240, 241, 242]",107,144,10151.906548791514,21212.58792682002,17447.838646544194,True,heldout_improvement,0.012237101036589593,9.094947017729282e-13,7.97381249999997,B
272,2025-09-30,2025-09-30 06:00:00,6,272,34,2025-09-30 06:00:00,2025-09-30 06:00:00,"[244, 245, 246, 247, 248, 249, 250, 251, 252, 253, 254, 255, 256, 257, 258, 259, 260, 261, 262, 263, 264, 265, 266, 267, 268, 269, 270, 271]","[230, 231, 232, 233, 234, 235, 236, 237, 238, 239, 240, 241, 242, 243]",35,71,10717.841064778962,36838.018820658515,36834.24191660022,True,heldout_improvement,0.03766649804310873,3.637978807091713e-12,-2.014233333333285,B
272,2025-09-30,2025-09-30 12:00:00,12,272,70,2025-09-30 12:00:00,2025-09-30 12:00:00,"[244, 245, 246, 247, 248, 249, 250, 251, 252, 253, 254, 255, 256, 257, 258, 259, 260, 261, 262, 263, 264, 265, 266, 267, 268, 269, 270, 271]","[230, 231, 232, 233, 234, 235, 236, 237, 238, 239, 240, 241, 242, 243]",71,107,5293.945991704478,35635.73735219175,30684.96757308449,True,heldout_improvement,0.02740851603448391,1.8189894035458565e-12,-6.257795833333299,B
272,2025-09-30,2025-09-30 18:00:00,18,272,106,2025-09-30 18:00:00,2025-09-30 18:00:00,"[244, 245, 246, 247, 248, 249, 250, 251, 252, 253, 254, 255, 256, 257, 258, 259, 260, 261, 262, 263, 264, 265, 266, 267, 268, 269, 270, 271]","[230, 231, 232, 233, 234, 235, 236, 237, 238, 239, 240, 241, 242, 243]",107,144,10728.105485528118,14924.18470388566,15637.361734327207,False,keep_no_improvement_or_insufficient_history,0.012508798972703516,2.2737367544323206e-13,-22.111033333333275,B
273,2025-10-01,2025-10-01 06:00:00,6,273,34,2025-10-01 06:00:00,2025-10-01 06:00:00,"[245, 246, 247, 248, 249, 250, 251, 252, 253, 254, 255, 256, 257, 258, 259, 260, 261, 262, 263, 264, 265, 266, 267, 268, 269, 270, 271, 272]","[231, 232, 233, 234, 235, 236, 237, 238, 239, 240, 241, 242, 243, 244]",35,71,10800.0,32939.444032151965,31630.23395771964,True,heldout_improvement,0.03987804497592151,1.8189894035458565e-12,3.381612499999998,B
273,2025-10-01,2025-10-01 12:00:00,12,273,70,2025-10-01 12:00:00,2025-10-01 12:00:00,"[245, 246, 247, 248, 249, 250, 251, 252, 253, 254, 255, 256, 257, 258, 259, 260, 261, 262, 263, 264, 265, 266, 267, 268, 269, 270, 271, 272]","[231, 232, 233, 234, 235, 236, 237, 238, 239, 240, 241, 242, 243, 244]",71,107,8422.528313302473,26362.061498925814,26775.132884469356,False,keep_no_improvement_or_insufficient_history,0.040940990031231195,2.5011104298755527e-12,-16.07107083333335,B
273,2025-10-01,2025-10-01 18:00:00,18,273,106,2025-10-01 18:00:00,2025-10-01 18:00:00,"[245, 246, 247, 248, 249, 250, 251, 252, 253, 254, 255, 256, 257, 258, 259, 260, 261, 262, 263, 264, 265, 266, 267, 268, 269, 270, 271, 272]","[231, 232, 233, 234, 235, 236, 237, 238, 239, 240, 241, 242, 243, 244]",107,144,10800.0,13492.953519554538,14413.336680735854,False,keep_no_improvement_or_insufficient_history,0.011680777999572456,1.9539925233402755e-12,-51.55708333333329,B
274,2025-10-02,2025-10-02 06:00:00,6,274,34,2025-10-02 06:00:00,2025-10-02 06:00:00,"[246, 247, 248, 249, 250, 251, 252, 253, 254, 255, 256, 257, 258, 259, 260, 261, 262, 263, 264, 265, 266, 267, 268, 269, 270, 271, 272, 273]","[232, 233, 234, 235, 236, 237, 238, 239, 240, 241, 242, 243, 244, 245]",35,71,10376.371264259262,28943.750560999928,28763.94156828817,True,heldout_improvement,0.024769438023213297,1.8189894035458565e-12,-9.673670833333327,B
274,2025-10-02,2025-10-02 12:00:00,12,274,70,2025-10-02 12:00:00,2025-10-02 12:00:00,"[246, 247, 248, 249, 250, 251, 252, 253, 254, 255, 256, 257, 258, 259, 260, 261, 262, 263, 264, 265, 266, 267, 268, 269, 270, 271, 272, 273]","[232, 233, 234, 235, 236, 237, 238, 239, 240, 241, 242, 243, 244, 245]",71,107,5557.095413784726,27202.728713666136,26581.982598907005,True,heldout_improvement,0.020505685009993613,3.637978807091713e-12,10.214758333333368,B
274,2025-10-02,2025-10-02 18:00:00,18,274,106,2025-10-02 18:00:00,2025-10-02 18:00:00,"[246, 247, 248, 249, 250, 251, 252, 253, 254, 255, 256, 257, 258, 259, 260, 261, 262, 263, 264, 265, 266, 267, 268, 269, 270, 271, 272, 273]","[232, 233, 234, 235, 236, 237, 238, 239, 240, 241, 242, 243, 244, 245]",107,144,10743.452980863425,14080.403381977389,15081.42864836462,False,keep_no_improvement_or_insufficient_history,0.012697697035036981,9.094947017729282e-13,-43.64661250000002,B
275,2025-10-03,2025-10-03 06:00:00,6,275,34,2025-10-03 06:00:00,2025-10-03 06:00:00,"[247, 248, 249, 250, 251, 252, 253, 254, 255, 256, 257, 258, 259, 260, 261, 262, 263, 264, 265, 266, 267, 268, 269, 270, 271, 272, 273, 274]","[233, 234, 235, 236, 237, 238, 239, 240, 241, 242, 243, 244, 245, 246]",35,71,4921.877923871808,8727.947826866395,8727.947826866395,False,keep_no_improvement_or_insufficient_history,0.03130255301948637,9.231371222995222e-11,-6.40631250000005,B
275,2025-10-03,2025-10-03 12:00:00,12,275,70,2025-10-03 12:00:00,2025-10-03 12:00:00,"[247, 248, 249, 250, 251, 252, 253, 254, 255, 256, 257, 258, 259, 260, 261, 262, 263, 264, 265, 266, 267, 268, 269, 270, 271, 272, 273, 274]","[233, 234, 235, 236, 237, 238, 239, 240, 241, 242, 243, 244, 245, 246]",71,107,10800.0,8683.200121000575,9067.61053347492,False,keep_no_improvement_or_insufficient_history,0.01224299002205953,1.8189894035458565e-12,0.9598999999999857,B
275,2025-10-03,2025-10-03 18:00:00,18,275,106,2025-10-03 18:00:00,2025-10-03 18:00:00,"[247, 248, 249, 250, 251, 252, 253, 254, 255, 256, 257, 258, 259, 260, 261, 262, 263, 264, 265, 266, 267, 268, 269, 270, 271, 272, 273, 274]","[233, 234, 235, 236, 237, 238, 239, 240, 241, 242, 243, 244, 245, 246]",107,144,10800.0,5171.852448699699,5994.544520509617,False,keep_no_improvement_or_insufficient_history,0.011709717975463718,1.6484591469634324e-12,-49.22160833333335,B
276,2025-10-04,2025-10-04 06:00:00,6,276,34,2025-10-04 06:00:00,2025-10-04 06:00:00,"[248, 249, 250, 251, 252, 253, 254, 255, 256, 257, 258, 259, 260, 261, 262, 263, 264, 265, 266, 267, 268, 269, 270, 271, 272, 273, 274, 275]","[234, 235, 236, 237, 238, 239, 240, 241, 242, 243, 244, 245, 246, 247]",35,71,5218.676018240743,12144.55079766671,12144.55079766671,False,keep_no_improvement_or_insufficient_history,0.053954541974235326,1.8189894035458565e-12,19.21793333333331,B
276,2025-10-04,2025-10-04 12:00:00,12,276,70,2025-10-04 12:00:00,2025-10-04 12:00:00,"[248, 249, 250, 251, 252, 253, 254, 255, 256, 257, 258, 259, 260, 261, 262, 263, 264, 265, 266, 267, 268, 269, 270, 271, 272, 273, 274, 275]","[234, 235, 236, 237, 238, 239, 240, 241, 242, 243, 244, 245, 246, 247]",71,107,10800.0,8746.363327658042,9074.068799146213,False,keep_no_improvement_or_insufficient_history,0.01576565799769014,9.094947017729282e-13,-3.9328999999999796,B
276,2025-10-04,2025-10-04 18:00:00,18,276,106,2025-10-04 18:00:00,2025-10-04 18:00:00,"[248, 249, 250, 251, 252, 253, 254, 255, 256, 257, 258, 259, 260, 261, 262, 263, 264, 265, 266, 267, 268, 269, 270, 271, 272, 273, 274, 275]","[234, 235, 236, 237, 238, 239, 240, 241, 242, 243, 244, 245, 246, 247]",107,144,10800.0,5047.100879130632,5522.090076393707,False,keep_no_improvement_or_insufficient_history,0.02042548602912575,1.5347723092418164e-12,-72.12437916666666,B
277,2025-10-05,2025-10-05 06:00:00,6,277,34,2025-10-05 06:00:00,2025-10-05 06:00:00,"[249, 250, 251, 252, 253, 254, 255, 256, 257, 258, 259, 260, 261, 262, 263, 264, 265, 266, 267, 268, 269, 270, 271, 272, 273, 274, 275, 276]","[235, 236, 237, 238, 239, 240, 241, 242, 243, 244, 245, 246, 247, 248]",35,71,10335.42059696297,27843.710088816322,28130.05685486965,False,keep_no_improvement_or_insufficient_history,0.03647286497289315,5.9117155615240335e-12,-0.3506041666666609,B
277,2025-10-05,2025-10-05 12:00:00,12,277,70,2025-10-05 12:00:00,2025-10-05 12:00:00,"[249, 250, 251, 252, 253, 254, 255, 256, 257, 258, 259, 260, 261, 262, 263, 264, 265, 266, 267, 268, 269, 270, 271, 272, 273, 274, 275, 276]","[235, 236, 237, 238, 239, 240, 241, 242, 243, 244, 245, 246, 247, 248]",71,107,6749.553919641838,24744.622603371474,24599.7011608158,True,heldout_improvement,0.03091134800342843,1.8189894035458565e-12,-13.733283333333247,B
277,2025-10-05,2025-10-05 18:00:00,18,277,106,2025-10-05 18:00:00,2025-10-05 18:00:00,"[249, 250, 251, 252, 253, 254, 255, 256, 257, 258, 259, 260, 261, 262, 263, 264, 265, 266, 267, 268, 269, 270, 271, 272, 273, 274, 275, 276]","[235, 236, 237, 238, 239, 240, 241, 242, 243, 244, 245, 246, 247, 248]",107,144,10371.87639479734,13781.600522730283,15043.705651117456,False,keep_no_improvement_or_insufficient_history,0.015489653975237161,6.980371836107224e-11,-49.53032916666666,B
278,2025-10-06,2025-10-06 06:00:00,6,278,34,2025-10-06 06:00:00,2025-10-06 06:00:00,"[250, 251, 252, 253, 254, 255, 256, 257, 258, 259, 260, 261, 262, 263, 264, 265, 266, 267, 268, 269, 270, 271, 272, 273, 274, 275, 276, 277]","[236, 237, 238, 239, 240, 241, 242, 243, 244, 245, 246, 247, 248, 249]",35,71,10385.24527407512,29064.282384549904,28304.42850020846,True,heldout_improvement,0.03848810598719865,3.296918293926865e-12,2.8924500000000153,B
278,2025-10-06,2025-10-06 12:00:00,12,278,70,2025-10-06 12:00:00,2025-10-06 12:00:00,"[250, 251, 252, 253, 254, 255, 256, 257, 258, 259, 260, 261, 262, 263, 264, 265, 266, 267, 268, 269, 270, 271, 272, 273, 274, 275, 276, 277]","[236, 237, 238, 239, 240, 241, 242, 243, 244, 245, 246, 247, 248, 249]",71,107,6546.858077864979,25931.30298269602,25985.775474550286,False,keep_no_improvement_or_insufficient_history,0.026995902007911354,4.990852175978944e-11,14.635554166666603,B
278,2025-10-06,2025-10-06 18:00:00,18,278,106,2025-10-06 18:00:00,2025-10-06 18:00:00,"[250, 251, 252, 253, 254, 255, 256, 257, 258, 259, 260, 261, 262, 263, 264, 265, 266, 267, 268, 269, 270, 271, 272, 273, 274, 275, 276, 277]","[236, 237, 238, 239, 240, 241, 242, 243, 244, 245, 246, 247, 248, 249]",107,144,10800.0,13595.397181788936,14771.515701948225,False,keep_no_improvement_or_insufficient_history,0.012891760969068855,1.8189894035458565e-12,-55.24291666666666,B
279,2025-10-07,2025-10-07 06:00:00,6,279,34,2025-10-07 06:00:00,2025-10-07 06:00:00,"[251, 252, 253, 254, 255, 256, 257, 258, 259, 260, 261, 262, 263, 264, 265, 266, 267, 268, 269, 270, 271, 272, 273, 274, 275, 276, 277, 278]","[237, 238, 239, 240, 241, 242, 243, 244, 245, 246, 247, 248, 249, 250]",35,71,10794.858342592592,26918.930728109455,26924.598597331827,False,keep_no_improvement_or_insufficient_history,0.036450754036195576,1.8189894035458565e-12,-7.6679000000000315,B
279,2025-10-07,2025-10-07 12:00:00,12,279,70,2025-10-07 12:00:00,2025-10-07 12:00:00,"[251, 252, 253, 254, 255, 256, 257, 258, 259, 260, 261, 262, 263, 264, 265, 266, 267, 268, 269, 270, 271, 272, 273, 274, 275, 276, 277, 278]","[237, 238, 239, 240, 241, 242, 243, 244, 245, 246, 247, 248, 249, 250]",71,107,4142.299481333334,27568.974586353193,26658.176156349913,True,heldout_improvement,0.03790095401927829,2.7284841053187847e-12,2.8523416666666126,B
279,2025-10-07,2025-10-07 18:00:00,18,279,106,2025-10-07 18:00:00,2025-10-07 18:00:00,"[251, 252, 253, 254, 255, 256, 257, 258, 259, 260, 261, 262, 263, 264, 265, 266, 267, 268, 269, 270, 271, 272, 273, 274, 275, 276, 277, 278]","[237, 238, 239, 240, 241, 242, 243, 244, 245, 246, 247, 248, 249, 250]",107,144,10800.0,13811.90570829059,14892.360363754467,False,keep_no_improvement_or_insufficient_history,0.017151126987300813,3.637978807091713e-12,-51.54278333333332,B
280,2025-10-08,2025-10-08 06:00:00,6,280,34,2025-10-08 06:00:00,2025-10-08 06:00:00,"[252, 253, 254, 255, 256, 257, 258, 259, 260, 261, 262, 263, 264, 265, 266, 267, 268, 269, 270, 271, 272, 273, 274, 275, 276, 277, 278, 279]","[238, 239, 240, 241, 242, 243, 244, 245, 246, 247, 248, 249, 250, 251]",35,71,9907.763917530534,25882.707932295383,25828.041257860405,True,heldout_improvement,0.02476713602663949,1.8189894035458565e-12,-4.440049999999966,B
280,2025-10-08,2025-10-08 12:00:00,12,280,70,2025-10-08 12:00:00,2025-10-08 12:00:00,"[252, 253, 254, 255, 256, 257, 258, 259, 260, 261, 262, 263, 264, 265, 266, 267, 268, 269, 270, 271, 272, 273, 274, 275, 276, 277, 278, 279]","[238, 239, 240, 241, 242, 243, 244, 245, 246, 247, 248, 249, 250, 251]",71,107,4462.653195,23456.40445672187,23457.928022815326,False,keep_no_improvement_or_insufficient_history,0.02740100200753659,1.8189894035458565e-12,-3.4233124999999895,B
280,2025-10-08,2025-10-08 18:00:00,18,280,106,2025-10-08 18:00:00,2025-10-08 18:00:00,"[252, 253, 254, 255, 256, 257, 258, 259, 260, 261, 262, 263, 264, 265, 266, 267, 268, 269, 270, 271, 272, 273, 274, 275, 276, 277, 278, 279]","[238, 239, 240, 241, 242, 243, 244, 245, 246, 247, 248, 249, 250, 251]",107,144,10768.437564814814,12463.88702898336,13763.688711155337,False,keep_no_improvement_or_insufficient_history,0.010652560973539948,9.094947017729282e-13,-32.894400000000054,B
281,2025-10-09,2025-10-09 06:00:00,6,281,34,2025-10-09 06:00:00,2025-10-09 06:00:00,"[253, 254, 255, 256, 257, 258, 259, 260, 261, 262, 263, 264, 265, 266, 267, 268, 269, 270, 271, 272, 273, 274, 275, 276, 277, 278, 279, 280]","[239, 240, 241, 242, 243, 244, 245, 246, 247, 248, 249, 250, 251, 252]",35,71,10676.611405814807,25698.12697623123,25892.03260949809,False,keep_no_improvement_or_insufficient_history,0.04113251098897308,1.8189894035458565e-12,2.3690749999999525,B
281,2025-10-09,2025-10-09 12:00:00,12,281,70,2025-10-09 12:00:00,2025-10-09 12:00:00,"[253, 254, 255, 256, 257, 258, 259, 260, 261, 262, 263, 264, 265, 266, 267, 268, 269, 270, 271, 272, 273, 274, 275, 276, 277, 278, 279, 280]","[239, 240, 241, 242, 243, 244, 245, 246, 247, 248, 249, 250, 251, 252]",71,107,5766.322792750101,23492.06284901975,23071.772360175655,True,heldout_improvement,0.03435612301109359,9.094947017729282e-13,-3.003658333333381,B
281,2025-10-09,2025-10-09 18:00:00,18,281,106,2025-10-09 18:00:00,2025-10-09 18:00:00,"[253, 254, 255, 256, 257, 258, 259, 260, 261, 262, 263, 264, 265, 266, 267, 268, 269, 270, 271, 272, 273, 274, 275, 276, 277, 278, 279, 280]","[239, 240, 241, 242, 243, 244, 245, 246, 247, 248, 249, 250, 251, 252]",107,144,10114.534096302408,14676.964411280618,14526.121115250728,True,heldout_improvement,0.013182913011405617,4.547473508864641e-13,-15.50961666666664,B
282,2025-10-10,2025-10-10 06:00:00,6,282,34,2025-10-10 06:00:00,2025-10-10 06:00:00,"[254, 255, 256, 257, 258, 259, 260, 261, 262, 263, 264, 265, 266, 267, 268, 269, 270, 271, 272, 273, 274, 275, 276, 277, 278, 279, 280, 281]","[240, 241, 242, 243, 244, 245, 246, 247, 248, 249, 250, 251, 252, 253]",35,71,4396.02352163184,8084.947956606106,7519.328256765659,True,heldout_improvement,0.014042031951248646,1.8189894035458565e-12,-12.822012499999989,B
282,2025-10-10,2025-10-10 12:00:00,12,282,70,2025-10-10 12:00:00,2025-10-10 12:00:00,"[254, 255, 256, 257, 258, 259, 260, 261, 262, 263, 264, 265, 266, 267, 268, 269, 270, 271, 272, 273, 274, 275, 276, 277, 278, 279, 280, 281]","[240, 241, 242, 243, 244, 245, 246, 247, 248, 249, 250, 251, 252, 253]",71,107,10800.0,6951.702417646836,6989.906265872662,False,keep_no_improvement_or_insufficient_history,0.014002830022946,4.547473508864641e-13,5.59177083333327,B
282,2025-10-10,2025-10-10 18:00:00,18,282,106,2025-10-10 18:00:00,2025-10-10 18:00:00,"[254, 255, 256, 257, 258, 259, 260, 261, 262, 263, 264, 265, 266, 267, 268, 269, 270, 271, 272, 273, 274, 275, 276, 277, 278, 279, 280, 281]","[240, 241, 242, 243, 244, 245, 246, 247, 248, 249, 250, 251, 252, 253]",107,144,10311.45742108485,7715.677059992595,6681.959552374564,True,heldout_improvement,0.013775446044746786,4.547473508864641e-13,1.0590749999999691,B
283,2025-10-11,2025-10-11 06:00:00,6,283,34,2025-10-11 06:00:00,2025-10-11 06:00:00,"[255, 256, 257, 258, 259, 260, 261, 262, 263, 264, 265, 266, 267, 268, 269, 270, 271, 272, 273, 274, 275, 276, 277, 278, 279, 280, 281, 282]","[241, 242, 243, 244, 245, 246, 247, 248, 249, 250, 251, 252, 253, 254]",35,71,5897.659152349066,7023.205474293062,7023.205474293062,False,keep_no_improvement_or_insufficient_history,0.02565202198456973,0.0,-17.48185833333328,B
283,2025-10-11,2025-10-11 12:00:00,12,283,70,2025-10-11 12:00:00,2025-10-11 12:00:00,"[255, 256, 257, 258, 259, 260, 261, 262, 263, 264, 265, 266, 267, 268, 269, 270, 271, 272, 273, 274, 275, 276, 277, 278, 279, 280, 281, 282]","[241, 242, 243, 244, 245, 246, 247, 248, 249, 250, 251, 252, 253, 254]",71,107,10800.0,7031.781315206133,7129.243819619515,False,keep_no_improvement_or_insufficient_history,0.015576455043628812,1.8189894035458565e-12,-6.485437500000026,B
283,2025-10-11,2025-10-11 18:00:00,18,283,106,2025-10-11 18:00:00,2025-10-11 18:00:00,"[255, 256, 257, 258, 259, 260, 261, 262, 263, 264, 265, 266, 267, 268, 269, 270, 271, 272, 273, 274, 275, 276, 277, 278, 279, 280, 281, 282]","[241, 242, 243, 244, 245, 246, 247, 248, 249, 250, 251, 252, 253, 254]",107,144,10726.421842555555,4770.753002137369,5554.179385966369,False,keep_no_improvement_or_insufficient_history,0.015289937029592693,0.0,-23.868708333333338,B
284,2025-10-12,2025-10-12 06:00:00,6,284,34,2025-10-12 06:00:00,2025-10-12 06:00:00,"[256, 257, 258, 259, 260, 261, 262, 263, 264, 265, 266, 267, 268, 269, 270, 271, 272, 273, 274, 275, 276, 277, 278, 279, 280, 281, 282, 283]","[242, 243, 244, 245, 246, 247, 248, 249, 250, 251, 252, 253, 254, 255]",35,71,10707.264148185182,26611.59692203346,26833.942886251614,False,keep_no_improvement_or_insufficient_history,0.034394814050756395,1.8189894035458565e-12,-13.40910416666664,B
284,2025-10-12,2025-10-12 12:00:00,12,284,70,2025-10-12 12:00:00,2025-10-12 12:00:00,"[256, 257, 258, 259, 260, 261, 262, 263, 264, 265, 266, 267, 268, 269, 270, 271, 272, 273, 274, 275, 276, 277, 278, 279, 280, 281, 282, 283]","[242, 243, 244, 245, 246, 247, 248, 249, 250, 251, 252, 253, 254, 255]",71,107,6179.701135370368,23111.942003756063,22659.494895122047,True,heldout_improvement,0.031954362988471985,5.4569682106375694e-12,-2.4594583333334112,B
284,2025-10-12,2025-10-12 18:00:00,18,284,106,2025-10-12 18:00:00,2025-10-12 18:00:00,"[256, 257, 258, 259, 260, 261, 262, 263, 264, 265, 266, 267, 268, 269, 270, 271, 272, 273, 274, 275, 276, 277, 278, 279, 280, 281, 282, 283]","[242, 243, 244, 245, 246, 247, 248, 249, 250, 251, 252, 253, 254, 255]",107,144,9940.883920118371,15416.997394643482,14436.457257175023,True,heldout_improvement,0.01612080296035856,4.547473508864641e-13,-20.8280833333334,B
285,2025-10-13,2025-10-13 06:00:00,6,285,34,2025-10-13 06:00:00,2025-10-13 06:00:00,"[257, 258, 259, 260, 261, 262, 263, 264, 265, 266, 267, 268, 269, 270, 271, 272, 273, 274, 275, 276, 277, 278, 279, 280, 281, 282, 283, 284]","[243, 244, 245, 246, 247, 248, 249, 250, 251, 252, 253, 254, 255, 256]",35,71,10090.863328791975,25675.74583674105,26412.403134414406,False,keep_no_improvement_or_insufficient_history,0.028206581017002463,6.366462912410498e-12,0.06151666666661049,B
285,2025-10-13,2025-10-13 12:00:00,12,285,70,2025-10-13 12:00:00,2025-10-13 12:00:00,"[257, 258, 259, 260, 261, 262, 263, 264, 265, 266, 267, 268, 269, 270, 271, 272, 273, 274, 275, 276, 277, 278, 279, 280, 281, 282, 283, 284]","[243, 244, 245, 246, 247, 248, 249, 250, 251, 252, 253, 254, 255, 256]",71,107,6156.926055710291,23152.209095660895,22472.327589622288,True,heldout_improvement,0.0298264020239003,1.3642420526593924e-11,1.4701208333334155,B
285,2025-10-13,2025-10-13 18:00:00,18,285,106,2025-10-13 18:00:00,2025-10-13 18:00:00,"[257, 258, 259, 260, 261, 262, 263, 264, 265, 266, 267, 268, 269, 270, 271, 272, 273, 274, 275, 276, 277, 278, 279, 280, 281, 282, 283, 284]","[243, 244, 245, 246, 247, 248, 249, 250, 251, 252, 253, 254, 255, 256]",107,144,10083.427475442548,14273.176369622739,14145.302792982007,True,heldout_improvement,0.014785473991651088,1.4779288903810084e-12,-27.053037499999995,B
286,2025-10-14,2025-10-14 06:00:00,6,286,34,2025-10-14 06:00:00,2025-10-14 06:00:00,"[258, 259, 260, 261, 262, 263, 264, 265, 266, 267, 268, 269, 270, 271, 272, 273, 274, 275, 276, 277, 278, 279, 280, 281, 282, 283, 284, 285]","[244, 245, 246, 247, 248, 249, 250, 251, 252, 253, 254, 255, 256, 257]",35,71,9882.824884319665,29912.612178772248,27663.94999232791,True,heldout_improvement,0.027012559992726892,3.183231456205249e-12,4.9840250000000115,B
286,2025-10-14,2025-10-14 12:00:00,12,286,70,2025-10-14 12:00:00,2025-10-14 12:00:00,"[258, 259, 260, 261, 262, 263, 264, 265, 266, 267, 268, 269, 270, 271, 272, 273, 274, 275, 276, 277, 278, 279, 280, 281, 282, 283, 284, 285]","[244, 245, 246, 247, 248, 249, 250, 251, 252, 253, 254, 255, 256, 257]",71,107,3782.764095000001,24945.138622234044,25720.689652886827,False,keep_no_improvement_or_insufficient_history,0.032563840970396996,5.684341886080802e-14,7.330416666666754,B
286,2025-10-14,2025-10-14 18:00:00,18,286,106,2025-10-14 18:00:00,2025-10-14 18:00:00,"[258, 259, 260, 261, 262, 263, 264, 265, 266, 267, 268, 269, 270, 271, 272, 273, 274, 275, 276, 277, 278, 279, 280, 281, 282, 283, 284, 285]","[244, 245, 246, 247, 248, 249, 250, 251, 252, 253, 254, 255, 256, 257]",107,144,9442.675372925925,19326.534789358157,15754.301963377971,True,heldout_improvement,0.011229066003579646,0.0,-20.196666666666637,B
287,2025-10-15,2025-10-15 06:00:00,6,287,34,2025-10-15 06:00:00,2025-10-15 06:00:00,"[259, 260, 261, 262, 263, 264, 265, 266, 267, 268, 269, 270, 271, 272, 273, 274, 275, 276, 277, 278, 279, 280, 281, 282, 283, 284, 285, 286]","[245, 246, 247, 248, 249, 250, 251, 252, 253, 254, 255, 256, 257, 258]",35,71,10334.884092401242,26582.58379768849,26745.97544572687,False,keep_no_improvement_or_insufficient_history,0.033704760018736124,1.8189894035458565e-12,5.613575000000006,B
287,2025-10-15,2025-10-15 12:00:00,12,287,70,2025-10-15 12:00:00,2025-10-15 12:00:00,"[259, 260, 261, 262, 263, 264, 265, 266, 267, 268, 269, 270, 271, 272, 273, 274, 275, 276, 277, 278, 279, 280, 281, 282, 283, 284, 285, 286]","[245, 246, 247, 248, 249, 250, 251, 252, 253, 254, 255, 256, 257, 258]",71,107,4814.337773401239,22681.734141585486,23000.83588545841,False,keep_no_improvement_or_insufficient_history,0.028445806994568557,1.8189894035458565e-12,-8.475129166666648,B
287,2025-10-15,2025-10-15 18:00:00,18,287,106,2025-10-15 18:00:00,2025-10-15 18:00:00,"[259, 260, 261, 262, 263, 264, 265, 266, 267, 268, 269, 270, 271, 272, 273, 274, 275, 276, 277, 278, 279, 280, 281, 282, 283, 284, 285, 286]","[245, 246, 247, 248, 249, 250, 251, 252, 253, 254, 255, 256, 257, 258]",107,144,9411.20969693828,18484.81903332612,14596.528402180602,True,heldout_improvement,0.014149594004265964,2.2737367544323206e-13,-12.222220833333267,B
288,2025-10-16,2025-10-16 06:00:00,6,288,34,2025-10-16 06:00:00,2025-10-16 06:00:00,"[260, 261, 262, 263, 264, 265, 266, 267, 268, 269, 270, 271, 272, 273, 274, 275, 276, 277, 278, 279, 280, 281, 282, 283, 284, 285, 286, 287]","[246, 247, 248, 249, 250, 251, 252, 253, 254, 255, 256, 257, 258, 259]",35,71,10506.38962214815,31860.591419225093,30652.2327896934,True,heldout_improvement,0.031308698002249,1.8189894035458565e-12,5.341249999999983,B
288,2025-10-16,2025-10-16 12:00:00,12,288,70,2025-10-16 12:00:00,2025-10-16 12:00:00,"[260, 261, 262, 263, 264, 265, 266, 267, 268, 269, 270, 271, 272, 273, 274, 275, 276, 277, 278, 279, 280, 281, 282, 283, 284, 285, 286, 287]","[246, 247, 248, 249, 250, 251, 252, 253, 254, 255, 256, 257, 258, 259]",71,107,7055.512716628854,23377.916646059286,23280.849416839454,True,heldout_improvement,0.040572775003965944,1.8189894035458565e-12,0.680912499999901,B
288,2025-10-16,2025-10-16 18:00:00,18,288,106,2025-10-16 18:00:00,2025-10-16 18:00:00,"[260, 261, 262, 263, 264, 265, 266, 267, 268, 269, 270, 271, 272, 273, 274, 275, 276, 277, 278, 279, 280, 281, 282, 283, 284, 285, 286, 287]","[246, 247, 248, 249, 250, 251, 252, 253, 254, 255, 256, 257, 258, 259]",107,144,10127.306808371017,14290.590536964286,13603.244468479448,True,heldout_improvement,0.014227995998226106,4.547473508864641e-13,-5.786408333333384,B
289,2025-10-17,2025-10-17 06:00:00,6,289,34,2025-10-17 06:00:00,2025-10-17 06:00:00,"[261, 262, 263, 264, 265, 266, 267, 268, 269, 270, 271, 272, 273, 274, 275, 276, 277, 278, 279, 280, 281, 282, 283, 284, 285, 286, 287, 288]","[247, 248, 249, 250, 251, 252, 253, 254, 255, 256, 257, 258, 259, 260]",35,71,5751.511832129628,6395.696085695308,6395.696085695308,False,keep_no_improvement_or_insufficient_history,0.026145292969886214,1.8189894035458565e-12,1.9578875000000455,B
289,2025-10-17,2025-10-17 12:00:00,12,289,70,2025-10-17 12:00:00,2025-10-17 12:00:00,"[261, 262, 263, 264, 265, 266, 267, 268, 269, 270, 271, 272, 273, 274, 275, 276, 277, 278, 279, 280, 281, 282, 283, 284, 285, 286, 287, 288]","[247, 248, 249, 250, 251, 252, 253, 254, 255, 256, 257, 258, 259, 260]",71,107,10800.0,6350.903040026885,6440.993986066108,False,keep_no_improvement_or_insufficient_history,0.016505211999174207,2.7284841053187847e-12,8.020500000000007,B
289,2025-10-17,2025-10-17 18:00:00,18,289,106,2025-10-17 18:00:00,2025-10-17 18:00:00,"[261, 262, 263, 264, 265, 266, 267, 268, 269, 270, 271, 272, 273, 274, 275, 276, 277, 278, 279, 280, 281, 282, 283, 284, 285, 286, 287, 288]","[247, 248, 249, 250, 251, 252, 253, 254, 255, 256, 257, 258, 259, 260]",107,144,10439.65812327778,4277.484906207779,4314.97417935591,False,keep_no_improvement_or_insufficient_history,0.01293253799667582,0.0,-6.872770833333334,B
290,2025-10-18,2025-10-18 06:00:00,6,290,34,2025-10-18 06:00:00,2025-10-18 06:00:00,"[262, 263, 264, 265, 266, 267, 268, 269, 270, 271, 272, 273, 274, 275, 276, 277, 278, 279, 280, 281, 282, 283, 284, 285, 286, 287, 288, 289]","[248, 249, 250, 251, 252, 253, 254, 255, 256, 257, 258, 259, 260, 261]",35,71,5986.47036490741,7030.953730197299,7030.953730197299,False,keep_no_improvement_or_insufficient_history,0.02336617704713717,1.8189894035458565e-12,-2.1154749999999845,B
290,2025-10-18,2025-10-18 12:00:00,12,290,70,2025-10-18 12:00:00,2025-10-18 12:00:00,"[262, 263, 264, 265, 266, 267, 268, 269, 270, 271, 272, 273, 274, 275, 276, 277, 278, 279, 280, 281, 282, 283, 284, 285, 286, 287, 288, 289]","[248, 249, 250, 251, 252, 253, 254, 255, 256, 257, 258, 259, 260, 261]",71,107,10800.0,6982.23117176902,6915.872244989456,True,heldout_improvement,0.016357293992768973,7.139533408917487e-11,3.400416666666653,B
290,2025-10-18,2025-10-18 18:00:00,18,290,106,2025-10-18 18:00:00,2025-10-18 18:00:00,"[262, 263, 264, 265, 266, 267, 268, 269, 270, 271, 272, 273, 274, 275, 276, 277, 278, 279, 280, 281, 282, 283, 284, 285, 286, 287, 288, 289]","[248, 249, 250, 251, 252, 253, 254, 255, 256, 257, 258, 259, 260, 261]",107,144,10037.946432734412,7445.635320151291,5995.099611880424,True,heldout_improvement,0.011458769964519888,1.8189894035458565e-12,12.481258333333319,B
291,2025-10-19,2025-10-19 06:00:00,6,291,34,2025-10-19 06:00:00,2025-10-19 06:00:00,"[263, 264, 265, 266, 267, 268, 269, 270, 271, 272, 273, 274, 275, 276, 277, 278, 279, 280, 281, 282, 283, 284, 285, 286, 287, 288, 289, 290]","[249, 250, 251, 252, 253, 254, 255, 256, 257, 258, 259, 260, 261, 262]",35,71,10723.962926754626,32746.219962299336,31866.271656660847,True,heldout_improvement,0.024260987993329763,1.8189894035458565e-12,5.0337166666666535,B
291,2025-10-19,2025-10-19 12:00:00,12,291,70,2025-10-19 12:00:00,2025-10-19 12:00:00,"[263, 264, 265, 266, 267, 268, 269, 270, 271, 272, 273, 274, 275, 276, 277, 278, 279, 280, 281, 282, 283, 284, 285, 286, 287, 288, 289, 290]","[249, 250, 251, 252, 253, 254, 255, 256, 257, 258, 259, 260, 261, 262]",71,107,6637.788267258487,24305.79992657471,23802.55825985719,True,heldout_improvement,0.025801032956223935,1.8189894035458565e-12,-6.363749999999982,B
291,2025-10-19,2025-10-19 18:00:00,18,291,106,2025-10-19 18:00:00,2025-10-19 18:00:00,"[263, 264, 265, 266, 267, 268, 269, 270, 271, 272, 273, 274, 275, 276, 277, 278, 279, 280, 281, 282, 283, 284, 285, 286, 287, 288, 289, 290]","[249, 250, 251, 252, 253, 254, 255, 256, 257, 258, 259, 260, 261, 262]",107,144,9755.171935635331,17171.68172648576,14194.30042992089,True,heldout_improvement,0.013982507982291281,2.2737367544323206e-13,-1.6214333333333948,B
292,2025-10-20,2025-10-20 06:00:00,6,292,34,2025-10-20 06:00:00,2025-10-20 06:00:00,"[264, 265, 266, 267, 268, 269, 270, 271, 272, 273, 274, 275, 276, 277, 278, 279, 280, 281, 282, 283, 284, 285, 286, 287, 288, 289, 290, 291]","[250, 251, 252, 253, 254, 255, 256, 257, 258, 259, 260, 261, 262, 263]",35,71,10526.602367307873,34115.95078474911,32019.3720930605,True,heldout_improvement,0.02208183502079919,1.8189894035458565e-12,-5.28723750000006,B
292,2025-10-20,2025-10-20 12:00:00,12,292,70,2025-10-20 12:00:00,2025-10-20 12:00:00,"[264, 265, 266, 267, 268, 269, 270, 271, 272, 273, 274, 275, 276, 277, 278, 279, 280, 281, 282, 283, 284, 285, 286, 287, 288, 289, 290, 291]","[250, 251, 252, 253, 254, 255, 256, 257, 258, 259, 260, 261, 262, 263]",71,107,6324.779484901232,24178.1729670085,23811.90165250203,True,heldout_improvement,0.024086328980047256,1.8189894035458565e-12,-2.574108333333394,B
292,2025-10-20,2025-10-20 18:00:00,18,292,106,2025-10-20 18:00:00,2025-10-20 18:00:00,"[264, 265, 266, 267, 268, 269, 270, 271, 272, 273, 274, 275, 276, 277, 278, 279, 280, 281, 282, 283, 284, 285, 286, 287, 288, 289, 290, 291]","[250, 251, 252, 253, 254, 255, 256, 257, 258, 259, 260, 261, 262, 263]",107,144,10555.819043571759,12992.933637425871,12836.434394901802,True,heldout_improvement,0.014985146000981331,0.0,-1.5601000000000718,B
293,2025-10-21,2025-10-21 06:00:00,6,293,34,2025-10-21 06:00:00,2025-10-21 06:00:00,"[265, 266, 267, 268, 269, 270, 271, 272, 273, 274, 275, 276, 277, 278, 279, 280, 281, 282, 283, 284, 285, 286, 287, 288, 289, 290, 291, 292]","[251, 252, 253, 254, 255, 256, 257, 258, 259, 260, 261, 262, 263, 264]",35,71,10413.028932623463,39732.541203627494,34665.50449900764,True,heldout_improvement,0.03285614197375253,1.8189894035458565e-12,10.709320833333283,B
293,2025-10-21,2025-10-21 12:00:00,12,293,70,2025-10-21 12:00:00,2025-10-21 12:00:00,"[265, 266, 267, 268, 269, 270, 271, 272, 273, 274, 275, 276, 277, 278, 279, 280, 281, 282, 283, 284, 285, 286, 287, 288, 289, 290, 291, 292]","[251, 252, 253, 254, 255, 256, 257, 258, 259, 260, 261, 262, 263, 264]",71,107,7384.939295722226,25009.532992533088,24698.480075342442,True,heldout_improvement,0.03290473000379279,1.8189894035458565e-12,4.93327916666658,B
293,2025-10-21,2025-10-21 18:00:00,18,293,106,2025-10-21 18:00:00,2025-10-21 18:00:00,"[265, 266, 267, 268, 269, 270, 271, 272, 273, 274, 275, 276, 277, 278, 279, 280, 281, 282, 283, 284, 285, 286, 287, 288, 289, 290, 291, 292]","[251, 252, 253, 254, 255, 256, 257, 258, 259, 260, 261, 262, 263, 264]",107,144,10572.908313203017,13222.233600145542,12951.75518037783,True,heldout_improvement,0.012577972956933081,9.094947017729282e-13,6.135854166666603,B
294,2025-10-22,2025-10-22 06:00:00,6,294,34,2025-10-22 06:00:00,2025-10-22 06:00:00,"[266, 267, 268, 269, 270, 271, 272, 273, 274, 275, 276, 277, 278, 279, 280, 281, 282, 283, 284, 285, 286, 287, 288, 289, 290, 291, 292, 293]","[252, 253, 254, 255, 256, 257, 258, 259, 260, 261, 262, 263, 264, 265]",35,71,10781.639777777778,31838.95799700352,31563.84294936701,True,heldout_improvement,0.03394479100825265,1.8189894035458565e-12,5.833333333333371,B
294,2025-10-22,2025-10-22 12:00:00,12,294,70,2025-10-22 12:00:00,2025-10-22 12:00:00,"[266, 267, 268, 269, 270, 271, 272, 273, 274, 275, 276, 277, 278, 279, 280, 281, 282, 283, 284, 285, 286, 287, 288, 289, 290, 291, 292, 293]","[252, 253, 254, 255, 256, 257, 258, 259, 260, 261, 262, 263, 264, 265]",71,107,4084.874913078803,28657.845302056718,26106.759318885765,True,heldout_improvement,0.041483565990347415,1.8189894035458565e-12,7.282862499999965,B
294,2025-10-22,2025-10-22 18:00:00,18,294,106,2025-10-22 18:00:00,2025-10-22 18:00:00,"[266, 267, 268, 269, 270, 271, 272, 273, 274, 275, 276, 277, 278, 279, 280, 281, 282, 283, 284, 285, 286, 287, 288, 289, 290, 291, 292, 293]","[252, 253, 254, 255, 256, 257, 258, 259, 260, 261, 262, 263, 264, 265]",107,144,10800.0,12538.772130980378,12473.070658101778,True,heldout_improvement,0.015951781999319792,1.8189894035458565e-12,3.374962499999962,B
295,2025-10-23,2025-10-23 06:00:00,6,295,34,2025-10-23 06:00:00,2025-10-23 06:00:00,"[267, 268, 269, 270, 271, 272, 273, 274, 275, 276, 277, 278, 279, 280, 281, 282, 283, 284, 285, 286, 287, 288, 289, 290, 291, 292, 293, 294]","[253, 254, 255, 256, 257, 258, 259, 260, 261, 262, 263, 264, 265, 266]",35,71,10800.0,30049.30687439703,29518.53085738551,True,heldout_improvement,0.0297058520372957,1.8189894035458565e-12,-1.796275000000037,B
295,2025-10-23,2025-10-23 12:00:00,12,295,70,2025-10-23 12:00:00,2025-10-23 12:00:00,"[267, 268, 269, 270, 271, 272, 273, 274, 275, 276, 277, 278, 279, 280, 281, 282, 283, 284, 285, 286, 287, 288, 289, 290, 291, 292, 293, 294]","[253, 254, 255, 256, 257, 258, 259, 260, 261, 262, 263, 264, 265, 266]",71,107,4095.743404969138,26620.965259843306,25247.385000258208,True,heldout_improvement,0.03398381097940728,9.755682778528856e-13,-8.01742083333329,B
295,2025-10-23,2025-10-23 18:00:00,18,295,106,2025-10-23 18:00:00,2025-10-23 18:00:00,"[267, 268, 269, 270, 271, 272, 273, 274, 275, 276, 277, 278, 279, 280, 281, 282, 283, 284, 285, 286, 287, 288, 289, 290, 291, 292, 293, 294]","[253, 254, 255, 256, 257, 258, 259, 260, 261, 262, 263, 264, 265, 266]",107,144,10172.951501469472,14915.050869373377,13405.317576946474,True,heldout_improvement,0.011854100041091442,4.547473508864641e-13,-0.4791666666666667,B
296,2025-10-24,2025-10-24 06:00:00,6,296,34,2025-10-24 06:00:00,2025-10-24 06:00:00,"[268, 269, 270, 271, 272, 273, 274, 275, 276, 277, 278, 279, 280, 281, 282, 283, 284, 285, 286, 287, 288, 289, 290, 291, 292, 293, 294, 295]","[254, 255, 256, 257, 258, 259, 260, 261, 262, 263, 264, 265, 266, 267]",35,71,6089.7729886850675,8387.169813535384,8387.169813535384,False,keep_no_improvement_or_insufficient_history,0.024833622970618308,1.8189894035458565e-12,5.567637500000008,B
296,2025-10-24,2025-10-24 12:00:00,12,296,70,2025-10-24 12:00:00,2025-10-24 12:00:00,"[268, 269, 270, 271, 272, 273, 274, 275, 276, 277, 278, 279, 280, 281, 282, 283, 284, 285, 286, 287, 288, 289, 290, 291, 292, 293, 294, 295]","[254, 255, 256, 257, 258, 259, 260, 261, 262, 263, 264, 265, 266, 267]",71,107,10561.254292018402,7083.43101076226,7229.821964616373,False,keep_no_improvement_or_insufficient_history,0.018899658985901624,8.401457307627425e-11,-5.871066666666668,B
296,2025-10-24,2025-10-24 18:00:00,18,296,106,2025-10-24 18:00:00,2025-10-24 18:00:00,"[268, 269, 270, 271, 272, 273, 274, 275, 276, 277, 278, 279, 280, 281, 282, 283, 284, 285, 286, 287, 288, 289, 290, 291, 292, 293, 294, 295]","[254, 255, 256, 257, 258, 259, 260, 261, 262, 263, 264, 265, 266, 267]",107,144,10327.194603518517,4851.977951313442,4792.238040832752,True,heldout_improvement,0.014644624025095254,0.0,2.0510750000000444,B
297,2025-10-25,2025-10-25 06:00:00,6,297,34,2025-10-25 06:00:00,2025-10-25 06:00:00,"[269, 270, 271, 272, 273, 274, 275, 276, 277, 278, 279, 280, 281, 282, 283, 284, 285, 286, 287, 288, 289, 290, 291, 292, 293, 294, 295, 296]","[255, 256, 257, 258, 259, 260, 261, 262, 263, 264, 265, 266, 267, 268]",35,71,6596.7238536263885,7549.525973635425,7549.525973635425,False,keep_no_improvement_or_insufficient_history,0.02482295298250392,1.8189894035458565e-12,-5.257424999999974,B
297,2025-10-25,2025-10-25 12:00:00,12,297,70,2025-10-25 12:00:00,2025-10-25 12:00:00,"[269, 270, 271, 272, 273, 274, 275, 276, 277, 278, 279, 280, 281, 282, 283, 284, 285, 286, 287, 288, 289, 290, 291, 292, 293, 294, 295, 296]","[255, 256, 257, 258, 259, 260, 261, 262, 263, 264, 265, 266, 267, 268]",71,107,10800.0,7566.055896417373,7612.112865208089,False,keep_no_improvement_or_insufficient_history,0.012520149000920355,1.8189894035458565e-12,-3.9848375000000256,B
297,2025-10-25,2025-10-25 18:00:00,18,297,106,2025-10-25 18:00:00,2025-10-25 18:00:00,"[269, 270, 271, 272, 273, 274, 275, 276, 277, 278, 279, 280, 281, 282, 283, 284, 285, 286, 287, 288, 289, 290, 291, 292, 293, 294, 295, 296]","[255, 256, 257, 258, 259, 260, 261, 262, 263, 264, 265, 266, 267, 268]",107,144,10592.62077340741,4203.259497617999,4207.018989987931,False,keep_no_improvement_or_insufficient_history,0.011960205971263349,0.0,-1.8853249999999662,B
298,2025-10-26,2025-10-26 06:00:00,6,298,34,2025-10-26 06:00:00,2025-10-26 06:00:00,"[270, 271, 272, 273, 274, 275, 276, 277, 278, 279, 280, 281, 282, 283, 284, 285, 286, 287, 288, 289, 290, 291, 292, 293, 294, 295, 296, 297]","[256, 257, 258, 259, 260, 261, 262, 263, 264, 265, 266, 267, 268, 269]",35,71,10420.400019296303,30366.146635286488,30004.445265460563,True,heldout_improvement,0.029356873012147844,1.8189894035458565e-12,4.019937499999969,B
298,2025-10-26,2025-10-26 12:00:00,12,298,70,2025-10-26 12:00:00,2025-10-26 12:00:00,"[270, 271, 272, 273, 274, 275, 276, 277, 278, 279, 280, 281, 282, 283, 284, 285, 286, 287, 288, 289, 290, 291, 292, 293, 294, 295, 296, 297]","[256, 257, 258, 259, 260, 261, 262, 263, 264, 265, 266, 267, 268, 269]",71,107,4755.129896024657,26183.626084232434,25492.706719877315,True,heldout_improvement,0.02917642198735848,1.8189894035458565e-12,-6.996650000000045,B
298,2025-10-26,2025-10-26 18:00:00,18,298,106,2025-10-26 18:00:00,2025-10-26 18:00:00,"[270, 271, 272, 273, 274, 275, 276, 277, 278, 279, 280, 281, 282, 283, 284, 285, 286, 287, 288, 289, 290, 291, 292, 293, 294, 295, 296, 297]","[256, 257, 258, 259, 260, 261, 262, 263, 264, 265, 266, 267, 268, 269]",107,144,10349.49473793344,14627.271938378779,13594.274446173773,True,heldout_improvement,0.012526327045634389,2.2737367544323206e-13,4.472483333333381,B
299,2025-10-27,2025-10-27 06:00:00,6,299,34,2025-10-27 06:00:00,2025-10-27 06:00:00,"[271, 272, 273, 274, 275, 276, 277, 278, 279, 280, 281, 282, 283, 284, 285, 286, 287, 288, 289, 290, 291, 292, 293, 294, 295, 296, 297, 298]","[257, 258, 259, 260, 261, 262, 263, 264, 265, 266, 267, 268, 269, 270]",35,71,10461.84347515159,34199.41020442212,33914.39734401391,True,heldout_improvement,0.019917483965400606,1.8189894035458565e-12,-0.9407416666666298,B
299,2025-10-27,2025-10-27 12:00:00,12,299,70,2025-10-27 12:00:00,2025-10-27 12:00:00,"[271, 272, 273, 274, 275, 276, 277, 278, 279, 280, 281, 282, 283, 284, 285, 286, 287, 288, 289, 290, 291, 292, 293, 294, 295, 296, 297, 298]","[257, 258, 259, 260, 261, 262, 263, 264, 265, 266, 267, 268, 269, 270]",71,107,7934.545170595683,28350.522554408668,26082.200522381867,True,heldout_improvement,0.03322191198822111,1.4779288903810084e-12,4.5854041666667245,B
299,2025-10-27,2025-10-27 18:00:00,18,299,106,2025-10-27 18:00:00,2025-10-27 18:00:00,"[271, 272, 273, 274, 275, 276, 277, 278, 279, 280, 281, 282, 283, 284, 285, 286, 287, 288, 289, 290, 291, 292, 293, 294, 295, 296, 297, 298]","[257, 258, 259, 260, 261, 262, 263, 264, 265, 266, 267, 268, 269, 270]",107,144,10773.92665621018,12667.326749963875,12724.394902199285,False,keep_no_improvement_or_insufficient_history,0.012224082020111382,9.094947017729282e-13,0.6868374999999864,B
300,2025-10-28,2025-10-28 06:00:00,6,300,34,2025-10-28 06:00:00,2025-10-28 06:00:00,"[272, 273, 274, 275, 276, 277, 278, 279, 280, 281, 282, 283, 284, 285, 286, 287, 288, 289, 290, 291, 292, 293, 294, 295, 296, 297, 298, 299]","[258, 259, 260, 261, 262, 263, 264, 265, 266, 267, 268, 269, 270, 271]",35,71,10750.990855875909,30453.99831504103,30465.02364295148,False,keep_no_improvement_or_insufficient_history,0.04016362503170967,2.7284841053187847e-12,-13.099387500000034,B
300,2025-10-28,2025-10-28 12:00:00,12,300,70,2025-10-28 12:00:00,2025-10-28 12:00:00,"[272, 273, 274, 275, 276, 277, 278, 279, 280, 281, 282, 283, 284, 285, 286, 287, 288, 289, 290, 291, 292, 293, 294, 295, 296, 297, 298, 299]","[258, 259, 260, 261, 262, 263, 264, 265, 266, 267, 268, 269, 270, 271]",71,107,6526.690455552553,25048.021566374937,25343.66123976808,False,keep_no_improvement_or_insufficient_history,0.03802100697066635,1.8189894035458565e-12,-10.817058333333307,B
300,2025-10-28,2025-10-28 18:00:00,18,300,106,2025-10-28 18:00:00,2025-10-28 18:00:00,"[272, 273, 274, 275, 276, 277, 278, 279, 280, 281, 282, 283, 284, 285, 286, 287, 288, 289, 290, 291, 292, 293, 294, 295, 296, 297, 298, 299]","[258, 259, 260, 261, 262, 263, 264, 265, 266, 267, 268, 269, 270, 271]",107,144,10800.0,12388.998364567236,12377.145647276338,True,heldout_improvement,0.012011039012577385,1.3358203432289883e-12,7.459312499999972,B
301,2025-10-29,2025-10-29 06:00:00,6,301,34,2025-10-29 06:00:00,2025-10-29 06:00:00,"[273, 274, 275, 276, 277, 278, 279, 280, 281, 282, 283, 284, 285, 286, 287, 288, 289, 290, 291, 292, 293, 294, 295, 296, 297, 298, 299, 300]","[259, 260, 261, 262, 263, 264, 265, 266, 267, 268, 269, 270, 271, 272]",35,71,10800.0,45386.65436042175,36485.33942627789,True,heldout_improvement,0.02029527199920267,1.8189894035458565e-12,6.5778458333333365,B
301,2025-10-29,2025-10-29 12:00:00,12,301,70,2025-10-29 12:00:00,2025-10-29 12:00:00,"[273, 274, 275, 276, 277, 278, 279, 280, 281, 282, 283, 284, 285, 286, 287, 288, 289, 290, 291, 292, 293, 294, 295, 296, 297, 298, 299, 300]","[259, 260, 261, 262, 263, 264, 265, 266, 267, 268, 269, 270, 271, 272]",71,107,8691.503891494607,26394.979318825113,26127.61528112193,True,heldout_improvement,0.10936609900090843,1.8189894035458565e-12,12.448641666666616,B
301,2025-10-29,2025-10-29 18:00:00,18,301,106,2025-10-29 18:00:00,2025-10-29 18:00:00,"[273, 274, 275, 276, 277, 278, 279, 280, 281, 282, 283, 284, 285, 286, 287, 288, 289, 290, 291, 292, 293, 294, 295, 296, 297, 298, 299, 300]","[259, 260, 261, 262, 263, 264, 265, 266, 267, 268, 269, 270, 271, 272]",107,144,10800.0,12441.141808826174,12435.094885819533,True,heldout_improvement,0.011697017995174974,1.8332002582610585e-12,7.554575000000037,B
302,2025-10-30,2025-10-30 06:00:00,6,302,34,2025-10-30 06:00:00,2025-10-30 06:00:00,"[274, 275, 276, 277, 278, 279, 280, 281, 282, 283, 284, 285, 286, 287, 288, 289, 290, 291, 292, 293, 294, 295, 296, 297, 298, 299, 300, 301]","[260, 261, 262, 263, 264, 265, 266, 267, 268, 269, 270, 271, 272, 273]",35,71,10800.0,31627.54724971885,30838.604502786628,True,heldout_improvement,0.03420655900845304,3.637978807091713e-12,-8.248504166666672,B
302,2025-10-30,2025-10-30 12:00:00,12,302,70,2025-10-30 12:00:00,2025-10-30 12:00:00,"[274, 275, 276, 277, 278, 279, 280, 281, 282, 283, 284, 285, 286, 287, 288, 289, 290, 291, 292, 293, 294, 295, 296, 297, 298, 299, 300, 301]","[260, 261, 262, 263, 264, 265, 266, 267, 268, 269, 270, 271, 272, 273]",71,107,4333.8927571924305,26976.784998068644,26416.631237335478,True,heldout_improvement,0.02927413600264117,1.8189894035458565e-12,-2.6391083333333727,B
302,2025-10-30,2025-10-30 18:00:00,18,302,106,2025-10-30 18:00:00,2025-10-30 18:00:00,"[274, 275, 276, 277, 278, 279, 280, 281, 282, 283, 284, 285, 286, 287, 288, 289, 290, 291, 292, 293, 294, 295, 296, 297, 298, 299, 300, 301]","[260, 261, 262, 263, 264, 265, 266, 267, 268, 269, 270, 271, 272, 273]",107,144,10724.408155132598,12450.15538531705,12399.867153084719,True,heldout_improvement,0.014128806011285633,4.547473508864641e-13,2.794879166666609,B
303,2025-10-31,2025-10-31 06:00:00,6,303,34,2025-10-31 06:00:00,2025-10-31 06:00:00,"[275, 276, 277, 278, 279, 280, 281, 282, 283, 284, 285, 286, 287, 288, 289, 290, 291, 292, 293, 294, 295, 296, 297, 298, 299, 300, 301, 302]","[261, 262, 263, 264, 265, 266, 267, 268, 269, 270, 271, 272, 273, 274]",35,71,6712.313418098056,8459.401983383246,8459.401983383246,False,keep_no_improvement_or_insufficient_history,0.05992105102632195,1.8189894035458565e-12,5.196633333333352,B
303,2025-10-31,2025-10-31 12:00:00,12,303,70,2025-10-31 12:00:00,2025-10-31 12:00:00,"[275, 276, 277, 278, 279, 280, 281, 282, 283, 284, 285, 286, 287, 288, 289, 290, 291, 292, 293, 294, 295, 296, 297, 298, 299, 300, 301, 302]","[261, 262, 263, 264, 265, 266, 267, 268, 269, 270, 271, 272, 273, 274]",71,107,8779.762352357317,8199.562383055576,8278.234136832782,False,keep_no_improvement_or_insufficient_history,0.036746578000020236,1.8189894035458565e-12,-0.5699166666666997,B
303,2025-10-31,2025-10-31 18:00:00,18,303,106,2025-10-31 18:00:00,2025-10-31 18:00:00,"[275, 276, 277, 278, 279, 280, 281, 282, 283, 284, 285, 286, 287, 288, 289, 290, 291, 292, 293, 294, 295, 296, 297, 298, 299, 300, 301, 302]","[261, 262, 263, 264, 265, 266, 267, 268, 269, 270, 271, 272, 273, 274]",107,144,10563.742349851855,3893.9092389780267,3876.8156339402954,True,heldout_improvement,0.014798889984376729,0.0,-16.30378333333336,B
304,2025-11-01,2025-11-01 06:00:00,6,304,34,2025-11-01 06:00:00,2025-11-01 06:00:00,"[276, 277, 278, 279, 280, 281, 282, 283, 284, 285, 286, 287, 288, 289, 290, 291, 292, 293, 294, 295, 296, 297, 298, 299, 300, 301, 302, 303]","[262, 263, 264, 265, 266, 267, 268, 269, 270, 271, 272, 273, 274, 275]",35,71,6130.1108011481465,8076.8135801556655,8068.741605947324,True,heldout_improvement,0.023411388974636793,2.0463630789890885e-12,-0.8013625000000197,B
304,2025-11-01,2025-11-01 12:00:00,12,304,70,2025-11-01 12:00:00,2025-11-01 12:00:00,"[276, 277, 278, 279, 280, 281, 282, 283, 284, 285, 286, 287, 288, 289, 290, 291, 292, 293, 294, 295, 296, 297, 298, 299, 300, 301, 302, 303]","[262, 263, 264, 265, 266, 267, 268, 269, 270, 271, 272, 273, 274, 275]",71,107,9248.556234475309,8020.070645874127,8024.091521175988,False,keep_no_improvement_or_insufficient_history,0.033294786990154535,1.8189894035458565e-12,5.964445833333343,B
304,2025-11-01,2025-11-01 18:00:00,18,304,106,2025-11-01 18:00:00,2025-11-01 18:00:00,"[276, 277, 278, 279, 280, 281, 282, 283, 284, 285, 286, 287, 288, 289, 290, 291, 292, 293, 294, 295, 296, 297, 298, 299, 300, 301, 302, 303]","[262, 263, 264, 265, 266, 267, 268, 269, 270, 271, 272, 273, 274, 275]",107,144,10473.279594018515,4444.240419627467,4490.7645865726545,False,keep_no_improvement_or_insufficient_history,0.012182531005237252,2.2737367544323206e-13,7.005975000000034,B
305,2025-11-02,2025-11-02 06:00:00,6,305,34,2025-11-02 06:00:00,2025-11-02 06:00:00,"[277, 278, 279, 280, 281, 282, 283, 284, 285, 286, 287, 288, 289, 290, 291, 292, 293, 294, 295, 296, 297, 298, 299, 300, 301, 302, 303, 304]","[263, 264, 265, 266, 267, 268, 269, 270, 271, 272, 273, 274, 275, 276]",35,71,10546.257226657102,37204.50103310866,36952.62906318732,True,heldout_improvement,0.029766031017061323,3.637978807091713e-12,-3.8502791666666853,B
305,2025-11-02,2025-11-02 12:00:00,12,305,70,2025-11-02 12:00:00,2025-11-02 12:00:00,"[277, 278, 279, 280, 281, 282, 283, 284, 285, 286, 287, 288, 289, 290, 291, 292, 293, 294, 295, 296, 297, 298, 299, 300, 301, 302, 303, 304]","[263, 264, 265, 266, 267, 268, 269, 270, 271, 272, 273, 274, 275, 276]",71,107,7020.62576803858,26068.599638486343,26052.453944522196,True,heldout_improvement,0.04175064596347511,1.8189894035458565e-12,-1.2450000000000423,B
305,2025-11-02,2025-11-02 18:00:00,18,305,106,2025-11-02 18:00:00,2025-11-02 18:00:00,"[277, 278, 279, 280, 281, 282, 283, 284, 285, 286, 287, 288, 289, 290, 291, 292, 293, 294, 295, 296, 297, 298, 299, 300, 301, 302, 303, 304]","[263, 264, 265, 266, 267, 268, 269, 270, 271, 272, 273, 274, 275, 276]",107,144,10668.837664346433,11826.060412310335,11988.991387135045,False,keep_no_improvement_or_insufficient_history,0.012983213004190475,4.547473508864641e-13,-7.585441666666687,B
306,2025-11-03,2025-11-03 06:00:00,6,306,34,2025-11-03 06:00:00,2025-11-03 06:00:00,"[278, 279, 280, 281, 282, 283, 284, 285, 286, 287, 288, 289, 290, 291, 292, 293, 294, 295, 296, 297, 298, 299, 300, 301, 302, 303, 304, 305]","[264, 265, 266, 267, 268, 269, 270, 271, 272, 273, 274, 275, 276, 277]",35,71,10308.374079655367,34760.83195479463,34532.738160904024,True,heldout_improvement,0.023576106992550194,1.8189894035458565e-12,3.925170833333292,B
306,2025-11-03,2025-11-03 12:00:00,12,306,70,2025-11-03 12:00:00,2025-11-03 12:00:00,"[278, 279, 280, 281, 282, 283, 284, 285, 286, 287, 288, 289, 290, 291, 292, 293, 294, 295, 296, 297, 298, 299, 300, 301, 302, 303, 304, 305]","[264, 265, 266, 267, 268, 269, 270, 271, 272, 273, 274, 275, 276, 277]",71,107,7394.883558290898,26145.522985006355,25999.19707846121,True,heldout_improvement,0.016299679002258927,1.8189894035458565e-12,-2.296883333333426,B
306,2025-11-03,2025-11-03 18:00:00,18,306,106,2025-11-03 18:00:00,2025-11-03 18:00:00,"[278, 279, 280, 281, 282, 283, 284, 285, 286, 287, 288, 289, 290, 291, 292, 293, 294, 295, 296, 297, 298, 299, 300, 301, 302, 303, 304, 305]","[264, 265, 266, 267, 268, 269, 270, 271, 272, 273, 274, 275, 276, 277]",107,144,10586.569860068645,13158.131864728513,12840.477577588888,True,heldout_improvement,0.012132492964155972,9.094947017729282e-13,8.115824999999933,B
307,2025-11-04,2025-11-04 06:00:00,6,307,34,2025-11-04 06:00:00,2025-11-04 06:00:00,"[279, 280, 281, 282, 283, 284, 285, 286, 287, 288, 289, 290, 291, 292, 293, 294, 295, 296, 297, 298, 299, 300, 301, 302, 303, 304, 305, 306]","[265, 266, 267, 268, 269, 270, 271, 272, 273, 274, 275, 276, 277, 278]",35,71,10785.224866333643,32464.484401290487,32549.871242762438,False,keep_no_improvement_or_insufficient_history,0.036779406014829874,1.8189894035458565e-12,-1.8570833333333212,B
307,2025-11-04,2025-11-04 12:00:00,12,307,70,2025-11-04 12:00:00,2025-11-04 12:00:00,"[279, 280, 281, 282, 283, 284, 285, 286, 287, 288, 289, 290, 291, 292, 293, 294, 295, 296, 297, 298, 299, 300, 301, 302, 303, 304, 305, 306]","[265, 266, 267, 268, 269, 270, 271, 272, 273, 274, 275, 276, 277, 278]",71,107,7663.711734259568,24636.984942133473,23942.837702421413,True,heldout_improvement,0.028149523946922272,3.637978807091713e-12,-26.4627624999999,B
307,2025-11-04,2025-11-04 18:00:00,18,307,106,2025-11-04 18:00:00,2025-11-04 18:00:00,"[279, 280, 281, 282, 283, 284, 285, 286, 287, 288, 289, 290, 291, 292, 293, 294, 295, 296, 297, 298, 299, 300, 301, 302, 303, 304, 305, 306]","[265, 266, 267, 268, 269, 270, 271, 272, 273, 274, 275, 276, 277, 278]",107,144,9522.468535101409,17910.488352295444,14278.384717883895,True,heldout_improvement,0.01564072200562805,0.0,3.260970833333355,B
308,2025-11-05,2025-11-05 06:00:00,6,308,34,2025-11-05 06:00:00,2025-11-05 06:00:00,"[280, 281, 282, 283, 284, 285, 286, 287, 288, 289, 290, 291, 292, 293, 294, 295, 296, 297, 298, 299, 300, 301, 302, 303, 304, 305, 306, 307]","[266, 267, 268, 269, 270, 271, 272, 273, 274, 275, 276, 277, 278, 279]",35,71,10604.152308794908,32885.0733031208,32435.587098498723,True,heldout_improvement,0.023407956992741674,1.8189894035458565e-12,-1.4232791666667024,B
308,2025-11-05,2025-11-05 12:00:00,12,308,70,2025-11-05 12:00:00,2025-11-05 12:00:00,"[280, 281, 282, 283, 284, 285, 286, 287, 288, 289, 290, 291, 292, 293, 294, 295, 296, 297, 298, 299, 300, 301, 302, 303, 304, 305, 306, 307]","[266, 267, 268, 269, 270, 271, 272, 273, 274, 275, 276, 277, 278, 279]",71,107,4978.030453809417,27024.226412241824,26854.454134606993,True,heldout_improvement,0.033541574026457965,1.8189894035458565e-12,-3.0717666666666896,B
308,2025-11-05,2025-11-05 18:00:00,18,308,106,2025-11-05 18:00:00,2025-11-05 18:00:00,"[280, 281, 282, 283, 284, 285, 286, 287, 288, 289, 290, 291, 292, 293, 294, 295, 296, 297, 298, 299, 300, 301, 302, 303, 304, 305, 306, 307]","[266, 267, 268, 269, 270, 271, 272, 273, 274, 275, 276, 277, 278, 279]",107,144,10767.261684111114,12027.148565632495,12114.598093485954,False,keep_no_improvement_or_insufficient_history,0.013189401011914015,4.547473508864641e-13,-2.567291666666658,B
309,2025-11-06,2025-11-06 06:00:00,6,309,34,2025-11-06 06:00:00,2025-11-06 06:00:00,"[281, 282, 283, 284, 285, 286, 287, 288, 289, 290, 291, 292, 293, 294, 295, 296, 297, 298, 299, 300, 301, 302, 303, 304, 305, 306, 307, 308]","[267, 268, 269, 270, 271, 272, 273, 274, 275, 276, 277, 278, 279, 280]",35,71,10685.734114944444,35295.68348240708,35199.76518022197,True,heldout_improvement,0.01914994401158765,1.8189894035458565e-12,-0.737654166666668,B
309,2025-11-06,2025-11-06 12:00:00,12,309,70,2025-11-06 12:00:00,2025-11-06 12:00:00,"[281, 282, 283, 284, 285, 286, 287, 288, 289, 290, 291, 292, 293, 294, 295, 296, 297, 298, 299, 300, 301, 302, 303, 304, 305, 306, 307, 308]","[267, 268, 269, 270, 271, 272, 273, 274, 275, 276, 277, 278, 279, 280]",71,107,6650.846345223772,25889.948575815415,25792.69994071292,True,heldout_improvement,0.019242462993133813,5.070432962384075e-11,0.5305375000000367,B
309,2025-11-06,2025-11-06 18:00:00,18,309,106,2025-11-06 18:00:00,2025-11-06 18:00:00,"[281, 282, 283, 284, 285, 286, 287, 288, 289, 290, 291, 292, 293, 294, 295, 296, 297, 298, 299, 300, 301, 302, 303, 304, 305, 306, 307, 308]","[267, 268, 269, 270, 271, 272, 273, 274, 275, 276, 277, 278, 279, 280]",107,144,10639.316073493832,12050.402484899716,12135.96993652135,False,keep_no_improvement_or_insufficient_history,0.012683831038884819,1.5788321870229862e-11,2.2231874999999945,B
310,2025-11-07,2025-11-07 06:00:00,6,310,34,2025-11-07 06:00:00,2025-11-07 06:00:00,"[282, 283, 284, 285, 286, 287, 288, 289, 290, 291, 292, 293, 294, 295, 296, 297, 298, 299, 300, 301, 302, 303, 304, 305, 306, 307, 308, 309]","[268, 269, 270, 271, 272, 273, 274, 275, 276, 277, 278, 279, 280, 281]",35,71,6907.103750734573,7753.276635902047,7716.275851254622,True,heldout_improvement,0.03784500894835219,3.183231456205249e-12,-13.114766666666734,B
310,2025-11-07,2025-11-07 12:00:00,12,310,70,2025-11-07 12:00:00,2025-11-07 12:00:00,"[282, 283, 284, 285, 286, 287, 288, 289, 290, 291, 292, 293, 294, 295, 296, 297, 298, 299, 300, 301, 302, 303, 304, 305, 306, 307, 308, 309]","[268, 269, 270, 271, 272, 273, 274, 275, 276, 277, 278, 279, 280, 281]",71,107,7327.480012777777,7720.746961376416,7533.197031840394,True,heldout_improvement,0.032951404980849475,9.094947017729282e-13,0.0029166666666924357,B
310,2025-11-07,2025-11-07 18:00:00,18,310,106,2025-11-07 18:00:00,2025-11-07 18:00:00,"[282, 283, 284, 285, 286, 287, 288, 289, 290, 291, 292, 293, 294, 295, 296, 297, 298, 299, 300, 301, 302, 303, 304, 305, 306, 307, 308, 309]","[268, 269, 270, 271, 272, 273, 274, 275, 276, 277, 278, 279, 280, 281]",107,144,10425.006429475312,4892.208577874001,4799.343848595131,True,heldout_improvement,0.011700142989866436,0.0,11.377054166666653,B
311,2025-11-08,2025-11-08 06:00:00,6,311,34,2025-11-08 06:00:00,2025-11-08 06:00:00,"[283, 284, 285, 286, 287, 288, 289, 290, 291, 292, 293, 294, 295, 296, 297, 298, 299, 300, 301, 302, 303, 304, 305, 306, 307, 308, 309, 310]","[269, 270, 271, 272, 273, 274, 275, 276, 277, 278, 279, 280, 281, 282]",35,71,7151.729997099536,7012.468980793698,7012.468980793698,False,keep_no_improvement_or_insufficient_history,0.04364754498237744,6.366462912410498e-12,-10.1729083333333,B
311,2025-11-08,2025-11-08 12:00:00,12,311,70,2025-11-08 12:00:00,2025-11-08 12:00:00,"[283, 284, 285, 286, 287, 288, 289, 290, 291, 292, 293, 294, 295, 296, 297, 298, 299, 300, 301, 302, 303, 304, 305, 306, 307, 308, 309, 310]","[269, 270, 271, 272, 273, 274, 275, 276, 277, 278, 279, 280, 281, 282]",71,107,8383.145716358797,7299.533645223514,7464.937222579555,False,keep_no_improvement_or_insufficient_history,0.019063723040744662,9.094947017729282e-13,-0.23283749999995956,B
311,2025-11-08,2025-11-08 18:00:00,18,311,106,2025-11-08 18:00:00,2025-11-08 18:00:00,"[283, 284, 285, 286, 287, 288, 289, 290, 291, 292, 293, 294, 295, 296, 297, 298, 299, 300, 301, 302, 303, 304, 305, 306, 307, 308, 309, 310]","[269, 270, 271, 272, 273, 274, 275, 276, 277, 278, 279, 280, 281, 282]",107,144,10314.361738194444,4058.8328022391256,4077.5182323364093,False,keep_no_improvement_or_insufficient_history,0.012607222015503794,5.900346877751872e-11,-2.979045833333354,B
312,2025-11-09,2025-11-09 06:00:00,6,312,34,2025-11-09 06:00:00,2025-11-09 06:00:00,"[284, 285, 286, 287, 288, 289, 290, 291, 292, 293, 294, 295, 296, 297, 298, 299, 300, 301, 302, 303, 304, 305, 306, 307, 308, 309, 310, 311]","[270, 271, 272, 273, 274, 275, 276, 277, 278, 279, 280, 281, 282, 283]",35,71,10608.223195000004,34062.4347530766,34138.08341302839,False,keep_no_improvement_or_insufficient_history,0.03199551603756845,1.8189894035458565e-12,2.372916666666697,B
312,2025-11-09,2025-11-09 12:00:00,12,312,70,2025-11-09 12:00:00,2025-11-09 12:00:00,"[284, 285, 286, 287, 288, 289, 290, 291, 292, 293, 294, 295, 296, 297, 298, 299, 300, 301, 302, 303, 304, 305, 306, 307, 308, 309, 310, 311]","[270, 271, 272, 273, 274, 275, 276, 277, 278, 279, 280, 281, 282, 283]",71,107,7986.754646129636,26029.646064173376,26109.167062576107,False,keep_no_improvement_or_insufficient_history,0.030422265001107007,9.094947017729282e-13,5.239787499999996,B
312,2025-11-09,2025-11-09 18:00:00,18,312,106,2025-11-09 18:00:00,2025-11-09 18:00:00,"[284, 285, 286, 287, 288, 289, 290, 291, 292, 293, 294, 295, 296, 297, 298, 299, 300, 301, 302, 303, 304, 305, 306, 307, 308, 309, 310, 311]","[270, 271, 272, 273, 274, 275, 276, 277, 278, 279, 280, 281, 282, 283]",107,144,10087.796632442589,14182.680459267287,13263.41369605143,True,heldout_improvement,0.011942187964450568,0.0,5.9294125000000495,B
313,2025-11-10,2025-11-10 06:00:00,6,313,34,2025-11-10 06:00:00,2025-11-10 06:00:00,"[285, 286, 287, 288, 289, 290, 291, 292, 293, 294, 295, 296, 297, 298, 299, 300, 301, 302, 303, 304, 305, 306, 307, 308, 309, 310, 311, 312]","[271, 272, 273, 274, 275, 276, 277, 278, 279, 280, 281, 282, 283, 284]",35,71,10787.453905361439,51616.493485167026,41650.186534971865,True,heldout_improvement,0.019982022000476718,1.8189894035458565e-12,10.536970833333308,B
313,2025-11-10,2025-11-10 12:00:00,12,313,70,2025-11-10 12:00:00,2025-11-10 12:00:00,"[285, 286, 287, 288, 289, 290, 291, 292, 293, 294, 295, 296, 297, 298, 299, 300, 301, 302, 303, 304, 305, 306, 307, 308, 309, 310, 311, 312]","[271, 272, 273, 274, 275, 276, 277, 278, 279, 280, 281, 282, 283, 284]",71,107,9613.85279547632,26753.136047273776,26378.737439673456,True,heldout_improvement,0.026791526994202286,1.8189894035458565e-12,14.252804166666692,B
313,2025-11-10,2025-11-10 18:00:00,18,313,106,2025-11-10 18:00:00,2025-11-10 18:00:00,"[285, 286, 287, 288, 289, 290, 291, 292, 293, 294, 295, 296, 297, 298, 299, 300, 301, 302, 303, 304, 305, 306, 307, 308, 309, 310, 311, 312]","[271, 272, 273, 274, 275, 276, 277, 278, 279, 280, 281, 282, 283, 284]",107,144,10800.0,12157.636617052869,12325.684233405324,False,keep_no_improvement_or_insufficient_history,0.011916185030713677,6.821210263296962e-13,12.022979166666724,B
314,2025-11-11,2025-11-11 06:00:00,6,314,34,2025-11-11 06:00:00,2025-11-11 06:00:00,"[286, 287, 288, 289, 290, 291, 292, 293, 294, 295, 296, 297, 298, 299, 300, 301, 302, 303, 304, 305, 306, 307, 308, 309, 310, 311, 312, 313]","[272, 273, 274, 275, 276, 277, 278, 279, 280, 281, 282, 283, 284, 285]",35,71,10800.0,35530.44346554398,35017.53588848732,True,heldout_improvement,0.039568601991049945,1.8189894035458565e-12,0.580566666666679,B
314,2025-11-11,2025-11-11 12:00:00,12,314,70,2025-11-11 12:00:00,2025-11-11 12:00:00,"[286, 287, 288, 289, 290, 291, 292, 293, 294, 295, 296, 297, 298, 299, 300, 301, 302, 303, 304, 305, 306, 307, 308, 309, 310, 311, 312, 313]","[272, 273, 274, 275, 276, 277, 278, 279, 280, 281, 282, 283, 284, 285]",71,107,7568.281267828706,26038.25932315672,26066.381386499073,False,keep_no_improvement_or_insufficient_history,0.01491977903060615,3.871036824421026e-10,8.176204166666668,B
314,2025-11-11,2025-11-11 18:00:00,18,314,106,2025-11-11 18:00:00,2025-11-11 18:00:00,"[286, 287, 288, 289, 290, 291, 292, 293, 294, 295, 296, 297, 298, 299, 300, 301, 302, 303, 304, 305, 306, 307, 308, 309, 310, 311, 312, 313]","[272, 273, 274, 275, 276, 277, 278, 279, 280, 281, 282, 283, 284, 285]",107,144,10690.655382925923,12043.940394481602,12143.539243614467,False,keep_no_improvement_or_insufficient_history,0.015249286021571606,0.0,3.276012499999979,B
315,2025-11-12,2025-11-12 06:00:00,6,315,34,2025-11-12 06:00:00,2025-11-12 06:00:00,"[287, 288, 289, 290, 291, 292, 293, 294, 295, 296, 297, 298, 299, 300, 301, 302, 303, 304, 305, 306, 307, 308, 309, 310, 311, 312, 313, 314]","[273, 274, 275, 276, 277, 278, 279, 280, 281, 282, 283, 284, 285, 286]",35,71,10800.0,39545.71666901015,39009.37831989138,True,heldout_improvement,0.03928837599232793,1.8189894035458565e-12,-5.564737499999978,B
315,2025-11-12,2025-11-12 12:00:00,12,315,70,2025-11-12 12:00:00,2025-11-12 12:00:00,"[287, 288, 289, 290, 291, 292, 293, 294, 295, 296, 297, 298, 299, 300, 301, 302, 303, 304, 305, 306, 307, 308, 309, 310, 311, 312, 313, 314]","[273, 274, 275, 276, 277, 278, 279, 280, 281, 282, 283, 284, 285, 286]",71,107,7794.584586730714,26417.506113212403,25877.12467615286,True,heldout_improvement,0.026325606973841786,1.8189894035458565e-12,4.649629166666803,B
315,2025-11-12,2025-11-12 18:00:00,18,315,106,2025-11-12 18:00:00,2025-11-12 18:00:00,"[287, 288, 289, 290, 291, 292, 293, 294, 295, 296, 297, 298, 299, 300, 301, 302, 303, 304, 305, 306, 307, 308, 309, 310, 311, 312, 313, 314]","[273, 274, 275, 276, 277, 278, 279, 280, 281, 282, 283, 284, 285, 286]",107,144,10800.0,11852.617757969685,11843.237568124576,True,heldout_improvement,0.012868930993136019,1.8189894035458565e-12,1.6747625000001185,B
316,2025-11-13,2025-11-13 06:00:00,6,316,34,2025-11-13 06:00:00,2025-11-13 06:00:00,"[288, 289, 290, 291, 292, 293, 294, 295, 296, 297, 298, 299, 300, 301, 302, 303, 304, 305, 306, 307, 308, 309, 310, 311, 312, 313, 314, 315]","[274, 275, 276, 277, 278, 279, 280, 281, 282, 283, 284, 285, 286, 287]",35,71,10419.241298131945,36185.229556257706,37004.96679509053,False,keep_no_improvement_or_insufficient_history,0.030099188967142254,3.637978807091713e-12,10.011562500000005,B
316,2025-11-13,2025-11-13 12:00:00,12,316,70,2025-11-13 12:00:00,2025-11-13 12:00:00,"[288, 289, 290, 291, 292, 293, 294, 295, 296, 297, 298, 299, 300, 301, 302, 303, 304, 305, 306, 307, 308, 309, 310, 311, 312, 313, 314, 315]","[274, 275, 276, 277, 278, 279, 280, 281, 282, 283, 284, 285, 286, 287]",71,107,7937.4082823912095,27612.68555035861,27081.308203469674,True,heldout_improvement,0.02636288304347545,5.6843418860808015e-12,14.313929166666714,B
316,2025-11-13,2025-11-13 18:00:00,18,316,106,2025-11-13 18:00:00,2025-11-13 18:00:00,"[288, 289, 290, 291, 292, 293, 294, 295, 296, 297, 298, 299, 300, 301, 302, 303, 304, 305, 306, 307, 308, 309, 310, 311, 312, 313, 314, 315]","[274, 275, 276, 277, 278, 279, 280, 281, 282, 283, 284, 285, 286, 287]",107,144,10621.221134329015,12499.858906435964,12620.074205895824,False,keep_no_improvement_or_insufficient_history,0.011688468977808952,1.8189894035458565e-12,15.836283333333311,B
317,2025-11-14,2025-11-14 06:00:00,6,317,34,2025-11-14 06:00:00,2025-11-14 06:00:00,"[289, 290, 291, 292, 293, 294, 295, 296, 297, 298, 299, 300, 301, 302, 303, 304, 305, 306, 307, 308, 309, 310, 311, 312, 313, 314, 315, 316]","[275, 276, 277, 278, 279, 280, 281, 282, 283, 284, 285, 286, 287, 288]",35,71,7378.157567495676,7576.032722644556,7576.032722644556,False,keep_no_improvement_or_insufficient_history,0.06223151198355481,1.8189894035458565e-12,-10.322083333333314,B
317,2025-11-14,2025-11-14 12:00:00,12,317,70,2025-11-14 12:00:00,2025-11-14 12:00:00,"[289, 290, 291, 292, 293, 294, 295, 296, 297, 298, 299, 300, 301, 302, 303, 304, 305, 306, 307, 308, 309, 310, 311, 312, 313, 314, 315, 316]","[275, 276, 277, 278, 279, 280, 281, 282, 283, 284, 285, 286, 287, 288]",71,107,7630.156990829011,7730.725128363229,7772.56544495229,False,keep_no_improvement_or_insufficient_history,0.037249475019052625,1.8189894035458565e-12,-7.91922916666662,B
317,2025-11-14,2025-11-14 18:00:00,18,317,106,2025-11-14 18:00:00,2025-11-14 18:00:00,"[289, 290, 291, 292, 293, 294, 295, 296, 297, 298, 299, 300, 301, 302, 303, 304, 305, 306, 307, 308, 309, 310, 311, 312, 313, 314, 315, 316]","[275, 276, 277, 278, 279, 280, 281, 282, 283, 284, 285, 286, 287, 288]",107,144,10372.685963481485,4255.346876197718,4340.648923930588,False,keep_no_improvement_or_insufficient_history,0.012210188957396895,0.0,0.06912916666669844,B
318,2025-11-15,2025-11-15 06:00:00,6,318,34,2025-11-15 06:00:00,2025-11-15 06:00:00,"[290, 291, 292, 293, 294, 295, 296, 297, 298, 299, 300, 301, 302, 303, 304, 305, 306, 307, 308, 309, 310, 311, 312, 313, 314, 315, 316, 317]","[276, 277, 278, 279, 280, 281, 282, 283, 284, 285, 286, 287, 288, 289]",35,71,7076.443766888888,10539.704815110355,9379.047016041803,True,heldout_improvement,0.04795869899680838,3.637978807091713e-12,9.012254166666668,B
318,2025-11-15,2025-11-15 12:00:00,12,318,70,2025-11-15 12:00:00,2025-11-15 12:00:00,"[290, 291, 292, 293, 294, 295, 296, 297, 298, 299, 300, 301, 302, 303, 304, 305, 306, 307, 308, 309, 310, 311, 312, 313, 314, 315, 316, 317]","[276, 277, 278, 279, 280, 281, 282, 283, 284, 285, 286, 287, 288, 289]",71,107,7153.470493909724,7594.985440817754,7570.5183908527315,True,heldout_improvement,0.030289358983282,1.8189894035458565e-12,-12.767133333333351,B
318,2025-11-15,2025-11-15 18:00:00,18,318,106,2025-11-15 18:00:00,2025-11-15 18:00:00,"[290, 291, 292, 293, 294, 295, 296, 297, 298, 299, 300, 301, 302, 303, 304, 305, 306, 307, 308, 309, 310, 311, 312, 313, 314, 315, 316, 317]","[276, 277, 278, 279, 280, 281, 282, 283, 284, 285, 286, 287, 288, 289]",107,144,10145.244271474505,4344.613828486335,4376.778340418438,False,keep_no_improvement_or_insufficient_history,0.012764493993017823,0.0,-1.6963208333333266,B
319,2025-11-16,2025-11-16 06:00:00,6,319,34,2025-11-16 06:00:00,2025-11-16 06:00:00,"[291, 292, 293, 294, 295, 296, 297, 298, 299, 300, 301, 302, 303, 304, 305, 306, 307, 308, 309, 310, 311, 312, 313, 314, 315, 316, 317, 318]","[277, 278, 279, 280, 281, 282, 283, 284, 285, 286, 287, 288, 289, 290]",35,71,10524.879256226108,45042.52245753759,40798.62000657344,True,heldout_improvement,0.023137898999266326,1.8189894035458565e-12,4.968591666666687,B
319,2025-11-16,2025-11-16 12:00:00,12,319,70,2025-11-16 12:00:00,2025-11-16 12:00:00,"[291, 292, 293, 294, 295, 296, 297, 298, 299, 300, 301, 302, 303, 304, 305, 306, 307, 308, 309, 310, 311, 312, 313, 314, 315, 316, 317, 318]","[277, 278, 279, 280, 281, 282, 283, 284, 285, 286, 287, 288, 289, 290]",71,107,7621.458784497696,28573.07382712411,28352.232381833917,True,heldout_improvement,0.02050207502907142,1.8189894035458565e-12,18.740679166666723,B
319,2025-11-16,2025-11-16 18:00:00,18,319,106,2025-11-16 18:00:00,2025-11-16 18:00:00,"[291, 292, 293, 294, 295, 296, 297, 298, 299, 300, 301, 302, 303, 304, 305, 306, 307, 308, 309, 310, 311, 312, 313, 314, 315, 316, 317, 318]","[277, 278, 279, 280, 281, 282, 283, 284, 285, 286, 287, 288, 289, 290]",107,144,10800.0,12715.451464375565,12704.625595245825,True,heldout_improvement,0.011023968982044607,4.547473508864641e-13,13.564225000000079,B
320,2025-11-17,2025-11-17 06:00:00,6,320,34,2025-11-17 06:00:00,2025-11-17 06:00:00,"[292, 293, 294, 295, 296, 297, 298, 299, 300, 301, 302, 303, 304, 305, 306, 307, 308, 309, 310, 311, 312, 313, 314, 315, 316, 317, 318, 319]","[278, 279, 280, 281, 282, 283, 284, 285, 286, 287, 288, 289, 290, 291]",35,71,10800.0,40273.34429747735,38985.30450174223,True,heldout_improvement,0.02213781699538231,1.8189894035458565e-12,-17.540833333333353,B
320,2025-11-17,2025-11-17 12:00:00,12,320,70,2025-11-17 12:00:00,2025-11-17 12:00:00,"[292, 293, 294, 295, 296, 297, 298, 299, 300, 301, 302, 303, 304, 305, 306, 307, 308, 309, 310, 311, 312, 313, 314, 315, 316, 317, 318, 319]","[278, 279, 280, 281, 282, 283, 284, 285, 286, 287, 288, 289, 290, 291]",71,107,7917.926096025545,26655.059335122896,26682.108077529025,False,keep_no_improvement_or_insufficient_history,0.024557719007134438,1.8189894035458565e-12,-11.591004166666607,B
320,2025-11-17,2025-11-17 18:00:00,18,320,106,2025-11-17 18:00:00,2025-11-17 18:00:00,"[292, 293, 294, 295, 296, 297, 298, 299, 300, 301, 302, 303, 304, 305, 306, 307, 308, 309, 310, 311, 312, 313, 314, 315, 316, 317, 318, 319]","[278, 279, 280, 281, 282, 283, 284, 285, 286, 287, 288, 289, 290, 291]",107,144,10723.747940772226,11824.497227392207,11987.662681620297,False,keep_no_improvement_or_insufficient_history,0.011852025985717773,4.547473508864641e-13,-10.629441666666631,B
321,2025-11-18,2025-11-18 06:00:00,6,321,34,2025-11-18 06:00:00,2025-11-18 06:00:00,"[293, 294, 295, 296, 297, 298, 299, 300, 301, 302, 303, 304, 305, 306, 307, 308, 309, 310, 311, 312, 313, 314, 315, 316, 317, 318, 319, 320]","[279, 280, 281, 282, 283, 284, 285, 286, 287, 288, 289, 290, 291, 292]",35,71,10729.296807037039,36552.64394762856,37667.045431638275,False,keep_no_improvement_or_insufficient_history,0.03362523199757561,1.8189894035458565e-12,-0.9309833333333776,B
321,2025-11-18,2025-11-18 12:00:00,12,321,70,2025-11-18 12:00:00,2025-11-18 12:00:00,"[293, 294, 295, 296, 297, 298, 299, 300, 301, 302, 303, 304, 305, 306, 307, 308, 309, 310, 311, 312, 313, 314, 315, 316, 317, 318, 319, 320]","[279, 280, 281, 282, 283, 284, 285, 286, 287, 288, 289, 290, 291, 292]",71,107,7285.751998185186,30066.684675864708,29994.41040042317,True,heldout_improvement,0.03057327400892973,9.094947017729282e-13,15.911741666666632,B
321,2025-11-18,2025-11-18 18:00:00,18,321,106,2025-11-18 18:00:00,2025-11-18 18:00:00,"[293, 294, 295, 296, 297, 298, 299, 300, 301, 302, 303, 304, 305, 306, 307, 308, 309, 310, 311, 312, 313, 314, 315, 316, 317, 318, 319, 320]","[279, 280, 281, 282, 283, 284, 285, 286, 287, 288, 289, 290, 291, 292]",107,144,10800.0,12526.414268280298,12466.823625844252,True,heldout_improvement,0.011989067948888987,1.8403056856186595e-12,4.581933333333382,B
322,2025-11-19,2025-11-19 06:00:00,6,322,34,2025-11-19 06:00:00,2025-11-19 06:00:00,"[294, 295, 296, 297, 298, 299, 300, 301, 302, 303, 304, 305, 306, 307, 308, 309, 310, 311, 312, 313, 314, 315, 316, 317, 318, 319, 320, 321]","[280, 281, 282, 283, 284, 285, 286, 287, 288, 289, 290, 291, 292, 293]",35,71,10763.809537037037,46039.38100763654,41906.7282544499,True,heldout_improvement,0.03754286398179829,1.8189894035458565e-12,-2.0228499999999863,B
322,2025-11-19,2025-11-19 12:00:00,12,322,70,2025-11-19 12:00:00,2025-11-19 12:00:00,"[294, 295, 296, 297, 298, 299, 300, 301, 302, 303, 304, 305, 306, 307, 308, 309, 310, 311, 312, 313, 314, 315, 316, 317, 318, 319, 320, 321]","[280, 281, 282, 283, 284, 285, 286, 287, 288, 289, 290, 291, 292, 293]",71,107,8424.65816804475,28876.823482484575,28525.09664042433,True,heldout_improvement,0.03219589497894049,9.094947017729282e-13,15.423125000000027,B
322,2025-11-19,2025-11-19 18:00:00,18,322,106,2025-11-19 18:00:00,2025-11-19 18:00:00,"[294, 295, 296, 297, 298, 299, 300, 301, 302, 303, 304, 305, 306, 307, 308, 309, 310, 311, 312, 313, 314, 315, 316, 317, 318, 319, 320, 321]","[280, 281, 282, 283, 284, 285, 286, 287, 288, 289, 290, 291, 292, 293]",107,144,10800.0,11827.35155570003,12047.312564376858,False,keep_no_improvement_or_insufficient_history,0.01135986699955538,2.1813661987835076e-12,-6.452366666666724,B
323,2025-11-20,2025-11-20 06:00:00,6,323,34,2025-11-20 06:00:00,2025-11-20 06:00:00,"[295, 296, 297, 298, 299, 300, 301, 302, 303, 304, 305, 306, 307, 308, 309, 310, 311, 312, 313, 314, 315, 316, 317, 318, 319, 320, 321, 322]","[281, 282, 283, 284, 285, 286, 287, 288, 289, 290, 291, 292, 293, 294]",35,71,10517.80291918519,37813.28293400579,39289.24066055779,False,keep_no_improvement_or_insufficient_history,0.037445683032274246,1.8189894035458565e-12,0.25570000000000914,B
323,2025-11-20,2025-11-20 12:00:00,12,323,70,2025-11-20 12:00:00,2025-11-20 12:00:00,"[295, 296, 297, 298, 299, 300, 301, 302, 303, 304, 305, 306, 307, 308, 309, 310, 311, 312, 313, 314, 315, 316, 317, 318, 319, 320, 321, 322]","[281, 282, 283, 284, 285, 286, 287, 288, 289, 290, 291, 292, 293, 294]",71,107,7076.012377295373,29727.32954128173,29771.799925085263,False,keep_no_improvement_or_insufficient_history,0.02510471799178049,1.8189894035458565e-12,12.863749999999982,B
323,2025-11-20,2025-11-20 18:00:00,18,323,106,2025-11-20 18:00:00,2025-11-20 18:00:00,"[295, 296, 297, 298, 299, 300, 301, 302, 303, 304, 305, 306, 307, 308, 309, 310, 311, 312, 313, 314, 315, 316, 317, 318, 319, 320, 321, 322]","[281, 282, 283, 284, 285, 286, 287, 288, 289, 290, 291, 292, 293, 294]",107,144,10763.944407560359,11959.071554862263,12134.244066879608,False,keep_no_improvement_or_insufficient_history,0.01603861805051565,0.0,-9.204216666666676,B
324,2025-11-21,2025-11-21 06:00:00,6,324,34,2025-11-21 06:00:00,2025-11-21 06:00:00,"[296, 297, 298, 299, 300, 301, 302, 303, 304, 305, 306, 307, 308, 309, 310, 311, 312, 313, 314, 315, 316, 317, 318, 319, 320, 321, 322, 323]","[282, 283, 284, 285, 286, 287, 288, 289, 290, 291, 292, 293, 294, 295]",35,71,7477.044911944445,15594.016222081978,13261.106357297165,True,heldout_improvement,0.032786177995149046,3.637978807091713e-12,6.239208333333332,B
324,2025-11-21,2025-11-21 12:00:00,12,324,70,2025-11-21 12:00:00,2025-11-21 12:00:00,"[296, 297, 298, 299, 300, 301, 302, 303, 304, 305, 306, 307, 308, 309, 310, 311, 312, 313, 314, 315, 316, 317, 318, 319, 320, 321, 322, 323]","[282, 283, 284, 285, 286, 287, 288, 289, 290, 291, 292, 293, 294, 295]",71,107,7934.2676004612995,8898.167833162228,8906.188299329684,False,keep_no_improvement_or_insufficient_history,0.04203507397323847,1.8189894035458565e-12,-0.5572083333333543,B
324,2025-11-21,2025-11-21 18:00:00,18,324,106,2025-11-21 18:00:00,2025-11-21 18:00:00,"[296, 297, 298, 299, 300, 301, 302, 303, 304, 305, 306, 307, 308, 309, 310, 311, 312, 313, 314, 315, 316, 317, 318, 319, 320, 321, 322, 323]","[282, 283, 284, 285, 286, 287, 288, 289, 290, 291, 292, 293, 294, 295]",107,144,10665.538463036808,3870.5627500089104,3897.367943265307,False,keep_no_improvement_or_insufficient_history,0.01172266504727304,0.0,-1.2703999999999571,B
325,2025-11-22,2025-11-22 06:00:00,6,325,34,2025-11-22 06:00:00,2025-11-22 06:00:00,"[297, 298, 299, 300, 301, 302, 303, 304, 305, 306, 307, 308, 309, 310, 311, 312, 313, 314, 315, 316, 317, 318, 319, 320, 321, 322, 323, 324]","[283, 284, 285, 286, 287, 288, 289, 290, 291, 292, 293, 294, 295, 296]",35,71,8033.661407812038,13605.71054126313,13218.077841505741,True,heldout_improvement,0.024852908973116428,1.944044925039634e-11,12.879125000000005,B
325,2025-11-22,2025-11-22 12:00:00,12,325,70,2025-11-22 12:00:00,2025-11-22 12:00:00,"[297, 298, 299, 300, 301, 302, 303, 304, 305, 306, 307, 308, 309, 310, 311, 312, 313, 314, 315, 316, 317, 318, 319, 320, 321, 322, 323, 324]","[283, 284, 285, 286, 287, 288, 289, 290, 291, 292, 293, 294, 295, 296]",71,107,6462.3334730709885,10134.067950238677,9664.109424479062,True,heldout_improvement,0.020984408038202673,9.777068044058979e-12,12.68524583333332,B
325,2025-11-22,2025-11-22 18:00:00,18,325,106,2025-11-22 18:00:00,2025-11-22 18:00:00,"[297, 298, 299, 300, 301, 302, 303, 304, 305, 306, 307, 308, 309, 310, 311, 312, 313, 314, 315, 316, 317, 318, 319, 320, 321, 322, 323, 324]","[283, 284, 285, 286, 287, 288, 289, 290, 291, 292, 293, 294, 295, 296]",107,144,10709.710226167435,4447.070644618668,4428.707382795122,True,heldout_improvement,0.011799230007454753,0.0,13.621562499999982,B
326,2025-11-23,2025-11-23 06:00:00,6,326,34,2025-11-23 06:00:00,2025-11-23 06:00:00,"[298, 299, 300, 301, 302, 303, 304, 305, 306, 307, 308, 309, 310, 311, 312, 313, 314, 315, 316, 317, 318, 319, 320, 321, 322, 323, 324, 325]","[284, 285, 286, 287, 288, 289, 290, 291, 292, 293, 294, 295, 296, 297]",35,71,10782.544361111111,54695.844011817615,47644.92602015832,True,heldout_improvement,0.014527202001772821,1.8189894035458565e-12,15.826483333333346,B
326,2025-11-23,2025-11-23 12:00:00,12,326,70,2025-11-23 12:00:00,2025-11-23 12:00:00,"[298, 299, 300, 301, 302, 303, 304, 305, 306, 307, 308, 309, 310, 311, 312, 313, 314, 315, 316, 317, 318, 319, 320, 321, 322, 323, 324, 325]","[284, 285, 286, 287, 288, 289, 290, 291, 292, 293, 294, 295, 296, 297]",71,107,6902.46954594527,29750.627151745644,29079.61503351834,True,heldout_improvement,0.025333839002996683,1.8189894035458565e-12,0.4908708333333227,B
326,2025-11-23,2025-11-23 18:00:00,18,326,106,2025-11-23 18:00:00,2025-11-23 18:00:00,"[298, 299, 300, 301, 302, 303, 304, 305, 306, 307, 308, 309, 310, 311, 312, 313, 314, 315, 316, 317, 318, 319, 320, 321, 322, 323, 324, 325]","[284, 285, 286, 287, 288, 289, 290, 291, 292, 293, 294, 295, 296, 297]",107,144,10799.227541126544,11965.881601222076,12137.783102101961,False,keep_no_improvement_or_insufficient_history,0.01434979896293953,9.094947017729282e-13,-5.6670458333333045,B
327,2025-11-24,2025-11-24 06:00:00,6,327,34,2025-11-24 06:00:00,2025-11-24 06:00:00,"[299, 300, 301, 302, 303, 304, 305, 306, 307, 308, 309, 310, 311, 312, 313, 314, 315, 316, 317, 318, 319, 320, 321, 322, 323, 324, 325, 326]","[285, 286, 287, 288, 289, 290, 291, 292, 293, 294, 295, 296, 297, 298]",35,71,10707.332317700624,37737.14063769769,40328.782672406836,False,keep_no_improvement_or_insufficient_history,0.030973588000051677,1.8189894035458565e-12,-10.976666666666688,B
327,2025-11-24,2025-11-24 12:00:00,12,327,70,2025-11-24 12:00:00,2025-11-24 12:00:00,"[299, 300, 301, 302, 303, 304, 305, 306, 307, 308, 309, 310, 311, 312, 313, 314, 315, 316, 317, 318, 319, 320, 321, 322, 323, 324, 325, 326]","[285, 286, 287, 288, 289, 290, 291, 292, 293, 294, 295, 296, 297, 298]",71,107,8447.457975311736,28543.412000803368,28479.728169762653,True,heldout_improvement,0.025536980014294386,8.640199666842818e-12,-2.2717166666667103,B
327,2025-11-24,2025-11-24 18:00:00,18,327,106,2025-11-24 18:00:00,2025-11-24 18:00:00,"[299, 300, 301, 302, 303, 304, 305, 306, 307, 308, 309, 310, 311, 312, 313, 314, 315, 316, 317, 318, 319, 320, 321, 322, 323, 324, 325, 326]","[285, 286, 287, 288, 289, 290, 291, 292, 293, 294, 295, 296, 297, 298]",107,144,10662.514325173612,11804.489281527012,12037.37345434553,False,keep_no_improvement_or_insufficient_history,0.013321695965714753,9.094947017729282e-13,-12.558841666666694,B
328,2025-11-25,2025-11-25 06:00:00,6,328,34,2025-11-25 06:00:00,2025-11-25 06:00:00,"[300, 301, 302, 303, 304, 305, 306, 307, 308, 309, 310, 311, 312, 313, 314, 315, 316, 317, 318, 319, 320, 321, 322, 323, 324, 325, 326, 327]","[286, 287, 288, 289, 290, 291, 292, 293, 294, 295, 296, 297, 298, 299]",35,71,10342.432786525458,47980.53085777332,45561.46989734242,True,heldout_improvement,0.029658982006367296,1.8189894035458565e-12,4.691533333333306,B
328,2025-11-25,2025-11-25 12:00:00,12,328,70,2025-11-25 12:00:00,2025-11-25 12:00:00,"[300, 301, 302, 303, 304, 305, 306, 307, 308, 309, 310, 311, 312, 313, 314, 315, 316, 317, 318, 319, 320, 321, 322, 323, 324, 325, 326, 327]","[286, 287, 288, 289, 290, 291, 292, 293, 294, 295, 296, 297, 298, 299]",71,107,7554.549299334108,28703.37357018205,28969.549964100363,False,keep_no_improvement_or_insufficient_history,0.025380589009728283,1.8189894035458565e-12,-4.689004166666639,B
328,2025-11-25,2025-11-25 18:00:00,18,328,106,2025-11-25 18:00:00,2025-11-25 18:00:00,"[300, 301, 302, 303, 304, 305, 306, 307, 308, 309, 310, 311, 312, 313, 314, 315, 316, 317, 318, 319, 320, 321, 322, 323, 324, 325, 326, 327]","[286, 287, 288, 289, 290, 291, 292, 293, 294, 295, 296, 297, 298, 299]",107,144,10766.787446203703,11748.267943862707,11925.413888212715,False,keep_no_improvement_or_insufficient_history,0.011867341003380716,9.094947017729282e-13,-14.31666666666668,B
329,2025-11-26,2025-11-26 06:00:00,6,329,34,2025-11-26 06:00:00,2025-11-26 06:00:00,"[301, 302, 303, 304, 305, 306, 307, 308, 309, 310, 311, 312, 313, 314, 315, 316, 317, 318, 319, 320, 321, 322, 323, 324, 325, 326, 327, 328]","[287, 288, 289, 290, 291, 292, 293, 294, 295, 296, 297, 298, 299, 300]",35,71,10794.626044444445,47664.365838756385,44775.312768737786,True,heldout_improvement,0.02911234798375517,2.2737367544323206e-12,-2.394758333333281,B
329,2025-11-26,2025-11-26 12:00:00,12,329,70,2025-11-26 12:00:00,2025-11-26 12:00:00,"[301, 302, 303, 304, 305, 306, 307, 308, 309, 310, 311, 312, 313, 314, 315, 316, 317, 318, 319, 320, 321, 322, 323, 324, 325, 326, 327, 328]","[287, 288, 289, 290, 291, 292, 293, 294, 295, 296, 297, 298, 299, 300]",71,107,7755.220945452225,28852.354334251373,29537.256921390606,False,keep_no_improvement_or_insufficient_history,0.028530064970254898,1.8189894035458565e-12,-8.663104166666773,B
329,2025-11-26,2025-11-26 18:00:00,18,329,106,2025-11-26 18:00:00,2025-11-26 18:00:00,"[301, 302, 303, 304, 305, 306, 307, 308, 309, 310, 311, 312, 313, 314, 315, 316, 317, 318, 319, 320, 321, 322, 323, 324, 325, 326, 327, 328]","[287, 288, 289, 290, 291, 292, 293, 294, 295, 296, 297, 298, 299, 300]",107,144,10800.0,12104.039930646395,12217.245899064888,False,keep_no_improvement_or_insufficient_history,0.01184271095553413,9.094947017729282e-13,-1.7448749999999411,B
330,2025-11-27,2025-11-27 06:00:00,6,330,34,2025-11-27 06:00:00,2025-11-27 06:00:00,"[302, 303, 304, 305, 306, 307, 308, 309, 310, 311, 312, 313, 314, 315, 316, 317, 318, 319, 320, 321, 322, 323, 324, 325, 326, 327, 328, 329]","[288, 289, 290, 291, 292, 293, 294, 295, 296, 297, 298, 299, 300, 301]",35,71,10778.714448148148,50040.332135353514,47821.871079363416,True,heldout_improvement,0.03898957301862538,1.8189894035458565e-12,4.028108333333307,B
330,2025-11-27,2025-11-27 12:00:00,12,330,70,2025-11-27 12:00:00,2025-11-27 12:00:00,"[302, 303, 304, 305, 306, 307, 308, 309, 310, 311, 312, 313, 314, 315, 316, 317, 318, 319, 320, 321, 322, 323, 324, 325, 326, 327, 328, 329]","[288, 289, 290, 291, 292, 293, 294, 295, 296, 297, 298, 299, 300, 301]",71,107,8092.450751040408,30541.20697117759,29229.76621739128,True,heldout_improvement,0.03254802001174539,4.013145371573046e-11,-5.07488333333337,B
330,2025-11-27,2025-11-27 18:00:00,18,330,106,2025-11-27 18:00:00,2025-11-27 18:00:00,"[302, 303, 304, 305, 306, 307, 308, 309, 310, 311, 312, 313, 314, 315, 316, 317, 318, 319, 320, 321, 322, 323, 324, 325, 326, 327, 328, 329]","[288, 289, 290, 291, 292, 293, 294, 295, 296, 297, 298, 299, 300, 301]",107,144,10718.13881645296,12338.932679032316,12229.903709047732,True,heldout_improvement,0.011989794031251222,9.094947017729282e-13,1.816150000000031,B
331,2025-11-28,2025-11-28 06:00:00,6,331,34,2025-11-28 06:00:00,2025-11-28 06:00:00,"[303, 304, 305, 306, 307, 308, 309, 310, 311, 312, 313, 314, 315, 316, 317, 318, 319, 320, 321, 322, 323, 324, 325, 326, 327, 328, 329, 330]","[289, 290, 291, 292, 293, 294, 295, 296, 297, 298, 299, 300, 301, 302]",35,71,9169.3141158341,11981.297673372295,11981.297673372295,False,keep_no_improvement_or_insufficient_history,0.03030803002184257,1.8189894035458565e-11,2.1726041666666633,B
331,2025-11-28,2025-11-28 12:00:00,12,331,70,2025-11-28 12:00:00,2025-11-28 12:00:00,"[303, 304, 305, 306, 307, 308, 309, 310, 311, 312, 313, 314, 315, 316, 317, 318, 319, 320, 321, 322, 323, 324, 325, 326, 327, 328, 329, 330]","[289, 290, 291, 292, 293, 294, 295, 296, 297, 298, 299, 300, 301, 302]",71,107,6979.003005648916,10413.14668936936,9778.323095513419,True,heldout_improvement,0.0246169560123235,1.502939994679764e-10,12.861908333333341,B
331,2025-11-28,2025-11-28 18:00:00,18,331,106,2025-11-28 18:00:00,2025-11-28 18:00:00,"[303, 304, 305, 306, 307, 308, 309, 310, 311, 312, 313, 314, 315, 316, 317, 318, 319, 320, 321, 322, 323, 324, 325, 326, 327, 328, 329, 330]","[289, 290, 291, 292, 293, 294, 295, 296, 297, 298, 299, 300, 301, 302]",107,144,10737.136100300157,3867.0549692247523,3866.6544184654435,True,heldout_improvement,0.012512608023826033,0.0,3.104212500000017,B
332,2025-11-29,2025-11-29 06:00:00,6,332,34,2025-11-29 06:00:00,2025-11-29 06:00:00,"[304, 305, 306, 307, 308, 309, 310, 311, 312, 313, 314, 315, 316, 317, 318, 319, 320, 321, 322, 323, 324, 325, 326, 327, 328, 329, 330, 331]","[290, 291, 292, 293, 294, 295, 296, 297, 298, 299, 300, 301, 302, 303]",35,71,8790.592591009403,15964.611278760376,13468.386390202217,True,heldout_improvement,0.035841760982293636,1.8189894035458565e-12,-8.43649583333331,B
332,2025-11-29,2025-11-29 12:00:00,12,332,70,2025-11-29 12:00:00,2025-11-29 12:00:00,"[304, 305, 306, 307, 308, 309, 310, 311, 312, 313, 314, 315, 316, 317, 318, 319, 320, 321, 322, 323, 324, 325, 326, 327, 328, 329, 330, 331]","[290, 291, 292, 293, 294, 295, 296, 297, 298, 299, 300, 301, 302, 303]",71,107,6565.016441419167,14536.30173371002,10848.16723241395,True,heldout_improvement,0.02726205700309947,3.751665644813329e-12,1.6191458333333153,B
332,2025-11-29,2025-11-29 18:00:00,18,332,106,2025-11-29 18:00:00,2025-11-29 18:00:00,"[304, 305, 306, 307, 308, 309, 310, 311, 312, 313, 314, 315, 316, 317, 318, 319, 320, 321, 322, 323, 324, 325, 326, 327, 328, 329, 330, 331]","[290, 291, 292, 293, 294, 295, 296, 297, 298, 299, 300, 301, 302, 303]",107,144,10670.927438981334,3520.7305591089125,3517.376487190549,True,heldout_improvement,0.011557867983356118,0.0,-24.875416666666673,B
333,2025-11-30,2025-11-30 06:00:00,6,333,34,2025-11-30 06:00:00,2025-11-30 06:00:00,"[305, 306, 307, 308, 309, 310, 311, 312, 313, 314, 315, 316, 317, 318, 319, 320, 321, 322, 323, 324, 325, 326, 327, 328, 329, 330, 331, 332]","[291, 292, 293, 294, 295, 296, 297, 298, 299, 300, 301, 302, 303, 304]",35,71,10800.0,60613.08676319702,56590.116817178954,True,heldout_improvement,0.033588266000151634,1.8189894035458565e-12,3.104083333333354,B
333,2025-11-30,2025-11-30 12:00:00,12,333,70,2025-11-30 12:00:00,2025-11-30 12:00:00,"[305, 306, 307, 308, 309, 310, 311, 312, 313, 314, 315, 316, 317, 318, 319, 320, 321, 322, 323, 324, 325, 326, 327, 328, 329, 330, 331, 332]","[291, 292, 293, 294, 295, 296, 297, 298, 299, 300, 301, 302, 303, 304]",71,107,7240.741811742506,34409.80183857953,30899.16124059359,True,heldout_improvement,0.04023697099182755,9.094947017729282e-13,-2.997662499999933,B
333,2025-11-30,2025-11-30 18:00:00,18,333,106,2025-11-30 18:00:00,2025-11-30 18:00:00,"[305, 306, 307, 308, 309, 310, 311, 312, 313, 314, 315, 316, 317, 318, 319, 320, 321, 322, 323, 324, 325, 326, 327, 328, 329, 330, 331, 332]","[291, 292, 293, 294, 295, 296, 297, 298, 299, 300, 301, 302, 303, 304]",107,144,10800.0,11775.819227078651,11810.023798951403,False,keep_no_improvement_or_insufficient_history,0.01226071099517867,1.8189894035458565e-12,-10.903629166666633,B
334,2025-12-01,2025-12-01 06:00:00,6,334,34,2025-12-01 06:00:00,2025-12-01 06:00:00,"[306, 307, 308, 309, 310, 311, 312, 313, 314, 315, 316, 317, 318, 319, 320, 321, 322, 323, 324, 325, 326, 327, 328, 329, 330, 331, 332, 333]","[292, 293, 294, 295, 296, 297, 298, 299, 300, 301, 302, 303, 304, 305]",35,71,8361.488108957019,107392.87979644843,89864.16050423252,True,heldout_improvement,0.0384533450123854,1.8189894035458565e-12,95.60029583333335,B
334,2025-12-01,2025-12-01 12:00:00,12,334,70,2025-12-01 12:00:00,2025-12-01 12:00:00,"[306, 307, 308, 309, 310, 311, 312, 313, 314, 315, 316, 317, 318, 319, 320, 321, 322, 323, 324, 325, 326, 327, 328, 329, 330, 331, 332, 333]","[292, 293, 294, 295, 296, 297, 298, 299, 300, 301, 302, 303, 304, 305]",71,107,6444.754781157663,64803.96106338743,50017.93136738695,True,heldout_improvement,0.012617671978659928,9.094947017729282e-13,102.89970416666665,B
334,2025-12-01,2025-12-01 18:00:00,18,334,106,2025-12-01 18:00:00,2025-12-01 18:00:00,"[306, 307, 308, 309, 310, 311, 312, 313, 314, 315, 316, 317, 318, 319, 320, 321, 322, 323, 324, 325, 326, 327, 328, 329, 330, 331, 332, 333]","[292, 293, 294, 295, 296, 297, 298, 299, 300, 301, 302, 303, 304, 305]",107,144,10800.0,12076.11460268028,12110.073505565317,False,keep_no_improvement_or_insufficient_history,0.011520873988047242,3.410605131648481e-13,0.429266666666687,B
335,2025-12-02,2025-12-02 06:00:00,6,335,34,2025-12-02 06:00:00,2025-12-02 06:00:00,"[307, 308, 309, 310, 311, 312, 313, 314, 315, 316, 317, 318, 319, 320, 321, 322, 323, 324, 325, 326, 327, 328, 329, 330, 331, 332, 333, 334]","[293, 294, 295, 296, 297, 298, 299, 300, 301, 302, 303, 304, 305, 306]",35,71,8518.615076537046,100896.69075915382,78555.31232736396,True,heldout_improvement,0.025110110000241548,1.8189894035458565e-12,73.29620833333334,B
335,2025-12-02,2025-12-02 12:00:00,12,335,70,2025-12-02 12:00:00,2025-12-02 12:00:00,"[307, 308, 309, 310, 311, 312, 313, 314, 315, 316, 317, 318, 319, 320, 321, 322, 323, 324, 325, 326, 327, 328, 329, 330, 331, 332, 333, 334]","[293, 294, 295, 296, 297, 298, 299, 300, 301, 302, 303, 304, 305, 306]",71,107,6784.729319297071,52299.36430701951,42103.08778057467,True,heldout_improvement,0.01605995901627466,4.547473508864641e-13,75.48984166666665,B
335,2025-12-02,2025-12-02 18:00:00,18,335,106,2025-12-02 18:00:00,2025-12-02 18:00:00,"[307, 308, 309, 310, 311, 312, 313, 314, 315, 316, 317, 318, 319, 320, 321, 322, 323, 324, 325, 326, 327, 328, 329, 330, 331, 332, 333, 334]","[293, 294, 295, 296, 297, 298, 299, 300, 301, 302, 303, 304, 305, 306]",107,144,10800.0,12550.889201064498,12582.652762446562,False,keep_no_improvement_or_insufficient_history,0.011728698038496077,1.8189894035458565e-12,18.153320833333357,B
336,2025-12-03,2025-12-03 06:00:00,6,336,34,2025-12-03 06:00:00,2025-12-03 06:00:00,"[308, 309, 310, 311, 312, 313, 314, 315, 316, 317, 318, 319, 320, 321, 322, 323, 324, 325, 326, 327, 328, 329, 330, 331, 332, 333, 334, 335]","[294, 295, 296, 297, 298, 299, 300, 301, 302, 303, 304, 305, 306, 307]",35,71,10800.0,75718.8566092158,71298.91654550491,True,heldout_improvement,0.026876277988776565,1.8189894035458565e-12,89.72457916666659,B
336,2025-12-03,2025-12-03 12:00:00,12,336,70,2025-12-03 12:00:00,2025-12-03 12:00:00,"[308, 309, 310, 311, 312, 313, 314, 315, 316, 317, 318, 319, 320, 321, 322, 323, 324, 325, 326, 327, 328, 329, 330, 331, 332, 333, 334, 335]","[294, 295, 296, 297, 298, 299, 300, 301, 302, 303, 304, 305, 306, 307]",71,107,7767.445048227793,49837.982520228594,43843.91289247496,True,heldout_improvement,0.012369529984425753,1.8189894035458565e-12,74.79063333333343,B
336,2025-12-03,2025-12-03 18:00:00,18,336,106,2025-12-03 18:00:00,2025-12-03 18:00:00,"[308, 309, 310, 311, 312, 313, 314, 315, 316, 317, 318, 319, 320, 321, 322, 323, 324, 325, 326, 327, 328, 329, 330, 331, 332, 333, 334, 335]","[294, 295, 296, 297, 298, 299, 300, 301, 302, 303, 304, 305, 306, 307]",107,144,10800.0,12216.163509050555,12224.84202277364,False,keep_no_improvement_or_insufficient_history,0.011233631987124681,1.8189894035458565e-12,7.092283333333246,B
337,2025-12-04,2025-12-04 06:00:00,6,337,34,2025-12-04 06:00:00,2025-12-04 06:00:00,"[309, 310, 311, 312, 313, 314, 315, 316, 317, 318, 319, 320, 321, 322, 323, 324, 325, 326, 327, 328, 329, 330, 331, 332, 333, 334, 335, 336]","[295, 296, 297, 298, 299, 300, 301, 302, 303, 304, 305, 306, 307, 308]",35,71,10540.263579465707,63000.31140590093,64790.58433097815,False,keep_no_improvement_or_insufficient_history,0.04026674502529204,1.8189894035458565e-12,89.30562083333332,B
337,2025-12-04,2025-12-04 12:00:00,12,337,70,2025-12-04 12:00:00,2025-12-04 12:00:00,"[309, 310, 311, 312, 313, 314, 315, 316, 317, 318, 319, 320, 321, 322, 323, 324, 325, 326, 327, 328, 329, 330, 331, 332, 333, 334, 335, 336]","[295, 296, 297, 298, 299, 300, 301, 302, 303, 304, 305, 306, 307, 308]",71,107,6425.349523873114,51659.29715577506,42187.77747718908,True,heldout_improvement,0.02359226398402825,1.8189894035458565e-12,98.9648875000001,B
337,2025-12-04,2025-12-04 18:00:00,18,337,106,2025-12-04 18:00:00,2025-12-04 18:00:00,"[309, 310, 311, 312, 313, 314, 315, 316, 317, 318, 319, 320, 321, 322, 323, 324, 325, 326, 327, 328, 329, 330, 331, 332, 333, 334, 335, 336]","[295, 296, 297, 298, 299, 300, 301, 302, 303, 304, 305, 306, 307, 308]",107,144,10800.0,13528.44254194305,13523.106992207517,True,heldout_improvement,0.012067898001987487,1.8189894035458565e-12,38.6488708333333,B
338,2025-12-05,2025-12-05 06:00:00,6,338,34,2025-12-05 06:00:00,2025-12-05 06:00:00,"[310, 311, 312, 313, 314, 315, 316, 317, 318, 319, 320, 321, 322, 323, 324, 325, 326, 327, 328, 329, 330, 331, 332, 333, 334, 335, 336, 337]","[296, 297, 298, 299, 300, 301, 302, 303, 304, 305, 306, 307, 308, 309]",35,71,10643.027837314816,41284.69038399921,32967.10110547336,True,heldout_improvement,0.031067359959706664,1.8189894035458565e-12,76.0011833333333,B
338,2025-12-05,2025-12-05 12:00:00,12,338,70,2025-12-05 12:00:00,2025-12-05 12:00:00,"[310, 311, 312, 313, 314, 315, 316, 317, 318, 319, 320, 321, 322, 323, 324, 325, 326, 327, 328, 329, 330, 331, 332, 333, 334, 335, 336, 337]","[296, 297, 298, 299, 300, 301, 302, 303, 304, 305, 306, 307, 308, 309]",71,107,6471.875590833336,31968.537164546062,23600.31484724796,True,heldout_improvement,0.025476774026174098,3.637978807091713e-12,84.47783333333332,B
338,2025-12-05,2025-12-05 18:00:00,18,338,106,2025-12-05 18:00:00,2025-12-05 18:00:00,"[310, 311, 312, 313, 314, 315, 316, 317, 318, 319, 320, 321, 322, 323, 324, 325, 326, 327, 328, 329, 330, 331, 332, 333, 334, 335, 336, 337]","[296, 297, 298, 299, 300, 301, 302, 303, 304, 305, 306, 307, 308, 309]",107,144,10800.0,4023.645020048388,4023.645020048388,False,keep_no_improvement_or_insufficient_history,0.020856024988461286,1.8189894035458565e-12,11.494408333333391,B
339,2025-12-06,2025-12-06 06:00:00,6,339,34,2025-12-06 06:00:00,2025-12-06 06:00:00,"[311, 312, 313, 314, 315, 316, 317, 318, 319, 320, 321, 322, 323, 324, 325, 326, 327, 328, 329, 330, 331, 332, 333, 334, 335, 336, 337, 338]","[297, 298, 299, 300, 301, 302, 303, 304, 305, 306, 307, 308, 309, 310]",35,71,10800.0,43300.358066652436,32134.8172971137,True,heldout_improvement,0.023876992985606194,1.8189894035458565e-12,77.84789166666667,B
339,2025-12-06,2025-12-06 12:00:00,12,339,70,2025-12-06 12:00:00,2025-12-06 12:00:00,"[311, 312, 313, 314, 315, 316, 317, 318, 319, 320, 321, 322, 323, 324, 325, 326, 327, 328, 329, 330, 331, 332, 333, 334, 335, 336, 337, 338]","[297, 298, 299, 300, 301, 302, 303, 304, 305, 306, 307, 308, 309, 310]",71,107,6355.310833313501,26472.958769821755,21978.591499340157,True,heldout_improvement,0.02582783199613914,1.8189894035458565e-12,78.57472083333342,B
339,2025-12-06,2025-12-06 18:00:00,18,339,106,2025-12-06 18:00:00,2025-12-06 18:00:00,"[311, 312, 313, 314, 315, 316, 317, 318, 319, 320, 321, 322, 323, 324, 325, 326, 327, 328, 329, 330, 331, 332, 333, 334, 335, 336, 337, 338]","[297, 298, 299, 300, 301, 302, 303, 304, 305, 306, 307, 308, 309, 310]",107,144,10800.0,4343.297983375864,4333.183342874441,True,heldout_improvement,0.011763218033593148,1.1368683772161603e-12,16.224166666666633,B
340,2025-12-07,2025-12-07 06:00:00,6,340,34,2025-12-07 06:00:00,2025-12-07 06:00:00,"[312, 313, 314, 315, 316, 317, 318, 319, 320, 321, 322, 323, 324, 325, 326, 327, 328, 329, 330, 331, 332, 333, 334, 335, 336, 337, 338, 339]","[298, 299, 300, 301, 302, 303, 304, 305, 306, 307, 308, 309, 310, 311]",35,71,10747.007910554536,61460.7900472128,62728.000267131116,False,keep_no_improvement_or_insufficient_history,0.030626579013187438,1.8189894035458565e-12,74.9066875,B
340,2025-12-07,2025-12-07 12:00:00,12,340,70,2025-12-07 12:00:00,2025-12-07 12:00:00,"[312, 313, 314, 315, 316, 317, 318, 319, 320, 321, 322, 323, 324, 325, 326, 327, 328, 329, 330, 331, 332, 333, 334, 335, 336, 337, 338, 339]","[298, 299, 300, 301, 302, 303, 304, 305, 306, 307, 308, 309, 310, 311]",71,107,6397.999970832315,55521.56727106087,46155.48328447152,True,heldout_improvement,0.015750620048493147,1.3301360013429075e-11,87.42746666666667,B
340,2025-12-07,2025-12-07 18:00:00,18,340,106,2025-12-07 18:00:00,2025-12-07 18:00:00,"[312, 313, 314, 315, 316, 317, 318, 319, 320, 321, 322, 323, 324, 325, 326, 327, 328, 329, 330, 331, 332, 333, 334, 335, 336, 337, 338, 339]","[298, 299, 300, 301, 302, 303, 304, 305, 306, 307, 308, 309, 310, 311]",107,144,10800.0,12494.35048715389,12494.35959975528,False,keep_no_improvement_or_insufficient_history,0.011850068985950202,2.2026824808563106e-12,13.105458333333369,B
341,2025-12-08,2025-12-08 06:00:00,6,341,34,2025-12-08 06:00:00,2025-12-08 06:00:00,"[313, 314, 315, 316, 317, 318, 319, 320, 321, 322, 323, 324, 325, 326, 327, 328, 329, 330, 331, 332, 333, 334, 335, 336, 337, 338, 339, 340]","[299, 300, 301, 302, 303, 304, 305, 306, 307, 308, 309, 310, 311, 312]",35,71,10800.0,67536.2397466528,66823.05269052538,True,heldout_improvement,0.028647301020100713,1.8189894035458565e-12,43.601675000000036,B
341,2025-12-08,2025-12-08 12:00:00,12,341,70,2025-12-08 12:00:00,2025-12-08 12:00:00,"[313, 314, 315, 316, 317, 318, 319, 320, 321, 322, 323, 324, 325, 326, 327, 328, 329, 330, 331, 332, 333, 334, 335, 336, 337, 338, 339, 340]","[299, 300, 301, 302, 303, 304, 305, 306, 307, 308, 309, 310, 311, 312]",71,107,8206.398965065588,37607.92813635448,35718.46029872535,True,heldout_improvement,0.02067333599552512,1.8189894035458565e-12,32.7465458333332,B
341,2025-12-08,2025-12-08 18:00:00,18,341,106,2025-12-08 18:00:00,2025-12-08 18:00:00,"[313, 314, 315, 316, 317, 318, 319, 320, 321, 322, 323, 324, 325, 326, 327, 328, 329, 330, 331, 332, 333, 334, 335, 336, 337, 338, 339, 340]","[299, 300, 301, 302, 303, 304, 305, 306, 307, 308, 309, 310, 311, 312]",107,144,10800.0,12490.585781651767,12512.265651941749,False,keep_no_improvement_or_insufficient_history,0.012072108977008611,1.8189894035458565e-12,9.95798750000002,B
342,2025-12-09,2025-12-09 06:00:00,6,342,34,2025-12-09 06:00:00,2025-12-09 06:00:00,"[314, 315, 316, 317, 318, 319, 320, 321, 322, 323, 324, 325, 326, 327, 328, 329, 330, 331, 332, 333, 334, 335, 336, 337, 338, 339, 340, 341]","[300, 301, 302, 303, 304, 305, 306, 307, 308, 309, 310, 311, 312, 313]",35,71,10785.590185185185,53078.95449246285,55125.95453502007,False,keep_no_improvement_or_insufficient_history,0.03838189103407785,1.8189894035458565e-12,37.0811416666667,B
342,2025-12-09,2025-12-09 12:00:00,12,342,70,2025-12-09 12:00:00,2025-12-09 12:00:00,"[314, 315, 316, 317, 318, 319, 320, 321, 322, 323, 324, 325, 326, 327, 328, 329, 330, 331, 332, 333, 334, 335, 336, 337, 338, 339, 340, 341]","[300, 301, 302, 303, 304, 305, 306, 307, 308, 309, 310, 311, 312, 313]",71,107,6799.749361697035,39615.16904178489,37883.525135042946,True,heldout_improvement,0.028294321964494884,1.8189894035458565e-12,43.362500000000026,B
342,2025-12-09,2025-12-09 18:00:00,18,342,106,2025-12-09 18:00:00,2025-12-09 18:00:00,"[314, 315, 316, 317, 318, 319, 320, 321, 322, 323, 324, 325, 326, 327, 328, 329, 330, 331, 332, 333, 334, 335, 336, 337, 338, 339, 340, 341]","[300, 301, 302, 303, 304, 305, 306, 307, 308, 309, 310, 311, 312, 313]",107,144,10800.0,12731.038389448035,12736.172510934217,False,keep_no_improvement_or_insufficient_history,0.012027416029013693,1.6555645743210334e-12,14.918150000000043,B
343,2025-12-10,2025-12-10 06:00:00,6,343,34,2025-12-10 06:00:00,2025-12-10 06:00:00,"[315, 316, 317, 318, 319, 320, 321, 322, 323, 324, 325, 326, 327, 328, 329, 330, 331, 332, 333, 334, 335, 336, 337, 338, 339, 340, 341, 342]","[301, 302, 303, 304, 305, 306, 307, 308, 309, 310, 311, 312, 313, 314]",35,71,10800.0,59704.20874211447,60121.23356146033,False,keep_no_improvement_or_insufficient_history,0.028603710990864784,1.8189894035458565e-12,43.68626250000003,B
343,2025-12-10,2025-12-10 12:00:00,12,343,70,2025-12-10 12:00:00,2025-12-10 12:00:00,"[315, 316, 317, 318, 319, 320, 321, 322, 323, 324, 325, 326, 327, 328, 329, 330, 331, 332, 333, 334, 335, 336, 337, 338, 339, 340, 341, 342]","[301, 302, 303, 304, 305, 306, 307, 308, 309, 310, 311, 312, 313, 314]",71,107,7417.90522037037,37013.09980875842,34887.27345242222,True,heldout_improvement,0.029658804007340223,1.8189894035458565e-12,35.237795833333315,B
343,2025-12-10,2025-12-10 18:00:00,18,343,106,2025-12-10 18:00:00,2025-12-10 18:00:00,"[315, 316, 317, 318, 319, 320, 321, 322, 323, 324, 325, 326, 327, 328, 329, 330, 331, 332, 333, 334, 335, 336, 337, 338, 339, 340, 341, 342]","[301, 302, 303, 304, 305, 306, 307, 308, 309, 310, 311, 312, 313, 314]",107,144,10776.382958111111,12702.789755382344,12772.269601981961,False,keep_no_improvement_or_insufficient_history,0.012068693991750479,9.094947017729282e-13,17.15910833333328,B
344,2025-12-11,2025-12-11 06:00:00,6,344,34,2025-12-11 06:00:00,2025-12-11 06:00:00,"[316, 317, 318, 319, 320, 321, 322, 323, 324, 325, 326, 327, 328, 329, 330, 331, 332, 333, 334, 335, 336, 337, 338, 339, 340, 341, 342, 343]","[302, 303, 304, 305, 306, 307, 308, 309, 310, 311, 312, 313, 314, 315]",35,71,10800.0,49194.04423351372,49993.057362077576,False,keep_no_improvement_or_insufficient_history,0.027351229975465685,3.637978807091713e-12,25.030420833333324,B
344,2025-12-11,2025-12-11 12:00:00,12,344,70,2025-12-11 12:00:00,2025-12-11 12:00:00,"[316, 317, 318, 319, 320, 321, 322, 323, 324, 325, 326, 327, 328, 329, 330, 331, 332, 333, 334, 335, 336, 337, 338, 339, 340, 341, 342, 343]","[302, 303, 304, 305, 306, 307, 308, 309, 310, 311, 312, 313, 314, 315]",71,107,8139.718684277777,33980.03584640507,33646.72116222318,True,heldout_improvement,0.0341013660072349,1.8189894035458565e-12,27.37657083333329,B
344,2025-12-11,2025-12-11 18:00:00,18,344,106,2025-12-11 18:00:00,2025-12-11 18:00:00,"[316, 317, 318, 319, 320, 321, 322, 323, 324, 325, 326, 327, 328, 329, 330, 331, 332, 333, 334, 335, 336, 337, 338, 339, 340, 341, 342, 343]","[302, 303, 304, 305, 306, 307, 308, 309, 310, 311, 312, 313, 314, 315]",107,144,10374.251977526226,12857.41926654603,12998.569333703648,False,keep_no_improvement_or_insufficient_history,0.012595246953424066,9.094947017729282e-13,2.164529166666701,B
345,2025-12-12,2025-12-12 06:00:00,6,345,34,2025-12-12 06:00:00,2025-12-12 06:00:00,"[317, 318, 319, 320, 321, 322, 323, 324, 325, 326, 327, 328, 329, 330, 331, 332, 333, 334, 335, 336, 337, 338, 339, 340, 341, 342, 343, 344]","[303, 304, 305, 306, 307, 308, 309, 310, 311, 312, 313, 314, 315, 316]",35,71,10800.0,27540.257929081294,22074.76190596287,True,heldout_improvement,0.023360125022009015,1.8189894035458565e-12,40.63114166666666,B
345,2025-12-12,2025-12-12 12:00:00,12,345,70,2025-12-12 12:00:00,2025-12-12 12:00:00,"[317, 318, 319, 320, 321, 322, 323, 324, 325, 326, 327, 328, 329, 330, 331, 332, 333, 334, 335, 336, 337, 338, 339, 340, 341, 342, 343, 344]","[303, 304, 305, 306, 307, 308, 309, 310, 311, 312, 313, 314, 315, 316]",71,107,7138.910930925926,17783.16234109987,16262.736892703919,True,heldout_improvement,0.027823407028336078,2.7284841053187847e-12,46.90200416666668,B
345,2025-12-12,2025-12-12 18:00:00,18,345,106,2025-12-12 18:00:00,2025-12-12 18:00:00,"[317, 318, 319, 320, 321, 322, 323, 324, 325, 326, 327, 328, 329, 330, 331, 332, 333, 334, 335, 336, 337, 338, 339, 340, 341, 342, 343, 344]","[303, 304, 305, 306, 307, 308, 309, 310, 311, 312, 313, 314, 315, 316]",107,144,10800.0,4054.900854620787,4031.6399176803634,True,heldout_improvement,0.011933934001717716,1.5916157281026244e-12,1.1734958333333152,B
346,2025-12-13,2025-12-13 06:00:00,6,346,34,2025-12-13 06:00:00,2025-12-13 06:00:00,"[318, 319, 320, 321, 322, 323, 324, 325, 326, 327, 328, 329, 330, 331, 332, 333, 334, 335, 336, 337, 338, 339, 340, 341, 342, 343, 344, 345]","[304, 305, 306, 307, 308, 309, 310, 311, 312, 313, 314, 315, 316, 317]",35,71,9674.625867926437,39123.52282206641,31094.15671127787,True,heldout_improvement,0.021458597970195115,9.094947017729282e-13,38.85513749999999,B
346,2025-12-13,2025-12-13 12:00:00,12,346,70,2025-12-13 12:00:00,2025-12-13 12:00:00,"[318, 319, 320, 321, 322, 323, 324, 325, 326, 327, 328, 329, 330, 331, 332, 333, 334, 335, 336, 337, 338, 339, 340, 341, 342, 343, 344, 345]","[304, 305, 306, 307, 308, 309, 310, 311, 312, 313, 314, 315, 316, 317]",71,107,6664.782439648916,20914.66516330419,17988.625790986458,True,heldout_improvement,0.02775839198147878,9.094947017729282e-13,48.783087499999965,B
346,2025-12-13,2025-12-13 18:00:00,18,346,106,2025-12-13 18:00:00,2025-12-13 18:00:00,"[318, 319, 320, 321, 322, 323, 324, 325, 326, 327, 328, 329, 330, 331, 332, 333, 334, 335, 336, 337, 338, 339, 340, 341, 342, 343, 344, 345]","[304, 305, 306, 307, 308, 309, 310, 311, 312, 313, 314, 315, 316, 317]",107,144,10800.0,4170.67469088494,4191.4273924680665,False,keep_no_improvement_or_insufficient_history,0.011591424990911037,1.3073986337985843e-12,9.488524999999981,B
347,2025-12-14,2025-12-14 06:00:00,6,347,34,2025-12-14 06:00:00,2025-12-14 06:00:00,"[319, 320, 321, 322, 323, 324, 325, 326, 327, 328, 329, 330, 331, 332, 333, 334, 335, 336, 337, 338, 339, 340, 341, 342, 343, 344, 345, 346]","[305, 306, 307, 308, 309, 310, 311, 312, 313, 314, 315, 316, 317, 318]",35,71,10743.407888888889,57515.03640574541,58204.03569895215,False,keep_no_improvement_or_insufficient_history,0.03320773801533505,1.8189894035458565e-12,39.72589166666667,B
347,2025-12-14,2025-12-14 12:00:00,12,347,70,2025-12-14 12:00:00,2025-12-14 12:00:00,"[319, 320, 321, 322, 323, 324, 325, 326, 327, 328, 329, 330, 331, 332, 333, 334, 335, 336, 337, 338, 339, 340, 341, 342, 343, 344, 345, 346]","[305, 306, 307, 308, 309, 310, 311, 312, 313, 314, 315, 316, 317, 318]",71,107,6376.391843388886,41390.926460582436,40311.55246071843,True,heldout_improvement,0.035374113998841494,1.8189894035458565e-12,37.73738750000007,B
347,2025-12-14,2025-12-14 18:00:00,18,347,106,2025-12-14 18:00:00,2025-12-14 18:00:00,"[319, 320, 321, 322, 323, 324, 325, 326, 327, 328, 329, 330, 331, 332, 333, 334, 335, 336, 337, 338, 339, 340, 341, 342, 343, 344, 345, 346]","[305, 306, 307, 308, 309, 310, 311, 312, 313, 314, 315, 316, 317, 318]",107,144,10800.0,12556.613926925236,12596.765579665122,False,keep_no_improvement_or_insufficient_history,0.011669563013128936,9.094947017729282e-13,5.807916666666642,B
348,2025-12-15,2025-12-15 06:00:00,6,348,34,2025-12-15 06:00:00,2025-12-15 06:00:00,"[320, 321, 322, 323, 324, 325, 326, 327, 328, 329, 330, 331, 332, 333, 334, 335, 336, 337, 338, 339, 340, 341, 342, 343, 344, 345, 346, 347]","[306, 307, 308, 309, 310, 311, 312, 313, 314, 315, 316, 317, 318, 319]",35,71,10800.0,49577.04095558875,50251.78154762433,False,keep_no_improvement_or_insufficient_history,0.027022384980227798,1.5006662579253316e-11,-19.761483333333366,B
348,2025-12-15,2025-12-15 12:00:00,12,348,70,2025-12-15 12:00:00,2025-12-15 12:00:00,"[320, 321, 322, 323, 324, 325, 326, 327, 328, 329, 330, 331, 332, 333, 334, 335, 336, 337, 338, 339, 340, 341, 342, 343, 344, 345, 346, 347]","[306, 307, 308, 309, 310, 311, 312, 313, 314, 315, 316, 317, 318, 319]",71,107,7789.711581314814,32989.2107748058,33246.13168483748,False,keep_no_improvement_or_insufficient_history,0.018292494991328567,3.524291969370097e-12,-14.64298750000004,B
348,2025-12-15,2025-12-15 18:00:00,18,348,106,2025-12-15 18:00:00,2025-12-15 18:00:00,"[320, 321, 322, 323, 324, 325, 326, 327, 328, 329, 330, 331, 332, 333, 334, 335, 336, 337, 338, 339, 340, 341, 342, 343, 344, 345, 346, 347]","[306, 307, 308, 309, 310, 311, 312, 313, 314, 315, 316, 317, 318, 319]",107,144,10683.409419962962,12674.018869484562,12643.823740086405,True,heldout_improvement,0.01221124001313001,9.094947017729282e-13,6.375416666666675,B
349,2025-12-16,2025-12-16 06:00:00,6,349,34,2025-12-16 06:00:00,2025-12-16 06:00:00,"[321, 322, 323, 324, 325, 326, 327, 328, 329, 330, 331, 332, 333, 334, 335, 336, 337, 338, 339, 340, 341, 342, 343, 344, 345, 346, 347, 348]","[307, 308, 309, 310, 311, 312, 313, 314, 315, 316, 317, 318, 319, 320]",35,71,10800.0,50573.89644116325,51783.94291471061,False,keep_no_improvement_or_insufficient_history,0.024753987963777035,1.8189894035458565e-12,0.1039416666666663,B
349,2025-12-16,2025-12-16 12:00:00,12,349,70,2025-12-16 12:00:00,2025-12-16 12:00:00,"[321, 322, 323, 324, 325, 326, 327, 328, 329, 330, 331, 332, 333, 334, 335, 336, 337, 338, 339, 340, 341, 342, 343, 344, 345, 346, 347, 348]","[307, 308, 309, 310, 311, 312, 313, 314, 315, 316, 317, 318, 319, 320]",71,107,7883.925916444276,35466.030915389674,35593.551517902124,False,keep_no_improvement_or_insufficient_history,0.017203480994794518,1.8189894035458565e-12,20.003850000000057,B
349,2025-12-16,2025-12-16 18:00:00,18,349,106,2025-12-16 18:00:00,2025-12-16 18:00:00,"[321, 322, 323, 324, 325, 326, 327, 328, 329, 330, 331, 332, 333, 334, 335, 336, 337, 338, 339, 340, 341, 342, 343, 344, 345, 346, 347, 348]","[307, 308, 309, 310, 311, 312, 313, 314, 315, 316, 317, 318, 319, 320]",107,144,10763.085968999121,12634.934568780032,12670.103859978595,False,keep_no_improvement_or_insufficient_history,0.013298912963364273,9.094947017729282e-13,0.9949624999999287,B
350,2025-12-17,2025-12-17 06:00:00,6,350,34,2025-12-17 06:00:00,2025-12-17 06:00:00,"[322, 323, 324, 325, 326, 327, 328, 329, 330, 331, 332, 333, 334, 335, 336, 337, 338, 339, 340, 341, 342, 343, 344, 345, 346, 347, 348, 349]","[308, 309, 310, 311, 312, 313, 314, 315, 316, 317, 318, 319, 320, 321]",35,71,10800.0,51149.30521253849,50958.07300535543,True,heldout_improvement,0.02780935599002987,1.8189894035458565e-12,-1.378154166666718,B
350,2025-12-17,2025-12-17 12:00:00,12,350,70,2025-12-17 12:00:00,2025-12-17 12:00:00,"[322, 323, 324, 325, 326, 327, 328, 329, 330, 331, 332, 333, 334, 335, 336, 337, 338, 339, 340, 341, 342, 343, 344, 345, 346, 347, 348, 349]","[308, 309, 310, 311, 312, 313, 314, 315, 316, 317, 318, 319, 320, 321]",71,107,4508.613278483083,33815.17150914759,34933.635291148625,False,keep_no_improvement_or_insufficient_history,0.017705745995044708,9.094947017729282e-13,5.06552499999998,B
350,2025-12-17,2025-12-17 18:00:00,18,350,106,2025-12-17 18:00:00,2025-12-17 18:00:00,"[322, 323, 324, 325, 326, 327, 328, 329, 330, 331, 332, 333, 334, 335, 336, 337, 338, 339, 340, 341, 342, 343, 344, 345, 346, 347, 348, 349]","[308, 309, 310, 311, 312, 313, 314, 315, 316, 317, 318, 319, 320, 321]",107,144,10389.387884336418,12779.72521487115,12756.426626958566,True,heldout_improvement,0.011370380001608282,4.547473508864641e-13,-0.429749999999937,B
351,2025-12-18,2025-12-18 06:00:00,6,351,34,2025-12-18 06:00:00,2025-12-18 06:00:00,"[323, 324, 325, 326, 327, 328, 329, 330, 331, 332, 333, 334, 335, 336, 337, 338, 339, 340, 341, 342, 343, 344, 345, 346, 347, 348, 349, 350]","[309, 310, 311, 312, 313, 314, 315, 316, 317, 318, 319, 320, 321, 322]",35,71,10800.0,50625.95856957425,51742.822989176275,False,keep_no_improvement_or_insufficient_history,0.02109763299813494,3.637978807091713e-12,4.245641666666605,B
351,2025-12-18,2025-12-18 12:00:00,12,351,70,2025-12-18 12:00:00,2025-12-18 12:00:00,"[323, 324, 325, 326, 327, 328, 329, 330, 331, 332, 333, 334, 335, 336, 337, 338, 339, 340, 341, 342, 343, 344, 345, 346, 347, 348, 349, 350]","[309, 310, 311, 312, 313, 314, 315, 316, 317, 318, 319, 320, 321, 322]",71,107,6791.950340592593,34009.82641644522,34413.234187371425,False,keep_no_improvement_or_insufficient_history,0.030716220964677632,1.8189894035458565e-12,13.643749999999878,B
351,2025-12-18,2025-12-18 18:00:00,18,351,106,2025-12-18 18:00:00,2025-12-18 18:00:00,"[323, 324, 325, 326, 327, 328, 329, 330, 331, 332, 333, 334, 335, 336, 337, 338, 339, 340, 341, 342, 343, 344, 345, 346, 347, 348, 349, 350]","[309, 310, 311, 312, 313, 314, 315, 316, 317, 318, 319, 320, 321, 322]",107,144,10800.0,12269.2255483211,12330.992543481369,False,keep_no_improvement_or_insufficient_history,0.011404839984606951,1.546096584092993e-12,-6.8313750000000555,B
352,2025-12-19,2025-12-19 06:00:00,6,352,34,2025-12-19 06:00:00,2025-12-19 06:00:00,"[324, 325, 326, 327, 328, 329, 330, 331, 332, 333, 334, 335, 336, 337, 338, 339, 340, 341, 342, 343, 344, 345, 346, 347, 348, 349, 350, 351]","[310, 311, 312, 313, 314, 315, 316, 317, 318, 319, 320, 321, 322, 323]",35,71,10800.0,17244.503493596934,18356.34990885824,False,keep_no_improvement_or_insufficient_history,0.0300262090167962,3.637978807091713e-12,-1.0432708333333567,B
352,2025-12-19,2025-12-19 12:00:00,12,352,70,2025-12-19 12:00:00,2025-12-19 12:00:00,"[324, 325, 326, 327, 328, 329, 330, 331, 332, 333, 334, 335, 336, 337, 338, 339, 340, 341, 342, 343, 344, 345, 346, 347, 348, 349, 350, 351]","[310, 311, 312, 313, 314, 315, 316, 317, 318, 319, 320, 321, 322, 323]",71,107,7914.334363444442,10959.971960717212,10818.469516520952,True,heldout_improvement,0.030172312981449068,1.5575096767861396e-11,-14.422916666666726,B
352,2025-12-19,2025-12-19 18:00:00,18,352,106,2025-12-19 18:00:00,2025-12-19 18:00:00,"[324, 325, 326, 327, 328, 329, 330, 331, 332, 333, 334, 335, 336, 337, 338, 339, 340, 341, 342, 343, 344, 345, 346, 347, 348, 349, 350, 351]","[310, 311, 312, 313, 314, 315, 316, 317, 318, 319, 320, 321, 322, 323]",107,144,9389.255678980564,10093.438297903895,6212.962769762838,True,heldout_improvement,0.022398373985197395,4.547473508864641e-13,1.9167708333333164,B
353,2025-12-20,2025-12-20 06:00:00,6,353,34,2025-12-20 06:00:00,2025-12-20 06:00:00,"[325, 326, 327, 328, 329, 330, 331, 332, 333, 334, 335, 336, 337, 338, 339, 340, 341, 342, 343, 344, 345, 346, 347, 348, 349, 350, 351, 352]","[311, 312, 313, 314, 315, 316, 317, 318, 319, 320, 321, 322, 323, 324]",35,71,10800.0,15702.605695429655,17707.3783977897,False,keep_no_improvement_or_insufficient_history,0.03300319903064519,2.5011104298755527e-12,11.127454166666666,B
353,2025-12-20,2025-12-20 12:00:00,12,353,70,2025-12-20 12:00:00,2025-12-20 12:00:00,"[325, 326, 327, 328, 329, 330, 331, 332, 333, 334, 335, 336, 337, 338, 339, 340, 341, 342, 343, 344, 345, 346, 347, 348, 349, 350, 351, 352]","[311, 312, 313, 314, 315, 316, 317, 318, 319, 320, 321, 322, 323, 324]",71,107,7764.606186674999,11405.035341787696,10830.970070470843,True,heldout_improvement,0.02950734196929261,1.1254996934439987e-11,-12.093208333333411,B
353,2025-12-20,2025-12-20 18:00:00,18,353,106,2025-12-20 18:00:00,2025-12-20 18:00:00,"[325, 326, 327, 328, 329, 330, 331, 332, 333, 334, 335, 336, 337, 338, 339, 340, 341, 342, 343, 344, 345, 346, 347, 348, 349, 350, 351, 352]","[311, 312, 313, 314, 315, 316, 317, 318, 319, 320, 321, 322, 323, 324]",107,144,9815.100177125247,7356.193541798691,5909.878475399847,True,heldout_improvement,0.01383125502616167,2.2737367544323206e-13,11.55344583333336,B
354,2025-12-21,2025-12-21 06:00:00,6,354,34,2025-12-21 06:00:00,2025-12-21 06:00:00,"[326, 327, 328, 329, 330, 331, 332, 333, 334, 335, 336, 337, 338, 339, 340, 341, 342, 343, 344, 345, 346, 347, 348, 349, 350, 351, 352, 353]","[312, 313, 314, 315, 316, 317, 318, 319, 320, 321, 322, 323, 324, 325]",35,71,10794.405194444445,49816.748282420325,50441.942877522735,False,keep_no_improvement_or_insufficient_history,0.030613381997682154,2.7284841053187847e-12,2.6708375000000615,B
354,2025-12-21,2025-12-21 12:00:00,12,354,70,2025-12-21 12:00:00,2025-12-21 12:00:00,"[326, 327, 328, 329, 330, 331, 332, 333, 334, 335, 336, 337, 338, 339, 340, 341, 342, 343, 344, 345, 346, 347, 348, 349, 350, 351, 352, 353]","[312, 313, 314, 315, 316, 317, 318, 319, 320, 321, 322, 323, 324, 325]",71,107,7882.433246796296,34083.5361670731,34134.0458049017,False,keep_no_improvement_or_insufficient_history,0.026955623005051166,3.637978807091713e-12,11.20410833333335,B
354,2025-12-21,2025-12-21 18:00:00,18,354,106,2025-12-21 18:00:00,2025-12-21 18:00:00,"[326, 327, 328, 329, 330, 331, 332, 333, 334, 335, 336, 337, 338, 339, 340, 341, 342, 343, 344, 345, 346, 347, 348, 349, 350, 351, 352, 353]","[312, 313, 314, 315, 316, 317, 318, 319, 320, 321, 322, 323, 324, 325]",107,144,10800.0,12107.208048772869,12220.687789237636,False,keep_no_improvement_or_insufficient_history,0.014269587001763284,1.9539925233402755e-12,-13.95052500000012,B
355,2025-12-22,2025-12-22 06:00:00,6,355,34,2025-12-22 06:00:00,2025-12-22 06:00:00,"[327, 328, 329, 330, 331, 332, 333, 334, 335, 336, 337, 338, 339, 340, 341, 342, 343, 344, 345, 346, 347, 348, 349, 350, 351, 352, 353, 354]","[313, 314, 315, 316, 317, 318, 319, 320, 321, 322, 323, 324, 325, 326]",35,71,10800.0,47962.51254931767,49101.77706033063,False,keep_no_improvement_or_insufficient_history,0.030955791007727385,3.637978807091713e-12,-2.5764916666666595,B
355,2025-12-22,2025-12-22 12:00:00,12,355,70,2025-12-22 12:00:00,2025-12-22 12:00:00,"[327, 328, 329, 330, 331, 332, 333, 334, 335, 336, 337, 338, 339, 340, 341, 342, 343, 344, 345, 346, 347, 348, 349, 350, 351, 352, 353, 354]","[313, 314, 315, 316, 317, 318, 319, 320, 321, 322, 323, 324, 325, 326]",71,107,7997.069471944445,32842.566614997995,32970.05121081842,False,keep_no_improvement_or_insufficient_history,0.012153657036833465,1.8189894035458565e-12,-0.11941249999995307,B
355,2025-12-22,2025-12-22 18:00:00,18,355,106,2025-12-22 18:00:00,2025-12-22 18:00:00,"[327, 328, 329, 330, 331, 332, 333, 334, 335, 336, 337, 338, 339, 340, 341, 342, 343, 344, 345, 346, 347, 348, 349, 350, 351, 352, 353, 354]","[313, 314, 315, 316, 317, 318, 319, 320, 321, 322, 323, 324, 325, 326]",107,144,10800.0,12049.650372179196,12110.721795031972,False,keep_no_improvement_or_insufficient_history,0.012794492999091744,1.8189894035458565e-12,-4.397162499999998,B
356,2025-12-23,2025-12-23 06:00:00,6,356,34,2025-12-23 06:00:00,2025-12-23 06:00:00,"[328, 329, 330, 331, 332, 333, 334, 335, 336, 337, 338, 339, 340, 341, 342, 343, 344, 345, 346, 347, 348, 349, 350, 351, 352, 353, 354, 355]","[314, 315, 316, 317, 318, 319, 320, 321, 322, 323, 324, 325, 326, 327]",35,71,10800.0,46857.500137616014,47910.760752686714,False,keep_no_improvement_or_insufficient_history,0.02055000700056553,9.094947017729282e-13,-18.57661250000001,B
356,2025-12-23,2025-12-23 12:00:00,12,356,70,2025-12-23 12:00:00,2025-12-23 12:00:00,"[328, 329, 330, 331, 332, 333, 334, 335, 336, 337, 338, 339, 340, 341, 342, 343, 344, 345, 346, 347, 348, 349, 350, 351, 352, 353, 354, 355]","[314, 315, 316, 317, 318, 319, 320, 321, 322, 323, 324, 325, 326, 327]",71,107,7355.009413425927,32677.238198584644,32992.90968599401,False,keep_no_improvement_or_insufficient_history,0.0192995069664903,1.8189894035458565e-12,-5.707875000000134,B
356,2025-12-23,2025-12-23 18:00:00,18,356,106,2025-12-23 18:00:00,2025-12-23 18:00:00,"[328, 329, 330, 331, 332, 333, 334, 335, 336, 337, 338, 339, 340, 341, 342, 343, 344, 345, 346, 347, 348, 349, 350, 351, 352, 353, 354, 355]","[314, 315, 316, 317, 318, 319, 320, 321, 322, 323, 324, 325, 326, 327]",107,144,10786.956080851853,12764.620602881541,12748.773126818045,True,heldout_improvement,0.01218284695642069,0.0,7.325929166666658,B
357,2025-12-24,2025-12-24 06:00:00,6,357,34,2025-12-24 06:00:00,2025-12-24 06:00:00,"[329, 330, 331, 332, 333, 334, 335, 336, 337, 338, 339, 340, 341, 342, 343, 344, 345, 346, 347, 348, 349, 350, 351, 352, 353, 354, 355, 356]","[315, 316, 317, 318, 319, 320, 321, 322, 323, 324, 325, 326, 327, 328]",35,71,10800.0,48768.81163945779,49513.976492159905,False,keep_no_improvement_or_insufficient_history,0.02466730703599751,1.8189894035458565e-12,-6.064516666666691,B
357,2025-12-24,2025-12-24 12:00:00,12,357,70,2025-12-24 12:00:00,2025-12-24 12:00:00,"[329, 330, 331, 332, 333, 334, 335, 336, 337, 338, 339, 340, 341, 342, 343, 344, 345, 346, 347, 348, 349, 350, 351, 352, 353, 354, 355, 356]","[315, 316, 317, 318, 319, 320, 321, 322, 323, 324, 325, 326, 327, 328]",71,107,7947.213395314817,32560.880314445218,33097.741988252645,False,keep_no_improvement_or_insufficient_history,0.011748938006348908,1.8189894035458565e-12,3.108158333333222,B
357,2025-12-24,2025-12-24 18:00:00,18,357,106,2025-12-24 18:00:00,2025-12-24 18:00:00,"[329, 330, 331, 332, 333, 334, 335, 336, 337, 338, 339, 340, 341, 342, 343, 344, 345, 346, 347, 348, 349, 350, 351, 352, 353, 354, 355, 356]","[315, 316, 317, 318, 319, 320, 321, 322, 323, 324, 325, 326, 327, 328]",107,144,10798.624254259259,12098.071943463234,12466.267277761855,False,keep_no_improvement_or_insufficient_history,0.015936487005092204,0.0,-1.760404166666755,B
358,2025-12-25,2025-12-25 06:00:00,6,358,34,2025-12-25 06:00:00,2025-12-25 06:00:00,"[330, 331, 332, 333, 334, 335, 336, 337, 338, 339, 340, 341, 342, 343, 344, 345, 346, 347, 348, 349, 350, 351, 352, 353, 354, 355, 356, 357]","[316, 317, 318, 319, 320, 321, 322, 323, 324, 325, 326, 327, 328, 329]",35,71,10800.0,47499.207915554136,48654.190179136014,False,keep_no_improvement_or_insufficient_history,0.026411311991978437,1.259839829176584e-11,1.8486916666666955,B
358,2025-12-25,2025-12-25 12:00:00,12,358,70,2025-12-25 12:00:00,2025-12-25 12:00:00,"[330, 331, 332, 333, 334, 335, 336, 337, 338, 339, 340, 341, 342, 343, 344, 345, 346, 347, 348, 349, 350, 351, 352, 353, 354, 355, 356, 357]","[316, 317, 318, 319, 320, 321, 322, 323, 324, 325, 326, 327, 328, 329]",71,107,7530.855312722222,32439.472666255937,33123.57946970257,False,keep_no_improvement_or_insufficient_history,0.024753217003308237,1.8189894035458565e-12,-9.35011666666666,B
358,2025-12-25,2025-12-25 18:00:00,18,358,106,2025-12-25 18:00:00,2025-12-25 18:00:00,"[330, 331, 332, 333, 334, 335, 336, 337, 338, 339, 340, 341, 342, 343, 344, 345, 346, 347, 348, 349, 350, 351, 352, 353, 354, 355, 356, 357]","[316, 317, 318, 319, 320, 321, 322, 323, 324, 325, 326, 327, 328, 329]",107,144,10786.25402037037,12201.974499080368,12254.606792674676,False,keep_no_improvement_or_insufficient_history,0.01200005499413237,4.4224179873708636e-11,-2.108233333333298,B
359,2025-12-26,2025-12-26 06:00:00,6,359,34,2025-12-26 06:00:00,2025-12-26 06:00:00,"[331, 332, 333, 334, 335, 336, 337, 338, 339, 340, 341, 342, 343, 344, 345, 346, 347, 348, 349, 350, 351, 352, 353, 354, 355, 356, 357, 358]","[317, 318, 319, 320, 321, 322, 323, 324, 325, 326, 327, 328, 329, 330]",35,71,10800.0,14072.417272812205,15312.16401094592,False,keep_no_improvement_or_insufficient_history,0.03887285495875403,1.8189894035458565e-12,-5.496658333333319,B
359,2025-12-26,2025-12-26 12:00:00,12,359,70,2025-12-26 12:00:00,2025-12-26 12:00:00,"[331, 332, 333, 334, 335, 336, 337, 338, 339, 340, 341, 342, 343, 344, 345, 346, 347, 348, 349, 350, 351, 352, 353, 354, 355, 356, 357, 358]","[317, 318, 319, 320, 321, 322, 323, 324, 325, 326, 327, 328, 329, 330]",71,107,7010.4948580066375,11866.423729661119,12574.128144827779,False,keep_no_improvement_or_insufficient_history,0.02821270900312811,1.8189894035458565e-12,6.221662499999942,B
359,2025-12-26,2025-12-26 18:00:00,18,359,106,2025-12-26 18:00:00,2025-12-26 18:00:00,"[331, 332, 333, 334, 335, 336, 337, 338, 339, 340, 341, 342, 343, 344, 345, 346, 347, 348, 349, 350, 351, 352, 353, 354, 355, 356, 357, 358]","[317, 318, 319, 320, 321, 322, 323, 324, 325, 326, 327, 328, 329, 330]",107,144,10784.218358916325,3944.332998064473,3941.9132802760532,True,heldout_improvement,0.0120691719930619,0.0,-5.006570833333322,B
360,2025-12-27,2025-12-27 06:00:00,6,360,34,2025-12-27 06:00:00,2025-12-27 06:00:00,"[332, 333, 334, 335, 336, 337, 338, 339, 340, 341, 342, 343, 344, 345, 346, 347, 348, 349, 350, 351, 352, 353, 354, 355, 356, 357, 358, 359]","[318, 319, 320, 321, 322, 323, 324, 325, 326, 327, 328, 329, 330, 331]",35,71,10800.0,14368.088102086942,14247.655893537949,True,heldout_improvement,0.03490796097321436,1.8189894035458565e-12,-5.822499999999991,B
360,2025-12-27,2025-12-27 12:00:00,12,360,70,2025-12-27 12:00:00,2025-12-27 12:00:00,"[332, 333, 334, 335, 336, 337, 338, 339, 340, 341, 342, 343, 344, 345, 346, 347, 348, 349, 350, 351, 352, 353, 354, 355, 356, 357, 358, 359]","[318, 319, 320, 321, 322, 323, 324, 325, 326, 327, 328, 329, 330, 331]",71,107,4901.372612059377,11713.398823373853,12050.722068754116,False,keep_no_improvement_or_insufficient_history,0.044558711000718176,2.7284841053187847e-12,-12.746766666666682,B
360,2025-12-27,2025-12-27 18:00:00,18,360,106,2025-12-27 18:00:00,2025-12-27 18:00:00,"[332, 333, 334, 335, 336, 337, 338, 339, 340, 341, 342, 343, 344, 345, 346, 347, 348, 349, 350, 351, 352, 353, 354, 355, 356, 357, 358, 359]","[318, 319, 320, 321, 322, 323, 324, 325, 326, 327, 328, 329, 330, 331]",107,144,10651.996049519892,4734.509051188542,4691.905685552213,True,heldout_improvement,0.011765255010686815,0.0,8.588475000000017,B
361,2025-12-28,2025-12-28 06:00:00,6,361,34,2025-12-28 06:00:00,2025-12-28 06:00:00,"[333, 334, 335, 336, 337, 338, 339, 340, 341, 342, 343, 344, 345, 346, 347, 348, 349, 350, 351, 352, 353, 354, 355, 356, 357, 358, 359, 360]","[319, 320, 321, 322, 323, 324, 325, 326, 327, 328, 329, 330, 331, 332]",35,71,10800.0,48786.957561275885,47873.87173270042,True,heldout_improvement,0.03144009999232367,2.6147972675971687e-12,-5.4754708333332855,B
361,2025-12-28,2025-12-28 12:00:00,12,361,70,2025-12-28 12:00:00,2025-12-28 12:00:00,"[333, 334, 335, 336, 337, 338, 339, 340, 341, 342, 343, 344, 345, 346, 347, 348, 349, 350, 351, 352, 353, 354, 355, 356, 357, 358, 359, 360]","[319, 320, 321, 322, 323, 324, 325, 326, 327, 328, 329, 330, 331, 332]",71,107,4239.377969445743,32976.16459416632,33083.12950292345,False,keep_no_improvement_or_insufficient_history,0.029590846970677376,1.8189894035458565e-12,-14.012041666666619,B
361,2025-12-28,2025-12-28 18:00:00,18,361,106,2025-12-28 18:00:00,2025-12-28 18:00:00,"[333, 334, 335, 336, 337, 338, 339, 340, 341, 342, 343, 344, 345, 346, 347, 348, 349, 350, 351, 352, 353, 354, 355, 356, 357, 358, 359, 360]","[319, 320, 321, 322, 323, 324, 325, 326, 327, 328, 329, 330, 331, 332]",107,144,10707.29231851852,12318.884737222048,12772.229679927053,False,keep_no_improvement_or_insufficient_history,0.017074892995879054,0.0,-6.349833333333359,B
362,2025-12-29,2025-12-29 06:00:00,6,362,34,2025-12-29 06:00:00,2025-12-29 06:00:00,"[334, 335, 336, 337, 338, 339, 340, 341, 342, 343, 344, 345, 346, 347, 348, 349, 350, 351, 352, 353, 354, 355, 356, 357, 358, 359, 360, 361]","[320, 321, 322, 323, 324, 325, 326, 327, 328, 329, 330, 331, 332, 333]",35,71,10800.0,49370.90052637297,49537.840992473844,False,keep_no_improvement_or_insufficient_history,0.0295635309885256,1.8189894035458565e-12,11.451566666666736,B
362,2025-12-29,2025-12-29 12:00:00,12,362,70,2025-12-29 12:00:00,2025-12-29 12:00:00,"[334, 335, 336, 337, 338, 339, 340, 341, 342, 343, 344, 345, 346, 347, 348, 349, 350, 351, 352, 353, 354, 355, 356, 357, 358, 359, 360, 361]","[320, 321, 322, 323, 324, 325, 326, 327, 328, 329, 330, 331, 332, 333]",71,107,8420.583795925924,32708.794298197485,31906.531621842307,True,heldout_improvement,0.02843940898310393,1.8189894035458565e-12,-25.480474999999913,B
362,2025-12-29,2025-12-29 18:00:00,18,362,106,2025-12-29 18:00:00,2025-12-29 18:00:00,"[334, 335, 336, 337, 338, 339, 340, 341, 342, 343, 344, 345, 346, 347, 348, 349, 350, 351, 352, 353, 354, 355, 356, 357, 358, 359, 360, 361]","[320, 321, 322, 323, 324, 325, 326, 327, 328, 329, 330, 331, 332, 333]",107,144,9618.91640382716,15154.908963495318,13912.061420337672,True,heldout_improvement,0.011564908956643194,0.0,-16.568925000000036,B
363,2025-12-30,2025-12-30 06:00:00,6,363,34,2025-12-30 06:00:00,2025-12-30 06:00:00,"[335, 336, 337, 338, 339, 340, 341, 342, 343, 344, 345, 346, 347, 348, 349, 350, 351, 352, 353, 354, 355, 356, 357, 358, 359, 360, 361, 362]","[321, 322, 323, 324, 325, 326, 327, 328, 329, 330, 331, 332, 333, 334]",35,71,10775.881134090621,50346.04417825271,50497.99393196952,False,keep_no_improvement_or_insufficient_history,0.0460616479977034,1.8189894035458565e-12,11.203533333333286,B
363,2025-12-30,2025-12-30 12:00:00,12,363,70,2025-12-30 12:00:00,2025-12-30 12:00:00,"[335, 336, 337, 338, 339, 340, 341, 342, 343, 344, 345, 346, 347, 348, 349, 350, 351, 352, 353, 354, 355, 356, 357, 358, 359, 360, 361, 362]","[321, 322, 323, 324, 325, 326, 327, 328, 329, 330, 331, 332, 333, 334]",71,107,6728.268060814813,32130.615496448467,31542.010461549995,True,heldout_improvement,0.027773892041295767,1.1254996934439987e-11,-9.853591666666716,B
363,2025-12-30,2025-12-30 18:00:00,18,363,106,2025-12-30 18:00:00,2025-12-30 18:00:00,"[335, 336, 337, 338, 339, 340, 341, 342, 343, 344, 345, 346, 347, 348, 349, 350, 351, 352, 353, 354, 355, 356, 357, 358, 359, 360, 361, 362]","[321, 322, 323, 324, 325, 326, 327, 328, 329, 330, 331, 332, 333, 334]",107,144,9868.25862291455,13773.909725626272,13433.18368534742,True,heldout_improvement,0.0121865039691329,0.0,-13.849641666666608,B
364,2025-12-31,2025-12-31 06:00:00,6,364,34,2025-12-31 06:00:00,2025-12-31 06:00:00,"[336, 337, 338, 339, 340, 341, 342, 343, 344, 345, 346, 347, 348, 349, 350, 351, 352, 353, 354, 355, 356, 357, 358, 359, 360, 361, 362, 363]","[322, 323, 324, 325, 326, 327, 328, 329, 330, 331, 332, 333, 334, 335]",35,71,10560.195247777778,45621.7298787668,45690.849912402984,False,keep_no_improvement_or_insufficient_history,0.041562600003089756,1.8189894035458565e-12,-17.148095833333322,B
364,2025-12-31,2025-12-31 12:00:00,12,364,70,2025-12-31 12:00:00,2025-12-31 12:00:00,"[336, 337, 338, 339, 340, 341, 342, 343, 344, 345, 346, 347, 348, 349, 350, 351, 352, 353, 354, 355, 356, 357, 358, 359, 360, 361, 362, 363]","[322, 323, 324, 325, 326, 327, 328, 329, 330, 331, 332, 333, 334, 335]",71,107,6310.175544618666,31622.73743984087,31688.585400559015,False,keep_no_improvement_or_insufficient_history,0.02954153501195833,1.8189894035458565e-12,-9.706504166666718,B
364,2025-12-31,2025-12-31 18:00:00,18,364,106,2025-12-31 18:00:00,2025-12-31 18:00:00,"[336, 337, 338, 339, 340, 341, 342, 343, 344, 345, 346, 347, 348, 349, 350, 351, 352, 353, 354, 355, 356, 357, 358, 359, 360, 361, 362, 363]","[322, 323, 324, 325, 326, 327, 328, 329, 330, 331, 332, 333, 334, 335]",107,144,10800.0,12204.932017215906,12611.135979941519,False,keep_no_improvement_or_insufficient_history,0.011519725027028471,9.094947017729282e-13,-3.184616666666594,B
