natural_day,block_index,charge_kwh,discharge_kwh,initial_soc_kwh,end_soc_kwh,interval_count,complete_block
2025-02-01,0,7260.835683333334,1.5249333333333652,3668.3243752037038,10201.382119833332,24,True
2025-02-01,1,665.1309779629642,6329.008316666666,10201.382119833332,3767.768537037039,24,True
2025-02-01,2,4904.42549,977.6502,3767.768537037039,7095.473478037038,24,True
2025-02-01,3,4116.140579958847,165.63499711933957,7095.473478037038,10615.961114311845,24,True
2025-02-01,4,127.01695999999976,5411.538570102881,10615.961114311845,4717.455744864199,24,True
2025-02-01,5,2743.0213458367584,2658.969425377779,4717.455744864199,4231.764483475305,24,True
2025-02-02,0,6853.045352002743,14.06916666666666,4231.764483475305,10383.872892870364,24,True
2025-02-02,1,1419.1237712963002,774.9758583333328,10383.872892870364,10800.0,24,True
2025-02-02,2,5118.449728333333,7104.348051666666,10800.0,7512.884698092592,24,True
2025-02-02,3,5328.459288127575,1357.6482516666665,7512.884698092592,10800.0,24,True
2025-02-02,4,35.36134979423865,4647.593649396707,10800.0,5667.832271040695,24,True
2025-02-02,5,3782.6045333333327,3543.492981499999,5667.832271040695,5134.961927151806,24,True
2025-02-03,0,6033.61748781486,0.0,5134.961927151806,10565.217666185183,24,True
2025-02-03,1,1317.70959106996,856.0406683333326,10565.217666185183,10800.0,24,True
2025-02-03,2,4937.3462500000005,7267.815866666666,10800.0,7168.260662037039,24,True
2025-02-03,3,6177.418311728389,1735.1434283333333,7168.260662037039,10800.0,24,True
2025-02-03,4,132.0713716666662,4607.578951474113,10800.0,5799.33206619543,24,True
2025-02-03,5,3664.454261625514,3596.248590192553,5799.33206619543,5101.509134777778,24,True
2025-02-04,0,5868.460360246911,0.0,5101.509134777778,10383.123459,24,True
2025-02-04,1,1243.2875270576137,665.2098233499977,10383.123459,10762.960207407408,24,True
2025-02-04,2,5061.290343333334,7703.1554099999985,10762.960207407408,6759.059949740743,24,True
2025-02-04,3,6787.379602530873,2264.640339999999,6759.059949740743,10351.434547574087,24,True
2025-02-04,4,135.95789333333357,4460.597571666666,10351.434547574087,5517.577127500014,24,True
2025-02-04,5,3606.0909666666666,3606.970958333333,5517.577127500014,4755.313488240755,24,True
2025-02-05,0,6052.06806639916,0.0,4755.313488240755,10202.174748,24,True
2025-02-05,1,1638.362046975306,789.030531250001,10202.174748,10800.0,24,True
2025-02-05,2,4999.426703333333,7869.193863333334,10800.0,6555.93529596296,24,True
2025-02-05,3,6661.619259629634,1585.2171088888886,6555.93529596296,10790.040286419753,24,True
2025-02-05,4,70.13723854166676,5227.278394722225,10790.040286419753,5045.076695860334,24,True
2025-02-05,5,3635.6488750427325,3332.3327461722165,5045.076695860334,4614.568743207441,24,True
2025-02-06,0,6109.598289041953,0.0,4614.568743207441,10113.2072033452,24,True
2025-02-06,1,1722.730066818086,777.2978371333331,10113.2072033452,10800.0,24,True
2025-02-06,2,5075.846458333333,7053.116476383329,10800.0,7531.465727629634,24,True
2025-02-06,3,5950.846106388883,1878.5045010416673,7531.465727629634,10800.0,24,True
2025-02-06,4,128.9190925694444,4897.993993372916,10800.0,5473.81163512037,24,True
2025-02-06,5,3441.834146546665,3666.786381048868,5473.81163512037,4497.2552769580725,24,True
2025-02-07,0,6576.84684496825,13.666758333333348,4497.2552769580725,10401.232150392461,24,True
2025-02-07,1,473.16767240343796,6051.7975,10401.232150392461,4102.863611111113,24,True
2025-02-07,2,4257.584283333333,1376.3880333333332,4102.863611111113,6405.369429074077,24,True
2025-02-07,3,4882.922856584358,16.925678333333508,6405.369429074077,10781.19369074074,24,True
2025-02-07,4,81.06942738683324,5739.402269927777,10781.19369074074,4477.042542135803,24,True
2025-02-07,5,2388.3082326131703,2826.397975,4477.042542135803,3486.077757043213,24,True
2025-02-08,0,6631.649658333334,42.58916666666664,3486.077757043213,9407.241153246914,24,True
2025-02-08,1,1126.2975683333339,6024.893646666666,9407.241153246914,3726.58269067284,24,True
2025-02-08,2,5571.866933333333,617.2230666666668,3726.58269067284,8055.459523265432,24,True
2025-02-08,3,3049.4894185939656,37.706551666666996,8055.459523265432,10758.103831481481,24,True
2025-02-08,4,15.687255138888986,6008.068137495835,10758.103831481481,4096.59109722222,24,True
2025-02-08,5,4068.6412970833335,2335.3732833333333,4096.59109722222,5163.509060893517,24,True
2025-02-09,0,6003.397532189714,0.0,5163.509060893517,10566.56683986426,24,True
2025-02-09,1,1284.6021250119343,901.1942132249973,10566.56683986426,10721.38184879167,24,True
2025-02-09,2,5002.077780555555,7283.381552358331,10721.38184879167,7130.605682004638,24,True
2025-02-09,3,6204.691608472211,1723.345316666666,7130.605682004638,10800.0,24,True
2025-02-09,4,81.39485500000023,4501.411712983329,10800.0,5871.686799518524,24,True
2025-02-09,5,3841.7995333333324,3557.738283333333,5871.686799518524,5376.263842481487,24,True
2025-02-10,0,6026.373508353906,0.0,5376.263842481487,10800.0,24,True
2025-02-10,1,1028.9870246913592,833.4794899999998,10800.0,10800.0,24,True
2025-02-10,2,5086.954831666667,5727.473206666669,10800.0,9014.400229981477,24,True
2025-02-10,3,3661.0303823251093,1358.3948166666664,9014.400229981477,10800.0,24,True
2025-02-10,4,58.214007777777624,5055.947446505552,10800.0,5234.673221993832,24,True
2025-02-10,5,3795.8780739500066,3582.424533333333,5234.673221993832,4670.491784845135,24,True
2025-02-11,0,5357.826126049991,0.9705500000000029,4670.491784845135,9491.456909401239,24,True
2025-02-11,1,2446.9181316666673,1145.1143726666692,9491.456909401239,10421.333924938272,24,True
2025-02-11,2,5069.73277,6722.4583999999995,10421.333924938272,7514.69519571605,24,True
2025-02-11,3,5054.03919099194,1186.5249833333335,7514.69519571605,10744.969375016202,24,True
2025-02-11,4,92.93623645833361,5144.039458475692,10744.969375016202,5113.012589522375,24,True
2025-02-11,5,3941.8527851851845,3535.4896639034705,5113.012589522375,4732.358247407408,24,True
2025-02-12,0,6250.38057045267,0.0,4732.358247407408,10357.70076081481,24,True
2025-02-12,1,1544.681828559677,1575.6445762666667,10357.70076081481,9997.19821066667,24,True
2025-02-12,2,5014.63027,6217.466533333333,9997.19821066667,7602.069305518522,24,True
2025-02-12,3,5037.391821070805,1936.5360569444442,7602.069305518522,9984.015214543977,24,True
2025-02-12,4,46.38184833333332,5077.816154181941,9984.015214543977,4383.7409289529305,24,True
2025-02-12,5,3619.702159791666,2877.097368782637,4383.7409289529305,4444.6980185625,24,True
2025-02-13,0,6027.183940102877,0.0,4444.6980185625,9869.163564655093,24,True
2025-02-13,1,1943.2020707124507,1616.9330533333327,9869.163564655093,9821.453146814814,24,True
2025-02-13,2,5155.68943,5044.668966666666,9821.453146814814,8856.385893074075,24,True
2025-02-13,3,3165.245674362134,814.5963,8856.385893074075,10800.0,24,True
2025-02-13,4,57.09689822016586,5160.57756804528,10800.0,5117.412132792282,24,True
2025-02-13,5,3698.8298600833327,3536.984528430554,5117.412132792282,4516.376197500001,24,True
2025-02-14,0,3353.368707241769,0.0,4516.376197500001,7534.408034017593,24,True
2025-02-14,1,1121.7489149999997,5990.264316666666,7534.408034017593,1888.1328167768545,24,True
2025-02-14,2,4695.020283333333,428.8094333333333,1888.1328167768545,5637.196145850928,24,True
2025-02-14,3,5736.448726832303,0.0,5637.196145850928,10800.0,24,True
2025-02-14,4,55.158728333333556,5762.122150361624,10800.0,4447.284910653749,24,True
2025-02-14,5,3591.1345081275713,2758.313008333333,4447.284910653749,4614.513736487082,24,True
2025-02-15,0,3708.624810467026,9.184583333333364,4614.513736487082,7942.070973314813,24,True
2025-02-15,1,955.1603549999999,5886.620443333332,7942.070973314813,2261.025911333335,24,True
2025-02-15,2,5454.897849999999,313.695,2261.025911333335,6821.883976333336,24,True
2025-02-15,3,4420.128915185181,127.13220666666655,6821.883976333336,10658.741992592593,24,True
2025-02-15,4,23.71725833333312,5914.85871166667,10658.741992592593,4108.022289907404,24,True
2025-02-15,5,3361.85339911875,2330.22523772222,4108.022289907404,4544.551196089591,24,True
2025-02-16,0,6613.27905,138.38891666666643,4544.551196089591,10342.736878126627,24,True
2025-02-16,1,1516.9830017934605,2734.0232247166696,10342.736878126627,8670.217996722222,24,True
2025-02-16,2,4578.882038814119,6723.19619705,8670.217996722222,5320.993834932708,24,True
2025-02-16,3,6007.419270521135,839.7236500000001,5320.993834932708,9794.64490062395,24,True
2025-02-16,4,347.11745052499975,4601.062727119342,9794.64490062395,4994.758687074964,24,True
2025-02-16,5,3600.945713916667,3119.835319587884,4994.758687074964,4769.126141168981,24,True
2025-02-17,0,6165.20485473251,39.68300000000022,4769.126141168981,10273.718288206017,24,True
2025-02-17,1,1733.2914572988757,2372.593278333333,10273.718288206017,9197.465846071296,24,True
2025-02-17,2,5086.295841666667,4814.128416666666,9197.465846071296,8426.100529497226,24,True
2025-02-17,3,3120.5550126411163,788.4663224999997,8426.100529497226,10358.526349207561,24,True
2025-02-17,4,203.27152602280535,4695.804060926389,10358.526349207561,5323.910654932099,24,True
2025-02-17,5,3471.7267820833326,3631.9969987499994,5323.910654932099,4412.912537973765,24,True
2025-02-18,0,6227.736101595282,47.282300000000305,4412.912537973765,9965.33914052063,24,True
2025-02-18,1,2234.8386649999998,2831.3307973500023,9965.33914052063,8830.770830853959,24,True
2025-02-18,2,5015.968826666667,5057.641716666667,8830.770830853959,7725.540867446551,24,True
2025-02-18,3,4596.76195797993,1085.870536939748,7725.540867446551,10656.103810806544,24,True
2025-02-18,4,215.59606421111027,4556.872126978557,10656.103810806544,5786.9490163981445,24,True
2025-02-18,5,3820.721164999999,3670.8945,5786.9490163981445,5146.8263982314775,24,True
2025-02-19,0,6049.17695178253,306.8771416666664,5146.8263982314775,10250.111052983899,24,True
2025-02-19,1,1518.6131219997856,4218.383261933334,10250.111052983899,6929.770349524446,24,True
2025-02-19,2,4578.52863875,5156.793314572002,6929.770349524446,5320.675774875001,24,True
2025-02-19,3,7337.853809809674,1012.269783333333,5320.675774875001,10800.0,24,True
2025-02-19,4,23.890914564598383,4943.903603245888,10800.0,5328.2755972793775,24,True
2025-02-19,5,3213.8801083333333,3764.3623708847736,5328.2755972793775,4038.14283824074,24,True
2025-02-20,0,6612.769562448568,29.871749999999793,4038.14283824074,9956.44461111112,24,True
2025-02-20,1,1917.1841126311629,2841.9180948875064,9956.44461111112,8524.223540381938,24,True
2025-02-20,2,4983.888129097222,5719.68865,8524.223540381938,6654.513245458326,24,True
2025-02-20,3,5061.319363756868,368.7306055555555,6654.513245458326,10800.0,24,True
2025-02-20,4,8.487637430555537,4888.402787732639,10800.0,5376.080220651229,24,True
2025-02-20,5,3498.2705833333334,3713.6905833333335,5376.080220651229,4398.200875280858,24,True
2025-02-21,0,2672.627935473253,31.536808333333283,4398.200875280858,6768.525119058637,24,True
2025-02-21,1,1053.02090567901,5177.1618563083275,6768.525119058637,1963.8418716049373,24,True
2025-02-21,2,6659.33245,257.83406666666673,1963.8418716049373,7670.758780308642,24,True
2025-02-21,3,3476.934688545956,16.64004666666642,7670.758780308642,10781.51105925926,24,True
2025-02-21,4,43.72788861382821,5671.8796825438685,10781.51105925926,4518.7776228518505,24,True
2025-02-21,5,3433.5948939300406,2706.0477333333333,4518.7776228518505,4602.293323685183,24,True
2025-02-22,0,2108.3851807818955,225.03704166666665,4602.293323685183,6249.798828981481,24,True
2025-02-22,1,1095.1667266666664,5165.175006141665,6249.798828981481,1496.3655428240745,24,True
2025-02-22,2,5979.389066666667,266.7289885416671,1496.3655428240745,6581.4501599999985,24,True
2025-02-22,3,4687.277600000002,0.0,6581.4501599999985,10800.0,24,True
2025-02-22,4,18.495990624999934,5466.439485069444,10800.0,4742.824741485338,24,True
2025-02-22,5,3505.2829153080256,2838.9400166666665,4742.824741485338,4743.201568966263,24,True
2025-02-23,0,6131.0848,118.04279166666686,4743.201568966263,10130.01923155885,24,True
2025-02-23,1,1897.5761068764841,3035.7122409756985,10130.01923155885,8464.824126663576,24,True
2025-02-23,2,5044.707846388888,5632.6085,8464.824126663576,6746.607299524685,24,True
2025-02-23,3,5197.996596893014,740.7638444444443,6746.607299524685,10601.733298456793,24,True
2025-02-23,4,252.55207913236615,4847.089607291673,10601.733298456793,5443.375050462958,24,True
2025-02-23,5,3429.446616666666,3738.995791993743,5443.375050462958,4375.437236581022,24,True
2025-02-24,0,6668.850894753092,14.722866666666619,4375.437236581022,10361.044301118061,24,True
2025-02-24,1,1443.7548636882639,4628.704988819445,10361.044301118061,6517.418135304784,24,True
2025-02-24,2,4554.132007714335,4276.91865,6517.418135304784,5864.005108914353,24,True
2025-02-24,3,6171.623685568415,620.7780099999998,5864.005108914353,10728.713081481481,24,True
2025-02-24,4,200.4235308762014,4643.871227691667,10728.713081481481,5749.23733961265,24,True
2025-02-24,5,3632.949818958333,3669.483658958333,5749.23733961265,4941.688111165891,24,True
2025-02-25,0,6082.914980534978,134.79574166666634,4941.688111165891,10266.538547351078,24,True
2025-02-25,1,1189.956140222915,4841.624655277778,10266.538547351078,5957.916123243061,24,True
2025-02-25,2,5528.670633333333,3740.12065,5957.916123243061,6778.030082131949,24,True
2025-02-25,3,4936.949949894547,392.21038729166673,6778.030082131949,10785.495717824075,24,True
2025-02-25,4,86.70496442043573,4819.772980555553,10785.495717824075,5508.226874074077,24,True
2025-02-25,5,3314.575958199999,3590.893123125,5508.226874074077,4501.46398853741,24,True
2025-02-26,0,6237.704177201645,56.91614999999979,4501.46398853741,10052.157581352227,24,True
2025-02-26,1,1397.0707187855828,4197.845855,10052.157581352227,6645.248056037028,24,True
2025-02-26,2,5115.301078333333,4013.8306000000002,6645.248056037028,6789.20724875925,24,True
2025-02-26,3,5419.295410072025,779.9158060416663,6789.20724875925,10800.0,24,True
2025-02-26,4,93.37280864197618,4740.992031666667,10800.0,5616.266603703703,24,True
2025-02-26,5,3710.1989999999987,3611.998216666667,5616.266603703703,4942.114351851851,24,True
2025-02-27,0,6224.5707303292165,69.76345833333312,4942.114351851851,10466.713055444445,24,True
2025-02-27,1,1032.6615293209877,4733.86042,10466.713055444445,6136.263520722222,24,True
2025-02-27,2,5381.928800000001,4442.637168650001,6136.263520722222,6043.73592,24,True
2025-02-27,3,5803.470854972564,669.6421775000002,6043.73592,10522.812825586421,24,True
2025-02-27,4,67.55361239722265,4712.913998463976,10522.812825586421,5347.0399673395095,24,True
2025-02-27,5,3635.9505743958325,3647.5125302083334,5347.0399673395095,4566.6037840642775,24,True
2025-02-28,0,2535.8617689337248,46.98431666666653,4566.6037840642775,6796.674579808337,24,True
2025-02-28,1,874.2355126337457,5365.9483,6796.674579808337,1621.3217634009284,24,True
2025-02-28,2,8034.3479,109.26630000000011,1621.3217634009284,8730.82787340093,24,True
2025-02-28,3,2299.080140665633,2.1898166666667294,8730.82787340093,10797.56687037037,24,True
2025-02-28,4,18.186216502058507,5653.0024437654365,10797.56687037037,4532.820638816186,24,True
2025-02-28,5,3483.3884333333335,2922.4704,4532.820638816186,4420.680895482853,24,True
2025-03-01,0,2442.5780868091756,42.854566666666585,4420.680895482853,6571.384988425927,24,True
2025-03-01,1,1471.8316966666666,4574.361183333333,6571.384988425927,2813.4099783888905,24,True
2025-03-01,2,5820.095166666666,149.64098333333334,2813.4099783888905,7885.2278691296315,24,True
2025-03-01,3,3238.6357009670774,52.7670333333333,7885.2278691296315,10741.369962962963,24,True
2025-03-01,4,9.979208611110892,6240.427484808331,10741.369962962963,3816.542934259259,24,True
2025-03-01,5,3579.551753227083,2275.8234504166667,3816.542934259259,4509.446789478448,24,True
2025-03-02,0,6569.216490843619,0.0,4509.446789478448,10421.741631237704,24,True
2025-03-02,1,1564.9933752219958,1570.2461553187238,10421.741631237704,10085.517718583362,24,True
2025-03-02,2,5033.755740416667,4707.845616666666,10085.517718583362,9384.958310884289,24,True
2025-03-02,3,2769.84593180466,2671.6496395138884,9384.958310884289,8909.320050048607,24,True
2025-03-02,4,152.57083548611172,4020.115612038191,8909.320050048607,4579.8386774992305,24,True
2025-03-02,5,3590.7170837499993,2934.9637758833333,4579.8386774992305,4550.413190781638,24,True
2025-03-03,0,5989.344112301482,53.49463333333324,4550.413190781638,9881.384410371491,24,True
2025-03-03,1,1896.475201421081,3415.7797163076384,9881.384410371491,7792.901295753086,24,True
2025-03-03,2,4287.804722260799,5904.006433333333,7792.901295753086,5091.918397639658,24,True
2025-03-03,3,6848.972834305557,1360.5610634173454,5091.918397639658,9744.259433606498,24,True
2025-03-03,4,236.72403756944436,4534.087447952777,9744.259433606498,4919.436125249244,24,True
2025-03-03,5,3538.4605945641974,3229.391305459737,4919.436125249244,4515.838098735091,24,True
2025-03-04,0,5553.063221886505,101.5873262280769,4515.838098735091,9400.72019151286,24,True
2025-03-04,1,2207.0190377983595,2715.5566919838006,9400.72019151286,8369.752112216052,24,True
2025-03-04,2,2033.9022335292977,5073.803583333333,8369.752112216052,4562.704585355383,24,True
2025-03-04,3,7122.820385369018,971.6962765972216,4562.704585355383,9893.580402635032,24,True
2025-03-04,4,66.21133576296745,5059.887580402033,9893.580402635032,4331.073293263888,24,True
2025-03-04,5,2998.248387020007,2860.7795524374997,4331.073293263888,3850.852894429117,24,True
2025-03-05,0,6151.326363065844,17.268333333333317,3850.852894429117,9367.85958415134,24,True
2025-03-05,1,2195.783378888889,4355.959259475097,9367.85958415134,6504.109892401235,24,True
2025-03-05,2,3800.5264297916665,3788.2951999999996,6504.109892401235,5715.366790324847,24,True
2025-03-05,3,5793.209726878428,1141.3275423611112,5715.366790324847,9661.113830780865,24,True
2025-03-05,4,112.38435972222305,4604.316122902781,9661.113830780865,4646.35295130556,24,True
2025-03-05,5,3220.2187111728404,2979.3392568749996,4646.35295130556,4234.172839277783,24,True
2025-03-06,0,6480.87810600823,14.143008333333228,4234.172839277783,10051.248680981487,24,True
2025-03-06,1,1048.6969412705696,4239.755467152778,10051.248680981487,6284.236520177468,24,True
2025-03-06,2,3950.7275486090894,3681.629883333333,6284.236520177468,5749.191443555281,24,True
2025-03-06,3,6370.942261124275,970.4388013888887,5749.191443555281,10404.774143690587,24,True
2025-03-06,4,219.68779368055561,5089.81624202153,10404.774143690587,4947.141777979167,24,True
2025-03-06,5,3601.8584195833323,2867.2142416666666,4947.141777979167,5003.020753752315,24,True
2025-03-07,0,2096.1374249514392,30.718599999999867,5003.020753752315,6855.412658430833,24,True
2025-03-07,1,1339.1442466666663,4149.556736666666,6855.412658430833,3450.0238841345363,24,True
2025-03-07,2,8166.640128739404,0.0,3450.0238841345363,10800.0,24,True
2025-03-07,3,0.0,60.9526166666667,10800.0,10732.274870370371,24,True
2025-03-07,4,14.174996180555468,6001.933156003471,10732.274870370371,4076.217749151234,24,True
2025-03-07,5,3439.422967708333,2207.1846447916664,4076.217749151234,4719.271036986882,24,True
2025-03-08,0,1391.0565749382793,17.91979999999984,4719.271036986882,5951.311065542445,24,True
2025-03-08,1,1085.0681466666665,4185.7162616666665,5951.311065542445,2277.0765512461494,24,True
2025-03-08,2,9115.993016666667,9.574583333333294,2277.0765512461494,10470.831840320221,24,True
2025-03-08,3,365.74239964419877,0.0,10470.831840320221,10800.0,24,True
2025-03-08,4,138.96842333333308,5782.723747116667,10800.0,4499.8229730925905,24,True
2025-03-08,5,3440.7178666666664,2817.4254666666666,4499.8229730925905,4465.99631235185,24,True
2025-03-09,0,6419.224700164614,35.609600000000114,4465.99631235185,10203.73232027778,24,True
2025-03-09,1,787.0919216435099,4679.57368763889,10203.73232027778,5712.588730158177,24,True
2025-03-09,2,1081.8760666666662,3801.2891666666674,5712.588730158177,2462.622560528546,24,True
2025-03-09,3,9350.480819987084,504.13566666666634,2462.622560528546,10317.904557776183,24,True
2025-03-09,4,465.9801798765419,4771.250807491152,10317.904557776183,5435.896933563792,24,True
2025-03-09,5,3484.528208333334,3676.5289490740743,5435.896933563792,4486.940155425931,24,True
2025-03-10,0,5057.074300183449,63.13756666670952,4486.940155425931,8968.154173739133,24,True
2025-03-10,1,1850.1751883333332,3596.6599281833296,8968.154173739133,6637.023034146544,24,True
2025-03-10,2,5044.18005965967,4487.95095,6637.023034146544,6190.172921173579,24,True
2025-03-10,3,5359.522970648978,547.7216183333331,6190.172921173579,10405.16401883173,24,True
2025-03-10,4,161.36623347777163,4897.813130473883,10405.16401883173,5108.379039546301,24,True
2025-03-10,5,3460.7094830458336,3548.6072349666706,5108.379039546301,4280.120646546805,24,True
2025-03-11,0,6014.682608024693,58.42662499999983,4280.120646546805,9628.416521546802,24,True
2025-03-11,1,1077.9347427777775,4951.007454211565,9628.416521546802,5097.438396478394,24,True
2025-03-11,2,5390.209332916666,3044.929716666667,5097.438396478394,6565.371555362653,24,True
2025-03-11,3,5350.552234002917,670.6172965277774,6565.371555362653,10635.73823648997,24,True
2025-03-11,4,82.08991455972796,4732.789415013888,10635.73823648997,5450.964254022736,24,True
2025-03-11,5,3718.5540440062505,3565.0609499999996,5450.964254022736,4836.48406029503,24,True
2025-03-12,0,5055.7189132510275,96.6750666666668,4836.48406029503,9279.214341480216,24,True
2025-03-12,1,1217.705716249999,4767.505135834972,9279.214341480216,5077.9215573996935,24,True
2025-03-12,2,2092.3852500000003,2948.42215,5077.9215573996935,3685.043671288582,24,True
2025-03-12,3,7667.011983395059,401.54941666666673,3685.043671288582,10139.188437825618,24,True
2025-03-12,4,182.24622890999797,4640.097611602778,10139.188437825618,5147.546030952637,24,True
2025-03-12,5,3334.670188966049,3605.908042510153,5147.546030952637,4142.184709344134,24,True
2025-03-13,0,6424.121328724277,2.9554666666665526,4142.184709344134,9920.610053344133,24,True
2025-03-13,1,2126.586741935018,2958.3878495815825,9920.610053344133,8547.440510439445,24,True
2025-03-13,2,4986.618784791666,4229.445512847222,8547.440510439445,8336.013513588365,24,True
2025-03-13,3,3344.4997791405017,491.45698333333314,8336.013513588365,10800.0,24,True
2025-03-13,4,55.36760476680451,5050.405020444445,10800.0,5238.269710462962,24,True
2025-03-13,5,3413.014616358024,3746.2987594999995,5238.269710462962,4147.428687962963,24,True
2025-03-14,0,1173.62756802469,355.64906666666656,4147.428687962963,4808.527869555554,24,True
2025-03-14,1,1097.4042700000005,3768.3350333333333,4808.527869555554,1609.1527866296285,24,True
2025-03-14,2,10212.052459300414,0.0,1609.1527866296285,10800.0,24,True
2025-03-14,3,0.0,28.89716666666675,10800.0,10767.892037037036,24,True
2025-03-14,4,15.465593292182689,5717.0300049588495,10767.892037037036,4429.555509934609,24,True
2025-03-14,5,3695.4310206249997,2631.354760052257,4429.555509934609,4831.715917327934,24,True
2025-03-15,0,364.0503365541385,325.3974166666664,4831.715917327934,4797.808535041476,24,True
2025-03-15,1,965.6593947228604,4020.2117912628464,4797.808535041476,1200.0,24,True
2025-03-15,2,7384.7595,0.0,1200.0,7846.283549999999,24,True
2025-03-15,3,3281.9071666666687,0.0,7846.283549999999,10800.0,24,True
2025-03-15,4,4.5771193415647655,5631.340966149999,10800.0,4547.073889462964,24,True
2025-03-15,5,3325.6279999999997,3004.622923666667,4547.073889462964,4201.669174277779,24,True
2025-03-16,0,5640.483415246908,245.84915,4201.669174277779,9004.938525777778,24,True
2025-03-16,1,1360.2875981815846,4432.792672013889,9004.938525777778,5303.872173014661,24,True
2025-03-16,2,5466.983830208333,2856.6065,5303.872173014661,7050.150397979938,24,True
2025-03-16,3,4864.000010474966,564.9753666666662,7050.150397979938,10800.0,24,True
2025-03-16,4,24.74418333333324,4700.555296800003,10800.0,5599.430546333331,24,True
2025-03-16,5,3415.239389091673,3578.70075,5599.430546333331,4696.811829849171,24,True
2025-03-17,0,5134.809483477374,74.8010166666669,4696.811829849171,9235.02812423807,24,True
2025-03-17,1,992.9912100000004,5891.476219622597,9235.02812423807,3582.6355247685183,24,True
2025-03-17,2,2979.1086333333333,2118.650066666666,3582.6355247685183,3909.777665138889,24,True
2025-03-17,3,7703.927676594652,38.98131666666666,3909.777665138889,10800.0,24,True
2025-03-17,4,22.985718792867512,4361.500293984722,10800.0,5974.575709152782,24,True
2025-03-17,5,3912.5361,3729.40455,5974.575709152782,5352.075365819448,24,True
2025-03-18,0,4790.85027961185,31.8811750000001,5352.075365819448,9628.417089692335,24,True
2025-03-18,1,1046.563601666667,4181.254851833521,9628.417089692335,5924.48560693287,24,True
2025-03-18,2,5508.343870000001,3843.193583333333,5924.48560693287,6611.779997340279,24,True
2025-03-18,3,4987.874097605449,270.7800166666668,6611.779997340279,10800.0,24,True
2025-03-18,4,96.37192455418116,4995.557507222226,10800.0,5336.115279629626,24,True
2025-03-18,5,3506.061816666667,3587.9308249999995,5336.115279629626,4504.9811090740695,24,True
2025-03-19,0,5939.288047942393,14.309391666666784,4504.9811090740695,9834.441028148149,24,True
2025-03-19,1,1241.7280316923907,4949.044185381945,9834.441028148149,5453.05827291358,24,True
2025-03-19,2,4534.169088472227,3558.203733333333,5453.05827291358,5580.250748834882,24,True
2025-03-19,3,6169.8675424468365,299.8183833333335,5580.250748834882,10800.0,24,True
2025-03-19,4,19.414495884772705,4595.171264999998,10800.0,5711.7271962963005,24,True
2025-03-19,5,3575.1554984027853,3690.6602512500003,5711.7271962963005,4828.633532358806,24,True
2025-03-20,0,5588.443124015386,126.52622500000007,4828.633532358806,9717.647649528206,24,True
2025-03-20,1,1125.0986266666669,4734.311035000001,9717.647649528206,5469.890819083759,24,True
2025-03-20,2,2926.957482538225,3265.5568,5469.890819083759,4475.756108923717,24,True
2025-03-20,3,7266.603030356539,254.72278333333304,4475.756108923717,10732.67352142979,24,True
2025-03-20,4,116.69139568500614,4937.347937870677,10732.67352142979,5351.753624356654,24,True
2025-03-20,5,3621.6046829166658,3753.134548572219,5351.753624356654,4441.048340568076,24,True
2025-03-21,0,164.24491691666805,738.8955833333337,4441.048340568076,3767.8736732004836,24,True
2025-03-21,1,940.906032708333,2871.8292412026576,3767.8736732004836,1423.767723523919,24,True
2025-03-21,2,10418.0358627512,0.0,1423.767723523919,10800.0,24,True
2025-03-21,3,0.0,0.0,10800.0,10800.0,24,True
2025-03-21,4,6.731776148834696,5459.333538680556,10800.0,4740.132444444445,24,True
2025-03-21,5,3426.3658166666664,2927.01855,4740.132444444445,4571.618846111111,24,True
2025-03-22,0,232.15407499999986,186.25613274615108,4571.618846111111,4573.606255004277,24,True
2025-03-22,1,895.763890319506,3419.0769836233544,4573.606255004277,1580.8193300436603,24,True
2025-03-22,2,10012.848316666667,0.0,1580.8193300436603,10592.382815043658,24,True
2025-03-22,3,230.68576106260176,0.0,10592.382815043658,10800.0,24,True
2025-03-22,4,0.0,5353.069883333334,10800.0,4852.144574074073,24,True
2025-03-22,5,3461.269521203091,2717.22665,4852.144574074073,4948.146420934633,24,True
2025-03-23,0,4737.875583822732,100.70558333333304,4948.146420934633,9100.3393537825,24,True
2025-03-23,1,1989.4495225030948,3741.0075232366203,9100.3393537825,6734.168898216816,24,True
2025-03-23,2,5456.629019722222,3085.5638999999996,6734.168898216816,8216.730682633483,24,True
2025-03-23,3,2875.09994110683,3.8885666666667476,8216.730682633483,10800.0,24,True
2025-03-23,4,68.22985175903338,4868.593050755251,10800.0,5451.859032410627,24,True
2025-03-23,5,3673.4383972916667,3598.6484666666665,5451.859032410627,4759.455293676831,24,True
2025-03-24,0,5370.5058168960595,31.038091666666446,4759.455293676831,9558.423760364769,24,True
2025-03-24,1,1078.1782758333331,5255.0041698012155,9558.423760364769,4689.890686613419,24,True
2025-03-24,2,5782.725124701651,2962.430333333333,4689.890686613419,6602.754039585647,24,True
2025-03-24,3,5051.205696756687,313.9552500000001,6602.754039585647,10800.0,24,True
2025-03-24,4,24.51181666666696,4759.629488333332,10800.0,5533.583425740744,24,True
2025-03-24,5,3551.8486439166654,3624.015,5533.583425740744,4703.56387193241,24,True
2025-03-25,0,5962.627407353784,143.37259999999958,4703.56387193241,9910.62564966193,24,True
2025-03-25,1,1062.8430507638893,5019.478921015181,9910.62564966193,5289.985594221452,24,True
2025-03-25,2,3493.731957782856,3418.1386333333335,5289.985594221452,4636.412541411207,24,True
2025-03-25,3,7033.087526004011,149.57218333333321,4636.412541411207,10800.0,24,True
2025-03-25,4,100.4311524691341,4916.702641582004,10800.0,5427.3851021311075,24,True
2025-03-25,5,3189.2590499999997,3730.8452999999995,5427.3851021311075,4152.334580464441,24,True
2025-03-26,0,6698.243770987652,71.25479999999993,4152.334580464441,10101.581974353328,24,True
2025-03-26,1,945.1626534808725,5380.17642986111,10101.581974353328,4974.254551529322,24,True
2025-03-26,2,6838.384050000001,2750.8510833333326,4974.254551529322,8072.298992825621,24,True
2025-03-26,3,3051.4255546107597,16.723792777778044,8072.298992825621,10800.0,24,True
2025-03-26,4,10.152330000000347,4761.417063450001,10800.0,5518.673693166667,24,True
2025-03-26,5,3631.5828639083325,3740.51304275,5518.673693166667,4630.972667628612,24,True
2025-03-27,0,5974.77600713991,120.51930833333358,4630.972667628612,9874.360731461935,24,True
2025-03-27,1,1100.9789416666672,4833.026414833334,9874.360731461935,5495.21242914712,24,True
2025-03-27,2,4690.571137654324,2855.810016666667,5495.21242914712,6543.60421229527,24,True
2025-03-27,3,4792.70285053612,51.333099999999945,6543.60421229527,10800.0,24,True
2025-03-27,4,27.671396528733087,4684.94584309609,10800.0,5619.40887565798,24,True
2025-03-27,5,3404.7074583333333,3716.390475,5619.40887565798,4554.322838157981,24,True
2025-03-28,0,121.17705710526087,497.12429999999955,4554.322838157981,4111.021856219383,24,True
2025-03-28,1,959.9985164838776,3323.7191781160536,4111.021856219383,1281.9992120370366,24,True
2025-03-28,2,10575.556431069957,0.0,1281.9992120370366,10800.0,24,True
2025-03-28,3,0.0,0.0,10800.0,10800.0,24,True
2025-03-28,4,13.453714999999818,5443.669499999997,10800.0,4763.586676833333,24,True
2025-03-28,5,3479.233831666667,2924.108017916666,4763.586676833333,4645.888216537037,24,True
2025-03-29,0,224.73241666666644,150.42731447368578,4645.888216537037,4681.005931010722,24,True
2025-03-29,1,286.2386104973499,3123.8489272083357,4681.005931010722,1467.67742800463,24,True
2025-03-29,2,10369.247302217076,0.0,1467.67742800463,10800.0,24,True
2025-03-29,3,0.0,0.0,10800.0,10800.0,24,True
2025-03-29,4,16.741627829217197,5347.785051874999,10800.0,4873.084074074078,24,True
2025-03-29,5,3579.1343049999996,2888.0970666666663,4873.084074074078,4885.308207833336,24,True
2025-03-30,0,5499.551677909463,317.3371999999996,4885.308207833336,9482.307829062966,24,True
2025-03-30,1,968.5655583333337,4331.000168633335,9482.307829062966,5541.794421970371,24,True
2025-03-30,2,4421.693381008234,2542.847183333333,5541.794421970371,6695.932705618522,24,True
2025-03-30,3,4761.164509780863,241.03617374999988,6695.932705618522,10713.162793587964,24,True
2025-03-30,4,144.57323706275602,5314.544483611111,10713.162793587964,4938.229280709878,24,True
2025-03-30,5,3558.147506188272,3400.1490195138904,4938.229280709878,4362.618681263888,24,True
2025-03-31,0,4549.622333475531,42.82796666666661,4362.618681263888,8409.692151762238,24,True
2025-03-31,1,983.0499749855118,4275.293779999999,8409.692151762238,4544.110707026976,24,True
2025-03-31,2,6252.9291415277785,1697.641649999999,4544.110707026976,8285.478434401979,24,True
2025-03-31,3,3193.767000159529,435.98228333333327,8285.478434401979,10675.443975286298,24,True
2025-03-31,4,240.0790135364856,4867.072784736224,10675.443975286298,5483.656437762222,24,True
2025-03-31,5,3484.169615697331,3581.288366666666,5483.656437762222,4640.199795593527,24,True
2025-04-01,0,5716.208659073038,150.78424166666684,4640.199795593527,9617.249542462963,24,True
2025-04-01,1,1972.4602364347236,2925.618290000005,9617.249542462963,8141.776766365321,24,True
2025-04-01,2,5467.696329552936,2036.4331166666666,8141.776766365321,10800.0,24,True
2025-04-01,3,280.34190226337165,227.07694083333342,10800.0,10800.0,24,True
2025-04-01,4,16.7277627743475,4784.431605583849,10800.0,5499.019869181526,24,True
2025-04-01,5,3656.3358833333336,3868.3483855967083,5499.019869181526,4491.557291296294,24,True
2025-04-02,0,6132.884630000003,105.15337499999987,4491.557291296294,9894.316374962966,24,True
2025-04-02,1,2020.7815097222226,1143.9486360666729,9894.316374962966,10441.96569363889,24,True
2025-04-02,2,5068.231833333333,4045.4856833333324,10441.96569363889,10508.390251046298,24,True
2025-04-02,3,324.0108321707795,0.0,10508.390251046298,10800.0,24,True
2025-04-02,4,92.32671193415578,5098.571870199181,10800.0,5218.014184963873,24,True
2025-04-02,5,3468.308064332515,3649.576276660155,5218.014184963873,4284.40669101852,24,True
2025-04-03,0,6773.210946090533,100.96205000000009,4284.40669101852,10268.116486944446,24,True
2025-04-03,1,886.3487263785996,5350.614019791665,10268.116486944446,5120.703652027779,24,True
2025-04-03,2,5622.029909027775,2811.688983333333,5120.703652027779,7056.431699782406,24,True
2025-04-03,3,4274.168234809675,92.86480000000017,7056.431699782406,10800.0,24,True
2025-04-03,4,119.87766176954423,4836.1705101,10800.0,5534.367106592591,24,True
2025-04-03,5,3518.4629998645632,3660.8351575266465,5534.367106592591,4633.389186996647,24,True
2025-04-04,0,393.65162499999934,199.67453766783387,4633.389186996647,4765.815052087941,24,True
2025-04-04,1,342.36620181441975,2864.5943716666666,4765.815052087941,1891.0619985357355,24,True
2025-04-04,2,9898.820001626958,0.0,1891.0619985357355,10800.0,24,True
2025-04-04,3,0.0,0.0,10800.0,10800.0,24,True
2025-04-04,4,0.0,5345.190578333333,10800.0,4860.899357407409,24,True
2025-04-04,5,3451.7186416666664,2854.41485,4860.899357407409,4795.874079351856,24,True
2025-04-05,0,290.63340833333336,473.11797378601455,4795.874079351856,4531.757509311843,24,True
2025-04-05,1,289.33305166666645,2682.6108466666665,4531.757509311843,1811.4785372933259,24,True
2025-04-05,2,9987.24606967408,0.0,1811.4785372933259,10800.0,24,True
2025-04-05,3,0.0,0.0,10800.0,10800.0,24,True
2025-04-05,4,4.79783950617275,5842.308795455168,10800.0,4312.863838383146,24,True
2025-04-05,5,3477.7995784718305,2810.662104544832,4312.863838383146,4319.925565069093,24,True
2025-04-06,0,5440.399287145452,73.46064833333344,4319.925565069093,9134.661980907409,24,True
2025-04-06,1,998.4273850000001,4350.88380096667,9134.661980907409,5198.931292999994,24,True
2025-04-06,2,5672.244808559667,2241.5239499999993,5198.931292999994,7813.369454037029,24,True
2025-04-06,3,3421.2349917421216,83.23285194444475,7813.369454037029,10800.0,24,True
2025-04-06,4,103.409473070135,4853.908129853472,10800.0,5499.837270370373,24,True
2025-04-06,5,3595.799200000001,3683.121475,5499.837270370373,4643.699355925928,24,True
2025-04-07,0,5313.370159876535,90.02758500000004,4643.699355925928,9325.701849814808,24,True
2025-04-07,1,942.1380859500033,5023.77465,9325.701849814808,4591.654293836479,24,True
2025-04-07,2,6165.149940786418,1803.4435833333337,4591.654293836479,8136.4630368405515,24,True
2025-04-07,3,3106.50067923066,119.0822833333333,8136.4630368405515,10800.0,24,True
2025-04-07,4,0.0,4940.627047314814,10800.0,5310.414391872429,24,True
2025-04-07,5,3468.724625,3648.2765954953547,5310.414391872429,4378.625892710925,24,True
2025-04-08,0,6281.579610876749,11.398383333333072,4378.625892710925,10019.382672129628,24,True
2025-04-08,1,942.121105041152,5801.150237013889,10019.382672129628,4421.569181095679,24,True
2025-04-08,2,4646.708707874121,2561.41785,4421.569181095679,5757.587184849054,24,True
2025-04-08,3,5603.197510661544,0.4184499999998934,5757.587184849054,10800.0,24,True
2025-04-08,4,0.0,4969.301683270139,10800.0,5278.5536852554005,24,True
2025-04-08,5,3432.129899877084,3668.3226916666663,5278.5536852554005,4291.556493292926,24,True
2025-04-09,0,6437.624844814813,88.31650000000002,4291.556493292926,9987.28940918181,24,True
2025-04-09,1,1096.356590644184,4667.35684377361,9987.28940918181,5788.058292124229,24,True
2025-04-09,2,5588.346910416667,2421.6049999999996,5788.058292124229,8126.8982892770055,24,True
2025-04-09,3,3247.928567469995,431.20160833333364,8126.8982892770055,10570.921101851853,24,True
2025-04-09,4,322.47640740740854,4809.941281666671,10570.921101851853,5516.7706666666645,24,True
2025-04-09,5,3429.7240416666664,3747.4742166666665,5516.7706666666645,4439.662063425924,24,True
2025-04-10,0,6527.552032921812,264.8802183333339,4439.662063425924,10020.147539351852,24,True
2025-04-10,1,903.2438033333335,5882.3532,10020.147539351852,4297.118962351851,24,True
2025-04-10,2,5790.376316666667,2442.25695,4297.118962351851,6794.838814018518,24,True
2025-04-10,3,4532.784486481482,66.9103666666665,6794.838814018518,10800.0,24,True
2025-04-10,4,28.96283166666649,5141.747100213921,10800.0,5113.014214928979,24,True
2025-04-10,5,3614.291591460903,3538.075018519412,5113.014214928979,4434.682182222224,24,True
2025-04-11,0,172.5190250000008,227.91615833333424,4434.682182222224,4336.709128796298,24,True
2025-04-11,1,376.86868805555565,2694.9169936861126,4336.709128796298,1681.5387328395063,24,True
2025-04-11,2,10131.623630178326,0.0,1681.5387328395063,10800.0,24,True
2025-04-11,3,0.0,0.0,10800.0,10800.0,24,True
2025-04-11,4,21.997898333333296,5846.711645701622,10800.0,4323.451835498197,24,True
2025-04-11,5,3430.1347151666414,2712.683825,4323.451835498197,4396.479940259286,24,True
2025-04-12,0,351.2095916666669,282.05920499999996,4396.479940259286,4399.169456092621,24,True
2025-04-12,1,552.6105805555273,2054.372753333333,4399.169456092621,2613.8825860000006,24,True
2025-04-12,2,9095.686015555555,0.0,2613.8825860000006,10800.0,24,True
2025-04-12,3,0.0,0.0,10800.0,10800.0,24,True
2025-04-12,4,49.37929833333294,5421.239499999996,10800.0,4820.841924055558,24,True
2025-04-12,5,3586.4194083333327,2821.616625,4820.841924055558,4913.489808222224,24,True
2025-04-13,0,5156.600110452672,99.35489166666696,4913.489808222224,9444.035583555555,24,True
2025-04-13,1,1016.8132026337453,5626.747952250002,9444.035583555555,4107.2252967592585,24,True
2025-04-13,2,4184.237299958851,2133.3918166666663,4107.2252967592585,5502.603514870372,24,True
2025-04-13,3,5885.996094588473,0.0,5502.603514870372,10800.0,24,True
2025-04-13,4,73.16744312500009,4815.171142377776,10800.0,5515.660540614972,24,True
2025-04-13,5,3488.182280022917,3684.5992166666665,5515.660540614972,4561.025463005968,24,True
2025-04-14,0,6153.62236946502,105.93086666666647,4561.025463005968,9981.584632561524,24,True
2025-04-14,1,935.7788250000001,5823.488905,9981.584632561524,4353.242347283746,24,True
2025-04-14,2,3089.1199833333326,1877.925683333333,4353.242347283746,5046.866239691152,24,True
2025-04-14,3,6392.37084478761,0.0,5046.866239691152,10800.0,24,True
2025-04-14,4,23.266404999999963,4944.383755250002,10800.0,5327.180036444443,24,True
2025-04-14,5,3579.6421014381986,3707.1783083333335,5327.180036444443,4429.770918479562,24,True
2025-04-15,0,6412.203463312759,35.52245833333325,4429.770918479562,10161.284637312894,24,True
2025-04-15,1,864.8714153313508,6122.995753333333,10161.284637312894,4136.340296296297,24,True
2025-04-15,2,5416.90415,1229.7195833333335,4136.340296296297,7645.1989387037065,24,True
2025-04-15,3,3549.3248725514372,167.07043500000043,7645.1989387037065,10653.95750733333,24,True
2025-04-15,4,218.7766255967131,4950.349258516668,10653.95750733333,5350.468405351851,24,True
2025-04-15,5,3701.3898625,3662.9107249999997,5350.468405351851,4611.8184760462955,24,True
2025-04-16,0,6211.71119883745,135.4850250000003,4611.8184760462955,10051.819638333334,24,True
2025-04-16,1,930.8453072016456,6141.9018399999995,10051.819638333334,4065.2450370370357,24,True
2025-04-16,2,4215.735803042692,1941.9388333333332,4065.2450370370357,5701.697444960644,24,True
2025-04-16,3,5794.407952772863,148.08177333333276,5701.697444960644,10752.12929875252,24,True
2025-04-16,4,175.12832941078022,4732.896149383337,10752.12929875252,5650.971295907405,24,True
2025-04-16,5,3460.1784916666666,3614.4308577160486,5650.971295907405,4749.09765205624,24,True
2025-04-17,0,6448.642600205759,120.41475000000003,4749.09765205624,10419.081825574758,24,True
2025-04-17,1,508.8130682914228,5451.206368333333,10419.081825574758,4820.117622222221,24,True
2025-04-17,2,5102.250009404334,1826.8180166666664,4820.117622222221,7382.344834389825,24,True
2025-04-17,3,3891.649998826118,76.3468499999999,7382.344834389825,10800.0,24,True
2025-04-17,4,33.52080020833364,5007.432783678332,10800.0,5266.354516100466,24,True
2025-04-17,5,3694.983156695171,3686.341387163508,5266.354516100466,4495.904482499999,24,True
2025-04-18,0,128.50070833333342,552.5783899999998,4495.904482499999,3997.5791311111097,24,True
2025-04-18,1,450.37006916666644,2278.4248745694435,3997.5791311111097,1871.3289993950611,24,True
2025-04-18,2,9920.74555622771,0.0,1871.3289993950611,10800.0,24,True
2025-04-18,3,0.0,0.0,10800.0,10800.0,24,True
2025-04-18,4,52.86701851852303,5603.737118333334,10800.0,4621.205740740742,24,True
2025-04-18,5,3744.4235895833326,2821.5920176666664,4621.205740740742,4856.084729513891,24,True
2025-04-19,0,200.08873333333298,472.8040878070131,4856.084729513891,4510.826714172764,24,True
2025-04-19,1,137.57279666666665,2802.0829207360434,4510.826714172764,1521.2167636882716,24,True
2025-04-19,2,10309.759151457476,0.0,1521.2167636882716,10800.0,24,True
2025-04-19,3,0.0,0.0,10800.0,10800.0,24,True
2025-04-19,4,57.760794350455,5408.250058055552,10800.0,4842.8179837425705,24,True
2025-04-19,5,3572.801134250001,2778.3453956249996,4842.8179837425705,4971.288564984239,24,True
2025-04-20,0,4866.813908042202,12.819686666666485,4971.288564984239,9337.17698592592,24,True
2025-04-20,1,850.7849866666669,5418.4166271361055,9337.17698592592,4082.420554885806,24,True
2025-04-20,2,4380.433205279947,2412.1339000000007,4082.420554885806,5344.66166185998,24,True
2025-04-20,3,6063.96389422965,2.006249999999909,5344.66166185998,10800.0,24,True
2025-04-20,4,0.0,4696.940425583329,10800.0,5581.177304907415,24,True
2025-04-20,5,3551.0911317901227,3536.4525750000003,5581.177304907415,4847.767573518527,24,True
2025-04-21,0,5894.360815946498,133.37779166666655,4847.767573518527,10004.494761574078,24,True
2025-04-21,1,857.2850999999999,5247.90306821667,10004.494761574078,4945.0479424444475,24,True
2025-04-21,2,3536.2407000000003,1480.4156999999996,4945.0479424444475,6482.7582391111155,24,True
2025-04-21,3,4796.93528987654,56.673930972222024,6482.7582391111155,10737.02896558642,24,True
2025-04-21,4,121.51816141975222,4927.174412461111,10737.02896558642,5371.757074796298,24,True
2025-04-21,5,3489.067925,3786.702634900002,5371.757074796298,4304.470835185185,24,True
2025-04-22,0,6276.683835905349,159.66107166666666,4304.470835185185,9776.085096759258,24,True
2025-04-22,1,912.6437583333334,6026.970281666666,9776.085096759258,3900.830832962962,24,True
2025-04-22,2,5868.9138924297,1475.8925166666668,3900.830832962962,7542.972762075618,24,True
2025-04-22,3,3727.6096682493144,289.8609350580672,7542.972762075618,10575.753757879924,24,True
2025-04-22,4,259.40347957786133,4760.2119896502045,10575.753757879924,5520.092456555326,24,True
2025-04-22,5,3564.679827263374,3633.2841975308634,5520.092456555326,4691.3218593914025,24,True
2025-04-23,0,6309.301148052383,91.21961666666687,4691.3218593914025,10268.33776300892,24,True
2025-04-23,1,771.8225575621065,5734.020874999999,10268.33776300892,4591.84375925926,24,True
2025-04-23,2,3899.1246833333335,1581.13715,4591.84375925926,6344.236918703704,24,True
2025-04-23,3,5099.460018312759,120.37584166666693,6344.236918703704,10800.0,24,True
2025-04-23,4,73.48225860082368,4590.3909115472225,10800.0,5765.699686577163,24,True
2025-04-23,5,3707.3099833333326,3686.6374249999994,5765.699686577163,5006.014866021607,24,True
2025-04-24,0,5276.7228566471,79.921066666667,5006.014866021607,9666.264251818815,24,True
2025-04-24,1,1038.5503249999997,4971.091483333333,9666.264251818815,5077.524562837337,24,True
2025-04-24,2,3940.200383333333,1421.0444666666658,5077.524562837337,7044.766611541041,24,True
2025-04-24,3,4172.481542732177,0.0,7044.766611541041,10800.0,24,True
2025-04-24,4,0.0,4831.639214549998,10800.0,5431.5119838333385,24,True
2025-04-24,5,3532.944283333334,3727.587038399851,5431.5119838333385,4469.398462833506,24,True
2025-04-25,0,199.75723333333337,172.9305833333333,4469.398462833506,4457.0348802409135,24,True
2025-04-25,1,423.04454166666653,2186.132941683334,4457.0348802409135,2408.7383658705426,24,True
2025-04-25,2,9323.624037921618,0.0,2408.7383658705426,10800.0,24,True
2025-04-25,3,0.0,0.0,10800.0,10800.0,24,True
2025-04-25,4,0.0,5547.612434958848,10800.0,4635.98618337906,24,True
2025-04-25,5,3383.1523250000005,2873.813339124484,4635.98618337906,4487.697343518523,24,True
2025-04-26,0,202.22678166666702,427.89611666666667,4487.697343518523,4194.261317388891,24,True
2025-04-26,1,637.9348566666666,2524.673237500004,4194.261317388891,1963.2102022777763,24,True
2025-04-26,2,9818.655330802472,0.0,1963.2102022777763,10800.0,24,True
2025-04-26,3,0.0,0.0,10800.0,10800.0,24,True
2025-04-26,4,0.0,5358.579385161108,10800.0,4846.022905376549,24,True
2025-04-26,5,3384.289313333333,3043.7737355333334,4846.022905376549,4509.91247011729,24,True
2025-04-27,0,4888.386086131686,56.501839999999675,4509.91247011729,8846.680125413583,24,True
2025-04-27,1,970.2365899999999,5630.3717916666665,8846.680125413583,3463.9243990061773,24,True
2025-04-27,2,6063.0943,1837.5155833333333,3463.9243990061773,6879.025287524695,24,True
2025-04-27,3,4356.638569417006,308.1998940277774,6879.025287524695,10457.555673302468,24,True
2025-04-27,4,131.84957437756987,5037.913056023402,10457.555673302468,4978.539116882943,24,True
2025-04-27,5,3603.476216431249,3211.237821221038,4978.539116882943,4653.625688092136,24,True
2025-04-28,0,5202.8467307407445,211.01084166666658,4653.625688092136,9101.731255018069,24,True
2025-04-28,1,2050.5396456250005,2563.792256705842,9101.731255018069,8098.558873074079,24,True
2025-04-28,2,5441.0738,2623.2571000000003,8098.558873074079,10080.795181962967,24,True
2025-04-28,3,1028.374201111107,185.69876666666653,10080.795181962967,10800.0,24,True
2025-04-28,4,0.0,4780.55540035093,10800.0,5488.271777387858,24,True
2025-04-28,5,3584.6910083333332,3623.0891298990728,5488.271777387858,4688.839096111109,24,True
2025-04-29,0,5657.132080761312,154.77053333333333,4688.839096111109,9608.290709537034,24,True
2025-04-29,1,956.9234750000004,4943.852745,9608.290709537034,4976.352120370372,24,True
2025-04-29,2,5200.605883333334,1025.9798333333333,4976.352120370372,8516.919822777782,24,True
2025-04-29,3,2566.198644701644,160.38954840903114,8516.919822777782,10648.287993665892,24,True
2025-04-29,4,198.80603333333443,5108.947025257635,10648.287993665892,5150.605617824074,24,True
2025-04-29,5,3705.922705293209,3560.7367227083337,5150.605617824074,4529.56191624537,24,True
2025-04-30,0,6202.091633333333,262.6158416666667,4529.56191624537,9819.64900661574,24,True
2025-04-30,1,944.9322516666666,4853.611813333333,9819.64900661574,5277.186018300928,24,True
2025-04-30,2,3628.998316666667,894.9370166666664,5277.186018300928,7548.910040337965,24,True
2025-04-30,3,3633.2070018192708,71.82004076388853,7548.910040337965,10738.996296682099,24,True
2025-04-30,4,108.06665702246207,5093.273767569444,10738.996296682099,5177.063212925154,24,True
2025-04-30,5,3605.741225,3583.9368999659723,5177.063212925154,4440.078204351853,24,True
2025-05-01,0,5161.7062898328795,203.94236666666643,4440.078204351853,8859.011235571816,24,True
2025-05-01,1,1218.0338862631438,4874.15473,8859.011235571816,4539.514255430868,24,True
2025-05-01,2,5034.5808,1798.1724833333328,4539.514255430868,7072.667549504943,24,True
2025-05-01,3,4163.957187021259,18.206116041666746,7072.667549504943,10800.0,24,True
2025-05-01,4,0.43746527777734123,5756.406435728475,10800.0,4404.3865679405835,24,True
2025-05-01,5,2910.0478931249995,3154.5201932298587,4404.3865679405835,3518.4072348310183,24,True
2025-05-02,0,241.9351083333334,296.8089999999999,3518.4072348310183,3406.3610545532415,24,True
2025-05-02,1,311.0056906944443,1967.725539022917,3406.3610545532415,1499.9044661527778,24,True
2025-05-02,2,10333.439482052469,0.0,1499.9044661527778,10800.0,24,True
2025-05-02,3,0.0,0.0,10800.0,10800.0,24,True
2025-05-02,4,13.659101944444387,6154.39491722778,10800.0,3974.076617052466,24,True
2025-05-02,5,2980.2119585416663,2686.467058849303,3974.076617052466,3671.3039810185182,24,True
2025-05-03,0,423.51883333333296,362.56374166666603,3671.3039810185182,3649.6223291666674,24,True
2025-05-03,1,248.91525907895044,1962.93131082895,3649.6223291666674,1692.6112725277783,24,True
2025-05-03,2,10119.32080830247,0.0,1692.6112725277783,10800.0,24,True
2025-05-03,3,0.0,0.0,10800.0,10800.0,24,True
2025-05-03,4,0.0,5976.595716422322,10800.0,4159.338092864088,24,True
2025-05-03,5,3406.2155749999993,2754.188683577679,4159.338092864088,4164.722461944445,24,True
2025-05-04,0,6490.055117040588,277.9243499999999,4164.722461944445,9696.96723394764,24,True
2025-05-04,1,1022.351681666667,4200.533191666667,9696.96723394764,5949.824645595787,24,True
2025-05-04,2,4006.848383333333,1136.956666666667,5949.824645595787,8292.703005410604,24,True
2025-05-04,3,2791.244117113215,112.5813550694445,8292.703005410604,10679.732316290894,24,True
2025-05-04,4,118.94696590277704,5550.936484522919,10679.732316290894,4619.077380577929,24,True
2025-05-04,5,3017.582733125,3130.000999851386,4619.077380577929,3857.1229516666663,24,True
2025-05-05,0,6865.746191666666,94.90502000000004,3857.1229516666663,9930.844501944443,24,True
2025-05-05,1,1024.3953794007234,5741.948051041666,9930.844501944443,4472.858064469908,24,True
2025-05-05,2,4922.266952034483,2195.4517333333333,4472.858064469908,6463.5075064861285,24,True
2025-05-05,3,4818.324992793193,0.0,6463.5075064861285,10800.0,24,True
2025-05-05,4,19.455833333333658,5513.615037433335,10800.0,4691.271319518518,24,True
2025-05-05,5,3386.867091666666,3273.7897292333328,4691.271319518518,4101.907558425924,24,True
2025-05-06,0,6477.968044958848,102.67994166666654,4101.907558425924,9817.989974814815,24,True
2025-05-06,1,948.3019500000003,5890.452355,9817.989974814815,4126.514668703709,24,True
2025-05-06,2,3879.6001166666665,2292.23765,4126.514668703709,5071.224051481486,24,True
2025-05-06,3,6390.193724691351,141.13217166666664,5071.224051481486,10665.584879629629,24,True
2025-05-06,4,174.5599202726356,5571.381779236115,10665.584879629629,4632.264608723763,24,True
2025-05-06,5,2860.2492924999997,3180.5088949472197,4632.264608723763,3672.5901998101854,24,True
2025-05-07,0,6327.493451069953,34.010183333333316,3672.5901998101854,9329.545213180552,24,True
2025-05-07,1,1033.0056716666668,5058.573496666666,9329.545213180552,4638.613099162034,24,True
2025-05-07,2,3777.8101333333334,1874.3324166666664,4638.613099162034,5956.05064508796,24,True
2025-05-07,3,5382.165949902267,482.16633261666584,5956.05064508796,10264.259630425926,24,True
2025-05-07,4,278.134826458333,5080.914234055554,10264.259630425926,4869.120714176702,24,True
2025-05-07,5,3199.6822183333334,3458.331766509031,4869.120714176702,3906.243859,24,True
2025-05-08,0,6828.781162510286,11.624133333333361,3906.243859,10039.231201555554,24,True
2025-05-08,1,984.8108983333332,5366.650478333333,10039.231201555554,4962.616034129629,24,True
2025-05-08,2,2672.3543666666665,1687.2432333333331,4962.616034129629,5493.020260425926,24,True
2025-05-08,3,5876.97489705333,709.0768616666671,5493.020260425926,9994.434488144292,24,True
2025-05-08,4,777.7512133333338,4770.75493564861,9994.434488144292,5393.571762756948,24,True
2025-05-08,5,3338.7235166666665,3530.5750356666667,5393.571762756948,4475.561777016207,24,True
2025-05-09,0,98.24705000000006,398.2467309649164,4475.561777016207,4121.487754277409,24,True
2025-05-09,1,206.29835666666662,2438.9502403684173,4121.487754277409,1597.211563756946,24,True
2025-05-09,2,10225.320484714506,0.0,1597.211563756946,10800.0,24,True
2025-05-09,3,0.0,0.0,10800.0,10800.0,24,True
2025-05-09,4,0.0,5761.592662152778,10800.0,4398.230375385803,24,True
2025-05-09,5,3714.7611772916666,2861.283965208333,4398.230375385803,4562.311029161265,24,True
2025-05-10,0,458.8700733333329,166.22605000000027,4562.311029161265,4790.5984840501515,24,True
2025-05-10,1,296.87980305555544,3308.6463017145797,4790.5984840501515,1381.5166382283949,24,True
2025-05-10,2,10464.981513079563,0.0,1381.5166382283949,10800.0,24,True
2025-05-10,3,0.0,0.0,10800.0,10800.0,24,True
2025-05-10,4,87.42543076388847,5977.880759821529,10800.0,4236.593154552469,24,True
2025-05-10,5,3391.2482833333333,2798.3119307638894,4236.593154552469,4179.481130925926,24,True
2025-05-11,0,5114.891547962964,336.8126816666663,4179.481130925926,8408.647211129633,24,True
2025-05-11,1,886.8111183333335,4560.764765000001,8408.647211129633,4139.260812074079,24,True
2025-05-11,2,5091.227620025722,1668.5184666666669,4139.260812074079,6867.456262689821,24,True
2025-05-11,3,4437.019782074758,210.88668590277723,6867.456262689821,10626.455526665128,24,True
2025-05-11,4,229.7817680778424,5572.623765169443,10626.455526665128,4641.454934413579,24,True
2025-05-11,5,3535.84877690072,3134.964207638889,4641.454934413579,4340.425269581017,24,True
2025-05-12,0,4931.199217075152,132.3476333333332,4340.425269581017,8631.451639022729,24,True
2025-05-12,1,1028.6082066666668,3925.2081466666664,8631.451639022729,5195.856639837543,24,True
2025-05-12,2,3964.0109915751545,734.9351500000002,5195.856639837543,7946.871921144069,24,True
2025-05-12,3,3170.1423098399227,0.0,7946.871921144069,10800.0,24,True
2025-05-12,4,24.1462250000003,5747.320560874487,10800.0,4435.819868195016,24,True
2025-05-12,5,3630.616871707819,2914.8774063755145,4435.819868195016,4464.622378981482,24,True
2025-05-13,0,5046.284510976727,14.73583333333329,4464.622378981482,8989.905290712388,24,True
2025-05-13,1,1226.3019516666668,4531.072151666665,8989.905290712388,5059.052434249424,24,True
2025-05-13,2,2756.239066666666,1768.5275666666662,5059.052434249424,5574.6369646197945,24,True
2025-05-13,3,5805.958928200226,0.0,5574.6369646197945,10800.0,24,True
2025-05-13,4,124.00108205761234,4972.892726680557,10800.0,5386.164610873454,24,True
2025-05-13,5,3570.139208333333,3411.3349215833337,5386.164610873454,4808.9177632808605,24,True
2025-05-14,0,4877.34684574074,105.34715999999992,4808.9177632808605,9081.477524447528,24,True
2025-05-14,1,882.1821949999998,4896.166673333333,9081.477524447528,4435.256307354933,24,True
2025-05-14,2,5789.891056646953,1252.5624666666665,4435.256307354933,8254.422184263116,24,True
2025-05-14,3,2828.419795263203,123.20275534722202,8254.422184263116,10663.108049614197,24,True
2025-05-14,4,367.3836580178322,5078.269569374998,10663.108049614197,5351.231598080247,24,True
2025-05-14,5,3606.3857252083326,3272.999621666667,5351.231598080247,4960.31250447145,24,True
2025-05-15,0,5360.455190699591,149.0125499999997,4960.31250447145,9619.152676101083,24,True
2025-05-15,1,993.4540583333339,5582.842058333334,9619.152676101083,4310.103486008489,24,True
2025-05-15,2,5260.314066666667,1220.5276666666668,4310.103486008489,7688.244294156637,24,True
2025-05-15,3,3554.4812357450282,78.54966569444434,7688.244294156637,10800.0,24,True
2025-05-15,4,443.61014499999976,4720.259539988196,10800.0,5954.516308290897,24,True
2025-05-15,5,3851.1990166666665,3219.7848906666673,5954.516308290897,5843.056655883488,24,True
2025-05-16,0,247.18409385964588,179.9040649999996,5843.056655883488,5865.628934801614,24,True
2025-05-16,1,489.0029666666668,3520.5658793898965,5865.628934801614,2393.9917388128397,24,True
2025-05-16,2,9340.009179096844,0.0,2393.9917388128397,10800.0,24,True
2025-05-16,3,0.0,0.0,10800.0,10800.0,24,True
2025-05-16,4,0.0,5814.812900833332,10800.0,4339.096776851849,24,True
2025-05-16,5,3636.5974320833325,2837.967932083333,4339.096776851849,4458.736763412034,24,True
2025-05-17,0,97.10619166666618,480.7361221938223,4458.736763412034,4011.9810890300078,24,True
2025-05-17,1,925.0388970833333,2587.4358232770073,4011.9810890300078,1969.5874038750005,24,True
2025-05-17,2,9811.569551249999,0.0,1969.5874038750005,10800.0,24,True
2025-05-17,3,0.0,0.0,10800.0,10800.0,24,True
2025-05-17,4,6.286383333333276,5807.509740777779,10800.0,4352.8691441358005,24,True
2025-05-17,5,3764.526093541666,2752.373183333333,4352.8691441358005,4682.750202397376,24,True
2025-05-18,0,3363.650127510292,136.0477666666668,4682.750202397376,7558.871131971454,24,True
2025-05-18,1,1192.326528340188,3538.9627975,7558.871131971454,4699.784121366514,24,True
2025-05-18,2,7103.026483333334,1769.7176333333332,4699.784121366514,9126.15503044059,24,True
2025-05-18,3,1862.4030577409098,2.0860041666667257,9126.15503044059,10800.0,24,True
2025-05-18,4,131.75502436728237,5029.188303958334,10800.0,5330.592517532405,24,True
2025-05-18,5,3820.1993541666666,3498.9118486394004,5330.592517532405,4881.092104460849,24,True
2025-05-19,0,4167.866377843577,6.747833333333347,4881.092104460849,8624.67425192748,24,True
2025-05-19,1,1156.9349033333333,4279.810825,8624.67425192748,4910.5703038163665,24,True
2025-05-19,2,4201.660866666667,1195.3416999999997,4910.5703038163665,7363.907639371923,24,True
2025-05-19,3,3817.8804006978603,0.0,7363.907639371923,10800.0,24,True
2025-05-19,4,361.81244265946657,5610.895675486113,10800.0,4891.3026700756145,24,True
2025-05-19,5,3896.816837731481,3356.98574125,4891.3026700756145,4668.453667089502,24,True
2025-05-20,0,4300.291788477371,211.33635500000048,4668.453667089502,8303.898104496911,24,True
2025-05-20,1,945.8741983333331,4495.286678333334,8303.898104496911,4160.421907070983,24,True
2025-05-20,2,4360.0635946596385,1254.7628,4160.421907070983,6690.2982533757695,24,True
2025-05-20,3,4441.390217915812,650.8639888878603,6690.2982533757695,9964.367239624598,24,True
2025-05-20,4,335.16847145833435,5209.762861093389,9964.367239624598,4477.3934627222225,24,True
2025-05-20,5,3656.3836971244864,3024.581060158334,4477.3934627222225,4407.493167736111,24,True
2025-05-21,0,4614.920406816287,164.6476583333333,4407.493167736111,8377.979691278175,24,True
2025-05-21,1,921.5645733333336,4422.416245,8377.979691278175,4293.5919795004,24,True
2025-05-21,2,4376.261092840226,1073.018366666666,4293.5919795004,7039.984333426975,24,True
2025-05-21,3,4249.746255039986,265.0916130807317,7039.984333426975,10570.209726206594,24,True
2025-05-21,4,300.38834000000065,5128.786049847486,10570.209726206594,5141.90806570939,24,True
2025-05-21,5,3557.5345254166664,3607.8696008926177,5141.90806570939,4334.945137592591,24,True
2025-05-22,0,4995.705139488708,111.47636666666642,4334.945137592591,8707.217133502796,24,True
2025-05-22,1,1072.352373371653,4827.235961666667,8707.217133502796,4308.738756574322,24,True
2025-05-22,2,3689.0145033905037,1242.0174499999994,4308.738756574322,6248.832420736888,24,True
2025-05-22,3,5064.403039716211,6.115640833333373,6248.832420736888,10800.0,24,True
2025-05-22,4,57.57427873487629,5602.416496128441,10800.0,4626.909632940901,24,True
2025-05-22,5,4032.1077186162547,3109.819880646811,4626.909632940901,4800.45115675463,24,True
2025-05-23,0,159.90074166666693,957.9306533555565,4800.45115675463,3879.9944316373453,24,True
2025-05-23,1,675.205238263889,2443.682197598611,3879.9944316373453,1772.4767042986114,24,True
2025-05-23,2,10030.581439668209,0.0,1772.4767042986114,10800.0,24,True
2025-05-23,3,0.0,0.0,10800.0,10800.0,24,True
2025-05-23,4,10.889589999999885,5860.509693600822,10800.0,4298.123193665754,24,True
2025-05-23,5,3871.13031375,2811.900390965845,4298.123193665754,4657.806708300926,24,True
2025-05-24,0,52.5399583333334,658.7113083333331,4657.806708300926,3973.1912170972228,24,True
2025-05-24,1,652.5137977562446,2553.862097402079,3973.1912170972228,1722.8290824088667,24,True
2025-05-24,2,10085.745463990146,0.0,1722.8290824088667,10800.0,24,True
2025-05-24,3,0.0,0.0,10800.0,10800.0,24,True
2025-05-24,4,0.0,5580.699161666666,10800.0,4599.223153703703,24,True
2025-05-24,5,3758.8047383333333,3067.8100293833336,4599.223153703703,4573.469607777778,24,True
2025-05-25,0,4882.940714813787,51.82164166666723,4573.469607777778,8910.536649258333,24,True
2025-05-25,1,879.0678700000001,4571.260685,8910.536649258333,4622.519193369447,24,True
2025-05-25,2,4316.01235,969.385733333333,4622.519193369447,7429.835049110187,24,True
2025-05-25,3,3759.666741215022,12.181604583333637,7429.835049110187,10800.0,24,True
2025-05-25,4,92.87367437499995,4925.92117395833,10800.0,5410.340558094912,24,True
2025-05-25,5,4025.1210416743825,3553.544405000004,5410.340558094912,5084.56682337963,24,True
2025-05-26,0,3947.76178954185,37.94182499999977,5084.56682337963,8595.39485063396,24,True
2025-05-26,1,921.8365716666669,4564.001930148342,8595.39485063396,4353.9345094135815,24,True
2025-05-26,2,4939.532294127222,1718.2853833333334,4353.9345094135815,6890.307592646601,24,True
2025-05-26,3,4351.67517483711,128.46840666666594,6890.307592646601,10664.072575925928,24,True
2025-05-26,4,154.5803395061723,4909.191634566665,10664.072575925928,5348.537509740742,24,True
2025-05-26,5,3772.0380750000004,3497.7099204611095,5348.537509740742,4857.027421172843,24,True
2025-05-27,0,5982.413733148129,192.14987666666661,4857.027421172843,10027.699918043194,24,True
2025-05-27,1,909.1746883333333,4532.385593333333,10027.699918043194,5809.973144950601,24,True
2025-05-27,2,3754.0147,1257.6461333333332,5809.973144950601,7791.201782358006,24,True
2025-05-27,3,3343.109130713327,155.63495000000023,7791.201782358006,10627.072277777777,24,True
2025-05-27,4,417.0296215252067,5103.121394181044,10627.072277777777,5332.264054727081,24,True
2025-05-27,5,3674.7036970833333,3748.5560068918726,5332.264054727081,4474.4351522222205,24,True
2025-05-28,0,4111.186945892387,52.507105000000024,4474.4351522222205,8116.162175747591,24,True
2025-05-28,1,1092.9218995833332,4896.789164697833,8116.162175747591,3658.9150357083295,24,True
2025-05-28,2,4112.249657399689,1535.1502499999997,3658.9150357083295,5654.21722736805,24,True
2025-05-28,3,5749.076390702165,26.580833333333317,5654.21722736805,10798.85171974074,24,True
2025-05-28,4,120.6976996810707,4882.099302290278,10798.85171974074,5482.924869131177,24,True
2025-05-28,5,3892.9422590833337,3209.2241585416673,5482.924869131177,5420.768281704322,24,True
2025-05-29,0,2584.8160771918865,41.21534999999983,5420.768281704322,7701.307917843686,24,True
2025-05-29,1,1911.674027083333,2306.2817626134847,7701.307917843686,6859.279250425927,24,True
2025-05-29,2,5723.371340277778,2013.011316666666,6859.279250425927,9773.634215935186,24,True
2025-05-29,3,1162.318405488682,110.40894444444439,9773.634215935186,10697.044175936728,24,True
2025-05-29,4,268.22603409722194,5210.9062040255585,10697.044175936728,5148.55182437361,24,True
2025-05-29,5,4140.843179318749,3084.1332147279154,5148.55182437361,5448.496002729467,24,True
2025-05-30,0,260.0954833333331,362.45559166666686,5448.496002729467,5279.8535025442825,24,True
2025-05-30,1,375.1067199999995,2649.4476701666667,5279.8535025442825,2673.6188059146525,24,True
2025-05-30,2,9029.312437872606,0.0,2673.6188059146525,10800.0,24,True
2025-05-30,3,0.0,0.0,10800.0,10800.0,24,True
2025-05-30,4,91.15803146433285,5431.674803819444,10800.0,4846.848001851854,24,True
2025-05-30,5,3965.674724382715,2664.941681666666,4846.848001851854,5454.908940833333,24,True
2025-05-31,0,315.8429616666667,276.52843500000006,5454.908940833333,5431.913789666665,24,True
2025-05-31,1,461.1421949999999,3228.490343416663,5431.913789666665,2259.730272481485,24,True
2025-05-31,2,9489.188586131682,0.0,2259.730272481485,10800.0,24,True
2025-05-31,3,0.0,0.0,10800.0,10800.0,24,True
2025-05-31,4,0.0,5137.858013292178,10800.0,5091.2688741198,24,True
2025-05-31,5,4041.07043597551,2731.884068333333,5091.2688741198,5692.8055239051655,24,True
2025-06-01,0,3727.1694739942627,731.676915,5692.8055239051655,8234.283700500002,24,True
2025-06-01,1,2236.165026527778,747.2918298784746,8234.283700500002,9416.507968954473,24,True
2025-06-01,2,5054.8182236111115,3741.5094333333327,9416.507968954473,9808.611666500772,24,True
2025-06-01,3,1351.0030887311427,1423.0689092361104,9808.611666500772,9443.326769429785,24,True
2025-06-01,4,337.7495361111114,4045.4455608201406,9443.326769429785,5252.3618399074085,24,True
2025-06-01,5,3025.613780416667,3712.152344166667,5252.3618399074085,3850.8005265416678,24,True
2025-06-02,0,5846.457025,618.3933083333336,3850.8005265416678,8425.50817311574,24,True
2025-06-02,1,1429.5085083693425,4493.825616065277,8425.50817311574,4718.926257242285,24,True
2025-06-02,2,5650.006591215287,3078.508933333333,4718.926257242285,6383.366707854563,24,True
2025-06-02,3,5683.680235331349,1487.5749398611106,6383.366707854563,9845.817875362654,24,True
2025-06-02,4,311.19859340277674,4318.979087826388,9845.817875362654,5327.0309562847215,24,True
2025-06-02,5,2908.815028749999,3635.738624166667,5327.0309562847215,3905.2548997523127,24,True
2025-06-03,0,6630.990496399177,593.0754850000002,3905.2548997523127,9214.173585400462,24,True
2025-06-03,1,2552.2745381250043,3397.2478533333333,9214.173585400462,7736.500832675926,24,True
2025-06-03,2,5209.1695875000005,3834.298233333333,7736.500832675926,8164.422091055557,24,True
2025-06-03,3,3584.806030514404,732.0973200000012,8164.422091055557,10577.30605185185,24,True
2025-06-03,4,263.1296608333324,4821.484145416668,10577.30605185185,5456.918140583331,24,True
2025-06-03,5,3520.468534374999,3114.8550652083336,5456.918140583331,5164.389749067127,24,True
2025-06-04,0,6465.015701934157,990.8065216666665,5164.389749067127,9882.007745622679,24,True
2025-06-04,1,961.1485129861112,4392.234173093742,9882.007745622679,5866.781214983799,24,True
2025-06-04,2,3946.158493138726,2535.8081999999995,5866.781214983799,6600.759192141987,24,True
2025-06-04,3,5430.992161925567,1387.8432370833325,6600.759192141987,9946.604096671297,24,True
2025-06-04,4,218.65724465277867,4626.0591776875035,9946.604096671297,5003.329863872686,24,True
2025-06-04,5,3083.8195939916654,3350.1441487499997,5003.329863872686,4056.385110965185,24,True
2025-06-05,0,6634.462511666667,247.53480000000025,4056.385110965185,9752.362704798517,24,True
2025-06-05,1,1397.1150340380673,4218.279614840882,9752.362704798517,6322.7888856095715,24,True
2025-06-05,2,5246.911836251717,3352.3761833333324,6322.7888856095715,7320.147112310191,24,True
2025-06-05,3,4977.924650972217,1638.4706033333327,7320.147112310191,9979.756405592594,24,True
2025-06-05,4,684.8462552083347,4575.024276413894,9979.756405592594,5512.757728153549,24,True
2025-06-05,5,2892.753970170833,3639.358409166667,5512.757728153549,4072.5047355665574,24,True
2025-06-06,0,576.9970549999991,305.501206666667,4072.5047355665574,4252.35629988137,24,True
2025-06-06,1,269.8400199999998,2182.1603419166654,4252.35629988137,2070.589715751742,24,True
2025-06-06,2,7886.497649999999,0.0,2070.589715751742,9168.437600751742,24,True
2025-06-06,3,1812.8471102758415,480.93835,9168.437600751742,10265.624055555556,24,True
2025-06-06,4,142.82289631944445,5397.929623909464,10265.624055555556,4396.465080121432,24,True
2025-06-06,5,3334.7220968187494,2716.5602042155397,4396.465080121432,4379.314740352152,24,True
2025-06-07,0,625.0412016666664,211.757081666666,4379.314740352152,4706.566175555857,24,True
2025-06-07,1,315.9841366666667,2106.856946234566,4706.566175555857,2649.999736073005,24,True
2025-06-07,2,5790.361716666665,0.0,2649.999736073005,7861.325281073003,24,True
2025-06-07,3,3265.1941321411077,0.0,7861.325281073003,10800.0,24,True
2025-06-07,4,211.38947319444446,4926.827096388892,10800.0,5515.998196554011,24,True
2025-06-07,5,3533.927458735416,3228.3844416666666,5515.998196554011,5109.439085341812,24,True
2025-06-08,0,6421.300040731323,153.01691499999993,5109.439085341812,10718.590327555557,24,True
2025-06-08,1,90.4551916049367,5146.449383333333,10718.590327555557,5081.72290740741,24,True
2025-06-08,2,2699.3177166666665,1088.7352,5081.72290740741,6301.403074629634,24,True
2025-06-08,3,4837.6543474734135,717.3778841666671,6301.403074629634,9858.205449392746,24,True
2025-06-08,4,391.35639375000085,4318.458535315973,9858.205449392746,5412.138942305558,24,True
2025-06-08,5,3785.8936979218106,3024.684750208333,5412.138942305558,5458.682436870375,24,True
2025-06-09,0,4663.979221391604,154.56558333333362,5458.682436870375,9484.52419908578,24,True
2025-06-09,1,1055.0246445833336,5223.3150429105335,9484.52419908578,4630.362998199078,24,True
2025-06-09,2,2712.7341191280852,2798.0059666666666,4630.362998199078,3962.928186895836,24,True
2025-06-09,3,8513.160290925927,965.141816666667,3962.928186895836,10552.392652432874,24,True
2025-06-09,4,401.2567183333322,4813.188908333335,10552.392652432874,5565.536023006942,24,True
2025-06-09,5,3668.913693333333,3383.345451666667,5565.536023006942,5108.285622932865,24,True
2025-06-10,0,5880.522767222231,78.79910000000018,5108.285622932865,10313.201557877317,24,True
2025-06-10,1,809.092411741252,4830.40915597222,10313.201557877317,5674.263444030865,24,True
2025-06-10,2,723.1032166666671,3618.550783333333,5674.263444030865,2304.444357549385,24,True
2025-06-10,3,10426.849036666667,1134.2665400000005,2304.444357549385,10428.312334993829,24,True
2025-06-10,4,420.92453445130104,4280.488195,10428.312334993829,6051.046421555551,24,True
2025-06-10,5,3765.659049999999,3116.84601,6051.046421555551,5976.9773332222185,24,True
2025-06-11,0,5230.252740864203,0.0,5976.9773332222185,10684.2048,24,True
2025-06-11,1,206.29562447788,3431.206508501389,10684.2048,7057.419185917438,24,True
2025-06-11,2,1115.1923530504107,5210.888616666665,7057.419185917438,2271.2160629220684,24,True
2025-06-11,3,9480.447726666665,1845.4185666666658,2271.2160629220684,8753.153942847992,24,True
2025-06-11,4,1574.6948509722226,4800.45126431597,8753.153942847992,4836.544570594137,24,True
2025-06-11,5,3670.3093503369346,2956.3761812499997,4836.544570594137,4854.960562286266,24,True
2025-06-12,0,4847.119333282707,484.7249783333335,4854.960562286266,8678.784652981441,24,True
2025-06-12,1,1083.8747066666667,4800.680249694415,8678.784652981441,4320.182722654317,24,True
2025-06-12,2,5162.7530927083335,2822.1623670555527,4320.182722654317,5830.924542696759,24,True
2025-06-12,3,6941.67746993827,2179.4788466666655,5830.924542696759,9656.791102678235,24,True
2025-06-12,4,577.9086199999997,4281.0661316666665,9656.791102678235,5420.168714381938,24,True
2025-06-12,5,3683.332075,3065.9078566666662,5420.168714381938,5328.603296696754,24,True
2025-06-13,0,514.6832100000004,313.7951900000005,5328.603296696754,5443.156863474533,24,True
2025-06-13,1,308.5336818979187,3501.4179917333313,5443.156863474533,1830.3727419234015,24,True
2025-06-13,2,6111.061833333333,13.859816666666688,1830.3727419234015,7314.928595627106,24,True
2025-06-13,3,3872.301560414327,42.16297833333306,7314.928595627106,10753.152246296297,24,True
2025-06-13,4,67.83759298230461,4640.987122900004,10753.152246296297,5657.553721202588,24,True
2025-06-13,5,3944.364441666666,3221.340848333333,5657.553721202588,5628.21410944333,24,True
2025-06-14,0,249.63690333333352,440.06373999999977,5628.21410944333,5363.927611332219,24,True
2025-06-14,1,120.45668333333322,3777.2271956989975,5363.927611332219,1275.41952,24,True
2025-06-14,2,9071.136466666667,0.0,1275.41952,9439.442340000001,24,True
2025-06-14,3,1511.7307333333313,128.79972965277761,9439.442340000001,10656.88918927469,24,True
2025-06-14,4,292.8916541666665,4983.525819583333,10656.88918927469,5383.240767376543,24,True
2025-06-14,5,3624.190063274999,3187.8222083333335,5383.240767376543,5102.987148398115,24,True
2025-06-15,0,5536.1334487883005,133.31800166666665,5102.987148398115,9937.376139344622,24,True
2025-06-15,1,959.3813904401297,4753.0582349999995,9937.376139344622,5519.643574074075,24,True
2025-06-15,2,462.786093918038,3779.9657874999994,5519.643574074075,1736.1890724891994,24,True
2025-06-15,3,9649.34068545439,1194.9732833333333,1736.1890724891994,9092.847596805557,24,True
2025-06-15,4,1921.4102330555556,3463.5559534527783,9092.847596805557,6973.72130271914,24,True
2025-06-15,5,4744.716718333333,2899.843249999999,6973.72130271914,8021.918293663586,24,True
2025-06-16,0,3086.757451484904,0.0,8021.918293663586,10800.0,24,True
2025-06-16,1,54.25377366255199,4917.8143171527745,10800.0,5384.590266126545,24,True
2025-06-16,2,3278.857174702338,3766.1312395138903,5384.590266126545,4150.9714572321045,24,True
2025-06-16,3,9171.954189856135,1564.8446301999998,4150.9714572321045,10667.013972324849,24,True
2025-06-16,4,172.91502463905624,4419.415065563888,10667.013972324849,5912.176310540125,24,True
2025-06-16,5,5011.076774999999,2794.0291,5912.176310540125,7317.668630262346,24,True
2025-06-17,0,2499.583340514406,386.3253083333326,7317.668630262346,9138.04329413272,24,True
2025-06-17,1,1546.3329930658415,3242.660108333333,9138.04329413272,6926.787311966051,24,True
2025-06-17,2,4142.113206666667,3186.7042999999994,6926.787311966051,7113.906642410497,24,True
2025-06-17,3,6888.986104543893,2705.8498729423573,7113.906642410497,10307.49427767516,24,True
2025-06-17,4,609.0328966778045,4246.377831995887,10307.49427767516,6137.426293578643,24,True
2025-06-17,5,4486.378238333334,2946.6349133333333,6137.426293578643,6901.127915486051,24,True
2025-06-18,0,4402.315742052536,56.890875000000165,6901.127915486051,10800.0,24,True
2025-06-18,1,406.62454409465215,4183.214291666667,10800.0,6517.946210055557,24,True
2025-06-18,2,5072.344333333333,2700.2017499999997,6517.946210055557,8082.83194338889,24,True
2025-06-18,3,4247.2972141358,1002.8406457638876,8082.83194338889,10791.132051929013,24,True
2025-06-18,4,62.98515068586778,4959.877515277777,10791.132051929013,5336.843670570989,24,True
2025-06-18,5,4842.03786,2931.266591666667,5336.843670570989,6437.714864941361,24,True
2025-06-19,0,3319.3657250000006,103.46049166666648,6437.714864941361,9310.187915589511,24,True
2025-06-19,1,984.8021601346888,4747.3757997813245,9310.187915589511,4921.647859953705,24,True
2025-06-19,2,1015.5145166666669,3349.4830739583344,4921.647859953705,2113.963065,24,True
2025-06-19,3,10489.934536831275,679.4137333333335,2113.963065,10800.0,24,True
2025-06-19,4,68.76779304526825,3923.2514804845705,10800.0,6502.72270209122,24,True
2025-06-19,5,4862.115784567902,2898.007193333333,6502.72270209122,7658.618915609739,24,True
2025-06-20,0,1011.3823750000001,680.064105715433,7658.618915609739,7813.236268981483,24,True
2025-06-20,1,391.31851000000006,4569.238961666667,7813.236268981483,3088.4907483518546,24,True
2025-06-20,2,8568.343612942384,0.0,3088.4907483518546,10800.0,24,True
2025-06-20,3,0.0,0.0,10800.0,10800.0,24,True
2025-06-20,4,178.3967463082293,3951.9190532833327,10800.0,6569.535901362594,24,True
2025-06-20,5,4533.5518483333335,3022.2782666666662,6569.535901362594,7291.645601899631,24,True
2025-06-21,0,307.80512000000033,711.1591788166703,7291.645601899631,6778.493344547775,24,True
2025-06-21,1,220.56061833333325,4933.2941949999995,6778.493344547775,1495.559906603332,24,True
2025-06-21,2,10134.265783333334,0.0,1495.559906603332,10616.39911160333,24,True
2025-06-21,3,204.00098710741077,0.0,10616.39911160333,10800.0,24,True
2025-06-21,4,273.49604999999985,4057.0402666666664,10800.0,6538.323926481485,24,True
2025-06-21,5,4912.17176,2723.684696666669,6538.323926481485,7932.962180851853,24,True
2025-06-22,0,2726.184917901236,318.64086,7932.962180851853,10032.48320696296,24,True
2025-06-22,1,853.6120642798377,4455.753941666667,10032.48320696296,5849.896351851853,24,True
2025-06-22,2,2245.470612940668,2036.659549999999,5849.896351851853,5607.864847942898,24,True
2025-06-22,3,7065.448039027778,2000.9037199999998,5607.864847942898,9743.541727512342,24,True
2025-06-22,4,1345.7503509722253,3882.497400631943,9743.541727512342,6640.831042685186,24,True
2025-06-22,5,4448.5403,2897.1069166666666,6640.831042685186,7425.509627500003,24,True
2025-06-23,0,3460.7017788888847,299.6308733333334,7425.509627500003,10207.218035907405,24,True
2025-06-23,1,721.927859279838,4240.350190828472,10207.218035907405,6145.452897227624,24,True
2025-06-23,2,4813.531383333333,2705.5217999999995,6145.452897227624,7471.495808894291,24,True
2025-06-23,3,5669.272774353565,2036.8856233333336,7471.495808894291,10310.635057664354,24,True
2025-06-23,4,518.9298988333344,4587.126867578474,10310.635057664354,5680.864335971607,24,True
2025-06-23,5,4702.858541666666,2837.178,5680.864335971607,6761.017023471605,24,True
2025-06-24,0,3459.8835869958875,185.80941666666706,6761.017023471605,9668.457344360499,24,True
2025-06-24,1,2080.7092675,2415.3475347508415,9668.457344360499,8857.376202054009,24,True
2025-06-24,2,4749.852185277778,5964.035781944444,8857.376202054009,6505.536744421293,24,True
2025-06-24,3,5658.794323662557,2134.8430133333327,6505.536744421293,9226.403843125003,24,True
2025-06-24,4,302.13907716604945,4089.1438821660504,9226.403843125003,4954.835810167726,24,True
2025-06-24,5,4825.890585,2715.390688333333,4954.835810167726,6281.036571852912,24,True
2025-06-25,0,5115.497446727219,236.4336649999999,6281.036571852912,10622.280201685184,24,True
2025-06-25,1,340.364077474283,4090.970750069444,10622.280201685184,6383.084815779323,24,True
2025-06-25,2,3832.0885877743576,3889.1880333333324,6383.084815779323,5510.644507739208,24,True
2025-06-25,3,7560.7114934584915,1363.7563666666665,5510.644507739208,10800.0,24,True
2025-06-25,4,68.74905689300226,4269.284353721706,10800.0,6118.224869290696,24,True
2025-06-25,5,4609.195541666667,2980.7764516666666,6118.224869290696,6954.527021605512,24,True
2025-06-26,0,2556.9128456886647,0.0,6954.527021605512,9255.74858272531,24,True
2025-06-26,1,1184.6430650000002,3905.0959635388895,9255.74858272531,5982.931826182099,24,True
2025-06-26,2,3046.284628680555,3957.0764833333333,5982.931826182099,4327.83634384645,24,True
2025-06-26,3,7892.703383380489,568.14245,4327.83634384645,10800.0,24,True
2025-06-26,4,306.6820532000013,5051.49672212499,10800.0,5463.239712185568,24,True
2025-06-26,5,4420.714731376533,2870.249826666666,5463.239712185568,6252.716496350373,24,True
2025-06-27,0,450.08098166666724,299.9274500000001,6252.716496350373,6324.536657628149,24,True
2025-06-27,1,185.50799092466707,4564.40103542889,6324.536657628149,1419.9371434282496,24,True
2025-06-27,2,10405.97665,0.0,1419.9371434282496,10785.31612842825,24,True
2025-06-27,3,16.31541285749942,0.0,10785.31612842825,10800.0,24,True
2025-06-27,4,149.51635360425155,4249.256004652778,10800.0,6213.16915751852,24,True
2025-06-27,5,4958.846925,3034.1895499999996,6213.16915751852,7304.809667796298,24,True
2025-06-28,0,859.1670308771947,808.3574005938624,7304.809667796298,7179.885106037037,24,True
2025-06-28,1,51.93415166666648,4883.531743333333,7179.885106037037,1800.4794610555562,24,True
2025-06-28,2,9214.685516666666,0.0,1800.4794610555562,10093.696426055556,24,True
2025-06-28,3,784.781748827159,48.99002666666672,10093.696426055556,10745.566637037036,24,True
2025-06-28,4,299.3974333197558,3720.481871780152,10745.566637037036,6881.155580602426,24,True
2025-06-28,5,4640.607284999999,2803.480284958847,6881.155580602426,7942.724042703708,24,True
2025-06-29,0,3174.7510636625498,0.0,7942.724042703708,10800.0,24,True
2025-06-29,1,182.82164609053154,4906.687904444447,10800.0,5512.664032098763,24,True
2025-06-29,2,2179.9735015149117,3709.6568833333336,5512.664032098763,3352.7992019807016,24,True
2025-06-29,3,8771.883252943251,402.7447166666665,3352.7992019807016,10800.0,24,True
2025-06-29,4,94.99929526748939,4266.875175013879,10800.0,6144.526949058656,24,True
2025-06-29,5,5122.556201666666,2878.2273416666667,6144.526949058656,7556.797150929026,24,True
2025-06-30,0,2293.708818189301,268.41543000000024,7556.797150929026,9322.895720632732,24,True
2025-06-30,1,1260.5166646502064,3655.3517716666665,9322.895720632732,6395.858750299399,24,True
2025-06-30,2,4434.3525500000005,3697.715033333333,6395.858750299399,6278.20378604014,24,True
2025-06-30,3,5813.766595757874,727.6080716666672,6278.20378604014,10702.140309259259,24,True
2025-06-30,4,321.5364835185182,4156.887915,10702.140309259259,6372.758794425921,24,True
2025-06-30,5,4508.452708333333,2656.9762749999995,6372.758794425921,7478.170370814808,24,True
2025-07-01,0,2375.8008264398377,1975.7024450000004,7478.170370814808,7421.1661757217735,24,True
2025-07-01,1,2351.666418611111,1269.6385900690398,7421.1661757217735,8126.956407950617,24,True
2025-07-01,2,3928.916734424721,3911.5467666666673,8126.956407950617,7316.818394858793,24,True
2025-07-01,3,4674.666188005832,946.2618964583335,7316.818394858793,10472.615856888118,24,True
2025-07-01,4,298.5445512544742,4543.951405239197,10472.615856888118,5692.4710583069245,24,True
2025-07-01,5,3197.168482291666,3412.5084993749997,5692.4710583069245,4778.246581952759,24,True
2025-07-02,0,5425.632769876554,1189.7276099999997,4778.246581952759,8339.396508174996,24,True
2025-07-02,1,1257.9822316891368,4076.559590972222,8339.396508174996,4942.069860059415,24,True
2025-07-02,2,4493.185690072026,2375.83,4942.069860059415,6346.125870013128,24,True
2025-07-02,3,5192.915166549205,197.77456791666668,6346.125870013128,10800.0,24,True
2025-07-02,4,143.52647873799623,4997.169599842363,10800.0,5376.763164372683,24,True
2025-07-02,5,3353.1754020833323,3669.3946635416673,5376.763164372683,4317.515844534716,24,True
2025-07-03,0,4694.880834218105,900.242253333333,4317.515844534716,7542.63942496064,24,True
2025-07-03,1,2897.753814254985,633.0781650000005,7542.63942496064,9447.197674456791,24,True
2025-07-03,2,5203.85793076389,3639.285633333333,9447.197674456791,10087.019108440589,24,True
2025-07-03,3,2446.515407218792,1402.2504293750053,10087.019108440589,10730.826942298603,24,True
2025-07-03,4,164.10344263888828,4905.486714870822,10730.826942298603,5427.979246372685,24,True
2025-07-03,5,3063.005713958334,3472.871746875,5427.979246372685,4325.938003518519,24,True
2025-07-04,0,117.81327499999998,1521.4110649999996,4325.938003518519,2741.513212129631,24,True
2025-07-04,1,493.0929122916675,1388.5343439027786,2741.513212129631,1642.4808955223775,24,True
2025-07-04,2,10175.021227197361,0.0,1642.4808955223775,10800.0,24,True
2025-07-04,3,0.0,83.70323333333329,10800.0,10706.996407407407,24,True
2025-07-04,4,113.72332843792935,4922.822273878961,10706.996407407407,5339.544876469362,24,True
2025-07-04,5,2956.5456889583324,3736.805708841873,5339.544876469362,3848.4296533742236,24,True
2025-07-05,0,684.6049266666664,167.19935666666652,3848.4296533742236,4278.79702441126,24,True
2025-07-05,1,526.0798833465311,2537.0796988333323,4278.79702441126,1933.291476274993,24,True
2025-07-05,2,9851.89835969445,0.0,1933.291476274993,10800.0,24,True
2025-07-05,3,0.0,0.0,10800.0,10800.0,24,True
2025-07-05,4,65.50726403549399,5054.834540885415,10800.0,5242.473714425927,24,True
2025-07-05,5,3149.813813125,3479.914081108334,5242.473714425927,4210.734945006945,24,True
2025-07-06,0,5363.5973409876515,25.749100000000226,4210.734945006945,9009.362440784718,24,True
2025-07-06,1,2112.8047594444447,2513.028958292355,9009.362440784718,8118.632326182102,24,True
2025-07-06,2,5371.571783333333,3175.908783333333,8118.632326182102,9424.259394145065,24,True
2025-07-06,3,3813.368236443756,1850.6617262499994,9424.259394145065,10800.0,24,True
2025-07-06,4,69.83599768518613,5058.297561791666,10800.0,5242.521773703704,24,True
2025-07-06,5,2982.967400333333,3604.012823333333,5242.521773703704,3922.733741411111,24,True
2025-07-07,0,5163.100781827161,856.5492883333329,3922.733741411111,7617.803013574074,24,True
2025-07-07,1,958.7437564583337,4074.3198377972217,7617.803013574074,3953.6503523896613,24,True
2025-07-07,2,4204.350715464685,2282.6208333333325,3953.6503523896613,5201.320625937508,24,True
2025-07-07,3,6482.223995871906,211.78999999999996,5201.320625937508,10800.0,24,True
2025-07-07,4,16.806796296295943,4485.312633583335,10800.0,5831.445412685184,24,True
2025-07-07,5,2870.6469750000006,3638.298025,5831.445412685184,4372.474329074074,24,True
2025-07-08,0,7208.926671399175,54.45749999999998,4372.474329074074,10800.0,24,True
2025-07-08,1,31.573045267489054,4967.758519375,10800.0,5308.684052546296,24,True
2025-07-08,2,1644.2629333333336,3046.3533833333336,5308.684052546296,3403.683599953704,24,True
2025-07-08,3,9287.451000051444,866.1505499999997,3403.683599953704,10800.0,24,True
2025-07-08,4,50.25205000000028,3887.796338333332,10800.0,6525.453135740744,24,True
2025-07-08,5,3906.8640316666642,3264.470873333333,6525.453135740744,6414.440904981483,24,True
2025-07-09,0,2501.812092345693,5.696666666666715,6414.440904981483,8659.742158462977,24,True
2025-07-09,1,1422.9126866666666,3648.1143533333316,8659.742158462977,5886.903183870385,24,True
2025-07-09,2,5013.677128045277,2358.8981499999995,5886.903183870385,7778.214654666689,24,True
2025-07-09,3,4338.173614156354,794.3138166666665,7778.214654666689,10800.0,24,True
2025-07-09,4,0.0,4625.001054640388,10800.0,5661.109939288457,24,True
2025-07-09,5,3898.6492497500003,3073.6396416666657,5661.109939288457,5754.739106656051,24,True
2025-07-10,0,4575.95719538217,28.991340000000037,5754.739106656051,9840.8879825,24,True
2025-07-10,1,1078.7272190329204,5093.049824083335,9840.8879825,5152.798230648148,24,True
2025-07-10,2,5336.085607942386,2650.878716666666,5152.798230648148,7009.854481499999,24,True
2025-07-10,3,4930.447839485599,663.7659949999991,7009.854481499999,10709.739764814814,24,True
2025-07-10,4,206.05347318930427,4647.396212016667,10709.739764814814,5731.414321777778,24,True
2025-07-10,5,3811.351295583333,3243.262443333333,5731.414321777778,5558.005550765742,24,True
2025-07-11,0,403.55726833333324,327.6299683333334,5558.005550765742,5557.1737941175925,24,True
2025-07-11,1,242.44856895833317,3938.944118553055,5557.1737941175925,1398.7729300100318,24,True
2025-07-11,2,8046.6884,0.0,1398.7729300100318,8640.792490010033,24,True
2025-07-11,3,2399.1194555444054,0.0,8640.792490010033,10800.0,24,True
2025-07-11,4,49.616698551280805,5107.190189020981,10800.0,5169.999263117288,24,True
2025-07-11,5,3504.3526605709876,3532.217865,5169.999263117288,4399.230140964511,24,True
2025-07-12,0,212.44198500000005,926.3972874561365,4399.230140964511,3561.097608068803,24,True
2025-07-12,1,236.7765147802764,2221.3443989477546,3561.097608068803,1306.036028095769,24,True
2025-07-12,2,9009.828566666665,0.0,1306.036028095769,9414.881738095768,24,True
2025-07-12,3,1539.0202910047024,119.10980333333293,9414.881738095768,10667.655774074075,24,True
2025-07-12,4,225.3676336940322,5411.455655583832,10667.655774074075,4857.758138194448,24,True
2025-07-12,5,3515.8239805639937,3318.1386397916694,4857.758138194448,4335.179009822409,24,True
2025-07-13,0,4497.665032130856,0.0,4335.179009822409,8383.077538740179,24,True
2025-07-13,1,1587.5110300000003,5086.205959721714,8383.077538740179,4160.497510493826,24,True
2025-07-13,2,2521.1128666666673,2273.9651499999995,4160.497510493826,3902.8711460493823,24,True
2025-07-13,3,8119.966862414262,369.75719000000026,3902.8711460493823,10800.0,24,True
2025-07-13,4,34.68106995884586,4103.453144652264,10800.0,6271.820580016001,24,True
2025-07-13,5,3712.3522749999997,3064.11339,6271.820580016001,6208.367194182669,24,True
2025-07-14,0,3660.44181004395,88.7477316666666,6208.367194182669,9404.15623248148,24,True
2025-07-14,1,1550.9375194650233,4961.53337,9404.15623248148,5287.185144444443,24,True
2025-07-14,2,1803.943483333334,2004.440666666666,5287.185144444443,4683.577983148148,24,True
2025-07-14,3,6676.589773353909,103.32943333333333,4683.577983148148,10577.698297685183,24,True
2025-07-14,4,247.00189146090716,4963.552136319446,10577.698297685183,5284.942070756172,24,True
2025-07-14,5,3879.151065095165,3355.267856041667,5284.942070756172,5048.102633739969,24,True
2025-07-15,0,5588.794308045271,20.24083333333317,5048.102633739969,10055.527696165898,24,True
2025-07-15,1,836.3553478815122,5200.073925000001,10055.527696165898,5030.387592592593,24,True
2025-07-15,2,2414.6721000000007,1581.6237500000002,5030.387592592593,5446.232760370372,24,True
2025-07-15,3,6536.871603703704,476.4754833333334,5446.232760370372,10800.0,24,True
2025-07-15,4,20.038701975309877,5362.477896672222,10800.0,4859.726057697531,24,True
2025-07-15,5,4530.473661666668,3297.071120127778,4859.726057697531,5273.739997500003,24,True
2025-07-16,0,3314.1047633333333,574.5950063999994,5273.739997500003,7617.995388500002,24,True
2025-07-16,1,611.2640163976434,4547.160095439733,7617.995388500002,3115.7328972137348,24,True
2025-07-16,2,2903.9717333333338,1555.8183499999996,3115.7328972137348,4000.620401658181,24,True
2025-07-16,3,6912.995047683329,297.05831666666654,4000.620401658181,9892.25114827688,24,True
2025-07-16,4,1127.606385618283,3977.9095626666667,9892.25114827688,6487.197381259259,24,True
2025-07-16,5,4940.283010416666,2815.9164899999996,6487.197381259259,7804.655990634257,24,True
2025-07-17,0,3328.1600104063828,0.0,7804.655990634257,10800.0,24,True
2025-07-17,1,30.287314814815748,5186.2148916666665,10800.0,5064.797592592593,24,True
2025-07-17,2,2912.8969091889535,2836.7979000000005,5064.797592592593,4534.407144195986,24,True
2025-07-17,3,7769.9880702349155,654.656766666667,4534.407144195986,10800.0,24,True
2025-07-17,4,161.33559679012515,4953.975541541668,10800.0,5440.7847687314825,24,True
2025-07-17,5,4119.441353958334,3415.1723179722208,5440.7847687314825,5353.646078435959,24,True
2025-07-18,0,3008.9284116666677,840.6263915220184,5353.646078435959,7127.652325022606,24,True
2025-07-18,1,324.34414000000027,5437.100006781457,7127.652325022606,1378.3398212654317,24,True
2025-07-18,2,8020.000216666665,0.0,1378.3398212654317,8596.340016265429,24,True
2025-07-18,3,2448.5110930384108,44.47397166666644,8596.340016265429,10750.584475925925,24,True
2025-07-18,4,140.42310687243065,4897.0267778472235,10750.584475925925,5435.824407836419,24,True
2025-07-18,5,4294.712982291667,3489.4069666666664,5435.824407836419,5423.947240047068,24,True
2025-07-19,0,2820.8042433333335,599.7447758582579,5423.947240047068,7296.287974760114,24,True
2025-07-19,1,737.4158349999998,4939.352303833332,7296.287974760114,2471.792999778635,24,True
2025-07-19,2,9253.563333579294,0.0,2471.792999778635,10800.0,24,True
2025-07-19,3,0.0,0.0,10800.0,10800.0,24,True
2025-07-19,4,74.33488824417128,5020.874583472219,10800.0,5288.1518622283975,24,True
2025-07-19,5,4407.4116208333335,3604.919363958333,5288.1518622283975,5249.356361024694,24,True
2025-07-20,0,2977.601404991976,0.0,5249.356361024694,7929.197625517471,24,True
2025-07-20,1,1697.7477933333334,5065.24645751017,7929.197625517471,3829.1190200617284,24,True
2025-07-20,2,1640.0739420421767,2008.6769,3829.1190200617284,3073.322345677465,24,True
2025-07-20,3,8571.022416666667,342.34081666666634,3073.322345677465,10406.863835492277,24,True
2025-07-20,4,615.1752520985693,4882.045066177781,10406.863835492277,5536.027044405677,24,True
2025-07-20,5,4417.698458958333,3313.4710172916675,5536.027044405677,5830.321193810768,24,True
2025-07-21,0,3942.949694794489,0.0,5830.321193810768,9378.975919125807,24,True
2025-07-21,1,1578.9156454157664,5343.836889097222,9378.975919125807,4862.403456558642,24,True
2025-07-21,2,2172.0741666666654,2550.788733333333,4862.403456558642,3983.0605028549367,24,True
2025-07-21,3,8085.308227280524,413.85411666666676,3983.0605028549367,10800.0,24,True
2025-07-21,4,112.53215111111092,5222.648691875001,10800.0,5098.335945027777,24,True
2025-07-21,5,4488.485093958332,3301.317888333334,5098.335945027777,5469.841542553236,24,True
2025-07-22,0,3189.2071949999986,597.3532281433934,5469.841542553236,7676.40220900502,24,True
2025-07-22,1,1795.4874575694444,2780.2683196871585,7676.40220900502,6203.153898942898,24,True
2025-07-22,2,5432.5517325,1890.5944833333328,6203.153898942898,8991.789921155862,24,True
2025-07-22,3,3414.8921082664597,1138.6735367361111,8991.789921155862,10800.0,24,True
2025-07-22,4,179.1424338194454,4259.602845875275,10800.0,6228.336139464973,24,True
2025-07-22,5,4677.123729749999,2831.664593333333,6228.336139464973,7291.45350364738,24,True
2025-07-23,0,3178.7882276089767,0.0,7291.45350364738,10152.362908495457,24,True
2025-07-23,1,719.5967683383817,5696.965416666667,10152.362908495457,4470.038425925927,24,True
2025-07-23,2,2075.0438361819224,2520.525083333333,4470.038425925927,3536.9944525637316,24,True
2025-07-23,3,8083.053638163161,878.4067833333327,3536.9944525637316,9835.735189873538,24,True
2025-07-23,4,1085.2249169717902,4185.456287392664,9835.735189873538,6161.930629156298,24,True
2025-07-23,5,4767.820228916666,2728.5272749999995,6161.930629156298,7421.271862959077,24,True
2025-07-24,0,3057.157013333334,5.919774999999845,7421.271862959077,10166.135647181298,24,True
2025-07-24,1,722.8903158890938,5082.393438333333,10166.135647181298,5169.633111111111,24,True
2025-07-24,2,4772.94942264832,1501.8965833333332,5169.633111111111,7796.5136100131185,24,True
2025-07-24,3,3978.4338817163634,1285.1792833333334,7796.5136100131185,9949.127122076368,24,True
2025-07-24,4,728.1987446120987,3821.3361662141588,9949.127122076368,6358.576918655966,24,True
2025-07-24,5,5037.157961502057,2671.82365,6358.576918655966,7923.326139563373,24,True
2025-07-25,0,2900.0610350000015,44.83297673393315,7923.326139563373,10483.566652470116,24,True
2025-07-25,1,652.9280250000002,5065.584055607035,10483.566652470116,5442.775146517855,24,True
2025-07-25,2,5952.472059424608,0.0,5442.775146517855,10800.0,24,True
2025-07-25,3,0.0,0.0,10800.0,10800.0,24,True
2025-07-25,4,30.18618319444431,5261.371978040279,10800.0,4981.198700385799,24,True
2025-07-25,5,4544.9731706249995,3488.154651388886,4981.198700385799,5195.9471635162045,24,True
2025-07-26,0,3156.8046350000004,0.0,5195.9471635162045,8037.071335016204,24,True
2025-07-26,1,638.0079866666662,5570.2527757572625,8037.071335016204,2422.108772174801,24,True
2025-07-26,2,9308.76803091689,0.0,2422.108772174801,10800.0,24,True
2025-07-26,3,0.0,0.0,10800.0,10800.0,24,True
2025-07-26,4,71.95179356995885,5032.286764861108,10800.0,5273.3268754783985,24,True
2025-07-26,5,4415.3065379166665,3597.4356170833325,5273.3268754783985,5249.952073955252,24,True
2025-07-27,0,2379.503889946708,0.0,5249.952073955252,7391.505574907288,24,True
2025-07-27,1,2514.5888364001075,3393.0059116666666,7391.505574907288,5884.628959148867,24,True
2025-07-27,2,3948.8571833333335,3204.8463499999993,5884.628959148867,5877.660035259978,24,True
2025-07-27,3,6360.22742983459,867.0763020833324,5877.660035259978,10638.44660868518,24,True
2025-07-27,4,372.1569855529816,4587.236742916667,10638.44660868518,5876.458181331009,24,True
2025-07-27,5,5152.666246666668,2694.2493716666672,5876.458181331009,7520.247390368045,24,True
2025-07-28,0,3644.1695662577267,0.0,7520.247390368045,10800.0,24,True
2025-07-28,1,24.08142666666697,5124.75655138889,10800.0,5127.499338012345,24,True
2025-07-28,2,4052.4166300368634,3529.4589166666665,5127.499338012345,4853.0532865270025,24,True
2025-07-28,3,7514.819550416667,770.4933333333332,4853.0532865270025,10760.2871781983,24,True
2025-07-28,4,336.6764492862481,2556.882668464918,10760.2871781983,8222.315239817128,24,True
2025-07-28,5,3906.842965510057,2099.7841550000003,8222.315239817128,9405.380403220624,24,True
2025-07-29,0,2447.8238624228875,727.579691461103,9405.380403220624,10800.0,24,True
2025-07-29,1,1236.7049892570521,3578.4103475666657,10800.0,7937.022993035046,24,True
2025-07-29,2,3559.718821701082,3174.269083333332,7937.022993035046,7613.804284417871,24,True
2025-07-29,3,4457.602317725001,743.0817333333337,7613.804284417871,10800.0,24,True
2025-07-29,4,95.5595612240264,4185.073615308639,10800.0,6235.9218103142475,24,True
2025-07-29,5,4887.06895875,2831.8446783333334,6235.9218103142475,7487.78978615221,24,True
2025-07-30,0,3018.0894820908215,53.58496666666656,7487.78978615221,10144.531468182093,24,True
2025-07-30,1,784.2011909087818,4413.531758920624,10144.531468182093,5946.388363421529,24,True
2025-07-30,2,5232.331650000001,3243.9753999999994,5946.388363421529,7051.069737310418,24,True
2025-07-30,3,4541.001084840278,409.51637166666615,7051.069737310418,10682.952522925927,24,True
2025-07-30,4,298.0112814017463,4691.564521458333,10682.952522925927,5738.313207900463,24,True
2025-07-30,5,4779.569170370371,2759.5376766666664,5738.313207900463,6973.772487159724,24,True
2025-07-31,0,3921.265888436209,0.0,6973.772487159724,10502.911786752313,24,True
2025-07-31,1,356.5391281944528,4874.938061666667,10502.911786752313,5407.19915583102,24,True
2025-07-31,2,3707.1107655896044,3194.3920666666654,5407.19915583102,5194.274326343148,24,True
2025-07-31,3,7351.233226458335,1007.3200583333335,5194.274326343148,10691.13972089639,24,True
2025-07-31,4,152.4062823373446,3643.329616822945,10691.13972089639,6780.161356307836,24,True
2025-07-31,5,4919.150347942385,2793.4694849999996,6780.161356307836,8103.541686122649,24,True
2025-08-01,0,713.5912499999997,199.2753439909427,8103.541686122649,8524.356762243819,24,True
2025-08-01,1,450.6358166666669,5437.0089499999995,8524.356762243819,2888.807941688263,24,True
2025-08-01,2,8790.213398124151,0.0,2888.807941688263,10800.0,24,True
2025-08-01,3,0.0,0.0,10800.0,10800.0,24,True
2025-08-01,4,79.6343429561035,4765.844066319443,10800.0,5576.2886127500005,24,True
2025-08-01,5,4758.288331790123,3131.875026849996,5576.2886127500005,6378.886970416672,24,True
2025-08-02,0,1521.6115550000004,4.887044999999944,6378.886970416672,7742.907319916672,24,True
2025-08-02,1,426.55078333333324,3842.896718791675,7742.907319916672,3856.9177818148096,24,True
2025-08-02,2,7714.5357979835435,0.0,3856.9177818148096,10800.0,24,True
2025-08-02,3,0.0,35.227666666666664,10800.0,10760.858148148149,24,True
2025-08-02,4,43.49094650205877,4714.337905,10760.858148148149,5561.846772222223,24,True
2025-08-02,5,5143.089105156376,3260.300864999999,5561.846772222223,6568.070450196296,24,True
2025-08-03,0,4702.143944226335,0.0,6568.070450196296,10800.0,24,True
2025-08-03,1,46.491769547322775,5138.154026666666,10800.0,5132.782562962966,24,True
2025-08-03,2,4422.501249999999,1185.3236666666662,5132.782562962966,7796.007391666669,24,True
2025-08-03,3,3337.7695648148137,114.83282555555638,7796.007391666669,10672.407971604936,24,True
2025-08-03,4,148.078574027777,4887.933598197018,10672.407971604936,5374.641356899919,24,True
2025-08-03,5,4216.672641666666,2965.537024953702,5374.641356899919,5874.605595562473,24,True
2025-08-04,0,3630.0034856490342,138.60337333333348,5874.605595562473,8987.604984498455,24,True
2025-08-04,1,1053.2914816666666,5169.78662,8987.604984498455,4191.359962442901,24,True
2025-08-04,2,4768.6909227777805,1259.5631666666663,4191.359962442901,7083.667163313275,24,True
2025-08-04,3,4136.720909075785,6.044383333333371,7083.667163313275,10800.0,24,True
2025-08-04,4,44.119096666666564,4497.923174416665,10800.0,5842.014770981483,24,True
2025-08-04,5,4259.115895884773,2757.635265,5842.014770981483,6611.179893944444,24,True
2025-08-05,0,4674.501105493828,16.40779999999984,6611.179893944444,10800.0,24,True
2025-08-05,1,55.01313374485494,4878.919498333333,10800.0,5428.490155555555,24,True
2025-08-05,2,3682.200486836251,1729.4810666666667,5428.490155555555,6820.824964078551,24,True
2025-08-05,3,4515.682196291324,76.44504666666694,6820.824964078551,10800.0,24,True
2025-08-05,4,173.43380138545996,4724.891020185189,10800.0,5706.211509930039,24,True
2025-08-05,5,4230.42435606996,2817.2108616666665,5706.211509930039,6383.359139652262,24,True
2025-08-06,0,3433.583314196298,0.0,6383.359139652262,9473.584122428927,24,True
2025-08-06,1,1473.795419523417,4675.204531666666,9473.584122428927,5605.328298148151,24,True
2025-08-06,2,3813.9056166666664,1579.2816500000001,5605.328298148151,7283.08596425926,24,True
2025-08-06,3,3946.346577836933,860.3642421178522,7283.08596425926,9878.837615292665,24,True
2025-08-06,4,290.0971239094654,4383.858581650202,9878.837615292665,5268.971047199848,24,True
2025-08-06,5,4251.437525,2959.631258499999,5268.971047199848,5806.785643588737,24,True
2025-08-07,0,5176.4017316872405,6.805099999999925,5806.785643588737,10457.98597988503,24,True
2025-08-07,1,560.9750490989356,5991.318555,10457.98597988503,4305.84290740741,24,True
2025-08-07,2,4579.430999999999,1564.1912166666666,4305.84290740741,6689.340566666668,24,True
2025-08-07,3,4608.166736625512,33.021566666666786,6689.340566666668,10800.0,24,True
2025-08-07,4,0.0,4457.3387766666665,10800.0,5847.401359259261,24,True
2025-08-07,5,4266.417740469613,3215.6372662500016,5847.401359259261,6114.247029848578,24,True
2025-08-08,0,611.546793333333,112.54602500000021,6114.247029848578,6539.588004959688,24,True
2025-08-08,1,345.91854166666667,4399.194755197054,6539.588004959688,1962.9205200185177,24,True
2025-08-08,2,9818.977199979425,0.0,1962.9205200185177,10800.0,24,True
2025-08-08,3,0.0,0.0,10800.0,10800.0,24,True
2025-08-08,4,158.6072999999999,4218.704975000001,10800.0,6255.2965977777785,24,True
2025-08-08,5,4441.524399999999,3417.6584083333328,6255.2965977777785,6455.270326296298,24,True
2025-08-09,0,402.5248550000002,260.9187750000002,6455.270326296298,6527.632945796301,24,True
2025-08-09,1,477.4641493209844,4397.444880333333,6527.632945796301,2071.3008131481524,24,True
2025-08-09,2,9698.554652057608,0.0,2071.3008131481524,10800.0,24,True
2025-08-09,3,0.0,0.0,10800.0,10800.0,24,True
2025-08-09,4,67.79350666666676,4388.7176108895,10800.0,5984.6612550116715,24,True
2025-08-09,5,4308.293783333333,3223.616636833335,5984.6612550116715,6280.329396863523,24,True
2025-08-10,0,3629.2469694726306,0.421333333333223,6280.329396863523,9546.183521240739,24,True
2025-08-10,1,1260.8069183333328,5178.724525,9546.183521240739,4926.771386629627,24,True
2025-08-10,2,4474.722599999999,1441.76425,4926.771386629627,7352.061448851849,24,True
2025-08-10,3,3843.8542543621484,10.377250000000004,7352.061448851849,10800.0,24,True
2025-08-10,4,211.1003922853339,4351.719555,10800.0,6154.7464030568035,24,True
2025-08-10,5,4271.273116666665,3137.5257455008855,6154.7464030568035,6512.752490833596,24,True
2025-08-11,0,3482.487415411229,0.0,6512.752490833596,9646.9911647037,24,True
2025-08-11,1,1281.1209281070044,5104.199866666667,9646.9911647037,5128.666814814816,24,True
2025-08-11,2,4288.0743833333345,1955.1859,5128.666814814816,6815.504982037038,24,True
2025-08-11,3,4492.00007829218,239.26706263374467,6815.504982037038,10592.452760684728,24,True
2025-08-11,4,309.32105716100267,4774.2697636111125,10592.452760684728,5566.097530339501,24,True
2025-08-11,5,4422.567184499999,2912.108786666666,5566.097530339501,6310.7315667598705,24,True
2025-08-12,0,2607.1316219403343,0.0,6310.7315667598705,8657.150026506171,24,True
2025-08-12,1,1317.672518333333,4582.603889999999,8657.150026506171,4751.273193006177,24,True
2025-08-12,2,5459.556685996235,1236.6518333333333,4751.273193006177,8290.816617810196,24,True
2025-08-12,3,2952.367734652437,371.79428791666646,8290.816617810196,10534.842814645537,24,True
2025-08-12,4,198.27902998333332,4638.5200197637605,10534.842814645537,5559.382808559692,24,True
2025-08-12,5,4188.628908333332,2890.642530534978,5559.382808559692,6117.323792131937,24,True
2025-08-13,0,5401.515202548877,233.15684999999996,6117.323792131937,10719.624307759259,24,True
2025-08-13,1,307.9713082510275,5668.2356033333335,10719.624307759259,4698.758925925927,24,True
2025-08-13,2,3477.2711296268244,1369.6752,4698.758925925927,6306.441609256735,24,True
2025-08-13,3,5092.068705764119,80.37310000000002,6306.441609256735,10800.0,24,True
2025-08-13,4,53.066370000000234,4565.7447409861115,10800.0,5774.710020793212,24,True
2025-08-13,5,4246.847233333334,3423.3018803333334,5774.710020793212,5793.203774867286,24,True
2025-08-14,0,5429.825516666669,59.42321500000037,5793.203774867286,10614.020945422844,24,True
2025-08-14,1,301.3622211351123,5587.5884536333315,10614.020945422844,4676.815329296296,24,True
2025-08-14,2,4962.38538108116,2283.1514666666667,4676.815329296296,6606.127209306376,24,True
2025-08-14,3,4659.858656326247,0.0,6606.127209306376,10800.0,24,True
2025-08-14,4,202.41608248971198,4830.32258744856,10800.0,5615.1493770756715,24,True
2025-08-14,5,4079.4968749999994,3369.960902551441,5615.1493770756715,5542.295561740736,24,True
2025-08-15,0,255.54760500000026,194.06201889999852,5542.295561740736,5556.663940796294,24,True
2025-08-15,1,384.08566319444475,3741.0556206611086,5556.663940796294,1745.6125702700624,24,True
2025-08-15,2,10060.43047747771,0.0,1745.6125702700624,10800.0,24,True
2025-08-15,3,0.0,0.0,10800.0,10800.0,24,True
2025-08-15,4,329.1107708120548,4868.635417834724,10800.0,5686.604785025604,24,True
2025-08-15,5,4053.1665110082304,3548.329525,5686.604785025604,5391.8662838219,24,True
2025-08-16,0,157.0502416666668,638.1408649999997,5391.8662838219,4824.166095766345,24,True
2025-08-16,1,538.0246516666665,3300.8733245397107,4824.166095766345,1640.7512549999997,24,True
2025-08-16,2,10176.943049999998,0.0,1640.7512549999997,10800.0,24,True
2025-08-16,3,0.0,0.0,10800.0,10800.0,24,True
2025-08-16,4,153.81583119341587,4964.680291866669,10800.0,5422.122812666666,24,True
2025-08-16,5,3990.459833333332,3468.396366666666,5422.122812666666,5159.7629219259225,24,True
2025-08-17,0,4516.387541012783,39.90475833333346,5159.7629219259225,9180.173088467054,24,True
2025-08-17,1,1410.2053899999994,6080.845925,9180.173088467054,3692.862467244831,24,True
2025-08-17,2,5723.141899999999,1328.6753499999995,3692.862467244831,7367.384232800384,24,True
2025-08-17,3,3814.0175191106855,0.0,7367.384232800384,10800.0,24,True
2025-08-17,4,134.04662850000125,5169.098702885742,10800.0,5177.198962443623,24,True
2025-08-17,5,4224.615458333333,3243.822129974966,5177.198962443623,5375.1060638603285,24,True
2025-08-18,0,5334.05807404408,206.75501666666673,5375.1060638603285,9946.030534203705,24,True
2025-08-18,1,1094.2805902880632,5102.854411805807,9946.030534203705,5261.044830123176,24,True
2025-08-18,2,6760.990183333334,1985.133866666667,5261.044830123176,9140.231698826881,24,True
2025-08-18,3,2001.2266103569618,165.27106666666782,9140.231698826881,10757.70112962963,24,True
2025-08-18,4,220.45644499999992,4924.741060105761,10757.70112962963,5484.1774189010075,24,True
2025-08-18,5,4383.348500000001,3395.153898333333,5484.1774189010075,5656.7978485306385,24,True
2025-08-19,0,4399.635780521515,172.6786633333336,5656.7978485306385,9424.604869518516,24,True
2025-08-19,1,1151.6388683333334,5380.53013,9424.604869518516,4482.713039907405,24,True
2025-08-19,2,4197.820300000001,1445.3886499999994,4482.713039907405,6654.763921018517,24,True
2025-08-19,3,4744.39002551441,112.24344958333359,6654.763921018517,10800.0,24,True
2025-08-19,4,112.75094434156469,4957.7492307,10800.0,5392.8655935740735,24,True
2025-08-19,5,4165.798541666667,3704.0786949999992,5392.8655935740735,5026.441286629632,24,True
2025-08-20,0,5313.196141666667,128.59254166666688,5026.441286629632,9665.437212277779,24,True
2025-08-20,1,1309.5616986805553,4582.677921302284,9665.437212277779,5752.178384087743,24,True
2025-08-20,2,5925.264425277779,3077.3512666666666,5752.178384087743,7665.63718165256,24,True
2025-08-20,3,3728.9802475064535,461.4128000000003,7665.63718165256,10509.03851551948,24,True
2025-08-20,4,679.019270840294,5037.379871498049,10509.03851551948,5523.067113166803,24,True
2025-08-20,5,4286.735961875,3385.2855666666665,5523.067113166803,5619.701071446895,24,True
2025-08-21,0,5897.400233577523,206.41940833333297,5619.701071446895,10698.006383518521,24,True
2025-08-21,1,479.2614010288016,5237.2286699999995,10698.006383518521,5310.1986777777765,24,True
2025-08-21,2,3901.8879391152245,1134.3337833333337,5310.1986777777765,7561.52695261111,24,True
2025-08-21,3,3837.026657592594,193.36584999999968,7561.52695261111,10800.0,24,True
2025-08-21,4,98.35523423868051,4875.844153333334,10800.0,5470.915095999997,24,True
2025-08-21,5,3959.2708666666663,3642.694941666666,5470.915095999997,4986.8200519259235,24,True
2025-08-22,0,431.9495750000002,533.5844333333334,4986.8200519259235,4782.70307683333,24,True
2025-08-22,1,304.6544766666668,2817.4007850666644,4782.70307683333,1926.4467890925926,24,True
2025-08-22,2,9859.503567674898,0.0,1926.4467890925926,10800.0,24,True
2025-08-22,3,0.0,0.0,10800.0,10800.0,24,True
2025-08-22,4,25.961709404270778,5139.258315194188,10800.0,5113.078521581411,24,True
2025-08-22,5,4092.6894104166663,3549.3513849666665,5113.078521581411,4852.775229882338,24,True
2025-08-23,0,300.17176741666634,579.5469083333337,4852.775229882338,4478.988811298076,24,True
2025-08-23,1,312.96585,2594.152911666667,4478.988811298076,1878.2659522240024,24,True
2025-08-23,2,9913.03783086222,0.0,1878.2659522240024,10800.0,24,True
2025-08-23,3,0.0,0.0,10800.0,10800.0,24,True
2025-08-23,4,39.0536887037052,4883.0521149999995,10800.0,5409.534858722224,24,True
2025-08-23,5,4065.312833333333,3535.029699999999,5409.534858722224,5140.505630944446,24,True
2025-08-24,0,5823.833134855962,177.77043833333357,5140.505630944446,10184.432743055553,24,True
2025-08-24,1,683.9636188271633,5585.620071666667,10184.432743055553,4593.7554759259265,24,True
2025-08-24,2,5414.618916666667,1630.3419166666665,4593.7554759259265,7655.421482407409,24,True
2025-08-24,3,3806.4674269547327,253.11795000000006,7655.421482407409,10800.0,24,True
2025-08-24,4,0.0,4900.194260000002,10800.0,5355.33971111111,24,True
2025-08-24,5,3929.7686416666656,3285.5599796199995,5355.33971111111,5241.509289033331,24,True
2025-08-25,0,5214.794926341559,0.0,5241.509289033331,9934.824722740734,24,True
2025-08-25,1,1134.2142808230556,5708.6169636269515,9934.824722740734,4612.709838118204,24,True
2025-08-25,2,6223.410333333333,1481.2753666666663,4612.709838118204,8567.917619599686,24,True
2025-08-25,3,3267.0382342239413,637.4268273611103,8567.917619599686,10800.0,24,True
2025-08-25,4,61.951347297668576,5044.645942924302,10800.0,5250.5940537631195,24,True
2025-08-25,5,3863.4924401666667,3428.420046383335,5250.5940537631195,4918.381642820526,24,True
2025-08-26,0,5979.545475286006,41.53010833333349,4918.381642820526,10253.828005763116,24,True
2025-08-26,1,718.7398680821326,6154.849131666667,10253.828005763116,4061.972629629631,24,True
2025-08-26,2,5467.726414810515,1858.7451499999997,4061.972629629631,6917.654014070205,24,True
2025-08-26,3,4435.662186012529,98.77498333333347,6917.654014070205,10800.0,24,True
2025-08-26,4,147.67929874764963,4660.103758652263,10800.0,5755.018303703704,24,True
2025-08-26,5,3991.747075,3711.9405004810706,5755.018303703704,5223.212337335848,24,True
2025-08-27,0,5215.233683333334,58.874616666666384,5223.212337335848,9851.50641159511,24,True
2025-08-27,1,1116.8741826309506,4938.724062173883,9851.50641159511,5369.22199576976,24,True
2025-08-27,2,6636.233516666667,2543.7576833333333,5369.22199576976,8515.434734843835,24,True
2025-08-27,3,3163.411714371046,506.25475000000006,8515.434734843835,10800.0,24,True
2025-08-27,4,82.50622010287942,5069.565582243054,10800.0,5241.404951155866,24,True
2025-08-27,5,3841.488991666666,3404.9742897857996,5241.404951155866,4915.440277227198,24,True
2025-08-28,0,5315.14027539399,283.8990833333338,4915.440277227198,9383.623099155862,24,True
2025-08-28,1,1057.0186849999996,5537.333901259713,9383.623099155862,4182.34669203396,24,True
2025-08-28,2,4752.808825833333,2624.2032666666664,4182.34669203396,5544.093227876552,24,True
2025-08-28,3,6071.782524581605,187.82775000000015,5544.093227876552,10800.0,24,True
2025-08-28,4,188.19213080000122,4811.918694999999,10800.0,5622.796589942223,24,True
2025-08-28,5,3742.408283744856,3569.865931225005,5622.796589942223,5024.4463439514775,24,True
2025-08-29,0,950.1401999999996,221.31813833333348,5024.4463439514775,5633.663481358882,24,True
2025-08-29,1,702.9183284979399,3316.677681666667,5633.663481358882,2581.092552932954,24,True
2025-08-29,2,9132.11938563005,0.0,2581.092552932954,10800.0,24,True
2025-08-29,3,0.0,5.025500000000079,10800.0,10794.416111111112,24,True
2025-08-29,4,48.80771604938158,5127.726714444445,10794.416111111112,5140.8689283950625,24,True
2025-08-29,5,3793.097287157922,3546.7820355555564,5140.8689283950625,4613.78755844213,24,True
2025-08-30,0,349.45693333333327,365.7489333333334,4613.78755844213,4521.911094738427,24,True
2025-08-30,1,537.3909866666668,2579.761864233337,4521.911094738427,2139.160911368053,24,True
2025-08-30,2,9623.154542924385,0.0,2139.160911368053,10800.0,24,True
2025-08-30,3,0.0,0.0,10800.0,10800.0,24,True
2025-08-30,4,193.33469512088408,4903.054607083332,10800.0,5526.162773293981,24,True
2025-08-30,5,3833.509694754168,3420.164018125,5526.162773293981,5176.139256211622,24,True
2025-08-31,0,6248.734159764867,0.0,5176.139256211622,10800.0,24,True
2025-08-31,1,40.54526748971166,5723.212049999999,10800.0,4477.366240740742,24,True
2025-08-31,2,4238.0543,1301.35885,4477.366240740742,6845.6608329629635,24,True
2025-08-31,3,4533.920678726857,409.3658463888878,6845.6608329629635,10471.33850338504,24,True
2025-08-31,4,297.68764611111146,5028.235401708332,10471.33850338504,5152.329160764676,24,True
2025-08-31,5,4160.947968582819,3464.0186085173737,5152.329160764676,5048.272767469909,24,True
2025-09-01,0,6390.808036144549,0.0,5048.272767469909,10800.0,24,True
2025-09-01,1,0.0,4932.74125,10800.0,5319.176388888892,24,True
2025-09-01,2,3325.6350833333336,1047.6085833333332,5319.176388888892,7148.238426851856,24,True
2025-09-01,3,4057.512859053493,0.0,7148.238426851856,10800.0,24,True
2025-09-01,4,40.38250763888868,4913.688043055556,10800.0,5376.690875702159,24,True
2025-09-01,5,4957.507936874999,3776.3116973006936,5376.690875702159,5642.546132999999,24,True
2025-09-02,0,3854.5459912133033,0.0,5642.546132999999,9111.63752509197,24,True
2025-09-02,1,1541.2774033333335,5697.398798333334,9111.63752509197,4168.344078832709,24,True
2025-09-02,2,4183.419986344307,1927.4221000000002,4168.344078832709,5791.841955431474,24,True
2025-09-02,3,5564.620049520584,0.0,5791.841955431474,10800.0,24,True
2025-09-02,4,54.25934096365065,4924.2921856250005,10800.0,5377.397645061731,24,True
2025-09-02,5,5268.484318333334,3562.6137268749994,5377.397645061731,6160.573835033956,24,True
2025-09-03,0,3776.9862550789844,0.0,6160.573835033956,9559.86146460504,24,True
2025-09-03,1,1377.9317059944005,5059.4524833333335,9559.86146460504,5178.386129629628,24,True
2025-09-03,2,3691.716683333333,832.7266166666666,5178.386129629628,7575.679348333333,24,True
2025-09-03,3,3654.7696541152277,58.47483333333321,7575.679348333333,10800.0,24,True
2025-09-03,4,48.199231666666606,4876.836609375,10800.0,5424.671964750002,24,True
2025-09-03,5,4933.898286551441,3269.989170347222,5424.671964750002,6231.859122260496,24,True
2025-09-04,0,4073.6446510925903,0.0,6231.859122260496,9898.139308243824,24,True
2025-09-04,1,1027.1472233504846,5601.256861666667,9898.139308243824,4598.953074074076,24,True
2025-09-04,2,5655.309433333334,1426.7381666666663,4598.953074074076,8103.466934444446,24,True
2025-09-04,3,3050.813640740738,44.27928999999972,8103.466934444446,10800.0,24,True
2025-09-04,4,86.6219135802463,4891.291520624999,10800.0,5443.191365972222,24,True
2025-09-04,5,4987.12865125,3459.6232347222212,5443.191365972222,6087.581335739199,24,True
2025-09-05,0,1692.842324298242,0.0,6087.581335739199,7611.139427607615,24,True
2025-09-05,1,584.4672,5140.423318449889,7611.139427607615,2425.578442663293,24,True
2025-09-05,2,9304.91284148523,0.0,2425.578442663293,10800.0,24,True
2025-09-05,3,0.0,0.0,10800.0,10800.0,24,True
2025-09-05,4,0.0,5923.602768124998,10800.0,4218.219146527777,24,True
2025-09-05,5,4960.109127916667,2729.1362904166663,4218.219146527777,5649.9437056342595,24,True
2025-09-06,0,1984.0983416666666,311.62882833332367,5649.9437056342595,7089.377959430565,24,True
2025-09-06,1,202.9206000000001,5424.3641019875095,7089.377959430565,1244.935275,24,True
2025-09-06,2,10616.738583333334,0.0,1244.935275,10800.0,24,True
2025-09-06,3,0.0,0.0,10800.0,10800.0,24,True
2025-09-06,4,1.1180435416666796,5584.643250000001,10800.0,4595.847072520833,24,True
2025-09-06,5,4908.096502916666,2741.0172804166664,4595.847072520833,5967.559169127313,24,True
2025-09-07,0,3046.4537228806557,0.0,5967.559169127313,8709.367519719906,24,True
2025-09-07,1,1367.8761366666668,5470.837255,8709.367519719906,3861.7479816087953,24,True
2025-09-07,2,6526.152162316207,1888.2576666666664,3861.7479816087953,7637.220853619308,24,True
2025-09-07,3,3514.1990515341013,0.0,7637.220853619308,10800.0,24,True
2025-09-07,4,0.0,4928.2249670833335,10800.0,5324.194481018519,24,True
2025-09-07,5,5066.5138764583335,3544.9479584722203,5324.194481018519,5945.225904861884,24,True
2025-09-08,0,1275.8463842500005,22.62149166666643,5945.225904861884,7068.3526599461475,24,True
2025-09-08,1,1957.0710488888885,3547.137129405698,7068.3526599461475,4888.453126828704,24,True
2025-09-08,2,5896.713179166667,1525.3709499999995,4888.453126828704,8500.638376967592,24,True
2025-09-08,3,3077.1781379715303,427.8513333333333,8500.638376967592,10794.7083307716,24,True
2025-09-08,4,70.53352136488827,4380.60697163333,10794.7083307716,5990.84742040741,24,True
2025-09-08,5,4259.232233333332,2795.9467366666668,5990.84742040741,6717.548945222225,24,True
2025-09-09,0,4598.917365390946,50.917116666667084,6717.548945222225,10800.0,24,True
2025-09-09,1,65.26799176954849,5707.018431666666,10800.0,4517.609601851853,24,True
2025-09-09,2,5576.044583333333,1157.6981999999998,4517.609601851853,8249.71839351852,24,True
2025-09-09,3,3041.439336419752,168.31241666666688,8249.71839351852,10800.0,24,True
2025-09-09,4,0.0,4387.9087500000005,10800.0,5924.545833333334,24,True
2025-09-09,5,4335.3976735,2943.162063333333,5924.545833333334,6556.223669112965,24,True
2025-09-10,0,3223.1957787839474,26.88460833333329,6556.223669112965,9427.228082981483,24,True
2025-09-10,1,1368.9915616666667,6258.8198999999995,9427.228082981483,3705.07615514815,24,True
2025-09-10,2,2924.562183333333,2254.5685396333347,3705.07615514815,3832.1059649999997,24,True
2025-09-10,3,7988.1984301903285,350.66543333333345,3832.1059649999997,10631.856292912036,24,True
2025-09-10,4,248.61018287551502,4301.921213616667,10631.856292912036,6075.692997925927,24,True
2025-09-10,5,4330.8921707,2967.264271666666,6075.692997925927,6676.535649704077,24,True
2025-09-11,0,4581.627055884358,0.0,6676.535649704077,10800.0,24,True
2025-09-11,1,46.508122770921254,5710.8953711111135,10800.0,4496.418009259259,24,True
2025-09-11,2,4554.8870333333325,2123.80465,4496.418009259259,6236.033394814815,24,True
2025-09-11,3,5071.0740057613175,38.45476499999995,6236.033394814815,10757.272483333334,24,True
2025-09-11,4,125.17691588477356,4130.766125316666,10757.272483333334,6280.191568388893,24,True
2025-09-11,5,4324.858473583333,2975.892481666666,6280.191568388893,6866.016992762039,24,True
2025-09-12,0,364.34836666666695,206.00045105262092,6866.016992762039,6965.041132703572,24,True
2025-09-12,1,96.45984166666665,4639.3207320165475,6965.041132703572,1897.0541768518522,24,True
2025-09-12,2,9892.162025720165,0.0,1897.0541768518522,10800.0,24,True
2025-09-12,3,0.0,0.0,10800.0,10800.0,24,True
2025-09-12,4,0.0,4499.5306191869995,10800.0,5800.521534236668,24,True
2025-09-12,5,4271.8646901425545,2741.086531806246,5800.521534236668,6599.548053358027,24,True
2025-09-13,0,1025.5894916666668,28.964999999999804,6599.548053358027,7490.395262524694,24,True
2025-09-13,1,319.7027333333336,4380.666468022226,7490.395262524694,2910.720535833334,24,True
2025-09-13,2,8765.866071296297,0.0,2910.720535833334,10800.0,24,True
2025-09-13,3,0.0,0.0,10800.0,10800.0,24,True
2025-09-13,4,182.7377056995898,4383.873567366258,10800.0,6093.493304722678,24,True
2025-09-13,5,4241.751358333333,2698.905716666666,6093.493304722678,6912.285397593049,24,True
2025-09-14,0,4319.682891563278,0.0,6912.285397593049,10800.0,24,True
2025-09-14,1,339.6294072424255,5101.81635420525,10800.0,5436.981628512352,24,True
2025-09-14,2,5140.993946821849,2466.304066666666,5436.981628512352,7323.538328800165,24,True
2025-09-14,3,3907.53959351422,36.29156666666677,7323.538328800165,10800.0,24,True
2025-09-14,4,49.16684362139717,4515.021516666668,10800.0,5827.559585185183,24,True
2025-09-14,5,3996.8826617283944,3010.2230783333334,5827.559585185183,6080.06167148148,24,True
2025-09-15,0,3196.442668321548,96.84831666666696,6080.06167148148,8849.250832230133,24,True
2025-09-15,1,1116.713147131112,5944.546987072209,8849.250832230133,3249.2404567901244,24,True
2025-09-15,2,5902.811866666667,1844.3164111111118,3249.2404567901244,6512.53068,24,True
2025-09-15,3,4787.150378189299,216.06793347727194,6512.53068,10580.890538728958,24,True
2025-09-15,4,294.4801627291422,5480.122780943916,10580.890538728958,4756.897373025279,24,True
2025-09-15,5,3300.9043333333334,3228.4579440560847,4756.897373025279,4140.535779629629,24,True
2025-09-16,0,6010.847891975309,222.90221666666628,4140.535779629629,9302.629752777779,24,True
2025-09-16,1,1105.7991752984944,5336.140898333333,9302.629752777779,4368.803567953834,24,True
2025-09-16,2,6790.977650000001,1775.93475,4368.803567953834,8507.422619620502,24,True
2025-09-16,3,2787.434157160348,235.66115416666673,8507.422619620502,10754.267634212963,24,True
2025-09-16,4,106.6852384806685,4810.3687028610075,10754.267634212963,5505.430234555557,24,True
2025-09-16,5,2940.789510208333,3445.5527735750006,5505.430234555557,4323.748823104167,24,True
2025-09-17,0,6718.5006279835425,165.8564583333333,4323.748823104167,10186.114434585646,24,True
2025-09-17,1,843.3580992361149,5267.443448333334,10186.114434585646,5092.421781305556,24,True
2025-09-17,2,3863.785581321443,2797.1293666666666,5092.421781305556,5461.907285976335,24,True
2025-09-17,3,5962.768965067448,35.23146666666662,5461.907285976335,10789.253280462965,24,True
2025-09-17,4,133.4935626989012,4940.169339869446,10789.253280462965,5420.320442592593,24,True
2025-09-17,5,3266.733294374999,3571.0109828166665,5420.320442592593,4392.590426622685,24,True
2025-09-18,0,6834.576818724279,121.45391666666671,4392.590426622685,10408.760767178246,24,True
2025-09-18,1,977.5560834198795,5329.615485,10408.760767178246,5366.766258922804,24,True
2025-09-18,2,5972.952683333334,2597.062416666666,5366.766258922804,7856.798766515397,24,True
2025-09-18,3,3351.4125022256903,65.76301666666666,7856.798766515397,10800.0,24,True
2025-09-18,4,76.33049831275989,4975.248761966667,10800.0,5340.643268518519,24,True
2025-09-18,5,3304.230724374999,3509.113780052079,5340.643268518519,4415.435609287043,24,True
2025-09-19,0,325.1073750000002,660.1386132716054,4415.435609287043,3974.5448987074815,24,True
2025-09-19,1,902.712225,3228.2873110867326,3974.5448987074815,1200.0,24,True
2025-09-19,2,10666.666666666664,0.0,1200.0,10800.0,24,True
2025-09-19,3,0.0,0.0,10800.0,10800.0,24,True
2025-09-19,4,140.26478993055537,5480.901358041668,10800.0,4836.347913113426,24,True
2025-09-19,5,3443.298933033333,2563.838733333333,4836.347913113426,5086.607249139724,24,True
2025-09-20,0,147.1167156666673,604.0762416666669,5086.607249139724,4547.816469165649,24,True
2025-09-20,1,915.4391233333337,3556.907421666667,4547.816469165649,1419.592322758242,24,True
2025-09-20,2,10422.675196935286,0.0,1419.592322758242,10800.0,24,True
2025-09-20,3,0.0,12.984249999999975,10800.0,10785.573055555556,24,True
2025-09-20,4,45.729111604937586,5753.913565191666,10785.573055555556,4433.491961342593,24,True
2025-09-20,5,3655.9669133333327,2774.1470854166664,4433.491961342593,4641.4765328796275,24,True
2025-09-21,0,6363.433588573875,211.60692500000005,4641.4765328796275,10133.447957040555,24,True
2025-09-21,1,1070.3751331442388,4672.9721266666675,10133.447957040555,5904.594325018519,24,True
2025-09-21,2,4631.049035884775,1505.8736166666667,5904.594325018519,8399.345549907408,24,True
2025-09-21,3,2704.9457315843624,30.417037500000106,8399.345549907408,10800.0,24,True
2025-09-21,4,161.99701322188116,5023.73751737639,10800.0,5363.866737037038,24,True
2025-09-21,5,3406.309731874999,3372.3534084687512,5363.866737037038,4682.486152981482,24,True
2025-09-22,0,5961.6101189495,59.75314166666669,4682.486152981482,9981.542880406401,24,True
2025-09-22,1,1000.1290121424818,6282.804467635199,9981.542880406401,3900.765138406638,24,True
2025-09-22,2,3464.7349974022654,2222.2247833333327,3900.765138406638,4549.887987920531,24,True
2025-09-22,3,6818.887586707817,74.84696666666662,4549.887987920531,10603.723519661273,24,True
2025-09-22,4,501.7520918159672,5015.230633550001,10603.723519661273,5482.821920573419,24,True
2025-09-22,5,3133.496149583334,3521.515460254169,5482.821920573419,4390.173499360454,24,True
2025-09-23,0,6270.207520781892,127.99093333333315,4390.173499360454,9891.148119916012,24,True
2025-09-23,1,1023.7412833333333,5901.239641666666,9891.148119916012,4255.5823397308295,24,True
2025-09-23,2,4548.270616289305,2387.9402999999998,4255.5823397308295,5695.758894391204,24,True
2025-09-23,3,6169.681372487134,403.62491666666654,5695.758894391204,10800.0,24,True
2025-09-23,4,321.1950835185132,4923.333301266673,10800.0,5618.705240425919,24,True
2025-09-23,5,3293.8240679166665,3732.9268064583302,5618.705240425919,4435.450449930553,24,True
2025-09-24,0,6282.803766419753,45.92839500000184,4435.450449930553,10038.942289708326,24,True
2025-09-24,1,1041.7937300694446,4978.382306556937,10038.942289708326,5445.020750596451,24,True
2025-09-24,2,2846.484466666667,2928.755983333333,5445.020750596451,4752.683455781636,24,True
2025-09-24,3,6719.240604687072,0.0,4752.683455781636,10800.0,24,True
2025-09-24,4,8.628695130315059,4972.349216166665,10800.0,5282.933363209877,24,True
2025-09-24,5,3507.3589014583335,3413.3012754208335,5282.933363209877,4646.9994018325615,24,True
2025-09-25,0,5667.872991225976,16.131283333333386,4646.9994018325615,9730.161445787788,24,True
2025-09-25,1,1194.199356666666,4595.423020516668,9730.161445787788,5698.915288435939,24,True
2025-09-25,2,5537.397366666667,2278.97815,5698.915288435939,8150.374973991495,24,True
2025-09-25,3,3070.4600494744723,285.77245666666647,8150.374973991495,10596.264066666667,24,True
2025-09-25,4,386.8505100000003,5154.720508349999,10596.264066666667,5216.962294166669,24,True
2025-09-25,5,3164.131633436213,3582.0053900862113,5216.962294166669,4084.674775274582,24,True
2025-09-26,0,953.9461612175432,104.38259999999991,4084.674775274582,4827.245653703703,24,True
2025-09-26,1,1051.1640733333334,3417.0630066666668,4827.245653703703,1976.5566456296285,24,True
2025-09-26,2,9502.627583333333,0.0,1976.5566456296285,10528.921470629628,24,True
2025-09-26,3,301.19836596708006,0.0,10528.921470629628,10800.0,24,True
2025-09-26,4,164.98898038333283,5538.702980483332,10800.0,4794.375659585744,24,True
2025-09-26,5,3270.5336249999996,2748.0112833333333,4794.375659585744,4684.510051715372,24,True
2025-09-27,0,365.9979083333332,207.22241666666645,4684.510051715372,4783.661039585743,24,True
2025-09-27,1,665.7895255760268,3597.924993305556,4783.661039585743,1385.1771755979942,24,True
2025-09-27,2,10460.914249335563,0.0,1385.1771755979942,10800.0,24,True
2025-09-27,3,0.0,0.0,10800.0,10800.0,24,True
2025-09-27,4,211.17447270833304,6033.933982447222,10800.0,4285.6859338294735,24,True
2025-09-27,5,3385.125253505045,2853.7294597661694,4285.6859338294735,4161.488151132715,24,True
2025-09-28,0,6153.532792530864,83.0284416666666,4161.488151132715,9607.413840336418,24,True
2025-09-28,1,1977.4857895833338,4224.271778943051,9607.413840336418,6693.515741024695,24,True
2025-09-28,2,5527.9250833333335,3056.8501999999994,6693.515741024695,8272.14809380247,24,True
2025-09-28,3,3108.866871083672,243.11544999999967,8272.14809380247,10800.0,24,True
2025-09-28,4,77.08218330410318,5012.741323683333,10800.0,5299.6613831033255,24,True
2025-09-28,5,3254.734085260088,3328.820412301997,5299.6613831033255,4530.2327128351835,24,True
2025-09-29,0,6055.519747703503,110.87471666666659,4530.2327128351835,9857.006356138705,24,True
2025-09-29,1,985.075655486111,5643.481337055392,9857.006356138705,4473.039627125773,24,True
2025-09-29,2,2577.6881999999996,2938.5964333333327,4473.039627125773,3527.8518589776263,24,True
2025-09-29,3,7295.2849531059865,162.2055499999999,3527.8518589776263,9913.379927884123,24,True
2025-09-29,4,728.588232200368,4734.470108965507,9913.379927884123,5308.5869935694445,24,True
2025-09-29,5,3383.8811531250003,3382.544190554166,5308.5869935694445,4595.6975974328725,24,True
2025-09-30,0,6178.704391516235,154.08481666666694,4595.6975974328725,9985.326197945631,24,True
2025-09-30,1,1011.902658194444,5241.199017562871,9985.326197945631,5072.484126361885,24,True
2025-09-30,2,4501.279747500002,3446.720916666666,5072.484126361885,5293.945991704478,24,True
2025-09-30,3,6878.69340427898,616.2930499999999,5293.945991704478,10800.0,24,True
2025-09-30,4,27.517258333333416,4823.650998024693,10800.0,5465.153312472561,24,True
2025-09-30,5,3370.4962000000005,3585.313029999999,5465.153312472561,4514.918748028119,24,True
2025-10-01,0,6865.09774372428,48.5000583333333,4514.918748028119,10639.617763676264,24,True
2025-10-01,1,285.4406576436569,6597.5402190277755,10639.617763676264,3565.914112191362,24,True
2025-10-01,2,7316.913433333334,1555.7470999999998,3565.914112191362,8422.528313302473,24,True
2025-10-01,3,2719.5163185528086,63.08369999999991,8422.528313302473,10800.0,24,True
2025-10-01,4,18.379629629628955,4268.908616666667,10800.0,6073.309870370371,24,True
2025-10-01,5,4413.286875617283,3194.015409450621,6073.309870370371,6496.362047925238,24,True
2025-10-02,0,3481.7466800830694,134.4630166666666,6496.362047925238,9480.530708148148,24,True
2025-10-02,1,1158.3019600694442,5902.231042416667,9480.530708148148,3964.9679806365766,24,True
2025-10-02,2,4465.516983333333,2184.154066666666,3964.9679806365766,5557.095413784726,24,True
2025-10-02,3,5830.264571103387,3.900174999999763,5557.095413784726,10800.0,24,True
2025-10-02,4,83.26366160493993,4200.320699233332,10800.0,6207.914296296298,24,True
2025-10-02,5,4417.718236337453,2997.860619100002,6207.914296296298,6852.904465555559,24,True
2025-10-03,0,251.58185833333312,363.43554323204194,6852.904465555559,6675.510867797737,24,True
2025-10-03,1,145.3428633333337,4658.442197333337,6675.510867797737,1630.2725588718083,24,True
2025-10-03,2,10188.586045697992,0.0,1630.2725588718083,10800.0,24,True
2025-10-03,3,0.0,0.0,10800.0,10800.0,24,True
2025-10-03,4,31.506549382716507,4891.197462166107,10800.0,5393.692047593214,24,True
2025-10-03,5,4269.13147075,2331.9332416666666,5393.692047593214,6644.873436083029,24,True
2025-10-04,0,418.3898306172848,232.55540833333333,6644.873436083029,6763.029385490438,24,True
2025-10-04,1,69.4769783333333,4987.279322474725,6763.029385490438,1284.137196574077,24,True
2025-10-04,2,10573.180892695467,0.0,1284.137196574077,10800.0,24,True
2025-10-04,3,0.0,0.0,10800.0,10800.0,24,True
2025-10-04,4,23.44753086419789,4622.203708333333,10800.0,5685.3208796296285,24,True
2025-10-04,5,3826.1546373333326,2351.4546833333334,5685.3208796296285,6516.132627303702,24,True
2025-10-05,0,3578.4336182320594,152.3358420474408,6516.132627303702,9567.46083699318,24,True
2025-10-05,1,1201.588885,4740.833357632873,9567.46083699318,5381.298213901096,24,True
2025-10-05,2,4118.995516666667,2104.956233333333,5381.298213901096,6749.553919641838,24,True
2025-10-05,3,4541.426931925738,43.09267611111113,6749.553919641838,10788.957407140433,24,True
2025-10-05,4,90.58359595507437,4639.002805972221,10788.957407140433,5716.035081308644,24,True
2025-10-05,5,3932.7596970164604,2904.7017999999994,5716.035081308644,6028.072364179015,24,True
2025-10-06,0,3914.39510809444,94.43769166666652,6028.072364179015,9446.097192945494,24,True
2025-10-06,1,1169.5094377083328,5619.909230084966,9446.097192945494,4254.312097899695,24,True
2025-10-06,2,5440.049360455253,2343.1486,4254.312097899695,6546.858077864979,24,True
2025-10-06,3,4791.773246816693,53.508600000000115,6546.858077864979,10800.0,24,True
2025-10-06,4,42.764341563785514,4356.519841666666,10800.0,5997.910305555555,24,True
2025-10-06,5,4204.287308333333,3105.7039555349807,5997.910305555555,6330.98671023891,24,True
2025-10-07,0,4750.729549654667,68.18731666666667,6330.98671023891,10530.879619742926,24,True
2025-10-07,1,461.3130258411933,5452.437028333334,10530.879619742926,4887.797978185185,24,True
2025-10-07,2,2958.354283333333,3067.2156166666664,4887.797978185185,4142.299481333334,24,True
2025-10-07,3,7455.872228045268,47.32603791666634,4142.299481333334,10800.0,24,True
2025-10-07,4,0.0,4144.266578422849,10800.0,6195.259357307947,24,True
2025-10-07,5,4223.145425,2839.3425833333326,6195.259357307947,6841.265147215356,24,True
2025-10-08,0,2528.5180929016415,70.48750833333327,6841.265147215356,9038.611977123126,24,True
2025-10-08,1,1035.6592033333332,5697.154152860813,9038.611977123126,3640.533979166669,24,True
2025-10-08,2,3625.170216666666,2196.480581250002,3640.533979166669,4462.653195,24,True
2025-10-08,3,7041.49645,36.196238333333554,4462.653195,10759.781957407407,24,True
2025-10-08,4,44.686713991769565,4575.814551810699,10759.781957407407,5715.761609099222,24,True
2025-10-08,5,3784.099665216659,3463.8862267392924,5715.761609099222,5272.688833639447,24,True
2025-10-09,0,5046.300849845052,10.109166666666624,5272.688833639447,9803.127191092584,24,True
2025-10-09,1,986.6739916666666,5213.831554149999,9803.127191092584,4897.987612314811,24,True
2025-10-09,2,4135.049665504233,2567.888566666667,4897.987612314811,5766.322792750101,24,True
2025-10-09,3,5610.96401284711,84.70194137088458,5766.322792750101,10722.077136122627,24,True
2025-10-09,4,49.28519576388885,5250.612641009666,10722.077136122627,4932.419766743831,24,True
2025-10-09,5,3649.3126648585385,3064.988999999999,4932.419766743831,4811.257831783186,24,True
2025-10-10,0,169.2113500000001,488.4669500000003,4811.257831783186,4420.806991227633,24,True
2025-10-10,1,684.353377255655,3432.970346238201,4420.806991227633,1222.3135349375,24,True
2025-10-10,2,10641.873850069444,0.0,1222.3135349375,10800.0,24,True
2025-10-10,3,0.0,0.0,10800.0,10800.0,24,True
2025-10-10,4,21.41253999999992,5700.207754691664,10800.0,4485.707114120372,24,True
2025-10-10,5,3599.280349251543,2262.12508,4485.707114120372,5211.587117335651,24,True
2025-10-11,0,546.2656357556427,75.44157499999994,5211.587117335651,5619.402217293509,24,True
2025-10-11,1,999.7647549999998,4303.915143333334,5619.402217293509,1737.0625597564745,24,True
2025-10-11,2,10069.930489159471,0.0,1737.0625597564745,10800.0,24,True
2025-10-11,3,0.0,0.0,10800.0,10800.0,24,True
2025-10-11,4,18.979513127573505,5378.3587398014415,10800.0,4841.127406479884,24,True
2025-10-11,5,3685.476964300411,2487.6923916666665,4841.127406479884,5393.954016942847,24,True
2025-10-12,0,5231.535058952392,229.14189166666677,5393.954016942847,9847.733468148148,24,True
2025-10-12,1,1432.7150166666663,4502.847646166666,9847.733468148148,6134.012931851849,24,True
2025-10-12,2,3319.349649999999,2647.553833333333,6134.012931851849,6179.701135370368,24,True
2025-10-12,3,5107.455785005145,221.70344284722296,6179.701135370368,10530.074183155868,24,True
2025-10-12,4,54.69731201388811,5272.251455387919,10530.074183155868,4721.244591315125,24,True
2025-10-12,5,3389.0084405092584,3148.4544686995855,4721.244591315125,4273.069444773919,24,True
2025-10-13,0,5435.209190164097,0.0,4273.069444773919,9164.757715921607,24,True
2025-10-13,1,1349.3645150000002,4728.285534166667,9164.757715921607,5125.535185903085,24,True
2025-10-13,2,4578.204711308416,2780.094033333333,5125.535185903085,6156.926055710291,24,True
2025-10-13,3,4834.3354946733525,248.2649277083334,6156.926055710291,10231.978081240382,24,True
2025-10-13,4,204.55469769267893,4639.827251855553,10231.978081240382,5260.713695990958,24,True
2025-10-13,5,3568.415819007201,3463.8653799999984,5260.713695990958,4623.54862198633,24,True
2025-10-14,0,5377.308061893005,187.96332500000005,4623.54862198633,9254.277738801147,24,True
2025-10-14,1,976.5790206547586,4584.430723541666,9254.277738801147,5039.386942344135,24,True
2025-10-14,2,2869.7378833333337,3455.448248109722,5039.386942344135,3782.764095000001,24,True
2025-10-14,3,6260.336044135802,122.96435666666662,3782.764095000001,9280.439471759259,24,True
2025-10-14,4,362.3342767361121,4409.8046747222215,9280.439471759259,4706.757348908181,24,True
2025-10-14,5,3482.6489993750006,2961.1253368833313,4706.757348908181,4551.002185141979,24,True
2025-10-15,0,5563.326306213993,25.54116666666664,4551.002185141979,9529.6167866605,24,True
2025-10-15,1,1310.738381028807,4541.730933333333,9529.6167866605,5662.913625882726,24,True
2025-10-15,2,2888.414608353904,3103.3341,5662.913625882726,4814.337773401239,24,True
2025-10-15,3,5202.152348168726,340.89144999999974,4814.337773401239,9117.506608975316,24,True
2025-10-15,4,438.4815168338487,4502.899705138888,9117.506608975316,4508.918079527019,24,True
2025-10-15,5,3125.7747083333334,2978.026271574317,4508.918079527019,4013.1972375,24,True
2025-10-16,0,6466.860657366255,103.25049999999987,4013.1972375,9718.649051351855,24,True
2025-10-16,1,1117.6695803472226,4560.040663294448,9718.649051351855,5657.839825559411,24,True
2025-10-16,2,5850.858274027776,3481.2896,5657.839825559411,7055.512716628854,24,True
2025-10-16,3,4835.608208970577,729.8858763888891,7055.512716628854,10596.57579760361,24,True
2025-10-16,4,47.57859020833337,5346.398038577477,10596.57579760361,4698.954263705024,24,True
2025-10-16,5,3252.3624812499993,3153.1966666470207,4698.954263705024,4122.528644999999,24,True
2025-10-17,0,1653.5798562811449,144.2436666666665,4122.528644999999,5450.479774912287,24,True
2025-10-17,1,975.4936232456051,4210.554883333334,5450.479774912287,1650.029721018516,24,True
2025-10-17,2,10166.63364331276,0.0,1650.029721018516,10800.0,24,True
2025-10-17,3,0.0,0.0,10800.0,10800.0,24,True
2025-10-17,4,97.40166166666666,5784.681451666665,10800.0,4460.237660314819,24,True
2025-10-17,5,3094.4487166666663,2948.9753083333335,4460.237660314819,3968.6022738333354,24,True
2025-10-18,0,2381.820207366252,198.72313333333346,3968.6022738333354,5891.436978981483,24,True
2025-10-18,1,842.6277333333334,4262.656333333333,5891.436978981483,1913.51712416667,24,True
2025-10-18,2,9900.587969032917,21.64166666666665,1913.51712416667,10800.0,24,True
2025-10-18,3,0.0,9.972650000000044,10800.0,10788.919277777777,24,True
2025-10-18,4,7.70451333333358,5823.922175591665,10788.919277777777,4324.82870023148,24,True
2025-10-18,5,3141.732237083333,2238.8781166666668,4324.82870023148,4664.74536175463,24,True
2025-10-19,0,5761.939972839507,12.095724999999902,4664.74536175463,9837.051642865737,24,True
2025-10-19,1,1061.6191833333328,4975.299268333334,9837.051642865737,5264.3986097175875,24,True
2025-10-19,2,5520.987993975484,3235.949583333332,5264.3986097175875,6637.788267258487,24,True
2025-10-19,3,5042.513291571507,1003.3833716666666,6637.788267258487,10061.179816709875,24,True
2025-10-19,4,28.294117228164282,4694.259806989265,10061.179816709875,4870.8002922271535,24,True
2025-10-19,5,3370.9422590869335,3367.0781875877715,4870.8002922271535,4163.450339196758,24,True
2025-10-20,0,6272.667825144034,109.44795833333342,4163.450339196758,9687.242539233797,24,True
2025-10-20,1,1889.7618748611114,4454.054171703478,9687.242539233797,6439.079146938268,24,True
2025-10-20,2,5378.860416666666,4459.746633333333,6439.079146938268,6324.779484901232,24,True
2025-10-20,3,5325.100650178329,290.45050493055555,6324.779484901232,10794.647286805555,24,True
2025-10-20,4,35.04625834104999,5056.476823416668,10794.647286805555,5207.881337738425,24,True
2025-10-20,5,3129.791504991979,3529.7798911868035,5207.881337738425,4102.71603535698,24,True
2025-10-21,0,6176.55987167469,27.27431666666689,4102.71603535698,9631.315123567907,24,True
2025-10-21,1,1927.1129883333338,3664.4115941111145,9631.315123567907,7294.14837516667,24,True
2025-10-21,2,5206.734850000001,4135.743399999999,7294.14837516667,7384.939295722226,24,True
2025-10-21,3,4646.154342201641,689.8303833333334,7384.939295722226,10800.0,24,True
2025-10-21,4,5.107262602881949,4785.4099549305565,10800.0,5487.474364197526,24,True
2025-10-21,5,3253.6450359645823,3625.002284583333,5487.474364197526,4387.974580361946,24,True
2025-10-22,0,6428.561727960066,130.24864999999988,4387.974580361946,10028.959413303783,24,True
2025-10-22,1,1803.7328717432229,4116.128083541665,10028.959413303783,7078.84334949306,24,True
2025-10-22,2,2946.744885465638,5081.434949999999,7078.84334949306,4084.874913078803,24,True
2025-10-22,3,7606.889849665528,117.9681999999998,4084.874913078803,10800.0,24,True
2025-10-22,4,50.40692258230493,5119.666761147223,10800.0,5156.8476068271575,24,True
2025-10-22,5,3002.9103179166664,3623.241696063192,5156.8476068271575,3833.6427862152777,24,True
2025-10-23,0,6675.995098947355,85.34023333333312,3833.6427862152777,9747.21589378642,24,True
2025-10-23,1,1372.1632702270224,4691.999245486112,9747.21589378642,5768.830342006173,24,True
2025-10-23,2,3181.9773333333337,4083.179883333333,5768.830342006173,4095.743404969138,24,True
2025-10-23,3,7352.285489984498,532.588859375,4095.743404969138,10121.034946649632,24,True
2025-10-23,4,288.3269551388886,4455.171564156886,10121.034946649632,5430.338579433645,24,True
2025-10-23,5,3362.169655900997,3654.8417,5430.338579433645,4395.356047522321,24,True
2025-10-24,0,1993.7406551191018,159.6179249999999,4395.356047522321,6012.369387129513,24,True
2025-10-24,1,892.5516066666665,4919.219493333333,6012.369387129513,1349.866396092476,24,True
2025-10-24,2,10364.124966666666,104.69211666666672,1349.866396092476,10561.254292018402,24,True
2025-10-24,3,265.2730088684418,59.324837032921664,10561.254292018402,10734.083514407866,24,True
2025-10-24,4,0.0,5874.355669800412,10734.083514407866,4207.021659074075,24,True
2025-10-24,5,3177.006966374999,2714.0891681666676,4207.021659074075,4050.673297515277,24,True
2025-10-25,0,2969.78694835391,176.40530833333327,4050.673297515277,6527.475652885648,24,True
2025-10-25,1,822.7147333333335,4535.228903333334,6527.475652885648,2228.7756869597206,24,True
2025-10-25,2,9581.783187328703,47.14250000000004,2228.7756869597206,10800.0,24,True
2025-10-25,3,0.0,0.0,10800.0,10800.0,24,True
2025-10-25,4,44.13982333333348,5647.626310833332,10800.0,4564.585495629634,24,True
2025-10-25,5,3105.8383166666667,2915.567475,4564.585495629634,4120.320563962969,24,True
2025-10-26,0,6026.328443374482,17.038774999999987,4120.320563962969,9525.084190777785,24,True
2025-10-26,1,1096.6081926333281,4504.394442638889,9525.084190777785,5507.1488501045715,24,True
2025-10-26,2,3728.766985178694,3697.118316666666,5507.1488501045715,4755.129896024657,24,True
2025-10-26,3,6705.320872944499,469.2771833333335,4755.129896024657,10268.49958908211,24,True
2025-10-26,4,272.06683179983474,4430.116811984539,10268.49958908211,5591.007724385805,24,True
2025-10-26,5,3411.430485254167,3596.4806166666667,5591.007724385805,4665.205587040479,24,True
2025-10-27,0,5922.72107518518,129.07700833333308,4665.205587040479,9852.235656558996,24,True
2025-10-27,1,1761.0674511805555,4354.193849545003,9852.235656558996,6599.203196460383,24,True
2025-10-27,2,5888.612666734694,3567.9684833333326,6599.203196460383,7934.545170595683,24,True
2025-10-27,3,3996.5316828772256,658.2813166666664,7934.545170595683,10800.0,24,True
2025-10-27,4,33.70479541666691,4787.398230632498,10800.0,5511.00294850556,24,True
2025-10-27,5,3277.8578119341564,3683.524625,5511.00294850556,4368.269840357412,24,True
2025-10-28,0,6122.421460678993,73.8363750000002,4368.269840357412,9796.408738301838,24,True
2025-10-28,1,1874.035115,3702.0974080666642,9796.408738301838,7369.598777283319,24,True
2025-10-28,2,4327.186514949355,4263.6385666666665,7369.598777283319,6526.690455552553,24,True
2025-10-28,3,5364.093958851071,498.9375166666665,6526.690455552553,10800.0,24,True
2025-10-28,4,49.24625565843831,4700.916745416667,10800.0,5621.080801851854,24,True
2025-10-28,5,3230.3147861847233,3746.4976633333326,5621.080801851854,4365.588927936625,24,True
2025-10-29,0,6566.817114197531,66.63459166666655,4365.588927936625,10201.68589552922,24,True
2025-10-29,1,1976.273999967536,1840.1603907027722,10201.68589552922,9935.709839163586,24,True
2025-10-29,2,5071.878926458334,5228.007283333332,9935.709839163586,8691.503891494607,24,True
2025-10-29,3,3409.265470355787,863.8585333333334,8691.503891494607,10800.0,24,True
2025-10-29,4,29.025089248970946,4867.548800075,10800.0,5417.735024685184,24,True
2025-10-29,5,3135.07802375,3657.141718119442,5417.735024685184,4175.814448149693,24,True
2025-10-30,0,6984.04475,99.1173500000001,4175.814448149693,10351.324334260804,24,True
2025-10-30,1,567.9167067884053,4880.638182569441,10351.324334260804,5439.518056404328,24,True
2025-10-30,2,3482.1030635471443,3815.566250763895,5439.518056404328,4333.8927571924305,24,True
2025-10-30,3,7903.563438510469,582.3898666666664,4333.8927571924305,10800.0,24,True
2025-10-30,4,17.17762374984136,4841.230817814537,10800.0,5436.314508247593,24,True
2025-10-30,5,3049.902617718621,3656.5487041666665,5436.314508247593,4118.394970675833,24,True
2025-10-31,0,2733.7306524238693,102.12069166666697,4118.394970675833,6465.285122672129,24,True
2025-10-31,1,945.2146883333334,5005.928414999999,6465.285122672129,1753.8356588387967,24,True
2025-10-31,2,7937.6374166666665,106.15228333333334,1753.8356588387967,8779.762352357317,24,True
2025-10-31,3,2244.7084973807578,0.0,8779.762352357317,10800.0,24,True
2025-10-31,4,24.386886666666896,5760.147046666665,10800.0,4421.784812814819,24,True
2025-10-31,5,3187.0423333333333,2761.0219891666666,4421.784812814819,4222.320702629633,24,True
2025-11-01,0,2035.4972336419705,217.22649999999993,4222.320702629633,5812.905435129628,24,True
2025-11-01,1,972.9012749999998,4744.499947005554,5812.905435129628,1416.8499748456798,24,True
2025-11-01,2,8819.697366666665,95.4192333333333,1416.8499748456798,9248.556234475309,24,True
2025-11-01,3,1728.6414596364868,3.900193333333391,9248.556234475309,10800.0,24,True
2025-11-01,4,74.8586949999999,5594.756258333335,10800.0,4650.976982907408,24,True
2025-11-01,5,3459.8039916666667,2732.8694732510285,4650.976982907408,4728.278938461821,24,True
2025-11-02,0,5918.400433333334,214.83673995757943,4728.278938461821,9816.131839620064,24,True
2025-11-02,1,1831.4807271527777,3411.207949417089,9816.131839620064,7674.233439149689,24,True
2025-11-02,2,5273.079933333333,4859.44165,7674.233439149689,7020.62576803858,24,True
2025-11-02,3,5347.439434689644,929.9891333333329,7020.62576803858,10800.0,24,True
2025-11-02,4,53.514587105624074,5087.071396816925,10800.0,5195.861576376255,24,True
2025-11-02,5,3220.563527443732,3640.862210405296,5195.861576376255,4048.9662950697293,24,True
2025-11-03,0,6383.965493263871,119.25212499999975,4048.9662950697293,9662.032877896105,24,True
2025-11-03,1,1847.5120573611111,3043.8097399405247,9662.032877896105,7942.782907364971,24,True
2025-11-03,2,5063.45025,4594.504116666665,7942.782907364971,7394.883558290898,24,True
2025-11-03,3,4567.953940376372,635.437894166667,7394.883558290898,10800.0,24,True
2025-11-03,4,64.68124944999943,4785.749997705888,10800.0,5540.713127054012,24,True
2025-11-03,5,3276.570580166667,3578.3246416666666,5540.713127054012,4513.710380685494,24,True
2025-11-04,0,6011.6160666666665,34.148533333333376,4513.710380685494,9886.22202587068,24,True
2025-11-04,1,1936.5219583333328,3221.850265750001,9886.22202587068,8049.258159759569,24,True
2025-11-04,2,5043.015638333333,4431.83445,8049.258159759569,7663.711734259568,24,True
2025-11-04,3,4134.525338222395,655.3839520138886,7663.711734259568,10656.580147533181,24,True
2025-11-04,4,10.979228600822353,5466.761517123316,10656.580147533181,4592.28198980357,24,True
2025-11-04,5,3293.318263625,3107.635547444046,4592.28198980357,4103.340041017129,24,True
2025-11-05,0,6591.079005967081,161.617833333333,4103.340041017129,9855.735776017133,24,True
2025-11-05,1,1916.3929400000002,4463.923488401528,9855.735776017133,6620.574434904322,24,True
2025-11-05,2,4197.811615343796,4878.51699141389,6620.574434904322,4978.030453809417,24,True
2025-11-05,3,7462.959927866077,805.2249499999997,4978.030453809417,10800.0,24,True
2025-11-05,4,95.63986566666665,4832.365919656664,10800.0,5516.780412814815,24,True
2025-11-05,5,3126.0742474999993,3528.6413583333333,5516.780412814815,4409.534615194444,24,True
2025-11-06,0,6332.828463384775,135.8632416666668,4409.534615194444,9958.121074833334,24,True
2025-11-06,1,1890.1941303472227,2317.270781377775,9958.121074833334,9084.550479503861,24,True
2025-11-06,2,5074.353842569444,6300.560333333333,9084.550479503861,6650.846345223772,24,True
2025-11-06,3,5223.102332467415,496.47459999999955,6650.846345223772,10800.0,24,True
2025-11-06,4,81.26162962962903,4903.493737438264,10800.0,5424.809091735262,24,True
2025-11-06,5,3030.403541666666,3710.2057166666673,5424.809091735262,4029.721482938965,24,True
2025-11-07,0,2866.558100369605,156.07548333333307,4029.721482938965,6436.206569567905,24,True
2025-11-07,1,1072.9705716666667,5193.505577952783,6436.206569567905,1631.3183307870363,24,True
2025-11-07,2,6833.16915,408.32149770833274,1631.3183307870363,7327.480012777777,24,True
2025-11-07,3,3858.3555413580243,28.19664701388899,7327.480012777777,10768.67039220679,24,True
2025-11-07,4,64.87864368998639,5803.682484513886,10768.67039220679,4378.525077623462,24,True
2025-11-07,5,3500.882255625,2498.3930619444473,4378.525077623462,4753.326816636576,24,True
2025-11-08,0,2571.288813888886,179.72144999999995,4753.326816636576,6867.796249136574,24,True
2025-11-08,1,987.3344833333334,5169.135391666667,6867.796249136574,2012.9135156180557,24,True
2025-11-08,2,7303.997733333333,183.02918333333326,2012.9135156180557,8383.145716358797,24,True
2025-11-08,3,2685.3936484902256,80.07850000000008,8383.145716358797,10711.023888888889,24,True
2025-11-08,4,48.67737916666795,5770.737529416666,10711.023888888889,4342.902941898149,24,True
2025-11-08,5,3568.307216666666,2751.6803,4342.902941898149,4496.956881342593,24,True
2025-11-09,0,6024.676467952677,94.96889166666676,4496.956881342593,9813.644711759263,24,True
2025-11-09,1,1971.3483083333335,2050.9897062333325,9813.644711759263,9308.980737888893,24,True
2025-11-09,2,5013.549075000001,5250.978233333333,9308.980737888893,7986.754646129636,24,True
2025-11-09,3,3913.110703573038,1371.542635,7986.754646129636,9984.618018234256,24,True
2025-11-09,4,268.33022583333275,4380.638354763888,9984.618018234256,5358.739271746602,24,True
2025-11-09,5,3387.2724140083337,3580.997986343391,5358.739271746602,4428.397792861445,24,True
2025-11-10,0,6127.025668930039,11.157791666666753,4428.397792861445,9930.323348602184,24,True
2025-11-10,1,1825.4707289609037,699.2428829502956,9930.323348602184,10796.310468055555,24,True
2025-11-10,2,5436.078820590972,5467.435750000001,10796.310468055555,9613.85279547632,24,True
2025-11-10,3,2720.415000911089,1136.003666666666,9613.85279547632,10800.0,24,True
2025-11-10,4,15.86183084705125,4969.471794652774,10800.0,5292.640320370375,24,True
2025-11-10,5,3359.1768999999995,3724.754395833337,5292.640320370375,4177.283534999999,24,True
2025-11-11,0,6399.558091666667,35.64396666666664,4177.283534999999,9897.281410092593,24,True
2025-11-11,1,1976.833687037034,2051.843861066668,9897.281410092593,9396.605216129628,24,True
2025-11-11,2,4967.619543040127,5669.263383333332,9396.605216129628,7568.281267828706,24,True
2025-11-11,3,4707.0389616718085,904.1546999999999,7568.281267828706,10800.0,24,True
2025-11-11,4,65.12452594065599,5026.094191025721,10800.0,5274.062972206897,24,True
2025-11-11,5,3192.3186333333333,3612.7823079602035,5274.062972206897,4132.94717780667,24,True
2025-11-12,0,6450.286965770365,39.72277500000007,4132.94717780667,9894.069030333334,24,True
2025-11-12,1,1957.8710872273628,1721.7050967965256,9894.069030333334,9743.147345730715,24,True
2025-11-12,2,5101.924156666667,5886.26505,9743.147345730715,7794.584586730714,24,True
2025-11-12,3,4715.3237280178255,1141.4516366666662,7794.584586730714,10770.096345650461,24,True
2025-11-12,4,159.73266635545392,4918.381440416663,10770.096345650461,5448.987478240744,24,True
2025-11-12,5,3673.319714632202,3710.1179999999995,5448.987478240744,4632.621888076393,24,True
2025-11-13,0,5521.744422386824,85.90600833333292,4632.621888076393,9506.740747854165,24,True
2025-11-13,1,1979.93435985,1851.5616516666655,9506.740747854165,9231.390947645092,24,True
2025-11-13,2,4597.5832320224345,4888.626816666667,9231.390947645092,7937.4082823912095,24,True
2025-11-13,3,4736.221163221013,1482.529862708333,7937.4082823912095,10552.751926280864,24,True
2025-11-13,4,109.38958044444826,4633.23636175,10552.751926280864,5503.162146736422,24,True
2025-11-13,5,3465.5519249999993,3692.637622583333,5503.162146736422,4519.2281874771625,24,True
2025-11-14,0,2942.707773699382,61.08415192983591,4519.2281874771625,7099.793903884565,24,True
2025-11-14,1,977.0550583333338,5367.60795,7099.793903884565,2015.1346230512327,24,True
2025-11-14,2,6563.5851,262.9838,2015.1346230512327,7630.156990829011,24,True
2025-11-14,3,3522.047787967765,95.59892864999995,7630.156990829011,10693.778968166667,24,True
2025-11-14,4,81.76186166666673,5803.303012166665,10693.778968166667,4319.2501857037105,24,True
2025-11-14,5,3646.595608333333,2760.6827083333333,4319.2501857037105,4533.76100172223,24,True
2025-11-15,0,3092.6220126337357,197.418316666667,4533.76100172223,7097.767127907406,24,True
2025-11-15,1,932.1896532638889,5319.787180408332,7097.767127907406,2025.863170946759,24,True
2025-11-15,2,6303.727066666666,491.17233333333326,2025.863170946759,7153.470493909724,24,True
2025-11-15,3,4051.6994512114165,42.19237062500008,7153.470493909724,10753.119588194444,24,True
2025-11-15,4,99.90647070555599,6026.415109652778,10753.119588194444,4147.018623326358,24,True
2025-11-15,5,3552.3087499999992,2677.9719109937223,4147.018623326358,4368.572152777777,24,True
2025-11-16,0,5926.7783265681055,11.0474999999999,4368.572152777777,9690.39764668907,24,True
2025-11-16,1,2035.4017413194451,984.6982630951588,9690.39764668907,10428.150032659729,24,True
2025-11-16,2,4985.199765416667,6564.033933333332,10428.150032659729,7621.458784497696,24,True
2025-11-16,3,5062.281844385279,1239.7612000000001,7621.458784497696,10800.0,24,True
2025-11-16,4,113.83670312016488,4702.745519691664,10800.0,5677.180233150742,24,True
2025-11-16,5,3450.784198958334,3661.1855110416664,5677.180233150742,4714.902111055835,24,True
2025-11-17,0,6168.7855329423855,112.59524999999985,4714.902111055835,10141.703257370653,24,True
2025-11-17,1,1784.3513318052437,1183.2096300999265,10141.703257370653,10432.942089217675,24,True
2025-11-17,2,5081.131818263889,6379.231166666666,10432.942089217675,7917.926096025545,24,True
2025-11-17,3,4406.419070259682,975.3329333333332,7917.926096025545,10800.0,24,True
2025-11-17,4,39.73307616666739,4639.311590617638,10800.0,5680.969112308183,24,True
2025-11-17,5,3339.925743415637,3759.9893666666662,5680.969112308183,4509.136318419294,24,True
2025-11-18,0,5975.697683422996,49.41862499999036,4509.136318419294,9832.354650166668,24,True
2025-11-18,1,2047.31864,2310.9153872833344,9832.354650166668,9107.257662518521,24,True
2025-11-18,2,5096.10741,5767.2021,9107.257662518521,7285.751998185186,24,True
2025-11-18,3,6146.032919711934,1815.463463333333,7285.751998185186,10800.0,24,True
2025-11-18,4,90.90276989026236,4740.144160994444,10800.0,5614.985647351855,24,True
2025-11-18,5,3484.401173297916,3619.1666924999995,5614.985647351855,4729.650378319979,24,True
2025-11-19,0,5891.185486656371,52.66902500000015,4729.650378319979,9973.196177421825,24,True
2025-11-19,1,1909.354534353835,802.4537325062514,9973.196177421825,10800.0,24,True
2025-11-19,2,5249.694280763888,6390.060016178474,10800.0,8424.65816804475,24,True
2025-11-19,3,4324.304977892663,1364.879383333333,8424.65816804475,10800.0,24,True
2025-11-19,4,36.36515976594598,4692.404038160417,10800.0,5618.946379166665,24,True
2025-11-19,5,3428.0053666666668,3733.4914498333333,5618.946379166665,4555.8273760185175,24,True
2025-11-20,0,5998.947731584366,152.08780000000013,4555.8273760185175,9785.893890000005,24,True
2025-11-20,1,2001.8194966666665,2278.5531242341685,9785.893890000005,9055.805743406485,24,True
2025-11-20,2,5018.7580499999995,5847.0080499999995,9055.805743406485,7076.012377295373,24,True
2025-11-20,3,6501.734272140945,1914.8159,7076.012377295373,10800.0,24,True
2025-11-20,4,48.05838166666649,4646.283610030863,10800.0,5680.715199021262,24,True
2025-11-20,5,3345.65748575,3618.963375,5680.715199021262,4670.736519529597,24,True
2025-11-21,0,3199.427524880467,166.88195833333322,4670.736519529597,7364.79689377387,24,True
2025-11-21,1,873.7010443896294,5294.617895541665,7364.79689377387,2268.219060900465,24,True
2025-11-21,2,6851.719611857714,450.44919999999996,2268.219060900465,7934.2676004612995,24,True
2025-11-21,3,3184.1471105985547,0.0,7934.2676004612995,10800.0,24,True
2025-11-21,4,102.55373833333334,5510.189177983539,10800.0,4769.86594451829,24,True
2025-11-21,5,3297.3244,2759.0075666666667,4769.86594451829,4671.893941555327,24,True
2025-11-22,0,3862.919661067128,220.70468333333338,4671.893941555327,7903.294210589816,24,True
2025-11-22,1,862.3607499999999,5651.371392933612,7903.294210589816,2400.117337885803,24,True
2025-11-22,2,5266.507166666666,609.8762833333334,2400.117337885803,6462.3334730709885,24,True
2025-11-22,3,4819.629474365569,0.0,6462.3334730709885,10800.0,24,True
2025-11-22,4,118.78845121741878,5566.60654193542,10800.0,4721.791226167436,24,True
2025-11-22,5,3422.760124583333,2767.988124898606,4721.791226167436,4726.732977293986,24,True
2025-11-23,0,6130.648590284975,9.107500000000073,4726.732977293986,10234.197264106018,24,True
2025-11-23,1,1847.1961098410488,987.0063866666695,10234.197264106018,10800.0,24,True
2025-11-23,2,4896.280400844538,7473.764533333333,10800.0,6902.46954594527,24,True
2025-11-23,3,5693.41081314723,1103.88535,6902.46954594527,10800.0,24,True
2025-11-23,4,35.90954389574732,4921.842118541666,10800.0,5363.6051244598775,24,True
2025-11-23,5,3292.4213607683605,3687.754091666666,5363.6051244598775,4229.279802855107,24,True
2025-11-24,0,6193.0834583880205,25.259941666666464,4229.279802855107,9774.988313552476,24,True
2025-11-24,1,2084.8926616666668,934.8620035833327,9774.988313552476,10612.65614951544,24,True
2025-11-24,2,4738.439436069959,5786.8143,10612.65614951544,8447.457975311736,24,True
2025-11-24,3,4482.935735901055,1712.2321807638887,8447.457975311736,10579.61993677392,24,True
2025-11-24,4,211.42331763888956,4762.81739272778,10579.61993677392,5477.88159739583,24,True
2025-11-24,5,3239.815366666666,3860.818625,5477.88159739583,4103.916955173607,24,True
2025-11-25,0,6414.093871913586,233.41337499999975,4103.916955173607,9617.253245451386,24,True
2025-11-25,1,1976.2329712851465,552.1379184111036,9617.253245451386,10782.376343595679,24,True
2025-11-25,2,5071.77192201389,7013.179596666666,10782.376343595679,7554.549299334108,24,True
2025-11-25,3,5312.47260567815,1382.1971799999997,7554.549299334108,10800.0,24,True
2025-11-25,4,6.566917592592075,4832.657572699997,10800.0,5436.2907006111145,24,True
2025-11-25,5,3542.4817999999996,3667.5166380833325,5436.2907006111145,4549.505833851857,24,True
2025-11-26,0,5859.527836440319,28.54320833333361,4549.505833851857,9791.36621072222,24,True
2025-11-26,1,2253.8892162637812,957.1859633333333,9791.36621072222,10756.326546100368,24,True
2025-11-26,2,5090.854147222222,6824.586899833327,10756.326546100368,7755.220945452225,24,True
2025-11-26,3,5598.293445382302,1794.3165416666661,7755.220945452225,10800.0,24,True
2025-11-26,4,18.82727983539078,4527.4772209,10800.0,5786.414306407407,24,True
2025-11-26,5,3424.5160250000004,3595.3590249999997,5786.414306407407,4873.635367796294,24,True
2025-11-27,0,5765.602504670782,15.955308333333164,4873.635367796294,10044.949501629624,24,True
2025-11-27,1,1984.188477124494,1295.8860641677984,10044.949501629624,10390.845726410778,24,True
2025-11-27,2,5145.11155,6236.095833333333,10390.845726410778,8092.450751040408,24,True
2025-11-27,3,5229.715791025059,1898.5522704861112,8092.450751040408,10689.692440200619,24,True
2025-11-27,4,158.27488755833224,4769.657729668773,10689.692440200619,5532.520139371145,24,True
2025-11-27,5,3575.70134625,3699.0758443791665,5532.520139371145,4640.567079463737,24,True
2025-11-28,0,4980.764837901231,90.4987916666663,4640.567079463737,9022.701220611878,24,True
2025-11-28,1,1004.7581448971222,5964.309041666666,9022.701220611878,3299.9735047229888,24,True
2025-11-28,2,5011.078416666666,747.8469666666665,3299.9735047229888,6979.003005648916,24,True
2025-11-28,3,4281.307760155184,73.05543277222398,6979.003005648916,10751.007286708333,24,True
2025-11-28,4,129.43128385859657,5620.972357692821,10751.007286708333,4621.97060030016,24,True
2025-11-28,5,3595.142872083333,2774.300225,4621.97060030016,4775.043379619603,24,True
2025-11-29,0,4308.807408108012,196.0709583333334,4775.043379619603,8435.113426546439,24,True
2025-11-29,1,1048.4080016666667,5872.351183333333,8435.113426546439,2853.845979898294,24,True
2025-11-29,2,5071.941521031422,768.2192166666666,2853.845979898294,6565.016441419167,24,True
2025-11-29,3,4726.8271639787035,29.370541141665967,6565.016441419167,10786.52695439815,24,True
2025-11-29,4,14.970050668721846,5414.610221583466,10786.52695439815,4783.766420462816,24,True
2025-11-29,5,3287.0721016666666,2929.4805202083335,4783.766420462816,4487.15295617578,24,True
2025-11-30,0,6391.149472305604,118.3602999999996,4487.15295617578,10107.67603680638,24,True
2025-11-30,1,1797.5353258564228,832.9120470694461,10107.67603680638,10800.0,24,True
2025-11-30,2,5071.759008932,7311.457166666666,10800.0,7240.741811742506,24,True
2025-11-30,3,6564.304853892004,2134.233215583333,7240.741811742506,10777.245940708272,24,True
2025-11-30,4,27.500425018931157,4783.351687569446,10777.245940708272,5487.161114814815,24,True
2025-11-30,5,3210.0141166666667,3762.2938692386833,5487.161114814815,4195.847298438501,24,True
2025-12-01,0,5915.006300617282,717.9715583333333,4195.847298438501,8721.60679306813,24,True
2025-12-01,1,2789.756759878289,1044.0357201388888,8721.60679306813,10072.348187915379,24,True
2025-12-01,2,4974.042332083334,7293.808355069444,10072.348187915379,6444.754781157663,24,True
2025-12-01,3,7516.30530763003,2168.4866022222222,6444.754781157663,10800.0,24,True
2025-12-01,4,0.0,4965.528898382713,10800.0,5282.745668463653,24,True
2025-12-01,5,3499.888508333334,3739.606205950621,5282.745668463653,4277.527319351852,24,True
2025-12-02,0,6073.504417386832,849.0838333333339,4277.527319351852,8800.254813518524,24,True
2025-12-02,1,3063.22297636316,987.4674043055555,8800.254813518524,10459.969487461422,24,True
2025-12-02,2,5104.220287430557,7442.134584166666,10459.969487461422,6784.729319297071,24,True
2025-12-02,3,7444.066771059665,2415.950471925694,6784.729319297071,10800.0,24,True
2025-12-02,4,0.0,4801.909943533334,10800.0,5464.5445071851855,24,True
2025-12-02,5,3076.744291666667,3687.3827416666663,5464.5445071851855,4136.5224345000015,24,True
2025-12-03,0,6913.465425,202.37509999999997,4136.5224345000015,10133.78009477778,24,True
2025-12-03,1,1713.090961925582,788.005764459722,10133.78009477778,10800.0,24,True
2025-12-03,2,5429.727269166668,7127.378544619985,10800.0,7767.445048227793,24,True
2025-12-03,3,6480.507212017133,2519.9113851388884,7767.445048227793,10800.0,24,True
2025-12-03,4,13.995400000000132,4564.6485357808315,10800.0,5740.764153576853,24,True
2025-12-03,5,3260.611125,3780.0507916666666,5740.764153576853,4475.257730891668,24,True
2025-12-04,0,6236.237723271568,199.16330000000016,4475.257730891668,9866.579126280521,24,True
2025-12-04,1,1950.4876383333335,1028.7205366666667,9866.579126280521,10478.995182262002,24,True
2025-12-04,2,5464.643478333333,8074.642309999999,10478.995182262002,6425.349523873114,24,True
2025-12-04,3,7560.534981190367,2186.847906249999,6425.349523873114,10800.0,24,True
2025-12-04,4,0.0,4582.201640499998,10800.0,5708.6648438888915,24,True
2025-12-04,5,3368.5300666666662,3277.999909083332,5708.6648438888915,5098.119782685189,24,True
2025-12-05,0,5415.344358127567,126.24384166666636,5098.119782685189,9831.658769814816,24,True
2025-12-05,1,1063.6735749999998,6566.734793791667,9831.658769814816,3492.5929942129665,24,True
2025-12-05,2,5747.8735847222215,1974.4232666666664,3492.5929942129665,6471.875590833336,24,True
2025-12-05,3,4898.9441377571975,72.83278333333328,6471.875590833336,10800.0,24,True
2025-12-05,4,0.0,5549.596883333333,10800.0,4633.781240740744,24,True
2025-12-05,5,3316.0562333333332,2770.567991666667,4633.781240740744,4539.8229711111135,24,True
2025-12-06,0,6731.547198045269,162.3436666666667,4539.8229711111135,10417.833597500003,24,True
2025-12-06,1,546.1326591563763,6240.383129583329,10417.833597500003,3975.593957870376,24,True
2025-12-06,2,5201.357186706352,2071.3541333333333,3975.593957870376,6355.310833313501,24,True
2025-12-06,3,4975.185063122171,29.679651111110047,6355.310833313501,10800.0,24,True
2025-12-06,4,0.0,5581.128616666667,10800.0,4598.745981481482,24,True
2025-12-06,5,3300.0169891861083,2789.7172951583316,4598.745981481482,4469.075388239722,24,True
2025-12-07,0,6510.32485946502,262.4547749999998,4469.075388239722,10036.751345091574,24,True
2025-12-07,1,2062.782759999999,1313.1728516666685,10036.751345091574,10434.174882795274,24,True
2025-12-07,2,5036.491223333334,7712.115311666666,10434.174882795274,6397.999970832315,24,True
2025-12-07,3,7841.900299898251,2390.139216666666,6397.999970832315,10800.0,24,True
2025-12-07,4,0.0,4685.4331542386835,10800.0,5593.963161957016,24,True
2025-12-07,5,3333.372599999999,3745.361930627983,5593.963161957016,4432.4852457037005,24,True
2025-12-08,0,7032.126399279838,43.57769166666708,4432.4852457037005,10712.979347648146,24,True
2025-12-08,1,906.195215919069,669.7957053472225,10712.979347648146,10784.337591589507,24,True
2025-12-08,2,5711.23652111111,6946.246345971525,10784.337591589507,8206.398965065588,24,True
2025-12-08,3,6315.625832270232,2781.415992697916,8206.398965065588,10800.0,24,True
2025-12-08,4,1.6458333333333712,4504.1075719499995,10800.0,5796.9172811666685,24,True
2025-12-08,5,3738.7572999999993,3778.4210583333324,5796.9172811666685,4963.553230796299,24,True
2025-12-09,0,6131.929418653906,40.599941666666496,4963.553230796299,10437.178661288519,24,True
2025-12-09,1,1394.3661400909455,1366.5282585000014,10437.178661288519,10173.743455703701,24,True
2025-12-09,2,5356.171162173663,7375.093325966667,10173.743455703701,6799.749361697035,24,True
2025-12-09,3,7793.735273868861,2712.6999973611105,6799.749361697035,10800.0,24,True
2025-12-09,4,0.0,4616.896673251027,10800.0,5670.114807498858,24,True
2025-12-09,5,3611.2230104999994,3697.4576583333337,5670.114807498858,4811.929229911821,24,True
2025-12-10,0,6586.239863298879,59.77934166666648,4811.929229911821,10673.12361614007,24,True
2025-12-10,1,923.3497619019813,633.7245616666667,10673.12361614007,10800.0,24,True
2025-12-10,2,5131.654666666666,7200.525581666667,10800.0,7417.90522037037,24,True
2025-12-10,3,6856.339291382032,2509.7495243527783,7417.90522037037,10800.0,24,True
2025-12-10,4,66.46277129553812,4525.999141049382,10800.0,5830.928559666673,24,True
2025-12-10,5,3413.6493083333335,3299.395761330825,5830.928559666673,5237.217646799091,24,True
2025-12-11,0,6099.713818266856,14.948341666666579,5237.217646799091,10710.350814720741,24,True
2025-12-11,1,879.544236730041,631.7465650000001,10710.350814720741,10800.0,24,True
2025-12-11,2,5846.631618333333,7130.024794999999,10800.0,8139.718684277777,24,True
2025-12-11,3,5765.58249968793,2413.674619583333,8139.718684277777,10646.882245570987,24,True
2025-12-11,4,207.28459541666678,4764.741307746304,10646.882245570987,5539.281372838981,24,True
2025-12-11,5,3479.1056083333324,3293.83922619814,5539.281372838981,5010.655057896603,24,True
2025-12-12,0,5527.9478916666585,40.95972499999965,5010.655057896603,9940.297354841041,24,True
2025-12-12,1,1053.3283758967875,6010.415318333333,9940.297354841041,4210.053650555555,24,True
2025-12-12,2,5692.618233333334,1975.0492166666663,4210.053650555555,7138.910930925926,24,True
2025-12-12,3,4067.87674341564,0.0,7138.910930925926,10800.0,24,True
2025-12-12,4,0.0,5442.5629,10800.0,4752.70788888889,24,True
2025-12-12,5,3519.385462083333,2923.177024583333,4752.70788888889,4672.1803330046305,24,True
2025-12-13,0,5647.868336744394,424.1791333333331,4672.1803330046305,9283.951687926437,24,True
2025-12-13,1,852.3116203472221,5417.623175972685,9283.951687926437,4031.4508396026195,24,True
2025-12-13,2,5476.561448611112,2066.0163333333335,4031.4508396026195,6664.782439648916,24,True
2025-12-13,3,4685.849408620543,73.84221666666679,6664.782439648916,10800.0,24,True
2025-12-13,4,7.319425582991244,5412.746801388888,10800.0,4792.424370370369,24,True
2025-12-13,5,3654.1811916666657,2882.2089798989714,4792.424370370369,4878.733020760399,24,True
2025-12-14,0,6424.240490534979,131.14068333333375,4878.733020760399,10514.837591871508,24,True
2025-12-14,1,1379.734565471987,1172.0064665833338,10514.837591871508,10454.36929348148,24,True
2025-12-14,2,4893.036085000001,7633.538933933334,10454.36929348148,6376.391843388886,24,True
2025-12-14,3,7901.20186125515,2422.058568055555,6376.391843388886,10796.297331790123,24,True
2025-12-14,4,83.14137517146747,4764.695582950003,10796.297331790123,5577.018366166663,24,True
2025-12-14,5,3673.7320083333334,3786.9074432098764,5577.018366166663,4675.7022367668005,24,True
2025-12-15,0,6804.775292481334,0.0,4675.7022367668005,10800.0,24,True
2025-12-15,1,740.7935102880633,600.0427433333334,10800.0,10800.0,24,True
2025-12-15,2,5706.215684999999,7331.294281666665,10800.0,7789.711581314814,24,True
2025-12-15,3,6159.178284135802,2279.6748333333335,7789.711581314814,10800.0,24,True
2025-12-15,4,5.245342078190106,4600.423604112214,10800.0,5693.139025523465,24,True
2025-12-15,5,3598.383275,3739.1551583333335,5693.139025523465,4777.067130430872,24,True
2025-12-16,0,6434.087939273484,0.0,4777.067130430872,10567.746275777004,24,True
2025-12-16,1,1290.2236558833742,836.0528094648374,10567.746275777004,10800.0,24,True
2025-12-16,2,5487.634489464834,7069.450611666667,10800.0,7883.925916444276,24,True
2025-12-16,3,5893.211738930228,2149.034833333333,7883.925916444276,10800.0,24,True
2025-12-16,4,52.22728500000039,4523.349311067456,10800.0,5821.060877536157,24,True
2025-12-16,5,3709.095983333334,3572.5843960711973,5821.060877536157,5189.709044679272,24,True
2025-12-17,0,6233.656617023028,0.0,5189.709044679272,10800.0,24,True
2025-12-17,1,990.906770404664,802.6344840277784,10800.0,10800.0,24,True
2025-12-17,2,3547.9420169016444,8536.081083055557,10800.0,4508.613278483083,24,True
2025-12-17,3,9005.399174466667,2210.260733333333,4508.613278483083,10157.627276243826,24,True
2025-12-17,4,308.8287950000001,4585.166179722218,10157.627276243826,5340.944103163586,24,True
2025-12-17,5,3591.2716166666664,3677.651701458333,5340.944103163586,4486.808889876551,24,True
2025-12-18,0,5976.836983333333,49.88844166666661,4486.808889876551,9810.5305730247,24,True
2025-12-18,1,2029.460311865555,753.3403683333332,9810.5305730247,10800.0,24,True
2025-12-18,2,5217.436886666667,7833.368571666666,10800.0,6791.950340592593,24,True
2025-12-18,3,7249.66295489712,2264.9823,6791.950340592593,10800.0,24,True
2025-12-18,4,33.23087853909616,4375.15257995,10800.0,5968.627146296298,24,True
2025-12-18,5,3600.7128196666663,3648.2984416666663,5968.627146296298,5155.603748811112,24,True
2025-12-19,0,5956.594968913578,47.586666666666815,5155.603748811112,10463.665146759255,24,True
2025-12-19,1,426.0264655598956,5010.709326303515,10463.665146759255,5279.634158759257,24,True
2025-12-19,2,5422.428355,2020.936783333333,5279.634158759257,7914.334363444442,24,True
2025-12-19,3,2912.71435,223.5757481147125,7914.334363444442,10287.359780539207,24,True
2025-12-19,4,14.955324999999732,5745.357859138061,10287.359780539207,3917.088618441361,24,True
2025-12-19,5,3465.64337,2452.7673908333336,3917.088618441361,4310.870550515435,24,True
2025-12-20,0,6638.7726652306565,25.235916666666526,4310.870550515435,10257.726041815617,24,True
2025-12-20,1,677.3779284353236,4970.31942,10257.726041815617,5344.789044074074,24,True
2025-12-20,2,5745.79635186111,2476.2596166666667,5344.789044074074,7764.606186674999,24,True
2025-12-20,3,3428.045078694446,156.57562572616632,7764.606186674999,10675.873840026481,24,True
2025-12-20,4,10.070352777777657,5855.7082048293905,10675.873840026481,4178.594707716048,24,True
2025-12-20,5,3544.9764308333333,2287.4821193333337,4178.594707716048,4827.42669620679,24,True
2025-12-21,0,6142.234114968103,159.96471666666696,4827.42669620679,10177.698825604002,24,True
2025-12-21,1,1854.3666814276523,941.9659549999994,10177.698825604002,10800.0,24,True
2025-12-21,2,5629.694778333333,7185.862848333332,10800.0,7882.433246796296,24,True
2025-12-21,3,5995.245343065845,2230.3386499999997,7882.433246796296,10800.0,24,True
2025-12-21,4,68.06481481481529,4744.533000799998,10800.0,5589.554999111109,24,True
2025-12-21,5,3776.665766666666,3681.7182,5589.554999111109,4897.75618911111,24,True
2025-12-22,0,6041.568178765433,78.71936666666636,4897.75618911111,10247.701587037036,24,True
2025-12-22,1,2183.2479968107004,1271.3623057500004,10247.701587037036,10800.0,24,True
2025-12-22,2,5537.193351666668,7007.7640901,10800.0,7997.069471944445,24,True
2025-12-22,3,6173.884212242796,2478.2087366666665,7997.069471944445,10800.0,24,True
2025-12-22,4,43.7913202509765,4665.423547218407,10800.0,5655.608246872091,24,True
2025-12-22,5,3632.750883333333,3899.429237860082,5655.608246872091,4592.384888694221,24,True
2025-12-23,0,6391.552715339754,10.25099166666655,4592.384888694221,10333.39234175926,24,True
2025-12-23,1,1330.234400473251,657.5429719666655,10333.39234175926,10800.0,24,True
2025-12-23,2,5296.903541666667,7390.983396666666,10800.0,7355.009413425927,24,True
2025-12-23,3,6772.044478909462,2384.8644999999997,7355.009413425927,10800.0,24,True
2025-12-23,4,31.72526241357793,4668.978604472696,10800.0,5640.7987312025625,24,True
2025-12-23,5,3651.678380042696,3644.316655702083,5640.7987312025625,4878.068544683119,24,True
2025-12-24,0,6234.902589507441,16.519999999999982,4878.068544683119,10471.125319684259,24,True
2025-12-24,1,1350.5810048775752,797.9834016666666,10471.125319684259,10800.0,24,True
2025-12-24,2,5315.350311666667,6872.941696666666,10800.0,7947.213395314817,24,True
2025-12-24,3,6285.470068991769,2523.7228116666665,7947.213395314817,10800.0,24,True
2025-12-24,4,118.55489506172901,4999.583050266666,10800.0,5351.607127481481,24,True
2025-12-24,5,3707.5206226666664,3645.5432833333334,5351.607127481481,4637.772039733333,24,True
2025-12-25,0,6485.649964185184,111.00540000000035,4637.772039733333,10351.517674166671,24,True
2025-12-25,1,1585.9394402263324,880.9768533333329,10351.517674166671,10800.0,24,True
2025-12-25,2,5131.92932,7099.092967750001,10800.0,7530.855312722222,24,True
2025-12-25,3,6341.571957057617,2194.4430666666667,7530.855312722222,10800.0,24,True
2025-12-25,4,15.594343621400588,5076.466969218106,10800.0,5173.516054572475,24,True
2025-12-25,5,3667.1375392489404,3594.4462074485605,5173.516054572475,4480.110720509232,24,True
2025-12-26,0,6451.481982767519,55.804408333333356,4480.110720509232,10224.439606851849,24,True
2025-12-26,1,643.8164079423898,5586.909516666667,10224.439606851849,4596.197133259259,24,True
2025-12-26,2,5294.24658716787,2115.4717833333334,4596.197133259259,7010.4948580066375,24,True
2025-12-26,3,4452.908552832129,196.30129999999997,7010.4948580066375,10800.0,24,True
2025-12-26,4,0.0,5387.091576975308,10800.0,4814.342692249659,24,True
2025-12-26,5,3521.034833333333,2690.514713786008,4814.342692249659,4993.8132491540955,24,True
2025-12-27,0,6184.595701183512,123.01824166666648,4993.8132491540955,10423.262445034074,24,True
2025-12-27,1,436.2032503736666,6342.259264305553,10423.262445034074,3768.8906322530884,24,True
2025-12-27,2,3791.868640113982,2052.1798166666663,3768.8906322530884,4901.372612059377,24,True
2025-12-27,3,6661.503743411393,87.05338301666745,4901.372612059377,10800.0,24,True
2025-12-27,4,2.501543209877531,5535.5220554320995,10800.0,4651.671327297669,24,True
2025-12-27,5,3856.649621265429,2841.7166666666667,4651.671327297669,4965.193023473592,24,True
2025-12-28,0,6172.037354282851,80.39314999999988,4965.193023473592,10430.700920105937,24,True
2025-12-28,1,1386.3689437737546,976.4175007277809,10430.700920105937,10593.524635360334,24,True
2025-12-28,2,2848.09562673155,8025.68945697569,10593.524635360334,4239.377969445743,24,True
2025-12-28,3,9429.105980451233,1733.0160166666665,4239.377969445743,10800.0,24,True
2025-12-28,4,18.30246913580292,4572.021364999998,10800.0,5736.448483333333,24,True
2025-12-28,5,3740.7139416666664,3741.4743083333333,5736.448483333333,4945.897354907405,24,True
2025-12-29,0,6504.558494547328,0.0,4945.897354907405,10800.0,24,True
2025-12-29,1,689.2884244855985,558.3236238333329,10800.0,10800.0,24,True
2025-12-29,2,5512.186133333333,6606.345351666669,10800.0,8420.583795925924,24,True
2025-12-29,3,5866.190909876542,2610.140053333331,8420.583795925924,10800.0,24,True
2025-12-29,4,60.032117777777785,5485.404947499999,10800.0,4759.134519888888,24,True
2025-12-29,5,3592.440617291666,3203.221067899999,4759.134519888888,4433.196555562499,24,True
2025-12-30,0,6181.740069763755,14.328875000000039,4433.196555562499,9980.841646127657,24,True
2025-12-30,1,2023.4048643849083,901.7154216666667,9980.841646127657,10800.0,24,True
2025-12-30,2,5155.935683333333,7840.866648766667,10800.0,6728.268060814813,24,True
2025-12-30,3,6931.045752901236,2001.353881805555,6728.268060814813,10742.48270308642,24,True
2025-12-30,4,94.18630173611064,5219.850726119264,10742.48270308642,5027.416234516404,24,True
2025-12-30,5,3535.4244441100827,3470.2429922105985,5027.416234516404,4353.472687314815,24,True
2025-12-31,0,6182.767991666667,123.90554166666675,4353.472687314815,9780.291055740741,24,True
2025-12-31,1,2436.823402024853,1056.0889058067971,9780.291055740741,10800.0,24,True
2025-12-31,2,4660.031284999999,7815.4673506931995,10800.0,6310.175544618666,24,True
2025-12-31,3,7928.839090341401,2398.2611500000003,6310.175544618666,10781.396114814816,24,True
2025-12-31,4,109.39309670782002,4844.247861500002,10781.396114814816,5497.352277962962,24,True
2025-12-31,5,3483.270933333333,3761.886258333333,5497.352277962962,4452.422497592592,24,True
