natural_day,block_index,charge_kwh,discharge_kwh,initial_soc_kwh,end_soc_kwh,interval_count,complete_block
2025-02-01,0,7260.835683333334,1.5249333333333652,3668.3243752037038,10201.382119833332,24,True
2025-02-01,1,665.1309779629642,6329.008316666666,10201.382119833332,3767.768537037039,24,True
2025-02-01,2,4904.42549,977.6502,3767.768537037039,7095.473478037038,24,True
2025-02-01,3,4116.140579958847,165.63499711933957,7095.473478037038,10615.961114311845,24,True
2025-02-01,4,127.01695999999976,5411.538570102881,10615.961114311845,4717.455744864199,24,True
2025-02-01,5,2743.0213458367584,2658.969425377779,4717.455744864199,4231.764483475305,24,True
2025-02-02,0,6853.045352002743,14.06916666666666,4231.764483475305,10383.872892870364,24,True
2025-02-02,1,1419.1237712963002,774.9758583333328,10383.872892870364,10800.0,24,True
2025-02-02,2,5118.449728333333,7104.348051666666,10800.0,7512.884698092592,24,True
2025-02-02,3,5328.459288127575,1357.6482516666665,7512.884698092592,10800.0,24,True
2025-02-02,4,35.36134979423865,4647.593649396707,10800.0,5667.832271040695,24,True
2025-02-02,5,3782.6045333333327,3543.492981499999,5667.832271040695,5134.961927151806,24,True
2025-02-03,0,6033.61748781486,0.0,5134.961927151806,10565.217666185183,24,True
2025-02-03,1,1317.70959106996,856.0406683333326,10565.217666185183,10800.0,24,True
2025-02-03,2,4937.3462500000005,7267.815866666666,10800.0,7168.260662037039,24,True
2025-02-03,3,6177.418311728389,1735.1434283333333,7168.260662037039,10800.0,24,True
2025-02-03,4,132.0713716666662,4607.578951474113,10800.0,5799.33206619543,24,True
2025-02-03,5,3664.454261625514,3596.248590192553,5799.33206619543,5101.509134777778,24,True
2025-02-04,0,5868.460360246911,0.0,5101.509134777778,10383.123459,24,True
2025-02-04,1,1243.2875270576137,665.2098233499977,10383.123459,10762.960207407408,24,True
2025-02-04,2,5061.290343333334,7703.1554099999985,10762.960207407408,6759.059949740743,24,True
2025-02-04,3,6787.379602530873,2264.640339999999,6759.059949740743,10351.434547574087,24,True
2025-02-04,4,135.95789333333357,4460.597571666666,10351.434547574087,5517.577127500014,24,True
2025-02-04,5,3606.0909666666666,3606.970958333333,5517.577127500014,4755.313488240755,24,True
2025-02-05,0,6052.06806639916,0.0,4755.313488240755,10202.174748,24,True
2025-02-05,1,1638.362046975306,789.030531250001,10202.174748,10800.0,24,True
2025-02-05,2,4999.426703333333,7869.193863333334,10800.0,6555.93529596296,24,True
2025-02-05,3,6644.250535349798,1562.1846999999993,6555.93529596296,10800.0,24,True
2025-02-05,4,25.768031872428498,4771.55045,10800.0,5521.468506462963,24,True
2025-02-05,5,3606.0227418428194,3550.961933333333,5521.468506462963,4821.375714862241,24,True
2025-02-06,0,6109.598289041953,0.0,4821.375714862241,10320.014175000002,24,True
2025-02-06,1,1492.9445427571961,777.2978371333331,10320.014175000002,10800.0,24,True
2025-02-06,2,5075.846458333333,7053.116476383329,10800.0,7531.465727629634,24,True
2025-02-06,3,5910.953016625507,1846.1910983333335,7531.465727629634,10800.0,24,True
2025-02-06,4,8.247096707819436,4636.3518089166655,10800.0,5655.920377129631,24,True
2025-02-06,5,3439.2877755049985,3658.5401854999996,5655.920377129631,4686.234724528576,24,True
2025-02-07,0,6576.84684496825,13.666758333333348,4686.234724528576,10590.211597962967,24,True
2025-02-07,1,263.1905084362099,6051.7975,10590.211597962967,4102.863611111113,24,True
2025-02-07,2,4257.584283333333,1376.3880333333332,4102.863611111113,6405.369429074077,24,True
2025-02-07,3,4882.92285658436,0.0,6405.369429074077,10800.0,24,True
2025-02-07,4,60.173528209877865,5592.379225699999,10800.0,4640.401480166665,24,True
2025-02-07,5,2388.3082326131703,2826.397975,4640.401480166665,3649.436695074075,24,True
2025-02-08,0,6631.649658333334,42.58916666666664,3649.436695074075,9570.600091277778,24,True
2025-02-08,1,1126.2975683333339,6024.893646666666,9570.600091277778,3889.941628703706,24,True
2025-02-08,2,5571.866933333333,617.2230666666668,3889.941628703706,8218.818461296298,24,True
2025-02-08,3,2867.979487448559,37.706551666666996,8218.818461296298,10758.103831481481,24,True
2025-02-08,4,38.621825000000115,5814.405055773663,10758.103831481481,4332.413412010742,24,True
2025-02-08,5,3969.5923689300407,2837.2839916666667,4332.413412010742,4752.508775529261,24,True
2025-02-09,0,6003.397532189714,0.0,4752.508775529261,10155.566554500003,24,True
2025-02-09,1,1748.6835616666622,1365.3725667833346,10155.566554500003,10212.30113024074,24,True
2025-02-09,2,4467.963275,7773.835156666665,10212.30113024074,5595.873459222223,24,True
2025-02-09,3,6880.597706666667,2215.3629666666657,5595.873459222223,9326.896987814813,24,True
2025-02-09,4,305.2774933333329,4534.9779996499965,9326.896987814813,4562.782287759264,24,True
2025-02-09,5,3841.7995333333324,3072.726036066671,4562.782287759264,4606.261827685185,24,True
2025-02-10,0,6307.096090576125,0.0,4606.261827685185,10282.648309203696,24,True
2025-02-10,1,1603.8222366872508,833.4794899999998,10282.648309203696,10800.0,24,True
2025-02-10,2,5086.954831666667,5727.473206666669,10800.0,9014.400229981477,24,True
2025-02-10,3,3661.030382325109,1358.3948166666664,9014.400229981477,10800.0,24,True
2025-02-10,4,16.303497942386052,4390.923594999999,10800.0,5935.869153703704,24,True
2025-02-10,5,3795.8780739500066,3582.424533333333,5935.869153703704,5371.687716555007,24,True
2025-02-11,0,5357.826126049991,0.9705500000000029,5371.687716555007,10192.65284111111,24,True
2025-02-11,1,1684.153383209878,1145.1143726666692,10192.65284111111,10436.041583037033,24,True
2025-02-11,2,5069.73277,6722.4583999999995,10436.041583037033,7529.402853814811,24,True
2025-02-11,3,5081.507158312761,1172.4833666666668,7529.402853814811,10800.0,24,True
2025-02-11,4,7.399790123456316,4818.971259166668,10800.0,5452.247300925924,24,True
2025-02-11,5,3941.8527851851845,3678.6068666666665,5452.247300925924,4912.573844629628,24,True
2025-02-12,0,6250.38057045267,0.0,4912.573844629628,10537.91635803703,24,True
2025-02-12,1,1344.4422760905456,1575.6445762666667,10537.91635803703,9997.19821066667,24,True
2025-02-12,2,5014.63027,6217.466533333333,9997.19821066667,7602.069305518522,24,True
2025-02-12,3,5407.314848868309,1820.191729999999,7602.069305518522,10446.217413944443,24,True
2025-02-12,4,47.485925041154246,4604.501223333332,10446.217413944443,5372.842276111113,24,True
2025-02-12,5,3607.938291666666,3665.0996129166665,5372.842276111113,4547.653835370373,24,True
2025-02-13,0,6027.183940102877,0.0,4547.653835370373,9972.119381462966,24,True
2025-02-13,1,1828.8067187037032,1616.9330533333327,9972.119381462966,9821.453146814814,24,True
2025-02-13,2,5155.68943,5044.668966666666,9821.453146814814,8856.385893074075,24,True
2025-02-13,3,3118.3984521399143,776.6500499999999,8856.385893074075,10800.0,24,True
2025-02-13,4,2.877606677983648,4480.677003075833,10800.0,5824.059842592592,24,True
2025-02-13,5,3698.8298600833327,3642.7593166666666,5824.059842592592,5105.496364815741,24,True
2025-02-14,0,3353.368707241769,0.0,5105.496364815741,8123.528201333333,24,True
2025-02-14,1,1121.7489149999997,5990.264316666666,8123.528201333333,2477.252984092597,24,True
2025-02-14,2,4695.020283333333,428.8094333333333,2477.252984092597,6226.316313166671,24,True
2025-02-14,3,5081.870763148147,0.0,6226.316313166671,10800.0,24,True
2025-02-14,4,55.158728333333556,5762.122150361624,10800.0,4447.284910653749,24,True
2025-02-14,5,3591.1345081275713,2758.313008333333,4447.284910653749,4614.513736487082,24,True
2025-02-15,0,3708.624810467026,9.184583333333364,4614.513736487082,7942.070973314813,24,True
2025-02-15,1,955.1603549999999,5886.620443333332,7942.070973314813,2261.025911333335,24,True
2025-02-15,2,5454.897849999999,313.695,2261.025911333335,6821.883976333336,24,True
2025-02-15,3,4420.128915185181,127.13220666666655,6821.883976333336,10658.741992592593,24,True
2025-02-15,4,23.71725833333312,5914.85871166667,10658.741992592593,4108.022289907404,24,True
2025-02-15,5,3335.1338982499997,2626.085860499164,4108.022289907404,4191.76962,24,True
2025-02-16,0,6613.27905,138.38891666666643,4191.76962,9989.955302037037,24,True
2025-02-16,1,1839.0783316666664,2734.0232247166696,9989.955302037037,8607.322217518516,24,True
2025-02-16,2,4343.437309999999,6666.589995766665,8607.322217518516,5109.093578999999,24,True
2025-02-16,3,6029.2382238767605,839.7236500000001,5109.093578999999,9602.381702711305,24,True
2025-02-16,4,103.46516698333312,5136.50296511934,9602.381702711305,3988.274836197042,24,True
2025-02-16,5,3545.6884126666673,2623.9772761706713,3988.274836197042,4263.8641007407405,24,True
2025-02-17,0,6165.20485473251,39.68300000000022,4263.8641007407405,9768.456247777776,24,True
2025-02-17,1,2294.6937244413634,2372.593278333333,9768.456247777776,9197.465846071296,24,True
2025-02-17,2,5086.295841666667,4814.128416666666,9197.465846071296,8426.100529497226,24,True
2025-02-17,3,3460.809473398146,666.7461499999997,8426.100529497226,10800.0,24,True
2025-02-17,4,58.63032304526578,4863.739537125513,10800.0,5448.612249490172,24,True
2025-02-17,5,3405.069049999999,3718.775648666666,5448.612249490172,4381.2014515272085,24,True
2025-02-18,0,6227.736101595282,47.282300000000305,4381.2014515272085,9933.628054074072,24,True
2025-02-18,1,2234.8386649999998,2831.3307973500023,9933.628054074072,8799.059744407401,24,True
2025-02-18,2,5015.968826666667,5057.641716666667,8799.059744407401,7693.829780999993,24,True
2025-02-18,3,4718.34570514277,1073.7774499999994,7693.829780999993,10747.25486007293,24,True
2025-02-18,4,44.36700576131295,4929.95525186131,10747.25486007293,5309.457107634433,24,True
2025-02-18,5,3618.2004666666658,3696.5371416666667,5309.457107634433,4458.574036893692,24,True
2025-02-19,0,6049.17695178253,306.8771416666664,4458.574036893692,9561.858691646114,24,True
2025-02-19,1,1960.0822066666656,4227.470488600001,9561.858691646114,6628.743245868334,24,True
2025-02-19,2,5031.310866666667,4885.868921281502,6628.743245868334,5728.17978,24,True
2025-02-19,3,5547.703090493828,1186.3046399999996,5728.17978,9402.996294777777,24,True
2025-02-19,4,249.9741788500005,4975.905631995887,9402.996294777777,4099.189020191793,24,True
2025-02-19,5,3213.8801083333333,2658.1844515059474,4099.189020191793,4038.14283824074,24,True
2025-02-20,0,6612.769562448568,29.871749999999793,4038.14283824074,9956.44461111112,24,True
2025-02-20,1,1697.8883272839412,3803.1243055000036,9956.44461111112,7258.850432888887,24,True
2025-02-20,2,4968.5771349999995,5452.965389599998,7258.850432888887,5671.7194215,24,True
2025-02-20,3,6115.590683930042,338.17593333333343,5671.7194215,10800.0,24,True
2025-02-20,4,5.352518518518839,4944.52738,10800.0,5310.897955555551,24,True
2025-02-20,5,3498.2705833333334,3704.5540516666624,5310.897955555551,4343.170312037037,24,True
2025-02-21,0,2672.627935473253,31.536808333333283,4343.170312037037,6713.494555814816,24,True
2025-02-21,1,1053.02090567901,5695.356825,6713.494555814816,1333.0391209259246,24,True
2025-02-21,2,6659.33245,119.73520883333218,1333.0391209259246,7193.399205,24,True
2025-02-21,3,4007.334216666669,16.64004666666642,7193.399205,10781.51105925926,24,True
2025-02-21,4,43.72788861382821,5671.8796825438685,10781.51105925926,4518.7776228518505,24,True
2025-02-21,5,3433.5948939300406,2706.0477333333333,4518.7776228518505,4602.293323685183,24,True
2025-02-22,0,2108.3851807818955,225.03704166666665,4602.293323685183,6249.798828981481,24,True
2025-02-22,1,1095.1667266666664,5326.779858333333,6249.798828981481,1316.8045959444437,24,True
2025-02-22,2,5979.389066666667,105.12413634999932,1316.8045959444437,6581.4501599999985,24,True
2025-02-22,3,4687.277600000002,64.27130000000011,6581.4501599999985,10728.587444444445,24,True
2025-02-22,4,45.16734166666669,6001.149387383333,10728.587444444445,4101.294288185185,24,True
2025-02-22,5,3505.2829153080256,2685.3275549166688,4101.294288185185,4272.3516287216635,24,True
2025-02-23,0,6131.0848,118.04279166666686,4272.3516287216635,9659.16929131425,24,True
2025-02-23,1,1897.0425599999999,3664.122454499998,9659.16929131425,7295.2604236475845,24,True
2025-02-23,2,5044.5296,5485.734381282826,7295.2604236475845,5740.076639999999,24,True
2025-02-23,3,6383.774400493827,628.1091833333327,5740.076639999999,10787.574507851852,24,True
2025-02-23,4,42.27328551440162,4844.0208729166725,10787.574507851852,5443.375050462958,24,True
2025-02-23,5,3429.446616666666,3746.2308666666668,5443.375050462958,4367.398264722217,24,True
2025-02-24,0,6668.850894753092,14.722866666666619,4367.398264722217,10353.005329259257,24,True
2025-02-24,1,1525.2684108230471,3024.1935925833354,10353.005329259257,8365.531796129631,24,True
2025-02-24,2,5236.126998333333,4276.91865,8365.531796129631,8325.914261296299,24,True
2025-02-24,3,3436.1690718106966,620.7780099999998,8325.914261296299,10728.713081481481,24,True
2025-02-24,4,94.238881666667,4972.382553961112,10728.713081481481,5288.658570580244,24,True
2025-02-24,5,3519.6196333333337,3692.122846855553,5288.658570580244,4353.957521851852,24,True
2025-02-25,0,6082.914980534978,134.79574166666634,4353.957521851852,9678.807958037038,24,True
2025-02-25,1,2134.653663339917,3498.5201800000004,9678.807958037038,7712.7516105985205,24,True
2025-02-25,2,5528.670633333333,3740.12065,7712.7516105985205,8532.86556948741,24,True
2025-02-25,3,2987.1327417218095,381.2292633333335,8532.86556948741,10797.696966666666,24,True
2025-02-25,4,100.23691523333252,4994.966617555665,10797.696966666666,5337.947281981486,24,True
2025-02-25,5,3284.037799999999,3710.099441666667,5337.947281981486,4171.248589018523,24,True
2025-02-26,0,6237.704177201645,56.91614999999979,4171.248589018523,9721.942181833338,24,True
2025-02-26,1,1660.5600729835292,4197.845855,9721.942181833338,6552.17307529629,24,True
2025-02-26,2,5115.301078333333,4013.8306000000002,6552.17307529629,6696.132268018513,24,True
2025-02-26,3,5288.013882263378,844.4204483333338,6696.132268018513,10517.099819462957,24,True
2025-02-26,4,125.9268833333332,4912.447969405346,10517.099819462957,5172.158492901459,24,True
2025-02-26,5,3598.985175,3595.1577112779796,5172.158492901459,4416.6254712037035,24,True
2025-02-27,0,6224.5707303292165,69.76345833333312,4416.6254712037035,9941.224174796298,24,True
2025-02-27,1,1616.538063374484,4733.86042,9941.224174796298,6136.263520722222,24,True
2025-02-27,2,5381.928800000001,4442.637168650001,6136.263520722222,6043.73592,24,True
2025-02-27,3,5980.814389300412,563.821983333333,6043.73592,10800.0,24,True
2025-02-27,4,0.0,4940.918351166662,10800.0,5310.090720925931,24,True
2025-02-27,5,3579.7966375683322,3726.004496333338,5310.090720925931,4391.902698811499,24,True
2025-02-28,0,2535.8617689337248,46.98431666666653,4391.902698811499,6621.973494555558,24,True
2025-02-28,1,874.2355126337457,5365.9483,6621.973494555558,1446.62067814815,24,True
2025-02-28,2,8034.3479,109.26630000000011,1446.62067814815,8556.12678814815,24,True
2025-02-28,3,2493.1924576131646,2.1898166666667294,8556.12678814815,10797.56687037037,24,True
2025-02-28,4,18.186216502058507,5653.0024437654365,10797.56687037037,4532.820638816186,24,True
2025-02-28,5,3483.3884333333335,2922.4704,4532.820638816186,4420.680895482853,24,True
2025-03-01,0,2442.5780868091756,42.854566666666585,4420.680895482853,6571.384988425927,24,True
2025-03-01,1,1471.8316966666666,4574.361183333333,6571.384988425927,2813.4099783888905,24,True
2025-03-01,2,5820.095166666666,149.64098333333334,2813.4099783888905,7885.2278691296315,24,True
2025-03-01,3,3238.6357009670774,52.7670333333333,7885.2278691296315,10741.369962962963,24,True
2025-03-01,4,73.24392166666644,6059.3944346499975,10741.369962962963,4074.629009518517,24,True
2025-03-01,5,3516.3467833333334,2600.9456835666656,4074.629009518517,4349.4014661111105,24,True
2025-03-02,0,6569.216490843619,0.0,4349.4014661111105,10261.696307870365,24,True
2025-03-02,1,1630.548900144042,3655.929903066668,10261.696307870365,7667.045981259257,24,True
2025-03-02,2,4398.757983333333,4707.845616666666,7667.045981259257,6394.988592185184,24,True
2025-03-02,3,3659.976006976134,2714.039400637864,6394.988592185184,6673.367664421636,24,True
2025-03-02,4,106.70868833333395,5012.464935529473,6673.367664421636,1200.0,24,True
2025-03-02,5,3567.698791666666,27.489035416666436,1200.0,4380.385539814814,24,True
2025-03-03,0,5989.344112301482,53.49463333333324,4380.385539814814,9711.356759404667,24,True
2025-03-03,1,2135.0800133981074,2560.6208715120356,9711.356759404667,8787.794469782924,24,True
2025-03-03,2,4841.370481666667,5904.006433333333,8787.794469782924,6585.020755134778,24,True
2025-03-03,3,6069.689167072469,1589.747148333333,6585.020755134778,10281.355285129632,24,True
2025-03-03,4,127.46020833333262,5074.310340216666,10281.355285129632,4757.946872388891,24,True
2025-03-03,5,3537.2670475308637,3203.929564900002,4757.946872388891,4381.565476388889,24,True
2025-03-04,0,5553.063221886505,101.5873262280769,4381.565476388889,9266.44756916666,24,True
2025-03-04,1,2207.0190377983595,2297.7038281833284,9266.44756916666,8699.760449648153,24,True
2025-03-04,2,5061.9191664814725,5043.582216666667,8699.760449648153,7651.507458740736,24,True
2025-03-04,3,4434.233317448566,770.5754816666663,7651.507458740736,10786.122464814815,24,True
2025-03-04,4,100.8276526055428,4733.172292896701,10786.122464814815,5617.787026719027,24,True
2025-03-04,5,3060.841037020007,3709.275341666667,5617.787026719027,4251.126913740737,24,True
2025-03-05,0,6151.326363065844,17.268333333333317,4251.126913740737,9768.133603462958,24,True
2025-03-05,1,2265.6109350411543,1943.4309023500025,9768.133603462958,9647.815775722218,24,True
2025-03-05,2,5328.040766666668,3788.2951999999996,9647.815775722218,10233.835576833331,24,True
2025-03-05,3,1724.5903405555591,887.3701950000001,10233.835576833331,10800.0,24,True
2025-03-05,4,5.356919753087115,4819.821956666665,10800.0,5449.463498148149,24,True
2025-03-05,5,3282.785941666667,3705.1088,5449.463498148149,4287.183290092593,24,True
2025-03-06,0,6480.87810600823,14.143008333333228,4287.183290092593,10104.259131796296,24,True
2025-03-06,1,2140.841785781893,2529.8026677999974,10104.259131796296,9220.124885888894,24,True
2025-03-06,2,5280.444533333333,3681.629883333333,9220.124885888894,9881.825095518523,24,True
2025-03-06,3,2114.2134329629553,886.1554666666664,9881.825095518523,10800.0,24,True
2025-03-06,4,115.98728000000074,4794.940818044006,10800.0,5576.676531951105,24,True
2025-03-06,5,3414.0509333333325,3678.2247548833275,5576.676531951105,4562.4059776362965,24,True
2025-03-07,0,2096.1374249514392,30.718599999999867,4562.4059776362965,6414.797882314815,24,True
2025-03-07,1,1339.1442466666663,4149.556736666666,6414.797882314815,3009.4091080185185,24,True
2025-03-07,2,8656.212102201645,0.0,3009.4091080185185,10800.0,24,True
2025-03-07,3,0.0,60.9526166666667,10800.0,10732.274870370371,24,True
2025-03-07,4,67.37288000000001,5729.715130000002,10732.274870370371,4426.560317925921,24,True
2025-03-07,5,3361.306883333333,2788.3551929166665,4426.560317925921,4353.564076351846,24,True
2025-03-08,0,1391.0565749382793,17.91979999999984,4353.564076351846,5585.604104907409,24,True
2025-03-08,1,1085.0681466666665,4185.7162616666665,5585.604104907409,1911.3695906111136,24,True
2025-03-08,2,9115.993016666667,9.574583333333294,1911.3695906111136,10105.124879685187,24,True
2025-03-08,3,772.0834670164595,0.0,10105.124879685187,10800.0,24,True
2025-03-08,4,138.96842333333308,5782.723747116667,10800.0,4499.8229730925905,24,True
2025-03-08,5,3440.7178666666664,2817.4254666666666,4499.8229730925905,4465.99631235185,24,True
2025-03-09,0,6419.224700164614,35.609600000000114,4465.99631235185,10203.73232027778,24,True
2025-03-09,1,1696.741942962955,3974.6128744166676,10203.73232027778,7314.563541814812,24,True
2025-03-09,2,5150.180746666666,3801.2891666666674,7314.563541814812,7726.071584185181,24,True
2025-03-09,3,4037.865729506177,504.13566666666634,7726.071584185181,10800.0,24,True
2025-03-09,4,42.31841563785969,4771.250807491152,10800.0,5536.696787972793,24,True
2025-03-09,5,3484.528208333334,3676.5289490740743,5536.696787972793,4587.740009834932,24,True
2025-03-10,0,5057.074300183449,63.13756666670952,4587.740009834932,9068.954028148133,24,True
2025-03-10,1,1850.1751883333332,3596.6599281833296,9068.954028148133,6737.8228885555445,24,True
2025-03-10,2,5044.18005965967,4487.95095,6737.8228885555445,6290.97277558258,24,True
2025-03-10,3,5359.522970648978,547.7216183333331,6290.97277558258,10505.963873240731,24,True
2025-03-10,4,159.99512986666025,4959.120606600001,10505.963873240731,5139.8254827873925,24,True
2025-03-10,5,3388.6345666666666,3583.790509508653,5139.8254827873925,4207.607137777778,24,True
2025-03-11,0,6014.682608024693,58.42662499999983,4207.607137777778,9555.903012777777,24,True
2025-03-11,1,1825.755055,3893.0724133333347,9555.903012777777,6873.446547462961,24,True
2025-03-11,2,5417.154351604943,3044.929716666667,6873.446547462961,8365.630223166667,24,True
2025-03-11,3,3497.4855284979403,657.3335500000001,8365.630223166667,10782.996587703703,24,True
2025-03-11,4,93.0161733333332,4733.0992612166665,10782.996587703703,5607.711964574071,24,True
2025-03-11,5,3702.3174750000003,3565.3378499999994,5607.711964574071,4978.311192074072,24,True
2025-03-12,0,5055.7189132510275,96.6750666666668,4978.311192074072,9421.041473259258,24,True
2025-03-12,1,2215.7977166666665,3866.491857,9421.041473259258,7119.157354925925,24,True
2025-03-12,2,5882.889383333333,2948.42215,7119.157354925925,9137.733188814815,24,True
2025-03-12,3,2342.7031441152276,401.54941666666673,9137.733188814815,10800.0,24,True
2025-03-12,4,51.45000666666624,5191.427244783333,10800.0,5078.052511796295,24,True
2025-03-12,5,3345.903433333333,3560.182843949999,5078.052511796295,4133.606886296296,24,True
2025-03-13,0,6424.121328724277,2.9554666666665526,4133.606886296296,9912.032230296296,24,True
2025-03-13,1,1300.8130881687255,4524.414953016665,9912.032230296296,6055.636284074074,24,True
2025-03-13,2,3421.8708783333323,4302.101316666666,6055.636284074074,4355.2075005,24,True
2025-03-13,3,4479.098610841459,491.45698333333314,4355.2075005,7840.3329354425,24,True
2025-03-13,4,254.04822166666713,5270.519340354835,7840.3329354425,2212.843734548239,24,True
2025-03-13,5,3413.014616358024,1023.4153811767482,2212.843734548239,4147.428687962963,24,True
2025-03-14,0,1173.62756802469,355.64906666666656,4147.428687962963,4808.527869555554,24,True
2025-03-14,1,1097.4042700000005,3768.3350333333333,4808.527869555554,1609.1527866296285,24,True
2025-03-14,2,10212.052459300414,0.0,1609.1527866296285,10800.0,24,True
2025-03-14,3,0.0,28.89716666666675,10800.0,10767.892037037036,24,True
2025-03-14,4,15.465593292182689,5717.0300049588495,10767.892037037036,4429.555509934609,24,True
2025-03-14,5,3538.8459999999995,2838.9853,4429.555509934609,4460.088798823497,24,True
2025-03-15,0,364.0503365541385,325.3974166666664,4460.088798823497,4426.181416537039,24,True
2025-03-15,1,965.6593947228604,3685.747384608853,4426.181416537039,1200.0,24,True
2025-03-15,2,7384.7595,0.0,1200.0,7846.283549999999,24,True
2025-03-15,3,3281.9071666666687,0.0,7846.283549999999,10800.0,24,True
2025-03-15,4,4.5771193415647655,5631.340966149999,10800.0,4547.073889462964,24,True
2025-03-15,5,3325.6279999999997,3004.622923666667,4547.073889462964,4201.669174277779,24,True
2025-03-16,0,5640.483415246908,245.84915,4201.669174277779,9004.938525777778,24,True
2025-03-16,1,1055.895199547333,4801.266448333334,9004.938525777778,4620.50370722223,24,True
2025-03-16,2,5474.62535,2856.6065,4620.50370722223,6373.6593000000075,24,True
2025-03-16,3,5615.6567860082205,564.9753666666662,6373.6593000000075,10800.0,24,True
2025-03-16,4,154.0027347736637,4805.254723466669,10800.0,5599.430546333331,24,True
2025-03-16,5,3401.9132315843617,3579.2058499999994,5599.430546333331,4684.257065870368,24,True
2025-03-17,0,5134.809483477374,74.8010166666669,4684.257065870368,9222.473360259264,24,True
2025-03-17,1,1796.7509166666673,3957.798638816671,9222.473360259264,6441.995142129631,24,True
2025-03-17,2,5043.824613333333,2118.650066666666,6441.995142129631,8627.3816645,24,True
2025-03-17,3,2462.145455082304,38.98131666666666,8627.3816645,10800.0,24,True
2025-03-17,4,71.79697848497926,4427.952934908436,10800.0,5944.669575182669,24,True
2025-03-17,5,3912.5361,3729.40455,5944.669575182669,5322.169231849335,24,True
2025-03-18,0,4790.85027961185,31.8811750000001,5322.169231849335,9598.510955722222,24,True
2025-03-18,1,1046.563601666667,4871.195419783337,9598.510955722222,5127.978841907407,24,True
2025-03-18,2,5517.910633333334,3535.180957716666,5127.978841907407,6166.119570000001,24,True
2025-03-18,3,5483.0523502057595,270.7800166666668,6166.119570000001,10800.0,24,True
2025-03-18,4,5.821298333333516,4991.320285000004,10800.0,5259.327740722219,24,True
2025-03-18,5,3506.061816666667,3587.9308249999995,5259.327740722219,4428.1935701666625,24,True
2025-03-19,0,5939.288047942393,14.309391666666784,4428.1935701666625,9757.653489240742,24,True
2025-03-19,1,1249.3298950000008,5077.138523333332,9757.653489240742,5240.785368814813,24,True
2025-03-19,2,5240.214552426716,3558.203733333333,5240.785368814813,6003.418762295154,24,True
2025-03-19,3,5720.906683869582,317.01130000000046,6003.418762295154,10800.0,24,True
2025-03-19,4,33.36614197530831,4634.312559135801,10800.0,5680.793350960224,24,True
2025-03-19,5,3550.1512000000002,3711.8413833333334,5680.793350960224,4751.661227256521,24,True
2025-03-20,0,5588.443124015386,126.52622500000007,4751.661227256521,9640.675344425921,24,True
2025-03-20,1,1125.0986266666669,4734.311035000001,9640.675344425921,5392.9185139814745,24,True
2025-03-20,2,2926.957482538225,3265.5568,5392.9185139814745,4398.783803821433,24,True
2025-03-20,3,5401.486943395063,315.60094166666613,4398.783803821433,8909.454339914022,24,True
2025-03-20,4,109.95512567900994,5156.0617275623445,8909.454339914022,3279.456477955857,24,True
2025-03-20,5,3596.9779333333327,1957.8507797436048,3279.456477955857,4341.346862685184,24,True
2025-03-21,0,164.24491691666805,738.8955833333337,4341.346862685184,3668.172195317591,24,True
2025-03-21,1,901.4944516666665,2890.0960801358315,3668.172195317591,1268.299335,24,True
2025-03-21,2,10590.778516666665,0.0,1268.299335,10800.0,24,True
2025-03-21,3,0.0,0.0,10800.0,10800.0,24,True
2025-03-21,4,33.99959117004827,5547.0876637833335,10800.0,4667.168894516004,24,True
2025-03-21,5,3426.3658166666664,2927.01855,4667.168894516004,4498.65529618267,24,True
2025-03-22,0,232.15407499999986,186.25613274615108,4498.65529618267,4500.642705075836,24,True
2025-03-22,1,828.6724716666668,3555.1150502900214,4500.642705075836,1296.3200959202563,24,True
2025-03-22,2,10012.848316666667,0.0,1296.3200959202563,10307.883580920256,24,True
2025-03-22,3,546.796021199716,0.0,10307.883580920256,10800.0,24,True
2025-03-22,4,90.0954152166621,5538.502438086418,10800.0,4727.194275821197,24,True
2025-03-22,5,3461.269521203091,2717.22665,4727.194275821197,4823.1961226817575,24,True
2025-03-23,0,4737.875583822732,100.70558333333304,4823.1961226817575,8975.389055529624,24,True
2025-03-23,1,1053.357165368358,4599.618778191698,8975.389055529624,4812.722973037035,24,True
2025-03-23,2,4941.112045730415,3085.5638999999996,4812.722973037035,5831.319480861078,24,True
2025-03-23,3,5525.556831965057,3.8885666666667476,5831.319480861078,10800.0,24,True
2025-03-23,4,24.126878641975825,4986.803375685807,10800.0,5280.82155112688,24,True
2025-03-23,5,3524.495558333333,3659.6507249999995,5280.82155112688,4386.588970293547,24,True
2025-03-24,0,5370.5058168960595,31.038091666666446,4386.588970293547,9185.557436981484,24,True
2025-03-24,1,1690.802007571395,4342.293962199497,9185.557436981484,5882.508174685187,24,True
2025-03-24,2,5790.646896090539,2962.430333333333,5882.508174685187,7802.501121907415,24,True
2025-03-24,3,3448.966377324473,508.9807766666672,7802.501121907415,10341.036665203143,24,True
2025-03-24,4,187.85948895000195,4817.041185616668,10341.036665203143,5157.8422212396235,24,True
2025-03-24,5,3551.8486439166654,3624.015,5157.8422212396235,4327.822667431289,24,True
2025-03-25,0,5962.627407353784,143.37259999999958,4327.822667431289,9534.88444516081,24,True
2025-03-25,1,1010.6009283333335,5426.280631228051,9534.88444516081,4415.224579296311,24,True
2025-03-25,2,4283.7678632716,2893.7021213666803,4415.224579296311,5055.391076944439,24,True
2025-03-25,3,6462.814188393427,212.99312666666708,5055.391076944439,10635.264816868892,24,True
2025-03-25,4,140.62172333333308,5133.358533636119,10635.264816868892,5058.09266382876,24,True
2025-03-25,5,3189.2590499999997,3519.637418445883,5058.09266382876,4017.717566111112,24,True
2025-03-26,0,6698.243770987652,71.25479999999993,4017.717566111112,9966.96496,24,True
2025-03-26,1,863.2350766666705,5762.260063746176,9966.96496,4341.365347059806,24,True
2025-03-26,2,5349.995073698975,2750.8510833333326,4341.365347059806,6099.859709685181,24,True
2025-03-26,3,5222.378100349795,0.0,6099.859709685181,10800.0,24,True
2025-03-26,4,51.0062027777762,4807.051547066666,10800.0,5504.737196870372,24,True
2025-03-26,5,3550.261941666667,3743.1330581666657,5504.737196870372,4540.936213074077,24,True
2025-03-27,0,5974.77600713991,120.51930833333358,4540.936213074077,9784.3242769074,24,True
2025-03-27,1,1100.9789416666672,4833.026414833334,9784.3242769074,5405.1759745925865,24,True
2025-03-27,2,4690.571137654324,2855.810016666667,5405.1759745925865,6453.567757740737,24,True
2025-03-27,3,4892.743355596713,101.70708166666691,6453.567757740737,10744.02890925926,24,True
2025-03-27,4,115.07889166666655,4919.922434623868,10744.02890925926,5381.019428843849,24,True
2025-03-27,5,3404.7074583333333,3716.390475,5381.019428843849,4315.9333913438495,24,True
2025-03-28,0,121.17705710526087,497.12429999999955,4315.9333913438495,3872.63240940525,24,True
2025-03-28,1,959.9985164838776,3182.9679668166664,3872.63240940525,1200.0,24,True
2025-03-28,2,10666.666666666664,0.0,1200.0,10800.0,24,True
2025-03-28,3,0.0,0.0,10800.0,10800.0,24,True
2025-03-28,4,13.453714999999818,5443.669499999997,10800.0,4763.586676833333,24,True
2025-03-28,5,3494.0633500000004,2914.759708333333,4763.586676833333,4669.6217936851845,24,True
2025-03-29,0,224.73241666666644,150.42731447368578,4669.6217936851845,4704.739508158869,24,True
2025-03-29,1,277.6981692473497,3192.8387699999994,4704.739508158869,1407.0692271481505,24,True
2025-03-29,2,10436.589747613167,0.0,1407.0692271481505,10800.0,24,True
2025-03-29,3,0.0,0.0,10800.0,10800.0,24,True
2025-03-29,4,17.0136476666666,5749.505675349999,10800.0,4426.972643622225,24,True
2025-03-29,5,3621.810108333333,2888.0970666666663,4426.972643622225,4477.605000381484,24,True
2025-03-30,0,5499.551677909463,317.3371999999996,4477.605000381484,9074.604621611114,24,True
2025-03-30,1,968.5655583333337,4331.000168633335,9074.604621611114,5134.091214518519,24,True
2025-03-30,2,4421.693381008234,2542.847183333333,5134.091214518519,6288.22949816667,24,True
2025-03-30,3,5290.079528786004,224.3709666666665,6288.22949816667,10800.0,24,True
2025-03-30,4,57.29684195828996,4427.088521368932,10800.0,5932.57991179698,24,True
2025-03-30,5,3668.8404416666667,3584.4551916666665,5932.57991179698,5251.80831855624,24,True
2025-03-31,0,4549.622333475531,42.82796666666661,5251.80831855624,9298.881789054589,24,True
2025-03-31,1,942.7390106342033,4717.584196666666,9298.881789054589,4905.586680106854,24,True
2025-03-31,2,4296.514751275719,1697.641649999999,4905.586680106854,6886.181456255003,24,True
2025-03-31,3,4748.5414203228365,435.98228333333327,6886.181456255003,10675.443975286298,24,True
2025-03-31,4,179.66785134855877,4968.101135697334,10675.443975286298,5317.032668502963,24,True
2025-03-31,5,3484.169615697331,3581.288366666666,5317.032668502963,4473.576026334268,24,True
2025-04-01,0,5716.208659073038,150.78424166666684,4473.576026334268,9450.625773203705,24,True
2025-04-01,1,951.8030599999998,5730.529015000004,9450.625773203705,3939.994066092588,24,True
2025-04-01,2,1809.7127061047854,2036.4331166666666,3939.994066092588,3306.032038623932,24,True
2025-04-01,3,4212.66269343061,268.02427,3306.032038623932,6799.623718267037,24,True
2025-04-01,4,60.83468333333326,5016.1095526901245,6799.623718267037,1280.9198747224525,24,True
2025-04-01,5,3656.3358833333336,121.50650450020765,1280.9198747224525,4436.6149425,24,True
2025-04-02,0,6132.884630000003,105.15337499999987,4436.6149425,9839.374026166672,24,True
2025-04-02,1,825.6972416666666,6560.883158333332,9839.374026166672,3292.6313677407456,24,True
2025-04-02,2,944.5307499999999,1883.3682309666715,3292.6313677407456,2050.0776749999995,24,True
2025-04-02,3,5324.137838888889,0.0,2050.0776749999995,6841.80173,24,True
2025-04-02,4,730.318974649181,5023.787233532514,6841.80173,1917.102992148138,24,True
2025-04-02,5,3468.308064332515,678.7562031259936,1917.102992148138,4284.40669101852,24,True
2025-04-03,0,6773.210946090533,100.96205000000009,4284.40669101852,10268.116486944446,24,True
2025-04-03,1,771.9206647119328,6131.497215000002,10268.116486944446,4150.070401851847,24,True
2025-04-03,2,5701.084287674899,2655.0633616666623,4150.070401851847,6330.97585890741,24,True
2025-04-03,3,5080.230280226336,133.16292000000055,6330.97585890741,10755.224311111111,24,True
2025-04-03,4,155.76303333333362,4836.1705101,10755.224311111111,5521.8882521111145,24,True
2025-04-03,5,3518.4629998645632,3660.8351575266465,5521.8882521111145,4620.910332515171,24,True
2025-04-04,0,393.65162499999934,199.67453766783387,4620.910332515171,4753.336197606464,24,True
2025-04-04,1,342.36620181441975,2864.5943716666666,4753.336197606464,1878.583144054259,24,True
2025-04-04,2,9912.685395495266,0.0,1878.583144054259,10800.0,24,True
2025-04-04,3,0.0,0.0,10800.0,10800.0,24,True
2025-04-04,4,0.0,5345.190578333333,10800.0,4860.899357407409,24,True
2025-04-04,5,3451.7186416666664,2854.41485,4860.899357407409,4795.874079351856,24,True
2025-04-05,0,290.63340833333336,473.11797378601455,4795.874079351856,4531.757509311843,24,True
2025-04-05,1,289.33305166666645,2682.6108466666665,4531.757509311843,1811.4785372933259,24,True
2025-04-05,2,9987.24606967408,0.0,1811.4785372933259,10800.0,24,True
2025-04-05,3,0.0,0.0,10800.0,10800.0,24,True
2025-04-05,4,4.79783950617275,5842.308795455168,10800.0,4312.863838383146,24,True
2025-04-05,5,3477.7995784718305,2810.662104544832,4312.863838383146,4319.925565069093,24,True
2025-04-06,0,5440.399287145452,73.46064833333344,4319.925565069093,9134.661980907409,24,True
2025-04-06,1,998.4273850000001,4350.88380096667,9134.661980907409,5198.931292999994,24,True
2025-04-06,2,5672.244808559667,2241.5239499999993,5198.931292999994,7813.369454037029,24,True
2025-04-06,3,3347.523161069968,293.1413266666664,7813.369454037029,10500.427713814817,24,True
2025-04-06,4,444.476460000001,4866.377363333331,10500.427713814817,5493.370568555561,24,True
2025-04-06,5,3595.799200000001,3683.121475,5493.370568555561,4637.232654111116,24,True
2025-04-07,0,5313.370159876535,90.02758500000004,4637.232654111116,9319.235147999998,24,True
2025-04-07,1,942.1380859500033,5023.77465,9319.235147999998,4585.187592021669,24,True
2025-04-07,2,6165.149940786418,1803.4435833333337,4585.187592021669,8129.996335025741,24,True
2025-04-07,3,3113.685903469338,119.0822833333333,8129.996335025741,10800.0,24,True
2025-04-07,4,0.0,4940.627047314814,10800.0,5310.414391872429,24,True
2025-04-07,5,3468.724625,3648.2765954953547,5310.414391872429,4378.625892710925,24,True
2025-04-08,0,6281.579610876749,11.398383333333072,4378.625892710925,10019.382672129628,24,True
2025-04-08,1,942.121105041152,6792.109076848354,10019.382672129628,3320.5038035018297,24,True
2025-04-08,2,3437.1047500000004,1908.4534231516466,3320.5038035018297,4293.394275000001,24,True
2025-04-08,3,7185.945394545288,0.4184499999998934,4293.394275000001,10760.280185646316,24,True
2025-04-08,4,44.133127059649574,5229.814370308638,10760.280185646316,4989.095144101512,24,True
2025-04-08,5,3419.685575,3425.784729691361,4989.095144101512,4260.384684166668,24,True
2025-04-09,0,6437.624844814813,88.31650000000002,4260.384684166668,9956.117600055555,24,True
2025-04-09,1,1043.2726199999997,6075.928426666666,9956.117600055555,4144.0313728703695,24,True
2025-04-09,2,2006.4188422427949,2421.6049999999996,4144.0313728703695,3259.1361086666634,24,True
2025-04-09,3,5168.832824520143,431.20160833333364,3259.1361086666634,7431.972752586643,24,True
2025-04-09,4,349.80315423868603,4809.941281666671,7431.972752586643,2402.416389549603,24,True
2025-04-09,5,3429.7240416666664,1096.5696922613095,2402.416389549603,4270.75725787037,24,True
2025-04-10,0,6527.552032921812,264.8802183333339,4270.75725787037,9851.242733796298,24,True
2025-04-10,1,903.2438033333335,5882.3532,9851.242733796298,4128.214156796297,24,True
2025-04-10,2,4893.681724320991,2442.25695,4128.214156796297,5818.908875351855,24,True
2025-04-10,3,5617.151084999997,66.9103666666665,5818.908875351855,10800.0,24,True
2025-04-10,4,28.96283166666649,5141.747100213921,10800.0,5113.014214928979,24,True
2025-04-10,5,3614.291591460903,3538.075018519412,5113.014214928979,4434.682182222224,24,True
2025-04-11,0,172.5190250000008,227.91615833333424,4434.682182222224,4336.709128796298,24,True
2025-04-11,1,294.7039866666667,2791.854935666669,4336.709128796298,1499.8816771666661,24,True
2025-04-11,2,10333.464803148148,0.0,1499.8816771666661,10800.0,24,True
2025-04-11,3,0.0,0.0,10800.0,10800.0,24,True
2025-04-11,4,21.997898333333296,5846.711645701622,10800.0,4323.451835498197,24,True
2025-04-11,5,3430.1347151666414,2712.683825,4323.451835498197,4396.479940259286,24,True
2025-04-12,0,351.2095916666669,282.05920499999996,4396.479940259286,4399.169456092621,24,True
2025-04-12,1,552.6105805555273,2054.372753333333,4399.169456092621,2613.8825860000006,24,True
2025-04-12,2,9095.686015555555,0.0,2613.8825860000006,10800.0,24,True
2025-04-12,3,0.0,0.0,10800.0,10800.0,24,True
2025-04-12,4,49.37929833333294,5421.239499999996,10800.0,4820.841924055558,24,True
2025-04-12,5,3586.4194083333327,2821.616625,4820.841924055558,4913.489808222224,24,True
2025-04-13,0,5156.600110452672,99.35489166666696,4913.489808222224,9444.035583555555,24,True
2025-04-13,1,1016.8132026337453,5626.747952250002,9444.035583555555,4107.2252967592585,24,True
2025-04-13,2,4184.237299958851,2133.3918166666663,4107.2252967592585,5502.603514870372,24,True
2025-04-13,3,5885.996094588473,0.0,5502.603514870372,10800.0,24,True
2025-04-13,4,43.234658333333186,5044.590538333332,10800.0,5233.810594351855,24,True
2025-04-13,5,3451.683666666667,3660.0753265833364,5233.810594351855,4273.575531481481,24,True
2025-04-14,0,6153.62236946502,105.93086666666647,4273.575531481481,9694.134701037037,24,True
2025-04-14,1,935.7788250000001,5823.488905,9694.134701037037,4065.792415759259,24,True
2025-04-14,2,3499.506054444446,1877.925683333333,4065.792415759259,5128.763772166667,24,True
2025-04-14,3,6301.373586481481,0.0,5128.763772166667,10800.0,24,True
2025-04-14,4,23.266404999999963,4944.383755250002,10800.0,5327.180036444443,24,True
2025-04-14,5,3544.2925583333326,3731.078766666667,5327.180036444443,4371.400264870368,24,True
2025-04-15,0,6412.203463312759,35.52245833333325,4371.400264870368,10102.9139837037,24,True
2025-04-15,1,929.7276971193462,6122.995753333333,10102.9139837037,4136.340296296297,24,True
2025-04-15,2,5416.90415,1229.7195833333335,4136.340296296297,7645.1989387037065,24,True
2025-04-15,3,3549.3248725514372,167.07043500000043,7645.1989387037065,10653.95750733333,24,True
2025-04-15,4,218.7766255967131,4950.349258516668,10653.95750733333,5350.468405351851,24,True
2025-04-15,5,3701.3898625,3662.9107249999997,5350.468405351851,4611.8184760462955,24,True
2025-04-16,0,6211.71119883745,135.4850250000003,4611.8184760462955,10051.819638333334,24,True
2025-04-16,1,930.8453072016456,6141.9018399999995,10051.819638333334,4065.2450370370357,24,True
2025-04-16,2,2394.7208130041117,1941.9388333333332,4065.2450370370357,4062.783953925922,24,True
2025-04-16,3,6342.191183333334,386.7023940954706,4062.783953925922,9341.08669215318,24,True
2025-04-16,4,206.6394416255157,4736.117860967698,9341.08669215318,4264.709010763148,24,True
2025-04-16,5,3460.1784916666666,2763.0188513535004,4264.709010763148,4308.848707314814,24,True
2025-04-17,0,6448.642600205759,120.41475000000003,4308.848707314814,9978.832880833334,24,True
2025-04-17,1,958.4920433333332,5451.206368333333,9978.832880833334,4784.579755018517,24,True
2025-04-17,2,5102.250009404334,1826.8180166666664,4784.579755018517,7346.806967186121,24,True
2025-04-17,3,3931.136517941346,76.3468499999999,7346.806967186121,10800.0,24,True
2025-04-17,4,36.34563000000048,4908.869953000002,10800.0,5378.411119222219,24,True
2025-04-17,5,3694.983156695171,3704.1047833397556,5378.411119222219,4588.223978759256,24,True
2025-04-18,0,128.50070833333342,552.5783899999998,4588.223978759256,4089.898627370367,24,True
2025-04-18,1,421.4324999999998,2284.097110849998,4089.898627370367,1931.3021986481474,24,True
2025-04-18,2,9854.108668168727,0.0,1931.3021986481474,10800.0,24,True
2025-04-18,3,0.0,0.0,10800.0,10800.0,24,True
2025-04-18,4,52.86701851852303,5603.737118333334,10800.0,4621.205740740742,24,True
2025-04-18,5,3795.512591666666,2821.5920176666664,4621.205740740742,4902.064831388891,24,True
2025-04-19,0,200.08873333333298,472.8040878070131,4902.064831388891,4556.806816047764,24,True
2025-04-19,1,137.57279666666665,2976.5794918429883,4556.806816047764,1373.3117865555555,24,True
2025-04-19,2,10474.098014938272,0.0,1373.3117865555555,10800.0,24,True
2025-04-19,3,0.0,0.0,10800.0,10800.0,24,True
2025-04-19,4,95.18672267692993,5438.565059999998,10800.0,4842.8179837425705,24,True
2025-04-19,5,3611.7745967500005,2758.473725,4842.8179837425705,5028.444315262016,24,True
2025-04-20,0,4866.813908042202,12.819686666666485,5028.444315262016,9394.332736203698,24,True
2025-04-20,1,829.7057316666666,5913.767060966662,9394.332736203698,3570.2156047407416,24,True
2025-04-20,2,4174.366114979428,2133.1940442666673,3570.2156047407416,4956.929503481487,24,True
2025-04-20,3,6494.777403539086,2.006249999999909,4956.929503481487,10800.0,24,True
2025-04-20,4,32.24666666666633,4995.678391033329,10800.0,5278.268232185191,24,True
2025-04-20,5,3551.0911317901227,3536.4525750000003,5278.268232185191,4544.858500796302,24,True
2025-04-21,0,5894.360815946498,133.37779166666655,4544.858500796302,9701.585688851854,24,True
2025-04-21,1,857.2850999999999,5247.90306821667,9701.585688851854,4642.138869722223,24,True
2025-04-21,2,3536.2407000000003,1480.4156999999996,4642.138869722223,6179.849166388891,24,True
2025-04-21,3,5133.500926234566,0.0,6179.849166388891,10800.0,24,True
2025-04-21,4,33.449283333333256,4912.512552183333,10800.0,5371.757074796298,24,True
2025-04-21,5,3489.067925,3786.702634900002,5371.757074796298,4304.470835185185,24,True
2025-04-22,0,6276.683835905349,159.66107166666666,4304.470835185185,9776.085096759258,24,True
2025-04-22,1,912.6437583333334,6026.970281666666,9776.085096759258,3900.830832962962,24,True
2025-04-22,2,3758.4450833333335,1475.8925166666668,3900.830832962962,5643.5508338888885,24,True
2025-04-22,3,5055.908843333332,350.8373650000002,5643.5508338888885,9804.049498444443,24,True
2025-04-22,4,795.4566299077841,4760.2119896502045,9804.049498444443,5230.836032416778,24,True
2025-04-22,5,3564.679827263374,3633.2841975308634,5230.836032416778,4402.0654352528545,24,True
2025-04-23,0,6309.301148052383,91.21961666666687,4402.0654352528545,9979.081338870372,24,True
2025-04-23,1,875.8804716666665,5734.020874999999,9979.081338870372,4396.239457814816,24,True
2025-04-23,2,3899.1246833333335,1581.13715,4396.239457814816,6148.63261725926,24,True
2025-04-23,3,5316.798131028809,120.37584166666693,6148.63261725926,10800.0,24,True
2025-04-23,4,73.48225860082368,4506.711543600821,10800.0,5858.676762073164,24,True
2025-04-23,5,3707.3099833333326,3686.6374249999994,5858.676762073164,5098.991941517608,24,True
2025-04-24,0,5276.7228566471,79.921066666667,5098.991941517608,9759.241327314816,24,True
2025-04-24,1,1123.75095457114,4669.923216666666,9759.241327314816,5581.813612354772,24,True
2025-04-24,2,5093.810874521228,1421.0444666666658,5581.813612354772,8587.30510312758,24,True
2025-04-24,3,2458.549885413799,0.0,8587.30510312758,10800.0,24,True
2025-04-24,4,0.0,4975.824231355362,10800.0,5271.306409605158,24,True
2025-04-24,5,3532.944283333334,3716.2943681446422,5271.306409605158,4321.7403,24,True
2025-04-25,0,199.75723333333337,172.9305833333333,4321.7403,4309.376717407408,24,True
2025-04-25,1,423.04454166666653,2186.132941683334,4309.376717407408,2261.0802030370373,24,True
2025-04-25,2,9487.68866329218,0.0,2261.0802030370373,10800.0,24,True
2025-04-25,3,0.0,0.0,10800.0,10800.0,24,True
2025-04-25,4,0.0,5547.612434958848,10800.0,4635.98618337906,24,True
2025-04-25,5,3383.1523250000005,2873.813339124484,4635.98618337906,4487.697343518523,24,True
2025-04-26,0,202.22678166666702,427.89611666666667,4487.697343518523,4194.261317388891,24,True
2025-04-26,1,637.9348566666666,2524.673237500004,4194.261317388891,1963.2102022777763,24,True
2025-04-26,2,9818.655330802472,0.0,1963.2102022777763,10800.0,24,True
2025-04-26,3,0.0,0.0,10800.0,10800.0,24,True
2025-04-26,4,0.0,6010.394791966667,10800.0,4121.78356448148,24,True
2025-04-26,5,3424.233241666667,2716.9513846999994,4121.78356448148,4184.758610092593,24,True
2025-04-27,0,4888.386086131686,56.501839999999675,4184.758610092593,8521.526265388886,24,True
2025-04-27,1,970.2365899999999,5630.3717916666665,8521.526265388886,3138.7705389814814,24,True
2025-04-27,2,4879.94485,1744.893485083333,3138.7705389814814,5591.950365000001,24,True
2025-04-27,3,5786.721816666668,301.93619166666645,5591.950365000001,10464.515342592593,24,True
2025-04-27,4,44.944702016458564,5879.369373766668,10464.515342592593,3972.3329368888844,24,True
2025-04-27,5,3534.363391666666,2588.3231202833294,3972.3329368888844,4277.345411296296,24,True
2025-04-28,0,5202.8467307407445,211.01084166666658,4277.345411296296,8725.450978222227,24,True
2025-04-28,1,1139.1320433333335,5319.8065,8725.450978222227,3839.773706111117,24,True
2025-04-28,2,1016.0654666666665,2375.796335500005,3839.773706111117,2114.4589199999996,24,True
2025-04-28,3,2799.527616666667,358.993961666667,2114.4589199999996,4235.151595370373,24,True
2025-04-28,4,200.68292858333564,2894.189607985837,4235.151595370373,1200.0,24,True
2025-04-28,5,3584.6910083333332,0.0,1200.0,4426.221907499999,24,True
2025-04-29,0,5657.132080761312,154.77053333333333,4426.221907499999,9345.673520925922,24,True
2025-04-29,1,956.9234750000004,4943.852745,9345.673520925922,4713.734931759261,24,True
2025-04-29,2,5200.605883333334,1025.9798333333333,4713.734931759261,8254.30263416667,24,True
2025-04-29,3,2862.0029887037,222.47755333333328,8254.30263416667,10582.908042518518,24,True
2025-04-29,4,198.80603333333443,4697.10866033333,10582.908042518518,5542.82384992593,24,True
2025-04-29,5,3743.6880666666666,3678.1337666666664,5542.82384992593,4825.327813629635,24,True
2025-04-30,0,6202.091633333333,262.6158416666667,4825.327813629635,10115.414904000005,24,True
2025-04-30,1,880.7282301234505,4853.611813333333,10115.414904000005,5515.168296296298,24,True
2025-04-30,2,5708.949709711932,894.9370166666664,5515.168296296298,9658.848572074074,24,True
2025-04-30,3,1267.946031028807,0.0,9658.848572074074,10800.0,24,True
2025-04-30,4,24.769901666666556,4687.893872543849,10800.0,5613.521942006836,24,True
2025-04-30,5,3619.710391666667,3697.3612166666658,5613.521942006836,4763.082164877208,24,True
2025-05-01,0,5161.7062898328795,203.94236666666643,4763.082164877208,9182.01519609717,24,True
2025-05-01,1,923.3341166666669,5937.62648,9182.01519609717,3415.6531455416166,24,True
2025-05-01,2,5034.5808,1798.1724833333328,3415.6531455416166,5948.806439615691,24,True
2025-05-01,3,5390.215067093678,0.0,5948.806439615691,10800.0,24,True
2025-05-01,4,0.0,6092.3516173313055,10800.0,4030.7204251874346,24,True
2025-05-01,5,2885.3095583333334,2817.2315993353577,4030.7204251874346,3497.241695092593,24,True
2025-05-02,0,241.9351083333334,296.8089999999999,3497.241695092593,3385.1955148148163,24,True
2025-05-02,1,199.24373000000003,2018.7316501333348,3385.1955148148163,1321.479705,24,True
2025-05-02,2,10531.689216666666,0.0,1321.479705,10800.0,24,True
2025-05-02,3,0.0,0.0,10800.0,10800.0,24,True
2025-05-02,4,0.0,7339.913475833334,10800.0,2644.5405824074046,24,True
2025-05-02,5,2969.345791666666,1481.0830324999974,2644.5405824074046,3671.3039810185182,24,True
2025-05-03,0,423.51883333333296,362.56374166666603,3671.3039810185182,3649.6223291666674,24,True
2025-05-03,1,239.86920657895024,2188.5373428289495,3649.6223291666674,1433.7964563888897,24,True
2025-05-03,2,10406.892826234569,0.0,1433.7964563888897,10800.0,24,True
2025-05-03,3,0.0,0.0,10800.0,10800.0,24,True
2025-05-03,4,30.94412010288022,5672.244695102878,10800.0,4525.35560242273,24,True
2025-05-03,5,3406.2155749999993,3071.416733333333,4525.35560242273,4178.264360663471,24,True
2025-05-04,0,6490.055117040588,277.9243499999999,4178.264360663471,9710.509132666666,24,True
2025-05-04,1,1022.351681666667,4200.533191666667,9710.509132666666,5963.366544314813,24,True
2025-05-04,2,6087.540389876537,1136.956666666667,5963.366544314813,10178.867710018512,24,True
2025-05-04,3,690.1469888683197,0.0,10178.867710018512,10800.0,24,True
2025-05-04,4,0.0,5335.4925013459215,10800.0,4871.674998504534,24,True
2025-05-04,5,3045.494908333333,3379.947717904081,4871.674998504534,3857.1229516666663,24,True
2025-05-05,0,6865.746191666666,94.90502000000004,3857.1229516666663,9930.844501944443,24,True
2025-05-05,1,1017.4674340535013,6106.849139999999,9930.844501944443,4061.17725925926,24,True
2025-05-05,2,3389.0808166666666,2195.4517333333333,4061.17725925926,4671.959179444446,24,True
2025-05-05,3,5248.523428168713,0.0,4671.959179444446,9395.630264796284,24,True
2025-05-05,4,371.3770633333336,5513.615037433335,9395.630264796284,3603.6306913148014,24,True
2025-05-05,5,3386.867091666666,2294.9131638499885,3603.6306913148014,4101.907558425924,24,True
2025-05-06,0,6477.968044958848,102.67994166666654,4101.907558425924,9817.989974814815,24,True
2025-05-06,1,948.3019500000003,5890.452355,9817.989974814815,4126.514668703709,24,True
2025-05-06,2,3879.6001166666665,2292.23765,4126.514668703709,5071.224051481486,24,True
2025-05-06,3,6390.193724691354,141.13217166666664,5071.224051481486,10665.584879629629,24,True
2025-05-06,4,159.92013374485768,4933.881492916666,10665.584879629629,5327.422452314817,24,True
2025-05-06,5,2838.2580499999995,3680.18002375,5327.422452314817,3792.7657820370387,24,True
2025-05-07,0,6327.493451069953,34.010183333333316,3792.7657820370387,9449.720795407407,24,True
2025-05-07,1,1033.0056716666668,4627.825046783332,9449.720795407407,5237.39807014815,24,True
2025-05-07,2,5412.08046,1874.3324166666664,5237.39807014815,8025.678910074075,24,True
2025-05-07,3,3082.5789888065833,482.16633261666584,8025.678910074075,10264.259630425926,24,True
2025-05-07,4,125.83417833333294,5486.5106400833365,10264.259630425926,4281.3874574999945,24,True
2025-05-07,5,3097.4040333333332,2912.726445083328,4281.3874574999945,3832.6883707407405,24,True
2025-05-08,0,6828.781162510286,11.624133333333361,3832.6883707407405,9965.675713296296,24,True
2025-05-08,1,984.8108983333332,5366.650478333333,9965.675713296296,4889.06054587037,24,True
2025-05-08,2,2672.3543666666665,1687.2432333333331,4889.06054587037,5419.464772166667,24,True
2025-05-08,3,4903.671226851851,981.3923116666672,5419.464772166667,8742.332974481484,24,True
2025-05-08,4,777.7512133333338,4576.547999333332,8742.332974481484,4357.255733888892,24,True
2025-05-08,5,3338.7235166666665,2863.585933166669,4357.255733888892,4180.344750925926,24,True
2025-05-09,0,98.24705000000006,398.2467309649164,4180.344750925926,3826.2707281871303,24,True
2025-05-09,1,206.29835666666662,2391.0829507684175,3826.2707281871303,1355.1804149999998,24,True
2025-05-09,2,10494.243983333334,0.0,1355.1804149999998,10800.0,24,True
2025-05-09,3,0.0,0.0,10800.0,10800.0,24,True
2025-05-09,4,1.4907061968356743,4523.503427863502,10800.0,5775.226715728815,24,True
2025-05-09,5,3780.9236166666665,2780.3902416666665,5775.226715728815,6088.735479988072,24,True
2025-05-10,0,458.8700733333329,166.22605000000027,6088.735479988072,6317.022934876959,24,True
2025-05-10,1,144.9451833333331,4145.853640322598,6317.022934876959,1840.9695550740726,24,True
2025-05-10,2,9954.47827213992,0.0,1840.9695550740726,10800.0,24,True
2025-05-10,3,0.0,0.0,10800.0,10800.0,24,True
2025-05-10,4,128.71810999999997,4935.627928333334,10800.0,5431.815267518517,24,True
2025-05-10,5,3477.9848583333332,2794.545616666667,5431.815267518517,5456.950954833332,24,True
2025-05-11,0,5114.891547962964,336.8126816666663,5456.950954833332,9686.11703503704,24,True
2025-05-11,1,988.5606316666668,4446.1695150000005,9686.11703503704,5635.63325353704,24,True
2025-05-11,2,5646.067786666667,1668.5184666666669,5635.63325353704,8863.184854129633,24,True
2025-05-11,3,2388.7046476748924,191.7171333333332,8863.184854129633,10800.0,24,True
2025-05-11,4,0.0,4665.2857466308715,10800.0,5616.34917041014,24,True
2025-05-11,5,3767.969916666666,3303.454075,5616.34917041014,5337.017567632361,24,True
2025-05-12,0,4931.199217075152,132.3476333333332,5337.017567632361,9628.043937074071,24,True
2025-05-12,1,1028.6082066666668,3925.2081466666664,9628.043937074071,6192.4489378888875,24,True
2025-05-12,2,5184.485417411701,734.9351500000002,6192.4489378888875,10041.891202448305,24,True
2025-05-12,3,842.3431083907724,0.0,10041.891202448305,10800.0,24,True
2025-05-12,4,24.1462250000003,4982.94827670782,10800.0,5285.1224061579815,24,True
2025-05-12,5,3630.616871707819,3029.7076866666666,5285.1224061579815,5186.335716620945,24,True
2025-05-13,0,5046.284510976727,14.73583333333329,5186.335716620945,9711.618628351851,24,True
2025-05-13,1,1229.0973313991817,4388.47163845,9711.618628351851,5941.726628333335,24,True
2025-05-13,2,5424.622192736624,1768.5275666666662,5941.726628333335,8858.855972166668,24,True
2025-05-13,3,2156.8266975925912,0.0,8858.855972166668,10800.0,24,True
2025-05-13,4,124.00108205761163,4170.954045083335,10800.0,6277.207590425924,24,True
2025-05-13,5,3570.139208333333,3411.3349215833337,6277.207590425924,5699.96074283333,24,True
2025-05-14,0,4877.34684574074,105.34715999999992,5699.96074283333,9972.520503999996,24,True
2025-05-14,1,882.1821949999998,4896.166673333333,9972.520503999996,5326.299286907401,24,True
2025-05-14,2,4499.7171110905365,1252.5624666666665,5326.299286907401,7984.308612814812,24,True
2025-05-14,3,3128.5459857613196,104.89445833333355,7984.308612814812,10683.450601851851,24,True
2025-05-14,4,195.52078395061906,4468.780288083337,10683.450601851851,5894.107876203701,24,True
2025-05-14,5,3412.561358333333,3474.2859352499995,5894.107876203701,5105.095392870368,24,True
2025-05-15,0,5360.455190699591,149.0125499999997,5105.095392870368,9763.9355645,24,True
2025-05-15,1,993.4540583333339,5582.842058333334,9763.9355645,4454.886374407406,24,True
2025-05-15,2,3946.763883333333,1220.5276666666668,4454.886374407406,6650.832017555553,24,True
2025-05-15,3,4610.186647160499,649.5634866666668,6650.832017555553,10078.262792592592,24,True
2025-05-15,4,460.10491166666634,4352.180727419753,10078.262792592592,5656.600849292872,24,True
2025-05-15,5,3851.1990166666665,3050.3592873333337,5656.600849292872,5733.391867255834,24,True
2025-05-16,0,247.18409385964588,179.9040649999996,5733.391867255834,5755.964146173959,24,True
2025-05-16,1,489.0029666666668,3520.5658793898965,5755.964146173959,2284.3269501851846,24,True
2025-05-16,2,9461.858944238682,0.0,2284.3269501851846,10800.0,24,True
2025-05-16,3,0.0,0.0,10800.0,10800.0,24,True
2025-05-16,4,0.0,3932.604104972842,10800.0,6430.439883363509,24,True
2025-05-16,5,3717.8125499999996,2654.662333333333,6430.439883363509,6826.846363548693,24,True
2025-05-17,0,97.10619166666618,480.7361221938223,6826.846363548693,6380.090689166667,24,True
2025-05-17,1,706.4584483333331,4269.392028333333,6380.090689166667,2272.1343722962974,24,True
2025-05-17,2,9475.406253004112,0.0,2272.1343722962974,10800.0,24,True
2025-05-17,3,0.0,0.0,10800.0,10800.0,24,True
2025-05-17,4,20.49962333333326,4359.253185000001,10800.0,5974.835010999997,24,True
2025-05-17,5,4064.6826166666656,2752.373183333333,5974.835010999997,6574.856940074073,24,True
2025-05-18,0,3363.650127510292,136.0477666666668,6574.856940074073,9450.977869648146,24,True
2025-05-18,1,889.209238333333,5222.268959999999,9450.977869648146,4448.7451174814805,24,True
2025-05-18,2,3578.827300000001,1769.7176333333332,4448.7451174814805,5703.336761555554,24,True
2025-05-18,3,3748.2548400000014,0.0,5703.336761555554,9076.766117555555,24,True
2025-05-18,4,1449.5907927366243,4351.292832736625,9076.766117555555,5546.628016866708,24,True
2025-05-18,5,4280.594425,3010.7020733333334,5546.628016866708,6053.938473440783,24,True
2025-05-19,0,4167.866377843577,6.747833333333347,6053.938473440783,9797.520620907411,24,True
2025-05-19,1,1120.0596146296266,4279.810825,9797.520620907411,6050.228912962963,24,True
2025-05-19,2,4417.2535547530915,1195.3416999999997,6050.228912962963,8697.599667796301,24,True
2025-05-19,3,2336.000369115221,0.0,8697.599667796301,10800.0,24,True
2025-05-19,4,296.45890123456985,4339.247908333336,10800.0,6245.426446296293,24,True
2025-05-19,5,4119.337225,3236.953298333334,6245.426446296293,6356.215172870367,24,True
2025-05-20,0,4300.291788477371,211.33635500000048,6356.215172870367,9991.659610277777,24,True
2025-05-20,1,945.8741983333331,4495.286678333334,9991.659610277777,5848.1834128518485,24,True
2025-05-20,2,5098.574922227805,1254.7628,5848.1834128518485,9042.719953967986,24,True
2025-05-20,3,1999.9033745828956,650.8639888878603,9042.719953967986,10119.450781217192,24,True
2025-05-20,4,718.3463616666662,4021.5893802499977,10119.450781217192,6297.5298619949735,24,True
2025-05-20,5,3719.8003333333336,3244.2690447500004,6297.5298619949735,6040.6067789394165,24,True
2025-05-21,0,4614.920406816287,164.6476583333333,6040.6067789394165,10011.093302481482,24,True
2025-05-21,1,921.5645733333336,4422.416245,10011.093302481482,5926.705590703709,24,True
2025-05-21,2,2699.219949999999,1073.018366666666,5926.705590703709,7163.760916074081,24,True
2025-05-21,3,4040.265648806576,1024.02192228395,7163.760916074081,9662.197864128944,24,True
2025-05-21,4,300.38834000000065,4471.076583785242,9662.197864128944,4964.684499256456,24,True
2025-05-21,5,3634.2020877572013,3061.03285,4964.684499256456,4834.318767126824,24,True
2025-05-22,0,4995.705139488708,111.47636666666642,4834.318767126824,9206.590763037028,24,True
2025-05-22,1,1072.352373371653,4827.235961666667,9206.590763037028,4808.112386108553,24,True
2025-05-22,2,3651.2702500000005,1242.0174499999994,4808.112386108553,6714.236222219667,24,True
2025-05-22,3,4539.737530867035,0.0,6714.236222219667,10800.0,24,True
2025-05-22,4,136.50541557612874,4010.3952039277756,10800.0,6466.860202987655,24,True
2025-05-22,5,4260.464733333333,3000.8002333333334,6466.860202987655,6967.055981506172,24,True
2025-05-23,0,159.90074166666693,957.9306533555565,6967.055981506172,6046.599256388889,24,True
2025-05-23,1,543.819975,4331.023896666667,6046.599256388889,1723.7884598148157,24,True
2025-05-23,2,10084.67948909465,0.0,1723.7884598148157,10800.0,24,True
2025-05-23,3,0.0,0.0,10800.0,10800.0,24,True
2025-05-23,4,10.889589999999885,5402.8661233333305,10800.0,4806.616049518522,24,True
2025-05-23,5,3956.423627166667,2667.702808333333,4806.616049518522,5403.283082487042,24,True
2025-05-24,0,52.5399583333334,658.7113083333331,5403.283082487042,4718.667591283338,24,True
2025-05-24,1,583.6727343859615,3113.5334654576345,4718.667591283338,1784.4914239444427,24,True
2025-05-24,2,10017.23175117284,0.0,1784.4914239444427,10800.0,24,True
2025-05-24,3,0.0,0.0,10800.0,10800.0,24,True
2025-05-24,4,0.0,5167.56998450998,10800.0,5058.25557276669,24,True
2025-05-24,5,3928.1784666666663,2672.266115333333,5058.25557276669,5624.431620174099,24,True
2025-05-25,0,4882.940714813787,51.82164166666723,5624.431620174099,9961.498661654654,24,True
2025-05-25,1,879.0678700000001,4571.260685,9961.498661654654,5673.48120576577,24,True
2025-05-25,2,4316.01235,969.385733333333,5673.48120576577,8480.797061506511,24,True
2025-05-25,3,2576.8921538816558,0.0,8480.797061506511,10800.0,24,True
2025-05-25,4,98.80625666666674,4185.286943778897,10800.0,6238.606804579003,24,True
2025-05-25,5,4150.611858333333,3078.50622,6238.606804579003,6553.595010412335,24,True
2025-05-26,0,3947.76178954185,37.94182499999977,6553.595010412335,10064.423037666666,24,True
2025-05-26,1,897.7417462139916,5202.563348333333,10064.423037666666,5091.764666666668,24,True
2025-05-26,2,1347.7078166666668,1718.2853833333334,5091.764666666668,4395.495720185188,24,True
2025-05-26,3,4978.631844547332,128.46840666666594,4395.495720185188,8733.521706203715,24,True
2025-05-26,4,321.5992850000007,3985.7635657499977,8733.521706203715,4594.334878537051,24,True
2025-05-26,5,3772.0380750000004,3100.5891475833328,4594.334878537051,4544.0700931666815,24,True
2025-05-27,0,5982.413733148129,192.14987666666661,4544.0700931666815,9714.742590037034,24,True
2025-05-27,1,909.1746883333333,4532.385593333333,9714.742590037034,5497.015816944441,24,True
2025-05-27,2,3754.0147,1257.6461333333332,5497.015816944441,7478.244454351847,24,True
2025-05-27,3,3690.8394951646155,155.63495000000023,7478.244454351847,10627.072277777777,24,True
2025-05-27,4,420.84943697242863,4490.485274370498,10627.072277777777,6016.408688419075,24,True
2025-05-27,5,3787.787908333333,3231.5925349999998,6016.408688419075,5834.759433696851,24,True
2025-05-28,0,4111.186945892387,52.507105000000024,5834.759433696851,9476.486457222218,24,True
2025-05-28,1,1028.39939,5137.630916666666,9476.486457222218,4693.56711192592,24,True
2025-05-28,2,1528.9069999999995,1535.1502499999997,4693.56711192592,4363.860911925919,24,True
2025-05-28,3,6993.720521996386,26.580833333333317,4363.860911925919,10628.675122463408,24,True
2025-05-28,4,285.36092236625745,4242.760994083332,10628.675122463408,6171.321070278228,24,True
2025-05-28,5,3892.9422590833337,2980.970151666667,6171.321070278228,6362.780046045819,24,True
2025-05-29,0,2584.8160771918865,41.21534999999983,6362.780046045819,8643.319682185185,24,True
2025-05-29,1,849.882468333333,5319.268488333333,8643.319682185185,3497.915583314819,24,True
2025-05-29,2,1705.5333833333336,2013.011316666666,3497.915583314819,2796.216387574079,24,True
2025-05-29,3,5619.779790329219,0.0,2796.216387574079,7854.018198870375,24,True
2025-05-29,4,80.01992316316921,4521.4396031631695,7854.018198870375,2902.214348424818,24,True
2025-05-29,5,4018.035349999999,1537.6082802490027,2902.214348424818,4809.992518703704,24,True
2025-05-30,0,260.0954833333331,362.45559166666686,4809.992518703704,4641.350018518519,24,True
2025-05-30,1,375.1067199999995,2649.4476701666667,4641.350018518519,2035.1153218888887,24,True
2025-05-30,2,9738.76075345679,0.0,2035.1153218888887,10800.0,24,True
2025-05-30,3,0.0,0.0,10800.0,10800.0,24,True
2025-05-30,4,42.70107166666679,6240.258335500179,10800.0,3904.8105917220264,24,True
2025-05-30,5,3965.674724382715,2434.329532549824,3904.8105917220264,4769.1072519444415,24,True
2025-05-31,0,315.8429616666667,276.52843500000006,4769.1072519444415,4746.112100777775,24,True
2025-05-31,1,461.1421949999999,3228.490343416663,4746.112100777775,1573.9285835925937,24,True
2025-05-31,2,10251.190462674895,0.0,1573.9285835925937,10800.0,24,True
2025-05-31,3,0.0,0.0,10800.0,10800.0,24,True
2025-05-31,4,0.0,5137.858013292178,10800.0,5091.2688741198,24,True
2025-05-31,5,4041.07043597551,2731.884068333333,5091.2688741198,5692.8055239051655,24,True
2025-06-01,0,3727.1694739942627,731.676915,5692.8055239051655,8234.283700500002,24,True
2025-06-01,1,1017.5493366666664,4776.04453501667,8234.283700500002,3843.361953481482,24,True
2025-06-01,2,126.07648506172313,2479.4934885333296,3843.361953481482,1201.838025,24,True
2025-06-01,3,2869.556889999999,1793.0309799999989,1201.838025,1792.1825815555558,24,True
2025-06-01,4,0.0,532.9643234000001,1792.1825815555558,1200.0,24,True
2025-06-01,5,2875.244625,422.2351416666669,1200.0,3318.570005092592,24,True
2025-06-02,0,5846.457025,618.3933083333336,3318.570005092592,7893.277651666666,24,True
2025-06-02,1,1248.1039593415644,5286.642958333333,7893.277651666666,3142.5234835925926,24,True
2025-06-02,2,4763.856844999998,1748.2711352333333,3142.5234835925926,5487.471160499999,24,True
2025-06-02,3,3611.899457881934,2768.2281352263326,5487.471160499999,5662.371633453368,24,True
2025-06-02,4,0.0,4016.1344701080316,5662.371633453368,1200.0,24,True
2025-06-02,5,2675.6250833333334,443.49143333333313,1200.0,3115.2943157407403,24,True
2025-06-03,0,6630.990496399177,593.0754850000002,3115.2943157407403,8424.213001388891,24,True
2025-06-03,1,1642.9905633333333,5425.551636666666,8424.213001388891,3874.5138009814837,24,True
2025-06-03,2,1510.1835833333334,2407.062420883335,3874.5138009814837,2559.1652249999997,24,True
2025-06-03,3,6831.593643333334,732.0973200000012,2559.1652249999997,7894.158037333332,24,True
2025-06-03,4,0.0,5925.577396666666,7894.158037333332,1310.1831521481472,24,True
2025-06-03,5,3222.6582183333335,206.06496919999898,1310.1831521481472,3981.6144717592592,24,True
2025-06-04,0,6465.015701934157,990.8065216666665,3981.6144717592592,8699.232468314813,24,True
2025-06-04,1,875.1212449999998,4784.296463333333,8699.232468314813,4170.956629555552,24,True
2025-06-04,2,3868.916194999998,2535.8081999999995,4170.956629555552,4835.416538388885,24,True
2025-06-04,3,4445.169672777776,1394.649516666666,4835.416538388885,7286.45866981481,24,True
2025-06-04,4,42.655185000000984,5512.363502683329,7286.45866981481,1200.0,24,True
2025-06-04,5,3055.8283333333325,161.3267543333329,1200.0,3770.993550740741,24,True
2025-06-05,0,6634.462511666667,247.53480000000025,3770.993550740741,9466.971144574074,24,True
2025-06-05,1,1190.3641058436222,4445.203978333333,9466.971144574074,5599.183308351848,24,True
2025-06-05,2,5354.837373333333,3352.3761833333324,5599.183308351848,6693.674518425922,24,True
2025-06-05,3,5674.00531084363,1638.4706033333327,6693.674518425922,9979.756405592594,24,True
2025-06-05,4,358.8992116666677,5018.356041666668,9979.756405592594,4726.814538685188,24,True
2025-06-05,5,2859.210025,3443.54383481667,4726.814538685188,3473.9437447222217,24,True
2025-06-06,0,576.9970549999991,305.501206666667,3473.9437447222217,3653.7953090370356,24,True
2025-06-06,1,269.8400199999998,2182.1603419166654,3653.7953090370356,1472.0287249074065,24,True
2025-06-06,2,7886.497649999999,0.0,1472.0287249074065,8569.876609907407,24,True
2025-06-06,3,2477.914877880658,480.93835,8569.876609907407,10265.624055555556,24,True
2025-06-06,4,0.0,6998.029403333335,10265.624055555556,2490.0358296296313,24,True
2025-06-06,5,3112.4755333333333,1407.2345526666686,2490.0358296296313,3727.6698622222207,24,True
2025-06-07,0,625.0412016666664,211.757081666666,3727.6698622222207,4054.921297425925,24,True
2025-06-07,1,315.9841366666667,2106.856946234566,4054.921297425925,1998.3548579430744,24,True
2025-06-07,2,5790.361716666665,0.0,1998.3548579430744,7209.680402943073,24,True
2025-06-07,3,3989.243996729921,0.0,7209.680402943073,10800.0,24,True
2025-06-07,4,0.0,5969.197671666664,10800.0,4167.558142592597,24,True
2025-06-07,5,3159.1824,2699.6061366666704,4167.558142592597,4011.259928518519,24,True
2025-06-08,0,7236.299780000001,153.01691499999993,4011.259928518519,10353.910936074077,24,True
2025-06-08,1,1458.8710238065823,3039.937622249999,10353.910936074077,8289.186388333334,24,True
2025-06-08,2,4133.910432716047,1088.7352,8289.186388333334,10800.0,24,True
2025-06-08,3,747.1615020576124,605.2008166666664,10800.0,10800.0,24,True
2025-06-08,4,68.15123965777376,4091.2176616666643,10800.0,6315.5387138401475,24,True
2025-06-08,5,3698.9298866666663,3141.657533333333,6315.5387138401475,6153.845019247556,24,True
2025-06-09,0,4663.979221391604,154.56558333333362,6153.845019247556,10179.68678146296,24,True
2025-06-09,1,1708.0760316872438,3592.219148333333,10179.68678146296,7725.600600722224,24,True
2025-06-09,2,5701.092461666667,2798.0059666666666,7725.600600722224,9747.688297703706,24,True
2025-06-09,3,2360.7683317695423,965.141816666667,9747.688297703706,10800.0,24,True
2025-06-09,4,133.56304833333252,4813.188908333335,10800.0,5572.219067574068,24,True
2025-06-09,5,3668.913693333333,3383.345451666667,5572.219067574068,5114.968667499991,24,True
2025-06-10,0,5880.522767222231,78.79910000000018,5114.968667499991,10319.884602444443,24,True
2025-06-10,1,1809.8962738888895,3040.87358166667,10319.884602444443,8570.042824870363,24,True
2025-06-10,2,5798.893718333334,3557.891833333333,8570.042824870363,9835.834023222214,24,True
2025-06-10,3,2471.6245914814904,1134.2665400000005,9835.834023222214,10800.0,24,True
2025-06-10,4,7.938239999999951,4280.488195,10800.0,6051.046421555551,24,True
2025-06-10,5,3765.659049999999,3116.84601,6051.046421555551,5976.9773332222185,24,True
2025-06-11,0,5230.252740864203,0.0,5976.9773332222185,10684.2048,24,True
2025-06-11,1,181.12442065843575,4292.022286616667,10684.2048,6078.303126796294,24,True
2025-06-11,2,4493.472431666667,4390.472814116665,6078.303126796294,5244.1251885,24,True
2025-06-11,3,8451.488761748971,1845.4185666666658,5244.1251885,10800.0,24,True
2025-06-11,4,91.57007613168857,4903.7531033333335,10800.0,5433.798509259262,24,True
2025-06-11,5,3824.36374,2946.1562666666664,5433.798509259262,5602.218912296298,24,True
2025-06-12,0,4847.119333282707,484.7249783333335,5602.218912296298,9426.043002991473,24,True
2025-06-12,1,2215.3538316666672,3067.6353414256605,9426.043002991473,8011.377738796296,24,True
2025-06-12,2,5219.5174566666665,3107.5907666666662,8011.377738796296,9256.064820166666,24,True
2025-06-12,3,3744.5968747530837,2179.4788466666655,9256.064820166666,10204.558844481478,24,True
2025-06-12,4,577.9086199999997,4281.0661316666665,10204.558844481478,5967.936456185183,24,True
2025-06-12,5,3683.332075,3065.9078566666662,5967.936456185183,5876.371038499998,24,True
2025-06-13,0,514.6832100000004,313.7951900000005,5876.371038499998,5990.924605277776,24,True
2025-06-13,1,32.54116666666664,4040.1835083999977,5990.924605277776,1531.1188681666667,24,True
2025-06-13,2,6111.061833333333,13.859816666666688,1531.1188681666667,7015.674721870371,24,True
2025-06-13,3,4204.805864588475,42.16297833333306,7015.674721870371,10753.152246296297,24,True
2025-06-13,4,67.83759298230461,4640.987122900004,10753.152246296297,5657.553721202588,24,True
2025-06-13,5,3944.364441666666,3221.340848333333,5657.553721202588,5628.21410944333,24,True
2025-06-14,0,249.63690333333352,440.06373999999977,5628.21410944333,5363.927611332219,24,True
2025-06-14,1,120.45668333333322,3777.2271956989975,5363.927611332219,1275.41952,24,True
2025-06-14,2,9071.136466666667,0.0,1275.41952,9439.442340000001,24,True
2025-06-14,3,1511.7307333333313,0.0,9439.442340000001,10800.0,24,True
2025-06-14,4,46.76649382716075,4342.497027751855,10800.0,6017.093146942382,24,True
2025-06-14,5,3726.9858499999996,3209.3114250000003,6017.093146942382,5805.478828609046,24,True
2025-06-15,0,5536.1334487883005,133.31800166666665,5805.478828609046,10639.867819555553,24,True
2025-06-15,1,1460.862085761318,2393.6138665999983,10639.867819555553,9295.072733851855,24,True
2025-06-15,2,4057.770623724275,3674.467938333333,9295.072733851855,8864.324141499997,24,True
2025-06-15,3,3626.026612325103,1194.9732833333333,8864.324141499997,10800.0,24,True
2025-06-15,4,45.48940499999992,3454.618446716667,10800.0,7002.475523703703,24,True
2025-06-15,5,4744.716718333333,2899.843249999999,7002.475523703703,8050.672514648149,24,True
2025-06-16,0,3054.8083170576115,0.0,8050.672514648149,10800.0,24,True
2025-06-16,1,833.9122219958858,2609.8255916666667,10800.0,8650.714786833332,24,True
2025-06-16,2,5381.997845,3804.8519333333325,8650.714786833332,9266.899588074075,24,True
2025-06-16,3,3635.351853004116,1564.8446301999998,9266.899588074075,10800.0,24,True
2025-06-16,4,25.15277166666658,3660.1096902166655,10800.0,6755.848949814816,24,True
2025-06-16,5,5011.076774999999,2794.0291,6755.848949814816,8161.341269537036,24,True
2025-06-17,0,2499.583340514406,386.3253083333326,8161.341269537036,9981.715933407411,24,True
2025-06-17,1,1542.917918991765,3242.660108333333,9981.715933407411,7767.386384574071,24,True
2025-06-17,2,4142.113206666667,3186.7042999999994,7767.386384574071,7954.505715018515,24,True
2025-06-17,3,5844.717289979428,3165.8092549999988,7954.505715018515,9697.185437111113,24,True
2025-06-17,4,856.1705969958867,4346.213263662554,9697.185437111113,5638.613125893462,24,True
2025-06-17,5,4486.378238333334,2946.6349133333333,5638.613125893462,6402.3147478008705,24,True
2025-06-18,0,4956.552595036072,56.890875000000165,6402.3147478008705,10800.0,24,True
2025-06-18,1,406.62454409465215,4183.214291666667,10800.0,6517.946210055557,24,True
2025-06-18,2,5072.344333333333,2700.2017499999997,6517.946210055557,8082.83194338889,24,True
2025-06-18,3,4184.538546440327,944.0249716666656,8082.83194338889,10800.0,24,True
2025-06-18,4,34.82412479423787,4135.91534,10800.0,6235.8802234259265,24,True
2025-06-18,5,4842.03786,2931.266591666667,6235.8802234259265,7336.751417796297,24,True
2025-06-19,0,3319.3657250000006,103.46049166666648,7336.751417796297,10209.224468444447,24,True
2025-06-19,1,1019.6402272324607,4102.756311666666,10209.224468444447,6568.282548879589,24,True
2025-06-19,2,5518.085516666667,3358.6902166666664,6568.282548879589,7802.681495361072,24,True
2025-06-19,3,4169.136280874528,679.4137333333335,7802.681495361072,10800.0,24,True
2025-06-19,4,124.2804103292184,3968.2167004845705,10800.0,6502.72270209122,24,True
2025-06-19,5,4862.115784567902,2898.007193333333,6502.72270209122,7658.618915609739,24,True
2025-06-20,0,1011.3823750000001,680.064105715433,7658.618915609739,7813.236268981483,24,True
2025-06-20,1,391.31851000000006,4569.238961666667,7813.236268981483,3088.4907483518546,24,True
2025-06-20,2,8568.343612942384,0.0,3088.4907483518546,10800.0,24,True
2025-06-20,3,0.0,0.0,10800.0,10800.0,24,True
2025-06-20,4,93.69623862139879,3588.4245699499993,10800.0,6897.188203703704,24,True
2025-06-20,5,4533.5518483333335,3022.2782666666662,6897.188203703704,7619.297904240743,24,True
2025-06-21,0,307.80512000000033,711.1591788166703,7619.297904240743,7106.145646888887,24,True
2025-06-21,1,220.56061833333325,4933.2941949999995,7106.145646888887,1823.2122089444433,24,True
2025-06-21,2,9974.208656728399,0.0,1823.2122089444433,10800.0,24,True
2025-06-21,3,0.0,0.0,10800.0,10800.0,24,True
2025-06-21,4,44.95781893004094,3674.7193499999994,10800.0,6757.440537037038,24,True
2025-06-21,5,4912.17176,2723.684696666669,6757.440537037038,8152.078791407406,24,True
2025-06-22,0,2726.184917901236,318.64086,8152.078791407406,10251.599817518512,24,True
2025-06-22,1,1220.5892947530917,2860.6956416666667,10251.599817518512,8171.579469833335,24,True
2025-06-22,2,5434.861761913579,2036.659549999999,8171.579469833335,10800.0,24,True
2025-06-22,3,2044.4815816666664,2000.9037199999998,10800.0,10416.807067944443,24,True
2025-06-22,4,438.35757687242983,3753.4480600000006,10416.807067944443,6640.831042685186,24,True
2025-06-22,5,4448.5403,2897.1069166666666,6640.831042685186,7425.509627500003,24,True
2025-06-23,0,3460.7017788888847,299.6308733333334,7425.509627500003,10207.218035907405,24,True
2025-06-23,1,1133.3695856172842,4044.781081666666,10207.218035907405,6733.04946111111,24,True
2025-06-23,2,4955.582721666667,2705.5217999999995,6733.04946111111,8186.938577277779,24,True
2025-06-23,3,4893.732470802469,2036.8856233333336,8186.938577277779,10328.091552851854,24,True
2025-06-23,4,589.0670976543182,3965.2720533333336,10328.091552851854,6452.394103703704,24,True
2025-06-23,5,4702.858541666666,2837.178,6452.394103703704,7532.546791203703,24,True
2025-06-24,0,3459.8835869958875,185.80941666666706,7532.546791203703,10439.987112092595,24,True
2025-06-24,1,450.1235050823003,5258.18548,10439.987112092595,5002.669955555555,24,True
2025-06-24,2,3126.977723333333,3422.4029599999994,5002.669955555555,4014.2799509999995,24,True
2025-06-24,3,5658.794323662557,2134.8430133333327,4014.2799509999995,6735.14704970371,24,True
2025-06-24,4,302.13907716604945,4089.1438821660504,6735.14704970371,2463.579016746433,24,True
2025-06-24,5,4825.890585,1137.2211150717897,2463.579016746433,5543.301526500001,24,True
2025-06-25,0,5267.967149999999,236.4336649999999,5543.301526500001,10021.767889277777,24,True
2025-06-25,1,1543.1114172954426,3237.8773366666665,10021.767889277777,7812.926679658491,24,True
2025-06-25,2,4390.103973333335,3889.1880333333324,7812.926679658491,7442.700218621456,24,True
2025-06-25,3,5413.982925811549,1363.7563666666665,7442.700218621456,10800.0,24,True
2025-06-25,4,31.771140226335547,3547.6579117078168,10800.0,6886.751902083906,24,True
2025-06-25,5,4609.195541666667,2980.7764516666666,6886.751902083906,7723.054054398723,24,True
2025-06-26,0,2556.9128456886647,0.0,7723.054054398723,10024.275615518518,24,True
2025-06-26,1,1946.8009530658437,2243.8802944999993,10024.275615518518,9283.196146055552,24,True
2025-06-26,2,4557.839157695468,3957.0764833333333,9283.196146055552,8988.499739833325,24,True
2025-06-26,3,2700.2237664403383,556.8310166666668,8988.499739833325,10800.0,24,True
2025-06-26,4,0.0,4321.73530649999,10800.0,5998.071881666678,24,True
2025-06-26,5,4420.714731376533,2870.249826666666,5998.071881666678,6787.548665831481,24,True
2025-06-27,0,450.08098166666724,299.9274500000001,6787.548665831481,6859.368827109258,24,True
2025-06-27,1,142.61236666666656,4876.355934248334,6859.368827109258,1569.5466968333294,24,True
2025-06-27,2,10256.059225740742,0.0,1569.5466968333294,10800.0,24,True
2025-06-27,3,0.0,0.0,10800.0,10800.0,24,True
2025-06-27,4,86.1251446090537,3827.9041533333334,10800.0,6624.285793111112,24,True
2025-06-27,5,4958.846925,3034.1895499999996,6624.285793111112,7715.92630338889,24,True
2025-06-28,0,859.1670308771947,808.3574005938624,7715.92630338889,7591.001741629628,24,True
2025-06-28,1,51.93415166666648,4883.531743333333,7591.001741629628,2211.5960966481475,24,True
2025-06-28,2,9214.685516666666,0.0,2211.5960966481475,10504.813061648147,24,True
2025-06-28,3,327.98548705761476,48.99002666666672,10504.813061648147,10745.566637037036,24,True
2025-06-28,4,299.3974333197558,3720.481871780152,10745.566637037036,6881.155580602426,24,True
2025-06-28,5,4640.607284999999,2803.480284958847,6881.155580602426,7942.724042703708,24,True
2025-06-29,0,3174.7510636625498,0.0,7942.724042703708,10800.0,24,True
2025-06-29,1,949.3926627571983,2273.5976702166686,10800.0,9128.233762907406,24,True
2025-06-29,2,5887.179941666667,3653.885416666667,9128.233762907406,10366.823025222222,24,True
2025-06-29,3,978.5234493415616,402.7447166666665,10366.823025222222,10800.0,24,True
2025-06-29,4,0.0,3542.8505771166724,10800.0,6863.499358759257,24,True
2025-06-29,5,5122.556201666666,2878.2273416666667,6863.499358759257,8275.769560629627,24,True
2025-06-30,0,2293.708818189301,268.41543000000024,8275.769560629627,10041.868130333332,24,True
2025-06-30,1,1253.373129711938,3655.3517716666665,10041.868130333332,7108.4019785555565,24,True
2025-06-30,2,4434.3525500000005,3697.715033333333,7108.4019785555565,6990.7470142962975,24,True
2025-06-30,3,5022.051897695476,727.6080716666672,6990.7470142962975,10702.140309259259,24,True
2025-06-30,4,321.5364835185182,4156.887915,10702.140309259259,6372.758794425921,24,True
2025-06-30,5,4508.452708333333,2656.9762749999995,6372.758794425921,7478.170370814808,24,True
2025-07-01,0,2375.8008264398377,1975.7024450000004,7478.170370814808,7421.1661757217735,24,True
2025-07-01,1,1714.145446666666,4081.439272253019,7421.1661757217735,4428.964552996195,24,True
2025-07-01,2,4818.222353333333,2906.068097696576,4428.964552996195,5536.4001180000005,24,True
2025-07-01,3,6759.573270000004,924.7534300000002,5536.4001180000005,10592.512249888898,24,True
2025-07-01,4,273.9612079423779,4931.919593333331,10592.512249888898,5359.166677777778,24,True
2025-07-01,5,2960.9547333333326,3660.623878333333,5359.166677777778,3956.666072962963,24,True
2025-07-02,0,5425.632769876554,1189.7276099999997,3956.666072962963,7517.815999185199,24,True
2025-07-02,1,903.889048333333,4942.217217449997,7517.815999185199,2839.9636788518665,24,True
2025-07-02,2,5278.456008374491,1475.9673109666796,2839.9636788518665,5950.610407537042,24,True
2025-07-02,3,5550.685843477364,131.60490000000004,5950.610407537042,10800.0,24,True
2025-07-02,4,9.835833333333085,6099.517011893005,10800.0,4031.6111256744434,24,True
2025-07-02,5,2966.169866666666,2821.557304773666,4031.6111256744434,3566.100333703703,24,True
2025-07-03,0,4694.880834218105,900.242253333333,3566.100333703703,6791.223914129629,24,True
2025-07-03,1,1881.5832716666666,3378.1770064000016,6791.223914129629,4731.118851518515,24,True
2025-07-03,2,3994.120078251034,3178.006966366663,4731.118851518515,4794.708070425931,24,True
2025-07-03,3,6914.165889473858,1352.5397166666671,4794.708070425931,9514.635463544997,24,True
2025-07-03,4,30.68833333333305,5733.987567283124,9514.635463544997,3171.1576665637485,24,True
2025-07-03,5,2817.125625000001,1870.704533240707,3171.1576665637485,3628.0101365740743,24,True
2025-07-04,0,117.81327499999998,1521.4110649999996,3628.0101365740743,2043.5853451851854,24,True
2025-07-04,1,191.00619999999992,759.2268106666664,2043.5853451851854,1371.9055799999996,24,True
2025-07-04,2,10475.66046666667,0.0,1371.9055799999996,10800.0,24,True
2025-07-04,3,0.0,83.70323333333329,10800.0,10706.996407407407,24,True
2025-07-04,4,103.93086820987742,5325.12106355967,10706.996407407407,4883.733007063326,24,True
2025-07-04,5,2839.148181499999,3388.51280453866,4883.733007063326,3673.952143148147,24,True
2025-07-05,0,684.6049266666664,167.19935666666652,3673.952143148147,4104.319514185183,24,True
2025-07-05,1,237.83256000000006,2694.878998366665,4104.319514185183,1324.05882,24,True
2025-07-05,2,10528.823533333334,0.0,1324.05882,10800.0,24,True
2025-07-05,3,0.0,34.63782499999991,10800.0,10761.513527777777,24,True
2025-07-05,4,17.35096333333354,5838.525722016666,10761.513527777777,4289.878592537041,24,True
2025-07-05,5,2983.595353333334,3002.766094733338,4289.878592537041,3638.707638611111,24,True
2025-07-06,0,5363.5973409876515,25.749100000000226,3638.707638611111,8437.335134388886,24,True
2025-07-06,1,1040.8080610905354,4707.982328333334,8437.335134388886,4142.970913444438,24,True
2025-07-06,2,3395.4914833333332,2653.009617099994,4142.970913444438,4251.124785,24,True
2025-07-06,3,5094.411176255146,2621.634944999999,4251.124785,5923.167126962964,24,True
2025-07-06,4,8.098749999999882,4257.410401766668,5923.167126962964,1200.0,24,True
2025-07-06,5,2982.967400333333,47.36987499999998,1200.0,3832.0374658555547,24,True
2025-07-07,0,5163.100781827161,856.5492883333329,3832.0374658555547,7527.106738018518,24,True
2025-07-07,1,922.717531666667,4881.39792425,7527.106738018518,2933.777045129629,24,True
2025-07-07,2,3430.2235516666633,1573.2891906166662,2933.777045129629,4272.879140944441,24,True
2025-07-07,3,5846.079891707818,211.78999999999996,4272.879140944441,9299.028821259253,24,True
2025-07-07,4,499.9287083333336,4485.312633583335,9299.028821259253,4765.283954777767,24,True
2025-07-07,5,2870.6469750000006,3267.205733716656,4765.283954777767,3718.63763925926,24,True
2025-07-08,0,7453.613566666668,54.45749999999998,3718.63763925926,10366.38151592593,24,True
2025-07-08,1,513.3713609053451,4907.052209649999,10366.38151592593,5376.135507796297,24,True
2025-07-08,2,5242.555983333333,3046.3533833333336,5376.135507796297,6709.598800203705,24,True
2025-07-08,3,5614.211888662554,866.1505499999997,6709.598800203705,10800.0,24,True
2025-07-08,4,50.25205000000028,3887.796338333332,10800.0,6525.453135740744,24,True
2025-07-08,5,3906.8640316666642,3264.470873333333,6525.453135740744,6414.440904981483,24,True
2025-07-09,0,2501.812092345693,5.696666666666715,6414.440904981483,8659.742158462977,24,True
2025-07-09,1,1422.9126866666666,3648.1143533333316,8659.742158462977,5886.903183870385,24,True
2025-07-09,2,5013.677128045277,2358.8981499999995,5886.903183870385,7778.214654666689,24,True
2025-07-09,3,4338.173614156354,794.3138166666665,7778.214654666689,10800.0,24,True
2025-07-09,4,0.0,4625.001054640388,10800.0,5661.109939288457,24,True
2025-07-09,5,3898.6492497500003,3073.6396416666657,5661.109939288457,5754.739106656051,24,True
2025-07-10,0,4575.95719538217,28.991340000000037,5754.739106656051,9840.8879825,24,True
2025-07-10,1,1078.7272190329204,5093.049824083335,9840.8879825,5152.798230648148,24,True
2025-07-10,2,5336.085607942386,2650.878716666666,5152.798230648148,7009.854481499999,24,True
2025-07-10,3,4930.447839485599,663.7659949999991,7009.854481499999,10709.739764814814,24,True
2025-07-10,4,206.05347318930427,4647.396212016667,10709.739764814814,5731.414321777778,24,True
2025-07-10,5,3811.351295583333,3243.262443333333,5731.414321777778,5558.005550765742,24,True
2025-07-11,0,403.55726833333324,327.6299683333334,5558.005550765742,5557.1737941175925,24,True
2025-07-11,1,198.30419999999953,4024.6388182058336,5557.1737941175925,1263.826665,24,True
2025-07-11,2,8046.6884,0.0,1263.826665,8505.846225000001,24,True
2025-07-11,3,2549.059749999997,0.0,8505.846225000001,10800.0,24,True
2025-07-11,4,49.616698551280805,4701.486435576539,10800.0,5620.7812113888895,24,True
2025-07-11,5,3620.322164833333,2827.308198333333,5620.7812113888895,5737.617606035186,24,True
2025-07-12,0,212.44198500000005,926.3972874561365,5737.617606035186,4899.485073139479,24,True
2025-07-12,1,63.142051666666646,3361.556272175532,4899.485073139479,1221.250395,24,True
2025-07-12,2,9009.828566666665,0.0,1221.250395,9330.096104999999,24,True
2025-07-12,3,1633.2265500000017,119.10980333333293,9330.096104999999,10667.655774074075,24,True
2025-07-12,4,225.3676336940322,4598.895020400001,10667.655774074075,5760.603288398704,24,True
2025-07-12,5,3741.9607018500014,2949.6726283333333,5760.603288398704,5850.953888582225,24,True
2025-07-13,0,4497.665032130856,0.0,5850.953888582225,9898.852417499997,24,True
2025-07-13,1,1391.7385683333396,3609.497099516661,9898.852417499997,7140.864796203707,24,True
2025-07-13,2,4838.016955205754,2273.9651499999995,7140.864796203707,8968.452111444441,24,True
2025-07-13,3,2491.5435675308677,369.75719000000026,8968.452111444441,10800.0,24,True
2025-07-13,4,34.68106995884586,4103.453144652264,10800.0,6271.820580016001,24,True
2025-07-13,5,3712.3522749999997,3064.11339,6271.820580016001,6208.367194182669,24,True
2025-07-14,0,3660.44181004395,88.7477316666666,6208.367194182669,9404.15623248148,24,True
2025-07-14,1,1736.6999913316886,4258.398586666666,9404.15623248148,6235.632239494813,24,True
2025-07-14,2,4722.968383333334,2004.440666666666,6235.632239494813,8259.147488198516,24,True
2025-07-14,3,2950.7366592032977,103.32943333333333,8259.147488198516,10800.0,24,True
2025-07-14,4,0.0,4129.482649800001,10800.0,6211.685944666666,24,True
2025-07-14,5,3900.5095083333335,3218.989281666667,6211.685944666666,6145.4897447592575,24,True
2025-07-15,0,5196.666744506175,20.24083333333317,6145.4897447592575,10800.0,24,True
2025-07-15,1,282.99994584362184,4597.4692583333335,10800.0,5946.400775333333,24,True
2025-07-15,2,6101.698386666667,1581.6237500000002,5946.400775333333,9680.569601111107,24,True
2025-07-15,3,1832.0528917695551,476.4754833333334,9680.569601111107,10800.0,24,True
2025-07-15,4,46.90549030864325,2581.22399445,10800.0,7974.188280777777,24,True
2025-07-15,5,5156.653960000001,2488.3798429162566,7974.188280777777,9850.310352648601,24,True
2025-07-16,0,1764.587270390443,574.5950063999994,9850.310352648601,10800.0,24,True
2025-07-16,1,1493.8371046316906,3962.6258391008373,10800.0,7741.5357951675915,24,True
2025-07-16,2,5319.056955986628,1555.8183499999996,7741.5357951675915,10800.0,24,True
2025-07-16,3,366.73866255143975,297.05831666666654,10800.0,10800.0,24,True
2025-07-16,4,118.9965503703701,3977.9095626666667,10800.0,6487.197381259259,24,True
2025-07-16,5,4940.283010416666,2815.9164899999996,6487.197381259259,7804.655990634257,24,True
2025-07-17,0,3328.1600104063828,0.0,7804.655990634257,10800.0,24,True
2025-07-17,1,30.287314814815748,5062.022104199998,10800.0,5202.78957866667,24,True
2025-07-17,2,5971.693816666667,2836.7979000000005,5202.78957866667,7425.3163470000045,24,True
2025-07-17,3,4557.866733786003,654.656766666667,7425.3163470000045,10800.0,24,True
2025-07-17,4,186.8986148148172,2281.089874666667,10800.0,8433.664448148149,24,True
2025-07-17,5,4582.378496666667,2532.5274044279795,8433.664448148149,9743.885756894837,24,True
2025-07-18,0,1568.2265151168453,840.6263915220184,9743.885756894837,10221.260296586646,24,True
2025-07-18,1,324.34414000000027,5540.277116666666,10221.260296586646,4357.306559623684,24,True
2025-07-18,2,7158.548267084795,0.0,4357.306559623684,10800.0,24,True
2025-07-18,3,0.0,44.47397166666644,10800.0,10750.584475925925,24,True
2025-07-18,4,185.05724353909721,3320.6410349999946,10750.584475925925,7227.534845111117,24,True
2025-07-18,5,4728.886289999994,2755.1563850000002,7227.534845111117,8422.247633888888,24,True
2025-07-19,0,2820.8042433333335,599.7447758582579,8422.247633888888,10294.588368601937,24,True
2025-07-19,1,737.4158349999998,4939.352303833332,10294.588368601937,5470.093393620458,24,True
2025-07-19,2,5922.118451532824,0.0,5470.093393620458,10800.0,24,True
2025-07-19,3,0.0,0.0,10800.0,10800.0,24,True
2025-07-19,4,63.27313712736811,3347.1605565833315,10800.0,7137.878538322039,24,True
2025-07-19,5,4907.265475,2790.892453333333,7137.878538322039,8453.425851007225,24,True
2025-07-20,0,2607.3046099919666,0.0,8453.425851007225,10800.0,24,True
2025-07-20,1,205.04405000000042,3634.559486250003,10800.0,6946.140215833331,24,True
2025-07-20,2,3608.221362160494,2008.6769,6946.140215833331,7961.676219555553,24,True
2025-07-20,3,3576.336072921814,342.34081666666634,7961.676219555553,10800.0,24,True
2025-07-20,4,119.61660594650215,2939.3504747168736,10800.0,7641.709973444216,24,True
2025-07-20,5,4818.859141666667,2784.4200083333335,7641.709973444216,8884.88319168496,24,True
2025-07-21,0,2127.9075647944887,0.0,8884.88319168496,10800.0,24,True
2025-07-21,1,198.01034500000048,3894.0082629500007,10800.0,6651.533462777778,24,True
2025-07-21,2,5980.843233333333,2550.788733333333,6651.533462777778,9200.082669074076,24,True
2025-07-21,3,2288.6169314814797,413.85411666666676,9200.082669074076,10800.0,24,True
2025-07-21,4,194.6808113374484,2491.934858187446,10800.0,8206.39622110654,24,True
2025-07-21,5,5078.333493333332,2778.153425,8206.39622110654,9690.059226217652,24,True
2025-07-22,0,1803.454401017088,597.3532281433934,9690.059226217652,10649.442378084817,24,True
2025-07-22,1,1777.3209150000007,3705.2364193166686,10649.442378084817,8132.101846788518,24,True
2025-07-22,2,4251.666250226342,1890.5944833333328,8132.101846788518,9857.94093495519,24,True
2025-07-22,3,2447.335483794644,1134.4885833333333,9857.94093495519,10800.0,24,True
2025-07-22,4,15.324110000000019,3303.558294764165,10800.0,7143.171371484262,24,True
2025-07-22,5,4677.123729749999,2831.664593333333,7143.171371484262,8206.288735666669,24,True
2025-07-23,0,2881.9014048148115,0.0,8206.288735666669,10800.0,24,True
2025-07-23,1,118.10433666666654,5017.483182205838,10800.0,5331.312589437959,24,True
2025-07-23,2,5985.3223333333335,2520.525083333333,5331.312589437959,7917.519263512035,24,True
2025-07-23,3,4304.2979767561765,892.2486983333326,7917.519263512035,10800.0,24,True
2025-07-23,4,13.819572386831283,4185.456287392664,10800.0,6161.930629156298,24,True
2025-07-23,5,4767.820228916666,2728.5272749999995,6161.930629156298,7421.271862959077,24,True
2025-07-24,0,3057.157013333334,5.919774999999845,7421.271862959077,10166.135647181298,24,True
2025-07-24,1,1170.9916875557606,4024.9344307999977,10166.135647181298,6747.878798425929,24,True
2025-07-24,2,5334.9625476131705,1501.8965833333332,6747.878798425929,9880.571109796301,24,True
2025-07-24,3,1662.8144375128268,1285.1792833333334,9880.571109796301,9949.127122076368,24,True
2025-07-24,4,728.1987446120987,3821.3361662141588,9949.127122076368,6358.576918655966,24,True
2025-07-24,5,5037.157961502057,2671.82365,6358.576918655966,7923.326139563373,24,True
2025-07-25,0,2900.0610350000015,44.83297673393315,7923.326139563373,10483.566652470116,24,True
2025-07-25,1,652.9280250000002,5065.584055607035,10483.566652470116,5442.775146517855,24,True
2025-07-25,2,5952.472059424608,0.0,5442.775146517855,10800.0,24,True
2025-07-25,3,0.0,0.0,10800.0,10800.0,24,True
2025-07-25,4,0.0,3257.0517281185703,10800.0,7181.053635423811,24,True
2025-07-25,5,5079.51641425,2799.08511,7181.053635423811,8642.523841582146,24,True
2025-07-26,0,2397.1957315753893,0.0,8642.523841582146,10800.0,24,True
2025-07-26,1,638.0079866666662,5570.2527757572625,10800.0,5185.037437158597,24,True
2025-07-26,2,6238.847292046003,0.0,5185.037437158597,10800.0,24,True
2025-07-26,3,0.0,0.0,10800.0,10800.0,24,True
2025-07-26,4,35.42695473251085,3187.312059135795,10800.0,7290.426415775044,24,True
2025-07-26,5,4949.180376337448,2802.499516666666,7290.426415775044,8630.800402626895,24,True
2025-07-27,0,2379.503889946708,0.0,8630.800402626895,10772.353903578933,24,True
2025-07-27,1,111.93843017978604,5198.574255,10772.353903578933,5096.904874074073,24,True
2025-07-27,2,5650.784224806746,3204.8463499999993,5096.904874074073,6621.670287511257,24,True
2025-07-27,3,5665.6291455636265,828.6628666666661,6621.670287511257,10800.0,24,True
2025-07-27,4,28.312105349795175,3648.770773333333,10800.0,6771.291146666664,24,True
2025-07-27,5,5152.666246666668,2694.2493716666672,6771.291146666664,8415.080355703702,24,True
2025-07-28,0,2649.9107158847764,0.0,8415.080355703702,10800.0,24,True
2025-07-28,1,253.77417500000035,4253.1347029,10800.0,6302.691532055558,24,True
2025-07-28,2,5097.08262,3529.4589166666665,6302.691532055558,6968.444871537038,24,True
2025-07-28,3,5208.509813518518,770.4933333333332,6968.444871537038,10800.0,24,True
2025-07-28,4,301.2003290243034,1705.7527938121398,10800.0,9175.799414108387,24,True
2025-07-28,5,3906.842965510057,2099.7841550000003,9175.799414108387,10358.864577511886,24,True
2025-07-29,0,1388.3970020992642,727.579691461103,10358.864577511886,10800.0,24,True
2025-07-29,1,1510.117076666667,3349.3891904000043,10800.0,8437.5618241111,24,True
2025-07-29,2,3559.718821701082,3174.269083333332,8437.5618241111,8114.343115493926,24,True
2025-07-29,3,3901.4480609738275,743.0817333333337,8114.343115493926,10800.0,24,True
2025-07-29,4,38.68041590509722,3385.6786462808614,10800.0,7072.947211780297,24,True
2025-07-29,5,4887.06895875,2831.8446783333334,7072.947211780297,8324.81518761826,24,True
2025-07-30,0,2816.3596269262166,53.58496666666656,8324.81518761826,10800.0,24,True
2025-07-30,1,118.44517499999995,3971.463713866662,10800.0,6493.863197648153,24,True
2025-07-30,2,5232.331650000001,3243.9753999999994,6493.863197648153,7598.544571537042,24,True
2025-07-30,3,3932.69571347736,409.51637166666615,7598.544571537042,10682.952522925927,24,True
2025-07-30,4,245.32095730452414,3820.390426666666,10682.952522925927,6658.863132648148,24,True
2025-07-30,5,4779.569170370371,2759.5376766666664,6658.863132648148,7894.322411907409,24,True
2025-07-31,0,3228.530653436214,0.0,7894.322411907409,10800.0,24,True
2025-07-31,1,1106.8574680609095,2899.1968977,10800.0,8574.841834921484,24,True
2025-07-31,2,5570.082823333334,3194.3920666666654,8574.841834921484,10038.591857402967,24,True
2025-07-31,3,2049.7388004164573,1007.3200583333335,10038.591857402967,10764.112268518518,24,True
2025-07-31,4,122.02234553498,2890.5391427257223,10764.112268518518,7662.222220915862,24,True
2025-07-31,5,4919.150347942385,2793.4694849999996,7662.222220915862,8985.602550730677,24,True
2025-08-01,0,713.5912499999997,199.2753439909427,8985.602550730677,9406.417626851846,24,True
2025-08-01,1,450.6358166666669,5437.0089499999995,9406.417626851846,3770.868806296289,24,True
2025-08-01,2,7810.145770781901,0.0,3770.868806296289,10800.0,24,True
2025-08-01,3,0.0,0.0,10800.0,10800.0,24,True
2025-08-01,4,74.10372249999944,4279.799853333333,10800.0,6111.360179879632,24,True
2025-08-01,5,4758.288331790123,3131.875026849996,6111.360179879632,6913.958537546304,24,True
2025-08-02,0,1521.6115550000004,4.887044999999944,6913.958537546304,8277.978887046303,24,True
2025-08-02,1,426.55078333333324,3842.896718791675,8277.978887046303,4391.989348944441,24,True
2025-08-02,2,7120.011834506174,0.0,4391.989348944441,10800.0,24,True
2025-08-02,3,0.0,35.227666666666664,10800.0,10760.858148148149,24,True
2025-08-02,4,43.49094650205877,4242.4186549999995,10760.858148148149,6086.201494444445,24,True
2025-08-02,5,5143.089105156376,3260.300864999999,6086.201494444445,7092.425172418519,24,True
2025-08-03,0,4119.527586201648,0.0,7092.425172418519,10800.0,24,True
2025-08-03,1,268.0315745473225,4671.15841,10800.0,5851.0524059814825,24,True
2025-08-03,2,6962.193211460904,1185.3236666666662,5851.0524059814825,10800.0,24,True
2025-08-03,3,0.0,0.0,10800.0,10800.0,24,True
2025-08-03,4,79.46723849794142,3825.7911159053506,10800.0,6620.641496975537,24,True
2025-08-03,5,4216.672641666666,2965.537024953702,6620.641496975537,7120.605735638091,24,True
2025-08-04,0,3630.0034856490342,138.60337333333348,7120.605735638091,10233.605124574075,24,True
2025-08-04,1,817.6250838065831,5169.78662,10233.605124574075,5225.260344444445,24,True
2025-08-04,2,5922.269850000001,1259.5631666666663,5225.260344444445,9155.788579814815,24,True
2025-08-04,3,1834.363779629631,6.044383333333371,9155.788579814815,10800.0,24,True
2025-08-04,4,44.119096666666564,4497.923174416665,10800.0,5842.014770981483,24,True
2025-08-04,5,4259.115895884773,2757.635265,5842.014770981483,6611.179893944444,24,True
2025-08-05,0,4674.501105493828,16.40779999999984,6611.179893944444,10800.0,24,True
2025-08-05,1,55.01313374485494,4877.046933333334,10800.0,5430.570783333332,24,True
2025-08-05,2,3872.2709683333323,1729.4810666666667,5430.570783333332,6993.969025203701,24,True
2025-08-05,3,4273.192399979424,35.8579666666667,6993.969025203701,10800.0,24,True
2025-08-05,4,113.43673485596668,3909.600211296299,10800.0,6558.092826596705,24,True
2025-08-05,5,4230.42435606996,2817.2108616666665,6558.092826596705,7235.2404563189275,24,True
2025-08-06,0,3433.583314196298,0.0,7235.2404563189275,10325.465439095595,24,True
2025-08-06,1,527.2606232271171,4621.899763333333,10325.465439095595,5664.55581851852,24,True
2025-08-06,2,4731.8183,1579.2816500000001,5664.55581851852,8168.434899629631,24,True
2025-08-06,3,2923.9612226337413,1997.2832829999995,8168.434899629631,8580.79635222222,24,True
2025-08-06,4,290.0971239094654,4383.858581650202,8580.79635222222,3970.929784129404,24,True
2025-08-06,5,4251.437525,2529.3062858831304,3970.929784129404,4986.883238981482,24,True
2025-08-07,0,5176.4017316872405,6.805099999999925,4986.883238981482,9638.083575277775,24,True
2025-08-07,1,1205.7319499999994,5984.234805,9638.083575277775,4074.0925469444464,24,True
2025-08-07,2,4579.430999999999,1564.1912166666666,4074.0925469444464,6457.590206203704,24,True
2025-08-07,3,4865.667137139916,33.021566666666786,6457.590206203704,10800.0,24,True
2025-08-07,4,0.0,4457.3387766666665,10800.0,5847.401359259261,24,True
2025-08-07,5,4266.417740469613,3215.6372662500016,5847.401359259261,6114.247029848578,24,True
2025-08-08,0,611.546793333333,112.54602500000021,6114.247029848578,6539.588004959688,24,True
2025-08-08,1,345.91854166666667,4399.194755197054,6539.588004959688,1962.9205200185177,24,True
2025-08-08,2,9818.977199979425,0.0,1962.9205200185177,10800.0,24,True
2025-08-08,3,0.0,0.0,10800.0,10800.0,24,True
2025-08-08,4,158.6072999999999,4218.704975000001,10800.0,6255.2965977777785,24,True
2025-08-08,5,4441.524399999999,3417.6584083333328,6255.2965977777785,6455.270326296298,24,True
2025-08-09,0,402.5248550000002,260.9187750000002,6455.270326296298,6527.632945796301,24,True
2025-08-09,1,477.4641493209844,4397.444880333333,6527.632945796301,2071.3008131481524,24,True
2025-08-09,2,9698.554652057608,0.0,2071.3008131481524,10800.0,24,True
2025-08-09,3,0.0,0.0,10800.0,10800.0,24,True
2025-08-09,4,67.79350666666676,4388.7176108895,10800.0,5984.6612550116715,24,True
2025-08-09,5,4308.293783333333,3223.616636833335,5984.6612550116715,6280.329396863523,24,True
2025-08-10,0,3629.2469694726306,0.421333333333223,6280.329396863523,9546.183521240739,24,True
2025-08-10,1,1260.8069183333328,5178.724525,9546.183521240739,4926.771386629627,24,True
2025-08-10,2,4474.722599999999,1441.76425,4926.771386629627,7352.061448851849,24,True
2025-08-10,3,3843.8542543621484,10.377250000000004,7352.061448851849,10800.0,24,True
2025-08-10,4,211.1003922853339,4351.719555,10800.0,6154.7464030568035,24,True
2025-08-10,5,4271.273116666665,3137.5257455008855,6154.7464030568035,6512.752490833596,24,True
2025-08-11,0,3482.487415411229,0.0,6512.752490833596,9646.9911647037,24,True
2025-08-11,1,1281.1209281070044,5104.199866666667,9646.9911647037,5128.666814814816,24,True
2025-08-11,2,4288.0743833333345,1955.1859,5128.666814814816,6815.504982037038,24,True
2025-08-11,3,4492.000078292183,239.26706263374467,6815.504982037038,10592.452760684728,24,True
2025-08-11,4,300.8829686836366,3960.818070000001,10592.452760684728,6462.338465833329,24,True
2025-08-11,5,4422.567184499999,2912.108786666666,6462.338465833329,7206.972502253699,24,True
2025-08-12,0,2607.1316219403343,0.0,7206.972502253699,9553.390962000001,24,True
2025-08-12,1,1317.672518333333,4582.603889999999,9553.390962000001,5647.514128500007,24,True
2025-08-12,2,2415.435483333333,1236.6518333333333,5647.514128500007,6447.3484709074155,24,True
2025-08-12,3,4836.279476769539,1356.9293664609047,6447.3484709074155,9292.300703932327,24,True
2025-08-12,4,198.27902998333332,4638.5200197637605,9292.300703932327,4316.840697846483,24,True
2025-08-12,5,4188.628908333332,2805.1566280618345,4316.840697846483,4969.766017499998,24,True
2025-08-13,0,5689.291398333336,233.15684999999996,4969.766017499998,9831.06510933333,24,True
2025-08-13,1,989.9183433333335,5668.2356033333335,9831.06510933333,4423.952059074073,24,True
2025-08-13,2,2401.32435,1369.6752,4423.952059074073,5063.28264074074,24,True
2025-08-13,3,5185.711374032919,96.8789333333334,5063.28264074074,9622.77961811111,24,True
2025-08-13,4,482.15607333333355,4697.360926625512,9622.77961811111,4837.43016563832,24,True
2025-08-13,5,4246.847233333334,3294.9071240744884,4837.43016563832,4998.584760000001,24,True
2025-08-14,0,5429.825516666669,59.42321500000037,4998.584760000001,9819.40193055556,24,True
2025-08-14,1,1184.2722376543188,5587.5884536333315,9819.40193055556,4676.815329296296,24,True
2025-08-14,2,4224.004533333329,2283.1514666666667,4676.815329296296,5941.584446333329,24,True
2025-08-14,3,5398.239504074077,0.0,5941.584446333329,10800.0,24,True
2025-08-14,4,202.41608248971198,4830.32258744856,10800.0,5615.1493770756715,24,True
2025-08-14,5,4079.4968749999994,3369.960902551441,5615.1493770756715,5542.295561740736,24,True
2025-08-15,0,255.54760500000026,194.06201889999852,5542.295561740736,5556.663940796294,24,True
2025-08-15,1,295.12897500000025,3951.230047466665,5556.663940796294,1432.02441,24,True
2025-08-15,2,10408.861766666667,0.0,1432.02441,10800.0,24,True
2025-08-15,3,0.0,0.0,10800.0,10800.0,24,True
2025-08-15,4,382.58973725625845,4911.953380654528,10800.0,5686.604785025604,24,True
2025-08-15,5,4053.1665110082304,3548.329525,5686.604785025604,5391.8662838219,24,True
2025-08-16,0,157.0502416666668,638.1408649999997,5391.8662838219,4824.166095766345,24,True
2025-08-16,1,538.0246516666665,3300.8733245397107,4824.166095766345,1640.7512549999997,24,True
2025-08-16,2,10176.943049999998,0.0,1640.7512549999997,10800.0,24,True
2025-08-16,3,0.0,0.0,10800.0,10800.0,24,True
2025-08-16,4,153.81583119341587,4964.680291866669,10800.0,5422.122812666666,24,True
2025-08-16,5,3990.459833333332,3468.396366666666,5422.122812666666,5159.7629219259225,24,True
2025-08-17,0,4516.387541012783,39.90475833333346,5159.7629219259225,9180.173088467054,24,True
2025-08-17,1,1410.2053899999994,6080.845925,9180.173088467054,3692.862467244831,24,True
2025-08-17,2,4981.676866666665,1328.6753499999995,3692.862467244831,6700.065702800384,24,True
2025-08-17,3,4555.4825524440175,0.0,6700.065702800384,10800.0,24,True
2025-08-17,4,134.04662850000125,5169.098702885742,10800.0,5177.198962443623,24,True
2025-08-17,5,4224.615458333333,3243.822129974966,5177.198962443623,5375.1060638603285,24,True
2025-08-18,0,5334.05807404408,206.75501666666673,5375.1060638603285,9946.030534203705,24,True
2025-08-18,1,1039.0585319547304,5266.519724999998,9946.030534203705,5029.494629629631,24,True
2025-08-18,2,4793.118100000001,1985.133866666667,5029.494629629631,7137.596623333336,24,True
2025-08-18,3,4226.376694238678,165.27106666666782,7137.596623333336,10757.70112962963,24,True
2025-08-18,4,220.45644499999992,4924.741060105761,10757.70112962963,5484.1774189010075,24,True
2025-08-18,5,4383.348500000001,3395.153898333333,5484.1774189010075,5656.7978485306385,24,True
2025-08-19,0,4399.635780521515,172.6786633333336,5656.7978485306385,9424.604869518516,24,True
2025-08-19,1,1151.6388683333334,5380.53013,9424.604869518516,4482.713039907405,24,True
2025-08-19,2,4197.820300000001,1445.3886499999994,4482.713039907405,6654.763921018517,24,True
2025-08-19,3,4605.817865534982,669.1100147942393,6654.763921018517,10056.5444280064,24,True
2025-08-19,4,480.82516199485644,5064.524732366667,10056.5444280064,4862.03737117214,24,True
2025-08-19,5,4165.798541666667,3386.5705423882596,4862.03737117214,4848.399900462964,24,True
2025-08-20,0,5313.196141666667,128.59254166666688,4848.399900462964,9487.395826111111,24,True
2025-08-20,1,1131.54261,6727.48618,9487.395826111111,3030.799530666667,24,True
2025-08-20,2,2253.330416666667,1647.7195776000005,3030.799530666667,3227.997375000001,24,True
2025-08-20,3,3728.9802475064535,461.4128000000003,3227.997375000001,6071.398708866919,24,True
2025-08-20,4,420.43029999999953,4724.807380980228,6071.398708866919,1200.0,24,True
2025-08-20,5,3903.060566666665,30.214741666666555,1200.0,4679.182574814814,24,True
2025-08-21,0,6070.344008539095,206.41940833333297,4679.182574814814,9913.137284351855,24,True
2025-08-21,1,948.5042349999999,5237.2286699999995,9913.137284351855,4947.648129185189,24,True
2025-08-21,2,3901.8879391152245,1134.3337833333337,4947.648129185189,7198.976404018521,24,True
2025-08-21,3,4239.860600473246,193.36584999999968,7198.976404018521,10800.0,24,True
2025-08-21,4,98.35523423868051,4875.844153333334,10800.0,5470.915095999997,24,True
2025-08-21,5,3959.2708666666663,3642.694941666666,5470.915095999997,4986.8200519259235,24,True
2025-08-22,0,431.9495750000002,533.5844333333334,4986.8200519259235,4782.70307683333,24,True
2025-08-22,1,304.6544766666668,2817.4007850666644,4782.70307683333,1926.4467890925926,24,True
2025-08-22,2,9859.503567674898,0.0,1926.4467890925926,10800.0,24,True
2025-08-22,3,0.0,0.0,10800.0,10800.0,24,True
2025-08-22,4,11.775011193416617,5555.4899322,10800.0,4637.830918740744,24,True
2025-08-22,5,4012.234816666666,3180.7694174500025,4637.830918740744,4714.65401212963,24,True
2025-08-23,0,300.17176741666634,579.5469083333337,4714.65401212963,4340.867593545369,24,True
2025-08-23,1,312.96585,2594.152911666667,4340.867593545369,1740.1447344712951,24,True
2025-08-23,2,10066.50585058745,0.0,1740.1447344712951,10800.0,24,True
2025-08-23,3,0.0,0.0,10800.0,10800.0,24,True
2025-08-23,4,28.014651666667078,5150.373624999998,10800.0,5102.575825388892,24,True
2025-08-23,5,4065.312833333333,3535.029699999999,5102.575825388892,4833.546597611114,24,True
2025-08-24,0,5823.833134855962,177.77043833333357,4833.546597611114,9877.47370972222,24,True
2025-08-24,1,1025.029211419755,5585.620071666667,9877.47370972222,4593.7554759259265,24,True
2025-08-24,2,5414.618916666667,1630.3419166666665,4593.7554759259265,7655.421482407409,24,True
2025-08-24,3,3806.4674269547336,253.11795000000006,7655.421482407409,10800.0,24,True
2025-08-24,4,156.61657407407395,5102.428226666669,10800.0,5271.59022037037,24,True
2025-08-24,5,3929.7686416666656,3285.5599796199995,5271.59022037037,5157.759798292591,24,True
2025-08-25,0,5214.794926341559,0.0,5157.759798292591,9851.075231999994,24,True
2025-08-25,1,1132.303246666667,5840.673293333333,9851.075231999994,4380.511161407401,24,True
2025-08-25,2,4136.316636666665,1481.2753666666663,4380.511161407401,6457.334615888881,24,True
2025-08-25,3,4379.882611861121,1305.4064286419734,6457.334615888881,8948.77737918392,24,True
2025-08-25,4,57.53375333333304,5327.469522416666,8948.77737918392,3081.1471767209596,24,True
2025-08-25,5,3863.4924401666667,1706.1698590488638,3081.1471767209596,4662.54608503889,24,True
2025-08-26,0,5979.545475286006,41.53010833333349,4662.54608503889,9997.99244798148,24,True
2025-08-26,1,994.8391000000001,6154.849131666667,9997.99244798148,4054.626380574075,24,True
2025-08-26,2,4391.886366666666,1858.7451499999997,4054.626380574075,5942.051721685187,24,True
2025-08-26,3,5519.664733106996,98.77498333333347,5942.051721685187,10800.0,24,True
2025-08-26,4,273.5633516666668,4990.470931152264,10800.0,5501.2393152197055,24,True
2025-08-26,5,3991.747075,3711.9405004810706,5501.2393152197055,4969.43334885185,24,True
2025-08-27,0,5215.233683333334,58.874616666666384,4969.43334885185,9597.727423111111,24,True
2025-08-27,1,1349.6309287242816,5263.047791666667,9597.727423111111,4964.564379333333,24,True
2025-08-27,2,3837.758201172841,2543.7576833333333,4964.564379333333,5592.1493344629625,24,True
2025-08-27,3,6411.506603683128,506.25475000000006,5592.1493344629625,10800.0,24,True
2025-08-27,4,19.73268930041134,4911.837521666665,10800.0,5360.1621740740775,24,True
2025-08-27,5,3841.488991666666,3404.9742897857996,5360.1621740740775,5034.197500145409,24,True
2025-08-28,0,5315.14027539399,283.8990833333338,5034.197500145409,9502.380322074074,24,True
2025-08-28,1,1057.0186849999996,5685.154346666666,9502.380322074074,4136.8589756111105,24,True
2025-08-28,2,894.3246833333335,2643.1730780499993,4136.8589756111105,2004.8922150000003,24,True
2025-08-28,3,6585.815485167238,187.82775000000015,2004.8922150000003,7723.428651650513,24,True
2025-08-28,4,844.4448604270024,4811.918694999999,7723.428651650513,3136.8526982570343,24,True
2025-08-28,5,3742.408283744856,1829.7324200979967,3136.8526982570343,4471.984131296298,24,True
2025-08-29,0,950.1401999999996,221.31813833333348,4471.984131296298,5081.201268703702,24,True
2025-08-29,1,702.9183284979399,3316.677681666667,5081.201268703702,2028.630340277773,24,True
2025-08-29,2,9745.966288580252,0.0,2028.630340277773,10800.0,24,True
2025-08-29,3,0.0,5.025500000000079,10800.0,10794.416111111112,24,True
2025-08-29,4,48.80771604938158,4862.076799433333,10794.416111111112,5436.035500629632,24,True
2025-08-29,5,3910.139033333333,3570.934758333333,5436.035500629632,4987.455343592596,24,True
2025-08-30,0,349.45693333333327,365.7489333333334,4987.455343592596,4895.578879888893,24,True
2025-08-30,1,537.3909866666668,2579.761864233337,4895.578879888893,2512.8286965185207,24,True
2025-08-30,2,9207.968114979421,0.0,2512.8286965185207,10800.0,24,True
2025-08-30,3,0.0,0.0,10800.0,10800.0,24,True
2025-08-30,4,73.8539099999997,5455.085355200981,10800.0,4805.262568776687,24,True
2025-08-30,5,3725.7975941176487,3313.0832836343134,4805.262568776687,4477.276755000001,24,True
2025-08-31,0,6520.426858477366,0.0,4477.276755000001,10345.66092762963,24,True
2025-08-31,1,545.3664590123446,5723.212049999999,10345.66092762963,4477.366240740742,24,True
2025-08-31,2,3176.5813333333335,1301.35885,4477.366240740742,5890.335162962963,24,True
2025-08-31,3,5210.601138106997,215.24085000000014,5890.335162962963,10340.719687259261,24,True
2025-08-31,4,595.1115367901176,4663.063729999999,10340.719687259261,5695.1381481481485,24,True
2025-08-31,5,4202.696133333333,3763.3448940761314,5695.1381481481485,5296.070341396891,24,True
2025-09-01,0,6115.477398447901,0.0,5296.070341396891,10800.0,24,True
2025-09-01,1,0.0,4932.74125,10800.0,5319.176388888892,24,True
2025-09-01,2,5254.0793416666675,1047.6085833333332,5319.176388888892,8883.838259351856,24,True
2025-09-01,3,2129.068600720159,0.0,8883.838259351856,10800.0,24,True
2025-09-01,4,0.0,4048.1525266666667,10800.0,6302.0527481481495,24,True
2025-09-01,5,5909.2561373569915,2871.119456425269,6302.0527481481495,8430.25054240803,24,True
2025-09-02,0,2633.054952879969,0.0,8430.25054240803,10800.0,24,True
2025-09-02,1,0.0,5697.398798333334,10800.0,4469.5568907407405,24,True
2025-09-02,2,4183.419986344307,1927.4221000000002,4469.5568907407405,6093.054767339507,24,True
2025-09-02,3,5229.939147400547,0.0,6093.054767339507,10800.0,24,True
2025-09-02,4,0.0,3964.6543549999997,10800.0,6394.828494444445,24,True
2025-09-02,5,5862.405603896749,2919.1498411703446,6394.828494444445,8427.493714428914,24,True
2025-09-03,0,2636.1180950789862,0.0,8427.493714428914,10800.0,24,True
2025-09-03,1,0.0,5059.4524833333335,10800.0,5178.386129629628,24,True
2025-09-03,2,4249.574428456787,832.7266166666666,5178.386129629628,8077.751318944441,24,True
2025-09-03,3,3096.911908991776,58.47483333333321,8077.751318944441,10800.0,24,True
2025-09-03,4,48.199231666666606,3694.7990933333335,10800.0,6738.0469825740765,24,True
2025-09-03,5,5520.382670718108,2447.291883783333,6738.0469825740765,8987.17818201667,24,True
2025-09-04,0,2014.2464644259203,0.0,8987.17818201667,10800.0,24,True
2025-09-04,1,244.29994806584426,4817.44329,10800.0,5667.155186592594,24,True
2025-09-04,2,7464.56604781893,1426.7381666666663,5667.155186592594,10800.0,24,True
2025-09-04,3,54.665790123455935,44.27928999999972,10800.0,10800.0,24,True
2025-09-04,4,86.62191358024576,3798.2500701816844,10800.0,6657.681866464794,24,True
2025-09-04,5,5570.36633446502,2644.5603749999996,6657.681866464794,8732.611150816645,24,True
2025-09-05,0,1692.842324298242,0.0,8732.611150816645,10256.16924268506,24,True
2025-09-05,1,584.4672,5140.423318449889,10256.16924268506,5070.608257740741,24,True
2025-09-05,2,6365.990824732511,0.0,5070.608257740741,10800.0,24,True
2025-09-05,3,0.0,0.0,10800.0,10800.0,24,True
2025-09-05,4,89.86930102880778,3492.29409666667,10800.0,7000.555596851846,24,True
2025-09-05,5,5837.341183333333,2774.9500666666663,7000.555596851846,9170.88480999999,24,True
2025-09-06,0,1892.4087472222286,311.62882833332367,9170.88480999999,10527.798428796308,24,True
2025-09-06,1,202.9206000000001,5665.590266666666,10527.798428796308,4415.326672500013,24,True
2025-09-06,2,7094.08147499999,0.0,4415.326672500013,10800.0,24,True
2025-09-06,3,0.0,0.0,10800.0,10800.0,24,True
2025-09-06,4,0.0,3315.6888,10800.0,7115.901333333335,24,True
2025-09-06,5,5676.775499999999,2700.040883333333,7115.901333333335,9224.953857407409,24,True
2025-09-07,0,1750.0512695473258,0.0,9224.953857407409,10800.0,24,True
2025-09-07,1,39.66017078189301,5470.837255,10800.0,4756.986092592592,24,True
2025-09-07,2,5251.641565265443,1888.2576666666664,4756.986092592592,7385.399427257417,24,True
2025-09-07,3,3794.000636380648,0.0,7385.399427257417,10800.0,24,True
2025-09-07,4,0.0,3638.0076331666664,10800.0,6757.769296481483,24,True
2025-09-07,5,5758.58209403292,2560.033851666666,6757.769296481483,9096.011123703705,24,True
2025-09-08,0,1275.8463842500005,22.62149166666643,9096.011123703705,10219.137878787962,24,True
2025-09-08,1,906.7772025812762,5509.5393250000025,10219.137878787962,4913.526999999999,24,True
2025-09-08,2,3017.9810166666666,1525.3709499999995,4913.526999999999,5934.85330388889,24,True
2025-09-08,3,3594.7226666666666,770.7795288888893,5934.85330388889,8313.682005123457,24,True
2025-09-08,4,280.45861666666565,4380.60697163333,8313.682005123457,3698.75368053087,24,True
2025-09-08,5,4259.232233333332,2248.878312477783,3698.75368053087,5033.30901,24,True
2025-09-09,0,6247.987431666667,50.917116666667084,5033.30901,10599.923124425923,24,True
2025-09-09,1,287.5756312963007,5707.018431666666,10599.923124425923,4517.609601851853,24,True
2025-09-09,2,6244.327358888892,1157.6981999999998,4517.609601851853,8851.172891518523,24,True
2025-09-09,3,2373.1565608641936,168.31241666666688,8851.172891518523,10800.0,24,True
2025-09-09,4,0.0,4387.9087500000005,10800.0,5924.545833333334,24,True
2025-09-09,5,4335.3976735,2943.162063333333,5924.545833333334,6556.223669112965,24,True
2025-09-10,0,3223.1957787839474,26.88460833333329,6556.223669112965,9427.228082981483,24,True
2025-09-10,1,1368.9915616666667,6258.8198999999995,9427.228082981483,3705.07615514815,24,True
2025-09-10,2,2924.562183333333,2254.5685396333347,3705.07615514815,3832.1059649999997,24,True
2025-09-10,3,5193.31609228395,350.66543333333345,3832.1059649999997,8116.462188796296,24,True
2025-09-10,4,672.2203632921826,4310.429963616667,8116.462188796296,3932.0938895185227,24,True
2025-09-10,5,4330.8921707,2460.1949172333375,3932.0938895185227,5096.346935111482,24,True
2025-09-11,0,6159.146144320575,0.0,5096.346935111482,10639.578465,24,True
2025-09-11,1,283.9926894375881,5005.68765277778,10639.578465,5333.296715740739,24,True
2025-09-11,2,7047.8379,2123.80465,5333.296715740739,9316.567881296298,24,True
2025-09-11,3,1648.25790967078,38.45476499999995,9316.567881296298,10757.272483333334,24,True
2025-09-11,4,125.17691588477356,4130.766125316666,10757.272483333334,6280.191568388893,24,True
2025-09-11,5,4324.858473583333,2975.892481666666,6280.191568388893,6866.016992762039,24,True
2025-09-12,0,364.34836666666695,206.00045105262092,6866.016992762039,6965.041132703572,24,True
2025-09-12,1,96.45984166666665,4639.3207320165475,6965.041132703572,1897.0541768518522,24,True
2025-09-12,2,9892.162025720165,0.0,1897.0541768518522,10800.0,24,True
2025-09-12,3,0.0,0.0,10800.0,10800.0,24,True
2025-09-12,4,85.23074897119058,4568.567525853667,10800.0,5800.521534236668,24,True
2025-09-12,5,4271.8646901425545,2741.086531806246,5800.521534236668,6599.548053358027,24,True
2025-09-13,0,1025.5894916666668,28.964999999999804,6599.548053358027,7490.395262524694,24,True
2025-09-13,1,319.7027333333336,4380.666468022226,7490.395262524694,2910.720535833334,24,True
2025-09-13,2,8765.866071296297,0.0,2910.720535833334,10800.0,24,True
2025-09-13,3,0.0,0.0,10800.0,10800.0,24,True
2025-09-13,4,182.7377056995898,4383.873567366258,10800.0,6093.493304722678,24,True
2025-09-13,5,4241.751358333333,2698.905716666666,6093.493304722678,6912.285397593049,24,True
2025-09-14,0,4319.682891563278,0.0,6912.285397593049,10800.0,24,True
2025-09-14,1,124.84295640909193,6061.267001358029,10800.0,4177.6175481481505,24,True
2025-09-14,2,3875.5745439094717,2466.304066666666,4177.6175481481505,4925.296785814824,24,True
2025-09-14,3,5805.991284197531,36.29156666666677,4925.296785814824,10110.364978629636,24,True
2025-09-14,4,616.8787750000008,4515.021516666668,10110.364978629636,5648.865302055563,24,True
2025-09-14,5,3996.8826617283944,3010.2230783333334,5648.865302055563,5901.3673883518595,24,True
2025-09-15,0,3196.442668321548,96.84831666666696,5901.3673883518595,8670.556549100513,24,True
2025-09-15,1,1167.698852131112,5488.470596666665,8670.556549100513,3623.184853055553,24,True
2025-09-15,2,5902.811866666667,1964.65175,3623.184853055553,6752.769144166665,24,True
2025-09-15,3,4520.218751337449,245.76128833333303,6752.769144166665,10547.897922222222,24,True
2025-09-15,4,331.13862551440377,5480.122780943916,10547.897922222222,4756.897373025279,24,True
2025-09-15,5,3300.9043333333334,3228.4579440560847,4756.897373025279,4140.535779629629,24,True
2025-09-16,0,6010.847891975309,222.90221666666628,4140.535779629629,9302.629752777779,24,True
2025-09-16,1,1032.019558333333,6314.156896718681,9302.629752777779,3215.717470034802,24,True
2025-09-16,2,3447.560949858461,1775.93475,3215.717470034802,4345.261491574083,24,True
2025-09-16,3,6653.355147640748,176.32153333333338,4345.261491574083,10137.368309635942,24,True
2025-09-16,4,593.2001599415732,5162.854073441573,10137.368309635942,4934.743927537164,24,True
2025-09-16,5,2885.583266666666,3448.2259931167814,4934.743927537164,3700.4066529629617,24,True
2025-09-17,0,6718.5006279835425,165.8564583333333,3700.4066529629617,9562.772264444442,24,True
2025-09-17,1,975.0487666666668,6115.302843333333,9562.772264444442,3645.5352174074055,24,True
2025-09-17,2,2341.06705,2205.455271666665,3645.5352174074055,3301.989705,24,True
2025-09-17,3,6431.659500427972,17.262946666666835,3301.989705,9071.302203533323,24,True
2025-09-17,4,117.912151666667,5039.947976333328,9071.302203533323,3577.4809441074076,24,True
2025-09-17,5,3244.884033333332,2308.1340316133333,3577.4809441074076,3933.2832056481475,24,True
2025-09-18,0,6834.576818724279,121.45391666666671,3933.2832056481475,9949.453546203707,24,True
2025-09-18,1,1033.964958333333,5329.615485,9949.453546203707,4958.227025370375,24,True
2025-09-18,2,3462.83665,2597.062416666666,4958.227025370375,5189.155102962967,24,True
2025-09-18,3,6195.109362489711,208.92248934156828,5189.155102962967,10532.617429935295,24,True
2025-09-18,4,123.29234166666743,5251.844881666666,10532.617429935295,4808.197335583445,24,True
2025-09-18,5,3263.4487249999993,3325.198436025101,4808.197335583445,4050.6362591666657,24,True
2025-09-19,0,325.1073750000002,660.1386132716054,4050.6362591666657,3609.7455485871033,24,True
2025-09-19,1,902.712225,2899.9678959783923,3609.7455485871033,1200.0,24,True
2025-09-19,2,10666.666666666664,0.0,1200.0,10800.0,24,True
2025-09-19,3,0.0,0.0,10800.0,10800.0,24,True
2025-09-19,4,0.0,6371.064943333335,10800.0,3721.03895185185,24,True
2025-09-19,5,3336.523433333333,2274.370056666665,3721.03895185185,4196.832201111111,24,True
2025-09-20,0,147.1167156666673,604.0762416666669,4196.832201111111,3658.0414211370367,24,True
2025-09-20,1,915.4391233333337,2953.7429689233327,3658.0414211370367,1200.0,24,True
2025-09-20,2,10666.666666666664,0.0,1200.0,10800.0,24,True
2025-09-20,3,0.0,12.984249999999975,10800.0,10785.573055555556,24,True
2025-09-20,4,47.629911666666885,6081.012590849998,10785.573055555556,4071.7593195555596,24,True
2025-09-20,5,3705.846207516662,2584.5833876000033,4071.7593195555596,4535.261586764995,24,True
2025-09-21,0,6363.433588573875,211.60692500000005,4535.261586764995,10027.233010925922,24,True
2025-09-21,1,1188.3917399382754,4672.9721266666675,10027.233010925922,5904.594325018519,24,True
2025-09-21,2,4631.049035884775,1505.8736166666667,5904.594325018519,8399.345549907408,24,True
2025-09-21,3,2670.896981584362,2.8375499999999647,8399.345549907408,10800.0,24,True
2025-09-21,4,78.13859028806641,5449.519496666665,10800.0,4815.303068296301,24,True
2025-09-21,5,3349.6466666666656,3319.8268698000043,4815.303068296301,4141.288546296297,24,True
2025-09-22,0,5961.6101189495,59.75314166666669,4141.288546296297,9440.345273721216,24,True
2025-09-22,1,1276.7941383333332,4124.261454332421,9440.345273721216,6006.947271185195,24,True
2025-09-22,2,4013.7422801646017,2222.2247833333327,6006.947271185195,7150.176675185188,24,True
2025-09-22,3,4147.762912345679,74.84696666666662,7150.176675185188,10800.0,24,True
2025-09-22,4,110.03344666666635,5339.073331883334,10800.0,4966.726399907408,24,True
2025-09-22,5,3113.9312000000004,3483.995814500001,4966.726399907408,3898.1580193518525,24,True
2025-09-23,0,6270.207520781892,127.99093333333315,3898.1580193518525,9399.13263990741,24,True
2025-09-23,1,1023.7412833333333,5901.239641666666,9399.13263990741,3763.566859722227,24,True
2025-09-23,2,3458.4470208436187,2310.599140416671,3763.566859722227,4308.836800240739,24,True
2025-09-23,3,6273.230865121496,504.5433750000003,4308.836800240739,9394.140828850088,24,True
2025-09-23,4,149.2421183333331,5247.135686816667,9394.140828850088,3698.3079722204598,24,True
2025-09-23,5,3277.47285,2309.1822224984135,3698.3079722204598,4082.2755122222225,24,True
2025-09-24,0,6282.803766419753,45.92839500000184,4082.2755122222225,9685.767351999995,24,True
2025-09-24,1,899.0625766666669,5626.138768333332,9685.767351999995,4243.658372851847,24,True
2025-09-24,2,3362.1622761642493,2739.292535566663,4243.658372851847,4225.946048547825,24,True
2025-09-24,3,6666.652344597078,0.0,4225.946048547825,10225.933158685195,24,True
2025-09-24,4,541.4248438151687,5046.146048333333,10225.933158685195,5106.386575526254,24,True
2025-09-24,5,3487.561483333334,3553.932663333334,5106.386575526254,4296.377840155882,24,True
2025-09-25,0,5667.872991225976,16.131283333333386,4296.377840155882,9379.53988411111,24,True
2025-09-25,1,1194.199356666666,4595.423020516668,9379.53988411111,5348.293726759261,24,True
2025-09-25,2,4759.384978110558,2278.97815,5348.293726759261,7099.542262614318,24,True
2025-09-25,3,4238.051951004666,285.77245666666647,7099.542262614318,10596.264066666667,24,True
2025-09-25,4,386.8505100000003,5154.720508349999,10596.264066666667,5216.962294166669,24,True
2025-09-25,5,3164.131633436213,3582.0053900862113,5216.962294166669,4084.674775274582,24,True
2025-09-26,0,953.9461612175432,104.38259999999991,4084.674775274582,4827.245653703703,24,True
2025-09-26,1,1051.1640733333334,3417.0630066666668,4827.245653703703,1976.5566456296285,24,True
2025-09-26,2,9502.627583333333,0.0,1976.5566456296285,10528.921470629628,24,True
2025-09-26,3,301.19836596708006,0.0,10528.921470629628,10800.0,24,True
2025-09-26,4,164.98898038333283,5538.702980483332,10800.0,4794.375659585744,24,True
2025-09-26,5,3270.5336249999996,2748.0112833333333,4794.375659585744,4684.510051715372,24,True
2025-09-27,0,365.9979083333332,207.22241666666645,4684.510051715372,4783.661039585743,24,True
2025-09-27,1,524.4214800899158,3616.5091515000013,4783.661039585743,1237.29687,24,True
2025-09-27,2,10625.2257,0.0,1237.29687,10800.0,24,True
2025-09-27,3,0.0,7.833833333333359,10800.0,10791.295740740741,24,True
2025-09-27,4,113.62511833333303,6357.656958016665,10791.295740740741,3829.4950605555578,24,True
2025-09-27,5,3318.926878950001,2529.3578764495032,3829.4950605555578,4006.1316111111114,24,True
2025-09-28,0,6153.532792530864,83.0284416666666,4006.1316111111114,9452.057300314813,24,True
2025-09-28,1,1175.0962150000005,4621.277815200002,9452.057300314813,5374.890765814811,24,True
2025-09-28,2,4439.1104043827145,3056.8501999999994,5374.890765814811,5973.589907537032,24,True
2025-09-28,3,5662.820411378602,243.11544999999967,5973.589907537032,10800.0,24,True
2025-09-28,4,61.80834313949629,5077.541323683333,10800.0,5213.914926955179,24,True
2025-09-28,5,3245.811170583333,3377.26956337283,5213.914926955179,4382.6232433992545,24,True
2025-09-29,0,6055.519747703503,110.87471666666659,4382.6232433992545,9709.396886702776,24,True
2025-09-29,1,1504.8854097746903,4392.880488333333,9709.396886702776,6182.81543512963,24,True
2025-09-29,2,3681.2736100368797,2938.5964333333327,6182.81543512963,6230.854536014674,24,True
2025-09-29,3,5277.082058749129,162.2055499999999,6230.854536014674,10800.0,24,True
2025-09-29,4,119.01240500000051,5286.010863094816,10800.0,5033.765761061317,24,True
2025-09-29,5,3279.5255583333337,3471.3631830833324,5033.765761061317,4128.268560135392,24,True
2025-09-30,0,6178.704391516235,154.08481666666694,4128.268560135392,9517.897160648148,24,True
2025-09-30,1,975.5516299999995,5276.665881833336,9517.897160648148,4532.931536722216,24,True
2025-09-30,2,4450.83481809709,3012.4539195499938,4532.931536722216,5191.511851287381,24,True
2025-09-30,3,5774.332352293858,805.9403316666668,5191.511851287381,9492.92171094444,24,True
2025-09-30,4,357.56270493827117,4886.590581358026,9492.92171094444,4385.183054991076,24,True
2025-09-30,5,3370.4962000000005,2957.233510658635,4385.183054991076,4132.814623148148,24,True
2025-10-01,0,6865.09774372428,48.5000583333333,4132.814623148148,10257.513638796294,24,True
2025-10-01,1,1089.2081747325126,4321.671750000003,10257.513638796294,6435.943496055551,24,True
2025-10-01,2,6769.627103148153,1555.7470999999998,6435.943496055551,10800.0,24,True
2025-10-01,3,77.88111111111195,63.08369999999991,10800.0,10800.0,24,True
2025-10-01,4,18.379629629628955,4268.908616666667,10800.0,6073.309870370371,24,True
2025-10-01,5,4413.286875617283,3194.015409450621,6073.309870370371,6496.362047925238,24,True
2025-10-02,0,3481.7466800830694,134.4630166666666,6496.362047925238,9480.530708148148,24,True
2025-10-02,1,1327.2752916666664,4451.805396666668,9480.530708148148,5728.628029907409,24,True
2025-10-02,2,5699.160033333334,2184.154066666666,5728.628029907409,8431.034208055558,24,True
2025-10-02,3,2632.184213271602,0.0,8431.034208055558,10800.0,24,True
2025-10-02,4,0.0,4132.877133333333,10800.0,6207.914296296298,24,True
2025-10-02,5,4417.718236337453,2997.860619100002,6207.914296296298,6852.904465555559,24,True
2025-10-03,0,251.58185833333312,363.43554323204194,6852.904465555559,6675.510867797737,24,True
2025-10-03,1,145.3428633333337,4658.442197333337,6675.510867797737,1630.2725588718083,24,True
2025-10-03,2,10188.586045697992,0.0,1630.2725588718083,10800.0,24,True
2025-10-03,3,0.0,0.0,10800.0,10800.0,24,True
2025-10-03,4,31.506549382716507,4891.197462166107,10800.0,5393.692047593214,24,True
2025-10-03,5,4269.13147075,2331.9332416666666,5393.692047593214,6644.873436083029,24,True
2025-10-04,0,418.3898306172848,232.55540833333333,6644.873436083029,6763.029385490438,24,True
2025-10-04,1,69.4769783333333,4987.279322474725,6763.029385490438,1284.137196574077,24,True
2025-10-04,2,10573.180892695467,0.0,1284.137196574077,10800.0,24,True
2025-10-04,3,0.0,0.0,10800.0,10800.0,24,True
2025-10-04,4,23.44753086419789,4622.203708333333,10800.0,5685.3208796296285,24,True
2025-10-04,5,3826.1546373333326,2351.4546833333334,5685.3208796296285,6516.132627303702,24,True
2025-10-05,0,3578.4336182320594,152.3358420474408,6516.132627303702,9567.46083699318,24,True
2025-10-05,1,1201.588885,4740.833357632873,9567.46083699318,5381.298213901096,24,True
2025-10-05,2,4118.995516666667,2104.956233333333,5381.298213901096,6749.553919641838,24,True
2025-10-05,3,4500.4956448424045,0.0,6749.553919641838,10800.0,24,True
2025-10-05,4,78.3140483333334,4266.954786289825,10800.0,6129.421769844636,24,True
2025-10-05,5,3932.7596970164604,2904.7017999999994,6129.421769844636,6441.459052715008,24,True
2025-10-06,0,3914.39510809444,94.43769166666652,6441.459052715008,9859.483881481487,24,True
2025-10-06,1,1133.3091183333331,5988.382303333333,9859.483881481487,4225.703973166669,24,True
2025-10-06,2,3634.0278666666663,2343.1486,4225.703973166669,4892.830608722225,24,True
2025-10-06,3,5091.313362263374,53.508600000000115,4892.830608722225,9415.558634759258,24,True
2025-10-06,4,693.4178545654796,4356.519841666666,9415.558634759258,5199.057102016337,24,True
2025-10-06,5,4204.287308333333,3105.7039555349807,5199.057102016337,5532.133506699692,24,True
2025-10-07,0,4750.729549654667,68.18731666666667,5532.133506699692,9732.026416203707,24,True
2025-10-07,1,1142.2429666666662,5452.437028333334,9732.026416203707,4701.781721388892,24,True
2025-10-07,2,2958.354283333333,3067.2156166666664,4701.781721388892,3956.2832245370414,24,True
2025-10-07,3,6813.944318950622,97.50546666666696,3956.2832245370414,9980.49370418519,24,True
2025-10-07,4,890.9806084228464,4144.266578422849,9980.49370418519,6177.635609073701,24,True
2025-10-07,5,4223.145425,2839.3425833333326,6177.635609073701,6823.64139898111,24,True
2025-10-08,0,2528.5180929016415,70.48750833333327,6823.64139898111,9020.98822888888,24,True
2025-10-08,1,1035.6592033333332,4989.714553333333,9020.98822888888,4408.9542304074,24,True
2025-10-08,2,4524.472241666666,2374.6329333333333,4408.9542304074,5842.498210870363,24,True
2025-10-08,3,5508.335321255152,36.196238333333554,5842.498210870363,10759.781957407407,24,True
2025-10-08,4,44.686713991769565,4575.814551810699,10759.781957407407,5715.761609099222,24,True
2025-10-08,5,3784.099665216659,3463.8862267392924,5715.761609099222,5272.688833639447,24,True
2025-10-09,0,5046.300849845052,10.109166666666624,5272.688833639447,9803.127191092584,24,True
2025-10-09,1,986.6739916666666,5213.831554149999,9803.127191092584,4897.987612314811,24,True
2025-10-09,2,4135.049665504233,2567.888566666667,4897.987612314811,5766.322792750101,24,True
2025-10-09,3,5626.880580071905,27.463783333333254,5766.322792750101,10800.0,24,True
2025-10-09,4,3.0756172839513356,4702.76092205,10800.0,5577.478142166667,24,True
2025-10-09,5,3666.0881,3097.246222499999,5577.478142166667,5435.5727405000025,24,True
2025-10-10,0,169.2113500000001,488.4669500000003,5435.5727405000025,5045.12189994445,24,True
2025-10-10,1,679.9137439917662,3994.853764083337,5045.12189994445,1218.317865,24,True
2025-10-10,2,10646.313483333333,0.0,1218.317865,10800.0,24,True
2025-10-10,3,0.0,0.0,10800.0,10800.0,24,True
2025-10-10,4,21.41253999999992,5795.1014450903,10800.0,4380.269680344109,24,True
2025-10-10,5,3641.0453673768548,2444.3128464303536,4380.269680344109,4941.307348282885,24,True
2025-10-11,0,546.2656357556427,75.44157499999994,4941.307348282885,5349.122448240743,24,True
2025-10-11,1,999.7647549999998,4303.915143333334,5349.122448240743,1466.7827907037085,24,True
2025-10-11,2,10370.241343662547,0.0,1466.7827907037085,10800.0,24,True
2025-10-11,3,0.0,0.0,10800.0,10800.0,24,True
2025-10-11,4,18.979513127573505,5378.3587398014415,10800.0,4841.127406479884,24,True
2025-10-11,5,3685.476964300411,2487.6923916666665,4841.127406479884,5393.954016942847,24,True
2025-10-12,0,5231.535058952392,229.14189166666677,5393.954016942847,9847.733468148148,24,True
2025-10-12,1,1432.7150166666663,4502.847646166666,9847.733468148148,6134.012931851849,24,True
2025-10-12,2,3319.349649999999,2647.553833333333,6134.012931851849,6179.701135370368,24,True
2025-10-12,3,5200.4046849794195,54.05881666666653,6179.701135370368,10800.0,24,True
2025-10-12,4,89.20401661331933,5028.002910206789,10800.0,5293.613714722222,24,True
2025-10-12,5,3418.8388440329218,3148.4544686995855,5293.613714722222,4872.285931352313,24,True
2025-10-13,0,5435.209190164097,0.0,4872.285931352313,9763.974202500003,24,True
2025-10-13,1,1349.3645150000002,4728.285534166667,9763.974202500003,5724.751672481481,24,True
2025-10-13,2,4578.204711308416,2780.094033333333,5724.751672481481,6756.142542288687,24,True
2025-10-13,3,4669.332319267716,191.49557500000014,6756.142542288687,10745.76876851852,24,True
2025-10-13,4,214.36396543209608,4552.458075,10745.76876851852,5880.409587407407,24,True
2025-10-13,5,3623.486569999999,3463.8653799999984,5880.409587407407,5292.808189296297,24,True
2025-10-14,0,5377.308061893005,187.96332500000005,5292.808189296297,9923.537306111115,24,True
2025-10-14,1,932.3857799999995,5349.064920566666,9923.537306111115,4819.27904081482,24,True
2025-10-14,2,2869.7378833333337,3257.351136733339,4819.27904081482,3782.764095000001,24,True
2025-10-14,3,6260.336044135802,122.96435666666662,3782.764095000001,9280.439471759259,24,True
2025-10-14,4,253.3355383333336,4649.659488333333,9280.439471759259,4342.15313588889,24,True
2025-10-14,5,3613.9046249999997,2851.1396198833336,4342.15313588889,4426.734387407406,24,True
2025-10-15,0,5563.326306213993,25.54116666666664,4426.734387407406,9405.348988925927,24,True
2025-10-15,1,1310.738381028807,4541.730933333333,9405.348988925927,5538.645828148152,24,True
2025-10-15,2,2888.414608353904,3103.3341,5538.645828148152,4690.069975666665,24,True
2025-10-15,3,5202.152348168726,340.89144999999974,4690.069975666665,8993.238811240743,24,True
2025-10-15,4,410.8874866255152,4899.788966666669,8993.238811240743,3918.8275862407427,24,True
2025-10-15,5,3151.108875,2467.4655026166683,3918.8275862407427,4013.1972375,24,True
2025-10-16,0,6466.860657366255,103.25049999999987,4013.1972375,9718.649051351855,24,True
2025-10-16,1,1085.7991683333335,4938.880719999997,9718.649051351855,5208.223058407412,24,True
2025-10-16,2,5099.703126785862,3481.2896,5208.223058407412,5929.8563169591325,24,True
2025-10-16,3,5320.973906666666,1461.2080871810715,5929.8563169591325,9095.16829164683,24,True
2025-10-16,4,31.989136666666695,5471.506590142561,9095.16829164683,3044.5067478217634,24,True
2025-10-16,5,3251.2457249999993,1663.2893297895869,3044.5067478217634,4122.528644999999,24,True
2025-10-17,0,1653.5798562811449,144.2436666666665,4122.528644999999,5450.479774912287,24,True
2025-10-17,1,975.4936232456051,4210.554883333334,5450.479774912287,1650.029721018516,24,True
2025-10-17,2,10166.63364331276,0.0,1650.029721018516,10800.0,24,True
2025-10-17,3,0.0,0.0,10800.0,10800.0,24,True
2025-10-17,4,97.40166166666666,5784.681451666665,10800.0,4460.237660314819,24,True
2025-10-17,5,3094.4487166666663,2948.9753083333335,4460.237660314819,3968.6022738333354,24,True
2025-10-18,0,2381.820207366252,198.72313333333346,3968.6022738333354,5891.436978981483,24,True
2025-10-18,1,842.6277333333334,4262.656333333333,5891.436978981483,1913.51712416667,24,True
2025-10-18,2,9900.587969032917,21.64166666666665,1913.51712416667,10800.0,24,True
2025-10-18,3,0.0,0.0,10800.0,10800.0,24,True
2025-10-18,4,13.155416666666667,5644.179591016666,10800.0,4540.529218314813,24,True
2025-10-18,5,3069.6569583333335,2528.6365789833335,4540.529218314813,4493.624281944444,24,True
2025-10-19,0,5761.939972839507,12.095724999999902,4493.624281944444,9665.930563055554,24,True
2025-10-19,1,1061.6191833333328,4975.299268333334,9665.930563055554,5093.277529907404,24,True
2025-10-19,2,4095.5087368518502,3235.949583333332,5093.277529907404,5183.735856037034,24,True
2025-10-19,3,6752.172087818933,1003.3833716666666,5183.735856037034,10145.820322111107,24,True
2025-10-19,4,77.42635120317709,5019.629942200011,10145.820322111107,4638.1374357495115,24,True
2025-10-19,5,3419.093491666666,3148.363858841227,4638.1374357495115,4217.13951287037,24,True
2025-10-20,0,6272.667825144034,109.44795833333342,4217.13951287037,9740.931712907408,24,True
2025-10-20,1,1062.0958300000002,4713.0129792499965,9740.931712907408,5460.136871851857,24,True
2025-10-20,2,3978.2117550000003,3834.1231846666715,5460.136871851857,4780.3905795,24,True
2025-10-20,3,6424.064304526748,282.3085666666668,4780.3905795,10248.372268388886,24,True
2025-10-20,4,489.20273760802183,4872.25929525,10248.372268388886,5275.033293069437,24,True
2025-10-20,5,3123.6532716586457,3667.529963762493,5275.033293069437,4011.287944492781,24,True
2025-10-21,0,6176.55987167469,27.27431666666689,4011.287944492781,9539.88703270371,24,True
2025-10-21,1,1784.5003699999997,4475.4741764,9539.88703270371,6173.188280814821,24,True
2025-10-21,2,2777.0708154094655,4135.743399999999,6173.188280814821,4077.281570238898,24,True
2025-10-21,3,6548.820809938271,689.8303833333334,4077.281570238898,9204.742095479638,24,True
2025-10-21,4,544.1822554938267,4749.004297160496,9204.742095479638,4417.834684134641,24,True
2025-10-21,5,3237.0336459288155,2916.558165721177,4417.834684134641,4090.544781335934,24,True
2025-10-22,0,6428.561727960066,130.24864999999988,4090.544781335934,9731.52961427777,24,True
2025-10-22,1,1850.0255499999998,4407.363645083329,9731.52961427777,6499.481892518518,24,True
2025-10-22,2,5034.709900781894,4769.533703266666,6499.481892518518,5731.238910703705,24,True
2025-10-22,3,5824.652741584359,157.39159833333338,5731.238910703705,10798.546824425925,24,True
2025-10-22,4,34.648951748972436,5187.8110938555565,10798.546824425925,5065.496332271603,24,True
2025-10-22,5,2997.4509,3572.907635794443,5065.496332271603,3793.304769166667,24,True
2025-10-23,0,6675.995098947355,85.34023333333312,3793.304769166667,9706.877876737808,24,True
2025-10-23,1,2234.741727534127,4446.844368333334,9706.877876737808,6777.207244481484,24,True
2025-10-23,2,6297.6882000000005,4083.179883333333,6777.207244481484,7908.260087444449,24,True
2025-10-23,3,3780.9322279423823,569.4045450000002,7908.260087444449,10678.427375925927,24,True
2025-10-23,4,182.7484631687234,4771.500779813138,10678.427375925927,5541.233459652065,24,True
2025-10-23,5,3322.545448426299,3678.387641308636,5541.233459652065,4444.426984003919,24,True
2025-10-24,0,1993.7406551191018,159.6179249999999,4444.426984003919,6061.44032361111,24,True
2025-10-24,1,892.5516066666665,4919.219493333333,6061.44032361111,1398.937332574073,24,True
2025-10-24,2,10364.124966666666,104.69211666666672,1398.937332574073,10610.3252285,24,True
2025-10-24,3,210.74974611111125,59.324837032921664,10610.3252285,10734.083514407866,24,True
2025-10-24,4,0.0,5874.355669800412,10734.083514407866,4207.021659074075,24,True
2025-10-24,5,3102.9888583333322,2715.4297181666675,4207.021659074075,3982.567500277777,24,True
2025-10-25,0,2969.78694835391,176.40530833333327,3982.567500277777,6459.369855648148,24,True
2025-10-25,1,822.7147333333335,4535.228903333334,6459.369855648148,2160.6698897222204,24,True
2025-10-25,2,9657.45629537037,47.14250000000004,2160.6698897222204,10800.0,24,True
2025-10-25,3,0.0,0.0,10800.0,10800.0,24,True
2025-10-25,4,44.13982333333348,5647.626310833332,10800.0,4564.585495629634,24,True
2025-10-25,5,3105.8383166666667,2915.567475,4564.585495629634,4120.320563962969,24,True
2025-10-26,0,6026.328443374482,17.038774999999987,4120.320563962969,9525.084190777785,24,True
2025-10-26,1,1966.4549683333332,4096.504928183335,9525.084190777785,6743.221519851858,24,True
2025-10-26,2,4797.053704300783,3697.118316666666,6743.221519851858,6952.660612981824,24,True
2025-10-26,3,4854.176088456416,469.2771833333335,6952.660612981824,10800.0,24,True
2025-10-26,4,0.0,4533.659602983334,10800.0,5762.600441129633,24,True
2025-10-26,5,3331.6190657894585,3793.3009674561245,5762.600441129633,4546.278747611115,24,True
2025-10-27,0,5922.72107518518,129.07700833333308,4546.278747611115,9733.308817129635,24,True
2025-10-27,1,1762.7545800000003,4354.193849545003,9733.308817129635,6481.794772968522,24,True
2025-10-27,2,5346.643767197233,3567.9684833333326,6481.794772968522,7329.364737520106,24,True
2025-10-27,3,4566.185211988025,762.8845133333333,7329.364737520106,10591.281969050071,24,True
2025-10-27,4,17.69220348279896,4946.730221316954,10591.281969050071,5110.838039610198,24,True
2025-10-27,5,3277.8578119341564,3540.751735649178,5110.838039610198,4126.741475185186,24,True
2025-10-28,0,6122.421460678993,73.8363750000002,4126.741475185186,9554.88037312961,24,True
2025-10-28,1,1874.035115,3702.0974080666642,9554.88037312961,7128.070412111091,24,True
2025-10-28,2,4327.186514949355,4263.6385666666665,7128.070412111091,6285.162090380326,24,True
2025-10-28,3,5632.458809042435,498.9375166666665,6285.162090380326,10800.0,24,True
2025-10-28,4,49.24625565843831,4700.916745416667,10800.0,5621.080801851854,24,True
2025-10-28,5,3185.612766666666,3767.6970716666656,5621.080801851854,4301.802212222225,24,True
2025-10-29,0,6566.817114197531,66.63459166666655,4301.802212222225,10137.899179814818,24,True
2025-10-29,1,1924.0869318724262,4160.6266762,10137.899179814818,7246.658889388888,24,True
2025-10-29,2,2568.637950254048,5228.007283333332,7246.658889388888,3749.5360631360527,24,True
2025-10-29,3,5672.837514683918,863.8585333333334,3749.5360631360527,7895.247011536763,24,True
2025-10-29,4,144.650576666667,4966.296152166256,7895.247011536763,2507.3256947964783,24,True
2025-10-29,5,3122.4128166666665,1184.8904154834972,2507.3256947964783,4000.9523237037033,24,True
2025-10-30,0,6984.04475,99.1173500000001,4000.9523237037033,10176.462209814814,24,True
2025-10-30,1,1559.334664506172,3739.5774972500003,10176.462209814814,7424.777299814816,24,True
2025-10-30,2,5671.337079814816,3877.7197333333334,7424.777299814816,8220.403190166668,24,True
2025-10-30,3,3585.218512983536,590.0821816666664,8220.403190166668,10791.452983333333,24,True
2025-10-30,4,29.901602000000253,4940.339109616665,10791.452983333333,5329.0987477814815,24,True
2025-10-30,5,3107.0491416666664,3652.0904499999997,5329.0987477814815,4067.564697503704,24,True
2025-10-31,0,2733.7306524238693,102.12069166666697,4067.564697503704,6414.4548495,24,True
2025-10-31,1,945.2146883333334,5005.928414999999,6414.4548495,1703.005385666668,24,True
2025-10-31,2,7937.6374166666665,106.15228333333334,1703.005385666668,8728.932079185188,24,True
2025-10-31,3,2301.186578683123,0.0,8728.932079185188,10800.0,24,True
2025-10-31,4,24.386886666666896,5760.147046666665,10800.0,4421.784812814819,24,True
2025-10-31,5,3224.290175,2537.6693721999995,4421.784812814819,4504.013334537041,24,True
2025-11-01,0,2035.4972336419705,217.22649999999993,4504.013334537041,6094.598067037036,24,True
2025-11-01,1,972.9012749999998,4888.114436666666,6094.598067037036,1538.9709515740742,24,True
2025-11-01,2,8819.697366666665,95.4192333333333,1538.9709515740742,9370.677211203703,24,True
2025-11-01,3,1592.9514854938263,3.900193333333391,9370.677211203703,10800.0,24,True
2025-11-01,4,74.8586949999999,5594.756258333335,10800.0,4650.976982907408,24,True
2025-11-01,5,3459.8039916666667,2732.8694732510285,4650.976982907408,4728.278938461821,24,True
2025-11-02,0,5918.400433333334,214.83673995757943,4728.278938461821,9816.131839620064,24,True
2025-11-02,1,1829.4467516666668,4038.7804926000017,9816.131839620064,6975.100035453397,24,True
2025-11-02,2,5273.079933333333,4859.44165,6975.100035453397,6321.492364342286,24,True
2025-11-02,3,6124.254327685523,929.9891333333329,6321.492364342286,10800.0,24,True
2025-11-02,4,0.0,4925.678479173159,10800.0,5327.023912029822,24,True
2025-11-02,5,3220.563527443732,3733.859741666666,5327.023912029822,4076.7980404328855,24,True
2025-11-03,0,6383.965493263871,119.25212499999975,4076.7980404328855,9689.864623259258,24,True
2025-11-03,1,1831.6569633333334,3520.179672418276,9689.864623259258,7427.045143127845,24,True
2025-11-03,2,4234.367437676883,4594.504116666665,7427.045143127845,6132.971262962968,24,True
2025-11-03,3,5951.050283950619,620.0248666666668,6132.971262962968,10800.0,24,True
2025-11-03,4,38.4223914197522,4816.041575551366,10800.0,5483.422846109592,24,True
2025-11-03,5,3229.3585635802474,3579.1852,5483.422846109592,4412.9731088873705,24,True
2025-11-04,0,6011.6160666666665,34.148533333333376,4412.9731088873705,9785.484754072557,24,True
2025-11-04,1,1936.5219583333328,3221.850265750001,9785.484754072557,7948.520887961446,24,True
2025-11-04,2,5043.015638333333,4431.83445,7948.520887961446,7562.974462461445,24,True
2025-11-04,3,4339.754280392633,610.8776716666664,7562.974462461445,10790.000346296296,24,True
2025-11-04,4,39.914730267489176,5148.466161798496,10790.000346296296,5105.405645983151,24,True
2025-11-04,5,3190.927558333333,3553.8489889681696,5105.405645983151,4028.519349629629,24,True
2025-11-05,0,6591.079005967081,161.617833333333,4028.519349629629,9780.915084629632,24,True
2025-11-05,1,1999.904591666666,3528.1872268697607,9780.915084629632,7660.621187274341,24,True
2025-11-05,2,5337.895616666667,4997.535,7660.621187274341,6911.910575607673,24,True
2025-11-05,3,5314.204236979128,805.2249499999997,6911.910575607673,10800.0,24,True
2025-11-05,4,95.63986566666665,4835.651336323331,10800.0,5513.129949851851,24,True
2025-11-05,5,3126.0742474999993,3528.6413583333333,5513.129949851851,4405.884152231481,24,True
2025-11-06,0,6332.828463384775,135.8632416666668,4405.884152231481,9954.47061187037,24,True
2025-11-06,1,1778.2197866666666,3114.142234383333,9954.47061187037,8094.710381666667,24,True
2025-11-06,2,4607.503378662554,6205.239343500001,8094.710381666667,5346.753040796299,24,True
2025-11-06,3,6523.097581666666,496.47459999999955,5346.753040796299,10665.902419851855,24,True
2025-11-06,4,230.25894090534504,4758.8782035827135,10665.902419851855,5585.49301824143,24,True
2025-11-06,5,3030.403541666666,3710.2057166666673,5585.49301824143,4190.405409445133,24,True
2025-11-07,0,2866.558100369605,156.07548333333307,4190.405409445133,6596.890496074073,24,True
2025-11-07,1,1072.9705716666667,5386.62065,6596.890496074073,1577.4299550185194,24,True
2025-11-07,2,6833.16915,359.82195951666756,1577.4299550185194,7327.480012777777,24,True
2025-11-07,3,3858.3555413580243,0.0,7327.480012777777,10800.0,24,True
2025-11-07,4,0.0,5704.339498333333,10800.0,4461.845001851853,24,True
2025-11-07,5,3447.8909083333333,2786.2753416666665,4461.845001851853,4469.085328611113,24,True
2025-11-08,0,2571.288813888886,179.72144999999995,4469.085328611113,6583.5547611111115,24,True
2025-11-08,1,987.3344833333334,5169.135391666667,6583.5547611111115,1728.6720275925918,24,True
2025-11-08,2,7303.997733333333,183.02918333333326,1728.6720275925918,8098.904228333332,24,True
2025-11-08,3,3001.217524074076,80.07850000000008,8098.904228333332,10711.023888888889,24,True
2025-11-08,4,48.67737916666795,5770.737529416666,10711.023888888889,4342.902941898149,24,True
2025-11-08,5,3568.307216666666,2751.6803,4342.902941898149,4496.956881342593,24,True
2025-11-09,0,6024.676467952677,94.96889166666676,4496.956881342593,9813.644711759263,24,True
2025-11-09,1,1971.3483083333335,2050.9897062333325,9813.644711759263,9308.980737888893,24,True
2025-11-09,2,5013.549075000001,5250.978233333333,9308.980737888893,7986.754646129636,24,True
2025-11-09,3,3913.110703573038,1371.542635,7986.754646129636,9984.618018234256,24,True
2025-11-09,4,188.48512874999938,4893.05728143827,9984.618018234256,4717.524321400067,24,True
2025-11-09,5,3336.7439583333335,3166.754272593393,4717.524321400067,4201.978025462963,24,True
2025-11-10,0,6127.025668930039,11.157791666666753,4201.978025462963,9703.903581203702,24,True
2025-11-10,1,1777.0135349999991,2277.1263465416623,9703.903581203702,8773.075377657406,24,True
2025-11-10,2,4564.239319887896,5912.7238333333335,8773.075377657406,6311.197617408366,24,True
2025-11-10,3,5169.180563711885,1136.003666666666,6311.197617408366,9701.233828452763,24,True
2025-11-10,4,31.897778333333463,5105.156959916661,9701.233828452763,4057.54520682314,24,True
2025-11-10,5,3359.1768999999995,2613.1687936408257,4057.54520682314,4177.283534999999,24,True
2025-11-11,0,6399.558091666667,35.64396666666664,4177.283534999999,9897.281410092593,24,True
2025-11-11,1,1976.833687037034,2051.843861066668,9897.281410092593,9396.605216129628,24,True
2025-11-11,2,4078.023479279836,5669.263383333332,9396.605216129628,6767.644810444444,24,True
2025-11-11,3,5596.635025432097,904.1546999999999,6767.644810444444,10800.0,24,True
2025-11-11,4,65.12452594065599,5026.094191025721,10800.0,5274.062972206897,24,True
2025-11-11,5,3192.3186333333333,3612.7823079602035,5274.062972206897,4132.94717780667,24,True
2025-11-12,0,6450.286965770365,39.72277500000007,4132.94717780667,9894.069030333334,24,True
2025-11-12,1,1926.96362125514,2384.197300000001,9894.069030333334,8979.22817835185,24,True
2025-11-12,2,5101.924156666667,5886.26505,8979.22817835185,7030.665419351851,24,True
2025-11-12,3,5545.533400308642,1099.4809316666667,7030.665419351851,10800.0,24,True
2025-11-12,4,35.60042499999963,4829.407848283328,10800.0,5466.031662185191,24,True
2025-11-12,5,3719.1193583333325,3710.1179999999995,5466.031662185191,4690.885751351857,24,True
2025-11-13,0,5521.744422386824,85.90600833333292,4690.885751351857,9565.004611129629,24,True
2025-11-13,1,1979.93435985,1851.5616516666655,9565.004611129629,9289.654810920556,24,True
2025-11-13,2,4597.5832320224345,4888.626816666667,9289.654810920556,7995.672145666674,24,True
2025-11-13,3,4917.020825802458,1458.8917999999999,7995.672145666674,10800.0,24,True
2025-11-13,4,2.593141666666611,4746.296163133334,10800.0,5528.671424018519,24,True
2025-11-13,5,3465.5519249999993,3692.637622583333,5528.671424018519,4544.73746475926,24,True
2025-11-14,0,2942.707773699382,61.08415192983591,4544.73746475926,7125.303181166662,24,True
2025-11-14,1,977.0550583333338,5367.60795,7125.303181166662,2040.6439003333298,24,True
2025-11-14,2,6563.5851,262.9838,2040.6439003333298,7655.666268111108,24,True
2025-11-14,3,3493.704146543213,95.59892864999995,7655.666268111108,10693.778968166667,24,True
2025-11-14,4,81.76186166666673,5803.303012166665,10693.778968166667,4319.2501857037105,24,True
2025-11-14,5,3646.595608333333,2760.6827083333333,4319.2501857037105,4533.76100172223,24,True
2025-11-15,0,3092.6220126337357,197.418316666667,4533.76100172223,7097.767127907406,24,True
2025-11-15,1,885.893175,5687.828379999999,7097.767127907406,1575.2616742962946,24,True
2025-11-15,2,6303.727066666666,367.18624019999834,1575.2616742962946,6840.631322962964,24,True
2025-11-15,3,4399.298530041149,14.54856917390805,6840.631322962964,10783.834923140103,24,True
2025-11-15,4,150.83312598333407,5724.5634378094255,10783.834923140103,4558.958694514631,24,True
2025-11-15,5,3552.3087499999992,2835.9282833333336,4558.958694514631,4605.005143588704,24,True
2025-11-16,0,5926.7783265681055,11.0474999999999,4605.005143588704,9926.830637499997,24,True
2025-11-16,1,1790.1443866666668,2030.3533656333302,9926.830637499997,9282.012401462964,24,True
2025-11-16,2,4197.808619444433,6632.145128333333,9282.012401462964,5690.990016370363,24,True
2025-11-16,3,7207.247142304537,1239.7612000000001,5690.990016370363,10800.0,24,True
2025-11-16,4,84.71574668724213,4857.189786566665,10800.0,5479.366631388892,24,True
2025-11-16,5,3347.813133333333,3745.2011583333333,5479.366631388892,4331.063831018521,24,True
2025-11-17,0,6168.7855329423855,112.59524999999985,4331.063831018521,9757.864977333338,24,True
2025-11-17,1,2096.976008333333,1564.6307599333336,9757.864977333338,9906.664762685188,24,True
2025-11-17,2,4873.13713,6379.231166666666,9906.664762685188,7204.4535500555585,24,True
2025-11-17,3,5199.166343559667,975.3329333333332,7204.4535500555585,10800.0,24,True
2025-11-17,4,39.73307616666739,4639.311590617638,10800.0,5680.969112308183,24,True
2025-11-17,5,3339.925743415637,3759.9893666666662,5680.969112308183,4509.136318419294,24,True
2025-11-18,0,5975.697683422996,49.41862499999036,4509.136318419294,9832.354650166668,24,True
2025-11-18,1,2047.31864,2310.9153872833344,9832.354650166668,9107.257662518521,24,True
2025-11-18,2,5096.10741,5767.2021,9107.257662518521,7285.751998185186,24,True
2025-11-18,3,6146.032919711934,1815.463463333333,7285.751998185186,10800.0,24,True
2025-11-18,4,88.5358053774828,4790.322075089094,10800.0,5557.102141407414,24,True
2025-11-18,5,3432.283666666666,3685.220814508332,5557.102141407414,4551.467647509266,24,True
2025-11-19,0,5891.185486656371,52.66902500000015,4551.467647509266,9795.013446611112,24,True
2025-11-19,1,1972.6932016666674,1347.210446383332,9795.013446611112,10073.536832129637,24,True
2025-11-19,2,4830.87922195473,7034.481063333333,10073.536832129637,6605.238061518522,24,True
2025-11-19,3,6345.88287403292,1364.879383333333,6605.238061518522,10800.0,24,True
2025-11-19,4,69.68303989711848,4736.7823960666665,10800.0,5599.62318472222,24,True
2025-11-19,5,3428.0053666666668,3733.4914498333333,5599.62318472222,4536.504181574072,24,True
2025-11-20,0,5998.947731584366,152.08780000000013,4536.504181574072,9766.57069555556,24,True
2025-11-20,1,2001.8194966666665,2278.5531242341685,9766.57069555556,9036.48254896204,24,True
2025-11-20,2,5018.7580499999995,5847.0080499999995,9036.48254896204,7056.689182850928,24,True
2025-11-20,3,6523.204488190328,1914.8159,7056.689182850928,10800.0,24,True
2025-11-20,4,48.05838166666649,4646.283610030863,10800.0,5680.715199021262,24,True
2025-11-20,5,3345.65748575,3618.963375,5680.715199021262,4670.736519529597,24,True
2025-11-21,0,3199.427524880467,166.88195833333322,4670.736519529597,7364.79689377387,24,True
2025-11-21,1,858.5187897368515,5709.31842,7364.79689377387,1793.7766712037048,24,True
2025-11-21,2,6408.778083333333,450.44919999999996,1793.7766712037048,7061.177835092593,24,True
2025-11-21,3,4154.2468498971175,0.0,7061.177835092593,10800.0,24,True
2025-11-21,4,102.55373833333334,5510.189177983539,10800.0,4769.86594451829,24,True
2025-11-21,5,3297.3244,2759.0075666666667,4769.86594451829,4671.893941555327,24,True
2025-11-22,0,3862.919661067128,220.70468333333338,4671.893941555327,7903.294210589816,24,True
2025-11-22,1,862.3607499999999,5786.316796666666,7903.294210589816,2250.178000404631,24,True
2025-11-22,2,5266.507166666666,609.8762833333334,2250.178000404631,6312.394135589815,24,True
2025-11-22,3,4986.228738233539,15.779916203906396,6312.394135589815,10782.466759773437,24,True
2025-11-22,4,45.90250000000003,5744.100294560258,10782.466759773437,4441.4453491509275,24,True
2025-11-22,5,3422.367783333333,2805.5545469166664,4441.4453491509275,4404.2935242435215,24,True
2025-11-23,0,6130.648590284975,9.107500000000073,4404.2935242435215,9911.757811055553,24,True
2025-11-23,1,1735.983135,2168.902543950003,9911.757811055553,9064.250917055551,24,True
2025-11-23,2,4270.410761666667,7077.825825349997,9064.250917055551,5043.369685500001,24,True
2025-11-23,3,7759.077324753082,1103.88535,5043.369685500001,10800.0,24,True
2025-11-23,4,13.032499999999914,4924.8904,10800.0,5339.628805555555,24,True
2025-11-23,5,3292.4213607683605,3687.754091666666,5339.628805555555,4205.303483950785,24,True
2025-11-24,0,6193.0834583880205,25.259941666666464,4205.303483950785,9751.011994648154,24,True
2025-11-24,1,2084.8926616666668,934.8620035833327,9751.011994648154,10588.679830611118,24,True
2025-11-24,2,4738.439436069959,5786.8143,10588.679830611118,8423.481656407414,24,True
2025-11-24,3,4606.154688353903,1592.1187883333337,8423.481656407414,10800.0,24,True
2025-11-24,4,9.84992500000044,4682.86924666667,10800.0,5605.676880648143,24,True
2025-11-24,5,3239.815366666666,3860.818625,5605.676880648143,4231.71223842592,24,True
2025-11-25,0,6414.093871913586,233.41337499999975,4231.71223842592,9745.048528703699,24,True
2025-11-25,1,1928.1693566666672,1119.4563165999962,9745.048528703699,10236.560597925927,24,True
2025-11-25,2,4931.992788333334,7013.179596666666,10236.560597925927,6882.932333351854,24,True
2025-11-25,3,6058.713678991763,1382.1971799999997,6882.932333351854,10800.0,24,True
2025-11-25,4,6.566917592592075,4832.657572699997,10800.0,5436.2907006111145,24,True
2025-11-25,5,3542.4817999999996,3667.5166380833325,5436.2907006111145,4549.505833851857,24,True
2025-11-26,0,5859.527836440319,28.54320833333361,4549.505833851857,9791.36621072222,24,True
2025-11-26,1,2221.3429528806582,957.1859633333333,9791.36621072222,10727.034909055557,24,True
2025-11-26,2,4446.774725041153,6865.342109833327,10727.034909055557,7100.974261777786,24,True
2025-11-26,3,6325.234205020567,1794.3165416666661,7100.974261777786,10800.0,24,True
2025-11-26,4,18.82727983539078,4527.4772209,10800.0,5786.414306407407,24,True
2025-11-26,5,3424.5160250000004,3595.3590249999997,5786.414306407407,4873.635367796294,24,True
2025-11-27,0,5765.602504670782,15.955308333333164,4873.635367796294,10044.949501629624,24,True
2025-11-27,1,1784.5512561522714,1377.4791432166598,10044.949501629624,10120.513250814818,24,True
2025-11-27,2,4856.0018949797295,6236.095833333333,10120.513250814818,7561.919585926201,24,True
2025-11-27,3,5429.6155388569005,1965.2034647000005,7561.919585926201,10265.014165675188,24,True
2025-11-27,4,156.5762052666655,4884.088139416667,10265.014165675188,4979.168151063332,24,True
2025-11-27,5,3495.426641666667,3428.9039032069986,4979.168151063332,4315.158902777777,24,True
2025-11-28,0,4980.764837901231,90.4987916666663,4315.158902777777,8697.293043925918,24,True
2025-11-28,1,1004.7581448971222,5964.309041666666,8697.293043925918,2974.565328037029,24,True
2025-11-28,2,5011.078416666666,747.8469666666665,2974.565328037029,6653.594828962956,24,True
2025-11-28,3,4645.709236822652,31.259827893006786,6653.594828962956,10800.0,24,True
2025-11-28,4,47.798213827161646,5782.941040267492,10800.0,4417.528347702794,24,True
2025-11-28,5,3618.4612514403284,2774.300225,4417.528347702794,4591.587668443533,24,True
2025-11-29,0,4308.807408108012,196.0709583333334,4591.587668443533,8251.657715370373,24,True
2025-11-29,1,1048.4080016666667,5872.351183333333,8251.657715370373,2670.390268722226,24,True
2025-11-29,2,3963.703933333333,768.2192166666666,2670.390268722226,5384.146901314819,24,True
2025-11-29,3,4273.601443333333,144.974129166666,5384.146901314819,9069.30583457408,24,True
2025-11-29,4,184.4608533941676,5415.635896583466,9069.30583457408,3217.9473842027583,24,True
2025-11-29,5,3329.7669281893004,1902.0867176991492,3217.9473842027583,4101.307933240741,24,True
2025-11-30,0,6391.149472305604,118.3602999999996,4101.307933240741,9721.83101387134,24,True
2025-11-30,1,2191.8470746491284,952.029676583335,9721.83101387134,10636.682629296294,24,True
2025-11-30,2,4550.274294999999,7590.855020047172,10636.682629296294,6297.646139188326,24,True
2025-11-30,3,6131.963611019564,2320.492166666667,6297.646139188326,9238.088759476303,24,True
2025-11-30,4,191.1462068000053,4841.600109850002,9238.088759476303,4030.564667985193,24,True
2025-11-30,5,3210.0141166666667,2656.3818474366735,4030.564667985193,3968.0419869444445,24,True
2025-12-01,0,5915.006300617282,717.9715583333333,3968.0419869444445,8493.801481574073,24,True
2025-12-01,1,1541.2341600000002,2897.770021133326,8493.801481574073,6661.167757648155,24,True
2025-12-01,2,5013.389046666667,4915.05098188334,6661.167757648155,5712.050142,24,True
2025-12-01,3,7273.622242244228,2843.903646728395,5712.050142,9098.417219210478,24,True
2025-12-01,4,218.02532685905533,5009.000566716047,9098.417219210478,3729.0838281435813,24,True
2025-12-01,5,3499.888508333334,2341.310549662557,3729.0838281435813,4277.527319351852,24,True
2025-12-02,0,6073.504417386832,849.0838333333339,4277.527319351852,8800.254813518524,24,True
2025-12-02,1,1519.2691650000002,2592.7861616666664,8800.254813518524,7286.723549055564,24,True
2025-12-02,2,4446.113193930041,5478.051194150007,7286.723549055564,5201.501874537036,24,True
2025-12-02,3,7308.83010932099,2721.6585321746393,5201.501874537036,8755.383937176328,24,True
2025-12-02,4,118.08626333333302,5066.759187966663,8755.383937176328,3231.9291431022557,24,True
2025-12-02,5,3076.744291666667,1902.968645625364,3231.9291431022557,3886.589399351852,24,True
2025-12-03,0,6913.465425,202.37509999999997,3886.589399351852,9883.847059629632,24,True
2025-12-03,1,2122.2733558230448,1103.1914483333367,9883.847059629632,10568.124803944444,24,True
2025-12-03,2,4893.925936666667,7464.176881666665,10568.124803944444,6679.1282784259265,24,True
2025-12-03,3,7849.059729732509,2648.953831666666,6679.1282784259265,10800.0,24,True
2025-12-03,4,63.34610666666663,4652.566491833302,10800.0,5687.493171740773,24,True
2025-12-03,5,3260.611125,3780.0507916666666,5687.493171740773,4421.986749055588,24,True
2025-12-04,0,6236.237723271568,199.16330000000016,4421.986749055588,9813.308144444443,24,True
2025-12-04,1,1950.4876383333335,1028.7205366666667,9813.308144444443,10425.724200425924,24,True
2025-12-04,2,5464.643478333333,8074.642309999999,10425.724200425924,6372.078542037036,24,True
2025-12-04,3,7711.92072425206,2283.6081816666665,6372.078542037036,10775.464769789814,24,True
2025-12-04,4,113.20426333333239,4606.055856694161,10775.464769789814,5759.508766018524,24,True
2025-12-04,5,3368.5300666666662,3153.429975,5759.508766018524,5287.3747426851905,24,True
2025-12-05,0,5415.344358127567,126.24384166666636,5287.3747426851905,10020.913729814816,24,True
2025-12-05,1,1027.803800205759,6599.146551666667,10020.913729814816,3613.5520925925953,24,True
2025-12-05,2,3597.038218374497,1974.4232666666664,3613.5520925925953,4657.082859500013,24,True
2025-12-05,3,6299.395395000001,164.52101333333337,4657.082859500013,10143.737589074086,24,True
2025-12-05,4,104.146227349995,5828.947099999999,10143.737589074086,3760.8613048001957,24,True
2025-12-05,5,3316.0562333333332,2395.2413659868434,3760.8613048001957,4083.932619259259,24,True
2025-12-06,0,6731.547198045269,162.3436666666667,4083.932619259259,9961.943245648148,24,True
2025-12-06,1,1011.634808333333,6256.562221666666,9961.943245648148,3920.6787712962964,24,True
2025-12-06,2,1653.2684,2071.3541333333333,3920.6787712962964,3107.115738703704,24,True
2025-12-06,3,5888.516473570571,40.43002833333321,3107.115738703704,8361.858311213513,24,True
2025-12-06,4,84.9212397833345,5743.43175,8361.858311213513,2056.696593685183,24,True
2025-12-06,5,3246.8137416666664,805.3234759833315,2056.696593685183,4084.0250989814813,24,True
2025-12-07,0,6510.32485946502,262.4547749999998,4084.0250989814813,9651.701055833333,24,True
2025-12-07,1,2062.782759999999,1313.1728516666685,9651.701055833333,10049.124593537033,24,True
2025-12-07,2,5036.491223333334,7712.115311666666,10049.124593537033,6012.949681574074,24,True
2025-12-07,3,8140.6703266666655,2660.578978333333,6012.949681574074,10383.354110759257,24,True
2025-12-07,4,183.54304166666634,4878.615509238683,10383.354110759257,5127.858949105165,24,True
2025-12-07,5,3333.372599999999,3573.3602483613154,5127.858949105165,4157.494013148146,24,True
2025-12-08,0,7032.126399279838,43.57769166666708,4157.494013148146,10437.988115092592,24,True
2025-12-08,1,1210.6461025720196,654.8126466666665,10437.988115092592,10800.0,24,True
2025-12-08,2,5645.016014999999,7239.701561666667,10800.0,7836.401567203702,24,True
2025-12-08,3,6748.372750432099,2798.9433383333326,7836.401567203702,10800.0,24,True
2025-12-08,4,45.639906666667,4580.005996949999,10800.0,5752.180363833337,24,True
2025-12-08,5,3738.7572999999993,3778.4210583333324,5752.180363833337,4918.816313462968,24,True
2025-12-09,0,6131.929418653906,40.599941666666496,4918.816313462968,10392.441743955187,24,True
2025-12-09,1,1444.0738260168696,1366.5282585000014,10392.441743955187,10173.743455703701,24,True
2025-12-09,2,5356.171162173663,7375.093325966667,10173.743455703701,6799.749361697035,24,True
2025-12-09,3,7500.028613709504,2474.79760263203,6799.749361697035,10800.0,24,True
2025-12-09,4,28.457450617284824,4801.0373661937565,10800.0,5491.1257431180475,24,True
2025-12-09,5,3611.2230104999994,3697.4576583333337,5491.1257431180475,4632.940165531009,24,True
2025-12-10,0,6586.239863298879,59.77934166666648,4632.940165531009,10494.13455175926,24,True
2025-12-10,1,1122.2265001028793,633.7245616666667,10494.13455175926,10800.0,24,True
2025-12-10,2,5131.654666666666,7200.525581666667,10800.0,7417.90522037037,24,True
2025-12-10,3,6870.578337736625,2550.0537752333325,7417.90522037037,10768.032640740741,24,True
2025-12-10,4,78.76693909553796,4641.112561049382,10768.032640740741,5682.131151427412,24,True
2025-12-10,5,3413.6493083333335,3299.395761330825,5682.131151427412,5088.42023855983,24,True
2025-12-11,0,6099.713818266856,14.948341666666579,5088.42023855983,10561.55340648148,24,True
2025-12-11,1,1044.8746903292206,631.7465650000001,10561.55340648148,10800.0,24,True
2025-12-11,2,5846.631618333333,7130.024794999999,10800.0,8139.718684277777,24,True
2025-12-11,3,5401.95689401235,1981.3318999999997,8139.718684277777,10800.0,24,True
2025-12-11,4,57.12808833333338,4398.840991851855,10800.0,5963.814177442385,24,True
2025-12-11,5,3479.1056083333324,3293.83922619814,5963.814177442385,5435.187862500007,24,True
2025-12-12,0,5527.9478916666585,40.95972499999965,5435.187862500007,10364.830159444446,24,True
2025-12-12,1,581.6252596707823,6010.415318333333,10364.830159444446,4210.053650555555,24,True
2025-12-12,2,3781.385942301598,1975.0492166666663,4210.053650555555,5418.801868997363,24,True
2025-12-12,3,5979.109034447372,0.0,5418.801868997363,10800.0,24,True
2025-12-12,4,59.973393004112495,5491.141348333333,10800.0,4752.70788888889,24,True
2025-12-12,5,3527.8894999999998,2651.2447877629584,4752.70788888889,4981.980896930047,24,True
2025-12-13,0,5647.868336744394,424.1791333333331,4981.980896930047,9593.752251851854,24,True
2025-12-13,1,844.9115333333333,6513.331651250005,9593.752251851854,3117.1374637962926,24,True
2025-12-13,2,4014.884653333337,1725.4237174166633,3117.1374637962926,4813.396188000004,24,True
2025-12-13,3,5546.947753333334,74.59471666666684,4813.396188000004,9722.76614748149,24,True
2025-12-13,4,197.77820094897095,5538.6211260499995,9722.76614748149,3746.743054946674,24,True
2025-12-13,5,3654.1811916666657,2299.697970702007,3746.743054946674,4480.28616,24,True
2025-12-14,0,6424.240490534979,131.14068333333375,4480.28616,10116.390731111109,24,True
2025-12-14,1,1822.4532996502087,1172.0064665833338,10116.390731111109,10454.36929348148,24,True
2025-12-14,2,4893.036085000001,7633.538933933334,10454.36929348148,6376.391843388886,24,True
2025-12-14,3,7901.20186125515,2418.7261666666664,6376.391843388886,10800.0,24,True
2025-12-14,4,158.27493872428025,4854.194830450003,10800.0,5548.89763324074,24,True
2025-12-14,5,3673.7320083333334,3786.9074432098764,5548.89763324074,4647.581503840877,24,True
2025-12-15,0,6836.020551287915,0.0,4647.581503840877,10800.0,24,True
2025-12-15,1,740.7935102880633,600.0427433333334,10800.0,10800.0,24,True
2025-12-15,2,5706.215684999999,7331.294281666665,10800.0,7789.711581314814,24,True
2025-12-15,3,6159.178284135802,2279.6748333333335,7789.711581314814,10800.0,24,True
2025-12-15,4,5.245342078190106,4520.045424549793,10800.0,5782.448113926156,24,True
2025-12-15,5,3598.383275,3386.476043345064,5782.448113926156,5258.2419021538635,24,True
2025-12-16,0,6157.50899760682,0.0,5258.2419021538635,10800.0,24,True
2025-12-16,1,1032.16396230227,836.0528094648374,10800.0,10800.0,24,True
2025-12-16,2,5487.634489464834,7069.450611666667,10800.0,7883.925916444276,24,True
2025-12-16,3,5893.211738930228,2149.034833333333,7883.925916444276,10800.0,24,True
2025-12-16,4,52.22728500000039,4523.349311067456,10800.0,5821.060877536157,24,True
2025-12-16,5,3709.095983333334,3572.5843960711973,5821.060877536157,5189.709044679272,24,True
2025-12-17,0,6233.656617023028,0.0,5189.709044679272,10800.0,24,True
2025-12-17,1,707.2788600823051,572.8958766666669,10800.0,10800.0,24,True
2025-12-17,2,6556.751356666667,6556.2278633333335,10800.0,9416.378595074073,24,True
2025-12-17,3,4266.0740713168725,2210.260733333333,9416.378595074073,10800.0,24,True
2025-12-17,4,15.963662551442793,4334.514392,10800.0,5998.240194074077,24,True
2025-12-17,5,3617.9726166666655,3332.3499375999963,5998.240194074077,5551.804507296303,24,True
2025-12-18,0,5892.918993950608,49.88844166666661,5551.804507296303,10800.0,24,True
2025-12-18,1,930.0498374485574,753.3403683333332,10800.0,10800.0,24,True
2025-12-18,2,5217.436886666667,7833.368571666666,10800.0,6791.950340592593,24,True
2025-12-18,3,7249.66295489712,2264.9823,6791.950340592593,10800.0,24,True
2025-12-18,4,33.23087853909616,4375.15257995,10800.0,5968.627146296298,24,True
2025-12-18,5,3600.7128196666663,3648.2984416666663,5968.627146296298,5155.603748811112,24,True
2025-12-19,0,5956.594968913578,47.586666666666815,5155.603748811112,10463.665146759255,24,True
2025-12-19,1,426.0264655598956,5010.709326303515,10463.665146759255,5279.634158759257,24,True
2025-12-19,2,5422.428355,2020.936783333333,5279.634158759257,7914.334363444442,24,True
2025-12-19,3,3328.8508173456803,126.13515183127572,7914.334363444442,10770.14993035414,24,True
2025-12-19,4,122.97393310445369,5578.934637386833,10770.14993035414,4682.010206385003,24,True
2025-12-19,5,3422.1257166666664,2977.5526583333335,4682.010206385003,4453.53150879241,24,True
2025-12-20,0,6638.7726652306565,25.235916666666526,4453.53150879241,10400.38700009259,24,True
2025-12-20,1,518.8657525720189,4970.31942,10400.38700009259,5344.789044074074,24,True
2025-12-20,2,5745.79635186111,2476.2596166666667,5344.789044074074,7764.606186674999,24,True
2025-12-20,3,3454.791520978397,66.52669999999989,7764.606186674999,10800.0,24,True
2025-12-20,4,53.469831275721226,5589.345430916666,10800.0,4637.739036018519,24,True
2025-12-20,5,3449.7044416666668,2402.7157615408323,4637.739036018519,5072.788854028707,24,True
2025-12-21,0,6142.234114968103,159.96471666666696,5072.788854028707,10423.06098342592,24,True
2025-12-21,1,1581.7420616255222,941.9659549999994,10423.06098342592,10800.0,24,True
2025-12-21,2,5629.694778333333,7185.862848333332,10800.0,7882.433246796296,24,True
2025-12-21,3,5995.245343065845,2230.3386499999997,7882.433246796296,10800.0,24,True
2025-12-21,4,68.06481481481529,4744.533000799998,10800.0,5589.554999111109,24,True
2025-12-21,5,3776.665766666666,3681.7182,5589.554999111109,4897.75618911111,24,True
2025-12-22,0,6041.568178765433,78.71936666666636,4897.75618911111,10247.701587037036,24,True
2025-12-22,1,2183.2479968107004,1271.3623057500004,10247.701587037036,10800.0,24,True
2025-12-22,2,5537.193351666668,7007.7640901,10800.0,7997.069471944445,24,True
2025-12-22,3,6173.884212242796,2478.2087366666665,7997.069471944445,10800.0,24,True
2025-12-22,4,43.7913202509765,4665.423547218407,10800.0,5655.608246872091,24,True
2025-12-22,5,3632.750883333333,3899.429237860082,5655.608246872091,4592.384888694221,24,True
2025-12-23,0,6391.552715339754,10.25099166666655,4592.384888694221,10333.39234175926,24,True
2025-12-23,1,1330.234400473251,657.5429719666655,10333.39234175926,10800.0,24,True
2025-12-23,2,5296.903541666667,7390.983396666666,10800.0,7355.009413425927,24,True
2025-12-23,3,6772.044478909462,2384.8644999999997,7355.009413425927,10800.0,24,True
2025-12-23,4,31.72526241357793,4668.978604472696,10800.0,5640.7987312025625,24,True
2025-12-23,5,3631.7641899176956,3680.9589916666664,5640.7987312025625,4819.432066943304,24,True
2025-12-24,0,6234.902589507441,16.519999999999982,4819.432066943304,10412.488841944443,24,True
2025-12-24,1,1415.7326468107037,797.9834016666666,10412.488841944443,10800.0,24,True
2025-12-24,2,5315.350311666667,6872.941696666666,10800.0,7947.213395314817,24,True
2025-12-24,3,6285.470068991769,2523.7228116666665,7947.213395314817,10800.0,24,True
2025-12-24,4,118.55489506172901,4999.583050266666,10800.0,5351.607127481481,24,True
2025-12-24,5,3707.5206226666664,3645.5432833333334,5351.607127481481,4637.772039733333,24,True
2025-12-25,0,6485.649964185184,111.00540000000035,4637.772039733333,10351.517674166671,24,True
2025-12-25,1,1585.9394402263324,880.9768533333329,10351.517674166671,10800.0,24,True
2025-12-25,2,5131.92932,7099.092967750001,10800.0,7530.855312722222,24,True
2025-12-25,3,6341.571957057617,2194.4430666666667,7530.855312722222,10800.0,24,True
2025-12-25,4,15.594343621400588,5076.466969218106,10800.0,5173.516054572475,24,True
2025-12-25,5,3667.1375392489404,3594.4462074485605,5173.516054572475,4480.110720509232,24,True
2025-12-26,0,6451.481982767519,55.804408333333356,4480.110720509232,10224.439606851849,24,True
2025-12-26,1,643.8164079423898,5586.909516666667,10224.439606851849,4596.197133259259,24,True
2025-12-26,2,5294.24658716787,2115.4717833333334,4596.197133259259,7010.4948580066375,24,True
2025-12-26,3,4452.908552832129,196.30129999999997,7010.4948580066375,10800.0,24,True
2025-12-26,4,0.0,5387.091576975308,10800.0,4814.342692249659,24,True
2025-12-26,5,3521.034833333333,2663.8821344833386,4814.342692249659,5023.405003934839,24,True
2025-12-27,0,6184.595701183512,123.01824166666648,5023.405003934839,10452.854199814818,24,True
2025-12-27,1,453.73940283950583,4831.290348333333,10452.854199814818,5493.119275333332,24,True
2025-12-27,2,5093.151296924007,2052.1798166666663,5493.119275333332,7796.755646268641,24,True
2025-12-27,3,3444.411483178879,87.05338301666745,7796.755646268641,10800.0,24,True
2025-12-27,4,2.501543209877531,5535.5220554320995,10800.0,4651.671327297669,24,True
2025-12-27,5,3790.6973905349796,2847.277743870345,4651.671327297669,4899.657041145433,24,True
2025-12-28,0,6172.037354282851,80.39314999999988,4899.657041145433,10365.164937777778,24,True
2025-12-28,1,1639.5671222633769,954.7448029500032,10365.164937777778,10779.947788981479,24,True
2025-12-28,2,6073.514515000001,7235.714544999999,10779.947788981479,8206.428024703702,24,True
2025-12-28,3,5021.272585720164,1733.0160166666665,8206.428024703702,10800.0,24,True
2025-12-28,4,18.30246913580292,4572.021364999998,10800.0,5736.448483333333,24,True
2025-12-28,5,3740.7139416666664,3741.4743083333333,5736.448483333333,4945.897354907405,24,True
2025-12-29,0,6504.558494547328,0.0,4945.897354907405,10800.0,24,True
2025-12-29,1,689.2884244855985,558.3236238333329,10800.0,10800.0,24,True
2025-12-29,2,5512.186133333333,6606.345351666669,10800.0,8420.583795925924,24,True
2025-12-29,3,5569.35545308642,2369.703333333334,8420.583795925924,10800.0,24,True
2025-12-29,4,90.54157557613121,4502.073123641975,10800.0,5879.183947305211,24,True
2025-12-29,5,3632.6317333333327,3792.030608333333,5879.183947305211,4935.185164712619,24,True
2025-12-30,0,6181.740069763755,14.328875000000039,4935.185164712619,10482.830255277779,24,True
2025-12-30,1,1465.6397431069952,901.7154216666667,10482.830255277779,10800.0,24,True
2025-12-30,2,5155.935683333333,7840.866648766667,10800.0,6728.268060814813,24,True
2025-12-30,3,6726.786372757205,1834.2628649999995,6728.268060814813,10744.305946296296,24,True
2025-12-30,4,117.73502858024813,4509.477533560914,10744.305946296296,5839.736879173058,24,True
2025-12-30,5,3544.1367166666664,3712.8684434999996,5839.736879173058,4904.050542506391,24,True
2025-12-31,0,6182.767991666667,123.90554166666675,4904.050542506391,10330.868910932317,24,True
2025-12-31,1,1825.0702295897688,1056.0889058067971,10330.868910932317,10800.0,24,True
2025-12-31,2,4660.031284999999,7815.4673506931995,10800.0,6310.175544618666,24,True
2025-12-31,3,7928.839090341401,2398.2611500000003,6310.175544618666,10781.396114814816,24,True
2025-12-31,4,109.39309670782002,4844.247861500002,10781.396114814816,5497.352277962962,24,True
2025-12-31,5,3483.270933333333,3761.886258333333,5497.352277962962,4452.422497592592,24,True
