natural_day,block_index,charge_kwh,discharge_kwh,initial_soc_kwh,end_soc_kwh,interval_count,complete_block
2025-02-01,0,7260.835683333334,1.5249333333333652,3668.3243752037038,10201.382119833332,24,True
2025-02-01,1,665.1309779629642,6329.008316666666,10201.382119833332,3767.768537037039,24,True
2025-02-01,2,4904.42549,977.6502,3767.768537037039,7095.473478037038,24,True
2025-02-01,3,4116.140579958847,165.63499711933957,7095.473478037038,10615.961114311845,24,True
2025-02-01,4,127.01695999999976,5411.538570102881,10615.961114311845,4717.455744864199,24,True
2025-02-01,5,2743.0213458367584,2658.969425377779,4717.455744864199,4231.764483475305,24,True
2025-02-02,0,6853.045352002743,14.06916666666666,4231.764483475305,10383.872892870364,24,True
2025-02-02,1,1419.1237712963002,774.9758583333328,10383.872892870364,10800.0,24,True
2025-02-02,2,5118.449728333333,7104.348051666666,10800.0,7512.884698092592,24,True
2025-02-02,3,5328.459288127575,1357.6482516666665,7512.884698092592,10800.0,24,True
2025-02-02,4,35.36134979423865,4647.593649396707,10800.0,5667.832271040695,24,True
2025-02-02,5,3782.6045333333327,3543.492981499999,5667.832271040695,5134.961927151806,24,True
2025-02-03,0,6033.61748781486,0.0,5134.961927151806,10565.217666185183,24,True
2025-02-03,1,1317.70959106996,856.0406683333326,10565.217666185183,10800.0,24,True
2025-02-03,2,4937.3462500000005,7267.815866666666,10800.0,7168.260662037039,24,True
2025-02-03,3,6177.418311728389,1735.1434283333333,7168.260662037039,10800.0,24,True
2025-02-03,4,132.0713716666662,4607.578951474113,10800.0,5799.33206619543,24,True
2025-02-03,5,3664.454261625514,3596.248590192553,5799.33206619543,5101.509134777778,24,True
2025-02-04,0,5868.460360246911,0.0,5101.509134777778,10383.123459,24,True
2025-02-04,1,1243.2875270576137,665.2098233499977,10383.123459,10762.960207407408,24,True
2025-02-04,2,5061.290343333334,7703.1554099999985,10762.960207407408,6759.059949740743,24,True
2025-02-04,3,6787.379602530873,2264.640339999999,6759.059949740743,10351.434547574087,24,True
2025-02-04,4,135.95789333333357,4460.597571666666,10351.434547574087,5517.577127500014,24,True
2025-02-04,5,3606.0909666666666,3606.970958333333,5517.577127500014,4755.313488240755,24,True
2025-02-05,0,6052.06806639916,0.0,4755.313488240755,10202.174748,24,True
2025-02-05,1,1638.362046975306,789.030531250001,10202.174748,10800.0,24,True
2025-02-05,2,4999.426703333333,7869.193863333334,10800.0,6555.93529596296,24,True
2025-02-05,3,6644.250535349798,1562.1846999999993,6555.93529596296,10800.0,24,True
2025-02-05,4,25.768031872428498,4771.55045,10800.0,5521.468506462963,24,True
2025-02-05,5,3606.0227418428194,3550.961933333333,5521.468506462963,4821.375714862241,24,True
2025-02-06,0,6109.598289041953,0.0,4821.375714862241,10320.014175000002,24,True
2025-02-06,1,1492.9445427571961,777.2978371333331,10320.014175000002,10800.0,24,True
2025-02-06,2,5075.846458333333,7053.116476383329,10800.0,7531.465727629634,24,True
2025-02-06,3,5910.953016625507,1846.1910983333335,7531.465727629634,10800.0,24,True
2025-02-06,4,8.247096707819436,4636.3518089166655,10800.0,5655.920377129631,24,True
2025-02-06,5,3439.2877755049985,3658.5401854999996,5655.920377129631,4686.234724528576,24,True
2025-02-07,0,6576.84684496825,13.666758333333348,4686.234724528576,10590.211597962967,24,True
2025-02-07,1,263.1905084362099,6051.7975,10590.211597962967,4102.863611111113,24,True
2025-02-07,2,4257.584283333333,1376.3880333333332,4102.863611111113,6405.369429074077,24,True
2025-02-07,3,4882.92285658436,0.0,6405.369429074077,10800.0,24,True
2025-02-07,4,60.173528209877865,5592.379225699999,10800.0,4640.401480166665,24,True
2025-02-07,5,2388.3082326131703,2826.397975,4640.401480166665,3649.436695074075,24,True
2025-02-08,0,6631.649658333334,42.58916666666664,3649.436695074075,9570.600091277778,24,True
2025-02-08,1,1126.2975683333339,6024.893646666666,9570.600091277778,3889.941628703706,24,True
2025-02-08,2,5571.866933333333,617.2230666666668,3889.941628703706,8218.818461296298,24,True
2025-02-08,3,2867.979487448559,37.706551666666996,8218.818461296298,10758.103831481481,24,True
2025-02-08,4,38.621825000000115,5814.405055773663,10758.103831481481,4332.413412010742,24,True
2025-02-08,5,3969.5923689300407,2837.2839916666667,4332.413412010742,4752.508775529261,24,True
2025-02-09,0,6003.397532189714,0.0,4752.508775529261,10155.566554500003,24,True
2025-02-09,1,1748.6835616666622,901.1942132249973,10155.566554500003,10728.054856416671,24,True
2025-02-09,2,5002.077780555555,7283.381552358331,10728.054856416671,7137.278689629638,24,True
2025-02-09,3,6197.277155555543,1723.345316666666,7137.278689629638,10800.0,24,True
2025-02-09,4,81.39485500000023,4501.411712983329,10800.0,5871.686799518524,24,True
2025-02-09,5,3841.7995333333324,3557.738283333333,5871.686799518524,5376.263842481487,24,True
2025-02-10,0,6026.373508353906,0.0,5376.263842481487,10800.0,24,True
2025-02-10,1,1028.9870246913592,833.4794899999998,10800.0,10800.0,24,True
2025-02-10,2,5086.954831666667,5727.473206666669,10800.0,9014.400229981477,24,True
2025-02-10,3,3661.030382325109,1358.3948166666664,9014.400229981477,10800.0,24,True
2025-02-10,4,16.303497942386052,4390.923594999999,10800.0,5935.869153703704,24,True
2025-02-10,5,3795.8780739500066,3582.424533333333,5935.869153703704,5371.687716555007,24,True
2025-02-11,0,5357.826126049991,0.9705500000000029,5371.687716555007,10192.65284111111,24,True
2025-02-11,1,1684.153383209878,1145.1143726666692,10192.65284111111,10436.041583037033,24,True
2025-02-11,2,5069.73277,6722.4583999999995,10436.041583037033,7529.402853814811,24,True
2025-02-11,3,5081.507158312761,1172.4833666666668,7529.402853814811,10800.0,24,True
2025-02-11,4,7.399790123456316,4818.971259166668,10800.0,5452.247300925924,24,True
2025-02-11,5,3941.8527851851845,3678.6068666666665,5452.247300925924,4912.573844629628,24,True
2025-02-12,0,6250.38057045267,0.0,4912.573844629628,10537.91635803703,24,True
2025-02-12,1,1344.4422760905456,1575.6445762666667,10537.91635803703,9997.19821066667,24,True
2025-02-12,2,5014.63027,6217.466533333333,9997.19821066667,7602.069305518522,24,True
2025-02-12,3,5407.314848868309,1820.191729999999,7602.069305518522,10446.217413944443,24,True
2025-02-12,4,47.485925041154246,4604.501223333332,10446.217413944443,5372.842276111113,24,True
2025-02-12,5,3607.938291666666,3665.0996129166665,5372.842276111113,4547.653835370373,24,True
2025-02-13,0,6027.183940102877,0.0,4547.653835370373,9972.119381462966,24,True
2025-02-13,1,1828.8067187037032,1616.9330533333327,9972.119381462966,9821.453146814814,24,True
2025-02-13,2,5155.68943,5044.668966666666,9821.453146814814,8856.385893074075,24,True
2025-02-13,3,3118.3984521399143,776.6500499999999,8856.385893074075,10800.0,24,True
2025-02-13,4,2.877606677983648,4480.677003075833,10800.0,5824.059842592592,24,True
2025-02-13,5,3698.8298600833327,3642.7593166666666,5824.059842592592,5105.496364815741,24,True
2025-02-14,0,3353.368707241769,0.0,5105.496364815741,8123.528201333333,24,True
2025-02-14,1,1121.7489149999997,5990.264316666666,8123.528201333333,2477.252984092597,24,True
2025-02-14,2,4695.020283333333,428.8094333333333,2477.252984092597,6226.316313166671,24,True
2025-02-14,3,5081.870763148147,0.0,6226.316313166671,10800.0,24,True
2025-02-14,4,55.158728333333556,5762.122150361624,10800.0,4447.284910653749,24,True
2025-02-14,5,3591.1345081275713,2758.313008333333,4447.284910653749,4614.513736487082,24,True
2025-02-15,0,3708.624810467026,9.184583333333364,4614.513736487082,7942.070973314813,24,True
2025-02-15,1,955.1603549999999,5886.620443333332,7942.070973314813,2261.025911333335,24,True
2025-02-15,2,5454.897849999999,313.695,2261.025911333335,6821.883976333336,24,True
2025-02-15,3,4420.128915185181,127.13220666666655,6821.883976333336,10658.741992592593,24,True
2025-02-15,4,23.71725833333312,5914.85871166667,10658.741992592593,4108.022289907404,24,True
2025-02-15,5,3335.1338982499997,2626.085860499164,4108.022289907404,4191.76962,24,True
2025-02-16,0,6613.27905,138.38891666666643,4191.76962,9989.955302037037,24,True
2025-02-16,1,1839.0783316666664,2734.0232247166696,9989.955302037037,8607.322217518516,24,True
2025-02-16,2,4648.766237929352,6666.589995766665,8607.322217518516,5383.889614136418,24,True
2025-02-16,3,6031.5911123781225,839.7236500000001,5383.889614136418,9879.295337498948,24,True
2025-02-16,4,103.46516698333312,5136.50296511934,9879.295337498948,4265.188470984685,24,True
2025-02-16,5,3545.6884126666673,2873.1995474795503,4265.188470984685,4263.8641007407405,24,True
2025-02-17,0,6165.20485473251,39.68300000000022,4263.8641007407405,9768.456247777776,24,True
2025-02-17,1,2294.6937244413634,2372.593278333333,9768.456247777776,9197.465846071296,24,True
2025-02-17,2,5086.295841666667,4814.128416666666,9197.465846071296,8426.100529497226,24,True
2025-02-17,3,3460.809473398146,666.7461499999997,8426.100529497226,10800.0,24,True
2025-02-17,4,58.63032304526578,4863.739537125513,10800.0,5448.612249490172,24,True
2025-02-17,5,3405.069049999999,3718.775648666666,5448.612249490172,4381.2014515272085,24,True
2025-02-18,0,6227.736101595282,47.282300000000305,4381.2014515272085,9933.628054074072,24,True
2025-02-18,1,2234.8386649999998,2831.3307973500023,9933.628054074072,8799.059744407401,24,True
2025-02-18,2,5015.968826666667,5057.641716666667,8799.059744407401,7693.829780999993,24,True
2025-02-18,3,4718.34570514277,1073.7774499999994,7693.829780999993,10747.25486007293,24,True
2025-02-18,4,44.36700576131295,4929.95525186131,10747.25486007293,5309.457107634433,24,True
2025-02-18,5,3618.2004666666658,3696.5371416666667,5309.457107634433,4458.574036893692,24,True
2025-02-19,0,6049.17695178253,306.8771416666664,4458.574036893692,9561.858691646114,24,True
2025-02-19,1,2050.0031279166665,4032.8176770537234,9561.858691646114,6925.952976711422,24,True
2025-02-19,2,5031.310866666667,5153.35767904028,6925.952976711422,5728.17978,24,True
2025-02-19,3,6885.071581893008,1012.269783333333,5728.17978,10800.0,24,True
2025-02-19,4,23.890914564598383,4943.903603245888,10800.0,5328.2755972793775,24,True
2025-02-19,5,3213.8801083333333,3764.3623708847736,5328.2755972793775,4038.14283824074,24,True
2025-02-20,0,6612.769562448568,29.871749999999793,4038.14283824074,9956.44461111112,24,True
2025-02-20,1,1917.1841126311629,2841.9180948875064,9956.44461111112,8524.223540381938,24,True
2025-02-20,2,4983.888129097222,5719.68865,8524.223540381938,6654.513245458326,24,True
2025-02-20,3,5023.597546198567,338.17593333333343,6654.513245458326,10800.0,24,True
2025-02-20,4,5.352518518518839,4944.52738,10800.0,5310.897955555551,24,True
2025-02-20,5,3498.2705833333334,3704.5540516666624,5310.897955555551,4343.170312037037,24,True
2025-02-21,0,2672.627935473253,31.536808333333283,4343.170312037037,6713.494555814816,24,True
2025-02-21,1,1053.02090567901,5127.634349388888,6713.494555814816,1963.8418716049373,24,True
2025-02-21,2,6659.33245,257.83406666666673,1963.8418716049373,7670.758780308642,24,True
2025-02-21,3,3476.934688545956,16.64004666666642,7670.758780308642,10781.51105925926,24,True
2025-02-21,4,43.72788861382821,5671.8796825438685,10781.51105925926,4518.7776228518505,24,True
2025-02-21,5,3433.5948939300406,2706.0477333333333,4518.7776228518505,4602.293323685183,24,True
2025-02-22,0,2108.3851807818955,225.03704166666665,4602.293323685183,6249.798828981481,24,True
2025-02-22,1,1095.1667266666664,5165.175006141665,6249.798828981481,1496.3655428240745,24,True
2025-02-22,2,5979.389066666667,266.7289885416671,1496.3655428240745,6581.4501599999985,24,True
2025-02-22,3,4687.277600000002,0.0,6581.4501599999985,10800.0,24,True
2025-02-22,4,18.495990624999934,5466.439485069444,10800.0,4742.824741485338,24,True
2025-02-22,5,3505.2829153080256,2838.9400166666665,4742.824741485338,4743.201568966263,24,True
2025-02-23,0,6131.0848,118.04279166666686,4743.201568966263,10130.01923155885,24,True
2025-02-23,1,1897.5761068764841,3035.7122409756985,10130.01923155885,8464.824126663576,24,True
2025-02-23,2,5044.707846388888,5632.6085,8464.824126663576,6746.607299524685,24,True
2025-02-23,3,5265.407001021955,628.1091833333327,6746.607299524685,10787.574507851852,24,True
2025-02-23,4,42.27328551440162,4844.0208729166725,10787.574507851852,5443.375050462958,24,True
2025-02-23,5,3429.446616666666,3746.2308666666668,5443.375050462958,4367.398264722217,24,True
2025-02-24,0,6668.850894753092,14.722866666666619,4367.398264722217,10353.005329259257,24,True
2025-02-24,1,1525.2684108230471,3024.1935925833354,10353.005329259257,8365.531796129631,24,True
2025-02-24,2,5236.126998333333,4276.91865,8365.531796129631,8325.914261296299,24,True
2025-02-24,3,3436.1690718106966,620.7780099999998,8325.914261296299,10728.713081481481,24,True
2025-02-24,4,121.8582355761338,4836.924438970833,10728.713081481481,5464.025005754628,24,True
2025-02-24,5,3519.6196333333337,3733.9352805555554,5464.025005754628,4482.865697359566,24,True
2025-02-25,0,6082.914980534978,134.79574166666634,4482.865697359566,9807.716133544753,24,True
2025-02-25,1,1991.4223572202336,3498.5201800000004,9807.716133544753,7712.7516105985205,24,True
2025-02-25,2,5528.670633333333,3740.12065,7712.7516105985205,8532.86556948741,24,True
2025-02-25,3,2987.1327417218095,381.2292633333335,8532.86556948741,10797.696966666666,24,True
2025-02-25,4,18.77860485253753,4901.648596180554,10797.696966666666,5368.321493055558,24,True
2025-02-25,5,3284.037799999999,3710.099441666667,5368.321493055558,4201.622800092594,24,True
2025-02-26,0,6237.704177201645,56.91614999999979,4201.622800092594,9752.316392907409,24,True
2025-02-26,1,1660.5600729835292,4197.845855,9752.316392907409,6582.547286370362,24,True
2025-02-26,2,5115.301078333333,4013.8306000000002,6582.547286370362,6726.506479092584,24,True
2025-02-26,3,5488.9629319238775,779.9158060416663,6726.506479092584,10800.0,24,True
2025-02-26,4,61.33065364197606,4811.123951072013,10800.0,5509.504309308873,24,True
2025-02-26,5,3598.985175,3683.854423427983,5509.504309308873,4655.419385222226,24,True
2025-02-27,0,6224.5707303292165,69.76345833333312,4655.419385222226,10180.018088814819,24,True
2025-02-27,1,1351.2114922427943,4733.86042,10180.018088814819,6136.263520722222,24,True
2025-02-27,2,5381.928800000001,4442.637168650001,6136.263520722222,6043.73592,24,True
2025-02-27,3,5980.814389300412,563.821983333333,6043.73592,10800.0,24,True
2025-02-27,4,0.0,4940.918351166662,10800.0,5310.090720925931,24,True
2025-02-27,5,3579.7966375683322,3726.004496333338,5310.090720925931,4391.902698811499,24,True
2025-02-28,0,2535.8617689337248,46.98431666666653,4391.902698811499,6621.973494555558,24,True
2025-02-28,1,874.2355126337457,5365.9483,6621.973494555558,1446.62067814815,24,True
2025-02-28,2,8034.3479,109.26630000000011,1446.62067814815,8556.12678814815,24,True
2025-02-28,3,2493.1924576131646,2.1898166666667294,8556.12678814815,10797.56687037037,24,True
2025-02-28,4,18.186216502058507,5653.0024437654365,10797.56687037037,4532.820638816186,24,True
2025-02-28,5,3483.3884333333335,2922.4704,4532.820638816186,4420.680895482853,24,True
2025-03-01,0,2442.5780868091756,42.854566666666585,4420.680895482853,6571.384988425927,24,True
2025-03-01,1,1471.8316966666666,4574.361183333333,6571.384988425927,2813.4099783888905,24,True
2025-03-01,2,5820.095166666666,149.64098333333334,2813.4099783888905,7885.2278691296315,24,True
2025-03-01,3,3238.6357009670774,52.7670333333333,7885.2278691296315,10741.369962962963,24,True
2025-03-01,4,73.24392166666644,6059.3944346499975,10741.369962962963,4074.629009518517,24,True
2025-03-01,5,3516.3467833333334,2600.9456835666656,4074.629009518517,4349.4014661111105,24,True
2025-03-02,0,6569.216490843619,0.0,4349.4014661111105,10261.696307870365,24,True
2025-03-02,1,1742.8215122968195,1570.2461553187238,10261.696307870365,10085.517718583362,24,True
2025-03-02,2,5033.755740416667,4707.845616666666,10085.517718583362,9384.958310884289,24,True
2025-03-02,3,2919.370052707435,2642.619020915641,9384.958310884289,9076.148001748046,24,True
2025-03-02,4,106.70868833333395,5119.766023583331,9076.148001748046,3483.556906155458,24,True
2025-03-02,5,3567.698791666666,2082.690250956579,3483.556906155458,4380.385539814814,24,True
2025-03-03,0,5989.344112301482,53.49463333333324,4380.385539814814,9711.356759404667,24,True
2025-03-03,1,2135.0800133981074,2560.6208715120356,9711.356759404667,8787.794469782924,24,True
2025-03-03,2,4841.370481666667,5904.006433333333,8787.794469782924,6585.020755134778,24,True
2025-03-03,3,6069.689167072469,1589.747148333333,6585.020755134778,10281.355285129632,24,True
2025-03-03,4,127.46020833333262,5074.310340216666,10281.355285129632,4757.946872388891,24,True
2025-03-03,5,3537.2670475308637,3203.929564900002,4757.946872388891,4381.565476388889,24,True
2025-03-04,0,5553.063221886505,101.5873262280769,4381.565476388889,9266.44756916666,24,True
2025-03-04,1,2207.0190377983595,2297.7038281833284,9266.44756916666,8699.760449648153,24,True
2025-03-04,2,5061.9191664814725,5043.582216666667,8699.760449648153,7651.507458740736,24,True
2025-03-04,3,4434.233317448566,770.5754816666663,7651.507458740736,10786.122464814815,24,True
2025-03-04,4,100.8276526055428,4733.172292896701,10786.122464814815,5617.787026719027,24,True
2025-03-04,5,3060.841037020007,3709.275341666667,5617.787026719027,4251.126913740737,24,True
2025-03-05,0,6151.326363065844,17.268333333333317,4251.126913740737,9768.133603462958,24,True
2025-03-05,1,2265.6109350411543,1943.4309023500025,9768.133603462958,9647.815775722218,24,True
2025-03-05,2,5328.040766666668,3788.2951999999996,9647.815775722218,10233.835576833331,24,True
2025-03-05,3,1724.5903405555591,887.3701950000001,10233.835576833331,10800.0,24,True
2025-03-05,4,5.356919753087115,4819.821956666665,10800.0,5449.463498148149,24,True
2025-03-05,5,3282.785941666667,3705.1088,5449.463498148149,4287.183290092593,24,True
2025-03-06,0,6480.87810600823,14.143008333333228,4287.183290092593,10104.259131796296,24,True
2025-03-06,1,2140.841785781893,2529.8026677999974,10104.259131796296,9220.124885888894,24,True
2025-03-06,2,5280.444533333333,3681.629883333333,9220.124885888894,9881.825095518523,24,True
2025-03-06,3,2114.2134329629553,886.1554666666664,9881.825095518523,10800.0,24,True
2025-03-06,4,115.98728000000074,4794.940818044006,10800.0,5576.676531951105,24,True
2025-03-06,5,3414.0509333333325,3678.2247548833275,5576.676531951105,4562.4059776362965,24,True
2025-03-07,0,2096.1374249514392,30.718599999999867,4562.4059776362965,6414.797882314815,24,True
2025-03-07,1,1339.1442466666663,4149.556736666666,6414.797882314815,3009.4091080185185,24,True
2025-03-07,2,8656.212102201645,0.0,3009.4091080185185,10800.0,24,True
2025-03-07,3,0.0,60.9526166666667,10800.0,10732.274870370371,24,True
2025-03-07,4,67.37288000000001,5729.715130000002,10732.274870370371,4426.560317925921,24,True
2025-03-07,5,3361.306883333333,2788.3551929166665,4426.560317925921,4353.564076351846,24,True
2025-03-08,0,1391.0565749382793,17.91979999999984,4353.564076351846,5585.604104907409,24,True
2025-03-08,1,1085.0681466666665,4185.7162616666665,5585.604104907409,1911.3695906111136,24,True
2025-03-08,2,9115.993016666667,9.574583333333294,1911.3695906111136,10105.124879685187,24,True
2025-03-08,3,772.0834670164595,0.0,10105.124879685187,10800.0,24,True
2025-03-08,4,138.96842333333308,5782.723747116667,10800.0,4499.8229730925905,24,True
2025-03-08,5,3440.7178666666664,2817.4254666666666,4499.8229730925905,4465.99631235185,24,True
2025-03-09,0,6419.224700164614,35.609600000000114,4465.99631235185,10203.73232027778,24,True
2025-03-09,1,1696.741942962955,3974.6128744166676,10203.73232027778,7314.563541814812,24,True
2025-03-09,2,5150.180746666666,3801.2891666666674,7314.563541814812,7726.071584185181,24,True
2025-03-09,3,4037.865729506177,504.13566666666634,7726.071584185181,10800.0,24,True
2025-03-09,4,42.31841563785969,4771.250807491152,10800.0,5536.696787972793,24,True
2025-03-09,5,3484.528208333334,3676.5289490740743,5536.696787972793,4587.740009834932,24,True
2025-03-10,0,5057.074300183449,63.13756666670952,4587.740009834932,9068.954028148133,24,True
2025-03-10,1,1850.1751883333332,3596.6599281833296,9068.954028148133,6737.8228885555445,24,True
2025-03-10,2,5044.18005965967,4487.95095,6737.8228885555445,6290.97277558258,24,True
2025-03-10,3,5359.522970648978,547.7216183333331,6290.97277558258,10505.963873240731,24,True
2025-03-10,4,159.99512986666025,4959.120606600001,10505.963873240731,5139.8254827873925,24,True
2025-03-10,5,3388.6345666666666,3583.790509508653,5139.8254827873925,4207.607137777778,24,True
2025-03-11,0,6014.682608024693,58.42662499999983,4207.607137777778,9555.903012777777,24,True
2025-03-11,1,1825.755055,3893.0724133333347,9555.903012777777,6873.446547462961,24,True
2025-03-11,2,5417.154351604943,3044.929716666667,6873.446547462961,8365.630223166667,24,True
2025-03-11,3,3497.4855284979403,657.3335500000001,8365.630223166667,10782.996587703703,24,True
2025-03-11,4,93.0161733333332,4733.0992612166665,10782.996587703703,5607.711964574071,24,True
2025-03-11,5,3702.3174750000003,3565.3378499999994,5607.711964574071,4978.311192074072,24,True
2025-03-12,0,5055.7189132510275,96.6750666666668,4978.311192074072,9421.041473259258,24,True
2025-03-12,1,2215.7977166666665,3866.491857,9421.041473259258,7119.157354925925,24,True
2025-03-12,2,5882.889383333333,2948.42215,7119.157354925925,9137.733188814815,24,True
2025-03-12,3,2342.7031441152276,401.54941666666673,9137.733188814815,10800.0,24,True
2025-03-12,4,51.45000666666624,5191.427244783333,10800.0,5078.052511796295,24,True
2025-03-12,5,3345.903433333333,3560.182843949999,5078.052511796295,4133.606886296296,24,True
2025-03-13,0,6424.121328724277,2.9554666666665526,4133.606886296296,9912.032230296296,24,True
2025-03-13,1,2136.1176564326147,2958.3878495815825,9912.032230296296,8547.440510439445,24,True
2025-03-13,2,4986.618784791666,4229.445512847222,8547.440510439445,8336.013513588365,24,True
2025-03-13,3,3344.4997791405035,491.45698333333314,8336.013513588365,10800.0,24,True
2025-03-13,4,55.36760476680451,5050.405020444445,10800.0,5238.269710462962,24,True
2025-03-13,5,3413.014616358024,3746.2987594999995,5238.269710462962,4147.428687962963,24,True
2025-03-14,0,1173.62756802469,355.64906666666656,4147.428687962963,4808.527869555554,24,True
2025-03-14,1,1097.4042700000005,3768.3350333333333,4808.527869555554,1609.1527866296285,24,True
2025-03-14,2,10212.052459300414,0.0,1609.1527866296285,10800.0,24,True
2025-03-14,3,0.0,28.89716666666675,10800.0,10767.892037037036,24,True
2025-03-14,4,15.465593292182689,5717.0300049588495,10767.892037037036,4429.555509934609,24,True
2025-03-14,5,3538.8459999999995,2838.9853,4429.555509934609,4460.088798823497,24,True
2025-03-15,0,364.0503365541385,325.3974166666664,4460.088798823497,4426.181416537039,24,True
2025-03-15,1,965.6593947228604,3685.747384608853,4426.181416537039,1200.0,24,True
2025-03-15,2,7384.7595,0.0,1200.0,7846.283549999999,24,True
2025-03-15,3,3281.9071666666687,0.0,7846.283549999999,10800.0,24,True
2025-03-15,4,4.5771193415647655,5631.340966149999,10800.0,4547.073889462964,24,True
2025-03-15,5,3325.6279999999997,3004.622923666667,4547.073889462964,4201.669174277779,24,True
2025-03-16,0,5640.483415246908,245.84915,4201.669174277779,9004.938525777778,24,True
2025-03-16,1,1360.2875981815855,4432.792672013889,9004.938525777778,5303.872173014662,24,True
2025-03-16,2,5474.62535,2856.6065,5303.872173014662,7057.027765792439,24,True
2025-03-16,3,4856.358490683298,564.9753666666662,7057.027765792439,10800.0,24,True
2025-03-16,4,24.74418333333324,4700.555296800003,10800.0,5599.430546333331,24,True
2025-03-16,5,3401.9132315843617,3579.2058499999994,5599.430546333331,4684.257065870368,24,True
2025-03-17,0,5134.809483477374,74.8010166666669,4684.257065870368,9222.473360259264,24,True
2025-03-17,1,1796.7509166666673,3957.798638816671,9222.473360259264,6441.995142129631,24,True
2025-03-17,2,5043.824613333333,2118.650066666666,6441.995142129631,8627.3816645,24,True
2025-03-17,3,2462.145455082304,38.98131666666666,8627.3816645,10800.0,24,True
2025-03-17,4,22.985718792867512,4361.500293984722,10800.0,5974.575709152782,24,True
2025-03-17,5,3912.5361,3729.40455,5974.575709152782,5352.075365819448,24,True
2025-03-18,0,4790.85027961185,31.8811750000001,5352.075365819448,9628.417089692335,24,True
2025-03-18,1,1046.563601666667,4181.254851833521,9628.417089692335,5924.48560693287,24,True
2025-03-18,2,5517.910633333334,3843.193583333333,5924.48560693287,6620.390084340279,24,True
2025-03-18,3,4978.307334272117,270.7800166666668,6620.390084340279,10800.0,24,True
2025-03-18,4,36.341792181068996,4946.933100000004,10800.0,5336.115279629626,24,True
2025-03-18,5,3506.061816666667,3587.9308249999995,5336.115279629626,4504.9811090740695,24,True
2025-03-19,0,5939.288047942393,14.309391666666784,4504.9811090740695,9834.441028148149,24,True
2025-03-19,1,1241.7280316923907,4949.044185381945,9834.441028148149,5453.05827291358,24,True
2025-03-19,2,5240.214552426716,3558.203733333333,5453.05827291358,6215.691666393922,24,True
2025-03-19,3,5463.822078492347,299.8183833333335,6215.691666393922,10800.0,24,True
2025-03-19,4,19.414495884772705,4595.171264999998,10800.0,5711.7271962963005,24,True
2025-03-19,5,3550.1512000000002,3711.8413833333334,5711.7271962963005,4782.595072592597,24,True
2025-03-20,0,5588.443124015386,126.52622500000007,4782.595072592597,9671.609189761997,24,True
2025-03-20,1,1125.0986266666669,4734.311035000001,9671.609189761997,5423.8523593175505,24,True
2025-03-20,2,2926.957482538225,3265.5568,5423.8523593175505,4429.717649157509,24,True
2025-03-20,3,7317.756874541215,254.72278333333304,4429.717649157509,10732.67352142979,24,True
2025-03-20,4,116.69139568500614,4937.347937870677,10732.67352142979,5351.753624356654,24,True
2025-03-20,5,3596.9779333333327,3822.9182115043222,5351.753624356654,4341.346862685184,24,True
2025-03-21,0,164.24491691666805,738.8955833333337,4341.346862685184,3668.172195317591,24,True
2025-03-21,1,940.906032708333,2782.097911108054,3668.172195317591,1423.767723523919,24,True
2025-03-21,2,10418.0358627512,0.0,1423.767723523919,10800.0,24,True
2025-03-21,3,0.0,0.0,10800.0,10800.0,24,True
2025-03-21,4,6.731776148834696,5459.333538680556,10800.0,4740.132444444445,24,True
2025-03-21,5,3426.3658166666664,2927.01855,4740.132444444445,4571.618846111111,24,True
2025-03-22,0,232.15407499999986,186.25613274615108,4571.618846111111,4573.606255004277,24,True
2025-03-22,1,895.763890319506,3419.0769836233544,4573.606255004277,1580.8193300436603,24,True
2025-03-22,2,10012.848316666667,0.0,1580.8193300436603,10592.382815043658,24,True
2025-03-22,3,230.68576106260176,0.0,10592.382815043658,10800.0,24,True
2025-03-22,4,0.0,5353.069883333334,10800.0,4852.144574074073,24,True
2025-03-22,5,3461.269521203091,2717.22665,4852.144574074073,4948.146420934633,24,True
2025-03-23,0,4737.875583822732,100.70558333333304,4948.146420934633,9100.3393537825,24,True
2025-03-23,1,1989.4495225030948,3741.0075232366203,9100.3393537825,6734.168898216816,24,True
2025-03-23,2,5456.629019722222,3085.5638999999996,6734.168898216816,8216.730682633483,24,True
2025-03-23,3,2875.099941106831,3.8885666666667476,8216.730682633483,10800.0,24,True
2025-03-23,4,24.126878641975825,4986.803375685807,10800.0,5280.82155112688,24,True
2025-03-23,5,3524.495558333333,3659.6507249999995,5280.82155112688,4386.588970293547,24,True
2025-03-24,0,5370.5058168960595,31.038091666666446,4386.588970293547,9185.557436981484,24,True
2025-03-24,1,1690.802007571395,4342.293962199497,9185.557436981484,5882.508174685187,24,True
2025-03-24,2,5790.646896090539,2962.430333333333,5882.508174685187,7802.501121907415,24,True
2025-03-24,3,3718.1533830658364,313.9552500000001,7802.501121907415,10800.0,24,True
2025-03-24,4,24.51181666666696,4759.629488333332,10800.0,5533.583425740744,24,True
2025-03-24,5,3551.8486439166654,3624.015,5533.583425740744,4703.56387193241,24,True
2025-03-25,0,5962.627407353784,143.37259999999958,4703.56387193241,9910.62564966193,24,True
2025-03-25,1,1062.8430507638893,5019.478921015181,9910.62564966193,5289.985594221452,24,True
2025-03-25,2,4283.7678632716,3418.1386333333335,5289.985594221452,5347.444856351076,24,True
2025-03-25,3,6243.051620515265,149.57218333333321,5347.444856351076,10800.0,24,True
2025-03-25,4,100.4311524691341,4916.702641582004,10800.0,5427.3851021311075,24,True
2025-03-25,5,3189.2590499999997,3730.8452999999995,5427.3851021311075,4152.334580464441,24,True
2025-03-26,0,6698.243770987652,71.25479999999993,4152.334580464441,10101.581974353328,24,True
2025-03-26,1,945.1626534808725,5380.17642986111,10101.581974353328,4974.254551529322,24,True
2025-03-26,2,6838.384050000001,2750.8510833333326,4974.254551529322,8072.298992825621,24,True
2025-03-26,3,3030.778896860419,0.0,8072.298992825621,10800.0,24,True
2025-03-26,4,10.152330000000347,4761.417063450001,10800.0,5518.673693166667,24,True
2025-03-26,5,3550.261941666667,3743.1330581666657,5518.673693166667,4554.872709370373,24,True
2025-03-27,0,5974.77600713991,120.51930833333358,4554.872709370373,9798.260773203696,24,True
2025-03-27,1,1100.9789416666672,4833.026414833334,9798.260773203696,5419.112470888882,24,True
2025-03-27,2,4906.704734844836,2855.810016666667,5419.112470888882,6662.024491508492,24,True
2025-03-27,3,4661.124762521429,51.333099999999945,6662.024491508492,10800.0,24,True
2025-03-27,4,27.671396528733087,4684.94584309609,10800.0,5619.40887565798,24,True
2025-03-27,5,3404.7074583333333,3716.390475,5619.40887565798,4554.322838157981,24,True
2025-03-28,0,121.17705710526087,497.12429999999955,4554.322838157981,4111.021856219383,24,True
2025-03-28,1,959.9985164838776,3323.7191781160536,4111.021856219383,1281.9992120370366,24,True
2025-03-28,2,10575.556431069957,0.0,1281.9992120370366,10800.0,24,True
2025-03-28,3,0.0,0.0,10800.0,10800.0,24,True
2025-03-28,4,13.453714999999818,5443.669499999997,10800.0,4763.586676833333,24,True
2025-03-28,5,3494.0633500000004,2914.759708333333,4763.586676833333,4669.6217936851845,24,True
2025-03-29,0,224.73241666666644,150.42731447368578,4669.6217936851845,4704.739508158869,24,True
2025-03-29,1,280.6757338556811,3139.6462699999997,4704.739508158869,1468.8518130734267,24,True
2025-03-29,2,10367.942429918414,0.0,1468.8518130734267,10800.0,24,True
2025-03-29,3,0.0,0.0,10800.0,10800.0,24,True
2025-03-29,4,16.741627829217197,5347.785051874999,10800.0,4873.084074074078,24,True
2025-03-29,5,3621.810108333333,2888.0970666666663,4873.084074074078,4923.716430833337,24,True
2025-03-30,0,5499.551677909463,317.3371999999996,4923.716430833337,9520.716052062966,24,True
2025-03-30,1,968.5655583333337,4311.880898633335,9520.716052062966,5601.446278303705,24,True
2025-03-30,2,4421.693381008234,2542.847183333333,5601.446278303705,6755.584561951856,24,True
2025-03-30,3,4770.796124580242,224.3709666666665,6755.584561951856,10800.0,24,True
2025-03-30,4,3.48621553497853,4383.501913966049,10800.0,5932.57991179698,24,True
2025-03-30,5,3668.8404416666667,3584.4551916666665,5932.57991179698,5251.80831855624,24,True
2025-03-31,0,4549.622333475531,42.82796666666661,5251.80831855624,9298.881789054589,24,True
2025-03-31,1,942.7390106342033,4717.584196666666,9298.881789054589,4905.586680106854,24,True
2025-03-31,2,5887.578748076988,1697.641649999999,4905.586680106854,8318.139053376144,24,True
2025-03-31,3,3157.4774235215677,435.98228333333327,8318.139053376144,10675.443975286298,24,True
2025-03-31,4,240.0790135364856,4867.072784736224,10675.443975286298,5483.656437762222,24,True
2025-03-31,5,3484.169615697331,3581.288366666666,5483.656437762222,4640.199795593527,24,True
2025-04-01,0,5716.208659073038,150.78424166666684,4640.199795593527,9617.249542462963,24,True
2025-04-01,1,1972.4602364347236,2925.618290000005,9617.249542462963,8141.776766365321,24,True
2025-04-01,2,5467.696329552936,2036.4331166666666,8141.776766365321,10800.0,24,True
2025-04-01,3,280.34190226337165,227.07694083333342,10800.0,10800.0,24,True
2025-04-01,4,16.7277627743475,4784.431605583849,10800.0,5499.019869181526,24,True
2025-04-01,5,3656.3358833333336,3868.3483855967083,5499.019869181526,4491.557291296294,24,True
2025-04-02,0,6132.884630000003,105.15337499999987,4491.557291296294,9894.316374962966,24,True
2025-04-02,1,2020.7815097222226,1143.9486360666729,9894.316374962966,10441.96569363889,24,True
2025-04-02,2,5068.231833333333,4045.4856833333324,10441.96569363889,10508.390251046298,24,True
2025-04-02,3,324.0108321707804,0.0,10508.390251046298,10800.0,24,True
2025-04-02,4,0.0,5023.787233532514,10800.0,5218.014184963873,24,True
2025-04-02,5,3468.308064332515,3649.576276660155,5218.014184963873,4284.40669101852,24,True
2025-04-03,0,6773.210946090533,100.96205000000009,4284.40669101852,10268.116486944446,24,True
2025-04-03,1,886.3487263785996,5350.614019791665,10268.116486944446,5120.703652027779,24,True
2025-04-03,2,5701.084287674899,2811.688983333333,5120.703652027779,7127.580640564819,24,True
2025-04-03,3,4195.1138561625485,92.86480000000017,7127.580640564819,10800.0,24,True
2025-04-03,4,119.87766176954423,4836.1705101,10800.0,5534.367106592591,24,True
2025-04-03,5,3518.4629998645632,3660.8351575266465,5534.367106592591,4633.389186996647,24,True
2025-04-04,0,393.65162499999934,199.67453766783387,4633.389186996647,4765.815052087941,24,True
2025-04-04,1,342.36620181441975,2864.5943716666666,4765.815052087941,1891.0619985357355,24,True
2025-04-04,2,9898.820001626958,0.0,1891.0619985357355,10800.0,24,True
2025-04-04,3,0.0,0.0,10800.0,10800.0,24,True
2025-04-04,4,0.0,5345.190578333333,10800.0,4860.899357407409,24,True
2025-04-04,5,3451.7186416666664,2854.41485,4860.899357407409,4795.874079351856,24,True
2025-04-05,0,290.63340833333336,473.11797378601455,4795.874079351856,4531.757509311843,24,True
2025-04-05,1,289.33305166666645,2682.6108466666665,4531.757509311843,1811.4785372933259,24,True
2025-04-05,2,9987.24606967408,0.0,1811.4785372933259,10800.0,24,True
2025-04-05,3,0.0,0.0,10800.0,10800.0,24,True
2025-04-05,4,4.79783950617275,5842.308795455168,10800.0,4312.863838383146,24,True
2025-04-05,5,3477.7995784718305,2810.662104544832,4312.863838383146,4319.925565069093,24,True
2025-04-06,0,5440.399287145452,73.46064833333344,4319.925565069093,9134.661980907409,24,True
2025-04-06,1,998.4273850000001,4350.88380096667,9134.661980907409,5198.931292999994,24,True
2025-04-06,2,5672.244808559667,2241.5239499999993,5198.931292999994,7813.369454037029,24,True
2025-04-06,3,3421.2349917421216,83.23285194444475,7813.369454037029,10800.0,24,True
2025-04-06,4,103.409473070135,4853.908129853472,10800.0,5499.837270370373,24,True
2025-04-06,5,3595.799200000001,3683.121475,5499.837270370373,4643.699355925928,24,True
2025-04-07,0,5313.370159876535,90.02758500000004,4643.699355925928,9325.701849814808,24,True
2025-04-07,1,942.1380859500033,5023.77465,9325.701849814808,4591.654293836479,24,True
2025-04-07,2,6165.149940786418,1803.4435833333337,4591.654293836479,8136.4630368405515,24,True
2025-04-07,3,3106.50067923066,119.0822833333333,8136.4630368405515,10800.0,24,True
2025-04-07,4,0.0,4940.627047314814,10800.0,5310.414391872429,24,True
2025-04-07,5,3468.724625,3648.2765954953547,5310.414391872429,4378.625892710925,24,True
2025-04-08,0,6281.579610876749,11.398383333333072,4378.625892710925,10019.382672129628,24,True
2025-04-08,1,942.121105041152,5801.150237013889,10019.382672129628,4421.569181095679,24,True
2025-04-08,2,4646.708707874121,2561.41785,4421.569181095679,5757.587184849054,24,True
2025-04-08,3,5603.197510661544,0.4184499999998934,5757.587184849054,10800.0,24,True
2025-04-08,4,0.0,5229.814370308638,10800.0,4989.095144101512,24,True
2025-04-08,5,3419.685575,3425.784729691361,4989.095144101512,4260.384684166668,24,True
2025-04-09,0,6437.624844814813,88.31650000000002,4260.384684166668,9956.117600055555,24,True
2025-04-09,1,1097.9669163194442,4640.606579356942,9956.117600055555,5788.058292124229,24,True
2025-04-09,2,5588.346910416667,2421.6049999999996,5788.058292124229,8126.8982892770055,24,True
2025-04-09,3,3247.928567469995,381.5318871390914,8126.8982892770055,10626.109680956566,24,True
2025-04-09,4,261.1557639577268,4809.941281666671,10626.109680956566,5516.7706666666645,24,True
2025-04-09,5,3429.7240416666664,3747.4742166666665,5516.7706666666645,4439.662063425924,24,True
2025-04-10,0,6527.552032921812,264.8802183333339,4439.662063425924,10020.147539351852,24,True
2025-04-10,1,903.2438033333335,5882.3532,10020.147539351852,4297.118962351851,24,True
2025-04-10,2,5790.376316666667,2442.25695,4297.118962351851,6794.838814018518,24,True
2025-04-10,3,4532.784486481482,66.9103666666665,6794.838814018518,10800.0,24,True
2025-04-10,4,28.96283166666649,5141.747100213921,10800.0,5113.014214928979,24,True
2025-04-10,5,3614.291591460903,3538.075018519412,5113.014214928979,4434.682182222224,24,True
2025-04-11,0,172.5190250000008,227.91615833333424,4434.682182222224,4336.709128796298,24,True
2025-04-11,1,376.86868805555565,2694.9169936861126,4336.709128796298,1681.5387328395063,24,True
2025-04-11,2,10131.623630178326,0.0,1681.5387328395063,10800.0,24,True
2025-04-11,3,0.0,0.0,10800.0,10800.0,24,True
2025-04-11,4,21.997898333333296,5846.711645701622,10800.0,4323.451835498197,24,True
2025-04-11,5,3430.1347151666414,2712.683825,4323.451835498197,4396.479940259286,24,True
2025-04-12,0,351.2095916666669,282.05920499999996,4396.479940259286,4399.169456092621,24,True
2025-04-12,1,552.6105805555273,2054.372753333333,4399.169456092621,2613.8825860000006,24,True
2025-04-12,2,9095.686015555555,0.0,2613.8825860000006,10800.0,24,True
2025-04-12,3,0.0,0.0,10800.0,10800.0,24,True
2025-04-12,4,49.37929833333294,5421.239499999996,10800.0,4820.841924055558,24,True
2025-04-12,5,3586.4194083333327,2821.616625,4820.841924055558,4913.489808222224,24,True
2025-04-13,0,5156.600110452672,99.35489166666696,4913.489808222224,9444.035583555555,24,True
2025-04-13,1,1016.8132026337453,5626.747952250002,9444.035583555555,4107.2252967592585,24,True
2025-04-13,2,4184.237299958851,2133.3918166666663,4107.2252967592585,5502.603514870372,24,True
2025-04-13,3,5885.996094588473,0.0,5502.603514870372,10800.0,24,True
2025-04-13,4,43.234658333333186,5044.590538333332,10800.0,5233.810594351855,24,True
2025-04-13,5,3451.683666666667,3660.0753265833364,5233.810594351855,4273.575531481481,24,True
2025-04-14,0,6153.62236946502,105.93086666666647,4273.575531481481,9694.134701037037,24,True
2025-04-14,1,935.7788250000001,5823.488905,9694.134701037037,4065.792415759259,24,True
2025-04-14,2,3499.506054444446,1877.925683333333,4065.792415759259,5128.763772166667,24,True
2025-04-14,3,6301.373586481481,0.0,5128.763772166667,10800.0,24,True
2025-04-14,4,23.266404999999963,4944.383755250002,10800.0,5327.180036444443,24,True
2025-04-14,5,3544.2925583333326,3731.078766666667,5327.180036444443,4371.400264870368,24,True
2025-04-15,0,6412.203463312759,35.52245833333325,4371.400264870368,10102.9139837037,24,True
2025-04-15,1,929.7276971193462,6122.995753333333,10102.9139837037,4136.340296296297,24,True
2025-04-15,2,5416.90415,1229.7195833333335,4136.340296296297,7645.1989387037065,24,True
2025-04-15,3,3549.3248725514372,167.07043500000043,7645.1989387037065,10653.95750733333,24,True
2025-04-15,4,218.7766255967131,4950.349258516668,10653.95750733333,5350.468405351851,24,True
2025-04-15,5,3701.3898625,3662.9107249999997,5350.468405351851,4611.8184760462955,24,True
2025-04-16,0,6211.71119883745,135.4850250000003,4611.8184760462955,10051.819638333334,24,True
2025-04-16,1,930.8453072016456,6141.9018399999995,10051.819638333334,4065.2450370370357,24,True
2025-04-16,2,4215.735803042692,1941.9388333333332,4065.2450370370357,5701.697444960644,24,True
2025-04-16,3,5794.4079527728645,148.08177333333276,5701.697444960644,10752.12929875252,24,True
2025-04-16,4,175.12832941078022,4732.896149383337,10752.12929875252,5650.971295907405,24,True
2025-04-16,5,3460.1784916666666,3614.4308577160486,5650.971295907405,4749.09765205624,24,True
2025-04-17,0,6448.642600205759,120.41475000000003,4749.09765205624,10419.081825574758,24,True
2025-04-17,1,508.8130682914228,5451.206368333333,10419.081825574758,4820.117622222221,24,True
2025-04-17,2,5102.250009404334,1826.8180166666664,4820.117622222221,7382.344834389825,24,True
2025-04-17,3,3891.6499988261176,76.3468499999999,7382.344834389825,10800.0,24,True
2025-04-17,4,36.34563000000048,4873.223503616525,10800.0,5418.018285203863,24,True
2025-04-17,5,3694.983156695171,3704.1047833397556,5418.018285203863,4627.8311447409005,24,True
2025-04-18,0,128.50070833333342,552.5783899999998,4627.8311447409005,4129.505793352011,24,True
2025-04-18,1,421.4324999999998,2284.097110849998,4129.505793352011,1970.9093646297913,24,True
2025-04-18,2,9810.1007059669,0.0,1970.9093646297913,10800.0,24,True
2025-04-18,3,0.0,0.0,10800.0,10800.0,24,True
2025-04-18,4,52.86701851852303,5603.737118333334,10800.0,4621.205740740742,24,True
2025-04-18,5,3795.512591666666,2821.5920176666664,4621.205740740742,4902.064831388891,24,True
2025-04-19,0,200.08873333333298,472.8040878070131,4902.064831388891,4556.806816047764,24,True
2025-04-19,1,137.57279666666665,2843.465012423544,4556.806816047764,1521.2167636882716,24,True
2025-04-19,2,10309.759151457476,0.0,1521.2167636882716,10800.0,24,True
2025-04-19,3,0.0,0.0,10800.0,10800.0,24,True
2025-04-19,4,57.760794350455,5408.250058055552,10800.0,4842.8179837425705,24,True
2025-04-19,5,3611.7745967500005,2758.473725,4842.8179837425705,5028.444315262016,24,True
2025-04-20,0,4866.813908042202,12.819686666666485,5028.444315262016,9394.332736203698,24,True
2025-04-20,1,850.7849866666669,5469.856802386105,9394.332736203698,4082.420554885806,24,True
2025-04-20,2,4380.433205279947,2412.1339000000007,4082.420554885806,5344.66166185998,24,True
2025-04-20,3,6063.96389422965,2.006249999999909,5344.66166185998,10800.0,24,True
2025-04-20,4,0.0,4696.940425583329,10800.0,5581.177304907415,24,True
2025-04-20,5,3551.0911317901227,3536.4525750000003,5581.177304907415,4847.767573518527,24,True
2025-04-21,0,5894.360815946498,133.37779166666655,4847.767573518527,10004.494761574078,24,True
2025-04-21,1,857.2850999999999,5247.90306821667,10004.494761574078,4945.0479424444475,24,True
2025-04-21,2,3536.2407000000003,1480.4156999999996,4945.0479424444475,6482.7582391111155,24,True
2025-04-21,3,4796.935289876538,0.0,6482.7582391111155,10800.0,24,True
2025-04-21,4,33.449283333333256,4912.512552183333,10800.0,5371.757074796298,24,True
2025-04-21,5,3489.067925,3786.702634900002,5371.757074796298,4304.470835185185,24,True
2025-04-22,0,6276.683835905349,159.66107166666666,4304.470835185185,9776.085096759258,24,True
2025-04-22,1,912.6437583333334,6026.970281666666,9776.085096759258,3900.830832962962,24,True
2025-04-22,2,5868.9138924297,1475.8925166666668,3900.830832962962,7542.972762075618,24,True
2025-04-22,3,3727.6096682493117,289.8609350580672,7542.972762075618,10575.753757879924,24,True
2025-04-22,4,259.40347957786133,4760.2119896502045,10575.753757879924,5520.092456555326,24,True
2025-04-22,5,3564.679827263374,3633.2841975308634,5520.092456555326,4691.3218593914025,24,True
2025-04-23,0,6309.301148052383,91.21961666666687,4691.3218593914025,10268.33776300892,24,True
2025-04-23,1,771.8225575621065,5734.020874999999,10268.33776300892,4591.84375925926,24,True
2025-04-23,2,3899.1246833333335,1581.13715,4591.84375925926,6344.236918703704,24,True
2025-04-23,3,5099.460018312759,120.37584166666693,6344.236918703704,10800.0,24,True
2025-04-23,4,73.48225860082368,4506.711543600821,10800.0,5858.676762073164,24,True
2025-04-23,5,3707.3099833333326,3686.6374249999994,5858.676762073164,5098.991941517608,24,True
2025-04-24,0,5276.7228566471,79.921066666667,5098.991941517608,9759.241327314816,24,True
2025-04-24,1,1123.75095457114,4669.923216666666,9759.241327314816,5581.813612354772,24,True
2025-04-24,2,5093.810874521228,1421.0444666666658,5581.813612354772,8587.30510312758,24,True
2025-04-24,3,2458.549885413799,0.0,8587.30510312758,10800.0,24,True
2025-04-24,4,0.0,4831.639214549998,10800.0,5431.5119838333385,24,True
2025-04-24,5,3532.944283333334,3727.587038399851,5431.5119838333385,4469.398462833506,24,True
2025-04-25,0,199.75723333333337,172.9305833333333,4469.398462833506,4457.0348802409135,24,True
2025-04-25,1,423.04454166666653,2186.132941683334,4457.0348802409135,2408.7383658705426,24,True
2025-04-25,2,9323.624037921618,0.0,2408.7383658705426,10800.0,24,True
2025-04-25,3,0.0,0.0,10800.0,10800.0,24,True
2025-04-25,4,0.0,5547.612434958848,10800.0,4635.98618337906,24,True
2025-04-25,5,3383.1523250000005,2873.813339124484,4635.98618337906,4487.697343518523,24,True
2025-04-26,0,202.22678166666702,427.89611666666667,4487.697343518523,4194.261317388891,24,True
2025-04-26,1,637.9348566666666,2524.673237500004,4194.261317388891,1963.2102022777763,24,True
2025-04-26,2,9818.655330802472,0.0,1963.2102022777763,10800.0,24,True
2025-04-26,3,0.0,0.0,10800.0,10800.0,24,True
2025-04-26,4,0.0,5358.579385161108,10800.0,4846.022905376549,24,True
2025-04-26,5,3424.233241666667,3043.7737355333334,4846.022905376549,4545.86200561729,24,True
2025-04-27,0,4888.386086131686,56.501839999999675,4545.86200561729,8882.629660913586,24,True
2025-04-27,1,970.2365899999999,5630.3717916666665,8882.629660913586,3499.873934506181,24,True
2025-04-27,2,6063.0943,1837.5155833333333,3499.873934506181,6914.974823024699,24,True
2025-04-27,3,4316.694641083667,301.93619166666645,6914.974823024699,10464.515342592593,24,True
2025-04-27,4,44.944702016458564,5879.369373766668,10464.515342592593,3972.3329368888844,24,True
2025-04-27,5,3534.363391666666,2588.3231202833294,3972.3329368888844,4277.345411296296,24,True
2025-04-28,0,5202.8467307407445,211.01084166666658,4277.345411296296,8725.450978222227,24,True
2025-04-28,1,2083.0181872916673,2257.618549256251,8725.450978222227,8091.70229205556,24,True
2025-04-28,2,5441.0738,2623.2571000000003,8091.70229205556,10073.93860094445,24,True
2025-04-28,3,1035.992624465015,185.69876666666653,10073.93860094445,10800.0,24,True
2025-04-28,4,0.0,4780.55540035093,10800.0,5488.271777387858,24,True
2025-04-28,5,3584.6910083333332,3623.0891298990728,5488.271777387858,4688.839096111109,24,True
2025-04-29,0,5657.132080761312,154.77053333333333,4688.839096111109,9608.290709537034,24,True
2025-04-29,1,956.9234750000004,4943.852745,9608.290709537034,4976.352120370372,24,True
2025-04-29,2,5200.605883333334,1025.9798333333333,4976.352120370372,8516.919822777782,24,True
2025-04-29,3,2570.2061124691318,222.47755333333328,8516.919822777782,10582.908042518518,24,True
2025-04-29,4,198.80603333333443,4697.10866033333,10582.908042518518,5542.82384992593,24,True
2025-04-29,5,3743.6880666666666,3678.1337666666664,5542.82384992593,4825.327813629635,24,True
2025-04-30,0,6202.091633333333,262.6158416666667,4825.327813629635,10115.414904000005,24,True
2025-04-30,1,880.7282301234505,4853.611813333333,10115.414904000005,5515.168296296298,24,True
2025-04-30,2,5708.949709711932,894.9370166666664,5515.168296296298,9658.848572074074,24,True
2025-04-30,3,1267.946031028807,0.0,9658.848572074074,10800.0,24,True
2025-04-30,4,24.769901666666556,4687.893872543849,10800.0,5613.521942006836,24,True
2025-04-30,5,3619.710391666667,3697.3612166666658,5613.521942006836,4763.082164877208,24,True
2025-05-01,0,5161.7062898328795,203.94236666666643,4763.082164877208,9182.01519609717,24,True
2025-05-01,1,1193.3570372916665,5140.181445501342,9182.01519609717,4544.723812435957,24,True
2025-05-01,2,5034.5808,1798.1724833333328,4544.723812435957,7077.877106510033,24,True
2025-05-01,3,4135.692103877741,0.0,7077.877106510033,10800.0,24,True
2025-05-01,4,0.0,6092.3516173313055,10800.0,4030.7204251874346,24,True
2025-05-01,5,2885.3095583333334,2817.2315993353577,4030.7204251874346,3497.241695092593,24,True
2025-05-02,0,241.9351083333334,296.8089999999999,3497.241695092593,3385.1955148148163,24,True
2025-05-02,1,311.0056906944443,1948.6765532583345,3385.1955148148163,1499.9044661527778,24,True
2025-05-02,2,10333.439482052469,0.0,1499.9044661527778,10800.0,24,True
2025-05-02,3,0.0,0.0,10800.0,10800.0,24,True
2025-05-02,4,13.659101944444387,6364.65341536111,10800.0,3740.45606357099,24,True
2025-05-02,5,2969.345791666666,2467.4069655472244,3740.45606357099,3671.3039810185182,24,True
2025-05-03,0,423.51883333333296,362.56374166666603,3671.3039810185182,3649.6223291666674,24,True
2025-05-03,1,248.91525907895044,1962.93131082895,3649.6223291666674,1692.6112725277783,24,True
2025-05-03,2,10119.32080830247,0.0,1692.6112725277783,10800.0,24,True
2025-05-03,3,0.0,0.0,10800.0,10800.0,24,True
2025-05-03,4,30.94412010288022,5672.244695102878,10800.0,4525.35560242273,24,True
2025-05-03,5,3406.2155749999993,3071.416733333333,4525.35560242273,4178.264360663471,24,True
2025-05-04,0,6490.055117040588,277.9243499999999,4178.264360663471,9710.509132666666,24,True
2025-05-04,1,1022.351681666667,4200.533191666667,9710.509132666666,5963.366544314813,24,True
2025-05-04,2,6087.540389876537,1136.956666666667,5963.366544314813,10178.867710018512,24,True
2025-05-04,3,690.1469888683197,0.0,10178.867710018512,10800.0,24,True
2025-05-04,4,0.0,5335.4925013459215,10800.0,4871.674998504534,24,True
2025-05-04,5,3045.494908333333,3379.947717904081,4871.674998504534,3857.1229516666663,24,True
2025-05-05,0,6865.746191666666,94.90502000000004,3857.1229516666663,9930.844501944443,24,True
2025-05-05,1,1024.3953794007234,5741.948051041666,9930.844501944443,4472.858064469908,24,True
2025-05-05,2,4922.266952034483,2195.4517333333333,4472.858064469908,6463.5075064861285,24,True
2025-05-05,3,4818.324992793193,0.0,6463.5075064861285,10800.0,24,True
2025-05-05,4,19.455833333333658,5513.615037433335,10800.0,4691.271319518518,24,True
2025-05-05,5,3386.867091666666,3273.7897292333328,4691.271319518518,4101.907558425924,24,True
2025-05-06,0,6477.968044958848,102.67994166666654,4101.907558425924,9817.989974814815,24,True
2025-05-06,1,948.3019500000003,5890.452355,9817.989974814815,4126.514668703709,24,True
2025-05-06,2,3879.6001166666665,2292.23765,4126.514668703709,5071.224051481486,24,True
2025-05-06,3,6390.193724691354,141.13217166666664,5071.224051481486,10665.584879629629,24,True
2025-05-06,4,159.92013374485768,4933.881492916666,10665.584879629629,5327.422452314817,24,True
2025-05-06,5,2838.2580499999995,3680.18002375,5327.422452314817,3792.7657820370387,24,True
2025-05-07,0,6327.493451069953,34.010183333333316,3792.7657820370387,9449.720795407407,24,True
2025-05-07,1,1033.0056716666668,4627.825046783332,9449.720795407407,5237.39807014815,24,True
2025-05-07,2,5412.08046,1874.3324166666664,5237.39807014815,8025.678910074075,24,True
2025-05-07,3,3082.5789888065833,482.16633261666584,8025.678910074075,10264.259630425926,24,True
2025-05-07,4,125.83417833333294,5486.5106400833365,10264.259630425926,4281.3874574999945,24,True
2025-05-07,5,3097.4040333333332,2912.726445083328,4281.3874574999945,3832.6883707407405,24,True
2025-05-08,0,6828.781162510286,11.624133333333361,3832.6883707407405,9965.675713296296,24,True
2025-05-08,1,984.8108983333332,5366.650478333333,9965.675713296296,4889.06054587037,24,True
2025-05-08,2,2672.3543666666665,1687.2432333333331,4889.06054587037,5419.464772166667,24,True
2025-05-08,3,5978.767100466394,709.0768616666671,5419.464772166667,10012.491982956792,24,True
2025-05-08,4,777.7512133333338,4576.547999333332,10012.491982956792,5627.414742364201,24,True
2025-05-08,5,3338.7235166666665,3486.994827333333,5627.414742364201,4757.827210327163,24,True
2025-05-09,0,98.24705000000006,398.2467309649164,4757.827210327163,4403.753187588365,24,True
2025-05-09,1,206.29835666666662,2438.9502403684173,4403.753187588365,1879.4769970679017,24,True
2025-05-09,2,9911.692225480108,0.0,1879.4769970679017,10800.0,24,True
2025-05-09,3,0.0,0.0,10800.0,10800.0,24,True
2025-05-09,4,1.4907061968356743,4523.503427863502,10800.0,5775.226715728815,24,True
2025-05-09,5,3780.9236166666665,2780.3902416666665,5775.226715728815,6088.735479988072,24,True
2025-05-10,0,458.8700733333329,166.22605000000027,6088.735479988072,6317.022934876959,24,True
2025-05-10,1,144.9451833333331,4145.853640322598,6317.022934876959,1840.9695550740726,24,True
2025-05-10,2,9954.47827213992,0.0,1840.9695550740726,10800.0,24,True
2025-05-10,3,0.0,0.0,10800.0,10800.0,24,True
2025-05-10,4,128.71810999999997,4935.627928333334,10800.0,5431.815267518517,24,True
2025-05-10,5,3477.9848583333332,2794.545616666667,5431.815267518517,5456.950954833332,24,True
2025-05-11,0,5114.891547962964,336.8126816666663,5456.950954833332,9686.11703503704,24,True
2025-05-11,1,988.5606316666668,4446.1695150000005,9686.11703503704,5635.63325353704,24,True
2025-05-11,2,5646.067786666667,1668.5184666666669,5635.63325353704,8863.184854129633,24,True
2025-05-11,3,2388.7046476748924,191.7171333333332,8863.184854129633,10800.0,24,True
2025-05-11,4,0.0,4665.2857466308715,10800.0,5616.34917041014,24,True
2025-05-11,5,3767.969916666666,3303.454075,5616.34917041014,5337.017567632361,24,True
2025-05-12,0,4931.199217075152,132.3476333333332,5337.017567632361,9628.043937074071,24,True
2025-05-12,1,1028.6082066666668,3925.2081466666664,9628.043937074071,6192.4489378888875,24,True
2025-05-12,2,5184.485417411701,734.9351500000002,6192.4489378888875,10041.891202448305,24,True
2025-05-12,3,842.3431083907724,0.0,10041.891202448305,10800.0,24,True
2025-05-12,4,24.1462250000003,4982.94827670782,10800.0,5285.1224061579815,24,True
2025-05-12,5,3630.616871707819,3029.7076866666666,5285.1224061579815,5186.335716620945,24,True
2025-05-13,0,5046.284510976727,14.73583333333329,5186.335716620945,9711.618628351851,24,True
2025-05-13,1,1229.0973313991817,4388.47163845,9711.618628351851,5941.726628333335,24,True
2025-05-13,2,5424.622192736624,1768.5275666666662,5941.726628333335,8858.855972166668,24,True
2025-05-13,3,2156.8266975925912,0.0,8858.855972166668,10800.0,24,True
2025-05-13,4,124.00108205761163,4170.954045083335,10800.0,6277.207590425924,24,True
2025-05-13,5,3570.139208333333,3411.3349215833337,6277.207590425924,5699.96074283333,24,True
2025-05-14,0,4877.34684574074,105.34715999999992,5699.96074283333,9972.520503999996,24,True
2025-05-14,1,882.1821949999998,4896.166673333333,9972.520503999996,5326.299286907401,24,True
2025-05-14,2,4883.225505130322,1252.5624666666665,5326.299286907401,8329.466167450617,24,True
2025-05-14,3,2745.037591721538,104.89445833333355,8329.466167450617,10683.450601851851,24,True
2025-05-14,4,195.52078395061906,4468.780288083337,10683.450601851851,5894.107876203701,24,True
2025-05-14,5,3412.561358333333,3474.2859352499995,5894.107876203701,5105.095392870368,24,True
2025-05-15,0,5360.455190699591,149.0125499999997,5105.095392870368,9763.9355645,24,True
2025-05-15,1,993.4540583333339,5582.842058333334,9763.9355645,4454.886374407406,24,True
2025-05-15,2,5174.279184658399,1220.5276666666668,4454.886374407406,7755.595788748113,24,True
2025-05-15,3,3479.646241754499,78.54966569444434,7755.595788748113,10800.0,24,True
2025-05-15,4,460.10491166666634,4151.44335989097,10800.0,6601.379576176701,24,True
2025-05-15,5,3851.1990166666665,3050.3592873333337,6601.379576176701,6678.170594139663,24,True
2025-05-16,0,247.18409385964588,179.9040649999996,6678.170594139663,6700.7428730577885,24,True
2025-05-16,1,489.0029666666668,3520.5658793898965,6700.7428730577885,3229.105677069013,24,True
2025-05-16,2,8412.10480325665,0.0,3229.105677069013,10800.0,24,True
2025-05-16,3,0.0,0.0,10800.0,10800.0,24,True
2025-05-16,4,0.0,3932.604104972842,10800.0,6430.439883363509,24,True
2025-05-16,5,3717.8125499999996,2654.662333333333,6430.439883363509,6826.846363548693,24,True
2025-05-17,0,97.10619166666618,480.7361221938223,6826.846363548693,6380.090689166667,24,True
2025-05-17,1,706.4584483333331,4269.392028333333,6380.090689166667,2272.1343722962974,24,True
2025-05-17,2,9475.406253004112,0.0,2272.1343722962974,10800.0,24,True
2025-05-17,3,0.0,0.0,10800.0,10800.0,24,True
2025-05-17,4,20.49962333333326,4359.253185000001,10800.0,5974.835010999997,24,True
2025-05-17,5,4064.6826166666656,2752.373183333333,5974.835010999997,6574.856940074073,24,True
2025-05-18,0,3363.650127510292,136.0477666666668,6574.856940074073,9450.977869648146,24,True
2025-05-18,1,889.209238333333,4969.971032843748,9450.977869648146,4729.076147655093,24,True
2025-05-18,2,7103.026483333334,1769.7176333333332,4729.076147655093,9155.447056729168,24,True
2025-05-18,3,1827.2810480787005,0.0,9155.447056729168,10800.0,24,True
2025-05-18,4,60.67503086419713,4351.292832736625,10800.0,6019.837713625972,24,True
2025-05-18,5,4280.594425,3010.7020733333334,6019.837713625972,6527.148170200047,24,True
2025-05-19,0,4167.866377843577,6.747833333333347,6527.148170200047,10270.730317666676,24,True
2025-05-19,1,594.2710626748886,4279.810825,10270.730317666676,6050.228912962963,24,True
2025-05-19,2,4417.2535547530915,1195.3416999999997,6050.228912962963,8697.599667796301,24,True
2025-05-19,3,2336.000369115221,0.0,8697.599667796301,10800.0,24,True
2025-05-19,4,296.45890123456985,4339.247908333336,10800.0,6245.426446296293,24,True
2025-05-19,5,4119.337225,3236.953298333334,6245.426446296293,6356.215172870367,24,True
2025-05-20,0,4300.291788477371,211.33635500000048,6356.215172870367,9991.659610277777,24,True
2025-05-20,1,945.8741983333331,4495.286678333334,9991.659610277777,5848.1834128518485,24,True
2025-05-20,2,5098.574922227805,1254.7628,5848.1834128518485,9042.719953967986,24,True
2025-05-20,3,1999.9033745828956,650.8639888878603,9042.719953967986,10119.450781217192,24,True
2025-05-20,4,718.3463616666662,4021.5893802499977,10119.450781217192,6297.5298619949735,24,True
2025-05-20,5,3719.8003333333336,3244.2690447500004,6297.5298619949735,6040.6067789394165,24,True
2025-05-21,0,4614.920406816287,164.6476583333333,6040.6067789394165,10011.093302481482,24,True
2025-05-21,1,921.5645733333336,4422.416245,10011.093302481482,5926.705590703709,24,True
2025-05-21,2,2699.219949999999,1073.018366666666,5926.705590703709,7163.760916074081,24,True
2025-05-21,3,4112.216718765425,265.0916130807317,7163.760916074081,10570.209726206594,24,True
2025-05-21,4,300.38834000000065,4471.076583785242,10570.209726206594,5872.696361334106,24,True
2025-05-21,5,3634.2020877572013,3061.03285,5872.696361334106,5742.3306292044745,24,True
2025-05-22,0,4995.705139488708,111.47636666666642,5742.3306292044745,10114.602625114678,24,True
2025-05-22,1,845.5972004898643,4827.235961666667,10114.602625114678,5512.044592592593,24,True
2025-05-22,2,3651.2702500000005,1242.0174499999994,5512.044592592593,7418.168428703705,24,True
2025-05-22,3,3757.59063477366,0.0,7418.168428703705,10800.0,24,True
2025-05-22,4,136.50541557612874,4010.3952039277756,10800.0,6466.860202987655,24,True
2025-05-22,5,4260.464733333333,3000.8002333333334,6466.860202987655,6967.055981506172,24,True
2025-05-23,0,159.90074166666693,957.9306533555565,6967.055981506172,6046.599256388889,24,True
2025-05-23,1,554.2390174305556,4272.660319041667,6046.599256388889,1798.0140175856482,24,True
2025-05-23,2,10002.206647127057,0.0,1798.0140175856482,10800.0,24,True
2025-05-23,3,0.0,0.0,10800.0,10800.0,24,True
2025-05-23,4,10.889589999999885,5402.8661233333305,10800.0,4806.616049518522,24,True
2025-05-23,5,3956.423627166667,2667.702808333333,4806.616049518522,5403.283082487042,24,True
2025-05-24,0,52.5399583333334,658.7113083333331,5403.283082487042,4718.667591283338,24,True
2025-05-24,1,583.6727343859615,3113.5334654576345,4718.667591283338,1784.4914239444427,24,True
2025-05-24,2,10017.23175117284,0.0,1784.4914239444427,10800.0,24,True
2025-05-24,3,0.0,0.0,10800.0,10800.0,24,True
2025-05-24,4,0.0,5167.56998450998,10800.0,5058.25557276669,24,True
2025-05-24,5,3928.1784666666663,2672.266115333333,5058.25557276669,5624.431620174099,24,True
2025-05-25,0,4882.940714813787,51.82164166666723,5624.431620174099,9961.498661654654,24,True
2025-05-25,1,879.0678700000001,4571.260685,9961.498661654654,5673.48120576577,24,True
2025-05-25,2,4316.01235,969.385733333333,5673.48120576577,8480.797061506511,24,True
2025-05-25,3,2576.8921538816558,0.0,8480.797061506511,10800.0,24,True
2025-05-25,4,98.80625666666674,4185.286943778897,10800.0,6238.606804579003,24,True
2025-05-25,5,4150.611858333333,3078.50622,6238.606804579003,6553.595010412335,24,True
2025-05-26,0,3947.76178954185,37.94182499999977,6553.595010412335,10064.423037666666,24,True
2025-05-26,1,897.7417462139916,5202.563348333333,10064.423037666666,5091.764666666668,24,True
2025-05-26,2,4186.013645582131,1718.2853833333334,5091.764666666668,6949.9709662091045,24,True
2025-05-26,3,4285.382537545439,128.46840666666594,6949.9709662091045,10664.072575925928,24,True
2025-05-26,4,154.5803395061723,3985.7635657499977,10664.072575925928,6374.568697314818,24,True
2025-05-26,5,3772.0380750000004,3100.5891475833328,6374.568697314818,6324.3039119444475,24,True
2025-05-27,0,4974.4404784979415,192.14987666666661,6324.3039119444475,10587.800479629632,24,True
2025-05-27,1,409.5525246913569,4532.385593333333,10587.800479629632,5920.413759259261,24,True
2025-05-27,2,3754.0147,1257.6461333333332,5920.413759259261,7901.642396666666,24,True
2025-05-27,3,3220.3973370370386,155.63495000000023,7901.642396666666,10627.072277777777,24,True
2025-05-27,4,420.84943697242863,4490.485274370498,10627.072277777777,6016.408688419075,24,True
2025-05-27,5,3787.787908333333,3231.5925349999998,6016.408688419075,5834.759433696851,24,True
2025-05-28,0,4111.186945892387,52.507105000000024,5834.759433696851,9476.486457222218,24,True
2025-05-28,1,1028.39939,5137.630916666666,9476.486457222218,4693.56711192592,24,True
2025-05-28,2,2977.7711490354936,1535.1502499999997,4693.56711192592,5667.838646057864,24,True
2025-05-28,3,5733.941481046813,26.580833333333317,5667.838646057864,10798.85171974074,24,True
2025-05-28,4,140.51422606995934,4242.760994083332,10798.85171974074,6211.135640888894,24,True
2025-05-28,5,3892.9422590833337,2980.970151666667,6211.135640888894,6402.594616656485,24,True
2025-05-29,0,2584.8160771918865,41.21534999999983,6402.594616656485,8683.134252795851,24,True
2025-05-29,1,1845.0363340277775,3123.2877710148805,8683.134252795851,6873.347207848767,24,True
2025-05-29,2,5723.371340277778,2013.011316666666,6873.347207848767,9787.702173358026,24,True
2025-05-29,3,1124.775362935527,0.0,9787.702173358026,10800.0,24,True
2025-05-29,4,80.01992316316921,4521.4396031631695,10800.0,5848.19614955444,24,True
2025-05-29,5,4018.035349999999,3090.0352583333333,5848.19614955444,6031.055455295181,24,True
2025-05-30,0,260.0954833333331,362.45559166666686,6031.055455295181,5862.412955109995,24,True
2025-05-30,1,375.1067199999995,2649.4476701666667,5862.412955109995,3256.178258480365,24,True
2025-05-30,2,8382.024157244037,0.0,3256.178258480365,10800.0,24,True
2025-05-30,3,0.0,0.0,10800.0,10800.0,24,True
2025-05-30,4,91.15803146433285,5431.674803819444,10800.0,4846.848001851854,24,True
2025-05-30,5,3965.674724382715,2664.941681666666,4846.848001851854,5454.908940833333,24,True
2025-05-31,0,315.8429616666667,276.52843500000006,5454.908940833333,5431.913789666665,24,True
2025-05-31,1,461.1421949999999,3228.490343416663,5431.913789666665,2259.730272481485,24,True
2025-05-31,2,9489.188586131682,0.0,2259.730272481485,10800.0,24,True
2025-05-31,3,0.0,0.0,10800.0,10800.0,24,True
2025-05-31,4,0.0,5137.858013292178,10800.0,5091.2688741198,24,True
2025-05-31,5,4041.07043597551,2731.884068333333,5091.2688741198,5692.8055239051655,24,True
2025-06-01,0,3727.1694739942627,731.676915,5692.8055239051655,8234.283700500002,24,True
2025-06-01,1,2236.165026527778,747.2918298784746,8234.283700500002,9416.507968954473,24,True
2025-06-01,2,5054.8182236111115,3741.5094333333327,9416.507968954473,9808.611666500772,24,True
2025-06-01,3,1351.0030887311393,1423.0689092361104,9808.611666500772,9443.326769429785,24,True
2025-06-01,4,0.0,6529.5126425923645,9443.326769429785,2188.312722104937,24,True
2025-06-01,5,2875.244625,1311.7165915611101,2188.312722104937,3318.570005092592,24,True
2025-06-02,0,5846.457025,618.3933083333336,3318.570005092592,7893.277651666666,24,True
2025-06-02,1,1431.2488813554537,4016.5585197472215,7893.277651666666,4718.55884516744,24,True
2025-06-02,2,5675.1759634375085,3078.508933333333,4718.55884516744,6405.651730779718,24,True
2025-06-02,3,5685.7097731228405,1487.5749398611106,6405.651730779718,9869.929482300151,24,True
2025-06-02,4,0.0,6426.057206332334,9869.929482300151,2729.865919708667,24,True
2025-06-02,5,2675.6250833333334,1820.3707610711335,2729.865919708667,3115.2943157407403,24,True
2025-06-03,0,6630.990496399177,593.0754850000002,3115.2943157407403,8424.213001388891,24,True
2025-06-03,1,2706.4555495138893,2870.103184722916,8424.213001388891,7671.019457370372,24,True
2025-06-03,2,5209.1695875000005,3834.298233333333,7671.019457370372,8098.940715750003,24,True
2025-06-03,3,3657.563114187241,732.0973200000012,8098.940715750003,10577.30605185185,24,True
2025-06-03,4,0.0,5925.577396666666,10577.30605185185,3993.3311666666687,24,True
2025-06-03,5,3222.6582183333335,2620.8981822666683,3993.3311666666687,3981.6144717592592,24,True
2025-06-04,0,6465.015701934157,990.8065216666665,3981.6144717592592,8699.232468314813,24,True
2025-06-04,1,1025.8105909722224,3392.398501502774,8699.232468314813,5853.130331853397,24,True
2025-06-04,2,3946.158493138726,2535.8081999999995,5853.130331853397,6587.108309011585,24,True
2025-06-04,3,5446.159809848236,1387.8432370833325,6587.108309011585,9946.604096671297,24,True
2025-06-04,4,42.655185000000984,5753.739210264583,9946.604096671297,3591.9501962106506,24,True
2025-06-04,5,3055.8283333333325,2314.0819309229187,3591.9501962106506,3770.993550740741,24,True
2025-06-05,0,6634.462511666667,247.53480000000025,3770.993550740741,9466.971144574074,24,True
2025-06-05,1,1397.1150340380673,3961.427210638883,9466.971144574074,6322.7888856095715,24,True
2025-06-05,2,5354.837373333333,3352.3761833333324,6322.7888856095715,7417.280095683645,24,True
2025-06-05,3,4869.9991138906025,1638.4706033333327,7417.280095683645,9979.756405592594,24,True
2025-06-05,4,358.8992116666677,5018.356041666668,9979.756405592594,4726.814538685188,24,True
2025-06-05,5,2859.210025,3443.54383481667,4726.814538685188,3473.9437447222217,24,True
2025-06-06,0,576.9970549999991,305.501206666667,3473.9437447222217,3653.7953090370356,24,True
2025-06-06,1,269.8400199999998,2182.1603419166654,3653.7953090370356,1472.0287249074065,24,True
2025-06-06,2,7886.497649999999,0.0,1472.0287249074065,8569.876609907407,24,True
2025-06-06,3,2477.914877880658,480.93835,8569.876609907407,10265.624055555556,24,True
2025-06-06,4,0.0,6998.029403333335,10265.624055555556,2490.0358296296313,24,True
2025-06-06,5,3112.4755333333333,1407.2345526666686,2490.0358296296313,3727.6698622222207,24,True
2025-06-07,0,625.0412016666664,211.757081666666,3727.6698622222207,4054.921297425925,24,True
2025-06-07,1,315.9841366666667,2106.856946234566,4054.921297425925,1998.3548579430744,24,True
2025-06-07,2,5790.361716666665,0.0,1998.3548579430744,7209.680402943073,24,True
2025-06-07,3,3989.243996729921,0.0,7209.680402943073,10800.0,24,True
2025-06-07,4,0.0,5969.197671666664,10800.0,4167.558142592597,24,True
2025-06-07,5,3159.1824,2699.6061366666704,4167.558142592597,4011.259928518519,24,True
2025-06-08,0,7236.299780000001,153.01691499999993,4011.259928518519,10353.910936074077,24,True
2025-06-08,1,1458.8710238065823,3039.937622249999,10353.910936074077,8289.186388333334,24,True
2025-06-08,2,4133.910432716047,1088.7352,8289.186388333334,10800.0,24,True
2025-06-08,3,747.1615020576124,605.2008166666664,10800.0,10800.0,24,True
2025-06-08,4,68.15123965777376,4091.2176616666643,10800.0,6315.5387138401475,24,True
2025-06-08,5,3698.9298866666663,3141.657533333333,6315.5387138401475,6153.845019247556,24,True
2025-06-09,0,4663.979221391604,154.56558333333362,6153.845019247556,10179.68678146296,24,True
2025-06-09,1,1708.0760316872438,3592.219148333333,10179.68678146296,7725.600600722224,24,True
2025-06-09,2,5701.092461666667,2798.0059666666666,7725.600600722224,9747.688297703706,24,True
2025-06-09,3,2360.7683317695423,965.141816666667,9747.688297703706,10800.0,24,True
2025-06-09,4,133.56304833333252,4813.188908333335,10800.0,5572.219067574068,24,True
2025-06-09,5,3668.913693333333,3383.345451666667,5572.219067574068,5114.968667499991,24,True
2025-06-10,0,5880.522767222231,78.79910000000018,5114.968667499991,10319.884602444443,24,True
2025-06-10,1,1809.8962738888895,3040.87358166667,10319.884602444443,8570.042824870363,24,True
2025-06-10,2,5798.893718333334,3557.891833333333,8570.042824870363,9835.834023222214,24,True
2025-06-10,3,2471.6245914814904,1134.2665400000005,9835.834023222214,10800.0,24,True
2025-06-10,4,7.938239999999951,4280.488195,10800.0,6051.046421555551,24,True
2025-06-10,5,3765.659049999999,3116.84601,6051.046421555551,5976.9773332222185,24,True
2025-06-11,0,5230.252740864203,0.0,5976.9773332222185,10684.2048,24,True
2025-06-11,1,206.29562447788,3431.206508501389,10684.2048,7057.419185917438,24,True
2025-06-11,2,4543.143230277778,5210.888616666665,7057.419185917438,5356.371852426699,24,True
2025-06-11,3,8326.77024627486,1845.4185666666658,5356.371852426699,10800.0,24,True
2025-06-11,4,91.57007613168857,4903.7531033333335,10800.0,5433.798509259262,24,True
2025-06-11,5,3824.36374,2946.1562666666664,5433.798509259262,5602.218912296298,24,True
2025-06-12,0,4847.119333282707,484.7249783333335,5602.218912296298,9426.043002991473,24,True
2025-06-12,1,2215.3538316666672,3067.6353414256605,9426.043002991473,8011.377738796296,24,True
2025-06-12,2,5219.5174566666665,3107.5907666666662,8011.377738796296,9256.064820166666,24,True
2025-06-12,3,3744.5968747530837,2179.4788466666655,9256.064820166666,10204.558844481478,24,True
2025-06-12,4,577.9086199999997,4281.0661316666665,10204.558844481478,5967.936456185183,24,True
2025-06-12,5,3683.332075,3065.9078566666662,5967.936456185183,5876.371038499998,24,True
2025-06-13,0,514.6832100000004,313.7951900000005,5876.371038499998,5990.924605277776,24,True
2025-06-13,1,190.06172104166654,3875.9369984999976,5990.924605277776,1855.383489215278,24,True
2025-06-13,2,6111.061833333333,13.859816666666688,1855.383489215278,7339.939342918982,24,True
2025-06-13,3,3844.5118412011284,42.16297833333306,7339.939342918982,10753.152246296297,24,True
2025-06-13,4,67.83759298230461,4640.987122900004,10753.152246296297,5657.553721202588,24,True
2025-06-13,5,3944.364441666666,3221.340848333333,5657.553721202588,5628.21410944333,24,True
2025-06-14,0,249.63690333333352,440.06373999999977,5628.21410944333,5363.927611332219,24,True
2025-06-14,1,120.45668333333322,3777.2271956989975,5363.927611332219,1275.41952,24,True
2025-06-14,2,9071.136466666667,0.0,1275.41952,9439.442340000001,24,True
2025-06-14,3,1511.7307333333313,0.0,9439.442340000001,10800.0,24,True
2025-06-14,4,46.76649382716075,4342.497027751855,10800.0,6017.093146942382,24,True
2025-06-14,5,3726.9858499999996,3209.3114250000003,6017.093146942382,5805.478828609046,24,True
2025-06-15,0,5536.1334487883005,133.31800166666665,5805.478828609046,10639.867819555553,24,True
2025-06-15,1,1460.862085761318,2393.6138665999983,10639.867819555553,9295.072733851855,24,True
2025-06-15,2,4057.770623724275,3674.467938333333,9295.072733851855,8864.324141499997,24,True
2025-06-15,3,3626.026612325103,1194.9732833333333,8864.324141499997,10800.0,24,True
2025-06-15,4,45.48940499999992,3454.618446716667,10800.0,7002.475523703703,24,True
2025-06-15,5,4744.716718333333,2899.843249999999,7002.475523703703,8050.672514648149,24,True
2025-06-16,0,3054.8083170576115,0.0,8050.672514648149,10800.0,24,True
2025-06-16,1,833.9122219958858,2609.8255916666667,10800.0,8650.714786833332,24,True
2025-06-16,2,5381.997845,3804.8519333333325,8650.714786833332,9266.899588074075,24,True
2025-06-16,3,3635.351853004116,1564.8446301999998,9266.899588074075,10800.0,24,True
2025-06-16,4,25.15277166666658,3660.1096902166655,10800.0,6755.848949814816,24,True
2025-06-16,5,5011.076774999999,2794.0291,6755.848949814816,8161.341269537036,24,True
2025-06-17,0,2499.583340514406,386.3253083333326,8161.341269537036,9981.715933407411,24,True
2025-06-17,1,1542.917918991765,3242.660108333333,9981.715933407411,7767.386384574071,24,True
2025-06-17,2,4142.113206666667,3186.7042999999994,7767.386384574071,7954.505715018515,24,True
2025-06-17,3,5954.987134979428,2705.8498729423573,7954.505715018515,10307.49427767516,24,True
2025-06-17,4,609.0328966778045,4246.377831995887,10307.49427767516,6137.426293578643,24,True
2025-06-17,5,4486.378238333334,2946.6349133333333,6137.426293578643,6901.127915486051,24,True
2025-06-18,0,4402.315742052536,56.890875000000165,6901.127915486051,10800.0,24,True
2025-06-18,1,406.62454409465215,4183.214291666667,10800.0,6517.946210055557,24,True
2025-06-18,2,5072.344333333333,2700.2017499999997,6517.946210055557,8082.83194338889,24,True
2025-06-18,3,4184.538546440327,944.0249716666656,8082.83194338889,10800.0,24,True
2025-06-18,4,34.82412479423787,4135.91534,10800.0,6235.8802234259265,24,True
2025-06-18,5,4842.03786,2931.266591666667,6235.8802234259265,7336.751417796297,24,True
2025-06-19,0,3319.3657250000006,103.46049166666648,7336.751417796297,10209.224468444447,24,True
2025-06-19,1,1019.6402272324607,4102.756311666666,10209.224468444447,6568.282548879589,24,True
2025-06-19,2,5518.085516666667,3358.6902166666664,6568.282548879589,7802.681495361072,24,True
2025-06-19,3,4169.136280874528,679.4137333333335,7802.681495361072,10800.0,24,True
2025-06-19,4,124.2804103292184,3968.2167004845705,10800.0,6502.72270209122,24,True
2025-06-19,5,4862.115784567902,2898.007193333333,6502.72270209122,7658.618915609739,24,True
2025-06-20,0,1011.3823750000001,680.064105715433,7658.618915609739,7813.236268981483,24,True
2025-06-20,1,391.31851000000006,4569.238961666667,7813.236268981483,3088.4907483518546,24,True
2025-06-20,2,8568.343612942384,0.0,3088.4907483518546,10800.0,24,True
2025-06-20,3,0.0,0.0,10800.0,10800.0,24,True
2025-06-20,4,93.69623862139879,3588.4245699499993,10800.0,6897.188203703704,24,True
2025-06-20,5,4533.5518483333335,3022.2782666666662,6897.188203703704,7619.297904240743,24,True
2025-06-21,0,307.80512000000033,711.1591788166703,7619.297904240743,7106.145646888887,24,True
2025-06-21,1,220.56061833333325,4933.2941949999995,7106.145646888887,1823.2122089444433,24,True
2025-06-21,2,9974.208656728399,0.0,1823.2122089444433,10800.0,24,True
2025-06-21,3,0.0,0.0,10800.0,10800.0,24,True
2025-06-21,4,44.95781893004094,3674.7193499999994,10800.0,6757.440537037038,24,True
2025-06-21,5,4912.17176,2723.684696666669,6757.440537037038,8152.078791407406,24,True
2025-06-22,0,2726.184917901236,318.64086,8152.078791407406,10251.599817518512,24,True
2025-06-22,1,1220.5892947530917,2860.6956416666667,10251.599817518512,8171.579469833335,24,True
2025-06-22,2,5434.861761913579,2036.659549999999,8171.579469833335,10800.0,24,True
2025-06-22,3,2044.4815816666664,2000.9037199999998,10800.0,10416.807067944443,24,True
2025-06-22,4,438.35757687242983,3753.4480600000006,10416.807067944443,6640.831042685186,24,True
2025-06-22,5,4448.5403,2897.1069166666666,6640.831042685186,7425.509627500003,24,True
2025-06-23,0,3460.7017788888847,299.6308733333334,7425.509627500003,10207.218035907405,24,True
2025-06-23,1,1133.3695856172842,4044.781081666666,10207.218035907405,6733.04946111111,24,True
2025-06-23,2,4955.582721666667,2705.5217999999995,6733.04946111111,8186.938577277779,24,True
2025-06-23,3,4893.732470802469,2036.8856233333336,8186.938577277779,10328.091552851854,24,True
2025-06-23,4,589.0670976543182,3965.2720533333336,10328.091552851854,6452.394103703704,24,True
2025-06-23,5,4702.858541666666,2837.178,6452.394103703704,7532.546791203703,24,True
2025-06-24,0,3459.8835869958875,185.80941666666706,7532.546791203703,10439.987112092595,24,True
2025-06-24,1,1388.7785375823007,2549.2604344763913,10439.987112092595,8857.37620205401,24,True
2025-06-24,2,4749.852185277778,5964.035781944444,8857.37620205401,6505.536744421295,24,True
2025-06-24,3,5658.794323662557,2134.8430133333327,6505.536744421295,9226.403843125003,24,True
2025-06-24,4,302.13907716604945,4089.1438821660504,9226.403843125003,4954.835810167726,24,True
2025-06-24,5,4825.890585,2715.390688333333,4954.835810167726,6281.036571852912,24,True
2025-06-25,0,5115.497446727219,236.4336649999999,6281.036571852912,10622.280201685184,24,True
2025-06-25,1,875.8755146205465,3237.8773366666665,10622.280201685184,7812.926679658491,24,True
2025-06-25,2,4390.103973333335,3889.1880333333324,7812.926679658491,7442.700218621456,24,True
2025-06-25,3,5413.982925811549,1363.7563666666665,7442.700218621456,10800.0,24,True
2025-06-25,4,31.771140226335547,3547.6579117078168,10800.0,6886.751902083906,24,True
2025-06-25,5,4609.195541666667,2980.7764516666666,6886.751902083906,7723.054054398723,24,True
2025-06-26,0,2556.9128456886647,0.0,7723.054054398723,10024.275615518518,24,True
2025-06-26,1,1946.8009530658437,2243.8802944999993,10024.275615518518,9283.196146055552,24,True
2025-06-26,2,4557.839157695468,3957.0764833333333,9283.196146055552,8988.499739833325,24,True
2025-06-26,3,2700.2237664403383,556.8310166666668,8988.499739833325,10800.0,24,True
2025-06-26,4,0.0,4321.73530649999,10800.0,5998.071881666678,24,True
2025-06-26,5,4420.714731376533,2870.249826666666,5998.071881666678,6787.548665831481,24,True
2025-06-27,0,450.08098166666724,299.9274500000001,6787.548665831481,6859.368827109258,24,True
2025-06-27,1,142.61236666666656,4876.355934248334,6859.368827109258,1569.5466968333294,24,True
2025-06-27,2,10256.059225740742,0.0,1569.5466968333294,10800.0,24,True
2025-06-27,3,0.0,0.0,10800.0,10800.0,24,True
2025-06-27,4,86.1251446090537,3827.9041533333334,10800.0,6624.285793111112,24,True
2025-06-27,5,4958.846925,3034.1895499999996,6624.285793111112,7715.92630338889,24,True
2025-06-28,0,859.1670308771947,808.3574005938624,7715.92630338889,7591.001741629628,24,True
2025-06-28,1,51.93415166666648,4883.531743333333,7591.001741629628,2211.5960966481475,24,True
2025-06-28,2,9214.685516666666,0.0,2211.5960966481475,10504.813061648147,24,True
2025-06-28,3,327.98548705761476,48.99002666666672,10504.813061648147,10745.566637037036,24,True
2025-06-28,4,299.3974333197558,3720.481871780152,10745.566637037036,6881.155580602426,24,True
2025-06-28,5,4640.607284999999,2803.480284958847,6881.155580602426,7942.724042703708,24,True
2025-06-29,0,3174.7510636625498,0.0,7942.724042703708,10800.0,24,True
2025-06-29,1,949.3926627571983,2273.5976702166686,10800.0,9128.233762907406,24,True
2025-06-29,2,5887.179941666667,3653.885416666667,9128.233762907406,10366.823025222222,24,True
2025-06-29,3,978.5234493415616,402.7447166666665,10366.823025222222,10800.0,24,True
2025-06-29,4,0.0,3542.8505771166724,10800.0,6863.499358759257,24,True
2025-06-29,5,5122.556201666666,2878.2273416666667,6863.499358759257,8275.769560629627,24,True
2025-06-30,0,2293.708818189301,268.41543000000024,8275.769560629627,10041.868130333332,24,True
2025-06-30,1,1253.373129711938,3655.3517716666665,10041.868130333332,7108.4019785555565,24,True
2025-06-30,2,4434.3525500000005,3697.715033333333,7108.4019785555565,6990.7470142962975,24,True
2025-06-30,3,5022.051897695476,727.6080716666672,6990.7470142962975,10702.140309259259,24,True
2025-06-30,4,321.5364835185182,4156.887915,10702.140309259259,6372.758794425921,24,True
2025-06-30,5,4508.452708333333,2656.9762749999995,6372.758794425921,7478.170370814808,24,True
2025-07-01,0,2375.8008264398377,1975.7024450000004,7478.170370814808,7421.1661757217735,24,True
2025-07-01,1,2351.666418611111,1269.6385900690398,7421.1661757217735,8126.956407950617,24,True
2025-07-01,2,4818.222353333333,3911.5467666666673,8126.956407950617,8117.193451876544,24,True
2025-07-01,3,4122.567065816183,924.7534300000002,8117.193451876544,10800.0,24,True
2025-07-01,4,43.41926337448464,4931.919593333331,10800.0,5359.166677777778,24,True
2025-07-01,5,2960.9547333333326,3660.623878333333,5359.166677777778,3956.666072962963,24,True
2025-07-02,0,5425.632769876554,1189.7276099999997,3956.666072962963,7517.815999185199,24,True
2025-07-02,1,1817.0757701888779,3848.906974305555,7517.815999185199,4876.620887571237,24,True
2025-07-02,2,5278.456008374491,2375.83,4876.620887571237,6987.420183997168,24,True
2025-07-02,3,4398.67498074389,131.60490000000004,6987.420183997168,10800.0,24,True
2025-07-02,4,140.00806779235114,5725.633838004116,10800.0,4564.19188545299,24,True
2025-07-02,5,2966.169866666666,3300.879988574358,4564.19188545299,3566.100333703703,24,True
2025-07-03,0,4694.880834218105,900.242253333333,3566.100333703703,6791.223914129629,24,True
2025-07-03,1,3296.9891459027776,633.0781650000005,6791.223914129629,9055.093962108791,24,True
2025-07-03,2,5408.463879466673,3535.003616666667,9055.093962108791,9994.929657332501,24,True
2025-07-03,3,2564.3247223054545,1352.5397166666671,9994.929657332501,10800.0,24,True
2025-07-03,4,49.25945805555534,5501.70694394722,10800.0,4731.325796753086,24,True
2025-07-03,5,2817.125625000001,3274.8558504111106,4731.325796753086,3628.0101365740743,24,True
2025-07-04,0,117.81327499999998,1521.4110649999996,3628.0101365740743,2043.5853451851854,24,True
2025-07-04,1,493.0929122916675,760.3992636527773,2043.5853451851854,1642.4808955223775,24,True
2025-07-04,2,10175.021227197361,0.0,1642.4808955223775,10800.0,24,True
2025-07-04,3,0.0,83.70323333333329,10800.0,10706.996407407407,24,True
2025-07-04,4,120.43073654321074,5221.991978143003,10706.996407407407,5013.1707612485125,24,True
2025-07-04,5,2839.148181499999,3505.006783305327,5013.1707612485125,3673.952143148147,24,True
2025-07-05,0,684.6049266666664,167.19935666666652,3673.952143148147,4104.319514185183,24,True
2025-07-05,1,618.1122731250003,2472.082329408331,4104.319514185183,1913.8624162106496,24,True
2025-07-05,2,9873.486204210389,0.0,1913.8624162106496,10800.0,24,True
2025-07-05,3,0.0,0.0,10800.0,10800.0,24,True
2025-07-05,4,65.50726403549399,5447.470977547221,10800.0,4806.211007023922,24,True
2025-07-05,5,2983.595353333334,3467.4652677715308,4806.211007023922,3638.707638611111,24,True
2025-07-06,0,5363.5973409876515,25.749100000000226,3638.707638611111,8437.335134388886,24,True
2025-07-06,1,2130.7567191666667,2016.1563422583286,8437.335134388886,8114.84246801852,24,True
2025-07-06,2,5371.571783333333,3175.908783333333,8114.84246801852,9420.469535981483,24,True
2025-07-06,3,3817.5791899588453,1850.6617262499994,9420.469535981483,10800.0,24,True
2025-07-06,4,69.83599768518613,5058.297561791666,10800.0,5242.521773703704,24,True
2025-07-06,5,2982.967400333333,3604.012823333333,5242.521773703704,3922.733741411111,24,True
2025-07-07,0,5163.100781827161,856.5492883333329,3922.733741411111,7617.803013574074,24,True
2025-07-07,1,958.7437564583337,4074.3198377972217,7617.803013574074,3953.6503523896613,24,True
2025-07-07,2,4204.350715464685,2282.6208333333325,3953.6503523896613,5201.320625937508,24,True
2025-07-07,3,6482.223995871906,211.78999999999996,5201.320625937508,10800.0,24,True
2025-07-07,4,16.806796296295943,4485.312633583335,10800.0,5831.445412685184,24,True
2025-07-07,5,2870.6469750000006,3638.298025,5831.445412685184,4372.474329074074,24,True
2025-07-08,0,7208.926671399175,54.45749999999998,4372.474329074074,10800.0,24,True
2025-07-08,1,31.573045267489054,4907.052209649999,10800.0,5376.135507796297,24,True
2025-07-08,2,5242.555983333333,3046.3533833333336,5376.135507796297,6709.598800203705,24,True
2025-07-08,3,5614.211888662554,866.1505499999997,6709.598800203705,10800.0,24,True
2025-07-08,4,50.25205000000028,3887.796338333332,10800.0,6525.453135740744,24,True
2025-07-08,5,3906.8640316666642,3264.470873333333,6525.453135740744,6414.440904981483,24,True
2025-07-09,0,2501.812092345693,5.696666666666715,6414.440904981483,8659.742158462977,24,True
2025-07-09,1,1422.9126866666666,3648.1143533333316,8659.742158462977,5886.903183870385,24,True
2025-07-09,2,5013.677128045277,2358.8981499999995,5886.903183870385,7778.214654666689,24,True
2025-07-09,3,4338.173614156354,794.3138166666665,7778.214654666689,10800.0,24,True
2025-07-09,4,0.0,4625.001054640388,10800.0,5661.109939288457,24,True
2025-07-09,5,3898.6492497500003,3073.6396416666657,5661.109939288457,5754.739106656051,24,True
2025-07-10,0,4575.95719538217,28.991340000000037,5754.739106656051,9840.8879825,24,True
2025-07-10,1,1128.1630993801427,4619.517358611113,9840.8879825,5723.437706818672,24,True
2025-07-10,2,5336.085607942386,2650.878716666666,5723.437706818672,7580.493957670523,24,True
2025-07-10,3,4296.403977073906,663.7659949999991,7580.493957670523,10709.739764814814,24,True
2025-07-10,4,206.05347318930427,4647.396212016667,10709.739764814814,5731.414321777778,24,True
2025-07-10,5,3811.351295583333,3243.262443333333,5731.414321777778,5558.005550765742,24,True
2025-07-11,0,403.55726833333324,327.6299683333334,5558.005550765742,5557.1737941175925,24,True
2025-07-11,1,242.44856895833317,3938.944118553055,5557.1737941175925,1398.7729300100318,24,True
2025-07-11,2,8046.6884,0.0,1398.7729300100318,8640.792490010033,24,True
2025-07-11,3,2399.1194555444054,0.0,8640.792490010033,10800.0,24,True
2025-07-11,4,49.616698551280805,4701.486435576539,10800.0,5620.7812113888895,24,True
2025-07-11,5,3620.322164833333,2827.308198333333,5620.7812113888895,5737.617606035186,24,True
2025-07-12,0,212.44198500000005,926.3972874561365,5737.617606035186,4899.485073139479,24,True
2025-07-12,1,137.85094861111116,3326.9675513421985,4899.485073139479,1326.9203142870367,24,True
2025-07-12,2,9009.828566666665,0.0,1326.9203142870367,9435.766024287035,24,True
2025-07-12,3,1515.815528569961,119.10980333333293,9435.766024287035,10667.655774074075,24,True
2025-07-12,4,225.3676336940322,4598.895020400001,10667.655774074075,5760.603288398704,24,True
2025-07-12,5,3741.9607018500014,2949.6726283333333,5760.603288398704,5850.953888582225,24,True
2025-07-13,0,4497.665032130856,0.0,5850.953888582225,9898.852417499997,24,True
2025-07-13,1,1391.7385683333396,3609.497099516661,9898.852417499997,7140.864796203707,24,True
2025-07-13,2,4838.016955205754,2273.9651499999995,7140.864796203707,8968.452111444441,24,True
2025-07-13,3,2491.5435675308677,369.75719000000026,8968.452111444441,10800.0,24,True
2025-07-13,4,34.68106995884586,4103.453144652264,10800.0,6271.820580016001,24,True
2025-07-13,5,3712.3522749999997,3064.11339,6271.820580016001,6208.367194182669,24,True
2025-07-14,0,3660.44181004395,88.7477316666666,6208.367194182669,9404.15623248148,24,True
2025-07-14,1,1736.6999913316886,4258.398586666666,9404.15623248148,6235.632239494813,24,True
2025-07-14,2,4722.968383333334,2004.440666666666,6235.632239494813,8259.147488198516,24,True
2025-07-14,3,2950.7366592032977,103.32943333333333,8259.147488198516,10800.0,24,True
2025-07-14,4,0.0,4129.482649800001,10800.0,6211.685944666666,24,True
2025-07-14,5,3900.5095083333335,3218.989281666667,6211.685944666666,6145.4897447592575,24,True
2025-07-15,0,5196.666744506175,20.24083333333317,6145.4897447592575,10800.0,24,True
2025-07-15,1,282.99994584362184,4597.4692583333335,10800.0,5946.400775333333,24,True
2025-07-15,2,6101.698386666667,1581.6237500000002,5946.400775333333,9680.569601111107,24,True
2025-07-15,3,1832.0528917695551,476.4754833333334,9680.569601111107,10800.0,24,True
2025-07-15,4,46.90549030864325,2581.22399445,10800.0,7974.188280777777,24,True
2025-07-15,5,5156.653960000001,2488.3798429162566,7974.188280777777,9850.310352648601,24,True
2025-07-16,0,1764.587270390443,574.5950063999994,9850.310352648601,10800.0,24,True
2025-07-16,1,1493.8371046316906,3962.6258391008373,10800.0,7741.5357951675915,24,True
2025-07-16,2,5319.056955986628,1555.8183499999996,7741.5357951675915,10800.0,24,True
2025-07-16,3,366.73866255143975,297.05831666666654,10800.0,10800.0,24,True
2025-07-16,4,118.9965503703701,3977.9095626666667,10800.0,6487.197381259259,24,True
2025-07-16,5,4940.283010416666,2815.9164899999996,6487.197381259259,7804.655990634257,24,True
2025-07-17,0,3328.1600104063828,0.0,7804.655990634257,10800.0,24,True
2025-07-17,1,30.287314814815748,5062.022104199998,10800.0,5202.78957866667,24,True
2025-07-17,2,5971.693816666667,2836.7979000000005,5202.78957866667,7425.3163470000045,24,True
2025-07-17,3,4557.866733786003,654.656766666667,7425.3163470000045,10800.0,24,True
2025-07-17,4,186.8986148148172,2281.089874666667,10800.0,8433.664448148149,24,True
2025-07-17,5,4582.378496666667,2532.5274044279795,8433.664448148149,9743.885756894837,24,True
2025-07-18,0,1568.2265151168453,840.6263915220184,9743.885756894837,10221.260296586646,24,True
2025-07-18,1,324.34414000000027,5540.277116666666,10221.260296586646,4357.306559623684,24,True
2025-07-18,2,7158.548267084795,0.0,4357.306559623684,10800.0,24,True
2025-07-18,3,0.0,44.47397166666644,10800.0,10750.584475925925,24,True
2025-07-18,4,185.05724353909721,3320.6410349999946,10750.584475925925,7227.534845111117,24,True
2025-07-18,5,4728.886289999994,2755.1563850000002,7227.534845111117,8422.247633888888,24,True
2025-07-19,0,2820.8042433333335,599.7447758582579,8422.247633888888,10294.588368601937,24,True
2025-07-19,1,737.4158349999998,4939.352303833332,10294.588368601937,5470.093393620458,24,True
2025-07-19,2,5922.118451532824,0.0,5470.093393620458,10800.0,24,True
2025-07-19,3,0.0,0.0,10800.0,10800.0,24,True
2025-07-19,4,63.27313712736811,3347.1605565833315,10800.0,7137.878538322039,24,True
2025-07-19,5,4907.265475,2790.892453333333,7137.878538322039,8453.425851007225,24,True
2025-07-20,0,2607.3046099919666,0.0,8453.425851007225,10800.0,24,True
2025-07-20,1,205.04405000000042,3634.559486250003,10800.0,6946.140215833331,24,True
2025-07-20,2,3608.221362160494,2008.6769,6946.140215833331,7961.676219555553,24,True
2025-07-20,3,3576.336072921814,342.34081666666634,7961.676219555553,10800.0,24,True
2025-07-20,4,119.61660594650215,2939.3504747168736,10800.0,7641.709973444216,24,True
2025-07-20,5,4818.859141666667,2784.4200083333335,7641.709973444216,8884.88319168496,24,True
2025-07-21,0,2127.9075647944887,0.0,8884.88319168496,10800.0,24,True
2025-07-21,1,198.01034500000048,3894.0082629500007,10800.0,6651.533462777778,24,True
2025-07-21,2,5980.843233333333,2550.788733333333,6651.533462777778,9200.082669074076,24,True
2025-07-21,3,2288.6169314814797,413.85411666666676,9200.082669074076,10800.0,24,True
2025-07-21,4,194.6808113374484,2491.934858187446,10800.0,8206.39622110654,24,True
2025-07-21,5,5078.333493333332,2778.153425,8206.39622110654,9690.059226217652,24,True
2025-07-22,0,1803.454401017088,597.3532281433934,9690.059226217652,10649.442378084817,24,True
2025-07-22,1,1777.3209150000007,3705.2364193166686,10649.442378084817,8132.101846788518,24,True
2025-07-22,2,4251.666250226342,1890.5944833333328,8132.101846788518,9857.94093495519,24,True
2025-07-22,3,2447.335483794644,1134.4885833333333,9857.94093495519,10800.0,24,True
2025-07-22,4,15.324110000000019,3303.558294764165,10800.0,7143.171371484262,24,True
2025-07-22,5,4677.123729749999,2831.664593333333,7143.171371484262,8206.288735666669,24,True
2025-07-23,0,2881.9014048148115,0.0,8206.288735666669,10800.0,24,True
2025-07-23,1,118.10433666666654,5017.483182205838,10800.0,5331.312589437959,24,True
2025-07-23,2,5985.3223333333335,2520.525083333333,5331.312589437959,7917.519263512035,24,True
2025-07-23,3,4304.2979767561765,892.2486983333326,7917.519263512035,10800.0,24,True
2025-07-23,4,13.819572386831283,4185.456287392664,10800.0,6161.930629156298,24,True
2025-07-23,5,4767.820228916666,2728.5272749999995,6161.930629156298,7421.271862959077,24,True
2025-07-24,0,3057.157013333334,5.919774999999845,7421.271862959077,10166.135647181298,24,True
2025-07-24,1,1170.9916875557606,4024.9344307999977,10166.135647181298,6747.878798425929,24,True
2025-07-24,2,5334.9625476131705,1501.8965833333332,6747.878798425929,9880.571109796301,24,True
2025-07-24,3,1662.8144375128268,1285.1792833333334,9880.571109796301,9949.127122076368,24,True
2025-07-24,4,728.1987446120987,3821.3361662141588,9949.127122076368,6358.576918655966,24,True
2025-07-24,5,5037.157961502057,2671.82365,6358.576918655966,7923.326139563373,24,True
2025-07-25,0,2900.0610350000015,44.83297673393315,7923.326139563373,10483.566652470116,24,True
2025-07-25,1,652.9280250000002,5065.584055607035,10483.566652470116,5442.775146517855,24,True
2025-07-25,2,5952.472059424608,0.0,5442.775146517855,10800.0,24,True
2025-07-25,3,0.0,0.0,10800.0,10800.0,24,True
2025-07-25,4,0.0,3257.0517281185703,10800.0,7181.053635423811,24,True
2025-07-25,5,5079.51641425,2799.08511,7181.053635423811,8642.523841582146,24,True
2025-07-26,0,2397.1957315753893,0.0,8642.523841582146,10800.0,24,True
2025-07-26,1,638.0079866666662,5570.2527757572625,10800.0,5185.037437158597,24,True
2025-07-26,2,6238.847292046003,0.0,5185.037437158597,10800.0,24,True
2025-07-26,3,0.0,0.0,10800.0,10800.0,24,True
2025-07-26,4,35.42695473251085,3187.312059135795,10800.0,7290.426415775044,24,True
2025-07-26,5,4949.180376337448,2802.499516666666,7290.426415775044,8630.800402626895,24,True
2025-07-27,0,2379.503889946708,0.0,8630.800402626895,10772.353903578933,24,True
2025-07-27,1,231.68103976311914,4526.652687361114,10772.353903578933,5951.252742297837,24,True
2025-07-27,2,5650.784224806746,3204.8463499999993,5951.252742297837,7476.018155735021,24,True
2025-07-27,3,4716.353736426112,828.6628666666661,7476.018155735021,10800.0,24,True
2025-07-27,4,28.312105349795175,3648.770773333333,10800.0,6771.291146666664,24,True
2025-07-27,5,5152.666246666668,2694.2493716666672,6771.291146666664,8415.080355703702,24,True
2025-07-28,0,2649.9107158847764,0.0,8415.080355703702,10800.0,24,True
2025-07-28,1,253.77417500000035,4253.1347029,10800.0,6302.691532055558,24,True
2025-07-28,2,5097.08262,3529.4589166666665,6302.691532055558,6968.444871537038,24,True
2025-07-28,3,5208.509813518518,770.4933333333332,6968.444871537038,10800.0,24,True
2025-07-28,4,301.2003290243034,1705.7527938121398,10800.0,9175.799414108387,24,True
2025-07-28,5,3906.842965510057,2099.7841550000003,9175.799414108387,10358.864577511886,24,True
2025-07-29,0,1388.3970020992642,727.579691461103,10358.864577511886,10800.0,24,True
2025-07-29,1,1510.117076666667,3349.3891904000043,10800.0,8437.5618241111,24,True
2025-07-29,2,3559.718821701082,3174.269083333332,8437.5618241111,8114.343115493926,24,True
2025-07-29,3,3901.4480609738275,743.0817333333337,8114.343115493926,10800.0,24,True
2025-07-29,4,38.68041590509722,3385.6786462808614,10800.0,7072.947211780297,24,True
2025-07-29,5,4887.06895875,2831.8446783333334,7072.947211780297,8324.81518761826,24,True
2025-07-30,0,2816.3596269262166,53.58496666666656,8324.81518761826,10800.0,24,True
2025-07-30,1,118.44517499999995,3971.463713866662,10800.0,6493.863197648153,24,True
2025-07-30,2,5232.331650000001,3243.9753999999994,6493.863197648153,7598.544571537042,24,True
2025-07-30,3,3932.69571347736,409.51637166666615,7598.544571537042,10682.952522925927,24,True
2025-07-30,4,245.32095730452414,3820.390426666666,10682.952522925927,6658.863132648148,24,True
2025-07-30,5,4779.569170370371,2759.5376766666664,6658.863132648148,7894.322411907409,24,True
2025-07-31,0,3228.530653436214,0.0,7894.322411907409,10800.0,24,True
2025-07-31,1,1106.8574680609095,2899.1968977,10800.0,8574.841834921484,24,True
2025-07-31,2,5570.082823333334,3194.3920666666654,8574.841834921484,10038.591857402967,24,True
2025-07-31,3,2049.7388004164573,1007.3200583333335,10038.591857402967,10764.112268518518,24,True
2025-07-31,4,122.02234553498,2890.5391427257223,10764.112268518518,7662.222220915862,24,True
2025-07-31,5,4919.150347942385,2793.4694849999996,7662.222220915862,8985.602550730677,24,True
2025-08-01,0,713.5912499999997,199.2753439909427,8985.602550730677,9406.417626851846,24,True
2025-08-01,1,450.6358166666669,5437.0089499999995,9406.417626851846,3770.868806296289,24,True
2025-08-01,2,7810.145770781901,0.0,3770.868806296289,10800.0,24,True
2025-08-01,3,0.0,0.0,10800.0,10800.0,24,True
2025-08-01,4,74.10372249999944,4279.799853333333,10800.0,6111.360179879632,24,True
2025-08-01,5,4758.288331790123,3131.875026849996,6111.360179879632,6913.958537546304,24,True
2025-08-02,0,1521.6115550000004,4.887044999999944,6913.958537546304,8277.978887046303,24,True
2025-08-02,1,426.55078333333324,3842.896718791675,8277.978887046303,4391.989348944441,24,True
2025-08-02,2,7120.011834506174,0.0,4391.989348944441,10800.0,24,True
2025-08-02,3,0.0,35.227666666666664,10800.0,10760.858148148149,24,True
2025-08-02,4,43.49094650205877,4242.4186549999995,10760.858148148149,6086.201494444445,24,True
2025-08-02,5,5143.089105156376,3260.300864999999,6086.201494444445,7092.425172418519,24,True
2025-08-03,0,4119.527586201648,0.0,7092.425172418519,10800.0,24,True
2025-08-03,1,268.0315745473225,4671.15841,10800.0,5851.0524059814825,24,True
2025-08-03,2,6962.193211460904,1185.3236666666662,5851.0524059814825,10800.0,24,True
2025-08-03,3,0.0,0.0,10800.0,10800.0,24,True
2025-08-03,4,79.46723849794142,3825.7911159053506,10800.0,6620.641496975537,24,True
2025-08-03,5,4216.672641666666,2965.537024953702,6620.641496975537,7120.605735638091,24,True
2025-08-04,0,3630.0034856490342,138.60337333333348,7120.605735638091,10233.605124574075,24,True
2025-08-04,1,817.6250838065831,5169.78662,10233.605124574075,5225.260344444445,24,True
2025-08-04,2,5922.269850000001,1259.5631666666663,5225.260344444445,9155.788579814815,24,True
2025-08-04,3,1834.363779629631,6.044383333333371,9155.788579814815,10800.0,24,True
2025-08-04,4,44.119096666666564,4497.923174416665,10800.0,5842.014770981483,24,True
2025-08-04,5,4259.115895884773,2757.635265,5842.014770981483,6611.179893944444,24,True
2025-08-05,0,4674.501105493828,16.40779999999984,6611.179893944444,10800.0,24,True
2025-08-05,1,55.01313374485494,4877.046933333334,10800.0,5430.570783333332,24,True
2025-08-05,2,3872.2709683333323,1729.4810666666667,5430.570783333332,6993.969025203701,24,True
2025-08-05,3,4273.192399979424,35.8579666666667,6993.969025203701,10800.0,24,True
2025-08-05,4,113.43673485596668,3909.600211296299,10800.0,6558.092826596705,24,True
2025-08-05,5,4230.42435606996,2817.2108616666665,6558.092826596705,7235.2404563189275,24,True
2025-08-06,0,3433.583314196298,0.0,7235.2404563189275,10325.465439095595,24,True
2025-08-06,1,527.2606232271171,4621.899763333333,10325.465439095595,5664.55581851852,24,True
2025-08-06,2,4731.8183,1579.2816500000001,5664.55581851852,8168.434899629631,24,True
2025-08-06,3,2962.62553853652,860.3642421178522,8168.434899629631,9878.837615292665,24,True
2025-08-06,4,290.0971239094654,4383.858581650202,9878.837615292665,5268.971047199848,24,True
2025-08-06,5,4251.437525,2959.631258499999,5268.971047199848,5806.785643588737,24,True
2025-08-07,0,5176.4017316872405,6.805099999999925,5806.785643588737,10457.98597988503,24,True
2025-08-07,1,560.9750490989356,5984.234805,10457.98597988503,4313.7137407407445,24,True
2025-08-07,2,4579.430999999999,1564.1912166666666,4313.7137407407445,6697.211400000002,24,True
2025-08-07,3,4599.421366255141,33.021566666666786,6697.211400000002,10800.0,24,True
2025-08-07,4,0.0,4457.3387766666665,10800.0,5847.401359259261,24,True
2025-08-07,5,4266.417740469613,3215.6372662500016,5847.401359259261,6114.247029848578,24,True
2025-08-08,0,611.546793333333,112.54602500000021,6114.247029848578,6539.588004959688,24,True
2025-08-08,1,345.91854166666667,4399.194755197054,6539.588004959688,1962.9205200185177,24,True
2025-08-08,2,9818.977199979425,0.0,1962.9205200185177,10800.0,24,True
2025-08-08,3,0.0,0.0,10800.0,10800.0,24,True
2025-08-08,4,158.6072999999999,4218.704975000001,10800.0,6255.2965977777785,24,True
2025-08-08,5,4441.524399999999,3417.6584083333328,6255.2965977777785,6455.270326296298,24,True
2025-08-09,0,402.5248550000002,260.9187750000002,6455.270326296298,6527.632945796301,24,True
2025-08-09,1,477.4641493209844,4397.444880333333,6527.632945796301,2071.3008131481524,24,True
2025-08-09,2,9698.554652057608,0.0,2071.3008131481524,10800.0,24,True
2025-08-09,3,0.0,0.0,10800.0,10800.0,24,True
2025-08-09,4,67.79350666666676,4388.7176108895,10800.0,5984.6612550116715,24,True
2025-08-09,5,4308.293783333333,3223.616636833335,5984.6612550116715,6280.329396863523,24,True
2025-08-10,0,3629.2469694726306,0.421333333333223,6280.329396863523,9546.183521240739,24,True
2025-08-10,1,1260.8069183333328,5178.724525,9546.183521240739,4926.771386629627,24,True
2025-08-10,2,4474.722599999999,1441.76425,4926.771386629627,7352.061448851849,24,True
2025-08-10,3,3843.8542543621484,10.377250000000004,7352.061448851849,10800.0,24,True
2025-08-10,4,211.1003922853339,4351.719555,10800.0,6154.7464030568035,24,True
2025-08-10,5,4271.273116666665,3137.5257455008855,6154.7464030568035,6512.752490833596,24,True
2025-08-11,0,3482.487415411229,0.0,6512.752490833596,9646.9911647037,24,True
2025-08-11,1,1281.1209281070044,5104.199866666667,9646.9911647037,5128.666814814816,24,True
2025-08-11,2,4288.0743833333345,1955.1859,5128.666814814816,6815.504982037038,24,True
2025-08-11,3,4492.000078292183,239.26706263374467,6815.504982037038,10592.452760684728,24,True
2025-08-11,4,300.8829686836366,3960.818070000001,10592.452760684728,6462.338465833329,24,True
2025-08-11,5,4422.567184499999,2912.108786666666,6462.338465833329,7206.972502253699,24,True
2025-08-12,0,2607.1316219403343,0.0,7206.972502253699,9553.390962000001,24,True
2025-08-12,1,1317.672518333333,4582.603889999999,9553.390962000001,5647.514128500007,24,True
2025-08-12,2,4561.699258433646,1236.6518333333333,5647.514128500007,8378.985868497697,24,True
2025-08-12,3,2854.4019005552123,371.79428791666646,8378.985868497697,10534.842814645537,24,True
2025-08-12,4,198.27902998333332,4638.5200197637605,10534.842814645537,5559.382808559692,24,True
2025-08-12,5,4188.628908333332,2890.642530534978,5559.382808559692,6117.323792131937,24,True
2025-08-13,0,5401.515202548877,233.15684999999996,6117.323792131937,10719.624307759259,24,True
2025-08-13,1,307.9713082510275,5668.2356033333335,10719.624307759259,4698.758925925927,24,True
2025-08-13,2,3477.2711296268244,1369.6752,4698.758925925927,6306.441609256735,24,True
2025-08-13,3,5092.06870576412,80.37310000000002,6306.441609256735,10800.0,24,True
2025-08-13,4,53.066370000000234,4565.7447409861115,10800.0,5774.710020793212,24,True
2025-08-13,5,4246.847233333334,3423.3018803333334,5774.710020793212,5793.203774867286,24,True
2025-08-14,0,5429.825516666669,59.42321500000037,5793.203774867286,10614.020945422844,24,True
2025-08-14,1,301.3622211351123,5587.5884536333315,10614.020945422844,4676.815329296296,24,True
2025-08-14,2,4962.38538108116,2283.1514666666667,4676.815329296296,6606.127209306376,24,True
2025-08-14,3,4659.858656326247,0.0,6606.127209306376,10800.0,24,True
2025-08-14,4,202.41608248971198,4830.32258744856,10800.0,5615.1493770756715,24,True
2025-08-14,5,4079.4968749999994,3369.960902551441,5615.1493770756715,5542.295561740736,24,True
2025-08-15,0,255.54760500000026,194.06201889999852,5542.295561740736,5556.663940796294,24,True
2025-08-15,1,384.08566319444475,3741.0556206611086,5556.663940796294,1745.6125702700624,24,True
2025-08-15,2,10060.43047747771,0.0,1745.6125702700624,10800.0,24,True
2025-08-15,3,0.0,0.0,10800.0,10800.0,24,True
2025-08-15,4,329.1107708120548,4868.635417834722,10800.0,5686.604785025604,24,True
2025-08-15,5,4053.1665110082304,3548.329525,5686.604785025604,5391.8662838219,24,True
2025-08-16,0,157.0502416666668,638.1408649999997,5391.8662838219,4824.166095766345,24,True
2025-08-16,1,538.0246516666665,3300.8733245397107,4824.166095766345,1640.7512549999997,24,True
2025-08-16,2,10176.943049999998,0.0,1640.7512549999997,10800.0,24,True
2025-08-16,3,0.0,0.0,10800.0,10800.0,24,True
2025-08-16,4,153.81583119341587,4964.680291866669,10800.0,5422.122812666666,24,True
2025-08-16,5,3990.459833333332,3468.396366666666,5422.122812666666,5159.7629219259225,24,True
2025-08-17,0,4516.387541012783,39.90475833333346,5159.7629219259225,9180.173088467054,24,True
2025-08-17,1,1410.2053899999994,6080.845925,9180.173088467054,3692.862467244831,24,True
2025-08-17,2,5723.141899999999,1328.6753499999995,3692.862467244831,7367.384232800384,24,True
2025-08-17,3,3814.0175191106855,0.0,7367.384232800384,10800.0,24,True
2025-08-17,4,134.04662850000125,5169.098702885742,10800.0,5177.198962443623,24,True
2025-08-17,5,4224.615458333333,3243.822129974966,5177.198962443623,5375.1060638603285,24,True
2025-08-18,0,5334.05807404408,206.75501666666673,5375.1060638603285,9946.030534203705,24,True
2025-08-18,1,1094.2805902880632,5102.854411805807,9946.030534203705,5261.044830123176,24,True
2025-08-18,2,6760.990183333334,1985.133866666667,5261.044830123176,9140.231698826881,24,True
2025-08-18,3,2001.2266103569618,165.27106666666782,9140.231698826881,10757.70112962963,24,True
2025-08-18,4,220.45644499999992,4924.741060105761,10757.70112962963,5484.1774189010075,24,True
2025-08-18,5,4383.348500000001,3395.153898333333,5484.1774189010075,5656.7978485306385,24,True
2025-08-19,0,4399.635780521515,172.6786633333336,5656.7978485306385,9424.604869518516,24,True
2025-08-19,1,1151.6388683333334,5380.53013,9424.604869518516,4482.713039907405,24,True
2025-08-19,2,4197.820300000001,1445.3886499999994,4482.713039907405,6654.763921018517,24,True
2025-08-19,3,4744.390025514407,112.24344958333359,6654.763921018517,10800.0,24,True
2025-08-19,4,112.75094434156469,4957.7492307,10800.0,5392.8655935740735,24,True
2025-08-19,5,4165.798541666667,3704.0786949999992,5392.8655935740735,5026.441286629632,24,True
2025-08-20,0,5313.196141666667,128.59254166666688,5026.441286629632,9665.437212277779,24,True
2025-08-20,1,1309.5616986805553,4582.677921302284,9665.437212277779,5752.178384087743,24,True
2025-08-20,2,5925.264425277779,3077.3512666666666,5752.178384087743,7665.63718165256,24,True
2025-08-20,3,3728.9802475064535,461.4128000000003,7665.63718165256,10509.03851551948,24,True
2025-08-20,4,417.28052164502213,5146.886985873049,10509.03851551948,5165.827667363284,24,True
2025-08-20,5,3903.060566666665,3537.8748499999992,5165.827667363284,4747.610121807727,24,True
2025-08-21,0,6070.344008539095,206.41940833333297,4747.610121807727,9981.564831344767,24,True
2025-08-21,1,948.5042349999999,5237.2286699999995,9981.564831344767,5016.075676178101,24,True
2025-08-21,2,3901.8879391152245,1134.3337833333337,5016.075676178101,7267.4039510114335,24,True
2025-08-21,3,4163.829992703344,193.36584999999968,7267.4039510114335,10800.0,24,True
2025-08-21,4,98.35523423868051,4875.844153333334,10800.0,5470.915095999997,24,True
2025-08-21,5,3959.2708666666663,3642.694941666666,5470.915095999997,4986.8200519259235,24,True
2025-08-22,0,431.9495750000002,533.5844333333334,4986.8200519259235,4782.70307683333,24,True
2025-08-22,1,304.6544766666668,2817.4007850666644,4782.70307683333,1926.4467890925926,24,True
2025-08-22,2,9859.503567674898,0.0,1926.4467890925926,10800.0,24,True
2025-08-22,3,0.0,0.0,10800.0,10800.0,24,True
2025-08-22,4,11.775011193416617,5148.799565194187,10800.0,5089.709104302755,24,True
2025-08-22,5,4012.234816666666,3587.4597844558125,5089.709104302755,4714.65401212963,24,True
2025-08-23,0,300.17176741666634,579.5469083333337,4714.65401212963,4340.867593545369,24,True
2025-08-23,1,312.96585,2594.152911666667,4340.867593545369,1740.1447344712951,24,True
2025-08-23,2,10066.50585058745,0.0,1740.1447344712951,10800.0,24,True
2025-08-23,3,0.0,0.0,10800.0,10800.0,24,True
2025-08-23,4,39.0536887037052,4883.0521149999995,10800.0,5409.534858722224,24,True
2025-08-23,5,4065.312833333333,3535.029699999999,5409.534858722224,5140.505630944446,24,True
2025-08-24,0,5823.833134855962,177.77043833333357,5140.505630944446,10184.432743055553,24,True
2025-08-24,1,683.9636188271633,5585.620071666667,10184.432743055553,4593.7554759259265,24,True
2025-08-24,2,5414.618916666667,1630.3419166666665,4593.7554759259265,7655.421482407409,24,True
2025-08-24,3,3806.4674269547336,253.11795000000006,7655.421482407409,10800.0,24,True
2025-08-24,4,0.0,4900.194260000002,10800.0,5355.33971111111,24,True
2025-08-24,5,3929.7686416666656,3285.5599796199995,5355.33971111111,5241.509289033331,24,True
2025-08-25,0,5214.794926341559,0.0,5241.509289033331,9934.824722740734,24,True
2025-08-25,1,1134.2142808230556,5708.6169636269515,9934.824722740734,4612.709838118204,24,True
2025-08-25,2,6223.410333333333,1481.2753666666663,4612.709838118204,8567.917619599686,24,True
2025-08-25,3,3267.0382342239404,637.4268273611103,8567.917619599686,10800.0,24,True
2025-08-25,4,61.951347297668576,5044.645942924302,10800.0,5250.5940537631195,24,True
2025-08-25,5,3863.4924401666667,3428.420046383335,5250.5940537631195,4918.381642820526,24,True
2025-08-26,0,5979.545475286006,41.53010833333349,4918.381642820526,10253.828005763116,24,True
2025-08-26,1,718.7398680821326,6154.849131666667,10253.828005763116,4061.972629629631,24,True
2025-08-26,2,5467.726414810515,1858.7451499999997,4061.972629629631,6917.654014070205,24,True
2025-08-26,3,4435.66218601253,98.77498333333347,6917.654014070205,10800.0,24,True
2025-08-26,4,147.67929874764963,4660.103758652263,10800.0,5755.018303703704,24,True
2025-08-26,5,3991.747075,3711.9405004810706,5755.018303703704,5223.212337335848,24,True
2025-08-27,0,5215.233683333334,58.874616666666384,5223.212337335848,9851.50641159511,24,True
2025-08-27,1,1116.8741826309506,4938.724062173883,9851.50641159511,5369.22199576976,24,True
2025-08-27,2,6636.233516666667,2543.7576833333333,5369.22199576976,8515.434734843835,24,True
2025-08-27,3,3163.411714371046,506.25475000000006,8515.434734843835,10800.0,24,True
2025-08-27,4,19.73268930041134,4911.837521666665,10800.0,5360.1621740740775,24,True
2025-08-27,5,3841.488991666666,3404.9742897857996,5360.1621740740775,5034.197500145409,24,True
2025-08-28,0,5315.14027539399,283.8990833333338,5034.197500145409,9502.380322074074,24,True
2025-08-28,1,1057.0186849999996,5644.215401886103,9502.380322074074,4182.34669203396,24,True
2025-08-28,2,4752.808825833333,2624.2032666666664,4182.34669203396,5544.093227876552,24,True
2025-08-28,3,6071.782524581605,187.82775000000015,5544.093227876552,10800.0,24,True
2025-08-28,4,188.19213080000122,4811.918694999999,10800.0,5622.796589942223,24,True
2025-08-28,5,3742.408283744856,3569.865931225005,5622.796589942223,5024.4463439514775,24,True
2025-08-29,0,950.1401999999996,221.31813833333348,5024.4463439514775,5633.663481358882,24,True
2025-08-29,1,702.9183284979399,3316.677681666667,5633.663481358882,2581.092552932954,24,True
2025-08-29,2,9132.11938563005,0.0,2581.092552932954,10800.0,24,True
2025-08-29,3,0.0,5.025500000000079,10800.0,10794.416111111112,24,True
2025-08-29,4,48.80771604938158,4862.076799433333,10794.416111111112,5436.035500629632,24,True
2025-08-29,5,3910.139033333333,3570.934758333333,5436.035500629632,4987.455343592596,24,True
2025-08-30,0,349.45693333333327,365.7489333333334,4987.455343592596,4895.578879888893,24,True
2025-08-30,1,537.3909866666668,2579.761864233337,4895.578879888893,2512.8286965185207,24,True
2025-08-30,2,9207.968114979421,0.0,2512.8286965185207,10800.0,24,True
2025-08-30,3,0.0,0.0,10800.0,10800.0,24,True
2025-08-30,4,47.86029588477317,5093.203452640996,10800.0,5183.959318917412,24,True
2025-08-30,5,3725.7975941176487,3570.4986236843133,5183.959318917412,4569.956460640726,24,True
2025-08-31,0,6520.426858477366,0.0,4569.956460640726,10438.340633270356,24,True
2025-08-31,1,442.38900830042604,5723.212049999999,10438.340633270356,4477.366240740742,24,True
2025-08-31,2,4238.0543,1301.35885,4477.366240740742,6845.6608329629635,24,True
2025-08-31,3,4659.43963004115,215.24085000000014,6845.6608329629635,10800.0,24,True
2025-08-31,4,84.80007818929934,4663.063729999999,10800.0,5695.1381481481485,24,True
2025-08-31,5,4202.696133333333,3763.3448940761314,5695.1381481481485,5296.070341396891,24,True
2025-09-01,0,6115.477398447901,0.0,5296.070341396891,10800.0,24,True
2025-09-01,1,0.0,4932.74125,10800.0,5319.176388888892,24,True
2025-09-01,2,5254.0793416666675,1047.6085833333332,5319.176388888892,8883.838259351856,24,True
2025-09-01,3,2129.068600720159,0.0,8883.838259351856,10800.0,24,True
2025-09-01,4,0.0,4048.1525266666667,10800.0,6302.0527481481495,24,True
2025-09-01,5,5909.2561373569915,2871.119456425269,6302.0527481481495,8430.25054240803,24,True
2025-09-02,0,2633.054952879969,0.0,8430.25054240803,10800.0,24,True
2025-09-02,1,0.0,5697.398798333334,10800.0,4469.5568907407405,24,True
2025-09-02,2,4183.419986344307,1927.4221000000002,4469.5568907407405,6093.054767339507,24,True
2025-09-02,3,5229.939147400547,0.0,6093.054767339507,10800.0,24,True
2025-09-02,4,0.0,3964.6543549999997,10800.0,6394.828494444445,24,True
2025-09-02,5,5862.405603896749,2919.1498411703446,6394.828494444445,8427.493714428914,24,True
2025-09-03,0,2636.1180950789862,0.0,8427.493714428914,10800.0,24,True
2025-09-03,1,0.0,5059.4524833333335,10800.0,5178.386129629628,24,True
2025-09-03,2,4249.574428456787,832.7266166666666,5178.386129629628,8077.751318944441,24,True
2025-09-03,3,3096.911908991776,58.47483333333321,8077.751318944441,10800.0,24,True
2025-09-03,4,48.199231666666606,3694.7990933333335,10800.0,6738.0469825740765,24,True
2025-09-03,5,5520.382670718108,2447.291883783333,6738.0469825740765,8987.17818201667,24,True
2025-09-04,0,2014.2464644259203,0.0,8987.17818201667,10800.0,24,True
2025-09-04,1,244.29994806584426,4817.44329,10800.0,5667.155186592594,24,True
2025-09-04,2,7464.56604781893,1426.7381666666663,5667.155186592594,10800.0,24,True
2025-09-04,3,54.665790123455935,44.27928999999972,10800.0,10800.0,24,True
2025-09-04,4,86.62191358024576,3798.2500701816844,10800.0,6657.681866464794,24,True
2025-09-04,5,5570.36633446502,2644.5603749999996,6657.681866464794,8732.611150816645,24,True
2025-09-05,0,1692.842324298242,0.0,8732.611150816645,10256.16924268506,24,True
2025-09-05,1,584.4672,5140.423318449889,10256.16924268506,5070.608257740741,24,True
2025-09-05,2,6365.990824732511,0.0,5070.608257740741,10800.0,24,True
2025-09-05,3,0.0,0.0,10800.0,10800.0,24,True
2025-09-05,4,89.86930102880778,3492.29409666667,10800.0,7000.555596851846,24,True
2025-09-05,5,5837.341183333333,2774.9500666666663,7000.555596851846,9170.88480999999,24,True
2025-09-06,0,1892.4087472222286,311.62882833332367,9170.88480999999,10527.798428796308,24,True
2025-09-06,1,202.9206000000001,5665.590266666666,10527.798428796308,4415.326672500013,24,True
2025-09-06,2,7094.08147499999,0.0,4415.326672500013,10800.0,24,True
2025-09-06,3,0.0,0.0,10800.0,10800.0,24,True
2025-09-06,4,0.0,3315.6888,10800.0,7115.901333333335,24,True
2025-09-06,5,5676.775499999999,2700.040883333333,7115.901333333335,9224.953857407409,24,True
2025-09-07,0,1750.0512695473258,0.0,9224.953857407409,10800.0,24,True
2025-09-07,1,39.66017078189301,5470.837255,10800.0,4756.986092592592,24,True
2025-09-07,2,5780.16421170921,1888.2576666666664,4756.986092592592,7861.069809056808,24,True
2025-09-07,3,3265.47798993688,0.0,7861.069809056808,10800.0,24,True
2025-09-07,4,0.0,3638.0076331666664,10800.0,6757.769296481483,24,True
2025-09-07,5,5758.58209403292,2560.033851666666,6757.769296481483,9096.011123703705,24,True
2025-09-08,0,1275.8463842500005,22.62149166666643,9096.011123703705,10219.137878787962,24,True
2025-09-08,1,958.1981949882198,5504.527706666667,10219.137878787962,4965.374357981065,24,True
2025-09-08,2,5896.713179166667,1525.3709499999995,4965.374357981065,8577.559608119955,24,True
2025-09-08,3,2991.710103357794,427.8513333333333,8577.559608119955,10794.7083307716,24,True
2025-09-08,4,70.53352136488827,4380.60697163333,10794.7083307716,5990.84742040741,24,True
2025-09-08,5,4259.232233333332,2795.9467366666668,5990.84742040741,6717.548945222225,24,True
2025-09-09,0,4598.917365390946,50.917116666667084,6717.548945222225,10800.0,24,True
2025-09-09,1,65.26799176954849,5707.018431666666,10800.0,4517.609601851853,24,True
2025-09-09,2,6244.327358888892,1157.6981999999998,4517.609601851853,8851.172891518523,24,True
2025-09-09,3,2373.1565608641936,168.31241666666688,8851.172891518523,10800.0,24,True
2025-09-09,4,0.0,4387.9087500000005,10800.0,5924.545833333334,24,True
2025-09-09,5,4335.3976735,2943.162063333333,5924.545833333334,6556.223669112965,24,True
2025-09-10,0,3223.1957787839474,26.88460833333329,6556.223669112965,9427.228082981483,24,True
2025-09-10,1,1368.9915616666667,6258.8198999999995,9427.228082981483,3705.07615514815,24,True
2025-09-10,2,2924.562183333333,2254.5685396333347,3705.07615514815,3832.1059649999997,24,True
2025-09-10,3,7988.1984301903285,350.66543333333345,3832.1059649999997,10631.856292912036,24,True
2025-09-10,4,248.61018287551502,4301.921213616667,10631.856292912036,6075.692997925927,24,True
2025-09-10,5,4330.8921707,2967.264271666666,6075.692997925927,6676.535649704077,24,True
2025-09-11,0,4581.627055884358,0.0,6676.535649704077,10800.0,24,True
2025-09-11,1,105.74653943758773,5005.68765277778,10800.0,5333.296715740739,24,True
2025-09-11,2,7047.8379,2123.80465,5333.296715740739,9316.567881296298,24,True
2025-09-11,3,1648.25790967078,38.45476499999995,9316.567881296298,10757.272483333334,24,True
2025-09-11,4,125.17691588477356,4130.766125316666,10757.272483333334,6280.191568388893,24,True
2025-09-11,5,4324.858473583333,2975.892481666666,6280.191568388893,6866.016992762039,24,True
2025-09-12,0,364.34836666666695,206.00045105262092,6866.016992762039,6965.041132703572,24,True
2025-09-12,1,96.45984166666665,4639.3207320165475,6965.041132703572,1897.0541768518522,24,True
2025-09-12,2,9892.162025720165,0.0,1897.0541768518522,10800.0,24,True
2025-09-12,3,0.0,0.0,10800.0,10800.0,24,True
2025-09-12,4,0.0,4499.5306191869995,10800.0,5800.521534236668,24,True
2025-09-12,5,4271.8646901425545,2741.086531806246,5800.521534236668,6599.548053358027,24,True
2025-09-13,0,1025.5894916666668,28.964999999999804,6599.548053358027,7490.395262524694,24,True
2025-09-13,1,319.7027333333336,4380.666468022226,7490.395262524694,2910.720535833334,24,True
2025-09-13,2,8765.866071296297,0.0,2910.720535833334,10800.0,24,True
2025-09-13,3,0.0,0.0,10800.0,10800.0,24,True
2025-09-13,4,182.7377056995898,4383.873567366258,10800.0,6093.493304722678,24,True
2025-09-13,5,4241.751358333333,2698.905716666666,6093.493304722678,6912.285397593049,24,True
2025-09-14,0,4319.682891563278,0.0,6912.285397593049,10800.0,24,True
2025-09-14,1,339.6294072424255,5101.81635420525,10800.0,5436.981628512352,24,True
2025-09-14,2,5140.993946821849,2466.304066666666,5436.981628512352,7323.538328800165,24,True
2025-09-14,3,3907.53959351422,36.29156666666677,7323.538328800165,10800.0,24,True
2025-09-14,4,49.16684362139717,4515.021516666668,10800.0,5827.559585185183,24,True
2025-09-14,5,3996.8826617283944,3010.2230783333334,5827.559585185183,6080.06167148148,24,True
2025-09-15,0,3196.442668321548,96.84831666666696,6080.06167148148,8849.250832230133,24,True
2025-09-15,1,1167.698852131112,5488.470596666665,8849.250832230133,3801.8791361851727,24,True
2025-09-15,2,5902.811866666667,1964.65175,3801.8791361851727,6931.463427296284,24,True
2025-09-15,3,4321.669547860096,216.06793347727194,6931.463427296284,10580.890538728958,24,True
2025-09-15,4,294.4801627291422,5480.122780943916,10580.890538728958,4756.897373025279,24,True
2025-09-15,5,3300.9043333333334,3228.4579440560847,4756.897373025279,4140.535779629629,24,True
2025-09-16,0,6010.847891975309,222.90221666666628,4140.535779629629,9302.629752777779,24,True
2025-09-16,1,1105.7991752984944,5336.140898333333,9302.629752777779,4368.803567953834,24,True
2025-09-16,2,6790.977650000001,1775.93475,4368.803567953834,8507.422619620502,24,True
2025-09-16,3,2764.989105771459,176.32153333333338,8507.422619620502,10800.0,24,True
2025-09-16,4,14.835419941573718,5042.636638461019,10800.0,5210.422279657395,24,True
2025-09-16,5,2885.583266666666,3631.3422681666675,5210.422279657395,3772.6224772499863,24,True
2025-09-17,0,6718.5006279835425,165.8564583333333,3772.6224772499863,9634.988088731467,24,True
2025-09-17,1,1056.5388508333335,4944.10614585832,9634.988088731467,5092.421781305555,24,True
2025-09-17,2,3863.785581321443,2797.1293666666666,5092.421781305555,5461.907285976334,24,True
2025-09-17,3,5936.014723400782,3.8884833333332836,5461.907285976334,10800.0,24,True
2025-09-17,4,99.06301232853244,4941.789339869446,10800.0,5398.279666796298,24,True
2025-09-17,5,3244.884033333332,3714.8228466666665,5398.279666796298,4191.094356055557,24,True
2025-09-18,0,6834.576818724279,121.45391666666671,4191.094356055557,10207.264696611117,24,True
2025-09-18,1,1100.095787035413,5255.101273333334,10207.264696611117,5358.349490128174,24,True
2025-09-18,2,5972.952683333334,2597.062416666666,5358.349490128174,7848.381997720767,24,True
2025-09-18,3,3360.764467553055,65.76301666666666,7848.381997720767,10800.0,24,True
2025-09-18,4,68.14353632716248,5194.291761966667,10800.0,5089.8938916203715,24,True
2025-09-18,5,3263.4487249999993,3578.7253364583344,5089.8938916203715,4050.6362591666657,24,True
2025-09-19,0,325.1073750000002,660.1386132716054,4050.6362591666657,3609.7455485871033,24,True
2025-09-19,1,1022.8541859722222,2844.816123547837,3609.7455485871033,1369.4075120200616,24,True
2025-09-19,2,10478.436097755484,0.0,1369.4075120200616,10800.0,24,True
2025-09-19,3,0.0,0.0,10800.0,10800.0,24,True
2025-09-19,4,35.34370000000001,5916.401791527774,10800.0,4258.029561635809,24,True
2025-09-19,5,3336.523433333333,2632.1961916666664,4258.029561635809,4336.238216450624,24,True
2025-09-20,0,147.1167156666673,604.0762416666669,4336.238216450624,3797.4474364765492,24,True
2025-09-20,1,915.4391233333337,3079.208382728894,3797.4474364765492,1200.0,24,True
2025-09-20,2,10666.666666666664,0.0,1200.0,10800.0,24,True
2025-09-20,3,0.0,12.984249999999975,10800.0,10785.573055555556,24,True
2025-09-20,4,45.729111604937586,5793.015798302775,10785.573055555556,4390.045035663582,24,True
2025-09-20,5,3705.846207516662,2832.449833333333,4390.045035663582,4578.1401409470955,24,True
2025-09-21,0,6363.433588573875,211.60692500000005,4578.1401409470955,10070.111565108024,24,True
2025-09-21,1,1140.7489019581622,4672.9721266666675,10070.111565108024,5904.594325018519,24,True
2025-09-21,2,4631.049035884775,1505.8736166666667,5904.594325018519,8399.345549907408,24,True
2025-09-21,3,2670.896981584362,2.8375499999999647,8399.345549907408,10800.0,24,True
2025-09-21,4,86.63630849084765,5352.249850709724,10800.0,4931.028399075404,24,True
2025-09-21,5,3349.6466666666656,3423.979667501197,4931.028399075404,4141.288546296297,24,True
2025-09-22,0,5961.6101189495,59.75314166666669,4141.288546296297,9440.345273721216,24,True
2025-09-22,1,1276.7941383333332,4124.261454332421,9440.345273721216,6006.947271185195,24,True
2025-09-22,2,4013.7422801646017,2222.2247833333327,6006.947271185195,7150.176675185188,24,True
2025-09-22,3,4147.762912345679,74.84696666666662,7150.176675185188,10800.0,24,True
2025-09-22,4,110.03344666666635,5339.073331883334,10800.0,4966.726399907408,24,True
2025-09-22,5,3113.9312000000004,3483.995814500001,4966.726399907408,3898.1580193518525,24,True
2025-09-23,0,6270.207520781892,127.99093333333315,3898.1580193518525,9399.13263990741,24,True
2025-09-23,1,1062.288295625,5742.970873750004,9399.13263990741,3974.1133573587945,24,True
2025-09-23,2,4758.660670902778,2387.9402999999998,3974.1133573587945,5603.640961171295,24,True
2025-09-23,3,6272.034631620366,403.62491666666654,5603.640961171295,10800.0,24,True
2025-09-23,4,149.2421183333331,5196.546032650001,10800.0,5160.377870222226,24,True
2025-09-23,5,3277.47285,3625.045130700004,5160.377870222226,4082.2755122222225,24,True
2025-09-24,0,6282.803766419753,45.92839500000184,4082.2755122222225,9685.767351999995,24,True
2025-09-24,1,1055.8587521527777,4674.589884702772,9685.767351999995,5442.051468156637,24,True
2025-09-24,2,3362.1622761642493,2928.755983333333,5442.051468156637,5213.824201889648,24,True
2025-09-24,3,6206.861997900389,0.0,5213.824201889648,10800.0,24,True
2025-09-24,4,0.0,5013.696909722223,10800.0,5229.225655864195,24,True
2025-09-24,5,3487.561483333334,3553.932663333334,5229.225655864195,4419.216920493824,24,True
2025-09-25,0,5667.872991225976,16.131283333333386,4419.216920493824,9502.37896444905,24,True
2025-09-25,1,1194.199356666666,4595.423020516668,9502.37896444905,5471.132807097201,24,True
2025-09-25,2,5764.8871061189675,2278.97815,5471.132807097201,8127.333258159826,24,True
2025-09-25,3,3096.061955954103,285.77245666666647,8127.333258159826,10596.264066666667,24,True
2025-09-25,4,386.8505100000003,5154.720508349999,10596.264066666667,5216.962294166669,24,True
2025-09-25,5,3164.131633436213,3582.0053900862113,5216.962294166669,4084.674775274582,24,True
2025-09-26,0,953.9461612175432,104.38259999999991,4084.674775274582,4827.245653703703,24,True
2025-09-26,1,1051.1640733333334,3417.0630066666668,4827.245653703703,1976.5566456296285,24,True
2025-09-26,2,9502.627583333333,0.0,1976.5566456296285,10528.921470629628,24,True
2025-09-26,3,301.19836596708006,0.0,10528.921470629628,10800.0,24,True
2025-09-26,4,164.98898038333283,5538.702980483332,10800.0,4794.375659585744,24,True
2025-09-26,5,3270.5336249999996,2748.0112833333333,4794.375659585744,4684.510051715372,24,True
2025-09-27,0,365.9979083333332,207.22241666666645,4684.510051715372,4783.661039585743,24,True
2025-09-27,1,665.7895255760268,3597.924993305556,4783.661039585743,1385.1771755979942,24,True
2025-09-27,2,10460.914249335563,0.0,1385.1771755979942,10800.0,24,True
2025-09-27,3,0.0,0.0,10800.0,10800.0,24,True
2025-09-27,4,113.62511833333303,6115.847610051385,10800.0,4106.876373109572,24,True
2025-09-27,5,3318.926878950001,2779.001057748116,4106.876373109572,4006.1316111111114,24,True
2025-09-28,0,6153.532792530864,83.0284416666666,4006.1316111111114,9452.057300314813,24,True
2025-09-28,1,1977.4857895833338,4084.4508929236054,9452.057300314813,6693.515741024695,24,True
2025-09-28,2,5527.9250833333335,3056.8501999999994,6693.515741024695,8272.14809380247,24,True
2025-09-28,3,3108.866871083672,243.11544999999967,8272.14809380247,10800.0,24,True
2025-09-28,4,61.80834313949629,5066.8604353499995,10800.0,5225.782580658882,24,True
2025-09-28,5,3245.811170583333,3377.26956337283,5225.782580658882,4394.490897102957,24,True
2025-09-29,0,6055.519747703503,110.87471666666659,4394.490897102957,9721.264540406479,24,True
2025-09-29,1,1504.8854097746903,4392.880488333333,9721.264540406479,6194.6830888333325,24,True
2025-09-29,2,3681.2736100368797,2938.5964333333327,6194.6830888333325,6242.722189718376,24,True
2025-09-29,3,5263.895776856126,162.2055499999999,6242.722189718376,10800.0,24,True
2025-09-29,4,119.01240500000051,5286.010863094816,10800.0,5033.765761061317,24,True
2025-09-29,5,3279.5255583333337,3471.3631830833324,5033.765761061317,4128.268560135392,24,True
2025-09-30,0,6178.704391516235,154.08481666666694,4128.268560135392,9517.897160648148,24,True
2025-09-30,1,1011.902658194444,4820.512883995137,9517.897160648148,5072.484126361883,24,True
2025-09-30,2,4507.142918541667,3446.720916666666,5072.484126361883,5299.222845641976,24,True
2025-09-30,3,6872.830233237315,616.2930499999999,5299.222845641976,10800.0,24,True
2025-09-30,4,27.517258333333416,4823.650998024693,10800.0,5465.153312472561,24,True
2025-09-30,5,3370.4962000000005,3585.313029999999,5465.153312472561,4514.918748028119,24,True
2025-10-01,0,6865.09774372428,48.5000583333333,4514.918748028119,10639.617763676264,24,True
2025-10-01,1,664.6480359769902,4321.671750000003,10639.617763676264,6435.943496055551,24,True
2025-10-01,2,6769.627103148153,1555.7470999999998,6435.943496055551,10800.0,24,True
2025-10-01,3,77.88111111111195,63.08369999999991,10800.0,10800.0,24,True
2025-10-01,4,18.379629629628955,4268.908616666667,10800.0,6073.309870370371,24,True
2025-10-01,5,4413.286875617283,3194.015409450621,6073.309870370371,6496.362047925238,24,True
2025-10-02,0,3481.7466800830694,134.4630166666666,6496.362047925238,9480.530708148148,24,True
2025-10-02,1,1327.2752916666664,4451.805396666668,9480.530708148148,5728.628029907409,24,True
2025-10-02,2,5699.160033333334,2184.154066666666,5728.628029907409,8431.034208055558,24,True
2025-10-02,3,2632.184213271602,0.0,8431.034208055558,10800.0,24,True
2025-10-02,4,0.0,4132.877133333333,10800.0,6207.914296296298,24,True
2025-10-02,5,4417.718236337453,2997.860619100002,6207.914296296298,6852.904465555559,24,True
2025-10-03,0,251.58185833333312,363.43554323204194,6852.904465555559,6675.510867797737,24,True
2025-10-03,1,145.3428633333337,4658.442197333337,6675.510867797737,1630.2725588718083,24,True
2025-10-03,2,10188.586045697992,0.0,1630.2725588718083,10800.0,24,True
2025-10-03,3,0.0,0.0,10800.0,10800.0,24,True
2025-10-03,4,31.506549382716507,4891.197462166107,10800.0,5393.692047593214,24,True
2025-10-03,5,4269.13147075,2331.9332416666666,5393.692047593214,6644.873436083029,24,True
2025-10-04,0,418.3898306172848,232.55540833333333,6644.873436083029,6763.029385490438,24,True
2025-10-04,1,69.4769783333333,4987.279322474725,6763.029385490438,1284.137196574077,24,True
2025-10-04,2,10573.180892695467,0.0,1284.137196574077,10800.0,24,True
2025-10-04,3,0.0,0.0,10800.0,10800.0,24,True
2025-10-04,4,23.44753086419789,4622.203708333333,10800.0,5685.3208796296285,24,True
2025-10-04,5,3826.1546373333326,2351.4546833333334,5685.3208796296285,6516.132627303702,24,True
2025-10-05,0,3578.4336182320594,152.3358420474408,6516.132627303702,9567.46083699318,24,True
2025-10-05,1,1201.588885,4740.833357632873,9567.46083699318,5381.298213901096,24,True
2025-10-05,2,4118.995516666667,2104.956233333333,5381.298213901096,6749.553919641838,24,True
2025-10-05,3,4500.4956448424045,0.0,6749.553919641838,10800.0,24,True
2025-10-05,4,78.3140483333334,4266.954786289825,10800.0,6129.421769844636,24,True
2025-10-05,5,3932.7596970164604,2904.7017999999994,6129.421769844636,6441.459052715008,24,True
2025-10-06,0,3914.39510809444,94.43769166666652,6441.459052715008,9859.483881481487,24,True
2025-10-06,1,1133.3091183333331,5988.382303333333,9859.483881481487,4225.703973166669,24,True
2025-10-06,2,3634.0278666666663,2343.1486,4225.703973166669,4892.830608722225,24,True
2025-10-06,3,6569.758926980453,53.508600000000115,4892.830608722225,10746.159643004628,24,True
2025-10-06,4,93.70681641461084,4349.326924999999,10746.159643004628,5997.910305555555,24,True
2025-10-06,5,4204.287308333333,3105.7039555349807,5997.910305555555,6330.98671023891,24,True
2025-10-07,0,4750.729549654667,68.18731666666667,6330.98671023891,10530.879619742926,24,True
2025-10-07,1,461.3130258411933,5452.437028333334,10530.879619742926,4887.797978185185,24,True
2025-10-07,2,2958.354283333333,3067.2156166666664,4887.797978185185,4142.299481333334,24,True
2025-10-07,3,7455.872228045268,47.32603791666634,4142.299481333334,10800.0,24,True
2025-10-07,4,0.0,4144.266578422849,10800.0,6195.259357307947,24,True
2025-10-07,5,4223.145425,2839.3425833333326,6195.259357307947,6841.265147215356,24,True
2025-10-08,0,2528.5180929016415,70.48750833333327,6841.265147215356,9038.611977123126,24,True
2025-10-08,1,1035.6592033333332,4989.714553333333,9038.611977123126,4426.577978641646,24,True
2025-10-08,2,4524.472241666666,2374.6329333333333,4426.577978641646,5860.121959104609,24,True
2025-10-08,3,5488.753378772656,36.196238333333554,5860.121959104609,10759.781957407407,24,True
2025-10-08,4,44.686713991769565,4575.814551810699,10759.781957407407,5715.761609099222,24,True
2025-10-08,5,3784.099665216659,3463.8862267392924,5715.761609099222,5272.688833639447,24,True
2025-10-09,0,5046.300849845052,10.109166666666624,5272.688833639447,9803.127191092584,24,True
2025-10-09,1,986.6739916666666,5213.831554149999,9803.127191092584,4897.987612314811,24,True
2025-10-09,2,4135.049665504233,2567.888566666667,4897.987612314811,5766.322792750101,24,True
2025-10-09,3,5626.880580071905,27.463783333333254,5766.322792750101,10800.0,24,True
2025-10-09,4,3.0756172839513356,4702.76092205,10800.0,5577.478142166667,24,True
2025-10-09,5,3666.0881,3097.246222499999,5577.478142166667,5435.5727405000025,24,True
2025-10-10,0,169.2113500000001,488.4669500000003,5435.5727405000025,5045.12189994445,24,True
2025-10-10,1,679.9137439917662,3994.853764083337,5045.12189994445,1218.317865,24,True
2025-10-10,2,10646.313483333333,0.0,1218.317865,10800.0,24,True
2025-10-10,3,0.0,0.0,10800.0,10800.0,24,True
2025-10-10,4,21.41253999999992,5795.1014450903,10800.0,4380.269680344109,24,True
2025-10-10,5,3641.0453673768548,2444.3128464303536,4380.269680344109,4941.307348282885,24,True
2025-10-11,0,546.2656357556427,75.44157499999994,4941.307348282885,5349.122448240743,24,True
2025-10-11,1,999.7647549999998,4303.915143333334,5349.122448240743,1466.7827907037085,24,True
2025-10-11,2,10370.241343662547,0.0,1466.7827907037085,10800.0,24,True
2025-10-11,3,0.0,0.0,10800.0,10800.0,24,True
2025-10-11,4,18.979513127573505,5378.3587398014415,10800.0,4841.127406479884,24,True
2025-10-11,5,3685.476964300411,2487.6923916666665,4841.127406479884,5393.954016942847,24,True
2025-10-12,0,5231.535058952392,229.14189166666677,5393.954016942847,9847.733468148148,24,True
2025-10-12,1,1432.7150166666663,4502.847646166666,9847.733468148148,6134.012931851849,24,True
2025-10-12,2,3319.349649999999,2647.553833333333,6134.012931851849,6179.701135370368,24,True
2025-10-12,3,5200.4046849794195,54.05881666666653,6179.701135370368,10800.0,24,True
2025-10-12,4,89.20401661331933,5028.002910206789,10800.0,5293.613714722222,24,True
2025-10-12,5,3418.8388440329218,3148.4544686995855,5293.613714722222,4872.285931352313,24,True
2025-10-13,0,5435.209190164097,0.0,4872.285931352313,9763.974202500003,24,True
2025-10-13,1,1349.3645150000002,4728.285534166667,9763.974202500003,5724.751672481481,24,True
2025-10-13,2,4578.204711308416,2780.094033333333,5724.751672481481,6756.142542288687,24,True
2025-10-13,3,4669.332319267716,191.49557500000014,6756.142542288687,10745.76876851852,24,True
2025-10-13,4,214.36396543209608,4552.458075,10745.76876851852,5880.409587407407,24,True
2025-10-13,5,3623.486569999999,3463.8653799999984,5880.409587407407,5292.808189296297,24,True
2025-10-14,0,5377.308061893005,187.96332500000005,5292.808189296297,9923.537306111115,24,True
2025-10-14,1,946.386304930555,5158.70828211181,9923.537306111115,5043.386889313271,24,True
2025-10-14,2,2869.7378833333337,3459.0482003819448,5043.386889313271,3782.764095000001,24,True
2025-10-14,3,6260.336044135802,122.96435666666662,3782.764095000001,9280.439471759259,24,True
2025-10-14,4,253.3355383333336,4649.659488333333,9280.439471759259,4342.15313588889,24,True
2025-10-14,5,3613.9046249999997,2851.1396198833336,4342.15313588889,4426.734387407406,24,True
2025-10-15,0,5563.326306213993,25.54116666666664,4426.734387407406,9405.348988925927,24,True
2025-10-15,1,1310.738381028807,4541.730933333333,9405.348988925927,5538.645828148152,24,True
2025-10-15,2,2888.414608353904,3103.3341,5538.645828148152,4690.069975666665,24,True
2025-10-15,3,5202.152348168726,340.89144999999974,4690.069975666665,8993.238811240743,24,True
2025-10-15,4,410.8874866255152,4899.788966666669,8993.238811240743,3918.8275862407427,24,True
2025-10-15,5,3151.108875,2467.4655026166683,3918.8275862407427,4013.1972375,24,True
2025-10-16,0,6466.860657366255,103.25049999999987,4013.1972375,9718.649051351855,24,True
2025-10-16,1,1117.6695803472226,4560.040663294448,9718.649051351855,5657.839825559411,24,True
2025-10-16,2,5856.97969159722,3481.2896,5657.839825559411,7061.021992441354,24,True
2025-10-16,3,4154.420008398494,1461.2080871810715,7061.021992441354,9176.435458687698,24,True
2025-10-16,4,31.989136666666695,5471.506590142561,9176.435458687698,3125.7739148626297,24,True
2025-10-16,5,3251.2457249999993,1736.4297801263667,3125.7739148626297,4122.528644999999,24,True
2025-10-17,0,1653.5798562811449,144.2436666666665,4122.528644999999,5450.479774912287,24,True
2025-10-17,1,975.4936232456051,4210.554883333334,5450.479774912287,1650.029721018516,24,True
2025-10-17,2,10166.63364331276,0.0,1650.029721018516,10800.0,24,True
2025-10-17,3,0.0,0.0,10800.0,10800.0,24,True
2025-10-17,4,97.40166166666666,5784.681451666665,10800.0,4460.237660314819,24,True
2025-10-17,5,3094.4487166666663,2948.9753083333335,4460.237660314819,3968.6022738333354,24,True
2025-10-18,0,2381.820207366252,198.72313333333346,3968.6022738333354,5891.436978981483,24,True
2025-10-18,1,842.6277333333334,4262.656333333333,5891.436978981483,1913.51712416667,24,True
2025-10-18,2,9900.587969032917,21.64166666666665,1913.51712416667,10800.0,24,True
2025-10-18,3,0.0,0.0,10800.0,10800.0,24,True
2025-10-18,4,13.155416666666667,5644.179591016666,10800.0,4540.529218314813,24,True
2025-10-18,5,3069.6569583333335,2528.6365789833335,4540.529218314813,4493.624281944444,24,True
2025-10-19,0,5761.939972839507,12.095724999999902,4493.624281944444,9665.930563055554,24,True
2025-10-19,1,1061.6191833333328,4975.299268333334,9665.930563055554,5093.277529907404,24,True
2025-10-19,2,5711.12252709791,3235.949583333332,5093.277529907404,6637.788267258487,24,True
2025-10-19,3,5649.168509630492,1003.3833716666666,6637.788267258487,10607.169512962962,24,True
2025-10-19,4,77.42635120317709,5019.629942200011,10607.169512962962,5099.486626601366,24,True
2025-10-19,5,3419.093491666666,3563.578130607896,5099.486626601366,4217.13951287037,24,True
2025-10-20,0,6272.667825144034,109.44795833333342,4217.13951287037,9740.931712907408,24,True
2025-10-20,1,1889.7618748611114,4502.374428009727,9740.931712907408,6439.079146938268,24,True
2025-10-20,2,5378.860416666666,4459.746633333333,6439.079146938268,6324.779484901232,24,True
2025-10-20,3,5320.996333648837,282.3085666666668,6324.779484901232,10800.0,24,True
2025-10-20,4,9.779454732510606,4872.25929525,10800.0,5395.180070092592,24,True
2025-10-20,5,3123.6532716586457,3742.694000333333,5395.180070092592,4047.919125326114,24,True
2025-10-21,0,6176.55987167469,27.27431666666689,4047.919125326114,9576.518213537041,24,True
2025-10-21,1,1927.1129883333338,3615.0943750833403,9576.518213537041,7294.148375166665,24,True
2025-10-21,2,5206.734850000001,4135.743399999999,7294.148375166665,7384.939295722221,24,True
2025-10-21,3,4646.154342201651,689.8303833333334,7384.939295722221,10800.0,24,True
2025-10-21,4,0.0,4749.004297160496,10800.0,5523.3285587105565,24,True
2025-10-21,5,3237.0336459288155,3691.1979166666665,5523.3285587105565,4335.3278215279715,24,True
2025-10-22,0,6428.561727960066,130.24864999999988,4335.3278215279715,9976.312654469808,24,True
2025-10-22,1,1862.2292704476395,4116.128083541665,9976.312654469808,7078.84334949306,24,True
2025-10-22,2,5034.709900781894,5081.434949999999,7078.84334949306,5964.0434268634335,24,True
2025-10-22,3,5565.608207318236,155.78173210486148,5964.0434268634335,10800.0,24,True
2025-10-22,4,50.40692258230493,5119.666761147223,10800.0,5156.8476068271575,24,True
2025-10-22,5,2997.4509,3655.1237828944422,5156.8476068271575,3793.304769166667,24,True
2025-10-23,0,6675.995098947355,85.34023333333312,3793.304769166667,9706.877876737808,24,True
2025-10-23,1,2234.741727534127,4446.844368333334,9706.877876737808,6777.207244481484,24,True
2025-10-23,2,6297.6882000000005,4083.179883333333,6777.207244481484,7908.260087444449,24,True
2025-10-23,3,3780.9322279423823,569.4045450000002,7908.260087444449,10678.427375925927,24,True
2025-10-23,4,182.7484631687234,4771.500779813138,10678.427375925927,5541.233459652065,24,True
2025-10-23,5,3322.545448426299,3678.387641308636,5541.233459652065,4444.426984003919,24,True
2025-10-24,0,1993.7406551191018,159.6179249999999,4444.426984003919,6061.44032361111,24,True
2025-10-24,1,892.5516066666665,4919.219493333333,6061.44032361111,1398.937332574073,24,True
2025-10-24,2,10364.124966666666,104.69211666666672,1398.937332574073,10610.3252285,24,True
2025-10-24,3,210.74974611111125,59.324837032921664,10610.3252285,10734.083514407866,24,True
2025-10-24,4,0.0,5874.355669800412,10734.083514407866,4207.021659074075,24,True
2025-10-24,5,3102.9888583333322,2715.4297181666675,4207.021659074075,3982.567500277777,24,True
2025-10-25,0,2969.78694835391,176.40530833333327,3982.567500277777,6459.369855648148,24,True
2025-10-25,1,822.7147333333335,4535.228903333334,6459.369855648148,2160.6698897222204,24,True
2025-10-25,2,9657.45629537037,47.14250000000004,2160.6698897222204,10800.0,24,True
2025-10-25,3,0.0,0.0,10800.0,10800.0,24,True
2025-10-25,4,44.13982333333348,5647.626310833332,10800.0,4564.585495629634,24,True
2025-10-25,5,3105.8383166666667,2915.567475,4564.585495629634,4120.320563962969,24,True
2025-10-26,0,6026.328443374482,17.038774999999987,4120.320563962969,9525.084190777785,24,True
2025-10-26,1,1966.4549683333332,4096.504928183335,9525.084190777785,6743.221519851858,24,True
2025-10-26,2,4797.053704300783,3697.118316666666,6743.221519851858,6952.660612981824,24,True
2025-10-26,3,4854.176088456416,469.2771833333335,6952.660612981824,10800.0,24,True
2025-10-26,4,0.0,4533.659602983334,10800.0,5762.600441129633,24,True
2025-10-26,5,3331.6190657894585,3793.3009674561245,5762.600441129633,4546.278747611115,24,True
2025-10-27,0,5922.72107518518,129.07700833333308,4546.278747611115,9733.308817129635,24,True
2025-10-27,1,1762.7545800000003,4354.193849545003,9733.308817129635,6481.794772968522,24,True
2025-10-27,2,6002.258883333334,3567.9684833333326,6481.794772968522,7919.418342042597,24,True
2025-10-27,3,4013.3392701584307,658.2813166666664,7919.418342042597,10800.0,24,True
2025-10-27,4,33.70479541666691,4787.398230632498,10800.0,5511.00294850556,24,True
2025-10-27,5,3277.8578119341564,3683.524625,5511.00294850556,4368.269840357412,24,True
2025-10-28,0,6122.421460678993,73.8363750000002,4368.269840357412,9796.408738301838,24,True
2025-10-28,1,1874.035115,3702.0974080666642,9796.408738301838,7369.598777283319,24,True
2025-10-28,2,4327.186514949355,4263.6385666666665,7369.598777283319,6526.690455552553,24,True
2025-10-28,3,5364.093958851071,498.9375166666665,6526.690455552553,10800.0,24,True
2025-10-28,4,49.24625565843831,4700.916745416667,10800.0,5621.080801851854,24,True
2025-10-28,5,3185.612766666666,3767.6970716666656,5621.080801851854,4301.802212222225,24,True
2025-10-29,0,6566.817114197531,66.63459166666655,4301.802212222225,10137.899179814818,24,True
2025-10-29,1,2047.1481285390928,1840.1603907027722,10137.899179814818,9935.709839163586,24,True
2025-10-29,2,5071.878926458334,5228.007283333332,9935.709839163586,8691.503891494607,24,True
2025-10-29,3,3409.265470355787,863.8585333333334,8691.503891494607,10800.0,24,True
2025-10-29,4,29.025089248970946,4867.548800075,10800.0,5417.735024685184,24,True
2025-10-29,5,3122.4128166666665,3661.595838533331,5417.735024685184,4159.466739092594,24,True
2025-10-30,0,6984.04475,99.1173500000001,4159.466739092594,10334.976625203704,24,True
2025-10-30,1,1383.2075362962937,3739.5774972500003,10334.976625203704,7424.777299814816,24,True
2025-10-30,2,5671.337079814816,3877.7197333333334,7424.777299814816,8220.403190166668,24,True
2025-10-30,3,3585.218512983536,590.0821816666664,8220.403190166668,10791.452983333333,24,True
2025-10-30,4,29.901602000000253,4940.339109616665,10791.452983333333,5329.0987477814815,24,True
2025-10-30,5,3107.0491416666664,3652.0904499999997,5329.0987477814815,4067.564697503704,24,True
2025-10-31,0,2733.7306524238693,102.12069166666697,4067.564697503704,6414.4548495,24,True
2025-10-31,1,945.2146883333334,5005.928414999999,6414.4548495,1703.005385666668,24,True
2025-10-31,2,7937.6374166666665,106.15228333333334,1703.005385666668,8728.932079185188,24,True
2025-10-31,3,2301.186578683123,0.0,8728.932079185188,10800.0,24,True
2025-10-31,4,24.386886666666896,5760.147046666665,10800.0,4421.784812814819,24,True
2025-10-31,5,3224.290175,2537.6693721999995,4421.784812814819,4504.013334537041,24,True
2025-11-01,0,2035.4972336419705,217.22649999999993,4504.013334537041,6094.598067037036,24,True
2025-11-01,1,972.9012749999998,4888.114436666666,6094.598067037036,1538.9709515740742,24,True
2025-11-01,2,8819.697366666665,95.4192333333333,1538.9709515740742,9370.677211203703,24,True
2025-11-01,3,1592.9514854938263,3.900193333333391,9370.677211203703,10800.0,24,True
2025-11-01,4,74.8586949999999,5594.756258333335,10800.0,4650.976982907408,24,True
2025-11-01,5,3459.8039916666667,2732.8694732510285,4650.976982907408,4728.278938461821,24,True
2025-11-02,0,5918.400433333334,214.83673995757943,4728.278938461821,9816.131839620064,24,True
2025-11-02,1,1833.4972476388887,3411.207949417089,9816.131839620064,7676.048307587189,24,True
2025-11-02,2,5273.079933333333,4859.44165,7676.048307587189,7022.440636476079,24,True
2025-11-02,3,5345.422914203532,929.9891333333329,7022.440636476079,10800.0,24,True
2025-11-02,4,0.0,4925.678479173159,10800.0,5327.023912029822,24,True
2025-11-02,5,3220.563527443732,3733.859741666666,5327.023912029822,4076.7980404328855,24,True
2025-11-03,0,6383.965493263871,119.25212499999975,4076.7980404328855,9689.864623259258,24,True
2025-11-03,1,1847.5120573611111,3068.8583107673626,9689.864623259258,7942.782907364971,24,True
2025-11-03,2,5063.45025,4594.504116666665,7942.782907364971,7394.883558290898,24,True
2025-11-03,3,4548.925511364025,620.0248666666668,7394.883558290898,10800.0,24,True
2025-11-03,4,38.4223914197522,4816.041575551366,10800.0,5483.422846109592,24,True
2025-11-03,5,3229.3585635802474,3579.1852,5483.422846109592,4412.9731088873705,24,True
2025-11-04,0,6011.6160666666665,34.148533333333376,4412.9731088873705,9785.484754072557,24,True
2025-11-04,1,1936.5219583333328,3221.850265750001,9785.484754072557,7948.520887961446,24,True
2025-11-04,2,5043.015638333333,4431.83445,7948.520887961446,7562.974462461445,24,True
2025-11-04,3,4339.754280392633,610.8776716666664,7562.974462461445,10790.000346296296,24,True
2025-11-04,4,39.914730267489176,5148.466161798496,10790.000346296296,5105.405645983151,24,True
2025-11-04,5,3190.927558333333,3553.8489889681696,5105.405645983151,4028.519349629629,24,True
2025-11-05,0,6591.079005967081,161.617833333333,4028.519349629629,9780.915084629632,24,True
2025-11-05,1,1999.904591666666,3528.1872268697607,9780.915084629632,7660.621187274341,24,True
2025-11-05,2,5337.895616666667,4997.535,7660.621187274341,6911.910575607673,24,True
2025-11-05,3,5314.204236979128,805.2249499999997,6911.910575607673,10800.0,24,True
2025-11-05,4,95.63986566666665,4835.651336323331,10800.0,5513.129949851851,24,True
2025-11-05,5,3126.0742474999993,3528.6413583333333,5513.129949851851,4405.884152231481,24,True
2025-11-06,0,6332.828463384775,135.8632416666668,4405.884152231481,9954.47061187037,24,True
2025-11-06,1,1890.1941303472227,2313.985364711108,9954.47061187037,9084.550479503861,24,True
2025-11-06,2,5074.353842569444,6300.560333333333,9084.550479503861,6650.846345223772,24,True
2025-11-06,3,5223.102332467415,496.47459999999955,6650.846345223772,10800.0,24,True
2025-11-06,4,81.26162962962812,4758.8782035827135,10800.0,5585.49301824143,24,True
2025-11-06,5,3030.403541666666,3710.2057166666673,5585.49301824143,4190.405409445133,24,True
2025-11-07,0,2866.558100369605,156.07548333333307,4190.405409445133,6596.890496074073,24,True
2025-11-07,1,1072.9705716666667,5386.62065,6596.890496074073,1577.4299550185194,24,True
2025-11-07,2,6833.16915,359.82195951666756,1577.4299550185194,7327.480012777777,24,True
2025-11-07,3,3858.3555413580243,0.0,7327.480012777777,10800.0,24,True
2025-11-07,4,0.0,5704.339498333333,10800.0,4461.845001851853,24,True
2025-11-07,5,3447.8909083333333,2786.2753416666665,4461.845001851853,4469.085328611113,24,True
2025-11-08,0,2571.288813888886,179.72144999999995,4469.085328611113,6583.5547611111115,24,True
2025-11-08,1,987.3344833333334,5169.135391666667,6583.5547611111115,1728.6720275925918,24,True
2025-11-08,2,7303.997733333333,183.02918333333326,1728.6720275925918,8098.904228333332,24,True
2025-11-08,3,3001.217524074076,80.07850000000008,8098.904228333332,10711.023888888889,24,True
2025-11-08,4,48.67737916666795,5770.737529416666,10711.023888888889,4342.902941898149,24,True
2025-11-08,5,3568.307216666666,2751.6803,4342.902941898149,4496.956881342593,24,True
2025-11-09,0,6024.676467952677,94.96889166666676,4496.956881342593,9813.644711759263,24,True
2025-11-09,1,1971.3483083333335,2050.9897062333325,9813.644711759263,9308.980737888893,24,True
2025-11-09,2,5013.549075000001,5250.978233333333,9308.980737888893,7986.754646129636,24,True
2025-11-09,3,3913.110703573038,1371.542635,7986.754646129636,9984.618018234256,24,True
2025-11-09,4,188.48512874999938,4893.05728143827,9984.618018234256,4717.524321400067,24,True
2025-11-09,5,3336.7439583333335,3166.754272593393,4717.524321400067,4201.978025462963,24,True
2025-11-10,0,6127.025668930039,11.157791666666753,4201.978025462963,9703.903581203702,24,True
2025-11-10,1,1825.4707289609032,495.4650922916619,9703.903581203702,10796.310468055555,24,True
2025-11-10,2,5436.078820590972,5467.435750000001,10796.310468055555,9613.85279547632,24,True
2025-11-10,3,2720.4150009110863,1136.003666666666,9613.85279547632,10800.0,24,True
2025-11-10,4,31.897778333333463,5105.156959916661,10800.0,5156.311378370375,24,True
2025-11-10,5,3359.1768999999995,3602.058348033337,5156.311378370375,4177.283534999999,24,True
2025-11-11,0,6399.558091666667,35.64396666666664,4177.283534999999,9897.281410092593,24,True
2025-11-11,1,1976.833687037034,2051.843861066668,9897.281410092593,9396.605216129628,24,True
2025-11-11,2,4967.619543040125,5669.263383333332,9396.605216129628,7568.281267828705,24,True
2025-11-11,3,4707.038961671811,904.1546999999999,7568.281267828705,10800.0,24,True
2025-11-11,4,65.12452594065599,5026.094191025721,10800.0,5274.062972206897,24,True
2025-11-11,5,3192.3186333333333,3612.7823079602035,5274.062972206897,4132.94717780667,24,True
2025-11-12,0,6450.286965770365,39.72277500000007,4132.94717780667,9894.069030333334,24,True
2025-11-12,1,1957.8710872273628,1721.7050967965274,9894.069030333334,9743.147345730715,24,True
2025-11-12,2,5101.924156666667,5886.26505,9743.147345730715,7794.584586730714,24,True
2025-11-12,3,4696.734325443239,1099.4809316666667,7794.584586730714,10800.0,24,True
2025-11-12,4,35.60042499999963,4829.407848283328,10800.0,5466.031662185191,24,True
2025-11-12,5,3719.1193583333325,3710.1179999999995,5466.031662185191,4690.885751351857,24,True
2025-11-13,0,5521.744422386824,85.90600833333292,4690.885751351857,9565.004611129629,24,True
2025-11-13,1,1979.93435985,1851.5616516666655,9565.004611129629,9289.654810920556,24,True
2025-11-13,2,4597.5832320224345,4888.626816666667,9289.654810920556,7995.672145666674,24,True
2025-11-13,3,4917.020825802458,1458.8917999999999,7995.672145666674,10800.0,24,True
2025-11-13,4,2.593141666666611,4746.296163133334,10800.0,5528.671424018519,24,True
2025-11-13,5,3465.5519249999993,3692.637622583333,5528.671424018519,4544.73746475926,24,True
2025-11-14,0,2942.707773699382,61.08415192983591,4544.73746475926,7125.303181166662,24,True
2025-11-14,1,977.0550583333338,5367.60795,7125.303181166662,2040.6439003333298,24,True
2025-11-14,2,6563.5851,262.9838,2040.6439003333298,7655.666268111108,24,True
2025-11-14,3,3493.704146543213,95.59892864999995,7655.666268111108,10693.778968166667,24,True
2025-11-14,4,81.76186166666673,5803.303012166665,10693.778968166667,4319.2501857037105,24,True
2025-11-14,5,3646.595608333333,2760.6827083333333,4319.2501857037105,4533.76100172223,24,True
2025-11-15,0,3092.6220126337357,197.418316666667,4533.76100172223,7097.767127907406,24,True
2025-11-15,1,932.1896532638889,5319.787180408332,7097.767127907406,2025.863170946759,24,True
2025-11-15,2,6303.727066666666,491.17233333333326,2025.863170946759,7153.470493909724,24,True
2025-11-15,3,4051.6994512114165,14.54856917390805,7153.470493909724,10783.834923140103,24,True
2025-11-15,4,150.83312598333407,5724.5634378094255,10783.834923140103,4558.958694514631,24,True
2025-11-15,5,3552.3087499999992,2835.9282833333336,4558.958694514631,4605.005143588704,24,True
2025-11-16,0,5926.7783265681055,11.0474999999999,4605.005143588704,9926.830637499997,24,True
2025-11-16,1,2035.4017413194451,1197.4879548249928,9926.830637499997,10428.150032659729,24,True
2025-11-16,2,4985.199765416667,6564.033933333332,10428.150032659729,7621.458784497696,24,True
2025-11-16,3,5062.281844385279,1239.7612000000001,7621.458784497696,10800.0,24,True
2025-11-16,4,85.33285740740762,4752.9960957333315,10800.0,5595.6927986296305,24,True
2025-11-16,5,3347.813133333333,3745.2011583333333,5595.6927986296305,4447.38999825926,24,True
2025-11-17,0,6168.7855329423855,112.59524999999985,4447.38999825926,9874.191144574077,24,True
2025-11-17,1,2081.5870126903283,1183.2096300999265,9874.191144574077,10432.942089217675,24,True
2025-11-17,2,5081.131818263889,6379.231166666666,10432.942089217675,7917.926096025545,24,True
2025-11-17,3,4406.419070259682,975.3329333333332,7917.926096025545,10800.0,24,True
2025-11-17,4,39.73307616666739,4639.311590617638,10800.0,5680.969112308183,24,True
2025-11-17,5,3339.925743415637,3759.9893666666662,5680.969112308183,4509.136318419294,24,True
2025-11-18,0,5975.697683422996,49.41862499999036,4509.136318419294,9832.354650166668,24,True
2025-11-18,1,2047.31864,2310.9153872833344,9832.354650166668,9107.257662518521,24,True
2025-11-18,2,5096.10741,5767.2021,9107.257662518521,7285.751998185186,24,True
2025-11-18,3,6146.032919711934,1815.463463333333,7285.751998185186,10800.0,24,True
2025-11-18,4,67.27859825102877,4736.0069152999995,10800.0,5598.320832537041,24,True
2025-11-18,5,3432.283666666666,3685.220814508332,5598.320832537041,4592.686338638892,24,True
2025-11-19,0,5891.185486656371,52.66902500000015,4592.686338638892,9836.232137740739,24,True
2025-11-19,1,1949.4964573533966,711.7010544229184,9836.232137740739,10800.0,24,True
2025-11-19,2,5249.694280763888,6390.060016178474,10800.0,8424.65816804475,24,True
2025-11-19,3,4324.304977892663,1364.879383333333,8424.65816804475,10800.0,24,True
2025-11-19,4,36.36515976594598,4692.404038160417,10800.0,5618.946379166665,24,True
2025-11-19,5,3428.0053666666668,3733.4914498333333,5618.946379166665,4555.8273760185175,24,True
2025-11-20,0,5998.947731584366,152.08780000000013,4555.8273760185175,9785.893890000005,24,True
2025-11-20,1,2001.8194966666665,2278.5531242341685,9785.893890000005,9055.805743406485,24,True
2025-11-20,2,5018.7580499999995,5847.0080499999995,9055.805743406485,7076.012377295373,24,True
2025-11-20,3,6501.734272140945,1914.8159,7076.012377295373,10800.0,24,True
2025-11-20,4,23.60943698559721,4594.029931643519,10800.0,5716.770791460904,24,True
2025-11-20,5,3345.65748575,3618.963375,5716.770791460904,4706.792111969238,24,True
2025-11-21,0,3199.427524880467,166.88195833333322,4706.792111969238,7400.852486213511,24,True
2025-11-21,1,873.7010443896294,5327.067928737342,7400.852486213511,2268.219060900465,24,True
2025-11-21,2,6851.719611857714,450.44919999999996,2268.219060900465,7934.2676004612995,24,True
2025-11-21,3,3184.1471105985547,0.0,7934.2676004612995,10800.0,24,True
2025-11-21,4,102.55373833333334,5510.189177983539,10800.0,4769.86594451829,24,True
2025-11-21,5,3297.3244,2759.0075666666667,4769.86594451829,4671.893941555327,24,True
2025-11-22,0,3862.919661067128,220.70468333333338,4671.893941555327,7903.294210589816,24,True
2025-11-22,1,862.3607499999999,5651.371392933612,7903.294210589816,2400.117337885803,24,True
2025-11-22,2,5266.507166666666,609.8762833333334,2400.117337885803,6462.3334730709885,24,True
2025-11-22,3,4819.629474365569,0.0,6462.3334730709885,10800.0,24,True
2025-11-22,4,118.78845121741878,5566.60654193542,10800.0,4721.791226167436,24,True
2025-11-22,5,3422.367783333333,2805.5545469166664,4721.791226167436,4684.63940126003,24,True
2025-11-23,0,6130.648590284975,9.107500000000073,4684.63940126003,10192.103688072062,24,True
2025-11-23,1,1893.966749878778,987.0063866666695,10192.103688072062,10800.0,24,True
2025-11-23,2,4896.280400844538,7473.764533333333,10800.0,6902.46954594527,24,True
2025-11-23,3,5693.41081314723,1103.88535,6902.46954594527,10800.0,24,True
2025-11-23,4,0.0,4892.755387986112,10800.0,5363.6051244598775,24,True
2025-11-23,5,3292.4213607683605,3687.754091666666,5363.6051244598775,4229.279802855107,24,True
2025-11-24,0,6193.0834583880205,25.259941666666464,4229.279802855107,9774.988313552476,24,True
2025-11-24,1,2084.8926616666668,934.8620035833327,9774.988313552476,10612.65614951544,24,True
2025-11-24,2,4738.439436069959,5786.8143,10612.65614951544,8447.457975311736,24,True
2025-11-24,3,4579.514334015767,1592.1187883333337,8447.457975311736,10800.0,24,True
2025-11-24,4,9.84992500000044,4682.86924666667,10800.0,5605.676880648143,24,True
2025-11-24,5,3239.815366666666,3860.818625,5605.676880648143,4231.71223842592,24,True
2025-11-25,0,6414.093871913586,233.41337499999975,4231.71223842592,9745.048528703699,24,True
2025-11-25,1,1976.2329712851465,667.1536733381855,9745.048528703699,10782.376343595679,24,True
2025-11-25,2,5071.77192201389,7013.179596666666,10782.376343595679,7554.549299334108,24,True
2025-11-25,3,5312.47260567815,1382.1971799999997,7554.549299334108,10800.0,24,True
2025-11-25,4,6.566917592592075,4832.657572699997,10800.0,5436.2907006111145,24,True
2025-11-25,5,3542.4817999999996,3667.5166380833325,5436.2907006111145,4549.505833851857,24,True
2025-11-26,0,5859.527836440319,28.54320833333361,4549.505833851857,9791.36621072222,24,True
2025-11-26,1,2253.8892162637812,957.1859633333333,9791.36621072222,10756.326546100368,24,True
2025-11-26,2,5090.854147222222,6824.586899833327,10756.326546100368,7755.220945452225,24,True
2025-11-26,3,5598.293445382302,1794.3165416666661,7755.220945452225,10800.0,24,True
2025-11-26,4,18.82727983539078,4527.4772209,10800.0,5786.414306407407,24,True
2025-11-26,5,3424.5160250000004,3595.3590249999997,5786.414306407407,4873.635367796294,24,True
2025-11-27,0,5765.602504670782,15.955308333333164,4873.635367796294,10044.949501629624,24,True
2025-11-27,1,1984.188477124494,1295.8860641677984,10044.949501629624,10390.845726410778,24,True
2025-11-27,2,5145.11155,6236.095833333333,10390.845726410778,8092.450751040408,24,True
2025-11-27,3,5229.715791025061,1898.5522704861112,8092.450751040408,10689.692440200619,24,True
2025-11-27,4,156.5762052666655,4846.124453722223,10689.692440200619,5446.028298582589,24,True
2025-11-27,5,3495.426641666667,3707.8680839166664,5446.028298582589,4472.058849508515,24,True
2025-11-28,0,4980.764837901231,90.4987916666663,4472.058849508515,8854.192990656657,24,True
2025-11-28,1,1004.7581448971222,5964.309041666666,8854.192990656657,3131.4652747677674,24,True
2025-11-28,2,5011.078416666666,747.8469666666665,3131.4652747677674,6810.4947756936945,24,True
2025-11-28,3,4471.375962677387,31.259827893006786,6810.4947756936945,10800.0,24,True
2025-11-28,4,46.14275823045279,5597.602093896525,10800.0,4621.97060030016,24,True
2025-11-28,5,3618.4612514403284,2774.300225,4621.97060030016,4796.029921040899,24,True
2025-11-29,0,4308.807408108012,196.0709583333334,4796.029921040899,8456.099967967737,24,True
2025-11-29,1,1048.4080016666667,5872.351183333333,8456.099967967737,2874.832521319592,24,True
2025-11-29,2,5048.623141674424,768.2192166666666,2874.832521319592,6565.016441419167,24,True
2025-11-29,3,4726.8271639787035,29.370541141665967,6565.016441419167,10786.52695439815,24,True
2025-11-29,4,14.970050668721846,5414.610221583466,10786.52695439815,4783.766420462816,24,True
2025-11-29,5,3329.7669281893004,2869.6176833333334,4783.766420462816,4592.092563240594,24,True
2025-11-30,0,6391.149472305604,118.3602999999996,4592.092563240594,10212.615643871195,24,True
2025-11-30,1,1680.9357624510733,832.9120470694461,10212.615643871195,10800.0,24,True
2025-11-30,2,5071.759008932,7311.457166666666,10800.0,7240.741811742506,24,True
2025-11-30,3,6564.304853892007,2134.233215583333,7240.741811742506,10777.245940708272,24,True
2025-11-30,4,27.500425018931157,4783.351687569446,10777.245940708272,5487.161114814815,24,True
2025-11-30,5,3210.0141166666667,3762.2938692386833,5487.161114814815,4195.847298438501,24,True
2025-12-01,0,5915.006300617282,717.9715583333333,4195.847298438501,8721.60679306813,24,True
2025-12-01,1,2789.756759878293,1044.0357201388888,8721.60679306813,10072.348187915382,24,True
2025-12-01,2,5022.071657708334,7293.808355069444,10072.348187915382,6487.981174220167,24,True
2025-12-01,3,7468.275982005025,2168.4866022222222,6487.981174220167,10800.0,24,True
2025-12-01,4,0.0,4965.528898382713,10800.0,5282.745668463653,24,True
2025-12-01,5,3499.888508333334,3739.606205950621,5282.745668463653,4277.527319351852,24,True
2025-12-02,0,6073.504417386832,849.0838333333339,4277.527319351852,8800.254813518524,24,True
2025-12-02,1,3063.22297636316,987.4674043055555,8800.254813518524,10459.969487461422,24,True
2025-12-02,2,5104.220287430557,7442.134584166666,10459.969487461422,6784.729319297071,24,True
2025-12-02,3,7444.066771059668,2415.950471925695,6784.729319297071,10800.0,24,True
2025-12-02,4,0.0,4801.909943533334,10800.0,5464.5445071851855,24,True
2025-12-02,5,3076.744291666667,3687.3827416666663,5464.5445071851855,4136.5224345000015,24,True
2025-12-03,0,6913.465425,202.37509999999997,4136.5224345000015,10133.78009477778,24,True
2025-12-03,1,1713.090961925582,788.005764459722,10133.78009477778,10800.0,24,True
2025-12-03,2,5429.727269166668,7127.378544619985,10800.0,7767.445048227793,24,True
2025-12-03,3,6456.583277689287,2500.532998333333,7767.445048227793,10800.0,24,True
2025-12-03,4,13.995400000000132,4564.6485357808315,10800.0,5740.764153576853,24,True
2025-12-03,5,3260.611125,3780.0507916666666,5740.764153576853,4475.257730891668,24,True
2025-12-04,0,6236.237723271568,199.16330000000016,4475.257730891668,9866.579126280521,24,True
2025-12-04,1,1950.4876383333335,1028.7205366666667,9866.579126280521,10478.995182262002,24,True
2025-12-04,2,5464.643478333333,8074.642309999999,10478.995182262002,6425.349523873114,24,True
2025-12-04,3,7560.534981190366,2186.847906249999,6425.349523873114,10800.0,24,True
2025-12-04,4,0.0,4360.646710610826,10800.0,5954.836988210195,24,True
2025-12-04,5,3368.5300666666662,3153.429975,5954.836988210195,5482.702964876863,24,True
2025-12-05,0,5415.344358127567,126.24384166666636,5482.702964876863,10216.24195200649,24,True
2025-12-05,1,810.7724422150098,6599.146551666667,10216.24195200649,3613.5520925925953,24,True
2025-12-05,2,5625.904500000001,1974.4232666666664,3613.5520925925953,6483.062512962966,24,True
2025-12-05,3,4886.514224279831,72.83278333333328,6483.062512962966,10800.0,24,True
2025-12-05,4,0.0,5549.596883333333,10800.0,4633.781240740744,24,True
2025-12-05,5,3316.0562333333332,2770.567991666667,4633.781240740744,4539.8229711111135,24,True
2025-12-06,0,6731.547198045269,162.3436666666667,4539.8229711111135,10417.833597500003,24,True
2025-12-06,1,546.1326591563763,6240.383129583329,10417.833597500003,3975.593957870376,24,True
2025-12-06,2,5201.357186706352,2071.3541333333333,3975.593957870376,6355.310833313501,24,True
2025-12-06,3,4975.1850631221705,29.679651111110047,6355.310833313501,10800.0,24,True
2025-12-06,4,0.0,5581.128616666667,10800.0,4598.745981481482,24,True
2025-12-06,5,3246.8137416666664,2828.210338699998,4598.745981481482,4378.422417092595,24,True
2025-12-07,0,6510.32485946502,262.4547749999998,4378.422417092595,9946.098373944447,24,True
2025-12-07,1,2062.782759999999,1300.30003152778,9946.098373944447,10357.825045135802,24,True
2025-12-07,2,5036.491223333334,7712.115311666666,10357.825045135802,6321.650133172842,24,True
2025-12-07,3,7926.733452853221,2390.139216666666,6321.650133172842,10800.0,24,True
2025-12-07,4,0.0,4685.4331542386835,10800.0,5593.963161957016,24,True
2025-12-07,5,3333.372599999999,3745.361930627983,5593.963161957016,4432.4852457037005,24,True
2025-12-08,0,7032.126399279838,43.57769166666708,4432.4852457037005,10712.979347648146,24,True
2025-12-08,1,905.1002886214023,654.8126466666665,10712.979347648146,10800.0,24,True
2025-12-08,2,5711.23652111111,6946.246345971525,10800.0,8222.061373476081,24,True
2025-12-08,3,6298.223156258572,2781.415992697916,8222.061373476081,10800.0,24,True
2025-12-08,4,1.6458333333333712,4504.1075719499995,10800.0,5796.9172811666685,24,True
2025-12-08,5,3738.7572999999993,3778.4210583333324,5796.9172811666685,4963.553230796299,24,True
2025-12-09,0,6131.929418653906,40.599941666666496,4963.553230796299,10437.178661288519,24,True
2025-12-09,1,1394.3661400909455,1366.5282585000014,10437.178661288519,10173.743455703701,24,True
2025-12-09,2,5356.171162173663,7375.093325966667,10173.743455703701,6799.749361697035,24,True
2025-12-09,3,7500.028613709504,2474.79760263203,6799.749361697035,10800.0,24,True
2025-12-09,4,0.0,4616.896673251027,10800.0,5670.114807498858,24,True
2025-12-09,5,3611.2230104999994,3697.4576583333337,5670.114807498858,4811.929229911821,24,True
2025-12-10,0,6586.239863298879,59.77934166666648,4811.929229911821,10673.12361614007,24,True
2025-12-10,1,923.3497619019813,633.7245616666667,10673.12361614007,10800.0,24,True
2025-12-10,2,5131.654666666666,7200.525581666667,10800.0,7417.90522037037,24,True
2025-12-10,3,6829.607653007547,2488.096897269445,7417.90522037037,10800.0,24,True
2025-12-10,4,66.46277129553812,4525.999141049382,10800.0,5830.928559666673,24,True
2025-12-10,5,3413.6493083333335,3299.395761330825,5830.928559666673,5237.217646799091,24,True
2025-12-11,0,6099.713818266856,14.948341666666579,5237.217646799091,10710.350814720741,24,True
2025-12-11,1,879.544236730041,631.7465650000001,10710.350814720741,10800.0,24,True
2025-12-11,2,5846.631618333333,7130.024794999999,10800.0,8139.718684277777,24,True
2025-12-11,3,5401.95689401235,1981.3318999999997,8139.718684277777,10800.0,24,True
2025-12-11,4,57.12808833333338,4398.840991851855,10800.0,5963.814177442385,24,True
2025-12-11,5,3479.1056083333324,3293.83922619814,5963.814177442385,5435.187862500007,24,True
2025-12-12,0,5527.9478916666585,40.95972499999965,5435.187862500007,10364.830159444446,24,True
2025-12-12,1,581.6252596707823,6010.415318333333,10364.830159444446,4210.053650555555,24,True
2025-12-12,2,5692.618233333334,1975.0492166666663,4210.053650555555,7138.910930925926,24,True
2025-12-12,3,4067.8767434156384,0.0,7138.910930925926,10800.0,24,True
2025-12-12,4,0.0,5442.5629,10800.0,4752.70788888889,24,True
2025-12-12,5,3527.8894999999998,2651.2447877629584,4752.70788888889,4981.980896930047,24,True
2025-12-13,0,5647.868336744394,424.1791333333331,4981.980896930047,9593.752251851854,24,True
2025-12-13,1,852.3116203472221,5696.44368350556,9593.752251851854,4031.4508396026195,24,True
2025-12-13,2,5500.105593333334,2066.0163333333335,4031.4508396026195,6685.972169898916,24,True
2025-12-13,3,4662.305263898319,73.84221666666679,6685.972169898916,10800.0,24,True
2025-12-13,4,7.319425582991244,5412.746801388888,10800.0,4792.424370370369,24,True
2025-12-13,5,3654.1811916666657,2882.2089798989714,4792.424370370369,4878.733020760399,24,True
2025-12-14,0,6424.240490534979,131.14068333333375,4878.733020760399,10514.837591871508,24,True
2025-12-14,1,1379.734565471987,1172.0064665833338,10514.837591871508,10454.36929348148,24,True
2025-12-14,2,4893.036085000001,7633.538933933334,10454.36929348148,6376.391843388886,24,True
2025-12-14,3,7901.20186125515,2418.7261666666664,6376.391843388886,10800.0,24,True
2025-12-14,4,79.02729938271555,4764.695582950003,10800.0,5577.018366166663,24,True
2025-12-14,5,3673.7320083333334,3786.9074432098764,5577.018366166663,4675.7022367668005,24,True
2025-12-15,0,6804.775292481334,0.0,4675.7022367668005,10800.0,24,True
2025-12-15,1,740.7935102880633,600.0427433333334,10800.0,10800.0,24,True
2025-12-15,2,5706.215684999999,7331.294281666665,10800.0,7789.711581314814,24,True
2025-12-15,3,6159.178284135802,2279.6748333333335,7789.711581314814,10800.0,24,True
2025-12-15,4,5.245342078190106,4520.045424549793,10800.0,5782.448113926156,24,True
2025-12-15,5,3598.383275,3386.476043345064,5782.448113926156,5258.2419021538635,24,True
2025-12-16,0,6157.50899760682,0.0,5258.2419021538635,10800.0,24,True
2025-12-16,1,1032.16396230227,836.0528094648374,10800.0,10800.0,24,True
2025-12-16,2,5487.634489464834,7069.450611666667,10800.0,7883.925916444276,24,True
2025-12-16,3,5893.211738930228,2149.034833333333,7883.925916444276,10800.0,24,True
2025-12-16,4,52.22728500000039,4523.349311067456,10800.0,5821.060877536157,24,True
2025-12-16,5,3709.095983333334,3572.5843960711973,5821.060877536157,5189.709044679272,24,True
2025-12-17,0,6233.656617023028,0.0,5189.709044679272,10800.0,24,True
2025-12-17,1,707.2788600823051,572.8958766666669,10800.0,10800.0,24,True
2025-12-17,2,6556.751356666667,6556.2278633333335,10800.0,9416.378595074073,24,True
2025-12-17,3,4266.0740713168725,2210.260733333333,9416.378595074073,10800.0,24,True
2025-12-17,4,15.963662551442793,4334.514392,10800.0,5998.240194074077,24,True
2025-12-17,5,3617.9726166666655,3332.3499375999963,5998.240194074077,5551.804507296303,24,True
2025-12-18,0,5892.918993950608,49.88844166666661,5551.804507296303,10800.0,24,True
2025-12-18,1,930.0498374485574,753.3403683333332,10800.0,10800.0,24,True
2025-12-18,2,5217.436886666667,7833.368571666666,10800.0,6791.950340592593,24,True
2025-12-18,3,7249.66295489712,2264.9823,6791.950340592593,10800.0,24,True
2025-12-18,4,33.23087853909616,4375.15257995,10800.0,5968.627146296298,24,True
2025-12-18,5,3600.7128196666663,3648.2984416666663,5968.627146296298,5155.603748811112,24,True
2025-12-19,0,5956.594968913578,47.586666666666815,5155.603748811112,10463.665146759255,24,True
2025-12-19,1,426.0264655598956,5010.709326303515,10463.665146759255,5279.634158759257,24,True
2025-12-19,2,5422.428355,2020.936783333333,5279.634158759257,7914.334363444442,24,True
2025-12-19,3,3328.8508173456803,126.13515183127572,7914.334363444442,10770.14993035414,24,True
2025-12-19,4,122.97393310445369,5578.934637386833,10770.14993035414,4682.010206385003,24,True
2025-12-19,5,3422.1257166666664,2977.5526583333335,4682.010206385003,4453.53150879241,24,True
2025-12-20,0,6638.7726652306565,25.235916666666526,4453.53150879241,10400.38700009259,24,True
2025-12-20,1,518.8657525720189,4970.31942,10400.38700009259,5344.789044074074,24,True
2025-12-20,2,5745.79635186111,2476.2596166666667,5344.789044074074,7764.606186674999,24,True
2025-12-20,3,3454.791520978397,66.52669999999989,7764.606186674999,10800.0,24,True
2025-12-20,4,53.469831275721226,5589.345430916666,10800.0,4637.739036018519,24,True
2025-12-20,5,3449.7044416666668,2402.7157615408323,4637.739036018519,5072.788854028707,24,True
2025-12-21,0,6142.234114968103,159.96471666666696,5072.788854028707,10423.06098342592,24,True
2025-12-21,1,1581.7420616255222,941.9659549999994,10423.06098342592,10800.0,24,True
2025-12-21,2,5629.694778333333,7185.862848333332,10800.0,7882.433246796296,24,True
2025-12-21,3,5995.245343065845,2230.3386499999997,7882.433246796296,10800.0,24,True
2025-12-21,4,68.06481481481529,4744.533000799998,10800.0,5589.554999111109,24,True
2025-12-21,5,3776.665766666666,3681.7182,5589.554999111109,4897.75618911111,24,True
2025-12-22,0,6041.568178765433,78.71936666666636,4897.75618911111,10247.701587037036,24,True
2025-12-22,1,2183.2479968107004,1271.3623057500004,10247.701587037036,10800.0,24,True
2025-12-22,2,5537.193351666668,7007.7640901,10800.0,7997.069471944445,24,True
2025-12-22,3,6173.884212242796,2478.2087366666665,7997.069471944445,10800.0,24,True
2025-12-22,4,43.7913202509765,4665.423547218407,10800.0,5655.608246872091,24,True
2025-12-22,5,3632.750883333333,3899.429237860082,5655.608246872091,4592.384888694221,24,True
2025-12-23,0,6391.552715339754,10.25099166666655,4592.384888694221,10333.39234175926,24,True
2025-12-23,1,1330.234400473251,657.5429719666655,10333.39234175926,10800.0,24,True
2025-12-23,2,5296.903541666667,7390.983396666666,10800.0,7355.009413425927,24,True
2025-12-23,3,6772.044478909462,2384.8644999999997,7355.009413425927,10800.0,24,True
2025-12-23,4,31.72526241357793,4668.978604472696,10800.0,5640.7987312025625,24,True
2025-12-23,5,3631.7641899176956,3680.9589916666664,5640.7987312025625,4819.432066943304,24,True
2025-12-24,0,6234.902589507441,16.519999999999982,4819.432066943304,10412.488841944443,24,True
2025-12-24,1,1415.7326468107037,797.9834016666666,10412.488841944443,10800.0,24,True
2025-12-24,2,5315.350311666667,6872.941696666666,10800.0,7947.213395314817,24,True
2025-12-24,3,6285.470068991769,2523.7228116666665,7947.213395314817,10800.0,24,True
2025-12-24,4,118.55489506172901,4999.583050266666,10800.0,5351.607127481481,24,True
2025-12-24,5,3707.5206226666664,3645.5432833333334,5351.607127481481,4637.772039733333,24,True
2025-12-25,0,6485.649964185184,111.00540000000035,4637.772039733333,10351.517674166671,24,True
2025-12-25,1,1585.9394402263324,880.9768533333329,10351.517674166671,10800.0,24,True
2025-12-25,2,5131.92932,7099.092967750001,10800.0,7530.855312722222,24,True
2025-12-25,3,6341.571957057617,2194.4430666666667,7530.855312722222,10800.0,24,True
2025-12-25,4,15.594343621400588,5076.466969218106,10800.0,5173.516054572475,24,True
2025-12-25,5,3667.1375392489404,3594.4462074485605,5173.516054572475,4480.110720509232,24,True
2025-12-26,0,6451.481982767519,55.804408333333356,4480.110720509232,10224.439606851849,24,True
2025-12-26,1,643.8164079423898,5586.909516666667,10224.439606851849,4596.197133259259,24,True
2025-12-26,2,5294.24658716787,2115.4717833333334,4596.197133259259,7010.4948580066375,24,True
2025-12-26,3,4452.908552832129,196.30129999999997,7010.4948580066375,10800.0,24,True
2025-12-26,4,0.0,5387.091576975308,10800.0,4814.342692249659,24,True
2025-12-26,5,3521.034833333333,2663.8821344833386,4814.342692249659,5023.405003934839,24,True
2025-12-27,0,6184.595701183512,123.01824166666648,5023.405003934839,10452.854199814818,24,True
2025-12-27,1,453.73940283950583,4831.290348333333,10452.854199814818,5493.119275333332,24,True
2025-12-27,2,5093.151296924007,2052.1798166666663,5493.119275333332,7796.755646268641,24,True
2025-12-27,3,3444.411483178879,87.05338301666745,7796.755646268641,10800.0,24,True
2025-12-27,4,2.501543209877531,5535.5220554320995,10800.0,4651.671327297669,24,True
2025-12-27,5,3790.6973905349796,2847.277743870345,4651.671327297669,4899.657041145433,24,True
2025-12-28,0,6172.037354282851,80.39314999999988,4899.657041145433,10365.164937777778,24,True
2025-12-28,1,1639.5671222633769,954.7448029500032,10365.164937777778,10779.947788981479,24,True
2025-12-28,2,6073.514515000001,7235.714544999999,10779.947788981479,8206.428024703702,24,True
2025-12-28,3,5021.272585720164,1733.0160166666665,8206.428024703702,10800.0,24,True
2025-12-28,4,18.30246913580292,4572.021364999998,10800.0,5736.448483333333,24,True
2025-12-28,5,3740.7139416666664,3741.4743083333333,5736.448483333333,4945.897354907405,24,True
2025-12-29,0,6504.558494547328,0.0,4945.897354907405,10800.0,24,True
2025-12-29,1,689.2884244855985,558.3236238333329,10800.0,10800.0,24,True
2025-12-29,2,5512.186133333333,6606.345351666669,10800.0,8420.583795925924,24,True
2025-12-29,3,5569.35545308642,2369.703333333334,8420.583795925924,10800.0,24,True
2025-12-29,4,90.54157557613121,4502.073123641975,10800.0,5879.183947305211,24,True
2025-12-29,5,3632.6317333333327,3792.030608333333,5879.183947305211,4935.185164712619,24,True
2025-12-30,0,6181.740069763755,14.328875000000039,4935.185164712619,10482.830255277779,24,True
2025-12-30,1,1455.4005772119344,893.4216972916666,10482.830255277779,10800.0,24,True
2025-12-30,2,5155.935683333333,7840.866648766667,10800.0,6728.268060814813,24,True
2025-12-30,3,6726.786372757205,1834.2628649999995,6728.268060814813,10744.305946296296,24,True
2025-12-30,4,117.73502858024813,4509.477533560914,10744.305946296296,5839.736879173058,24,True
2025-12-30,5,3544.1367166666664,3712.8684434999996,5839.736879173058,4904.050542506391,24,True
2025-12-31,0,6182.767991666667,123.90554166666675,4904.050542506391,10330.868910932317,24,True
2025-12-31,1,1825.0702295897688,1056.0889058067971,10330.868910932317,10800.0,24,True
2025-12-31,2,4660.031284999999,7815.4673506931995,10800.0,6310.175544618666,24,True
2025-12-31,3,7928.839090341401,2398.2611500000003,6310.175544618666,10781.396114814816,24,True
2025-12-31,4,109.39309670782002,4844.247861500002,10781.396114814816,5497.352277962962,24,True
2025-12-31,5,3483.270933333333,3761.886258333333,5497.352277962962,4452.422497592592,24,True
