natural_day,block_index,grid_kwh,charge_kwh,discharge_kwh,emergency_kwh,cash_cost_yuan,initial_soc_kwh,end_soc_kwh
2025-02-01,0,12886.323676995878,2118.5619407407376,611.2659750000003,0.0,4355.006851455243,9559.716321388889,10787.237651388888
2025-02-01,1,6145.622283333333,14.180387345679467,6329.008316666666,0.0,2335.9384375363334,10787.237651388888,3767.768537037039
2025-02-01,2,1698.8503583333331,5576.4493,977.6502,0.0,663.2329276241665,3767.768537037039,7700.294907037039
2025-02-01,3,4365.273676666666,3462.17146329218,146.08865333333347,0.0,1746.7924257563332,7700.294907037039,10653.928498074074
2025-02-01,4,4712.553436666666,181.02992666666609,5407.007323333333,0.0,3550.911774219666,10653.928498074074,4809.069517259256
2025-02-01,5,17696.05833753333,9903.333895866665,2707.69425,0.0,7060.8691996579055,4809.069517259256,10713.520856872588
2025-02-02,0,15662.089091129224,850.518204297946,654.0761649176928,0.0,7012.524710084055,10713.520856872588,10752.23594638775
2025-02-02,1,18516.869198606997,1628.5590427704067,1276.145176393003,0.0,13786.923762768312,10752.23594638775,10800.0
2025-02-02,2,6225.680364939142,5107.431768333333,7144.853501599999,0.0,4368.868910726046,10800.0,7457.962478611111
2025-02-02,3,10758.99042988061,5452.6366554526785,1408.8019216666662,0.0,7888.188871360284,7457.962478611111,10800.0
2025-02-02,4,15241.076696666665,39.00524279835319,4477.088548333333,0.0,16899.316658132168,10800.0,5860.561887037036
2025-02-02,5,15795.31370185185,4308.290851851852,3542.5290833333333,0.0,9250.31567650568,5860.561887037036,5801.880227777779
2025-02-03,0,21335.81242242798,5572.296943415637,72.7932249999999,0.0,9327.439614967963,5801.880227777779,10736.066115740741
2025-02-03,1,18481.766105833336,1009.6758559670752,760.2969474999983,0.0,14113.890407321167,10736.066115740741,10800.0
2025-02-03,2,5916.365530149996,4937.3462500000005,7233.341283183337,0.0,4155.5816006395635,10800.0,7206.565754796295
2025-02-03,3,10898.771372345678,6088.259293024689,1697.3992066666663,0.0,8316.982644012944,7206.565754796295,10800.0
2025-02-03,4,15121.655884934155,120.15993611110984,4546.76862173251,0.0,17094.321080650585,10800.0,5856.178807241656
2025-02-03,5,15463.103087915844,3676.491262583333,3459.696558000821,0.0,9435.803392835676,5856.178807241656,5320.913656899076
2025-02-04,0,20617.29148194341,5894.458748610079,17.99895833333335,0.0,9146.223575422886,5320.913656899076,10605.927688055557
2025-02-04,1,19327.10796339506,1196.3963445473246,827.7517716666665,0.0,14210.445689123735,10605.927688055557,10762.960207407408
2025-02-04,2,6326.438833333332,4999.345168333333,7672.418716666666,0.0,4657.113074438499,10762.960207407408,6737.461173722224
2025-02-04,3,11058.900396666666,6830.934990864195,2497.9207383333323,0.0,8370.831987735666,6737.461173722224,10109.835178462961
2025-02-04,4,15124.65636245782,213.04063337448792,4363.898670916668,0.0,17113.4619753916,10109.835178462961,5452.795447481481
2025-02-04,5,15397.81813423334,3624.2519905,3474.5491062666597,0.0,9461.462308237338,5452.795447481481,4854.012120857414
2025-02-05,0,20939.64910295678,6223.329719623449,94.90868333333333,0.0,9438.995146584399,4854.012120857414,10349.554775925928
2025-02-05,1,19073.590520375306,755.6040595884781,206.63858660000074,0.0,14446.81217900369,10349.554775925928,10800.0
2025-02-05,2,6577.128689216666,4895.199691666666,7830.153734116666,0.0,5018.601142406551,10800.0,6505.508906814815
2025-02-05,3,12633.494769176954,6749.328395720166,1601.9140166666662,0.0,9609.517415157925,6505.508906814815,10800.0
2025-02-05,4,14791.449516616665,40.37911522633986,4668.577078333334,0.0,16511.56364473839,10800.0,5649.03333888889
2025-02-05,5,15864.667380452673,4220.77314711934,3553.17215,0.0,9064.708587680434,5649.03333888889,5499.760115740742
2025-02-06,0,21135.886239506173,5942.955869341561,43.5783583333332,0.0,9357.255665909599,5499.760115740742,10800.0
2025-02-06,1,18619.3269344,2312.926165349792,1873.4701939333331,0.0,14113.72573011917,10800.0,10800.0
2025-02-06,2,6896.153814327162,5075.846458333333,7104.98190900617,0.0,5109.031842653742,10800.0,7473.837469159811
2025-02-06,3,11866.584698045262,5974.984414925311,1846.1910983333335,0.0,9301.86636834056,7473.837469159811,10800.0
2025-02-06,4,15243.72182,7.494128086419639,4326.646998333333,0.0,17087.263142883832,10800.0,5999.359161574075
2025-02-06,5,15174.53001409465,3522.8433251718106,3728.3256360771607,0.0,8884.628695110023,5999.359161574075,5027.334114142969
2025-02-07,0,17445.044966666665,6413.629716666666,63.41470833333352,0.0,5955.536661336666,5027.334114142969,10729.140072105929
2025-02-07,1,6729.11082821563,185.59530671357822,6113.981013333333,0.0,2477.5687094283044,10729.140072105929,4102.863611111113
2025-02-07,2,0.0,4257.584283333333,1376.3880333333332,0.0,0.0,4102.863611111113,6405.369429074077
2025-02-07,3,1501.0394784333348,4882.922856584357,0.0,0.0,583.6694683038309,6405.369429074077,10800.0
2025-02-07,4,4519.399415,93.69689711934302,5480.657536666667,0.0,3420.873905080833,10800.0,4794.707722222221
2025-02-07,5,16365.35062222222,8864.31663888889,2849.480683333333,0.0,6634.014487457222,4794.707722222221,9606.503049074074
2025-02-08,0,11956.199438516664,2291.0629527366123,1210.171084816662,0.0,4088.5181411736276,9606.503049074074,10323.825167851848
2025-02-08,1,5451.25522,643.1378434979467,7084.793576666666,0.0,2073.531968277167,10323.825167851848,3030.656364037037
2025-02-08,2,0.0,5571.866933333333,617.2230666666668,0.0,0.0,3030.656364037037,7359.53319662963
2025-02-08,3,686.2548633333329,3826.7029643004134,65.47789333333333,0.0,284.4991888708331,7359.53319662963,10730.812649685186
2025-02-08,4,4201.888896522636,38.75284874485618,5658.621185555553,0.0,3132.2833869552983,10730.812649685186,4478.333340716051
2025-02-08,5,17116.400772475485,9762.208747475486,2840.309733333333,0.0,6670.531911429944,4478.333340716051,10108.421509740285
2025-02-09,0,15146.390393032509,1241.6913653292183,686.1830640662567,0.0,6705.538052361347,10108.421509740285,10463.518111796297
2025-02-09,1,17645.710167966663,1396.3049626543218,1551.6612937000014,0.0,12697.439059516944,10463.518111796297,9996.124474074075
2025-02-09,2,4870.73495129251,3669.2549229591787,7618.699654999999,0.0,3585.296611710036,9996.124474074075,4833.232065848449
2025-02-09,3,9242.3447131893,6109.953478189302,1947.6443216666657,0.0,6937.686005821011,4833.232065848449,8168.140949922524
2025-02-09,4,13239.306232352985,192.2255551038312,5910.316789417512,0.0,14505.631563833333,8168.140949922524,1774.1252946076263
2025-02-09,5,20033.929474999997,5875.858874999999,573.6611622301973,347.4822044364699,15345.449366468485,1774.1252946076263,6424.996990740739
2025-02-10,0,19651.05022753086,5032.873878600825,139.12513333333368,0.0,8575.892236557205,6424.996990740739,10800.0
2025-02-10,1,17604.76755941666,2235.8769644444424,2219.577328916671,0.0,12780.619339694347,10800.0,10346.092235870361
2025-02-10,2,6596.316346666666,5613.191496666665,5438.96465,0.0,4330.752099369833,10346.092235870361,9354.670527314805
2025-02-10,3,9575.878541821114,2420.5368935185297,659.8383583333336,0.0,6861.9862772307215,9354.670527314805,10800.0
2025-02-10,4,13661.411928241567,28.336383333333515,5495.081397766663,0.0,14971.265257062556,10800.0,4719.856747481484
2025-02-10,5,18773.87546666667,4944.696783333334,1525.8625666666662,0.0,12248.835869278333,4719.856747481484,7474.681000629633
2025-02-11,0,18565.05622162551,3751.9067997119337,57.154158333333726,0.0,8412.120004120216,7474.681000629633,10787.8925
2025-02-11,1,17416.573437283332,1688.6772861316877,1836.523339383335,0.0,12762.845851306056,10787.8925,10267.120569314811
2025-02-11,2,4996.517563333331,4437.800866666666,6590.821933333333,0.0,3159.920793135999,10267.120569314811,6938.005867833329
2025-02-11,3,10576.419011666665,5425.157552201651,918.5828983333332,0.0,7492.318743357832,6938.005867833329,10800.0
2025-02-11,4,13630.052758399994,33.82469716049496,5424.405171600006,0.0,14890.999046069672,10800.0,4803.325370111106
2025-02-11,5,15867.035773971193,2849.17249063786,2299.6174583333336,0.0,10631.384692809495,4803.325370111106,4812.450102425921
2025-02-12,0,21498.089046193418,6663.009824465024,8.243049999999926,0.0,9282.692333344494,4812.450102425921,10800.0
2025-02-12,1,16899.873347678396,1609.1500952880658,2267.615492383333,0.0,12322.863766787503,10800.0,9728.662316444445
2025-02-12,2,4761.111001111105,4449.177385,5983.56155,0.0,3002.9086675065523,9728.662316444445,7084.520240722223
2025-02-12,3,9176.953638436218,5753.380105411524,1847.1643349999995,0.0,6187.677756394322,7084.520240722223,10210.157518925927
2025-02-12,4,15018.813339999999,61.284008333333304,3991.651251666666,0.0,16653.636147681333,10210.157518925927,5830.145069018524
2025-02-12,5,18869.643395749998,5818.2901999999995,2295.111337583333,0.0,11886.897064337383,5830.145069018524,8516.482540592599
2025-02-13,0,17474.889568578183,2549.579162716041,36.814211833332024,0.0,7844.6369572857775,8516.482540592599,10770.199107222224
2025-02-13,1,16700.705229382715,1779.860026213988,2431.697666666666,0.0,12034.274215394216,10770.199107222224,9670.186834518516
2025-02-13,2,4709.058964999998,4631.854164999999,5044.668966666666,0.0,2570.562956891499,9670.186834518516,8233.667842277775
2025-02-13,3,10066.112866666666,3603.2125209259284,608.9032000000002,0.0,6647.865288930499,8233.667842277775,10800.0
2025-02-13,4,15472.05060526667,41.324088395059434,3551.374123066663,0.0,17341.881130782276,10800.0,6891.2204317037085
2025-02-13,5,18227.31373687757,5942.1758118775715,2963.256108333333,0.0,11103.354989043466,6891.2204317037085,8946.671875356487
2025-02-14,0,11740.6304073611,2114.055191990737,1610.3770416666666,0.0,3959.6500423826496,8946.671875356487,9060.013724074073
2025-02-14,1,5382.424773333333,985.6020266666665,6941.257669999999,0.0,2155.4181048125,9060.013724074073,2234.54702585185
2025-02-14,2,0.0,4695.020283333333,428.8094333333333,0.0,0.0,2234.54702585185,5983.610354925922
2025-02-14,3,174.78052000000008,5351.544050082311,0.0,0.0,100.97749205400004,5983.610354925922,10800.0
2025-02-14,4,4002.641904699999,70.17012666666642,5769.421088633334,0.0,2897.3118527506294,10800.0,4452.685237740741
2025-02-14,5,16322.737940231067,8889.709728847733,2764.9627552833313,0.0,6399.479360954522,4452.685237740741,9381.2431545
2025-02-15,0,12269.522904053498,2452.50531485597,974.1018500000001,0.0,4339.075756483911,9381.2431545,10506.162548981481
2025-02-15,1,3337.709939250001,14.863568333333319,7864.228762416665,0.0,1257.6577151067504,10506.162548981481,1781.5078022407442
2025-02-15,2,0.0,5454.897849999999,313.695,0.0,0.0,1781.5078022407442,6342.3658672407455
2025-02-15,3,93.93234319999992,4952.926814176948,130.93574013333335,0.0,59.52731519221328,6342.3658672407455,10654.515844296295
2025-02-15,4,3818.308599416667,25.84201333333317,5886.783297249999,0.0,2846.7025190009335,10654.515844296295,4136.903326018516
2025-02-15,5,16951.853238249998,9413.972516666667,2652.6481434166644,203.9077100000021,7659.678791287252,4136.903326018516,9662.091765000001
2025-02-16,0,15643.444788107818,1311.7224214411508,191.76524999999958,0.0,6896.298628645362,9662.091765000001,10629.569444297038
2025-02-16,1,15285.042610367489,1076.372618600824,2700.4618249000014,0.0,10842.510369098696,10629.569444297038,8597.791662259999
2025-02-16,2,4119.896049999999,3658.877833333333,6658.012496033999,179.77510396599982,3605.7701747246874,8597.791662259999,4492.990049999999
2025-02-16,3,8056.821067830866,6130.165426164199,659.864526666667,0.0,5691.0408160991365,4492.990049999999,9276.95612614037
2025-02-16,4,13985.759536316671,59.59469969999918,4960.131496716661,0.0,15496.430602788707,9276.95612614037,3819.3341372963037
2025-02-16,5,18652.371004333334,6486.937475000001,2440.4800824000067,588.6909715999934,14838.415673336272,3819.3341372963037,6945.933328796295
2025-02-17,0,18822.98874670782,4979.861963374486,717.5849000000004,0.0,8456.742413855874,6945.933328796295,10630.492540277777
2025-02-17,1,15634.306619966666,1349.1704868518605,2581.483953366667,0.0,10988.378572138308,10630.492540277777,8976.430474703704
2025-02-17,2,5521.126931666667,5268.58008,4754.309116666665,0.0,3408.571819755,8976.430474703704,8435.586861518523
2025-02-17,3,7915.459071790117,3450.2691044855933,667.9885616666666,0.0,5434.7398212479775,8435.586861518523,10798.619542592593
2025-02-17,4,13487.294257942385,98.55648617283875,5332.342453333334,0.0,14667.457246602124,10798.619542592593,4962.4954320000015
2025-02-17,5,18770.30280400761,6444.344041666666,3041.468487659054,0.0,11142.47303801728,4962.4954320000015,7382.995638767719
2025-02-18,0,17041.4552,2734.8206916666663,119.21055833333332,0.0,7393.603643975833,7382.995638767719,9711.878085341794
2025-02-18,1,16013.60125112229,1810.4801594967714,2349.385421666666,0.0,10768.239677734584,9711.878085341794,8730.881982592595
2025-02-18,2,5424.750304999999,5132.084349999999,4946.871216666667,0.0,3339.7865750926653,8730.881982592595,7853.23432351852
2025-02-18,3,8065.489888765432,4197.481789629625,1074.456616666666,0.0,5479.688996005645,7853.23432351852,10437.127248999997
2025-02-18,4,13378.518246666667,30.755429999999933,5259.682499999998,0.0,14609.761751321832,10437.127248999997,4620.715469333331
2025-02-18,5,15622.743216666666,3527.5883999999996,3091.771125,0.0,9716.820961854166,4620.715469333331,4360.243779333332
2025-02-19,0,21560.424027798355,7132.136427798356,226.83989999999983,0.0,9646.833659988213,4360.243779333332,10527.122231018517
2025-02-19,1,13346.354182833331,289.7516183333331,3684.866018833335,11.756250000000023,9005.451204042633,10527.122231018517,6693.603111037033
2025-02-19,2,4650.643609999999,5031.310866666667,4944.24279993333,1033.9727334000027,8178.933541351715,6693.603111037033,5728.17978
2025-02-19,3,6926.1942071604935,5518.305963827161,1147.9403700000003,0.0,4450.921919716458,5728.17978,9419.165847444443
2025-02-19,4,13019.724945183336,168.93650333333312,5601.620808149996,0.0,14068.95549320516,9419.165847444443,3347.1855802777836
2025-02-19,5,17086.553252583333,4651.899116666666,1949.078338916672,1266.6584251666613,18229.763121638196,3347.1855802777836,5368.252186481481
2025-02-20,0,20300.750383333332,5967.108875,148.3869083333334,0.0,8987.047846218333,5368.252186481481,10573.775831388886
2025-02-20,1,13854.032720186418,346.98496100823496,3326.5790095666694,8.202134999999998,9630.374914977152,10573.775831388886,7189.863396777774
2025-02-20,2,4931.045213333332,5000.0,5390.877057099997,291.8475762333361,4578.027057966947,7189.863396777774,5700.0
2025-02-20,3,7763.826182736625,6084.16781893004,338.17593333333343,0.0,5185.2469174547305,5700.0,10800.0
2025-02-20,4,12244.572911666664,0.0,6320.046025000001,0.0,13372.210186651022,10800.0,3777.726638888888
2025-02-20,5,17097.35135,4079.8323500000006,2308.5871666666662,0.0,10851.115467076666,3777.726638888888,4884.478902037036
2025-02-21,0,16455.3060936214,6246.492951954731,521.0530249999999,0.0,5786.049576289516,4884.478902037036,9927.374753240741
2025-02-21,1,3406.3978733333333,91.70803166666678,7784.081275,0.0,1308.4875989701668,9927.374753240741,1360.9327872962972
2025-02-21,2,0.0,6659.33245,144.83950856666758,112.99455809999914,521.7392558804294,1360.9327872962972,7193.399205
2025-02-21,3,21.407945733332895,4007.334216666669,10.205885933333661,0.0,12.123952525439751,7193.399205,10788.66012674074
2025-02-21,4,3439.2377481166704,42.74541666666681,5685.4963185499955,0.0,2474.7089918959464,10788.66012674074,4509.912870018525
2025-02-21,5,16401.617425,8847.003441666666,2718.0435,0.0,6752.474494827499,4509.912870018525,9452.16763418519
2025-02-22,0,10622.072460576122,2016.2446925308575,2225.780815288067,0.0,3743.5355633664685,9452.16763418519,8793.698062698444
2025-02-22,1,3985.3235675572846,114.53085922395138,6871.495291666666,0.0,1433.4090557535123,8793.698062698444,1261.781067481484
2025-02-22,2,0.0,5979.389066666667,55.6029607333355,218.04547259999785,1090.4541843467894,1261.781067481484,6581.4501599999985
2025-02-22,3,0.0,4687.277600000002,64.27130000000011,0.0,0.0,6581.4501599999985,10728.587444444445
2025-02-22,4,3397.4421215966827,40.86032594746831,5969.353154350785,0.0,2574.0362113040737,10728.587444444445,4132.747121851849
2025-02-22,5,17179.673483333332,9733.053916666666,2666.3016076666645,150.67604233333566,7656.7566203526785,4132.747121851849,9929.938305
2025-02-23,0,14710.737524999999,486.99841666666634,221.4412749999999,0.0,6341.5363688983325,9929.938305,10122.19101888889
2025-02-23,1,14407.523362617278,1651.3955939506195,3848.0045980000073,0.0,9539.130966114128,10122.19101888889,7332.886388999997
2025-02-23,2,4915.898145349792,5044.5296,5519.597750099997,113.01074990000308,3448.305780225759,7332.886388999997,5740.076639999999
2025-02-23,3,7661.289973333333,6191.948043333334,628.1091833333327,0.0,5252.3609376955,5740.076639999999,10614.930786407405
2025-02-23,4,12477.511953283338,173.04105444444406,5799.767334494439,0.0,13685.38075447918,10614.930786407405,4326.481808191363
2025-02-23,5,18416.405392083332,5627.5292,2517.103724583334,0.0,11362.42632076329,4326.481808191363,6594.476171987658
2025-02-24,0,18849.61585,4638.807091666666,83.20099166666694,0.0,8544.926309526667,6594.476171987658,10676.957008191357
2025-02-24,1,14764.577191877772,2318.5180124485623,4182.840961455559,25.751363333333302,9751.914404841451,10676.957008191357,8116.022151111112
2025-02-24,2,5038.074855999997,5439.140723333333,4261.102672333334,0.0,2977.838666035631,8116.022151111112,8276.690277296295
2025-02-24,3,7691.212872749999,3271.122895596709,442.78902166666626,0.0,5024.7075910602825,8276.690277296295,10728.713081481481
2025-02-24,4,13087.060079066667,51.58833333333348,5326.205954266666,0.0,14396.900812861435,10728.713081481481,4857.135965629625
2025-02-24,5,17408.82473333333,4994.292458333333,3035.058058333333,0.0,10663.505958730833,4857.135965629625,5979.7124466481455
2025-02-25,0,19283.986241666666,5095.835833333333,293.5496416666664,0.0,8391.161908706667,5979.7124466481455,10239.798428129621
2025-02-25,1,14379.940661800003,2670.5846070781968,4613.440193199996,23.785000000000082,9602.637915099527,10239.798428129621,7517.279915388891
2025-02-25,2,4609.676618703701,5686.39603,3717.8204166666665,0.0,2367.209395731962,7517.279915388891,8504.124768314818
2025-02-25,3,6596.07946934156,2809.497101049381,209.4049433333331,0.0,4011.2085627056927,8504.124768314818,10800.0
2025-02-25,4,12223.180546666666,61.32557000000054,6071.160506666666,0.0,13216.580370638,10800.0,4109.459116703707
2025-02-25,5,18323.550635,5556.777116666667,2580.652765,0.0,11332.014797496333,4109.459116703707,6243.166560592596
2025-02-26,0,18507.304040905346,4255.891190905346,211.4988166666668,0.0,8113.24432023593,6243.166560592596,9838.469947222226
2025-02-26,1,13965.110335927775,3324.5814227777773,5624.293986850002,0.0,8543.481536143467,9838.469947222226,6581.377686777776
2025-02-26,2,4037.614966666667,5093.541233333333,4013.8306000000002,0.0,2223.6164277065004,6581.377686777776,6705.753018999998
2025-02-26,3,6183.662552016469,5191.465541481484,815.6358650000004,0.0,4131.857334381578,6705.753018999998,10471.809934111112
2025-02-26,4,13718.331772516665,74.90570918333299,4725.63722,0.0,15301.418292230019,10471.809934111112,5288.517050153889
2025-02-26,5,15894.540136870462,4266.651196867132,3679.838851663337,0.0,9309.549497908743,5288.517050153889,5039.793292152823
2025-02-27,0,20790.11555306065,6512.060036805508,97.70975833333307,0.0,9220.0728811421,5039.793292152823,10792.08092712963
2025-02-27,1,12509.895469076891,1628.4492223868303,5430.373803089774,11.706631666666453,7655.240714134172,10792.08092712963,6223.936557178031
2025-02-27,2,4005.932716666668,5381.9288,4521.542901460229,798.4571818731046,6301.5770190368585,6223.936557178031,6043.73592
2025-02-27,3,6112.378390164607,5980.814389300412,563.821983333333,0.0,3779.582994453801,6043.73592,10800.0
2025-02-27,4,12978.408625066668,0.6603944238708613,5253.337449348165,0.0,13984.140337729834,10800.0,4963.552744594634
2025-02-27,5,20287.61341119,8158.046026856666,3074.268499,0.0,11351.601590165848,4963.552744594634,8889.940280987856
2025-02-28,0,12767.205753120488,2528.2487104250154,336.40178333333296,0.0,4401.738546322925,8889.940280987856,10791.58436111111
2025-02-28,1,2238.468941666667,0.0,8487.183025,0.0,773.4463744650001,10791.58436111111,1361.380999999999
2025-02-28,2,0.0,8034.3479,109.26630000000011,0.0,0.0,1361.380999999999,8470.88711
2025-02-28,3,0.0,2587.90321111111,2.1898166666667294,0.0,0.0,8470.88711,10797.56687037037
2025-02-28,4,3144.062618333332,77.13333069958864,5708.155253559673,0.0,2253.2505845334294,10797.56687037037,4524.592141822589
2025-02-28,5,16271.261581267332,8869.012397934,2922.4704,0.0,6430.803989613796,4524.592141822589,9259.513966629856
2025-03-01,0,10341.254533333333,1710.6067249999999,1601.031858333334,0.0,3360.190779239166,9259.513966629856,9020.135732092822
2025-03-01,1,4149.449983699797,1800.7865816666665,7175.097847966869,0.0,1442.6376050363165,9020.135732092822,2668.5127134074137
2025-03-01,2,0.0,5820.095166666666,149.64098333333334,0.0,0.0,2668.5127134074137,7740.330604148155
2025-03-01,3,0.0,3399.632662057607,52.7670333333333,0.0,0.0,7740.330604148155,10741.369962962963
2025-03-01,4,3083.1935975833335,94.06906500000025,6090.931134083333,0.0,2244.610369038742,10741.369962962963,4058.3308613703675
2025-03-01,5,17413.00606933333,10462.272925,3162.489915483331,135.14630685000543,7694.1334595094795,4058.3308613703675,9960.498810000001
2025-03-02,0,15170.996173353906,1029.2835341563803,78.16859166666677,0.0,6542.330546812817,9960.498810000001,10800.0
2025-03-02,1,13070.56787364238,937.9992571030743,3592.2913407034926,0.0,8074.005126557501,10800.0,7652.764508388886
2025-03-02,2,4317.232173333333,4392.750956666667,4707.845616666666,0.0,2572.413718076333,7652.764508388886,6375.300795314812
2025-03-02,3,6003.512826296294,3676.882597962962,2753.845238333334,0.0,4262.508336986091,6375.300795314812,6624.667090888888
2025-03-02,4,11686.963185357816,83.84533869115012,4950.115106139831,1847.1792471935014,24330.386359852764,6624.667090888888,1200.0
2025-03-02,5,18973.817842052347,5686.321158333332,15.502886999999781,1968.4695626143173,24046.14050944017,1200.0,6300.4636125
2025-03-03,0,17860.020608333332,3744.1677499999996,120.00936666666632,0.0,8017.481541193333,6300.4636125,9536.870846759259
2025-03-03,1,14267.200956749999,2795.8296139894755,3810.7158682500008,0.0,8455.88961156676,9536.870846759259,7818.988756849784
2025-03-03,2,5451.343878351859,5056.280436666667,5429.829788314808,0.0,3679.027418685527,7818.988756849784,6336.496940611109
2025-03-03,3,8036.61945728166,6378.08957228166,1400.5870816666666,0.0,5731.137609140478,6336.496940611109,10520.56968714609
2025-03-03,4,11944.001600783335,58.57801740740547,6524.03456662407,0.0,12759.871673676942,10520.56968714609,3324.3626065637845
2025-03-03,5,18711.057084259257,5639.666716666667,1967.5941759074067,438.8916731666675,14383.289689996847,3324.3626065637845,6213.846900555555
2025-03-04,0,18749.68446751029,4650.79973417696,138.87558333333334,0.0,8136.370813761899,6213.846900555555,10245.26045761112
2025-03-04,1,13389.0740577626,1301.752716395944,3067.3255586333426,0.0,8508.699876352417,10245.26045761112,8008.698392774869
2025-03-04,2,5969.308482103308,5252.359045800683,4621.39780036404,0.0,4046.2809146650247,8008.698392774869,7600.935089146549
2025-03-04,3,10215.14685745035,4087.2146540346985,443.9752316666662,0.0,7273.20919349492,7600.935089146549,10786.122464814815
2025-03-04,4,12685.295434216318,126.96423292180971,5489.164186791912,0.0,13572.539868259086,10786.122464814815,4801.318955786765
2025-03-04,5,16504.044441666665,3356.832391666667,2288.560266666667,0.0,10937.415398611667,4801.318955786765,5279.623367546024
2025-03-05,0,19533.92491169783,5567.2216283644975,29.482666666666546,0.0,8224.507990748523,5279.623367546024,10257.364314555558
2025-03-05,1,14741.28271833333,1884.950644938268,2531.3916633333342,0.0,9483.926779949998,10257.364314555558,9141.162491296294
2025-03-05,2,5965.880205033331,5741.084248366664,3752.7773166666666,0.0,3447.9593240438676,9141.162491296294,10138.385740752221
2025-03-05,3,8741.92834278333,1879.4067489584413,926.8666333333337,0.0,5592.601204183102,10138.385740752221,10800.0
2025-03-05,4,13761.250810216668,24.68624999999963,4455.65765606934,0.0,15045.766789501893,10800.0,5871.4868960340655
2025-03-05,5,18390.239662037035,6705.772728703703,3703.198683333333,0.0,10556.830771017778,5871.4868960340655,7792.017148163696
2025-03-06,0,17477.814163402676,3786.8188833333334,364.7312532639902,0.0,7524.991410412539,7792.017148163696,10794.897195092593
2025-03-06,1,14137.521332394646,2043.3859212962968,3322.0676500333343,0.0,8873.19401582705,10794.897195092593,8942.758246444442
2025-03-06,2,4377.497506399182,5516.657318065849,3681.629883333333,0.0,2532.1800312285127,8942.758246444442,9817.049962333336
2025-03-06,3,6859.7047426541085,2094.4026713580233,933.9073816666664,0.0,4511.485624511643,9817.049962333336,10664.33749803704
2025-03-06,4,13380.38681832698,209.93915693395195,4928.18518860697,0.0,14543.833887735014,10664.33749803704,5377.52141860319
2025-03-06,5,20328.661578074658,7934.239128074658,2974.19445,0.0,11570.5651585837,5377.52141860319,9213.676133870382
2025-03-07,0,10465.787587334558,2586.9928679012346,2254.309563900009,0.0,3650.651776168357,9213.676133870382,9037.181310648151
2025-03-07,1,3874.511165333332,301.3012799999997,5505.168198,0.0,1356.0485446905996,9037.181310648151,3191.498909314815
2025-03-07,2,0.0,8453.890100761315,0.0,0.0,0.0,3191.498909314815,10800.0
2025-03-07,3,0.0,0.0,60.9526166666667,0.0,0.0,10800.0,10732.274870370371
2025-03-07,4,3001.1553136310667,84.75757884773657,5709.013465216669,0.0,2173.8127025066456,10732.274870370371,4465.208396648143
2025-03-07,5,16715.888548374485,9246.85349004115,2812.812658333333,0.0,6361.465026068689,4465.208396648143,9662.029139537031
2025-03-08,0,10748.103781481486,2316.7622564814865,1894.1041249999996,0.0,3573.526477128057,9662.029139537031,9642.55503148148
2025-03-08,1,2301.682766666667,54.47065833333335,6972.678274999999,0.0,828.4529575700001,9642.55503148148,1944.1583184259237
2025-03-08,2,0.0,9115.993016666667,9.574583333333294,0.0,0.0,1944.1583184259237,10137.913607499997
2025-03-08,3,0.0,735.6515472222261,0.0,0.0,0.0,10137.913607499997,10800.0
2025-03-08,4,3058.3405587999987,157.16578376543168,5729.963443116666,0.0,2157.6135420517808,10800.0,4574.82315748148
2025-03-08,5,17228.492583333333,9806.201658333332,2845.533283333333,0.0,6705.170267900833,4574.82315748148,10238.701001833331
2025-03-09,0,14256.258720185186,806.0796898353966,697.0634750000007,0.0,6272.1631759351485,10238.701001833331,10189.65775046296
2025-03-09,1,13095.892272592591,2424.4598400411514,4363.766976666666,0.0,7587.412440377666,10189.65775046296,7523.041632425924
2025-03-09,2,4569.666216666666,5150.180746666666,3801.2891666666674,0.0,2591.427784327166,7523.041632425924,7934.5496747962925
2025-03-09,3,6411.6233388291,3806.223406604942,504.13566666666634,0.0,3794.8660877596612,7934.5496747962925,10800.0
2025-03-09,4,12768.187279522499,81.14096730452621,5199.583859489847,0.0,13611.580563364012,10800.0,5095.711471140909
2025-03-09,5,18786.5918,5783.094075,2257.389291666667,0.0,11557.412352853333,5095.711471140909,7792.285814566837
2025-03-10,0,15300.757072039847,2613.047908333333,1473.2167029601515,0.0,6591.853258142439,7792.285814566837,8507.121484333335
2025-03-10,1,13559.06161441667,2518.74105,3613.321002249996,0.0,8070.850167102495,8507.121484333335,6759.187315722228
2025-03-10,2,4763.758018880046,5000.209098333332,4487.95095,0.0,3038.2375686418904,6759.187315722228,6272.763337555559
2025-03-10,3,6077.241500658435,4865.755368991768,640.3082849999996,0.0,4292.263766627976,6272.763337555559,9940.489519648147
2025-03-10,4,12833.183149390496,80.61814333333302,5025.188827276171,0.0,13950.42348166956,9940.489519648147,4429.502707230181
2025-03-10,5,18260.278466666667,5798.438833333334,2906.285583333333,0.0,10976.280544055,4429.502707230181,6418.8914535264785
2025-03-11,0,17995.559541803912,4894.770743303912,914.798193166668,0.0,7956.77356703965,6418.8914535264785,9807.74268564815
2025-03-11,1,12537.208054416666,1721.9043849999998,3760.1945472499997,0.0,7502.910930351525,9807.74268564815,7179.462690759264
2025-03-11,2,4655.687340925926,5247.199070925926,3044.929716666667,0.0,2746.7936571177966,7179.462690759264,8518.686613851856
2025-03-11,3,7761.0543616666655,3306.8118738477287,662.8785466666667,0.0,4787.142353251166,8518.686613851856,10758.285581796295
2025-03-11,4,13326.1347515,61.02009833333295,4610.926813499999,0.0,14697.304019174771,10758.285581796295,5689.951655296294
2025-03-11,5,20495.191050946505,7529.6703759465045,2223.969316666666,0.0,12309.79417851524,5689.951655296294,9995.577975129629
2025-03-12,0,15026.601267934928,1748.972554457654,905.7165584025167,0.0,6488.287347392154,9995.577975129629,10563.301542583164
2025-03-12,1,11680.97397893333,1145.0289550000002,4031.6230044000013,0.0,6823.002441055562,10563.301542583164,7114.246486083162
2025-03-12,2,4796.698716666666,5882.889383333333,2948.42215,0.0,2521.8942263619992,7114.246486083162,9132.822319972052
2025-03-12,3,7114.554628045276,2348.1596650516303,401.54941666666673,0.0,4448.280298575686,9132.822319972052,10800.0
2025-03-12,4,12428.67827364999,30.96112572016432,5518.676185403507,0.0,13588.62293743196,10800.0,4696.002584922031
2025-03-12,5,18116.028966666665,5630.235041666666,2999.866475,0.0,10920.187322004165,4696.002584922031,6430.029150199809
2025-03-13,0,18752.333536609265,4719.683469942598,22.529116666666596,0.0,8174.50036787743,6430.029150199809,10652.711921296299
2025-03-13,1,10669.783138141152,1189.7911971810672,5090.679750233332,0.0,5811.932641241439,10652.711921296299,6067.213165166667
2025-03-13,2,3485.7846449999993,3421.8708783333323,4302.101316666666,0.0,2231.269667827666,6067.213165166667,4366.784381592593
2025-03-13,3,5540.992021069959,4394.5712044032925,491.45698333333314,0.0,3719.09316942471,4366.784381592593,7775.835150740742
2025-03-13,4,11879.94462845679,272.9064634567899,6139.305871066667,174.34024726666598,13952.828974273201,7775.835150740742,1200.0
2025-03-13,5,17662.20311230988,4859.387558333333,50.271124333333546,2573.1578716901213,27326.30124016286,1200.0,5517.591997685184
2025-03-14,0,10807.50763399177,1896.0635749999997,1201.4092726999995,0.0,3459.218318573523,5517.591997685184,5889.150023296294
2025-03-14,1,5089.057031666667,987.0883233333336,4666.117433333333,0.0,1864.308430798,5889.150023296294,1592.9545883703674
2025-03-14,2,0.0,10230.050457366258,0.0,0.0,0.0,1592.9545883703674,10800.0
2025-03-14,3,0.0,0.0,28.89716666666675,0.0,0.0,10800.0,10767.892037037036
2025-03-14,4,2683.54723805,58.12404499999957,5756.073340283332,0.0,1927.3354592472033,10767.892037037036,4424.566632777776
2025-03-14,5,16834.16167030864,9470.727170308639,2824.7855166666664,0.0,6461.53562220995,4424.566632777776,9809.57051198148
2025-03-15,0,10717.279411772222,2467.975804176958,2099.436559071401,0.0,3719.8548752014026,9809.57051198148,9698.04144788363
2025-03-15,1,921.0093683333332,53.271618333333265,7691.387313945268,294.79151938806535,1210.746239150687,9698.04144788363,1200.0
2025-03-15,2,0.0,7384.7595,0.0,0.0,0.0,1200.0,7846.283549999999
2025-03-15,3,0.0,3281.9071666666687,0.0,0.0,0.0,7846.283549999999,10800.0
2025-03-15,4,2941.7689357338327,23.765390946502723,5517.766493333333,0.0,2124.260698737028,10800.0,4690.537192592593
2025-03-15,5,17147.113965882836,9650.742266666666,3137.4366591171643,0.0,6672.434537898636,4690.537192592593,9890.164500240187
2025-03-16,0,13791.34432764979,923.5135330664584,1342.966455416668,0.0,6016.7844073335455,9890.164500240187,9229.14172953704
2025-03-16,1,10876.2397478,2376.208661666667,6091.767580533333,1.6400000000001,5991.579256953904,9229.14172953704,4599.098880000005
2025-03-16,2,4494.708663333333,5474.625349999999,2856.6065,0.0,2131.1825215226663,4599.098880000005,6352.254472777782
2025-03-16,3,6363.166925,5687.448672222215,603.8624499999997,0.0,4051.4099257193334,6352.254472777782,10800.0
2025-03-16,4,11645.76621453899,97.45703079300799,6135.157752890742,0.0,12452.260758236464,10800.0,4070.8693800573274
2025-03-16,5,19485.96250107407,6431.472674999999,2217.2370905925927,0.0,12050.459907001114,4070.8693800573274,7395.598020232224
2025-03-17,0,16862.886510462136,2901.7943687954694,96.05104166666672,0.0,7111.315800058578,7395.598020232224,9900.489572518522
2025-03-17,1,11119.683077066667,1782.0736633333338,4546.467786266665,0.0,6234.7198488154945,9900.489572518522,6452.724995888896
2025-03-17,2,3966.276209238681,5522.690042572014,2118.650066666666,0.0,1841.1211990662746,6452.724995888896,9069.090404574079
2025-03-17,3,6223.598510349799,1971.3579661111057,106.33601500000009,0.0,3475.0582957884544,9069.090404574079,10725.161446296297
2025-03-17,4,11553.296627674896,56.659821666667426,5892.052643991769,0.0,12270.516454360384,10725.161446296297,4229.430125805447
2025-03-17,5,16754.59548025,3844.7269166666665,2372.266586416667,0.0,10940.557931693,4229.430125805447,5053.832588120261
2025-03-18,0,18445.47305690341,5241.848648570079,679.6985583333332,0.0,8105.898220213722,5053.832588120261,9016.275751462961
2025-03-18,1,10943.639268800001,1700.8730766666667,4837.866524533331,0.0,5577.124641119328,9016.275751462961,5171.654270981481
2025-03-18,2,4144.362970596701,5501.078829403301,3574.488843883333,268.7047394499999,3455.937118588191,5171.654270981481,6150.9709464629705
2025-03-18,3,5966.275375987653,5499.884154135792,270.7800166666668,0.0,3516.429532079876,6150.9709464629705,10800.0
2025-03-18,4,11403.843879766668,9.466298333333498,6070.888711899999,0.0,11979.384878401757,10800.0,4063.087766388894
2025-03-18,5,20998.679580416665,8248.088525,2424.4574945833324,0.0,12643.678899437125,4063.087766388894,8792.525778240748
2025-03-19,0,15478.361829184147,2828.823337517482,1390.9157083333334,0.0,6569.964912429749,8792.525778240748,9793.004883858333
2025-03-19,1,10059.675509166667,1120.905856666667,5017.5079975,0.0,5157.093512120667,9793.004883858333,5226.811268747221
2025-03-19,2,3294.0492392798387,5261.102514279839,3558.203733333333,0.0,1788.4541649309192,5226.811268747221,6008.243827895373
2025-03-19,3,5624.746192695473,5694.31967682407,299.8183833333335,0.0,3135.6947213616168,6008.243827895373,10800.0
2025-03-19,4,10513.974766299998,24.750236625513455,6657.093362033335,0.0,10708.436558280437,10800.0,3425.5048107037005
2025-03-19,5,17192.787075,3562.7532916666664,1593.1233500000003,0.0,11591.061610505833,3425.5048107037005,4861.845717648144
2025-03-20,0,18843.562607757205,4924.457253195795,209.23277877192265,0.0,8462.417904408265,4861.845717648144,9061.376380222222
2025-03-20,1,11072.200050866666,2526.238633333333,5327.502632466667,0.0,5585.34751728014,9061.376380222222,5415.543780814817
2025-03-20,2,1492.8715180762565,2883.70355140959,3265.5568,0.0,806.754676130507,5415.543780814817,4382.480532639003
2025-03-20,3,4592.918343395063,5401.486943395062,365.3934499999991,0.0,2800.0638093927228,4382.480532639003,8837.826059472332
2025-03-20,4,10537.171734676956,112.1018675102871,6964.84596620843,258.51499995823343,12633.655897132685,8837.826059472332,1200.0
2025-03-20,5,19444.910400424895,5839.274736008229,94.3248768333331,1610.0299837500002,22601.363126412944,1200.0,6350.541843703703
2025-03-21,0,10921.404668833333,3215.8246166666668,2656.187431166666,0.0,3705.42822699305,6350.541843703703,6293.464630740741
2025-03-21,1,3877.1880283333335,1703.1713916666665,5902.217593416667,315.9503865833326,2357.515826788206,6293.464630740741,1268.299335
2025-03-21,2,0.0,10590.778516666665,0.0,0.0,0.0,1268.299335,10800.0
2025-03-21,3,0.0,0.0,0.0,0.0,0.0,10800.0,10800.0
2025-03-21,4,2388.4647171166625,48.28945806584227,5685.002880416669,0.0,1663.7060577126776,10800.0,4526.790645129628
2025-03-21,5,17205.311016666667,9742.185483333333,2907.988466666666,0.0,6437.726242056667,4526.790645129628,10063.65928383333
2025-03-22,0,8103.0792878384755,1043.7255462551466,3017.8169917500045,0.0,2670.586855973491,10063.65928383333,7649.882284629625
2025-03-22,1,2625.4383016666666,38.29823833333336,5740.93942,0.0,936.2726996578333,7649.882284629625,1305.5291213518472
2025-03-22,2,0.0,10012.848316666667,0.0,0.0,0.0,1305.5291213518472,10317.092606351845
2025-03-22,3,0.0,536.5637707201716,0.0,0.0,0.0,10317.092606351845,10800.0
2025-03-22,4,2429.2132077833294,100.71908223333469,5547.215174450005,0.0,1693.0197663362828,10800.0,4727.074757954442
2025-03-22,5,17416.705313950006,9822.277774999999,2720.5033943833278,0.0,7001.068055152347,4727.074757954442,10544.343206139634
2025-03-23,0,13806.980166666666,116.10407499999985,435.0990416666658,0.0,5949.82782708,10544.343206139634,10165.393494010006
2025-03-23,1,9390.524424640995,1746.9242433333343,6400.5542186923385,0.0,4876.461244305254,10165.393494010006,4625.898403351853
2025-03-23,2,3689.8524678755166,4990.599724542183,2981.9893166666666,0.0,2009.0894569119725,4625.898403351853,5804.116692476856
2025-03-23,3,4659.7062545679,5555.782152391971,3.8885666666667476,0.0,2698.1504013720114,5804.116692476856,10800.0
2025-03-23,4,10912.562854083331,0.0,6299.009545916668,0.0,11309.140267333249,10800.0,3801.100504537032
2025-03-23,5,18028.089297083334,5019.5666249999995,2267.3658779166662,0.0,11302.52152677725,3801.100504537032,5799.415047129626
2025-03-24,0,17792.988533086424,4047.2989664197585,162.0464583333336,0.0,7637.684480484508,5799.415047129626,9261.932496537036
2025-03-24,1,11130.833975,1804.2365966666666,4571.877454999999,0.0,5845.129925474834,9261.932496537036,5805.881594648147
2025-03-24,2,3091.632779643208,5757.65979797654,2962.430333333333,0.0,1515.2120030138944,5805.881594648147,7696.186153567776
2025-03-24,3,4898.930829586008,3647.655170356789,534.1683617666653,0.0,2776.3635670970552,7696.186153567776,10385.555404925926
2025-03-24,4,10853.510884673044,151.963577522636,6177.413209516259,0.0,11404.348812477232,10385.555404925926,3658.5301696782385
2025-03-24,5,18914.604768660287,5773.862176993621,2167.0058749999994,0.0,11854.527428946672,3658.5301696782385,6447.221823416941
2025-03-25,0,16622.139766666667,3469.456166666667,916.563983333333,0.0,7126.978374520833,6447.221823416941,8551.327947491018
2025-03-25,1,10631.315870516983,1937.82939645032,5288.3815759333365,0.0,5265.99320914148,8551.327947491018,4419.3948754814855
2025-03-25,2,3312.8240116666657,4139.897944999999,2897.455387933337,520.6832453999963,4321.187269721515,4419.3948754814855,4925.9081504999995
2025-03-25,3,4285.68251546296,6439.26109046296,181.5805333333335,0.0,2407.3706385354863,4925.9081504999995,10519.486983768515
2025-03-25,4,10338.0540852,80.19966833333308,6816.252816466667,0.0,10766.687740170599,10519.486983768515,3018.0524447499947
2025-03-25,5,18782.010572516665,5485.297716666667,1717.7152169416615,414.1792772083376,14730.576349453444,3018.0524447499947,6046.247926481483
2025-03-26,0,18367.529519753083,5072.856528086416,665.101575,0.0,7789.955635325122,6046.247926481483,9872.817051759257
2025-03-26,1,9148.971200142183,1708.8667732921842,6408.6609398166665,0.0,4356.088093270486,9872.817051759257,4290.062770148154
2025-03-26,2,1090.1620783333333,4936.668633333333,2750.8510833333326,0.0,422.72168372983333,4290.062770148154,5676.563336444452
2025-03-26,3,4115.317597263376,5692.707403950607,0.0,0.0,2278.1920967957617,5676.563336444452,10800.0
2025-03-26,4,10700.22366524999,25.60796913580109,6151.876035583333,0.0,11259.950272587605,10800.0,3987.629354907408
2025-03-26,5,19612.103957249998,6572.2181083333335,2302.80939275,0.0,12166.396620878208,3987.629354907408,7343.948549351853
2025-03-27,0,15478.554706899991,1989.852033333333,636.4712264333407,0.0,6697.146978550737,7343.948549351853,8427.625127759255
2025-03-27,1,11387.595458499998,2713.566418333334,4960.696148166668,0.0,5657.876882298866,8427.625127759255,5357.950295185183
2025-03-27,2,2793.93631932099,4774.320767654324,2855.810016666667,0.0,1420.053740121322,5357.950295185183,6481.716745333333
2025-03-27,3,4371.836936872422,4861.46670271605,101.70708166666691,0.0,2214.404167219176,6481.716745333333,10744.02890925926
2025-03-27,4,10827.369177233339,77.5882216666663,6298.733094433327,0.0,11244.83324593597,10744.02890925926,3815.2659816111172
2025-03-27,5,19681.210366666666,6518.844758333333,2308.3110083333336,0.0,12213.683611444167,3815.2659816111172,7117.436254851858
2025-03-28,0,9107.90314289475,1739.0948500000002,2950.252540438584,0.0,3213.479338641811,7117.436254851858,5404.563241586766
2025-03-28,1,4377.5129940719125,931.6468416666668,4538.7408591780895,228.89545508333086,2128.488983347434,5404.563241586766,1200.0
2025-03-28,2,0.0,10666.666666666664,0.0,0.0,0.0,1200.0,10800.0
2025-03-28,3,0.0,0.0,0.0,0.0,0.0,10800.0,10800.0
2025-03-28,4,2009.4967020438162,58.20953335924991,5478.157078578808,0.0,1402.6264767308292,10800.0,4765.547381602426
2025-03-28,5,16543.139438137223,9197.522038137222,2913.016958333333,0.0,6338.421621588714,4765.547381602426,9806.631706666667
2025-03-29,0,8708.221305631478,1683.654648148145,3251.186542516667,0.0,3001.369002231346,9806.631706666667,7709.491398314814
2025-03-29,1,2182.5032433333336,67.51458499999995,5740.901858333333,0.0,772.5085301873333,7709.491398314814,1391.4746822222235
2025-03-29,2,0.0,10453.917019753086,0.0,0.0,0.0,1391.4746822222235,10800.0
2025-03-29,3,0.0,0.0,0.0,0.0,0.0,10800.0,10800.0
2025-03-29,4,1974.9991819666668,44.26864333333316,5756.822094699999,0.0,1344.0831612926245,10800.0,4443.372784888895
2025-03-29,5,16869.608721625515,9345.489354958849,2876.751091666667,0.0,6366.203113516446,4443.372784888895,9657.923102500006
2025-03-30,0,14405.742834362129,1355.8702760287956,1073.3955916666664,0.0,6132.156490065109,9657.923102500006,9685.544582407401
2025-03-30,1,9715.399113555974,1731.9756498559732,5478.248786299999,0.0,4881.837178792791,9685.544582407401,5157.379571388889
2025-03-30,2,1977.7332930135162,4683.572288013517,2542.847183333333,0.0,914.875003992901,5157.379571388889,6547.208871341797
2025-03-30,3,4436.259726142856,5072.104446924751,303.3893033333327,0.0,2233.518678802301,6547.208871341797,10775.00364764815
2025-03-30,4,10106.504873406238,120.48999806584285,6555.507752931208,0.0,10431.920737862863,10775.00364764815,3599.5471426505073
2025-03-30,5,19973.861612176956,6707.053732510288,1935.9760869999982,0.0,12138.67020337999,3599.5471426505073,7484.810960798658
2025-03-31,0,16473.280810447868,3306.7114333333334,860.7158062187973,0.0,6976.438765463557,7484.810960798658,9504.500354999996
2025-03-31,1,8870.528489900002,1010.5851433333337,5214.661303433331,0.0,4234.033844393074,9504.500354999996,4619.958869074073
2025-03-31,2,1530.0105616666658,4634.018045,1697.641649999999,0.0,721.7115292956663,4619.958869074073,6904.306609574075
2025-03-31,3,3208.1342432304514,4328.54821158436,764.3990151028812,0.0,1850.1011813541495,6904.306609574075,9950.667760996801
2025-03-31,4,10893.761995366665,108.30776666666668,5934.090804633334,0.0,11355.276229998655,9950.667760996801,3454.7105236264315
2025-03-31,5,17448.295274716667,4932.788949999999,2068.072599263789,580.568726019543,14589.678477857626,3454.7105236264315,5596.362135
2025-04-01,0,16515.032174526747,2593.1870495267476,398.12289166666653,0.0,7266.328944740958,5596.362135,7487.871711055555
2025-04-01,1,10522.922924279837,3098.4410392798372,5788.289231666667,0.0,4921.435828692075,7487.871711055555,3845.0361667777797
2025-04-01,2,994.961556666666,2069.608173333333,2036.4331166666666,0.0,570.6753751776662,3845.0361667777797,3444.9800598148163
2025-04-01,3,3270.6786340535045,3943.009681936839,284.9536145500007,0.0,2069.558886189574,3444.9800598148163,6677.073646280192
2025-04-01,4,9961.289184633333,44.56655166666633,4965.465188502171,1922.8625618644946,22670.034941958093,6677.073646280192,1200.0
2025-04-01,5,16178.93905568333,2879.2241994999995,69.80409225000001,1917.6931515666688,23159.42901952847,1200.0,3713.7416770499995
2025-04-02,0,19989.24958778395,6056.291121117283,183.91474166666637,0.0,8863.194771626399,3713.7416770499995,8960.05397309259
2025-04-02,1,9023.100676666667,1606.4427250000003,6451.410864999999,0.0,4174.1831886605005,8960.05397309259,3237.6181311481437
2025-04-02,2,1222.6997111111061,2167.230461111106,1833.85631803333,2211.629365300003,12876.144968359062,3237.6181311481437,3150.5074149999946
2025-04-02,3,2037.1879103909462,4160.203560390946,0.0,0.0,1282.916552643257,3150.5074149999946,6894.690619351845
2025-04-02,4,11151.556409199997,668.3860840621373,5658.845008195472,0.0,11310.959650046752,6894.690619351845,1208.6325303461363
2025-04-02,5,19461.541826028806,7166.613551028807,36.24516897818878,3030.9509476884773,30864.214477712732,1208.6325303461363,7618.3123162962975
2025-04-03,0,17308.577832,3707.6970499999998,584.0007680000015,0.0,7529.371600398799,7618.3123162962975,10306.349919074075
2025-04-03,1,8580.237021666664,729.439073456789,6131.497215000002,0.0,4061.116008561665,10306.349919074075,4150.070401851847
2025-04-03,2,3648.248154341567,5701.084287674899,2655.0633616666623,156.62562166667075,2519.7863475507456,4150.070401851847,6330.97585890741
2025-04-03,3,5187.326446666666,5080.230280226335,133.16292000000055,0.0,2539.4997423614996,6330.97585890741,10755.224311111111
2025-04-03,4,11928.389278433331,148.43872333333331,4829.694978233334,0.0,12807.695061563569,10755.224311111111,5522.49140851852
2025-04-03,5,17475.37145298969,5727.240893864854,3639.8461575418305,0.0,10264.646435506722,5522.49140851852,6632.734704617077
2025-04-04,0,10445.230783333333,2037.734016666666,1802.690383333333,0.0,3463.4402375275,6632.734704617077,6463.70600480226
2025-04-04,1,3924.7021375112977,1037.300268333333,4883.380597488702,0.0,1308.1082120807866,6463.70600480226,1971.2978046481476
2025-04-04,2,0.0,9809.669105946501,0.0,0.0,0.0,1971.2978046481476,10800.0
2025-04-04,3,0.0,0.0,0.0,0.0,0.0,10800.0,10800.0
2025-04-04,4,1721.857333329835,19.96800444444432,5297.586673748355,0.0,1233.7078796865803,10800.0,4931.76378872405
2025-04-04,5,16839.341235020576,9388.841532446526,2850.4440166666664,0.0,6391.857731764757,4931.76378872405,10214.561149407406
2025-04-05,0,6617.171831666664,754.4839451028827,4654.939324650003,0.0,2222.4753147454426,10214.561149407406,5721.441894833334
2025-04-05,1,4067.093715,1124.505533333333,4423.430768333333,0.0,1360.2961583306667,5721.441894833334,1818.5737989074098
2025-04-05,2,0.0,9979.362445658431,0.0,0.0,0.0,1818.5737989074098,10800.0
2025-04-05,3,0.0,0.0,0.0,0.0,0.0,10800.0,10800.0
2025-04-05,4,1723.7970122000002,82.64584493827108,5649.6172778,0.0,1179.4685084879866,10800.0,4597.028729555555
2025-04-05,5,17299.805171133332,9851.1822,3013.2007705333326,0.0,6832.978857108653,4597.028729555555,10115.091853407408
2025-04-06,0,14215.772861331276,820.2652532098753,586.0418938333324,0.0,6247.387908167315,10115.091853407408,10202.172921481484
2025-04-06,1,9105.383202833333,804.7814449999998,5081.456925500001,0.0,4923.826359284816,10202.172921481484,5280.412971425926
2025-04-06,2,2210.5172575925894,4969.193697592589,2241.5239499999993,0.0,1147.1149162385911,5280.412971425926,7262.105132592591
2025-04-06,3,5662.331340134775,4022.112859609054,114.65312000000029,0.0,3022.6330821876873,7262.105132592591,10754.614350685184
2025-04-06,4,10297.951521524168,118.37024713436499,5983.7654506924955,0.0,10454.627815227255,10754.614350685184,4212.519294558897
2025-04-06,5,20566.663191666667,7554.782966666667,2277.567825,0.0,12604.684664814167,4212.519294558897,8481.19304789223
2025-04-07,0,15337.540432646994,1835.2562833333332,521.8031006863376,0.0,6444.811332452564,8481.19304789223,9553.142479907412
2025-04-07,1,8613.150001333328,814.4419696666622,5123.476751666667,0.0,4272.49358449493,9553.142479907412,4593.3883063111125
2025-04-07,2,2652.0367517530904,6877.683705086423,1803.4435833333337,0.0,1234.7143985487353,4593.3883063111125,8779.47743718519
2025-04-07,3,3227.02598,2392.040234403284,119.0822833333333,0.0,1981.6000343509997,8779.47743718519,10800.0
2025-04-07,4,11488.060888333332,4.23972901234428,4676.451186666667,0.0,12009.562819944666,10800.0,5607.758882037037
2025-04-07,5,17470.769191666666,5810.233833333333,3640.9152750000003,0.0,10076.459853664164,5607.758882037037,6791.50791537037
2025-04-08,0,17963.851590164926,4436.111212096093,477.8035219311665,0.0,7607.930863624385,6791.50791537037,10253.115204111115
2025-04-08,1,7656.530654999999,765.7736723456755,6777.310326666667,0.0,3557.401672306499,10253.115204111115,3411.9667018148148
2025-04-08,2,301.71738639650073,3738.8221363965013,1990.7700316333332,570.6478183666663,3060.9233725521203,3411.9667018148148,4564.939922756851
2025-04-08,3,2513.70648553498,6860.035652201646,0.4184499999998934,0.0,1487.0834003775103,4564.939922756851,10738.50706529389
2025-04-08,4,10399.227887883335,66.86095955000212,6245.529354999999,0.0,10974.986448580088,10738.50706529389,3859.2048677777784
2025-04-08,5,19237.806039783332,6419.022983333333,2442.423283333334,229.46337688333153,12941.260008402594,3859.2048677777784,6922.52190462963
2025-04-09,0,17627.79379467078,3701.6475113374486,252.8312166666666,0.0,7534.708932786051,6922.52190462963,9973.081090759262
2025-04-09,1,8253.217471666667,985.2769949999995,6078.7261733333335,0.0,3585.5787741136664,9973.081090759262,4105.690193666673
2025-04-09,2,577.9647556536108,2104.9181723202773,2421.6049999999996,0.0,316.84027904930946,4105.690193666673,3309.4443265327004
2025-04-09,3,4062.665753749676,5167.020845416342,431.20160833333364,0.0,2392.5977402519484,3309.4443265327004,7480.65018925926
2025-04-09,4,11587.089636350003,343.9177464197527,4808.265443403083,0.0,12229.625500557766,7480.65018925926,2447.659001700279
2025-04-09,5,18199.21433806584,6446.619749999999,1141.6815348635844,2599.5718604039052,27037.93854897542,2447.659001700279,6981.081737962963
2025-04-10,0,18832.493295,5143.235805555551,764.7463966666668,0.0,8066.216541917666,6981.081737962963,10760.275744444445
2025-04-10,1,7871.041693395059,1556.2056851851853,7023.299490000001,0.0,3495.9665772312765,10760.275744444445,4357.19476111111
2025-04-10,2,2883.8111115637867,5010.321783333333,2442.25695,0.0,1275.7103179287142,4357.19476111111,6152.865532777777
2025-04-10,3,5280.212494166666,5246.088132304526,66.9103666666665,0.0,2579.4759368102496,6152.865532777777,10800.0
2025-04-10,4,10835.141799874833,19.969488333333175,5800.301021791833,0.0,11444.003556958602,10800.0,4373.193626397966
2025-04-10,5,15905.184448176416,3564.5592728583333,2879.731571773419,78.05825290849725,10514.631187898753,4373.193626397966,4381.595225555556
2025-04-11,0,12024.236383333333,1999.1856500000006,131.88275000000039,0.0,4106.98270628,4381.595225555556,6034.325921666667
2025-04-11,1,3916.560542901235,490.50290956790167,3891.381516666667,0.0,1432.2012802356112,6034.325921666667,2152.0212995370393
2025-04-11,2,0.0,9608.865222736624,0.0,0.0,0.0,2152.0212995370393,10800.0
2025-04-11,3,0.0,0.0,0.0,0.0,0.0,10800.0,10800.0
2025-04-11,4,1202.5657347736526,66.44344833333486,5847.563330226349,0.0,755.7046043983328,10800.0,4362.506514359613
2025-04-11,5,16993.709632419348,9422.401285226331,2658.6373194736484,0.0,6599.4398056220825,4362.506514359613,9888.626204981478
2025-04-12,0,7282.450874696136,1035.48425802947,3971.2201333333333,0.0,2217.7985877614205,9888.626204981478,6408.095222393185
2025-04-12,1,3193.9337066666667,477.9232699999999,3779.619963333333,0.0,1077.2528074596667,6408.095222393185,2638.648428356147
2025-04-12,2,0.0,9068.168412937615,0.0,0.0,0.0,2638.648428356147,10800.0
2025-04-12,3,0.0,0.0,0.0,0.0,0.0,10800.0,10800.0
2025-04-12,4,1474.243515000002,130.7925316666665,5502.652733333331,0.0,1004.3720972903955,10800.0,4803.65468590741
2025-04-12,5,17400.371616666664,9850.030908333332,2821.616625,0.0,6931.960788256666,4803.65468590741,10533.552920074075
2025-04-13,0,14197.136126127778,1084.6151827777817,898.7143899833362,0.0,6351.123735740164,10533.552920074075,10511.135040148145
2025-04-13,1,7249.243532083333,242.57224707818648,5883.751848328186,0.0,3407.3718894497674,10511.135040148145,4191.948008820529
2025-04-13,2,1661.5237766666662,4082.6362833333333,2133.3918166666663,0.0,868.7705690544997,4191.948008820529,5495.885311968677
2025-04-13,3,3931.803644604731,5893.460764479247,0.0,0.0,2180.305139015963,5495.885311968677,10800.0
2025-04-13,4,11214.217519585189,20.678874999999948,5057.3908515464955,0.0,11816.78418571436,10800.0,5199.287819115005
2025-04-13,5,17579.553946546494,5933.828775,3629.899703870172,56.09629124999867,10270.125624906575,5199.287819115005,6506.511823425926
2025-04-14,0,18708.481368415636,4767.246434237569,295.72962499999994,0.0,8053.923229562013,6506.511823425926,10468.44514201752
2025-04-14,1,6571.155716666667,74.07901166666693,6546.615211666666,0.0,2948.938119640167,10468.44514201752,3261.0993506656705
2025-04-14,2,1723.7672558241593,4620.5676558241585,1854.989415599103,22.936267734229787,933.8608953476363,3261.0993506656705,5358.510890241743
2025-04-14,3,3332.261823045266,6046.099010842507,0.0,0.0,1870.7650649441966,5358.510890241743,10800.0
2025-04-14,4,11206.81724482716,4.204511666666576,4574.912751666667,0.0,11624.05825464837,10800.0,5720.547669759258
2025-04-14,5,15716.643030505973,4279.231941666666,3822.387994494026,0.0,9276.504023473077,5720.547669759258,5324.758645599228
2025-04-15,0,20305.939979889747,6138.835332050243,44.739400000000046,0.0,8727.845985457036,5324.758645599228,10800.0
2025-04-15,1,6660.573038333333,99.94626954732499,6078.2502116666665,0.0,2872.402637717333,10800.0,4136.340296296297
2025-04-15,2,650.8528388477347,5893.6457255144005,1229.7195833333335,0.0,235.3880014347317,4136.340296296297,8074.266356666666
2025-04-15,3,3300.15530002325,3077.9777106995894,139.52660831008313,0.0,1674.2150177401206,8074.266356666666,10689.416731507315
2025-04-15,4,11325.431182026747,179.37748762561878,4843.944142067904,0.0,11965.419654680964,10689.416731507315,5468.696312517143
2025-04-15,5,19780.043628806583,8213.207516666665,3667.4487211934156,0.0,10638.349438071626,5468.696312517143,8785.640053968904
2025-04-16,0,15390.83238476132,2859.4143333333336,1625.2030069053471,0.0,6704.365650787463,8785.640053968904,9553.331835185185
2025-04-16,1,9304.249896666666,1479.6959526748979,5527.392923333333,0.0,4313.6542595665005,9553.331835185185,4743.510499999998
2025-04-16,2,491.0209181481461,2329.478134814813,1941.9388333333332,0.0,271.9273844704433,4743.510499999998,4682.331006518514
2025-04-16,3,4412.64910540892,6342.191183333333,378.50092292441104,0.0,2400.9603546200397,4682.331006518514,9969.746490491392
2025-04-16,4,11133.256041215634,160.63373666666587,4692.385028784363,0.0,11654.239378169688,9969.746490491392,4900.555710397654
2025-04-16,5,15908.241595342512,4128.208733333333,3344.2228893578895,278.65809863293157,11172.053518634262,4900.555710397654,4900.1403599999985
2025-04-17,0,19248.647025,5182.0001999999995,161.97508333333337,0.0,8319.252764784165,4900.1403599999985,9383.968225185183
2025-04-17,1,9742.661830650002,2337.2774655967114,5610.765099349998,0.0,4569.042722590035,9383.968225185183,5253.334500500003
2025-04-17,2,2200.3309084342227,4921.036591767557,1826.8180166666664,0.0,1011.4018850844624,5253.334500500003,7652.469636794507
2025-04-17,3,4082.6046467662527,3591.5113294875837,76.3468499999999,0.0,1896.8305943227017,7652.469636794507,10800.0
2025-04-17,4,9753.045488333333,16.795621666667216,6250.613399999999,0.0,9914.70029723537,10800.0,3869.990059500002
2025-04-17,5,19568.55033833333,6727.140299999999,2341.7469366666674,0.0,11980.212142258999,3869.990059500002,7322.475288759261
2025-04-18,0,9565.89374045,2506.2503250000004,3357.44633455,0.0,3162.0293047268115,7322.475288759261,5847.604653981482
2025-04-18,1,3474.7653966666667,1169.1595699999996,4427.218339999999,0.0,1221.7100279745,5847.604653981482,1980.7167780925945
2025-04-18,2,0.0,9799.203579897117,0.0,0.0,0.0,1980.7167780925945,10800.0
2025-04-18,3,0.0,0.0,0.0,0.0,0.0,10800.0,10800.0
2025-04-18,4,925.1458149382702,62.405185185186845,5611.463033333333,0.0,583.7670141868755,10800.0,4621.205740740742
2025-04-18,5,16980.490168326134,9772.503543064404,2870.717241404937,0.0,6350.899156784892,4621.205740740742,10226.773105715441
2025-04-19,0,7045.6577916666665,1525.867921427287,4897.493625,0.0,2421.757606333333,10226.773105715441,6158.394651666669
2025-04-19,1,2573.2291796666673,84.0512683333335,4353.692455333332,0.0,936.6070005427337,6158.394651666669,1396.60473168519
2025-04-19,2,0.0,10448.216964794234,0.0,0.0,0.0,1396.60473168519,10800.0
2025-04-19,3,0.0,0.0,0.0,0.0,0.0,10800.0,10800.0
2025-04-19,4,964.3173351500002,86.37098932098792,5505.055852916668,0.0,619.0458952876281,10800.0,4761.005164925922
2025-04-19,5,16556.167815083332,9031.495090083332,2728.238308333333,0.0,6331.85135127756,4761.005164925922,9857.974847852773
2025-04-20,0,14024.438416747951,1449.870920081285,1411.20222,0.0,6017.968463327867,9857.974847852773,9594.856209259264
2025-04-20,1,7310.76211361666,756.8640649999999,6029.681418050007,0.0,3155.3509870650278,9594.856209259264,3576.3878477037024
2025-04-20,2,283.1704829835568,4211.574332983557,2138.749062933332,273.3848370666686,1517.8098412485786,3576.3878477037024,4990.416899685201
2025-04-20,3,3918.3539635390944,6457.56918553496,2.006249999999909,0.0,2157.580050921821,4990.416899685201,10800.0
2025-04-20,4,9349.408681183333,9.417500000000018,6333.655298816666,0.0,9457.795324289456,10800.0,3771.0809735370353
2025-04-20,5,18697.733675,5810.9518,2187.3259250000006,0.0,11710.284951504165,3771.0809735370353,6570.575454648144
2025-04-21,0,18019.43120694174,4681.326195275073,888.1933549999998,0.0,7789.275865940256,6570.575454648144,9796.887524840155
2025-04-21,1,7821.967858893862,855.2872842105315,5375.422525316669,0.0,3551.5656189851443,9796.887524840155,4593.9543858333345
2025-04-21,2,552.9139666666665,4034.29565,1480.4156999999996,0.0,254.6721730466666,4593.9543858333345,6579.914137500003
2025-04-21,3,1838.3430872373367,4688.984291666664,0.0,0.0,981.8662558732119,6579.914137500003,10800.0
2025-04-21,4,9273.492008312758,7.750833333333162,6172.741555853909,0.0,9130.488588918673,10800.0,3948.3740212734338
2025-04-21,5,18700.549946687242,5644.8362333333325,2445.997586646091,0.0,11571.608918953298,3948.3740212734338,6310.951534999998
2025-04-22,0,16529.289377839505,2650.667387839507,228.28374333333318,0.0,7213.908944729803,6310.951534999998,8442.903580351853
2025-04-22,1,8788.09935293334,3205.0797,6925.431525399993,0.0,3836.539270254456,8442.903580351853,3632.5513932407466
2025-04-22,2,473.45975333333377,4231.9048366666675,1475.8925166666668,0.0,223.09423577066687,3632.5513932407466,5801.3851721666715
2025-04-22,3,2493.712147760524,5308.793681093857,330.3638666666667,0.0,1440.5789191634535,5801.3851721666715,10212.228522188181
2025-04-22,4,9536.065029766462,653.0794197909113,6132.850796399999,0.0,9447.887302095945,10212.228522188181,3985.7213373333325
2025-04-22,5,20510.683917202467,7402.382683333332,2241.3264161308653,0.0,12712.36202682351,3985.7213373333325,8157.5030677434825
2025-04-23,0,16319.513692507238,2291.35671750724,307.5956083333334,0.0,7341.0910289328085,8157.5030677434825,9877.95121535185
2025-04-23,1,7415.329013333333,855.6451149999998,5759.759071666666,0.0,3360.2271519286664,9877.95121535185,4248.2995169999995
2025-04-23,2,509.759569156374,4408.884252489707,1581.13715,0.0,241.53811662205348,4248.2995169999995,6459.47628868518
2025-04-23,3,3226.933841666667,4857.040317098771,27.731316666667,0.0,1595.9237890670001,6459.47628868518,10800.0
2025-04-23,4,9259.78748762346,73.15405685185155,5919.461874999998,0.0,9426.835596379362,10800.0,4288.6587900555605
2025-04-23,5,19839.047328513374,6809.333602263374,2306.9931820833326,0.0,12115.58564625232,4288.6587900555605,7853.733274222228
2025-04-24,0,16753.355416666665,2721.424583333333,201.99829166666711,0.0,7460.8194964908325,7853.733274222228,10078.572852925929
2025-04-24,1,8158.763418500611,820.8108979757894,4659.058296141844,0.0,3689.899165906202,10078.572852925929,5640.571220946538
2025-04-24,2,1243.390103758434,4975.817587091767,1421.0444666666658,0.0,551.6186261057933,5640.571220946538,8539.868753032832
2025-04-24,3,3542.4115776748954,2511.2569410746314,0.0,0.0,1699.7997812191038,8539.868753032832,10800.0
2025-04-24,4,9191.5274119,0.0,6376.079971460905,0.0,9281.879451165674,10800.0,3715.466698376773
2025-04-24,5,17228.154771666665,4318.2329,2298.2260783333327,0.0,10951.849646921333,3715.466698376773,5048.291776895294
2025-04-25,0,10298.494083333333,1878.6403833333327,1692.34565,0.0,3461.0658810474997,5048.291776895294,4858.684066339738
2025-04-25,1,4272.224720710901,1256.7266999999997,3274.394432622432,0.0,1467.3984452001582,4858.684066339738,2351.5220600925913
2025-04-25,2,0.0,9387.197711008232,0.0,0.0,0.0,2351.5220600925913,10800.0
2025-04-25,3,0.0,0.0,0.0,0.0,0.0,10800.0,10800.0
2025-04-25,4,822.1795213166675,0.0,5257.887730349999,0.0,569.5067175757172,10800.0,4957.902521833335
2025-04-25,5,16360.36345884177,9170.09753899177,3156.1953384833328,0.0,6128.1593146396,4957.902521833335,9704.106597500002
2025-04-26,0,7698.2388880524695,884.7273666666667,3438.27596194753,0.0,2532.9736569714537,9704.106597500002,6680.054603113857
2025-04-26,1,1678.4500016666664,562.1877616666668,4674.1173266666665,0.0,555.0823391758332,6680.054603113857,1992.5598923175608
2025-04-26,2,0.0,9786.0445640916,0.0,0.0,0.0,1992.5598923175608,10800.0
2025-04-26,3,0.0,0.0,0.0,0.0,0.0,10800.0,10800.0
2025-04-26,4,558.2707616255128,0.0,5850.385905041154,0.0,342.64946507319655,10800.0,4299.571216620941
2025-04-26,5,16590.893204670778,9387.388701337444,2850.0041107088477,308.9732609578157,7754.030526310169,4299.571216620941,9581.5498137037
2025-04-27,0,14170.430489485752,1077.343937819086,920.6114650000002,0.0,6028.549857876834,9581.5498137037,9528.257729963101
2025-04-27,1,6759.447323333333,932.6418349999998,6289.13902,0.0,2811.9953199656666,9528.257729963101,3379.7031370186583
2025-04-27,2,0.0,4879.94485,1837.5155833333333,0.0,0.0,3379.7031370186583,5729.969520537176
2025-04-27,3,614.4688208022126,5633.367199403138,300.1210506585363,0.0,413.93981301649336,5729.969520537176,10466.53216593496
2025-04-27,4,9080.909089624998,23.768920349792552,6501.252564058128,0.0,9521.316850406036,10466.53216593496,3264.3102341851877
2025-04-27,5,16379.009296916665,4246.516908333332,1948.4855239333353,1098.7519541499973,17105.75088384265,3264.3102341851877,4921.191536203703
2025-04-28,0,18448.907618333335,4320.166076666667,145.4941083333332,0.0,8168.142413774332,4921.191536203703,8647.680884833337
2025-04-28,1,7865.678048083333,1819.0581266666666,5750.608321916667,0.0,3280.5184873996914,8647.680884833337,3895.2683967037046
2025-04-28,2,0.0,1016.0654666666665,2425.741557033334,197.51554296666598,1001.3548835527963,3895.2683967037046,2114.4589199999996
2025-04-28,3,964.4549883333326,2799.527616666667,358.993961666667,0.0,699.1561621101662,2114.4589199999996,4235.151595370373
2025-04-28,4,9137.029796315763,130.25260999999955,2837.1410499333333,3402.0945970842367,31163.036725232334,4235.151595370373,1200.0
2025-04-28,5,17379.005790350904,4339.482708333333,8.108774999999946,2212.753609649096,25082.36909958461,1200.0,5096.524687499999
2025-04-29,0,19014.108985,5020.43996,69.66395000000011,0.0,8194.0249067485,5096.524687499999,9537.516262611109
2025-04-29,1,8379.384868333333,1530.5393789917712,4925.055683333333,0.0,3416.7306297863333,9537.516262611109,5442.717611111112
2025-04-29,2,702.3930916666664,5592.562683333334,1025.9798333333333,0.0,271.4046906199999,5442.717611111112,9336.04643351852
2025-04-29,3,1461.1511155188787,1660.0654338683098,222.47755333333328,0.0,931.0861784199483,9336.04643351852,10582.908042518518
2025-04-29,4,9528.444075564868,136.03018655000108,6071.246810985132,0.0,9565.77899117424,10582.908042518518,3959.5054204300427
2025-04-29,5,15781.355131235126,2870.4568666666664,2291.6059687648712,0.0,10578.269129120468,3959.5054204300427,3996.6877462468524
2025-04-30,0,18514.264187503497,4472.83687083683,201.42645833333347,0.0,7940.711068771913,3996.6877462468524,7798.4337540740735
2025-04-30,1,10467.04226,3372.313135,4739.594491666667,0.0,4524.781441225,7798.4337540740735,5567.299473722224
2025-04-30,2,2494.208017427981,5549.661134094647,894.9370166666664,0.0,1302.1608864020973,5567.299473722224,9567.620031444445
2025-04-30,3,4325.857438333333,1369.311076172839,0.0,0.0,2198.1637379468334,9567.620031444445,10800.0
2025-04-30,4,10963.062879129304,54.33808491119574,4385.356145432095,0.0,11223.767369675877,10800.0,5976.2863370510795
2025-04-30,5,18866.355846878923,7467.668894341564,3982.3095474626402,0.0,10248.893316665954,5976.2863370510795,8272.399955888886
2025-05-01,0,14958.476416666666,1767.3924666666665,1060.917216666666,0.0,6393.926504404166,8272.399955888886,8684.256268481478
2025-05-01,1,7596.150470294664,1572.6050249999998,6186.467411372001,0.0,3388.040738153175,8684.256268481478,3225.7481116792565
2025-05-01,2,483.0224587890958,5418.922133333333,1798.1724833333328,0.0,226.10281295917576,3225.7481116792565,6104.80860575333
2025-05-01,3,3467.5836113786017,5216.879326940746,0.0,0.0,1822.9960027329942,6104.80860575333,10800.0
2025-05-01,4,9390.322131333332,0.0,7544.523592949998,0.0,9737.57302406032,10800.0,2417.1960078333354
2025-05-01,5,17112.251036666665,3743.74525,1449.5175487166687,2038.7118979499983,24063.744700051135,2417.1960078333354,4175.991678703704
2025-05-02,0,10859.071644983333,1894.52745,1293.3449050166669,0.0,3762.1058119273166,4175.991678703704,4444.016489240739
2025-05-02,1,3843.8837916666666,955.3993350000003,3584.1565671666654,428.7292761666678,2625.5133161281697,4444.016489240739,1321.479705
2025-05-02,2,0.0,10531.689216666666,0.0,0.0,0.0,1321.479705,10800.0
2025-05-02,3,0.0,0.0,0.0,0.0,0.0,10800.0,10800.0
2025-05-02,4,914.720613333333,0.0,6981.74572,0.0,634.1683197506663,10800.0,3042.5047555555543
2025-05-02,5,16124.346105274282,8441.861127057618,1658.254279999999,2275.7303251166704,18471.88215201454,3042.5047555555543,8797.675014351858
2025-05-03,0,7459.0482354166625,2633.1530083333328,5465.611789583337,0.0,2425.8261317904153,8797.675014351858,5094.610733425929
2025-05-03,1,3330.4238566666663,1021.7156749999999,4077.8754516666663,0.0,1113.6435449373332,5094.610733425929,1483.1821168518547
2025-05-03,2,0.0,10352.019870164606,0.0,0.0,0.0,1483.1821168518547,10800.0
2025-05-03,3,0.0,0.0,0.0,0.0,0.0,10800.0,10800.0
2025-05-03,4,1741.6026983333336,93.15625102880863,5651.745463333333,0.0,1285.0432029183335,10800.0,4604.123444444446
2025-05-03,5,16658.350521625514,8118.641186625516,3125.987275000001,39.11507333333286,7429.374490243769,4604.123444444446,8437.581317962964
2025-05-04,0,15899.87786695473,2653.914658621397,1043.0271749999997,0.0,7036.9024624174535,8437.581317962964,9667.185427388888
2025-05-04,1,7821.8062755333285,1022.351681666667,4388.679589466672,0.0,3533.83342003543,9667.185427388888,5710.991285925918
2025-05-04,2,2489.3852066666664,6319.819893333333,1136.956666666667,0.0,1309.8649188081663,5710.991285925918,10135.544004740734
2025-05-04,3,5334.606481358023,738.2844391769626,0.0,0.0,2762.342323895629,10135.544004740734,10800.0
2025-05-04,4,11294.81394333333,79.1525383333335,5145.585111666669,5.9969500000000835,12085.311885197067,10800.0,5153.9204937592585
2025-05-04,5,19448.446288333333,6076.631633333333,3372.0099616666666,0.0,12429.365724456999,5153.9204937592585,6876.211228574073
2025-05-05,0,16800.508029999997,3083.0812716666665,451.55962499999987,0.0,7238.053080001333,6876.211228574073,9149.251456407404
2025-05-05,1,8549.850588151023,1871.4546115843623,6023.508115100005,0.0,3825.9431746015534,9149.251456407404,4140.773812277769
2025-05-05,2,0.0,3389.0808166666666,2195.4517333333333,0.0,0.0,4140.773812277769,4751.555732462955
2025-05-05,3,1588.3336949999998,5140.084595,0.0,0.0,945.4571974675,4751.555732462955,9377.631867962955
2025-05-05,4,9887.422435,371.2070633333335,6866.131944999999,0.0,10328.831180424666,9377.631867962955,2082.682730518513
2025-05-05,5,20746.572119999993,6420.317933333332,868.7181824666617,1391.7371142000093,23048.42687595342,2082.682730518513,6895.726445555555
2025-05-06,0,16591.218149300414,3098.6852243004146,823.4826749999999,0.0,7428.209382553684,6895.726445555555,8769.562397425929
2025-05-06,1,7538.720723333333,1633.799208333333,6546.097001666666,0.0,3351.057463196833,8769.562397425929,2966.540571962966
2025-05-06,2,461.4204716666667,4257.970783333333,1589.8865147666695,702.3511352333305,3850.0089667669668,2966.540571962966,5032.173705000001
2025-05-06,3,1598.9500192181035,6438.178799999996,179.18932500000017,0.0,758.4863076026882,5032.173705000001,10627.435375
2025-05-06,4,11230.264610083332,202.30847222222346,4996.567601583334,0.0,12077.741277972698,10627.435375,5257.7712204629615
2025-05-06,5,19870.93878265329,6753.31168940329,3736.647740083333,0.0,12412.771857243704,5257.7712204629615,7183.920918611109
2025-05-07,0,16568.101127654318,2539.1978376543207,331.8915933333336,0.0,7514.577148874425,7183.920918611109,9100.430535462956
2025-05-07,1,9160.154583766665,1674.109625,4741.472841233333,0.0,4238.89768178469,9100.430535462956,5338.8260410370285
2025-05-07,2,2631.408621103493,4999.242226103492,1874.3324166666664,0.0,1176.220601621489,5338.8260410370285,7755.552470456098
2025-05-07,3,4516.5523816666655,3447.733510192812,359.0589516666664,0.0,2087.4836308979993,7755.552470456098,10459.558238888889
2025-05-07,4,11505.721327756171,128.7890411728406,5317.2833300833345,0.0,12450.850929724793,10459.558238888889,4667.3757869629635
2025-05-07,5,20526.561340679014,7505.347335595679,3178.2208916000004,617.9800033166661,15866.535686651281,4667.3757869629635,7890.831842776853
2025-05-08,0,17898.398607358653,5211.113695041154,1612.151912682502,0.0,7755.881383511299,7890.831842776853,10789.554265333336
2025-05-08,1,6522.60427,822.9112716049349,6016.506118333333,0.0,2819.339567700333,10789.554265333336,4845.167611629629
2025-05-08,2,297.3475139587522,2969.7018806254187,1687.2432333333331,0.0,160.86500505168493,4845.167611629629,5643.184600488803
2025-05-08,3,2087.6543029166664,4561.987621666666,1038.191435416668,0.0,1091.8982756224996,5643.184600488803,8595.427420636952
2025-05-08,4,9693.450412860078,589.8509850000005,6459.189922139921,0.0,10132.839349382619,8595.427420636952,1949.4156158703745
2025-05-08,5,17269.384082139917,1799.924745473251,741.7057829500037,685.2585970499961,17600.726865130513,1949.4156158703745,2745.230350185185
2025-05-09,0,12740.885557631575,3386.740983333333,1145.5043590350915,0.0,4367.014891416613,2745.230350185185,4520.5146140350835
2025-05-09,1,3777.213167118424,1013.4243566666664,3669.674508031575,45.642014850000734,1482.0541787975421,4520.5146140350835,1355.1804149999998
2025-05-09,2,0.0,10494.243983333334,0.0,0.0,0.0,1355.1804149999998,10800.0
2025-05-09,3,0.0,0.0,0.0,0.0,0.0,10800.0,10800.0
2025-05-09,4,2530.674126666667,99.00088271604899,5039.532581666666,0.0,1974.592604437,10800.0,5289.620148148148
2025-05-09,5,16318.722540082304,7575.126493415639,2723.0176283333344,0.0,7266.829816949605,5289.620148148148,9081.658849629628
2025-05-10,0,6824.0819527366275,1158.8245777366274,4412.9593583333335,0.0,2254.4067978708667,9081.658849629628,5221.312793666667
2025-05-10,1,3433.2108,135.87329166666655,3149.3119916666665,0.0,1153.4541083575,5221.312793666667,1844.3632098703706
2025-05-10,2,0.0,9950.707544588478,0.0,0.0,0.0,1844.3632098703706,10800.0
2025-05-10,3,0.0,0.0,0.0,0.0,0.0,10800.0,10800.0
2025-05-10,4,2100.529515000002,187.3015205761316,5380.889118333331,0.0,1594.3654404731692,10800.0,4989.8056814814845
2025-05-10,5,17448.325432201644,8267.874848868312,2685.1196666666665,0.0,8090.423545980545,4989.8056814814845,9447.426749166669
2025-05-11,0,15148.134305,1801.5162533333332,1005.4644649999997,0.0,6799.398529980499,9447.426749166669,9951.608638277783
2025-05-11,1,9073.32867209876,1560.362640432095,4169.570681666667,0.0,4325.037183362825,9951.608638277783,6723.078701703706
2025-05-11,2,2160.740710246915,4035.5686335802484,1668.5184666666669,0.0,1088.4332688787044,6723.078701703706,8501.181064518525
2025-05-11,3,6152.647427304526,2790.9310805761233,191.7171333333332,0.0,3255.649271368605,8501.181064518525,10800.0
2025-05-11,4,11256.125661666665,0.0,5304.718287366256,59.51626666666675,12268.699284706883,10800.0,4905.86856959305
2025-05-11,5,16262.350524999998,2251.8367833333336,2606.988525,0.0,11704.3447966875,4905.86856959305,4035.867757926384
2025-05-12,0,20683.930136604427,6506.060753271095,172.27731666666682,0.0,9237.034488351595,4035.867757926384,9699.90319512963
2025-05-12,1,7611.6723883333325,1789.1386983333332,5134.500566666667,0.0,3181.4165791275,9699.90319512963,5605.127394
2025-05-12,2,1977.424238812678,5710.598223812679,734.9351500000002,0.0,1032.8820373392466,5605.127394,9928.071184320297
2025-05-12,3,4081.698183847735,968.8097951996701,0.0,0.0,2351.6215226163467,9928.071184320297,10800.0
2025-05-12,4,11661.985713251026,0.0,4878.028715082306,0.0,12568.315383349734,10800.0,5379.968094352993
2025-05-12,5,16725.432915082303,3599.1231017489713,3165.9742533333333,0.0,11099.080162387054,5379.968094352993,5101.429715556697
2025-05-13,0,19385.12878833333,5990.859326666667,650.2565666666665,0.0,8406.268534766334,5101.429715556697,9770.695813260401
2025-05-13,1,8470.6153887726,1298.806123126302,4398.319807316667,0.0,3659.406357774698,9770.695813260401,6052.599315944445
2025-05-13,2,4030.9574268251777,5363.166801825177,1768.5275666666662,0.0,2104.9855076630547,6052.599315944445,8914.418807957476
2025-05-13,3,4679.359723221602,2159.712697948483,52.344212500000594,0.0,2274.067200867193,8914.418807957476,10800.0
2025-05-13,4,9439.055174049998,92.7543783333312,6361.936124999999,0.0,9699.909487005967,10800.0,3814.661023833337
2025-05-13,5,16672.601545967078,1429.902214300412,1182.8698516666666,0.0,12873.383383232152,3814.661023833337,3787.273181518523
2025-05-14,0,18753.67208934156,4744.951416008227,59.88174333333325,0.0,8246.144664842544,3787.273181518523,7991.194185555554
2025-05-14,1,10121.438856666666,3241.937543333333,4998.820519999999,0.0,4152.7930161458335,7991.194185555554,5354.69295233333
2025-05-14,2,1574.3566915582262,4403.064908224893,1252.5624666666665,0.0,804.9749532772971,5354.69295233333,7925.715295661661
2025-05-14,3,3008.3401589774835,3193.6496714870405,11.31430055000078,0.0,1398.7387567515004,7925.715295661661,10787.428554944443
2025-05-14,4,11137.517620020573,18.49085870370502,5023.458893312759,0.0,11810.792377734815,10787.428554944443,5222.449335208045
2025-05-14,5,18947.174812572015,4915.982134259259,2691.2090716872426,0.0,12514.435131880762,5222.449335208045,6656.600954166664
2025-05-15,0,17790.822170925927,3906.964042592594,274.8412049999996,0.0,7588.335208352889,6656.600954166664,9867.489475833334
2025-05-15,1,7291.183896666666,947.9195100000003,5615.176201666666,0.0,3203.6008523881665,9867.489475833334,4481.532366314816
2025-05-15,2,0.0,3946.763883333333,1220.5276666666668,0.0,0.0,4481.532366314816,6677.478009462962
2025-05-15,3,2076.8338366703265,4580.579989485599,646.2142699999998,0.0,1068.0240260410988,6677.478009462962,10081.984144444445
2025-05-15,4,12215.041889651731,432.3309792196321,4210.670656234567,0.0,13388.795485596153,10081.984144444445,5792.559074370375
2025-05-15,5,16254.933200780366,2886.7016666666673,3119.4261825529666,0.0,11071.1417208796,5792.559074370375,4924.561482644856
2025-05-16,0,11023.973025143316,2683.737975,1960.0078831900169,0.0,3763.831602959683,4924.561482644856,5162.139123267059
2025-05-16,1,2973.1548455263132,564.1398555263133,3057.314293333333,0.0,1006.057730981692,5162.139123267059,2272.8491117592603
2025-05-16,2,0.0,9474.612098045265,0.0,0.0,0.0,2272.8491117592603,10800.0
2025-05-16,3,0.0,0.0,0.0,0.0,0.0,10800.0,10800.0
2025-05-16,4,2855.3286283333337,0.0,4553.38408115,0.0,2288.7694377204516,10800.0,5740.684354277777
2025-05-16,5,16894.867366666665,7634.807425,2621.266633333333,0.0,7871.013025335833,5740.684354277777,9699.492555296296
2025-05-17,0,6784.940990233331,1661.9773333333333,5261.689293100002,0.0,2326.745641997806,9699.492555296296,5348.950718518516
2025-05-17,1,2656.091143333333,712.0719216666664,3337.4069116666665,0.0,828.7482308678333,5348.950718518516,2281.5855461666642
2025-05-17,2,0.0,9464.904948703705,0.0,0.0,0.0,2281.5855461666642,10800.0
2025-05-17,3,0.0,0.0,0.0,0.0,0.0,10800.0,10800.0
2025-05-17,4,2877.2724216666666,36.630619999999965,5022.395751666666,0.0,2296.3641952945,10800.0,5252.527833925929
2025-05-17,5,17617.198861995887,8525.947170329218,2742.1741749999997,0.0,8219.348770909957,5252.527833925929,9879.02009277778
2025-05-18,0,14379.903037078184,911.1705454115181,1045.2851583333331,0.0,6271.664622216712,9879.02009277778,9537.645629944436
2025-05-18,1,7313.840368333333,876.8373549999997,5326.953436666667,0.0,3182.881231383333,9537.645629944436,4407.962097592585
2025-05-18,2,0.0,3578.827300000001,1769.7176333333332,0.0,0.0,4407.962097592585,5662.553741666659
2025-05-18,3,1477.7187733333342,3750.890256666667,2.6354166666662877,0.0,905.0134378878339,5662.553741666659,9035.426731925918
2025-05-18,4,11243.811754999999,1345.1266716666667,4963.869483333334,0.0,11514.462419492333,9035.426731925918,4730.630199388877
2025-05-18,5,17580.41294483539,3318.884348168724,2360.725445,0.0,12514.180809006793,4730.630199388877,5094.597840518507
2025-05-19,0,17974.47823609055,3877.8450677572155,112.47654833333308,0.0,7923.960598842295,5094.597840518507,8459.684458907408
2025-05-19,1,9736.018639649115,2792.486496315782,4248.6936000000005,0.0,4200.956607146443,8459.684458907408,6252.151638924942
2025-05-19,2,1189.4889183549972,5108.191035021664,1195.3416999999997,0.0,511.7020974888993,6252.151638924942,9521.366125999995
2025-05-19,3,1776.536258333333,1420.7043044444495,0.0,0.0,810.3173186116667,9521.366125999995,10800.0
2025-05-19,4,11118.64473,185.39651738683202,4818.50527483539,0.0,11794.364635345979,10800.0,5612.962115831047
2025-05-19,5,18027.451785,3913.1867416666673,2495.3645733333333,0.0,12469.497977447,5612.962115831047,6362.202879627346
2025-05-20,0,17987.61052833333,5181.4371833333325,1386.2718633333334,0.0,7758.466421392666,6362.202879627346,9485.194274256972
2025-05-20,1,8535.58428666872,2583.309898333333,5328.103961664614,0.0,3690.9005682497677,9485.194274256972,5890.057669796287
2025-05-20,2,2231.6052199520554,5144.230388333333,1254.7628,0.0,1163.7197464402461,5890.057669796287,9125.684130407399
2025-05-20,3,3563.4346626870843,1948.0095464609144,397.47914564624807,0.0,1999.9526670695993,9125.684130407399,10437.249227059723
2025-05-20,4,11694.250182601747,439.6828883333337,4130.288505731587,0.0,12656.106570247113,10437.249227059723,6243.754375746849
2025-05-20,5,16618.718503216667,2729.4831750000003,2828.693838449999,0.0,11234.716277641985,6243.754375746849,5557.296079413519
2025-05-21,0,16826.685421666665,2816.4393049999994,134.6502416666666,0.0,7503.585031612666,5557.296079413519,7942.480074283888
2025-05-21,1,9993.550864669329,3669.255501335996,4433.896986666667,0.0,4323.234995775699,7942.480074283888,6318.257818078876
2025-05-21,2,0.0,2699.219949999999,1073.018366666666,0.0,0.0,6318.257818078876,7555.313143449248
2025-05-21,3,1496.334368765431,3605.207618389724,1020.3346979012352,0.0,731.9882146045425,7555.313143449248,9666.29478010974
2025-05-21,4,11582.302478580248,189.83186500000056,4313.637786419751,0.0,12539.989294197068,9666.29478010974,5044.212584810019
2025-05-21,5,17345.613838580244,3582.17917191358,3133.2557833333335,0.0,11509.744627538264,5044.212584810019,4786.778524717425
2025-05-22,0,19448.361908606148,5355.8543002728165,114.77639999999974,0.0,8453.997843217245,4786.778524717425,9479.518061629626
2025-05-22,1,6776.634181666666,1792.4327416666665,6162.527015000001,0.0,2807.3262806341663,9479.518061629626,4245.455290240737
2025-05-22,2,443.34108666666623,4094.611336666667,1242.0174499999994,0.0,207.21762390799978,4245.455290240737,6550.586104351849
2025-05-22,3,1936.577380699589,4721.5709951646095,0.0,0.0,1190.4074217586053,6550.586104351849,10800.0
2025-05-22,4,10188.632571770147,192.60260115000062,5709.694096046518,0.0,10633.55852174722,10800.0,4629.2377898722025
2025-05-22,5,18278.15522489652,3293.3752190981727,1315.2142108683172,0.0,13551.298913014696,4629.2377898722025,6131.926363873538
2025-05-23,0,8624.794502513812,987.1433333333332,2857.9578474861855,0.0,2967.3206157185505,6131.926363873538,3844.8466444444425
2025-05-23,1,3757.8040766666663,1405.7403183333333,3006.9666916666665,0.0,1167.1984739761665,3844.8466444444425,1768.9388290925904
2025-05-23,2,0.0,10034.512412119344,0.0,0.0,0.0,1768.9388290925904,10800.0
2025-05-23,3,0.0,0.0,0.0,0.0,0.0,10800.0,10800.0
2025-05-23,4,1674.6252081069958,11.98508230452809,5393.908683333333,0.0,1157.9610328973993,10800.0,4817.554703703706
2025-05-23,5,17706.107925823042,8357.631825823042,2120.612433333333,0.0,8363.297041459275,4817.554703703706,9983.187309907407
2025-05-24,0,5172.436978909465,1057.7426705761316,6347.159641666666,0.0,1870.350642953498,9983.187309907407,3882.7561115740777
2025-05-24,1,3874.130463333333,1556.6016783333332,2969.8996666666662,0.0,1168.2763053733333,3882.7561115740777,1983.8091035555594
2025-05-24,2,0.0,9795.767662716044,0.0,0.0,0.0,1983.8091035555594,10800.0
2025-05-24,3,0.0,0.0,0.0,0.0,0.0,10800.0,10800.0
2025-05-24,4,2175.3683283333344,0.0,5321.775803333332,0.0,1454.6124938700011,10800.0,4886.915774074076
2025-05-24,5,18332.85458899177,8655.047747325105,2121.5648666666666,0.0,8774.726060883879,4886.915774074076,10319.164450370374
2025-05-25,0,14847.789406502052,1482.7885016460868,768.3066916666671,0.0,6452.7365461006375,10319.164450370374,10800.0
2025-05-25,1,7340.4805516666665,750.8671481481457,4634.714118333333,0.0,3285.808742049,10800.0,6326.098079629629
2025-05-25,2,0.0,4316.01235,969.385733333333,0.0,0.0,6326.098079629629,9133.41393537037
2025-05-25,3,1627.3851830637602,1851.7622940329234,0.0,0.0,1037.7748600556868,9133.41393537037,10800.0
2025-05-25,4,12698.328170411522,139.36074333333352,3386.1539096913602,0.0,13601.581061049841,10800.0,7163.0314360096
2025-05-25,5,16725.082274691358,3842.884341358025,3788.536775,0.0,10833.913662032439,7163.0314360096,6412.142037676265
2025-05-26,0,16017.475786666666,2212.2877750000002,209.71743833333346,0.0,7051.733555128167,6412.142037676265,8170.181659250339
2025-05-26,1,9347.678537581927,3114.1257642485944,5390.924326666667,0.0,4083.4713544590973,8170.181659250339,4982.978928555556
2025-05-26,2,982.8604711316854,2191.184871131685,1718.2853833333334,0.0,531.9136693823302,4982.978928555556,5045.839331092592
2025-05-26,3,4245.506869916665,6393.511854341562,4.068613333333246,0.0,2183.3738274367574,5045.839331092592,10795.479318518519
2025-05-26,4,11944.87199775,68.74570164609014,3865.751538916665,0.0,12641.594237265066,10795.479318518519,6562.070962314815
2025-05-26,5,16337.242507250001,3026.6654583333334,3108.1625677499987,0.0,10789.108947337692,6562.070962314815,5832.555910648152
2025-05-27,0,17805.624776749995,4242.472725,620.6536482500054,0.0,7558.344718876464,5832.555910648152,8961.166198425924
2025-05-27,1,8426.709596666666,1675.366423333333,4049.58821,0.0,3859.2304366786666,8961.166198425924,5969.4535238703675
2025-05-27,2,199.42031092592833,3953.4350109259285,1257.6461333333332,0.0,86.88742947042697,5969.4535238703675,8130.160441111108
2025-05-27,3,1005.8843666666668,2966.4883987654366,155.63495000000023,0.0,513.146218993,8130.160441111108,10627.072277777777
2025-05-27,4,12275.842414691357,356.39036724279947,3727.2612350000013,0.0,13072.910735331294,10627.072277777777,6806.422236074072
2025-05-27,5,16372.125361502058,3664.875754835391,3973.2739766666664,0.0,10485.672428291544,6806.422236074072,5690.061552462963
2025-05-28,0,16027.098093333332,2395.0036999999993,652.0676233333336,0.0,7014.232579736332,5690.061552462963,7121.04530098148
2025-05-28,1,8317.483107962966,1998.1044646296318,5143.397931666666,0.0,3339.6746536730748,7121.04530098148,3204.452728407405
2025-05-28,2,0.0,1528.9069999999995,1535.1502499999997,0.0,0.0,3204.452728407405,2874.746528407406
2025-05-28,3,3055.6194231240092,8332.268399790675,41.911665000000426,0.0,1574.2112195074599,2874.746528407406,10327.219571552348
2025-05-28,4,10658.44515501955,273.0586501028838,4963.611678416667,0.0,11419.757572709043,10327.219571552348,5057.848269515312
2025-05-28,5,16582.943620083333,2400.1348749999997,2342.3546049166666,0.0,11879.066912406366,5057.848269515312,4615.353429330125
2025-05-29,0,17375.69123002414,3278.380755024138,175.61992499999997,0.0,7535.948954183061,4615.353429330125,7370.762858851848
2025-05-29,1,8270.800938333332,1555.21715,4991.627845,0.0,3480.6337146763326,7370.762858851848,3224.205132740738
2025-05-29,2,0.0,1705.5333833333336,1821.784619466664,191.22669720000204,950.8471322181439,3224.205132740738,2734.9800450000002
2025-05-29,3,1679.3539069958856,5964.813540329219,0.0,0.0,947.4717685920766,2734.9800450000002,8103.312231296297
2025-05-29,4,10099.03792655556,70.33598833333349,5898.39172844444,0.0,10821.464452687122,8103.312231296297,1612.8460336358103
2025-05-29,5,17422.63148312757,2663.1137581275716,407.5686636055622,1215.7081113944375,21103.603751130868,1612.8460336358103,3556.794345277778
2025-05-30,0,9608.451585083334,2054.404216666667,2843.617864916666,0.0,3287.7574636089334,3556.794345277778,2246.182734814817
2025-05-30,1,5772.364062812551,2449.442878662553,2268.9592658500014,0.0,1890.739146040607,2246.182734814817,1929.6154746666691
2025-05-30,2,0.0,9855.982805925925,0.0,0.0,0.0,1929.6154746666691,10800.0
2025-05-30,3,0.0,0.0,0.0,0.0,0.0,10800.0,10800.0
2025-05-30,4,792.1795091333366,42.70107166666679,6189.371279199996,0.0,613.6804102395221,10800.0,3961.351765388895
2025-05-30,5,18075.000234999996,9249.685733333332,2485.216588850006,179.72509281666083,9346.831554091745,3961.351765388895,9524.717159999998
2025-05-31,0,5182.315303333333,926.3771616666663,6175.649074999999,0.0,1684.3969532811664,9524.717159999998,3496.624299944447
2025-05-31,1,4381.958039433335,1283.3110716666663,2786.5857722333308,0.0,1354.2133059615076,3496.624299944447,1555.3978508518583
2025-05-31,2,0.0,10271.780165720156,0.0,0.0,0.0,1555.3978508518583,10800.0
2025-05-31,3,0.0,0.0,0.0,0.0,0.0,10800.0,10800.0
2025-05-31,4,1538.3175147500024,0.0,5260.447665175511,0.0,1141.5604465463928,10800.0,4955.058149804985
2025-05-31,5,18731.636611718743,9867.076214208453,2731.884068333333,0.0,7897.011668424815,4955.058149804985,10800.0
2025-06-01,0,14446.127315041153,1317.261921707819,2747.70064,0.0,6894.535500108694,10800.0,8932.535018425928
2025-06-01,1,7009.711149133335,1053.527035,5538.907735866665,0.0,3209.9531393889906,8932.535018425928,3726.3674211851894
2025-06-01,2,1129.1313711906528,902.3525545239863,2385.584495733337,1788.2091375999955,9695.569465599561,3726.3674211851894,1887.8352805530692
2025-06-01,3,2340.616469999999,2021.3382899999988,1760.1082699999997,0.0,1535.298891270499,1887.8352805530692,1751.3638859975122
2025-06-01,4,12597.853892783332,0.0,496.227497397761,5275.251959818905,47967.06248807178,1751.3638859975122,1200.0
2025-06-01,5,16893.583205,3366.995291666666,450.0787083333338,5046.612878333332,45200.43642810255,1200.0,3730.2083087962956
2025-06-02,0,20087.132579773046,5217.402896439715,833.9744833333331,0.0,9568.005750158114,3730.2083087962956,7499.232600777224
2025-06-02,1,8594.347314999999,1637.0724249999998,5207.988793333333,0.0,3755.320221097,7499.232600777224,3185.9435684624086
2025-06-02,2,1460.9551949999995,4284.1702283333325,1787.3492116161678,1291.1597217171652,7801.384215501473,3185.9435684624086,5055.753205499999
2025-06-02,3,3505.4547343833347,3304.628471666668,2247.418920616666,0.0,2251.070476045474,5055.753205499999,5532.786695981482
2025-06-02,4,10684.161782416666,0.0,3899.5080263833333,4597.827357866667,43019.91987908926,5532.786695981482,1200.0
2025-06-02,5,18311.24673425,2736.8105499999997,533.3138583333331,2791.233307416667,31938.026481558132,1200.0,3070.558541296296
2025-06-03,0,22806.830533436212,7680.474205534981,595.3990887654355,0.0,10876.242904650653,3070.558541296296,9321.430783205073
2025-06-03,1,6922.776501515435,1655.7805050000004,6966.870036817898,0.0,2997.2935403103515,9321.430783205073,3070.6665301296316
2025-06-03,2,1968.6504983333336,2335.6924166666668,1683.5998771166685,2150.6983562166643,12757.914688173329,3070.6665301296316,3302.123175
2025-06-03,3,6462.4809983333325,6016.150726666666,749.9877366666678,0.0,3758.518160873333,3302.123175,7883.339121592592
2025-06-03,4,12754.655966269549,0.0,5782.495750397116,45.75461666666672,14812.495556162141,7883.339121592592,1458.3438433735755
2025-06-03,5,17018.60067856584,2242.7496148353907,696.360333802884,3213.243535799999,34933.63138946461,1458.3438433735755,2703.0847925000007
2025-06-04,0,20685.259961666667,4815.726,316.5004216666664,0.0,9996.855544890499,2703.0847925000007,6685.571057314816
2025-06-04,1,11791.92729675,4034.6679833333333,4596.076086583333,0.0,5499.970867251866,6685.571057314816,5210.0210350000025
2025-06-04,2,2483.2378623456766,3423.6898623456764,2535.8081999999995,0.0,1343.304172214579,5210.0210350000025,5473.7772444444445
2025-06-04,3,9759.646009300412,7466.5481440329195,1254.303516666666,0.0,6696.870675100852,5473.7772444444445,10800.0
2025-06-04,4,13455.952728333334,247.96609164609004,5475.121528333332,10.601743333333047,14965.808975007156,10800.0,4939.701117666668
2025-06-04,5,19170.429038333332,3144.641749999999,2876.4767866666657,15.049708333333115,14865.933737714666,4939.701117666668,4573.79337414815
2025-06-05,0,20923.395015390943,5181.968607057611,309.96455833333357,0.0,10044.923477246375,4573.79337414815,8893.160055685184
2025-06-05,1,10381.7188305,1721.2545499999999,4099.400297833333,0.0,5141.1924251438,8893.160055685184,5887.399930870365
2025-06-05,2,4613.092331666667,5344.762704999999,3352.3761833333324,0.0,2704.7317595198333,5887.399930870365,6972.82393944444
2025-06-05,3,7128.064655185188,5032.686050246921,1638.4706033333327,0.0,4883.468928850854,6972.82393944444,9681.718492074076
2025-06-05,4,13526.367053333333,161.2254685596704,4905.675631893003,64.01806666666675,16076.422382172499,9681.718492074076,4376.070711674443
2025-06-05,5,18451.461926666667,3500.8074083333336,3317.8094571736656,670.2773078263341,18044.678387742737,4376.070711674443,3840.342426759259
2025-06-06,0,11206.31877718107,1741.0052671810704,2524.30789,0.0,4431.931333496782,3840.342426759259,2602.460622777777
2025-06-06,1,6277.663531666666,1904.597498333333,2495.830416666666,0.0,2168.7626402155,2602.460622777777,1543.4534638703683
2025-06-06,2,0.0,7886.497649999999,0.0,0.0,0.0,1543.4534638703683,8641.301348870367
2025-06-06,3,0.0,2398.5540568107026,480.93835,0.0,0.0,8641.301348870367,10265.624055555556
2025-06-06,4,4160.138961666664,12.836893333333364,6480.433815000001,0.0,3922.3152143968296,10265.624055555556,3076.6952428888912
2025-06-06,5,15798.570213909468,5880.090472242802,1767.6128412666692,2080.656000399997,20413.030715458874,3076.6952428888912,6404.762399833336
2025-06-07,0,11882.632244733328,4190.060891666666,4139.874155266672,0.0,4574.394545349971,6404.762399833336,5575.957029814813
2025-06-07,1,3977.6708849999995,979.2810099999998,3912.203758333333,0.0,1341.2680813698332,5575.957029814813,2110.4168739999996
2025-06-07,2,0.0,5790.361716666665,0.0,0.0,0.0,2110.4168739999996,7321.742418999998
2025-06-07,3,562.3975983333337,3864.73064555556,0.0,0.0,321.5291064416669,7321.742418999998,10800.0
2025-06-07,4,3634.6414516666646,86.9822200000001,6195.439668333335,0.0,3184.222294423498,10800.0,3994.4621442962953
2025-06-07,5,17587.564526769544,7114.336768436213,2579.4522215333322,684.5647034666674,13647.888492487704,3994.4621442962953,7531.307211962962
2025-06-08,0,18295.767615,3501.361240000001,823.0755583333333,0.0,8573.342545616166,7531.307211962962,9768.003929814817
2025-06-08,1,14100.088704321191,2236.9383885390957,1485.3381096500011,0.0,7788.091780129278,9768.003929814817,10130.872802111111
2025-06-08,2,2635.1182083333333,2087.5921951851915,1088.7352,0.0,1358.4059597353335,10130.872802111111,10800.0
2025-06-08,3,10596.883373333334,608.4133127572002,492.81478333333325,0.0,7200.707590498667,10800.0,10800.0
2025-06-08,4,16427.833777757816,94.85423532922037,3064.841895575516,0.0,18526.777285799068,10800.0,7479.9889278235
2025-06-08,5,17798.922790087858,1313.417190679012,2471.5396672578204,0.0,14504.784559299998,7479.9889278235,5915.909213592587
2025-06-09,0,16989.601723333333,1469.4403983333336,186.87659166666697,0.0,8254.783843621999,5915.909213592587,7030.764914685181
2025-06-09,1,15320.841332119344,5375.774007798357,3088.762633333335,0.0,8015.790576512054,7030.764914685181,8437.003040222222
2025-06-09,2,5467.9888483333325,5701.092461666666,2798.0059666666666,0.0,3394.8244355946663,8437.003040222222,10459.090737203704
2025-06-09,3,8820.561223333332,1457.0259504320964,873.3726833333332,0.0,5909.134243637166,10459.090737203704,10800.0
2025-06-09,4,16811.735875,0.0,2941.3984949999995,0.0,19879.3184096921,10800.0,7531.779449999999
2025-06-09,5,16456.658693497942,1431.5110218312752,3715.445545,4.383333333333439,12464.153116048297,7531.779449999999,4691.866541870367
2025-06-10,0,18000.016561666667,2297.911661666667,78.79910000000018,0.0,8579.959127665334,4691.866541870367,6672.432481814812
2025-06-10,1,15452.961260144031,4844.9178223456765,1940.5607233333335,0.0,8145.40153937202,6672.432481814812,8876.679940444437
2025-06-10,2,6792.154124999998,5536.4168666666665,3557.891833333333,0.0,3913.0423809943327,8876.679940444437,9906.24197229629
2025-06-10,3,13092.679799253903,2458.0197838683207,1186.6137999999996,0.0,9348.345889550232,9906.24197229629,10800.0
2025-06-10,4,15953.03249241276,0.0,3357.606140920572,0.0,18465.232457510978,10800.0,7069.326510088253
2025-06-10,5,17584.967911625514,1349.5588426954728,2694.9658977366253,0.0,13801.67965981967,7069.326510088253,5289.5229154734825
2025-06-11,0,19466.5604,4167.06665,597.4243333333333,0.0,9296.979764621166,5289.5229154734825,8376.078085658668
2025-06-11,1,13016.760588186458,2766.7622121488043,3638.074839950001,0.0,6408.545088744459,8376.078085658668,6823.858698870368
2025-06-11,2,4085.60319,4493.472431666667,5061.472828983332,154.07107101666696,3225.5178254432517,6823.858698870368,5244.1251885
2025-06-11,3,10306.864904999999,6782.094915,2307.9975333333327,0.0,7399.582894871666,5244.1251885,8783.568908296298
2025-06-11,4,17205.968418297733,1217.6912983333334,3151.111113368932,0.0,19526.35974566721,8783.568908296298,6378.256506386372
2025-06-11,5,18130.377358285597,1870.8306233333328,2519.582981714402,0.0,14302.525127963661,6378.256506386372,5262.467421037036
2025-06-12,0,18765.619644526756,3475.048033271605,614.9104816666667,0.0,9026.01571800834,5262.467421037036,7706.776782462964
2025-06-12,1,13631.442679349997,4039.3653950000007,2674.693197316669,0.0,6804.738232247415,7706.776782462964,8370.324307611112
2025-06-12,2,5207.012721666667,5219.5174566666665,3107.5907666666662,0.0,3085.2094372363335,8370.324307611112,9615.011388981482
2025-06-12,3,8092.60169256173,2186.628207304525,2152.92823583333,0.0,5762.9075132985145,9615.011388981482,9190.834291296298
2025-06-12,4,15533.1176443,549.4707998148152,4003.5851555148142,0.0,17806.256077407845,9190.834291296298,5236.930060557617
2025-06-12,5,17121.23885603086,924.3042376975304,2449.1436983333333,0.0,13869.588473823616,5236.930060557617,3347.53309855947
2025-06-13,0,12178.931869629809,2774.2507516666656,2134.6759987035234,0.0,4438.895275724642,3347.53309855947,3472.4965542777763
2025-06-13,1,6819.532901666666,2066.706218333333,2056.913983333333,0.0,2336.117603406,3472.4965542777763,3047.0721692962943
2025-06-13,2,0.0,6111.061833333333,13.859816666666688,0.0,0.0,3047.0721692962943,8531.628022999997
2025-06-13,3,100.00152166666692,2520.41330777778,42.16297833333306,0.0,56.33516943650015,8531.628022999997,10753.152246296297
2025-06-13,4,5439.047783333332,228.03930240740965,4837.279810000002,0.0,4889.006594159428,10753.152246296297,5583.632274018517
2025-06-13,5,17106.871185,6716.513941666666,3156.345073333333,0.0,9044.385865396833,5583.632274018517,8121.444740037035
2025-06-14,0,7445.189150633333,1023.3211583333332,5487.4977577,0.0,2865.6474681711234,8121.444740037035,2945.214051759258
2025-06-14,1,7662.074776666666,3061.628465,1761.8524333333332,0.0,2646.7392784783333,2945.214051759258,3743.065855444442
2025-06-14,2,0.0,7841.037938395066,0.0,0.0,0.0,3743.065855444442,10800.0
2025-06-14,3,962.2729399999998,0.0,0.0,0.0,557.5072445004998,10800.0,10800.0
2025-06-14,4,5239.524106147898,18.087448662550628,4905.994217291767,0.0,4626.148794266269,10800.0,5365.174017916552
2025-06-14,5,18389.90265443403,7225.094357108932,2737.5637860082325,0.0,10425.629885861688,5365.174017916552,8826.021399305442
2025-06-15,0,17234.275788333332,2628.2546600000005,752.8736216666664,0.0,8176.550460815166,8826.021399305442,10354.924347009144
2025-06-15,1,13427.160084926465,2603.8259497017734,3082.558269466665,0.0,6906.073853693292,10354.924347009144,9273.302957888895
2025-06-15,2,4672.346896666665,4199.4675,3674.467938333333,0.0,2784.6589241146658,9273.302957888895,8970.08155418519
2025-06-15,3,11699.86592041152,3523.7329644855895,1207.2971,0.0,8358.596538688074,8970.08155418519,10800.0
2025-06-15,4,17852.590060000002,400.5684437242794,2879.7635192166654,0.0,20396.823817265984,10800.0,7960.774355777781
2025-06-15,5,19370.81286174897,2194.979403415638,1575.3535249999995,0.0,15840.962497834375,7960.774355777781,8185.863013296301
2025-06-16,0,16957.01261661666,2170.0766483333327,976.2343483833382,0.0,8080.190772199963,8185.863013296301,9054.227165259257
2025-06-16,1,14500.352660477774,2798.536773744857,2435.3569156333347,0.0,7767.46552023568,9054.227165259257,8866.958133148146
2025-06-16,2,7108.742168333332,5381.997845,3804.8519333333325,0.0,4126.3720517235,8866.958133148146,9483.142934388889
2025-06-16,3,12449.137708333334,2769.2995996502054,1057.9613166666663,0.0,9468.1122211135,9483.142934388889,10800.0
2025-06-16,4,17978.939005833334,90.22416833333364,1759.5849241833337,0.0,20733.705081006854,10800.0,8926.107391296295
2025-06-16,5,17465.932483416665,2792.3716816666647,3909.170439916667,0.0,13086.165966407789,8926.107391296295,7095.719193777774
2025-06-17,0,17226.83779557613,2657.0758672428005,1002.7007799999998,0.0,8310.748501385833,7095.719193777774,8372.975496518518
2025-06-17,1,12312.64358333333,3627.102588333333,3607.4794383333333,0.0,6130.000208464166,8372.975496518518,7629.057338981482
2025-06-17,2,4179.15584,4142.113206666667,3186.7042999999994,0.0,2638.646428637167,7629.057338981482,7816.176669425926
2025-06-17,3,9658.311528492168,5309.084692643414,2720.964309624497,0.0,6969.0030096050505,7816.176669425926,9571.059215444448
2025-06-17,4,14877.981820912964,745.7194929629632,4733.209172049999,0.0,16624.52453816657,9571.059215444448,4983.08545683334
2025-06-17,5,19493.873157515638,2184.7964700000007,1735.6898124843622,0.0,15800.65933106821,4983.08545683334,5020.858043739605
2025-06-18,0,19279.178245,5186.042664999999,1343.334025,0.0,8969.395539897832,5020.858043739605,8195.703081128493
2025-06-18,1,12595.72876775476,2913.187522635007,3665.4860929666684,0.0,6190.648978626567,8195.703081128493,6744.80952598148
2025-06-18,2,5681.575219999999,5072.3443333333325,2700.2017499999997,0.0,3493.8030922798325,6744.80952598148,8309.695259314814
2025-06-18,3,9253.931628106995,3948.3262489094645,956.8699949999991,0.0,6674.605354264122,8309.695259314814,10800.0
2025-06-18,4,15713.730633333334,63.712860082303244,3968.6360650767465,0.0,17854.294279181,10800.0,6447.745946211021
2025-06-18,5,18746.944871249998,2170.693472916667,2108.941885,0.0,14974.379839845416,6447.745946211021,6058.10131072491
2025-06-19,0,16107.036625099892,845.5892750998928,289.512883333333,0.0,7553.120462329106,6058.10131072491,6497.450676833332
2025-06-19,1,14101.115587610902,5257.455899053499,3706.0675816666662,0.0,6857.016497758675,6497.450676833332,7111.308117462965
2025-06-19,2,5297.951553129837,5424.53527146317,3358.6902166666664,0.0,3047.7982221163475,7111.308117462965,8261.511843261302
2025-06-19,3,11062.029102242792,3686.335770861927,701.2926333333335,0.0,7477.080574688362,8261.511843261302,10800.0
2025-06-19,4,16627.049919341564,41.36113999390242,3185.1667430246903,0.0,19058.42494075372,10800.0,7298.150867078192
2025-06-19,5,18987.817714577366,2861.130394652264,2321.5245717415646,0.0,14726.341580893257,7298.150867078192,7293.696475885715
2025-06-20,0,9426.47615003619,1545.9860583333334,3617.620724963811,0.0,3652.4058360105887,7293.696475885715,4665.50534509259
2025-06-20,1,4616.168588333333,1268.9861533333333,2421.3314033333336,0.0,1469.0310592113333,4665.50534509259,3117.2246571666656
2025-06-20,2,0.0,8536.417047592595,0.0,0.0,0.0,3117.2246571666656,10800.0
2025-06-20,3,208.04583000000025,0.0,0.0,0.0,124.38501679700016,10800.0,10800.0
2025-06-20,4,6232.248201595472,74.19233333333528,4112.236623333333,0.0,5553.097585837966,10800.0,6297.621296296297
2025-06-20,5,18541.36967191917,7317.818074614646,2479.59798602881,0.0,10262.726927882024,6297.621296296297,10128.548690084135
2025-06-21,0,6662.521463599998,898.8653976842943,6182.7327730666675,0.0,2583.0840608075796,10128.548690084135,4067.8244668148163
2025-06-21,1,4496.088196666666,1016.0637249999999,2801.090095,0.0,1435.5098743646665,4067.8244668148163,1869.959491537038
2025-06-21,2,0.0,9922.267231625516,0.0,0.0,0.0,1869.959491537038,10800.0
2025-06-21,3,462.9310066666693,0.0,0.0,0.0,232.64231152266706,10800.0,10800.0
2025-06-21,4,7023.104980316668,181.30114999999978,3353.605406666665,0.0,6316.831984688518,10800.0,7236.942805370373
2025-06-21,5,16310.460003333334,5971.583203333334,3017.4999166666666,0.0,8821.278861200333,7236.942805370373,9258.590003185189
2025-06-22,0,15369.458043333332,1272.6218600000002,1496.1086333333333,0.0,7353.977291255166,9258.590003185189,8741.606751259262
2025-06-22,1,12192.024183662545,2597.1392763785943,2191.655583333333,0.0,6039.11249661467,8741.606751259262,8643.85922962963
2025-06-22,2,4388.779230000001,4910.106473251029,2036.659549999999,0.0,2726.3059439070003,8643.85922962963,10800.0
2025-06-22,3,9067.477700273863,2249.5892502738643,2162.5101999999997,0.0,6118.3368678502065,10800.0,10421.841214135366
2025-06-22,4,15894.516887545062,420.1764287384822,3547.680175,0.0,17825.844191259333,10421.841214135366,6858.13313888889
2025-06-22,5,18995.94809910265,1971.082599102652,1590.50745,0.0,15468.589792946925,6858.13313888889,6864.876978081279
2025-06-23,0,16589.580880300633,2226.8963036339674,818.8757233333336,0.0,7642.796156877197,6864.876978081279,7959.221736537034
2025-06-23,1,11465.845328333333,3446.1216600000025,3794.3149816666664,0.0,5408.430773365333,7959.221736537034,6844.825695351853
2025-06-23,2,4814.858926666666,4947.333581666666,2705.5217999999995,0.0,2736.4398980106666,6844.825695351853,8291.290585518522
2025-06-23,3,7518.876481234569,4453.881247880657,1968.51604,0.0,4733.781161733803,8291.290585518522,10112.54366416667
2025-06-23,4,15123.545686666666,612.3601700000004,3890.5850833333325,0.0,17125.277825750334,10112.54366416667,6340.795502351853
2025-06-23,5,19093.29097195473,2029.4780569547315,1629.9300349999999,0.0,15583.406938797794,6340.795502351853,6356.292381388891
2025-06-24,0,16687.306782016458,1916.836048683126,848.489591666667,0.0,7880.460838936709,6356.292381388891,7138.678612240742
2025-06-24,1,12519.735501666666,4107.159183930038,4080.609416666666,0.0,5822.373919552167,7138.678612240742,6301.111414814814
2025-06-24,2,2373.9064733333335,2090.41689,4635.527356666666,1542.9803600000005,9841.352730649669,6301.111414814814,3031.9006639629633
2025-06-24,3,7062.304916666666,4401.593853333333,2114.5258516666663,0.0,5307.482768983333,3031.9006639629633,4643.861963444445
2025-06-24,4,15830.316761416656,181.32922399177073,3063.60427924178,0.0,18452.92365865049,4643.861963444445,1403.0535103239497
2025-06-24,5,17609.555391131686,2393.4646627983525,261.0306759582211,3227.7072457084446,35515.46172641277,1403.0535103239497,3267.137622444444
2025-06-25,0,20629.45827123505,5350.357091666667,233.33283166666672,0.0,9609.009513238905,3267.137622444444,7823.200303092593
2025-06-25,1,13426.306860740257,3943.916044382231,2832.48567,0.0,6677.191158502874,7823.200303092593,8225.518443036603
2025-06-25,2,4866.304923333334,4390.103973333335,3889.1880333333324,0.0,3294.9597618271673,8225.518443036603,7855.2919819995695
2025-06-25,3,8259.52807303498,4989.7713986013,1391.4776166666666,0.0,5455.569948611018,7855.2919819995695,10800.0
2025-06-25,4,15428.961471575003,30.267467757201757,3686.054852015531,0.0,17287.869744640102,10800.0,6731.624218742001
2025-06-25,5,19019.687038355965,1979.1159766893006,1640.0629050000007,0.0,15475.153337036078,6731.624218742001,6690.536481095707
2025-06-26,0,17459.596041004766,2204.9432076714347,91.49208333333343,0.0,8248.704511835303,6690.536481095707,8573.327497629629
2025-06-26,1,13687.067861833335,3563.0834483539115,2250.102613166665,0.0,7195.530131164351,8573.327497629629,9279.988586518519
2025-06-26,2,3693.4957750205804,4476.081378333332,3957.0764833333333,0.0,2031.4026954362016,9279.988586518519,8911.710178870371
2025-06-26,3,11179.560628045265,2586.0939370576116,395.27525000000014,0.0,7801.313704567309,8911.710178870371,10800.0
2025-06-26,4,13968.189234999998,0.0,5239.866631666666,0.0,15209.175225434665,10800.0,4977.925964814816
2025-06-26,5,18895.449412923866,1837.6861845905335,1531.0313549999996,0.0,15376.437421076635,4977.925964814816,4930.6975809462965
2025-06-27,0,8917.95502931893,892.1487709855962,3354.5975083333333,0.0,3376.439790159334,4930.6975809462965,2006.3009100185175
2025-06-27,1,6186.748211666666,1793.238645,1786.7861500000001,0.0,2077.5623519146666,2006.3009100185175,1634.897746074072
2025-06-27,2,0.0,10183.446948806584,0.0,0.0,0.0,1634.897746074072,10800.0
2025-06-27,3,98.47233043210005,0.0,0.0,0.0,51.22555909029079,10800.0,10800.0
2025-06-27,4,5106.757064259261,59.29720500000019,4391.327366666666,0.0,4439.241723924402,10800.0,5974.114854870373
2025-06-27,5,18556.143615884772,7679.20560755144,2472.5292249999993,0.0,10071.66617595721,5974.114854870373,10138.145207222227
2025-06-28,0,5231.640329999994,1754.5545291975252,8237.631975,0.0,1779.5761852728315,10138.145207222227,2564.319866833337
2025-06-28,1,6335.312619855973,1642.666188189307,1772.4677700000004,0.0,2127.2138831513826,2564.319866833337,2073.3108028703805
2025-06-28,2,0.0,9214.685516666666,0.0,0.0,0.0,2073.3108028703805,10366.52776787038
2025-06-28,3,0.0,481.63581347735493,49.04049999999995,0.0,0.0,10366.52776787038,10745.510555555556
2025-06-28,4,4885.8553900411525,245.53889384773615,4176.547801666667,0.0,4378.603560538605,10745.510555555556,6325.8868915
2025-06-28,5,19149.294398888884,7844.242700802465,2327.134789999998,0.0,10461.645524660054,6325.8868915,10800.0
2025-06-29,0,13876.805941666666,1667.9189916666664,3362.550833333333,0.0,6319.243285058333,10800.0,8564.959499907409
2025-06-29,1,14656.56104596707,3440.840096934146,2306.9482333333335,0.0,7798.11462494371,8564.959499907409,9098.439772333328
2025-06-29,2,5475.464334999999,5879.834156666667,3653.885416666667,0.0,3482.940853716499,9098.439772333328,10330.417828148144
2025-06-29,3,9162.162296378601,1037.0632362139945,417.3972666666665,0.0,6493.232274870214,10330.417828148144,10800.0
2025-06-29,4,16688.495721166666,0.0,2495.7095759166664,0.0,19008.02726781681,10800.0,8026.989360092594
2025-06-29,5,19404.228686583334,3057.597004999999,2053.845101749999,0.0,15691.991192595917,8026.989360092594,8496.776551537041
2025-06-30,0,17264.085881666666,2105.1581866666666,232.27386333333345,0.0,8004.759607138332,8496.776551537041,10133.336849166673
2025-06-30,1,10318.925740596702,1177.896676296287,3674.197493333333,0.0,5365.1092407256,10133.336849166673,7111.002198574073
2025-06-30,2,3341.8440666666665,4105.906300000001,3697.715033333333,0.0,1865.0846660184998,7111.002198574073,6697.745609314814
2025-06-30,3,7920.722224999999,5415.8800410905405,760.451318333334,0.0,5559.363229995499,6697.745609314814,10727.091737037037
2025-06-30,4,14698.691834133331,318.6875432304534,3744.7149808666672,0.0,16400.577641693977,10727.091737037037,6853.116102759261
2025-06-30,5,17799.50420473251,2008.9206630658446,2726.8384916666664,0.0,13604.257534414857,6853.116102759261,5631.324153222226
2025-07-01,0,17693.455325503575,2694.6935923456685,3055.6482001754275,0.0,9279.205110120314,5631.324153222226,4661.383719471744
2025-07-01,1,13508.951076656911,4390.99986,4506.929266676421,0.0,7295.40784584661,4661.383719471744,3605.584408275722
2025-07-01,2,2868.077018065846,3158.15835139918,2165.0259674481504,1746.520799218517,11687.999012488977,3605.584408275722,4042.3425162592625
2025-07-01,3,6075.265227695471,4736.1458376954715,991.3115266666669,0.0,4280.735145675144,4042.3425162592625,7203.416518333334
2025-07-01,4,14063.894666666667,159.18857500000036,5532.01761225,548.9944627499974,21443.584022696676,7203.416518333334,1200.0
2025-07-01,5,18231.61392908333,751.9099250000004,609.0470392500004,3183.2463900000007,41548.06343541141,1200.0,1200.0
2025-07-02,0,21366.97429618061,4711.69620784728,455.8626783333332,992.2232833333337,14068.192380495573,1200.0,4934.012500025515
2025-07-02,1,14625.880283333332,4763.178701666667,3244.4352016666667,0.0,8009.756211460833,4934.012500025515,5615.945329673664
2025-07-02,2,1589.4990003008738,3199.9862403008738,2375.83,0.0,906.7623195502435,5615.945329673664,5856.12183483334
2025-07-02,3,7055.710995144028,5655.673146481478,131.60490000000004,0.0,4513.570139642316,5856.12183483334,10800.0
2025-07-02,4,14005.981793333336,9.835833333333085,6016.644911144492,139.5989455221702,18072.875011538094,10800.0,4123.691237617233
2025-07-02,5,17285.168102078187,593.2269844650203,3111.835971272176,1481.4068277813224,25511.463635693264,4123.691237617233,1200.0
2025-07-03,0,18838.436377685186,1448.9355226851883,621.9209116666664,347.38138333333376,11021.916186668152,1200.0,1813.0187352314842
2025-07-03,1,18053.421636933334,7610.6067152666665,2925.5722800000003,0.0,9895.012464628478,1813.0187352314842,5411.928912304819
2025-07-03,2,3719.4748616666657,3827.629728333333,3790.736021074338,0.7327289256618537,2483.515522464888,5411.928912304819,4644.8667555
2025-07-03,3,8491.756699156376,7119.547732489708,1383.8581166666672,0.0,6222.827364400849,4644.8667555,9514.839585111109
2025-07-03,4,14985.541629383542,30.68833333333305,5547.719850616457,82.16500333333306,19103.95794757508,9514.839585111109,3378.32591775949
2025-07-03,5,17695.733114074075,813.936424074075,2618.114009316875,1824.8122506831257,30389.29027441955,3378.32591775949,1201.8531335185187
2025-07-04,0,13623.85701,792.7357749999999,643.7837979166667,877.6272670833328,8148.35466312679,1201.8531335185187,1200.0
2025-07-04,1,6691.284980314609,2953.5127118312757,2237.630274583333,1543.3841402666662,6316.495803642429,1200.0,1371.9055799999996
2025-07-04,2,0.0,10475.660466666668,0.0,0.0,0.0,1371.9055799999996,10800.0
2025-07-04,3,0.0,0.0,83.70323333333329,0.0,0.0,10800.0,10706.996407407407
2025-07-04,4,5522.643459134977,150.45889833333365,5349.745739198356,0.0,5371.76472290996,10706.996407407407,4898.247483464788
2025-07-04,5,17671.802423024692,5290.927633024693,3455.0180517849763,592.86377488169,14673.135196320922,4898.247483464788,5821.17340675926
2025-07-05,0,10485.348778916665,1440.0535316666667,4961.6405782500005,77.82080783333366,4644.230876077017,5821.17340675926,1604.287609425926
2025-07-05,1,5602.49274,1669.897113333333,1604.8225722833336,2419.6812177166657,8667.682099475263,1604.287609425926,1324.05882
2025-07-05,2,0.0,10528.823533333334,0.0,0.0,0.0,1324.05882,10800.0
2025-07-05,3,3.8891750000001366,0.0,34.63782499999991,0.0,2.3090031975000813,10800.0,10761.513527777777
2025-07-05,4,5234.213369166667,42.01152000000002,6063.221150833333,0.0,5013.2142520668185,10761.513527777777,4062.411505962962
2025-07-05,5,18425.84902459178,5680.157756639106,2706.889610449999,748.8398715973283,16263.197467264352,4062.411505962962,6166.8983642159355
2025-07-06,0,19620.67968508929,2970.4523167559573,1260.106048333333,0.0,10317.183816786961,6166.8983642159355,7440.187617814814
2025-07-06,1,11069.67197168333,2202.782895,4670.2245233166705,0.0,5885.372369450675,7440.187617814814,4233.553864074069
2025-07-06,2,2661.0923233333324,3438.073841666666,2734.5342726666618,441.3745106666713,4095.245451329692,4233.553864074069,4289.448907499999
2025-07-06,3,4531.336153065843,3084.220031399176,2631.3327116666655,0.0,3446.6281219466396,4289.448907499999,4141.543922796294
2025-07-06,4,14565.299205000001,0.0,2647.389530516665,3892.3189644833333,50230.847305778996,4141.543922796294,1200.0
2025-07-06,5,18528.125642261315,1583.2805807613177,1123.1291209999995,3195.782217500002,43587.9199945981,1200.0,1377.0312771296306
2025-07-07,0,21195.036706666666,3888.65207,841.3818271666671,201.75450283333265,11858.185611556248,1377.0312771296306,3941.94944327778
2025-07-07,1,13233.694659526747,5223.797004526748,4781.627278333333,0.0,6798.3746989076535,3941.94944327778,3330.4475492037063
2025-07-07,2,2628.0056749999994,4138.817541666665,1930.292644283336,352.3281890499969,3332.6088448583323,3330.4475492037063,4910.613731944443
2025-07-07,3,5076.2999773250995,4861.226123991766,211.78999999999996,0.0,3543.1528220727946,4910.613731944443,9050.395021314813
2025-07-07,4,14407.992600299996,418.9916049999995,5753.660626800003,119.08881123333254,18297.465407282936,9050.395021314813,3034.531213814809
2025-07-07,5,20249.154676585393,1641.3200298353913,2178.846270433327,538.6489994833385,22262.717996322066,3034.531213814809,2090.778940185186
2025-07-08,0,23864.10855329218,6279.32152829218,762.4741666666663,0.0,12495.619009077302,2090.778940185186,6894.974797129629
2025-07-08,1,15180.831446666669,4370.489937345677,4396.494954999998,0.0,7882.526266131501,6894.974797129629,5943.421346296297
2025-07-08,2,3583.122379999999,4785.218116666666,3046.3533833333336,0.0,1964.1395121613327,5943.421346296297,6865.280558703704
2025-07-08,3,11034.358517572015,5441.232156995888,866.1505499999997,0.0,7705.445318259363,6865.280558703704,10800.0
2025-07-08,4,18372.498543333328,60.76335333333384,4569.18279666667,0.0,21840.253448386153,10800.0,5777.817243925922
2025-07-08,5,19673.068775648146,1911.8329381481453,3567.7194124999996,0.0,17450.92291506646,5777.817243925922,3534.334207703699
2025-07-09,0,21299.28725860391,3252.542791937244,5.696666666666715,0.0,11484.058414798985,3534.334207703699,6455.29309081759
2025-07-09,1,13870.021203577997,4486.678053333333,4207.141429499999,0.0,7118.005747162664,6455.29309081759,5818.701750484259
2025-07-09,2,3059.00945735102,5070.982334017686,2358.8981499999995,0.0,1653.884726484102,5818.701750484259,7761.587906655731
2025-07-09,3,7341.239563868304,4356.647778612974,794.3138166666665,0.0,4906.724286510549,7761.587906655731,10800.0
2025-07-09,4,16875.564339971,18.350448333333475,4094.6911500000006,41.87999999999977,20943.716645087483,10800.0,6266.858570166666
2025-07-09,5,18754.503997352087,1341.042860449589,3709.3414130975007,0.0,16088.120125633657,6266.858570166666,3352.3066855740744
2025-07-10,0,21094.17701,3269.505693333334,119.06043333333321,0.0,11205.914101367167,3352.3066855740744,6162.572439203705
2025-07-10,1,15109.542533289916,5418.5463470164605,3848.8228805166677,0.0,8163.731763658281,6162.572439203705,6762.794284277776
2025-07-10,2,1432.7147783333335,3654.4769333333334,2650.878716666666,0.0,644.3765374700001,6762.794284277776,7106.40272798148
2025-07-10,3,8184.484640000001,4823.17201006173,582.5317833333329,0.0,5833.100666016667,7106.40272798148,10800.0
2025-07-10,4,16400.245790247733,107.36590534979496,4667.090388494238,0.0,19787.46877156193,10800.0,5710.973327598997
2025-07-10,5,19162.76529738683,1156.0983173868317,3256.713553333332,1.4891666666667334,16772.865100078747,5710.973327598997,3132.891198432332
2025-07-11,0,13960.017934744232,2142.124538333333,2355.876970255766,0.0,5992.505739987346,3132.891198432332,2443.1622048703707
2025-07-11,1,8239.4886827572,2129.0832160905343,2169.7075000000004,0.0,3391.750814782086,2443.1622048703707,1948.5509882407407
2025-07-11,2,0.0,8046.6884,0.0,0.0,0.0,1948.5509882407407,9190.570548240741
2025-07-11,3,827.365496666667,1788.2549463991754,0.0,0.0,435.2576865573335,9190.570548240741,10800.0
2025-07-11,4,8690.562186666668,76.76816999999949,4233.175621666665,0.0,8302.698992712774,10800.0,6165.562884481483
2025-07-11,5,14893.518919833332,2535.201489833333,3697.0572700000002,0.0,9716.5555197326,6165.562884481483,4339.4028142203715
2025-07-12,0,13135.709017201665,2449.235000534999,3663.2424499999997,0.0,5808.644740398538,4339.4028142203715,2473.4449258129825
2025-07-12,1,8544.380881316873,2530.144207983539,1822.468816666667,0.0,3076.492752704669,2473.4449258129825,2725.6093611463157
2025-07-12,2,0.0,8971.54515428187,0.0,0.0,0.0,2725.6093611463157,10800.0
2025-07-12,3,315.6878033333336,0.0,0.0,0.0,191.72701835566681,10800.0,10800.0
2025-07-12,4,7399.137169711315,4.776228395061884,4568.849273683332,0.0,7087.324523261494,10800.0,5727.799412574076
2025-07-12,5,17182.50104535,4129.8947557613155,3163.499277077982,0.0,11232.30019302616,5727.799412574076,5929.705496005949
2025-07-13,0,18874.717675,1940.3094916666657,819.4935499999997,0.0,10010.705521801,5929.705496005949,6765.435649617059
2025-07-13,1,14949.636548951414,4932.983764019796,3495.2463919613865,0.0,7592.893134301062,6765.435649617059,7321.5139350555555
2025-07-13,2,2676.3873166666663,4974.120758333333,2273.9651499999995,0.0,1282.2725313824997,7321.5139350555555,9271.59467311111
2025-07-13,3,8246.499421481476,2144.7493755555556,361.6822000000002,0.0,5454.1161770481085,9271.59467311111,10800.0
2025-07-13,4,18427.630256666667,0.0,3667.1233229833333,0.0,22041.215986745676,10800.0,6725.41853001852
2025-07-13,5,18376.64816675,1013.1496884166672,3730.6679716666667,0.0,15347.983075643591,6725.41853001852,3492.0666144083366
2025-07-14,0,21327.398958990736,3418.9498423240707,197.76677499999994,0.0,11528.972628774603,3492.0666144083366,6349.380611388889
2025-07-14,1,14010.114824279835,5674.646837613169,4562.4804699999995,0.0,6553.247739958247,6349.380611388889,6387.140020796296
2025-07-14,2,2936.1279800000016,4483.045268333335,2004.440666666666,0.0,1481.2686882058342,6387.140020796296,8194.724466000001
2025-07-14,3,6264.062774835388,3022.3177949794244,103.32943333333333,0.0,3948.100239372706,8194.724466000001,10800.0
2025-07-14,4,17659.528469613495,0.0,3824.446847036503,0.0,21574.243341793575,10800.0,6550.614614403885
2025-07-14,5,18617.304670481975,1351.7857704819767,3914.4328666666665,0.0,15758.12959132505,6550.614614403885,3417.851955985812
2025-07-15,0,25983.607618904654,7529.719053904654,0.0,0.0,13660.216589097632,3417.851955985812,10194.5991045
2025-07-15,1,13983.246446995885,1293.2619136625551,3784.9851916666667,0.0,6956.334279209361,10194.5991045,7152.995724944444
2025-07-15,2,4368.320281666666,6004.8488858641995,1581.6237500000002,0.0,2493.6205985404995,7152.995724944444,10800.0
2025-07-15,3,11341.020993395061,519.5222633744884,420.81303333333335,0.0,8415.561844825475,10800.0,10800.0
2025-07-15,4,19106.213700166663,199.28675905349712,3779.2887548333338,0.0,23102.912493910564,10800.0,6780.148355555554
2025-07-15,5,20464.20591347222,2536.251080305555,2756.448516833335,0.0,17623.568870628715,6780.148355555554,6000.053753571292
2025-07-16,0,19941.10921160249,3333.286856666667,985.8312117308429,0.0,10334.974465110736,6000.053753571292,7904.643911537021
2025-07-16,1,15577.940077166666,4305.519658847755,3408.4981961666654,0.0,8374.826078568,7904.643911537021,7992.39138653704
2025-07-16,2,3496.493157655361,5040.328521131684,1555.8183499999996,0.0,2003.70451196755,7992.39138653704,10800.0
2025-07-16,3,8003.95660849691,366.73866255143975,297.05831666666654,0.0,5683.896034714771,10800.0,10800.0
2025-07-16,4,18198.94049333333,65.39720370370358,3584.3067183333333,0.0,22451.152586627497,10800.0,6876.294462962964
2025-07-16,5,19780.35437277366,2274.4083261069954,3522.65852,0.0,16927.77354124404,6876.294462962964,5009.196934237038
2025-07-17,0,21821.377513625514,4059.478558625515,40.00899500000014,0.0,11585.811865752605,5009.196934237038,8618.273198111112
2025-07-17,1,12642.02236778333,2452.341899305964,4996.416908333334,0.0,6239.766529810205,8618.273198111112,5273.806564893887
2025-07-17,2,4230.396093703704,5923.704207037038,2836.7979000000005,0.0,2216.223233271389,5273.806564893887,7453.142684560556
2025-07-17,3,10119.907187489714,4526.948580940944,654.656766666667,0.0,6775.8126162108,7453.142684560556,10800.0
2025-07-17,4,18830.505846666667,0.0,3913.5628408516436,0.0,22747.659032825908,10800.0,6451.596843498174
2025-07-17,5,20333.95428744609,1902.893530779424,2823.93936,0.0,18007.55553431122,6451.596843498174,5026.490621199657
2025-07-18,0,15355.126206696823,3434.9099564553326,2097.952008091843,0.0,6456.272937074659,5026.490621199657,5786.851795240742
2025-07-18,1,7478.380555,1920.8764000000006,1976.9824666666664,0.0,2648.180465825333,5786.851795240742,5318.993370055557
2025-07-18,2,0.0,6090.007366604935,0.0,0.0,0.0,5318.993370055557,10800.0
2025-07-18,3,38.15247526749085,0.0,39.368796666666526,0.0,23.06880453746978,10800.0,10756.256892592593
2025-07-18,4,8067.0945508847735,242.31947736625435,4283.8576649999995,0.0,7795.1554746428355,10756.256892592593,6214.5025722222235
2025-07-18,5,16217.250434382713,2430.1464496849794,2206.2292319689313,0.0,11695.600012370423,6214.5025722222235,5950.268563639892
2025-07-19,0,12245.781402724097,1718.3260933333336,3453.797407275903,0.0,5319.960180024884,5950.268563639892,3659.20937288889
2025-07-19,1,9847.50613302469,4176.001193024691,1510.8842666666665,0.0,3654.456207126191,3659.20937288889,5738.850150314818
2025-07-19,2,0.0,5623.4998329835325,0.0,0.0,0.0,5738.850150314818,10800.0
2025-07-19,3,290.54047500000036,0.0,0.0,0.0,169.18818795816688,10800.0,10800.0
2025-07-19,4,8756.247098600446,343.13160320987635,4011.095985333335,0.0,8753.863944297971,10800.0,6652.0451258518515
2025-07-19,5,17193.892773166666,3925.7176548333337,2822.0599399999996,0.0,11300.420176222733,6652.0451258518515,7049.568859646298
2025-07-20,0,18583.73994326833,1701.9251599349986,764.6283333333332,0.0,9812.257696758608,7049.568859646298,7731.714466550759
2025-07-20,1,15328.088222370981,3614.2501982769354,3640.729254295683,0.0,7857.367517057124,7731.714466550759,6939.284918004798
2025-07-20,2,2464.9588930810874,3615.838359747753,2008.6769,0.0,1466.3161086626037,6939.284918004798,7961.676219555553
2025-07-20,3,9830.038563106995,3576.336072921814,342.34081666666634,0.0,6613.041947767415,7961.676219555553,10800.0
2025-07-20,4,19393.693519466666,75.50036312757132,3273.5724947000012,0.0,23018.50529163662,10800.0,7230.647554925923
2025-07-20,5,20511.624344588476,2275.6609662551436,2771.2842883333333,0.0,18008.279346134128,7230.647554925923,6199.5376597407385
2025-07-21,0,17797.8749529,2239.4717383333327,2115.160985433331,0.0,9462.919555707967,6199.5376597407385,5864.883351537037
2025-07-21,1,19466.52117829218,6153.492496028804,4276.343821666666,0.0,10047.106292760303,5864.883351537037,6651.5334627777775
2025-07-21,2,4569.013919999999,5980.843233333333,2550.788733333333,0.0,2416.8893957531664,6651.5334627777775,9200.082669074076
2025-07-21,3,11710.524234650205,2288.6169314814797,413.85411666666676,0.0,8487.994005132967,9200.082669074076,10800.0
2025-07-21,4,18536.056034999998,163.1267178904036,4268.47773482456,0.0,22366.296754913306,10800.0,6204.061007407408
2025-07-21,5,21234.405574588476,2620.522316255143,2211.428025,0.0,19084.37758788357,6204.061007407408,6105.388842037037
2025-07-22,0,20061.126644516666,2943.0479033333318,787.7479088166673,0.0,10535.586553662448,6105.388842037037,7878.856500796294
2025-07-22,1,15786.501629759252,5039.970980781896,3549.4558811666684,0.0,8728.710894321148,7878.856500796294,8470.990515537034
2025-07-22,2,4284.164620185183,4921.8555794444455,1890.5944833333328,0.0,2285.010425540795,8470.990515537034,10800.0
2025-07-22,3,7424.202839197537,1400.6031893004101,1134.4885833333333,0.0,5007.635933242499,10800.0,10800.0
2025-07-22,4,17295.722873333332,0.0,4296.612361666666,0.0,20603.637403127497,10800.0,6025.986264814817
2025-07-22,5,20954.90109241975,3039.922461419753,3031.6689023333356,0.0,18989.859967597255,6025.986264814817,5393.3954775
2025-07-23,0,22300.990068333333,4656.753668333333,0.0,0.0,11528.8016233735,5393.3954775,9584.473778999998
2025-07-23,1,12575.401248333335,1402.1306933333365,4830.046925,0.0,6594.039295646167,9584.473778999998,5479.672597444445
2025-07-23,2,4301.41141858025,5650.975755246916,2520.525083333333,0.0,2566.820017617928,5479.672597444445,7764.967351240746
2025-07-23,3,7686.890634999998,4473.800101502052,892.2486983333326,0.0,5091.829563669666,7764.967351240746,10800.0
2025-07-23,4,17426.283465110835,116.529405,4403.043084889164,0.0,21099.151232468703,10800.0,6012.606370178705
2025-07-23,5,20297.96724122119,2227.9797112211922,2722.585653333333,0.0,17353.420066868348,6012.606370178705,4992.69293990741
2025-07-24,0,20555.256826934154,3529.3535552674875,842.6697783333334,0.0,10773.112340808431,4992.69293990741,7232.811385944445
2025-07-24,1,13978.684780000001,4415.9763904115225,4013.380204999998,0.0,7333.908326634001,7232.811385944445,6747.87879842593
2025-07-24,2,3194.066872201644,5242.546722201644,1501.8965833333332,0.0,1685.64031144118,6747.87879842593,9797.396866925928
2025-07-24,3,6856.473224999999,2087.2344411934127,1285.1792833333334,0.0,4587.697618347,9797.396866925928,10247.930882518524
2025-07-24,4,17635.262664533337,892.9491266666662,3952.7491454666615,0.0,21673.393515481086,10247.930882518524,6659.6416015555615
2025-07-24,5,20413.06602296296,2483.119621296294,2725.1634483333332,0.0,17658.958679334155,6659.6416015555615,5866.48987368519
2025-07-25,0,12559.766301666667,2199.0323516666676,3522.8600333333334,0.0,5264.480475795167,5866.48987368519,3931.330064259265
2025-07-25,1,9687.919943529983,3894.370705,2077.9577664700164,0.0,3685.8354173467324,3931.330064259265,5127.421736014801
2025-07-25,2,0.0,6302.8647377613315,0.0,0.0,0.0,5127.421736014801,10800.0
2025-07-25,3,134.77716166666687,0.0,0.0,0.0,73.67485170133347,10800.0,10800.0
2025-07-25,4,8186.522214797833,9.947483333333594,4149.192791868833,0.0,7941.729417869606,10800.0,6198.73852181241
2025-07-25,5,15872.923669872942,2556.946690587448,2391.809337381171,0.0,11185.816759326608,6198.73852181241,5842.42461291759
2025-07-26,0,13158.878391707502,3481.5690766666667,4485.3111516258305,0.0,5599.379828190292,5842.42461291759,3992.1577245555554
2025-07-26,1,9821.28886355967,3697.368943559671,1656.45595,0.0,3884.52519548543,3992.1577245555554,5479.283162648148
2025-07-26,2,0.0,5911.907597057614,0.0,0.0,0.0,5479.283162648148,10800.0
2025-07-26,3,366.96205333333296,0.0,0.0,0.0,215.7500746838331,10800.0,10800.0
2025-07-26,4,9269.12307,0.0,3076.928288316665,0.0,9458.313081702916,10800.0,7381.190790759261
2025-07-26,5,16963.299811769546,4641.959425102881,3435.236996666666,0.0,10641.135227491623,7381.190790759261,7742.024277055558
2025-07-27,0,18620.07032074074,2340.655770740739,1451.5174999999995,0.0,9774.533906307888,7742.024277055558,8235.817248500001
2025-07-27,1,13225.121917874072,2880.371210740738,5092.5538062000005,0.0,6705.479025634416,8235.817248500001,5169.7582201666655
2025-07-27,2,3460.3849860493838,5153.886833333333,3204.8463499999993,0.0,1680.066744831056,5169.7582201666655,6247.3159812777785
2025-07-27,3,8196.220921213991,6081.578374711936,828.6628666666661,0.0,5533.889620244807,6247.3159812777785,10800.0
2025-07-27,4,18694.32816833333,0.0,3731.1220383333334,0.0,22561.337932506445,10800.0,6654.308846296296
2025-07-27,5,20333.724950555556,2495.717313888889,2763.0137300000006,0.0,17706.712045509285,6654.308846296296,5830.439173240741
2025-07-28,0,22682.600818333332,4716.403408333334,0.0,0.0,11599.240927570667,5830.439173240741,10075.202240740744
2025-07-28,1,14400.757904054733,1074.5891186213958,3586.6973328999984,0.0,7459.350480329357,10075.202240740744,7057.113188722226
2025-07-28,2,4664.444263333334,5090.16115,3529.4589166666665,0.0,2723.8992253498336,7057.113188722226,7716.637205203708
2025-07-28,3,11213.869886460901,4377.1849983333295,770.4933333333332,0.0,8434.818389874577,7716.637205203708,10800.0
2025-07-28,4,19174.393273499998,463.97978991769634,3581.8708198333343,0.0,23478.99891820853,10800.0,7237.725344444443
2025-07-28,5,20328.367515244852,2098.5848670781884,2763.574551833334,0.0,17932.919746061947,7237.725344444443,6055.813333888887
2025-07-29,0,21357.23164833258,5871.771256665914,2504.0181166666657,0.0,11238.62371985673,6055.813333888887,8558.165113036359
2025-07-29,1,14742.496123565828,3583.3618138484926,2834.6031761666704,0.0,7883.8992561254745,8558.165113036359,8633.631660870366
2025-07-29,2,3810.5942341777145,3714.9643291777147,3226.764799999999,0.0,2350.30578850373,8633.631660870366,8391.805334908087
2025-07-29,3,8923.990469238688,3593.156706069204,743.0817333333337,0.0,6061.145054534392,8391.805334908087,10800.0
2025-07-29,4,18079.58536728395,29.820473251028385,3648.8855383333334,0.0,22176.20476077926,10800.0,6772.521161111111
2025-07-29,5,19969.475655132715,2581.646167416667,3171.361312283952,0.0,16937.463183843414,6772.521161111111,5572.267920359496
2025-07-30,0,21686.649901267225,4071.5736179338905,65.64201666666634,0.0,11640.122471034614,5572.267920359496,9163.748602425923
2025-07-30,1,13273.363303500002,2604.693632222223,4075.6808231666632,0.0,7009.72024081472,9163.748602425923,6979.438623462966
2025-07-30,2,3447.321198333333,4407.355105000001,3243.9753999999994,0.0,2075.4998846981666,6979.438623462966,7341.6411068518555
2025-07-30,3,7956.043274678803,4228.261590905346,415.1026216666662,0.0,5161.450705476471,7341.6411068518555,10685.851403481483
2025-07-30,4,18353.92206418333,229.80987037037104,3361.921293333335,0.0,22805.737389794864,10685.851403481483,7157.212183111107
2025-07-30,5,19617.280743271607,2551.09517160494,3407.0220616666666,0.0,16400.514062344897,7157.212183111107,5667.617769037035
2025-07-31,0,22486.492541666667,5205.612258333334,69.71537499999988,0.0,11700.355145041667,5667.617769037035,10275.207273759259
2025-07-31,1,14566.74038707819,1835.48495907408,2323.2473133333338,0.0,8164.961899808172,10275.207273759259,9345.757833222226
2025-07-31,2,5323.008178333333,5448.519304650198,3104.482686666666,0.0,2939.4853933236664,9345.757833222226,10800.0
2025-07-31,3,8674.053706666667,1203.729753086421,1007.3200583333335,0.0,5899.682149046501,10800.0,10764.112268518518
2025-07-31,4,18377.700018949996,167.4199389300424,3530.6167973833344,0.0,22623.78359718033,10764.112268518518,6991.882660907407
2025-07-31,5,19922.5353543,2227.2291642999994,2826.9998100000003,0.0,17054.620678468473,6991.882660907407,5855.278008777405
2025-08-01,0,13844.646192800335,3461.054796666667,3642.681962199664,0.0,6041.898857753633,5855.278008777405,4922.8029233333355
2025-08-01,1,8669.773816666666,2632.757425,1166.3689499999998,0.0,3371.971055771333,4922.8029233333355,5996.319105833334
2025-08-01,2,0.0,5337.4232157407405,0.0,0.0,0.0,5996.319105833334,10800.0
2025-08-01,3,225.04434666666668,0.0,0.0,0.0,126.57831590949999,10800.0,10800.0
2025-08-01,4,8366.33107,66.32055833333334,3875.348620679011,0.0,8274.066859463113,10800.0,6553.745590634433
2025-08-01,5,15452.62290708642,2929.4210220864206,2810.0250483333334,0.0,10410.228291126874,6553.745590634433,6067.974456808509
2025-08-02,0,12997.318844705675,2656.5961800000005,3217.7828936276583,0.0,5638.065040941251,6067.974456808509,4883.596692555557
2025-08-02,1,7041.742361666666,2233.250303333333,2346.002683333333,0.0,2556.573869049166,4883.596692555557,4286.852317407408
2025-08-02,2,0.0,7236.830758436211,0.0,0.0,0.0,4286.852317407408,10800.0
2025-08-02,3,0.0,0.0,35.227666666666664,0.0,0.0,10800.0,10760.858148148149
2025-08-02,4,7242.048532222219,90.50358650205902,4167.288223333335,0.0,7162.129991300808,10760.858148148149,6211.991127851848
2025-08-02,5,15398.966949666668,3669.483624666668,3539.4081833333335,0.0,9278.459135706067,6211.991127851848,5581.850630792592
2025-08-03,0,20913.74041597119,4088.0332193045265,731.4616666666662,0.0,10566.931804594173,5581.850630792592,8448.345342981482
2025-08-03,1,13037.223828333332,2856.7939467901206,4671.15841,0.0,6540.477446175166,8448.345342981482,5829.283883981483
2025-08-03,2,4420.723358333333,6986.380458127571,1185.3236666666662,0.0,2224.395709078666,5829.283883981483,10800.0
2025-08-03,3,7015.740769670778,0.0,0.0,0.0,4105.131462056653,10800.0,10800.0
2025-08-03,4,16684.509481666664,5.115117969823284,3998.598021303156,0.0,20074.85439276568,10800.0,6361.716915836
2025-08-03,5,19404.440416304526,2166.267282304526,3692.6531160000004,0.0,15978.453950628733,6361.716915836,4208.409563243406
2025-08-04,0,20572.600843333334,4059.3551100000004,793.7144666666665,0.0,10290.386380779833,4208.409563243406,6979.924199280444
2025-08-04,1,13932.527354379752,4921.633045161643,4101.55508,0.0,7226.326097573912,6979.924199280444,6852.110517703702
2025-08-04,2,3298.2352850000016,5941.560124362141,1259.5631666666663,0.0,1570.9512223540007,6852.110517703702,10800.0
2025-08-04,3,4894.465656400828,7.462201646091367,6.044383333333371,0.0,2906.9907771857374,10800.0,10800.0
2025-08-04,4,17706.449198333332,23.021734455762473,3024.7826355333355,0.0,21528.230348274195,10800.0,7459.849965973146
2025-08-04,5,19529.901454604937,2481.9470382716045,3633.7677503333334,0.0,16395.20344711463,7459.849965973146,5656.082577824996
2025-08-05,0,18535.905096540835,2980.4812949999987,1941.678773459164,0.0,9774.71866148648,5656.082577824996,6181.0948839259245
2025-08-05,1,15606.995908333332,5337.417472304528,4518.454531666666,0.0,7604.348453226833,6181.0948839259245,5964.265573814814
2025-08-05,2,99.32638539094887,3065.1805687242813,1729.4810666666667,0.0,46.64367057958959,5964.265573814814,6801.282456037038
2025-08-05,3,4623.837806666666,4487.288587942383,35.8579666666667,0.0,2872.9645832486667,6801.282456037038,10800.0
2025-08-05,4,16482.01035283333,0.0,4086.467993333333,0.0,19557.02893076996,10800.0,6259.480007407408
2025-08-05,5,19844.7749996358,2021.7653024691344,2840.0086361666677,0.0,16993.254419708235,6259.480007407408,4923.503628333332
2025-08-06,0,19977.677909979422,2828.8630766460906,113.82433333333347,0.0,10450.950047594526,4923.503628333332,7343.00891583333
2025-08-06,1,12795.37308895062,3920.8670596296306,3770.265993333333,0.0,6435.678069894612,7343.00891583333,6682.604832462965
2025-08-06,2,0.0,3813.9056166666664,1579.2816500000001,0.0,0.0,6682.604832462965,8360.362498574075
2025-08-06,3,3060.653405806581,2710.7083349176946,1997.2832829999995,0.0,1833.0447656383496,8360.362498574075,8580.79635222222
2025-08-06,4,16491.909305242796,300.4056833333342,3657.0213280905364,0.0,20175.327328929718,8580.79635222222,4787.8044360105105
2025-08-06,5,18693.637252051445,1862.8396170514407,3292.73399240946,509.20978925720124,19733.526477018997,4787.8044360105105,2805.766766457408
2025-08-07,0,22400.83732,5270.318945,399.6596916666665,0.0,11686.3893001075,2805.766766457408,7104.987492883333
2025-08-07,1,11536.962143333332,3583.077633333332,5321.983703333332,0.0,5545.089150528666,7104.987492883333,4416.442136957408
2025-08-07,2,406.9543150000002,4986.385314999999,1564.1912166666666,0.0,172.63002042300008,4416.442136957408,7166.198679716666
2025-08-07,3,2534.1434031954736,4078.3243887921776,33.021566666666786,0.0,1787.543895515815,7166.198679716666,10800.0
2025-08-07,4,15548.443127999995,0.10458333333315295,4530.1055386666685,0.0,18303.58483386401,10800.0,5766.643526481478
2025-08-07,5,19118.379464528807,1896.6399093621403,3340.5785781666646,0.0,16167.67369537916,5766.643526481478,3761.865469166666
2025-08-08,0,11916.659475499988,539.9360266666662,2041.2539678333437,0.0,4867.579260174095,3761.865469166666,1979.7479289073956
2025-08-08,1,7715.705156666678,2301.4083499999992,1897.1410716666544,0.0,2707.0170024755043,1979.7479289073956,1943.0809198333352
2025-08-08,2,0.0,9841.021200185183,0.0,0.0,0.0,1943.0809198333352,10800.0
2025-08-08,3,0.0,0.0,0.0,0.0,0.0,10800.0,10800.0
2025-08-08,4,6456.777896666664,173.62573045267442,4350.753815,0.0,6490.637673825165,10800.0,6122.092251851853
2025-08-08,5,16261.468448666667,5514.362916666666,4491.491884666666,0.0,9961.1017460778,6122.092251851853,6094.472338333336
2025-08-09,0,9834.550009649996,1021.9198133333334,4521.518487016669,0.0,4233.068445782859,6094.472338333336,1990.2907403148151
2025-08-09,1,7670.001768436215,2738.608331769549,2184.405,0.0,2665.50539752934,1990.2907403148151,2027.921572240742
2025-08-09,2,0.0,9746.753808621397,0.0,0.0,0.0,2027.921572240742,10800.0
2025-08-09,3,11.23905000000002,0.0,0.0,0.0,5.6599855800000105,10800.0,10800.0
2025-08-09,4,6200.098548056328,67.9834452333339,4313.353432773713,0.0,6440.710560256965,10800.0,6068.570175405876
2025-08-09,5,16381.8877425,4385.7195175,3387.055441666667,0.0,9880.399192720834,6068.570175405876,6252.322805970691
2025-08-10,0,20369.07210427125,4001.2287459379163,757.9331416666661,0.0,10777.133246850237,6252.322805970691,9011.280742129631
2025-08-10,1,9275.623611666666,1995.5567700000001,5233.188591666667,0.0,4347.048527963167,9011.280742129631,4992.627844388891
2025-08-10,2,0.0,4474.722599999999,1441.76425,0.0,0.0,4992.627844388891,7417.917906611113
2025-08-10,3,2635.0940431481476,3770.6804124074074,10.377250000000004,0.0,1838.0670615747217,7417.917906611113,10800.0
2025-08-10,4,15357.761252992328,248.7362305736658,4592.599094248005,0.0,18775.55853146057,10800.0,5920.97472501852
2025-08-10,5,19643.604920748967,2522.6938924156366,3506.991038333334,0.0,16430.043869955105,5920.97472501852,4294.742518933332
2025-08-11,0,22216.82546882716,5036.18469382716,162.9565416666668,0.0,11111.78113947429,4294.742518933332,8646.245919303701
2025-08-11,1,10351.380523283951,2393.0600896625556,4955.932266666667,0.0,4742.539731867739,8646.245919303701,5293.408592592594
2025-08-11,2,81.18047588477714,4369.254859218112,1955.1859,0.0,37.53785204912095,5293.408592592594,7053.309188111117
2025-08-11,3,3128.9515706995885,4232.969826687237,244.46370666666712,0.0,1865.0109726363025,7053.309188111117,10591.35569138889
2025-08-11,4,16901.50493833333,349.60478734567835,3714.6832166666677,0.0,20446.144715539114,10591.35569138889,6778.574203703701
2025-08-11,5,19151.786198416667,2199.7230350833324,3642.1627366666667,0.0,15868.122417019431,6778.574203703701,4711.4774500935155
2025-08-12,0,18128.144475999998,1006.5678943333335,170.66353500000025,0.0,9241.4028208151,4711.4774500935155,5427.762404993514
2025-08-12,1,14131.420247783954,5888.546250533951,4296.405486083329,0.0,6938.693805447945,5427.762404993514,5953.67015704815
2025-08-12,2,0.0,2415.435483333333,1236.6518333333333,0.0,0.0,5953.67015704815,6753.504499455558
2025-08-12,3,2514.6735230669747,4496.106111716044,1275.3495752663564,0.0,1552.6378426787985,6753.504499455558,9382.944916370716
2025-08-12,4,16104.749948030656,200.81958500000053,4396.779320302676,0.0,19829.32478905496,9382.944916370716,4678.372186978853
2025-08-12,5,17902.996426666665,1339.1458499999992,3168.5222182809675,634.9116050523648,19857.001316056398,4678.372186978853,2363.0232094444436
2025-08-13,0,18806.1400941358,1975.2352941358017,368.00031666666587,0.0,9902.559667351476,2363.0232094444436,3731.8457334259256
2025-08-13,1,13962.064773333332,6516.531383333333,5495.510431666667,0.0,6845.345103989,3731.8457334259256,3490.6012765740757
2025-08-13,2,297.2883910971183,2698.6127410971185,1369.6752,0.0,152.41975811549256,3490.6012765740757,4397.491410228149
2025-08-13,3,3535.180683333331,5797.291933333331,80.37310000000002,0.0,1976.8311739516653,4397.491410228149,9525.750705783705
2025-08-13,4,15870.194572266668,558.5936116666663,4045.3263060666645,0.0,19174.760821070056,9525.750705783705,5533.677949542967
2025-08-13,5,17770.411065041153,1675.8988467078188,3974.5938437553373,123.41593791132901,14767.124993657522,5533.677949542967,2625.7715296296296
2025-08-14,0,21020.696372349998,4415.013343333333,871.938545983333,0.0,10416.591275728002,2625.7715296296296,5630.462931981481
2025-08-14,1,13226.463281666667,5279.239556666667,5595.32632,0.0,6665.213522534834,5630.462931981481,4164.749288537037
2025-08-14,2,405.8675999999963,4224.004533333329,2283.1514666666667,0.0,173.57483653533174,4164.749288537037,5429.518405574069
2025-08-14,3,4750.207692860086,5967.201771584365,0.0,0.0,2959.0708294807964,5429.518405574069,10800.0
2025-08-14,4,15863.038028599998,173.77061499999945,4597.089670266667,8.537499999999909,19131.60770648809,10800.0,5848.516142092593
2025-08-14,5,17249.25615,1065.7769833333332,4153.726508333333,38.87449166666647,14292.84402334833,5848.516142092593,2192.4637511666683
2025-08-15,0,13828.564465616664,2040.3991594166664,1706.1811071333348,0.0,5554.427613063595,2192.4637511666683,2133.066208937964
2025-08-15,1,7338.464150603907,2590.7118356039073,2729.414205883332,216.78850411666775,3417.7779823606975,2133.066208937964,1432.02441
2025-08-15,2,0.0,10408.861766666667,0.0,0.0,0.0,1432.02441,10800.0
2025-08-15,3,0.0,0.0,0.0,0.0,0.0,10800.0,10800.0
2025-08-15,4,5650.159804069547,318.7535985998019,4960.852081033333,0.0,5529.632828871305,10800.0,5574.820370925012
2025-08-15,5,13411.96013436214,1697.5799176954733,3648.430233333333,0.0,8493.511207769217,5574.820370925012,3048.8309264805685
2025-08-16,0,12846.757278584153,1832.9926,2463.570588082512,0.0,5450.115939155685,3048.8309264805685,1961.2236130555561
2025-08-16,1,7301.627463783332,2870.978774999999,2613.91793,37.17531621666628,2920.1568109641007,1961.2236130555561,1640.7512549999997
2025-08-16,2,0.0,10176.943049999998,0.0,0.0,0.0,1640.7512549999997,10800.0
2025-08-16,3,0.0,0.0,0.0,0.0,0.0,10800.0,10800.0
2025-08-16,4,6292.443454125715,302.43415895061844,4627.8468245833365,0.0,6509.79545017618,10800.0,5930.138715740738
2025-08-16,5,14239.249312242797,3881.6056289094636,4838.872299999999,0.0,8070.0855419243,5930.138715740738,4047.0590039814774
2025-08-17,0,18391.111054999998,2130.761238333333,964.5783333333341,0.0,9307.319986873332,4047.0590039814774,4892.990414777772
2025-08-17,1,13002.943504382716,5099.997086049384,5347.963156666666,0.0,6011.6194588079015,4892.990414777772,3540.806507037032
2025-08-17,2,1108.4950350000001,5678.228483333332,1328.6753499999995,0.0,410.55331972700003,3540.806507037032,7174.906197592586
2025-08-17,3,1563.5733,4027.8820026749063,0.0,0.0,1201.4424356668333,7174.906197592586,10800.0
2025-08-17,4,14691.36798510783,164.42598683333472,5434.611851725503,47.79296666666664,18175.00395895398,10800.0,4909.525775121667
2025-08-17,5,18142.695765054526,1382.4459989711931,3405.2239831928346,27.858850723832916,15348.476536743714,4909.525775121667,2370.1449706481476
2025-08-18,0,21968.16309878189,5800.633167448559,1036.682143666667,0.0,11657.249749019971,2370.1449706481476,6438.845772833333
2025-08-18,1,13111.776561666666,4845.7269190740735,5193.454833333334,0.0,6315.321494915166,6438.845772833333,5029.494629629628
2025-08-18,2,0.0,4793.118100000001,1985.133866666667,0.0,0.0,5029.494629629628,7137.596623333334
2025-08-18,3,2026.4595786214018,4232.000455555554,171.85014833333412,0.0,1217.4891268510876,7137.596623333334,10755.452424074074
2025-08-18,4,15411.761085560833,268.8376982166675,4710.978295989166,35.97536666666667,19062.74868496166,10755.452424074074,5762.986023592223
2025-08-18,5,17414.023120288064,1192.5275686213993,4073.5627233333325,47.36292500000002,14171.099056439274,5762.986023592223,2310.080031647779
2025-08-19,0,21216.903854280245,4257.838037613579,399.7932000000005,0.0,11117.443919066925,2310.080031647779,5697.919598833334
2025-08-19,1,13022.214651666667,5063.337016666666,4674.997890000001,0.0,6438.983331905167,5697.919598833334,5060.480813833334
2025-08-19,2,0.0,4197.820300000001,1445.3886499999994,0.0,0.0,5060.480813833334,7232.531694944446
2025-08-19,3,2467.1494523971264,3963.85367228395,606.3663026028735,0.0,1445.6009288865716,7232.531694944446,10126.259663774586
2025-08-19,4,15356.426577367673,529.1595061483281,4765.474612113988,71.66333333333341,18833.394200487623,10126.259663774586,5307.531428070315
2025-08-19,5,17159.815524588477,964.7598579218112,3806.575385263284,357.14644807004885,16681.589125003506,5307.531428070315,1946.2870943518521
2025-08-20,0,20779.908260061726,4044.984376728394,396.22903333333295,0.0,10776.120828574278,1946.2870943518521,5146.518551925926
2025-08-20,1,12177.724756443937,4307.111848333333,6002.369395,0.0,5971.275946953469,5146.518551925926,2353.6198876481485
2025-08-20,2,280.58274337448984,2533.913160041157,1038.2578988833336,2039.0933677833327,11582.4077388745,2353.6198876481485,3480.521844037042
2025-08-20,3,2891.6900366666678,4462.789721666667,355.72830166666586,0.0,1839.8559461533341,3480.521844037042,7101.778925018522
2025-08-20,4,15189.653562082452,569.2011777888349,5150.316065706383,10.71703333333312,18473.650230603,7101.778925018522,1891.4865786880484
2025-08-20,5,17369.895247666667,913.0094586666655,666.6303332359104,3170.2557277640885,40837.1777717339,1891.4865786880484,1972.4947212259249
2025-08-21,0,23818.539641666666,6607.766024999999,94.85967499999958,0.0,12251.129928019167,1972.4947212259249,7814.084504837037
2025-08-21,1,11163.866785263377,3142.3578619300442,4920.253493333334,0.0,5450.494086261429,7814.084504837037,5175.258254648152
2025-08-21,2,1576.1314482541138,5205.611816587448,1134.3337833333337,0.0,760.0154871098114,5175.258254648152,8599.938019206484
2025-08-21,3,3237.5589806347703,2683.2365835977344,193.36584999999968,0.0,2207.1425649882367,8599.938019206484,10800.0
2025-08-21,4,15438.884525250001,99.61055000000022,5024.628609999999,0.0,18367.79961892076,10800.0,5306.7288172222225
2025-08-21,5,17490.41524859465,953.4336447613174,3688.7773961666667,0.0,14239.609251443488,5306.7288172222225,2066.1775462111104
2025-08-22,0,13029.917215672347,609.8826456790141,1084.007230006666,0.0,5698.240529312179,2066.1775462111104,1410.6194495370382
2025-08-22,1,8675.396873333333,3471.783148333334,2300.8867183333336,0.0,3331.9053480274997,1410.6194495370382,1978.6834848888902
2025-08-22,2,0.0,9801.4627945679,0.0,0.0,0.0,1978.6834848888902,10800.0
2025-08-22,3,0.0,0.0,0.0,0.0,0.0,10800.0,10800.0
2025-08-22,4,6209.054428733334,74.67455666666672,4931.7685779333315,0.0,6334.0759424825155,10800.0,5387.464236629635
2025-08-22,5,13474.6057695,2557.7292916666665,3905.790029633338,564.3347258666613,10876.360150071516,5387.464236629635,3349.653899537037
2025-08-23,0,12676.116073333333,2036.1397399999996,2584.0469833333327,0.0,5270.389036591666,3349.653899537037,2311.016350722222
2025-08-23,1,7368.859737407406,2241.76982574074,2301.101071666667,0.0,2669.771138575666,2311.016350722222,1771.8302253703691
2025-08-23,2,0.0,10031.29974958848,0.0,0.0,0.0,1771.8302253703691,10800.0
2025-08-23,3,0.0,0.0,0.0,0.0,0.0,10800.0,10800.0
2025-08-23,4,5699.625008266667,107.41467166666655,5105.282830066667,0.0,5708.408010204659,10800.0,5224.136726648149
2025-08-23,5,16052.418666139507,4514.515481172839,3706.289981699997,0.0,9079.442901522798,5224.136726648149,5169.100680037042
2025-08-24,0,19920.820003333334,3049.2778166666662,323.8050133333336,0.0,10313.037965177666,5169.100680037042,7553.667366888891
2025-08-24,1,11666.206966100819,3607.0362590123395,5582.052433333333,0.0,5438.667996429966,7553.667366888891,4597.719518518518
2025-08-24,2,577.3430433333333,5860.734583333334,1630.3419166666665,0.0,261.42093002133333,4597.719518518518,8060.889625000001
2025-08-24,3,3469.0207578909435,3355.9472685185174,253.11795000000006,0.0,2498.184029275783,8060.889625000001,10800.0
2025-08-24,4,16028.19739748333,85.39552674897098,4587.3845791833355,0.0,19498.665893416615,10800.0,5779.761997203703
2025-08-24,5,18002.841895462305,1682.9454684156376,3914.493706286666,0.0,14392.917082852457,5779.761997203703,2944.975467348148
2025-08-25,0,18542.936045,1881.9695283333328,58.83091666666644,0.0,9553.844218765333,2944.975467348148,4573.380357662962
2025-08-25,1,14924.268908049382,6890.2898780493815,5973.221623333333,0.0,6977.984436802455,4573.380357662962,4137.728333092593
2025-08-25,2,2502.8756933333334,5311.3684650000005,1481.2753666666663,0.0,1201.8415058446667,4137.728333092593,7272.098433074076
2025-08-25,3,3201.618312222221,3595.5722738888876,1218.7861283333327,0.0,2132.7177411953326,7272.098433074076,9153.906670314816
2025-08-25,4,15169.838673101502,60.37539999999967,5428.359576898498,0.0,18355.75459462317,9153.906670314816,3176.733889316486
2025-08-25,5,17641.214853143003,1061.038788143004,1835.9966420515045,1784.9802762818283,29598.62026203545,3176.733889316486,2091.6725296990744
2025-08-26,0,19783.683933333334,3163.547166666667,241.13446666666619,0.0,9778.4245808875,2091.6725296990744,4670.93779451389
2025-08-26,1,13662.3309015072,6452.889704840535,6140.705641666667,0.0,6582.460146856312,4670.93779451389,3655.532260351855
2025-08-26,2,946.661805,5172.3231166666665,1858.7451499999997,0.0,376.29589319116667,3655.532260351855,6245.3506764629665
2025-08-26,3,2860.1069310555495,5182.665894465016,98.77498333333347,0.0,1949.3167212384421,6245.3506764629665,10800.0
2025-08-26,4,16016.97929467222,299.3221633333335,4660.398951994447,0.0,19627.13398266297,10800.0,5891.168889228391
2025-08-26,5,16788.341109669345,919.1042450000002,4075.3671353306554,0.0,13313.851610111366,5891.168889228391,2190.1770038054406
2025-08-27,0,21194.27825,4640.771075000001,161.54864166666664,0.0,10392.528634266666,2190.1770038054406,6187.3724805647
2025-08-27,1,13544.048589071734,5213.669035656095,5011.751998333333,0.0,6814.439542019065,6187.3724805647,5311.061281173705
2025-08-27,2,532.7862733333334,3882.7092233333337,2543.7576833333333,0.0,247.69233847266668,5311.061281173705,5979.102156247779
2025-08-27,3,5325.967788346082,5981.559023922218,506.25475000000006,0.0,3486.7271597907743,5979.102156247779,10800.0
2025-08-27,4,16554.899360924897,44.237100267492245,4646.871173765216,24.339166666666642,20024.729722451364,10800.0,5676.623197168281
2025-08-27,5,17044.04678271605,1024.411849382716,4035.0732499999995,0.0,13659.904641063951,5676.623197168281,2115.1791393905037
2025-08-28,0,22039.466846666666,5309.240088333333,222.4218083333334,0.0,11177.605584337165,2115.1791393905037,6646.359876297912
2025-08-28,1,12332.686743619603,4386.891106952936,5564.970413333333,0.0,5866.067948571699,6646.359876297912,4411.261413296295
2025-08-28,2,938.7911750822998,1762.2436084156332,2624.2032666666664,0.0,629.0848856433265,4411.261413296295,3081.4992534629578
2025-08-28,3,4043.097243000001,5837.637926333335,187.82775000000015,0.0,2787.1279002038673,3081.4992534629578,8126.675887162957
2025-08-28,4,16432.066528754105,730.8302243713949,4565.303795617287,0.0,19691.97661294986,8126.675887162957,3711.863316189117
2025-08-28,5,17013.72795583025,1176.7457046296304,2520.143608369584,1775.9108904297932,28345.978508396947,3711.863316189117,1970.7748855006914
2025-08-29,0,13110.796849073304,1665.1827540733043,1228.3869383333333,0.0,5311.590594140173,1970.7748855006914,2104.5649882407392
2025-08-29,1,9284.730460493827,3335.8697104938274,2778.5546983333334,0.0,3630.8441017108703,2104.5649882407392,2019.5647295370363
2025-08-29,2,0.0,9756.039189403293,0.0,0.0,0.0,2019.5647295370363,10800.0
2025-08-29,3,0.0,0.0,5.025500000000079,0.0,0.0,10800.0,10794.416111111112
2025-08-29,4,6580.343121504499,69.67854938271665,4745.519728333333,0.0,6416.805072511336,10794.416111111112,5584.327107407409
2025-08-29,5,16820.278443333333,5366.637383333333,3788.523023333333,0.0,9544.814911897665,5584.327107407409,6204.830726481485
2025-08-30,0,8879.775151816664,237.78198333333364,4509.469348183336,0.0,3657.1489970948505,6204.830726481485,1408.3130135000013
2025-08-30,1,9014.342543703702,3874.3197770370357,2110.7523166666665,0.0,3579.5862797875548,1408.3130135000013,2549.9204609814824
2025-08-30,2,0.0,9166.755043353907,0.0,0.0,0.0,2549.9204609814824,10800.0
2025-08-30,3,0.0,0.0,0.0,0.0,0.0,10800.0,10800.0
2025-08-30,4,6035.1110898971165,169.91950701645862,5295.830817119342,0.0,5958.068566662804,10800.0,5068.671092848877
2025-08-30,5,16645.5327855,5170.071607114204,3580.1394089642017,258.7438626500017,11211.786408307853,5068.671092848877,5743.802862624771
2025-08-31,0,16608.126941666666,918.4750750000004,861.8154166666666,0.0,8009.171483790833,5743.802862624771,5612.857744939587
2025-08-31,1,14210.156423030101,5763.491394511571,5795.1212983333335,0.0,6890.742836544126,5612.857744939587,4360.976335185186
2025-08-31,2,0.0,3176.5813333333335,1301.35885,0.0,0.0,4360.976335185186,5773.945257407408
2025-08-31,3,3549.0577750411458,5573.796125041147,215.24085000000014,0.0,2611.3011105665187,5773.945257407408,10551.205269944441
2025-08-31,4,16743.065764833336,340.1248379218146,4436.7005384999975,0.0,20168.95405041807,10551.205269944441,5927.650359074076
2025-08-31,5,17224.31451960905,1477.9331312757192,4115.397928333333,0.0,13551.478892787578,5927.650359074076,2685.1258124074093
2025-09-01,0,19701.548332325103,5213.576040658435,0.0,0.0,8753.2664096739,2685.1258124074093,7377.344249
2025-09-01,1,13868.000184999999,3802.9508344444444,4932.74125,0.0,5997.493732554833,7377.344249,5319.176388888892
2025-09-01,2,2330.1143933333333,5462.1792000000005,1047.6085833333332,0.0,1150.2259659496667,5319.176388888892,9071.128131851856
2025-09-01,3,4120.551387798357,1920.9687423868259,0.0,0.0,2353.8539569477157,9071.128131851856,10800.0
2025-09-01,4,16026.168975309665,0.0,3788.6159966666673,0.0,17493.493269076414,10800.0,6590.426670370371
2025-09-01,5,16887.02121530338,3147.083815303379,3228.098466666666,0.0,11688.745238562955,6590.426670370371,5836.02603006934
2025-09-02,0,20272.852678049105,5515.526633256288,0.0,0.0,8917.835787731032,5836.02603006934,10800.0
2025-09-02,1,9163.930240655154,0.0,6135.846706011512,0.0,3985.3524049906623,10800.0,3982.3925488760965
2025-09-02,2,1302.572518000853,5236.8366463341845,1927.4221000000002,0.0,518.8291396047044,3982.3925488760965,6553.965419465752
2025-09-02,3,3196.6664067076135,4717.816200593608,0.0,0.0,1912.5963517405116,6553.965419465752,10800.0
2025-09-02,4,15921.31384598741,0.0,3773.6029164802458,0.0,17427.191057869786,10800.0,6607.107870577504
2025-09-02,5,16847.177473045267,3208.382689711935,3207.0036,0.0,11670.083007640433,6607.107870577504,5931.314957984915
2025-09-03,0,18841.75604454351,4815.979619543509,608.2314333333334,0.0,8270.500272774345,5931.314957984915,9589.88391187037
2025-09-03,1,10793.437485400003,1996.1212222427985,6076.894789599995,0.0,4684.572533806742,9589.88391187037,4634.287690111116
2025-09-03,2,1078.2485583333332,4597.079265,832.7266166666666,0.0,480.5008362633333,4634.287690111116,7846.407232314821
2025-09-03,3,5608.135612114833,3353.960894135796,58.47483333333321,0.0,3419.225423460001,7846.407232314821,10800.0
2025-09-03,4,16535.239732116665,170.82131102880624,3331.4677025197298,0.0,18660.344726856383,10800.0,7252.108399348448
2025-09-03,5,16794.998044036398,2876.5315773697307,3341.5587416666663,0.0,11944.548269083742,7252.108399348448,6128.14377268491
2025-09-04,0,18723.857526666667,4424.7021349999995,0.0,0.0,7790.2499722355,6128.14377268491,10110.375694184908
2025-09-04,1,12501.542206666665,1688.0876460291138,5145.110318333333,0.0,5987.071064701499,10110.375694184908,5912.865333018521
2025-09-04,2,2016.3193699999986,6980.2634333333335,1426.7381666666663,0.0,909.908634845666,5912.865333018521,10609.837793388891
2025-09-04,3,5338.3217441500465,253.1228633127547,33.88353333333339,0.0,2893.057375165925,10609.837793388891,10800.0
2025-09-04,4,16109.46477909102,184.75576551440486,3428.9305817333316,0.0,18431.380917994706,10800.0,7156.3573203703745
2025-09-04,5,16253.999510499998,2699.6660771666657,3366.1550666666662,0.0,11282.891379243607,7156.3573203703745,5845.884493524078
2025-09-05,0,12065.915062544997,3041.573674298249,1441.4534284199178,0.0,4257.670483487711,5845.884493524078,6981.685879925926
2025-09-05,1,5454.053405,2382.1631466666668,3742.8314499999997,0.0,1811.1469568041666,6981.685879925926,4966.931100814813
2025-09-05,2,0.0,6481.187665761319,0.0,0.0,0.0,4966.931100814813,10800.0
2025-09-05,3,0.0,0.0,0.0,0.0,0.0,10800.0,10800.0
2025-09-05,4,6296.173236366667,89.86930102880777,3756.45736725,0.0,5489.399431708057,10800.0,6707.040851759259
2025-09-05,5,14981.307949999999,5530.132316666666,2774.9500666666663,0.0,7692.823490565833,6707.040851759259,8600.882084907407
2025-09-06,0,9668.615793333332,2241.258693333333,3025.9102,0.0,3326.791053820333,8600.882084907407,7255.892464462963
2025-09-06,1,5124.269426543209,709.6336598765425,3042.4692166666664,0.0,1826.4124368478658,7255.892464462963,4514.0414064999995
2025-09-06,2,0.0,6984.398437222225,0.0,0.0,0.0,4514.0414064999995,10800.0
2025-09-06,3,0.0,0.0,0.0,0.0,0.0,10800.0,10800.0
2025-09-06,4,6628.7467922999995,246.150761666667,3493.564264366667,0.0,6105.764901092743,10800.0,7139.797613981484
2025-09-06,5,16267.62181103333,7052.584274999998,2855.383938966668,0.0,7672.5754168691,7139.797613981484,10314.474640407407
2025-09-07,0,14551.828451666664,2641.663826666666,2369.8465666666666,0.0,6184.303551442499,10314.474640407407,10058.809232555555
2025-09-07,1,10908.487827510287,823.5452971604943,5450.626606666666,0.0,4887.448237033281,10058.809232555555,4743.748214814815
2025-09-07,2,1252.1723199999994,5179.460515,1888.2576666666664,0.0,538.0658505451664,4743.748214814815,7307.198604240741
2025-09-07,3,3601.6844658230443,3880.890439732509,0.0,0.0,2026.9336798410723,7307.198604240741,10800.0
2025-09-07,4,15502.765863333332,0.0,4023.3320166666663,0.0,17130.465460697833,10800.0,6329.631092592594
2025-09-07,5,16986.853748718106,2915.5037003847724,2625.248618333333,0.0,12478.681904064537,6329.631092592594,6036.6415136796295
2025-09-08,0,17002.216408333334,2815.4275666666663,22.62149166666643,0.0,7354.481330659166,6036.6415136796295,8545.391332938889
2025-09-08,1,10148.620750458847,2750.796030458848,5516.09718,0.0,4571.507843907888,8545.391332938889,4892.110893685189
2025-09-08,2,0.0,3017.9810166666666,1525.3709499999995,0.0,0.0,4892.110893685189,5913.437197574079
2025-09-08,3,1595.6480711111103,3594.7226666666666,770.7795288888898,0.0,1263.1072413764994,5913.437197574079,8292.265898808644
2025-09-08,4,12881.25673936214,253.4239570608288,5464.848967698687,0.0,14320.379594365037,8292.265898808644,2448.2930516092965
2025-09-08,5,18754.895941131683,3606.9649479245536,1147.9839246983665,619.1115487611686,17499.097374346395,2448.2930516092965,4419.023810632098
2025-09-09,0,20508.80873540878,6235.817018742113,40.56459166666684,0.0,9013.311914429312,4419.023810632098,9986.187358981479
2025-09-09,1,8824.645745899996,922.1750538065886,6187.298609100004,0.0,3814.2667479628644,9986.187358981479,3941.368675074071
2025-09-09,2,1297.0419824485612,6688.628059115226,1157.6981999999998,0.0,567.5338463960953,3941.368675074071,8674.802594944442
2025-09-09,3,5037.93546681189,2419.7616434773704,47.329266666666854,0.0,2677.6988198143035,8674.802594944442,10800.0
2025-09-09,4,13078.718937983536,0.0,5741.201858034092,0.0,14466.041200827383,10800.0,4420.886824406563
2025-09-09,5,19279.31394201646,4130.865547016461,1600.2264716666664,0.0,14023.151726753526,4420.886824406563,6360.636403758416
2025-09-10,0,17908.50482249065,4567.210047490652,1221.4095250000003,0.0,8113.2867670405085,6360.636403758416,9114.003752055562
2025-09-10,1,8770.656712516666,1889.5055583333328,6525.579112483334,0.0,3854.503840435593,9114.003752055562,3563.915296240746
2025-09-10,2,365.91085962962666,3290.47304296296,2127.5237666166713,550.0323500499946,3056.2045020774135,3563.915296240746,4161.425738666664
2025-09-10,3,3610.267967715028,4894.10540104836,350.66543333333345,0.0,2133.619642369106,4161.425738666664,8176.492340350929
2025-09-10,4,13424.073072572013,574.2751009886796,4825.692245083333,0.0,15014.559825904978,8176.492340350929,3331.459658925927
2025-09-10,5,17391.26564674897,2864.558268415637,1973.8468680333349,422.3944619666648,15311.961393529258,3331.459658925927,3716.398913796296
2025-09-11,0,22172.208761543203,7850.745003209871,6.671058333333349,0.0,9793.792777115597,3716.398913796296,10774.657129648143
2025-09-11,1,9260.982531666667,944.9973065226388,5599.6494416666665,0.0,4298.1161966545,10774.657129648143,5403.321992555555
2025-09-11,2,673.8493807201589,5079.419025720159,2123.80465,0.0,281.0956838108516,5403.321992555555,7615.016171259255
2025-09-11,3,3907.405607724277,3538.8709208230484,38.45476499999995,0.0,1897.8065205080043,7615.016171259255,10757.272483333334
2025-09-11,4,13110.585853427981,125.0225463852079,5265.576875905352,0.0,14221.78868291275,10757.272483333334,5019.151801851853
2025-09-11,5,18228.842117572018,3208.8614940329226,1862.2230097942363,0.0,13402.783433127082,5019.151801851853,5837.990468932331
2025-09-12,0,9945.9439748488,1325.1213427572009,1907.7837679084,0.0,3368.3279789370886,5837.990468932331,4910.839935293367
2025-09-12,1,5399.6563560526365,993.6467310526367,3551.1878416666664,0.0,1784.4626806671859,4910.839935293367,1859.3577247222217
2025-09-12,2,0.0,9934.046972530867,0.0,0.0,0.0,1859.3577247222217,10800.0
2025-09-12,3,0.0,0.0,0.0,0.0,0.0,10800.0,10800.0
2025-09-12,4,4238.080814917696,139.97520257074427,4695.409593415636,0.0,3808.6377247550076,10800.0,5708.85591185185
2025-09-12,5,15218.205784567905,5821.521201368903,2747.9797001343322,0.0,7549.480999455981,5708.85591185185,7894.9142151568285
2025-09-13,0,10510.487768192188,2449.677083333333,2232.412956807811,0.0,3585.0865724163777,7894.9142151568285,7619.164749259258
2025-09-13,1,3488.475433333333,496.4085666666668,4753.959533333334,0.0,1198.6929346699999,7619.164749259258,2783.7551999999996
2025-09-13,2,0.0,8906.938666666669,0.0,0.0,0.0,2783.7551999999996,10800.0
2025-09-13,3,0.0,0.0,0.0,0.0,0.0,10800.0,10800.0
2025-09-13,4,4109.339685932507,160.98141172941658,5121.555657744671,0.0,3478.031066800443,10800.0,5254.265873062394
2025-09-13,5,16525.0451355144,6680.479002181067,2152.605983333333,0.0,8284.488489998133,5254.265873062394,8874.91254909943
2025-09-14,0,16402.26589172718,2311.5727873175033,261.65359160615264,0.0,7285.4495530370705,8874.91254909943,10664.601844789458
2025-09-14,1,8701.848822149997,1855.8784530117123,7151.487769516667,0.0,3872.839794382939,10664.601844789458,4388.794930814813
2025-09-14,2,887.9542201028864,3884.8775701028867,2466.304066666666,0.0,412.64801750119153,4388.794930814813,5144.846892055561
2025-09-14,3,2702.2145008436214,4848.426300843623,36.29156666666677,0.0,1765.650754995358,5144.846892055561,9468.106599851855
2025-09-14,4,13752.426581666665,608.4065949999997,5090.313230000001,0.0,15261.130635361462,9468.106599851855,4359.768946462966
2025-09-14,5,17510.60804816667,2977.0104515000016,2512.755536666667,0.0,12432.4080056167,4359.768946462966,4247.12775651667
2025-09-15,0,18759.11214378494,4787.787664345551,231.55880389394338,0.0,8437.196152748365,4247.12775651667,8298.849094545505
2025-09-15,1,10193.373831008234,2412.5126993415665,6117.879018333334,0.0,4929.355547112002,8298.849094545505,3672.4671702492114
2025-09-15,2,20.134430981873063,5922.946297648539,1964.65175,0.0,7.284637129241674,3672.4671702492114,6820.172449244009
2025-09-15,3,1755.1150998559674,4445.404523473734,245.83962166666663,0.0,1214.6611992481194,6820.172449244009,10547.881385185185
2025-09-15,4,10690.739060791666,331.1570000000028,7657.67214,1.1717666666667128,11293.639981825088,10547.881385185185,2337.3980851851875
2025-09-15,5,20012.402893333332,5054.152716666667,1755.3539412500022,7.750815416665835,14622.755585611993,2337.3980851851875,4935.742262129629
2025-09-16,0,17806.992910144032,3772.235760144032,445.08553333333305,0.0,7653.103586149687,4935.742262129629,7836.214964777776
2025-09-16,1,10025.992841666666,2537.642766666667,6185.279008333333,0.0,4622.630017493833,7836.214964777776,3247.561223296294
2025-09-16,2,94.54686755144286,3432.4816175514434,1775.93475,0.0,45.09885582203824,3247.561223296294,4363.533845759259
2025-09-16,3,4376.752124565017,6853.584281231682,176.32153333333338,0.0,2724.8195249740897,4363.533845759259,10335.846884052959
2025-09-16,4,12821.717616666667,525.8318074720212,5898.199903086418,3.9143916666666883,14192.34140000787,10335.846884052959,4255.5400629039805
2025-09-16,5,15944.324740916665,2090.64929925,3101.77462328025,37.928118386417076,11683.20616019382,4255.5400629039805,2690.708184139815
2025-09-17,0,19875.729989536005,5777.148564536005,212.93317500000012,0.0,8906.22257417276,2690.708184139815,7653.549475555554
2025-09-17,1,10682.416245,3228.2313616666665,6137.938658333332,0.0,4771.2864587465,7653.549475555554,3739.025858462964
2025-09-17,2,0.0,2341.06705,2289.5968486166676,507.53251804999894,2716.8546582887357,3739.025858462964,3301.989705
2025-09-17,3,3041.2370806355943,6288.827377302261,17.262946666666835,0.0,1753.9319036655638,3301.989705,8942.753292720183
2025-09-17,4,12403.126317266666,94.6029066666672,5815.1009060666665,0.0,13534.03360316511,8942.753292720183,2566.6726797572205
2025-09-17,5,18509.026058249998,4457.730708333332,1422.1357853648312,1522.1953313851689,22581.96716358969,2566.6726797572205,4998.479444629629
2025-09-18,0,16593.206016666663,2648.2791166666666,196.39310000000035,0.0,7094.5149018241655,4998.479444629629,7163.716094074071
2025-09-18,1,12540.800442181066,3877.7083155144,4989.688881666667,0.0,6150.07865105079,7163.716094074071,5109.554820629624
2025-09-18,2,195.03079137860487,3657.8674413786052,2597.062416666666,0.0,83.2196386812507,5109.554820629624,5516.010610462961
2025-09-18,3,3765.8798535499973,5906.480988374487,202.34955811666794,0.0,1953.7769298311766,5516.010610462961,10607.010657648147
2025-09-18,4,12128.307028607831,93.89539833333401,6178.930719725502,0.0,13011.4836596004,10607.010657648147,3826.0379386753657
2025-09-18,5,16686.508369481176,2476.7543944811778,2593.2344331354834,184.91357519785007,13246.529506335311,3826.0379386753657,3173.745301335667
2025-09-19,0,12580.472741666666,4178.436133333333,2145.5583083333336,0.0,4338.698977749166,3173.745301335667,4550.384145409741
2025-09-19,1,4828.606726431233,925.8745916666668,3765.3041501187668,441.6149567833335,3031.0843259509656,4550.384145409741,1200.0
2025-09-19,2,0.0,10666.666666666664,0.0,0.0,0.0,1200.0,10800.0
2025-09-19,3,0.0,0.0,0.0,0.0,0.0,10800.0,10800.0
2025-09-19,4,2547.933445633331,30.363041666666618,6835.149496033336,0.0,1937.0601833701874,10800.0,3232.716186351849
2025-09-19,5,14465.35548952675,4991.764697860083,1881.9937770499973,343.3459479500023,9267.499342030236,3232.716186351849,5634.200217703704
2025-09-20,0,10695.832163983332,1771.2254249999992,1648.103411016666,0.0,3618.662942578283,5634.200217703704,5397.077087962963
2025-09-20,1,4268.920441666666,1685.8165,5142.880744166666,547.9359975000007,3050.9103869925025,5397.077087962963,1200.0
2025-09-20,2,0.0,10666.666666666664,0.0,0.0,0.0,1200.0,10800.0
2025-09-20,3,0.0,0.0,12.984249999999975,0.0,0.0,10800.0,10785.573055555556
2025-09-20,4,3331.388149115228,68.96172833333384,6079.577179218106,0.0,2737.9275239331864,10785.573055555556,4092.5528563687717
2025-09-20,5,15984.334695884772,7330.098779218107,2643.3409040652277,215.61936260143892,8661.24833801289,4092.5528563687717,7752.596308703704
2025-09-21,0,15990.806474485595,2288.215474485596,443.2325583333334,0.0,7129.542035202026,7752.596308703704,9319.509615370369
2025-09-21,1,11240.385128283331,2641.5147503497938,5278.378616716667,0.0,5557.6727545587555,9319.509615370369,5832.007761000001
2025-09-21,2,2049.208089999999,4803.6253,1505.8736166666667,0.0,1063.2142984714997,5832.007761000001,8482.077623592591
2025-09-21,3,4146.123765946501,2578.972455267491,2.8375499999999647,0.0,2333.1954115821213,8482.077623592591,10800.0
2025-09-21,4,13359.350613847735,62.135168621399394,5459.097691152264,0.0,15164.652157454217,10800.0,4790.257550478963
2025-09-21,5,15499.936266152261,2409.9137416666663,3328.991162097733,281.4447134166708,11912.401318364626,4790.257550478963,3260.300848981481
2025-09-22,0,17705.462916666667,3366.9929000000006,110.30975000000012,0.0,7992.444433942499,3260.300848981481,6168.028070092594
2025-09-22,1,14688.009882921813,5374.24494958848,4494.93595,0.0,7408.08128899899,6168.028070092594,6010.475246944455
2025-09-22,2,1194.9534305349725,4308.799730534973,2222.2247833333327,0.0,593.2279977778197,6010.475246944455,7419.256356277782
2025-09-22,3,4124.148043004114,3848.785488909459,74.84696666666662,0.0,2607.7894131055755,7419.256356277782,10800.0
2025-09-22,4,12807.330754999999,9.159256666667034,5936.759981666667,8.649233333333427,14495.997018055406,10800.0,4211.843351370373
2025-09-22,5,16138.339763683129,2400.6093833333334,3114.4779874833353,126.73873216686943,11971.56578886025,4211.843351370373,2911.8606991666675
2025-09-23,0,21744.754432255235,7719.934640588567,64.26752499999975,0.0,9467.889958078487,2911.8606991666675,9788.393514585272
2025-09-23,1,9007.085353691264,1740.2947283333335,6760.502724642069,0.0,4084.244348027199,9788.393514585272,3842.98907603853
2025-09-23,2,1694.4723715415582,3824.79945487489,2382.079135101344,5.861164898655625,878.2822207895053,3842.98907603853,4638.553990868883
2025-09-23,3,3513.5885589287964,6128.345790595464,501.89048166666703,0.0,2078.3868596783163,4638.553990868883,9596.409111664061
2025-09-23,4,12624.299205960082,121.66336833333298,6556.6241457065835,0.0,14248.70579317688,9596.409111664061,2420.768203490082
2025-09-23,5,14817.941565609051,437.5511396090535,1195.5746915577408,1341.5513991089265,20167.52637791724,2420.768203490082,1486.1479051851852
2025-09-24,0,19801.057740514403,5728.605023847736,320.07068333333314,0.0,8601.871460042672,1486.1479051851852,6286.258334055555
2025-09-24,1,13739.774314999999,4658.60102,5274.468655000001,0.0,6756.8299464591655,6286.258334055555,4618.478524277777
2025-09-24,2,3109.067497366255,5114.144460699589,2928.755983333333,0.0,1449.184370712185,4618.478524277777,5967.035224092593
2025-09-24,3,5259.429607654319,5369.96086211934,0.0,0.0,3029.1445421683075,5967.035224092593,10800.0
2025-09-24,4,12953.883452833332,0.0,5925.345002166668,0.0,14120.779833507868,10800.0,4216.283330925925
2025-09-24,5,15006.613064,1089.6494333333326,2729.2643193333333,0.0,11235.643867685965,4216.283330925925,2164.451910555555
2025-09-25,0,20833.455122201645,6705.180480534981,220.59374166666657,0.0,9184.19627148452,2164.451910555555,7954.010185629633
2025-09-25,1,12430.148159124277,3524.0183783333323,5227.303722933333,0.0,6331.277840870554,7954.010185629633,5317.511478425931
2025-09-25,2,1717.4363516666676,5062.817156666667,2278.97815,0.0,775.121764780667,5317.511478425931,7341.848974981487
2025-09-25,3,4038.1051917901204,3968.822270596701,285.77245666666647,0.0,2435.194200375997,7341.848974981487,10596.264066666667
2025-09-25,4,12908.188301583334,294.09555833333377,6044.7856567499975,15.37166666666667,14077.58869797086,10596.264066666667,4144.521561666669
2025-09-25,5,16263.071775499999,2344.6944684166656,3101.5014762499995,0.0,11991.57295170529,4144.521561666669,2808.633831852779
2025-09-26,0,13940.257748867281,4196.6621822006155,472.9871499999999,0.0,4612.4672429843995,2808.633831852779,6060.088518055556
2025-09-26,1,4717.42205,209.11800166666694,3883.1086016666663,0.0,1676.268097946,6060.088518055556,1933.7296065925923
2025-09-26,2,0.0,9502.627583333333,0.0,0.0,0.0,1933.7296065925923,10486.094431592594
2025-09-26,3,0.0,348.78396489711827,0.0,0.0,0.0,10486.094431592594,10800.0
2025-09-26,4,3195.355289203848,107.09105166115464,6177.338535178867,0.0,2313.946039482493,10800.0,4032.6724629629653
2025-09-26,5,17361.87882078113,7816.758325163848,2133.7830210493817,0.0,8290.520862685395,4032.6724629629653,8696.884932222227
2025-09-27,0,7351.539950999994,284.44832499999995,3407.2339073333383,0.0,2577.2828561935316,8696.884932222227,5167.07297212963
2025-09-27,1,5134.0548,1663.6287433333337,4884.337774016667,276.9832026499998,2624.2706097009327,5167.07297212963,1237.29687
2025-09-27,2,0.0,10625.2257,0.0,0.0,0.0,1237.29687,10800.0
2025-09-27,3,0.0,0.0,7.833833333333359,0.0,0.0,10800.0,10791.295740740741
2025-09-27,4,4329.6517176666675,126.0128549588477,5912.177253958846,0.0,3669.085129594711,10791.295740740741,4335.621472471653
2025-09-27,5,16304.08246167119,7825.787563845679,2919.9503319653213,328.39762020916595,8811.69281816193,4335.621472471653,8134.4410221935195
2025-09-28,0,16469.699641666666,2709.7440166666665,427.1291916666665,0.0,7150.519818131666,8134.4410221935195,10098.622646452779
2025-09-28,1,10434.213623941356,1454.4592222746905,5321.731931666668,0.0,5746.738884896434,10098.622646452779,5494.600466870368
2025-09-28,2,2536.654120982507,4398.586333333333,3056.8501999999994,0.0,1298.337733589,5494.600466870368,6056.827944648145
2025-09-28,3,4936.924003971194,5570.333703477367,243.11544999999967,0.0,2941.644998062501,6056.827944648145,10800.0
2025-09-28,4,11717.64439535494,0.0,7283.685346249999,0.0,12730.75720652924,10800.0,2707.016281944444
2025-09-28,5,20810.64581633333,5252.051158333333,1095.5347086666668,0.0,14872.9412120735,2707.016281944444,6216.601537037037
2025-09-29,0,16944.798582540017,2957.3733833333326,332.26276666666695,0.0,7522.825933221535,6216.601537037037,8509.056730185186
2025-09-29,1,12917.081720591144,3248.8356907819,4782.515098524089,11.922871666666538,7103.110843434792,8509.056730185186,6119.10318686213
2025-09-29,2,1196.3592033401255,3676.632860006792,2938.5964333333327,0.0,541.0927145341875,6119.10318686213,6162.965612720095
2025-09-29,3,5541.083601579024,5352.514195743106,162.2055499999999,0.0,3449.800594169615,6162.965612720095,10800.0
2025-09-29,4,13290.506756324068,18.169328333333624,5920.200622750004,0.0,14792.330839638693,10800.0,4238.351703555551
2025-09-29,5,16954.294323916667,3167.2772322500005,2853.8411249999995,5.620383333333393,11806.978708586359,4238.351703555551,3917.9666292472175
2025-09-30,0,19116.736775630663,4906.949233963996,180.13167499999997,0.0,8067.535456976186,3917.9666292472175,8134.074634259258
2025-09-30,1,11993.094402345674,2941.9698656790083,5566.230530000001,0.0,6279.874362140516,8134.074634259258,4597.1469244814725
2025-09-30,2,2785.058018333332,4087.15795,3070.2477685333247,376.47314813334174,3495.914239363614,4597.1469244814725,4864.20267
2025-09-30,3,5933.989463724279,6066.613596666665,715.6644531716078,0.0,3317.629532275287,4864.20267,9528.972181253763
2025-09-30,4,12941.284503371606,311.6378099382723,6320.554939899999,0.0,14429.690930650373,9528.972181253763,2786.6073880870954
2025-09-30,5,17098.592124419,2410.113333333333,1513.8232243617194,571.4298178859483,16342.682560251458,2786.6073880870954,3273.683583240741
2025-10-01,0,20396.40442973251,6238.47720473251,72.49268333333328,0.0,9024.573331683157,3273.683583240741,8807.765641574075
2025-10-01,1,12650.898896563782,2812.5256428395005,4401.496851666666,0.0,6559.7080677671265,8807.765641574075,6448.486662722219
2025-10-01,2,2904.3246743394425,6755.6902512963,1555.7470999999998,0.0,1059.9025184493287,6448.486662722219,10800.0
2025-10-01,3,4959.7687153497955,77.88111111111195,63.08369999999991,0.0,2503.8723829797887,10800.0,10800.0
2025-10-01,4,12990.22670873271,61.09888833333332,5041.087276311334,0.0,13893.9274440804,10800.0,5253.780914709625
2025-10-01,5,15349.85661728395,2249.857350617284,2136.2111666666665,0.0,10752.582792003364,5253.780914709625,4905.084567302219
2025-10-02,0,18269.443496207412,4204.4070295407455,145.37856666666642,0.0,7744.530273492707,4905.084567302219,8527.51915314815
2025-10-02,1,11636.875516449998,2699.8702249999997,5082.183038550001,0.0,6147.53694521848,8527.51915314815,5310.532312814819
2025-10-02,2,2554.519552981619,6599.124983333333,2184.154066666666,0.0,1033.8915662383044,5310.532312814819,8822.906945962968
2025-10-02,3,3784.4430268312726,2196.7700600411467,0.0,0.0,2304.364361740159,8822.906945962968,10800.0
2025-10-02,4,14139.872731480142,181.76977499999987,4318.60914266152,0.0,15157.009423207288,10800.0,6165.1381945427565
2025-10-02,5,15300.37330041152,2835.7243587448547,2722.0034750000004,0.0,10237.204690308115,6165.1381945427565,5692.84181185757
2025-10-03,0,12938.165370994853,4367.719566666666,1575.4393040051448,0.0,4258.480002037894,5692.84181185757,7873.301306296301
2025-10-03,1,3274.6837116666666,244.21796166666678,5283.04065,0.0,1171.6047995231665,7873.301306296301,2223.0523051296354
2025-10-03,2,0.0,9529.941883189296,0.0,0.0,0.0,2223.0523051296354,10800.0
2025-10-03,3,0.0,0.0,0.0,0.0,0.0,10800.0,10800.0
2025-10-03,4,3440.3387633708307,31.506549382716507,5156.727746300003,0.0,2448.201700854089,10800.0,5098.6583985555535
2025-10-03,5,15995.190711995889,8054.9079286625565,2280.0980833333333,0.0,6867.826462766867,5098.6583985555535,9814.63321953704
2025-10-04,0,8825.784472416664,1901.3807416666668,3236.138952583336,0.0,2886.6384845206994,9814.63321953704,7930.165939722223
2025-10-04,1,3168.1764783333333,69.4769783333333,5943.11045,0.0,1062.504353012,7930.165939722223,1389.23916466667
2025-10-04,2,0.0,10456.400928148141,0.0,0.0,0.0,1389.23916466667,10800.0
2025-10-04,3,0.0,0.0,0.0,0.0,0.0,10800.0,10800.0
2025-10-04,4,4058.0391049833297,16.685053497941325,4919.147794999999,0.0,3110.595564241861,10800.0,5349.296775925925
2025-10-04,5,16264.527754012346,8167.415220679013,2351.162533333333,0.0,6991.221903439049,5349.296775925925,10087.567659722223
2025-10-05,0,14763.27230383333,1886.9080833333333,1359.447812833336,0.0,6422.271421026015,10087.567659722223,10275.287364907406
2025-10-05,1,9941.09122934671,518.4710119125562,4823.515299232512,0.0,5445.367124426066,10275.287364907406,5382.449832037025
2025-10-05,2,377.9637964814845,4478.205878148152,2104.956233333333,0.0,143.5554325570938,5382.449832037025,7073.994863111103
2025-10-05,3,2971.7237053497956,4140.005707654331,0.0,0.0,2101.9405679964184,7073.994863111103,10800.0
2025-10-05,4,13963.37815743333,69.3828013374492,4046.521926513981,0.0,14962.300549055204,10800.0,6366.309047299281
2025-10-05,5,14078.114431833334,1613.8890318333338,2896.6778666666664,0.0,9427.4869879037,6366.309047299281,4600.278212986319
2025-10-06,0,19181.333377340303,5132.850219006972,113.48749166666664,0.0,8493.377930731765,4600.278212986319,9093.746197129632
2025-10-06,1,10250.788498333333,1922.4670349999994,5970.444386666666,0.0,5278.103240849216,9093.746197129632,4190.1394323333325
2025-10-06,2,0.0,3634.0278666666663,2343.1486,0.0,0.0,4190.1394323333325,4857.266067888889
2025-10-06,3,2498.256405576136,5095.961338909469,53.508600000000115,0.0,1794.3705331663252,4857.266067888889,9384.177272907407
2025-10-06,4,14636.903083266663,480.97585348333257,3611.141820216669,0.0,16231.82742692179,9384.177272907407,5804.675740801666
2025-10-06,5,14256.888616666665,2489.302333333333,3662.999033333333,0.0,8750.824897648334,5804.675740801666,3975.0489148757397
2025-10-07,0,21455.76679351255,7388.232951845883,20.873458333333247,0.0,9384.176983780348,3975.0489148757397,10601.265840055552
2025-10-07,1,9410.837433703706,2278.134503703707,7224.112053333333,0.0,4764.705150559359,10601.265840055552,4624.795723018521
2025-10-07,2,0.0,2958.354283333333,3067.2156166666664,0.0,0.0,4624.795723018521,3879.29722616667
2025-10-07,3,2749.304519877129,6266.798534877131,97.50546666666696,0.0,1692.1909155632195,3879.29722616667,9411.076500148678
2025-10-07,4,14156.047238333333,516.8834589498517,3763.9815372831845,0.0,15301.968094246658,9411.076500148678,5694.069905111121
2025-10-07,5,17209.708208333333,4816.827516666665,2822.9565583333324,0.0,10795.127235467498,5694.069905111121,6892.596271962974
2025-10-08,0,16465.40562953805,3669.0325809897804,1313.058018118394,0.0,7180.351794232642,6892.596271962974,8735.772241388895
2025-10-08,1,10732.490013333332,995.17745,5005.944136666667,0.0,5874.563302357165,8735.772241388895,4069.2717945370446
2025-10-08,2,2124.8302066666665,5521.7762416666665,2374.6329333333333,0.0,1041.7964723508333,4069.2717945370446,6400.389375000009
2025-10-08,3,3433.0655540569883,4888.456249999989,61.71255000000065,0.0,2063.6934066444023,6400.389375000009,10731.4305
2025-10-08,4,12996.636775433342,76.18833333333289,5004.33455195001,0.0,13981.835483411869,10731.4305,5239.6282756110995
2025-10-08,5,17533.04675039999,5239.043617066659,2906.0116166666667,0.0,10642.123928528468,5239.6282756110995,6725.865734674797
2025-10-09,0,18447.342515258453,4394.316165258453,66.23356666666689,0.0,8295.135596839391,6725.865734674797,10607.157431555552
2025-10-09,1,9636.942495473251,646.0385654732511,5658.983603333333,0.0,5247.021042962212,10607.157431555552,4900.832581222219
2025-10-09,2,1331.897292551444,4730.738242551444,2567.888566666667,0.0,604.6389231225945,4900.832581222219,6305.287481000001
2025-10-09,3,3791.489452654323,5028.030926460904,27.463783333333254,0.0,2233.89603691218,6305.287481000001,10800.0
2025-10-09,4,12922.685872249993,17.85685499999954,4842.3518760833385,0.0,13889.477138332675,10800.0,5435.680196074071
2025-10-09,5,17385.88903261317,5213.244874279836,3124.0477999999994,0.0,10386.725294435391,5435.680196074071,6656.436360703702
2025-10-10,0,12351.30545516365,4767.710255163651,2795.2471333333337,0.0,4128.76432721236,6656.436360703702,7841.54544220284
2025-10-10,1,2846.8523890333327,57.2209666666667,6007.253802482558,91.61922515077539,1271.3263070694636,7841.54544220284,1218.317865
2025-10-10,2,0.0,10646.313483333333,0.0,0.0,0.0,1218.317865,10800.0
2025-10-10,3,0.0,0.0,0.0,0.0,0.0,10800.0,10800.0
2025-10-10,4,3035.4386602833347,54.639340283335514,5631.309946666667,0.0,2211.696908211353,10800.0,4592.1643544031485
2025-10-10,5,14975.815796810697,7212.834163477366,2636.8064000000013,0.0,6234.813777592565,4592.1643544031485,8153.930212643889
2025-10-11,0,11636.104941666665,3334.1505166666666,1922.987325,0.0,3999.065326744166,8153.930212643889,9018.013094310558
2025-10-11,1,2334.023002537166,126.70337500000005,6865.951039129501,0.0,829.0806206031134,9018.013094310558,1503.211643888892
2025-10-11,2,0.0,10329.764840123455,0.0,0.0,0.0,1503.211643888892,10800.0
2025-10-11,3,0.0,0.0,0.0,0.0,0.0,10800.0,10800.0
2025-10-11,4,3305.38238678292,20.23497499999985,5563.835293333332,0.0,2396.8802907323065,10800.0,4636.172262685188
2025-10-11,5,15804.094194238683,7909.886327572018,2405.157733333333,0.0,6772.786923320371,4636.172262685188,9082.672476018524
2025-10-12,0,15652.307794444438,1933.396727777772,218.11568333333378,0.0,6625.691279530274,9082.672476018524,10580.378771759262
2025-10-12,1,10770.871222304528,1244.696257304529,5022.046868333333,20.929933333333338,6104.595677683164,10580.378771759262,6120.553327407412
2025-10-12,2,0.0,3319.349649999999,2647.553833333333,0.0,0.0,6120.553327407412,6166.241530925931
2025-10-12,3,3731.6782121865713,5215.359801028797,54.05881666666653,0.0,2351.0743088323698,6166.241530925931,10800.0
2025-10-12,4,12547.649920466662,36.47144567901091,5750.550725212347,0.0,13424.404812354438,10800.0,4443.323495319614
2025-10-12,5,17838.83545,4660.663258333334,2288.097075,0.0,11228.268050375833,4443.323495319614,6095.59034448628
2025-10-13,0,18985.300734459684,5064.467176126353,52.80607499999974,0.0,8303.607277505558,6095.59034448628,10594.93738633333
2025-10-13,1,9987.236638333332,467.17918166666664,5025.67646,0.0,5511.881926483499,10594.93738633333,5431.313694277772
2025-10-13,2,1248.0387066666667,5056.212966666667,2780.094033333333,0.0,557.700427008,5431.313694277772,6892.911993907403
2025-10-13,3,3758.1982262757224,4517.366261913585,191.49557500000014,0.0,2049.0954680409213,6892.911993907403,10745.76876851852
2025-10-13,4,14081.13402127675,199.453515432096,4245.400184916663,0.0,15495.043138242068,10745.76876851852,6208.16561583334
2025-10-13,5,17236.584550102874,5627.377166852873,3720.741200083333,0.0,9713.693303526537,6208.16561583334,7138.648177019446
2025-10-14,0,17027.60051938168,3169.6138693816815,240.542775,0.0,7437.758183680526,7138.648177019446,9724.030909462963
2025-10-14,1,10863.916687883942,1665.8437083333333,5956.005875449389,0.0,5895.775316896863,9724.030909462963,4605.505940908087
2025-10-14,2,0.0,2869.7378833333337,3064.955346817278,421.20360318272117,2201.0770624537377,4605.505940908087,3782.764095000001
2025-10-14,3,4155.314510802468,6258.986255802467,121.61456833333295,0.0,2286.3526719469933,3782.764095000001,9280.724427074074
2025-10-14,4,13268.841099982717,36.08375666666598,4866.514973350616,0.0,14464.326606028191,9280.724427074074,3905.9609487956113
2025-10-14,5,17921.56420201722,5521.214051399938,2489.0133866320994,551.4468960839497,14476.092413260829,3905.9609487956113,6109.483165464332
2025-10-15,0,17978.800596459387,3928.009088126052,142.1376583333332,0.0,7918.187627890956,6109.483165464332,9486.7606132963
2025-10-15,1,11529.08182988517,1656.3646679518365,5068.658938066666,0.0,6573.552271460963,9486.7606132963,5345.645549934435
2025-10-15,2,662.5766566666666,3144.5995233333333,3103.3341,0.0,332.0804872113333,5345.645549934435,4727.636120934434
2025-10-15,3,3669.4018151719974,4893.185915171997,340.89144999999974,0.0,2314.6664859323696,4727.636120934434,8752.735166811455
2025-10-15,4,12133.401759353022,413.9570833333329,6142.700007313643,0.0,13019.8816032258,8752.735166811455,2300.0743114629613
2025-10-15,5,17974.30720564911,5261.5875752300735,1111.3759527309605,1382.7612001833345,19829.201797144702,2300.0743114629613,5800.640959468959
2025-10-16,0,18678.628324334903,4767.343532771113,302.39571666666643,0.0,8005.215544666407,5800.640959468959,9755.25489822222
2025-10-16,1,11262.100647263376,1069.7163205967074,4939.425623333331,0.0,6286.1647476047165,9755.25489822222,5229.748894166669
2025-10-16,2,1633.5453541353982,4741.025024135399,3481.2896,0.0,786.70097942053,5229.748894166669,5628.571860332972
2025-10-16,3,4296.887092818928,5746.031266296696,1461.2080871810717,0.0,2584.227671684127,5628.571860332972,9176.435458687698
2025-10-16,4,12661.358625183331,0.0,5813.640374816668,0.0,13941.391920565262,9176.435458687698,2716.8350422247354
2025-10-16,5,16558.943230637862,4718.813418137862,1403.0195046689287,1886.917749497738,21768.389023729953,2716.8350422247354,5404.856557805557
2025-10-17,0,11909.515353891662,2758.6846416666663,1117.3665711083358,0.0,3975.6961753520313,5404.856557805557,6646.154322962959
2025-10-17,1,4713.675071666667,848.8669083333333,5182.2097533333335,0.0,1610.4334015916666,6646.154322962959,1652.123703425921
2025-10-17,2,0.0,10164.306996193422,0.0,0.0,0.0,1652.123703425921,10800.0
2025-10-17,3,0.0,0.0,0.0,0.0,0.0,10800.0,10800.0
2025-10-17,4,3122.893893333335,184.97632714317774,5842.683617143175,0.0,2282.9345977908665,10800.0,4474.60800871422
2025-10-17,5,14313.683409362138,6797.308801028806,2977.3419245094638,4.877933823869284,6136.787795701525,4474.60800871422,7284.02823574074
2025-10-18,0,11212.034746166666,2796.532058333333,1855.0675454999991,0.0,3717.501435553433,7284.02823574074,7739.720926574074
2025-10-18,1,3919.1317666666664,65.25010000000015,5215.4637,0.0,1382.6140609191666,7739.720926574074,2003.4863499074095
2025-10-18,2,0.0,9800.622162654316,21.64166666666665,0.0,0.0,2003.4863499074095,10800.0
2025-10-18,3,155.35931500000055,0.0,0.0,0.0,81.1342744058336,10800.0,10800.0
2025-10-18,4,3606.003881666665,20.225180000000023,5604.535318333334,0.0,2653.7855799089994,10800.0,4590.941197185183
2025-10-18,5,14860.099655349795,7263.963022016462,2697.64855,0.0,5970.120399234949,4590.941197185183,8131.12063922222
2025-10-19,0,16158.691300431276,2868.991606831274,785.250289733332,0.0,6972.832641341646,8131.12063922222,9840.712763444442
2025-10-19,1,11152.810855946504,1377.6783826131712,5380.572209999999,0.0,6348.4572607704995,9840.712763444442,5102.209741129631
2025-10-19,2,3017.3115241563737,4879.041504156374,3235.949583333332,0.0,1358.597891747479,5102.209741129631,5897.847557833333
2025-10-19,3,6737.928522366253,6136.737505699591,732.3676199999995,0.0,4481.8211929652225,5897.847557833333,10607.169512962962
2025-10-19,4,12782.182113333334,27.224538333333157,5840.143108333333,0.0,14081.158051693,10607.169512962962,4142.623699314815
2025-10-19,5,17444.779295,4858.702358333334,2700.250504383334,108.72287561666356,11270.923196535712,4142.623699314815,5515.177483611113
2025-10-20,0,18943.750041666666,5071.372283333333,158.3983750000001,0.0,8254.460559726665,5515.177483611113,9903.414344166666
2025-10-20,1,11345.740666028809,1559.9170677777824,5273.905868415639,0.0,6485.297837613656,9903.414344166666,5447.444295815961
2025-10-20,2,2243.601961893,4084.2887418929995,3822.699866234365,637.0467670989686,4447.805037200102,5447.444295815961,4875.8598677037
2025-10-20,3,5310.251236193414,6358.979292860081,282.3085666666668,0.0,3273.296126508034,4875.8598677037,10285.265046092587
2025-10-20,4,13362.865694916669,346.54625999999985,5215.038748416664,0.0,14543.734360690984,10285.265046092587,4802.669181851845
2025-10-20,5,17279.041066152262,5093.837636068927,3256.2497303333266,19.959856250006396,10328.473395590023,4802.669181851845,5769.0677983879605
2025-10-21,0,17624.177877511316,3742.0228108446518,137.30206666666697,0.0,7508.016271730267,5769.0677983879605,8984.330476296296
2025-10-21,1,13419.064670474703,2556.1375724984355,4601.198552023732,0.0,8095.756397931082,8984.330476296296,6172.411455962962
2025-10-21,2,1472.9417854306535,2619.665035430654,4135.743399999999,0.0,825.3630488915845,6172.411455962962,3934.839543406107
2025-10-21,3,6567.92922357345,6691.960695240116,689.8303833333334,0.0,4336.250140318865,3934.839543406107,9191.12596541851
2025-10-21,4,13287.788987500002,438.8512289999993,5273.235874833331,0.0,14558.49544405585,9191.12596541851,3726.9410994814734
2025-10-21,5,17051.134596478212,4814.523613144881,2364.260739533326,766.7577938000072,15254.407333177709,3726.9410994814734,5433.055974052615
2025-10-22,0,19191.058091666666,5804.51525,708.095325,0.0,8275.736148213333,5433.055974052615,9870.347115719283
2025-10-22,1,12528.316343542361,2987.3019935423617,5707.626766666666,0.0,7458.375935241614,9870.347115719283,6217.111391388888
2025-10-22,2,3661.226140329215,5020.169453662549,4515.400252249999,285.52045775000005,3540.557454797321,6217.111391388888,5718.152508296294
2025-10-22,3,5355.756315617284,5792.1369660905375,178.62701833333335,0.0,3352.364373874064,5718.152508296294,10732.601312962963
2025-10-22,4,12792.264663866665,16.69250000000011,5767.958069466668,0.0,14053.97890369054,10732.601312962963,4338.782263555553
2025-10-22,5,16620.905976091042,4479.268492757708,2924.8069126999976,172.10405396666866,10941.404867799685,4338.782263555553,5120.338448481939
2025-10-23,0,19548.71886701596,5454.611000349291,63.63418333333277,0.0,8289.790554112911,5120.338448481939,9958.783700648153
2025-10-23,1,12477.564746707812,1802.3657850411455,4542.880099999999,0.0,7353.409886924644,9958.783700648153,6533.268351629629
2025-10-23,2,4211.5550299999995,6402.469446666667,4083.179883333333,0.0,1948.1774142648333,6533.268351629629,7758.624316592594
2025-10-23,3,6077.762633333339,3792.4561012551403,375.4193940999977,0.0,3786.3519921294596,7758.624316592594,10754.702147611113
2025-10-23,4,12095.031701666665,68.8298092386812,6288.043486666667,0.0,13070.963190432165,10754.702147611113,3829.933990740742
2025-10-23,5,17580.245323712134,4519.435241028803,2095.263567316668,0.0,11345.061715209824,3829.933990740742,5569.355077314811
2025-10-24,0,13304.758823792186,3982.8297949588527,930.2485711666657,0.0,4478.13784275674,5569.355077314811,8120.292369259263
2025-10-24,1,3591.132388333333,77.57985833333316,6200.7051366666665,0.0,1245.9552561765,8120.292369259263,1300.44186768519
2025-10-24,2,0.0,10364.124966666666,90.39768091667099,14.294435749995728,65.93308489685529,1300.44186768519,10527.71247
2025-10-24,3,32.64001216416423,302.54169999999954,38.37600450250238,0.0,19.47303125714038,10527.71247,10757.359994997221
2025-10-24,4,3585.7795575524988,0.0,5888.922925780834,0.0,2755.1477944802264,10757.359994997221,4214.112299685186
2025-10-24,5,13791.858146707822,6188.4951633744895,2714.041619716668,137.00736361666526,6142.790986481318,4214.112299685186,6768.15614703704
2025-10-25,0,13390.238433466664,4887.664468245636,1755.7812514456386,0.0,4784.855930522243,6768.15614703704,9216.186111296296
2025-10-25,1,2942.2023233333334,763.1119916666668,7139.656784999999,0.0,1030.0262863799999,9216.186111296296,1970.0349204629592
2025-10-25,2,0.0,9692.618666666665,47.14250000000004,0.0,0.0,1970.0349204629592,10641.011164907402
2025-10-25,3,37.01266000000004,176.6542612139973,5.975023333333297,0.0,22.444477024000026,10641.011164907402,10793.361085185184
2025-10-25,4,3722.372725966667,22.423238683128297,5722.157096533331,0.0,2764.369932212587,10793.361085185184,4455.589670518523
2025-10-25,5,12447.43960493827,4880.970854579604,2909.753899641333,0.0,4873.581987504768,4455.589670518523,5615.403551149798
2025-10-26,0,18667.726085554805,4725.502143888138,217.63437500000015,0.0,8078.515361679285,5615.403551149798,9626.539508426898
2025-10-26,1,12901.089786165794,1933.203854649127,4201.037485149998,0.0,7747.825677676838,9626.539508426898,6698.603549666673
2025-10-26,2,2955.410042783331,4903.524469449997,3697.118316666666,0.0,1450.2907164496755,6698.603549666673,7003.866331430931
2025-10-26,3,5592.486755781889,4797.280845735183,469.2771833333335,0.0,3618.986738926905,7003.866331430931,10800.0
2025-10-26,4,12273.989575,0.0,6335.605711666668,0.0,13289.070530998499,10800.0,3760.4380981481463
2025-10-26,5,17885.41463666667,4669.450900000001,2012.8294633333314,0.0,11613.967507929834,3760.4380981481463,5726.466726666667
2025-10-27,0,16804.084149176953,3006.5715575102877,274.03594999999996,0.0,7282.00424759928,5726.466726666667,8127.896739537037
2025-10-27,1,14695.8421140135,3337.1841333333336,4086.7661026531678,0.0,8757.742869110392,8127.896739537037,6590.511234366852
2025-10-27,2,2829.0836678357964,5272.05455,3567.9684833333326,0.0,1154.2605109390197,6590.511234366852,7370.950903440927
2025-10-27,3,6317.567922416666,4549.3428850656355,843.4910009166651,0.0,3914.187259167784,7370.950903440927,10528.147276759262
2025-10-27,4,13780.686313843828,16.425695000000132,5117.1196478228385,0.0,15163.470916333974,10528.147276759262,4857.241904678333
2025-10-27,5,16830.1563414397,4996.345791950197,3359.1813882105002,151.69276229999656,10654.21289538015,4857.241904678333,5621.5293527551785
2025-10-28,0,18702.14926607449,4897.174107741161,397.2231500000004,0.0,7929.6554283851065,5621.5293527551785,9587.626994166669
2025-10-28,1,13414.511759279843,1101.8601892798433,3120.7142133333323,0.0,8479.660176568463,9587.626994166669,7111.8409274814885
2025-10-28,2,1958.935444017232,4215.3002573505655,4263.6385666666665,0.0,885.209638321413,7111.8409274814885,6168.2349739118135
2025-10-28,3,6215.471802893005,5762.377827340781,498.9375166666665,0.0,4358.797005949207,6168.2349739118135,10800.0
2025-10-28,4,12743.17646109054,17.920493292180595,5915.208812076126,0.0,13771.657448348398,10800.0,4243.674208322825
2025-10-28,5,17075.895569805914,4310.538111389253,2469.02457491667,0.0,10963.95715992216,4243.674208322825,5379.797869776851
2025-10-29,0,18376.47776386934,4530.142480536011,48.87742500000013,0.0,8075.432647062885,5379.797869776851,9402.617852259258
2025-10-29,1,13943.393604583332,1881.640313374487,3464.491720416667,0.0,8407.975969649458,9402.617852259258,7246.6588893888875
2025-10-29,2,1798.325487057606,2550.1951203909393,5228.007283333332,0.0,978.3019039024468,7246.6588893888875,3732.9375162592532
2025-10-29,3,6233.414066934159,5735.522866934159,863.8585333333334,0.0,4218.143178740189,3732.9375162592532,7935.065281685181
2025-10-29,4,12980.673582166668,70.13870499999996,5877.706106166664,0.0,14208.530271183516,7935.065281685181,1467.4055537777765
2025-10-29,5,17630.15783475308,5011.989143086417,251.92677189999893,2439.2226364333346,26563.64011759578,1467.4055537777765,5698.277147111108
2025-10-30,0,18150.957757839507,4261.829849506176,102.54810833333329,0.0,8009.734545635983,5698.277147111108,9419.981669074074
2025-10-30,1,14295.301035249999,2484.030465349791,3898.57390975,3.641833333333352,8699.40991194769,9419.981669074074,7323.860299277778
2025-10-30,2,3966.1842966666663,5926.602248333333,3877.7197333333334,0.0,2059.4841281356667,7323.860299277778,8349.224841296296
2025-10-30,3,6477.761076707828,3444.6934273662528,584.5040333333332,0.0,4269.560240837508,8349.224841296296,10800.0
2025-10-30,4,12781.427981783327,1.8752499999997099,6074.656184883338,0.0,14318.219387206365,10800.0,4052.0697417962883
2025-10-30,5,16841.001967385568,4131.857059052234,2561.6335916666667,0.0,10952.028837662354,4052.0697417962883,4924.4815486470025
2025-10-31,0,13347.820938540366,3640.218055207034,542.7543750000002,0.0,4447.071685176775,4924.4815486470025,7597.617381666667
2025-10-31,1,4783.271881666667,811.4958583333331,5955.12516,0.0,1663.5643538423333,7597.617381666667,1711.157920833334
2025-10-31,2,0.0,7937.6374166666665,106.15228333333334,0.0,0.0,1711.157920833334,8737.084614351854
2025-10-31,3,265.21657724950865,2292.1282062757164,0.0,0.0,157.26685694083486,8737.084614351854,10800.0
2025-10-31,4,4002.1537723438246,12.623598333333462,5804.457913322843,0.0,3026.997138812965,10800.0,4361.963557030179
2025-10-31,5,14706.7274276749,7300.520697685388,2814.373436677155,0.0,5996.167484329501,4361.963557030179,7805.350588639078
2025-11-01,0,9506.450284509809,1087.1221288683093,1946.9571776918342,0.0,3141.722897804115,7805.350588639078,6620.474751629628
2025-11-01,1,5366.456291666666,951.4743749999999,5316.792366666667,0.0,1761.0670011,6620.474751629628,1569.2546150555545
2025-11-01,2,0.0,8819.697366666665,95.4192333333333,0.0,0.0,1569.2546150555545,9400.960874685183
2025-11-01,3,171.31181653292305,1578.1836289506189,19.193526666666685,0.0,93.77273177183812,9400.960874685183,10800.0
2025-11-01,4,3918.480927833332,92.39166166666644,5712.5229671666675,0.0,2928.174287929649,10800.0,4535.904754203707
2025-11-01,5,15393.2699095679,7818.669427526234,2727.990834625,0.0,6017.679690403561,4535.904754203707,8541.606311616208
2025-11-02,0,14928.692625584441,987.985908917774,268.7425499999998,0.0,6561.022956716276,8541.606311616208,9132.190796308865
2025-11-02,1,14019.365177572014,2481.155838333333,4195.491460761319,0.0,8787.974625679548,9132.190796308865,6703.573872185176
2025-11-02,2,4773.109614999999,5273.0799333333325,4681.760756666666,0.0,2475.746360176833,6703.573872185176,6247.389415888881
2025-11-02,3,7674.893643820558,6206.5909370781965,929.9891333333329,0.0,4804.690005729461,6247.389415888881,10800.0
2025-11-02,4,13303.102277958416,3.705699999999979,5830.029240374916,0.0,14613.683966944518,10800.0,4325.524862916758
2025-11-02,5,17610.02195020825,5239.958042901234,2881.999409359649,0.0,10906.649051243114,4325.524862916758,5839.265535572704
2025-11-03,0,17337.861897785453,4028.8008227854552,811.4227749999998,0.0,7634.1468695485955,5839.265535572704,8563.605414968502
2025-11-03,1,14860.211951773068,3450.020195106403,4151.015610000001,0.0,9111.862377347505,8563.605414968502,7056.384023897597
2025-11-03,2,4107.280688344233,4307.291433344232,4039.491578333332,0.0,2595.095915846471,7056.384023897597,6444.622337981482
2025-11-03,3,7438.799535288065,5304.725653271608,421.332215,0.0,5238.186091673547,6444.622337981482,10750.72852037037
2025-11-03,4,13506.27382,57.042780144032704,5600.472664999999,0.0,14993.718873785832,10750.72852037037,4579.319616944442
2025-11-03,5,17056.496706291167,4427.286742,2588.8519857088304,0.0,10752.004182777058,4579.319616944442,5687.375478401296
2025-11-04,0,19489.72126453354,5525.788706200205,131.02327499999978,0.0,7952.878380614588,5687.375478401296,10515.003897314813
2025-11-04,1,13202.890434183333,1757.962039999999,4303.046305816665,21.977883333333466,8611.007788370669,10515.003897314813,7316.007171296297
2025-11-04,2,4843.2107781866325,5328.6276566666675,4096.671816666667,0.0,2862.820962126686,7316.007171296297,7559.914488222225
2025-11-04,3,6647.263223089091,4160.364231193412,462.8177549999999,0.0,4451.700638281962,7559.914488222225,10790.000346296296
2025-11-04,4,14433.779835803605,33.86447063786072,4738.916147529728,0.0,16163.932654400354,10790.000346296296,5555.015983726228
2025-11-04,5,15956.81358333333,4420.7945083333325,3779.4074916666664,0.0,9546.103927466665,5555.015983726228,5334.3893838188205
2025-11-05,0,17409.680501312425,3501.030684645758,220.5420499999998,0.0,7578.449134835539,5334.3893838188205,8240.270277777781
2025-11-05,1,15897.48945055,2757.816796666667,2768.5588644500003,0.0,10065.341899130312,8240.270277777781,7646.128878722222
2025-11-05,2,4554.465801992086,5287.631118333333,4997.535,0.0,2531.2594909204927,7646.128878722222,6852.180218555554
2025-11-05,3,7543.773397709701,5408.706588436215,828.0145333333325,0.0,5070.356604802509,6852.180218555554,10800.0
2025-11-05,4,14618.24460956255,36.37637366255092,4584.283548333334,0.0,16375.637428565682,10800.0,5739.090349259259
2025-11-05,5,16033.990886975926,4376.152399999999,3540.191979690739,0.0,9653.737424763896,5739.090349259259,5744.0808651584375
2025-11-06,0,18094.618120020663,4708.679308753997,725.3340053999998,0.0,7769.449444967782,5744.0808651584375,9175.965570370367
2025-11-06,1,14904.137642933332,1774.3000533333334,2753.627193733333,0.0,9696.10231144616,9175.965570370367,7713.249847555553
2025-11-06,2,3949.31538082305,4230.98092082305,5861.924862799998,152.68138220000122,3238.4609641102425,7713.249847555553,5007.882828740744
2025-11-06,3,7727.883986419752,6459.438644753085,297.8876166666664,0.0,5150.572779971505,5007.882828740744,10490.391368277782
2025-11-06,4,13969.525543136211,95.07881176954436,5045.472251966666,0.0,15666.999010897847,10490.391368277782,4969.88201890741
2025-11-06,5,15688.099848399175,3733.6998666666664,3535.908301600824,0.0,9957.187332712945,4969.88201890741,4401.424897128716
2025-11-07,0,14435.741798167486,4857.643,848.5774684991791,0.0,4846.919326933923,4401.424897128716,7830.4397432407395
2025-11-07,1,4799.150843333333,904.7279750000002,6328.908514999999,0.0,1721.3755840395,7830.4397432407395,1612.5743485185192
2025-11-07,2,0.0,6833.16915,391.45191366666734,114.23431966666574,574.431837535829,1612.5743485185192,7327.480012777777
2025-11-07,3,325.0930412345676,3858.3555413580243,0.0,0.0,199.8560936876418,7327.480012777777,10800.0
2025-11-07,4,4389.9940351333325,0.0,5680.300196666666,0.0,3266.97901231742,10800.0,4488.555337037037
2025-11-07,5,14697.461714197529,7233.290397530863,2784.766883333333,0.0,5898.8516427242275,4488.555337037037,7904.331268888888
2025-11-08,0,10352.080492982433,1780.7729833333337,1729.360107017566,0.0,3566.1296193832823,7904.331268888888,7585.515723869371
2025-11-08,1,4857.276801153369,1010.6651344867025,6061.301683333333,0.0,1618.620319089341,7585.515723869371,1760.3346967592543
2025-11-08,2,0.0,7303.997733333333,183.02918333333326,0.0,0.0,1760.3346967592543,8130.566897499994
2025-11-08,3,54.25755248333391,2966.0367805555625,55.02343084999927,0.0,31.404271377353666,8130.566897499994,10738.862854611112
2025-11-08,4,4003.442597266666,39.84323666666677,5786.958456066667,0.0,3030.2274104318485,10738.862854611112,4344.767927537038
2025-11-08,5,15613.229858333332,8158.223549999999,2741.349408333333,0.0,6356.195492711666,4344.767927537038,8641.225335500001
2025-11-09,0,16408.189543045264,2547.1063013786006,268.21829166666737,0.0,7024.0221710753485,8641.225335500001,10635.600682666667
2025-11-09,1,14737.476182100001,1037.7894516666665,2102.658436233331,0.0,10208.421180032272,10635.600682666667,9233.324037796301
2025-11-09,2,4587.681329526749,4997.85447952675,5204.296766666666,0.0,2689.987673772969,9233.324037796301,7948.8411064074135
2025-11-09,3,6932.241286810699,3945.7920130246844,1368.8711833333334,0.0,4791.328217763035,7948.8411064074135,9979.085936648149
2025-11-09,4,14413.996681666666,84.99241666666683,4879.822818333333,0.0,16180.937349196,9979.085936648149,4633.553757944448
2025-11-09,5,17829.168099916664,6188.892583333333,3090.1983821500035,518.3268179333302,13337.545121277688,4633.553757944448,6770.003325000002
2025-11-10,0,17341.193716666665,3453.2096,120.13770000000034,0.0,7711.721323069166,6770.003325000002,9744.405631666667
2025-11-10,1,15625.742945091355,1782.517199691357,2321.0146879333342,0.0,10638.575059512592,9744.405631666667,8769.765902574072
2025-11-10,2,4282.084305777106,4534.05853911044,5860.820083333333,0.0,2641.0417472020777,8769.765902574072,6338.396272958655
2025-11-10,3,6821.914874236409,4873.970374753076,1225.794050516666,0.0,5050.238867180142,6338.396272958655,9362.976220773458
2025-11-10,4,13528.405279874762,4.052565473250866,6096.494668931821,0.0,15189.463000370168,9362.976220773458,2592.740564219583
2025-11-10,5,19001.098724240463,6267.849754115225,1322.2689854642908,1260.8244444104723,19220.820336715344,2592.740564219583,6764.617581296296
2025-11-11,0,18477.6320960288,4502.740679362135,74.61684999999977,0.0,8059.298500260525,6764.617581296296,10734.17658161111
2025-11-11,1,14596.696966983334,1012.3247139094608,2437.889585197733,0.0,10178.204070373731,10734.17658161111,8936.502618354367
2025-11-11,2,3140.24375400438,3929.8549648999237,5551.73078756221,0.0,1891.3956149838098,8936.502618354367,6304.782322806289
2025-11-11,3,8132.247396390869,5897.206836799598,731.0416283333338,0.0,5630.670521782499,6304.782322806289,10800.0
2025-11-11,4,13506.949501983336,26.83492526749035,5848.655406617486,0.0,14768.870326325281,10800.0,4325.645425387978
2025-11-11,5,15739.490259416665,3183.7826333333333,2785.74265725,0.0,10287.630486371709,4325.645425387978,4095.780176221313
2025-11-12,0,19060.46889777879,5218.388989445455,112.10724999999968,0.0,8445.860388435149,4095.780176221313,8667.766655611113
2025-11-12,1,16980.498264416667,3319.0114951234555,2593.6162372500003,3.1441666666668198,11161.853728596574,8667.766655611113,8773.081182055555
2025-11-12,2,5038.002705,5267.867803333333,5863.532233333332,0.0,2843.067060662167,8773.081182055555,6999.126390240742
2025-11-12,3,8278.05942497942,5519.326027304525,1049.8678333333335,0.0,5448.507989406363,6999.126390240742,10800.0
2025-11-12,4,13587.196234399997,87.2854966666664,5745.285562266668,0.0,15202.92689278455,10800.0,4494.906322259258
2025-11-12,5,16206.19545925926,3451.7160509259256,2454.2337249999996,0.0,10396.520784922603,4494.906322259258,4874.524406981481
2025-11-13,0,20171.566479338475,6120.299021005143,83.26923333333332,0.0,9005.841831602751,4874.524406981481,10290.272155515737
2025-11-13,1,15561.362904216667,2838.6267802499997,3233.0945593666647,0.0,10645.886223162866,10290.272155515737,9252.708969555553
2025-11-13,2,4493.239881277017,4844.897653971185,4888.626816666667,0.0,2575.8483477523196,9252.708969555553,8181.309284055546
2025-11-13,3,8792.396008333331,4437.19020084363,1237.3024183333332,0.0,6511.128155257165,8181.309284055546,10800.0
2025-11-13,4,15309.391134082267,0.0,4192.5236242510655,0.0,17527.817579624625,10800.0,6141.640417498815
2025-11-13,5,13928.910733333332,2506.9849916666662,3830.054391666667,0.0,8580.128241602499,6141.640417498815,4142.310919258073
2025-11-14,0,14010.886469713249,4208.316094713249,583.4684416666664,0.0,4810.639026527841,4142.310919258073,7281.497135981477
2025-11-14,1,5604.246398333334,902.5343150000006,5442.1833166666665,0.0,2016.0386499125002,7281.497135981477,2046.9076676296272
2025-11-14,2,0.0,6563.5851,262.9838,0.0,0.0,2046.9076676296272,7661.930035407406
2025-11-14,3,302.5876533333333,3486.7444051028824,100.54536333333351,0.0,185.73232465049998,7661.930035407406,10688.28292962963
2025-11-14,4,4485.421625745003,81.76186166666673,5729.967202588329,0.0,3292.7706382479573,10688.28292962963,4395.23838003149
2025-11-14,5,17109.54003737522,9696.154729041888,2782.040875,0.0,6561.261389023481,4395.23838003149,10030.621108391411
2025-11-15,0,9946.463429981059,972.4961083333333,1397.281061685607,0.0,3515.9256821044146,10030.621108391411,9353.333092907404
2025-11-15,1,3422.3399383333335,10.883333333333269,6993.504611666666,0.0,1220.3809872905001,9353.333092907404,1592.567413277774
2025-11-15,2,0.0,6303.727066666666,382.7614052833299,108.41092805000335,503.9548401490157,1592.567413277774,6840.631322962964
2025-11-15,3,394.43779166666627,4399.298530041149,0.0,0.0,245.45258117599977,6840.631322962964,10800.0
2025-11-15,4,4492.591069166668,147.04090534979605,5647.683329999999,0.0,3329.8088795984177,10800.0,4657.133114814818
2025-11-15,5,16231.435205661523,8874.357558744858,2933.1557280833345,0.0,6538.3024440341305,4657.133114814818,9384.992997592593
2025-11-16,0,14306.18776975308,1801.1594364197474,1416.4014166666666,0.0,6182.2020500462,9384.992997592593,9432.257138518515
2025-11-16,1,15998.100753756791,3027.951541790126,3160.858238033333,0.0,10775.280199312845,9432.257138518515,8645.348817203705
2025-11-16,2,4782.445730605342,4169.013599088676,6007.37962515,0.0,3204.157767686214,8645.348817203705,5722.594806216847
2025-11-16,3,8325.805262125315,6127.951245458648,670.9561633333335,0.0,6009.4255214309,5722.594806216847,10492.24407898148
2025-11-16,4,14409.230408333333,141.2637216666667,5375.84923,0.0,16327.984306316166,10492.24407898148,4646.215617370366
2025-11-16,5,19721.393153016666,7080.287288999999,2679.606085983332,0.0,11640.944288556355,4646.215617370366,8041.134081933329
2025-11-17,0,16595.071795171403,4417.702101637864,1914.9584444500024,0.0,7443.49028578928,8041.134081933329,9889.334368462953
2025-11-17,1,16289.539436810699,2629.921443580256,2378.192879999999,0.0,11222.130220507435,9889.334368462953,9613.827134351852
2025-11-17,2,4808.383599670788,5035.897503333334,6223.898316666666,0.0,2989.705115485831,9613.827134351852,7230.692313277779
2025-11-17,3,8145.035218271595,4991.932999650201,831.0888116666663,0.0,5731.948234175199,7230.692313277779,10800.0
2025-11-17,4,14269.00549265,16.73120833333303,5201.485650683331,0.0,15821.968575136281,10800.0,5035.629586740742
2025-11-17,5,18417.325875,6375.825316666666,3145.1029083333333,0.0,10858.531623769999,5035.629586740742,7279.313584703706
2025-11-18,0,15484.028035766663,1854.5459999999996,394.0585975666686,0.0,6729.985994642792,7279.313584703706,8510.562098518518
2025-11-18,1,17035.234386274693,3460.615559608027,2419.863973333333,0.0,10889.04659493762,8510.562098518518,8936.378354017592
2025-11-18,2,5235.131421666665,5090.972659999999,5692.532516666666,0.0,3264.0501261803324,8936.378354017592,7193.217618387962
2025-11-18,3,9423.395063063303,5346.323574219137,1084.4179516666663,0.0,7294.781210888353,7193.217618387962,10800.0
2025-11-18,4,14340.148903785388,93.76738333333276,5265.589262881277,0.0,16108.966877230776,10800.0,5033.735908465251
2025-11-18,5,17620.731211092592,5423.521758333332,3102.0778972407406,0.0,10643.767365393502,5033.735908465251,6468.152271808869
2025-11-19,0,17341.812366666665,3476.7285416666655,333.51147500000025,0.0,7850.708590164999,6468.152271808869,9226.639653753315
2025-11-19,1,17146.389730479856,2601.82355381319,1673.1930066666664,0.0,12079.592079042019,9226.639653753315,9709.177511444448
2025-11-19,2,5225.771180349794,4876.688088683127,6721.013376666666,0.0,3441.509452581397,9709.177511444448,6630.4041505185205
2025-11-19,3,9464.14709165,5809.12576281893,952.7556033499995,0.0,6991.517353890372,6630.4041505185205,10800.0
2025-11-19,4,14911.146156300003,118.13780082304396,4666.548740366663,0.0,16732.28370309015,10800.0,5721.269864777779
2025-11-19,5,18640.88622345679,6959.524277706789,3747.23785425,0.0,10667.789660916415,5721.269864777779,7821.2440988805565
2025-11-20,0,15593.70868663477,1804.294211634772,345.65570833333345,0.0,6721.577455059872,7821.2440988805565,9061.046991203704
2025-11-20,1,16247.511034773666,2000.282569773667,1708.4593183333332,0.0,10784.927304854888,9061.046991203704,8963.013172518526
2025-11-20,2,4728.492373333333,5110.9748899999995,5796.955733333333,0.0,2683.3063110004996,8963.013172518526,7121.828647592599
2025-11-20,3,9614.604420473246,6063.231532037026,1821.2882316666664,0.0,7261.960656148875,7121.828647592599,10555.083435685183
2025-11-20,4,14260.264348806584,242.26103047325114,5506.038148333333,0.0,15930.761785244165,10555.083435685183,4655.298198296293
2025-11-20,5,18142.718917780236,4184.868025,1399.1840905530976,0.0,12351.316981429245,4655.298198296293,6867.030431292851
2025-11-21,0,12422.605685189012,2902.1135518556785,1075.93935,0.0,4318.428749691464,6867.030431292851,8283.444461296298
2025-11-21,1,4695.3034099999995,14.353274999999883,5846.5117316666665,0.0,1657.7798932408332,8283.444461296298,1800.238262500003
2025-11-21,2,0.0,6408.778083333333,450.44919999999996,0.0,0.0,1800.238262500003,7067.6394263888915
2025-11-21,3,523.960755233334,4171.717921296292,19.966999999999985,0.0,314.63615235508377,7067.6394263888915,10800.0
2025-11-21,4,4750.950819601028,223.61749491769655,5569.4615419833335,0.0,3657.4099193252828,10800.0,4812.9651432222245
2025-11-21,5,15582.609222427987,8089.882755761321,2761.2622,0.0,6240.199590095888,4812.9651432222245,9025.790512296304
2025-11-22,0,11026.153617098757,2553.6904788271518,1991.4713249999998,0.0,3623.2442406428922,9025.790512296304,9111.366026574076
2025-11-22,1,4198.704321032099,12.701924999999903,6504.197603967901,0.0,1475.0220153459527,9111.366026574076,1895.911532443075
2025-11-22,2,0.0,5266.507166666666,609.8762833333334,0.0,0.0,1895.911532443075,5958.12766762826
2025-11-22,3,458.6525612345666,5379.858147079712,39.90650833333359,0.0,278.0356485941535,5958.12766762826,10755.659435185185
2025-11-22,4,4609.359855416667,37.692091666666784,5708.037002916665,0.0,3662.359644579722,10755.659435185185,4447.318981111111
2025-11-22,5,16713.880722633745,9179.882498050412,2809.534525416666,0.0,6846.06828415804,4447.318981111111,9587.508201115741
2025-11-23,0,15217.213954315841,1368.5373626491746,212.69864166666662,0.0,6744.463214867952,9587.508201115741,10582.860003425925
2025-11-23,1,15819.322999366665,1708.5234299999997,2254.288880633335,0.0,11362.620715555411,10582.860003425925,9615.765667500003
2025-11-23,2,4418.143895,4270.410761666667,7556.525883333333,0.0,2859.725709586,9615.765667500003,5062.995482629634
2025-11-23,3,9518.042190323218,7593.887611892994,987.7449,0.0,6981.78809214391,5062.995482629634,10800.0
2025-11-23,4,13704.646792392834,0.0,6053.00780275,0.0,15173.331743576151,10800.0,4074.435774722224
2025-11-23,5,20011.08238333333,6419.256758333333,1671.976541666667,0.0,12530.708886881666,4074.435774722224,7994.0151442592605
2025-11-24,0,16656.16055963375,4600.319580967085,2075.969421333335,0.0,7259.004548119497,7994.0151442592605,9827.670076759267
2025-11-24,1,17018.710638943616,1970.346877510287,1127.3917469000025,0.0,12249.840678573752,9827.670076759267,10348.324769962966
2025-11-24,2,4389.623920905348,4896.393899238681,5746.5156333333325,0.0,2647.834993463491,10348.324769962966,8370.06190890741
2025-11-24,3,9292.944167448555,3969.503658827154,1035.885195,0.0,6941.556124324928,8370.06190890741,10791.631651851852
2025-11-24,4,13375.536549083336,9.298164609052845,6335.379692583331,0.0,14612.977428266428,10791.631651851852,3760.689230462966
2025-11-24,5,19636.960256666665,6148.768074999998,2065.764418333333,0.0,12569.559022809332,3760.689230462966,6999.286699814818
2025-11-25,0,15785.418162654318,2455.164862654318,769.7069999999995,0.0,6831.763215240554,6999.286699814818,8353.705076203703
2025-11-25,1,18485.75187666667,4304.173195,2023.2399516666635,0.0,12565.316381853669,8353.705076203703,9979.416560962964
2025-11-25,2,5503.215263333332,4931.992788333333,6687.2232466666665,0.0,3616.7174848639984,9979.416560962964,6987.962018611112
2025-11-25,3,8932.793398600821,5570.097794135796,1080.9450299999996,0.0,6588.228397551136,6987.962018611112,10800.0
2025-11-25,4,13629.179885583333,71.41742000000045,6020.921351083332,0.0,14952.104811029167,10800.0,4174.363065685186
2025-11-25,5,17490.458949688684,3386.7328413580244,1292.0299916693389,0.0,11891.327721635465,4174.363065685186,5786.8337432748085
2025-11-26,0,17055.569967744657,3315.6184213613246,175.17860361666612,0.0,7216.023584953642,5786.8337432748085,8576.247429592593
2025-11-26,1,18963.898134166666,3473.391617448559,868.3653158333333,0.0,13096.675913537416,8576.247429592593,10737.44953437037
2025-11-26,2,3456.439399829501,3185.2799516666664,6887.195568503832,0.0,2319.836803627929,10737.44953437037,5951.761970310555
2025-11-26,3,9423.795010433332,6202.032803333332,1571.410526233332,0.0,7103.809893235063,5951.761970310555,9787.57979749574
2025-11-26,4,13276.673924553828,143.83383333333336,6373.892325446171,0.0,15048.565091529103,9787.57979749574,2834.927663666661
2025-11-26,5,18469.631227416667,3435.6747333333333,121.96002258333306,0.0,13235.532831427625,2834.927663666661,5791.523787462957
2025-11-27,0,18513.09302570175,5232.722884035084,694.6436166666665,0.0,7947.830879669199,5791.523787462957,9729.148142353793
2025-11-27,1,16754.939406122747,2084.521627755047,1730.9807365499962,0.0,11711.70609041701,9729.148142353793,9681.905677833334
2025-11-27,2,5403.885215496621,5020.873358829956,5890.79375,0.0,3666.2534884583292,9681.905677833334,7655.365311891404
2025-11-27,3,9316.488087524569,5076.352844174159,1745.6139701269492,0.0,7156.740573559759,7655.365311891404,10284.511793729316
2025-11-27,4,14353.810972181069,131.60385218106887,5492.271946666666,0.0,16085.223294317957,10284.511793729316,4300.4308755070915
2025-11-27,5,17260.361462433335,5026.935933333333,2815.4358272063823,184.19002702694672,11547.714757425034,4300.4308755070915,5696.411185277777
2025-11-28,0,15140.350872263369,5722.696213930036,923.0466416666662,0.0,5004.458032295516,5696.411185277777,9821.230398185178
2025-11-28,1,4530.819508333333,178.21103333333315,6386.525274999999,0.0,1568.7262979708332,9821.230398185178,2885.481133740731
2025-11-28,2,0.0,5011.078416666666,747.8469666666665,0.0,0.0,2885.481133740731,6564.510634666658
2025-11-28,3,575.9704025999998,4750.954552921823,36.33275906666688,0.0,371.29156643200656,6564.510634666658,10800.0
2025-11-28,4,4733.693947833332,69.45695975000109,5784.280945250002,0.0,3562.845158551638,10800.0,4435.532435719447
2025-11-28,5,15569.41982047737,8317.944320477369,2774.1048916666664,0.0,6096.188418069549,4435.532435719447,8839.34355563056
2025-11-29,0,11829.71660826583,3432.6035832658285,1834.892833333332,0.0,3995.857992484612,8839.34355563056,9889.916965754992
2025-11-29,1,3966.9642349999995,37.888709999999946,6800.935491666666,0.0,1327.8697272821664,9889.916965754992,2367.421814014252
2025-11-29,2,0.0,3963.703933333333,768.2192166666666,0.0,0.0,2367.421814014252,5081.178446606844
2025-11-29,3,687.4701579218095,4273.601443333333,143.3417854115237,0.0,448.5422525583757,5081.178446606844,8768.151095149595
2025-11-29,4,4823.777704411526,229.40105764486037,5451.0112199,0.0,3652.196813194345,8768.151095149595,2917.9329138077483
2025-11-29,5,16387.66908292181,8795.377799588478,1602.0751193436404,1249.288988989693,13293.40569959181,2917.9329138077483,9053.6894675
2025-11-30,0,15906.874615815452,2750.4282799382686,830.8655474561492,0.0,6733.672553685013,9053.6894675,10605.8909778265
2025-11-30,1,16614.080854031046,1134.678541008232,922.8020536438502,0.0,12163.507024202065,10605.8909778265,10601.766049574075
2025-11-30,2,5062.381824267192,4353.828109037867,7608.838884770674,0.0,3452.893293987592,10601.766049574075,6065.945920185184
2025-11-30,3,10196.67605223765,5790.155269320985,1943.6307337500007,0.0,8015.847967556324,6065.945920185184,9117.495958407399
2025-11-30,4,13109.262677830498,162.79531449716637,6868.118636666666,0.0,14381.667049487633,9117.495958407399,1632.7688118252195
2025-11-30,5,20641.925283966666,6925.132527263373,486.75620405936354,1164.6094559040093,20790.426760811446,1632.7688118252195,7324.54785962963
2025-12-01,0,17462.345741499994,3097.303208333333,948.4476668333368,0.0,8216.701542413532,7324.54785962963,9058.2900062037
2025-12-01,1,15400.980993135414,913.1215659670817,4088.384881165001,103.43420833333323,12466.756364471388,9058.2900062037,5337.44954761296
2025-12-01,2,7240.728403351632,5013.389046666666,3723.704592851663,4369.372615533332,33514.97346452818,5337.44954761296,5712.050142
2025-12-01,3,11440.798299651498,6071.253552984831,2283.9151166666657,0.0,9328.668340680388,5712.050142,8638.494876723385
2025-12-01,4,14711.667614583948,85.2890874999996,5167.586456249383,0.0,17030.571373541487,8638.494876723385,2973.492326307405
2025-12-01,5,15903.099557716048,3466.1574583333336,1685.4705480099985,1395.0339359406184,20904.998344889278,2973.492326307405,4220.288985462963
2025-12-02,0,21398.216476913578,6834.35012691358,770.5631833333334,0.0,9970.121192103463,4220.288985462963,9515.022784870373
2025-12-02,1,16473.49426640535,7.886227572015969,2125.3410944999987,0.0,13001.92500787764,9515.022784870373,7160.630284685192
2025-12-02,2,6222.045679850001,4366.817175,5364.567256216672,4165.23208226666,32354.819921362105,7160.630284685192,5130.1354575000005
2025-12-02,3,10682.597246666666,5575.565023333334,2583.5554466666663,0.0,8906.847423702166,5130.1354575000005,7277.526815537037
2025-12-02,4,13754.543732149998,92.04660499999977,5544.331884033335,1025.4986221499994,23590.58939345988,7277.526815537037,1200.0
2025-12-02,5,19465.752882427983,4797.543290761319,128.85197208333346,842.3832695833331,21146.133578677604,1200.0,5374.620103814817
2025-12-03,0,18551.052216666663,3555.177808333333,248.2089666666667,0.0,8418.640318875832,5374.620103814817,8298.492390574078
2025-12-03,1,20883.758486316867,3875.5474670164576,1607.3815316666696,0.0,15734.462476482073,8298.492390574078,10000.505631259257
2025-12-03,2,7714.8935133333325,5125.431428333333,7249.133414999999,0.0,6819.037254075666,10000.505631259257,6558.801233425926
2025-12-03,3,11187.181444793208,5301.165174876542,2435.443763416667,0.0,9494.980543184287,6558.801233425926,8623.801264796297
2025-12-03,4,14505.332717166664,27.883831666666765,5325.224681166667,0.0,16984.80654222688,8623.801264796297,2731.9804008888864
2025-12-03,5,19297.209191666665,4821.500466666666,1104.6978416666666,0.0,14084.2207375675,2731.9804008888864,5843.8887745925895
2025-12-04,0,19067.749075452677,4003.4429754526777,253.7483000000002,0.0,8904.856401557932,5843.8887745925895,9165.044896944444
2025-12-04,1,19876.041885,1934.451111666667,755.0841966666667,0.0,15175.374276326,9165.044896944444,10067.068456703706
2025-12-04,2,8164.817198333332,4883.437636666666,7795.699043333332,13.0156383333333,7484.844973480499,10067.068456703706,5800.27450377778
2025-12-04,3,12334.680915740739,6837.829554074071,1544.198418333333,0.0,10117.743898462017,5800.27450377778,10238.545082074075
2025-12-04,4,16229.9475843,68.49382166666624,4054.9495540333323,0.0,19545.279442636034,10238.545082074075,5794.690017092594
2025-12-04,5,17031.113208486626,3760.0019260699596,2353.1822509166655,0.0,11818.379059063787,5794.690017092594,6564.044805092595
2025-12-05,0,15718.193849897116,4754.427482304523,598.3496749999995,0.0,5793.8196506026425,6564.044805092595,10178.196566944445
2025-12-05,1,6588.733067201646,845.6371338683123,7077.480633333332,0.0,2689.784235178825,10178.196566944445,3075.4026170555594
2025-12-05,2,2027.376866666667,5093.600565,1687.8623553500038,286.5609113166627,2198.7666960075803,3075.4026170555594,5784.2405085
2025-12-05,3,2893.1723808029783,5490.393795782402,162.01464664609023,0.0,1415.9325678693833,5784.2405085,10545.57865065295
2025-12-05,4,5081.846455466255,93.94967666666673,5796.7356378670775,0.0,4001.379315717556,10545.57865065295,4189.315984245088
2025-12-05,5,15850.763550777574,8234.858625777573,2738.3362500000003,0.0,6274.826248881065,4189.315984245088,8558.09291411157
2025-12-06,0,12902.413981645579,3725.9926566455797,2408.553624999999,0.0,4710.431274028917,8558.09291411157,9235.315610648147
2025-12-06,1,8440.391486666666,1798.2094216666665,6265.747101666666,0.0,3569.0253870021666,9235.315610648147,3891.7628660740743
2025-12-06,2,1467.6777816666668,3120.9461816666667,2071.3541333333333,0.0,786.1209651493333,3891.7628660740743,4399.109836981482
2025-12-06,3,1339.1428993004142,4161.337465967081,100.78121666666664,0.0,812.7210630575717,4399.109836981482,8032.334426722223
2025-12-06,4,5319.0925758436215,684.4962758436216,6246.90295,0.0,4132.68975070008,8032.334426722223,1707.3777972037049
2025-12-06,5,16244.534535556379,8257.673285823048,511.5119174833345,2046.1473661166674,20406.04670491766,1707.3777972037049,8570.937179462966
2025-12-07,0,17499.880832078186,3376.8477737448534,1159.5138916666665,0.0,7852.640250703384,8570.937179462966,10321.751407314816
2025-12-07,1,18363.577070864194,1179.12309253086,1255.8312216666664,0.0,14345.797106329866,10321.751407314816,9987.594166518515
2025-12-07,2,7217.780803333333,4918.829158333333,7738.2325883333315,0.0,5938.596299483834,9987.594166518515,5816.504199759259
2025-12-07,3,11514.226490050154,5943.409786707817,2376.792016657662,0.0,9918.60841099017,5816.504199759259,8524.69298928778
2025-12-07,4,17359.939936633335,160.97734166666623,3165.7731383666655,0.0,20647.553605555328,8524.69298928778,5152.046887491483
2025-12-07,5,17306.168565123455,5551.144916666666,3698.6752956590017,164.63565588420767,11569.865890629488,5152.046887491483,6038.4380950925915
2025-12-08,0,19561.775347119343,4386.914380452676,44.744316666666805,0.0,9159.153486033118,6038.4380950925915,9936.945130092592
2025-12-08,1,21432.078713333332,1767.3605303497968,654.8126466666665,0.0,16474.5751538735,9936.945130092592,10800.0
2025-12-08,2,9621.452276666667,5443.554538333333,7038.240085,0.0,8216.715181096,10800.0,7878.932323388888
2025-12-08,3,13576.942957000616,5976.483447736623,2798.9433383333326,0.0,11255.790546145643,7878.932323388888,10147.83038375926
2025-12-08,4,16353.83285136283,314.75191471666574,3960.220913353834,0.0,18794.011514729013,10147.83038375926,6030.861647722222
2025-12-08,5,15985.997866666667,4362.764975,3780.018208333333,0.0,9479.322555936666,6030.861647722222,5757.329893740741
2025-12-09,0,20950.777725,5645.193657160492,34.20376666666664,0.0,9554.990124875832,5757.329893740741,10800.0
2025-12-09,1,19038.03442903333,1229.0108990329236,1571.8782643000036,0.0,14644.728129767896,10800.0,10159.578404351847
2025-12-09,2,8364.990012366665,5158.6429690976665,7198.453575064334,42.065721666666605,7413.478069590248,10159.578404351847,6804.075326468267
2025-12-09,3,13446.105188436213,7447.986876413853,2641.9581500000004,0.0,11028.886110155614,6804.075326468267,10571.75445968518
2025-12-09,4,16965.32057411955,207.4746133333333,3587.7520392137844,0.0,19898.146957449586,10571.75445968518,6772.090457003194
2025-12-09,5,13563.850575,1825.031308333334,3736.2374500000005,0.0,8394.499097747499,6772.090457003194,4263.24369005875
2025-12-10,0,22163.445366601387,6785.858983268055,96.69975000000011,0.0,10049.918983362695,4263.24369005875,10263.072608333332
2025-12-10,1,20947.831844999997,1378.961992798355,633.7245616666667,0.0,16355.952269772166,10263.072608333332,10800.0
2025-12-10,2,8150.284041666666,4898.576483333332,6967.447398333333,0.0,7093.546165104666,10800.0,7467.110614629631
2025-12-10,3,14036.920318266457,7181.314772189091,3019.5011824,0.0,12207.686148441957,7467.110614629631,10575.292595822033
2025-12-10,4,15961.644847516662,132.53087333333315,4336.2184758166695,0.0,18448.807116586882,10575.292595822033,5876.549853136841
2025-12-10,5,14960.097508333332,2494.867083333333,3001.0177083333333,0.0,9816.387974325,5876.549853136841,4787.466107766472
2025-12-11,0,22440.81843333333,6707.069561329435,21.445841666666638,0.0,10115.785884684166,4787.466107766472,10800.0
2025-12-11,1,20157.362775259473,779.9340308641979,631.7465650000001,0.0,15667.803500862192,10800.0,10800.0
2025-12-11,2,9864.183068333332,5696.569459999999,6979.962636666666,0.0,8522.382240138166,10800.0,8171.398473259259
2025-12-11,3,14695.763849958845,5366.757128477371,1981.3318999999997,0.0,12042.005310782359,8171.398473259259,10800.0
2025-12-11,4,16608.091316016667,71.36832777777713,3874.284792316667,0.0,19088.842291807327,10800.0,6559.470614648149
2025-12-11,5,16743.102500205758,5024.952033539094,3754.7194250000002,0.0,9756.648389021686,6559.470614648149,6910.016972611113
2025-12-12,0,16198.021905432097,4351.870092160491,24.03004999999979,0.0,5719.04220136803,6910.016972611113,10800.0
2025-12-12,1,7585.09094919753,705.4537469135802,6491.790768333333,0.0,3327.3310005686044,10800.0,4221.807518518518
2025-12-12,2,2892.108493333333,4868.008343333333,1975.0492166666663,0.0,1372.3012770318333,4221.807518518518,6408.5158978888885
2025-12-12,3,3898.31900514403,4879.426780123456,1.6149527166699045,0.0,2174.528332321095,6408.5158978888885,10798.205608092589
2025-12-12,4,5594.902982716049,82.53488401234833,5507.8012033333325,0.0,4478.721193522907,10798.205608092589,4752.70788888889
2025-12-12,5,16619.582575823042,9072.781875823044,2850.4009,0.0,6770.211942240658,4752.70788888889,9751.09946601852
2025-12-13,0,13325.370754423866,1377.465624176948,171.73667499999988,0.0,5036.848433756171,9751.09946601852,10800.0
2025-12-13,1,8520.181868991769,1400.538955761317,6382.750543333332,0.0,4004.4385920220275,10800.0,4968.540012037039
2025-12-13,2,1396.9262112345682,3518.863694567902,2066.0163333333335,0.0,614.9742133125866,4968.540012037039,5839.943633444447
2025-12-13,3,4280.907434984773,5697.264449547323,150.73347423333445,0.0,2217.185027141469,5839.943633444447,10800.0
2025-12-13,4,5407.975966976133,158.23084890946484,5423.467681933331,0.0,4326.73800829403,10800.0,4916.332561870373
2025-12-13,5,17309.989013252714,9744.787305502716,2953.856150583333,0.0,7105.051512314397,4916.332561870373,10404.578747285781
2025-12-14,0,15919.559292007569,594.4187170075706,125.60003333333339,0.0,7048.007058553789,10404.578747285781,10800.0
2025-12-14,1,19730.716817815028,1680.2792640143682,1361.0262038516375,0.0,15708.01983788688,10800.0,10800.0
2025-12-14,2,8395.084325518303,4893.036085,7803.978526148363,0.0,7508.445183900189,10800.0,6532.6452252240415
2025-12-14,3,14062.768394000002,7273.13614483337,2233.8408993333273,0.0,12106.692368958138,6532.6452252240415,10596.422311870376
2025-12-14,4,16824.47122963496,333.75069919551447,4463.262897031705,0.0,19456.414094780685,10596.422311870376,5937.616944444444
2025-12-14,5,13618.528390469144,1835.3662083333334,3762.194401197521,0.0,8580.239901260129,5937.616944444444,3409.230530613866
2025-12-15,0,23817.74053542904,8211.966077095703,0.0,0.0,10865.269696599162,3409.230530613866,10800.0
2025-12-15,1,21550.640668333333,0.0,0.0,0.0,16782.494284689834,10800.0,10800.0
2025-12-15,2,10572.411566666666,5386.365921666665,7184.951473333333,0.0,9771.744560200832,10800.0,7664.449914685185
2025-12-15,3,14953.542070433374,6630.791144176954,2548.94575,0.0,13060.431283027978,7664.449914685185,10800.0
2025-12-15,4,16787.078622839505,88.60347283950694,3783.4848766666664,0.0,19370.1038575273,10800.0,6675.8710403703735
2025-12-15,5,16369.581521848142,4340.997548148149,3422.4413846333387,0.0,10046.95112370187,6675.8710403703735,6780.0561841111075
2025-12-16,0,20094.108931543215,4466.604239876545,0.0,0.0,9108.254344139526,6780.0561841111075,10800.0
2025-12-16,1,21576.209281591186,177.99548568989542,144.1763434088149,0.0,16694.97077266037,10800.0,10800.0
2025-12-16,2,10351.818126742146,5190.0892933333325,6845.758643257855,0.0,9740.367275018609,10800.0,7864.6818714912715
2025-12-16,3,15617.89437129732,6352.938095359491,2504.0935415833333,0.0,13339.413048523593,7864.6818714912715,10800.0
2025-12-16,4,16057.989439874691,80.7230896913585,4494.033697749999,0.0,18478.423588214526,10800.0,5879.280005444448
2025-12-16,5,19833.33460069066,7489.3656833333325,3174.865074309337,0.0,11532.185205418778,5879.280005444448,9092.081260100738
2025-12-17,0,18328.036896595884,2633.8027151144074,596.2533333333333,0.0,8614.716543709426,9092.081260100738,10800.0
2025-12-17,1,21139.387704999997,713.1150699588476,577.6232066666669,0.0,16752.863206248832,10800.0,10800.0
2025-12-17,2,11833.051375,6145.998998333333,6145.475505,0.0,11143.193030855666,10800.0,9503.092981833332
2025-12-17,3,15065.408222683329,3856.86802358025,1956.8467827500017,0.0,12562.400613838385,9503.092981833332,10800.0
2025-12-17,4,16846.626894150002,37.74205701646554,3466.3883479899187,0.0,19587.429088789697,10800.0,6982.425242437133
2025-12-17,5,17021.587766666664,5107.183708333332,3628.092641666666,0.0,9935.287823198332,6982.425242437133,7547.676533640837
2025-12-18,0,19909.784209843514,3662.377946160388,39.435016666666456,0.0,9128.45771637222,7547.676533640837,10800.0
2025-12-18,1,20481.919469033335,16.607772798353025,13.452295966665474,0.0,16180.936743090992,10800.0,10800.0
2025-12-18,2,9576.319385966666,5198.319645,7853.053470699999,0.0,8399.63901498139,10800.0,6752.872713055558
2025-12-18,3,16003.051876488891,7321.385889691351,2287.9080123999956,0.0,12828.358847263258,6752.872713055558,10800.0
2025-12-18,4,16349.712864670328,50.21423662551509,4216.769807629669,0.0,18696.971188431766,10800.0,6159.893026707774
2025-12-18,5,17581.056905166664,5756.9636635,3666.6601416666667,0.0,10355.824623623183,6159.893026707774,7267.093499783699
2025-12-19,0,16748.28324046667,5204.310967318524,1035.8760333333335,0.0,5978.940587135348,7267.093499783699,10800.0
2025-12-19,1,10322.196646666667,429.39430166666637,4018.3259716666653,0.0,5459.614347859334,10800.0,6721.648236314815
2025-12-19,2,3872.525533333332,6336.572883333333,2020.936783333333,0.0,1759.831854529666,6721.648236314815,10179.078516500002
2025-12-19,3,2919.450421466455,782.6727244650142,75.13557166666669,0.0,1627.3937280430177,10179.078516500002,10800.0
2025-12-19,4,5668.633445428836,118.40390944999905,5457.18002568783,0.0,4432.415510728379,10800.0,4843.030156629633
2025-12-19,5,16552.412824416664,8876.391375,2955.52661725,0.0,6709.651017693566,4843.030156629633,9547.863930518522
2025-12-20,0,13905.023176481478,2567.2722068312746,952.5680249999999,0.0,5271.6204956462025,9547.863930518522,10800.0
2025-12-20,1,9890.057266666665,975.7011103292159,4888.311735000001,0.0,5051.357819009332,10800.0,6246.673515962962
2025-12-20,2,3898.6104966666667,6075.323433333333,2476.2596166666667,0.0,1805.2950449346667,6246.673515962962,8963.06503188889
2025-12-20,3,3925.0516648971193,2123.1705818518517,66.52669999999989,0.0,1921.204258508006,8963.06503188889,10800.0
2025-12-20,4,5746.249577866664,79.22708716049603,5182.504768800002,0.0,4519.686603020251,10800.0,5112.9657464444435
2025-12-20,5,17332.890204692383,9544.79948960905,2797.050401583333,0.0,6856.182720271969,5112.9657464444435,10595.45150755555
2025-12-21,0,15857.172441399181,299.1232837860156,171.82066131687338,0.0,7223.075639687061,10595.45150755555,10673.750617055326
2025-12-21,1,19437.386706198162,2008.760020722689,1513.4711721351705,0.0,15119.795306665672,10673.750617055326,10800.0
2025-12-21,2,10872.576334999998,5567.267266666665,7160.590336666665,0.0,10067.32887483283,10800.0,7854.329054814816
2025-12-21,3,15419.737036193415,6026.472223045266,2230.3386499999997,0.0,13007.959499783696,7854.329054814816,10800.0
2025-12-21,4,16363.764466433331,95.39091088477024,4411.122510233334,0.0,18482.313971750464,10800.0,5984.6045862037
2025-12-21,5,18384.223916666666,6714.173049999999,3697.5281999999997,0.0,10569.445889145833,5984.6045862037,7918.995664537033
2025-12-22,0,18242.78270795885,2845.0856162921827,121.3890749999997,0.0,8594.936952894106,7918.995664537033,10344.695969199998
2025-12-22,1,19956.603897983336,1033.9571009094643,427.73162401666525,0.0,15645.50282580107,10344.695969199998,10800.0
2025-12-22,2,9912.186382783333,5336.253743333334,6859.0496505500005,0.0,8871.246624417288,10800.0,7981.462090611112
2025-12-22,3,14524.04801367366,6188.292271748967,2475.8326216666665,0.0,12595.746301026595,7981.462090611112,10800.0
2025-12-22,4,16753.194436516664,102.2852316666681,3831.763001816667,0.0,19449.216182706914,10800.0,6634.542262037039
2025-12-22,5,15103.7457855,3472.4662,3924.1878061666666,0.0,9109.045074492982,6634.542262037039,5399.553168518521
2025-12-23,0,21882.046679423864,6019.895224279833,15.71298333333334,0.0,10181.560176992374,5399.553168518521,10800.0
2025-12-23,1,19592.35360770823,767.0937365843639,621.3459266333335,0.0,15256.332976891157,10800.0,10800.0
2025-12-23,2,8832.04910235,5232.037365,7208.480030983332,0.0,7847.700381703375,10800.0,7499.411371851853
2025-12-23,3,14862.003552139913,6961.228105349794,2668.0649999999996,0.0,12308.090204057859,7499.411371851853,10800.0
2025-12-23,4,16005.62296761317,72.75933127571732,4407.264441666667,0.0,18301.16405611502,10800.0,5968.522907407409
2025-12-23,5,17572.61800833333,5799.95465,3667.3546583333327,0.0,10334.117622404166,5968.522907407409,7113.643583148149
2025-12-24,0,19692.211964094648,4251.320677263374,141.53606666666644,0.0,9099.781161488394,7113.643583148149,10782.569896388888
2025-12-24,1,19373.360572083333,117.40503230452816,79.41098291666606,0.0,15262.624329435375,10782.569896388888,10800.0
2025-12-24,2,10298.121934999997,5392.010868333333,6977.175845000001,0.0,8997.58075886333,10800.0,7900.392175944446
2025-12-24,3,15090.08690294238,6337.493646069958,2523.7228116666665,0.0,12639.169784409205,7900.392175944446,10800.0
2025-12-24,4,16357.982793083334,50.35461316872255,4126.627618583331,0.0,18920.42098096845,10800.0,6260.177353425927
2025-12-24,5,19223.682991666665,7421.169158333333,3653.0548666666664,0.0,10901.509532769167,6260.177353425927,8880.279744074076
2025-12-25,0,17324.13030277345,3031.9025743948546,1031.029561333336,0.0,7855.198525295105,8880.279744074076,10463.403659547967
2025-12-25,1,19291.651967766666,548.5658061606928,141.40159658333323,0.0,15348.557402665525,10463.403659547967,10800.0
2025-12-25,2,9101.605443333334,5233.189131666667,7210.624421666666,0.0,8152.864048806,10800.0,7498.065305537038
2025-12-25,3,15531.756906666666,6408.977987674897,2219.5309450000004,0.0,13105.012237228166,7498.065305537038,10800.0
2025-12-25,4,15996.133921666666,114.60713333333274,4572.913896666667,0.0,18276.555677784996,10800.0,5822.130979259258
2025-12-25,5,16055.01861664609,4385.963399979424,3712.7662666666665,0.0,9587.569513576054,5822.130979259258,5644.202187388889
2025-12-26,0,17554.15441339506,6496.207415246912,621.709975,0.0,6579.031280605018,5644.202187388889,10800.0
2025-12-26,1,7317.125883827161,467.06584858024786,6078.093445,0.0,3310.87709339508,10800.0,4466.922102611111
2025-12-26,2,3157.1909385185227,5653.084903518523,2115.4717833333334,0.0,1287.6266056878903,4466.922102611111,7204.174312074078
2025-12-26,3,3697.612338333333,4237.709159423862,196.30129999999997,0.0,2017.6078851273332,7204.174312074078,10800.0
2025-12-26,4,5655.3786756851805,11.554810699589224,5297.330664500005,0.0,4514.026919410482,10800.0,4924.47636907407
2025-12-26,5,17342.655017999998,9758.6526,2696.5140486666664,0.0,6878.964300439333,4924.47636907407,10711.13698833333
2025-12-27,0,12239.074932529842,615.0547454732543,539.0434749999998,0.0,4306.848406507356,10711.13698833333,10665.749064814814
2025-12-27,1,8344.127188333334,833.8675000000021,5639.734918333333,0.0,3693.088887512833,10665.749064814814,5149.857683333331
2025-12-27,2,3084.1329646368213,5067.985386303489,2052.1798166666663,0.0,1400.1263430094546,5149.857683333331,7430.844734710175
2025-12-27,3,4885.31498441667,3813.906309169765,57.02437166666675,0.0,2637.977278939936,7430.844734710175,10800.0
2025-12-27,4,5481.695876172838,10.85279166666669,5476.591865,0.0,4389.049608663338,10800.0,4724.665440277778
2025-12-27,5,17503.098466916665,9964.379858333332,2897.05807475,0.0,6738.977875983833,4724.665440277778,10473.653896388887
2025-12-28,0,15888.030890123458,436.3485924897151,136.1406833333332,0.0,7310.318557893643,10473.653896388887,10715.100203703703
2025-12-28,1,19243.501283627575,1125.2401297530885,835.034688433333,0.0,15049.093352767952,10715.100203703703,10800.0
2025-12-28,2,10816.47069611666,5854.430791666668,7109.937272216673,0.0,9694.523752468767,10800.0,8169.057410037032
2025-12-28,3,15398.292134699996,5092.930627057617,1757.4254769500021,0.0,12737.257750650755,8169.057410037032,10800.0
2025-12-28,4,16072.511421748972,39.572785802469795,4416.741671584361,0.0,18274.047274234188,10800.0,5928.124761017373
2025-12-28,5,16272.599526166676,4376.697458333332,3397.0581738333226,0.0,9793.8663429018,5928.124761017373,6092.643391480348
2025-12-29,0,21001.927615021836,5338.175737861341,87.30139999999994,0.0,9499.173697437604,6092.643391480348,10800.0
2025-12-29,1,19473.049411995882,34.29320987654269,27.777499999999918,0.0,15178.672708963622,10800.0,10800.0
2025-12-29,2,8445.228964016667,5233.271209999999,6985.011764316664,0.0,7295.456584889528,10800.0,7748.819906425929
2025-12-29,3,14517.659639642385,6272.801873477363,2334.907433300001,0.0,12269.495628646426,7748.819906425929,10800.0
2025-12-29,4,16503.401150899997,89.81480452674874,3976.119126116463,0.0,19031.01661471855,10800.0,6462.923183944669
2025-12-29,5,17469.151862139915,5008.8234999999995,3101.9194378600823,0.0,10980.14529217757,6462.923183944669,7524.287180766801
2025-12-30,0,17509.075181246764,3868.8509236541586,1395.0981666666667,0.0,7899.8395356676965,7524.287180766801,9456.14393798147
2025-12-30,1,20384.888172815845,2477.8650671605037,797.6002485833313,0.0,15402.722321308402,9456.14393798147,10800.0
2025-12-30,2,8761.059318333335,5147.207845,7937.812023333329,0.0,7466.544253186669,10800.0,6612.695923462967
2025-12-30,3,14301.568488703697,7173.286360761313,2080.4834033333327,0.0,11517.433340565993,6612.695923462967,10757.005422222222
2025-12-30,4,15984.739548333331,135.10145884773834,4393.1815799999995,0.0,18134.285995242997,10757.005422222222,5997.283868518521
2025-12-30,5,18033.163370207818,5732.8274249999995,3140.9042464588492,0.0,10934.628126843189,5997.283868518521,7666.93494384202
2025-12-31,0,18946.698793261952,3552.281513015041,57.58947500000011,0.0,8460.010464569814,7666.93494384202,10800.0
2025-12-31,1,18817.239832599997,404.95998444444547,347.0519724000005,0.0,14852.731471904739,10800.0,10778.850683333334
2025-12-31,2,8130.362524999997,4755.741636666665,8198.157168333333,0.0,7123.984291396164,10778.850683333334,5949.954635962963
2025-12-31,3,13725.095139999998,8189.413093333333,2709.0966333333336,0.0,11542.490518726332,5949.954635962963,10310.319049592596
2025-12-31,4,16456.459930599995,219.61710499999947,3851.7677744000025,0.0,19080.572317053924,10310.319049592596,6228.232472537032
2025-12-31,5,17544.531583333333,5743.524458333333,3758.5509749999997,0.0,10110.1397880075,6228.232472537032,7221.236735037033
