plan_day,time_index,issue_time,interval_start,interval_end,price_source_completed_at,price_model_id,selected_candidate,forecast_model_id,time_mapping,battery_interpretation,settlement_rule,residual_history_cutoff,planned_initial_energy_kwh,executed_initial_energy_kwh,planned_initial_source,load_actual_kw,pv_actual_kw,planned_grid_kwh,final_grid_kwh,up_kwh,down_kwh,charge_kwh,discharge_kwh,emergency_kwh,unused_supply_kwh,actual_soc_before_kwh,actual_soc_after_kwh,price_forecast_yuan_per_kwh,price_actual_yuan_per_kwh,base_cost_yuan,up_cost_yuan,down_cost_yuan,emergency_cost_yuan,ordinary_cost_yuan,cash_cost_yuan,confirmation_count,load_forecast_kw,pv_forecast_kw,release_used,natural_day,block_index
2025-02-11,123,2025-02-11T00:00:00,2025-02-11 20:40:00,2025-02-11 20:50:00,2025-02-04 20:50:00,PRICE-LAG7-COMPLETED,nocvar_g0.05,Q2V2-SW2-REC5,A,A,B,2025-02-11T00:00:00,6405.435918273153,6374.1671507731535,previous_confirmed_final_slot_and_issued_load_pv_forecast,4325.9289,0.0,0.0,0.0,0.0,0.0,0.0,616.9787348236115,104.00941517638842,0.0,1885.5319275817906,1200.0,1.31,1.3405,0.0,0.0,-0.0,697.1231052197434,0.0,697.1231052197434,1,4315.9955,0.0,18,2025-02-11,5
2025-02-11,124,2025-02-11T00:00:00,2025-02-11 20:50:00,2025-02-11 21:00:00,2025-02-04 21:00:00,PRICE-LAG7-COMPLETED,nocvar_g0.05,Q2V2-SW2-REC5,A,A,B,2025-02-11T00:00:00,6405.435918273153,6374.1671507731535,previous_confirmed_final_slot_and_issued_load_pv_forecast,4360.0927,0.0,683.5061833333332,683.5061833333332,0.0,0.0,0.0,0.0,43.17593333333343,0.0,1200.0,1200.0,1.1789,1.1373,777.3515823049999,0.0,-0.0,245.51994490000055,777.3515823049999,1022.8715272050003,1,4306.04245,0.0,18,2025-02-11,5
2025-02-12,103,2025-02-12T00:00:00,2025-02-12 17:20:00,2025-02-12 17:30:00,2025-02-05 17:30:00,PRICE-LAG7-COMPLETED,nocvar_g0.05,Q2V2-SW2-REC5,A,A,B,2025-02-12T00:00:00,3772.494313009259,3784.455676759259,previous_confirmed_final_slot_and_issued_load_pv_forecast,6086.8829,98.3015,976.57636,123.7936793749999,0.0,852.7826806250001,0.0,833.3333333333334,40.96988729166662,0.0,8911.903022152774,7985.977096226848,1.095,1.1389,1112.222816404,0.0,-485.61709748190634,233.30302318239558,626.6057189220937,859.9087421044893,1,6081.0375,62.80512,12,2025-02-12,4
2025-02-12,106,2025-02-12T00:00:00,2025-02-12 17:50:00,2025-02-12 18:00:00,2025-02-05 18:00:00,PRICE-LAG7-COMPLETED,nocvar_g0.05,Q2V2-SW2-REC5,A,A,B,2025-02-12T00:00:00,3772.494313009259,3784.455676759259,previous_confirmed_final_slot_and_issued_load_pv_forecast,5410.929,3.0148,894.9189183333334,50.37567027777766,0.0,844.5432480555558,0.0,833.3333333333334,17.610029722222293,0.0,7352.112613867279,6426.186687941353,1.1388,1.1526,1031.4835452710001,0.0,-486.7102738544168,101.48660128916707,544.7732714165834,646.2598727057505,1,5534.1111,1.5942599999999998,12,2025-02-12,4
2025-02-12,123,2025-02-12T00:00:00,2025-02-12 20:40:00,2025-02-12 20:50:00,2025-02-05 20:50:00,PRICE-LAG7-COMPLETED,nocvar_g0.05,Q2V2-SW2-REC5,A,A,B,2025-02-12T00:00:00,3772.494313009259,3784.455676759259,previous_confirmed_final_slot_and_issued_load_pv_forecast,4308.898,0.0,0.0,0.0,0.0,0.0,0.0,691.7934231833323,26.356243483334424,0.0,1968.6593590925913,1200.0,1.3101,1.2859,0.0,0.0,-0.0,169.45746747609869,0.0,169.45746747609869,1,4247.483,0.0,18,2025-02-12,5
2025-02-12,127,2025-02-12T00:00:00,2025-02-12 21:20:00,2025-02-12 21:30:00,2025-02-05 21:30:00,PRICE-LAG7-COMPLETED,nocvar_g0.05,Q2V2-SW2-REC5,A,A,B,2025-02-12T00:00:00,3772.494313009259,3784.455676759259,previous_confirmed_final_slot_and_issued_load_pv_forecast,4335.303,0.0,711.1141666666665,712.4252856249999,1.3111189583333953,0.0,0.0,9.512693999999897,0.6125203750001447,0.0,1210.5696599999999,1200.0,0.9262,0.9086,646.1183318333332,1.7869240283125845,-0.0,2.7826800636256572,647.9052558616457,650.6879359252714,1,4268.4985,0.0,18,2025-02-12,5
2025-02-12,128,2025-02-12T00:00:00,2025-02-12 21:30:00,2025-02-12 21:40:00,2025-02-05 21:40:00,PRICE-LAG7-COMPLETED,nocvar_g0.05,Q2V2-SW2-REC5,A,A,B,2025-02-12T00:00:00,3772.494313009259,3784.455676759259,previous_confirmed_final_slot_and_issued_load_pv_forecast,4544.56,0.0,749.0591666666666,749.0591666666666,0.0,0.0,0.0,0.0,8.367500000000177,0.0,1200.0,1200.0,0.9375,0.9358,700.9695681666666,0.0,-0.0,39.15153250000083,700.9695681666666,740.1211006666674,1,4457.055,0.0,18,2025-02-12,5
2025-02-12,129,2025-02-12T00:00:00,2025-02-12 21:40:00,2025-02-12 21:50:00,2025-02-05 21:50:00,PRICE-LAG7-COMPLETED,nocvar_g0.05,Q2V2-SW2-REC5,A,A,B,2025-02-12T00:00:00,3772.494313009259,3784.455676759259,previous_confirmed_final_slot_and_issued_load_pv_forecast,4655.1476,0.0,730.7487040833338,745.2350516395833,14.486347556249484,0.0,0.0,0.0,30.62288169375006,0.0,1200.0,1200.0,0.9549,1.0014,731.7717522690505,21.75994266424235,-0.0,153.32876864060657,753.5316949332928,906.8604635738993,1,4612.11225,0.0,18,2025-02-12,5
2025-02-13,101,2025-02-13T00:00:00,2025-02-13 17:00:00,2025-02-13 17:10:00,2025-02-06 17:10:00,PRICE-LAG7-COMPLETED,nocvar_g0.05,Q2V2-SW2-REC5,A,A,B,2025-02-13T00:00:00,6396.3647183773155,6421.685574858797,previous_confirmed_final_slot_and_issued_load_pv_forecast,6162.44,695.8125,883.3608057500006,73.39584812499982,0.0,809.9649576250008,0.0,833.3333333333334,4.37540187500008,0.0,10800.0,9874.074074074075,1.131,1.0952,967.4567544574006,0.0,-443.53681079545044,23.959700667500435,523.9199436619501,547.8796443294506,1,6197.675,545.1675,12,2025-02-13,4
2025-02-13,106,2025-02-13T00:00:00,2025-02-13 17:50:00,2025-02-13 18:00:00,2025-02-06 18:00:00,PRICE-LAG7-COMPLETED,nocvar_g0.05,Q2V2-SW2-REC5,A,A,B,2025-02-13T00:00:00,6396.3647183773155,6421.685574858797,previous_confirmed_final_slot_and_issued_load_pv_forecast,5454.3484,4.2292,883.3786703909473,65.02565361111101,0.0,818.3530167798363,0.0,833.3333333333334,9.99421305555552,0.0,9197.03237690969,8271.106450983765,1.1768,1.1557,1020.9207293708178,0.0,-472.88529074622835,57.75156014152756,548.0354386245895,605.786998766117,1,5579.91795,2.0606,12,2025-02-13,4
2025-02-13,123,2025-02-13T00:00:00,2025-02-13 20:40:00,2025-02-13 20:50:00,2025-02-06 20:50:00,PRICE-LAG7-COMPLETED,nocvar_g0.05,Q2V2-SW2-REC5,A,A,B,2025-02-13T00:00:00,6396.3647183773155,6421.685574858797,previous_confirmed_final_slot_and_issued_load_pv_forecast,4279.0138,0.0,0.0,0.0,0.0,0.0,0.0,684.1501640277792,29.01880263888745,0.0,1960.1668489197546,1200.0,1.3388,1.3218,0.0,0.0,-0.0,191.78526664040717,0.0,191.78526664040717,1,4389.3875,0.0,18,2025-02-13,5
2025-02-13,126,2025-02-13T00:00:00,2025-02-13 21:10:00,2025-02-13 21:20:00,2025-02-06 21:20:00,PRICE-LAG7-COMPLETED,nocvar_g0.05,Q2V2-SW2-REC5,A,A,B,2025-02-13T00:00:00,6396.3647183773155,6421.685574858797,previous_confirmed_final_slot_and_issued_load_pv_forecast,4404.7974,0.0,720.5349416666666,720.5349416666666,0.0,0.0,0.0,2.008760083333573,11.589198249999935,0.0,1202.2319556481484,1200.0,0.9114,0.8897,641.0599376008332,0.0,-0.0,51.554548415124714,641.0599376008332,692.6144860159579,1,4356.15535,0.0,18,2025-02-13,5
2025-02-13,129,2025-02-13T00:00:00,2025-02-13 21:40:00,2025-02-13 21:50:00,2025-02-06 21:50:00,PRICE-LAG7-COMPLETED,nocvar_g0.05,Q2V2-SW2-REC5,A,A,B,2025-02-13T00:00:00,6396.3647183773155,6421.685574858797,previous_confirmed_final_slot_and_issued_load_pv_forecast,4576.2919,0.0,735.6494333333333,735.6494333333333,0.0,0.0,0.0,7.129832287499494,19.93605104583394,0.0,1207.9220358749994,1200.0,0.9682,1.0153,746.9048696633333,0.0,-0.0,101.205363134176,746.9048696633333,848.1102327975093,1,4606.8484,0.0,18,2025-02-13,5
2025-02-16,63,2025-02-16T00:00:00,2025-02-16 10:40:00,2025-02-16 10:50:00,2025-02-09 10:50:00,PRICE-LAG7-COMPLETED,nocvar_g0.05,Q2V2-SW2-REC5,A,A,B,2025-02-16T00:00:00,10174.368098998459,10189.697498998457,previous_confirmed_final_slot_and_issued_load_pv_forecast,6726.3025,5793.3004,0.0,0.0,0.0,0.0,0.0,90.32039098333014,65.17995901666966,0.0,1300.355989981478,1200.0,1.0991,1.0734,0.0,0.0,-0.0,349.820840042466,0.0,349.820840042466,1,6723.1981,6445.55108,6,2025-02-16,2
2025-02-16,64,2025-02-16T00:00:00,2025-02-16 10:50:00,2025-02-16 11:00:00,2025-02-09 11:00:00,PRICE-LAG7-COMPLETED,nocvar_g0.05,Q2V2-SW2-REC5,A,A,B,2025-02-16T00:00:00,10174.368098998459,10189.697498998457,previous_confirmed_final_slot_and_issued_load_pv_forecast,6684.3033,5897.9189,28.445933333333414,28.445933333333414,0.0,0.0,0.0,0.0,102.61813333333328,0.0,1200.0,1200.0,0.989,0.9368,26.648150346666743,0.0,-0.0,480.6633365333331,26.648150346666743,507.31148687999985,1,6822.060299999999,6609.07742,6,2025-02-16,2
2025-02-19,57,2025-02-19T00:00:00,2025-02-19 09:40:00,2025-02-19 09:50:00,2025-02-12 09:50:00,PRICE-LAG7-COMPLETED,nocvar_g0.05,Q2V2-SW2-REC5,A,A,B,2025-02-19T00:00:00,5755.8292459760805,5773.177885976081,previous_confirmed_final_slot_and_issued_load_pv_forecast,6819.4961,5354.1142,0.0,0.0,0.0,0.0,0.0,91.23524570694651,152.99507095972018,0.0,1301.3724952299406,1200.0,1.0871,1.1442,0.0,0.0,-0.0,875.2848009605592,0.0,875.2848009605592,1,6981.98465,5462.8774,6,2025-02-19,2
2025-02-19,58,2025-02-19T00:00:00,2025-02-19 09:50:00,2025-02-19 10:00:00,2025-02-12 10:00:00,PRICE-LAG7-COMPLETED,nocvar_g0.05,Q2V2-SW2-REC5,A,A,B,2025-02-19T00:00:00,5755.8292459760805,5773.177885976081,previous_confirmed_final_slot_and_issued_load_pv_forecast,6912.8547,5543.3391,0.0,0.0,0.0,0.0,0.0,0.0,228.2525999999998,0.0,1200.0,1200.0,1.0729,1.1073,0.0,0.0,-0.0,1263.7205198999989,0.0,1263.7205198999989,1,6882.6282,5702.84538,6,2025-02-19,2
2025-02-19,59,2025-02-19T00:00:00,2025-02-19 10:00:00,2025-02-19 10:10:00,2025-02-12 10:10:00,PRICE-LAG7-COMPLETED,nocvar_g0.05,Q2V2-SW2-REC5,A,A,B,2025-02-19T00:00:00,5755.8292459760805,5773.177885976081,previous_confirmed_final_slot_and_issued_load_pv_forecast,6984.25,5714.25,0.0,0.0,0.0,0.0,0.0,0.0,211.66666666666652,0.0,1200.0,1200.0,1.0777,1.0261,0.0,0.0,-0.0,1085.9558333333325,0.0,1085.9558333333325,1,6786.754999999999,5844.6675000000005,6,2025-02-19,2
2025-02-19,60,2025-02-19T00:00:00,2025-02-19 10:10:00,2025-02-19 10:20:00,2025-02-12 10:20:00,PRICE-LAG7-COMPLETED,nocvar_g0.05,Q2V2-SW2-REC5,A,A,B,2025-02-19T00:00:00,5755.8292459760805,5773.177885976081,previous_confirmed_final_slot_and_issued_load_pv_forecast,6725.6262,6010.8518,0.0,0.0,0.0,0.0,0.0,0.0,119.12906666666663,0.0,1200.0,1200.0,1.1138,1.001,0.0,0.0,-0.0,596.2409786666664,0.0,596.2409786666664,1,6809.59145,5968.072859999999,6,2025-02-19,2
2025-02-19,61,2025-02-19T00:00:00,2025-02-19 10:20:00,2025-02-19 10:30:00,2025-02-12 10:30:00,PRICE-LAG7-COMPLETED,nocvar_g0.05,Q2V2-SW2-REC5,A,A,B,2025-02-19T00:00:00,5755.8292459760805,5773.177885976081,previous_confirmed_final_slot_and_issued_load_pv_forecast,6703.7161,6347.6532,0.0,0.0,0.0,0.0,0.0,0.0,59.3438166666665,0.0,1200.0,1200.0,1.0824,0.9849,0.0,0.0,-0.0,292.2386251749992,0.0,292.2386251749992,1,6845.71605,6097.39176,6,2025-02-19,2
2025-02-19,62,2025-02-19T00:00:00,2025-02-19 10:30:00,2025-02-19 10:40:00,2025-02-12 10:40:00,PRICE-LAG7-COMPLETED,nocvar_g0.05,Q2V2-SW2-REC5,A,A,B,2025-02-19T00:00:00,5755.8292459760805,5773.177885976081,previous_confirmed_final_slot_and_issued_load_pv_forecast,6925.07,6609.7875,0.0,0.0,0.0,0.0,0.0,0.0,52.547083333333376,0.0,1200.0,1200.0,1.0267,0.9853,0.0,0.0,-0.0,258.8732060416669,0.0,258.8732060416669,1,6829.475,6202.4475,6,2025-02-19,2
2025-02-19,63,2025-02-19T00:00:00,2025-02-19 10:40:00,2025-02-19 10:50:00,2025-02-12 10:50:00,PRICE-LAG7-COMPLETED,nocvar_g0.05,Q2V2-SW2-REC5,A,A,B,2025-02-19T00:00:00,5755.8292459760805,5773.177885976081,previous_confirmed_final_slot_and_issued_load_pv_forecast,6823.936,6747.8572,0.0,0.0,0.0,0.0,0.0,0.0,12.679799999999886,0.0,1200.0,1200.0,1.0581,1.0306,0.0,0.0,-0.0,65.33900939999941,0.0,65.33900939999941,1,6787.4349,6252.25416,6,2025-02-19,2
2025-02-19,130,2025-02-19T00:00:00,2025-02-19 21:50:00,2025-02-19 22:00:00,2025-02-12 22:00:00,PRICE-LAG7-COMPLETED,nocvar_g0.05,Q2V2-SW2-REC5,A,A,B,2025-02-19T00:00:00,5755.8292459760805,5773.177885976081,previous_confirmed_final_slot_and_issued_load_pv_forecast,4144.8396,0.0,665.037375,665.037375,0.0,0.0,0.0,3.713544556793522,22.055680443206484,0.0,1204.1261606186595,1200.0,0.815,0.7984,530.9658402,0.0,-0.0,88.04627632928029,530.9658402,619.0121165292803,1,4015.82245,0.0,18,2025-02-19,5
2025-02-19,131,2025-02-19T00:00:00,2025-02-19 22:00:00,2025-02-19 22:10:00,2025-02-12 22:10:00,PRICE-LAG7-COMPLETED,nocvar_g0.05,Q2V2-SW2-REC5,A,A,B,2025-02-19T00:00:00,5755.8292459760805,5773.177885976081,previous_confirmed_final_slot_and_issued_load_pv_forecast,3425.35,0.0,557.14635,557.14635,0.0,0.0,0.0,0.0,13.745316666666668,0.0,1200.0,1200.0,0.4778,0.4517,251.66300629499997,0.0,-0.0,31.043797691666665,251.66300629499997,282.7068039866666,1,3190.0299999999997,0.0,18,2025-02-19,5
2025-02-20,36,2025-02-20T00:00:00,2025-02-20 06:10:00,2025-02-20 06:20:00,2025-02-13 06:20:00,PRICE-LAG7-COMPLETED,nocvar_g0.05,Q2V2-SW2-REC5,A,A,B,2025-02-20T00:00:00,5355.985519814814,5318.367927222222,previous_confirmed_final_slot_and_issued_load_pv_forecast,5360.1711,5.3359,50.93706499999995,50.93706499999995,0.0,0.0,0.0,833.3333333333334,8.202134999999885,0.0,10800.0,9874.074074074075,1.0537,1.1221,57.15648063649994,0.0,-0.0,46.01807841749935,57.15648063649994,103.1745590539993,1,5248.7604,5.71986,6,2025-02-20,1
2025-02-22,49,2025-02-22T00:00:00,2025-02-22 08:20:00,2025-02-22 08:30:00,2025-02-15 08:30:00,PRICE-LAG7-COMPLETED,nocvar_g0.05,Q2V2-SW2-REC5,A,A,B,2025-02-22T00:00:00,10165.82400668519,10138.719884185191,previous_confirmed_final_slot_and_issued_load_pv_forecast,3633.8989,3392.3578,0.0,0.0,0.0,0.0,0.0,33.33740520833371,6.9194447916662725,0.0,1237.041561342593,1200.0,0.9171,0.9678,0.0,0.0,-0.0,33.483193346873094,0.0,33.483193346873094,1,3509.37185,3334.52564,6,2025-02-22,2
2025-02-24,36,2025-02-24T00:00:00,2025-02-24 06:10:00,2025-02-24 06:20:00,2025-02-17 06:20:00,PRICE-LAG7-COMPLETED,nocvar_g0.05,Q2V2-SW2-REC5,A,A,B,2025-02-24T00:00:00,6654.469662830254,6650.888296580254,previous_confirmed_final_slot_and_issued_load_pv_forecast,5309.1383,0.0,25.771686666666675,5.326342430555506,0.0,20.44534423611117,0.0,833.3333333333334,46.19670756944436,0.0,9902.770571296296,8976.844645370371,1.0672,1.0219,26.336086604666676,0.0,-10.446548637441001,236.04207732607597,15.889537967225674,251.93161529330163,1,5139.78945,3.7808,6,2025-02-24,1
2025-02-25,35,2025-02-25T00:00:00,2025-02-25 06:00:00,2025-02-25 06:10:00,2025-02-18 06:10:00,PRICE-LAG7-COMPLETED,nocvar_g0.05,Q2V2-SW2-REC5,A,A,B,2025-02-25T00:00:00,6282.3686152137325,6322.912680028548,previous_confirmed_final_slot_and_issued_load_pv_forecast,5302.21,0.0,37.24416666666673,14.820572499999912,0.0,22.423594166666817,0.0,833.3333333333334,35.547760833333314,0.0,10769.010622222222,9843.084696296297,1.0015,1.0411,38.77490191666673,0.0,-11.67260194345841,185.04386901791656,27.102299973208318,212.14616899112488,1,5085.205,0.0,6,2025-02-25,1
2025-02-25,38,2025-02-25T00:00:00,2025-02-25 06:30:00,2025-02-25 06:40:00,2025-02-18 06:40:00,PRICE-LAG7-COMPLETED,nocvar_g0.05,Q2V2-SW2-REC5,A,A,B,2025-02-25T00:00:00,6282.3686152137325,6322.912680028548,previous_confirmed_final_slot_and_issued_load_pv_forecast,5304.62,118.05,20.434166666666513,0.0,0.0,20.434166666666513,0.0,833.3333333333334,31.094999999999914,0.0,8915.643659413581,7989.717733487655,1.0043,1.0264,20.97362866666651,0.0,-10.486814333333255,159.57953999999955,10.486814333333255,170.0663543333328,1,5093.64,59.145,6,2025-02-25,1
2025-02-27,36,2025-02-27T00:00:00,2025-02-27 06:10:00,2025-02-27 06:20:00,2025-02-20 06:20:00,PRICE-LAG7-COMPLETED,nocvar_g0.05,Q2V2-SW2-REC5,A,A,B,2025-02-27T00:00:00,5536.533674395731,5534.843456803138,previous_confirmed_final_slot_and_issued_load_pv_forecast,5274.5613,0.0,34.053585000000304,34.053585000000304,0.0,0.0,0.0,833.3333333333334,11.70663166666634,0.0,9896.01514814815,8970.089222222225,1.1221,1.0228,34.83000673800031,0.0,-0.0,59.86771434333166,34.83000673800031,94.69772108133196,1,5236.5616,0.62368,6,2025-02-27,1
2025-02-27,56,2025-02-27T00:00:00,2025-02-27 09:30:00,2025-02-27 09:40:00,2025-02-20 09:40:00,PRICE-LAG7-COMPLETED,nocvar_g0.05,Q2V2-SW2-REC5,A,A,B,2025-02-27T00:00:00,5536.533674395731,5534.843456803138,previous_confirmed_final_slot_and_issued_load_pv_forecast,6878.54,5458.8375,0.0,0.0,0.0,0.0,0.0,72.61362469395362,164.0034586393797,0.0,1280.681805215504,1200.0,1.0676,1.0767,0.0,0.0,-0.0,882.9126195851005,0.0,882.9126195851005,1,7040.635,5678.715,6,2025-02-27,2
2025-02-27,57,2025-02-27T00:00:00,2025-02-27 09:40:00,2025-02-27 09:50:00,2025-02-20 09:50:00,PRICE-LAG7-COMPLETED,nocvar_g0.05,Q2V2-SW2-REC5,A,A,B,2025-02-27T00:00:00,5536.533674395731,5534.843456803138,previous_confirmed_final_slot_and_issued_load_pv_forecast,6906.9564,5689.9849,0.0,0.0,0.0,0.0,0.0,0.0,202.8285833333333,0.0,1200.0,1200.0,1.0643,1.0527,0.0,0.0,-0.0,1067.588248375,0.0,1067.588248375,1,6910.179550000001,5954.6417599999995,6,2025-02-27,2
2025-02-27,58,2025-02-27T00:00:00,2025-02-27 09:50:00,2025-02-27 10:00:00,2025-02-20 10:00:00,PRICE-LAG7-COMPLETED,nocvar_g0.05,Q2V2-SW2-REC5,A,A,B,2025-02-27T00:00:00,5536.533674395731,5534.843456803138,previous_confirmed_final_slot_and_issued_load_pv_forecast,6888.0639,5793.6877,0.0,0.0,0.0,0.0,0.0,0.0,182.3960333333332,0.0,1200.0,1200.0,1.0644,1.0743,0.0,0.0,-0.0,979.7402930499993,0.0,979.7402930499993,1,6832.0746500000005,6167.7484,6,2025-02-27,2
2025-02-27,59,2025-02-27T00:00:00,2025-02-27 10:00:00,2025-02-27 10:10:00,2025-02-20 10:10:00,PRICE-LAG7-COMPLETED,nocvar_g0.05,Q2V2-SW2-REC5,A,A,B,2025-02-27T00:00:00,5536.533674395731,5534.843456803138,previous_confirmed_final_slot_and_issued_load_pv_forecast,6878.21,6002.4375,0.0,0.0,0.0,0.0,0.0,0.0,145.96208333333334,0.0,1200.0,1200.0,1.0456,1.0711,0.0,0.0,-0.0,781.6999372916666,0.0,781.6999372916666,1,6857.52,6302.077500000001,6,2025-02-27,2
2025-02-27,60,2025-02-27T00:00:00,2025-02-27 10:10:00,2025-02-27 10:20:00,2025-02-20 10:20:00,PRICE-LAG7-COMPLETED,nocvar_g0.05,Q2V2-SW2-REC5,A,A,B,2025-02-27T00:00:00,5536.533674395731,5534.843456803138,previous_confirmed_final_slot_and_issued_load_pv_forecast,6919.1745,6420.8095,0.0,0.0,0.0,0.0,0.0,0.0,83.06083333333322,0.0,1200.0,1200.0,1.0236,1.0049,0.0,0.0,-0.0,417.33915708333274,0.0,417.33915708333274,1,6783.9557,6444.496,6,2025-02-27,2
2025-02-27,61,2025-02-27T00:00:00,2025-02-27 10:20:00,2025-02-27 10:30:00,2025-02-20 10:30:00,PRICE-LAG7-COMPLETED,nocvar_g0.05,Q2V2-SW2-REC5,A,A,B,2025-02-27T00:00:00,5536.533674395731,5534.843456803138,previous_confirmed_final_slot_and_issued_load_pv_forecast,6918.1459,6758.7749,0.0,0.0,0.0,0.0,0.0,0.0,26.561833333333425,0.0,1200.0,1200.0,1.0158,0.9352,0.0,0.0,-0.0,124.2031326666671,0.0,124.2031326666671,1,6832.5314,6634.661900000001,6,2025-02-27,2
2025-03-04,106,2025-03-04T00:00:00,2025-03-04 17:50:00,2025-03-04 18:00:00,2025-02-25 18:00:00,PRICE-LAG7-COMPLETED,cvar_t0.90_r0.05_g0.05,Q2V2-SW2-REC5,A,A,B,2025-03-04T00:00:00,6328.156398310957,6318.689560347994,previous_confirmed_final_slot_and_issued_load_pv_forecast,5282.1259,0.0,891.8785749999998,44.24363069444439,0.0,847.6349443055555,0.0,833.3333333333334,2.7773526388888286,0.0,9195.728568622193,8269.802642696268,1.1942,1.1128,992.4824782599999,0.0,-471.62408301161105,15.453190082777443,520.8583952483889,536.3115853311664,1,5512.8273,0.0,12,2025-03-04,4
2025-03-04,123,2025-03-04T00:00:00,2025-03-04 20:40:00,2025-03-04 20:50:00,2025-02-25 20:50:00,PRICE-LAG7-COMPLETED,cvar_t0.90_r0.05_g0.05,Q2V2-SW2-REC5,A,A,B,2025-03-04T00:00:00,6328.156398310957,6318.689560347994,previous_confirmed_final_slot_and_issued_load_pv_forecast,4397.6935,0.0,0.0,0.0,0.0,0.0,0.0,640.635851569062,92.31306509760475,0.0,1911.8176128545133,1200.0,1.301,1.2863,0.0,0.0,-0.0,593.7114781752449,0.0,593.7114781752449,1,4371.5803,0.0,18,2025-03-04,5
2025-03-04,124,2025-03-04T00:00:00,2025-03-04 20:50:00,2025-03-04 21:00:00,2025-02-25 21:00:00,PRICE-LAG7-COMPLETED,cvar_t0.90_r0.05_g0.05,Q2V2-SW2-REC5,A,A,B,2025-03-04T00:00:00,6328.156398310957,6318.689560347994,previous_confirmed_final_slot_and_issued_load_pv_forecast,4402.4378,0.0,740.4355999999999,713.2651456250001,0.0,27.17045437499985,0.0,0.0,20.474487708333186,0.0,1200.0,1200.0,1.1563,1.1846,877.12001176,0.0,-16.093060126312412,121.27039069645745,861.0269516336876,982.297342330145,1,4332.89755,0.0,18,2025-03-04,5
2025-03-04,125,2025-03-04T00:00:00,2025-03-04 21:00:00,2025-03-04 21:10:00,2025-02-25 21:10:00,PRICE-LAG7-COMPLETED,cvar_t0.90_r0.05_g0.05,Q2V2-SW2-REC5,A,A,B,2025-03-04T00:00:00,6328.156398310957,6318.689560347994,previous_confirmed_final_slot_and_issued_load_pv_forecast,4465.43,0.0,761.4191666666668,711.2572416666667,0.0,50.16192500000011,0.0,0.0,32.98109166666666,0.0,1200.0,1200.0,0.9578,0.9869,751.4445755833335,0.0,-24.752401891250056,162.74519682916662,726.6921736920834,889.43737052125,1,4270.17,0.0,18,2025-03-04,5
2025-03-04,126,2025-03-04T00:00:00,2025-03-04 21:10:00,2025-03-04 21:20:00,2025-02-25 21:20:00,PRICE-LAG7-COMPLETED,cvar_t0.90_r0.05_g0.05,Q2V2-SW2-REC5,A,A,B,2025-03-04T00:00:00,6328.156398310957,6318.689560347994,previous_confirmed_final_slot_and_issued_load_pv_forecast,4448.2164,0.0,744.8802500000002,734.6416070833332,0.0,10.238642916667004,0.0,0.0,6.7277929166668855,0.0,1200.0,1200.0,0.944,0.9162,682.4592850500002,0.0,-4.690322320125155,30.820019351251005,677.768962729875,708.588982081126,1,4401.70575,0.0,18,2025-03-04,5
2025-03-04,127,2025-03-04T00:00:00,2025-03-04 21:20:00,2025-03-04 21:30:00,2025-02-25 21:30:00,PRICE-LAG7-COMPLETED,cvar_t0.90_r0.05_g0.05,Q2V2-SW2-REC5,A,A,B,2025-03-04T00:00:00,6328.156398310957,6318.689560347994,previous_confirmed_final_slot_and_issued_load_pv_forecast,4410.1289,0.0,743.7167250000002,726.5846377083334,0.0,17.132087291666835,0.0,0.0,8.436845624999819,0.0,1200.0,1200.0,0.9531,0.9153,680.7239183925002,0.0,-7.840499749031327,38.611224002811674,672.8834186434689,711.4946426462806,1,4408.50345,0.0,18,2025-03-04,5
2025-03-04,128,2025-03-04T00:00:00,2025-03-04 21:30:00,2025-03-04 21:40:00,2025-02-25 21:40:00,PRICE-LAG7-COMPLETED,cvar_t0.90_r0.05_g0.05,Q2V2-SW2-REC5,A,A,B,2025-03-04T00:00:00,6328.156398310957,6318.689560347994,previous_confirmed_final_slot_and_issued_load_pv_forecast,4444.84,0.0,768.4949999999999,723.7234735879631,0.0,44.77152641203679,0.0,0.0,17.083193078703516,0.0,1200.0,1200.0,0.9393,0.9542,733.297929,0.0,-21.360495251182755,81.50391417849447,711.9374337488172,793.4413479273117,1,4330.55,0.0,18,2025-03-04,5
2025-03-04,129,2025-03-04T00:00:00,2025-03-04 21:40:00,2025-03-04 21:50:00,2025-02-25 21:50:00,PRICE-LAG7-COMPLETED,cvar_t0.90_r0.05_g0.05,Q2V2-SW2-REC5,A,A,B,2025-03-04T00:00:00,6328.156398310957,6318.689560347994,previous_confirmed_final_slot_and_issued_load_pv_forecast,4496.7721,0.0,758.4902583333333,727.1556883333335,0.0,31.334569999999758,0.0,0.0,22.306328333333113,0.0,1200.0,1200.0,0.9762,1.0201,773.7359125258332,0.0,-15.982197428499877,113.77342766416555,757.7537150973334,871.5271427614989,1,4434.086450000001,0.0,18,2025-03-04,5
2025-03-04,130,2025-03-04T00:00:00,2025-03-04 21:50:00,2025-03-04 22:00:00,2025-02-25 22:00:00,PRICE-LAG7-COMPLETED,cvar_t0.90_r0.05_g0.05,Q2V2-SW2-REC5,A,A,B,2025-03-04T00:00:00,6328.156398310957,6318.689560347994,previous_confirmed_final_slot_and_issued_load_pv_forecast,4022.424,0.0,635.8793916666666,635.8793916666666,0.0,0.0,0.0,0.0,34.52460833333339,0.0,1200.0,1200.0,0.7627,0.7905,502.66265911249997,0.0,-0.0,136.4585144375002,502.66265911249997,639.1211735500002,1,3963.03665,0.0,18,2025-03-04,5
2025-03-05,35,2025-03-05T00:00:00,2025-03-05 06:00:00,2025-03-05 06:10:00,2025-02-26 06:10:00,PRICE-LAG7-COMPLETED,cvar_t0.90_r0.05_g0.05,Q2V2-SW2-REC5,A,A,B,2025-03-05T00:00:00,4874.5300075,4829.0076325,previous_confirmed_final_slot_and_issued_load_pv_forecast,5019.72,0.0,56.23666666666668,0.0,0.0,56.23666666666668,0.0,833.3333333333334,3.2866666666666333,0.0,10708.028116666666,9782.102190740741,1.0037,0.9636,54.18965200000001,0.0,-27.094826000000005,15.835159999999838,27.094826000000005,42.92998599999984,1,5117.96,0.0,6,2025-03-05,1
2025-03-05,36,2025-03-05T00:00:00,2025-03-05 06:10:00,2025-03-05 06:20:00,2025-02-26 06:20:00,PRICE-LAG7-COMPLETED,cvar_t0.90_r0.05_g0.05,Q2V2-SW2-REC5,A,A,B,2025-03-05T00:00:00,4874.5300075,4829.0076325,previous_confirmed_final_slot_and_issued_load_pv_forecast,5019.9898,0.0,58.649266666666676,0.0,0.0,58.649266666666676,0.0,833.3333333333334,3.331633333333343,0.0,9782.102190740741,8856.176264814816,1.0377,1.0146,59.505545960000006,0.0,-29.752772980000003,16.901375900000048,29.752772980000003,46.65414888000005,1,5182.5467499999995,0.0,6,2025-03-05,1
2025-03-05,106,2025-03-05T00:00:00,2025-03-05 17:50:00,2025-03-05 18:00:00,2025-02-26 18:00:00,PRICE-LAG7-COMPLETED,cvar_t0.90_r0.05_g0.05,Q2V2-SW2-REC5,A,A,B,2025-03-05T00:00:00,4874.5300075,4829.0076325,previous_confirmed_final_slot_and_issued_load_pv_forecast,5474.5643,0.0,884.9111416666667,37.35986777777748,0.0,847.5512738888892,0.0,833.3333333333334,41.734182222222444,0.0,9291.504714752458,8365.578788826533,1.1976,1.1602,1026.6739065616666,0.0,-491.6644939829446,242.09999107111236,535.009412578722,777.1094036498343,1,5445.199549999999,0.0,12,2025-03-05,4
2025-03-06,104,2025-03-06T00:00:00,2025-03-06 17:30:00,2025-03-06 17:40:00,2025-02-27 17:40:00,PRICE-LAG7-COMPLETED,cvar_t0.90_r0.05_g0.05,Q2V2-SW2-REC5,A,A,B,2025-03-06T00:00:00,7325.410070793984,7300.911718710651,previous_confirmed_final_slot_and_issued_load_pv_forecast,6249.72,301.2,962.0291666666665,99.89802041666667,0.0,862.1311462499998,0.0,833.3333333333334,58.188646249999806,0.0,9987.176705830285,9061.25077990436,1.1183,1.1139,1071.6042887499996,0.0,-480.1639419039373,324.0816652893739,591.4403468460623,915.5220121354362,1,6120.92,238.5,12,2025-03-06,4
2025-03-11,106,2025-03-11T00:00:00,2025-03-11 17:50:00,2025-03-11 18:00:00,2025-03-04 18:00:00,PRICE-LAG7-COMPLETED,cvar_t0.90_r0.05_g0.05,Q2V2-SW2-REC5,A,A,B,2025-03-11T00:00:00,7140.850893027782,7126.560824277783,previous_confirmed_final_slot_and_issued_load_pv_forecast,5487.9677,22.2537,876.6192,76.46349284722214,0.0,800.1557071527778,0.0,833.3333333333334,1.1555071527778864,0.0,9491.887869905868,8565.961943979943,1.1128,1.1285,989.2647672,0.0,-451.4878577609549,6.519949109549224,537.7769094390451,544.2968585485943,1,5404.7177,1.4849,12,2025-03-11,4
2025-03-15,44,2025-03-15T00:00:00,2025-03-15 07:30:00,2025-03-15 07:40:00,2025-03-08 07:40:00,PRICE-LAG7-COMPLETED,nocvar_g0.02,Q2V2-SW2-REC5,A,A,B,2025-03-15T00:00:00,10800.0,10800.0,previous_confirmed_final_slot_and_issued_load_pv_forecast,3226.45,2181.4875,0.0,132.8835566102871,132.8835566102871,0.0,0.0,5.744438945267848,35.53242111111162,0.0,1206.3827099391865,1200.0,0.635,0.6292,0.0,125.41550072878896,-0.0,111.78499681555715,125.41550072878896,237.2004975443461,1,3249.8199999999997,2326.8675000000003,6,2025-03-15,1
2025-03-15,45,2025-03-15T00:00:00,2025-03-15 07:40:00,2025-03-15 07:50:00,2025-03-08 07:50:00,PRICE-LAG7-COMPLETED,nocvar_g0.02,Q2V2-SW2-REC5,A,A,B,2025-03-15T00:00:00,10800.0,10800.0,previous_confirmed_final_slot_and_issued_load_pv_forecast,3161.2348,2499.1328,0.0,91.11040909722212,91.11040909722212,0.0,0.0,0.0,19.23992423611128,0.0,1200.0,1200.0,0.5617,0.5719,0.0,78.15906444405199,-0.0,55.016563353160194,78.15906444405199,133.1756277972122,1,3189.7707499999997,2697.17656,6,2025-03-15,1
2025-03-15,46,2025-03-15T00:00:00,2025-03-15 07:50:00,2025-03-15 08:00:00,2025-03-08 08:00:00,PRICE-LAG7-COMPLETED,nocvar_g0.02,Q2V2-SW2-REC5,A,A,B,2025-03-15T00:00:00,10800.0,10800.0,previous_confirmed_final_slot_and_issued_load_pv_forecast,3081.6772,2875.4267,0.0,0.0,0.0,0.0,0.0,0.0,34.37508333333329,0.0,1200.0,1200.0,0.7041,0.6687,0.0,0.0,-0.0,114.93309112499986,0.0,114.93309112499986,1,3196.21535,3036.5026399999997,6,2025-03-15,1
2025-03-16,35,2025-03-16T00:00:00,2025-03-16 06:00:00,2025-03-16 06:10:00,2025-03-09 06:10:00,PRICE-LAG7-COMPLETED,nocvar_g0.02,Q2V2-SW2-REC5,A,A,B,2025-03-16T00:00:00,9917.880185934631,9876.085326166112,previous_confirmed_final_slot_and_issued_load_pv_forecast,5009.84,0.0,0.0,0.0,0.0,0.0,0.0,833.3333333333334,1.6399999999999864,0.0,9601.169476305555,8675.24355037963,0.919,0.9855,0.0,0.0,-0.0,8.081099999999934,0.0,8.081099999999934,1,4719.33,0.0,6,2025-03-16,1
2025-04-02,123,2025-04-02T00:00:00,2025-04-02 20:40:00,2025-04-02 20:50:00,2025-03-26 20:50:00,PRICE-LAG7-COMPLETED,nocvar_g0.00,Q2V2-SW2-REC5,A,A,B,2025-04-02T00:00:00,3791.200418179626,3785.147108179626,previous_confirmed_final_slot_and_issued_load_pv_forecast,4455.3034,0.0,0.0,0.0,0.0,0.0,0.0,702.7961084711952,39.75445819547133,0.0,1980.8845649679947,1200.0,1.2877,1.3316,0.0,0.0,-0.0,264.6851826654481,0.0,264.6851826654481,1,4250.75795,0.0,18,2025-04-02,5
2025-04-02,124,2025-04-02T00:00:00,2025-04-02 20:50:00,2025-04-02 21:00:00,2025-03-26 21:00:00,PRICE-LAG7-COMPLETED,nocvar_g0.00,Q2V2-SW2-REC5,A,A,B,2025-04-02T00:00:00,3791.200418179626,3785.147108179626,previous_confirmed_final_slot_and_issued_load_pv_forecast,4300.7769,0.0,698.9853749999999,698.9853749999999,0.0,0.0,0.0,0.0,17.810775000000035,0.0,1200.0,1200.0,1.1883,1.1619,812.1511072124998,0.0,-0.0,103.47169736250021,812.1511072124998,915.622804575,1,4280.909250000001,0.0,18,2025-04-02,5
2025-04-10,123,2025-04-10T00:00:00,2025-04-10 20:40:00,2025-04-10 20:50:00,2025-04-03 20:50:00,PRICE-LAG7-COMPLETED,cvar_t0.90_r0.20_g0.00,Q2V2-SW2-REC5,A,A,B,2025-04-10T00:00:00,7867.074714555366,7873.150089555366,previous_confirmed_final_slot_and_issued_load_pv_forecast,4368.1164,0.0,0.0,0.0,0.0,0.0,0.0,673.9823970915028,54.03700290849713,0.0,1948.8693301016697,1200.0,1.3867,1.2984,0.0,0.0,-0.0,350.8082228819634,0.0,350.8082228819634,1,4364.5461,0.0,18,2025-04-10,5
2025-04-10,124,2025-04-10T00:00:00,2025-04-10 20:50:00,2025-04-10 21:00:00,2025-04-03 21:00:00,PRICE-LAG7-COMPLETED,cvar_t0.90_r0.20_g0.00,Q2V2-SW2-REC5,A,A,B,2025-04-10T00:00:00,7867.074714555366,7873.150089555366,previous_confirmed_final_slot_and_issued_load_pv_forecast,4470.2372,0.0,721.0182833333331,721.0182833333331,0.0,0.0,0.0,0.0,24.021250000000123,0.0,1200.0,1200.0,1.2052,1.1766,848.3501121699998,0.0,-0.0,141.31701375000074,848.3501121699998,989.6671259200004,1,4319.4716499999995,0.0,18,2025-04-10,5
2025-04-17,123,2025-04-17T00:00:00,2025-04-17 20:40:00,2025-04-17 20:50:00,2025-04-10 20:50:00,PRICE-LAG7-COMPLETED,cvar_t0.90_r0.20_g0.00,Q2V2-SW2-REC5,A,A,B,2025-04-17T00:00:00,5635.8318192908955,5616.416798040896,previous_confirmed_final_slot_and_issued_load_pv_forecast,4403.5026,0.0,0.0,0.0,0.0,0.0,0.0,728.809313879171,5.107786120828905,0.0,2009.7881265324122,1200.0,1.2984,1.3068,0.0,0.0,-0.0,33.37427451349606,0.0,33.37427451349606,1,4380.1903,0.0,18,2025-04-17,5
2025-04-17,124,2025-04-17T00:00:00,2025-04-17 20:50:00,2025-04-17 21:00:00,2025-04-10 21:00:00,PRICE-LAG7-COMPLETED,cvar_t0.90_r0.20_g0.00,Q2V2-SW2-REC5,A,A,B,2025-04-17T00:00:00,5635.8318192908955,5616.416798040896,previous_confirmed_final_slot_and_issued_load_pv_forecast,4322.8039,0.0,717.6137999999996,717.6137999999996,0.0,0.0,0.0,0.0,2.8535166666670193,0.0,1200.0,1200.0,1.1766,1.1719,840.9716122199995,0.0,-0.0,16.720180908335397,840.9716122199995,857.6917931283349,1,4372.124599999999,0.0,18,2025-04-17,5
2025-04-17,128,2025-04-17T00:00:00,2025-04-17 21:30:00,2025-04-17 21:40:00,2025-04-10 21:40:00,PRICE-LAG7-COMPLETED,cvar_t0.90_r0.20_g0.00,Q2V2-SW2-REC5,A,A,B,2025-04-17T00:00:00,5635.8318192908955,5616.416798040896,previous_confirmed_final_slot_and_issued_load_pv_forecast,4523.26,0.0,721.0950000000003,721.0950000000003,0.0,0.0,0.0,15.583653833333143,17.198012833333266,0.0,1217.3151709259257,1200.0,0.9547,0.9656,696.2893320000003,0.0,-0.0,83.032005959333,696.2893320000003,779.3213379593333,1,4355.370000000001,0.0,18,2025-04-17,5
2025-04-18,129,2025-04-18T00:00:00,2025-04-18 21:40:00,2025-04-18 21:50:00,2025-04-11 21:50:00,PRICE-LAG7-COMPLETED,cvar_t0.90_r0.20_g0.00,Q2V2-SW2-REC5,A,A,B,2025-04-18T00:00:00,7959.622743750001,7950.817275000001,previous_confirmed_final_slot_and_issued_load_pv_forecast,2809.8003,0.0,318.53643108333426,0.0,0.0,318.53643108333426,0.0,386.3782590819441,81.92179091805582,0.0,1629.3091767577157,1200.0,0.8092,0.7883,251.1022686229924,0.0,-125.5511343114962,322.894738903517,125.5511343114962,448.4458732150132,1,2744.9863,0.0,18,2025-04-18,5
2025-04-18,130,2025-04-18T00:00:00,2025-04-18 21:50:00,2025-04-18 22:00:00,2025-04-11 22:00:00,PRICE-LAG7-COMPLETED,cvar_t0.90_r0.20_g0.00,Q2V2-SW2-REC5,A,A,B,2025-04-18T00:00:00,7959.622743750001,7950.817275000001,previous_confirmed_final_slot_and_issued_load_pv_forecast,2736.5201,0.0,446.06499417839535,446.06499417839535,0.0,0.0,0.0,0.0,10.021689154937974,0.0,1200.0,1200.0,0.6348,0.5947,265.2748520378917,0.0,-0.0,29.799492702208067,265.2748520378917,295.0743447400998,1,2532.5699000000004,0.0,18,2025-04-18,5
2025-04-22,128,2025-04-22T00:00:00,2025-04-22 21:30:00,2025-04-22 21:40:00,2025-04-15 21:40:00,PRICE-LAG7-COMPLETED,cvar_t0.90_r0.05_g0.02,Q2V2-SW2-REC5,A,A,B,2025-04-22T00:00:00,6290.437486639661,6312.544940389661,previous_confirmed_final_slot_and_issued_load_pv_forecast,4538.86,0.0,725.8816358024692,714.4018510185186,0.0,11.47978478395055,0.0,34.976781964585825,7.098033683562107,0.0,1238.863091071762,1200.0,0.9171,0.9446,685.6677931790124,0.0,-5.421902353459845,33.524013087463835,680.2458908255526,713.7699039130164,1,4292.34,0.0,18,2025-04-22,5
2025-04-22,129,2025-04-22T00:00:00,2025-04-22 21:40:00,2025-04-22 21:50:00,2025-04-15 21:50:00,PRICE-LAG7-COMPLETED,cvar_t0.90_r0.05_g0.02,Q2V2-SW2-REC5,A,A,B,2025-04-22T00:00:00,6290.437486639661,6312.544940389661,previous_confirmed_final_slot_and_issued_load_pv_forecast,4712.4966,0.0,740.4009333333333,740.4009333333333,0.0,0.0,0.0,0.0,45.01516666666669,0.0,1200.0,1200.0,0.9848,0.973,720.4101081333333,0.0,-0.0,218.99878583333344,720.4101081333333,939.4088939666667,1,4472.081099999999,0.0,18,2025-04-22,5
2025-04-22,130,2025-04-22T00:00:00,2025-04-22 21:50:00,2025-04-22 22:00:00,2025-04-15 22:00:00,PRICE-LAG7-COMPLETED,cvar_t0.90_r0.05_g0.02,Q2V2-SW2-REC5,A,A,B,2025-04-22T00:00:00,6290.437486639661,6312.544940389661,previous_confirmed_final_slot_and_issued_load_pv_forecast,4151.4357,0.0,668.8956833333334,668.8956833333334,0.0,0.0,0.0,0.0,23.010266666666553,0.0,1200.0,1200.0,0.8007,0.7647,511.5045290450001,0.0,-0.0,87.97975459999957,511.5045290450001,599.4842836449997,1,4057.52365,0.0,18,2025-04-22,5
2025-04-29,123,2025-04-29T00:00:00,2025-04-29 20:40:00,2025-04-29 20:50:00,2025-04-22 20:50:00,PRICE-LAG7-COMPLETED,cvar_t0.90_r0.20_g0.02,Q2V2-SW2-REC5,A,A,B,2025-04-29T00:00:00,6182.454100346255,6153.818826596254,previous_confirmed_final_slot_and_issued_load_pv_forecast,4363.2601,0.0,0.0,0.0,0.0,0.0,0.0,619.5638893750012,107.6461272916655,0.0,1888.404321527779,1200.0,1.3195,1.3236,0.0,0.0,-0.0,712.4020704162423,0.0,712.4020704162423,1,4339.28565,0.0,18,2025-04-29,5
2025-04-29,124,2025-04-29T00:00:00,2025-04-29 20:50:00,2025-04-29 21:00:00,2025-04-22 21:00:00,PRICE-LAG7-COMPLETED,cvar_t0.90_r0.20_g0.02,Q2V2-SW2-REC5,A,A,B,2025-04-29T00:00:00,6182.454100346255,6153.818826596254,previous_confirmed_final_slot_and_issued_load_pv_forecast,4243.3335,0.0,697.4713333333332,697.4713333333332,0.0,0.0,0.0,0.0,9.75091666666674,0.0,1200.0,1200.0,1.16,1.1748,819.3893223999999,0.0,-0.0,57.276884500000435,819.3893223999999,876.6662069000002,1,4379.16015,0.0,18,2025-04-29,5
2025-04-30,124,2025-04-30T00:00:00,2025-04-30 20:50:00,2025-04-30 21:00:00,2025-04-23 21:00:00,PRICE-LAG7-COMPLETED,cvar_t0.90_r0.20_g0.02,Q2V2-SW2-REC5,A,A,B,2025-04-30T00:00:00,3749.9770086064814,3770.0081136064814,previous_confirmed_final_slot_and_issued_load_pv_forecast,4437.9033,0.0,437.6611775373594,116.06176804462166,0.0,321.5994094927377,0.0,536.4928704414913,87.09591151388702,0.0,1796.1031893794348,1200.0,1.2508,1.2148,531.6707984723843,0.0,-195.3394813258889,529.0205665353498,336.3313171464954,865.3518836818452,1,4270.53025,0.0,18,2025-04-30,5
2025-04-30,125,2025-04-30T00:00:00,2025-04-30 21:00:00,2025-04-30 21:10:00,2025-04-23 21:10:00,PRICE-LAG7-COMPLETED,cvar_t0.90_r0.20_g0.02,Q2V2-SW2-REC5,A,A,B,2025-04-30T00:00:00,3749.9770086064814,3770.0081136064814,previous_confirmed_final_slot_and_issued_load_pv_forecast,4579.24,0.0,777.1758333333335,740.818860753601,0.0,36.35697257973243,0.0,0.0,22.387805913065563,0.0,1200.0,1200.0,0.938,1.0041,780.3622542500001,0.0,-18.253018083654666,112.39797958654566,762.1092361663455,874.5072157528912,1,4308.96,0.0,18,2025-04-30,5
2025-04-30,126,2025-04-30T00:00:00,2025-04-30 21:10:00,2025-04-30 21:20:00,2025-04-23 21:20:00,PRICE-LAG7-COMPLETED,cvar_t0.90_r0.20_g0.02,Q2V2-SW2-REC5,A,A,B,2025-04-30T00:00:00,3749.9770086064814,3770.0081136064814,previous_confirmed_final_slot_and_issued_load_pv_forecast,4640.9075,0.0,757.9097333333334,742.42675875,0.0,15.48297458333343,0.0,0.0,31.0578245833334,0.0,1200.0,1200.0,0.9393,0.9076,687.8788739733334,0.0,-7.02617386591671,140.94040795916698,680.8527001074167,821.7931080665837,1,4470.2127,0.0,18,2025-04-30,5
2025-04-30,127,2025-04-30T00:00:00,2025-04-30 21:20:00,2025-04-30 21:30:00,2025-04-23 21:30:00,PRICE-LAG7-COMPLETED,cvar_t0.90_r0.20_g0.02,Q2V2-SW2-REC5,A,A,B,2025-04-30T00:00:00,3749.9770086064814,3770.0081136064814,previous_confirmed_final_slot_and_issued_load_pv_forecast,4506.6473,0.0,722.4906083333335,722.4906083333335,0.0,0.0,0.0,0.0,28.617274999999722,0.0,1200.0,1200.0,0.9553,0.9299,671.8440166891668,0.0,-0.0,133.05602011249871,671.8440166891668,804.9000368016655,1,4437.50115,0.0,18,2025-04-30,5
2025-05-01,123,2025-05-01T00:00:00,2025-05-01 20:40:00,2025-05-01 20:50:00,2025-04-24 20:50:00,PRICE-LAG7-COMPLETED,cvar_t0.90_r0.05_g0.05,Q2V2-SW2-REC5,A,A,B,2025-05-01T00:00:00,7938.099812407407,7874.476051203703,previous_confirmed_final_slot_and_issued_load_pv_forecast,5086.4612,0.0,0.0,0.0,0.0,0.0,0.0,355.2007270513877,492.5428062819456,0.0,1594.6674745015418,1200.0,1.349,1.3606,0.0,0.0,-0.0,3350.768711136076,0.0,3350.768711136076,1,4411.71725,0.0,18,2025-05-01,5
2025-05-01,124,2025-05-01T00:00:00,2025-05-01 20:50:00,2025-05-01 21:00:00,2025-04-24 21:00:00,PRICE-LAG7-COMPLETED,cvar_t0.90_r0.05_g0.05,Q2V2-SW2-REC5,A,A,B,2025-05-01T00:00:00,7938.099812407407,7874.476051203703,previous_confirmed_final_slot_and_issued_load_pv_forecast,5114.2648,0.0,690.0873833333335,756.3472235416665,66.259840208333,0.0,0.0,0.0,96.03024312500008,0.0,1200.0,1200.0,1.1881,1.2429,857.7096087450001,123.53153309240562,-0.0,596.7799459003129,981.2411418374057,1578.0210877377185,1,4276.35095,0.0,18,2025-05-01,5
2025-05-01,125,2025-05-01T00:00:00,2025-05-01 21:00:00,2025-05-01 21:10:00,2025-04-24 21:10:00,PRICE-LAG7-COMPLETED,cvar_t0.90_r0.05_g0.05,Q2V2-SW2-REC5,A,A,B,2025-05-01T00:00:00,7938.099812407407,7874.476051203703,previous_confirmed_final_slot_and_issued_load_pv_forecast,5040.16,0.0,721.4316666666666,745.7235337500002,24.291867083333614,0.0,0.0,0.0,94.30313291666641,0.0,1200.0,1200.0,0.8973,1.0129,730.7381351666666,36.90784825306292,-0.0,477.59821665645705,767.6459834197294,1245.2442000761864,1,4211.72,0.0,18,2025-05-01,5
2025-05-01,126,2025-05-01T00:00:00,2025-05-01 21:10:00,2025-05-01 21:20:00,2025-04-24 21:20:00,PRICE-LAG7-COMPLETED,cvar_t0.90_r0.05_g0.05,Q2V2-SW2-REC5,A,A,B,2025-05-01T00:00:00,7938.099812407407,7874.476051203703,previous_confirmed_final_slot_and_issued_load_pv_forecast,4792.0254,0.0,723.4687333333333,766.5249377083334,43.05620437500011,0.0,0.0,0.0,32.145962291666706,0.0,1200.0,1200.0,0.9005,0.9521,688.8145810066666,61.4907182781564,-0.0,153.03085348947934,750.3052992848229,903.3361527743023,1,4348.70095,0.0,18,2025-05-01,5
2025-05-02,123,2025-05-02T00:00:00,2025-05-02 20:40:00,2025-05-02 20:50:00,2025-04-25 20:50:00,PRICE-LAG7-COMPLETED,cvar_t0.90_r0.05_g0.05,Q2V2-SW2-REC5,A,A,B,2025-05-02T00:00:00,4885.576510942129,4892.491218442129,previous_confirmed_final_slot_and_issued_load_pv_forecast,3254.3056,0.0,0.0,0.0,0.0,0.0,0.0,470.7619147840274,71.6223518826393,0.0,1723.068794204475,1200.0,1.1466,1.2187,0.0,0.0,-0.0,436.4308011968625,0.0,436.4308011968625,1,2792.1828,0.0,18,2025-05-02,5
2025-05-02,124,2025-05-02T00:00:00,2025-05-02 20:50:00,2025-05-02 21:00:00,2025-04-25 21:00:00,PRICE-LAG7-COMPLETED,cvar_t0.90_r0.05_g0.05,Q2V2-SW2-REC5,A,A,B,2025-05-02T00:00:00,4885.576510942129,4892.491218442129,previous_confirmed_final_slot_and_issued_load_pv_forecast,3329.6055,0.0,0.0,498.68087472985906,498.68087472985906,0.0,0.0,0.0,56.253375270140964,0.0,1200.0,1200.0,0.9615,1.076,0.0,804.8709318139926,-0.0,302.6431589533584,804.8709318139926,1107.514090767351,1,2701.5246500000003,0.0,18,2025-05-02,5
2025-05-02,125,2025-05-02T00:00:00,2025-05-02 21:00:00,2025-05-02 21:10:00,2025-04-25 21:10:00,PRICE-LAG7-COMPLETED,cvar_t0.90_r0.05_g0.05,Q2V2-SW2-REC5,A,A,B,2025-05-02T00:00:00,4885.576510942129,4892.491218442129,previous_confirmed_final_slot_and_issued_load_pv_forecast,3489.56,0.0,454.52,494.60768104166675,40.08768104166677,0.0,0.0,0.0,86.9856522916665,0.0,1200.0,1200.0,0.7395,0.8248,374.88809599999996,49.59647898475013,-0.0,358.7288300508326,424.4845749847501,783.2134050355827,1,2670.12,0.0,18,2025-05-02,5
2025-05-02,126,2025-05-02T00:00:00,2025-05-02 21:10:00,2025-05-02 21:20:00,2025-04-25 21:20:00,PRICE-LAG7-COMPLETED,cvar_t0.90_r0.05_g0.05,Q2V2-SW2-REC5,A,A,B,2025-05-02T00:00:00,4885.576510942129,4892.491218442129,previous_confirmed_final_slot_and_issued_load_pv_forecast,3296.6588,0.0,444.50440833333323,490.6976877083333,46.19327937500009,0.0,0.0,0.0,58.745445625,0.0,1200.0,1200.0,0.7397,0.7774,345.55772703833327,53.8659830791876,-0.0,228.343547144375,399.42371011752084,627.7672572618958,1,2664.26625,0.0,18,2025-05-02,5
2025-05-02,127,2025-05-02T00:00:00,2025-05-02 21:20:00,2025-05-02 21:30:00,2025-04-25 21:30:00,PRICE-LAG7-COMPLETED,cvar_t0.90_r0.05_g0.05,Q2V2-SW2-REC5,A,A,B,2025-05-02T00:00:00,4885.576510942129,4892.491218442129,previous_confirmed_final_slot_and_issued_load_pv_forecast,2923.2706,0.0,445.85249999999996,480.95981,35.10731000000004,0.0,0.0,0.0,6.251956666666615,0.0,1200.0,1200.0,0.7538,0.7794,347.4974385,41.04395612100005,-0.0,24.363875129999798,388.54139462100005,412.9052697509999,1,2605.96885,0.0,18,2025-05-02,5
2025-05-02,129,2025-05-02T00:00:00,2025-05-02 21:40:00,2025-05-02 21:50:00,2025-04-25 21:50:00,PRICE-LAG7-COMPLETED,cvar_t0.90_r0.05_g0.05,Q2V2-SW2-REC5,A,A,B,2025-05-02T00:00:00,4885.576510942129,4892.491218442129,previous_confirmed_final_slot_and_issued_load_pv_forecast,3256.5346,0.0,92.34089488333063,527.0906495833333,434.74975470000265,0.0,0.0,8.801595168750032,6.863521914583339,0.0,1209.7795501875,1200.0,0.8426,0.8899,82.17416235667594,580.3257100612985,-0.0,30.539240758938572,662.4998724179745,693.0391131769131,1,2872.56985,0.0,18,2025-05-02,5
2025-05-02,130,2025-05-02T00:00:00,2025-05-02 21:50:00,2025-05-02 22:00:00,2025-04-25 22:00:00,PRICE-LAG7-COMPLETED,cvar_t0.90_r0.05_g0.05,Q2V2-SW2-REC5,A,A,B,2025-05-02T00:00:00,4885.576510942129,4892.491218442129,previous_confirmed_final_slot_and_issued_load_pv_forecast,3154.4634,0.0,478.7700250000001,504.495718125,25.725693124999907,0.0,0.0,0.0,21.248181874999943,0.0,1200.0,1200.0,0.6504,0.6879,329.34590019750004,26.54505645103115,-0.0,73.0831215590623,355.8909566485312,428.9740782075935,1,2717.1842,0.0,18,2025-05-02,5
2025-05-03,128,2025-05-03T00:00:00,2025-05-03 21:30:00,2025-05-03 21:40:00,2025-04-26 21:40:00,PRICE-LAG7-COMPLETED,cvar_t0.90_r0.05_g0.05,Q2V2-SW2-REC5,A,A,B,2025-05-03T00:00:00,9651.153575039358,9646.402754226858,previous_confirmed_final_slot_and_issued_load_pv_forecast,3425.41,0.0,497.83083333333343,497.83083333333343,0.0,0.0,0.0,28.891294703472976,44.17953862986023,0.0,1232.1014385594144,1200.0,0.7604,0.8373,416.8337567500001,0.0,-0.0,184.9576384739099,416.8337567500001,601.79139522391,1,2767.255,0.0,18,2025-05-03,5
2025-05-03,129,2025-05-03T00:00:00,2025-05-03 21:40:00,2025-05-03 21:50:00,2025-04-26 21:50:00,PRICE-LAG7-COMPLETED,cvar_t0.90_r0.05_g0.05,Q2V2-SW2-REC5,A,A,B,2025-05-03T00:00:00,9651.153575039358,9646.402754226858,previous_confirmed_final_slot_and_issued_load_pv_forecast,3533.492,0.0,492.9444083333333,492.9444083333333,0.0,0.0,0.0,0.0,95.97092500000008,0.0,1200.0,1200.0,0.8393,0.9041,445.6710395741666,0.0,-0.0,433.8365664625004,445.6710395741666,879.5076060366671,1,2777.6916499999998,0.0,18,2025-05-03,5
2025-05-03,130,2025-05-03T00:00:00,2025-05-03 21:50:00,2025-05-03 22:00:00,2025-04-26 22:00:00,PRICE-LAG7-COMPLETED,cvar_t0.90_r0.05_g0.05,Q2V2-SW2-REC5,A,A,B,2025-05-03T00:00:00,9651.153575039358,9646.402754226858,previous_confirmed_final_slot_and_issued_load_pv_forecast,3245.5321,0.0,482.90413333333345,482.90413333333345,0.0,0.0,0.0,0.0,58.0178833333332,0.0,1200.0,1200.0,0.6793,0.7038,339.8679290400001,0.0,-0.0,204.16493144999956,339.8679290400001,544.0328604899996,1,2614.63835,0.0,18,2025-05-03,5
2025-05-04,112,2025-05-04T00:00:00,2025-05-04 18:50:00,2025-05-04 19:00:00,2025-04-27 19:00:00,PRICE-LAG7-COMPLETED,cvar_t0.90_r0.05_g0.05,Q2V2-SW2-REC5,A,A,B,2025-05-04T00:00:00,8368.32800314815,8396.35724388889,previous_confirmed_final_slot_and_issued_load_pv_forecast,5035.9817,0.0,0.0,0.0,0.0,0.0,0.0,833.3333333333334,5.99694999999997,0.0,8204.974357842588,7279.048431916662,1.2695,1.3282,0.0,0.0,-0.0,39.8257449499998,0.0,39.8257449499998,1,4250.05775,0.0,18,2025-05-04,4
2025-05-04,123,2025-05-04T00:00:00,2025-05-04 20:40:00,2025-05-04 20:50:00,2025-04-27 20:50:00,PRICE-LAG7-COMPLETED,cvar_t0.90_r0.05_g0.05,Q2V2-SW2-REC5,A,A,B,2025-05-04T00:00:00,8368.32800314815,8396.35724388889,previous_confirmed_final_slot_and_issued_load_pv_forecast,4764.64,0.0,0.0,0.0,0.0,0.0,0.0,741.7086308374941,52.39803582917261,0.0,2024.120700930549,1200.0,1.3121,1.312,0.0,0.0,-0.0,343.73111503937236,0.0,343.73111503937236,1,4267.4992,0.0,18,2025-05-04,5
2025-05-04,124,2025-05-04T00:00:00,2025-05-04 20:50:00,2025-05-04 21:00:00,2025-04-27 21:00:00,PRICE-LAG7-COMPLETED,cvar_t0.90_r0.05_g0.05,Q2V2-SW2-REC5,A,A,B,2025-05-04T00:00:00,8368.32800314815,8396.35724388889,previous_confirmed_final_slot_and_issued_load_pv_forecast,4949.0228,0.0,817.1995833333332,785.0367785416663,0.0,32.16280479166687,0.0,0.0,39.800354791666905,0.0,1200.0,1200.0,1.1743,1.2266,1002.3770089166665,0.0,-19.72544817872929,244.0955759372931,982.6515607379372,1226.7471366752302,1,4275.11665,0.0,18,2025-05-04,5
2025-05-04,125,2025-05-04T00:00:00,2025-05-04 21:00:00,2025-05-04 21:10:00,2025-04-27 21:10:00,PRICE-LAG7-COMPLETED,cvar_t0.90_r0.05_g0.05,Q2V2-SW2-REC5,A,A,B,2025-05-04T00:00:00,8368.32800314815,8396.35724388889,previous_confirmed_final_slot_and_issued_load_pv_forecast,4952.32,0.0,856.4016666666668,824.7655085570983,0.0,31.63615810956844,0.0,0.0,0.6211581095682277,0.0,1200.0,1200.0,0.9794,1.0343,885.7762438333334,0.0,-16.36063916636332,3.2123191636320896,869.4156046669701,872.6279238306022,1,4318.97,0.0,18,2025-05-04,5
2025-05-04,127,2025-05-04T00:00:00,2025-05-04 21:20:00,2025-05-04 21:30:00,2025-04-27 21:30:00,PRICE-LAG7-COMPLETED,cvar_t0.90_r0.05_g0.05,Q2V2-SW2-REC5,A,A,B,2025-05-04T00:00:00,8368.32800314815,8396.35724388889,previous_confirmed_final_slot_and_issued_load_pv_forecast,4835.2421,0.0,762.5619416666666,762.5619416666666,0.0,0.0,0.0,8.537069250000059,34.774672416666704,0.0,1209.4856325,1200.0,0.8981,0.989,754.1737603083333,0.0,-0.0,171.96075510041686,754.1737603083333,926.1345154087501,1,4258.0699,0.0,18,2025-05-04,5
2025-05-04,128,2025-05-04T00:00:00,2025-05-04 21:30:00,2025-05-04 21:40:00,2025-04-27 21:40:00,PRICE-LAG7-COMPLETED,cvar_t0.90_r0.05_g0.05,Q2V2-SW2-REC5,A,A,B,2025-05-04T00:00:00,8368.32800314815,8396.35724388889,previous_confirmed_final_slot_and_issued_load_pv_forecast,4969.68,0.0,770.2149999999999,770.2149999999999,0.0,0.0,0.0,0.0,58.065000000000055,0.0,1200.0,1200.0,0.9322,0.9919,763.9762585,0.0,-0.0,287.9733675000003,763.9762585,1051.9496260000003,1,4419.71,0.0,18,2025-05-04,5
2025-05-05,123,2025-05-05T00:00:00,2025-05-05 20:40:00,2025-05-05 20:50:00,2025-04-28 20:50:00,PRICE-LAG7-COMPLETED,cvar_t0.90_r0.05_g0.05,Q2V2-SW2-REC5,A,A,B,2025-05-05T00:00:00,6578.622226388888,6650.550596759258,previous_confirmed_final_slot_and_issued_load_pv_forecast,4496.4406,0.0,0.0,0.0,0.0,0.0,0.0,358.90139166666404,390.5053750000026,0.0,1598.7793240740712,1200.0,1.3403,1.3463,0.0,0.0,-0.0,2628.6869318125173,0.0,2628.6869318125173,1,4371.6201,0.0,18,2025-05-05,5
2025-05-05,124,2025-05-05T00:00:00,2025-05-05 20:50:00,2025-05-05 21:00:00,2025-04-28 21:00:00,PRICE-LAG7-COMPLETED,cvar_t0.90_r0.05_g0.05,Q2V2-SW2-REC5,A,A,B,2025-05-05T00:00:00,6578.622226388888,6650.550596759258,previous_confirmed_final_slot_and_issued_load_pv_forecast,4635.7546,0.0,769.0766500000002,769.0766500000002,0.0,0.0,0.0,0.0,3.549116666666464,0.0,1200.0,1200.0,1.1903,1.2163,935.4279293950002,0.0,-0.0,21.583953008332102,935.4279293950002,957.0118824033323,1,4426.967500000001,0.0,18,2025-05-05,5
2025-05-05,125,2025-05-05T00:00:00,2025-05-05 21:00:00,2025-05-05 21:10:00,2025-04-28 21:10:00,PRICE-LAG7-COMPLETED,cvar_t0.90_r0.05_g0.05,Q2V2-SW2-REC5,A,A,B,2025-05-05T00:00:00,6578.622226388888,6650.550596759258,previous_confirmed_final_slot_and_issued_load_pv_forecast,4824.28,0.0,801.4391666666666,801.4391666666666,0.0,0.0,0.0,0.0,2.6075000000000728,0.0,1200.0,1200.0,0.9573,1.0132,812.0181636666666,0.0,-0.0,13.20959500000037,812.0181636666666,825.227758666667,1,4441.5,0.0,18,2025-05-05,5
2025-05-06,129,2025-05-06T00:00:00,2025-05-06 21:40:00,2025-05-06 21:50:00,2025-04-29 21:50:00,PRICE-LAG7-COMPLETED,cvar_t0.90_r0.05_g0.05,Q2V2-SW2-REC5,A,A,B,2025-05-06T00:00:00,6890.042204814814,6907.341695555555,previous_confirmed_final_slot_and_issued_load_pv_forecast,4838.7136,0.0,474.19158491666707,474.19158491666707,0.0,0.0,0.0,124.46288735832832,207.7977943916713,0.0,1338.2920970648092,1200.0,1.0542,1.0239,485.5247637961754,0.0,-0.0,1063.8208083881611,485.5247637961754,1549.3455721843366,1,4577.219300000001,0.0,18,2025-05-06,5
2025-05-07,123,2025-05-07T00:00:00,2025-05-07 20:40:00,2025-05-07 20:50:00,2025-04-30 20:50:00,PRICE-LAG7-COMPLETED,cvar_t0.90_r0.20_g0.02,Q2V2-SW2-REC5,A,A,B,2025-05-07T00:00:00,7767.32306037037,7779.84975537037,previous_confirmed_final_slot_and_issued_load_pv_forecast,4915.0423,0.0,0.0,0.0,0.0,0.0,0.0,741.6338113430573,77.53990532360933,0.0,2024.0375681589526,1200.0,1.3065,1.3712,0.0,0.0,-0.0,531.6135908986656,0.0,531.6135908986656,1,4270.8176,0.0,18,2025-05-07,5
2025-05-11,112,2025-05-11T00:00:00,2025-05-11 18:50:00,2025-05-11 19:00:00,2025-05-04 19:00:00,PRICE-LAG7-COMPLETED,cvar_t0.90_r0.20_g0.02,Q2V2-SW2-REC5,A,A,B,2025-05-11T00:00:00,8638.198428064474,8649.224645657067,previous_confirmed_final_slot_and_issued_load_pv_forecast,5110.0133,0.0,0.0,0.0,0.0,0.0,0.0,833.3333333333334,18.3355499999999,0.0,8765.315868629632,7839.389942703706,1.3282,1.3567,0.0,0.0,-0.0,124.37920342499932,0.0,124.37920342499932,1,4693.67405,0.0,18,2025-05-11,4
2025-05-11,115,2025-05-11T00:00:00,2025-05-11 19:20:00,2025-05-11 19:30:00,2025-05-04 19:30:00,PRICE-LAG7-COMPLETED,cvar_t0.90_r0.20_g0.02,Q2V2-SW2-REC5,A,A,B,2025-05-11T00:00:00,8638.198428064474,8649.224645657067,previous_confirmed_final_slot_and_issued_load_pv_forecast,5081.7143,0.0,0.0,0.0,0.0,0.0,0.0,833.3333333333334,13.619049999999902,0.0,6085.4078501111135,5159.481924185187,1.3222,1.302,0.0,0.0,-0.0,88.66001549999936,0.0,88.66001549999936,1,4499.665800000001,0.0,18,2025-05-11,4
2025-05-11,116,2025-05-11T00:00:00,2025-05-11 19:30:00,2025-05-11 19:40:00,2025-05-04 19:40:00,PRICE-LAG7-COMPLETED,cvar_t0.90_r0.20_g0.02,Q2V2-SW2-REC5,A,A,B,2025-05-11T00:00:00,8638.198428064474,8649.224645657067,previous_confirmed_final_slot_and_issued_load_pv_forecast,5165.37,0.0,0.0,0.0,0.0,0.0,0.0,833.3333333333334,27.56166666666661,0.0,5159.481924185187,4233.555998259261,1.3114,1.3322,0.0,0.0,-0.0,183.5882616666663,0.0,183.5882616666663,1,4391.005,0.0,18,2025-05-11,4
2025-05-11,123,2025-05-11T00:00:00,2025-05-11 20:40:00,2025-05-11 20:50:00,2025-05-04 20:50:00,PRICE-LAG7-COMPLETED,cvar_t0.90_r0.20_g0.02,Q2V2-SW2-REC5,A,A,B,2025-05-11T00:00:00,8638.198428064474,8649.224645657067,previous_confirmed_final_slot_and_issued_load_pv_forecast,4776.8795,0.0016,0.0,0.0,0.0,0.0,0.0,673.8411207638904,122.30519590277618,0.0,1948.7123564043227,1200.0,1.312,1.3772,0.0,0.0,-0.0,842.1935789865167,0.0,842.1935789865167,1,4511.991550000001,0.00048000000000000007,18,2025-05-11,5
2025-05-18,122,2025-05-18T00:00:00,2025-05-18 20:30:00,2025-05-18 20:40:00,2025-05-11 20:40:00,PRICE-LAG7-COMPLETED,cvar_t0.90_r0.20_g0.02,Q2V2-SW2-REC5,A,A,B,2025-05-18T00:00:00,9880.64986152778,9862.56083351852,previous_confirmed_final_slot_and_issued_load_pv_forecast,5031.42,0.0,39.26583333333326,0.0,0.0,39.26583333333326,0.0,833.3333333333334,5.236666666666565,0.0,3399.103324058639,2473.177398132713,1.3339,1.3149,51.630644249999904,0.0,-25.815322124999952,34.42846499999933,25.815322124999952,60.24378712499928,1,4735.615,0.0,18,2025-05-18,5
2025-05-19,121,2025-05-19T00:00:00,2025-05-19 20:20:00,2025-05-19 20:30:00,2025-05-12 20:30:00,PRICE-LAG7-COMPLETED,cvar_t0.90_r0.20_g0.02,Q2V2-SW2-REC5,A,A,B,2025-05-19T00:00:00,3975.3660514660464,3956.3979139660464,previous_confirmed_final_slot_and_issued_load_pv_forecast,5073.4011,0.0021,39.842741666666825,0.0,0.0,39.842741666666825,0.0,833.3333333333334,12.233166666666534,0.0,3264.3600046427778,2338.4340787168517,1.3408,1.361,54.22597140833355,0.0,-27.112985704166775,83.24669916666576,27.112985704166775,110.35968487083254,1,4820.85425,0.0,18,2025-05-19,5
2025-05-20,123,2025-05-20T00:00:00,2025-05-20 20:40:00,2025-05-20 20:50:00,2025-05-13 20:50:00,PRICE-LAG7-COMPLETED,cvar_t0.90_r0.20_g0.02,Q2V2-SW2-REC5,A,A,B,2025-05-20T00:00:00,4576.426125267777,4532.7321602677775,previous_confirmed_final_slot_and_issued_load_pv_forecast,4672.4183,0.0,0.0,0.0,0.0,0.0,0.0,467.25064875000095,311.48573458333243,0.0,1719.167387500001,1200.0,1.3491,1.3372,0.0,0.0,-0.0,2082.5936214241606,0.0,2082.5936214241606,1,4703.9841,0.0,18,2025-05-20,5
2025-05-20,124,2025-05-20T00:00:00,2025-05-20 20:50:00,2025-05-20 21:00:00,2025-05-13 21:00:00,PRICE-LAG7-COMPLETED,cvar_t0.90_r0.20_g0.02,Q2V2-SW2-REC5,A,A,B,2025-05-20T00:00:00,4576.426125267777,4532.7321602677775,previous_confirmed_final_slot_and_issued_load_pv_forecast,4820.9728,0.0,815.1023749999999,777.0128735416666,0.0,38.0895014583333,0.0,0.0,26.48259312499988,0.0,1200.0,1200.0,1.165,1.1872,967.6895396,0.0,-22.609928065666647,157.2006727899993,945.0796115343334,1102.2802843243326,1,4738.7997,0.0,18,2025-05-20,5
2025-05-21,123,2025-05-21T00:00:00,2025-05-21 20:40:00,2025-05-21 20:50:00,2025-05-14 20:50:00,PRICE-LAG7-COMPLETED,cvar_t0.90_r0.20_g0.02,Q2V2-SW2-REC5,A,A,B,2025-05-21T00:00:00,3573.190545745371,3551.104984495371,previous_confirmed_final_slot_and_issued_load_pv_forecast,4782.787,0.0,59.82469166666658,0.0,0.0,59.82469166666658,0.0,721.0191179861098,76.11204868055688,0.0,2001.1323533178997,1200.0,1.3983,1.3612,81.43337029666655,0.0,-40.716685148333276,518.0186033198702,40.716685148333276,558.7352884682034,1,4886.24345,0.0,18,2025-05-21,5
2025-05-21,124,2025-05-21T00:00:00,2025-05-21 20:50:00,2025-05-21 21:00:00,2025-05-14 21:00:00,PRICE-LAG7-COMPLETED,cvar_t0.90_r0.20_g0.02,Q2V2-SW2-REC5,A,A,B,2025-05-21T00:00:00,3573.190545745371,3551.104984495371,previous_confirmed_final_slot_and_issued_load_pv_forecast,4954.5872,0.0,777.8316,777.8316,0.0,0.0,0.0,0.0,47.93293333333327,0.0,1200.0,1200.0,1.2356,1.2338,959.68862808,0.0,-0.0,295.69826573333296,959.68862808,1255.3868938133328,1,4758.4252,0.0,18,2025-05-21,5
2025-05-21,125,2025-05-21T00:00:00,2025-05-21 21:00:00,2025-05-21 21:10:00,2025-05-14 21:10:00,PRICE-LAG7-COMPLETED,cvar_t0.90_r0.20_g0.02,Q2V2-SW2-REC5,A,A,B,2025-05-21T00:00:00,3573.190545745371,3551.104984495371,previous_confirmed_final_slot_and_issued_load_pv_forecast,5009.9,0.0,861.5027469135798,789.289901064815,0.0,72.2128458487648,0.0,0.0,45.69343226851822,0.0,1200.0,1200.0,0.9258,1.0075,867.9640175154317,0.0,-36.37722109631527,230.18066505266057,831.5867964191165,1061.767461471777,1,4685.83,0.0,18,2025-05-21,5
2025-05-21,126,2025-05-21T00:00:00,2025-05-21 21:10:00,2025-05-21 21:20:00,2025-05-14 21:20:00,PRICE-LAG7-COMPLETED,cvar_t0.90_r0.20_g0.02,Q2V2-SW2-REC5,A,A,B,2025-05-21T00:00:00,3573.190545745371,3551.104984495371,previous_confirmed_final_slot_and_issued_load_pv_forecast,5020.7605,0.0,837.753875,803.2612349999999,0.0,34.49264000000005,0.0,0.0,33.5321816666667,0.0,1200.0,1200.0,0.9403,0.9466,793.017818075,0.0,-16.325366512000024,158.70781582833348,776.692451563,935.4002673913335,1,4830.6737,0.0,18,2025-05-21,5
2025-05-21,129,2025-05-21T00:00:00,2025-05-21 21:40:00,2025-05-21 21:50:00,2025-05-14 21:50:00,PRICE-LAG7-COMPLETED,cvar_t0.90_r0.20_g0.02,Q2V2-SW2-REC5,A,A,B,2025-05-21T00:00:00,3573.190545745371,3551.104984495371,previous_confirmed_final_slot_and_issued_load_pv_forecast,4968.6626,0.0,769.2666166666666,769.2666166666666,0.0,0.0,0.0,12.564025087500136,46.27979157916659,0.0,1213.9600278750002,1200.0,1.0409,1.0272,790.1906686399998,0.0,-0.0,237.69300955059958,790.1906686399998,1027.8836781905993,1,4796.97865,0.0,18,2025-05-21,5
2025-05-21,130,2025-05-21T00:00:00,2025-05-21 21:50:00,2025-05-21 22:00:00,2025-05-14 22:00:00,PRICE-LAG7-COMPLETED,cvar_t0.90_r0.20_g0.02,Q2V2-SW2-REC5,A,A,B,2025-05-21T00:00:00,3573.190545745371,3551.104984495371,previous_confirmed_final_slot_and_issued_load_pv_forecast,4480.7586,0.0,733.000675,733.000675,0.0,0.0,0.0,0.0,13.79242499999998,0.0,1200.0,1200.0,0.8013,0.8492,622.46417321,0.0,-0.0,58.56263654999991,622.46417321,681.0268097599999,1,4351.804700000001,0.0,18,2025-05-21,5
2025-05-22,123,2025-05-22T00:00:00,2025-05-22 20:40:00,2025-05-22 20:50:00,2025-05-15 20:50:00,PRICE-LAG7-COMPLETED,cvar_t0.90_r0.20_g0.02,Q2V2-SW2-REC5,A,A,B,2025-05-22T00:00:00,4276.351136018518,4251.201558518518,previous_confirmed_final_slot_and_issued_load_pv_forecast,4756.6362,0.0,38.68841666666685,0.0,0.0,38.68841666666685,0.0,740.9054261805562,51.86727381944377,0.0,2023.228251311729,1200.0,1.308,1.3153,50.88687444166691,0.0,-25.443437220833456,341.1051262735719,25.443437220833456,366.54856349440536,1,4587.9058,0.0,18,2025-05-22,5
2025-05-27,123,2025-05-27T00:00:00,2025-05-27 20:40:00,2025-05-27 20:50:00,2025-05-20 20:50:00,PRICE-LAG7-COMPLETED,nocvar_g0.02,Q2V2-SW2-REC5,A,A,B,2025-05-27T00:00:00,4267.214474878859,4264.891961128858,previous_confirmed_final_slot_and_issued_load_pv_forecast,4855.8649,0.0,0.0,0.0,0.0,0.0,0.0,655.9228451291665,153.3879715375001,0.0,1928.8031612546295,1200.0,1.3372,1.3347,0.0,0.0,-0.0,1023.6346280555069,0.0,1023.6346280555069,1,4648.69745,0.0,18,2025-05-27,5
2025-05-27,124,2025-05-27T00:00:00,2025-05-27 20:50:00,2025-05-27 21:00:00,2025-05-20 21:00:00,PRICE-LAG7-COMPLETED,nocvar_g0.02,Q2V2-SW2-REC5,A,A,B,2025-05-27T00:00:00,4267.214474878859,4264.891961128858,previous_confirmed_final_slot_and_issued_load_pv_forecast,4773.7237,0.0,813.7633416666667,789.8701485416666,0.0,23.893193125000153,0.0,0.0,5.750468124999998,0.0,1200.0,1200.0,1.1872,1.1848,964.1468072066668,0.0,-14.15432760725009,34.06577317249999,949.9924795994167,984.0582527719167,1,4718.49075,0.0,18,2025-05-27,5
2025-05-27,128,2025-05-27T00:00:00,2025-05-27 21:30:00,2025-05-27 21:40:00,2025-05-20 21:40:00,PRICE-LAG7-COMPLETED,nocvar_g0.02,Q2V2-SW2-REC5,A,A,B,2025-05-27T00:00:00,4267.214474878859,4264.891961128858,previous_confirmed_final_slot_and_issued_load_pv_forecast,4750.18,0.0,780.9191666666666,771.9066824999999,0.0,9.012484166666695,0.0,18.879173679166275,0.9108104875005658,0.0,1220.976859643518,1200.0,0.9507,1.0148,792.4767703333332,0.0,-4.57293446616668,4.621452413577871,787.9038358671665,792.5252882807445,1,4731.405,0.0,18,2025-05-27,5
2025-05-27,129,2025-05-27T00:00:00,2025-05-27 21:40:00,2025-05-27 21:50:00,2025-05-20 21:50:00,PRICE-LAG7-COMPLETED,nocvar_g0.02,Q2V2-SW2-REC5,A,A,B,2025-05-27T00:00:00,4267.214474878859,4264.891961128858,previous_confirmed_final_slot_and_issued_load_pv_forecast,4907.7101,0.0,799.7118250000001,799.7118250000001,0.0,0.0,0.0,0.0,18.239858333333245,0.0,1200.0,1200.0,1.0268,1.0881,870.1664367825001,0.0,-0.0,99.23394926249952,870.1664367825001,969.4003860449997,1,4902.8654,0.0,18,2025-05-27,5
2025-05-29,115,2025-05-29T00:00:00,2025-05-29 19:20:00,2025-05-29 19:30:00,2025-05-22 19:30:00,PRICE-LAG7-COMPLETED,nocvar_g0.02,Q2V2-SW2-REC5,A,A,B,2025-05-29T00:00:00,3988.1825972746915,3981.2015185246914,previous_confirmed_final_slot_and_issued_load_pv_forecast,5110.0536,3.149,21.813875000000134,0.0,0.0,21.813875000000134,0.0,833.3333333333334,17.817433333333383,0.0,6592.0804320594125,5666.154506133486,1.318,1.3448,29.33529910000018,0.0,-14.66764955000009,119.80442173333367,14.66764955000009,134.47207128333375,1,4580.0452000000005,2.15462,18,2025-05-29,4
2025-06-01,119,2025-06-01T00:00:00,2025-06-01 20:00:00,2025-06-01 20:10:00,2025-05-25 20:10:00,PRICE-LAG7-COMPLETED,nocvar_g0.02,Q2V2-SW2-REC5,A,A,B,2025-06-01T00:00:00,10800.0,10707.299074074073,previous_confirmed_final_slot_and_issued_load_pv_forecast,5441.07,0.0,18.983333333333462,62.225720208333314,43.24238687499985,0.0,0.0,833.3333333333334,11.285946458333228,0.0,5208.060263284723,4282.134337358797,1.3296,1.3869,26.32798500000018,89.95929953540595,-0.0,78.26239571531177,116.28728453540613,194.5496802507179,1,4692.63,0.0,18,2025-06-01,5
2025-06-01,120,2025-06-01T00:00:00,2025-06-01 20:10:00,2025-06-01 20:20:00,2025-05-25 20:20:00,PRICE-LAG7-COMPLETED,nocvar_g0.02,Q2V2-SW2-REC5,A,A,B,2025-06-01T00:00:00,10800.0,10707.299074074073,previous_confirmed_final_slot_and_issued_load_pv_forecast,5412.0054,0.0,13.259824999999864,44.86456479166668,31.604739791666816,0.0,0.0,833.3333333333334,23.80300187499995,0.0,4282.134337358797,3356.208411432871,1.3062,1.352,17.92728339999982,64.0944122975003,-0.0,160.90829267499967,82.02169569750012,242.9299883724998,1,4581.3741,0.0,18,2025-06-01,5
2025-06-02,116,2025-06-02T00:00:00,2025-06-02 19:30:00,2025-06-02 19:40:00,2025-05-26 19:40:00,PRICE-LAG7-COMPLETED,nocvar_g0.02,Q2V2-SW2-REC5,A,A,B,2025-06-02T00:00:00,4160.670818437501,4148.065031400464,previous_confirmed_final_slot_and_issued_load_pv_forecast,5513.44,0.0,46.88833333333321,53.77792895833329,6.889595625000084,0.0,0.0,833.3333333333334,31.795404374999862,0.0,4556.538632322525,3630.6127063965987,1.3065,1.3556,63.56182466666649,14.009303743875169,-0.0,215.50925085374905,77.57112841054166,293.08037926429074,1,4506.965,0.0,18,2025-06-02,4
2025-06-04,123,2025-06-04T00:00:00,2025-06-04 20:40:00,2025-06-04 20:50:00,2025-05-28 20:50:00,PRICE-LAG7-COMPLETED,cvar_t0.95_r0.20_g0.02,Q2V2-SW2-REC5,A,A,B,2025-06-04T00:00:00,4490.628235188932,4489.832878938932,previous_confirmed_final_slot_and_issued_load_pv_forecast,5447.674,0.0,59.56262500000025,59.56262500000025,0.0,0.0,0.0,833.3333333333334,15.049708333333001,0.0,2392.6500502304816,1466.7241243045555,1.3351,1.4049,83.67953186250035,0.0,-0.0,105.71667618749767,83.67953186250035,189.39620804999802,1,4713.15105,0.0,18,2025-06-04,5
2025-06-05,114,2025-06-05T00:00:00,2025-06-05 19:10:00,2025-06-05 19:20:00,2025-05-29 19:20:00,PRICE-LAG7-COMPLETED,cvar_t0.95_r0.20_g0.02,Q2V2-SW2-REC5,A,A,B,2025-06-05T00:00:00,3905.117600151685,3889.027979781314,previous_confirmed_final_slot_and_issued_load_pv_forecast,5590.6968,0.0,34.43139999999994,66.56906333333313,32.137663333333194,0.0,0.0,833.3333333333334,31.880403333333447,0.0,7958.168402531695,7032.242476605769,1.3387,1.3945,48.01458729999992,67.22395727749972,-0.0,222.28611224166747,115.23854457749964,337.5246568191671,1,4726.0059,0.0,18,2025-06-05,4
2025-06-08,106,2025-06-08T00:00:00,2025-06-08 17:50:00,2025-06-08 18:00:00,2025-06-01 18:00:00,PRICE-LAG7-COMPLETED,cvar_t0.95_r0.20_g0.02,Q2V2-SW2-REC5,A,A,B,2025-06-08T00:00:00,7955.265190046286,8023.285916898139,previous_confirmed_final_slot_and_issued_load_pv_forecast,6629.4289,1360.9024,852.2464150000001,4.802487222222226,0.0,847.4439277777778,0.0,833.3333333333334,39.95192944444443,0.0,9570.603502010037,8644.677576084112,1.0772,1.1464,977.0152901560001,0.0,-485.7548594022223,229.0044595755555,491.2604307537778,720.2648903293333,1,6145.9647,1269.80478,12,2025-06-08,4
2025-06-09,122,2025-06-09T00:00:00,2025-06-09 20:30:00,2025-06-09 20:40:00,2025-06-02 20:40:00,PRICE-LAG7-COMPLETED,cvar_t0.95_r0.20_g0.02,Q2V2-SW2-REC5,A,A,B,2025-06-09T00:00:00,3770.9887313433683,3775.7336433804053,previous_confirmed_final_slot_and_issued_load_pv_forecast,5686.74,0.0,110.07333333333327,110.07333333333327,0.0,0.0,0.0,833.3333333333334,4.383333333333326,0.0,4959.887335185184,4033.9614092592583,1.3761,1.4137,155.61067133333324,0.0,-0.0,30.983591666666616,155.61067133333324,186.59426299999987,1,5020.299999999999,0.0,18,2025-06-09,5
2025-06-11,62,2025-06-11T00:00:00,2025-06-11 10:30:00,2025-06-11 10:40:00,2025-06-04 10:40:00,PRICE-LAG7-COMPLETED,cvar_t0.95_r0.20_g0.02,Q2V2-SW2-REC5,A,A,B,2025-06-11T00:00:00,4600.388227992777,4578.527572992776,previous_confirmed_final_slot_and_issued_load_pv_forecast,6402.39,5435.85,0.0,0.0,0.0,0.0,0.0,107.38614564999959,53.70385435000044,0.0,1319.3179396111107,1200.0,0.9369,1.025,0.0,0.0,-0.0,275.2322535437523,0.0,275.2322535437523,1,6465.05,6594.840000000001,6,2025-06-11,2
2025-06-11,63,2025-06-11T00:00:00,2025-06-11 10:40:00,2025-06-11 10:50:00,2025-06-04 10:50:00,PRICE-LAG7-COMPLETED,cvar_t0.95_r0.20_g0.02,Q2V2-SW2-REC5,A,A,B,2025-06-11T00:00:00,4600.388227992777,4578.527572992776,previous_confirmed_final_slot_and_issued_load_pv_forecast,6591.8952,6017.6236,0.0,0.0,0.0,0.0,0.0,0.0,95.71193333333326,0.0,1200.0,1200.0,0.9736,1.0736,0.0,0.0,-0.0,513.7816581333329,0.0,513.7816581333329,1,6400.591899999999,6725.05116,6,2025-06-11,2
2025-06-11,64,2025-06-11T00:00:00,2025-06-11 10:50:00,2025-06-11 11:00:00,2025-06-04 11:00:00,PRICE-LAG7-COMPLETED,cvar_t0.95_r0.20_g0.02,Q2V2-SW2-REC5,A,A,B,2025-06-11T00:00:00,4600.388227992777,4578.527572992776,previous_confirmed_final_slot_and_issued_load_pv_forecast,6514.4706,6486.5389,0.0,0.0,0.0,0.0,0.0,0.0,4.655283333333273,0.0,1200.0,1200.0,0.8171,0.8974,0.0,0.0,-0.0,20.888256316666396,0.0,20.888256316666396,1,6369.66945,6768.56612,6,2025-06-11,2
2025-07-02,114,2025-07-02T00:00:00,2025-07-02 19:10:00,2025-07-02 19:20:00,2025-06-25 19:20:00,PRICE-LAG7-COMPLETED,nocvar_g0.05,Q2V2-SW2-REC5,A,A,B,2025-07-02T00:00:00,2923.621262657278,2922.4374964072776,previous_confirmed_final_slot_and_issued_load_pv_forecast,6132.0983,0.0,162.29060781116308,165.90564145833306,3.61503364716998,0.0,0.0,833.3333333333334,22.777408541666773,0.0,8032.258810493829,7106.3328845679025,1.3485,1.7114,277.7441462080245,9.280152875650057,-0.0,194.9062848910426,287.0242990836746,481.93058397471714,1,5108.5309,0.0,18,2025-07-02,4
2025-07-02,115,2025-07-02T00:00:00,2025-07-02 19:20:00,2025-07-02 19:30:00,2025-06-25 19:30:00,PRICE-LAG7-COMPLETED,nocvar_g0.05,Q2V2-SW2-REC5,A,A,B,2025-07-02T00:00:00,2923.621262657278,2922.4374964072776,previous_confirmed_final_slot_and_issued_load_pv_forecast,6153.3931,5.2939,136.0041966666664,173.35811361111095,37.35391694444456,0.0,0.0,833.3333333333334,17.99175305555559,0.0,7106.3328845679025,6180.406958641976,1.357,1.6968,230.77192090399953,95.07318940700031,-0.0,152.64203292333363,325.84511031099987,478.48714323433353,1,5137.348,4.44186,18,2025-07-02,4
2025-07-03,112,2025-07-03T00:00:00,2025-07-03 18:50:00,2025-07-03 19:00:00,2025-06-26 19:00:00,PRICE-LAG7-COMPLETED,cvar_t0.95_r0.05_g0.02,Q2V2-SW2-REC5,A,A,B,2025-07-03T00:00:00,2496.998738559709,2520.253036059709,previous_confirmed_final_slot_and_issued_load_pv_forecast,6335.7991,148.0325,115.79609666666693,118.70080722222212,2.904710555555198,0.0,0.0,833.3333333333334,79.26029277777786,0.0,10243.446961136715,9317.52103521079,1.3661,1.5637,181.0703563576671,6.813143843582496,-0.0,619.6965990830562,187.8835002012496,807.5800992843058,1,5050.66615,141.81352,18,2025-07-03,4
2025-07-03,122,2025-07-03T00:00:00,2025-07-03 20:30:00,2025-07-03 20:40:00,2025-06-26 20:40:00,PRICE-LAG7-COMPLETED,cvar_t0.95_r0.05_g0.02,Q2V2-SW2-REC5,A,A,B,2025-07-03T00:00:00,2496.998738559709,2520.253036059709,previous_confirmed_final_slot_and_issued_load_pv_forecast,6067.64,0.0,134.91416666666646,174.4249179166667,39.510751250000226,0.0,0.0,833.3333333333334,3.5150820833332546,0.0,3603.850757123455,2677.924831197529,1.3766,1.6181,218.304613083333,95.89851989643806,-0.0,28.438771595207697,314.20313297977106,342.64190457497875,1,5186.475,0.0,18,2025-07-03,5
2025-07-03,123,2025-07-03T00:00:00,2025-07-03 20:40:00,2025-07-03 20:50:00,2025-06-26 20:50:00,PRICE-LAG7-COMPLETED,cvar_t0.95_r0.05_g0.02,Q2V2-SW2-REC5,A,A,B,2025-07-03T00:00:00,2496.998738559709,2520.253036059709,previous_confirmed_final_slot_and_issued_load_pv_forecast,6179.1011,0.0,143.77447500000017,177.92889770833312,34.15442270833296,0.0,0.0,833.3333333333334,18.58795229166674,0.0,2677.924831197529,1751.9989052716028,1.417,1.7936,257.8738983600003,91.889058854499,-0.0,166.6967561516673,349.7629572144993,516.4597133661666,1,5210.35935,0.0,18,2025-07-03,5
2025-07-04,18,2025-07-04T00:00:00,2025-07-04 03:10:00,2025-07-04 03:20:00,2025-06-27 03:20:00,PRICE-LAG7-COMPLETED,cvar_t0.95_r0.05_g0.02,Q2V2-SW2-REC5,A,A,B,2025-07-04T00:00:00,2920.6677490048655,2979.3008965048657,previous_confirmed_final_slot_and_issued_load_pv_forecast,3427.8134,0.0017,497.9751716666666,497.9751716666666,0.0,0.0,0.0,20.948192937712772,52.378585395620604,0.0,1223.275769930792,1200.0,0.3485,0.4185,208.40260934249997,0.0,-0.0,109.6021899403361,208.40260934249997,318.0047992828361,0,2718.06925,0.0017399999999999998,0,2025-07-04,0
2025-07-04,19,2025-07-04T00:00:00,2025-07-04 03:20:00,2025-07-04 03:30:00,2025-06-27 03:30:00,PRICE-LAG7-COMPLETED,cvar_t0.95_r0.05_g0.02,Q2V2-SW2-REC5,A,A,B,2025-07-04T00:00:00,2920.6677490048655,2979.3008965048657,previous_confirmed_final_slot_and_issued_load_pv_forecast,3328.1718,0.0,458.47084166666673,458.47084166666673,0.0,0.0,0.0,0.0,96.22445833333325,0.0,1200.0,1200.0,0.3547,0.3813,174.8149319275,0.0,-0.0,183.45192981249983,174.8149319275,358.26686173999985,0,2717.6455,0.0,0,2025-07-04,0
2025-07-04,20,2025-07-04T00:00:00,2025-07-04 03:30:00,2025-07-04 03:40:00,2025-06-27 03:40:00,PRICE-LAG7-COMPLETED,cvar_t0.95_r0.05_g0.02,Q2V2-SW2-REC5,A,A,B,2025-07-04T00:00:00,2920.6677490048655,2979.3008965048657,previous_confirmed_final_slot_and_issued_load_pv_forecast,3229.64,0.0,422.94333333333344,422.94333333333344,0.0,0.0,0.0,0.0,115.32999999999987,0.0,1200.0,1200.0,0.3615,0.3652,154.45890533333338,0.0,-0.0,210.59257999999977,154.45890533333338,365.0514853333332,0,2638.26,0.0,0,2025-07-04,0
2025-07-04,21,2025-07-04T00:00:00,2025-07-04 03:40:00,2025-07-04 03:50:00,2025-06-27 03:50:00,PRICE-LAG7-COMPLETED,cvar_t0.95_r0.05_g0.02,Q2V2-SW2-REC5,A,A,B,2025-07-04T00:00:00,2920.6677490048655,2979.3008965048657,previous_confirmed_final_slot_and_issued_load_pv_forecast,3347.2914,0.024,433.15321333333316,433.15321333333316,0.0,0.0,0.0,0.0,124.7246866666668,0.0,1200.0,1200.0,0.3442,0.4164,180.36499803199993,0.0,-0.0,259.67679764000025,180.36499803199993,440.04179567200015,0,2694.7075999999997,0.02404,0,2025-07-04,0
2025-07-04,22,2025-07-04T00:00:00,2025-07-04 03:50:00,2025-07-04 04:00:00,2025-06-27 04:00:00,PRICE-LAG7-COMPLETED,cvar_t0.95_r0.05_g0.02,Q2V2-SW2-REC5,A,A,B,2025-07-04T00:00:00,2920.6677490048655,2979.3008965048657,previous_confirmed_final_slot_and_issued_load_pv_forecast,3460.8373,0.0,462.4331,462.4331,0.0,0.0,0.0,0.0,114.37311666666659,0.0,1200.0,1200.0,0.3547,0.4407,203.79426717,0.0,-0.0,252.02116257499983,203.79426717,455.81542974499985,0,2798.32125,0.0,0,2025-07-04,0
2025-07-04,23,2025-07-04T00:00:00,2025-07-04 04:00:00,2025-07-04 04:10:00,2025-06-27 04:10:00,PRICE-LAG7-COMPLETED,cvar_t0.95_r0.05_g0.02,Q2V2-SW2-REC5,A,A,B,2025-07-04T00:00:00,2920.6677490048655,2979.3008965048657,previous_confirmed_final_slot_and_issued_load_pv_forecast,3371.43,0.0,481.4766666666666,481.4766666666666,0.0,0.0,0.0,0.0,80.4283333333334,0.0,1200.0,1200.0,0.3674,0.4075,196.2017416666666,0.0,-0.0,163.87272916666677,196.2017416666666,360.0744708333334,0,2787.865,0.0,0,2025-07-04,1
2025-07-04,27,2025-07-04T00:00:00,2025-07-04 04:40:00,2025-07-04 04:50:00,2025-06-27 04:50:00,PRICE-LAG7-COMPLETED,cvar_t0.95_r0.05_g0.02,Q2V2-SW2-REC5,A,A,B,2025-07-04T00:00:00,2920.6677490048655,2979.3008965048657,previous_confirmed_final_slot_and_issued_load_pv_forecast,3298.4681,4.6565,0.0,0.0,0.0,0.0,0.0,32.93271567895499,516.035884321045,0.0,1236.59190630995,1200.0,0.4084,0.4362,0.0,0.0,-0.0,1125.4742637041993,0.0,1125.4742637041993,0,2735.1030499999997,4.66654,0,2025-07-04,1
2025-07-04,28,2025-07-04T00:00:00,2025-07-04 04:50:00,2025-07-04 05:00:00,2025-06-27 05:00:00,PRICE-LAG7-COMPLETED,cvar_t0.95_r0.05_g0.02,Q2V2-SW2-REC5,A,A,B,2025-07-04T00:00:00,2920.6677490048655,2979.3008965048657,previous_confirmed_final_slot_and_issued_load_pv_forecast,3257.6252,0.0,0.0,0.0,0.0,0.0,0.0,0.0,542.9375333333332,0.0,1200.0,1200.0,0.3993,0.4344,0.0,0.0,-0.0,1179.2603224,0.0,1179.2603224,0,2709.42835,0.0,0,2025-07-04,1
2025-07-04,29,2025-07-04T00:00:00,2025-07-04 05:00:00,2025-07-04 05:10:00,2025-06-27 05:10:00,PRICE-LAG7-COMPLETED,cvar_t0.95_r0.05_g0.02,Q2V2-SW2-REC5,A,A,B,2025-07-04T00:00:00,2920.6677490048655,2979.3008965048657,previous_confirmed_final_slot_and_issued_load_pv_forecast,3184.54,0.0,452.0954166666666,452.0954166666666,0.0,0.0,0.0,0.0,78.66125000000005,0.0,1200.0,1200.0,0.3818,0.4281,193.54204787499998,0.0,-0.0,168.3744056250001,193.54204787499998,361.9164535000001,0,2682.205,0.8325000000000001,0,2025-07-04,1
2025-07-05,26,2025-07-05T00:00:00,2025-07-05 04:30:00,2025-07-05 04:40:00,2025-06-28 04:40:00,PRICE-LAG7-COMPLETED,cvar_t0.90_r0.05_g0.00,Q2V2-SW2-REC5,A,A,B,2025-07-05T00:00:00,6619.885321985338,6626.291416985338,previous_confirmed_final_slot_and_issued_load_pv_forecast,3463.81,0.0,446.99833333333345,446.99833333333345,0.0,0.0,0.0,71.60132781666641,58.70200551666676,0.0,1279.5570309074071,1200.0,0.3364,0.4068,181.83892200000005,0.0,-0.0,119.39987922090017,181.83892200000005,301.2388012209002,0,2618.715,0.0,0,2025-07-05,1
2025-07-05,27,2025-07-05T00:00:00,2025-07-05 04:40:00,2025-07-05 04:50:00,2025-06-28 04:50:00,PRICE-LAG7-COMPLETED,cvar_t0.90_r0.05_g0.00,Q2V2-SW2-REC5,A,A,B,2025-07-05T00:00:00,6619.885321985338,6626.291416985338,previous_confirmed_final_slot_and_issued_load_pv_forecast,3328.523,4.5877,0.0,0.0,0.0,0.0,0.0,0.0,553.9892166666666,0.0,1200.0,1200.0,0.4091,0.4541,0.0,0.0,-0.0,1257.8325164416667,0.0,1257.8325164416667,0,2728.8844,4.72778,0,2025-07-05,1
2025-07-05,28,2025-07-05T00:00:00,2025-07-05 04:50:00,2025-07-05 05:00:00,2025-06-28 05:00:00,PRICE-LAG7-COMPLETED,cvar_t0.90_r0.05_g0.00,Q2V2-SW2-REC5,A,A,B,2025-07-05T00:00:00,6619.885321985338,6626.291416985338,previous_confirmed_final_slot_and_issued_load_pv_forecast,3275.2212,0.0,0.0,0.0,0.0,0.0,0.0,0.0,545.8702,0.0,1200.0,1200.0,0.4249,0.4583,0.0,0.0,-0.0,1250.8615633,0.0,1250.8615633,0,2872.0478999999996,0.0,0,2025-07-05,1
2025-07-05,29,2025-07-05T00:00:00,2025-07-05 05:00:00,2025-07-05 05:10:00,2025-06-28 05:10:00,PRICE-LAG7-COMPLETED,cvar_t0.90_r0.05_g0.00,Q2V2-SW2-REC5,A,A,B,2025-07-05T00:00:00,6619.885321985338,6626.291416985338,previous_confirmed_final_slot_and_issued_load_pv_forecast,3355.32,0.0,470.2008333333334,470.2008333333334,0.0,0.0,0.0,0.0,89.01916666666665,0.0,1200.0,1200.0,0.3429,0.403,189.49093583333337,0.0,-0.0,179.37362083333332,189.49093583333337,368.86455666666666,0,2859.715,0.26999999999999996,0,2025-07-05,1
2025-07-06,117,2025-07-06T00:00:00,2025-07-06 19:40:00,2025-07-06 19:50:00,2025-06-29 19:50:00,PRICE-LAG7-COMPLETED,cvar_t0.90_r0.05_g0.00,Q2V2-SW2-REC5,A,A,B,2025-07-06T00:00:00,6665.794607158068,6673.175162713624,previous_confirmed_final_slot_and_issued_load_pv_forecast,6080.4058,0.0,141.4953916666667,141.4953916666667,0.0,0.0,0.0,833.3333333333334,38.57224166666663,0.0,6972.417488888889,6046.491562962963,1.3648,1.6847,238.37728634083342,0.0,-0.0,324.91327767916636,238.37728634083342,563.2905640199998,1,5183.56025,0.0,18,2025-07-06,4
2025-07-06,121,2025-07-06T00:00:00,2025-07-06 20:20:00,2025-07-06 20:30:00,2025-06-29 20:30:00,PRICE-LAG7-COMPLETED,cvar_t0.90_r0.05_g0.00,Q2V2-SW2-REC5,A,A,B,2025-07-06T00:00:00,6665.794607158068,6673.175162713624,previous_confirmed_final_slot_and_issued_load_pv_forecast,6239.4259,0.0221,163.4919933333333,163.4919933333333,0.0,0.0,0.0,833.3333333333334,43.075306666666506,0.0,3810.645899074071,2884.719973148145,1.3814,1.6852,275.5167071653333,0.0,-0.0,362.952533973332,275.5167071653333,638.4692411386652,1,5142.10595,0.02554,18,2025-07-06,5
2025-07-06,123,2025-07-06T00:00:00,2025-07-06 20:40:00,2025-07-06 20:50:00,2025-06-29 20:50:00,PRICE-LAG7-COMPLETED,cvar_t0.90_r0.05_g0.00,Q2V2-SW2-REC5,A,A,B,2025-07-06T00:00:00,6665.794607158068,6673.175162713624,previous_confirmed_final_slot_and_issued_load_pv_forecast,5955.5182,0.0,153.93542500000012,153.93542500000012,0.0,0.0,0.0,833.3333333333334,5.317608333333169,0.0,2664.269047222219,1738.3431212962928,1.373,1.7731,272.9429020675002,0.0,-0.0,47.143256679165205,272.9429020675002,320.08615874666543,1,5186.12885,0.0,18,2025-07-06,5
2025-07-07,114,2025-07-07T00:00:00,2025-07-07 19:10:00,2025-07-07 19:20:00,2025-06-30 19:20:00,PRICE-LAG7-COMPLETED,cvar_t0.90_r0.05_g0.00,Q2V2-SW2-REC5,A,A,B,2025-07-07T00:00:00,1691.5830845370353,1661.2832743518502,previous_confirmed_final_slot_and_issued_load_pv_forecast,5978.9273,0.0,81.38112710000121,124.36724555555554,42.98611845555433,0.0,0.0,833.3333333333334,38.78730444444443,0.0,7419.086527543207,6493.160601617281,1.3498,1.6627,135.312400029172,107.20952873407529,-0.0,322.45825549888883,242.5219287632473,564.9801842621362,1,5029.74245,0.0,18,2025-07-07,4
2025-07-09,116,2025-07-09T00:00:00,2025-07-09 19:30:00,2025-07-09 19:40:00,2025-07-02 19:40:00,PRICE-LAG7-COMPLETED,cvar_t0.95_r0.20_g0.05,Q2V2-SW2-REC5,A,A,B,2025-07-09T00:00:00,3531.6541151111064,3569.329957703699,previous_confirmed_final_slot_and_issued_load_pv_forecast,6116.98,0.0,144.28333333333353,144.28333333333353,0.0,0.0,0.0,833.3333333333334,41.879999999999654,0.0,8131.805468314815,7205.879542388889,1.6485,1.7416,251.2838533333337,0.0,-0.0,364.691039999997,251.2838533333337,615.9748933333307,1,5430.51,0.0,18,2025-07-09,4
2025-07-10,122,2025-07-10T00:00:00,2025-07-10 20:30:00,2025-07-10 20:40:00,2025-07-03 20:40:00,PRICE-LAG7-COMPLETED,cvar_t0.90_r0.20_g0.02,Q2V2-SW2-REC5,A,A,B,2025-07-10T00:00:00,3364.5258805740746,3377.7106855740744,previous_confirmed_final_slot_and_issued_load_pv_forecast,6257.54,0.0,208.10083333333318,208.10083333333318,0.0,0.0,0.0,833.3333333333334,1.4891666666666197,0.0,4001.4634090804793,3075.5374831545532,1.6181,1.7648,367.2563506666664,0.0,-0.0,13.140406666666252,367.2563506666664,380.39675733333263,1,5625.595,0.0,18,2025-07-10,5
2025-07-12,124,2025-07-12T00:00:00,2025-07-12 20:50:00,2025-07-12 21:00:00,2025-07-05 21:00:00,PRICE-LAG7-COMPLETED,cvar_t0.90_r0.20_g0.02,Q2V2-SW2-REC5,A,A,B,2025-07-12T00:00:00,3103.5692309727656,3034.826897639432,previous_confirmed_final_slot_and_issued_load_pv_forecast,4205.9175,0.0011,746.4455250000002,0.0,0.0,746.4455250000002,0.0,451.5401179166692,249.4459487499974,0.0,1701.7112421296324,1200.0,1.3285,1.3484,1006.5071459100003,0.0,-503.25357295500015,1681.7645864724825,503.25357295500015,2185.0181594274827,1,4026.9300000000003,0.00142,18,2025-07-12,5
2025-07-12,125,2025-07-12T00:00:00,2025-07-12 21:00:00,2025-07-12 21:10:00,2025-07-05 21:10:00,PRICE-LAG7-COMPLETED,cvar_t0.90_r0.20_g0.02,Q2V2-SW2-REC5,A,A,B,2025-07-12T00:00:00,3103.5692309727656,3034.826897639432,previous_confirmed_final_slot_and_issued_load_pv_forecast,4296.86,0.0,745.5333333333331,701.693468125,0.0,43.839865208333094,0.0,0.0,14.449865208333222,0.0,1200.0,1200.0,0.9279,0.932,694.8370666666665,0.0,-20.429377187083222,67.33637187083282,674.4076894795833,741.7440613504161,1,3863.67,0.0,18,2025-07-12,5
2025-07-13,114,2025-07-13T00:00:00,2025-07-13 19:10:00,2025-07-13 19:20:00,2025-07-06 19:20:00,PRICE-LAG7-COMPLETED,cvar_t0.90_r0.20_g0.02,Q2V2-SW2-REC5,A,A,B,2025-07-13T00:00:00,3714.2430140810166,3716.1542038958314,previous_confirmed_final_slot_and_issued_load_pv_forecast,6040.7552,0.0,209.81688333333364,170.0328064583333,0.0,39.78407687500032,0.0,833.3333333333334,3.4263935416665845,0.0,9686.610794370145,8760.68486844422,1.6867,1.6879,354.14991737833384,0.0,-33.57577167865652,28.917048294895135,320.57414569967733,349.4911939945725,1,5599.188050000001,0.0,18,2025-07-13,4
2025-07-13,116,2025-07-13T00:00:00,2025-07-13 19:30:00,2025-07-13 19:40:00,2025-07-06 19:40:00,PRICE-LAG7-COMPLETED,cvar_t0.90_r0.20_g0.02,Q2V2-SW2-REC5,A,A,B,2025-07-13T00:00:00,3714.2430140810166,3716.1542038958314,previous_confirmed_final_slot_and_issued_load_pv_forecast,5960.6,0.0,693.7578866668707,123.45747249999988,0.0,570.3004141668708,0.0,833.3333333333334,36.64252750000014,0.0,8559.249947993829,7633.324022067903,1.6401,1.6135,1119.3783501369958,0.0,-460.08985912912306,295.61359060625114,659.2884910078727,954.9020816141239,1,5324.030000000001,0.0,18,2025-07-13,4
2025-07-13,119,2025-07-13T00:00:00,2025-07-13 20:00:00,2025-07-13 20:10:00,2025-07-06 20:10:00,PRICE-LAG7-COMPLETED,cvar_t0.90_r0.20_g0.02,Q2V2-SW2-REC5,A,A,B,2025-07-13T00:00:00,3714.2430140810166,3716.1542038958314,previous_confirmed_final_slot_and_issued_load_pv_forecast,6102.92,0.0,252.1441666666667,166.13236041666664,0.0,86.01180625000006,0.0,833.3333333333334,17.687639583333294,0.0,5841.8760582561745,4915.950132330248,1.656,1.7345,437.3440570833334,0.0,-74.59373897031256,153.39605428645797,362.75031811302085,516.1463723994789,1,5508.02,0.0,18,2025-07-13,5
2025-07-13,123,2025-07-13T00:00:00,2025-07-13 20:40:00,2025-07-13 20:50:00,2025-07-06 20:50:00,PRICE-LAG7-COMPLETED,cvar_t0.90_r0.20_g0.02,Q2V2-SW2-REC5,A,A,B,2025-07-13T00:00:00,3714.2430140810166,3716.1542038958314,previous_confirmed_final_slot_and_issued_load_pv_forecast,5968.478,0.0,209.0088083333335,158.06479104166658,0.0,50.94401729166691,0.0,833.3333333333334,3.3482089583333163,0.0,2291.5987374228407,1365.6728114969146,1.7731,1.7206,359.6205556183336,0.0,-43.82713807602104,28.80464166854152,315.79341754231257,344.5980592108541,1,5516.56915,0.0,18,2025-07-13,5
2025-07-15,113,2025-07-15T00:00:00,2025-07-15 19:00:00,2025-07-15 19:10:00,2025-07-08 19:10:00,PRICE-LAG7-COMPLETED,cvar_t0.90_r0.20_g0.02,Q2V2-SW2-REC5,A,A,B,2025-07-15T00:00:00,2647.906699948305,2741.501579577934,previous_confirmed_final_slot_and_issued_load_pv_forecast,5964.49,0.0,308.3933333333332,127.16112020833316,0.0,181.23221312500004,0.0,833.3333333333334,33.58721312500006,0.0,10438.591530817901,9512.665604891976,1.6794,1.7039,525.4714006666665,0.0,-154.4007839718438,286.14626221843804,371.07061669482266,657.2168789132606,1,5855.389999999999,0.0,18,2025-07-15,4
2025-07-15,114,2025-07-15T00:00:00,2025-07-15 19:10:00,2025-07-15 19:20:00,2025-07-08 19:20:00,PRICE-LAG7-COMPLETED,cvar_t0.90_r0.20_g0.02,Q2V2-SW2-REC5,A,A,B,2025-07-15T00:00:00,2647.906699948305,2741.501579577934,previous_confirmed_final_slot_and_issued_load_pv_forecast,5959.0358,0.0,273.8527833333335,112.57999812499997,0.0,161.27278520833352,0.0,833.3333333333334,47.25930187499989,0.0,9512.665604891976,8586.73967896605,1.646,1.7416,476.94200745333364,0.0,-140.43634135941682,411.53400072749906,336.50566609391683,748.039666821416,1,5806.66655,0.0,18,2025-07-15,4
2025-07-15,116,2025-07-15T00:00:00,2025-07-15 19:30:00,2025-07-15 19:40:00,2025-07-08 19:40:00,PRICE-LAG7-COMPLETED,cvar_t0.90_r0.20_g0.02,Q2V2-SW2-REC5,A,A,B,2025-07-15T00:00:00,2647.906699948305,2741.501579577934,previous_confirmed_final_slot_and_issued_load_pv_forecast,5897.26,0.0,241.7733333333333,113.91016187499986,0.0,127.86317145833345,0.0,833.3333333333334,35.633171458333436,0.0,8247.544549614198,7321.618623688272,1.6694,1.6493,398.75675866666666,0.0,-105.44236434311468,293.84894843114665,293.314394323552,587.1633427546986,1,5814.07,0.0,18,2025-07-15,4
2025-07-15,117,2025-07-15T00:00:00,2025-07-15 19:40:00,2025-07-15 19:50:00,2025-07-08 19:50:00,PRICE-LAG7-COMPLETED,cvar_t0.90_r0.20_g0.02,Q2V2-SW2-REC5,A,A,B,2025-07-15T00:00:00,2647.906699948305,2741.501579577934,previous_confirmed_final_slot_and_issued_load_pv_forecast,5983.8094,0.0,300.3427416666666,123.94260756944448,0.0,176.40013409722212,0.0,833.3333333333334,40.0256257638888,0.0,7321.618623688272,6395.692697762346,1.6829,1.6408,492.80237052666655,0.0,-144.71867001336102,328.3702337669437,348.08370051330553,676.4539342802493,1,5905.2109,0.0,18,2025-07-15,4
2025-07-15,118,2025-07-15T00:00:00,2025-07-15 19:50:00,2025-07-15 20:00:00,2025-07-08 20:00:00,PRICE-LAG7-COMPLETED,cvar_t0.90_r0.20_g0.02,Q2V2-SW2-REC5,A,A,B,2025-07-15T00:00:00,2647.906699948305,2741.501579577934,previous_confirmed_final_slot_and_issued_load_pv_forecast,5853.8373,0.2068,281.35106999999994,139.30943430555544,0.0,142.0416356944445,0.0,833.3333333333334,2.9623156944445554,0.0,6395.692697762346,5469.76677183642,1.6386,1.6368,460.5154313759999,0.0,-116.24687465233337,24.243591643334245,344.26855672366656,368.5121483670008,1,5953.2323,0.22874000000000003,18,2025-07-15,4
2025-07-15,121,2025-07-15T00:00:00,2025-07-15 20:20:00,2025-07-15 20:30:00,2025-07-08 20:30:00,PRICE-LAG7-COMPLETED,cvar_t0.90_r0.20_g0.02,Q2V2-SW2-REC5,A,A,B,2025-07-15T00:00:00,2647.906699948305,2741.501579577934,previous_confirmed_final_slot_and_issued_load_pv_forecast,5767.0693,0.0148,342.13014,126.59288958333332,0.0,215.53725041666667,0.0,833.3333333333334,1.2495270833333052,0.0,3665.82274683642,2739.8968209104937,1.7191,1.621,554.59295694,0.0,-174.69294146270832,10.127417010416439,379.90001547729173,390.02743248770815,1,5955.47385,0.0164,18,2025-07-15,5
2025-07-15,123,2025-07-15T00:00:00,2025-07-15 20:40:00,2025-07-15 20:50:00,2025-07-08 20:50:00,PRICE-LAG7-COMPLETED,cvar_t0.90_r0.20_g0.02,Q2V2-SW2-REC5,A,A,B,2025-07-15T00:00:00,2647.906699948305,2741.501579577934,previous_confirmed_final_slot_and_issued_load_pv_forecast,5697.2647,0.0,303.2787000000001,155.18705812500002,0.0,148.09164187500005,0.0,600.9812100694445,193.37584847222206,0.0,1867.7569000771605,1200.0,1.7507,1.7142,519.8803475400001,0.0,-126.92934625106254,1657.4243972554152,392.95100128893756,2050.3753985443527,1,6050.28285,0.0,18,2025-07-15,5
2025-07-15,125,2025-07-15T00:00:00,2025-07-15 21:00:00,2025-07-15 21:10:00,2025-07-08 21:10:00,PRICE-LAG7-COMPLETED,cvar_t0.90_r0.20_g0.02,Q2V2-SW2-REC5,A,A,B,2025-07-15T00:00:00,2647.906699948305,2741.501579577934,previous_confirmed_final_slot_and_issued_load_pv_forecast,5739.17,0.0,1093.0575,951.0072889583334,0.0,142.05021104166644,0.0,1.6251713437499802,3.89587303124988,0.0,1201.8057459375,1200.0,1.1077,1.0601,1158.75025575,0.0,-75.2937143626353,20.65007500213999,1083.4565413873647,1104.1066163895048,1,5781.535,0.0,18,2025-07-15,5
2025-07-15,127,2025-07-15T00:00:00,2025-07-15 21:20:00,2025-07-15 21:30:00,2025-07-08 21:30:00,PRICE-LAG7-COMPLETED,cvar_t0.90_r0.20_g0.02,Q2V2-SW2-REC5,A,A,B,2025-07-15T00:00:00,2647.906699948305,2741.501579577934,previous_confirmed_final_slot_and_issued_load_pv_forecast,5958.5819,0.0,1087.9790666666668,984.7091660416667,0.0,103.2699006250001,0.0,1.6924968562500908,6.695320435416602,0.0,1201.8805520625,1200.0,1.1293,1.0639,1157.5009290266669,0.0,-54.93442363746881,35.61575705619862,1102.566505389198,1138.1822624453966,1,5989.5223000000005,0.0,18,2025-07-15,5
2025-07-15,128,2025-07-15T00:00:00,2025-07-15 21:30:00,2025-07-15 21:40:00,2025-07-08 21:40:00,PRICE-LAG7-COMPLETED,cvar_t0.90_r0.20_g0.02,Q2V2-SW2-REC5,A,A,B,2025-07-15T00:00:00,2647.906699948305,2741.501579577934,previous_confirmed_final_slot_and_issued_load_pv_forecast,6127.42,0.0,1098.165,968.4785575000001,0.0,129.68644249999988,0.0,0.0,52.7581091666666,0.0,1200.0,1200.0,1.1099,1.0866,1193.266089,0.0,-70.45864421024994,286.6348071024996,1122.80744478975,1409.4422518922497,1,5933.035,0.0,18,2025-07-15,5
2025-07-15,129,2025-07-15T00:00:00,2025-07-15 21:40:00,2025-07-15 21:50:00,2025-07-08 21:50:00,PRICE-LAG7-COMPLETED,cvar_t0.90_r0.20_g0.02,Q2V2-SW2-REC5,A,A,B,2025-07-15T00:00:00,2647.906699948305,2741.501579577934,previous_confirmed_final_slot_and_issued_load_pv_forecast,6167.8563,0.0,1081.1297416666669,1008.0087962500002,0.0,73.1209454166667,0.0,0.0,19.967253749999827,0.0,1200.0,1200.0,1.1713,1.1492,1242.4342991233336,0.0,-42.015295236416684,114.73184004749902,1200.419003886917,1315.150843934416,1,6160.573,0.0,18,2025-07-15,5
2025-07-15,130,2025-07-15T00:00:00,2025-07-15 21:50:00,2025-07-15 22:00:00,2025-07-08 22:00:00,PRICE-LAG7-COMPLETED,cvar_t0.90_r0.20_g0.02,Q2V2-SW2-REC5,A,A,B,2025-07-15T00:00:00,2647.906699948305,2741.501579577934,previous_confirmed_final_slot_and_issued_load_pv_forecast,5569.219,0.0,1012.4119416666667,925.2771600000002,0.0,87.13478166666653,0.0,0.0,2.926006666666467,0.0,1200.0,1200.0,0.9444,0.9524,964.2211332433334,0.0,-41.4935830296666,13.933643746665718,922.7275502136667,936.6611939603324,1,5666.49235,0.0,18,2025-07-15,5
2025-07-16,120,2025-07-16T00:00:00,2025-07-16 20:10:00,2025-07-16 20:20:00,2025-07-09 20:20:00,PRICE-LAG7-COMPLETED,cvar_t0.90_r0.20_g0.02,Q2V2-SW2-REC5,A,A,B,2025-07-16T00:00:00,3002.2955057749996,2999.1152582749996,previous_confirmed_final_slot_and_issued_load_pv_forecast,6178.5016,0.0,313.16346666666664,192.82623833333344,0.0,120.3372283333332,0.0,833.3333333333334,3.5906949999996414,0.0,5335.297027469133,4409.371101543207,1.6853,1.6733,524.0164287733332,0.0,-100.68014208508322,30.041549717497002,423.33628668825,453.377836405747,1,5975.3777,0.0,18,2025-07-16,5
2025-07-16,121,2025-07-16T00:00:00,2025-07-16 20:20:00,2025-07-16 20:30:00,2025-07-09 20:30:00,PRICE-LAG7-COMPLETED,cvar_t0.90_r0.20_g0.02,Q2V2-SW2-REC5,A,A,B,2025-07-16T00:00:00,3002.2955057749996,2999.1152582749996,previous_confirmed_final_slot_and_issued_load_pv_forecast,6214.3815,0.0123,268.58071333333316,166.37125812499994,0.0,102.20945520833322,0.0,833.3333333333334,36.023608541666704,0.0,4409.371101543207,3483.445175617281,1.6441,1.6813,451.56475332733305,0.0,-85.92237852088533,302.83246520552115,365.6423748064477,668.4748400119688,1,5844.35855,0.01582,18,2025-07-16,5
2025-07-17,117,2025-07-17T00:00:00,2025-07-17 19:40:00,2025-07-17 19:50:00,2025-07-10 19:50:00,PRICE-LAG7-COMPLETED,cvar_t0.90_r0.20_g0.02,Q2V2-SW2-REC5,A,A,B,2025-07-17T00:00:00,3488.275124330243,3518.7534930802435,previous_confirmed_final_slot_and_issued_load_pv_forecast,5754.9647,0.0,370.97509414835633,120.31257743055528,0.0,250.66251671780105,0.0,833.3333333333334,5.514872569444719,0.0,7303.5998710648155,6377.673945138889,1.661,1.6204,601.1280425579967,0.0,-203.08677104476243,44.681497557641116,398.0412715132342,442.72276907087536,1,5693.88445,0.0,18,2025-07-17,4
2025-07-17,121,2025-07-17T00:00:00,2025-07-17 20:20:00,2025-07-17 20:30:00,2025-07-10 20:30:00,PRICE-LAG7-COMPLETED,cvar_t0.90_r0.20_g0.02,Q2V2-SW2-REC5,A,A,B,2025-07-17T00:00:00,3488.275124330243,3518.7534930802435,previous_confirmed_final_slot_and_issued_load_pv_forecast,6057.2464,0.0099,281.93249833333346,142.3106231249999,0.0,139.62187520833356,0.0,833.3333333333334,33.89546020833336,0.0,4206.701664583334,3280.7757386574076,1.6686,1.6358,461.18518077366684,0.0,-114.19673173289601,277.23096904395857,346.98844904077083,624.2194180847293,1,5868.8276000000005,0.01464,18,2025-07-17,5
2025-07-20,123,2025-07-20T00:00:00,2025-07-20 20:40:00,2025-07-20 20:50:00,2025-07-13 20:50:00,PRICE-LAG7-COMPLETED,cvar_t0.90_r0.20_g0.02,Q2V2-SW2-REC5,A,A,B,2025-07-20T00:00:00,3460.597056803862,3398.1372651371958,previous_confirmed_final_slot_and_issued_load_pv_forecast,6057.1355,0.0,286.3936666666666,170.86195520833326,0.0,115.53171145833335,0.0,833.3333333333334,5.327294791666759,0.0,2801.3888160123433,1875.4628900864172,1.7206,1.7018,487.3847419333332,0.0,-98.30593327989584,45.32995138229246,389.07880865343736,434.4087600357298,1,5961.998100000001,0.0,18,2025-07-20,5
2025-07-21,114,2025-07-21T00:00:00,2025-07-21 19:10:00,2025-07-21 19:20:00,2025-07-14 19:20:00,PRICE-LAG7-COMPLETED,cvar_t0.95_r0.20_g0.02,Q2V2-SW2-REC5,A,A,B,2025-07-21T00:00:00,3494.9898723966016,3513.4227011466014,previous_confirmed_final_slot_and_issued_load_pv_forecast,5869.4013,0.0,281.36541666666676,144.26021874999992,0.0,137.10519791666684,0.0,833.3333333333334,0.6399979166667435,0.0,9841.500790817901,8915.574864891976,1.692,1.7176,483.2732396666668,0.0,-117.74594397083348,5.496302108333994,365.52729569583335,371.02359780416737,1,5921.128500000001,0.0,18,2025-07-21,4
2025-07-21,115,2025-07-21T00:00:00,2025-07-21 19:20:00,2025-07-21 19:30:00,2025-07-14 19:30:00,PRICE-LAG7-COMPLETED,cvar_t0.95_r0.20_g0.02,Q2V2-SW2-REC5,A,A,B,2025-07-21T00:00:00,3494.9898723966016,3513.4227011466014,previous_confirmed_final_slot_and_issued_load_pv_forecast,5813.4664,1.1021,215.47807999999998,124.75653680555558,0.0,90.7215431944444,0.0,833.3333333333334,10.63751319444441,0.0,8915.574864891976,7989.64893896605,1.6578,1.6565,356.93943952,0.0,-75.14011815079857,88.10520303298583,281.79932136920144,369.90452440218723,1,5792.8903,1.86782,18,2025-07-21,4
2025-07-21,116,2025-07-21T00:00:00,2025-07-21 19:30:00,2025-07-21 19:40:00,2025-07-14 19:40:00,PRICE-LAG7-COMPLETED,cvar_t0.95_r0.20_g0.02,Q2V2-SW2-REC5,A,A,B,2025-07-21T00:00:00,3494.9898723966016,3513.4227011466014,previous_confirmed_final_slot_and_issued_load_pv_forecast,5705.19,0.0,224.69499999999994,116.35087645833335,0.0,108.34412354166659,0.0,833.3333333333334,1.1807902083331783,0.0,7989.64893896605,7063.723013040124,1.6817,1.6318,366.6573009999999,0.0,-88.39797039764576,9.6340673097904,278.2593306023541,287.8933979121445,1,5743.870000000001,0.0,18,2025-07-21,4
2025-07-21,123,2025-07-21T00:00:00,2025-07-21 20:40:00,2025-07-21 20:50:00,2025-07-14 20:50:00,PRICE-LAG7-COMPLETED,cvar_t0.95_r0.20_g0.02,Q2V2-SW2-REC5,A,A,B,2025-07-21T00:00:00,3494.9898723966016,3513.4227011466014,previous_confirmed_final_slot_and_issued_load_pv_forecast,6100.2556,0.0,289.3840416666667,151.1701593749998,0.0,138.2138822916669,0.0,833.3333333333334,32.205773958333566,0.0,2384.45584865638,1458.529922730454,1.7345,1.7317,501.1263449541667,0.0,-119.67248998223978,278.8536938182312,381.45385497192694,660.3075487901581,1,5966.9149,0.0,18,2025-07-21,5
2025-07-22,116,2025-07-22T00:00:00,2025-07-22 19:30:00,2025-07-22 19:40:00,2025-07-15 19:40:00,PRICE-LAG7-COMPLETED,cvar_t0.95_r0.20_g0.05,Q2V2-SW2-REC5,A,A,B,2025-07-22T00:00:00,3229.320610973509,3210.256053473509,previous_confirmed_final_slot_and_issued_load_pv_forecast,6005.86,0.0,251.30666666666662,160.32502541666656,0.0,90.98164125000005,0.0,833.3333333333334,7.31830791666664,0.0,8058.99789976852,7133.071973842594,1.6493,1.6578,416.6161919999999,0.0,-75.41468243212505,60.66145432124978,341.20150956787484,401.8629638891246,1,5871.27,0.0,18,2025-07-22,4
2025-07-22,119,2025-07-22T00:00:00,2025-07-22 20:00:00,2025-07-22 20:10:00,2025-07-15 20:10:00,PRICE-LAG7-COMPLETED,cvar_t0.95_r0.20_g0.05,Q2V2-SW2-REC5,A,A,B,2025-07-22T00:00:00,3229.320610973509,3210.256053473509,previous_confirmed_final_slot_and_issued_load_pv_forecast,6051.24,0.0,262.94499999999994,149.3481641666665,0.0,113.59683583333344,0.0,833.3333333333334,25.8585025000001,0.0,5286.20462484568,4360.278698919754,1.6344,1.6985,446.6120824999999,0.0,-96.47211283145842,219.60333248125085,350.1399696685414,569.7433021497923,1,5785.355,0.0,18,2025-07-22,5
2025-07-22,120,2025-07-22T00:00:00,2025-07-22 20:10:00,2025-07-22 20:20:00,2025-07-15 20:20:00,PRICE-LAG7-COMPLETED,cvar_t0.95_r0.20_g0.05,Q2V2-SW2-REC5,A,A,B,2025-07-22T00:00:00,3229.320610973509,3210.256053473509,previous_confirmed_final_slot_and_issued_load_pv_forecast,5992.3808,0.0,253.6236666666664,144.5230172916664,0.0,109.10064937499999,0.0,833.3333333333334,20.873782708333465,0.0,4360.278698919754,3434.352772993828,1.6537,1.7059,432.6566129666662,0.0,-93.05739888440624,178.0429296107303,339.59921408226,517.6421436929903,1,5797.16705,0.0,18,2025-07-22,5
2025-07-23,113,2025-07-23T00:00:00,2025-07-23 19:00:00,2025-07-23 19:10:00,2025-07-16 19:10:00,PRICE-LAG7-COMPLETED,cvar_t0.95_r0.20_g0.05,Q2V2-SW2-REC5,A,A,B,2025-07-23T00:00:00,3058.9883358418206,3066.7593483418204,previous_confirmed_final_slot_and_issued_load_pv_forecast,5876.58,0.0,321.9424999999999,143.12656833333313,0.0,178.81593166666676,0.0,833.3333333333334,2.9700983333334534,0.0,10559.334966632718,9633.409040706792,1.6647,1.6455,529.7563837499998,0.0,-147.12080777875008,24.436484037500986,382.63557597124975,407.0720600087507,1,5875.325,0.0,18,2025-07-23,4
2025-07-23,114,2025-07-23T00:00:00,2025-07-23 19:10:00,2025-07-23 19:20:00,2025-07-16 19:20:00,PRICE-LAG7-COMPLETED,cvar_t0.95_r0.20_g0.05,Q2V2-SW2-REC5,A,A,B,2025-07-23T00:00:00,3058.9883358418206,3066.7593483418204,previous_confirmed_final_slot_and_issued_load_pv_forecast,5882.8473,0.0,254.75232500000016,99.65967604166667,0.0,155.09264895833348,0.0,833.3333333333334,47.48154062499998,0.0,9633.409040706792,8707.483114780867,1.6483,1.6716,425.84398647000023,0.0,-129.62643599937513,396.85071654374985,296.2175504706251,693.0682670143749,1,5663.823050000001,0.0,18,2025-07-23,4
2025-07-23,115,2025-07-23T00:00:00,2025-07-23 19:20:00,2025-07-23 19:30:00,2025-07-16 19:30:00,PRICE-LAG7-COMPLETED,cvar_t0.95_r0.20_g0.05,Q2V2-SW2-REC5,A,A,B,2025-07-23T00:00:00,3058.9883358418206,3066.7593483418204,previous_confirmed_final_slot_and_issued_load_pv_forecast,5805.7634,0.9143,341.7205624108341,106.48848083333326,0.0,235.23208157750082,0.0,833.3333333333334,27.65303583333332,0.0,8707.483114780867,7781.557188854941,1.5956,1.6252,555.3642580300875,0.0,-191.14958948987717,224.70856918166655,364.21466854021037,588.923237721877,1,5691.80485,1.48254,18,2025-07-23,4
2025-07-23,117,2025-07-23T00:00:00,2025-07-23 19:40:00,2025-07-23 19:50:00,2025-07-16 19:50:00,PRICE-LAG7-COMPLETED,cvar_t0.95_r0.20_g0.05,Q2V2-SW2-REC5,A,A,B,2025-07-23T00:00:00,3058.9883358418206,3066.7593483418204,previous_confirmed_final_slot_and_issued_load_pv_forecast,5977.8148,0.0,235.533275,121.60363194444437,0.0,113.92964305555563,0.0,833.3333333333334,41.3655013888889,0.0,6871.336522651238,5945.410596725312,1.6753,1.7113,403.0680935075,0.0,-97.48389908048618,353.94391263402787,305.5841944270138,659.5281070610417,1,5811.93655,0.0,18,2025-07-23,4
2025-07-23,118,2025-07-23T00:00:00,2025-07-23 19:50:00,2025-07-23 20:00:00,2025-07-16 20:00:00,PRICE-LAG7-COMPLETED,cvar_t0.95_r0.20_g0.05,Q2V2-SW2-REC5,A,A,B,2025-07-23T00:00:00,3058.9883358418206,3066.7593483418204,previous_confirmed_final_slot_and_issued_load_pv_forecast,5941.3525,0.0656,277.34926666666684,119.51393666666672,0.0,157.8353300000001,0.0,833.3333333333334,37.36721333333321,0.0,5945.410596725312,5019.484670799386,1.647,1.7196,476.9297989600003,0.0,-135.70681673400009,321.283300239999,341.2229822260002,662.5062824659992,1,5759.5877,0.10644,18,2025-07-23,4
2025-07-23,123,2025-07-23T00:00:00,2025-07-23 20:40:00,2025-07-23 20:50:00,2025-07-16 20:50:00,PRICE-LAG7-COMPLETED,cvar_t0.95_r0.20_g0.05,Q2V2-SW2-REC5,A,A,B,2025-07-23T00:00:00,3058.9883358418206,3066.7593483418204,previous_confirmed_final_slot_and_issued_load_pv_forecast,5730.0985,0.0,235.85169166666674,112.66892812499975,0.0,123.18276354166699,0.0,833.3333333333334,9.014155208333477,0.0,2245.845492413579,1319.919566487653,1.6728,1.672,394.34402846666677,0.0,-102.98079032083359,75.35833754166786,291.3632381458332,366.72157568750106,1,5762.82265,0.0,18,2025-07-23,5
2025-07-24,118,2025-07-24T00:00:00,2025-07-24 19:50:00,2025-07-24 20:00:00,2025-07-17 20:00:00,PRICE-LAG7-COMPLETED,cvar_t0.95_r0.20_g0.05,Q2V2-SW2-REC5,A,A,B,2025-07-24T00:00:00,2742.9572717399665,2689.154521739966,previous_confirmed_final_slot_and_issued_load_pv_forecast,5744.1549,0.0253,734.0538307350007,123.84713784722226,0.0,610.2066928877784,0.0,833.3333333333334,0.17446215277766441,0.0,6040.764401905866,5114.83847597994,1.6043,1.6503,1211.4090368619718,0.0,-503.5120526363504,1.439574453644898,707.8969842256214,709.3365586792663,1,5737.779,0.09254,18,2025-07-24,4
2025-07-24,119,2025-07-24T00:00:00,2025-07-24 20:00:00,2025-07-24 20:10:00,2025-07-17 20:10:00,PRICE-LAG7-COMPLETED,cvar_t0.95_r0.20_g0.05,Q2V2-SW2-REC5,A,A,B,2025-07-24T00:00:00,2742.9572717399665,2689.154521739966,previous_confirmed_final_slot_and_issued_load_pv_forecast,5880.72,0.0,293.2308333333333,137.8238183333333,0.0,155.407015,0.0,833.3333333333334,8.96284833333334,0.0,5114.83847597994,4188.912550054014,1.6434,1.6603,486.8511525833333,0.0,-129.01113350225,74.40508543916674,357.8400190810833,432.24510452025004,1,5818.4,0.0,18,2025-07-24,5
2025-07-25,124,2025-07-25T00:00:00,2025-07-25 20:50:00,2025-07-25 21:00:00,2025-07-18 21:00:00,PRICE-LAG7-COMPLETED,cvar_t0.95_r0.20_g0.05,Q2V2-SW2-REC5,A,A,B,2025-07-25T00:00:00,3089.179554286268,3056.1894055362677,previous_confirmed_final_slot_and_issued_load_pv_forecast,3974.2883,0.0,782.7807,0.0,0.0,782.7807,0.0,643.6639247222217,18.717458611111624,0.0,1915.1821385802464,1200.0,1.3503,1.2627,988.41718989,0.0,-494.208594945,118.17267494125323,494.208594945,612.3812698862532,1,4258.172500000001,0.0,18,2025-07-25,5
2025-07-25,129,2025-07-25T00:00:00,2025-07-25 21:40:00,2025-07-25 21:50:00,2025-07-18 21:50:00,PRICE-LAG7-COMPLETED,cvar_t0.95_r0.20_g0.05,Q2V2-SW2-REC5,A,A,B,2025-07-25T00:00:00,3089.179554286268,3056.1894055362677,previous_confirmed_final_slot_and_issued_load_pv_forecast,4413.6584,0.0,774.6411833333333,698.6992756250002,0.0,75.94190770833313,0.0,36.58931842916691,0.3211392791662746,0.0,1240.65479825463,1200.0,0.9302,0.9923,768.6764462216665,0.0,-37.678577509489486,1.5933325335834714,730.997868712177,732.5912012457605,1,4258.8060000000005,0.0,18,2025-07-25,5
2025-08-03,123,2025-08-03T00:00:00,2025-08-03 20:40:00,2025-08-03 20:50:00,2025-07-27 20:50:00,PRICE-LAG7-COMPLETED,nocvar_g0.05,Q2V2-SW2-REC5,A,A,B,2025-08-03T00:00:00,4813.701093755555,4769.115445607407,previous_confirmed_final_slot_and_issued_load_pv_forecast,5874.4518,0.0014,284.37676999999996,284.37676999999996,0.0,0.0,0.0,402.57613033541855,292.12216633124814,0.0,1647.3068114837984,1200.0,1.6917,1.6873,479.8289240209999,0.0,-0.0,2464.4886562535753,479.8289240209999,2944.3175802745754,1,5971.738450000001,0.00078,18,2025-08-03,5
2025-08-03,126,2025-08-03T00:00:00,2025-08-03 21:10:00,2025-08-03 21:20:00,2025-07-27 21:20:00,PRICE-LAG7-COMPLETED,nocvar_g0.05,Q2V2-SW2-REC5,A,A,B,2025-08-03T00:00:00,4813.701093755555,4769.115445607407,previous_confirmed_final_slot_and_issued_load_pv_forecast,5710.1747,0.0,1014.5709166666668,937.2679874999998,0.0,77.30292916666701,0.0,12.05143312499979,2.3763627083336587,0.0,1213.3904812499998,1200.0,1.0512,1.0321,1047.1386430916668,0.0,-39.89217659645851,12.263219756355845,1007.2464664952083,1019.5096862515642,1,5646.8255,0.0,18,2025-08-03,5
2025-08-03,129,2025-08-03T00:00:00,2025-08-03 21:40:00,2025-08-03 21:50:00,2025-07-27 21:50:00,PRICE-LAG7-COMPLETED,nocvar_g0.05,Q2V2-SW2-REC5,A,A,B,2025-08-03T00:00:00,4813.701093755555,4769.115445607407,previous_confirmed_final_slot_and_issued_load_pv_forecast,6168.1927,0.0,1028.0199856666663,991.5335950000001,0.0,36.48639066666624,0.0,12.38004573749986,24.11847592916656,0.0,1213.7556063749998,1200.0,1.1502,1.1681,1200.830145257233,0.0,-21.309876468866417,140.8639586642973,1179.5202687883666,1320.384227452664,1,5993.304700000001,0.0,18,2025-08-03,5
2025-08-03,130,2025-08-03T00:00:00,2025-08-03 21:50:00,2025-08-03 22:00:00,2025-07-27 22:00:00,PRICE-LAG7-COMPLETED,nocvar_g0.05,Q2V2-SW2-REC5,A,A,B,2025-08-03T00:00:00,4813.701093755555,4769.115445607407,previous_confirmed_final_slot_and_issued_load_pv_forecast,5553.4877,0.0,971.7117749999999,899.5695093749998,0.0,72.14226562500005,0.0,0.0,26.01177395833338,0.0,1200.0,1200.0,0.9169,0.9506,923.7092133149998,0.0,-34.289218851562524,123.63396162395856,889.4199944634373,1013.0539560873958,1,5422.2913499999995,0.0,18,2025-08-03,5
2025-08-14,113,2025-08-14T00:00:00,2025-08-14 19:00:00,2025-08-14 19:10:00,2025-08-07 19:10:00,PRICE-LAG7-COMPLETED,nocvar_g0.05,Q2V2-SW2-REC5,A,A,B,2025-08-14T00:00:00,3336.8545543703754,3362.4520497407457,previous_confirmed_final_slot_and_issued_load_pv_forecast,5713.7,0.0,110.41250000000014,110.41250000000014,0.0,0.0,0.0,833.3333333333334,8.537499999999795,0.0,10610.794617387519,9684.868691461594,1.6101,1.6435,181.46294375000022,0.0,-0.0,70.15690624999831,181.46294375000022,251.61984999999854,1,5472.23,0.0,18,2025-08-14,4
2025-08-14,123,2025-08-14T00:00:00,2025-08-14 20:40:00,2025-08-14 20:50:00,2025-08-07 20:50:00,PRICE-LAG7-COMPLETED,nocvar_g0.05,Q2V2-SW2-REC5,A,A,B,2025-08-14T00:00:00,3336.8545543703754,3362.4520497407457,previous_confirmed_final_slot_and_issued_load_pv_forecast,6020.2783,0.0,131.17189166666685,131.17189166666685,0.0,0.0,0.0,833.3333333333334,38.87449166666636,0.0,2403.919530981483,1477.993605055557,1.6465,1.7384,228.02921647333366,0.0,-0.0,337.897081566664,228.02921647333366,565.9262980399976,1,5746.46175,0.0,18,2025-08-14,5
2025-08-16,18,2025-08-16T00:00:00,2025-08-16 03:10:00,2025-08-16 03:20:00,2025-08-09 03:20:00,PRICE-LAG7-COMPLETED,nocvar_g0.05,Q2V2-SW2-REC5,A,A,B,2025-08-16T00:00:00,3130.5974302305685,3053.7711764805686,previous_confirmed_final_slot_and_issued_load_pv_forecast,3316.6504,0.0,487.1027166666666,487.1027166666666,0.0,0.0,0.0,63.93593737500046,1.736412624999538,0.0,1271.0399304166672,1200.0,0.4147,0.4227,205.89831833499997,0.0,-0.0,3.669908082936524,205.89831833499997,209.5682264179365,0,3206.8163999999997,0.0,0,2025-08-16,0
2025-08-16,19,2025-08-16T00:00:00,2025-08-16 03:20:00,2025-08-16 03:30:00,2025-08-09 03:30:00,PRICE-LAG7-COMPLETED,nocvar_g0.05,Q2V2-SW2-REC5,A,A,B,2025-08-16T00:00:00,3130.5974302305685,3053.7711764805686,previous_confirmed_final_slot_and_issued_load_pv_forecast,3237.3918,0.0,530.7774416666666,530.7774416666666,0.0,0.0,0.0,0.0,8.78785833333336,0.0,1200.0,1200.0,0.3729,0.3921,208.11783487749997,0.0,-0.0,17.228596262500055,208.11783487749997,225.34643114000002,0,3247.267,0.0,0,2025-08-16,0
2025-08-16,42,2025-08-16T00:00:00,2025-08-16 07:10:00,2025-08-16 07:20:00,2025-08-09 07:20:00,PRICE-LAG7-COMPLETED,nocvar_g0.05,Q2V2-SW2-REC5,A,A,B,2025-08-16T00:00:00,3130.5974302305685,3053.7711764805686,previous_confirmed_final_slot_and_issued_load_pv_forecast,3832.2447,3048.9677,0.0,0.0,0.0,0.0,0.0,119.92406803333324,10.622098633333394,0.0,1333.2489644814814,1200.0,0.6728,0.646,0.0,0.0,-0.0,34.30937858566686,0.0,34.30937858566686,1,3531.86225,3038.42252,6,2025-08-16,1
2025-08-16,43,2025-08-16T00:00:00,2025-08-16 07:20:00,2025-08-16 07:30:00,2025-08-09 07:30:00,PRICE-LAG7-COMPLETED,nocvar_g0.05,Q2V2-SW2-REC5,A,A,B,2025-08-16T00:00:00,3130.5974302305685,3053.7711764805686,previous_confirmed_final_slot_and_issued_load_pv_forecast,3657.1314,3400.8207,0.0,0.0,0.0,0.0,0.0,0.0,42.71844999999996,0.0,1200.0,1200.0,0.6026,0.6058,0.0,0.0,-0.0,129.3941850499999,0.0,129.3941850499999,1,3444.26125,3376.86704,6,2025-08-16,1
2025-08-17,115,2025-08-17T00:00:00,2025-08-17 19:20:00,2025-08-17 19:30:00,2025-08-10 19:30:00,PRICE-LAG7-COMPLETED,nocvar_g0.05,Q2V2-SW2-REC5,A,A,B,2025-08-17T00:00:00,3308.0588558333293,3345.4043743518478,previous_confirmed_final_slot_and_issued_load_pv_forecast,6058.3631,0.1865,141.27729999999997,144.6000268749998,3.32272687499983,0.0,0.0,833.3333333333334,31.762739791666718,0.0,8840.704838981019,7914.778913055093,1.6519,1.6825,237.69905724999995,8.385731950780823,-0.0,267.2040484973963,246.0847892007808,513.2888376981771,1,5799.20535,0.02778,18,2025-08-17,4
2025-08-17,116,2025-08-17T00:00:00,2025-08-17 19:30:00,2025-08-17 19:40:00,2025-08-10 19:40:00,PRICE-LAG7-COMPLETED,nocvar_g0.05,Q2V2-SW2-REC5,A,A,B,2025-08-17T00:00:00,3308.0588558333293,3345.4043743518478,previous_confirmed_final_slot_and_issued_load_pv_forecast,5967.61,0.0,148.56083333333333,148.56083333333333,0.0,0.0,0.0,833.3333333333334,12.707499999999868,0.0,7914.778913055093,6988.852987129167,1.696,1.6959,251.94431724999998,0.0,-0.0,107.75324624999888,251.94431724999998,359.69756349999886,1,5814.57,0.0,18,2025-08-17,4
2025-08-18,114,2025-08-18T00:00:00,2025-08-18 19:10:00,2025-08-18 19:20:00,2025-08-11 19:20:00,PRICE-LAG7-COMPLETED,nocvar_g0.05,Q2V2-SW2-REC5,A,A,B,2025-08-18T00:00:00,2824.1736299309478,2791.1323574309476,previous_confirmed_final_slot_and_issued_load_pv_forecast,5915.475,0.0,116.60380000000009,116.60380000000009,0.0,0.0,0.0,833.3333333333334,35.97536666666656,0.0,9801.009791286668,8875.083865360742,1.6777,1.6665,194.32023270000016,0.0,-0.0,299.7647427499991,194.32023270000016,494.0849754499992,1,5579.89245,0.1639,18,2025-08-18,4
2025-08-18,122,2025-08-18T00:00:00,2025-08-18 20:30:00,2025-08-18 20:40:00,2025-08-11 20:40:00,PRICE-LAG7-COMPLETED,nocvar_g0.05,Q2V2-SW2-REC5,A,A,B,2025-08-18T00:00:00,2824.1736299309478,2791.1323574309476,previous_confirmed_final_slot_and_issued_load_pv_forecast,6048.27,0.0,159.05166666666662,159.05166666666662,0.0,0.0,0.0,833.3333333333334,15.660000000000082,0.0,3403.163972120366,2477.23804619444,1.67,1.6855,268.0815841666666,0.0,-0.0,131.97465000000068,268.0815841666666,400.05623416666725,1,5583.68,0.0,18,2025-08-18,5
2025-08-18,123,2025-08-18T00:00:00,2025-08-18 20:40:00,2025-08-18 20:50:00,2025-08-11 20:50:00,PRICE-LAG7-COMPLETED,nocvar_g0.05,Q2V2-SW2-REC5,A,A,B,2025-08-18T00:00:00,2824.1736299309478,2791.1323574309476,previous_confirmed_final_slot_and_issued_load_pv_forecast,5934.34,0.0,124.02040833333353,124.02040833333353,0.0,0.0,0.0,833.3333333333334,31.70292499999971,0.0,2477.23804619444,1551.3121202685138,1.7234,1.7616,218.47435132000035,0.0,-0.0,279.23936339999744,218.47435132000035,497.7137147199978,1,5610.78175,0.0,18,2025-08-18,5
2025-08-19,116,2025-08-19T00:00:00,2025-08-19 19:30:00,2025-08-19 19:40:00,2025-08-12 19:40:00,PRICE-LAG7-COMPLETED,nocvar_g0.05,Q2V2-SW2-REC5,A,A,B,2025-08-19T00:00:00,2645.4917933911984,2670.2377283911983,previous_confirmed_final_slot_and_issued_load_pv_forecast,6160.53,0.0,121.75833333333321,121.75833333333321,0.0,0.0,0.0,833.3333333333334,71.6633333333333,0.0,8189.525710984458,7263.599785058532,1.604,1.7202,209.44868499999978,0.0,-0.0,616.3763299999996,209.44868499999978,825.8250149999994,1,5577.51,0.0,18,2025-08-19,4
2025-08-19,120,2025-08-19T00:00:00,2025-08-19 20:10:00,2025-08-19 20:20:00,2025-08-12 20:20:00,PRICE-LAG7-COMPLETED,nocvar_g0.05,Q2V2-SW2-REC5,A,A,B,2025-08-19T00:00:00,2645.4917933911984,2670.2377283911983,previous_confirmed_final_slot_and_issued_load_pv_forecast,5934.2019,0.0,150.04589499999997,150.04589499999997,0.0,0.0,0.0,833.3333333333334,5.654421666666622,0.0,4824.982699873346,3899.05677394742,1.6415,1.6817,252.33218162149996,0.0,-0.0,47.545204584166285,252.33218162149996,299.87738620566626,1,5705.061900000001,0.00028,18,2025-08-19,5
2025-08-20,119,2025-08-20T00:00:00,2025-08-20 20:00:00,2025-08-20 20:10:00,2025-08-13 20:10:00,PRICE-LAG7-COMPLETED,nocvar_g0.05,Q2V2-SW2-REC5,A,A,B,2025-08-20T00:00:00,2012.0688812622357,1992.7167812622356,previous_confirmed_final_slot_and_issued_load_pv_forecast,5788.16,0.0,122.00333333333344,126.76596291666647,4.762629583333023,0.0,0.0,833.3333333333334,4.594037083333433,0.0,5436.319389814815,4510.393463888889,1.6477,1.661,202.64753666666687,11.866091606874228,-0.0,38.15347797708416,214.5136282735411,252.66710625062524,1,5531.335,0.0,18,2025-08-20,5
2025-08-20,120,2025-08-20T00:00:00,2025-08-20 20:10:00,2025-08-20 20:20:00,2025-08-13 20:20:00,PRICE-LAG7-COMPLETED,nocvar_g0.05,Q2V2-SW2-REC5,A,A,B,2025-08-20T00:00:00,2012.0688812622357,1992.7167812622356,previous_confirmed_final_slot_and_issued_load_pv_forecast,5914.0333,0.0,148.70514166666635,148.70514166666635,0.0,0.0,0.0,833.3333333333334,3.6337416666668787,0.0,4510.393463888889,3584.4675379629625,1.6286,1.7126,254.67242561833277,0.0,-0.0,31.11572989166848,254.67242561833277,285.7881555100013,1,5685.0943,0.0,18,2025-08-20,5
2025-08-27,113,2025-08-27T00:00:00,2025-08-27 19:00:00,2025-08-27 19:10:00,2025-08-20 19:10:00,PRICE-LAG7-COMPLETED,nocvar_g0.05,Q2V2-SW2-REC5,A,A,B,2025-08-27T00:00:00,2636.1874568657404,2645.6959981157406,previous_confirmed_final_slot_and_issued_load_pv_forecast,5608.7,0.0,77.1108333333334,77.1108333333334,0.0,0.0,0.0,833.3333333333334,24.33916666666653,0.0,10713.619066666666,9787.693140740741,1.6331,1.6176,124.73448400000011,0.0,-0.0,196.85517999999885,124.73448400000011,321.58966399999895,1,5461.41,0.0,18,2025-08-27,4
2025-08-28,119,2025-08-28T00:00:00,2025-08-28 20:00:00,2025-08-28 20:10:00,2025-08-21 20:10:00,PRICE-LAG7-COMPLETED,nocvar_g0.05,Q2V2-SW2-REC5,A,A,B,2025-08-28T00:00:00,2119.9019174259297,2107.9121682592627,previous_confirmed_final_slot_and_issued_load_pv_forecast,6012.82,0.0,134.8958333333337,134.8958333333337,0.0,0.0,0.0,833.3333333333334,33.90749999999946,0.0,5921.097611443756,4995.17168551783,1.656,1.6819,226.88130208333396,0.0,-0.0,285.14512124999544,226.88130208333396,512.0264233333294,1,5696.4400000000005,0.0,18,2025-08-28,5
2025-08-29,124,2025-08-29T00:00:00,2025-08-29 20:50:00,2025-08-29 21:00:00,2025-08-22 21:00:00,PRICE-LAG7-COMPLETED,nocvar_g0.05,Q2V2-SW2-REC5,A,A,B,2025-08-29T00:00:00,2346.2802043055585,2406.4858580555588,previous_confirmed_final_slot_and_issued_load_pv_forecast,4185.5736,0.0,468.3810433333331,245.45850555555631,0.0,222.92253777777677,0.0,424.0189133333356,28.11818111110796,0.0,1671.1321259259284,1200.0,1.2821,1.2761,597.7010493976663,0.0,-142.23572522911047,179.40805457942432,455.46532416855587,634.8733787479802,1,4089.69045,0.0,18,2025-08-29,5
2025-08-29,125,2025-08-29T00:00:00,2025-08-29 21:00:00,2025-08-29 21:10:00,2025-08-22 21:10:00,PRICE-LAG7-COMPLETED,nocvar_g0.05,Q2V2-SW2-REC5,A,A,B,2025-08-29T00:00:00,2346.2802043055585,2406.4858580555588,previous_confirmed_final_slot_and_issued_load_pv_forecast,4020.6,0.0,713.9883333333333,646.1158741666667,0.0,67.87245916666666,0.0,0.0,23.984125833333223,0.0,1200.0,1200.0,0.8769,0.8738,623.8830056666667,0.0,-29.653477409916665,104.78664576583284,594.22952825675,699.0161740225828,1,3927.535,0.0,18,2025-08-29,5
2025-09-01,114,2025-09-01T00:00:00,2025-09-01 19:10:00,2025-09-01 19:20:00,2025-08-25 19:20:00,PRICE-LAG7-COMPLETED,nocvar_g0.05,Q2V2-SW2-REC5,A,A,B,2025-09-01T00:00:00,2660.0195855555576,2788.183312407409,previous_confirmed_final_slot_and_issued_load_pv_forecast,5071.2755,0.0133,148.33015000000023,0.0,0.0,148.33015000000023,0.0,833.3333333333334,11.877033333333202,0.0,10111.631461581788,9185.705535655863,1.6716,1.366,202.61898490000033,0.0,-101.30949245000016,81.12013766666577,101.30949245000016,182.42963011666592,1,5727.2205,0.0,18,2025-09-01,4
2025-09-01,115,2025-09-01T00:00:00,2025-09-01 19:20:00,2025-09-01 19:30:00,2025-08-25 19:30:00,PRICE-LAG7-COMPLETED,nocvar_g0.05,Q2V2-SW2-REC5,A,A,B,2025-09-01T00:00:00,2660.0195855555576,2788.183312407409,previous_confirmed_final_slot_and_issued_load_pv_forecast,5013.4857,0.0,174.64414833333325,0.0,0.0,174.64414833333325,0.0,833.3333333333334,2.2476166666666586,0.0,9185.705535655863,8259.779609729938,1.6733,1.3358,233.28965334366657,0.0,-116.64482667183329,15.011831716666613,116.64482667183329,131.6566583884999,1,5788.9626,0.09673999999999999,18,2025-09-01,4
2025-09-01,123,2025-09-01T00:00:00,2025-09-01 20:40:00,2025-09-01 20:50:00,2025-08-25 20:50:00,PRICE-LAG7-COMPLETED,nocvar_g0.05,Q2V2-SW2-REC5,A,A,B,2025-09-01T00:00:00,2660.0195855555576,2788.183312407409,previous_confirmed_final_slot_and_issued_load_pv_forecast,4893.2715,0.0,171.59917500000006,0.6483037499998545,0.0,170.9508712500002,0.0,810.7562952152775,4.140651034722509,0.0,2100.840328016975,1200.0,1.7012,1.367,234.57607222500008,0.0,-116.84492049937514,28.30134982232835,117.73115172562494,146.0325015479533,1,5833.76635,0.0,18,2025-09-01,5
2025-09-01,126,2025-09-01T00:00:00,2025-09-01 21:10:00,2025-09-01 21:20:00,2025-08-25 21:20:00,PRICE-LAG7-COMPLETED,nocvar_g0.05,Q2V2-SW2-REC5,A,A,B,2025-09-01T00:00:00,2660.0195855555576,2788.183312407409,previous_confirmed_final_slot_and_issued_load_pv_forecast,4962.6061,0.0,967.7027,809.6366912499998,0.0,158.06600875000026,0.0,17.289909168750047,0.1744162479167919,0.0,1219.2110101875,1200.0,1.0175,0.9195,889.8026326500001,0.0,-72.67084752281262,0.8018786997974507,817.1317851271874,817.9336638269849,1,5672.2925,0.0,18,2025-09-01,5
2025-09-01,127,2025-09-01T00:00:00,2025-09-01 21:20:00,2025-09-01 21:30:00,2025-08-25 21:30:00,PRICE-LAG7-COMPLETED,nocvar_g0.05,Q2V2-SW2-REC5,A,A,B,2025-09-01T00:00:00,2660.0195855555576,2788.183312407409,previous_confirmed_final_slot_and_issued_load_pv_forecast,4934.9956,0.0,966.9920584183325,795.8861206249999,0.0,171.1059377933326,0.0,0.0,26.613146041666823,0.0,1200.0,1200.0,1.057,0.9561,924.5411070537676,0.0,-81.79719356210265,127.22414465218824,842.743913491665,969.9680581438532,1,5590.419449999999,0.0,18,2025-09-01,5
2025-09-01,128,2025-09-01T00:00:00,2025-09-01 21:30:00,2025-09-01 21:40:00,2025-08-25 21:40:00,PRICE-LAG7-COMPLETED,nocvar_g0.05,Q2V2-SW2-REC5,A,A,B,2025-09-01T00:00:00,2660.0195855555576,2788.183312407409,previous_confirmed_final_slot_and_issued_load_pv_forecast,4707.93,0.0,940.0983333333334,783.5836872916666,0.0,156.51464604166677,0.0,0.0,1.0713127083333802,0.0,1200.0,1200.0,1.0996,0.9847,925.7148288333334,0.0,-77.05998597861463,5.274608119479398,848.6548428547187,853.9294509741981,1,5595.205,0.0,18,2025-09-01,5
2025-09-02,113,2025-09-02T00:00:00,2025-09-02 19:00:00,2025-09-02 19:10:00,2025-08-26 19:10:00,PRICE-LAG7-COMPLETED,nocvar_g0.05,Q2V2-SW2-REC5,A,A,B,2025-09-02T00:00:00,3269.623864796006,3275.8591697960055,previous_confirmed_final_slot_and_issued_load_pv_forecast,5010.12,0.0,145.5341666666667,0.0,0.0,145.5341666666667,0.0,833.3333333333334,1.6866666666666106,0.0,10760.968816126544,9835.042890200619,1.6205,1.3354,194.3463261666667,0.0,-97.17316308333335,11.261873333332959,97.17316308333335,108.4350364166663,1,5574.639999999999,0.0,18,2025-09-02,4
2025-09-02,114,2025-09-02T00:00:00,2025-09-02 19:10:00,2025-09-02 19:20:00,2025-08-26 19:20:00,PRICE-LAG7-COMPLETED,nocvar_g0.05,Q2V2-SW2-REC5,A,A,B,2025-09-02T00:00:00,3269.623864796006,3275.8591697960055,previous_confirmed_final_slot_and_issued_load_pv_forecast,5058.0728,0.1636,139.34258333333332,0.0,0.0,139.34258333333332,0.0,833.3333333333334,9.651533333333191,0.0,9835.042890200619,8909.116964274694,1.6511,1.3791,192.16735667499998,0.0,-96.08367833749999,66.55214809999902,96.08367833749999,162.63582643749902,1,5500.472949999999,0.00266,18,2025-09-02,4
2025-09-03,113,2025-09-03T00:00:00,2025-09-03 19:00:00,2025-09-03 19:10:00,2025-08-27 19:10:00,PRICE-LAG7-COMPLETED,nocvar_g0.05,Q2V2-SW2-REC5,A,A,B,2025-09-03T00:00:00,3728.938413087196,3758.0748855871957,previous_confirmed_final_slot_and_issued_load_pv_forecast,5066.13,0.0,122.69833333333361,0.0,0.0,122.69833333333361,0.0,833.3333333333334,11.021666666666647,0.0,10630.093777372686,9704.16785144676,1.6176,1.3579,166.61206683333373,0.0,-83.30603341666686,74.8316058333332,83.30603341666686,158.13763925000006,1,5497.3150000000005,0.0,18,2025-09-03,4
2025-09-04,117,2025-09-04T00:00:00,2025-09-04 19:40:00,2025-09-04 19:50:00,2025-08-28 19:50:00,PRICE-LAG7-COMPLETED,nocvar_g0.05,Q2V2-SW2-REC5,A,A,B,2025-09-04T00:00:00,3794.206063534725,3870.7806397847253,previous_confirmed_final_slot_and_issued_load_pv_forecast,5023.888,0.0155,180.6042816666665,0.0,0.0,180.6042816666665,0.0,833.3333333333334,3.978749999999991,0.0,7271.195839893518,6345.2699139675915,1.5957,1.3544,244.61043908933314,0.0,-122.30521954466657,26.94409499999994,122.30521954466657,149.2493145446665,1,5625.4685,0.00446,18,2025-09-04,4
2025-09-04,120,2025-09-04T00:00:00,2025-09-04 20:10:00,2025-09-04 20:20:00,2025-08-28 20:20:00,PRICE-LAG7-COMPLETED,nocvar_g0.05,Q2V2-SW2-REC5,A,A,B,2025-09-04T00:00:00,3794.206063534725,3870.7806397847253,previous_confirmed_final_slot_and_issued_load_pv_forecast,5115.1028,0.0011,156.80262500000015,0.973591875000011,0.0,155.82903312500014,0.0,833.3333333333334,18.21002479166657,0.0,5135.246889041666,4209.32096311574,1.7227,1.3234,207.51259392500017,0.0,-103.11207121881259,120.49573404645767,104.40052270618759,224.89625675264526,1,5711.87675,0.0,18,2025-09-04,5
2025-09-05,124,2025-09-05T00:00:00,2025-09-05 20:50:00,2025-09-05 21:00:00,2025-08-29 21:00:00,PRICE-LAG7-COMPLETED,nocvar_g0.05,Q2V2-SW2-REC5,A,A,B,2025-09-05T00:00:00,4123.459848199073,4067.1315181990735,previous_confirmed_final_slot_and_issued_load_pv_forecast,3471.1039,0.0,611.6473916666666,0.0,0.0,611.6473916666666,0.0,494.9903773513901,83.52693931527648,0.0,1749.9893081682112,1200.0,1.2761,1.0868,664.7383852633333,0.0,-332.36919263166664,453.8853882392124,332.36919263166664,786.254580870879,1,4125.5743,0.0,18,2025-09-05,5
2025-09-10,52,2025-09-10T00:00:00,2025-09-10 08:50:00,2025-09-10 09:00:00,2025-09-03 09:00:00,PRICE-LAG7-COMPLETED,nocvar_g0.02,Q2V2-SW2-REC5,A,A,B,2025-09-10T00:00:00,7014.623537508416,6986.569153758416,previous_confirmed_final_slot_and_issued_load_pv_forecast,6626.0666,5232.8418,0.0,0.0,0.0,0.0,0.0,213.1416054083351,19.06252792499808,0.0,1436.8240060092612,1200.0,0.9783,1.067,0.0,0.0,-0.0,101.69858647986476,0.0,101.69858647986476,1,6550.183150000001,6023.01198,6,2025-09-10,2
2025-09-10,53,2025-09-10T00:00:00,2025-09-10 09:00:00,2025-09-10 09:10:00,2025-09-03 09:10:00,PRICE-LAG7-COMPLETED,nocvar_g0.02,Q2V2-SW2-REC5,A,A,B,2025-09-10T00:00:00,7014.623537508416,6986.569153758416,previous_confirmed_final_slot_and_issued_load_pv_forecast,6533.83,5403.7125,0.0,0.0,0.0,0.0,0.0,0.0,188.35291666666672,0.0,1200.0,1200.0,0.8936,1.0757,0.0,0.0,-0.0,1013.0561622916671,0.0,1013.0561622916671,1,6682.58,6257.5199999999995,6,2025-09-10,2
2025-09-10,54,2025-09-10T00:00:00,2025-09-10 09:10:00,2025-09-10 09:20:00,2025-09-03 09:20:00,PRICE-LAG7-COMPLETED,nocvar_g0.02,Q2V2-SW2-REC5,A,A,B,2025-09-10T00:00:00,7014.623537508416,6986.569153758416,previous_confirmed_final_slot_and_issued_load_pv_forecast,6530.5845,5548.1589,0.0,0.0,0.0,0.0,0.0,0.0,163.73759999999993,0.0,1200.0,1200.0,0.901,1.0378,0.0,0.0,-0.0,849.6344063999996,0.0,849.6344063999996,1,6654.1848,6341.89984,6,2025-09-10,2
2025-09-10,55,2025-09-10T00:00:00,2025-09-10 09:20:00,2025-09-10 09:30:00,2025-09-03 09:30:00,PRICE-LAG7-COMPLETED,nocvar_g0.02,Q2V2-SW2-REC5,A,A,B,2025-09-10T00:00:00,7014.623537508416,6986.569153758416,previous_confirmed_final_slot_and_issued_load_pv_forecast,6529.5381,5737.1225,0.0,0.0,0.0,0.0,0.0,0.0,132.06926666666652,0.0,1200.0,1200.0,0.9169,1.0429,0.0,0.0,-0.0,688.6751910333325,0.0,688.6751910333325,1,6568.62945,6501.338099999999,6,2025-09-10,2
2025-09-10,56,2025-09-10T00:00:00,2025-09-10 09:30:00,2025-09-10 09:40:00,2025-09-03 09:40:00,PRICE-LAG7-COMPLETED,nocvar_g0.02,Q2V2-SW2-REC5,A,A,B,2025-09-10T00:00:00,7014.623537508416,6986.569153758416,previous_confirmed_final_slot_and_issued_load_pv_forecast,6500.22,6012.1125,0.0,0.0,0.0,0.0,0.0,0.0,81.35124999999994,0.0,1200.0,1200.0,0.9259,1.0714,0.0,0.0,-0.0,435.7986462499996,0.0,435.7986462499996,1,6512.1900000000005,6770.467500000001,6,2025-09-10,2
2025-09-10,57,2025-09-10T00:00:00,2025-09-10 09:40:00,2025-09-10 09:50:00,2025-09-03 09:50:00,PRICE-LAG7-COMPLETED,nocvar_g0.02,Q2V2-SW2-REC5,A,A,B,2025-09-10T00:00:00,7014.623537508416,6986.569153758416,previous_confirmed_final_slot_and_issued_load_pv_forecast,6513.1317,6372.554,0.0,0.0,0.0,0.0,0.0,0.0,23.42961666666656,0.0,1200.0,1200.0,0.9888,0.9998,0.0,0.0,-0.0,117.12465371666616,0.0,117.12465371666616,1,6493.8552,6979.69044,6,2025-09-10,2
2025-09-15,118,2025-09-15T00:00:00,2025-09-15 19:50:00,2025-09-15 20:00:00,2025-09-08 20:00:00,PRICE-LAG7-COMPLETED,nocvar_g0.02,Q2V2-SW2-REC5,A,A,B,2025-09-15T00:00:00,5978.878348472226,5944.103537222226,previous_confirmed_final_slot_and_issued_load_pv_forecast,5007.0306,0.0,0.0,0.0,0.0,0.0,0.0,833.3333333333334,1.1717666666665991,0.0,3260.236381481483,2334.310455555557,1.3241,1.3444,0.0,0.0,-0.0,7.87661553333288,0.0,7.87661553333288,1,4735.77095,0.0,18,2025-09-15,4
2025-09-15,123,2025-09-15T00:00:00,2025-09-15 20:40:00,2025-09-15 20:50:00,2025-09-08 20:50:00,PRICE-LAG7-COMPLETED,nocvar_g0.02,Q2V2-SW2-REC5,A,A,B,2025-09-15T00:00:00,5978.878348472226,5944.103537222226,previous_confirmed_final_slot_and_issued_load_pv_forecast,4769.655,0.0,610.5157666666665,610.5157666666665,0.0,0.0,0.0,172.18711083333397,12.23962249999937,0.0,1391.3190120370377,1200.0,1.3117,1.3583,829.2635658633332,0.0,-0.0,83.12539620874573,829.2635658633332,912.3889620720789,1,4778.8645,0.0,18,2025-09-15,5
2025-09-15,125,2025-09-15T00:00:00,2025-09-15 21:00:00,2025-09-15 21:10:00,2025-09-08 21:10:00,PRICE-LAG7-COMPLETED,nocvar_g0.02,Q2V2-SW2-REC5,A,A,B,2025-09-15T00:00:00,5978.878348472226,5944.103537222226,previous_confirmed_final_slot_and_issued_load_pv_forecast,4884.79,0.0,809.4175000000001,809.4175000000001,0.0,0.0,0.0,0.34138125000017683,4.372785416666352,0.0,1200.3793125000002,1200.0,0.9944,0.9968,806.8273640000001,0.0,-0.0,21.793962516665097,806.8273640000001,828.6213265166652,1,4870.375,0.0,18,2025-09-15,5
2025-09-16,111,2025-09-16T00:00:00,2025-09-16 18:40:00,2025-09-16 18:50:00,2025-09-09 18:50:00,PRICE-LAG7-COMPLETED,nocvar_g0.02,Q2V2-SW2-REC5,A,A,B,2025-09-16T00:00:00,4806.473243611111,4806.620039907407,previous_confirmed_final_slot_and_issued_load_pv_forecast,5029.1871,0.0602,0.9400916666667172,2.5045980555555616,1.5645063888888444,0.0,0.0,833.3333333333334,2.34988527777773,0.0,7346.8882551234565,6420.96232919753,1.3377,1.3458,1.265175365000068,3.15826904724991,-0.0,15.812378034166349,4.423444412249978,20.23582244641633,1,4800.62045,1.2559200000000001,18,2025-09-16,4
2025-09-20,42,2025-09-20T00:00:00,2025-09-20 07:10:00,2025-09-20 07:20:00,2025-09-13 07:20:00,PRICE-LAG7-COMPLETED,cvar_t0.90_r0.20_g0.05,Q2V2-SW2-REC5,A,A,B,2025-09-20T00:00:00,7351.532020738425,7362.608774488424,previous_confirmed_final_slot_and_issued_load_pv_forecast,3274.921,1760.3644,0.0,0.0,0.0,0.0,0.0,111.23223920833416,141.19386079166586,0.0,1323.591376898149,1200.0,0.6486,0.6806,0.0,0.0,-0.0,480.4827082740389,0.0,480.4827082740389,1,3215.34235,2102.0328600000003,6,2025-09-20,1
2025-09-20,43,2025-09-20T00:00:00,2025-09-20 07:20:00,2025-09-20 07:30:00,2025-09-13 07:30:00,PRICE-LAG7-COMPLETED,cvar_t0.90_r0.20_g0.05,Q2V2-SW2-REC5,A,A,B,2025-09-20T00:00:00,7351.532020738425,7362.608774488424,previous_confirmed_final_slot_and_issued_load_pv_forecast,3161.3956,2060.79,0.0,0.0,0.0,0.0,0.0,0.0,183.4342666666666,0.0,1200.0,1200.0,0.6284,0.63,0.0,0.0,-0.0,577.8179399999997,0.0,577.8179399999997,1,3170.88895,2417.23554,6,2025-09-20,1
2025-09-20,44,2025-09-20T00:00:00,2025-09-20 07:30:00,2025-09-20 07:40:00,2025-09-13 07:40:00,PRICE-LAG7-COMPLETED,cvar_t0.90_r0.20_g0.05,Q2V2-SW2-REC5,A,A,B,2025-09-20T00:00:00,7351.532020738425,7362.608774488424,previous_confirmed_final_slot_and_issued_load_pv_forecast,3198.67,2443.725,0.0,0.0,0.0,0.0,0.0,0.0,125.82416666666671,0.0,1200.0,1200.0,0.5794,0.5929,0.0,0.0,-0.0,373.0057420833335,0.0,373.0057420833335,1,3091.27,2729.4975,6,2025-09-20,1
2025-09-20,45,2025-09-20T00:00:00,2025-09-20 07:40:00,2025-09-20 07:50:00,2025-09-13 07:50:00,PRICE-LAG7-COMPLETED,cvar_t0.90_r0.20_g0.05,Q2V2-SW2-REC5,A,A,B,2025-09-20T00:00:00,7351.532020738425,7362.608774488424,previous_confirmed_final_slot_and_issued_load_pv_forecast,3277.7207,2798.5393,0.0,0.0,0.0,0.0,0.0,0.0,79.8635666666666,0.0,1200.0,1200.0,0.4805,0.5649,0.0,0.0,-0.0,225.5746440499998,0.0,225.5746440499998,1,3107.87035,3106.42702,6,2025-09-20,1
2025-09-20,46,2025-09-20T00:00:00,2025-09-20 07:50:00,2025-09-20 08:00:00,2025-09-13 08:00:00,PRICE-LAG7-COMPLETED,cvar_t0.90_r0.20_g0.05,Q2V2-SW2-REC5,A,A,B,2025-09-20T00:00:00,7351.532020738425,7362.608774488424,previous_confirmed_final_slot_and_issued_load_pv_forecast,3257.5707,3194.8783,0.0,0.0,0.0,0.0,0.0,0.0,10.448733333333394,0.0,1200.0,1200.0,0.6412,0.6736,0.0,0.0,-0.0,35.19133386666687,0.0,35.19133386666687,1,3097.1304499999997,3491.73664,6,2025-09-20,1
2025-09-22,118,2025-09-22T00:00:00,2025-09-22 19:50:00,2025-09-22 20:00:00,2025-09-15 20:00:00,PRICE-LAG7-COMPLETED,cvar_t0.90_r0.20_g0.05,Q2V2-SW2-REC5,A,A,B,2025-09-22T00:00:00,4578.915614914354,4620.070289914354,previous_confirmed_final_slot_and_issued_load_pv_forecast,5051.8977,0.0023,0.0,0.0,0.0,0.0,0.0,833.3333333333334,8.649233333333314,0.0,5521.831212805554,4595.905286879628,1.3444,1.3043,0.0,0.0,-0.0,56.405975183333204,0.0,56.405975183333204,1,4811.44435,0.00162,18,2025-09-22,4
2025-09-22,119,2025-09-22T00:00:00,2025-09-22 20:00:00,2025-09-22 20:10:00,2025-09-15 20:10:00,PRICE-LAG7-COMPLETED,cvar_t0.90_r0.20_g0.05,Q2V2-SW2-REC5,A,A,B,2025-09-22T00:00:00,4578.915614914354,4620.070289914354,previous_confirmed_final_slot_and_issued_load_pv_forecast,5065.44,0.0,0.0,0.0,0.0,0.0,0.0,833.3333333333334,10.906666666666524,0.0,4595.905286879628,3669.979360953702,1.3607,1.3131,0.0,0.0,-0.0,71.60771999999906,0.0,71.60771999999906,1,4712.98,0.0,18,2025-09-22,5
2025-09-25,113,2025-09-25T00:00:00,2025-09-25 19:00:00,2025-09-25 19:10:00,2025-09-18 19:10:00,PRICE-LAG7-COMPLETED,cvar_t0.90_r0.20_g0.05,Q2V2-SW2-REC5,A,A,B,2025-09-25T00:00:00,2400.01817219123,2409.4800334412303,previous_confirmed_final_slot_and_issued_load_pv_forecast,5092.23,0.0,0.0,0.0,0.0,0.0,0.0,833.3333333333334,15.371666666666556,0.0,7943.298601851853,7017.372675925927,1.3358,1.3825,0.0,0.0,-0.0,106.25664583333257,0.0,106.25664583333257,1,4684.235000000001,0.0,18,2025-09-25,4
2025-09-27,43,2025-09-27T00:00:00,2025-09-27 07:20:00,2025-09-27 07:30:00,2025-09-20 07:30:00,PRICE-LAG7-COMPLETED,cvar_t0.95_r0.05_g0.05,Q2V2-SW2-REC5,A,A,B,2025-09-27T00:00:00,8748.783675972227,8737.419432222227,previous_confirmed_final_slot_and_issued_load_pv_forecast,3107.1313,2127.695,0.0,0.0,0.0,0.0,0.0,2.412277975000643,160.8271053583326,0.0,1202.6803088611118,1200.0,0.63,0.6868,0.0,0.0,-0.0,552.2802798005141,0.0,552.2802798005141,1,3158.4921999999997,2235.75286,6,2025-09-27,1
2025-09-27,44,2025-09-27T00:00:00,2025-09-27 07:30:00,2025-09-27 07:40:00,2025-09-20 07:40:00,PRICE-LAG7-COMPLETED,cvar_t0.95_r0.05_g0.05,Q2V2-SW2-REC5,A,A,B,2025-09-27T00:00:00,8748.783675972227,8737.419432222227,previous_confirmed_final_slot_and_issued_load_pv_forecast,3125.43,2481.0375,0.0,0.0,0.0,0.0,0.0,0.0,107.39875,0.0,1200.0,1200.0,0.5929,0.5831,0.0,0.0,-0.0,313.121055625,0.0,313.121055625,1,3155.525,2546.88,6,2025-09-27,1
2025-09-27,45,2025-09-27T00:00:00,2025-09-27 07:40:00,2025-09-27 07:50:00,2025-09-20 07:50:00,PRICE-LAG7-COMPLETED,cvar_t0.95_r0.05_g0.05,Q2V2-SW2-REC5,A,A,B,2025-09-27T00:00:00,8748.783675972227,8737.419432222227,previous_confirmed_final_slot_and_issued_load_pv_forecast,2989.5054,2881.1591,0.0,0.0,0.0,0.0,0.0,0.0,18.057716666666693,0.0,1200.0,1200.0,0.5649,0.513,0.0,0.0,-0.0,46.318043250000066,0.0,46.318043250000066,1,3136.9285499999996,2900.2388,6,2025-09-27,1
2025-09-29,36,2025-09-29T00:00:00,2025-09-29 06:10:00,2025-09-29 06:20:00,2025-09-22 06:20:00,PRICE-LAG7-COMPLETED,cvar_t0.90_r0.20_g0.05,Q2V2-SW2-REC5,A,A,B,2025-09-29T00:00:00,6377.475106014661,6322.513274949846,previous_confirmed_final_slot_and_issued_load_pv_forecast,5177.7635,55.3957,8.471761666666794,0.0,0.0,8.471761666666794,0.0,833.3333333333334,20.394633333333218,0.0,9419.358557120378,8493.432631194453,0.991,1.0329,8.75048262550013,0.0,-4.375241312750065,105.32808384999939,4.375241312750065,109.70332516274945,1,4956.53105,104.25216,6,2025-09-29,1
2025-09-29,123,2025-09-29T00:00:00,2025-09-29 20:40:00,2025-09-29 20:50:00,2025-09-22 20:50:00,PRICE-LAG7-COMPLETED,cvar_t0.90_r0.20_g0.05,Q2V2-SW2-REC5,A,A,B,2025-09-29T00:00:00,6377.475106014661,6322.513274949846,previous_confirmed_final_slot_and_issued_load_pv_forecast,5033.7223,0.0,0.0,0.0,0.0,0.0,0.0,833.3333333333334,5.6203833333332796,0.0,2549.523103103396,1623.5971771774698,1.3672,1.3354,0.0,0.0,-0.0,37.527299516666304,0.0,37.527299516666304,1,4762.625099999999,0.0,18,2025-09-29,5
2025-10-08,53,2025-10-08T00:00:00,2025-10-08 09:00:00,2025-10-08 09:10:00,2025-10-01 09:10:00,PRICE-LAG7-COMPLETED,cvar_t0.90_r0.20_g0.05,Q2V2-SW2-REC5,A,A,B,2025-10-08T00:00:00,8530.597473611278,8455.41871861128,previous_confirmed_final_slot_and_issued_load_pv_forecast,6449.71,5542.5,0.0,0.0,0.0,0.0,0.0,63.70963125000235,87.49203541666424,0.0,1270.7884791666693,1200.0,0.9144,1.0206,0.0,0.0,-0.0,446.4718567312376,0.0,446.4718567312376,1,6543.094999999999,5574.2025,6,2025-10-08,2
2025-10-08,54,2025-10-08T00:00:00,2025-10-08 09:10:00,2025-10-08 09:20:00,2025-10-01 09:20:00,PRICE-LAG7-COMPLETED,cvar_t0.90_r0.20_g0.05,Q2V2-SW2-REC5,A,A,B,2025-10-08T00:00:00,8530.597473611278,8455.41871861128,previous_confirmed_final_slot_and_issued_load_pv_forecast,6466.6529,5973.1515,0.0,0.0,0.0,0.0,0.0,0.0,82.25023333333343,0.0,1200.0,1200.0,0.8856,1.0271,0.0,0.0,-0.0,422.39607328333375,0.0,422.39607328333375,1,6561.219349999999,5852.236619999999,6,2025-10-08,2
2025-10-08,55,2025-10-08T00:00:00,2025-10-08 09:20:00,2025-10-08 09:30:00,2025-10-01 09:30:00,PRICE-LAG7-COMPLETED,cvar_t0.90_r0.20_g0.05,Q2V2-SW2-REC5,A,A,B,2025-10-08T00:00:00,8530.597473611278,8455.41871861128,previous_confirmed_final_slot_and_issued_load_pv_forecast,6407.4254,6356.9649,0.0,0.0,0.0,0.0,0.0,0.0,8.410083333333205,0.0,1200.0,1200.0,0.9222,0.9819,0.0,0.0,-0.0,41.28930412499936,0.0,41.28930412499936,1,6574.56355,6133.60208,6,2025-10-08,2
2025-10-10,44,2025-10-10T00:00:00,2025-10-10 07:30:00,2025-10-10 07:40:00,2025-10-03 07:40:00,PRICE-LAG7-COMPLETED,cvar_t0.95_r0.05_g0.02,Q2V2-SW2-REC5,A,A,B,2025-10-10T00:00:00,6905.354303079481,6902.325398079481,previous_confirmed_final_slot_and_issued_load_pv_forecast,3167.8,2291.5875,0.0,0.0,0.0,0.0,0.0,95.74348699013028,50.29192967653644,0.0,1306.3816522112559,1200.0,0.6221,0.6742,0.0,0.0,-0.0,169.53409493960433,0.0,169.53409493960433,1,3234.49,2404.6425,6,2025-10-10,1
2025-10-10,45,2025-10-10T00:00:00,2025-10-10 07:40:00,2025-10-10 07:50:00,2025-10-03 07:50:00,PRICE-LAG7-COMPLETED,cvar_t0.95_r0.05_g0.02,Q2V2-SW2-REC5,A,A,B,2025-10-10T00:00:00,6905.354303079481,6902.325398079481,previous_confirmed_final_slot_and_issued_load_pv_forecast,3028.4216,2706.0195,0.0,0.0,0.0,0.0,0.0,0.0,53.733683333333374,0.0,1200.0,1200.0,0.5747,0.5454,0.0,0.0,-0.0,146.5317544500001,0.0,146.5317544500001,1,3157.5608,2774.74106,6,2025-10-10,1
2025-10-12,36,2025-10-12T00:00:00,2025-10-12 06:10:00,2025-10-12 06:20:00,2025-10-05 06:20:00,PRICE-LAG7-COMPLETED,cvar_t0.95_r0.05_g0.02,Q2V2-SW2-REC5,A,A,B,2025-10-12T00:00:00,9058.054374166673,9042.541920462969,previous_confirmed_final_slot_and_issued_load_pv_forecast,5125.5796,0.0,0.0,0.0,0.0,0.0,0.0,833.3333333333334,20.929933333333224,0.0,9906.26952701852,8980.343601092594,1.0038,1.0045,0.0,0.0,-0.0,105.12059016666612,0.0,105.12059016666612,1,4836.751,0.0,6,2025-10-12,1
2025-10-14,57,2025-10-14T00:00:00,2025-10-14 09:40:00,2025-10-14 09:50:00,2025-10-07 09:50:00,PRICE-LAG7-COMPLETED,cvar_t0.95_r0.05_g0.02,Q2V2-SW2-REC5,A,A,B,2025-10-14T00:00:00,6903.864935098152,6930.796951348152,previous_confirmed_final_slot_and_issued_load_pv_forecast,6573.1657,6265.522,0.0,0.0,0.0,0.0,0.0,21.635857722222774,29.63809227777724,0.0,1224.0398419135809,1200.0,0.9665,0.9994,0.0,0.0,-0.0,148.10154711205286,0.0,148.10154711205286,1,6536.243399999999,6718.1322199999995,6,2025-10-14,2
2025-10-15,123,2025-10-15T00:00:00,2025-10-15 20:40:00,2025-10-15 20:50:00,2025-10-08 20:50:00,PRICE-LAG7-COMPLETED,cvar_t0.95_r0.05_g0.02,Q2V2-SW2-REC5,A,A,B,2025-10-15T00:00:00,6218.790537863342,6204.9558526781575,previous_confirmed_final_slot_and_issued_load_pv_forecast,4239.1184,0.0,0.0,0.0,0.0,0.0,0.0,541.3806255006959,165.13910783263736,0.0,1801.5340283341066,1200.0,1.3239,1.3153,0.0,0.0,-0.0,1086.0373426613396,0.0,1086.0373426613396,1,4285.0154,0.0,18,2025-10-15,5
2025-10-15,124,2025-10-15T00:00:00,2025-10-15 20:50:00,2025-10-15 21:00:00,2025-10-08 21:00:00,PRICE-LAG7-COMPLETED,cvar_t0.95_r0.05_g0.02,Q2V2-SW2-REC5,A,A,B,2025-10-15T00:00:00,6218.790537863342,6204.9558526781575,previous_confirmed_final_slot_and_issued_load_pv_forecast,4249.4754,0.0,655.7319583333331,696.0402708333334,40.308312500000284,0.0,0.0,0.0,12.205629166666654,0.0,1200.0,1200.0,1.1709,1.1483,752.9770077541664,69.4290528656255,-0.0,70.0786198604166,822.4060606197919,892.4846804802085,1,4249.57495,0.0,18,2025-10-15,5
2025-10-15,125,2025-10-15T00:00:00,2025-10-15 21:00:00,2025-10-15 21:10:00,2025-10-08 21:10:00,PRICE-LAG7-COMPLETED,cvar_t0.95_r0.05_g0.02,Q2V2-SW2-REC5,A,A,B,2025-10-15T00:00:00,6218.790537863342,6204.9558526781575,previous_confirmed_final_slot_and_issued_load_pv_forecast,4382.39,0.0,707.4375,698.7169458333334,0.0,8.720554166666602,0.0,0.0,31.681387499999914,0.0,1200.0,1200.0,0.9197,0.958,677.7251249999999,0.0,-4.177145445833302,151.7538461249996,673.5479795541667,825.3018256791663,1,4265.635,0.0,18,2025-10-15,5
2025-10-15,126,2025-10-15T00:00:00,2025-10-15 21:10:00,2025-10-15 21:20:00,2025-10-08 21:20:00,PRICE-LAG7-COMPLETED,cvar_t0.95_r0.05_g0.02,Q2V2-SW2-REC5,A,A,B,2025-10-15T00:00:00,6218.790537863342,6204.9558526781575,previous_confirmed_final_slot_and_issued_load_pv_forecast,4529.8531,0.0,739.1104249999999,739.1104249999999,0.0,0.0,0.0,0.0,15.865091666666785,0.0,1200.0,1200.0,0.875,0.9481,700.7505939424999,0.0,-0.0,75.2084670458339,700.7505939424999,775.9590609883338,1,4284.98525,0.0,18,2025-10-15,5
2025-10-15,127,2025-10-15T00:00:00,2025-10-15 21:20:00,2025-10-15 21:30:00,2025-10-08 21:30:00,PRICE-LAG7-COMPLETED,cvar_t0.95_r0.05_g0.02,Q2V2-SW2-REC5,A,A,B,2025-10-15T00:00:00,6218.790537863342,6204.9558526781575,previous_confirmed_final_slot_and_issued_load_pv_forecast,4504.4299,0.0,751.7740168967399,733.4432291909793,0.0,18.3307877057606,0.0,0.0,17.295087475687296,0.0,1200.0,1200.0,0.9085,0.9523,715.9143962907655,0.0,-8.72820456609791,82.35055901548506,707.1861917246675,789.5367507401526,1,4313.0463500000005,0.0,18,2025-10-15,5
2025-10-15,128,2025-10-15T00:00:00,2025-10-15 21:30:00,2025-10-15 21:40:00,2025-10-08 21:40:00,PRICE-LAG7-COMPLETED,cvar_t0.95_r0.05_g0.02,Q2V2-SW2-REC5,A,A,B,2025-10-15T00:00:00,6218.790537863342,6204.9558526781575,previous_confirmed_final_slot_and_issued_load_pv_forecast,4433.61,0.0,764.2691666666665,729.8901104166665,0.0,34.37905624999996,0.0,0.0,9.044889583333429,0.0,1200.0,1200.0,0.9483,0.9226,705.1147331666665,0.0,-15.859058648124982,41.724075647917104,689.2556745185415,730.9797501664585,1,4397.129999999999,0.0,18,2025-10-15,5
2025-10-15,129,2025-10-15T00:00:00,2025-10-15 21:40:00,2025-10-15 21:50:00,2025-10-08 21:50:00,PRICE-LAG7-COMPLETED,cvar_t0.95_r0.05_g0.02,Q2V2-SW2-REC5,A,A,B,2025-10-15T00:00:00,6218.790537863342,6204.9558526781575,previous_confirmed_final_slot_and_issued_load_pv_forecast,4525.5153,0.0,714.5923439803075,714.5923439803075,0.0,0.0,0.0,0.0,39.660206019692396,0.0,1200.0,1200.0,1.0043,0.9378,670.1447001847324,0.0,-0.0,185.96670602633765,670.1447001847324,856.1114062110701,1,4469.78895,0.0,18,2025-10-15,5
2025-10-15,130,2025-10-15T00:00:00,2025-10-15 21:50:00,2025-10-15 22:00:00,2025-10-08 22:00:00,PRICE-LAG7-COMPLETED,cvar_t0.95_r0.05_g0.02,Q2V2-SW2-REC5,A,A,B,2025-10-15T00:00:00,6218.790537863342,6204.9558526781575,previous_confirmed_final_slot_and_issued_load_pv_forecast,4033.0707,0.0,629.4653416666666,629.4653416666666,0.0,0.0,0.0,0.0,42.713108333333366,0.0,1200.0,1200.0,0.7649,0.7497,471.9101666475,0.0,-0.0,160.11008658750012,471.9101666475,632.0202532350002,1,3941.3246,0.0,18,2025-10-15,5
2025-10-16,123,2025-10-16T00:00:00,2025-10-16 20:40:00,2025-10-16 20:50:00,2025-10-09 20:50:00,PRICE-LAG7-COMPLETED,cvar_t0.90_r0.20_g0.02,Q2V2-SW2-REC5,A,A,B,2025-10-16T00:00:00,5742.3545381726635,5739.909477987478,previous_confirmed_final_slot_and_issued_load_pv_forecast,4385.3085,0.0,0.0,0.0,0.0,0.0,0.0,565.6144449999993,165.2703050000007,0.0,1828.4604944444436,1200.0,1.3793,1.3193,0.0,0.0,-0.0,1090.2055669325046,0.0,1090.2055669325046,1,4399.82745,0.0,18,2025-10-16,5
2025-10-16,124,2025-10-16T00:00:00,2025-10-16 20:50:00,2025-10-16 21:00:00,2025-10-09 21:00:00,PRICE-LAG7-COMPLETED,cvar_t0.90_r0.20_g0.02,Q2V2-SW2-REC5,A,A,B,2025-10-16T00:00:00,5742.3545381726635,5739.909477987478,previous_confirmed_final_slot_and_issued_load_pv_forecast,4433.4697,0.0,631.9008249999998,720.0903072916666,88.18948229166676,0.0,0.0,0.0,18.82130937499994,0.0,1200.0,1200.0,1.1779,1.1877,750.5086098524998,157.11397217671893,-0.0,111.77034572343715,907.6225820292187,1019.3929277526559,1,4347.75475,0.0,18,2025-10-16,5
2025-10-16,125,2025-10-16T00:00:00,2025-10-16 21:00:00,2025-10-16 21:10:00,2025-10-09 21:10:00,PRICE-LAG7-COMPLETED,cvar_t0.90_r0.20_g0.02,Q2V2-SW2-REC5,A,A,B,2025-10-16T00:00:00,5742.3545381726635,5739.909477987478,previous_confirmed_final_slot_and_issued_load_pv_forecast,4354.07,0.0,692.0225,720.9535916666666,28.93109166666659,0.0,0.0,0.0,4.7247416666666595,0.0,1200.0,1200.0,0.929,0.974,674.0299150000001,42.26832492499988,-0.0,23.009491916666633,716.298239925,739.3077318416666,1,4360.4400000000005,0.0,18,2025-10-16,5
2025-10-16,126,2025-10-16T00:00:00,2025-10-16 21:10:00,2025-10-16 21:20:00,2025-10-09 21:20:00,PRICE-LAG7-COMPLETED,cvar_t0.90_r0.20_g0.02,Q2V2-SW2-REC5,A,A,B,2025-10-16T00:00:00,5742.3545381726635,5739.909477987478,previous_confirmed_final_slot_and_issued_load_pv_forecast,4367.4226,0.0,694.4884749999999,717.9794249999998,23.490949999999884,0.0,0.0,0.0,9.924341666666805,0.0,1200.0,1200.0,0.9217,0.9458,656.8471996549998,33.326610764999835,-0.0,46.932211741667324,690.1738104199997,737.1060221616669,1,4342.594999999999,0.0,18,2025-10-16,5
2025-10-16,127,2025-10-16T00:00:00,2025-10-16 21:20:00,2025-10-16 21:30:00,2025-10-09 21:30:00,PRICE-LAG7-COMPLETED,cvar_t0.90_r0.20_g0.02,Q2V2-SW2-REC5,A,A,B,2025-10-16T00:00:00,5742.3545381726635,5739.909477987478,previous_confirmed_final_slot_and_issued_load_pv_forecast,4352.5235,0.0,686.41425,714.1653416666666,27.751091666666525,0.0,0.0,0.0,11.255241666666734,0.0,1200.0,1200.0,0.9432,0.9475,650.377501875,39.4412390312498,-0.0,53.32170739583365,689.8187409062498,743.1404483020834,1,4319.7105,0.0,18,2025-10-16,5
2025-10-16,129,2025-10-16T00:00:00,2025-10-16 21:40:00,2025-10-16 21:50:00,2025-10-09 21:50:00,PRICE-LAG7-COMPLETED,cvar_t0.90_r0.20_g0.02,Q2V2-SW2-REC5,A,A,B,2025-10-16T00:00:00,5742.3545381726635,5739.909477987478,previous_confirmed_final_slot_and_issued_load_pv_forecast,4603.8229,0.0,729.7267874999999,744.6364554166665,14.909667916666649,0.0,0.0,0.9045725624999023,21.762788687500212,0.0,1201.005080625,1200.0,0.969,0.9593,700.0269072487499,21.454266648687476,-0.0,104.38521593959477,721.4811738974374,825.8663898370322,1,4465.0124,0.0,18,2025-10-16,5
2025-10-17,130,2025-10-17T00:00:00,2025-10-17 21:50:00,2025-10-17 22:00:00,2025-10-10 22:00:00,PRICE-LAG7-COMPLETED,cvar_t0.90_r0.20_g0.02,Q2V2-SW2-REC5,A,A,B,2025-10-17T00:00:00,6108.414075305557,6069.461557805556,previous_confirmed_final_slot_and_issued_load_pv_forecast,2768.507,0.0,382.36356666666654,382.36356666666654,0.0,0.0,0.0,74.17633284279748,4.877933823869284,0.0,1282.4181476031083,1200.0,0.5871,0.685,261.9190431666666,0.0,-0.0,16.7069233467523,261.9190431666666,278.6259665134189,1,2495.9806,0.0,18,2025-10-17,5
2025-10-19,123,2025-10-19T00:00:00,2025-10-19 20:40:00,2025-10-19 20:50:00,2025-10-12 20:50:00,PRICE-LAG7-COMPLETED,cvar_t0.90_r0.20_g0.02,Q2V2-SW2-REC5,A,A,B,2025-10-19T00:00:00,8473.637904474535,8497.038376696757,previous_confirmed_final_slot_and_issued_load_pv_forecast,4339.1752,0.0,0.0,0.0,0.0,0.0,0.0,619.2763167243047,103.91954994236187,0.0,1888.0847963603385,1200.0,1.2851,1.3157,0.0,0.0,-0.0,683.6347592958275,0.0,683.6347592958275,1,4262.3856,0.0,18,2025-10-19,5
2025-10-19,124,2025-10-19T00:00:00,2025-10-19 20:50:00,2025-10-19 21:00:00,2025-10-12 21:00:00,PRICE-LAG7-COMPLETED,cvar_t0.90_r0.20_g0.02,Q2V2-SW2-REC5,A,A,B,2025-10-19T00:00:00,8473.637904474535,8497.038376696757,previous_confirmed_final_slot_and_issued_load_pv_forecast,4383.7062,0.0,708.6091749999998,715.27834875,6.669173750000141,0.0,0.0,0.0,15.339351249999936,0.0,1200.0,1200.0,1.1346,1.1645,825.1753842874998,11.649379247812746,-0.0,89.31337265312463,836.8247635353125,926.1381361884371,1,4277.986199999999,0.0,18,2025-10-19,5
2025-10-20,57,2025-10-20T00:00:00,2025-10-20 09:40:00,2025-10-20 09:50:00,2025-10-13 09:50:00,PRICE-LAG7-COMPLETED,cvar_t0.90_r0.20_g0.02,Q2V2-SW2-REC5,A,A,B,2025-10-20T00:00:00,5527.407363627778,5508.468733998148,previous_confirmed_final_slot_and_issued_load_pv_forecast,6569.9318,5454.3364,0.0,0.0,0.0,0.0,0.0,109.21024237360949,76.72232429305724,0.0,1321.344713748455,1200.0,0.9845,1.07,0.0,0.0,-0.0,410.4644349678563,0.0,410.4644349678563,1,6679.7058,6508.00564,6,2025-10-20,2
2025-10-22,131,2025-10-22T00:00:00,2025-10-22 22:00:00,2025-10-22 22:10:00,2025-10-15 22:10:00,PRICE-LAG7-COMPLETED,cvar_t0.90_r0.20_g0.02,Q2V2-SW2-REC5,A,A,B,2025-10-22T00:00:00,6391.839984485644,6399.707503235644,previous_confirmed_final_slot_and_issued_load_pv_forecast,3295.32,0.0,536.3558333333333,536.3558333333333,0.0,0.0,0.0,5.164584930553633,7.6995817361131005,0.0,1205.7384277006151,1200.0,0.4469,0.4479,240.23377775,0.0,-0.0,17.24321329802529,240.23377775,257.4769910480253,1,3225.385,0.0,18,2025-10-22,5
2025-10-24,48,2025-10-24T00:00:00,2025-10-24 08:10:00,2025-10-24 08:20:00,2025-10-17 08:20:00,PRICE-LAG7-COMPLETED,cvar_t0.90_r0.05_g0.00,Q2V2-SW2-REC5,A,A,B,2025-10-24T00:00:00,6156.462498486453,6138.580998486453,previous_confirmed_final_slot_and_issued_load_pv_forecast,3341.1668,3218.7241,0.0,0.0,0.0,0.0,0.0,5.724555916669715,14.682560749997037,0.0,1206.3606176851886,1200.0,0.8784,0.9225,0.0,0.0,-0.0,67.72331145936133,0.0,67.72331145936133,1,3142.09065,3197.6335599999998,6,2025-10-24,2
2025-10-24,124,2025-10-24T00:00:00,2025-10-24 20:50:00,2025-10-24 21:00:00,2025-10-17 21:00:00,PRICE-LAG7-COMPLETED,cvar_t0.90_r0.05_g0.00,Q2V2-SW2-REC5,A,A,B,2025-10-24T00:00:00,6156.462498486453,6138.580998486453,previous_confirmed_final_slot_and_issued_load_pv_forecast,2758.0996,0.0,0.0,0.0,0.0,0.0,0.0,433.22896451389084,26.454302152775824,0.0,1681.3655161265453,1200.0,1.0642,0.9836,0.0,0.0,-0.0,130.10225798735152,0.0,130.10225798735152,1,2925.37815,0.0,18,2025-10-24,5
2025-10-24,125,2025-10-24T00:00:00,2025-10-24 21:00:00,2025-10-24 21:10:00,2025-10-17 21:10:00,PRICE-LAG7-COMPLETED,cvar_t0.90_r0.05_g0.00,Q2V2-SW2-REC5,A,A,B,2025-10-24T00:00:00,6156.462498486453,6138.580998486453,previous_confirmed_final_slot_and_issued_load_pv_forecast,2921.79,0.0,473.42666666666656,473.42666666666656,0.0,0.0,0.0,0.0,13.538333333333412,0.0,1200.0,1200.0,0.8504,0.7666,362.92888266666654,0.0,-0.0,51.892431666666965,362.92888266666654,414.8213143333335,1,2816.6499999999996,0.0,18,2025-10-24,5
2025-10-24,126,2025-10-24T00:00:00,2025-10-24 21:10:00,2025-10-24 21:20:00,2025-10-17 21:20:00,PRICE-LAG7-COMPLETED,cvar_t0.90_r0.05_g0.00,Q2V2-SW2-REC5,A,A,B,2025-10-24T00:00:00,6156.462498486453,6138.580998486453,previous_confirmed_final_slot_and_issued_load_pv_forecast,2974.5458,0.0,447.8195333333333,448.9147887499999,1.095255416666589,0.0,0.0,0.0,46.842844583333374,0.0,1200.0,1200.0,0.7896,0.7842,351.18007804,1.2883489466249087,-0.0,183.67079361125016,352.46842698662493,536.1392205978751,1,2679.8657999999996,0.0,18,2025-10-24,5
2025-10-24,127,2025-10-24T00:00:00,2025-10-24 21:20:00,2025-10-24 21:30:00,2025-10-17 21:30:00,PRICE-LAG7-COMPLETED,cvar_t0.90_r0.05_g0.00,Q2V2-SW2-REC5,A,A,B,2025-10-24T00:00:00,6156.462498486453,6138.580998486453,previous_confirmed_final_slot_and_issued_load_pv_forecast,2917.2664,0.0,450.90344166666665,459.023025,8.119583333333367,0.0,0.0,0.0,27.188041666666606,0.0,1200.0,1200.0,0.7959,0.8364,377.13563861,10.186829250000041,-0.0,113.70039024999976,387.32246786,501.0228581099998,1,2741.8317,0.0,18,2025-10-24,5
2025-10-30,36,2025-10-30T00:00:00,2025-10-30 06:10:00,2025-10-30 06:20:00,2025-10-23 06:20:00,PRICE-LAG7-COMPLETED,cvar_t0.90_r0.05_g0.00,Q2V2-SW2-REC5,A,A,B,2025-10-30T00:00:00,5957.882858406635,5958.670349147375,previous_confirmed_final_slot_and_issued_load_pv_forecast,5024.353,2.502,0.0,0.0,0.0,0.0,0.0,833.3333333333334,3.6418333333332384,0.0,9921.635185185185,8995.70925925926,1.0465,0.9958,0.0,0.0,-0.0,18.132688166666195,0.0,18.132688166666195,1,4900.9928500000005,4.82312,6,2025-10-30,1
2025-10-30,56,2025-10-30T00:00:00,2025-10-30 09:30:00,2025-10-30 09:40:00,2025-10-23 09:40:00,PRICE-LAG7-COMPLETED,cvar_t0.90_r0.05_g0.00,Q2V2-SW2-REC5,A,A,B,2025-10-30T00:00:00,5957.882858406635,5958.670349147375,previous_confirmed_final_slot_and_issued_load_pv_forecast,6478.57,5815.65,0.0,0.0,0.0,0.0,0.0,88.96613776597715,21.520528900689527,0.0,1298.851264184419,1200.0,1.0315,1.0431,0.0,0.0,-0.0,112.24031848154623,0.0,112.24031848154623,1,6607.23,5642.46,6,2025-10-30,2
2025-10-30,57,2025-10-30T00:00:00,2025-10-30 09:40:00,2025-10-30 09:50:00,2025-10-23 09:50:00,PRICE-LAG7-COMPLETED,cvar_t0.90_r0.05_g0.00,Q2V2-SW2-REC5,A,A,B,2025-10-30T00:00:00,5957.882858406635,5958.670349147375,previous_confirmed_final_slot_and_issued_load_pv_forecast,6438.2796,6164.0445,0.0,0.0,0.0,0.0,0.0,0.0,45.705850000000055,0.0,1200.0,1200.0,0.9887,0.9721,0.0,0.0,-0.0,222.15328392500027,0.0,222.15328392500027,1,6582.1611,5870.55258,6,2025-10-30,2
2025-11-04,36,2025-11-04T00:00:00,2025-11-04 06:10:00,2025-11-04 06:20:00,2025-10-28 06:20:00,PRICE-LAG7-COMPLETED,cvar_t0.90_r0.05_g0.00,Q2V2-SW2-REC5,A,A,B,2025-11-04T00:00:00,5693.879432423303,5701.874424923303,previous_confirmed_final_slot_and_issued_load_pv_forecast,5131.9597,0.0924,0.0,0.0,0.0,0.0,0.0,833.3333333333334,21.977883333333352,0.0,10591.451140944448,9665.525215018522,0.9946,0.9583,0.0,0.0,-0.0,105.30702799166676,0.0,105.30702799166676,1,4842.28125,1.56772,6,2025-11-04,1
2025-11-04,106,2025-11-04T00:00:00,2025-11-04 17:50:00,2025-11-04 18:00:00,2025-10-28 18:00:00,PRICE-LAG7-COMPLETED,cvar_t0.90_r0.05_g0.00,Q2V2-SW2-REC5,A,A,B,2025-11-04T00:00:00,5693.879432423303,5701.874424923303,previous_confirmed_final_slot_and_issued_load_pv_forecast,5626.8981,0.0,914.7347833333333,78.59950645833328,0.0,836.135276875,0.0,833.3333333333334,25.883510208333405,0.0,9998.940477979793,9073.014552053868,1.1372,1.1855,1084.4180856416667,0.0,-495.61918536765626,153.42450675989627,588.7989002740105,742.2234070339068,1,5529.9857,1.4859200000000001,12,2025-11-04,4
2025-11-04,123,2025-11-04T00:00:00,2025-11-04 20:40:00,2025-11-04 20:50:00,2025-10-28 20:50:00,PRICE-LAG7-COMPLETED,cvar_t0.90_r0.05_g0.00,Q2V2-SW2-REC5,A,A,B,2025-11-04T00:00:00,5693.879432423303,5701.874424923303,previous_confirmed_final_slot_and_issued_load_pv_forecast,4291.9306,0.0,0.0,0.0,0.0,0.0,0.0,579.2370491881943,136.08471747847227,0.0,1843.596721320216,1200.0,1.3574,1.3266,0.0,0.0,-0.0,902.6499310347066,0.0,902.6499310347066,1,4378.80155,0.0,18,2025-11-04,5
2025-11-04,126,2025-11-04T00:00:00,2025-11-04 21:10:00,2025-11-04 21:20:00,2025-10-28 21:20:00,PRICE-LAG7-COMPLETED,cvar_t0.90_r0.05_g0.00,Q2V2-SW2-REC5,A,A,B,2025-11-04T00:00:00,5693.879432423303,5701.874424923303,previous_confirmed_final_slot_and_issued_load_pv_forecast,4609.2829,0.0,721.9680000000001,731.9516708333334,9.983670833333349,0.0,0.0,34.314998287499996,1.9471475458331966,0.0,1238.127775875,1200.0,0.9392,0.9163,661.5392784000001,13.72205637687502,-0.0,8.920856481234791,675.2613347768751,684.1821912581098,1,4372.144200000001,0.0,18,2025-11-04,5
2025-11-04,127,2025-11-04T00:00:00,2025-11-04 21:20:00,2025-11-04 21:30:00,2025-10-28 21:30:00,PRICE-LAG7-COMPLETED,cvar_t0.90_r0.05_g0.00,Q2V2-SW2-REC5,A,A,B,2025-11-04T00:00:00,5693.879432423303,5701.874424923303,previous_confirmed_final_slot_and_issued_load_pv_forecast,4528.1518,0.0,728.3951083333329,733.3006791666667,4.905570833333741,0.0,0.0,0.0,21.391287499999862,0.0,1200.0,1200.0,1.0052,0.9404,684.9827598766663,6.919798217500575,-0.0,100.58183382499935,691.9025580941668,792.4843919191661,1,4380.23825,0.0,18,2025-11-04,5
2025-11-05,59,2025-11-05T00:00:00,2025-11-05 10:00:00,2025-11-05 10:10:00,2025-10-29 10:10:00,PRICE-LAG7-COMPLETED,cvar_t0.90_r0.05_g0.00,Q2V2-SW2-REC5,A,A,B,2025-11-05T00:00:00,5249.075767218749,5250.772390968749,previous_confirmed_final_slot_and_issued_load_pv_forecast,6419.58,5775.525,0.0,0.0,0.0,0.0,0.0,82.11145506250045,25.23104493749952,0.0,1291.234950069445,1200.0,1.1078,1.108,0.0,0.0,-0.0,139.77998895374736,0.0,139.77998895374736,1,6497.915,6060.1125,6,2025-11-05,2
2025-11-05,60,2025-11-05T00:00:00,2025-11-05 10:10:00,2025-11-05 10:20:00,2025-10-29 10:20:00,PRICE-LAG7-COMPLETED,cvar_t0.90_r0.05_g0.00,Q2V2-SW2-REC5,A,A,B,2025-11-05T00:00:00,5249.075767218749,5250.772390968749,previous_confirmed_final_slot_and_issued_load_pv_forecast,6695.8474,6098.6024,0.0,0.0,0.0,0.0,0.0,0.0,99.54083333333324,0.0,1200.0,1200.0,1.084,1.0741,0.0,0.0,-0.0,534.5840454166662,0.0,534.5840454166662,1,6486.9715,6307.06612,6,2025-11-05,2
2025-11-07,49,2025-11-07T00:00:00,2025-11-07 08:20:00,2025-11-07 08:30:00,2025-10-31 08:30:00,PRICE-LAG7-COMPLETED,cvar_t0.90_r0.05_g0.00,Q2V2-SW2-REC5,A,A,B,2025-11-07T00:00:00,5247.053752249088,5289.643870999088,previous_confirmed_final_slot_and_issued_load_pv_forecast,3314.4453,2686.7166,0.0,0.0,0.0,0.0,0.0,69.2708288750011,35.35062112499877,0.0,1276.96758763889,1200.0,0.8637,0.9385,0.0,0.0,-0.0,165.8827896290567,0.0,165.8827896290567,1,3364.852,3189.3750800000003,6,2025-11-07,2
2025-11-07,50,2025-11-07T00:00:00,2025-11-07 08:30:00,2025-11-07 08:40:00,2025-10-31 08:40:00,PRICE-LAG7-COMPLETED,cvar_t0.90_r0.05_g0.00,Q2V2-SW2-REC5,A,A,B,2025-11-07T00:00:00,5247.053752249088,5289.643870999088,previous_confirmed_final_slot_and_issued_load_pv_forecast,3434.41,2971.9125,0.0,0.0,0.0,0.0,0.0,0.0,77.08291666666668,0.0,1200.0,1200.0,0.9225,1.0381,0.0,0.0,-0.0,400.0988789583334,0.0,400.0988789583334,1,3295.575,3536.3775,6,2025-11-07,2
2025-11-12,38,2025-11-12T00:00:00,2025-11-12 06:30:00,2025-11-12 06:40:00,2025-11-05 06:40:00,PRICE-LAG7-COMPLETED,cvar_t0.90_r0.05_g0.00,Q2V2-SW2-REC5,A,A,B,2025-11-12T00:00:00,4085.281390387981,4068.920478350944,previous_confirmed_final_slot_and_issued_load_pv_forecast,5070.64,0.0,8.629166666666606,8.629166666666606,0.0,0.0,0.0,833.3333333333334,3.144166666666706,0.0,8944.098815346451,8018.172889420525,1.0699,1.0291,8.880275416666603,0.0,-0.0,16.178309583333533,8.880275416666603,25.058585000000136,1,4821.79,0.0,6,2025-11-12,1
2025-12-02,47,2025-12-02T00:00:00,2025-12-02 08:00:00,2025-12-02 08:10:00,2025-11-25 08:10:00,PRICE-LAG7-COMPLETED,cvar_t0.90_r0.20_g0.00,Q2V2-SW2-REC5,A,A,B,2025-12-02T00:00:00,4887.254100055555,4803.84774561111,previous_confirmed_final_slot_and_issued_load_pv_forecast,7243.8,1567.95,72.9708333333333,102.50559104166678,29.534757708333473,0.0,0.0,833.3333333333334,10.136075624999762,0.0,9789.284974063276,8863.35904813735,1.3198,1.4266,104.1001908333333,63.20142802006279,-0.0,72.30062743312331,167.3016188533961,239.6022462865194,1,6641.165,1783.2599999999998,6,2025-12-02,2
2025-12-02,48,2025-12-02T00:00:00,2025-12-02 08:10:00,2025-12-02 08:20:00,2025-11-25 08:20:00,PRICE-LAG7-COMPLETED,cvar_t0.90_r0.20_g0.00,Q2V2-SW2-REC5,A,A,B,2025-12-02T00:00:00,4887.254100055555,4803.84774561111,previous_confirmed_final_slot_and_issued_load_pv_forecast,7370.3157,1846.4964,27.40751000000023,50.59134916666676,23.18383916666653,0.0,0.0,833.3333333333334,36.71186749999981,0.0,8863.35904813735,7937.433122211424,1.3241,1.4198,38.91318269800033,49.374622273249706,-0.0,260.6175473824987,88.28780497125004,348.90535235374875,1,6707.33295,2134.32032,6,2025-12-02,2
2025-12-02,49,2025-12-02T00:00:00,2025-12-02 08:20:00,2025-12-02 08:30:00,2025-11-25 08:30:00,PRICE-LAG7-COMPLETED,cvar_t0.90_r0.20_g0.00,Q2V2-SW2-REC5,A,A,B,2025-12-02T00:00:00,4887.254100055555,4803.84774561111,previous_confirmed_final_slot_and_issued_load_pv_forecast,7245.2069,2238.2899,0.0,0.0,0.0,0.0,0.0,833.3333333333334,1.1528333333333194,0.0,7937.433122211424,7011.507196285498,1.2973,1.3282,0.0,0.0,-0.0,7.655966166666574,0.0,7.655966166666574,1,6564.44455,2489.3932200000004,6,2025-12-02,2
2025-12-04,49,2025-12-04T00:00:00,2025-12-04 08:20:00,2025-12-04 08:30:00,2025-11-27 08:30:00,PRICE-LAG7-COMPLETED,cvar_t0.90_r0.20_g0.00,Q2V2-SW2-REC5,A,A,B,2025-12-04T00:00:00,5879.705032277777,5875.903087277777,previous_confirmed_final_slot_and_issued_load_pv_forecast,7439.8292,2123.0122,39.78719500000011,39.78719500000011,0.0,0.0,0.0,833.3333333333334,13.015638333333186,0.0,8372.397445037037,7446.471519111111,1.2539,1.4152,56.30683836400016,0.0,-0.0,92.09865684666563,56.30683836400016,148.40549521066578,1,6652.3727,2345.5152000000003,6,2025-12-04,2
2025-12-09,48,2025-12-09T00:00:00,2025-12-09 08:10:00,2025-12-09 08:20:00,2025-12-02 08:20:00,PRICE-LAG7-COMPLETED,cvar_t0.90_r0.20_g0.00,Q2V2-SW2-REC5,A,A,B,2025-12-09T00:00:00,5451.218066627319,5477.4970053773195,previous_confirmed_final_slot_and_issued_load_pv_forecast,7465.4925,1737.4453,79.27547833333347,79.27547833333347,0.0,0.0,0.0,833.3333333333334,42.06572166666649,0.0,9238.740441388883,8312.814515462958,1.4198,1.4791,117.25636000283353,0.0,-0.0,311.09704458583207,117.25636000283353,428.3534045886656,1,6981.44385,1933.84306,6,2025-12-09,2
2025-12-17,48,2025-12-17T00:00:00,2025-12-17 08:10:00,2025-12-17 08:20:00,2025-12-10 08:20:00,PRICE-LAG7-COMPLETED,cvar_t0.90_r0.20_g0.00,Q2V2-SW2-REC5,A,A,B,2025-12-17T00:00:00,8920.560214295869,8886.248430545867,previous_confirmed_final_slot_and_issued_load_pv_forecast,7383.4703,1867.0675,225.6996549999999,57.86158124999997,0.0,167.83807374999992,0.0,833.3333333333334,28.20555208333326,0.0,9873.005614227623,8947.079688301697,1.4236,1.4688,331.5076532639999,0.0,-123.26028136199996,207.14157449999948,208.24737190199994,415.3889464019994,1,7239.119,1835.7277399999998,6,2025-12-17,2
2025-12-17,49,2025-12-17T00:00:00,2025-12-17 08:20:00,2025-12-17 08:30:00,2025-12-10 08:30:00,PRICE-LAG7-COMPLETED,cvar_t0.90_r0.20_g0.00,Q2V2-SW2-REC5,A,A,B,2025-12-17T00:00:00,8920.560214295869,8886.248430545867,previous_confirmed_final_slot_and_issued_load_pv_forecast,7270.3048,2255.6382,133.94563833333336,0.0,0.0,133.94563833333336,0.0,833.3333333333334,2.4444333333332224,0.0,8947.079688301697,8021.153762375771,1.3214,1.3682,183.26442236766673,0.0,-91.63221118383336,16.722368433332576,91.63221118383336,108.35457961716594,1,7013.0473,2141.23914,6,2025-12-17,2
2025-12-22,123,2025-12-22T00:00:00,2025-12-22 20:40:00,2025-12-22 20:50:00,2025-12-15 20:50:00,PRICE-LAG7-COMPLETED,cvar_t0.95_r0.05_g0.02,Q2V2-SW2-REC5,A,A,B,2025-12-22T00:00:00,7947.458637037033,7952.300164537033,previous_confirmed_final_slot_and_issued_load_pv_forecast,4402.2311,0.0,0.0,0.0,0.0,0.0,0.0,594.0157628076366,139.68942052569662,0.0,1860.0175142307073,1200.0,1.5154,1.5491,0.0,0.0,-0.0,1081.9644066817832,0.0,1081.9644066817832,1,4509.141799999999,0.0,18,2025-12-22,5
2025-12-22,125,2025-12-22T00:00:00,2025-12-22 21:00:00,2025-12-22 21:10:00,2025-12-15 21:10:00,PRICE-LAG7-COMPLETED,cvar_t0.95_r0.05_g0.02,Q2V2-SW2-REC5,A,A,B,2025-12-22T00:00:00,7947.458637037033,7952.300164537033,previous_confirmed_final_slot_and_issued_load_pv_forecast,4462.9,0.0,735.2925000000001,735.2925000000001,0.0,0.0,0.0,1.4337406687501244,7.09042599791635,0.0,1201.5930451875001,1200.0,0.9247,0.9179,674.9249857500001,0.0,-0.0,32.54151011743709,674.9249857500001,707.4664958674372,1,4272.26,0.0,18,2025-12-22,5
2025-12-22,126,2025-12-22T00:00:00,2025-12-22 21:10:00,2025-12-22 21:20:00,2025-12-15 21:20:00,PRICE-LAG7-COMPLETED,cvar_t0.95_r0.05_g0.02,Q2V2-SW2-REC5,A,A,B,2025-12-22T00:00:00,7947.458637037033,7952.300164537033,previous_confirmed_final_slot_and_issued_load_pv_forecast,4459.1866,0.0,708.2762166666666,710.1866449999999,1.9104283333332432,0.0,0.0,0.0,33.01112166666678,0.0,1200.0,1200.0,0.8617,0.9066,642.12321803,2.597991490499877,-0.0,149.6394145150005,644.7212095204999,794.3606240355005,1,4272.86495,0.0,18,2025-12-22,5
2025-12-22,127,2025-12-22T00:00:00,2025-12-22 21:20:00,2025-12-22 21:30:00,2025-12-15 21:30:00,PRICE-LAG7-COMPLETED,cvar_t0.95_r0.05_g0.02,Q2V2-SW2-REC5,A,A,B,2025-12-22T00:00:00,7947.458637037033,7952.300164537033,previous_confirmed_final_slot_and_issued_load_pv_forecast,4426.286,0.0,703.9636666666667,709.3779139583332,5.414247291666584,0.0,0.0,0.0,28.336419375000105,0.0,1200.0,1200.0,0.9055,0.9646,679.0433528666666,7.833874406312381,-0.0,136.6665506456255,686.877227272979,823.5437779186045,1,4228.27145,0.0,18,2025-12-22,5
2025-12-22,128,2025-12-22T00:00:00,2025-12-22 21:30:00,2025-12-22 21:40:00,2025-12-15 21:40:00,PRICE-LAG7-COMPLETED,cvar_t0.95_r0.05_g0.02,Q2V2-SW2-REC5,A,A,B,2025-12-22T00:00:00,7947.458637037033,7952.300164537033,previous_confirmed_final_slot_and_issued_load_pv_forecast,4441.07,0.0,717.448333333333,717.448333333333,0.0,0.0,0.0,0.0,22.730000000000246,0.0,1200.0,1200.0,0.95,0.9438,677.1277369999997,0.0,-0.0,107.26287000000114,677.1277369999997,784.3906070000008,1,4241.094999999999,0.0,18,2025-12-22,5
2025-12-22,129,2025-12-22T00:00:00,2025-12-22 21:40:00,2025-12-22 21:50:00,2025-12-15 21:50:00,PRICE-LAG7-COMPLETED,cvar_t0.95_r0.05_g0.02,Q2V2-SW2-REC5,A,A,B,2025-12-22T00:00:00,7947.458637037033,7952.300164537033,previous_confirmed_final_slot_and_issued_load_pv_forecast,4460.118,0.0,709.7364938333337,719.5977634916666,9.861269658332844,0.0,0.0,0.0,23.755236508333496,0.0,1200.0,1200.0,1.032,0.9933,704.9812593246504,14.69279872743302,-0.0,117.9803821186383,719.6740580520834,837.6544401707217,1,4487.24955,0.0,18,2025-12-22,5
2025-12-22,131,2025-12-22T00:00:00,2025-12-22 22:00:00,2025-12-22 22:10:00,2025-12-15 22:10:00,PRICE-LAG7-COMPLETED,cvar_t0.95_r0.05_g0.02,Q2V2-SW2-REC5,A,A,B,2025-12-22T00:00:00,7947.458637037033,7952.300164537033,previous_confirmed_final_slot_and_issued_load_pv_forecast,3407.3,0.0,555.6608333333331,555.6608333333331,0.0,0.0,0.0,7.550960906249952,4.671539093750243,0.0,1208.3899565625,1200.0,0.4249,0.4493,249.65841241666655,0.0,-0.0,10.49461257410992,249.65841241666655,260.1530249907765,1,3233.65,0.0,18,2025-12-22,5
2025-12-28,47,2025-12-28T00:00:00,2025-12-28 08:00:00,2025-12-28 08:10:00,2025-12-21 08:10:00,PRICE-LAG7-COMPLETED,cvar_t0.95_r0.05_g0.02,Q2V2-SW2-REC5,A,A,B,2025-12-28T00:00:00,10572.265519733077,10591.039647233076,previous_confirmed_final_slot_and_issued_load_pv_forecast,7226.3,1416.225,150.45958333333328,110.38270291666663,0.0,40.076880416666654,0.0,833.3333333333334,24.6297970833333,0.0,10693.68413977006,9767.758213844134,1.4063,1.4817,222.93596462499994,0.0,-29.690956856687492,182.46985169187477,193.24500776831246,375.7148594601872,1,7012.2,1597.3425,6,2025-12-28,2
2025-12-28,48,2025-12-28T00:00:00,2025-12-28 08:10:00,2025-12-28 08:20:00,2025-12-21 08:20:00,PRICE-LAG7-COMPLETED,cvar_t0.95_r0.05_g0.02,Q2V2-SW2-REC5,A,A,B,2025-12-28T00:00:00,10572.265519733077,10591.039647233076,previous_confirmed_final_slot_and_issued_load_pv_forecast,7347.2611,1690.7482,135.61818500000027,79.33723423611139,0.0,56.28095076388888,0.0,833.3333333333334,30.08158243055516,0.0,9767.758213844134,8841.832287918209,1.4458,1.5094,204.70208843900042,0.0,-42.47523354150694,227.0257026033998,162.22685489749347,389.25255750089326,1,7223.89695,1909.2063999999998,6,2025-12-28,2
2025-12-29,123,2025-12-29T00:00:00,2025-12-29 20:40:00,2025-12-29 20:50:00,2025-12-22 20:50:00,PRICE-LAG7-COMPLETED,nocvar_g0.05,Q2V2-SW2-REC5,A,A,B,2025-12-29T00:00:00,5809.037902647777,5821.633552647776,previous_confirmed_final_slot_and_issued_load_pv_forecast,4277.3232,0.0,0.0,0.0,0.0,0.0,0.0,541.6427805416679,171.244419458332,0.0,1801.8253117129643,1200.0,1.5491,1.5396,0.0,0.0,-0.0,1318.23954099024,0.0,1318.23954099024,1,4403.281849999999,0.0,18,2025-12-29,5
2025-12-29,124,2025-12-29T00:00:00,2025-12-29 20:50:00,2025-12-29 21:00:00,2025-12-22 21:00:00,PRICE-LAG7-COMPLETED,nocvar_g0.05,Q2V2-SW2-REC5,A,A,B,2025-12-29T00:00:00,5809.037902647777,5821.633552647776,previous_confirmed_final_slot_and_issued_load_pv_forecast,4327.5695,0.0,721.64005,714.2387329166667,0.0,7.401317083333311,0.0,0.0,7.022850416666529,0.0,1200.0,1200.0,1.3281,1.3173,950.6164378649999,0.0,-4.874877496937485,46.25600426937409,945.7415603680623,991.9975646374364,1,4361.0247500000005,0.0,18,2025-12-29,5
2025-12-29,127,2025-12-29T00:00:00,2025-12-29 21:20:00,2025-12-29 21:30:00,2025-12-22 21:30:00,PRICE-LAG7-COMPLETED,nocvar_g0.05,Q2V2-SW2-REC5,A,A,B,2025-12-29T00:00:00,5809.037902647777,5821.633552647776,previous_confirmed_final_slot_and_issued_load_pv_forecast,4364.8171,0.0,667.4078954732505,667.4078954732505,0.0,0.0,0.0,6.23405833333336,53.8275628600828,0.0,1206.9267314814815,1200.0,0.9646,0.9475,632.3689809609049,0.0,-0.0,255.00807904964225,632.3689809609049,887.3770600105471,1,4269.33455,0.0,18,2025-12-29,5
2025-12-29,128,2025-12-29T00:00:00,2025-12-29 21:30:00,2025-12-29 21:40:00,2025-12-22 21:40:00,PRICE-LAG7-COMPLETED,nocvar_g0.05,Q2V2-SW2-REC5,A,A,B,2025-12-29T00:00:00,5809.037902647777,5821.633552647776,previous_confirmed_final_slot_and_issued_load_pv_forecast,4573.61,0.0,719.535,711.6136641713981,0.0,7.921335828601855,0.0,0.0,50.65466916193509,0.0,1200.0,1200.0,0.9438,0.979,704.424765,0.0,-3.877493888100608,247.95460554767223,700.5472711118994,948.5018766595716,1,4333.32,0.0,18,2025-12-29,5
2025-12-29,129,2025-12-29T00:00:00,2025-12-29 21:40:00,2025-12-29 21:50:00,2025-12-22 21:50:00,PRICE-LAG7-COMPLETED,nocvar_g0.05,Q2V2-SW2-REC5,A,A,B,2025-12-29T00:00:00,5809.037902647777,5821.633552647776,previous_confirmed_final_slot_and_issued_load_pv_forecast,4508.9507,0.0,727.6232916666665,727.6232916666665,0.0,0.0,0.0,0.0,23.86849166666684,0.0,1200.0,1200.0,0.9933,0.9985,726.5318567291666,0.0,-0.0,119.16344464583422,726.5318567291666,845.6953013750009,1,4477.3162,0.0,18,2025-12-29,5
2025-12-30,101,2025-12-30T00:00:00,2025-12-30 17:00:00,2025-12-30 17:10:00,2025-12-23 17:10:00,PRICE-LAG7-COMPLETED,nocvar_g0.05,Q2V2-SW2-REC5,A,A,B,2025-12-30T00:00:00,5727.442379659721,5674.999004567128,previous_confirmed_final_slot_and_issued_load_pv_forecast,6063.36,0.0,993.2266666666665,177.22474166666643,0.0,816.001925,0.0,833.3333333333334,0.001925000000142063,0.0,10585.66495576003,9659.739029834105,1.148,1.0763,1069.0098613333332,0.0,-439.13143593875003,0.010359387500764513,629.8784253945832,629.888784782084,1,6122.469999999999,0.0,12,2025-12-30,4
2025-12-30,123,2025-12-30T00:00:00,2025-12-30 20:40:00,2025-12-30 20:50:00,2025-12-23 20:50:00,PRICE-LAG7-COMPLETED,nocvar_g0.05,Q2V2-SW2-REC5,A,A,B,2025-12-30T00:00:00,5727.442379659721,5674.999004567128,previous_confirmed_final_slot_and_issued_load_pv_forecast,4230.9953,0.0,0.0,0.0,0.0,0.0,0.0,598.0549539597238,107.11092937360945,0.0,1864.505504399693,1200.0,1.5836,1.5554,0.0,0.0,-0.0,833.0016977385607,0.0,833.0016977385607,1,4277.162,0.0,18,2025-12-30,5
2025-12-30,126,2025-12-30T00:00:00,2025-12-30 21:10:00,2025-12-30 21:20:00,2025-12-23 21:20:00,PRICE-LAG7-COMPLETED,nocvar_g0.05,Q2V2-SW2-REC5,A,A,B,2025-12-30T00:00:00,5727.442379659721,5674.999004567128,previous_confirmed_final_slot_and_issued_load_pv_forecast,4452.0887,0.0,725.993513374485,721.9616172762348,0.0,4.031896098250172,0.0,7.042444964583433,13.010721092515018,0.0,1207.8249388495371,1200.0,0.9085,0.8985,652.3051717669748,0.0,-1.8113293221388898,58.450664508123715,650.4938424448359,708.9445069529596,1,4382.7309000000005,0.0,18,2025-12-30,5
2025-12-30,127,2025-12-30T00:00:00,2025-12-30 21:20:00,2025-12-30 21:30:00,2025-12-23 21:30:00,PRICE-LAG7-COMPLETED,nocvar_g0.05,Q2V2-SW2-REC5,A,A,B,2025-12-30T00:00:00,5727.442379659721,5674.999004567128,previous_confirmed_final_slot_and_issued_load_pv_forecast,4429.4027,0.0,725.5957250000001,705.9865697916667,0.0,19.60915520833339,0.0,0.0,32.2472135416665,0.0,1200.0,1200.0,0.9198,0.9737,706.5125574325001,0.0,-9.54671721317711,156.99555912760334,696.965840219323,853.9613993469263,1,4294.80555,0.0,18,2025-12-30,5
2025-12-30,128,2025-12-30T00:00:00,2025-12-30 21:30:00,2025-12-30 21:40:00,2025-12-23 21:40:00,PRICE-LAG7-COMPLETED,nocvar_g0.05,Q2V2-SW2-REC5,A,A,B,2025-12-30T00:00:00,5727.442379659721,5674.999004567128,previous_confirmed_final_slot_and_issued_load_pv_forecast,4443.9,0.0,706.8925,706.8925,0.0,0.0,0.0,0.0,33.75749999999982,0.0,1200.0,1200.0,0.9313,0.9678,684.1305615,0.0,-0.0,163.35254249999915,684.1305615,847.4831039999991,1,4317.85,0.0,18,2025-12-30,5
2025-12-30,129,2025-12-30T00:00:00,2025-12-30 21:40:00,2025-12-30 21:50:00,2025-12-23 21:50:00,PRICE-LAG7-COMPLETED,nocvar_g0.05,Q2V2-SW2-REC5,A,A,B,2025-12-30T00:00:00,5727.442379659721,5674.999004567128,previous_confirmed_final_slot_and_issued_load_pv_forecast,4644.3594,0.0,758.0658333333332,758.0658333333332,0.0,0.0,0.0,0.0,15.994066666666754,0.0,1200.0,1200.0,1.0204,1.0231,775.5771540833331,0.0,-0.0,81.81764803333377,775.5771540833331,857.3948021166668,1,4609.52745,0.0,18,2025-12-30,5
