plan_day,time_index,issue_time,interval_start,interval_end,price_source_completed_at,price_model_id,selected_candidate,forecast_model_id,time_mapping,battery_interpretation,settlement_rule,residual_history_cutoff,planned_initial_energy_kwh,executed_initial_energy_kwh,planned_initial_source,load_actual_kw,pv_actual_kw,planned_grid_kwh,final_grid_kwh,up_kwh,down_kwh,charge_kwh,discharge_kwh,emergency_kwh,unused_supply_kwh,actual_soc_before_kwh,actual_soc_after_kwh,price_forecast_yuan_per_kwh,price_actual_yuan_per_kwh,base_cost_yuan,up_cost_yuan,down_cost_yuan,emergency_cost_yuan,ordinary_cost_yuan,cash_cost_yuan,confirmation_count,load_forecast_kw,pv_forecast_kw,release_used
2025-03-20,0,2025-03-20T00:00:00,2025-03-20 00:10:00,2025-03-20 00:20:00,2025-03-13 00:20:00,PRICE-LAG7-COMPLETED,nocvar_g0.02,Q2V2-SW2-REC5,A,A,B,2025-03-20T00:00:00,5612.402973342589,5630.6210620925885,previous_confirmed_final_slot_and_issued_load_pv_forecast,3299.0689,0.0,599.071825,599.071825,0.0,0.0,49.22700833333329,0.0,0.0,0.0,5630.6210620925885,5674.925369592588,0.4376,0.4487,268.80352787749996,0.0,-0.0,0.0,268.80352787749996,268.80352787749996,0,3509.4078,0.0,0
2025-03-20,1,2025-03-20T00:00:00,2025-03-20 00:20:00,2025-03-20 00:30:00,2025-03-13 00:30:00,PRICE-LAG7-COMPLETED,nocvar_g0.02,Q2V2-SW2-REC5,A,A,B,2025-03-20T00:00:00,5612.402973342589,5630.6210620925885,previous_confirmed_final_slot_and_issued_load_pv_forecast,3421.881,0.0,600.2197916666667,600.2197916666667,0.0,0.0,29.906291666666675,0.0,0.0,0.0,5674.925369592588,5701.841032092588,0.4576,0.4373,262.47611489583335,0.0,-0.0,0.0,262.47611489583335,262.47611489583335,0,3483.82755,0.0,0
2025-03-20,2,2025-03-20T00:00:00,2025-03-20 00:30:00,2025-03-20 00:40:00,2025-03-13 00:40:00,PRICE-LAG7-COMPLETED,nocvar_g0.02,Q2V2-SW2-REC5,A,A,B,2025-03-20T00:00:00,5612.402973342589,5630.6210620925885,previous_confirmed_final_slot_and_issued_load_pv_forecast,3683.11,0.0,586.6341666666667,586.6341666666667,0.0,0.0,0.0,27.217499999999973,0.0,0.0,5701.841032092588,5671.599365425921,0.4673,0.4311,252.89798925000002,0.0,-0.0,0.0,252.89798925000002,252.89798925000002,0,3505.52,0.0,0
2025-03-20,3,2025-03-20T00:00:00,2025-03-20 00:40:00,2025-03-20 00:50:00,2025-03-13 00:50:00,PRICE-LAG7-COMPLETED,nocvar_g0.02,Q2V2-SW2-REC5,A,A,B,2025-03-20T00:00:00,5612.402973342589,5630.6210620925885,previous_confirmed_final_slot_and_issued_load_pv_forecast,3476.737,0.0,575.7253666666667,575.7253666666667,0.0,0.0,0.0,3.730799999999931,0.0,0.0,5671.599365425921,5667.454032092588,0.4657,0.4344,250.09509928,0.0,-0.0,0.0,250.09509928,250.09509928,0,3515.11515,0.0,0
2025-03-20,4,2025-03-20T00:00:00,2025-03-20 00:50:00,2025-03-20 01:00:00,2025-03-13 01:00:00,PRICE-LAG7-COMPLETED,nocvar_g0.02,Q2V2-SW2-REC5,A,A,B,2025-03-20T00:00:00,5612.402973342589,5630.6210620925885,previous_confirmed_final_slot_and_issued_load_pv_forecast,3302.6695,0.0,570.6444166666666,570.6444166666666,0.0,0.0,20.199500000000057,0.0,0.0,0.0,5667.454032092588,5685.633582092588,0.4651,0.4238,241.83910378333334,0.0,-0.0,0.0,241.83910378333334,241.83910378333334,0,3486.36705,0.0,0
2025-03-20,5,2025-03-20T00:00:00,2025-03-20 01:00:00,2025-03-20 01:10:00,2025-03-13 01:10:00,PRICE-LAG7-COMPLETED,nocvar_g0.02,Q2V2-SW2-REC5,A,A,B,2025-03-20T00:00:00,5612.402973342589,5630.6210620925885,previous_confirmed_final_slot_and_issued_load_pv_forecast,3426.94,0.0,570.4641666666665,570.4641666666665,0.0,0.0,0.0,0.6925000000001091,0.0,0.0,5685.633582092588,5684.864137648144,0.452,0.4296,245.07140599999994,0.0,-0.0,0.0,245.07140599999994,245.07140599999994,0,3449.965,0.0,0
2025-03-20,6,2025-03-20T00:00:00,2025-03-20 01:10:00,2025-03-20 01:20:00,2025-03-13 01:20:00,PRICE-LAG7-COMPLETED,nocvar_g0.02,Q2V2-SW2-REC5,A,A,B,2025-03-20T00:00:00,5612.402973342589,5630.6210620925885,previous_confirmed_final_slot_and_issued_load_pv_forecast,3609.5343,0.0,1377.0195916666664,1377.0195916666664,0.0,0.0,775.4305416666665,0.0,0.0,0.0,5684.864137648144,6382.751625148144,0.4051,0.4989,686.9950742824999,0.0,-0.0,0.0,686.9950742824999,686.9950742824999,0,3449.5696,0.0,0
2025-03-20,7,2025-03-20T00:00:00,2025-03-20 01:20:00,2025-03-20 01:30:00,2025-03-13 01:30:00,PRICE-LAG7-COMPLETED,nocvar_g0.02,Q2V2-SW2-REC5,A,A,B,2025-03-20T00:00:00,5612.402973342589,5630.6210620925885,previous_confirmed_final_slot_and_issued_load_pv_forecast,3668.9025,0.0,1370.233025,1370.233025,0.0,0.0,758.749275,0.0,0.0,0.0,6382.751625148144,7065.625972648144,0.3862,0.5083,696.4894466075,0.0,-0.0,0.0,696.4894466075,696.4894466075,0,3399.09245,0.0,0
2025-03-20,8,2025-03-20T00:00:00,2025-03-20 01:30:00,2025-03-20 01:40:00,2025-03-13 01:40:00,PRICE-LAG7-COMPLETED,nocvar_g0.02,Q2V2-SW2-REC5,A,A,B,2025-03-20T00:00:00,5612.402973342589,5630.6210620925885,previous_confirmed_final_slot_and_issued_load_pv_forecast,3589.3,0.0,572.9225000000001,572.9225000000001,0.0,0.0,0.0,25.29416666666657,0.0,0.0,7065.625972648144,7037.521343018514,0.406,0.4468,255.98177300000003,0.0,-0.0,0.0,255.98177300000003,255.98177300000003,0,3333.25,0.0,0
2025-03-20,9,2025-03-20T00:00:00,2025-03-20 01:40:00,2025-03-20 01:50:00,2025-03-13 01:50:00,PRICE-LAG7-COMPLETED,nocvar_g0.02,Q2V2-SW2-REC5,A,A,B,2025-03-20T00:00:00,5612.402973342589,5630.6210620925885,previous_confirmed_final_slot_and_issued_load_pv_forecast,3503.6157,0.0,602.5348583333331,602.5348583333331,0.0,0.0,18.598908333333156,0.0,0.0,0.0,7037.521343018514,7054.260360518514,0.4177,0.4284,258.1259333099999,0.0,-0.0,0.0,258.1259333099999,258.1259333099999,0,3391.8701499999997,0.0,0
2025-03-20,10,2025-03-20T00:00:00,2025-03-20 01:50:00,2025-03-20 02:00:00,2025-03-13 02:00:00,PRICE-LAG7-COMPLETED,nocvar_g0.02,Q2V2-SW2-REC5,A,A,B,2025-03-20T00:00:00,5612.402973342589,5630.6210620925885,previous_confirmed_final_slot_and_issued_load_pv_forecast,3545.9703,0.0,602.7612666666665,602.7612666666665,0.0,0.0,11.766216666666537,0.0,0.0,0.0,7054.260360518514,7064.8499555185135,0.4309,0.4436,267.3848978933333,0.0,-0.0,0.0,267.3848978933333,267.3848978933333,0,3519.48215,0.0,0
2025-03-20,11,2025-03-20T00:00:00,2025-03-20 02:00:00,2025-03-20 02:10:00,2025-03-13 02:10:00,PRICE-LAG7-COMPLETED,nocvar_g0.02,Q2V2-SW2-REC5,A,A,B,2025-03-20T00:00:00,5612.402973342589,5630.6210620925885,previous_confirmed_final_slot_and_issued_load_pv_forecast,3590.66,0.0,634.0591666666666,634.0591666666666,0.0,0.0,35.615833333333285,0.0,0.0,0.0,7064.8499555185135,7096.904205518514,0.4209,0.454,287.8628616666666,0.0,-0.0,0.0,287.8628616666666,287.8628616666666,0,3594.105,0.0,0
2025-03-20,12,2025-03-20T00:00:00,2025-03-20 02:10:00,2025-03-20 02:20:00,2025-03-13 02:20:00,PRICE-LAG7-COMPLETED,nocvar_g0.02,Q2V2-SW2-REC5,A,A,B,2025-03-20T00:00:00,5612.402973342589,5630.6210620925885,previous_confirmed_final_slot_and_issued_load_pv_forecast,3395.9017,0.0,1371.2531083333333,1371.2531083333333,0.0,0.0,805.2694916666667,0.0,0.0,0.0,7096.904205518514,7821.646748018514,0.3604,0.4404,603.89986891,0.0,-0.0,0.0,603.89986891,603.89986891,0,3529.2006499999998,0.0,0
2025-03-20,13,2025-03-20T00:00:00,2025-03-20 02:20:00,2025-03-20 02:30:00,2025-03-13 02:30:00,PRICE-LAG7-COMPLETED,nocvar_g0.02,Q2V2-SW2-REC5,A,A,B,2025-03-20T00:00:00,5612.402973342589,5630.6210620925885,previous_confirmed_final_slot_and_issued_load_pv_forecast,3276.7246,0.0,1369.8734749999999,1369.8734749999999,0.0,0.0,823.7527083333332,0.0,0.0,0.0,7821.646748018514,8563.024185518514,0.3984,0.4405,603.4292657374999,0.0,-0.0,0.0,603.4292657374999,603.4292657374999,0,3441.9577,0.0,0
2025-03-20,14,2025-03-20T00:00:00,2025-03-20 02:30:00,2025-03-20 02:40:00,2025-03-13 02:40:00,PRICE-LAG7-COMPLETED,nocvar_g0.02,Q2V2-SW2-REC5,A,A,B,2025-03-20T00:00:00,5612.402973342589,5630.6210620925885,previous_confirmed_final_slot_and_issued_load_pv_forecast,3394.28,0.0,574.0775,574.0775,0.0,0.0,8.36416666666662,0.0,0.0,0.0,8563.024185518514,8570.551935518513,0.4933,0.4545,260.91822375,0.0,-0.0,0.0,260.91822375,260.91822375,0,3454.54,0.0,0
2025-03-20,15,2025-03-20T00:00:00,2025-03-20 02:40:00,2025-03-20 02:50:00,2025-03-13 02:50:00,PRICE-LAG7-COMPLETED,nocvar_g0.02,Q2V2-SW2-REC5,A,A,B,2025-03-20T00:00:00,5612.402973342589,5630.6210620925885,previous_confirmed_final_slot_and_issued_load_pv_forecast,3587.5594,0.0,592.6753712280853,592.6753712280853,0.0,0.0,0.0,5.251195438581362,0.0,0.0,8570.551935518513,8564.71727392009,0.4528,0.4389,260.12522043200664,0.0,-0.0,0.0,260.12522043200664,260.12522043200664,0,3589.9057000000003,0.0,0
2025-03-20,16,2025-03-20T00:00:00,2025-03-20 02:50:00,2025-03-20 03:00:00,2025-03-13 03:00:00,PRICE-LAG7-COMPLETED,nocvar_g0.02,Q2V2-SW2-REC5,A,A,B,2025-03-20T00:00:00,5612.402973342589,5630.6210620925885,previous_confirmed_final_slot_and_issued_load_pv_forecast,3605.7268,0.0,592.8858083333334,592.8858083333334,0.0,0.0,0.0,8.068658333333133,0.0,0.0,8564.71727392009,8555.752097994166,0.4151,0.3868,229.32823066333336,0.0,-0.0,0.0,229.32823066333336,229.32823066333336,0,3665.59475,0.0,0
2025-03-20,17,2025-03-20T00:00:00,2025-03-20 03:00:00,2025-03-20 03:10:00,2025-03-13 03:10:00,PRICE-LAG7-COMPLETED,nocvar_g0.02,Q2V2-SW2-REC5,A,A,B,2025-03-20T00:00:00,5612.402973342589,5630.6210620925885,previous_confirmed_final_slot_and_issued_load_pv_forecast,3522.79,0.0,577.9425000000001,577.9425000000001,0.0,0.0,0.0,9.189166666666551,0.0,0.0,8555.752097994166,8545.54191280898,0.4276,0.3634,210.02430450000003,0.0,-0.0,0.0,210.02430450000003,210.02430450000003,0,3604.745,0.0,0
2025-03-20,18,2025-03-20T00:00:00,2025-03-20 03:10:00,2025-03-20 03:20:00,2025-03-13 03:20:00,PRICE-LAG7-COMPLETED,nocvar_g0.02,Q2V2-SW2-REC5,A,A,B,2025-03-20T00:00:00,5612.402973342589,5630.6210620925885,previous_confirmed_final_slot_and_issued_load_pv_forecast,3631.2618,0.0,1342.6142718686247,1342.6142718686247,0.0,0.0,737.4039718686247,0.0,0.0,0.0,8545.54191280898,9209.205487490743,0.4057,0.4416,592.8984624571847,0.0,-0.0,0.0,592.8984624571847,592.8984624571847,0,3496.81805,0.0,0
2025-03-20,19,2025-03-20T00:00:00,2025-03-20 03:20:00,2025-03-20 03:30:00,2025-03-13 03:30:00,PRICE-LAG7-COMPLETED,nocvar_g0.02,Q2V2-SW2-REC5,A,A,B,2025-03-20T00:00:00,5612.402973342589,5630.6210620925885,previous_confirmed_final_slot_and_issued_load_pv_forecast,3731.3543,0.0,613.6959083333334,613.6959083333334,0.0,0.0,0.0,8.196474999999964,0.0,0.0,9209.205487490743,9200.098293046298,0.4354,0.4839,296.9674500425,0.0,-0.0,0.0,296.9674500425,296.9674500425,0,3466.74395,0.0,0
2025-03-20,20,2025-03-20T00:00:00,2025-03-20 03:30:00,2025-03-20 03:40:00,2025-03-13 03:40:00,PRICE-LAG7-COMPLETED,nocvar_g0.02,Q2V2-SW2-REC5,A,A,B,2025-03-20T00:00:00,5612.402973342589,5630.6210620925885,previous_confirmed_final_slot_and_issued_load_pv_forecast,3721.01,0.0,559.5941666666668,559.5941666666668,0.0,0.0,0.0,60.57416666666654,0.0,0.0,9200.098293046298,9132.793663416669,0.4987,0.4574,255.95837183333336,0.0,-0.0,0.0,255.95837183333336,255.95837183333336,0,3554.605,0.0,0
2025-03-20,21,2025-03-20T00:00:00,2025-03-20 03:40:00,2025-03-20 03:50:00,2025-03-13 03:50:00,PRICE-LAG7-COMPLETED,nocvar_g0.02,Q2V2-SW2-REC5,A,A,B,2025-03-20T00:00:00,5612.402973342589,5630.6210620925885,previous_confirmed_final_slot_and_issued_load_pv_forecast,3699.7385,0.0,582.3380999999999,582.3380999999999,0.0,0.0,0.0,34.284983333333344,0.0,0.0,9132.793663416669,9094.699237490742,0.4766,0.4575,266.41968075,0.0,-0.0,0.0,266.41968075,266.41968075,0,3675.5733,0.0,0
2025-03-20,22,2025-03-20T00:00:00,2025-03-20 03:50:00,2025-03-20 04:00:00,2025-03-13 04:00:00,PRICE-LAG7-COMPLETED,nocvar_g0.02,Q2V2-SW2-REC5,A,A,B,2025-03-20T00:00:00,5612.402973342589,5630.6210620925885,previous_confirmed_final_slot_and_issued_load_pv_forecast,3674.7825,0.0,585.7305833333334,585.7305833333334,0.0,0.0,0.0,26.733166666666534,0.0,0.0,9094.699237490742,9064.995718972224,0.4358,0.4629,271.134687025,0.0,-0.0,0.0,271.134687025,271.134687025,0,3628.60615,0.0,0
2025-03-20,23,2025-03-20T00:00:00,2025-03-20 04:00:00,2025-03-20 04:10:00,2025-03-13 04:10:00,PRICE-LAG7-COMPLETED,nocvar_g0.02,Q2V2-SW2-REC5,A,A,B,2025-03-20T00:00:00,5612.402973342589,5630.6210620925885,previous_confirmed_final_slot_and_issued_load_pv_forecast,3623.58,0.0,582.5566666666666,582.5566666666666,0.0,0.0,0.0,21.373333333333335,0.0,0.0,9064.995718972224,9041.247570824076,0.4425,0.4426,257.8395806666666,0.0,-0.0,0.0,257.8395806666666,257.8395806666666,0,3535.935,0.0,0
2025-03-20,24,2025-03-20T00:00:00,2025-03-20 04:10:00,2025-03-20 04:20:00,2025-03-13 04:20:00,PRICE-LAG7-COMPLETED,nocvar_g0.02,Q2V2-SW2-REC5,A,A,B,2025-03-20T00:00:00,5612.402973342589,5630.6210620925885,previous_confirmed_final_slot_and_issued_load_pv_forecast,3538.7697,0.0019,579.0667616666665,579.0667616666665,0.0,0.0,0.0,10.727871666666829,0.0,0.0,9041.247570824076,9029.32771341667,0.4889,0.4023,232.95855821849992,0.0,-0.0,0.0,232.95855821849992,232.95855821849992,0,3693.98025,0.00098,0
2025-03-20,25,2025-03-20T00:00:00,2025-03-20 04:20:00,2025-03-20 04:30:00,2025-03-13 04:30:00,PRICE-LAG7-COMPLETED,nocvar_g0.02,Q2V2-SW2-REC5,A,A,B,2025-03-20T00:00:00,5612.402973342589,5630.6210620925885,previous_confirmed_final_slot_and_issued_load_pv_forecast,3488.7843,0.0,623.2074583333333,623.2074583333333,0.0,0.0,41.74340833333338,0.0,0.0,0.0,9029.32771341667,9066.89678091667,0.4731,0.4075,253.9570392708333,0.0,-0.0,0.0,253.9570392708333,253.9570392708333,0,3714.1735,0.0,0
2025-03-20,26,2025-03-20T00:00:00,2025-03-20 04:30:00,2025-03-20 04:40:00,2025-03-13 04:40:00,PRICE-LAG7-COMPLETED,nocvar_g0.02,Q2V2-SW2-REC5,A,A,B,2025-03-20T00:00:00,5612.402973342589,5630.6210620925885,previous_confirmed_final_slot_and_issued_load_pv_forecast,3513.51,0.0,617.4100000000001,617.4100000000001,0.0,0.0,31.825000000000045,0.0,0.0,0.0,9066.89678091667,9095.53928091667,0.4194,0.452,279.06932000000006,0.0,-0.0,0.0,279.06932000000006,279.06932000000006,0,3567.9700000000003,0.0,0
2025-03-20,27,2025-03-20T00:00:00,2025-03-20 04:40:00,2025-03-20 04:50:00,2025-03-13 04:50:00,PRICE-LAG7-COMPLETED,nocvar_g0.02,Q2V2-SW2-REC5,A,A,B,2025-03-20T00:00:00,5612.402973342589,5630.6210620925885,previous_confirmed_final_slot_and_issued_load_pv_forecast,3598.3779,0.0271,581.03311,581.03311,0.0,0.0,0.0,18.692023333333395,0.0,0.0,9095.53928091667,9074.770366101855,0.4455,0.4646,269.947982906,0.0,-0.0,0.0,269.947982906,269.947982906,0,3626.0032499999998,0.018340000000000002,0
2025-03-20,28,2025-03-20T00:00:00,2025-03-20 04:50:00,2025-03-20 05:00:00,2025-03-13 05:00:00,PRICE-LAG7-COMPLETED,nocvar_g0.02,Q2V2-SW2-REC5,A,A,B,2025-03-20T00:00:00,5612.402973342589,5630.6210620925885,previous_confirmed_final_slot_and_issued_load_pv_forecast,3700.4359,0.0,565.9657333333334,565.9657333333334,0.0,0.0,0.0,50.773583333333136,0.0,0.0,9074.770366101855,9018.355273509263,0.4488,0.4561,258.1369709733334,0.0,-0.0,0.0,258.1369709733334,258.1369709733334,0,3722.1988,0.0,0
2025-03-20,29,2025-03-20T00:00:00,2025-03-20 05:00:00,2025-03-20 05:10:00,2025-03-13 05:10:00,PRICE-LAG7-COMPLETED,nocvar_g0.02,Q2V2-SW2-REC5,A,A,B,2025-03-20T00:00:00,5612.402973342589,5630.6210620925885,previous_confirmed_final_slot_and_issued_load_pv_forecast,3753.57,0.0,1400.0683333333332,1400.0683333333332,0.0,0.0,774.4733333333331,0.0,0.0,0.0,9018.355273509263,9715.381273509263,0.4042,0.4379,613.0899231666666,0.0,-0.0,0.0,613.0899231666666,613.0899231666666,0,3712.04,0.0,0
2025-03-20,30,2025-03-20T00:00:00,2025-03-20 05:10:00,2025-03-20 05:20:00,2025-03-13 05:20:00,PRICE-LAG7-COMPLETED,nocvar_g0.02,Q2V2-SW2-REC5,A,A,B,2025-03-20T00:00:00,5612.402973342589,5630.6210620925885,previous_confirmed_final_slot_and_issued_load_pv_forecast,3716.9811,0.3776,1417.0411283333333,1417.0411283333333,0.0,0.0,797.6072116666667,0.0,0.0,0.0,9715.381273509263,10433.227764009263,0.4009,0.4177,591.8980793048333,0.0,-0.0,0.0,591.8980793048333,591.8980793048333,0,3639.1731499999996,0.25518,0
2025-03-20,31,2025-03-20T00:00:00,2025-03-20 05:20:00,2025-03-20 05:30:00,2025-03-13 05:30:00,PRICE-LAG7-COMPLETED,nocvar_g0.02,Q2V2-SW2-REC5,A,A,B,2025-03-20T00:00:00,5612.402973342589,5630.6210620925885,previous_confirmed_final_slot_and_issued_load_pv_forecast,3707.0664,0.0,632.3654666666665,632.3654666666665,0.0,0.0,14.52106666666657,0.0,0.0,0.0,10433.227764009263,10446.296724009264,0.4472,0.464,293.41757653333326,0.0,-0.0,0.0,293.41757653333326,293.41757653333326,0,3644.4786999999997,0.0,0
2025-03-20,32,2025-03-20T00:00:00,2025-03-20 05:30:00,2025-03-20 05:40:00,2025-03-13 05:40:00,PRICE-LAG7-COMPLETED,nocvar_g0.02,Q2V2-SW2-REC5,A,A,B,2025-03-20T00:00:00,5612.402973342589,5630.6210620925885,previous_confirmed_final_slot_and_issued_load_pv_forecast,3642.69,0.0,615.6383333333332,615.6383333333332,0.0,0.0,8.523333333333198,0.0,0.0,0.0,10446.296724009264,10453.967724009264,0.471,0.4802,295.6295276666666,0.0,-0.0,0.0,295.6295276666666,295.6295276666666,0,3687.6099999999997,0.0,0
2025-03-20,33,2025-03-20T00:00:00,2025-03-20 05:40:00,2025-03-20 05:50:00,2025-03-13 05:50:00,PRICE-LAG7-COMPLETED,nocvar_g0.02,Q2V2-SW2-REC5,A,A,B,2025-03-20T00:00:00,5612.402973342589,5630.6210620925885,previous_confirmed_final_slot_and_issued_load_pv_forecast,3457.8398,5.2594,611.3263033333334,611.3263033333334,0.0,0.0,35.89623666666671,0.0,0.0,0.0,10453.967724009264,10486.274337009265,0.4341,0.352,215.18685877333334,0.0,-0.0,0.0,215.18685877333334,215.18685877333334,0,3687.1904,3.55398,0
2025-03-20,34,2025-03-20T00:00:00,2025-03-20 05:50:00,2025-03-20 06:00:00,2025-03-13 06:00:00,PRICE-LAG7-COMPLETED,nocvar_g0.02,Q2V2-SW2-REC5,A,A,B,2025-03-20T00:00:00,5612.402973342589,5630.6210620925885,previous_confirmed_final_slot_and_issued_load_pv_forecast,4028.7787,0.0,649.26945,649.26945,0.0,0.0,0.0,22.19366666666656,0.0,0.0,10486.274337009265,10461.614707379635,0.6459,0.5794,376.18671933,0.0,-0.0,0.0,376.18671933,376.18671933,0,4169.50795,0.0,0
2025-03-20,35,2025-03-20T00:00:00,2025-03-20 06:00:00,2025-03-20 06:10:00,2025-03-13 06:10:00,PRICE-LAG7-COMPLETED,nocvar_g0.02,Q2V2-SW2-REC5,A,A,B,2025-03-20T00:00:00,5612.402973342589,5630.6210620925885,previous_confirmed_final_slot_and_issued_load_pv_forecast,4962.09,0.0,0.0,0.0,0.0,0.0,0.0,827.015,0.0,0.0,10461.614707379635,9542.70915182408,0.9879,1.0185,0.0,0.0,-0.0,0.0,0.0,0.0,1,4831.005,0.0,6
2025-03-20,36,2025-03-20T00:00:00,2025-03-20 06:10:00,2025-03-20 06:20:00,2025-03-13 06:20:00,PRICE-LAG7-COMPLETED,nocvar_g0.02,Q2V2-SW2-REC5,A,A,B,2025-03-20T00:00:00,5612.402973342589,5630.6210620925885,previous_confirmed_final_slot_and_issued_load_pv_forecast,4905.1198,153.4202,0.0,0.0,0.0,0.0,0.0,791.9499333333334,0.0,0.0,9542.70915182408,8662.764781453709,1.0059,0.995,0.0,0.0,-0.0,0.0,0.0,0.0,1,4792.1903999999995,109.92274,6
2025-03-20,37,2025-03-20T00:00:00,2025-03-20 06:20:00,2025-03-20 06:30:00,2025-03-13 06:30:00,PRICE-LAG7-COMPLETED,nocvar_g0.02,Q2V2-SW2-REC5,A,A,B,2025-03-20T00:00:00,5612.402973342589,5630.6210620925885,previous_confirmed_final_slot_and_issued_load_pv_forecast,4660.8239,401.044,0.0,0.0,0.0,0.0,0.0,709.9633166666667,0.0,0.0,8662.764781453709,7873.916651824079,0.9513,0.8932,0.0,0.0,-0.0,0.0,0.0,0.0,1,4764.9752,319.91222,6
2025-03-20,38,2025-03-20T00:00:00,2025-03-20 06:30:00,2025-03-20 06:40:00,2025-03-13 06:40:00,PRICE-LAG7-COMPLETED,nocvar_g0.02,Q2V2-SW2-REC5,A,A,B,2025-03-20T00:00:00,5612.402973342589,5630.6210620925885,previous_confirmed_final_slot_and_issued_load_pv_forecast,4703.75,675.525,0.0,0.0,0.0,0.0,0.0,671.3708333333333,0.0,0.0,7873.916651824079,7127.949059231487,0.9586,0.9281,0.0,0.0,-0.0,0.0,0.0,0.0,1,4940.16,595.7549999999999,6
2025-03-20,39,2025-03-20T00:00:00,2025-03-20 06:40:00,2025-03-20 06:50:00,2025-03-13 06:50:00,PRICE-LAG7-COMPLETED,nocvar_g0.02,Q2V2-SW2-REC5,A,A,B,2025-03-20T00:00:00,5612.402973342589,5630.6210620925885,previous_confirmed_final_slot_and_issued_load_pv_forecast,4726.9008,952.6316,0.0,0.0,0.0,0.0,0.0,629.0448666666667,0.0,0.0,7127.949059231487,6429.010318490746,0.9084,0.9231,0.0,0.0,-0.0,0.0,0.0,0.0,1,4815.3835500000005,896.42014,6
2025-03-20,40,2025-03-20T00:00:00,2025-03-20 06:50:00,2025-03-20 07:00:00,2025-03-13 07:00:00,PRICE-LAG7-COMPLETED,nocvar_g0.02,Q2V2-SW2-REC5,A,A,B,2025-03-20T00:00:00,5612.402973342589,5630.6210620925885,previous_confirmed_final_slot_and_issued_load_pv_forecast,4819.4733,1302.5378,0.0,0.0,0.0,0.0,0.0,586.1559166666666,0.0,0.0,6429.010318490746,5777.725966638894,0.8617,0.902,0.0,0.0,-0.0,0.0,0.0,0.0,1,4808.0581,1204.0835000000002,6
2025-03-20,41,2025-03-20T00:00:00,2025-03-20 07:00:00,2025-03-20 07:10:00,2025-03-13 07:10:00,PRICE-LAG7-COMPLETED,nocvar_g0.02,Q2V2-SW2-REC5,A,A,B,2025-03-20T00:00:00,5612.402973342589,5630.6210620925885,previous_confirmed_final_slot_and_issued_load_pv_forecast,4880.33,1693.2375,0.0,0.0,0.0,0.0,0.0,531.1820833333334,0.0,0.0,5777.725966638894,5187.523651824079,0.8496,0.8707,0.0,0.0,-0.0,0.0,0.0,0.0,1,4968.92,1509.7199999999998,6
2025-03-20,42,2025-03-20T00:00:00,2025-03-20 07:10:00,2025-03-20 07:20:00,2025-03-13 07:20:00,PRICE-LAG7-COMPLETED,nocvar_g0.02,Q2V2-SW2-REC5,A,A,B,2025-03-20T00:00:00,5612.402973342589,5630.6210620925885,previous_confirmed_final_slot_and_issued_load_pv_forecast,4689.3761,2009.9231,332.85711253333324,332.85711253333324,0.0,0.0,0.0,113.71838746666685,0.0,0.0,5187.523651824079,5061.169887972227,0.8373,0.7992,266.0194043366399,0.0,-0.0,0.0,266.0194043366399,266.0194043366399,1,4904.8430499999995,1808.00484,6
2025-03-20,43,2025-03-20T00:00:00,2025-03-20 07:20:00,2025-03-20 07:30:00,2025-03-13 07:30:00,PRICE-LAG7-COMPLETED,nocvar_g0.02,Q2V2-SW2-REC5,A,A,B,2025-03-20T00:00:00,5612.402973342589,5630.6210620925885,previous_confirmed_final_slot_and_issued_load_pv_forecast,4713.3646,2305.9149,408.3954816666666,408.3954816666666,0.0,0.0,7.15386500000011,0.0,0.0,0.0,5061.169887972227,5067.608366472227,0.8344,0.7957,324.9602847621666,0.0,-0.0,0.0,324.9602847621666,324.9602847621666,1,4855.929050000001,2097.0964200000003,6
2025-03-20,44,2025-03-20T00:00:00,2025-03-20 07:30:00,2025-03-20 07:40:00,2025-03-13 07:40:00,PRICE-LAG7-COMPLETED,nocvar_g0.02,Q2V2-SW2-REC5,A,A,B,2025-03-20T00:00:00,5612.402973342589,5630.6210620925885,previous_confirmed_final_slot_and_issued_load_pv_forecast,4827.2,2609.7375,360.8133333333335,360.8133333333335,0.0,0.0,0.0,8.763749999999845,0.0,0.0,5067.608366472227,5057.870866472227,0.7859,0.8046,290.3104080000001,0.0,-0.0,0.0,290.3104080000001,290.3104080000001,1,4802.59,2378.6699999999996,6
2025-03-20,45,2025-03-20T00:00:00,2025-03-20 07:40:00,2025-03-20 07:50:00,2025-03-13 07:50:00,PRICE-LAG7-COMPLETED,nocvar_g0.02,Q2V2-SW2-REC5,A,A,B,2025-03-20T00:00:00,5612.402973342589,5630.6210620925885,previous_confirmed_final_slot_and_issued_load_pv_forecast,4578.156,2894.0148,1095.1853783333331,1095.1853783333331,0.0,0.0,814.495178333333,0.0,0.0,0.0,5057.870866472227,5790.916526972227,0.669,0.7001,766.7392833711665,0.0,-0.0,0.0,766.7392833711665,766.7392833711665,1,4628.49005,2663.07168,6
2025-03-20,46,2025-03-20T00:00:00,2025-03-20 07:50:00,2025-03-20 08:00:00,2025-03-13 08:00:00,PRICE-LAG7-COMPLETED,nocvar_g0.02,Q2V2-SW2-REC5,A,A,B,2025-03-20T00:00:00,5612.402973342589,5630.6210620925885,previous_confirmed_final_slot_and_issued_load_pv_forecast,5187.0368,3179.5684,0.0,0.0,0.0,0.0,0.0,334.5780666666667,0.0,0.0,5790.916526972227,5419.16311956482,0.8694,0.8467,0.0,0.0,-0.0,0.0,0.0,0.0,1,5441.72675,2982.1271800000004,6
2025-03-20,47,2025-03-20T00:00:00,2025-03-20 08:00:00,2025-03-20 08:10:00,2025-03-13 08:10:00,PRICE-LAG7-COMPLETED,nocvar_g0.02,Q2V2-SW2-REC5,A,A,B,2025-03-20T00:00:00,5612.402973342589,5630.6210620925885,previous_confirmed_final_slot_and_issued_load_pv_forecast,6405.59,3476.5125,0.0,0.0,0.0,0.0,0.0,488.1795833333334,0.0,0.0,5419.16311956482,4876.74136030556,1.2449,1.1788,0.0,0.0,-0.0,0.0,0.0,0.0,1,6676.55,3316.2825,6
2025-03-20,48,2025-03-20T00:00:00,2025-03-20 08:10:00,2025-03-20 08:20:00,2025-03-13 08:20:00,PRICE-LAG7-COMPLETED,nocvar_g0.02,Q2V2-SW2-REC5,A,A,B,2025-03-20T00:00:00,5612.402973342589,5630.6210620925885,previous_confirmed_final_slot_and_issued_load_pv_forecast,6658.0486,3761.2255,0.0,0.0,0.0,0.0,0.0,482.8038499999999,0.0,0.0,4876.74136030556,4340.292638083338,1.2351,1.2356,0.0,0.0,-0.0,0.0,0.0,0.0,1,6560.835300000001,3614.20748,6
2025-03-20,49,2025-03-20T00:00:00,2025-03-20 08:20:00,2025-03-20 08:30:00,2025-03-13 08:30:00,PRICE-LAG7-COMPLETED,nocvar_g0.02,Q2V2-SW2-REC5,A,A,B,2025-03-20T00:00:00,5612.402973342589,5630.6210620925885,previous_confirmed_final_slot_and_issued_load_pv_forecast,6606.6001,3976.3717,0.0,0.0,0.0,0.0,0.0,438.3713999999999,0.0,0.0,4340.292638083338,3853.2133047500047,1.1203,1.1876,0.0,0.0,-0.0,0.0,0.0,0.0,1,6366.7703,3921.6970800000004,6
2025-03-20,50,2025-03-20T00:00:00,2025-03-20 08:30:00,2025-03-20 08:40:00,2025-03-13 08:40:00,PRICE-LAG7-COMPLETED,nocvar_g0.02,Q2V2-SW2-REC5,A,A,B,2025-03-20T00:00:00,5612.402973342589,5630.6210620925885,previous_confirmed_final_slot_and_issued_load_pv_forecast,6687.27,4220.325,0.0,0.0,0.0,0.0,0.0,411.15750000000014,0.0,0.0,3853.2133047500047,3396.371638083338,1.1042,1.1569,0.0,0.0,-0.0,0.0,0.0,0.0,1,6586.87,4249.14,6
2025-03-20,51,2025-03-20T00:00:00,2025-03-20 08:40:00,2025-03-20 08:50:00,2025-03-13 08:50:00,PRICE-LAG7-COMPLETED,nocvar_g0.02,Q2V2-SW2-REC5,A,A,B,2025-03-20T00:00:00,5612.402973342589,5630.6210620925885,previous_confirmed_final_slot_and_issued_load_pv_forecast,6649.776,4653.7429,0.0,0.0,0.0,0.0,0.0,332.6721833333331,0.0,0.0,3396.371638083338,3026.735878824079,1.1076,1.0869,0.0,0.0,-0.0,0.0,0.0,0.0,1,6473.592699999999,4561.221240000001,6
2025-03-20,52,2025-03-20T00:00:00,2025-03-20 08:50:00,2025-03-20 09:00:00,2025-03-13 09:00:00,PRICE-LAG7-COMPLETED,nocvar_g0.02,Q2V2-SW2-REC5,A,A,B,2025-03-20T00:00:00,5612.402973342589,5630.6210620925885,previous_confirmed_final_slot_and_issued_load_pv_forecast,6705.5335,5037.5027,0.0,0.0,0.0,0.0,0.0,278.00513333333333,0.0,0.0,3026.735878824079,2717.8412862314863,1.0956,1.0527,0.0,0.0,-0.0,0.0,0.0,0.0,1,6533.0942,4879.537579999999,6
2025-03-20,53,2025-03-20T00:00:00,2025-03-20 09:00:00,2025-03-20 09:10:00,2025-03-13 09:10:00,PRICE-LAG7-COMPLETED,nocvar_g0.02,Q2V2-SW2-REC5,A,A,B,2025-03-20T00:00:00,5612.402973342589,5630.6210620925885,previous_confirmed_final_slot_and_issued_load_pv_forecast,6757.81,5180.8875,0.0,0.0,0.0,0.0,0.0,262.8204166666668,0.0,0.0,2717.8412862314863,2425.818601046301,1.0759,1.068,0.0,0.0,-0.0,0.0,0.0,0.0,1,6775.97,5206.0575,6
2025-03-20,54,2025-03-20T00:00:00,2025-03-20 09:10:00,2025-03-20 09:20:00,2025-03-13 09:20:00,PRICE-LAG7-COMPLETED,nocvar_g0.02,Q2V2-SW2-REC5,A,A,B,2025-03-20T00:00:00,5612.402973342589,5630.6210620925885,previous_confirmed_final_slot_and_issued_load_pv_forecast,6494.2004,5166.4978,0.0,0.0,0.0,0.0,0.0,221.28376666666668,0.0,0.0,2425.818601046301,2179.947749194449,1.0742,1.0672,0.0,0.0,-0.0,0.0,0.0,0.0,1,6628.3754,5521.59076,6
2025-03-20,55,2025-03-20T00:00:00,2025-03-20 09:20:00,2025-03-20 09:30:00,2025-03-13 09:30:00,PRICE-LAG7-COMPLETED,nocvar_g0.02,Q2V2-SW2-REC5,A,A,B,2025-03-20T00:00:00,5612.402973342589,5630.6210620925885,previous_confirmed_final_slot_and_issued_load_pv_forecast,6436.4392,5533.329,0.0,0.0,0.0,0.0,0.0,150.51836666666668,0.0,0.0,2179.947749194449,2012.7051195648194,1.0739,1.0563,0.0,0.0,-0.0,0.0,0.0,0.0,1,6464.7292,5856.1775800000005,6
2025-03-20,56,2025-03-20T00:00:00,2025-03-20 09:30:00,2025-03-20 09:40:00,2025-03-13 09:40:00,PRICE-LAG7-COMPLETED,nocvar_g0.02,Q2V2-SW2-REC5,A,A,B,2025-03-20T00:00:00,5612.402973342589,5630.6210620925885,previous_confirmed_final_slot_and_issued_load_pv_forecast,6570.85,6107.7375,0.0,0.0,0.0,0.0,0.0,77.1854166666667,0.0,0.0,2012.7051195648194,1926.9435454907452,1.0653,1.0344,0.0,0.0,-0.0,0.0,0.0,0.0,1,6482.475,6156.719999999999,6
2025-03-20,57,2025-03-20T00:00:00,2025-03-20 09:40:00,2025-03-20 09:50:00,2025-03-13 09:50:00,PRICE-LAG7-COMPLETED,nocvar_g0.02,Q2V2-SW2-REC5,A,A,B,2025-03-20T00:00:00,5612.402973342589,5630.6210620925885,previous_confirmed_final_slot_and_issued_load_pv_forecast,6399.3635,6182.795,0.0,0.0,0.0,0.0,0.0,36.094750000000204,0.0,0.0,1926.9435454907452,1886.8382677129673,1.0611,0.9937,0.0,0.0,-0.0,0.0,0.0,0.0,1,6498.81025,6319.49342,6
2025-03-20,58,2025-03-20T00:00:00,2025-03-20 09:50:00,2025-03-20 10:00:00,2025-03-13 10:00:00,PRICE-LAG7-COMPLETED,nocvar_g0.02,Q2V2-SW2-REC5,A,A,B,2025-03-20T00:00:00,5612.402973342589,5630.6210620925885,previous_confirmed_final_slot_and_issued_load_pv_forecast,6445.9301,6198.386,0.0,0.0,0.0,0.0,0.0,41.25734999999986,0.0,0.0,1886.8382677129673,1840.9967677129675,1.0887,0.9971,0.0,0.0,-0.0,0.0,0.0,0.0,1,6501.314050000001,6419.56874,6
2025-03-20,59,2025-03-20T00:00:00,2025-03-20 10:00:00,2025-03-20 10:10:00,2025-03-13 10:10:00,PRICE-LAG7-COMPLETED,nocvar_g0.02,Q2V2-SW2-REC5,A,A,B,2025-03-20T00:00:00,5612.402973342589,5630.6210620925885,previous_confirmed_final_slot_and_issued_load_pv_forecast,6697.43,6426.1875,0.0,0.0,0.0,0.0,0.0,45.20708333333323,0.0,0.0,1840.9967677129675,1790.766675120375,1.1262,1.0131,0.0,0.0,-0.0,0.0,0.0,0.0,1,6499.49,6532.32,6
2025-03-20,60,2025-03-20T00:00:00,2025-03-20 10:10:00,2025-03-20 10:20:00,2025-03-13 10:20:00,PRICE-LAG7-COMPLETED,nocvar_g0.02,Q2V2-SW2-REC5,A,A,B,2025-03-20T00:00:00,5612.402973342589,5630.6210620925885,previous_confirmed_final_slot_and_issued_load_pv_forecast,6577.9956,6675.2481,0.0,0.0,0.0,0.0,16.20875000000001,0.0,0.0,0.0,1790.766675120375,1805.354550120375,1.1163,0.948,0.0,0.0,-0.0,0.0,0.0,0.0,1,6482.913049999999,6670.958540000001,6
2025-03-20,61,2025-03-20T00:00:00,2025-03-20 10:20:00,2025-03-20 10:30:00,2025-03-13 10:30:00,PRICE-LAG7-COMPLETED,nocvar_g0.02,Q2V2-SW2-REC5,A,A,B,2025-03-20T00:00:00,5612.402973342589,5630.6210620925885,previous_confirmed_final_slot_and_issued_load_pv_forecast,6445.2772,6774.004,0.0,0.0,0.0,0.0,54.787799999999834,0.0,0.0,0.0,1805.354550120375,1854.663570120375,1.0706,0.9058,0.0,0.0,-0.0,0.0,0.0,0.0,1,6461.309450000001,6783.80334,6
2025-03-20,62,2025-03-20T00:00:00,2025-03-20 10:30:00,2025-03-20 10:40:00,2025-03-13 10:40:00,PRICE-LAG7-COMPLETED,nocvar_g0.02,Q2V2-SW2-REC5,A,A,B,2025-03-20T00:00:00,5612.402973342589,5630.6210620925885,previous_confirmed_final_slot_and_issued_load_pv_forecast,6473.61,6879.075,0.0,0.0,0.0,0.0,67.57749999999987,0.0,0.0,0.0,1854.663570120375,1915.4833201203749,1.0455,0.9279,0.0,0.0,-0.0,0.0,0.0,0.0,1,6417.495,6848.1224999999995,6
2025-03-20,63,2025-03-20T00:00:00,2025-03-20 10:40:00,2025-03-20 10:50:00,2025-03-13 10:50:00,PRICE-LAG7-COMPLETED,nocvar_g0.02,Q2V2-SW2-REC5,A,A,B,2025-03-20T00:00:00,5612.402973342589,5630.6210620925885,previous_confirmed_final_slot_and_issued_load_pv_forecast,6454.2353,7268.5137,0.0,0.0,0.0,0.0,135.7130666666667,0.0,0.0,0.0,1915.4833201203749,2037.6250801203748,1.0575,0.927,0.0,0.0,-0.0,0.0,0.0,0.0,1,6337.7657500000005,6915.723739999999,6
2025-03-20,64,2025-03-20T00:00:00,2025-03-20 10:50:00,2025-03-20 11:00:00,2025-03-13 11:00:00,PRICE-LAG7-COMPLETED,nocvar_g0.02,Q2V2-SW2-REC5,A,A,B,2025-03-20T00:00:00,5612.402973342589,5630.6210620925885,previous_confirmed_final_slot_and_issued_load_pv_forecast,6352.336,7455.3554,0.0,0.0,0.0,0.0,183.83656666666684,0.0,0.0,0.0,2037.6250801203748,2203.077990120375,0.8752,0.7628,0.0,0.0,-0.0,0.0,0.0,0.0,1,6344.38145,7145.51662,6
2025-03-20,65,2025-03-20T00:00:00,2025-03-20 11:00:00,2025-03-20 11:10:00,2025-03-13 11:10:00,PRICE-LAG7-COMPLETED,nocvar_g0.02,Q2V2-SW2-REC5,A,A,B,2025-03-20T00:00:00,5612.402973342589,5630.6210620925885,previous_confirmed_final_slot_and_issued_load_pv_forecast,6279.9,7263.0,575.8995833333338,575.8995833333338,0.0,0.0,739.7495833333339,0.0,0.0,0.0,2203.077990120375,2868.8526151203755,0.6182,0.544,313.28937333333363,0.0,-0.0,0.0,313.28937333333363,313.28937333333363,1,6437.825000000001,7441.3875,6
2025-03-20,66,2025-03-20T00:00:00,2025-03-20 11:10:00,2025-03-20 11:20:00,2025-03-13 11:20:00,PRICE-LAG7-COMPLETED,nocvar_g0.02,Q2V2-SW2-REC5,A,A,B,2025-03-20T00:00:00,5612.402973342589,5630.6210620925885,previous_confirmed_final_slot_and_issued_load_pv_forecast,6362.0436,7021.6679,0.0,0.0,0.0,0.0,109.9373833333334,0.0,0.0,0.0,2868.8526151203755,2967.7962601203753,0.6517,0.5346,0.0,0.0,-0.0,0.0,0.0,0.0,1,6479.64105,7551.13122,6
2025-03-20,67,2025-03-20T00:00:00,2025-03-20 11:20:00,2025-03-20 11:30:00,2025-03-13 11:30:00,PRICE-LAG7-COMPLETED,nocvar_g0.02,Q2V2-SW2-REC5,A,A,B,2025-03-20T00:00:00,5612.402973342589,5630.6210620925885,previous_confirmed_final_slot_and_issued_load_pv_forecast,6393.8373,7052.8842,0.0,0.0,0.0,0.0,109.8411500000002,0.0,0.0,0.0,2967.7962601203753,3066.6532951203753,0.6906,0.5872,0.0,0.0,-0.0,0.0,0.0,0.0,1,6407.2353,7706.37742,6
2025-03-20,68,2025-03-20T00:00:00,2025-03-20 11:30:00,2025-03-20 11:40:00,2025-03-13 11:40:00,PRICE-LAG7-COMPLETED,nocvar_g0.02,Q2V2-SW2-REC5,A,A,B,2025-03-20T00:00:00,5612.402973342589,5630.6210620925885,previous_confirmed_final_slot_and_issued_load_pv_forecast,6360.1,7317.5625,376.34213884773294,376.34213884773294,0.0,0.0,535.9192221810663,0.0,0.0,0.0,3066.6532951203753,3548.980595083335,0.6264,0.577,217.1494141151419,0.0,-0.0,0.0,217.1494141151419,217.1494141151419,1,6340.81,7875.360000000001,6
2025-03-20,69,2025-03-20T00:00:00,2025-03-20 11:40:00,2025-03-20 11:50:00,2025-03-13 11:50:00,PRICE-LAG7-COMPLETED,nocvar_g0.02,Q2V2-SW2-REC5,A,A,B,2025-03-20T00:00:00,5612.402973342589,5630.6210620925885,previous_confirmed_final_slot_and_issued_load_pv_forecast,6424.0276,7505.6333,0.0,0.0,0.0,0.0,180.26761666666653,0.0,0.0,0.0,3548.980595083335,3711.221450083335,0.6302,0.5241,0.0,0.0,-0.0,0.0,0.0,0.0,1,6428.7269,7773.25376,6
2025-03-20,70,2025-03-20T00:00:00,2025-03-20 11:50:00,2025-03-20 12:00:00,2025-03-13 12:00:00,PRICE-LAG7-COMPLETED,nocvar_g0.02,Q2V2-SW2-REC5,A,A,B,2025-03-20T00:00:00,5612.402973342589,5630.6210620925885,previous_confirmed_final_slot_and_issued_load_pv_forecast,6379.6216,7635.0323,540.629795895188,540.629795895188,0.0,0.0,749.8649125618545,0.0,0.0,0.0,3711.221450083335,4386.099871389004,0.617,0.5111,276.31588868203056,0.0,-0.0,0.0,276.31588868203056,276.31588868203056,1,6307.3771,7642.998320000001,6
2025-03-20,71,2025-03-20T00:00:00,2025-03-20 12:00:00,2025-03-20 12:10:00,2025-03-13 12:10:00,PRICE-LAG7-COMPLETED,nocvar_g0.02,Q2V2-SW2-REC5,A,A,B,2025-03-20T00:00:00,5612.402973342589,5630.6210620925885,previous_confirmed_final_slot_and_issued_load_pv_forecast,6168.32,7818.45,510.53958333333344,583.670510416667,73.13092708333352,0.0,833.3333333333334,0.0,0.0,25.35884375000012,4386.099871389004,5136.099871389004,0.5693,0.5158,263.3363170833334,56.58139828437515,-0.0,0.0,319.9177153677086,319.9177153677086,1,6026.0650000000005,7641.195,12
2025-03-20,72,2025-03-20T00:00:00,2025-03-20 12:10:00,2025-03-20 12:20:00,2025-03-13 12:20:00,PRICE-LAG7-COMPLETED,nocvar_g0.02,Q2V2-SW2-REC5,A,A,B,2025-03-20T00:00:00,5612.402973342589,5630.6210620925885,previous_confirmed_final_slot_and_issued_load_pv_forecast,5958.8116,8082.9395,449.2515500000004,577.7835644444446,128.53201444444414,0.0,833.3333333333334,0.0,0.0,98.4715477777778,5136.099871389004,5886.099871389004,0.5736,0.4519,203.0167754450002,87.12542599116647,-0.0,0.0,290.14220143616666,290.14220143616666,1,6015.747600000001,7712.850779999999,12
2025-03-20,73,2025-03-20T00:00:00,2025-03-20 12:20:00,2025-03-20 12:30:00,2025-03-13 12:30:00,PRICE-LAG7-COMPLETED,nocvar_g0.02,Q2V2-SW2-REC5,A,A,B,2025-03-20T00:00:00,5612.402973342589,5630.6210620925885,previous_confirmed_final_slot_and_issued_load_pv_forecast,5855.2299,8090.5707,448.94297333333316,579.2233177777779,130.28034444444472,0.0,833.3333333333334,0.0,0.0,118.44678444444446,5886.099871389004,6636.099871389004,0.5913,0.4435,199.10620867333327,86.66899914166686,-0.0,0.0,285.77520781500016,285.77520781500016,1,6072.3069,7839.877840000001,12
2025-03-20,74,2025-03-20T00:00:00,2025-03-20 12:30:00,2025-03-20 12:40:00,2025-03-13 12:40:00,PRICE-LAG7-COMPLETED,nocvar_g0.02,Q2V2-SW2-REC5,A,A,B,2025-03-20T00:00:00,5612.402973342589,5630.6210620925885,previous_confirmed_final_slot_and_issued_load_pv_forecast,5883.66,7709.3625,504.4941666666666,581.1013345833333,76.60716791666664,0.0,833.3333333333334,0.0,0.0,52.05175124999994,6636.099871389004,7386.099871389004,0.5669,0.4915,247.95888291666662,56.478634546562475,-0.0,0.0,304.4375174632291,304.4375174632291,1,6033.094999999999,7859.639999999999,12
2025-03-20,75,2025-03-20T00:00:00,2025-03-20 12:40:00,2025-03-20 12:50:00,2025-03-13 12:50:00,PRICE-LAG7-COMPLETED,nocvar_g0.02,Q2V2-SW2-REC5,A,A,B,2025-03-20T00:00:00,5612.402973342589,5630.6210620925885,previous_confirmed_final_slot_and_issued_load_pv_forecast,6006.2794,7205.256,498.4278800000002,574.9192193055558,76.49133930555558,0.0,774.7486526388891,0.0,0.0,0.0,7386.099871389004,8083.373658764004,0.5229,0.4972,247.81834193600008,57.047240854083356,-0.0,0.0,304.8655827900834,304.8655827900834,1,5963.261,7594.344959999999,12
2025-03-20,76,2025-03-20T00:00:00,2025-03-20 12:50:00,2025-03-20 13:00:00,2025-03-13 13:00:00,PRICE-LAG7-COMPLETED,nocvar_g0.02,Q2V2-SW2-REC5,A,A,B,2025-03-20T00:00:00,5612.402973342589,5630.6210620925885,previous_confirmed_final_slot_and_issued_load_pv_forecast,6168.3548,7206.9442,0.0,447.41731475981976,447.41731475981976,0.0,620.515548093153,0.0,0.0,0.0,8083.373658764004,8641.837652047841,0.7128,0.6604,0.0,443.2115920010774,-0.0,0.0,443.2115920010774,443.2115920010774,1,6007.9123,7412.68432,12
2025-03-20,77,2025-03-20T00:00:00,2025-03-20 13:00:00,2025-03-20 13:10:00,2025-03-13 13:10:00,PRICE-LAG7-COMPLETED,nocvar_g0.02,Q2V2-SW2-REC5,A,A,B,2025-03-20T00:00:00,5612.402973342589,5630.6210620925885,previous_confirmed_final_slot_and_issued_load_pv_forecast,6351.38,7525.8,0.0,0.0,0.0,0.0,195.73666666666668,0.0,0.0,0.0,8641.837652047841,8818.000652047842,1.0018,0.9001,0.0,0.0,-0.0,0.0,0.0,0.0,1,6183.825000000001,7417.342500000001,12
2025-03-20,78,2025-03-20T00:00:00,2025-03-20 13:10:00,2025-03-20 13:20:00,2025-03-13 13:20:00,PRICE-LAG7-COMPLETED,nocvar_g0.02,Q2V2-SW2-REC5,A,A,B,2025-03-20T00:00:00,5612.402973342589,5630.6210620925885,previous_confirmed_final_slot_and_issued_load_pv_forecast,6510.6216,7339.075,0.0,0.0,0.0,0.0,138.07556666666665,0.0,0.0,0.0,8818.000652047842,8942.268662047842,0.9837,0.9125,0.0,0.0,-0.0,0.0,0.0,0.0,1,6351.06675,7360.14572,12
2025-03-20,79,2025-03-20T00:00:00,2025-03-20 13:20:00,2025-03-20 13:30:00,2025-03-13 13:30:00,PRICE-LAG7-COMPLETED,nocvar_g0.02,Q2V2-SW2-REC5,A,A,B,2025-03-20T00:00:00,5612.402973342589,5630.6210620925885,previous_confirmed_final_slot_and_issued_load_pv_forecast,6358.8315,6900.6338,0.0,0.0,0.0,0.0,90.30038333333323,0.0,0.0,0.0,8942.268662047842,9023.539007047842,0.9339,0.919,0.0,0.0,-0.0,0.0,0.0,0.0,1,6340.0158,7209.738759999998,12
2025-03-20,80,2025-03-20T00:00:00,2025-03-20 13:30:00,2025-03-20 13:40:00,2025-03-13 13:40:00,PRICE-LAG7-COMPLETED,nocvar_g0.02,Q2V2-SW2-REC5,A,A,B,2025-03-20T00:00:00,5612.402973342589,5630.6210620925885,previous_confirmed_final_slot_and_issued_load_pv_forecast,6039.3,6610.0125,0.0,0.0,0.0,0.0,95.11874999999986,0.0,0.0,0.0,9023.539007047842,9109.145882047842,0.9852,0.9817,0.0,0.0,-0.0,0.0,0.0,0.0,1,6269.33,7058.76,12
2025-03-20,81,2025-03-20T00:00:00,2025-03-20 13:40:00,2025-03-20 13:50:00,2025-03-13 13:50:00,PRICE-LAG7-COMPLETED,nocvar_g0.02,Q2V2-SW2-REC5,A,A,B,2025-03-20T00:00:00,5612.402973342589,5630.6210620925885,previous_confirmed_final_slot_and_issued_load_pv_forecast,6028.9848,6642.1795,0.0,0.0,0.0,0.0,102.19911666666667,0.0,0.0,0.0,9109.145882047842,9201.125087047842,0.9918,0.9361,0.0,0.0,-0.0,0.0,0.0,0.0,1,6388.6355,6995.675719999999,12
2025-03-20,82,2025-03-20T00:00:00,2025-03-20 13:50:00,2025-03-20 14:00:00,2025-03-13 14:00:00,PRICE-LAG7-COMPLETED,nocvar_g0.02,Q2V2-SW2-REC5,A,A,B,2025-03-20T00:00:00,5612.402973342589,5630.6210620925885,previous_confirmed_final_slot_and_issued_load_pv_forecast,6177.7813,6806.5377,0.0,0.0,0.0,0.0,104.79273333333344,0.0,0.0,0.0,9201.125087047842,9295.438547047841,0.9685,0.8829,0.0,0.0,-0.0,0.0,0.0,0.0,1,6321.59595,6840.236360000001,12
2025-03-20,83,2025-03-20T00:00:00,2025-03-20 14:00:00,2025-03-20 14:10:00,2025-03-13 14:10:00,PRICE-LAG7-COMPLETED,nocvar_g0.02,Q2V2-SW2-REC5,A,A,B,2025-03-20T00:00:00,5612.402973342589,5630.6210620925885,previous_confirmed_final_slot_and_issued_load_pv_forecast,6280.02,6799.95,0.0,0.0,0.0,0.0,86.65499999999975,0.0,0.0,0.0,9295.438547047841,9373.42804704784,0.9668,0.8924,0.0,0.0,-0.0,0.0,0.0,0.0,1,6136.205,6557.1075,12
2025-03-20,84,2025-03-20T00:00:00,2025-03-20 14:10:00,2025-03-20 14:20:00,2025-03-13 14:20:00,PRICE-LAG7-COMPLETED,nocvar_g0.02,Q2V2-SW2-REC5,A,A,B,2025-03-20T00:00:00,5612.402973342589,5630.6210620925885,previous_confirmed_final_slot_and_issued_load_pv_forecast,6283.4823,6453.6137,0.0,0.0,0.0,0.0,28.355233333333217,0.0,0.0,0.0,9373.42804704784,9398.947757047841,1.0039,0.9351,0.0,0.0,-0.0,0.0,0.0,0.0,1,6274.8628499999995,6293.8077,12
2025-03-20,85,2025-03-20T00:00:00,2025-03-20 14:20:00,2025-03-20 14:30:00,2025-03-13 14:30:00,PRICE-LAG7-COMPLETED,nocvar_g0.02,Q2V2-SW2-REC5,A,A,B,2025-03-20T00:00:00,5612.402973342589,5630.6210620925885,previous_confirmed_final_slot_and_issued_load_pv_forecast,6314.912,6203.5886,0.0,0.0,0.0,0.0,0.0,18.553900000000112,0.0,0.0,9398.947757047841,9378.332312603397,0.994,0.9817,0.0,0.0,-0.0,0.0,0.0,0.0,1,6289.97585,6077.8125,12
2025-03-20,86,2025-03-20T00:00:00,2025-03-20 14:30:00,2025-03-20 14:40:00,2025-03-13 14:40:00,PRICE-LAG7-COMPLETED,nocvar_g0.02,Q2V2-SW2-REC5,A,A,B,2025-03-20T00:00:00,5612.402973342589,5630.6210620925885,previous_confirmed_final_slot_and_issued_load_pv_forecast,6352.79,6115.6875,0.0,0.0,0.0,0.0,0.0,39.517083333333176,0.0,0.0,9378.332312603397,9334.424442233027,0.9803,1.0267,0.0,0.0,-0.0,0.0,0.0,0.0,1,6155.27,5899.5824999999995,12
2025-03-20,87,2025-03-20T00:00:00,2025-03-20 14:40:00,2025-03-20 14:50:00,2025-03-13 14:50:00,PRICE-LAG7-COMPLETED,nocvar_g0.02,Q2V2-SW2-REC5,A,A,B,2025-03-20T00:00:00,5612.402973342589,5630.6210620925885,previous_confirmed_final_slot_and_issued_load_pv_forecast,6259.4213,5837.6616,0.0,0.0,0.0,0.0,0.0,70.29328333333319,0.0,0.0,9334.424442233027,9256.320794084879,1.0568,1.0547,0.0,0.0,-0.0,0.0,0.0,0.0,1,6296.8351,5731.6975999999995,12
2025-03-20,88,2025-03-20T00:00:00,2025-03-20 14:50:00,2025-03-20 15:00:00,2025-03-13 15:00:00,PRICE-LAG7-COMPLETED,nocvar_g0.02,Q2V2-SW2-REC5,A,A,B,2025-03-20T00:00:00,5612.402973342589,5630.6210620925885,previous_confirmed_final_slot_and_issued_load_pv_forecast,6190.1146,5431.9635,0.0,0.0,0.0,0.0,0.0,126.35851666666656,0.0,0.0,9256.320794084879,9115.922442233026,0.9218,0.9267,0.0,0.0,-0.0,0.0,0.0,0.0,1,6367.21615,5499.09344,12
2025-03-20,89,2025-03-20T00:00:00,2025-03-20 15:00:00,2025-03-20 15:10:00,2025-03-13 15:10:00,PRICE-LAG7-COMPLETED,nocvar_g0.02,Q2V2-SW2-REC5,A,A,B,2025-03-20T00:00:00,5612.402973342589,5630.6210620925885,previous_confirmed_final_slot_and_issued_load_pv_forecast,6156.64,5072.775,637.3368167283953,1043.6394089583332,406.3025922299379,0.0,833.3333333333334,0.0,0.0,29.66190895833313,9115.922442233026,9865.922442233026,0.668,0.7137,454.8672860990557,434.96724011175996,-0.0,0.0,889.8345262108157,889.8345262108157,1,6246.635,5233.485,12
2025-03-20,90,2025-03-20T00:00:00,2025-03-20 15:10:00,2025-03-20 15:20:00,2025-03-13 15:20:00,PRICE-LAG7-COMPLETED,nocvar_g0.02,Q2V2-SW2-REC5,A,A,B,2025-03-20T00:00:00,5612.402973342589,5630.6210620925885,previous_confirmed_final_slot_and_issued_load_pv_forecast,6039.3659,4855.4545,206.18247333333318,1078.2342362500003,872.0517629166671,0.0,833.3333333333334,0.0,0.0,47.58233625000014,9865.922442233026,10615.922442233026,0.7085,0.6525,134.53406384999988,853.520662954688,-0.0,0.0,988.0547268046878,988.0547268046878,1,6176.6682,5033.83224,12
2025-03-20,91,2025-03-20T00:00:00,2025-03-20 15:20:00,2025-03-20 15:30:00,2025-03-13 15:30:00,PRICE-LAG7-COMPLETED,nocvar_g0.02,Q2V2-SW2-REC5,A,A,B,2025-03-20T00:00:00,5612.402973342589,5630.6210620925885,previous_confirmed_final_slot_and_issued_load_pv_forecast,6054.6789,4561.8383,248.23444000000006,295.2380383333334,47.00359833333334,0.0,46.43127166666682,0.0,0.0,0.0,10615.922442233026,10657.710586733027,0.775,0.6799,168.77459575600002,47.936619760250004,-0.0,0.0,216.71121551625004,216.71121551625004,1,6136.06195,4797.8738,12
2025-03-20,92,2025-03-20T00:00:00,2025-03-20 15:30:00,2025-03-20 15:40:00,2025-03-13 15:40:00,PRICE-LAG7-COMPLETED,nocvar_g0.02,Q2V2-SW2-REC5,A,A,B,2025-03-20T00:00:00,5612.402973342589,5630.6210620925885,previous_confirmed_final_slot_and_issued_load_pv_forecast,6187.68,4146.825,344.37208333333365,350.8596372916667,6.487553958333024,0.0,10.717137291666631,0.0,0.0,0.0,10657.710586733027,10667.356010295527,0.7636,0.7301,251.4260580416669,7.10484471746841,-0.0,0.0,258.5309027591353,258.5309027591353,1,6137.6900000000005,4470.8324999999995,12
2025-03-20,93,2025-03-20T00:00:00,2025-03-20 15:40:00,2025-03-20 15:50:00,2025-03-13 15:50:00,PRICE-LAG7-COMPLETED,nocvar_g0.02,Q2V2-SW2-REC5,A,A,B,2025-03-20T00:00:00,5612.402973342589,5630.6210620925885,previous_confirmed_final_slot_and_issued_load_pv_forecast,6195.3721,3778.6785,346.89116833333344,415.60042541666684,68.7092570833334,0.0,12.818158750000293,0.0,0.0,0.0,10667.356010295527,10678.892353170528,0.8314,0.805,279.2473905083334,82.96642792812509,-0.0,0.0,362.2138184364585,362.2138184364585,1,6225.56915,4106.85414,12
2025-03-20,94,2025-03-20T00:00:00,2025-03-20 15:50:00,2025-03-20 16:00:00,2025-03-13 16:00:00,PRICE-LAG7-COMPLETED,nocvar_g0.02,Q2V2-SW2-REC5,A,A,B,2025-03-20T00:00:00,5612.402973342589,5630.6210620925885,previous_confirmed_final_slot_and_issued_load_pv_forecast,6186.1376,3471.4229,398.2452083333335,458.6230811111114,60.377872777777895,0.0,6.170631111111561,0.0,0.0,0.0,10678.892353170528,10684.445921170529,0.8272,0.8788,349.9778890833335,79.59011189566682,-0.0,0.0,429.5680009790003,429.5680009790003,1,6166.0632000000005,3794.47426,12
2025-03-20,95,2025-03-20T00:00:00,2025-03-20 16:00:00,2025-03-20 16:10:00,2025-03-13 16:10:00,PRICE-LAG7-COMPLETED,nocvar_g0.02,Q2V2-SW2-REC5,A,A,B,2025-03-20T00:00:00,5612.402973342589,5630.6210620925885,previous_confirmed_final_slot_and_issued_load_pv_forecast,6200.17,3156.225,515.551815843621,515.551815843621,0.0,0.0,8.227649176954174,0.0,0.0,0.0,10684.445921170529,10691.850805429787,0.7665,0.9089,468.5850454202671,0.0,-0.0,0.0,468.5850454202671,468.5850454202671,1,6017.57,3517.5975,12
2025-03-20,96,2025-03-20T00:00:00,2025-03-20 16:10:00,2025-03-20 16:20:00,2025-03-13 16:20:00,PRICE-LAG7-COMPLETED,nocvar_g0.02,Q2V2-SW2-REC5,A,A,B,2025-03-20T00:00:00,5612.402973342589,5630.6210620925885,previous_confirmed_final_slot_and_issued_load_pv_forecast,6153.3743,2779.805,522.8246549999998,544.0320145833333,21.207359583333528,0.0,0.0,18.22953541666675,0.0,0.0,10691.850805429787,10671.595766077935,0.8333,0.8767,458.36037503849985,27.888738220062756,-0.0,0.0,486.2491132585626,486.2491132585626,1,6075.00255,3179.2194,12
2025-03-20,97,2025-03-20T00:00:00,2025-03-20 16:20:00,2025-03-20 16:30:00,2025-03-13 16:30:00,PRICE-LAG7-COMPLETED,nocvar_g0.02,Q2V2-SW2-REC5,A,A,B,2025-03-20T00:00:00,5612.402973342589,5630.6210620925885,previous_confirmed_final_slot_and_issued_load_pv_forecast,6101.7592,2507.3559,542.1014949999999,608.3139225694445,66.21242756944457,0.0,9.246705902777762,0.0,0.0,0.0,10671.595766077935,10679.917801390435,0.9029,0.8888,481.81980875599993,88.27440843558351,-0.0,0.0,570.0942171915834,570.0942171915834,1,6138.9686,2806.3346800000004,12
2025-03-20,98,2025-03-20T00:00:00,2025-03-20 16:30:00,2025-03-20 16:40:00,2025-03-13 16:40:00,PRICE-LAG7-COMPLETED,nocvar_g0.02,Q2V2-SW2-REC5,A,A,B,2025-03-20T00:00:00,5612.402973342589,5630.6210620925885,previous_confirmed_final_slot_and_issued_load_pv_forecast,6118.95,2334.4125,627.8683333333331,666.7045991666664,38.8362658333333,0.0,35.94834916666639,0.0,0.0,0.0,10679.917801390435,10712.271315640435,0.9329,0.9441,592.7704934999998,54.99797785987495,-0.0,0.0,647.7684713598748,647.7684713598748,1,6110.375,2437.185,12
2025-03-20,99,2025-03-20T00:00:00,2025-03-20 16:40:00,2025-03-20 16:50:00,2025-03-13 16:50:00,PRICE-LAG7-COMPLETED,nocvar_g0.02,Q2V2-SW2-REC5,A,A,B,2025-03-20T00:00:00,5612.402973342589,5630.6210620925885,previous_confirmed_final_slot_and_issued_load_pv_forecast,6209.4949,2077.0816,649.8133133333332,708.465667847222,58.65235451388878,0.0,19.730117847222118,0.0,0.0,0.0,10712.271315640435,10730.028421702935,1.0017,0.946,614.7233944133332,83.22769105520818,-0.0,0.0,697.9510854685414,697.9510854685414,1,6097.7575,2087.71344,12
2025-03-20,100,2025-03-20T00:00:00,2025-03-20 16:50:00,2025-03-20 17:00:00,2025-03-13 17:00:00,PRICE-LAG7-COMPLETED,nocvar_g0.02,Q2V2-SW2-REC5,A,A,B,2025-03-20T00:00:00,5612.402973342589,5630.6210620925885,previous_confirmed_final_slot_and_issued_load_pv_forecast,6190.199,1733.8533,709.9912350000001,766.7741557638891,56.782920763889024,0.0,24.04987243055598,0.0,0.0,0.0,10730.028421702935,10751.673306890436,1.0284,0.9677,687.0585181095,82.42324863482312,-0.0,0.0,769.4817667443232,769.4817667443232,1,6127.001850000001,1767.78274,12
2025-03-20,101,2025-03-20T00:00:00,2025-03-20 17:00:00,2025-03-20 17:10:00,2025-03-13 17:10:00,PRICE-LAG7-COMPLETED,nocvar_g0.02,Q2V2-SW2-REC5,A,A,B,2025-03-20T00:00:00,5612.402973342589,5630.6210620925885,previous_confirmed_final_slot_and_issued_load_pv_forecast,6102.19,1377.7125,781.3073034979427,817.5216041666666,36.21430066872392,0.0,30.108687500000087,0.0,0.0,0.0,10751.673306890436,10778.771125640436,1.0246,1.0139,792.1674750165641,55.07651917202878,-0.0,0.0,847.243994188593,847.243994188593,1,6161.514999999999,1467.165,12
2025-03-20,102,2025-03-20T00:00:00,2025-03-20 17:10:00,2025-03-20 17:20:00,2025-03-13 17:20:00,PRICE-LAG7-COMPLETED,nocvar_g0.02,Q2V2-SW2-REC5,A,A,B,2025-03-20T00:00:00,5612.402973342589,5630.6210620925885,previous_confirmed_final_slot_and_issued_load_pv_forecast,6143.2969,1083.9022,822.5290566666666,885.1363980555554,62.60734138888881,0.0,23.587638177292927,0.0,0.0,18.316309878262548,10778.771125640436,10800.0,1.0836,1.0152,835.031498328,95.3384594669999,-0.0,0.0,930.3699577949999,930.3699577949999,1,6136.8246,1164.9952799999999,12
2025-03-20,103,2025-03-20T00:00:00,2025-03-20 17:20:00,2025-03-20 17:30:00,2025-03-13 17:30:00,PRICE-LAG7-COMPLETED,nocvar_g0.02,Q2V2-SW2-REC5,A,A,B,2025-03-20T00:00:00,5612.402973342589,5630.6210620925885,previous_confirmed_final_slot_and_issued_load_pv_forecast,6075.0134,831.8823,842.4077483333333,921.5329581944442,79.12520986111087,0.0,0.0,0.0,0.0,47.677774861110834,10800.0,10800.0,1.0967,1.0487,883.4330056771666,124.46791137202045,-0.0,0.0,1007.9009170491871,1007.9009170491871,1,6043.439399999999,872.3814399999999,12
2025-03-20,104,2025-03-20T00:00:00,2025-03-20 17:30:00,2025-03-20 17:40:00,2025-03-13 17:40:00,PRICE-LAG7-COMPLETED,nocvar_g0.02,Q2V2-SW2-REC5,A,A,B,2025-03-20T00:00:00,5612.402973342589,5630.6210620925885,previous_confirmed_final_slot_and_issued_load_pv_forecast,6025.68,597.3375,905.0412499999999,975.5887089583334,70.54745895833355,0.0,0.0,0.0,0.0,70.86495895833355,10800.0,10800.0,1.0571,1.0879,984.594375875,115.1228709011566,-0.0,0.0,1099.7172467761566,1099.7172467761566,1,6096.475,593.085,12
2025-03-20,105,2025-03-20T00:00:00,2025-03-20 17:40:00,2025-03-20 17:50:00,2025-03-13 17:50:00,PRICE-LAG7-COMPLETED,nocvar_g0.02,Q2V2-SW2-REC5,A,A,B,2025-03-20T00:00:00,5612.402973342589,5630.6210620925885,previous_confirmed_final_slot_and_issued_load_pv_forecast,6213.4416,374.8971,1006.5853483333332,1061.0929900694446,54.507641736111395,0.0,0.0,0.0,0.0,88.00224006944472,10800.0,10800.0,1.0788,1.0391,1045.9428354531665,84.95833579199002,-0.0,0.0,1130.9011712451565,1130.9011712451565,1,6375.7501,326.28244,12
2025-03-20,106,2025-03-20T00:00:00,2025-03-20 17:50:00,2025-03-20 18:00:00,2025-03-13 18:00:00,PRICE-LAG7-COMPLETED,nocvar_g0.02,Q2V2-SW2-REC5,A,A,B,2025-03-20T00:00:00,5612.402973342589,5630.6210620925885,previous_confirmed_final_slot_and_issued_load_pv_forecast,5394.1467,156.1276,917.8694699999998,967.8587670138887,49.98929701388897,0.0,0.0,0.0,0.0,94.85558368055536,10800.0,10800.0,1.1433,1.0932,1003.4149046039997,81.97244924337514,-0.0,0.0,1085.387353847375,1085.387353847375,1,5663.573549999999,114.50028,12
2025-03-20,107,2025-03-20T00:00:00,2025-03-20 18:00:00,2025-03-20 18:10:00,2025-03-13 18:10:00,PRICE-LAG7-COMPLETED,nocvar_g0.02,Q2V2-SW2-REC5,A,A,B,2025-03-20T00:00:00,5612.402973342589,5630.6210620925885,previous_confirmed_final_slot_and_issued_load_pv_forecast,4094.12,0.0,707.5491666666667,707.5491666666667,0.0,0.0,0.0,0.0,0.0,25.19583333333344,10800.0,10800.0,1.2202,1.2488,883.5873993333333,0.0,-0.0,0.0,883.5873993333333,883.5873993333333,1,4358.335,0.0,18
2025-03-20,108,2025-03-20T00:00:00,2025-03-20 18:10:00,2025-03-20 18:20:00,2025-03-13 18:20:00,PRICE-LAG7-COMPLETED,nocvar_g0.02,Q2V2-SW2-REC5,A,A,B,2025-03-20T00:00:00,5612.402973342589,5630.6210620925885,previous_confirmed_final_slot_and_issued_load_pv_forecast,4187.9837,0.0,0.0,0.0,0.0,0.0,0.0,697.9972833333333,0.0,0.0,10800.0,10024.447462962962,1.2895,1.2993,0.0,0.0,-0.0,0.0,0.0,0.0,1,4170.35685,0.0,18
2025-03-20,109,2025-03-20T00:00:00,2025-03-20 18:20:00,2025-03-20 18:30:00,2025-03-13 18:30:00,PRICE-LAG7-COMPLETED,nocvar_g0.02,Q2V2-SW2-REC5,A,A,B,2025-03-20T00:00:00,5612.402973342589,5630.6210620925885,previous_confirmed_final_slot_and_issued_load_pv_forecast,4441.4267,5.5774,298.95654366872753,298.95654366872753,0.0,0.0,0.0,440.35167299793903,0.0,0.0,10024.447462962962,9535.167826298586,1.2853,1.2761,381.4984453756632,0.0,-0.0,0.0,381.4984453756632,381.4984453756632,1,4325.51145,3.7466999999999997,18
2025-03-20,110,2025-03-20T00:00:00,2025-03-20 18:30:00,2025-03-20 18:40:00,2025-03-13 18:40:00,PRICE-LAG7-COMPLETED,nocvar_g0.02,Q2V2-SW2-REC5,A,A,B,2025-03-20T00:00:00,5612.402973342589,5630.6210620925885,previous_confirmed_final_slot_and_issued_load_pv_forecast,4255.45,0.0,686.7749999999997,686.7749999999997,0.0,0.0,0.0,22.46666666666681,0.0,0.0,9535.167826298586,9510.204863335623,1.2484,1.2567,863.0701424999996,0.0,-0.0,0.0,863.0701424999996,863.0701424999996,1,4292.254999999999,0.0,18
2025-03-20,111,2025-03-20T00:00:00,2025-03-20 18:40:00,2025-03-20 18:50:00,2025-03-13 18:50:00,PRICE-LAG7-COMPLETED,nocvar_g0.02,Q2V2-SW2-REC5,A,A,B,2025-03-20T00:00:00,5612.402973342589,5630.6210620925885,previous_confirmed_final_slot_and_issued_load_pv_forecast,4286.5369,0.0,0.0,0.0,0.0,0.0,0.0,714.4228166666667,0.0,0.0,9510.204863335623,8716.401733705992,1.2881,1.2773,0.0,0.0,-0.0,0.0,0.0,0.0,1,4331.84095,0.0,18
2025-03-20,112,2025-03-20T00:00:00,2025-03-20 18:50:00,2025-03-20 19:00:00,2025-03-13 19:00:00,PRICE-LAG7-COMPLETED,nocvar_g0.02,Q2V2-SW2-REC5,A,A,B,2025-03-20T00:00:00,5612.402973342589,5630.6210620925885,previous_confirmed_final_slot_and_issued_load_pv_forecast,4470.2464,0.4004,0.0,0.0,0.0,0.0,0.0,744.9743333333333,0.0,0.0,8716.401733705992,7888.652474446733,1.3195,1.2813,0.0,0.0,-0.0,0.0,0.0,0.0,1,4343.8218,0.269,18
2025-03-20,113,2025-03-20T00:00:00,2025-03-20 19:00:00,2025-03-20 19:10:00,2025-03-13 19:10:00,PRICE-LAG7-COMPLETED,nocvar_g0.02,Q2V2-SW2-REC5,A,A,B,2025-03-20T00:00:00,5612.402973342589,5630.6210620925885,previous_confirmed_final_slot_and_issued_load_pv_forecast,4579.24,0.0,0.0,0.0,0.0,0.0,0.0,763.2066666666666,0.0,0.0,7888.652474446733,7040.645067039326,1.3074,1.2693,0.0,0.0,-0.0,0.0,0.0,0.0,1,4293.465,0.0,18
2025-03-20,114,2025-03-20T00:00:00,2025-03-20 19:10:00,2025-03-20 19:20:00,2025-03-13 19:20:00,PRICE-LAG7-COMPLETED,nocvar_g0.02,Q2V2-SW2-REC5,A,A,B,2025-03-20T00:00:00,5612.402973342589,5630.6210620925885,previous_confirmed_final_slot_and_issued_load_pv_forecast,4480.3082,0.0,0.0,0.0,0.0,0.0,0.0,746.7180333333333,0.0,0.0,7040.645067039326,6210.958363335622,1.3017,1.2899,0.0,0.0,-0.0,0.0,0.0,0.0,1,4280.579750000001,0.0,18
2025-03-20,115,2025-03-20T00:00:00,2025-03-20 19:20:00,2025-03-20 19:30:00,2025-03-13 19:30:00,PRICE-LAG7-COMPLETED,nocvar_g0.02,Q2V2-SW2-REC5,A,A,B,2025-03-20T00:00:00,5612.402973342589,5630.6210620925885,previous_confirmed_final_slot_and_issued_load_pv_forecast,4285.5618,0.0288,0.0,0.0,0.0,0.0,0.0,714.2555,0.0,0.0,6210.958363335622,5417.3411411134,1.2918,1.2669,0.0,0.0,-0.0,0.0,0.0,0.0,1,4283.92965,0.019319999999999997,18
2025-03-20,116,2025-03-20T00:00:00,2025-03-20 19:30:00,2025-03-20 19:40:00,2025-03-13 19:40:00,PRICE-LAG7-COMPLETED,nocvar_g0.02,Q2V2-SW2-REC5,A,A,B,2025-03-20T00:00:00,5612.402973342589,5630.6210620925885,previous_confirmed_final_slot_and_issued_load_pv_forecast,4196.78,0.0,0.0,0.0,0.0,0.0,0.0,699.4633333333333,0.0,0.0,5417.3411411134,4640.159659631919,1.2868,1.2323,0.0,0.0,-0.0,0.0,0.0,0.0,1,4346.965,0.0,18
2025-03-20,117,2025-03-20T00:00:00,2025-03-20 19:40:00,2025-03-20 19:50:00,2025-03-13 19:50:00,PRICE-LAG7-COMPLETED,nocvar_g0.02,Q2V2-SW2-REC5,A,A,B,2025-03-20T00:00:00,5612.402973342589,5630.6210620925885,previous_confirmed_final_slot_and_issued_load_pv_forecast,4330.8684,0.0,0.0,0.0,0.0,0.0,0.0,721.8114,0.0,0.0,4640.159659631919,3838.146992965252,1.3144,1.2902,0.0,0.0,-0.0,0.0,0.0,0.0,1,4513.44795,0.0,18
2025-03-20,118,2025-03-20T00:00:00,2025-03-20 19:50:00,2025-03-20 20:00:00,2025-03-13 20:00:00,PRICE-LAG7-COMPLETED,nocvar_g0.02,Q2V2-SW2-REC5,A,A,B,2025-03-20T00:00:00,5612.402973342589,5630.6210620925885,previous_confirmed_final_slot_and_issued_load_pv_forecast,4370.9481,0.0021,0.0,0.0,0.0,0.0,0.0,728.4909999999999,0.0,0.0,3838.146992965252,3028.712548520808,1.3317,1.2824,0.0,0.0,-0.0,0.0,0.0,0.0,1,4463.3459,0.00118,18
2025-03-20,119,2025-03-20T00:00:00,2025-03-20 20:00:00,2025-03-20 20:10:00,2025-03-13 20:10:00,PRICE-LAG7-COMPLETED,nocvar_g0.02,Q2V2-SW2-REC5,A,A,B,2025-03-20T00:00:00,5612.402973342589,5630.6210620925885,previous_confirmed_final_slot_and_issued_load_pv_forecast,4358.21,0.0,0.0,0.0,0.0,0.0,0.0,726.3683333333333,0.0,0.0,3028.712548520808,2221.6366225948823,1.3127,1.2233,0.0,0.0,-0.0,0.0,0.0,0.0,1,4286.004999999999,0.0,18
2025-03-20,120,2025-03-20T00:00:00,2025-03-20 20:10:00,2025-03-20 20:20:00,2025-03-13 20:20:00,PRICE-LAG7-COMPLETED,nocvar_g0.02,Q2V2-SW2-REC5,A,A,B,2025-03-20T00:00:00,5612.402973342589,5630.6210620925885,previous_confirmed_final_slot_and_issued_load_pv_forecast,4586.0191,0.0,709.3070166666666,709.3070166666666,0.0,0.0,0.0,55.0295000000001,0.0,0.0,2221.6366225948823,2160.4927337059935,1.2726,1.2789,907.1327436149999,0.0,-0.0,0.0,907.1327436149999,907.1327436149999,1,4380.049,0.0,18
2025-03-20,121,2025-03-20T00:00:00,2025-03-20 20:20:00,2025-03-20 20:30:00,2025-03-13 20:30:00,PRICE-LAG7-COMPLETED,nocvar_g0.02,Q2V2-SW2-REC5,A,A,B,2025-03-20T00:00:00,5612.402973342589,5630.6210620925885,previous_confirmed_final_slot_and_issued_load_pv_forecast,4523.6629,0.0,726.5509583333334,726.5509583333334,0.0,0.0,0.0,27.392858333333265,0.0,0.0,2160.4927337059935,2130.056224446734,1.2521,1.2779,928.4594696541667,0.0,-0.0,0.0,928.4594696541667,928.4594696541667,1,4396.8962,0.0,18
2025-03-20,122,2025-03-20T00:00:00,2025-03-20 20:30:00,2025-03-20 20:40:00,2025-03-13 20:40:00,PRICE-LAG7-COMPLETED,nocvar_g0.02,Q2V2-SW2-REC5,A,A,B,2025-03-20T00:00:00,5612.402973342589,5630.6210620925885,previous_confirmed_final_slot_and_issued_load_pv_forecast,4215.37,0.0,692.8491666666665,692.8491666666665,0.0,0.0,0.0,9.712500000000091,0.0,0.0,2130.056224446734,2119.264557780067,1.2695,1.2388,858.3015476666665,0.0,-0.0,0.0,858.3015476666665,858.3015476666665,1,4279.045,0.0,18
2025-03-20,123,2025-03-20T00:00:00,2025-03-20 20:40:00,2025-03-20 20:50:00,2025-03-13 20:50:00,PRICE-LAG7-COMPLETED,nocvar_g0.02,Q2V2-SW2-REC5,A,A,B,2025-03-20T00:00:00,5612.402973342589,5630.6210620925885,previous_confirmed_final_slot_and_issued_load_pv_forecast,4256.2469,0.0,0.0,0.0,0.0,0.0,0.0,709.3744833333333,0.0,0.0,2119.264557780067,1331.0706874096968,1.2862,1.3228,0.0,0.0,-0.0,0.0,0.0,0.0,1,4344.35435,0.0,18
2025-03-20,124,2025-03-20T00:00:00,2025-03-20 20:50:00,2025-03-20 21:00:00,2025-03-13 21:00:00,PRICE-LAG7-COMPLETED,nocvar_g0.02,Q2V2-SW2-REC5,A,A,B,2025-03-20T00:00:00,5612.402973342589,5630.6210620925885,previous_confirmed_final_slot_and_issued_load_pv_forecast,4319.0159,0.0,736.9305888888888,736.9305888888888,0.0,0.0,17.094605555555404,0.0,0.0,0.0,1331.0706874096968,1346.4558324096968,1.1604,1.1769,867.2936100633333,0.0,-0.0,0.0,867.2936100633333,867.2936100633333,1,4480.71325,0.0,18
2025-03-20,125,2025-03-20T00:00:00,2025-03-20 21:00:00,2025-03-20 21:10:00,2025-03-13 21:10:00,PRICE-LAG7-COMPLETED,nocvar_g0.02,Q2V2-SW2-REC5,A,A,B,2025-03-20T00:00:00,5612.402973342589,5630.6210620925885,previous_confirmed_final_slot_and_issued_load_pv_forecast,4257.25,0.0,745.8906804526747,745.8906804526747,0.0,0.0,36.34901378600807,0.0,0.0,0.0,1346.4558324096968,1379.1699448171041,0.9507,0.8862,661.0083210171603,0.0,-0.0,0.0,661.0083210171603,661.0083210171603,1,4512.235000000001,0.0,18
2025-03-20,126,2025-03-20T00:00:00,2025-03-20 21:10:00,2025-03-20 21:20:00,2025-03-13 21:20:00,PRICE-LAG7-COMPLETED,nocvar_g0.02,Q2V2-SW2-REC5,A,A,B,2025-03-20T00:00:00,5612.402973342589,5630.6210620925885,previous_confirmed_final_slot_and_issued_load_pv_forecast,4290.2681,0.0,741.8761999999999,747.6238122916666,5.747612291666655,0.0,32.579128958333285,0.0,0.0,0.0,1379.1699448171041,1408.4911608796042,0.8725,0.917,680.3004754,7.905840707187486,-0.0,0.0,688.2063161071875,688.2063161071875,1,4382.020049999999,0.0,18
2025-03-20,127,2025-03-20T00:00:00,2025-03-20 21:20:00,2025-03-20 21:30:00,2025-03-13 21:30:00,PRICE-LAG7-COMPLETED,nocvar_g0.02,Q2V2-SW2-REC5,A,A,B,2025-03-20T00:00:00,5612.402973342589,5630.6210620925885,previous_confirmed_final_slot_and_issued_load_pv_forecast,4418.7036,0.0,736.2761916666668,736.2761916666668,0.0,0.0,0.0,0.17440833333307637,0.0,0.0,1408.4911608796042,1408.2973738425674,0.8714,0.9999,736.2025640475001,0.0,-0.0,0.0,736.2025640475001,736.2025640475001,1,4304.295700000001,0.0,18
2025-03-20,128,2025-03-20T00:00:00,2025-03-20 21:30:00,2025-03-20 21:40:00,2025-03-13 21:40:00,PRICE-LAG7-COMPLETED,nocvar_g0.02,Q2V2-SW2-REC5,A,A,B,2025-03-20T00:00:00,5612.402973342589,5630.6210620925885,previous_confirmed_final_slot_and_issued_load_pv_forecast,4553.6,0.0,716.5674999999999,723.1433189091563,6.575818909156396,0.0,0.0,35.790014424177116,0.0,0.0,1408.2973738425674,1368.5306911490372,0.913,0.9964,713.9878569999998,9.828218941625149,-0.0,0.0,723.816075941625,723.816075941625,1,4362.415,0.0,18
2025-03-20,129,2025-03-20T00:00:00,2025-03-20 21:40:00,2025-03-20 21:50:00,2025-03-13 21:50:00,PRICE-LAG7-COMPLETED,nocvar_g0.02,Q2V2-SW2-REC5,A,A,B,2025-03-20T00:00:00,5612.402973342589,5630.6210620925885,previous_confirmed_final_slot_and_issued_load_pv_forecast,4526.2528,0.0,687.4432394166666,687.4432394166666,0.0,0.0,0.0,66.93222724999998,0.0,0.0,1368.5306911490372,1294.1615497601483,0.9772,1.0003,687.6494723884916,0.0,-0.0,0.0,687.6494723884916,687.6494723884916,1,4371.4486,0.0,18
2025-03-20,130,2025-03-20T00:00:00,2025-03-20 21:50:00,2025-03-20 22:00:00,2025-03-13 22:00:00,PRICE-LAG7-COMPLETED,nocvar_g0.02,Q2V2-SW2-REC5,A,A,B,2025-03-20T00:00:00,5612.402973342589,5630.6210620925885,previous_confirmed_final_slot_and_issued_load_pv_forecast,4001.6252,0.0,629.2348333333332,662.7971195833333,33.56228625000006,0.0,0.0,4.140413749999993,0.0,0.0,1294.1615497601483,1289.561090037926,0.7619,0.7708,485.01420953333326,38.80471536225007,-0.0,0.0,523.8189248955833,523.8189248955833,1,3901.2298499999997,0.0,18
2025-03-20,131,2025-03-20T00:00:00,2025-03-20 22:00:00,2025-03-20 22:10:00,2025-03-13 22:10:00,PRICE-LAG7-COMPLETED,nocvar_g0.02,Q2V2-SW2-REC5,A,A,B,2025-03-20T00:00:00,5612.402973342589,5630.6210620925885,previous_confirmed_final_slot_and_issued_load_pv_forecast,3318.94,0.0,1325.6016666666667,1325.6016666666667,0.0,0.0,772.445,0.0,0.0,0.0,1289.561090037926,1984.761590037926,0.4153,0.419,555.4270983333333,0.0,-0.0,0.0,555.4270983333333,555.4270983333333,1,3268.3900000000003,0.0,18
2025-03-20,132,2025-03-20T00:00:00,2025-03-20 22:10:00,2025-03-20 22:20:00,2025-03-13 22:20:00,PRICE-LAG7-COMPLETED,nocvar_g0.02,Q2V2-SW2-REC5,A,A,B,2025-03-20T00:00:00,5612.402973342589,5630.6210620925885,previous_confirmed_final_slot_and_issued_load_pv_forecast,3233.4088,0.0,1338.550033333333,1338.550033333333,0.0,0.0,799.6485666666663,0.0,0.0,0.0,1984.761590037926,2704.445300037926,0.4105,0.3484,466.3508316133332,0.0,-0.0,0.0,466.3508316133332,466.3508316133332,1,3265.46915,0.0,18
2025-03-20,133,2025-03-20T00:00:00,2025-03-20 22:20:00,2025-03-20 22:30:00,2025-03-13 22:30:00,PRICE-LAG7-COMPLETED,nocvar_g0.02,Q2V2-SW2-REC5,A,A,B,2025-03-20T00:00:00,5612.402973342589,5630.6210620925885,previous_confirmed_final_slot_and_issued_load_pv_forecast,3319.971,0.0,578.70775,578.70775,0.0,0.0,25.37925000000007,0.0,0.0,0.0,2704.445300037926,2727.2866250379257,0.449,0.3833,221.818680575,0.0,-0.0,0.0,221.818680575,221.818680575,1,3389.65995,0.0,18
2025-03-20,134,2025-03-20T00:00:00,2025-03-20 22:30:00,2025-03-20 22:40:00,2025-03-13 22:40:00,PRICE-LAG7-COMPLETED,nocvar_g0.02,Q2V2-SW2-REC5,A,A,B,2025-03-20T00:00:00,5612.402973342589,5630.6210620925885,previous_confirmed_final_slot_and_issued_load_pv_forecast,3255.84,0.0,1368.1166666666666,1368.1166666666666,0.0,0.0,825.4766666666666,0.0,0.0,0.0,2727.2866250379257,3470.2156250379257,0.3939,0.3903,533.9759349999999,0.0,-0.0,0.0,533.9759349999999,533.9759349999999,1,3368.275,0.0,18
2025-03-20,135,2025-03-20T00:00:00,2025-03-20 22:40:00,2025-03-20 22:50:00,2025-03-13 22:50:00,PRICE-LAG7-COMPLETED,nocvar_g0.02,Q2V2-SW2-REC5,A,A,B,2025-03-20T00:00:00,5612.402973342589,5630.6210620925885,previous_confirmed_final_slot_and_issued_load_pv_forecast,3144.1326,0.0,1370.713858333333,1370.713858333333,0.0,0.0,833.3333333333334,0.0,0.0,13.358424999999784,3470.2156250379257,4220.215625037926,0.4077,0.4126,565.5565379483332,0.0,-0.0,0.0,565.5565379483332,565.5565379483332,1,3409.7497999999996,0.0,18
2025-03-20,136,2025-03-20T00:00:00,2025-03-20 22:50:00,2025-03-20 23:00:00,2025-03-13 23:00:00,PRICE-LAG7-COMPLETED,nocvar_g0.02,Q2V2-SW2-REC5,A,A,B,2025-03-20T00:00:00,5612.402973342589,5630.6210620925885,previous_confirmed_final_slot_and_issued_load_pv_forecast,3161.8174,0.0,1361.50415,1361.50415,0.0,0.0,833.3333333333334,0.0,0.0,1.201249999999959,4220.215625037926,4970.215625037926,0.4156,0.4343,591.301252345,0.0,-0.0,0.0,591.301252345,591.301252345,1,3405.73725,0.0,18
2025-03-20,137,2025-03-20T00:00:00,2025-03-20 23:00:00,2025-03-20 23:10:00,2025-03-13 23:10:00,PRICE-LAG7-COMPLETED,nocvar_g0.02,Q2V2-SW2-REC5,A,A,B,2025-03-20T00:00:00,5612.402973342589,5630.6210620925885,previous_confirmed_final_slot_and_issued_load_pv_forecast,3296.4,0.0,1351.3616666666665,1351.3616666666665,0.0,0.0,801.9616666666665,0.0,0.0,0.0,4970.215625037926,5691.981125037925,0.4004,0.4428,598.382946,0.0,-0.0,0.0,598.382946,598.382946,1,3389.5249999999996,0.0,18
2025-03-20,138,2025-03-20T00:00:00,2025-03-20 23:10:00,2025-03-20 23:20:00,2025-03-13 23:20:00,PRICE-LAG7-COMPLETED,nocvar_g0.02,Q2V2-SW2-REC5,A,A,B,2025-03-20T00:00:00,5612.402973342589,5630.6210620925885,previous_confirmed_final_slot_and_issued_load_pv_forecast,3356.4081,0.0,586.9883833333334,586.9883833333334,0.0,0.0,27.587033333333466,0.0,0.0,0.0,5691.981125037925,5716.8094550379255,0.4324,0.4397,258.0987921516667,0.0,-0.0,0.0,258.0987921516667,258.0987921516667,1,3510.6455,0.0,18
2025-03-20,139,2025-03-20T00:00:00,2025-03-20 23:20:00,2025-03-20 23:30:00,2025-03-13 23:30:00,PRICE-LAG7-COMPLETED,nocvar_g0.02,Q2V2-SW2-REC5,A,A,B,2025-03-20T00:00:00,5612.402973342589,5630.6210620925885,previous_confirmed_final_slot_and_issued_load_pv_forecast,3261.7676,0.0,588.6089333333332,588.6089333333332,0.0,0.0,44.98099999999988,0.0,0.0,0.0,5716.8094550379255,5757.2923550379255,0.4533,0.4049,238.3277571066666,0.0,-0.0,0.0,238.3277571066666,238.3277571066666,1,3494.1019,0.0,18
2025-03-20,140,2025-03-20T00:00:00,2025-03-20 23:30:00,2025-03-20 23:40:00,2025-03-13 23:40:00,PRICE-LAG7-COMPLETED,nocvar_g0.02,Q2V2-SW2-REC5,A,A,B,2025-03-20T00:00:00,5612.402973342589,5630.6210620925885,previous_confirmed_final_slot_and_issued_load_pv_forecast,3267.73,0.0,574.7899999999998,574.7899999999998,0.0,0.0,30.16833333333318,0.0,0.0,0.0,5757.2923550379255,5784.4438550379255,0.4439,0.3814,219.22490599999995,0.0,-0.0,0.0,219.22490599999995,219.22490599999995,1,3378.37,0.0,18
2025-03-20,141,2025-03-20T00:00:00,2025-03-20 23:40:00,2025-03-20 23:50:00,2025-03-13 23:50:00,PRICE-LAG7-COMPLETED,nocvar_g0.02,Q2V2-SW2-REC5,A,A,B,2025-03-20T00:00:00,5612.402973342589,5630.6210620925885,previous_confirmed_final_slot_and_issued_load_pv_forecast,3604.076,0.0,571.3773166666666,571.3773166666666,0.0,0.0,0.0,29.302016666666646,0.0,0.0,5784.4438550379255,5751.886058741629,0.4386,0.4248,242.72108411999997,0.0,-0.0,0.0,242.72108411999997,242.72108411999997,1,3418.4582,0.0,18
2025-03-20,142,2025-03-20T00:00:00,2025-03-20 23:50:00,2025-03-21 00:00:00,2025-03-14 00:00:00,PRICE-LAG7-COMPLETED,nocvar_g0.02,Q2V2-SW2-REC5,A,A,B,2025-03-20T00:00:00,5612.402973342589,5630.6210620925885,previous_confirmed_final_slot_and_issued_load_pv_forecast,3245.8691,0.0,1305.6635999999999,1305.6635999999999,0.0,0.0,764.6854166666666,0.0,0.0,0.0,5751.886058741629,6440.102933741629,0.3972,0.3795,495.49933619999996,0.0,-0.0,0.0,495.49933619999996,495.49933619999996,1,3085.4956,0.0,18
2025-03-20,143,2025-03-20T00:00:00,2025-03-21 00:00:00,2025-03-21 00:10:00,2025-03-14 00:10:00,PRICE-LAG7-COMPLETED,nocvar_g0.02,Q2V2-SW2-REC5,A,A,B,2025-03-20T00:00:00,5612.402973342589,5630.6210620925885,previous_confirmed_final_slot_and_issued_load_pv_forecast,2401.0,0.0,1223.1208333333334,1223.1208333333334,0.0,0.0,822.9541666666668,0.0,0.0,0.0,6440.102933741629,7180.76168374163,0.3312,0.2794,341.7399608333333,0.0,-0.0,0.0,341.7399608333333,341.7399608333333,1,2523.2749999999996,0.0,18
2025-06-21,0,2025-06-21T00:00:00,2025-06-21 00:10:00,2025-06-21 00:20:00,2025-06-14 00:20:00,PRICE-LAG7-COMPLETED,cvar_t0.90_r0.05_g0.02,Q2V2-SW2-REC5,A,A,B,2025-06-21T00:00:00,10800.0,10800.0,previous_confirmed_final_slot_and_issued_load_pv_forecast,3087.9838,0.0,0.0,0.0,0.0,0.0,0.0,514.6639666666666,0.0,0.0,10800.0,10228.151148148148,0.3927,0.3564,0.0,0.0,-0.0,0.0,0.0,0.0,0,3157.89905,0.0,0
2025-06-21,1,2025-06-21T00:00:00,2025-06-21 00:20:00,2025-06-21 00:30:00,2025-06-14 00:30:00,PRICE-LAG7-COMPLETED,cvar_t0.90_r0.05_g0.02,Q2V2-SW2-REC5,A,A,B,2025-06-21T00:00:00,10800.0,10800.0,previous_confirmed_final_slot_and_issued_load_pv_forecast,3200.0919,0.0,0.0,0.0,0.0,0.0,0.0,533.3486499999999,0.0,0.0,10228.151148148148,9635.541537037037,0.4256,0.3908,0.0,0.0,-0.0,0.0,0.0,0.0,0,3217.6775,0.0,0
2025-06-21,2,2025-06-21T00:00:00,2025-06-21 00:30:00,2025-06-21 00:40:00,2025-06-14 00:40:00,PRICE-LAG7-COMPLETED,cvar_t0.90_r0.05_g0.02,Q2V2-SW2-REC5,A,A,B,2025-06-21T00:00:00,10800.0,10800.0,previous_confirmed_final_slot_and_issued_load_pv_forecast,3401.46,0.0,0.0,0.0,0.0,0.0,0.0,566.91,0.0,0.0,9635.541537037037,9005.641537037038,0.4336,0.4598,0.0,0.0,-0.0,0.0,0.0,0.0,0,3162.1000000000004,0.0,0
2025-06-21,3,2025-06-21T00:00:00,2025-06-21 00:40:00,2025-06-21 00:50:00,2025-06-14 00:50:00,PRICE-LAG7-COMPLETED,cvar_t0.90_r0.05_g0.02,Q2V2-SW2-REC5,A,A,B,2025-06-21T00:00:00,10800.0,10800.0,previous_confirmed_final_slot_and_issued_load_pv_forecast,3063.5261,0.0,0.0,0.0,0.0,0.0,0.0,510.5876833333333,0.0,0.0,9005.641537037038,8438.32188888889,0.3729,0.409,0.0,0.0,-0.0,0.0,0.0,0.0,0,3119.7482,0.0,0
2025-06-21,4,2025-06-21T00:00:00,2025-06-21 00:50:00,2025-06-21 01:00:00,2025-06-14 01:00:00,PRICE-LAG7-COMPLETED,cvar_t0.90_r0.05_g0.02,Q2V2-SW2-REC5,A,A,B,2025-06-21T00:00:00,10800.0,10800.0,previous_confirmed_final_slot_and_issued_load_pv_forecast,2820.2572,0.0,523.1206333333332,523.1206333333332,0.0,0.0,53.07776666666655,0.0,0.0,0.0,8438.32188888889,8486.09187888889,0.3393,0.3618,189.26504513999996,0.0,-0.0,0.0,189.26504513999996,189.26504513999996,0,3138.2828,0.0,0
2025-06-21,5,2025-06-21T00:00:00,2025-06-21 01:00:00,2025-06-21 01:10:00,2025-06-14 01:10:00,PRICE-LAG7-COMPLETED,cvar_t0.90_r0.05_g0.02,Q2V2-SW2-REC5,A,A,B,2025-06-21T00:00:00,10800.0,10800.0,previous_confirmed_final_slot_and_issued_load_pv_forecast,2883.38,0.0,534.2225,534.2225,0.0,0.0,53.659166666666636,0.0,0.0,0.0,8486.09187888889,8534.38512888889,0.3622,0.3786,202.25663849999998,0.0,-0.0,0.0,202.25663849999998,202.25663849999998,0,3168.29,0.0,0
2025-06-21,6,2025-06-21T00:00:00,2025-06-21 01:10:00,2025-06-21 01:20:00,2025-06-14 01:20:00,PRICE-LAG7-COMPLETED,cvar_t0.90_r0.05_g0.02,Q2V2-SW2-REC5,A,A,B,2025-06-21T00:00:00,10800.0,10800.0,previous_confirmed_final_slot_and_issued_load_pv_forecast,2869.9796,0.0,0.0,0.0,0.0,0.0,0.0,478.3299333333333,0.0,0.0,8534.38512888889,8002.907425185187,0.38,0.3988,0.0,0.0,-0.0,0.0,0.0,0.0,0,3109.1713,0.0,0
2025-06-21,7,2025-06-21T00:00:00,2025-06-21 01:20:00,2025-06-21 01:30:00,2025-06-14 01:30:00,PRICE-LAG7-COMPLETED,cvar_t0.90_r0.05_g0.02,Q2V2-SW2-REC5,A,A,B,2025-06-21T00:00:00,10800.0,10800.0,previous_confirmed_final_slot_and_issued_load_pv_forecast,2985.8287,0.0,0.0,0.0,0.0,0.0,0.0,497.63811666666663,0.0,0.0,8002.907425185187,7449.9761844444465,0.3731,0.4164,0.0,0.0,-0.0,0.0,0.0,0.0,0,2959.99725,0.0,0
2025-06-21,8,2025-06-21T00:00:00,2025-06-21 01:30:00,2025-06-21 01:40:00,2025-06-14 01:40:00,PRICE-LAG7-COMPLETED,cvar_t0.90_r0.05_g0.02,Q2V2-SW2-REC5,A,A,B,2025-06-21T00:00:00,10800.0,10800.0,previous_confirmed_final_slot_and_issued_load_pv_forecast,3164.18,0.0,436.86749999999995,436.86749999999995,0.0,0.0,0.0,90.49583333333328,0.0,0.0,7449.9761844444465,7349.42525851852,0.3581,0.4254,185.84343449999997,0.0,-0.0,0.0,185.84343449999997,185.84343449999997,0,2865.55,0.0,0
2025-06-21,9,2025-06-21T00:00:00,2025-06-21 01:40:00,2025-06-21 01:50:00,2025-06-14 01:50:00,PRICE-LAG7-COMPLETED,cvar_t0.90_r0.05_g0.02,Q2V2-SW2-REC5,A,A,B,2025-06-21T00:00:00,10800.0,10800.0,previous_confirmed_final_slot_and_issued_load_pv_forecast,3064.8457,0.0,492.2749750000001,492.2749750000001,0.0,0.0,0.0,18.532641666666507,0.0,0.0,7349.42525851852,7328.8334344444465,0.3623,0.4165,205.03252708750003,0.0,-0.0,0.0,205.03252708750003,205.03252708750003,0,2976.03605,0.0,0
2025-06-21,10,2025-06-21T00:00:00,2025-06-21 01:50:00,2025-06-21 02:00:00,2025-06-14 02:00:00,PRICE-LAG7-COMPLETED,cvar_t0.90_r0.05_g0.02,Q2V2-SW2-REC5,A,A,B,2025-06-21T00:00:00,10800.0,10800.0,previous_confirmed_final_slot_and_issued_load_pv_forecast,2954.0459,0.0,509.7639083333334,509.7639083333334,0.0,0.0,17.422925000000077,0.0,0.0,0.0,7328.8334344444465,7344.514066944446,0.363,0.4295,218.9435986291667,0.0,-0.0,0.0,218.9435986291667,218.9435986291667,0,3000.84605,0.0,0
2025-06-21,11,2025-06-21T00:00:00,2025-06-21 02:00:00,2025-06-21 02:10:00,2025-06-14 02:10:00,PRICE-LAG7-COMPLETED,cvar_t0.90_r0.05_g0.02,Q2V2-SW2-REC5,A,A,B,2025-06-21T00:00:00,10800.0,10800.0,previous_confirmed_final_slot_and_issued_load_pv_forecast,2994.62,0.0,0.0,0.0,0.0,0.0,0.0,499.1033333333333,0.0,0.0,7344.514066944446,6789.954807685187,0.3815,0.4451,0.0,0.0,-0.0,0.0,0.0,0.0,0,2933.175,0.0,0
2025-06-21,12,2025-06-21T00:00:00,2025-06-21 02:10:00,2025-06-21 02:20:00,2025-06-14 02:20:00,PRICE-LAG7-COMPLETED,cvar_t0.90_r0.05_g0.02,Q2V2-SW2-REC5,A,A,B,2025-06-21T00:00:00,10800.0,10800.0,previous_confirmed_final_slot_and_issued_load_pv_forecast,3072.4014,0.0,0.0,0.0,0.0,0.0,0.0,512.0669,0.0,0.0,6789.954807685187,6220.991585462964,0.4507,0.405,0.0,0.0,-0.0,0.0,0.0,0.0,0,3016.3017499999996,0.0,0
2025-06-21,13,2025-06-21T00:00:00,2025-06-21 02:20:00,2025-06-21 02:30:00,2025-06-14 02:30:00,PRICE-LAG7-COMPLETED,cvar_t0.90_r0.05_g0.02,Q2V2-SW2-REC5,A,A,B,2025-06-21T00:00:00,10800.0,10800.0,previous_confirmed_final_slot_and_issued_load_pv_forecast,3013.1015,0.0,0.0,0.0,0.0,0.0,0.0,502.18358333333333,0.0,0.0,6220.991585462964,5663.009826203705,0.4334,0.3784,0.0,0.0,-0.0,0.0,0.0,0.0,0,2935.3471,0.0,0
2025-06-21,14,2025-06-21T00:00:00,2025-06-21 02:30:00,2025-06-21 02:40:00,2025-06-14 02:40:00,PRICE-LAG7-COMPLETED,cvar_t0.90_r0.05_g0.02,Q2V2-SW2-REC5,A,A,B,2025-06-21T00:00:00,10800.0,10800.0,previous_confirmed_final_slot_and_issued_load_pv_forecast,2838.75,0.0,449.65833333333336,449.65833333333336,0.0,0.0,0.0,23.46666666666664,0.0,0.0,5663.009826203705,5636.9357521296315,0.3501,0.3917,176.13116916666667,0.0,-0.0,0.0,176.13116916666667,176.13116916666667,0,2750.52,0.0,0
2025-06-21,15,2025-06-21T00:00:00,2025-06-21 02:40:00,2025-06-21 02:50:00,2025-06-14 02:50:00,PRICE-LAG7-COMPLETED,cvar_t0.90_r0.05_g0.02,Q2V2-SW2-REC5,A,A,B,2025-06-21T00:00:00,10800.0,10800.0,previous_confirmed_final_slot_and_issued_load_pv_forecast,2749.9199,0.0,454.4410666666666,454.4410666666666,0.0,0.0,0.0,3.8789166666667256,0.0,0.0,5636.9357521296315,5632.625844722224,0.3548,0.3964,180.1404388266666,0.0,-0.0,0.0,180.1404388266666,180.1404388266666,0,2841.10265,0.0,0
2025-06-21,16,2025-06-21T00:00:00,2025-06-21 02:50:00,2025-06-21 03:00:00,2025-06-14 03:00:00,PRICE-LAG7-COMPLETED,cvar_t0.90_r0.05_g0.02,Q2V2-SW2-REC5,A,A,B,2025-06-21T00:00:00,10800.0,10800.0,previous_confirmed_final_slot_and_issued_load_pv_forecast,2820.5847,0.0,450.78478333333317,450.78478333333317,0.0,0.0,0.0,19.312666666666814,0.0,0.0,5632.625844722224,5611.167326203706,0.339,0.3495,157.54928177499994,0.0,-0.0,0.0,157.54928177499994,157.54928177499994,0,2812.5609999999997,0.0,0
2025-06-21,17,2025-06-21T00:00:00,2025-06-21 03:00:00,2025-06-21 03:10:00,2025-06-14 03:10:00,PRICE-LAG7-COMPLETED,cvar_t0.90_r0.05_g0.02,Q2V2-SW2-REC5,A,A,B,2025-06-21T00:00:00,10800.0,10800.0,previous_confirmed_final_slot_and_issued_load_pv_forecast,2936.24,0.0,462.1691666666668,462.1691666666668,0.0,0.0,0.0,27.20416666666648,0.0,0.0,5611.167326203706,5580.940474351854,0.3062,0.3048,140.86916200000005,0.0,-0.0,0.0,140.86916200000005,140.86916200000005,0,2657.67,0.0,0
2025-06-21,18,2025-06-21T00:00:00,2025-06-21 03:10:00,2025-06-21 03:20:00,2025-06-14 03:20:00,PRICE-LAG7-COMPLETED,cvar_t0.90_r0.05_g0.02,Q2V2-SW2-REC5,A,A,B,2025-06-21T00:00:00,10800.0,10800.0,previous_confirmed_final_slot_and_issued_load_pv_forecast,2920.1894,0.0012,0.0,0.0,0.0,0.0,0.0,486.69803333333334,0.0,0.0,5580.940474351854,5040.164881759261,0.3749,0.3585,0.0,0.0,-0.0,0.0,0.0,0.0,0,2771.93415,0.00134,0
2025-06-21,19,2025-06-21T00:00:00,2025-06-21 03:20:00,2025-06-21 03:30:00,2025-06-14 03:30:00,PRICE-LAG7-COMPLETED,cvar_t0.90_r0.05_g0.02,Q2V2-SW2-REC5,A,A,B,2025-06-21T00:00:00,10800.0,10800.0,previous_confirmed_final_slot_and_issued_load_pv_forecast,2951.0328,0.0,0.0,0.0,0.0,0.0,0.0,491.8388,0.0,0.0,5040.164881759261,4493.677326203706,0.4107,0.4058,0.0,0.0,-0.0,0.0,0.0,0.0,0,2836.05315,0.0,0
2025-06-21,20,2025-06-21T00:00:00,2025-06-21 03:30:00,2025-06-21 03:40:00,2025-06-14 03:40:00,PRICE-LAG7-COMPLETED,cvar_t0.90_r0.05_g0.02,Q2V2-SW2-REC5,A,A,B,2025-06-21T00:00:00,10800.0,10800.0,previous_confirmed_final_slot_and_issued_load_pv_forecast,2977.51,0.0,89.77878526666564,89.77878526666564,0.0,0.0,0.0,406.47288140000103,0.0,0.0,4493.677326203706,4042.040791314816,0.3685,0.4053,36.38734166857958,0.0,-0.0,0.0,36.38734166857958,36.38734166857958,0,2803.81,0.0,0
2025-06-21,21,2025-06-21T00:00:00,2025-06-21 03:40:00,2025-06-21 03:50:00,2025-06-14 03:50:00,PRICE-LAG7-COMPLETED,cvar_t0.90_r0.05_g0.02,Q2V2-SW2-REC5,A,A,B,2025-06-21T00:00:00,10800.0,10800.0,previous_confirmed_final_slot_and_issued_load_pv_forecast,2780.298,0.0162,473.8125033333334,473.8125033333334,0.0,0.0,10.432203333333462,0.0,0.0,0.0,4042.040791314816,4051.4297743148163,0.3403,0.4087,193.64717011233336,0.0,-0.0,0.0,193.64717011233336,193.64717011233336,0,2943.89615,0.0187,0
2025-06-21,22,2025-06-21T00:00:00,2025-06-21 03:50:00,2025-06-21 04:00:00,2025-06-14 04:00:00,PRICE-LAG7-COMPLETED,cvar_t0.90_r0.05_g0.02,Q2V2-SW2-REC5,A,A,B,2025-06-21T00:00:00,10800.0,10800.0,previous_confirmed_final_slot_and_issued_load_pv_forecast,2728.3059,0.0,472.9339749999999,472.9339749999999,0.0,0.0,18.216324999999983,0.0,0.0,0.0,4051.4297743148163,4067.8244668148163,0.3482,0.3866,182.83627473499996,0.0,-0.0,0.0,182.83627473499996,182.83627473499996,0,2968.1938499999997,0.0,0
2025-06-21,23,2025-06-21T00:00:00,2025-06-21 04:00:00,2025-06-21 04:10:00,2025-06-14 04:10:00,PRICE-LAG7-COMPLETED,cvar_t0.90_r0.05_g0.02,Q2V2-SW2-REC5,A,A,B,2025-06-21T00:00:00,10800.0,10800.0,previous_confirmed_final_slot_and_issued_load_pv_forecast,2862.19,0.0,473.205,473.205,0.0,0.0,0.0,3.826666666666654,0.0,0.0,4067.8244668148163,4063.5726149629645,0.3631,0.3566,168.744903,0.0,-0.0,0.0,168.744903,168.744903,0,2819.135,0.0,0
2025-06-21,24,2025-06-21T00:00:00,2025-06-21 04:10:00,2025-06-21 04:20:00,2025-06-14 04:20:00,PRICE-LAG7-COMPLETED,cvar_t0.90_r0.05_g0.02,Q2V2-SW2-REC5,A,A,B,2025-06-21T00:00:00,10800.0,10800.0,previous_confirmed_final_slot_and_issued_load_pv_forecast,2845.9182,0.2263,444.6892883333334,444.6892883333334,0.0,0.0,0.0,29.592694999999935,0.0,0.0,4063.5726149629645,4030.6918427407422,0.3454,0.3708,164.89078811400003,0.0,-0.0,0.0,164.89078811400003,164.89078811400003,0,2747.01365,0.26074,0
2025-06-21,25,2025-06-21T00:00:00,2025-06-21 04:20:00,2025-06-21 04:30:00,2025-06-14 04:30:00,PRICE-LAG7-COMPLETED,cvar_t0.90_r0.05_g0.02,Q2V2-SW2-REC5,A,A,B,2025-06-21T00:00:00,10800.0,10800.0,previous_confirmed_final_slot_and_issued_load_pv_forecast,2748.951,0.0,449.011425,449.011425,0.0,0.0,0.0,9.14707500000003,0.0,0.0,4030.6918427407422,4020.5284260740755,0.3401,0.3532,158.59083531,0.0,-0.0,0.0,158.59083531,158.59083531,0,2736.0446,0.0,0
2025-06-21,26,2025-06-21T00:00:00,2025-06-21 04:30:00,2025-06-21 04:40:00,2025-06-14 04:40:00,PRICE-LAG7-COMPLETED,cvar_t0.90_r0.05_g0.02,Q2V2-SW2-REC5,A,A,B,2025-06-21T00:00:00,10800.0,10800.0,previous_confirmed_final_slot_and_issued_load_pv_forecast,2677.31,0.0,460.88999999999993,460.88999999999993,0.0,0.0,14.671666666666624,0.0,0.0,0.0,4020.5284260740755,4033.7329260740753,0.3651,0.3096,142.69154399999996,0.0,-0.0,0.0,142.69154399999996,142.69154399999996,0,2736.705,0.0,0
2025-06-21,27,2025-06-21T00:00:00,2025-06-21 04:40:00,2025-06-21 04:50:00,2025-06-14 04:50:00,PRICE-LAG7-COMPLETED,cvar_t0.90_r0.05_g0.02,Q2V2-SW2-REC5,A,A,B,2025-06-21T00:00:00,10800.0,10800.0,previous_confirmed_final_slot_and_issued_load_pv_forecast,2660.8713,3.1516,0.0,0.0,0.0,0.0,0.0,442.9532833333333,0.0,0.0,4033.7329260740753,3541.5626112592604,0.3877,0.3237,0.0,0.0,-0.0,0.0,0.0,0.0,0,2733.9947,3.6316199999999994,0
2025-06-21,28,2025-06-21T00:00:00,2025-06-21 04:50:00,2025-06-21 05:00:00,2025-06-14 05:00:00,PRICE-LAG7-COMPLETED,cvar_t0.90_r0.05_g0.02,Q2V2-SW2-REC5,A,A,B,2025-06-21T00:00:00,10800.0,10800.0,previous_confirmed_final_slot_and_issued_load_pv_forecast,2702.3205,0.0,0.0,0.0,0.0,0.0,0.0,450.38674999999995,0.0,0.0,3541.5626112592604,3041.1328890370382,0.3697,0.3321,0.0,0.0,-0.0,0.0,0.0,0.0,0,2705.01565,0.0,0
2025-06-21,29,2025-06-21T00:00:00,2025-06-21 05:00:00,2025-06-21 05:10:00,2025-06-14 05:10:00,PRICE-LAG7-COMPLETED,cvar_t0.90_r0.05_g0.02,Q2V2-SW2-REC5,A,A,B,2025-06-21T00:00:00,10800.0,10800.0,previous_confirmed_final_slot_and_issued_load_pv_forecast,2732.32,7.275,392.36999999999983,392.36999999999983,0.0,0.0,0.0,61.804166666666845,0.0,0.0,3041.1328890370382,2972.4615927407417,0.3313,0.3143,123.32189099999995,0.0,-0.0,0.0,123.32189099999995,123.32189099999995,0,2661.17,6.959999999999999,0
2025-06-21,30,2025-06-21T00:00:00,2025-06-21 05:10:00,2025-06-21 05:20:00,2025-06-14 05:20:00,PRICE-LAG7-COMPLETED,cvar_t0.90_r0.05_g0.02,Q2V2-SW2-REC5,A,A,B,2025-06-21T00:00:00,10800.0,10800.0,previous_confirmed_final_slot_and_issued_load_pv_forecast,2664.7178,116.7655,394.8991216666666,394.8991216666666,0.0,0.0,0.0,29.759595000000047,0.0,0.0,2972.4615927407417,2939.395376074075,0.3311,0.3191,126.01230972383331,0.0,-0.0,0.0,126.01230972383331,126.01230972383331,0,2645.41355,129.8686,0
2025-06-21,31,2025-06-21T00:00:00,2025-06-21 05:20:00,2025-06-21 05:30:00,2025-06-14 05:30:00,PRICE-LAG7-COMPLETED,cvar_t0.90_r0.05_g0.02,Q2V2-SW2-REC5,A,A,B,2025-06-21T00:00:00,10800.0,10800.0,previous_confirmed_final_slot_and_issued_load_pv_forecast,2606.871,263.9703,372.9283866666666,372.9283866666666,0.0,0.0,0.0,17.555063333333408,0.0,0.0,2939.395376074075,2919.8897501481492,0.3418,0.3488,130.0774212693333,0.0,-0.0,0.0,130.0774212693333,130.0774212693333,0,2680.5382,300.60008,0
2025-06-21,32,2025-06-21T00:00:00,2025-06-21 05:30:00,2025-06-21 05:40:00,2025-06-14 05:40:00,PRICE-LAG7-COMPLETED,cvar_t0.90_r0.05_g0.02,Q2V2-SW2-REC5,A,A,B,2025-06-21T00:00:00,10800.0,10800.0,previous_confirmed_final_slot_and_issued_load_pv_forecast,2642.15,417.075,334.735,334.735,0.0,0.0,0.0,36.110833333333346,0.0,0.0,2919.8897501481492,2879.766602000001,0.3206,0.3395,113.64253250000002,0.0,-0.0,0.0,113.64253250000002,113.64253250000002,0,2791.67,473.38500000000005,0
2025-06-21,33,2025-06-21T00:00:00,2025-06-21 05:40:00,2025-06-21 05:50:00,2025-06-14 05:50:00,PRICE-LAG7-COMPLETED,cvar_t0.90_r0.05_g0.02,Q2V2-SW2-REC5,A,A,B,2025-06-21T00:00:00,10800.0,10800.0,previous_confirmed_final_slot_and_issued_load_pv_forecast,2745.0641,587.5961,1173.3599749999998,1173.3599749999998,0.0,0.0,813.781975,0.0,0.0,0.0,2879.766602000001,3612.170379500001,0.2836,0.2621,307.5376494475,0.0,-0.0,0.0,307.5376494475,307.5376494475,0,2958.39035,653.2726399999999,0
2025-06-21,34,2025-06-21T00:00:00,2025-06-21 05:50:00,2025-06-21 06:00:00,2025-06-14 06:00:00,PRICE-LAG7-COMPLETED,cvar_t0.90_r0.05_g0.02,Q2V2-SW2-REC5,A,A,B,2025-06-21T00:00:00,10800.0,10800.0,previous_confirmed_final_slot_and_issued_load_pv_forecast,2758.042,735.8325,0.0,0.0,0.0,0.0,0.0,337.0349166666666,0.0,0.0,3612.170379500001,3237.6871387592605,0.443,0.4169,0.0,0.0,-0.0,0.0,0.0,0.0,0,2959.91215,852.976,0
2025-06-21,35,2025-06-21T00:00:00,2025-06-21 06:00:00,2025-06-21 06:10:00,2025-06-14 06:10:00,PRICE-LAG7-COMPLETED,cvar_t0.90_r0.05_g0.02,Q2V2-SW2-REC5,A,A,B,2025-06-21T00:00:00,10800.0,10800.0,previous_confirmed_final_slot_and_issued_load_pv_forecast,2741.64,890.7,0.0,0.0,0.0,0.0,0.0,308.48999999999995,0.0,0.0,3237.6871387592605,2894.920472092594,0.7178,0.7087,0.0,0.0,-0.0,0.0,0.0,0.0,1,2819.26,1062.945,6
2025-06-21,36,2025-06-21T00:00:00,2025-06-21 06:10:00,2025-06-21 06:20:00,2025-06-14 06:20:00,PRICE-LAG7-COMPLETED,cvar_t0.90_r0.05_g0.02,Q2V2-SW2-REC5,A,A,B,2025-06-21T00:00:00,10800.0,10800.0,previous_confirmed_final_slot_and_issued_load_pv_forecast,2888.7304,1136.9554,0.0,0.0,0.0,0.0,0.0,291.9625,0.0,0.0,2894.920472092594,2570.5176943148163,0.7798,0.7158,0.0,0.0,-0.0,0.0,0.0,0.0,1,2779.78545,1256.54658,6
2025-06-21,37,2025-06-21T00:00:00,2025-06-21 06:20:00,2025-06-21 06:30:00,2025-06-14 06:30:00,PRICE-LAG7-COMPLETED,cvar_t0.90_r0.05_g0.02,Q2V2-SW2-REC5,A,A,B,2025-06-21T00:00:00,10800.0,10800.0,previous_confirmed_final_slot_and_issued_load_pv_forecast,2932.231,1453.4028,0.0,0.0,0.0,0.0,0.0,246.47136666666668,0.0,0.0,2570.5176943148163,2296.660620240742,0.6862,0.6144,0.0,0.0,-0.0,0.0,0.0,0.0,1,2791.6893,1434.17042,6
2025-06-21,38,2025-06-21T00:00:00,2025-06-21 06:30:00,2025-06-21 06:40:00,2025-06-14 06:40:00,PRICE-LAG7-COMPLETED,cvar_t0.90_r0.05_g0.02,Q2V2-SW2-REC5,A,A,B,2025-06-21T00:00:00,10800.0,10800.0,previous_confirmed_final_slot_and_issued_load_pv_forecast,2764.02,1765.9125,0.0,0.0,0.0,0.0,0.0,166.35125,0.0,0.0,2296.660620240742,2111.8258980185196,0.5853,0.5732,0.0,0.0,-0.0,0.0,0.0,0.0,1,2762.75,1620.8775,6
2025-06-21,39,2025-06-21T00:00:00,2025-06-21 06:40:00,2025-06-21 06:50:00,2025-06-14 06:50:00,PRICE-LAG7-COMPLETED,cvar_t0.90_r0.05_g0.02,Q2V2-SW2-REC5,A,A,B,2025-06-21T00:00:00,10800.0,10800.0,previous_confirmed_final_slot_and_issued_load_pv_forecast,2606.6137,2022.3026,0.0,0.0,0.0,0.0,0.0,97.38518333333332,0.0,0.0,2111.8258980185196,2003.6201387592605,0.5782,0.586,0.0,0.0,-0.0,0.0,0.0,0.0,1,2693.8543,1852.11358,6
2025-06-21,40,2025-06-21T00:00:00,2025-06-21 06:50:00,2025-06-21 07:00:00,2025-06-14 07:00:00,PRICE-LAG7-COMPLETED,cvar_t0.90_r0.05_g0.02,Q2V2-SW2-REC5,A,A,B,2025-06-21T00:00:00,10800.0,10800.0,previous_confirmed_final_slot_and_issued_load_pv_forecast,2867.7649,2350.4923,0.0,0.0,0.0,0.0,0.0,86.21210000000008,0.0,0.0,2003.6201387592605,1907.8289165370381,0.6113,0.6004,0.0,0.0,-0.0,0.0,0.0,0.0,1,2808.52505,2132.60048,6
2025-06-21,41,2025-06-21T00:00:00,2025-06-21 07:00:00,2025-06-21 07:10:00,2025-06-14 07:10:00,PRICE-LAG7-COMPLETED,cvar_t0.90_r0.05_g0.02,Q2V2-SW2-REC5,A,A,B,2025-06-21T00:00:00,10800.0,10800.0,previous_confirmed_final_slot_and_issued_load_pv_forecast,3304.27,2699.25,0.0,0.0,0.0,0.0,0.0,100.83666666666659,0.0,0.0,1907.8289165370381,1795.7881757962975,0.6275,0.5991,0.0,0.0,-0.0,0.0,0.0,0.0,1,3080.455,2421.8475,6
2025-06-21,42,2025-06-21T00:00:00,2025-06-21 07:10:00,2025-06-21 07:20:00,2025-06-14 07:20:00,PRICE-LAG7-COMPLETED,cvar_t0.90_r0.05_g0.02,Q2V2-SW2-REC5,A,A,B,2025-06-21T00:00:00,10800.0,10800.0,previous_confirmed_final_slot_and_issued_load_pv_forecast,3254.3169,2874.6231,0.0,0.0,0.0,0.0,0.0,63.282299999999964,0.0,0.0,1795.7881757962975,1725.4745091296309,0.6147,0.598,0.0,0.0,-0.0,0.0,0.0,0.0,1,3241.0873,2659.8750800000003,6
2025-06-21,43,2025-06-21T00:00:00,2025-06-21 07:20:00,2025-06-21 07:30:00,2025-06-14 07:30:00,PRICE-LAG7-COMPLETED,cvar_t0.90_r0.05_g0.02,Q2V2-SW2-REC5,A,A,B,2025-06-21T00:00:00,10800.0,10800.0,previous_confirmed_final_slot_and_issued_load_pv_forecast,3137.5948,3006.0287,0.0,0.0,0.0,0.0,0.0,21.927683333333334,0.0,0.0,1725.4745091296309,1701.1104165370382,0.5999,0.5678,0.0,0.0,-0.0,0.0,0.0,0.0,1,3274.4816,2858.9655,6
2025-06-21,44,2025-06-21T00:00:00,2025-06-21 07:30:00,2025-06-21 07:40:00,2025-06-14 07:40:00,PRICE-LAG7-COMPLETED,cvar_t0.90_r0.05_g0.02,Q2V2-SW2-REC5,A,A,B,2025-06-21T00:00:00,10800.0,10800.0,previous_confirmed_final_slot_and_issued_load_pv_forecast,3174.85,3224.8875,0.0,0.0,0.0,0.0,8.33958333333328,0.0,0.0,0.0,1701.1104165370382,1708.6160415370382,0.5856,0.5032,0.0,0.0,-0.0,0.0,0.0,0.0,1,3257.55,3069.6150000000002,6
2025-06-21,45,2025-06-21T00:00:00,2025-06-21 07:40:00,2025-06-21 07:50:00,2025-06-14 07:50:00,PRICE-LAG7-COMPLETED,cvar_t0.90_r0.05_g0.02,Q2V2-SW2-REC5,A,A,B,2025-06-21T00:00:00,10800.0,10800.0,previous_confirmed_final_slot_and_issued_load_pv_forecast,3159.7263,3537.527,0.0,0.0,0.0,0.0,62.9667833333333,0.0,0.0,0.0,1708.6160415370382,1765.2861465370381,0.5668,0.4634,0.0,0.0,-0.0,0.0,0.0,0.0,1,3256.37365,3337.34582,6
2025-06-21,46,2025-06-21T00:00:00,2025-06-21 07:50:00,2025-06-21 08:00:00,2025-06-14 08:00:00,PRICE-LAG7-COMPLETED,cvar_t0.90_r0.05_g0.02,Q2V2-SW2-REC5,A,A,B,2025-06-21T00:00:00,10800.0,10800.0,previous_confirmed_final_slot_and_issued_load_pv_forecast,3087.5763,3785.3986,0.0,0.0,0.0,0.0,116.30371666666667,0.0,0.0,0.0,1765.2861465370381,1869.959491537038,0.6381,0.6087,0.0,0.0,-0.0,0.0,0.0,0.0,1,3196.4461,3611.5512800000006,6
2025-06-21,47,2025-06-21T00:00:00,2025-06-21 08:00:00,2025-06-21 08:10:00,2025-06-14 08:10:00,PRICE-LAG7-COMPLETED,cvar_t0.90_r0.05_g0.02,Q2V2-SW2-REC5,A,A,B,2025-06-21T00:00:00,10800.0,10800.0,previous_confirmed_final_slot_and_issued_load_pv_forecast,3062.36,4003.425,0.0,0.0,0.0,0.0,156.84416666666664,0.0,0.0,0.0,1869.959491537038,2011.119241537038,0.7683,0.8359,0.0,0.0,-0.0,0.0,0.0,0.0,1,3152.52,3879.2700000000004,6
2025-06-21,48,2025-06-21T00:00:00,2025-06-21 08:10:00,2025-06-21 08:20:00,2025-06-14 08:20:00,PRICE-LAG7-COMPLETED,cvar_t0.90_r0.05_g0.02,Q2V2-SW2-REC5,A,A,B,2025-06-21T00:00:00,10800.0,10800.0,previous_confirmed_final_slot_and_issued_load_pv_forecast,3162.0197,4334.7324,0.0,0.0,0.0,0.0,195.4521166666667,0.0,0.0,0.0,2011.119241537038,2187.026146537038,0.8108,0.8537,0.0,0.0,-0.0,0.0,0.0,0.0,1,3266.5627000000004,4166.60188,6
2025-06-21,49,2025-06-21T00:00:00,2025-06-21 08:20:00,2025-06-21 08:30:00,2025-06-14 08:30:00,PRICE-LAG7-COMPLETED,cvar_t0.90_r0.05_g0.02,Q2V2-SW2-REC5,A,A,B,2025-06-21T00:00:00,10800.0,10800.0,previous_confirmed_final_slot_and_issued_load_pv_forecast,3160.9922,4441.8035,0.0,0.0,0.0,0.0,213.46854999999994,0.0,0.0,0.0,2187.026146537038,2379.147841537038,0.7652,0.7708,0.0,0.0,-0.0,0.0,0.0,0.0,1,3229.7866999999997,4411.9322,6
2025-06-21,50,2025-06-21T00:00:00,2025-06-21 08:30:00,2025-06-21 08:40:00,2025-06-14 08:40:00,PRICE-LAG7-COMPLETED,cvar_t0.90_r0.05_g0.02,Q2V2-SW2-REC5,A,A,B,2025-06-21T00:00:00,10800.0,10800.0,previous_confirmed_final_slot_and_issued_load_pv_forecast,3037.59,4358.7,0.0,0.0,0.0,0.0,220.18499999999995,0.0,0.0,0.0,2379.147841537038,2577.3143415370378,0.7141,0.7264,0.0,0.0,-0.0,0.0,0.0,0.0,1,3054.8050000000003,4613.317499999999,6
2025-06-21,51,2025-06-21T00:00:00,2025-06-21 08:40:00,2025-06-21 08:50:00,2025-06-14 08:50:00,PRICE-LAG7-COMPLETED,cvar_t0.90_r0.05_g0.02,Q2V2-SW2-REC5,A,A,B,2025-06-21T00:00:00,10800.0,10800.0,previous_confirmed_final_slot_and_issued_load_pv_forecast,3030.9974,4479.895,0.0,0.0,0.0,0.0,241.48293333333334,0.0,0.0,0.0,2577.3143415370378,2794.648981537038,0.7457,0.7632,0.0,0.0,-0.0,0.0,0.0,0.0,1,3104.03305,4820.46364,6
2025-06-21,52,2025-06-21T00:00:00,2025-06-21 08:50:00,2025-06-21 09:00:00,2025-06-14 09:00:00,PRICE-LAG7-COMPLETED,cvar_t0.90_r0.05_g0.02,Q2V2-SW2-REC5,A,A,B,2025-06-21T00:00:00,10800.0,10800.0,previous_confirmed_final_slot_and_issued_load_pv_forecast,3289.939,4668.5166,0.0,0.0,0.0,0.0,229.76293333333342,0.0,0.0,0.0,2794.648981537038,3001.435621537038,0.7914,0.8305,0.0,0.0,-0.0,0.0,0.0,0.0,1,3390.53595,4966.99838,6
2025-06-21,53,2025-06-21T00:00:00,2025-06-21 09:00:00,2025-06-21 09:10:00,2025-06-14 09:10:00,PRICE-LAG7-COMPLETED,cvar_t0.90_r0.05_g0.02,Q2V2-SW2-REC5,A,A,B,2025-06-21T00:00:00,10800.0,10800.0,previous_confirmed_final_slot_and_issued_load_pv_forecast,3650.62,4746.075,0.0,0.0,0.0,0.0,182.57583333333332,0.0,0.0,0.0,3001.435621537038,3165.753871537038,0.7776,0.8764,0.0,0.0,-0.0,0.0,0.0,0.0,1,3742.27,5103.255,6
2025-06-21,54,2025-06-21T00:00:00,2025-06-21 09:10:00,2025-06-21 09:20:00,2025-06-14 09:20:00,PRICE-LAG7-COMPLETED,cvar_t0.90_r0.05_g0.02,Q2V2-SW2-REC5,A,A,B,2025-06-21T00:00:00,10800.0,10800.0,previous_confirmed_final_slot_and_issued_load_pv_forecast,3785.9011,4746.9534,0.0,0.0,0.0,0.0,160.17538333333334,0.0,0.0,0.0,3165.753871537038,3309.911716537038,0.7065,0.8731,0.0,0.0,-0.0,0.0,0.0,0.0,1,3934.5494,5361.55448,6
2025-06-21,55,2025-06-21T00:00:00,2025-06-21 09:20:00,2025-06-21 09:30:00,2025-06-14 09:30:00,PRICE-LAG7-COMPLETED,cvar_t0.90_r0.05_g0.02,Q2V2-SW2-REC5,A,A,B,2025-06-21T00:00:00,10800.0,10800.0,previous_confirmed_final_slot_and_issued_load_pv_forecast,3849.6183,5139.4381,0.0,0.0,0.0,0.0,214.96996666666678,0.0,0.0,0.0,3309.911716537038,3503.3846865370383,0.7355,0.8073,0.0,0.0,-0.0,0.0,0.0,0.0,1,3909.8797,5620.62352,6
2025-06-21,56,2025-06-21T00:00:00,2025-06-21 09:30:00,2025-06-21 09:40:00,2025-06-14 09:40:00,PRICE-LAG7-COMPLETED,cvar_t0.90_r0.05_g0.02,Q2V2-SW2-REC5,A,A,B,2025-06-21T00:00:00,10800.0,10800.0,previous_confirmed_final_slot_and_issued_load_pv_forecast,3824.6,5794.3125,0.0,0.0,0.0,0.0,328.2854166666667,0.0,0.0,0.0,3503.3846865370383,3798.8415615370386,0.8227,0.7234,0.0,0.0,-0.0,0.0,0.0,0.0,1,3786.5699999999997,5807.25,6
2025-06-21,57,2025-06-21T00:00:00,2025-06-21 09:40:00,2025-06-21 09:50:00,2025-06-14 09:50:00,PRICE-LAG7-COMPLETED,cvar_t0.90_r0.05_g0.02,Q2V2-SW2-REC5,A,A,B,2025-06-21T00:00:00,10800.0,10800.0,previous_confirmed_final_slot_and_issued_load_pv_forecast,3582.3586,6109.068,0.0,0.0,0.0,0.0,421.11823333333336,0.0,0.0,0.0,3798.8415615370386,4177.847971537039,0.77,0.6977,0.0,0.0,-0.0,0.0,0.0,0.0,1,3754.9353,5945.09396,6
2025-06-21,58,2025-06-21T00:00:00,2025-06-21 09:50:00,2025-06-21 10:00:00,2025-06-14 10:00:00,PRICE-LAG7-COMPLETED,cvar_t0.90_r0.05_g0.02,Q2V2-SW2-REC5,A,A,B,2025-06-21T00:00:00,10800.0,10800.0,previous_confirmed_final_slot_and_issued_load_pv_forecast,3687.9447,6385.1018,0.0,0.0,0.0,0.0,449.5261833333334,0.0,0.0,0.0,4177.847971537039,4582.421536537038,0.6999,0.7164,0.0,0.0,-0.0,0.0,0.0,0.0,1,3765.8577999999998,5999.8294399999995,6
2025-06-21,59,2025-06-21T00:00:00,2025-06-21 10:00:00,2025-06-21 10:10:00,2025-06-14 10:10:00,PRICE-LAG7-COMPLETED,cvar_t0.90_r0.05_g0.02,Q2V2-SW2-REC5,A,A,B,2025-06-21T00:00:00,10800.0,10800.0,previous_confirmed_final_slot_and_issued_load_pv_forecast,4000.14,6643.5375,0.0,0.0,0.0,0.0,440.56624999999997,0.0,0.0,0.0,4582.421536537038,4978.931161537038,0.712,0.7212,0.0,0.0,-0.0,0.0,0.0,0.0,1,3810.76,6076.3275,6
2025-06-21,60,2025-06-21T00:00:00,2025-06-21 10:10:00,2025-06-21 10:20:00,2025-06-14 10:20:00,PRICE-LAG7-COMPLETED,cvar_t0.90_r0.05_g0.02,Q2V2-SW2-REC5,A,A,B,2025-06-21T00:00:00,10800.0,10800.0,previous_confirmed_final_slot_and_issued_load_pv_forecast,3826.1041,6589.8893,0.0,0.0,0.0,0.0,460.63086666666663,0.0,0.0,0.0,4978.931161537038,5393.498941537038,0.7722,0.6702,0.0,0.0,-0.0,0.0,0.0,0.0,1,3910.55665,6332.06738,6
2025-06-21,61,2025-06-21T00:00:00,2025-06-21 10:20:00,2025-06-21 10:30:00,2025-06-14 10:30:00,PRICE-LAG7-COMPLETED,cvar_t0.90_r0.05_g0.02,Q2V2-SW2-REC5,A,A,B,2025-06-21T00:00:00,10800.0,10800.0,previous_confirmed_final_slot_and_issued_load_pv_forecast,3761.4976,6695.6004,0.0,0.0,0.0,0.0,489.0171333333333,0.0,0.0,0.0,5393.498941537038,5833.614361537038,0.7449,0.6649,0.0,0.0,-0.0,0.0,0.0,0.0,1,3815.9786000000004,6527.47108,6
2025-06-21,62,2025-06-21T00:00:00,2025-06-21 10:30:00,2025-06-21 10:40:00,2025-06-14 10:40:00,PRICE-LAG7-COMPLETED,cvar_t0.90_r0.05_g0.02,Q2V2-SW2-REC5,A,A,B,2025-06-21T00:00:00,10800.0,10800.0,previous_confirmed_final_slot_and_issued_load_pv_forecast,3901.91,7000.9875,0.0,0.0,0.0,0.0,516.5129166666667,0.0,0.0,0.0,5833.614361537038,6298.475986537038,0.6707,0.7152,0.0,0.0,-0.0,0.0,0.0,0.0,1,3647.835,6600.764999999999,6
2025-06-21,63,2025-06-21T00:00:00,2025-06-21 10:40:00,2025-06-21 10:50:00,2025-06-14 10:50:00,PRICE-LAG7-COMPLETED,cvar_t0.90_r0.05_g0.02,Q2V2-SW2-REC5,A,A,B,2025-06-21T00:00:00,10800.0,10800.0,previous_confirmed_final_slot_and_issued_load_pv_forecast,3726.7535,7093.8409,0.0,0.0,0.0,0.0,561.1812333333335,0.0,0.0,0.0,6298.475986537038,6803.539096537038,0.6941,0.7053,0.0,0.0,-0.0,0.0,0.0,0.0,1,3773.00975,6719.469439999999,6
2025-06-21,64,2025-06-21T00:00:00,2025-06-21 10:50:00,2025-06-21 11:00:00,2025-06-14 11:00:00,PRICE-LAG7-COMPLETED,cvar_t0.90_r0.05_g0.02,Q2V2-SW2-REC5,A,A,B,2025-06-21T00:00:00,10800.0,10800.0,previous_confirmed_final_slot_and_issued_load_pv_forecast,3565.5609,7243.1188,0.0,0.0,0.0,0.0,612.9263166666666,0.0,0.0,0.0,6803.539096537038,7355.172781537038,0.5907,0.5367,0.0,0.0,-0.0,0.0,0.0,0.0,1,3809.3412500000004,6854.70218,6
2025-06-21,65,2025-06-21T00:00:00,2025-06-21 11:00:00,2025-06-21 11:10:00,2025-06-14 11:10:00,PRICE-LAG7-COMPLETED,cvar_t0.90_r0.05_g0.02,Q2V2-SW2-REC5,A,A,B,2025-06-21T00:00:00,10800.0,10800.0,previous_confirmed_final_slot_and_issued_load_pv_forecast,3679.21,7400.1,0.0,0.0,0.0,0.0,620.1483333333333,0.0,0.0,0.0,7355.172781537038,7913.306281537038,0.3851,0.3314,0.0,0.0,-0.0,0.0,0.0,0.0,1,3674.65,6959.722499999999,6
2025-06-21,66,2025-06-21T00:00:00,2025-06-21 11:10:00,2025-06-21 11:20:00,2025-06-14 11:20:00,PRICE-LAG7-COMPLETED,cvar_t0.90_r0.05_g0.02,Q2V2-SW2-REC5,A,A,B,2025-06-21T00:00:00,10800.0,10800.0,previous_confirmed_final_slot_and_issued_load_pv_forecast,3945.6166,7306.5816,0.0,0.0,0.0,0.0,560.1608333333334,0.0,0.0,0.0,7913.306281537038,8417.451031537037,0.3485,0.3161,0.0,0.0,-0.0,0.0,0.0,0.0,1,3665.6398,7008.954819999999,6
2025-06-21,67,2025-06-21T00:00:00,2025-06-21 11:20:00,2025-06-21 11:30:00,2025-06-14 11:30:00,PRICE-LAG7-COMPLETED,cvar_t0.90_r0.05_g0.02,Q2V2-SW2-REC5,A,A,B,2025-06-21T00:00:00,10800.0,10800.0,previous_confirmed_final_slot_and_issued_load_pv_forecast,3900.6403,7782.8954,0.0,0.0,0.0,0.0,647.0425166666666,0.0,0.0,0.0,8417.451031537037,8999.789296537037,0.3707,0.2901,0.0,0.0,-0.0,0.0,0.0,0.0,1,3638.08345,6928.965099999999,6
2025-06-21,68,2025-06-21T00:00:00,2025-06-21 11:30:00,2025-06-21 11:40:00,2025-06-14 11:40:00,PRICE-LAG7-COMPLETED,cvar_t0.90_r0.05_g0.02,Q2V2-SW2-REC5,A,A,B,2025-06-21T00:00:00,10800.0,10800.0,previous_confirmed_final_slot_and_issued_load_pv_forecast,3645.76,8490.225,0.0,0.0,0.0,0.0,807.4108333333332,0.0,0.0,0.0,8999.789296537037,9726.459046537037,0.3699,0.2072,0.0,0.0,-0.0,0.0,0.0,0.0,1,3600.4449999999997,6740.970000000001,6
2025-06-21,69,2025-06-21T00:00:00,2025-06-21 11:40:00,2025-06-21 11:50:00,2025-06-14 11:50:00,PRICE-LAG7-COMPLETED,cvar_t0.90_r0.05_g0.02,Q2V2-SW2-REC5,A,A,B,2025-06-21T00:00:00,10800.0,10800.0,previous_confirmed_final_slot_and_issued_load_pv_forecast,3705.1427,8180.7164,0.0,0.0,0.0,0.0,745.92895,0.0,0.0,0.0,9726.459046537037,10397.795101537036,0.3802,0.2258,0.0,0.0,-0.0,0.0,0.0,0.0,1,3727.8269499999997,6570.14364,6
2025-06-21,70,2025-06-21T00:00:00,2025-06-21 11:50:00,2025-06-21 12:00:00,2025-06-14 12:00:00,PRICE-LAG7-COMPLETED,cvar_t0.90_r0.05_g0.02,Q2V2-SW2-REC5,A,A,B,2025-06-21T00:00:00,10800.0,10800.0,previous_confirmed_final_slot_and_issued_load_pv_forecast,3724.3133,7677.6706,0.0,0.0,0.0,0.0,446.8943316255152,0.0,0.0,211.99855170781825,10397.795101537036,10800.0,0.3883,0.2711,0.0,0.0,-0.0,0.0,0.0,0.0,1,3801.4570000000003,6523.94016,6
2025-06-21,71,2025-06-21T00:00:00,2025-06-21 12:00:00,2025-06-21 12:10:00,2025-06-14 12:10:00,PRICE-LAG7-COMPLETED,cvar_t0.90_r0.05_g0.02,Q2V2-SW2-REC5,A,A,B,2025-06-21T00:00:00,10800.0,10800.0,previous_confirmed_final_slot_and_issued_load_pv_forecast,3631.08,7665.1125,0.0,0.0,0.0,0.0,0.0,0.0,0.0,672.33875,10800.0,10800.0,0.3877,0.2744,0.0,0.0,-0.0,0.0,0.0,0.0,1,3794.4750000000004,6577.2675,12
2025-06-21,72,2025-06-21T00:00:00,2025-06-21 12:10:00,2025-06-21 12:20:00,2025-06-14 12:20:00,PRICE-LAG7-COMPLETED,cvar_t0.90_r0.05_g0.02,Q2V2-SW2-REC5,A,A,B,2025-06-21T00:00:00,10800.0,10800.0,previous_confirmed_final_slot_and_issued_load_pv_forecast,3735.5415,8044.2631,0.0,0.0,0.0,0.0,0.0,0.0,0.0,718.1202666666666,10800.0,10800.0,0.3872,0.2473,0.0,0.0,-0.0,0.0,0.0,0.0,1,3875.4752500000004,6622.3780400000005,12
2025-06-21,73,2025-06-21T00:00:00,2025-06-21 12:20:00,2025-06-21 12:30:00,2025-06-14 12:30:00,PRICE-LAG7-COMPLETED,cvar_t0.90_r0.05_g0.02,Q2V2-SW2-REC5,A,A,B,2025-06-21T00:00:00,10800.0,10800.0,previous_confirmed_final_slot_and_issued_load_pv_forecast,3852.2352,8300.9755,0.0,0.0,0.0,0.0,0.0,0.0,0.0,741.4567166666668,10800.0,10800.0,0.3754,0.2497,0.0,0.0,-0.0,0.0,0.0,0.0,1,3836.4512999999997,6718.326120000001,12
2025-06-21,74,2025-06-21T00:00:00,2025-06-21 12:30:00,2025-06-21 12:40:00,2025-06-14 12:40:00,PRICE-LAG7-COMPLETED,cvar_t0.90_r0.05_g0.02,Q2V2-SW2-REC5,A,A,B,2025-06-21T00:00:00,10800.0,10800.0,previous_confirmed_final_slot_and_issued_load_pv_forecast,3928.56,8383.0125,0.0,0.0,0.0,0.0,0.0,0.0,0.0,742.40875,10800.0,10800.0,0.3255,0.2484,0.0,0.0,-0.0,0.0,0.0,0.0,1,3710.9300000000003,6732.045,12
2025-06-21,75,2025-06-21T00:00:00,2025-06-21 12:40:00,2025-06-21 12:50:00,2025-06-14 12:50:00,PRICE-LAG7-COMPLETED,cvar_t0.90_r0.05_g0.02,Q2V2-SW2-REC5,A,A,B,2025-06-21T00:00:00,10800.0,10800.0,previous_confirmed_final_slot_and_issued_load_pv_forecast,4059.9044,8605.7877,47.77294000000285,0.0,0.0,47.77294000000285,0.0,0.0,0.0,757.6472166666668,10800.0,10800.0,0.2585,0.1828,8.73289343200052,0.0,-4.36644671600026,0.0,4.36644671600026,4.36644671600026,1,3750.60835,6444.76264,12
2025-06-21,76,2025-06-21T00:00:00,2025-06-21 12:50:00,2025-06-21 13:00:00,2025-06-14 13:00:00,PRICE-LAG7-COMPLETED,cvar_t0.90_r0.05_g0.02,Q2V2-SW2-REC5,A,A,B,2025-06-21T00:00:00,10800.0,10800.0,previous_confirmed_final_slot_and_issued_load_pv_forecast,3912.5928,8542.7209,0.0,0.0,0.0,0.0,0.0,0.0,0.0,771.6880166666667,10800.0,10800.0,0.4119,0.2868,0.0,0.0,-0.0,0.0,0.0,0.0,1,3740.261,6221.882,12
2025-06-21,77,2025-06-21T00:00:00,2025-06-21 13:00:00,2025-06-21 13:10:00,2025-06-14 13:10:00,PRICE-LAG7-COMPLETED,cvar_t0.90_r0.05_g0.02,Q2V2-SW2-REC5,A,A,B,2025-06-21T00:00:00,10800.0,10800.0,previous_confirmed_final_slot_and_issued_load_pv_forecast,3688.01,8049.6,0.0,0.0,0.0,0.0,0.0,0.0,0.0,726.9316666666666,10800.0,10800.0,0.6948,0.5464,0.0,0.0,-0.0,0.0,0.0,0.0,1,3708.815,6261.915000000001,12
2025-06-21,78,2025-06-21T00:00:00,2025-06-21 13:10:00,2025-06-21 13:20:00,2025-06-14 13:20:00,PRICE-LAG7-COMPLETED,cvar_t0.90_r0.05_g0.02,Q2V2-SW2-REC5,A,A,B,2025-06-21T00:00:00,10800.0,10800.0,previous_confirmed_final_slot_and_issued_load_pv_forecast,3910.4683,7493.4162,0.0,0.0,0.0,0.0,0.0,0.0,0.0,597.1579833333333,10800.0,10800.0,0.7571,0.681,0.0,0.0,-0.0,0.0,0.0,0.0,1,3891.64825,6396.46986,12
2025-06-21,79,2025-06-21T00:00:00,2025-06-21 13:20:00,2025-06-21 13:30:00,2025-06-14 13:30:00,PRICE-LAG7-COMPLETED,cvar_t0.90_r0.05_g0.02,Q2V2-SW2-REC5,A,A,B,2025-06-21T00:00:00,10800.0,10800.0,previous_confirmed_final_slot_and_issued_load_pv_forecast,3862.6154,7354.9231,0.0,0.0,0.0,0.0,0.0,0.0,0.0,582.0512833333333,10800.0,10800.0,0.7343,0.6383,0.0,0.0,-0.0,0.0,0.0,0.0,1,3914.45565,6272.400900000001,12
2025-06-21,80,2025-06-21T00:00:00,2025-06-21 13:30:00,2025-06-21 13:40:00,2025-06-14 13:40:00,PRICE-LAG7-COMPLETED,cvar_t0.90_r0.05_g0.02,Q2V2-SW2-REC5,A,A,B,2025-06-21T00:00:00,10800.0,10800.0,previous_confirmed_final_slot_and_issued_load_pv_forecast,3589.29,7340.8875,0.0,0.0,0.0,0.0,0.0,0.0,0.0,625.2662499999999,10800.0,10800.0,0.7449,0.5716,0.0,0.0,-0.0,0.0,0.0,0.0,1,3768.44,5966.6625,12
2025-06-21,81,2025-06-21T00:00:00,2025-06-21 13:40:00,2025-06-21 13:50:00,2025-06-14 13:50:00,PRICE-LAG7-COMPLETED,cvar_t0.90_r0.05_g0.02,Q2V2-SW2-REC5,A,A,B,2025-06-21T00:00:00,10800.0,10800.0,previous_confirmed_final_slot_and_issued_load_pv_forecast,3849.2221,6714.7449,0.0,0.0,0.0,0.0,0.0,0.0,0.0,477.5871333333332,10800.0,10800.0,0.7632,0.6829,0.0,0.0,-0.0,0.0,0.0,0.0,1,3835.3818499999998,5881.3138,12
2025-06-21,82,2025-06-21T00:00:00,2025-06-21 13:50:00,2025-06-21 14:00:00,2025-06-14 14:00:00,PRICE-LAG7-COMPLETED,cvar_t0.90_r0.05_g0.02,Q2V2-SW2-REC5,A,A,B,2025-06-21T00:00:00,10800.0,10800.0,previous_confirmed_final_slot_and_issued_load_pv_forecast,3978.2382,6127.755,0.0,0.0,0.0,0.0,0.0,0.0,0.0,358.2528000000001,10800.0,10800.0,0.7605,0.797,0.0,0.0,-0.0,0.0,0.0,0.0,1,3977.81445,5838.223,12
2025-06-21,83,2025-06-21T00:00:00,2025-06-21 14:00:00,2025-06-21 14:10:00,2025-06-14 14:10:00,PRICE-LAG7-COMPLETED,cvar_t0.90_r0.05_g0.02,Q2V2-SW2-REC5,A,A,B,2025-06-21T00:00:00,10800.0,10800.0,previous_confirmed_final_slot_and_issued_load_pv_forecast,3861.85,5956.2,0.0,0.0,0.0,0.0,0.0,0.0,0.0,349.0583333333333,10800.0,10800.0,0.7589,0.8133,0.0,0.0,-0.0,0.0,0.0,0.0,1,4063.36,5751.9075,12
2025-06-21,84,2025-06-21T00:00:00,2025-06-21 14:10:00,2025-06-21 14:20:00,2025-06-14 14:20:00,PRICE-LAG7-COMPLETED,cvar_t0.90_r0.05_g0.02,Q2V2-SW2-REC5,A,A,B,2025-06-21T00:00:00,10800.0,10800.0,previous_confirmed_final_slot_and_issued_load_pv_forecast,4047.8905,5941.7978,0.0,0.0,0.0,0.0,0.0,0.0,0.0,315.65121666666664,10800.0,10800.0,0.797,0.7993,0.0,0.0,-0.0,0.0,0.0,0.0,1,4089.9032,5718.60132,12
2025-06-21,85,2025-06-21T00:00:00,2025-06-21 14:20:00,2025-06-21 14:30:00,2025-06-14 14:30:00,PRICE-LAG7-COMPLETED,cvar_t0.90_r0.05_g0.02,Q2V2-SW2-REC5,A,A,B,2025-06-21T00:00:00,10800.0,10800.0,previous_confirmed_final_slot_and_issued_load_pv_forecast,4095.2281,5827.294,0.0,0.0,0.0,0.0,0.0,0.0,0.0,288.67764999999997,10800.0,10800.0,0.7902,0.8114,0.0,0.0,-0.0,0.0,0.0,0.0,1,4018.9884,5597.655000000001,12
2025-06-21,86,2025-06-21T00:00:00,2025-06-21 14:30:00,2025-06-21 14:40:00,2025-06-14 14:40:00,PRICE-LAG7-COMPLETED,cvar_t0.90_r0.05_g0.02,Q2V2-SW2-REC5,A,A,B,2025-06-21T00:00:00,10800.0,10800.0,previous_confirmed_final_slot_and_issued_load_pv_forecast,4007.39,5738.1375,0.0,0.0,0.0,0.0,0.0,0.0,0.0,288.4579166666666,10800.0,10800.0,0.7831,0.8574,0.0,0.0,-0.0,0.0,0.0,0.0,1,3918.8450000000003,5364.4574999999995,12
2025-06-21,87,2025-06-21T00:00:00,2025-06-21 14:40:00,2025-06-21 14:50:00,2025-06-14 14:50:00,PRICE-LAG7-COMPLETED,cvar_t0.90_r0.05_g0.02,Q2V2-SW2-REC5,A,A,B,2025-06-21T00:00:00,10800.0,10800.0,previous_confirmed_final_slot_and_issued_load_pv_forecast,4227.0513,5964.2607,0.0,0.0,0.0,0.0,0.0,0.0,0.0,289.5348999999999,10800.0,10800.0,0.8748,0.8672,0.0,0.0,-0.0,0.0,0.0,0.0,1,3926.1388500000003,5163.505,12
2025-06-21,88,2025-06-21T00:00:00,2025-06-21 14:50:00,2025-06-21 15:00:00,2025-06-14 15:00:00,PRICE-LAG7-COMPLETED,cvar_t0.90_r0.05_g0.02,Q2V2-SW2-REC5,A,A,B,2025-06-21T00:00:00,10800.0,10800.0,previous_confirmed_final_slot_and_issued_load_pv_forecast,4182.4486,5979.2451,0.0,0.0,0.0,0.0,0.0,0.0,0.0,299.46608333333336,10800.0,10800.0,0.7603,0.6527,0.0,0.0,-0.0,0.0,0.0,0.0,1,3983.0701,5095.406860000001,12
2025-06-21,89,2025-06-21T00:00:00,2025-06-21 15:00:00,2025-06-21 15:10:00,2025-06-14 15:10:00,PRICE-LAG7-COMPLETED,cvar_t0.90_r0.05_g0.02,Q2V2-SW2-REC5,A,A,B,2025-06-21T00:00:00,10800.0,10800.0,previous_confirmed_final_slot_and_issued_load_pv_forecast,3879.68,5680.4625,0.0,0.0,0.0,0.0,0.0,0.0,0.0,300.13041666666663,10800.0,10800.0,0.5113,0.3818,0.0,0.0,-0.0,0.0,0.0,0.0,1,4005.795,5052.165,12
2025-06-21,90,2025-06-21T00:00:00,2025-06-21 15:10:00,2025-06-21 15:20:00,2025-06-14 15:20:00,PRICE-LAG7-COMPLETED,cvar_t0.90_r0.05_g0.02,Q2V2-SW2-REC5,A,A,B,2025-06-21T00:00:00,10800.0,10800.0,previous_confirmed_final_slot_and_issued_load_pv_forecast,3916.2335,5457.1539,6.578863333333288,0.0,0.0,6.578863333333288,0.0,0.0,0.0,256.8200666666668,10800.0,10800.0,0.5197,0.4347,2.8598318909999803,0.0,-1.4299159454999901,0.0,1.4299159454999901,1.4299159454999901,1,3970.1000000000004,4828.783359999999,12
2025-06-21,91,2025-06-21T00:00:00,2025-06-21 15:20:00,2025-06-21 15:30:00,2025-06-14 15:30:00,PRICE-LAG7-COMPLETED,cvar_t0.90_r0.05_g0.02,Q2V2-SW2-REC5,A,A,B,2025-06-21T00:00:00,10800.0,10800.0,previous_confirmed_final_slot_and_issued_load_pv_forecast,3924.3398,5153.0688,27.022013333333348,0.0,0.0,27.022013333333348,0.0,0.0,0.0,204.7881666666666,10800.0,10800.0,0.5555,0.5156,13.932550074666672,0.0,-6.966275037333336,0.0,6.966275037333336,6.966275037333336,1,3989.5406000000003,4604.218760000001,12
2025-06-21,92,2025-06-21T00:00:00,2025-06-21 15:30:00,2025-06-21 15:40:00,2025-06-14 15:40:00,PRICE-LAG7-COMPLETED,cvar_t0.90_r0.05_g0.02,Q2V2-SW2-REC5,A,A,B,2025-06-21T00:00:00,10800.0,10800.0,previous_confirmed_final_slot_and_issued_load_pv_forecast,3875.5,4811.1,56.45375000000013,0.0,0.0,56.45375000000013,0.0,0.0,0.0,155.9333333333334,10800.0,10800.0,0.5315,0.4952,27.95589700000006,0.0,-13.97794850000003,0.0,13.97794850000003,13.97794850000003,1,4091.1500000000005,4410.3825,12
2025-06-21,93,2025-06-21T00:00:00,2025-06-21 15:40:00,2025-06-21 15:50:00,2025-06-14 15:50:00,PRICE-LAG7-COMPLETED,cvar_t0.90_r0.05_g0.02,Q2V2-SW2-REC5,A,A,B,2025-06-21T00:00:00,10800.0,10800.0,previous_confirmed_final_slot_and_issued_load_pv_forecast,4137.0155,4680.9532,154.53382999999985,27.570752847221996,0.0,126.96307715277786,0.0,0.0,0.0,118.22703618055527,10800.0,10800.0,0.598,0.5311,82.07291711299992,0.0,-33.715045137920164,0.0,48.35787197507975,48.35787197507975,1,4183.10615,4096.61348,12
2025-06-21,94,2025-06-21T00:00:00,2025-06-21 15:50:00,2025-06-21 16:00:00,2025-06-14 16:00:00,PRICE-LAG7-COMPLETED,cvar_t0.90_r0.05_g0.02,Q2V2-SW2-REC5,A,A,B,2025-06-21T00:00:00,10800.0,10800.0,previous_confirmed_final_slot_and_issued_load_pv_forecast,4317.2602,4481.2341,170.56960999999984,69.95362902777767,0.0,100.61598097222218,0.0,0.0,0.0,97.28261236111098,10800.0,10800.0,0.6453,0.5692,97.08822201199992,0.0,-28.635308184694434,0.0,68.45291382730548,68.45291382730548,1,4189.540499999999,3759.25274,12
2025-06-21,95,2025-06-21T00:00:00,2025-06-21 16:00:00,2025-06-21 16:10:00,2025-06-14 16:10:00,PRICE-LAG7-COMPLETED,cvar_t0.90_r0.05_g0.02,Q2V2-SW2-REC5,A,A,B,2025-06-21T00:00:00,10800.0,10800.0,previous_confirmed_final_slot_and_issued_load_pv_forecast,4217.43,4055.4,150.52583333333314,121.54292729166671,0.0,28.982906041666425,0.0,0.0,0.0,94.53792729166673,10800.0,10800.0,0.6525,0.5723,86.14593441666656,0.0,-8.293458563822847,0.0,77.85247585284371,77.85247585284371,1,4234.785,3480.7650000000003,12
2025-06-21,96,2025-06-21T00:00:00,2025-06-21 16:10:00,2025-06-21 16:20:00,2025-06-14 16:20:00,PRICE-LAG7-COMPLETED,cvar_t0.90_r0.05_g0.02,Q2V2-SW2-REC5,A,A,B,2025-06-21T00:00:00,10800.0,10800.0,previous_confirmed_final_slot_and_issued_load_pv_forecast,4034.2858,3562.8565,278.43342833333327,202.4569143749999,0.0,75.97651395833336,0.0,0.0,0.0,123.88536437499988,10800.0,10800.0,0.7111,0.5744,159.93216123466664,0.0,-21.82045480883334,0.0,138.1117064258333,138.1117064258333,1,4457.0016,3258.3558199999998,12
2025-06-21,97,2025-06-21T00:00:00,2025-06-21 16:20:00,2025-06-21 16:30:00,2025-06-14 16:30:00,PRICE-LAG7-COMPLETED,cvar_t0.90_r0.05_g0.02,Q2V2-SW2-REC5,A,A,B,2025-06-21T00:00:00,10800.0,10800.0,previous_confirmed_final_slot_and_issued_load_pv_forecast,3980.7146,3361.4888,268.73062865000014,203.60896826388898,0.0,65.12166038611116,0.0,0.0,0.0,100.404668263889,10800.0,10800.0,0.7376,0.599,160.9696465613501,0.0,-19.50393728564029,0.0,141.4657092757098,141.4657092757098,1,4310.51645,3062.8597,12
2025-06-21,98,2025-06-21T00:00:00,2025-06-21 16:30:00,2025-06-21 16:40:00,2025-06-14 16:40:00,PRICE-LAG7-COMPLETED,cvar_t0.90_r0.05_g0.02,Q2V2-SW2-REC5,A,A,B,2025-06-21T00:00:00,10800.0,10800.0,previous_confirmed_final_slot_and_issued_load_pv_forecast,4042.02,3406.575,230.2499999999999,183.85316875000026,0.0,46.39683124999962,0.0,0.0,0.0,77.94566875000021,10800.0,10800.0,0.715,0.6284,144.6890999999999,0.0,-14.57788437874988,0.0,130.11121562125004,130.11121562125004,1,3995.38,2890.7775,12
2025-06-21,99,2025-06-21T00:00:00,2025-06-21 16:40:00,2025-06-21 16:50:00,2025-06-14 16:50:00,PRICE-LAG7-COMPLETED,cvar_t0.90_r0.05_g0.02,Q2V2-SW2-REC5,A,A,B,2025-06-21T00:00:00,10800.0,10800.0,previous_confirmed_final_slot_and_issued_load_pv_forecast,3983.774,3291.2298,301.3551133333335,250.08447729166653,0.0,51.27063604166699,0.0,0.0,0.0,134.6604439583332,10800.0,10800.0,0.7132,0.6239,188.0154552086668,0.0,-15.993874913198018,0.0,172.02158029546877,172.02158029546877,1,4213.5892,2747.92818,12
2025-06-21,100,2025-06-21T00:00:00,2025-06-21 16:50:00,2025-06-21 17:00:00,2025-06-14 17:00:00,PRICE-LAG7-COMPLETED,cvar_t0.90_r0.05_g0.02,Q2V2-SW2-REC5,A,A,B,2025-06-21T00:00:00,10800.0,10800.0,previous_confirmed_final_slot_and_issued_load_pv_forecast,3621.8931,2964.175,345.34298499999994,262.3948915972222,0.0,82.94809340277772,0.0,0.0,0.0,152.775208263889,10800.0,10800.0,0.7008,0.6144,212.17872998399994,0.0,-25.48165429333331,0.0,186.69707569066662,186.69707569066662,1,4057.6127500000002,2556.08282,12
2025-06-21,101,2025-06-21T00:00:00,2025-06-21 17:00:00,2025-06-21 17:10:00,2025-06-14 17:10:00,PRICE-LAG7-COMPLETED,cvar_t0.90_r0.05_g0.02,Q2V2-SW2-REC5,A,A,B,2025-06-21T00:00:00,10800.0,10800.0,previous_confirmed_final_slot_and_issued_load_pv_forecast,3240.3,2623.6125,290.58625000000006,210.27609083333343,0.0,80.31015916666664,0.0,0.0,0.0,107.49484083333346,10800.0,10800.0,0.6782,0.6289,182.74969262500005,0.0,-25.253529549958323,0.0,157.49616307504172,157.49616307504172,1,3526.6400000000003,2312.91,12
2025-06-21,102,2025-06-21T00:00:00,2025-06-21 17:10:00,2025-06-21 17:20:00,2025-06-14 17:20:00,PRICE-LAG7-COMPLETED,cvar_t0.90_r0.05_g0.02,Q2V2-SW2-REC5,A,A,B,2025-06-21T00:00:00,10800.0,10800.0,previous_confirmed_final_slot_and_issued_load_pv_forecast,3335.0072,2479.2426,265.51893000000007,265.51893000000007,0.0,0.0,0.0,0.0,0.0,122.89149666666674,10800.0,10800.0,0.6904,0.6705,178.03044256500004,0.0,-0.0,0.0,178.03044256500004,178.03044256500004,1,3567.98005,2094.90516,12
2025-06-21,103,2025-06-21T00:00:00,2025-06-21 17:20:00,2025-06-21 17:30:00,2025-06-14 17:30:00,PRICE-LAG7-COMPLETED,cvar_t0.90_r0.05_g0.02,Q2V2-SW2-REC5,A,A,B,2025-06-21T00:00:00,10800.0,10800.0,previous_confirmed_final_slot_and_issued_load_pv_forecast,3462.6248,2185.8548,328.0871266666667,328.0871266666667,0.0,0.0,0.0,0.0,0.0,115.29212666666672,10800.0,10800.0,0.7296,0.7075,232.1216421166667,0.0,-0.0,0.0,232.1216421166667,232.1216421166667,1,3672.33465,1903.6950999999997,12
2025-06-21,104,2025-06-21T00:00:00,2025-06-21 17:30:00,2025-06-21 17:40:00,2025-06-14 17:40:00,PRICE-LAG7-COMPLETED,cvar_t0.90_r0.05_g0.02,Q2V2-SW2-REC5,A,A,B,2025-06-21T00:00:00,10800.0,10800.0,previous_confirmed_final_slot_and_issued_load_pv_forecast,3484.27,1750.4625,420.5229166666667,405.0075839154662,0.0,15.515332751200447,0.0,0.0,0.0,116.03966724879956,10800.0,10800.0,0.7357,0.7038,295.96402875,0.0,-5.459845595147437,0.0,290.50418315485257,290.50418315485257,1,3582.2200000000003,1694.7375,12
2025-06-21,105,2025-06-21T00:00:00,2025-06-21 17:40:00,2025-06-21 17:50:00,2025-06-14 17:50:00,PRICE-LAG7-COMPLETED,cvar_t0.90_r0.05_g0.02,Q2V2-SW2-REC5,A,A,B,2025-06-21T00:00:00,10800.0,10800.0,previous_confirmed_final_slot_and_issued_load_pv_forecast,3649.2081,1528.3871,415.3272066666666,415.3272066666666,0.0,0.0,0.0,0.0,0.0,61.857039999999984,10800.0,10800.0,0.6876,0.6796,282.2563696506666,0.0,-0.0,0.0,282.2563696506666,282.2563696506666,1,3576.835,1431.26774,12
2025-06-21,106,2025-06-21T00:00:00,2025-06-21 17:50:00,2025-06-21 18:00:00,2025-06-14 18:00:00,PRICE-LAG7-COMPLETED,cvar_t0.90_r0.05_g0.02,Q2V2-SW2-REC5,A,A,B,2025-06-21T00:00:00,10800.0,10800.0,previous_confirmed_final_slot_and_issued_load_pv_forecast,3604.3529,1310.4274,440.274335,440.274335,0.0,0.0,0.0,0.0,0.0,57.95341833333339,10800.0,10800.0,0.8538,0.8445,371.81167590750005,0.0,-0.0,0.0,371.81167590750005,371.81167590750005,1,3567.2091499999997,1208.10086,12
2025-06-21,107,2025-06-21T00:00:00,2025-06-21 18:00:00,2025-06-21 18:10:00,2025-06-14 18:10:00,PRICE-LAG7-COMPLETED,cvar_t0.90_r0.05_g0.02,Q2V2-SW2-REC5,A,A,B,2025-06-21T00:00:00,10800.0,10800.0,previous_confirmed_final_slot_and_issued_load_pv_forecast,3349.51,1034.1,349.48583333333335,349.48583333333335,0.0,0.0,0.0,36.41583333333335,0.0,0.0,10800.0,10759.537962962962,1.145,1.1012,384.85379966666665,0.0,-0.0,0.0,384.85379966666665,384.85379966666665,1,3523.5299999999997,1038.0149999999999,18
2025-06-21,108,2025-06-21T00:00:00,2025-06-21 18:10:00,2025-06-21 18:20:00,2025-06-14 18:20:00,PRICE-LAG7-COMPLETED,cvar_t0.90_r0.05_g0.02,Q2V2-SW2-REC5,A,A,B,2025-06-21T00:00:00,10800.0,10800.0,previous_confirmed_final_slot_and_issued_load_pv_forecast,3274.4828,860.3286,167.576310000001,167.576310000001,0.0,0.0,0.0,234.78272333333229,0.0,0.0,10759.537962962962,10498.668270370372,1.1825,1.1314,189.59583713400113,0.0,-0.0,0.0,189.59583713400113,189.59583713400113,1,3541.39765,842.04612,18
2025-06-21,109,2025-06-21T00:00:00,2025-06-21 18:20:00,2025-06-21 18:30:00,2025-06-14 18:30:00,PRICE-LAG7-COMPLETED,cvar_t0.90_r0.05_g0.02,Q2V2-SW2-REC5,A,A,B,2025-06-21T00:00:00,10800.0,10800.0,previous_confirmed_final_slot_and_issued_load_pv_forecast,3297.0032,677.2547,522.7577066666665,522.7577066666665,0.0,0.0,86.13295666666647,0.0,0.0,0.0,10498.668270370372,10576.187931370372,1.1453,1.1374,594.5846155626665,0.0,-0.0,0.0,594.5846155626665,594.5846155626665,1,3589.004,634.7583400000001,18
2025-06-21,110,2025-06-21T00:00:00,2025-06-21 18:30:00,2025-06-21 18:40:00,2025-06-14 18:40:00,PRICE-LAG7-COMPLETED,cvar_t0.90_r0.05_g0.02,Q2V2-SW2-REC5,A,A,B,2025-06-21T00:00:00,10800.0,10800.0,previous_confirmed_final_slot_and_issued_load_pv_forecast,3342.79,452.7,544.2437499999999,544.2437499999999,0.0,0.0,62.56208333333325,0.0,0.0,0.0,10576.187931370372,10632.493806370372,1.1592,1.1803,642.3708981249998,0.0,-0.0,0.0,642.3708981249998,642.3708981249998,1,3679.5649999999996,446.46000000000004,18
2025-06-21,111,2025-06-21T00:00:00,2025-06-21 18:40:00,2025-06-21 18:50:00,2025-06-14 18:50:00,PRICE-LAG7-COMPLETED,cvar_t0.90_r0.05_g0.02,Q2V2-SW2-REC5,A,A,B,2025-06-21T00:00:00,10800.0,10800.0,previous_confirmed_final_slot_and_issued_load_pv_forecast,3456.8314,276.0564,558.0107083333332,558.0107083333332,0.0,0.0,27.881541666666635,0.0,0.0,0.0,10632.493806370372,10657.587193870371,1.1651,1.1266,628.6548640083332,0.0,-0.0,0.0,628.6548640083332,628.6548640083332,1,3835.06495,287.77142,18
2025-06-21,112,2025-06-21T00:00:00,2025-06-21 18:50:00,2025-06-21 19:00:00,2025-06-14 19:00:00,PRICE-LAG7-COMPLETED,cvar_t0.90_r0.05_g0.02,Q2V2-SW2-REC5,A,A,B,2025-06-21T00:00:00,10800.0,10800.0,previous_confirmed_final_slot_and_issued_load_pv_forecast,3634.5648,121.8367,590.1792516666668,590.1792516666668,0.0,0.0,4.724568333333423,0.0,0.0,0.0,10657.587193870371,10661.839305370371,1.1574,1.153,680.4766771716669,0.0,-0.0,0.0,680.4766771716669,680.4766771716669,1,3814.2079000000003,129.44294,18
2025-06-21,113,2025-06-21T00:00:00,2025-06-21 19:00:00,2025-06-21 19:10:00,2025-06-14 19:10:00,PRICE-LAG7-COMPLETED,cvar_t0.90_r0.05_g0.02,Q2V2-SW2-REC5,A,A,B,2025-06-21T00:00:00,10800.0,10800.0,previous_confirmed_final_slot_and_issued_load_pv_forecast,3852.72,7.7625,555.8966666666666,555.8966666666666,0.0,0.0,0.0,84.9295833333332,0.0,0.0,10661.839305370371,10567.473101666668,1.1686,1.2618,701.430414,0.0,-0.0,0.0,701.430414,701.430414,1,3675.3,6.660000000000001,18
2025-06-21,114,2025-06-21T00:00:00,2025-06-21 19:10:00,2025-06-21 19:20:00,2025-06-14 19:20:00,PRICE-LAG7-COMPLETED,cvar_t0.90_r0.05_g0.02,Q2V2-SW2-REC5,A,A,B,2025-06-21T00:00:00,10800.0,10800.0,previous_confirmed_final_slot_and_issued_load_pv_forecast,4004.9442,0.0,0.0,0.0,0.0,0.0,0.0,667.4907,0.0,0.0,10567.473101666668,9825.816768333336,1.2236,1.2633,0.0,0.0,-0.0,0.0,0.0,0.0,1,3715.03885,0.0,18
2025-06-21,115,2025-06-21T00:00:00,2025-06-21 19:20:00,2025-06-21 19:30:00,2025-06-14 19:30:00,PRICE-LAG7-COMPLETED,cvar_t0.90_r0.05_g0.02,Q2V2-SW2-REC5,A,A,B,2025-06-21T00:00:00,10800.0,10800.0,previous_confirmed_final_slot_and_issued_load_pv_forecast,3706.7434,3.2619,0.0,0.0,0.0,0.0,0.0,617.2469166666666,0.0,0.0,9825.816768333336,9139.986860925928,1.2334,1.2161,0.0,0.0,-0.0,0.0,0.0,0.0,1,3730.4473,3.74514,18
2025-06-21,116,2025-06-21T00:00:00,2025-06-21 19:30:00,2025-06-21 19:40:00,2025-06-14 19:40:00,PRICE-LAG7-COMPLETED,cvar_t0.90_r0.05_g0.02,Q2V2-SW2-REC5,A,A,B,2025-06-21T00:00:00,10800.0,10800.0,previous_confirmed_final_slot_and_issued_load_pv_forecast,3293.48,0.0,0.0,0.0,0.0,0.0,0.0,548.9133333333333,0.0,0.0,9139.986860925928,8530.083157222225,1.2017,1.1876,0.0,0.0,-0.0,0.0,0.0,0.0,1,3660.455,0.0,18
2025-06-21,117,2025-06-21T00:00:00,2025-06-21 19:40:00,2025-06-21 19:50:00,2025-06-14 19:50:00,PRICE-LAG7-COMPLETED,cvar_t0.90_r0.05_g0.02,Q2V2-SW2-REC5,A,A,B,2025-06-21T00:00:00,10800.0,10800.0,previous_confirmed_final_slot_and_issued_load_pv_forecast,3492.5254,0.0,0.0,0.0,0.0,0.0,0.0,582.0875666666666,0.0,0.0,8530.083157222225,7883.319194259262,1.2174,1.1812,0.0,0.0,-0.0,0.0,0.0,0.0,1,3650.0096000000003,0.0,18
2025-06-21,118,2025-06-21T00:00:00,2025-06-21 19:50:00,2025-06-21 20:00:00,2025-06-14 20:00:00,PRICE-LAG7-COMPLETED,cvar_t0.90_r0.05_g0.02,Q2V2-SW2-REC5,A,A,B,2025-06-21T00:00:00,10800.0,10800.0,previous_confirmed_final_slot_and_issued_load_pv_forecast,3490.6667,0.2342,0.0,0.0,0.0,0.0,0.0,581.73875,0.0,0.0,7883.319194259262,7236.942805370373,1.2254,1.1704,0.0,0.0,-0.0,0.0,0.0,0.0,1,3596.8131000000003,0.2689,18
2025-06-21,119,2025-06-21T00:00:00,2025-06-21 20:00:00,2025-06-21 20:10:00,2025-06-14 20:10:00,PRICE-LAG7-COMPLETED,cvar_t0.90_r0.05_g0.02,Q2V2-SW2-REC5,A,A,B,2025-06-21T00:00:00,10800.0,10800.0,previous_confirmed_final_slot_and_issued_load_pv_forecast,3189.62,0.0,0.0,0.0,0.0,0.0,0.0,531.6033333333332,0.0,0.0,7236.942805370373,6646.272435000003,1.2162,1.1558,0.0,0.0,-0.0,0.0,0.0,0.0,1,3608.74,0.0,18
2025-06-21,120,2025-06-21T00:00:00,2025-06-21 20:10:00,2025-06-21 20:20:00,2025-06-14 20:20:00,PRICE-LAG7-COMPLETED,cvar_t0.90_r0.05_g0.02,Q2V2-SW2-REC5,A,A,B,2025-06-21T00:00:00,10800.0,10800.0,previous_confirmed_final_slot_and_issued_load_pv_forecast,3348.2366,0.0,0.0,0.0,0.0,0.0,0.0,558.0394333333334,0.0,0.0,6646.272435000003,6026.2286201851875,1.238,1.1611,0.0,0.0,-0.0,0.0,0.0,0.0,1,3884.7889999999998,0.0,18
2025-06-21,121,2025-06-21T00:00:00,2025-06-21 20:20:00,2025-06-21 20:30:00,2025-06-14 20:30:00,PRICE-LAG7-COMPLETED,cvar_t0.90_r0.05_g0.02,Q2V2-SW2-REC5,A,A,B,2025-06-21T00:00:00,10800.0,10800.0,previous_confirmed_final_slot_and_issued_load_pv_forecast,3725.2052,0.0168,0.0,0.0,0.0,0.0,0.0,620.8647333333333,0.0,0.0,6026.2286201851875,5336.378916481484,1.2377,1.1692,0.0,0.0,-0.0,0.0,0.0,0.0,1,3920.22735,0.019319999999999997,18
2025-06-21,122,2025-06-21T00:00:00,2025-06-21 20:30:00,2025-06-21 20:40:00,2025-06-14 20:40:00,PRICE-LAG7-COMPLETED,cvar_t0.90_r0.05_g0.02,Q2V2-SW2-REC5,A,A,B,2025-06-21T00:00:00,10800.0,10800.0,previous_confirmed_final_slot_and_issued_load_pv_forecast,3960.13,0.0,0.0,0.0,0.0,0.0,0.0,660.0216666666666,0.0,0.0,5336.378916481484,4603.021509074077,1.2212,1.198,0.0,0.0,-0.0,0.0,0.0,0.0,1,3750.55,0.0,18
2025-06-21,123,2025-06-21T00:00:00,2025-06-21 20:40:00,2025-06-21 20:50:00,2025-06-14 20:50:00,PRICE-LAG7-COMPLETED,cvar_t0.90_r0.05_g0.02,Q2V2-SW2-REC5,A,A,B,2025-06-21T00:00:00,10800.0,10800.0,previous_confirmed_final_slot_and_issued_load_pv_forecast,3881.8245,0.0,0.0,0.0,0.0,0.0,0.0,646.97075,0.0,0.0,4603.021509074077,3884.165120185188,1.2347,1.2507,0.0,0.0,-0.0,0.0,0.0,0.0,1,3889.9221,0.0,18
2025-06-21,124,2025-06-21T00:00:00,2025-06-21 20:50:00,2025-06-21 21:00:00,2025-06-14 21:00:00,PRICE-LAG7-COMPLETED,cvar_t0.90_r0.05_g0.02,Q2V2-SW2-REC5,A,A,B,2025-06-21T00:00:00,10800.0,10800.0,previous_confirmed_final_slot_and_issued_load_pv_forecast,3513.6729,0.0012,658.71807,658.71807,0.0,0.0,73.10612000000003,0.0,0.0,0.0,3884.165120185188,3949.960628185188,1.1528,1.1066,728.937416262,0.0,-0.0,0.0,728.937416262,728.937416262,1,3913.8764,0.0014,18
2025-06-21,125,2025-06-21T00:00:00,2025-06-21 21:00:00,2025-06-21 21:10:00,2025-06-14 21:10:00,PRICE-LAG7-COMPLETED,cvar_t0.90_r0.05_g0.02,Q2V2-SW2-REC5,A,A,B,2025-06-21T00:00:00,10800.0,10800.0,previous_confirmed_final_slot_and_issued_load_pv_forecast,3160.32,0.0,670.6641666666667,670.6641666666667,0.0,0.0,143.94416666666666,0.0,0.0,0.0,3949.960628185188,4079.510378185188,0.9836,0.857,574.7591908333334,0.0,-0.0,0.0,574.7591908333334,574.7591908333334,1,3688.0299999999997,0.0,18
2025-06-21,126,2025-06-21T00:00:00,2025-06-21 21:10:00,2025-06-21 21:20:00,2025-06-14 21:20:00,PRICE-LAG7-COMPLETED,cvar_t0.90_r0.05_g0.02,Q2V2-SW2-REC5,A,A,B,2025-06-21T00:00:00,10800.0,10800.0,previous_confirmed_final_slot_and_issued_load_pv_forecast,3214.7106,0.0,710.9817166666667,710.9817166666667,0.0,0.0,175.19661666666673,0.0,0.0,0.0,4079.510378185188,4237.187333185188,0.8804,0.8345,593.3142425583334,0.0,-0.0,0.0,593.3142425583334,593.3142425583334,1,3540.825,0.0,18
2025-06-21,127,2025-06-21T00:00:00,2025-06-21 21:20:00,2025-06-21 21:30:00,2025-06-14 21:30:00,PRICE-LAG7-COMPLETED,cvar_t0.90_r0.05_g0.02,Q2V2-SW2-REC5,A,A,B,2025-06-21T00:00:00,10800.0,10800.0,previous_confirmed_final_slot_and_issued_load_pv_forecast,3489.1029,0.0,732.3754416666667,732.3754416666667,0.0,0.0,150.8582916666668,0.0,0.0,0.0,4237.187333185188,4372.9597956851885,0.8677,0.871,637.8990096916667,0.0,-0.0,0.0,637.8990096916667,637.8990096916667,1,3519.73175,0.0,18
2025-06-21,128,2025-06-21T00:00:00,2025-06-21 21:30:00,2025-06-21 21:40:00,2025-06-14 21:40:00,PRICE-LAG7-COMPLETED,cvar_t0.90_r0.05_g0.02,Q2V2-SW2-REC5,A,A,B,2025-06-21T00:00:00,10800.0,10800.0,previous_confirmed_final_slot_and_issued_load_pv_forecast,3713.49,0.0,703.8799999999999,703.8799999999999,0.0,0.0,84.96499999999992,0.0,0.0,0.0,4372.9597956851885,4449.4282956851885,0.911,0.8848,622.793024,0.0,-0.0,0.0,622.793024,622.793024,1,3557.6949999999997,0.0,18
2025-06-21,129,2025-06-21T00:00:00,2025-06-21 21:40:00,2025-06-21 21:50:00,2025-06-14 21:50:00,PRICE-LAG7-COMPLETED,cvar_t0.90_r0.05_g0.02,Q2V2-SW2-REC5,A,A,B,2025-06-21T00:00:00,10800.0,10800.0,previous_confirmed_final_slot_and_issued_load_pv_forecast,3715.4477,0.0,663.5712333333332,663.5712333333332,0.0,0.0,44.32994999999994,0.0,0.0,0.0,4449.4282956851885,4489.325250685189,0.924,0.9243,613.3388909699999,0.0,-0.0,0.0,613.3388909699999,613.3388909699999,1,3554.75555,0.0,18
2025-06-21,130,2025-06-21T00:00:00,2025-06-21 21:50:00,2025-06-21 22:00:00,2025-06-14 22:00:00,PRICE-LAG7-COMPLETED,cvar_t0.90_r0.05_g0.02,Q2V2-SW2-REC5,A,A,B,2025-06-21T00:00:00,10800.0,10800.0,previous_confirmed_final_slot_and_issued_load_pv_forecast,3460.6768,0.0,654.1831333333332,654.1831333333332,0.0,0.0,77.4036666666666,0.0,0.0,0.0,4489.325250685189,4558.988550685189,0.7237,0.7155,468.06803189999994,0.0,-0.0,0.0,468.06803189999994,468.06803189999994,1,3438.9892499999996,0.0,18
2025-06-21,131,2025-06-21T00:00:00,2025-06-21 22:00:00,2025-06-21 22:10:00,2025-06-14 22:10:00,PRICE-LAG7-COMPLETED,cvar_t0.90_r0.05_g0.02,Q2V2-SW2-REC5,A,A,B,2025-06-21T00:00:00,10800.0,10800.0,previous_confirmed_final_slot_and_issued_load_pv_forecast,3169.68,0.0,658.8808333333334,658.8808333333334,0.0,0.0,130.6008333333334,0.0,0.0,0.0,4558.988550685189,4676.529300685189,0.4294,0.3942,259.73082450000004,0.0,-0.0,0.0,259.73082450000004,259.73082450000004,1,3280.895,0.0,18
2025-06-21,132,2025-06-21T00:00:00,2025-06-21 22:10:00,2025-06-21 22:20:00,2025-06-14 22:20:00,PRICE-LAG7-COMPLETED,cvar_t0.90_r0.05_g0.02,Q2V2-SW2-REC5,A,A,B,2025-06-21T00:00:00,10800.0,10800.0,previous_confirmed_final_slot_and_issued_load_pv_forecast,3161.2424,0.0,1334.0722,1334.0722,0.0,0.0,807.1984666666667,0.0,0.0,0.0,4676.529300685189,5403.007920685189,0.3675,0.4048,540.03242656,0.0,-0.0,0.0,540.03242656,540.03242656,1,3221.4903,0.0,18
2025-06-21,133,2025-06-21T00:00:00,2025-06-21 22:20:00,2025-06-21 22:30:00,2025-06-14 22:30:00,PRICE-LAG7-COMPLETED,cvar_t0.90_r0.05_g0.02,Q2V2-SW2-REC5,A,A,B,2025-06-21T00:00:00,10800.0,10800.0,previous_confirmed_final_slot_and_issued_load_pv_forecast,3268.4465,0.0,1329.5627,1329.5627,0.0,0.0,784.8216166666666,0.0,0.0,0.0,5403.007920685189,6109.347375685189,0.396,0.4701,625.02742527,0.0,-0.0,0.0,625.02742527,625.02742527,1,3153.73005,0.0,18
2025-06-21,134,2025-06-21T00:00:00,2025-06-21 22:30:00,2025-06-21 22:40:00,2025-06-14 22:40:00,PRICE-LAG7-COMPLETED,cvar_t0.90_r0.05_g0.02,Q2V2-SW2-REC5,A,A,B,2025-06-21T00:00:00,10800.0,10800.0,previous_confirmed_final_slot_and_issued_load_pv_forecast,3317.19,0.0,1313.35,1313.35,0.0,0.0,760.4849999999999,0.0,0.0,0.0,6109.347375685189,6793.783875685189,0.4115,0.4227,555.153045,0.0,-0.0,0.0,555.153045,555.153045,1,3130.73,0.0,18
2025-06-21,135,2025-06-21T00:00:00,2025-06-21 22:40:00,2025-06-21 22:50:00,2025-06-14 22:50:00,PRICE-LAG7-COMPLETED,cvar_t0.90_r0.05_g0.02,Q2V2-SW2-REC5,A,A,B,2025-06-21T00:00:00,10800.0,10800.0,previous_confirmed_final_slot_and_issued_load_pv_forecast,3281.0391,0.0,591.656125,591.656125,0.0,0.0,44.81627500000002,0.0,0.0,0.0,6793.783875685189,6834.118523185189,0.451,0.374,221.27939074999998,0.0,-0.0,0.0,221.27939074999998,221.27939074999998,1,3319.9383500000004,0.0,18
2025-06-21,136,2025-06-21T00:00:00,2025-06-21 22:50:00,2025-06-21 23:00:00,2025-06-14 23:00:00,PRICE-LAG7-COMPLETED,cvar_t0.90_r0.05_g0.02,Q2V2-SW2-REC5,A,A,B,2025-06-21T00:00:00,10800.0,10800.0,previous_confirmed_final_slot_and_issued_load_pv_forecast,3250.7574,0.0,563.4589500000001,563.4589500000001,0.0,0.0,21.666050000000155,0.0,0.0,0.0,6834.118523185189,6853.617968185189,0.4804,0.3646,205.43713317,0.0,-0.0,0.0,205.43713317,205.43713317,1,3457.8997,0.0,18
2025-06-21,137,2025-06-21T00:00:00,2025-06-21 23:00:00,2025-06-21 23:10:00,2025-06-14 23:10:00,PRICE-LAG7-COMPLETED,cvar_t0.90_r0.05_g0.02,Q2V2-SW2-REC5,A,A,B,2025-06-21T00:00:00,10800.0,10800.0,previous_confirmed_final_slot_and_issued_load_pv_forecast,3190.39,0.0,579.0025,579.0025,0.0,0.0,47.270833333333485,0.0,0.0,0.0,6853.617968185189,6896.161718185189,0.4684,0.3809,220.54205225000004,0.0,-0.0,0.0,220.54205225000004,220.54205225000004,1,3316.755,0.0,18
2025-06-21,138,2025-06-21T00:00:00,2025-06-21 23:10:00,2025-06-21 23:20:00,2025-06-14 23:20:00,PRICE-LAG7-COMPLETED,cvar_t0.90_r0.05_g0.02,Q2V2-SW2-REC5,A,A,B,2025-06-21T00:00:00,10800.0,10800.0,previous_confirmed_final_slot_and_issued_load_pv_forecast,2998.9363,0.0,1292.8476,1292.8476,0.0,0.0,793.0248833333335,0.0,0.0,0.0,6896.161718185189,7609.884113185189,0.4179,0.3872,500.59059072,0.0,-0.0,0.0,500.59059072,500.59059072,1,2952.9449,0.0,18
2025-06-21,139,2025-06-21T00:00:00,2025-06-21 23:20:00,2025-06-21 23:30:00,2025-06-14 23:30:00,PRICE-LAG7-COMPLETED,cvar_t0.90_r0.05_g0.02,Q2V2-SW2-REC5,A,A,B,2025-06-21T00:00:00,10800.0,10800.0,previous_confirmed_final_slot_and_issued_load_pv_forecast,2920.9743,0.0,1302.2797,1302.2797,0.0,0.0,815.4506500000001,0.0,0.0,0.0,7609.884113185189,8343.789698185188,0.3747,0.3936,512.57728992,0.0,-0.0,0.0,512.57728992,512.57728992,1,2942.52985,0.0,18
2025-06-21,140,2025-06-21T00:00:00,2025-06-21 23:30:00,2025-06-21 23:40:00,2025-06-14 23:40:00,PRICE-LAG7-COMPLETED,cvar_t0.90_r0.05_g0.02,Q2V2-SW2-REC5,A,A,B,2025-06-21T00:00:00,10800.0,10800.0,previous_confirmed_final_slot_and_issued_load_pv_forecast,2989.3,0.0,1319.86,1319.86,0.0,0.0,821.6433333333332,0.0,0.0,0.0,8343.789698185188,9083.268698185188,0.376,0.3844,507.354184,0.0,-0.0,0.0,507.354184,507.354184,1,3205.955,0.0,18
2025-06-21,141,2025-06-21T00:00:00,2025-06-21 23:40:00,2025-06-21 23:50:00,2025-06-14 23:50:00,PRICE-LAG7-COMPLETED,cvar_t0.90_r0.05_g0.02,Q2V2-SW2-REC5,A,A,B,2025-06-21T00:00:00,10800.0,10800.0,previous_confirmed_final_slot_and_issued_load_pv_forecast,3024.571,0.0,670.1160166666666,670.1160166666666,0.0,0.0,166.02085,0.0,0.0,0.0,9083.268698185188,9232.687463185188,0.4275,0.3399,227.77243406499997,0.0,-0.0,0.0,227.77243406499997,227.77243406499997,1,3183.1198999999997,0.0,18
2025-06-21,142,2025-06-21T00:00:00,2025-06-21 23:50:00,2025-06-22 00:00:00,2025-06-15 00:00:00,PRICE-LAG7-COMPLETED,cvar_t0.90_r0.05_g0.02,Q2V2-SW2-REC5,A,A,B,2025-06-21T00:00:00,10800.0,10800.0,previous_confirmed_final_slot_and_issued_load_pv_forecast,3193.3141,0.0,560.9996166666667,560.9996166666667,0.0,0.0,28.78060000000005,0.0,0.0,0.0,9232.687463185188,9258.590003185189,0.4875,0.3684,206.67225878000002,0.0,-0.0,0.0,206.67225878000002,206.67225878000002,1,3484.7524000000003,0.0,18
2025-06-21,143,2025-06-21T00:00:00,2025-06-22 00:00:00,2025-06-22 00:10:00,2025-06-15 00:10:00,PRICE-LAG7-COMPLETED,cvar_t0.90_r0.05_g0.02,Q2V2-SW2-REC5,A,A,B,2025-06-21T00:00:00,10800.0,10800.0,previous_confirmed_final_slot_and_issued_load_pv_forecast,3636.14,0.0,658.1866666666666,658.1866666666666,0.0,0.0,52.1633333333333,0.0,0.0,0.0,9258.590003185189,9305.537003185189,0.5036,0.4712,310.1375573333333,0.0,-0.0,0.0,310.1375573333333,310.1375573333333,1,4052.335,0.0,18
2025-09-23,0,2025-09-23T00:00:00,2025-09-23 00:10:00,2025-09-23 00:20:00,2025-09-16 00:20:00,PRICE-LAG7-COMPLETED,cvar_t0.90_r0.20_g0.05,Q2V2-SW2-REC5,A,A,B,2025-09-23T00:00:00,3393.0537739074066,3461.4443757592585,previous_confirmed_final_slot_and_issued_load_pv_forecast,3421.106,0.0,603.0283166666668,603.0283166666668,0.0,0.0,32.843983333333426,0.0,0.0,0.0,3461.4443757592585,3491.0039607592585,0.5097,0.4059,244.76919373500004,0.0,-0.0,0.0,244.76919373500004,244.76919373500004,0,3826.0193499999996,0.0,0
2025-09-23,1,2025-09-23T00:00:00,2025-09-23 00:20:00,2025-09-23 00:30:00,2025-09-16 00:30:00,PRICE-LAG7-COMPLETED,cvar_t0.90_r0.20_g0.05,Q2V2-SW2-REC5,A,A,B,2025-09-23T00:00:00,3393.0537739074066,3461.4443757592585,previous_confirmed_final_slot_and_issued_load_pv_forecast,3361.9091,0.0,421.94311461007504,421.94311461007504,0.0,0.0,0.0,138.37506872325827,0.0,0.0,3491.0039607592585,3337.253884400083,0.5116,0.4324,182.44820275739644,0.0,-0.0,0.0,182.44820275739644,182.44820275739644,0,3750.1741,0.0,0
2025-09-23,2,2025-09-23T00:00:00,2025-09-23 00:30:00,2025-09-23 00:40:00,2025-09-16 00:40:00,PRICE-LAG7-COMPLETED,cvar_t0.90_r0.20_g0.05,Q2V2-SW2-REC5,A,A,B,2025-09-23T00:00:00,3393.0537739074066,3461.4443757592585,previous_confirmed_final_slot_and_issued_load_pv_forecast,3388.6,0.0,600.7941666666666,600.7941666666666,0.0,0.0,36.02749999999992,0.0,0.0,0.0,3337.253884400083,3369.678634400083,0.4667,0.4539,272.70047224999996,0.0,-0.0,0.0,272.70047224999996,272.70047224999996,0,3658.705,0.0,0
2025-09-23,3,2025-09-23T00:00:00,2025-09-23 00:40:00,2025-09-23 00:50:00,2025-09-16 00:50:00,PRICE-LAG7-COMPLETED,cvar_t0.90_r0.20_g0.05,Q2V2-SW2-REC5,A,A,B,2025-09-23T00:00:00,3393.0537739074066,3461.4443757592585,previous_confirmed_final_slot_and_issued_load_pv_forecast,3591.0535,0.0,1372.8034416666667,1372.8034416666667,0.0,0.0,774.294525,0.0,0.0,0.0,3369.678634400083,4066.5437069000827,0.4065,0.4117,565.1831769341667,0.0,-0.0,0.0,565.1831769341667,565.1831769341667,0,3516.1919500000004,0.0,0
2025-09-23,4,2025-09-23T00:00:00,2025-09-23 00:50:00,2025-09-23 01:00:00,2025-09-16 01:00:00,PRICE-LAG7-COMPLETED,cvar_t0.90_r0.20_g0.05,Q2V2-SW2-REC5,A,A,B,2025-09-23T00:00:00,3393.0537739074066,3461.4443757592585,previous_confirmed_final_slot_and_issued_load_pv_forecast,3639.0639,0.0,1384.2372999999998,1384.2372999999998,0.0,0.0,777.7266499999998,0.0,0.0,0.0,4066.5437069000827,4766.497691900083,0.3877,0.4114,569.4752252199999,0.0,-0.0,0.0,569.4752252199999,569.4752252199999,0,3463.8813,0.0,0
2025-09-23,5,2025-09-23T00:00:00,2025-09-23 01:00:00,2025-09-23 01:10:00,2025-09-16 01:10:00,PRICE-LAG7-COMPLETED,cvar_t0.90_r0.20_g0.05,Q2V2-SW2-REC5,A,A,B,2025-09-23T00:00:00,3393.0537739074066,3461.4443757592585,previous_confirmed_final_slot_and_issued_load_pv_forecast,3538.62,0.0,1388.2291666666665,1388.2291666666665,0.0,0.0,798.4591666666665,0.0,0.0,0.0,4766.497691900083,5485.110941900082,0.4064,0.4549,631.5054479166666,0.0,-0.0,0.0,631.5054479166666,631.5054479166666,0,3496.1549999999997,0.0,0
2025-09-23,6,2025-09-23T00:00:00,2025-09-23 01:10:00,2025-09-23 01:20:00,2025-09-16 01:20:00,PRICE-LAG7-COMPLETED,cvar_t0.90_r0.20_g0.05,Q2V2-SW2-REC5,A,A,B,2025-09-23T00:00:00,3393.0537739074066,3461.4443757592585,previous_confirmed_final_slot_and_issued_load_pv_forecast,3584.1201,0.0,1386.7420499999998,1386.7420499999998,0.0,0.0,789.3886999999999,0.0,0.0,0.0,5485.110941900082,6195.560771900082,0.4056,0.4413,611.969266665,0.0,-0.0,0.0,611.969266665,611.969266665,0,3469.73095,0.0,0
2025-09-23,7,2025-09-23T00:00:00,2025-09-23 01:20:00,2025-09-23 01:30:00,2025-09-16 01:30:00,PRICE-LAG7-COMPLETED,cvar_t0.90_r0.20_g0.05,Q2V2-SW2-REC5,A,A,B,2025-09-23T00:00:00,3393.0537739074066,3461.4443757592585,previous_confirmed_final_slot_and_issued_load_pv_forecast,3479.83,0.0,1375.5799916666667,1375.5799916666667,0.0,0.0,795.6083250000001,0.0,0.0,0.0,6195.560771900082,6911.608264400082,0.3825,0.4365,600.4406663625,0.0,-0.0,0.0,600.4406663625,600.4406663625,0,3456.9359,0.0,0
2025-09-23,8,2025-09-23T00:00:00,2025-09-23 01:30:00,2025-09-23 01:40:00,2025-09-16 01:40:00,PRICE-LAG7-COMPLETED,cvar_t0.90_r0.20_g0.05,Q2V2-SW2-REC5,A,A,B,2025-09-23T00:00:00,3393.0537739074066,3461.4443757592585,previous_confirmed_final_slot_and_issued_load_pv_forecast,3316.08,0.0,1406.2033333333331,1406.2033333333331,0.0,0.0,833.3333333333334,0.0,0.0,20.189999999999827,6911.608264400082,7661.608264400082,0.3741,0.4529,636.8694896666666,0.0,-0.0,0.0,636.8694896666666,636.8694896666666,0,3476.77,0.0,0
2025-09-23,9,2025-09-23T00:00:00,2025-09-23 01:40:00,2025-09-23 01:50:00,2025-09-16 01:50:00,PRICE-LAG7-COMPLETED,cvar_t0.90_r0.20_g0.05,Q2V2-SW2-REC5,A,A,B,2025-09-23T00:00:00,3393.0537739074066,3461.4443757592585,previous_confirmed_final_slot_and_issued_load_pv_forecast,3504.3201,0.0,592.0537166666668,592.0537166666668,0.0,0.0,8.000366666666878,0.0,0.0,0.0,7661.608264400082,7668.808594400082,0.4163,0.4318,255.64879485666674,0.0,-0.0,0.0,255.64879485666674,255.64879485666674,0,3482.09475,0.0,0
2025-09-23,10,2025-09-23T00:00:00,2025-09-23 01:50:00,2025-09-23 02:00:00,2025-09-16 02:00:00,PRICE-LAG7-COMPLETED,cvar_t0.90_r0.20_g0.05,Q2V2-SW2-REC5,A,A,B,2025-09-23T00:00:00,3393.0537739074066,3461.4443757592585,previous_confirmed_final_slot_and_issued_load_pv_forecast,3611.1697,0.0,564.096775,564.096775,0.0,0.0,0.0,37.7648416666666,0.0,0.0,7668.808594400082,7626.847659214897,0.4448,0.418,235.79245195,0.0,-0.0,0.0,235.79245195,235.79245195,0,3587.2583000000004,0.0,0
2025-09-23,11,2025-09-23T00:00:00,2025-09-23 02:00:00,2025-09-23 02:10:00,2025-09-16 02:10:00,PRICE-LAG7-COMPLETED,cvar_t0.90_r0.20_g0.05,Q2V2-SW2-REC5,A,A,B,2025-09-23T00:00:00,3393.0537739074066,3461.4443757592585,previous_confirmed_final_slot_and_issued_load_pv_forecast,3543.64,0.0,585.4591666666666,585.4591666666666,0.0,0.0,0.0,5.147499999999923,0.0,0.0,7626.847659214897,7621.128214770453,0.4326,0.4413,258.36313025,0.0,-0.0,0.0,258.36313025,258.36313025,0,3690.0550000000003,0.0,0
2025-09-23,12,2025-09-23T00:00:00,2025-09-23 02:10:00,2025-09-23 02:20:00,2025-09-16 02:20:00,PRICE-LAG7-COMPLETED,cvar_t0.90_r0.20_g0.05,Q2V2-SW2-REC5,A,A,B,2025-09-23T00:00:00,3393.0537739074066,3461.4443757592585,previous_confirmed_final_slot_and_issued_load_pv_forecast,3627.3783,0.0,1340.2844666666665,1340.2844666666665,0.0,0.0,735.7214166666665,0.0,0.0,0.0,7621.128214770453,8283.277489770453,0.4137,0.4794,642.5323733199999,0.0,-0.0,0.0,642.5323733199999,642.5323733199999,0,3566.91895,0.0,0
2025-09-23,13,2025-09-23T00:00:00,2025-09-23 02:20:00,2025-09-23 02:30:00,2025-09-16 02:30:00,PRICE-LAG7-COMPLETED,cvar_t0.90_r0.20_g0.05,Q2V2-SW2-REC5,A,A,B,2025-09-23T00:00:00,3393.0537739074066,3461.4443757592585,previous_confirmed_final_slot_and_issued_load_pv_forecast,3646.7973,0.0,561.1777416666666,561.1777416666666,0.0,0.0,0.0,46.62180833333332,0.0,0.0,8283.277489770453,8231.475480511193,0.4162,0.4675,262.3505942291667,0.0,-0.0,0.0,262.3505942291667,262.3505942291667,0,3525.29525,0.0,0
2025-09-23,14,2025-09-23T00:00:00,2025-09-23 02:30:00,2025-09-23 02:40:00,2025-09-16 02:40:00,PRICE-LAG7-COMPLETED,cvar_t0.90_r0.20_g0.05,Q2V2-SW2-REC5,A,A,B,2025-09-23T00:00:00,3393.0537739074066,3461.4443757592585,previous_confirmed_final_slot_and_issued_load_pv_forecast,3569.92,0.0,608.6358333333333,608.6358333333333,0.0,0.0,13.649166666666588,0.0,0.0,0.0,8231.475480511193,8243.759730511194,0.4404,0.4225,257.1486395833333,0.0,-0.0,0.0,257.1486395833333,257.1486395833333,0,3642.945,0.0,0
2025-09-23,15,2025-09-23T00:00:00,2025-09-23 02:40:00,2025-09-23 02:50:00,2025-09-16 02:50:00,PRICE-LAG7-COMPLETED,cvar_t0.90_r0.20_g0.05,Q2V2-SW2-REC5,A,A,B,2025-09-23T00:00:00,3393.0537739074066,3461.4443757592585,previous_confirmed_final_slot_and_issued_load_pv_forecast,3591.0744,0.0,639.7687166666667,639.7687166666667,0.0,0.0,41.25631666666675,0.0,0.0,0.0,8243.759730511194,8280.890415511194,0.461,0.4268,273.05328827333335,0.0,-0.0,0.0,273.05328827333335,273.05328827333335,0,3688.9978,0.0,0
2025-09-23,16,2025-09-23T00:00:00,2025-09-23 02:50:00,2025-09-23 03:00:00,2025-09-16 03:00:00,PRICE-LAG7-COMPLETED,cvar_t0.90_r0.20_g0.05,Q2V2-SW2-REC5,A,A,B,2025-09-23T00:00:00,3393.0537739074066,3461.4443757592585,previous_confirmed_final_slot_and_issued_load_pv_forecast,3523.6786,0.0,645.8562833333333,645.8562833333333,0.0,0.0,58.576516666666635,0.0,0.0,0.0,8280.890415511194,8333.609280511195,0.4537,0.4588,296.3188627933333,0.0,-0.0,0.0,296.3188627933333,296.3188627933333,0,3660.5135499999997,0.0,0
2025-09-23,17,2025-09-23T00:00:00,2025-09-23 03:00:00,2025-09-23 03:10:00,2025-09-16 03:10:00,PRICE-LAG7-COMPLETED,cvar_t0.90_r0.20_g0.05,Q2V2-SW2-REC5,A,A,B,2025-09-23T00:00:00,3393.0537739074066,3461.4443757592585,previous_confirmed_final_slot_and_issued_load_pv_forecast,3402.03,0.0,625.698333333333,625.698333333333,0.0,0.0,58.693333333333044,0.0,0.0,0.0,8333.609280511195,8386.433280511195,0.4452,0.4777,298.8960938333332,0.0,-0.0,0.0,298.8960938333332,298.8960938333332,0,3646.5299999999997,0.0,0
2025-09-23,18,2025-09-23T00:00:00,2025-09-23 03:10:00,2025-09-23 03:20:00,2025-09-16 03:20:00,PRICE-LAG7-COMPLETED,cvar_t0.90_r0.20_g0.05,Q2V2-SW2-REC5,A,A,B,2025-09-23T00:00:00,3393.0537739074066,3461.4443757592585,previous_confirmed_final_slot_and_issued_load_pv_forecast,3470.8796,0.0,577.415975,577.415975,0.0,0.0,0.0,1.0639583333332894,0.0,0.0,8386.433280511195,8385.25110458527,0.4756,0.4584,264.68748294,0.0,-0.0,0.0,264.68748294,264.68748294,0,3707.4390000000003,0.0,0
2025-09-23,19,2025-09-23T00:00:00,2025-09-23 03:20:00,2025-09-23 03:30:00,2025-09-16 03:30:00,PRICE-LAG7-COMPLETED,cvar_t0.90_r0.20_g0.05,Q2V2-SW2-REC5,A,A,B,2025-09-23T00:00:00,3393.0537739074066,3461.4443757592585,previous_confirmed_final_slot_and_issued_load_pv_forecast,3546.3118,0.0,578.2508,578.2508,0.0,0.0,0.0,12.801166666666631,0.0,0.0,8385.25110458527,8371.027586066752,0.4445,0.4106,237.42977848,0.0,-0.0,0.0,237.42977848,237.42977848,0,3674.2325499999997,0.0,0
2025-09-23,20,2025-09-23T00:00:00,2025-09-23 03:30:00,2025-09-23 03:40:00,2025-09-16 03:40:00,PRICE-LAG7-COMPLETED,cvar_t0.90_r0.20_g0.05,Q2V2-SW2-REC5,A,A,B,2025-09-23T00:00:00,3393.0537739074066,3461.4443757592585,previous_confirmed_final_slot_and_issued_load_pv_forecast,3521.1,0.0,1384.7058333333332,1384.7058333333332,0.0,0.0,797.8558333333333,0.0,0.0,0.0,8371.027586066752,9089.097836066752,0.3782,0.3812,527.8498636666666,0.0,-0.0,0.0,527.8498636666666,527.8498636666666,0,3527.415,0.0,0
2025-09-23,21,2025-09-23T00:00:00,2025-09-23 03:40:00,2025-09-23 03:50:00,2025-09-16 03:50:00,PRICE-LAG7-COMPLETED,cvar_t0.90_r0.20_g0.05,Q2V2-SW2-REC5,A,A,B,2025-09-23T00:00:00,3393.0537739074066,3461.4443757592585,previous_confirmed_final_slot_and_issued_load_pv_forecast,3493.0415,0.0,1369.256075,1369.256075,0.0,0.0,787.0824916666668,0.0,0.0,0.0,9089.097836066752,9797.472078566752,0.4082,0.4192,573.99214664,0.0,-0.0,0.0,573.99214664,573.99214664,0,3436.8478,0.0,0
2025-09-23,22,2025-09-23T00:00:00,2025-09-23 03:50:00,2025-09-23 04:00:00,2025-09-16 04:00:00,PRICE-LAG7-COMPLETED,cvar_t0.90_r0.20_g0.05,Q2V2-SW2-REC5,A,A,B,2025-09-23T00:00:00,3393.0537739074066,3461.4443757592585,previous_confirmed_final_slot_and_issued_load_pv_forecast,3616.52,0.0,595.263275,595.263275,0.0,0.0,0.0,7.490058333333309,0.0,0.0,9797.472078566752,9789.149791529715,0.4405,0.4681,278.6427390275,0.0,-0.0,0.0,278.6427390275,278.6427390275,0,3496.3163,0.0,0
2025-09-23,23,2025-09-23T00:00:00,2025-09-23 04:00:00,2025-09-23 04:10:00,2025-09-16 04:10:00,PRICE-LAG7-COMPLETED,cvar_t0.90_r0.20_g0.05,Q2V2-SW2-REC5,A,A,B,2025-09-23T00:00:00,3393.0537739074066,3461.4443757592585,previous_confirmed_final_slot_and_issued_load_pv_forecast,3738.77,0.0,621.9208333333332,621.9208333333332,0.0,0.0,0.0,1.2075000000000955,0.0,0.0,9789.149791529715,9787.808124863048,0.4389,0.4666,290.1882608333333,0.0,-0.0,0.0,290.1882608333333,290.1882608333333,0,3671.56,0.0,0
2025-09-23,24,2025-09-23T00:00:00,2025-09-23 04:10:00,2025-09-23 04:20:00,2025-09-16 04:20:00,PRICE-LAG7-COMPLETED,cvar_t0.90_r0.20_g0.05,Q2V2-SW2-REC5,A,A,B,2025-09-23T00:00:00,3393.0537739074066,3461.4443757592585,previous_confirmed_final_slot_and_issued_load_pv_forecast,3573.138,0.0019,624.41412,624.41412,0.0,0.0,28.891436666666777,0.0,0.0,0.0,9787.808124863048,9813.810417863047,0.4575,0.4048,252.762835776,0.0,-0.0,0.0,252.762835776,252.762835776,0,3821.5906,0.00208,0
2025-09-23,25,2025-09-23T00:00:00,2025-09-23 04:20:00,2025-09-23 04:30:00,2025-09-16 04:30:00,PRICE-LAG7-COMPLETED,cvar_t0.90_r0.20_g0.05,Q2V2-SW2-REC5,A,A,B,2025-09-23T00:00:00,3393.0537739074066,3461.4443757592585,previous_confirmed_final_slot_and_issued_load_pv_forecast,3548.8256,0.0,631.7342250000002,631.7342250000002,0.0,0.0,40.26329166666687,0.0,0.0,0.0,9813.810417863047,9850.047380363048,0.4505,0.3873,244.67066534250006,0.0,-0.0,0.0,244.67066534250006,244.67066534250006,0,3814.4700000000003,0.0,0
2025-09-23,26,2025-09-23T00:00:00,2025-09-23 04:30:00,2025-09-23 04:40:00,2025-09-16 04:40:00,PRICE-LAG7-COMPLETED,cvar_t0.90_r0.20_g0.05,Q2V2-SW2-REC5,A,A,B,2025-09-23T00:00:00,3393.0537739074066,3461.4443757592585,previous_confirmed_final_slot_and_issued_load_pv_forecast,3696.43,0.0,666.2449999999999,666.2449999999999,0.0,0.0,50.17333333333329,0.0,0.0,0.0,9850.047380363048,9895.20338036305,0.4374,0.4222,281.288639,0.0,-0.0,0.0,281.288639,281.288639,0,3725.58,0.0,0
2025-09-23,27,2025-09-23T00:00:00,2025-09-23 04:40:00,2025-09-23 04:50:00,2025-09-16 04:50:00,PRICE-LAG7-COMPLETED,cvar_t0.90_r0.20_g0.05,Q2V2-SW2-REC5,A,A,B,2025-09-23T00:00:00,3393.0537739074066,3461.4443757592585,previous_confirmed_final_slot_and_issued_load_pv_forecast,3629.4046,0.0268,619.147125,619.147125,0.0,0.0,14.250824999999963,0.0,0.0,0.0,9895.20338036305,9908.029122863049,0.4811,0.4225,261.5896603125,0.0,-0.0,0.0,261.5896603125,261.5896603125,0,3747.5283,0.02892,0
2025-09-23,28,2025-09-23T00:00:00,2025-09-23 04:50:00,2025-09-23 05:00:00,2025-09-16 05:00:00,PRICE-LAG7-COMPLETED,cvar_t0.90_r0.20_g0.05,Q2V2-SW2-REC5,A,A,B,2025-09-23T00:00:00,3393.0537739074066,3461.4443757592585,previous_confirmed_final_slot_and_issued_load_pv_forecast,3602.4949,0.0,587.33565,587.33565,0.0,0.0,0.0,13.080166666666628,0.0,0.0,9908.029122863049,9893.49560434453,0.4603,0.4173,245.095166745,0.0,-0.0,0.0,245.095166745,245.095166745,0,3733.5866,0.0,0
2025-09-23,29,2025-09-23T00:00:00,2025-09-23 05:00:00,2025-09-23 05:10:00,2025-09-16 05:10:00,PRICE-LAG7-COMPLETED,cvar_t0.90_r0.20_g0.05,Q2V2-SW2-REC5,A,A,B,2025-09-23T00:00:00,3393.0537739074066,3461.4443757592585,previous_confirmed_final_slot_and_issued_load_pv_forecast,3708.74,0.0,1390.9924999999998,1390.9924999999998,0.0,0.0,772.8691666666666,0.0,0.0,0.0,9893.49560434453,10589.07785434453,0.4072,0.4256,592.0064079999999,0.0,-0.0,0.0,592.0064079999999,592.0064079999999,0,3615.965,0.0,0
2025-09-23,30,2025-09-23T00:00:00,2025-09-23 05:10:00,2025-09-23 05:20:00,2025-09-16 05:20:00,PRICE-LAG7-COMPLETED,cvar_t0.90_r0.20_g0.05,Q2V2-SW2-REC5,A,A,B,2025-09-23T00:00:00,3393.0537739074066,3461.4443757592585,previous_confirmed_final_slot_and_issued_load_pv_forecast,3751.3647,0.3731,561.347025,561.347025,0.0,0.0,0.0,63.81824166666661,0.0,0.0,10589.07785434453,10518.168696937122,0.477,0.433,243.063261825,0.0,-0.0,0.0,243.063261825,243.063261825,0,3519.1592,0.4029999999999999,0
2025-09-23,31,2025-09-23T00:00:00,2025-09-23 05:20:00,2025-09-23 05:30:00,2025-09-16 05:30:00,PRICE-LAG7-COMPLETED,cvar_t0.90_r0.20_g0.05,Q2V2-SW2-REC5,A,A,B,2025-09-23T00:00:00,3393.0537739074066,3461.4443757592585,previous_confirmed_final_slot_and_issued_load_pv_forecast,3689.4488,0.0,0.0,0.0,0.0,0.0,0.0,614.9081333333334,0.0,0.0,10518.168696937122,9834.937437677863,0.5218,0.4518,0.0,0.0,-0.0,0.0,0.0,0.0,0,3652.6833500000002,0.0,0
2025-09-23,32,2025-09-23T00:00:00,2025-09-23 05:30:00,2025-09-23 05:40:00,2025-09-16 05:40:00,PRICE-LAG7-COMPLETED,cvar_t0.90_r0.20_g0.05,Q2V2-SW2-REC5,A,A,B,2025-09-23T00:00:00,3393.0537739074066,3461.4443757592585,previous_confirmed_final_slot_and_issued_load_pv_forecast,3557.68,0.0,650.5841666666668,650.5841666666668,0.0,0.0,57.63750000000016,0.0,0.0,0.0,9834.937437677863,9886.811187677864,0.4527,0.4325,281.3776520833334,0.0,-0.0,0.0,281.3776520833334,281.3776520833334,0,3788.835,0.0,0
2025-09-23,33,2025-09-23T00:00:00,2025-09-23 05:40:00,2025-09-23 05:50:00,2025-09-16 05:50:00,PRICE-LAG7-COMPLETED,cvar_t0.90_r0.20_g0.05,Q2V2-SW2-REC5,A,A,B,2025-09-23T00:00:00,3393.0537739074066,3461.4443757592585,previous_confirmed_final_slot_and_issued_load_pv_forecast,3509.0644,5.1961,1360.187225,1360.187225,0.0,0.0,776.2091749999998,0.0,0.0,0.0,9886.811187677864,10585.399445177864,0.3778,0.3613,491.43564439249997,0.0,-0.0,0.0,491.43564439249997,491.43564439249997,0,3571.4525,5.6129999999999995,0
2025-09-23,34,2025-09-23T00:00:00,2025-09-23 05:50:00,2025-09-23 06:00:00,2025-09-16 06:00:00,PRICE-LAG7-COMPLETED,cvar_t0.90_r0.20_g0.05,Q2V2-SW2-REC5,A,A,B,2025-09-23T00:00:00,3393.0537739074066,3461.4443757592585,previous_confirmed_final_slot_and_issued_load_pv_forecast,4001.4806,0.0,609.476375357932,609.476375357932,0.0,0.0,0.0,57.43705797540122,0.0,0.0,10585.399445177864,10521.580491871862,0.6221,0.6152,374.9498661201998,0.0,-0.0,0.0,374.9498661201998,374.9498661201998,0,3899.6088,0.0,0
2025-09-23,35,2025-09-23T00:00:00,2025-09-23 06:00:00,2025-09-23 06:10:00,2025-09-16 06:10:00,PRICE-LAG7-COMPLETED,cvar_t0.90_r0.20_g0.05,Q2V2-SW2-REC5,A,A,B,2025-09-23T00:00:00,3393.0537739074066,3461.4443757592585,previous_confirmed_final_slot_and_issued_load_pv_forecast,4743.74,0.0,14.485000000000014,14.485000000000014,0.0,0.0,0.0,776.1383333333332,0.0,0.0,10521.580491871862,9659.204565945936,1.012,1.0325,14.955762500000013,0.0,-0.0,0.0,14.955762500000013,14.955762500000013,1,4682.6849999999995,13.334999999999999,6
2025-09-23,36,2025-09-23T00:00:00,2025-09-23 06:10:00,2025-09-23 06:20:00,2025-09-16 06:20:00,PRICE-LAG7-COMPLETED,cvar_t0.90_r0.20_g0.05,Q2V2-SW2-REC5,A,A,B,2025-09-23T00:00:00,3393.0537739074066,3461.4443757592585,previous_confirmed_final_slot_and_issued_load_pv_forecast,4911.4158,148.7833,0.0,0.0,0.0,0.0,0.0,793.7720833333332,0.0,0.0,9659.204565945936,8777.235584464455,1.0241,1.0391,0.0,0.0,-0.0,0.0,0.0,0.0,1,4859.461499999999,210.12610000000004,6
2025-09-23,37,2025-09-23T00:00:00,2025-09-23 06:20:00,2025-09-23 06:30:00,2025-09-16 06:30:00,PRICE-LAG7-COMPLETED,cvar_t0.90_r0.20_g0.05,Q2V2-SW2-REC5,A,A,B,2025-09-23T00:00:00,3393.0537739074066,3461.4443757592585,previous_confirmed_final_slot_and_issued_load_pv_forecast,4831.9735,376.0146,0.0,0.0,0.0,0.0,0.0,742.6598166666666,0.0,0.0,8777.235584464455,7952.058010390381,0.9268,0.9449,0.0,0.0,-0.0,0.0,0.0,0.0,1,4711.3022,477.8781,6
2025-09-23,38,2025-09-23T00:00:00,2025-09-23 06:30:00,2025-09-23 06:40:00,2025-09-16 06:40:00,PRICE-LAG7-COMPLETED,cvar_t0.90_r0.20_g0.05,Q2V2-SW2-REC5,A,A,B,2025-09-23T00:00:00,3393.0537739074066,3461.4443757592585,previous_confirmed_final_slot_and_issued_load_pv_forecast,4792.2,649.3875,0.0,0.0,0.0,0.0,0.0,690.4687499999999,0.0,0.0,7952.058010390381,7184.870510390381,0.9155,0.9432,0.0,0.0,-0.0,0.0,0.0,0.0,1,4662.844999999999,753.8925,6
2025-09-23,39,2025-09-23T00:00:00,2025-09-23 06:40:00,2025-09-23 06:50:00,2025-09-16 06:50:00,PRICE-LAG7-COMPLETED,cvar_t0.90_r0.20_g0.05,Q2V2-SW2-REC5,A,A,B,2025-09-23T00:00:00,3393.0537739074066,3461.4443757592585,previous_confirmed_final_slot_and_issued_load_pv_forecast,4757.3085,973.8044,0.0,0.0,0.0,0.0,0.0,630.5840166666667,0.0,0.0,7184.870510390381,6484.221602982974,0.9143,0.9146,0.0,0.0,-0.0,0.0,0.0,0.0,1,4814.863600000001,1058.93642,6
2025-09-23,40,2025-09-23T00:00:00,2025-09-23 06:50:00,2025-09-23 07:00:00,2025-09-16 07:00:00,PRICE-LAG7-COMPLETED,cvar_t0.90_r0.20_g0.05,Q2V2-SW2-REC5,A,A,B,2025-09-23T00:00:00,3393.0537739074066,3461.4443757592585,previous_confirmed_final_slot_and_issued_load_pv_forecast,4755.1526,1245.8597,0.0,0.0,0.0,0.0,0.0,584.88215,0.0,0.0,6484.221602982974,5834.352547427418,0.8761,0.8673,0.0,0.0,-0.0,0.0,0.0,0.0,1,4819.6456,1377.09032,6
2025-09-23,41,2025-09-23T00:00:00,2025-09-23 07:00:00,2025-09-23 07:10:00,2025-09-16 07:10:00,PRICE-LAG7-COMPLETED,cvar_t0.90_r0.20_g0.05,Q2V2-SW2-REC5,A,A,B,2025-09-23T00:00:00,3393.0537739074066,3461.4443757592585,previous_confirmed_final_slot_and_issued_load_pv_forecast,4789.05,1511.775,0.0,0.0,0.0,0.0,0.0,546.2125,0.0,0.0,5834.352547427418,5227.449769649641,0.8264,0.8271,0.0,0.0,-0.0,0.0,0.0,0.0,1,4673.81,1702.2900000000002,6
2025-09-23,42,2025-09-23T00:00:00,2025-09-23 07:10:00,2025-09-23 07:20:00,2025-09-16 07:20:00,PRICE-LAG7-COMPLETED,cvar_t0.90_r0.20_g0.05,Q2V2-SW2-REC5,A,A,B,2025-09-23T00:00:00,3393.0537739074066,3461.4443757592585,previous_confirmed_final_slot_and_issued_load_pv_forecast,4816.282,1907.945,0.0,0.0,0.0,0.0,0.0,484.72283333333337,0.0,0.0,5227.449769649641,4688.868843723715,0.8241,0.8061,0.0,0.0,-0.0,0.0,0.0,0.0,1,4725.135899999999,2042.0193599999998,6
2025-09-23,43,2025-09-23T00:00:00,2025-09-23 07:20:00,2025-09-23 07:30:00,2025-09-16 07:30:00,PRICE-LAG7-COMPLETED,cvar_t0.90_r0.20_g0.05,Q2V2-SW2-REC5,A,A,B,2025-09-23T00:00:00,3393.0537739074066,3461.4443757592585,previous_confirmed_final_slot_and_issued_load_pv_forecast,4786.2179,2234.3678,72.34586833333225,108.5355489819886,36.18968064865635,0.0,0.0,316.7728010180113,0.0,0.0,4688.868843723715,4336.899064814814,0.8109,0.8269,59.822798524832436,44.8878703925609,-0.0,0.0,104.71066891739333,104.71066891739333,1,4904.036099999999,2378.7432999999996,6
2025-09-23,44,2025-09-23T00:00:00,2025-09-23 07:30:00,2025-09-23 07:40:00,2025-09-16 07:40:00,PRICE-LAG7-COMPLETED,cvar_t0.90_r0.20_g0.05,Q2V2-SW2-REC5,A,A,B,2025-09-23T00:00:00,3393.0537739074066,3461.4443757592585,previous_confirmed_final_slot_and_issued_load_pv_forecast,4660.51,2492.5875,332.59749999999997,396.21064875,63.61314875000005,0.0,34.89023208333333,0.0,0.0,0.0,4336.899064814814,4368.300273689813,0.7524,0.8096,269.27093599999995,77.25180784200006,-0.0,0.0,346.522743842,346.522743842,1,4911.41,2710.6875,6
2025-09-23,45,2025-09-23T00:00:00,2025-09-23 07:40:00,2025-09-23 07:50:00,2025-09-16 07:50:00,PRICE-LAG7-COMPLETED,cvar_t0.90_r0.20_g0.05,Q2V2-SW2-REC5,A,A,B,2025-09-23T00:00:00,3393.0537739074066,3461.4443757592585,previous_confirmed_final_slot_and_issued_load_pv_forecast,4606.8822,2894.0726,264.2727400000001,289.1250468750001,24.85230687500001,0.0,3.65678020833343,0.0,0.0,0.0,4368.300273689813,4371.591375877313,0.7089,0.6878,181.76679057200008,25.640125002937506,-0.0,0.0,207.40691557493759,207.40691557493759,1,4648.39595,3051.26048,6
2025-09-23,46,2025-09-23T00:00:00,2025-09-23 07:50:00,2025-09-23 08:00:00,2025-09-16 08:00:00,PRICE-LAG7-COMPLETED,cvar_t0.90_r0.20_g0.05,Q2V2-SW2-REC5,A,A,B,2025-09-23T00:00:00,3393.0537739074066,3461.4443757592585,previous_confirmed_final_slot_and_issued_load_pv_forecast,5489.8417,3343.4604,0.0,0.0,0.0,0.0,0.0,357.7302166666667,0.0,0.0,4371.591375877313,3974.1133573587945,0.8871,0.8469,0.0,0.0,-0.0,0.0,0.0,0.0,1,5224.65185,3385.9895600000004,6
2025-09-23,47,2025-09-23T00:00:00,2025-09-23 08:00:00,2025-09-23 08:10:00,2025-09-16 08:10:00,PRICE-LAG7-COMPLETED,cvar_t0.90_r0.20_g0.05,Q2V2-SW2-REC5,A,A,B,2025-09-23T00:00:00,3393.0537739074066,3461.4443757592585,previous_confirmed_final_slot_and_issued_load_pv_forecast,6701.06,3753.1125,0.0,0.0,0.0,0.0,0.0,491.3245833333333,0.0,0.0,3974.1133573587945,3428.197153655091,1.1561,1.1849,0.0,0.0,-0.0,0.0,0.0,0.0,1,6388.915,3700.7324999999996,6
2025-09-23,48,2025-09-23T00:00:00,2025-09-23 08:10:00,2025-09-23 08:20:00,2025-09-16 08:20:00,PRICE-LAG7-COMPLETED,cvar_t0.90_r0.20_g0.05,Q2V2-SW2-REC5,A,A,B,2025-09-23T00:00:00,3393.0537739074066,3461.4443757592585,previous_confirmed_final_slot_and_issued_load_pv_forecast,6664.9869,4119.6249,0.0,0.0,0.0,0.0,0.0,424.2270000000001,0.0,0.0,3428.197153655091,2956.8338203217577,1.1574,1.1921,0.0,0.0,-0.0,0.0,0.0,0.0,1,6697.773450000001,4000.83084,6
2025-09-23,49,2025-09-23T00:00:00,2025-09-23 08:20:00,2025-09-23 08:30:00,2025-09-16 08:30:00,PRICE-LAG7-COMPLETED,cvar_t0.90_r0.20_g0.05,Q2V2-SW2-REC5,A,A,B,2025-09-23T00:00:00,3393.0537739074066,3461.4443757592585,previous_confirmed_final_slot_and_issued_load_pv_forecast,6469.7028,4427.9049,0.0,0.0,0.0,0.0,0.0,340.29964999999993,0.0,0.0,2956.8338203217577,2578.7230980995355,1.1053,1.1184,0.0,0.0,-0.0,0.0,0.0,0.0,1,6578.3221,4335.0635999999995,6
2025-09-23,50,2025-09-23T00:00:00,2025-09-23 08:30:00,2025-09-23 08:40:00,2025-09-16 08:40:00,PRICE-LAG7-COMPLETED,cvar_t0.90_r0.20_g0.05,Q2V2-SW2-REC5,A,A,B,2025-09-23T00:00:00,3393.0537739074066,3461.4443757592585,previous_confirmed_final_slot_and_issued_load_pv_forecast,6635.97,4698.6375,0.0,0.0,0.0,0.0,0.0,322.88874999999996,0.0,0.0,2578.7230980995355,2219.957820321758,1.1084,1.1227,0.0,0.0,-0.0,0.0,0.0,0.0,1,6525.415,4664.76,6
2025-09-23,51,2025-09-23T00:00:00,2025-09-23 08:40:00,2025-09-23 08:50:00,2025-09-16 08:50:00,PRICE-LAG7-COMPLETED,cvar_t0.90_r0.20_g0.05,Q2V2-SW2-REC5,A,A,B,2025-09-23T00:00:00,3393.0537739074066,3461.4443757592585,previous_confirmed_final_slot_and_issued_load_pv_forecast,6600.0815,4997.093,0.0,0.0,0.0,0.0,0.0,267.16475000000014,0.0,0.0,2219.957820321758,1923.1080980995355,1.0608,1.0962,0.0,0.0,-0.0,0.0,0.0,0.0,1,6568.04765,4911.82324,6
2025-09-23,52,2025-09-23T00:00:00,2025-09-23 08:50:00,2025-09-23 09:00:00,2025-09-16 09:00:00,PRICE-LAG7-COMPLETED,cvar_t0.90_r0.20_g0.05,Q2V2-SW2-REC5,A,A,B,2025-09-23T00:00:00,3393.0537739074066,3461.4443757592585,previous_confirmed_final_slot_and_issued_load_pv_forecast,6462.4233,5400.3214,0.0,0.0,0.0,0.0,0.0,177.01698333333331,0.0,0.0,1923.1080980995355,1726.4225610624985,1.0071,1.0174,0.0,0.0,-0.0,0.0,0.0,0.0,1,6553.7689,5224.25834,6
2025-09-23,53,2025-09-23T00:00:00,2025-09-23 09:00:00,2025-09-23 09:10:00,2025-09-16 09:10:00,PRICE-LAG7-COMPLETED,cvar_t0.90_r0.20_g0.05,Q2V2-SW2-REC5,A,A,B,2025-09-23T00:00:00,3393.0537739074066,3461.4443757592585,previous_confirmed_final_slot_and_issued_load_pv_forecast,6427.57,5807.85,0.0,0.0,0.0,0.0,0.0,103.28666666666652,0.0,0.0,1726.4225610624985,1611.6595980995357,0.9827,0.9516,0.0,0.0,-0.0,0.0,0.0,0.0,1,6502.27,5600.67,6
2025-09-23,54,2025-09-23T00:00:00,2025-09-23 09:10:00,2025-09-23 09:20:00,2025-09-16 09:20:00,PRICE-LAG7-COMPLETED,cvar_t0.90_r0.20_g0.05,Q2V2-SW2-REC5,A,A,B,2025-09-23T00:00:00,3393.0537739074066,3461.4443757592585,previous_confirmed_final_slot_and_issued_load_pv_forecast,6551.7343,6020.5511,0.0,0.0,0.0,0.0,0.0,88.53053333333332,0.0,0.0,1611.6595980995357,1513.2923388402764,0.976,0.9817,0.0,0.0,-0.0,0.0,0.0,0.0,1,6560.9902999999995,5880.111060000001,6
2025-09-23,55,2025-09-23T00:00:00,2025-09-23 09:20:00,2025-09-23 09:30:00,2025-09-16 09:30:00,PRICE-LAG7-COMPLETED,cvar_t0.90_r0.20_g0.05,Q2V2-SW2-REC5,A,A,B,2025-09-23T00:00:00,3393.0537739074066,3461.4443757592585,previous_confirmed_final_slot_and_issued_load_pv_forecast,6611.8297,6159.4673,0.0,0.0,0.0,0.0,0.0,75.39373333333333,0.0,0.0,1513.2923388402764,1429.5215240254615,0.9831,1.0171,0.0,0.0,-0.0,0.0,0.0,0.0,1,6547.1695,6092.6397,6
2025-09-23,56,2025-09-23T00:00:00,2025-09-23 09:30:00,2025-09-23 09:40:00,2025-09-16 09:40:00,PRICE-LAG7-COMPLETED,cvar_t0.90_r0.20_g0.05,Q2V2-SW2-REC5,A,A,B,2025-09-23T00:00:00,3393.0537739074066,3461.4443757592585,previous_confirmed_final_slot_and_issued_load_pv_forecast,6584.42,6306.2625,0.0,0.0,0.0,0.0,0.0,46.359583333333376,0.0,0.0,1429.5215240254615,1378.0108758773133,0.9729,1.0072,0.0,0.0,-0.0,0.0,0.0,0.0,1,6430.764999999999,6345.4800000000005,6
2025-09-23,57,2025-09-23T00:00:00,2025-09-23 09:40:00,2025-09-23 09:50:00,2025-09-16 09:50:00,PRICE-LAG7-COMPLETED,cvar_t0.90_r0.20_g0.05,Q2V2-SW2-REC5,A,A,B,2025-09-23T00:00:00,3393.0537739074066,3461.4443757592585,previous_confirmed_final_slot_and_issued_load_pv_forecast,6627.8893,6423.4053,0.0,0.0,0.0,0.0,0.0,34.0806666666665,0.0,0.0,1378.0108758773133,1340.143468469906,0.9145,0.9839,0.0,0.0,-0.0,0.0,0.0,0.0,1,6376.69875,6704.222540000001,6
2025-09-23,58,2025-09-23T00:00:00,2025-09-23 09:50:00,2025-09-23 10:00:00,2025-09-16 10:00:00,PRICE-LAG7-COMPLETED,cvar_t0.90_r0.20_g0.05,Q2V2-SW2-REC5,A,A,B,2025-09-23T00:00:00,3393.0537739074066,3461.4443757592585,previous_confirmed_final_slot_and_issued_load_pv_forecast,6567.1756,6483.305,0.0,0.0,0.0,0.0,0.0,13.978433333333214,0.0,0.0,1340.143468469906,1324.6118758773137,0.8914,0.9725,0.0,0.0,-0.0,0.0,0.0,0.0,1,6380.68715,6969.25376,6
2025-09-23,59,2025-09-23T00:00:00,2025-09-23 10:00:00,2025-09-23 10:10:00,2025-09-16 10:10:00,PRICE-LAG7-COMPLETED,cvar_t0.90_r0.20_g0.05,Q2V2-SW2-REC5,A,A,B,2025-09-23T00:00:00,3393.0537739074066,3461.4443757592585,previous_confirmed_final_slot_and_issued_load_pv_forecast,6455.96,6487.7625,0.0,0.0,0.0,0.0,5.300416666666479,0.0,0.0,0.0,1324.6118758773137,1329.3822508773135,0.9098,0.9784,0.0,0.0,-0.0,0.0,0.0,0.0,1,6424.635,7099.305,6
2025-09-23,60,2025-09-23T00:00:00,2025-09-23 10:10:00,2025-09-23 10:20:00,2025-09-16 10:20:00,PRICE-LAG7-COMPLETED,cvar_t0.90_r0.20_g0.05,Q2V2-SW2-REC5,A,A,B,2025-09-23T00:00:00,3393.0537739074066,3461.4443757592585,previous_confirmed_final_slot_and_issued_load_pv_forecast,6527.0912,6506.7574,0.0,0.0,0.0,0.0,0.0,3.388966666666647,0.0,0.0,1329.3822508773135,1325.616732358795,0.8912,0.9839,0.0,0.0,-0.0,0.0,0.0,0.0,1,6498.7148,7248.18324,6
2025-09-23,61,2025-09-23T00:00:00,2025-09-23 10:20:00,2025-09-23 10:30:00,2025-09-16 10:30:00,PRICE-LAG7-COMPLETED,cvar_t0.90_r0.20_g0.05,Q2V2-SW2-REC5,A,A,B,2025-09-23T00:00:00,3393.0537739074066,3461.4443757592585,previous_confirmed_final_slot_and_issued_load_pv_forecast,6488.4499,6763.9313,0.0,0.0,0.0,0.0,45.91356666666684,0.0,0.0,0.0,1325.616732358795,1366.938942358795,0.8456,0.9513,0.0,0.0,-0.0,0.0,0.0,0.0,1,6507.0813,7448.277520000001,6
2025-09-23,62,2025-09-23T00:00:00,2025-09-23 10:30:00,2025-09-23 10:40:00,2025-09-16 10:40:00,PRICE-LAG7-COMPLETED,cvar_t0.90_r0.20_g0.05,Q2V2-SW2-REC5,A,A,B,2025-09-23T00:00:00,3393.0537739074066,3461.4443757592585,previous_confirmed_final_slot_and_issued_load_pv_forecast,6336.11,7139.7,0.0,0.0,0.0,0.0,133.93166666666662,0.0,0.0,0.0,1366.938942358795,1487.4774423587949,0.8373,0.9073,0.0,0.0,-0.0,0.0,0.0,0.0,1,6452.96,7654.95,6
2025-09-23,63,2025-09-23T00:00:00,2025-09-23 10:40:00,2025-09-23 10:50:00,2025-09-16 10:50:00,PRICE-LAG7-COMPLETED,cvar_t0.90_r0.20_g0.05,Q2V2-SW2-REC5,A,A,B,2025-09-23T00:00:00,3393.0537739074066,3461.4443757592585,previous_confirmed_final_slot_and_issued_load_pv_forecast,6376.9432,7257.6775,0.0,0.0,0.0,0.0,146.78904999999986,0.0,0.0,0.0,1487.4774423587949,1619.5875873587947,0.8851,0.8981,0.0,0.0,-0.0,0.0,0.0,0.0,1,6434.5172999999995,7802.23156,6
2025-09-23,64,2025-09-23T00:00:00,2025-09-23 10:50:00,2025-09-23 11:00:00,2025-09-16 11:00:00,PRICE-LAG7-COMPLETED,cvar_t0.90_r0.20_g0.05,Q2V2-SW2-REC5,A,A,B,2025-09-23T00:00:00,3393.0537739074066,3461.4443757592585,previous_confirmed_final_slot_and_issued_load_pv_forecast,6473.6947,7240.5731,0.0,0.0,0.0,0.0,127.8130666666666,0.0,0.0,0.0,1619.5875873587947,1734.6193473587946,0.723,0.7781,0.0,0.0,-0.0,0.0,0.0,0.0,1,6447.03825,7915.571460000001,6
2025-09-23,65,2025-09-23T00:00:00,2025-09-23 11:00:00,2025-09-23 11:10:00,2025-09-16 11:10:00,PRICE-LAG7-COMPLETED,cvar_t0.90_r0.20_g0.05,Q2V2-SW2-REC5,A,A,B,2025-09-23T00:00:00,3393.0537739074066,3461.4443757592585,previous_confirmed_final_slot_and_issued_load_pv_forecast,6470.56,7359.675,581.1354166666667,655.0408516666665,73.90543499999978,0.0,803.2266849999996,0.0,0.0,0.0,1734.6193473587946,2457.5233638587943,0.4574,0.5639,327.70226145833334,62.512912194749816,-0.0,0.0,390.2151736530832,390.2151736530832,1,6481.945,8042.407500000001,6
2025-09-23,66,2025-09-23T00:00:00,2025-09-23 11:10:00,2025-09-23 11:20:00,2025-09-16 11:20:00,PRICE-LAG7-COMPLETED,cvar_t0.90_r0.20_g0.05,Q2V2-SW2-REC5,A,A,B,2025-09-23T00:00:00,3393.0537739074066,3461.4443757592585,previous_confirmed_final_slot_and_issued_load_pv_forecast,6357.1346,7784.7849,504.2945533333336,642.1386843055556,137.84413097222193,0.0,833.3333333333334,0.0,0.0,46.74706763888878,2457.5233638587943,3207.5233638587943,0.477,0.4409,222.3434685646668,91.16321601847898,-0.0,0.0,313.5066845831458,313.5066845831458,1,6526.7363000000005,8192.34148,6
2025-09-23,67,2025-09-23T00:00:00,2025-09-23 11:20:00,2025-09-23 11:30:00,2025-09-16 11:30:00,PRICE-LAG7-COMPLETED,cvar_t0.90_r0.20_g0.05,Q2V2-SW2-REC5,A,A,B,2025-09-23T00:00:00,3393.0537739074066,3461.4443757592585,previous_confirmed_final_slot_and_issued_load_pv_forecast,6310.6975,8209.6886,0.0,341.298450555556,341.298450555556,0.0,657.7969672222225,0.0,0.0,0.0,3207.5233638587943,3799.5406343587947,0.5364,0.4252,0.0,217.6801517643336,-0.0,0.0,217.6801517643336,217.6801517643336,1,6468.74335,8237.38462,6
2025-09-23,68,2025-09-23T00:00:00,2025-09-23 11:30:00,2025-09-23 11:40:00,2025-09-16 11:40:00,PRICE-LAG7-COMPLETED,cvar_t0.90_r0.20_g0.05,Q2V2-SW2-REC5,A,A,B,2025-09-23T00:00:00,3393.0537739074066,3461.4443757592585,previous_confirmed_final_slot_and_issued_load_pv_forecast,6431.52,8399.7375,0.0,551.8029849999996,551.8029849999996,0.0,833.3333333333334,0.0,0.0,46.505901666665864,3799.5406343587947,4549.540634358795,0.497,0.4696,0.0,388.6900226339997,-0.0,0.0,388.6900226339997,388.6900226339997,1,6358.1849999999995,8205.03,6
2025-09-23,69,2025-09-23T00:00:00,2025-09-23 11:40:00,2025-09-23 11:50:00,2025-09-16 11:50:00,PRICE-LAG7-COMPLETED,cvar_t0.90_r0.20_g0.05,Q2V2-SW2-REC5,A,A,B,2025-09-23T00:00:00,3393.0537739074066,3461.4443757592585,previous_confirmed_final_slot_and_issued_load_pv_forecast,6604.0357,8379.679,455.49602999999956,503.63161493055577,48.135584930556206,0.0,799.5721649305556,0.0,0.0,0.0,4549.540634358795,5269.155582796295,0.4697,0.5048,229.9343959439998,36.44826490941716,-0.0,0.0,266.38266085341695,266.38266085341695,1,6342.5404,8243.0753,6
2025-09-23,70,2025-09-23T00:00:00,2025-09-23 11:50:00,2025-09-23 12:00:00,2025-09-16 12:00:00,PRICE-LAG7-COMPLETED,cvar_t0.90_r0.20_g0.05,Q2V2-SW2-REC5,A,A,B,2025-09-23T00:00:00,3393.0537739074066,3461.4443757592585,previous_confirmed_final_slot_and_issued_load_pv_forecast,6371.5522,8435.4109,153.5463715415565,448.2820044444445,294.735632902888,0.0,792.2584544444446,0.0,0.0,0.0,5269.155582796295,5982.188191796295,0.4799,0.4546,69.80218050279159,200.98022807647934,-0.0,0.0,270.7824085792709,270.7824085792709,1,6218.22325,8230.94904,6
2025-09-23,71,2025-09-23T00:00:00,2025-09-23 12:00:00,2025-09-23 12:10:00,2025-09-16 12:10:00,PRICE-LAG7-COMPLETED,cvar_t0.90_r0.20_g0.05,Q2V2-SW2-REC5,A,A,B,2025-09-23T00:00:00,3393.0537739074066,3461.4443757592585,previous_confirmed_final_slot_and_issued_load_pv_forecast,5893.69,8613.5625,0.0,0.0,0.0,0.0,453.3120833333335,0.0,0.0,0.0,5982.188191796295,6390.169066796295,0.4849,0.3613,0.0,0.0,-0.0,0.0,0.0,0.0,1,5979.16,8203.470000000001,12
2025-09-23,72,2025-09-23T00:00:00,2025-09-23 12:10:00,2025-09-23 12:20:00,2025-09-16 12:20:00,PRICE-LAG7-COMPLETED,cvar_t0.90_r0.20_g0.05,Q2V2-SW2-REC5,A,A,B,2025-09-23T00:00:00,3393.0537739074066,3461.4443757592585,previous_confirmed_final_slot_and_issued_load_pv_forecast,5815.5593,8690.3915,392.64143333333334,392.64143333333334,0.0,0.0,833.3333333333334,0.0,0.0,38.44679999999971,6390.169066796295,7140.169066796295,0.4354,0.3481,136.67848294333334,0.0,-0.0,0.0,136.67848294333334,136.67848294333334,1,5863.434649999999,8338.62976,12
2025-09-23,73,2025-09-23T00:00:00,2025-09-23 12:20:00,2025-09-23 12:30:00,2025-09-16 12:30:00,PRICE-LAG7-COMPLETED,cvar_t0.90_r0.20_g0.05,Q2V2-SW2-REC5,A,A,B,2025-09-23T00:00:00,3393.0537739074066,3461.4443757592585,previous_confirmed_final_slot_and_issued_load_pv_forecast,5929.8452,8581.2694,366.5651833333327,366.5651833333327,0.0,0.0,808.4692166666658,0.0,0.0,0.0,7140.169066796295,7867.791361796294,0.4273,0.3859,141.4575042483331,0.0,-0.0,0.0,141.4575042483331,141.4575042483331,1,5930.377399999999,8491.55168,12
2025-09-23,74,2025-09-23T00:00:00,2025-09-23 12:30:00,2025-09-23 12:40:00,2025-09-16 12:40:00,PRICE-LAG7-COMPLETED,cvar_t0.90_r0.20_g0.05,Q2V2-SW2-REC5,A,A,B,2025-09-23T00:00:00,3393.0537739074066,3461.4443757592585,previous_confirmed_final_slot_and_issued_load_pv_forecast,5958.43,8484.4875,428.72000000000037,43.280905851340776,0.0,385.4390941486596,464.2904891846738,0.0,0.0,0.0,7867.791361796294,8285.652802062501,0.4537,0.387,165.91464000000013,0.0,-74.58246471776563,0.0,91.3321752822345,91.3321752822345,1,6055.05,8496.0,12
2025-09-23,75,2025-09-23T00:00:00,2025-09-23 12:40:00,2025-09-23 12:50:00,2025-09-16 12:50:00,PRICE-LAG7-COMPLETED,cvar_t0.90_r0.20_g0.05,Q2V2-SW2-REC5,A,A,B,2025-09-23T00:00:00,3393.0537739074066,3461.4443757592585,previous_confirmed_final_slot_and_issued_load_pv_forecast,5882.5546,8645.3297,365.807635,365.807635,0.0,0.0,826.2701516666666,0.0,0.0,0.0,8285.652802062501,9029.295938562502,0.4406,0.3271,119.6556774085,0.0,-0.0,0.0,119.6556774085,119.6556774085,1,6064.0972,8322.76702,12
2025-09-23,76,2025-09-23T00:00:00,2025-09-23 12:50:00,2025-09-23 13:00:00,2025-09-16 13:00:00,PRICE-LAG7-COMPLETED,cvar_t0.90_r0.20_g0.05,Q2V2-SW2-REC5,A,A,B,2025-09-23T00:00:00,3393.0537739074066,3461.4443757592585,previous_confirmed_final_slot_and_issued_load_pv_forecast,6091.5912,8546.664,0.0,0.0,0.0,0.0,409.1788,0.0,0.0,0.0,9029.295938562502,9397.556858562502,0.5886,0.4936,0.0,0.0,-0.0,0.0,0.0,0.0,1,6125.29835,8227.55534,12
2025-09-23,77,2025-09-23T00:00:00,2025-09-23 13:00:00,2025-09-23 13:10:00,2025-09-16 13:10:00,PRICE-LAG7-COMPLETED,cvar_t0.90_r0.20_g0.05,Q2V2-SW2-REC5,A,A,B,2025-09-23T00:00:00,3393.0537739074066,3461.4443757592585,previous_confirmed_final_slot_and_issued_load_pv_forecast,6408.53,8135.1375,0.0,0.0,0.0,0.0,287.7679166666667,0.0,0.0,0.0,9397.556858562502,9656.547983562503,0.8303,0.8213,0.0,0.0,-0.0,0.0,0.0,0.0,1,6245.57,8174.9400000000005,12
2025-09-23,78,2025-09-23T00:00:00,2025-09-23 13:10:00,2025-09-23 13:20:00,2025-09-16 13:20:00,PRICE-LAG7-COMPLETED,cvar_t0.90_r0.20_g0.05,Q2V2-SW2-REC5,A,A,B,2025-09-23T00:00:00,3393.0537739074066,3461.4443757592585,previous_confirmed_final_slot_and_issued_load_pv_forecast,6253.4833,7884.9488,0.0,0.0,0.0,0.0,271.9109166666667,0.0,0.0,0.0,9656.547983562503,9901.267808562503,0.8731,0.9285,0.0,0.0,-0.0,0.0,0.0,0.0,1,6240.9016,7905.58048,12
2025-09-23,79,2025-09-23T00:00:00,2025-09-23 13:20:00,2025-09-23 13:30:00,2025-09-16 13:30:00,PRICE-LAG7-COMPLETED,cvar_t0.90_r0.20_g0.05,Q2V2-SW2-REC5,A,A,B,2025-09-23T00:00:00,3393.0537739074066,3461.4443757592585,previous_confirmed_final_slot_and_issued_load_pv_forecast,6080.4251,7754.0988,0.0,0.0,0.0,0.0,278.94561666666664,0.0,0.0,0.0,9901.267808562503,10152.318863562503,0.8669,0.8854,0.0,0.0,-0.0,0.0,0.0,0.0,1,6155.35195,7695.9069,12
2025-09-23,80,2025-09-23T00:00:00,2025-09-23 13:30:00,2025-09-23 13:40:00,2025-09-16 13:40:00,PRICE-LAG7-COMPLETED,cvar_t0.90_r0.20_g0.05,Q2V2-SW2-REC5,A,A,B,2025-09-23T00:00:00,3393.0537739074066,3461.4443757592585,previous_confirmed_final_slot_and_issued_load_pv_forecast,6115.63,7607.2875,0.0,0.0,0.0,0.0,248.60958333333326,0.0,0.0,0.0,10152.318863562503,10376.067488562503,0.8883,0.8377,0.0,0.0,-0.0,0.0,0.0,0.0,1,6119.889999999999,7612.8375,12
2025-09-23,81,2025-09-23T00:00:00,2025-09-23 13:40:00,2025-09-23 13:50:00,2025-09-16 13:50:00,PRICE-LAG7-COMPLETED,cvar_t0.90_r0.20_g0.05,Q2V2-SW2-REC5,A,A,B,2025-09-23T00:00:00,3393.0537739074066,3461.4443757592585,previous_confirmed_final_slot_and_issued_load_pv_forecast,6161.9414,7394.5585,0.0,0.0,0.0,0.0,205.43618333333347,0.0,0.0,0.0,10376.067488562503,10560.960053562503,0.8634,0.8574,0.0,0.0,-0.0,0.0,0.0,0.0,1,6216.00655,7437.542199999999,12
2025-09-23,82,2025-09-23T00:00:00,2025-09-23 13:50:00,2025-09-23 14:00:00,2025-09-16 14:00:00,PRICE-LAG7-COMPLETED,cvar_t0.90_r0.20_g0.05,Q2V2-SW2-REC5,A,A,B,2025-09-23T00:00:00,3393.0537739074066,3461.4443757592585,previous_confirmed_final_slot_and_issued_load_pv_forecast,6291.8498,7228.1769,0.0,0.0,0.0,0.0,156.0545166666668,0.0,0.0,0.0,10560.960053562503,10701.409118562504,0.8652,0.8948,0.0,0.0,-0.0,0.0,0.0,0.0,1,6229.96475,7198.26388,12
2025-09-23,83,2025-09-23T00:00:00,2025-09-23 14:00:00,2025-09-23 14:10:00,2025-09-16 14:10:00,PRICE-LAG7-COMPLETED,cvar_t0.90_r0.20_g0.05,Q2V2-SW2-REC5,A,A,B,2025-09-23T00:00:00,3393.0537739074066,3461.4443757592585,previous_confirmed_final_slot_and_issued_load_pv_forecast,6409.53,7094.9625,0.0,0.0,0.0,0.0,109.54542381944015,0.0,0.0,4.693326180559836,10701.409118562504,10800.0,0.9035,0.9188,0.0,0.0,-0.0,0.0,0.0,0.0,1,6132.6,6996.8099999999995,12
2025-09-23,84,2025-09-23T00:00:00,2025-09-23 14:10:00,2025-09-23 14:20:00,2025-09-16 14:20:00,PRICE-LAG7-COMPLETED,cvar_t0.90_r0.20_g0.05,Q2V2-SW2-REC5,A,A,B,2025-09-23T00:00:00,3393.0537739074066,3461.4443757592585,previous_confirmed_final_slot_and_issued_load_pv_forecast,6298.6605,6838.0168,0.0,0.0,0.0,0.0,0.0,0.0,0.0,89.89271666666673,10800.0,10800.0,0.911,0.9422,0.0,0.0,-0.0,0.0,0.0,0.0,1,6105.8403,6892.39096,12
2025-09-23,85,2025-09-23T00:00:00,2025-09-23 14:20:00,2025-09-23 14:30:00,2025-09-16 14:30:00,PRICE-LAG7-COMPLETED,cvar_t0.90_r0.20_g0.05,Q2V2-SW2-REC5,A,A,B,2025-09-23T00:00:00,3393.0537739074066,3461.4443757592585,previous_confirmed_final_slot_and_issued_load_pv_forecast,6212.8259,6393.4647,0.0,0.0,0.0,0.0,0.0,0.0,0.0,30.106466666666847,10800.0,10800.0,0.9163,0.9638,0.0,0.0,-0.0,0.0,0.0,0.0,1,6143.1468,6747.135979999999,12
2025-09-23,86,2025-09-23T00:00:00,2025-09-23 14:30:00,2025-09-23 14:40:00,2025-09-16 14:40:00,PRICE-LAG7-COMPLETED,cvar_t0.90_r0.20_g0.05,Q2V2-SW2-REC5,A,A,B,2025-09-23T00:00:00,3393.0537739074066,3461.4443757592585,previous_confirmed_final_slot_and_issued_load_pv_forecast,6236.6,5854.05,0.0,0.0,0.0,0.0,0.0,63.75833333333344,0.0,0.0,10800.0,10729.157407407407,0.9703,1.0143,0.0,0.0,-0.0,0.0,0.0,0.0,1,6230.66,6492.5775,12
2025-09-23,87,2025-09-23T00:00:00,2025-09-23 14:40:00,2025-09-23 14:50:00,2025-09-16 14:50:00,PRICE-LAG7-COMPLETED,cvar_t0.90_r0.20_g0.05,Q2V2-SW2-REC5,A,A,B,2025-09-23T00:00:00,3393.0537739074066,3461.4443757592585,previous_confirmed_final_slot_and_issued_load_pv_forecast,6217.1274,5393.4146,0.0,0.0,0.0,0.0,0.0,137.2854666666666,0.0,0.0,10729.157407407407,10576.618,1.0575,1.099,0.0,0.0,-0.0,0.0,0.0,0.0,1,6358.98085,6186.33086,12
2025-09-23,88,2025-09-23T00:00:00,2025-09-23 14:50:00,2025-09-23 15:00:00,2025-09-16 15:00:00,PRICE-LAG7-COMPLETED,cvar_t0.90_r0.20_g0.05,Q2V2-SW2-REC5,A,A,B,2025-09-23T00:00:00,3393.0537739074066,3461.4443757592585,previous_confirmed_final_slot_and_issued_load_pv_forecast,6206.2876,4990.8009,0.0,0.0,0.0,0.0,0.0,202.5811166666665,0.0,0.0,10576.618,10351.527870370372,0.9262,0.9913,0.0,0.0,-0.0,0.0,0.0,0.0,1,6373.10245,5910.28966,12
2025-09-23,89,2025-09-23T00:00:00,2025-09-23 15:00:00,2025-09-23 15:10:00,2025-09-16 15:10:00,PRICE-LAG7-COMPLETED,cvar_t0.90_r0.20_g0.05,Q2V2-SW2-REC5,A,A,B,2025-09-23T00:00:00,3393.0537739074066,3461.4443757592585,previous_confirmed_final_slot_and_issued_load_pv_forecast,6262.68,4761.6375,474.1440789287986,677.2176193415647,203.07354041276614,0.0,427.0438693415647,0.0,0.0,0.0,10351.527870370372,10735.86735277778,0.6846,0.7708,365.470256038318,234.79362742524023,-0.0,0.0,600.2638834635582,600.2638834635582,1,6242.754999999999,5637.195,12
2025-09-23,90,2025-09-23T00:00:00,2025-09-23 15:10:00,2025-09-23 15:20:00,2025-09-16 15:20:00,PRICE-LAG7-COMPLETED,cvar_t0.90_r0.20_g0.05,Q2V2-SW2-REC5,A,A,B,2025-09-23T00:00:00,3393.0537739074066,3461.4443757592585,previous_confirmed_final_slot_and_issued_load_pv_forecast,6377.3851,4842.082,280.0747750000004,280.0747750000004,0.0,0.0,24.19092500000056,0.0,0.0,0.0,10735.86735277778,10757.63918527778,0.7043,0.7575,212.15664206250028,0.0,-0.0,0.0,212.15664206250028,212.15664206250028,1,6125.11585,5276.468859999999,12
2025-09-23,91,2025-09-23T00:00:00,2025-09-23 15:20:00,2025-09-23 15:30:00,2025-09-16 15:30:00,PRICE-LAG7-COMPLETED,cvar_t0.90_r0.20_g0.05,Q2V2-SW2-REC5,A,A,B,2025-09-23T00:00:00,3393.0537739074066,3461.4443757592585,previous_confirmed_final_slot_and_issued_load_pv_forecast,6461.0017,4734.2965,197.8212833333331,313.61367916666677,115.79239583333367,0.0,25.829479166666943,0.0,0.0,0.0,10757.63918527778,10780.88571652778,0.7503,0.7846,155.21057890333313,136.27607065625037,-0.0,0.0,291.4866495595835,291.4866495595835,1,6263.36485,4934.27224,12
2025-09-23,92,2025-09-23T00:00:00,2025-09-23 15:30:00,2025-09-23 15:40:00,2025-09-16 15:40:00,PRICE-LAG7-COMPLETED,cvar_t0.90_r0.20_g0.05,Q2V2-SW2-REC5,A,A,B,2025-09-23T00:00:00,3393.0537739074066,3461.4443757592585,previous_confirmed_final_slot_and_issued_load_pv_forecast,6382.45,4417.2375,355.5137500000001,390.80821249999997,35.294462499999895,0.0,21.2380927469106,0.0,0.0,42.03470308642265,10780.88571652778,10800.0,0.7367,0.7548,268.3417785000001,39.960390442499886,-0.0,0.0,308.3021689425,308.3021689425,1,6525.585,4638.615,12
2025-09-23,93,2025-09-23T00:00:00,2025-09-23 15:40:00,2025-09-23 15:50:00,2025-09-16 15:50:00,PRICE-LAG7-COMPLETED,cvar_t0.90_r0.20_g0.05,Q2V2-SW2-REC5,A,A,B,2025-09-23T00:00:00,3393.0537739074066,3461.4443757592585,previous_confirmed_final_slot_and_issued_load_pv_forecast,6120.1976,4306.354,294.0046183333329,420.9286875,126.9240691666671,0.0,0.0,0.0,0.0,118.62142083333333,10800.0,10800.0,0.8127,0.7536,221.56188037599972,143.4749677860005,-0.0,0.0,365.0368481620002,365.0368481620002,1,6505.3608,4311.989439999999,12
2025-09-23,94,2025-09-23T00:00:00,2025-09-23 15:50:00,2025-09-23 16:00:00,2025-09-16 16:00:00,PRICE-LAG7-COMPLETED,cvar_t0.90_r0.20_g0.05,Q2V2-SW2-REC5,A,A,B,2025-09-23T00:00:00,3393.0537739074066,3461.4443757592585,previous_confirmed_final_slot_and_issued_load_pv_forecast,6153.6297,4035.9346,358.2958016666669,392.60559469586565,34.30979302919877,0.0,0.0,0.0,0.0,39.65641136253225,10800.0,10800.0,0.8523,0.8148,291.93941919800017,41.93342904028674,-0.0,0.0,333.8728482382869,333.8728482382869,1,6282.500050000001,3968.8653399999994,12
2025-09-23,95,2025-09-23T00:00:00,2025-09-23 16:00:00,2025-09-23 16:10:00,2025-09-16 16:10:00,PRICE-LAG7-COMPLETED,cvar_t0.90_r0.20_g0.05,Q2V2-SW2-REC5,A,A,B,2025-09-23T00:00:00,3393.0537739074066,3461.4443757592585,previous_confirmed_final_slot_and_issued_load_pv_forecast,6505.17,3543.675,382.23874999999987,432.8284041666666,50.58965416666672,0.0,0.0,60.754095833333395,0.0,0.0,10800.0,10732.495449074075,0.8366,0.8978,343.1739497499999,68.12908726625007,-0.0,0.0,411.30303701624996,411.30303701624996,1,6174.865,3641.2125,12
2025-09-23,96,2025-09-23T00:00:00,2025-09-23 16:10:00,2025-09-23 16:20:00,2025-09-16 16:20:00,PRICE-LAG7-COMPLETED,cvar_t0.90_r0.20_g0.05,Q2V2-SW2-REC5,A,A,B,2025-09-23T00:00:00,3393.0537739074066,3461.4443757592585,previous_confirmed_final_slot_and_issued_load_pv_forecast,6704.9712,3168.3753,537.9007283333334,537.9007283333334,0.0,0.0,0.0,51.53192166666645,0.0,0.0,10732.495449074075,10675.237758333335,0.8804,0.9325,501.5924291708334,0.0,-0.0,0.0,501.5924291708334,501.5924291708334,1,6427.1013,3337.8833400000003,12
2025-09-23,97,2025-09-23T00:00:00,2025-09-23 16:20:00,2025-09-23 16:30:00,2025-09-16 16:30:00,PRICE-LAG7-COMPLETED,cvar_t0.90_r0.20_g0.05,Q2V2-SW2-REC5,A,A,B,2025-09-23T00:00:00,3393.0537739074066,3461.4443757592585,previous_confirmed_final_slot_and_issued_load_pv_forecast,6651.3841,2836.5022,589.8523449999999,589.8523449999999,0.0,0.0,0.0,45.961305000000266,0.0,0.0,10675.237758333335,10624.169641666667,0.92,0.9637,568.4407048764999,0.0,-0.0,0.0,568.4407048764999,568.4407048764999,1,6565.58435,3006.45796,12
2025-09-23,98,2025-09-23T00:00:00,2025-09-23 16:30:00,2025-09-23 16:40:00,2025-09-16 16:40:00,PRICE-LAG7-COMPLETED,cvar_t0.90_r0.20_g0.05,Q2V2-SW2-REC5,A,A,B,2025-09-23T00:00:00,3393.0537739074066,3461.4443757592585,previous_confirmed_final_slot_and_issued_load_pv_forecast,6512.95,2503.5375,636.4230545267482,636.4230545267482,0.0,0.0,0.0,31.812362139918378,0.0,0.0,10624.169641666667,10588.822572622314,0.9152,0.9927,631.7771662287029,0.0,-0.0,0.0,631.7771662287029,631.7771662287029,1,6464.535,2660.4300000000003,12
2025-09-23,99,2025-09-23T00:00:00,2025-09-23 16:40:00,2025-09-23 16:50:00,2025-09-16 16:50:00,PRICE-LAG7-COMPLETED,cvar_t0.90_r0.20_g0.05,Q2V2-SW2-REC5,A,A,B,2025-09-23T00:00:00,3393.0537739074066,3461.4443757592585,previous_confirmed_final_slot_and_issued_load_pv_forecast,6516.7553,2218.6701,694.6133233333334,694.6133233333334,0.0,0.0,0.0,21.734209999999848,0.0,0.0,10588.822572622314,10564.673450400092,0.9005,0.9735,676.2060702650001,0.0,-0.0,0.0,676.2060702650001,676.2060702650001,1,6445.874,2360.99716,12
2025-09-23,100,2025-09-23T00:00:00,2025-09-23 16:50:00,2025-09-23 17:00:00,2025-09-16 17:00:00,PRICE-LAG7-COMPLETED,cvar_t0.90_r0.20_g0.05,Q2V2-SW2-REC5,A,A,B,2025-09-23T00:00:00,3393.0537739074066,3461.4443757592585,previous_confirmed_final_slot_and_issued_load_pv_forecast,6452.5286,1863.5925,801.7364966666667,801.7364966666667,0.0,0.0,36.91381333333334,0.0,0.0,0.0,10564.673450400092,10597.895882400093,0.9281,0.9613,770.7092942456667,0.0,-0.0,0.0,770.7092942456667,770.7092942456667,1,6505.92735,2039.5250200000003,12
2025-09-23,101,2025-09-23T00:00:00,2025-09-23 17:00:00,2025-09-23 17:10:00,2025-09-16 17:10:00,PRICE-LAG7-COMPLETED,cvar_t0.90_r0.20_g0.05,Q2V2-SW2-REC5,A,A,B,2025-09-23T00:00:00,3393.0537739074066,3461.4443757592585,previous_confirmed_final_slot_and_issued_load_pv_forecast,6349.71,1465.3875,861.7787499999997,861.7787499999997,0.0,0.0,47.72499999999991,0.0,0.0,0.0,10597.895882400093,10640.848382400092,0.9928,1.0104,870.7412489999997,0.0,-0.0,0.0,870.7412489999997,870.7412489999997,1,6512.549999999999,1684.455,12
2025-09-23,102,2025-09-23T00:00:00,2025-09-23 17:10:00,2025-09-23 17:20:00,2025-09-16 17:20:00,PRICE-LAG7-COMPLETED,cvar_t0.90_r0.20_g0.05,Q2V2-SW2-REC5,A,A,B,2025-09-23T00:00:00,3393.0537739074066,3461.4443757592585,previous_confirmed_final_slot_and_issued_load_pv_forecast,6441.2731,1178.7512,894.9100116666666,894.9100116666666,0.0,0.0,17.82302833333324,0.0,0.0,0.0,10640.848382400092,10656.889107900091,1.0407,1.1132,996.2138249873333,0.0,-0.0,0.0,996.2138249873333,996.2138249873333,1,6370.4311,1358.91034,12
2025-09-23,103,2025-09-23T00:00:00,2025-09-23 17:20:00,2025-09-23 17:30:00,2025-09-16 17:30:00,PRICE-LAG7-COMPLETED,cvar_t0.90_r0.20_g0.05,Q2V2-SW2-REC5,A,A,B,2025-09-23T00:00:00,3393.0537739074066,3461.4443757592585,previous_confirmed_final_slot_and_issued_load_pv_forecast,6397.9351,917.9154,900.8849404333336,900.8849404333336,0.0,0.0,0.0,12.451676233333046,0.0,0.0,10656.889107900091,10643.053912085277,1.0656,1.1301,1018.0900711837104,0.0,-0.0,0.0,1018.0900711837104,1018.0900711837104,1,6292.1365000000005,1063.0193000000002,12
2025-09-23,104,2025-09-23T00:00:00,2025-09-23 17:30:00,2025-09-23 17:40:00,2025-09-16 17:40:00,PRICE-LAG7-COMPLETED,cvar_t0.90_r0.20_g0.05,Q2V2-SW2-REC5,A,A,B,2025-09-23T00:00:00,3393.0537739074066,3461.4443757592585,previous_confirmed_final_slot_and_issued_load_pv_forecast,6368.49,630.1875,951.7470833333332,951.7470833333332,0.0,0.0,0.0,4.63666666666677,0.0,0.0,10643.053912085277,10637.902060233426,1.0681,1.0787,1026.6495787916665,0.0,-0.0,0.0,1026.6495787916665,1026.6495787916665,1,6465.08,779.7075,12
2025-09-23,105,2025-09-23T00:00:00,2025-09-23 17:40:00,2025-09-23 17:50:00,2025-09-16 17:50:00,PRICE-LAG7-COMPLETED,cvar_t0.90_r0.20_g0.05,Q2V2-SW2-REC5,A,A,B,2025-09-23T00:00:00,3393.0537739074066,3461.4443757592585,previous_confirmed_final_slot_and_issued_load_pv_forecast,6667.634,356.458,1071.0641933333332,1071.0641933333332,0.0,0.0,19.201526666666496,0.0,0.0,0.0,10637.902060233426,10655.183434233426,1.0679,1.1143,1193.4868306313333,0.0,-0.0,0.0,1193.4868306313333,1193.4868306313333,1,6733.7934000000005,495.22212,12
2025-09-23,106,2025-09-23T00:00:00,2025-09-23 17:50:00,2025-09-23 18:00:00,2025-09-16 18:00:00,PRICE-LAG7-COMPLETED,cvar_t0.90_r0.20_g0.05,Q2V2-SW2-REC5,A,A,B,2025-09-23T00:00:00,3393.0537739074066,3461.4443757592585,previous_confirmed_final_slot_and_issued_load_pv_forecast,5886.4358,131.4439,934.6654016666665,934.6654016666665,0.0,0.0,0.0,24.4999150000001,0.0,0.0,10655.183434233426,10627.961306455649,1.1769,1.1899,1112.1583614431665,0.0,-0.0,0.0,1112.1583614431665,1112.1583614431665,1,6056.149299999999,213.97036000000003,12
2025-09-23,107,2025-09-23T00:00:00,2025-09-23 18:00:00,2025-09-23 18:10:00,2025-09-16 18:10:00,PRICE-LAG7-COMPLETED,cvar_t0.90_r0.20_g0.05,Q2V2-SW2-REC5,A,A,B,2025-09-23T00:00:00,3393.0537739074066,3461.4443757592585,previous_confirmed_final_slot_and_issued_load_pv_forecast,4515.87,0.0,0.0,20.457575416666486,20.457575416666486,0.0,0.0,732.1874245833335,0.0,0.0,10627.961306455649,9814.419723585279,1.3248,1.26,0.0,38.664817537499665,-0.0,0.0,38.664817537499665,38.664817537499665,1,4865.92,13.875,18
2025-09-23,108,2025-09-23T00:00:00,2025-09-23 18:10:00,2025-09-23 18:20:00,2025-09-16 18:20:00,PRICE-LAG7-COMPLETED,cvar_t0.90_r0.20_g0.05,Q2V2-SW2-REC5,A,A,B,2025-09-23T00:00:00,3393.0537739074066,3461.4443757592585,previous_confirmed_final_slot_and_issued_load_pv_forecast,4585.9791,0.0,427.12593433333427,427.12593433333427,0.0,0.0,0.0,337.2039156666656,0.0,0.0,9814.419723585279,9439.748706177872,1.3204,1.3273,566.9242526406346,0.0,-0.0,0.0,566.9242526406346,566.9242526406346,1,4716.7233,0.0,18
2025-09-23,109,2025-09-23T00:00:00,2025-09-23 18:20:00,2025-09-23 18:30:00,2025-09-16 18:30:00,PRICE-LAG7-COMPLETED,cvar_t0.90_r0.20_g0.05,Q2V2-SW2-REC5,A,A,B,2025-09-23T00:00:00,3393.0537739074066,3461.4443757592585,previous_confirmed_final_slot_and_issued_load_pv_forecast,4985.787,4.4234,749.4147350000002,887.2492002083333,137.83446520833309,0.0,57.0219335416665,0.0,0.0,0.0,9439.748706177872,9491.068446365372,1.302,1.3739,1029.6209044165003,284.0561576245932,-0.0,0.0,1313.6770620410934,1313.6770620410934,1,4891.0499,5.60804,18
2025-09-23,110,2025-09-23T00:00:00,2025-09-23 18:30:00,2025-09-23 18:40:00,2025-09-16 18:40:00,PRICE-LAG7-COMPLETED,cvar_t0.90_r0.20_g0.05,Q2V2-SW2-REC5,A,A,B,2025-09-23T00:00:00,3393.0537739074066,3461.4443757592585,previous_confirmed_final_slot_and_issued_load_pv_forecast,5006.5,0.0,29.991666666666674,31.439934791666587,1.4482681249999132,0.0,0.0,802.976731875,0.0,0.0,9491.068446365372,8598.872077615373,1.3348,1.3863,41.57744750000001,3.0116011525310697,-0.0,0.0,44.58904865253108,44.58904865253108,1,4886.6849999999995,0.0,18
2025-09-23,111,2025-09-23T00:00:00,2025-09-23 18:40:00,2025-09-23 18:50:00,2025-09-16 18:50:00,PRICE-LAG7-COMPLETED,cvar_t0.90_r0.20_g0.05,Q2V2-SW2-REC5,A,A,B,2025-09-23T00:00:00,3393.0537739074066,3461.4443757592585,previous_confirmed_final_slot_and_issued_load_pv_forecast,5016.9579,0.0,15.390566666666928,17.66530256944452,2.274735902777593,0.0,0.0,818.4943474305555,0.0,0.0,8598.872077615373,7689.433913803645,1.3458,1.3617,20.957334630000354,4.646261818218372,-0.0,0.0,25.603596448218724,25.603596448218724,1,4910.91115,0.0,18
2025-09-23,112,2025-09-23T00:00:00,2025-09-23 18:50:00,2025-09-23 19:00:00,2025-09-16 19:00:00,PRICE-LAG7-COMPLETED,cvar_t0.90_r0.20_g0.05,Q2V2-SW2-REC5,A,A,B,2025-09-23T00:00:00,3393.0537739074066,3461.4443757592585,previous_confirmed_final_slot_and_issued_load_pv_forecast,4862.5058,0.3176,0.0,0.0,0.0,0.0,0.0,810.3646999999999,0.0,0.0,7689.433913803645,6789.028691581423,1.342,1.2989,0.0,0.0,-0.0,0.0,0.0,0.0,1,4816.928449999999,0.40262000000000003,18
2025-09-23,113,2025-09-23T00:00:00,2025-09-23 19:00:00,2025-09-23 19:10:00,2025-09-16 19:10:00,PRICE-LAG7-COMPLETED,cvar_t0.90_r0.20_g0.05,Q2V2-SW2-REC5,A,A,B,2025-09-23T00:00:00,3393.0537739074066,3461.4443757592585,previous_confirmed_final_slot_and_issued_load_pv_forecast,4664.56,0.0,0.0,0.0,0.0,0.0,0.0,777.4266666666667,0.0,0.0,6789.028691581423,5925.221284174016,1.3489,1.242,0.0,0.0,-0.0,0.0,0.0,0.0,1,4697.33,0.0,18
2025-09-23,114,2025-09-23T00:00:00,2025-09-23 19:10:00,2025-09-23 19:20:00,2025-09-16 19:20:00,PRICE-LAG7-COMPLETED,cvar_t0.90_r0.20_g0.05,Q2V2-SW2-REC5,A,A,B,2025-09-23T00:00:00,3393.0537739074066,3461.4443757592585,previous_confirmed_final_slot_and_issued_load_pv_forecast,4794.5933,0.0,0.0,0.0,0.0,0.0,0.0,799.0988833333333,0.0,0.0,5925.221284174016,5037.333636025867,1.3713,1.2579,0.0,0.0,-0.0,0.0,0.0,0.0,1,4832.4934,0.0,18
2025-09-23,115,2025-09-23T00:00:00,2025-09-23 19:20:00,2025-09-23 19:30:00,2025-09-16 19:30:00,PRICE-LAG7-COMPLETED,cvar_t0.90_r0.20_g0.05,Q2V2-SW2-REC5,A,A,B,2025-09-23T00:00:00,3393.0537739074066,3461.4443757592585,previous_confirmed_final_slot_and_issued_load_pv_forecast,4953.598,0.0228,34.18019999999967,34.18019999999967,0.0,0.0,0.0,791.415666666667,0.0,0.0,5037.333636025867,4157.982895285126,1.3479,1.3209,45.14862617999957,0.0,-0.0,0.0,45.14862617999957,45.14862617999957,1,4923.5291,0.0289,18
2025-09-23,116,2025-09-23T00:00:00,2025-09-23 19:30:00,2025-09-23 19:40:00,2025-09-16 19:40:00,PRICE-LAG7-COMPLETED,cvar_t0.90_r0.20_g0.05,Q2V2-SW2-REC5,A,A,B,2025-09-23T00:00:00,3393.0537739074066,3461.4443757592585,previous_confirmed_final_slot_and_issued_load_pv_forecast,4906.9,0.0,712.3741666666665,826.2964166666666,113.92225000000008,0.0,8.479749999999967,0.0,0.0,0.0,4157.982895285126,4165.614670285126,1.2973,1.3658,972.9606368333331,233.39251357500012,-0.0,0.0,1206.3531504083332,1206.3531504083332,1,4898.15,0.0,18
2025-09-23,117,2025-09-23T00:00:00,2025-09-23 19:40:00,2025-09-23 19:50:00,2025-09-16 19:50:00,PRICE-LAG7-COMPLETED,cvar_t0.90_r0.20_g0.05,Q2V2-SW2-REC5,A,A,B,2025-09-23T00:00:00,3393.0537739074066,3461.4443757592585,previous_confirmed_final_slot_and_issued_load_pv_forecast,4721.0181,0.0,711.8206833333335,840.6015054166668,128.7808220833333,0.0,53.765155416666744,0.0,0.0,0.0,4165.614670285126,4214.003310160126,1.3023,1.3425,955.6192673750002,259.33238047031244,-0.0,0.0,1214.9516478453127,1214.9516478453127,1,4952.9865,0.0,18
2025-09-23,118,2025-09-23T00:00:00,2025-09-23 19:50:00,2025-09-23 20:00:00,2025-09-16 20:00:00,PRICE-LAG7-COMPLETED,cvar_t0.90_r0.20_g0.05,Q2V2-SW2-REC5,A,A,B,2025-09-23T00:00:00,3393.0537739074066,3461.4443757592585,previous_confirmed_final_slot_and_issued_load_pv_forecast,4705.315,0.0016,686.186175,686.186175,0.0,0.0,0.0,98.0327249999998,0.0,0.0,4214.003310160126,4105.0780601601255,1.316,1.3213,906.6577930275,0.0,-0.0,0.0,906.6577930275,906.6577930275,1,4876.40835,0.00208,18
2025-09-23,119,2025-09-23T00:00:00,2025-09-23 20:00:00,2025-09-23 20:10:00,2025-09-16 20:10:00,PRICE-LAG7-COMPLETED,cvar_t0.90_r0.20_g0.05,Q2V2-SW2-REC5,A,A,B,2025-09-23T00:00:00,3393.0537739074066,3461.4443757592585,previous_confirmed_final_slot_and_issued_load_pv_forecast,4871.47,0.0,636.8624999999998,636.8624999999998,0.0,0.0,0.0,175.0491666666668,0.0,0.0,4105.0780601601255,3910.5789860860514,1.3178,1.3115,835.2451687499998,0.0,-0.0,0.0,835.2451687499998,835.2451687499998,1,4727.08,0.0,18
2025-09-23,120,2025-09-23T00:00:00,2025-09-23 20:10:00,2025-09-23 20:20:00,2025-09-16 20:20:00,PRICE-LAG7-COMPLETED,cvar_t0.90_r0.20_g0.05,Q2V2-SW2-REC5,A,A,B,2025-09-23T00:00:00,3393.0537739074066,3461.4443757592585,previous_confirmed_final_slot_and_issued_load_pv_forecast,4963.0687,0.0,5.616266666666661,5.616266666666661,0.0,0.0,0.0,821.5618499999999,0.0,0.0,3910.5789860860514,2997.7324860860517,1.3307,1.2687,7.125357519999993,0.0,-0.0,0.0,7.125357519999993,7.125357519999993,1,4804.5576,0.0,18
2025-09-23,121,2025-09-23T00:00:00,2025-09-23 20:20:00,2025-09-23 20:30:00,2025-09-16 20:30:00,PRICE-LAG7-COMPLETED,cvar_t0.90_r0.20_g0.05,Q2V2-SW2-REC5,A,A,B,2025-09-23T00:00:00,3393.0537739074066,3461.4443757592585,previous_confirmed_final_slot_and_issued_load_pv_forecast,5061.4062,0.0,660.6723583333332,660.6723583333332,0.0,0.0,0.0,182.8953416666668,0.0,0.0,2997.7324860860517,2794.5154397897554,1.32,1.2951,855.6367712774999,0.0,-0.0,0.0,855.6367712774999,855.6367712774999,1,4877.3211,0.0,18
2025-09-23,122,2025-09-23T00:00:00,2025-09-23 20:30:00,2025-09-23 20:40:00,2025-09-16 20:40:00,PRICE-LAG7-COMPLETED,cvar_t0.90_r0.20_g0.05,Q2V2-SW2-REC5,A,A,B,2025-09-23T00:00:00,3393.0537739074066,3461.4443757592585,previous_confirmed_final_slot_and_issued_load_pv_forecast,5038.25,0.0,620.8599999999999,668.7739856899157,47.91398568991576,0.0,0.0,170.9343476434176,0.0,0.0,2794.5154397897554,2604.588386852625,1.3141,1.3829,858.5872939999999,99.39037621587676,-0.0,0.0,957.9776702158767,957.9776702158767,1,4833.68,0.0,18
2025-09-23,123,2025-09-23T00:00:00,2025-09-23 20:40:00,2025-09-23 20:50:00,2025-09-16 20:50:00,PRICE-LAG7-COMPLETED,cvar_t0.90_r0.20_g0.05,Q2V2-SW2-REC5,A,A,B,2025-09-23T00:00:00,3393.0537739074066,3461.4443757592585,previous_confirmed_final_slot_and_issued_load_pv_forecast,4709.3717,0.0,3.9470833333334667,3.9470833333334667,0.0,0.0,0.0,780.9481999999998,0.0,0.0,2604.588386852625,1736.8681646304028,1.3525,1.3866,5.473025750000185,0.0,-0.0,0.0,5.473025750000185,5.473025750000185,1,4792.70845,0.0,18
2025-09-23,124,2025-09-23T00:00:00,2025-09-23 20:50:00,2025-09-23 21:00:00,2025-09-16 21:00:00,PRICE-LAG7-COMPLETED,cvar_t0.90_r0.20_g0.05,Q2V2-SW2-REC5,A,A,B,2025-09-23T00:00:00,3393.0537739074066,3461.4443757592585,previous_confirmed_final_slot_and_issued_load_pv_forecast,4809.9708,0.0,746.523758333333,813.7282472916664,67.2044889583334,0.0,12.066447291666464,0.0,0.0,0.0,1736.8681646304028,1747.7279671929027,1.2229,1.2125,905.1600569791663,122.22816429296886,-0.0,0.0,1027.388221272135,1027.388221272135,1,4771.2955999999995,0.0,18
2025-09-23,125,2025-09-23T00:00:00,2025-09-23 21:00:00,2025-09-23 21:10:00,2025-09-16 21:10:00,PRICE-LAG7-COMPLETED,cvar_t0.90_r0.20_g0.05,Q2V2-SW2-REC5,A,A,B,2025-09-23T00:00:00,3393.0537739074066,3461.4443757592585,previous_confirmed_final_slot_and_issued_load_pv_forecast,5215.3,0.0,776.1733333333333,815.3264362499997,39.1531029166664,0.0,0.0,53.89023041666701,0.0,0.0,1747.7279671929027,1687.849933396606,0.993,0.9884,767.1697226666665,58.0483903842496,-0.0,0.0,825.2181130509161,825.2181130509161,1,4796.629999999999,0.0,18
2025-09-23,126,2025-09-23T00:00:00,2025-09-23 21:10:00,2025-09-23 21:20:00,2025-09-16 21:20:00,PRICE-LAG7-COMPLETED,cvar_t0.90_r0.20_g0.05,Q2V2-SW2-REC5,A,A,B,2025-09-23T00:00:00,3393.0537739074066,3461.4443757592585,previous_confirmed_final_slot_and_issued_load_pv_forecast,5055.1463,0.0,825.2442916666665,830.1874849999999,4.943193333333397,0.0,0.0,12.336898333333465,0.0,0.0,1687.849933396606,1674.142268581791,0.9633,0.9549,788.0257741124998,7.080382971000092,-0.0,0.0,795.1061570834999,795.1061570834999,1,4878.2225,0.0,18
2025-09-23,127,2025-09-23T00:00:00,2025-09-23 21:20:00,2025-09-23 21:30:00,2025-09-16 21:30:00,PRICE-LAG7-COMPLETED,cvar_t0.90_r0.20_g0.05,Q2V2-SW2-REC5,A,A,B,2025-09-23T00:00:00,3393.0537739074066,3461.4443757592585,previous_confirmed_final_slot_and_issued_load_pv_forecast,4827.5711,0.0,834.1795250000001,834.1795250000001,0.0,0.0,29.584341666666774,0.0,0.0,0.0,1674.142268581791,1700.7681760817911,0.9991,0.9828,819.8316371700001,0.0,-0.0,0.0,819.8316371700001,819.8316371700001,1,4815.9389,0.0,18
2025-09-23,128,2025-09-23T00:00:00,2025-09-23 21:30:00,2025-09-23 21:40:00,2025-09-16 21:40:00,PRICE-LAG7-COMPLETED,cvar_t0.90_r0.20_g0.05,Q2V2-SW2-REC5,A,A,B,2025-09-23T00:00:00,3393.0537739074066,3461.4443757592585,previous_confirmed_final_slot_and_issued_load_pv_forecast,4880.29,0.0,773.4383333333333,801.934125,28.49579166666672,0.0,0.0,11.447541666666666,0.0,0.0,1700.7681760817911,1688.0486853410505,1.0389,1.0059,778.0016195,42.99587525625008,-0.0,0.0,820.99749475625,820.99749475625,1,4714.745,0.0,18
2025-09-23,129,2025-09-23T00:00:00,2025-09-23 21:40:00,2025-09-23 21:50:00,2025-09-16 21:50:00,PRICE-LAG7-COMPLETED,cvar_t0.90_r0.20_g0.05,Q2V2-SW2-REC5,A,A,B,2025-09-23T00:00:00,3393.0537739074066,3461.4443757592585,previous_confirmed_final_slot_and_issued_load_pv_forecast,4979.2148,0.0,756.4500759999997,811.1117997479165,54.66172374791677,0.0,0.0,18.757333585416745,0.0,0.0,1688.0486853410505,1667.2072035794763,1.1088,1.0449,790.4146844123997,85.67405271629734,-0.0,0.0,876.088737128697,876.088737128697,1,4807.893599999999,0.0,18
2025-09-23,130,2025-09-23T00:00:00,2025-09-23 21:50:00,2025-09-23 22:00:00,2025-09-16 22:00:00,PRICE-LAG7-COMPLETED,cvar_t0.90_r0.20_g0.05,Q2V2-SW2-REC5,A,A,B,2025-09-23T00:00:00,3393.0537739074066,3461.4443757592585,previous_confirmed_final_slot_and_issued_load_pv_forecast,4609.119,0.0,762.10715,764.1865641666667,2.079414166666652,0.0,0.0,3.999935833333211,0.0,0.0,1667.2072035794763,1662.7628304313282,0.8678,0.8538,650.68708467,2.663105723249981,-0.0,0.0,653.3501903932499,653.3501903932499,1,4453.8006000000005,0.0,18
2025-09-23,131,2025-09-23T00:00:00,2025-09-23 22:00:00,2025-09-23 22:10:00,2025-09-16 22:10:00,PRICE-LAG7-COMPLETED,cvar_t0.90_r0.20_g0.05,Q2V2-SW2-REC5,A,A,B,2025-09-23T00:00:00,3393.0537739074066,3461.4443757592585,previous_confirmed_final_slot_and_issued_load_pv_forecast,3835.46,0.0,639.5216666666668,650.4012347916666,10.879568124999878,0.0,11.1579014583333,0.0,0.0,0.0,1662.7628304313282,1672.8049417438283,0.4674,0.5154,329.60946700000005,8.410994117437404,-0.0,0.0,338.02046111743743,338.02046111743743,1,3783.795,0.0,18
2025-09-23,132,2025-09-23T00:00:00,2025-09-23 22:10:00,2025-09-23 22:20:00,2025-09-16 22:20:00,PRICE-LAG7-COMPLETED,cvar_t0.90_r0.20_g0.05,Q2V2-SW2-REC5,A,A,B,2025-09-23T00:00:00,3393.0537739074066,3461.4443757592585,previous_confirmed_final_slot_and_issued_load_pv_forecast,3320.6494,0.0,613.4960333333333,620.4305535416667,6.934520208333311,0.0,66.98898687500002,0.0,0.0,0.0,1672.8049417438283,1733.0950299313283,0.4348,0.3997,245.21436452333333,4.157591590906237,-0.0,0.0,249.37195611423957,249.37195611423957,1,3627.4948000000004,0.0,18
2025-09-23,133,2025-09-23T00:00:00,2025-09-23 22:20:00,2025-09-23 22:30:00,2025-09-16 22:30:00,PRICE-LAG7-COMPLETED,cvar_t0.90_r0.20_g0.05,Q2V2-SW2-REC5,A,A,B,2025-09-23T00:00:00,3393.0537739074066,3461.4443757592585,previous_confirmed_final_slot_and_issued_load_pv_forecast,3496.0714,0.0,579.25805,619.69241125,40.43436124999994,0.0,37.013844583333366,0.0,0.0,0.0,1733.0950299313283,1766.4074900563282,0.4709,0.4421,256.089983905,26.81404666293746,-0.0,0.0,282.90403056793747,282.90403056793747,1,3644.2415,0.0,18
2025-09-23,134,2025-09-23T00:00:00,2025-09-23 22:30:00,2025-09-23 22:40:00,2025-09-16 22:40:00,PRICE-LAG7-COMPLETED,cvar_t0.90_r0.20_g0.05,Q2V2-SW2-REC5,A,A,B,2025-09-23T00:00:00,3393.0537739074066,3461.4443757592585,previous_confirmed_final_slot_and_issued_load_pv_forecast,3883.24,0.0,869.7855396090529,869.7855396090529,0.0,0.0,222.57887294238628,0.0,0.0,0.0,1766.4074900563282,1966.7284757044758,0.4254,0.4839,420.8892226168207,0.0,-0.0,0.0,420.8892226168207,420.8892226168207,1,3617.3,0.0,18
2025-09-23,135,2025-09-23T00:00:00,2025-09-23 22:40:00,2025-09-23 22:50:00,2025-09-16 22:50:00,PRICE-LAG7-COMPLETED,cvar_t0.90_r0.20_g0.05,Q2V2-SW2-REC5,A,A,B,2025-09-23T00:00:00,3393.0537739074066,3461.4443757592585,previous_confirmed_final_slot_and_issued_load_pv_forecast,3580.1991,0.0,612.365375,631.8755745833333,19.51019958333336,0.0,35.17572458333336,0.0,0.0,0.0,1966.7284757044758,1998.3866278294759,0.4529,0.4396,269.19581884999997,12.865025605250018,-0.0,0.0,282.06084445525,282.06084445525,1,3691.7274500000003,0.0,18
2025-09-23,136,2025-09-23T00:00:00,2025-09-23 22:50:00,2025-09-23 23:00:00,2025-09-16 23:00:00,PRICE-LAG7-COMPLETED,cvar_t0.90_r0.20_g0.05,Q2V2-SW2-REC5,A,A,B,2025-09-23T00:00:00,3393.0537739074066,3461.4443757592585,previous_confirmed_final_slot_and_issued_load_pv_forecast,3332.1137,0.0,556.0688333333334,556.0688333333334,0.0,0.0,0.7165500000000975,0.0,0.0,0.0,1998.3866278294759,1999.031522829476,0.4843,0.4292,238.6647432666667,0.0,-0.0,0.0,238.6647432666667,238.6647432666667,1,3755.14195,0.0,18
2025-09-23,137,2025-09-23T00:00:00,2025-09-23 23:00:00,2025-09-23 23:10:00,2025-09-16 23:10:00,PRICE-LAG7-COMPLETED,cvar_t0.90_r0.20_g0.05,Q2V2-SW2-REC5,A,A,B,2025-09-23T00:00:00,3393.0537739074066,3461.4443757592585,previous_confirmed_final_slot_and_issued_load_pv_forecast,3416.1,0.0,593.8875,593.8875,0.0,0.0,24.537500000000136,0.0,0.0,0.0,1999.031522829476,2021.115272829476,0.4709,0.4608,273.66336,0.0,-0.0,0.0,273.66336,273.66336,1,3742.6800000000003,0.0,18
2025-09-23,138,2025-09-23T00:00:00,2025-09-23 23:10:00,2025-09-23 23:20:00,2025-09-16 23:20:00,PRICE-LAG7-COMPLETED,cvar_t0.90_r0.20_g0.05,Q2V2-SW2-REC5,A,A,B,2025-09-23T00:00:00,3393.0537739074066,3461.4443757592585,previous_confirmed_final_slot_and_issued_load_pv_forecast,3387.9352,0.0,594.066075,641.11266125,47.04658625000002,0.0,76.45679458333336,0.0,0.0,0.0,2021.115272829476,2089.926387954476,0.4436,0.4279,254.2008734925,30.196851384562514,-0.0,0.0,284.3977248770625,284.3977248770625,1,3695.5516,0.0,18
2025-09-23,139,2025-09-23T00:00:00,2025-09-23 23:20:00,2025-09-23 23:30:00,2025-09-16 23:30:00,PRICE-LAG7-COMPLETED,cvar_t0.90_r0.20_g0.05,Q2V2-SW2-REC5,A,A,B,2025-09-23T00:00:00,3393.0537739074066,3461.4443757592585,previous_confirmed_final_slot_and_issued_load_pv_forecast,3459.0094,0.0,605.4593333333332,626.5067220833333,21.047388750000096,0.0,50.00515541666675,0.0,0.0,0.0,2089.926387954476,2134.931027829476,0.4301,0.4124,249.69142906666661,13.01991468075006,-0.0,0.0,262.71134374741666,262.71134374741666,1,3614.9082,0.0,18
2025-09-23,140,2025-09-23T00:00:00,2025-09-23 23:30:00,2025-09-23 23:40:00,2025-09-16 23:40:00,PRICE-LAG7-COMPLETED,cvar_t0.90_r0.20_g0.05,Q2V2-SW2-REC5,A,A,B,2025-09-23T00:00:00,3393.0537739074066,3461.4443757592585,previous_confirmed_final_slot_and_issued_load_pv_forecast,3661.95,0.0,595.7799999999999,626.3204193749999,30.540419375000056,0.0,15.995419374999983,0.0,0.0,0.0,2134.931027829476,2149.326905266976,0.4358,0.4355,259.46218999999996,19.950528956718788,-0.0,0.0,279.4127189567188,279.4127189567188,1,3534.92,0.0,18
2025-09-23,141,2025-09-23T00:00:00,2025-09-23 23:40:00,2025-09-23 23:50:00,2025-09-16 23:50:00,PRICE-LAG7-COMPLETED,cvar_t0.90_r0.20_g0.05,Q2V2-SW2-REC5,A,A,B,2025-09-23T00:00:00,3393.0537739074066,3461.4443757592585,previous_confirmed_final_slot_and_issued_load_pv_forecast,3702.4038,0.0,562.1128249999999,611.8917208333332,49.77889583333331,0.0,0.0,5.175579166666694,0.0,0.0,2149.326905266976,2143.5762617484575,0.4482,0.4312,242.38305014,32.19698982499999,-0.0,0.0,274.58003996499997,274.58003996499997,1,3537.6785,0.0,18
2025-09-23,142,2025-09-23T00:00:00,2025-09-23 23:50:00,2025-09-24 00:00:00,2025-09-17 00:00:00,PRICE-LAG7-COMPLETED,cvar_t0.90_r0.20_g0.05,Q2V2-SW2-REC5,A,A,B,2025-09-23T00:00:00,3393.0537739074066,3461.4443757592585,previous_confirmed_final_slot_and_issued_load_pv_forecast,3409.7885,0.0,594.0656583333334,621.2630297541672,27.197371420833747,0.0,52.964946420833826,0.0,0.0,0.0,2143.5762617484575,2191.2447135272078,0.4624,0.4204,249.74520276333337,17.150662417977763,-0.0,0.0,266.89586518131114,266.89586518131114,1,3706.84735,0.0,18
2025-09-23,143,2025-09-23T00:00:00,2025-09-24 00:00:00,2025-09-24 00:10:00,2025-09-17 00:10:00,PRICE-LAG7-COMPLETED,cvar_t0.90_r0.20_g0.05,Q2V2-SW2-REC5,A,A,B,2025-09-23T00:00:00,3393.0537739074066,3461.4443757592585,previous_confirmed_final_slot_and_issued_load_pv_forecast,3147.61,0.0,625.5691666666667,625.5691666666667,0.0,0.0,100.96749999999997,0.0,0.0,0.0,2191.2447135272078,2282.115463527208,0.4693,0.4259,266.4299080833333,0.0,-0.0,0.0,266.4299080833333,266.4299080833333,1,3833.535,0.0,18
2025-12-21,0,2025-12-21T00:00:00,2025-12-21 00:10:00,2025-12-21 00:20:00,2025-12-14 00:20:00,PRICE-LAG7-COMPLETED,cvar_t0.95_r0.05_g0.02,Q2V2-SW2-REC5,A,A,B,2025-12-21T00:00:00,10310.545809630768,10341.704110556693,previous_confirmed_final_slot_and_issued_load_pv_forecast,3576.1063,0.0,571.7500333333334,571.7500333333334,0.0,0.0,0.0,24.267683333333252,0.0,0.0,10341.704110556693,10314.7400179641,0.4011,0.4264,243.79421421333333,0.0,-0.0,0.0,243.79421421333333,243.79421421333333,0,3545.5606,0.0,0
2025-12-21,1,2025-12-21T00:00:00,2025-12-21 00:20:00,2025-12-21 00:30:00,2025-12-14 00:30:00,PRICE-LAG7-COMPLETED,cvar_t0.95_r0.05_g0.02,Q2V2-SW2-REC5,A,A,B,2025-12-21T00:00:00,10310.545809630768,10341.704110556693,previous_confirmed_final_slot_and_issued_load_pv_forecast,3537.871,0.0,1156.2902309658125,1156.2902309658125,0.0,0.0,539.1777578176657,0.0,0.0,27.467306481480136,10314.7400179641,10800.0,0.3949,0.4293,496.3953961536233,0.0,-0.0,0.0,496.3953961536233,496.3953961536233,0,3466.42385,0.0,0
2025-12-21,2,2025-12-21T00:00:00,2025-12-21 00:30:00,2025-12-21 00:40:00,2025-12-14 00:40:00,PRICE-LAG7-COMPLETED,cvar_t0.95_r0.05_g0.02,Q2V2-SW2-REC5,A,A,B,2025-12-21T00:00:00,10310.545809630768,10341.704110556693,previous_confirmed_final_slot_and_issued_load_pv_forecast,3472.1,0.0,569.8008333333332,569.8008333333332,0.0,0.0,0.0,8.88250000000005,0.0,0.0,10800.0,10790.130555555555,0.4375,0.4388,250.02860566666664,0.0,-0.0,0.0,250.02860566666664,250.02860566666664,0,3583.4849999999997,0.0,0
2025-12-21,3,2025-12-21T00:00:00,2025-12-21 00:40:00,2025-12-21 00:50:00,2025-12-14 00:50:00,PRICE-LAG7-COMPLETED,cvar_t0.95_r0.05_g0.02,Q2V2-SW2-REC5,A,A,B,2025-12-21T00:00:00,10310.545809630768,10341.704110556693,previous_confirmed_final_slot_and_issued_load_pv_forecast,3388.2602,0.0,638.9738833333333,638.9738833333333,0.0,0.0,10.96604938271614,0.0,0.0,63.29780061728391,10790.130555555555,10800.0,0.4356,0.4138,264.40739292333336,0.0,-0.0,0.0,264.40739292333336,264.40739292333336,0,3734.9198,0.0,0
2025-12-21,4,2025-12-21T00:00:00,2025-12-21 00:50:00,2025-12-21 01:00:00,2025-12-14 01:00:00,PRICE-LAG7-COMPLETED,cvar_t0.95_r0.05_g0.02,Q2V2-SW2-REC5,A,A,B,2025-12-21T00:00:00,10310.545809630768,10341.704110556693,previous_confirmed_final_slot_and_issued_load_pv_forecast,3299.4233,0.0,657.693825,657.693825,0.0,0.0,0.0,0.0,0.0,107.78994166666666,10800.0,10800.0,0.4318,0.41,269.65446825,0.0,-0.0,0.0,269.65446825,269.65446825,0,3795.0864,0.0,0
2025-12-21,5,2025-12-21T00:00:00,2025-12-21 01:00:00,2025-12-21 01:10:00,2025-12-14 01:10:00,PRICE-LAG7-COMPLETED,cvar_t0.95_r0.05_g0.02,Q2V2-SW2-REC5,A,A,B,2025-12-21T00:00:00,10310.545809630768,10341.704110556693,previous_confirmed_final_slot_and_issued_load_pv_forecast,3349.26,0.0,619.8349999999998,619.8349999999998,0.0,0.0,0.0,0.0,0.0,61.62499999999977,10800.0,10800.0,0.459,0.4471,277.1282284999999,0.0,-0.0,0.0,277.1282284999999,277.1282284999999,0,3732.29,0.0,0
2025-12-21,6,2025-12-21T00:00:00,2025-12-21 01:10:00,2025-12-21 01:20:00,2025-12-14 01:20:00,PRICE-LAG7-COMPLETED,cvar_t0.95_r0.05_g0.02,Q2V2-SW2-REC5,A,A,B,2025-12-21T00:00:00,10310.545809630768,10341.704110556693,previous_confirmed_final_slot_and_issued_load_pv_forecast,3662.0911,0.0,600.5397666666665,600.5397666666665,0.0,0.0,0.0,9.808750000000146,0.0,0.0,10800.0,10789.101388888888,0.4935,0.4797,288.07892606999997,0.0,-0.0,0.0,288.07892606999997,288.07892606999997,0,3626.85705,0.0,0
2025-12-21,7,2025-12-21T00:00:00,2025-12-21 01:20:00,2025-12-21 01:30:00,2025-12-14 01:30:00,PRICE-LAG7-COMPLETED,cvar_t0.95_r0.05_g0.02,Q2V2-SW2-REC5,A,A,B,2025-12-21T00:00:00,10310.545809630768,10341.704110556693,previous_confirmed_final_slot_and_issued_load_pv_forecast,3799.4157,0.0,636.8582749999999,636.8582749999999,0.0,0.0,3.6223249999999325,0.0,0.0,0.0,10789.101388888888,10792.361481388889,0.4731,0.4466,284.420905615,0.0,-0.0,0.0,284.420905615,284.420905615,0,3675.16655,0.0,0
2025-12-21,8,2025-12-21T00:00:00,2025-12-21 01:30:00,2025-12-21 01:40:00,2025-12-14 01:40:00,PRICE-LAG7-COMPLETED,cvar_t0.95_r0.05_g0.02,Q2V2-SW2-REC5,A,A,B,2025-12-21T00:00:00,10310.545809630768,10341.704110556693,previous_confirmed_final_slot_and_issued_load_pv_forecast,3736.18,0.0,689.9649999999999,689.9649999999999,0.0,0.0,8.487242901234518,0.0,0.0,58.7810904320988,10792.361481388889,10800.0,0.4223,0.3961,273.29513649999996,0.0,-0.0,0.0,273.29513649999996,273.29513649999996,0,3793.8050000000003,0.0,0
2025-12-21,9,2025-12-21T00:00:00,2025-12-21 01:40:00,2025-12-21 01:50:00,2025-12-14 01:50:00,PRICE-LAG7-COMPLETED,cvar_t0.95_r0.05_g0.02,Q2V2-SW2-REC5,A,A,B,2025-12-21T00:00:00,10310.545809630768,10341.704110556693,previous_confirmed_final_slot_and_issued_load_pv_forecast,3824.9356,0.0,683.7606916666665,683.7606916666665,0.0,0.0,0.0,0.0,0.0,46.27142499999991,10800.0,10800.0,0.4271,0.4368,298.66667011999994,0.0,-0.0,0.0,298.66667011999994,298.66667011999994,0,3714.8409,0.0,0
2025-12-21,10,2025-12-21T00:00:00,2025-12-21 01:50:00,2025-12-21 02:00:00,2025-12-14 02:00:00,PRICE-LAG7-COMPLETED,cvar_t0.95_r0.05_g0.02,Q2V2-SW2-REC5,A,A,B,2025-12-21T00:00:00,10310.545809630768,10341.704110556693,previous_confirmed_final_slot_and_issued_load_pv_forecast,3734.208,0.0,653.8326000000001,653.8326000000001,0.0,0.0,0.0,0.0,0.0,31.464600000000132,10800.0,10800.0,0.4385,0.475,310.570485,0.0,-0.0,0.0,310.570485,310.570485,0,3653.5417500000003,0.0,0
2025-12-21,11,2025-12-21T00:00:00,2025-12-21 02:00:00,2025-12-21 02:10:00,2025-12-14 02:10:00,PRICE-LAG7-COMPLETED,cvar_t0.95_r0.05_g0.02,Q2V2-SW2-REC5,A,A,B,2025-12-21T00:00:00,10310.545809630768,10341.704110556693,previous_confirmed_final_slot_and_issued_load_pv_forecast,3587.15,0.0,649.1774999999999,649.1774999999999,0.0,0.0,0.0,0.0,0.0,51.31916666666655,10800.0,10800.0,0.4278,0.4651,301.93245525,0.0,-0.0,0.0,301.93245525,301.93245525,0,3711.6099999999997,0.0,0
2025-12-21,12,2025-12-21T00:00:00,2025-12-21 02:10:00,2025-12-21 02:20:00,2025-12-14 02:20:00,PRICE-LAG7-COMPLETED,cvar_t0.95_r0.05_g0.02,Q2V2-SW2-REC5,A,A,B,2025-12-21T00:00:00,10310.545809630768,10341.704110556693,previous_confirmed_final_slot_and_issued_load_pv_forecast,3856.4774,0.0,682.3162333333332,682.3162333333332,0.0,0.0,0.0,0.0,0.0,39.569999999999936,10800.0,10800.0,0.4202,0.455,310.4538861666666,0.0,-0.0,0.0,310.4538861666666,310.4538861666666,0,3779.5321999999996,0.0,0
2025-12-21,13,2025-12-21T00:00:00,2025-12-21 02:20:00,2025-12-21 02:30:00,2025-12-14 02:30:00,PRICE-LAG7-COMPLETED,cvar_t0.95_r0.05_g0.02,Q2V2-SW2-REC5,A,A,B,2025-12-21T00:00:00,10310.545809630768,10341.704110556693,previous_confirmed_final_slot_and_issued_load_pv_forecast,3923.2147,0.0,685.1143999999999,685.1143999999999,0.0,0.0,0.0,0.0,0.0,31.245283333333305,10800.0,10800.0,0.4345,0.4629,317.13945576,0.0,-0.0,0.0,317.13945576,317.13945576,0,3853.3457,0.0,0
2025-12-21,14,2025-12-21T00:00:00,2025-12-21 02:30:00,2025-12-21 02:40:00,2025-12-14 02:40:00,PRICE-LAG7-COMPLETED,cvar_t0.95_r0.05_g0.02,Q2V2-SW2-REC5,A,A,B,2025-12-21T00:00:00,10310.545809630768,10341.704110556693,previous_confirmed_final_slot_and_issued_load_pv_forecast,3730.5,0.0,650.6183333333335,650.6183333333335,0.0,0.0,0.0,0.0,0.0,28.868333333333453,10800.0,10800.0,0.4615,0.4713,306.63642050000004,0.0,-0.0,0.0,306.63642050000004,306.63642050000004,0,3944.885,0.0,0
2025-12-21,15,2025-12-21T00:00:00,2025-12-21 02:40:00,2025-12-21 02:50:00,2025-12-14 02:50:00,PRICE-LAG7-COMPLETED,cvar_t0.95_r0.05_g0.02,Q2V2-SW2-REC5,A,A,B,2025-12-21T00:00:00,10310.545809630768,10341.704110556693,previous_confirmed_final_slot_and_issued_load_pv_forecast,3819.86,0.0,697.7936666666666,697.7936666666666,0.0,0.0,0.0,0.0,0.0,61.150333333333265,10800.0,10800.0,0.4725,0.4513,314.9142817666666,0.0,-0.0,0.0,314.9142817666666,314.9142817666666,0,4022.19605,0.0,0
2025-12-21,16,2025-12-21T00:00:00,2025-12-21 02:50:00,2025-12-21 03:00:00,2025-12-14 03:00:00,PRICE-LAG7-COMPLETED,cvar_t0.95_r0.05_g0.02,Q2V2-SW2-REC5,A,A,B,2025-12-21T00:00:00,10310.545809630768,10341.704110556693,previous_confirmed_final_slot_and_issued_load_pv_forecast,3791.4644,0.0,682.70165,682.70165,0.0,0.0,0.0,0.0,0.0,50.7909166666667,10800.0,10800.0,0.461,0.4352,297.11175807999996,0.0,-0.0,0.0,297.11175807999996,297.11175807999996,0,3943.75045,0.0,0
2025-12-21,17,2025-12-21T00:00:00,2025-12-21 03:00:00,2025-12-21 03:10:00,2025-12-14 03:10:00,PRICE-LAG7-COMPLETED,cvar_t0.95_r0.05_g0.02,Q2V2-SW2-REC5,A,A,B,2025-12-21T00:00:00,10310.545809630768,10341.704110556693,previous_confirmed_final_slot_and_issued_load_pv_forecast,3751.73,0.0,639.2574999999999,639.2574999999999,0.0,0.0,0.0,0.0,0.0,13.969166666666638,10800.0,10800.0,0.4486,0.4577,292.58815775,0.0,-0.0,0.0,292.58815775,292.58815775,0,3831.3100000000004,0.0,0
2025-12-21,18,2025-12-21T00:00:00,2025-12-21 03:10:00,2025-12-21 03:20:00,2025-12-14 03:20:00,PRICE-LAG7-COMPLETED,cvar_t0.95_r0.05_g0.02,Q2V2-SW2-REC5,A,A,B,2025-12-21T00:00:00,10310.545809630768,10341.704110556693,previous_confirmed_final_slot_and_issued_load_pv_forecast,4180.5461,0.0,681.5203999999999,681.5203999999999,0.0,0.0,0.0,15.23728333333338,0.0,0.0,10800.0,10783.069685185184,0.4661,0.5147,350.77854987999996,0.0,-0.0,0.0,350.77854987999996,350.77854987999996,0,3954.9658,0.0,0
2025-12-21,19,2025-12-21T00:00:00,2025-12-21 03:20:00,2025-12-21 03:30:00,2025-12-14 03:30:00,PRICE-LAG7-COMPLETED,cvar_t0.95_r0.05_g0.02,Q2V2-SW2-REC5,A,A,B,2025-12-21T00:00:00,10310.545809630768,10341.704110556693,previous_confirmed_final_slot_and_issued_load_pv_forecast,4115.3327,0.0,717.9670333333333,717.9670333333333,0.0,0.0,18.81146090535064,0.0,0.0,13.266789094649386,10783.069685185184,10800.0,0.491,0.5083,364.9426430433333,0.0,-0.0,0.0,364.9426430433333,364.9426430433333,0,4029.52455,0.0,0
2025-12-21,20,2025-12-21T00:00:00,2025-12-21 03:30:00,2025-12-21 03:40:00,2025-12-14 03:40:00,PRICE-LAG7-COMPLETED,cvar_t0.95_r0.05_g0.02,Q2V2-SW2-REC5,A,A,B,2025-12-21T00:00:00,10310.545809630768,10341.704110556693,previous_confirmed_final_slot_and_issued_load_pv_forecast,3748.74,0.0,695.7524999999998,695.7524999999998,0.0,0.0,0.0,0.0,0.0,70.96249999999986,10800.0,10800.0,0.4795,0.4686,326.0296214999999,0.0,-0.0,0.0,326.0296214999999,326.0296214999999,0,3936.05,0.0,0
2025-12-21,21,2025-12-21T00:00:00,2025-12-21 03:40:00,2025-12-21 03:50:00,2025-12-14 03:50:00,PRICE-LAG7-COMPLETED,cvar_t0.95_r0.05_g0.02,Q2V2-SW2-REC5,A,A,B,2025-12-21T00:00:00,10310.545809630768,10341.704110556693,previous_confirmed_final_slot_and_issued_load_pv_forecast,4220.4858,0.0,677.6671470164601,677.6671470164601,0.0,0.0,0.0,25.747152983539877,0.0,0.0,10800.0,10771.392052240511,0.4168,0.5119,346.89781255772596,0.0,-0.0,0.0,346.89781255772596,346.89781255772596,0,3854.0643499999996,0.0,0
2025-12-21,22,2025-12-21T00:00:00,2025-12-21 03:50:00,2025-12-21 04:00:00,2025-12-14 04:00:00,PRICE-LAG7-COMPLETED,cvar_t0.95_r0.05_g0.02,Q2V2-SW2-REC5,A,A,B,2025-12-21T00:00:00,10310.545809630768,10341.704110556693,previous_confirmed_final_slot_and_issued_load_pv_forecast,4423.9257,0.0,649.4436583333332,649.4436583333332,0.0,0.0,0.0,87.87729166666668,0.0,0.0,10771.392052240511,10673.750617055326,0.4289,0.5023,326.2155495808333,0.0,-0.0,0.0,326.2155495808333,326.2155495808333,0,3914.53205,0.0,0
2025-12-21,23,2025-12-21T00:00:00,2025-12-21 04:00:00,2025-12-21 04:10:00,2025-12-14 04:10:00,PRICE-LAG7-COMPLETED,cvar_t0.95_r0.05_g0.02,Q2V2-SW2-REC5,A,A,B,2025-12-21T00:00:00,10310.545809630768,10341.704110556693,previous_confirmed_final_slot_and_issued_load_pv_forecast,4079.15,0.0,671.8066666666666,671.8066666666666,0.0,0.0,0.0,8.051666666666733,0.0,0.0,10673.750617055326,10664.804320759029,0.5035,0.4324,290.48920266666664,0.0,-0.0,0.0,290.48920266666664,290.48920266666664,0,4021.135,0.0,0
2025-12-21,24,2025-12-21T00:00:00,2025-12-21 04:10:00,2025-12-21 04:20:00,2025-12-14 04:20:00,PRICE-LAG7-COMPLETED,cvar_t0.95_r0.05_g0.02,Q2V2-SW2-REC5,A,A,B,2025-12-21T00:00:00,10310.545809630768,10341.704110556693,previous_confirmed_final_slot_and_issued_load_pv_forecast,4038.9424,0.0,682.9219416666666,682.9219416666666,0.0,0.0,9.764874999999961,0.0,0.0,0.0,10664.804320759029,10673.59270825903,0.5068,0.4412,301.3051606633333,0.0,-0.0,0.0,301.3051606633333,301.3051606633333,0,3975.05855,0.0,0
2025-12-21,25,2025-12-21T00:00:00,2025-12-21 04:20:00,2025-12-21 04:30:00,2025-12-14 04:30:00,PRICE-LAG7-COMPLETED,cvar_t0.95_r0.05_g0.02,Q2V2-SW2-REC5,A,A,B,2025-12-21T00:00:00,10310.545809630768,10341.704110556693,previous_confirmed_final_slot_and_issued_load_pv_forecast,4082.3954,0.0,706.6211,706.6211,0.0,0.0,26.221866666666642,0.0,0.0,0.0,10673.59270825903,10697.192388259029,0.5047,0.4805,339.53143854999996,0.0,-0.0,0.0,339.53143854999996,339.53143854999996,0,4002.7245000000003,0.0,0
2025-12-21,26,2025-12-21T00:00:00,2025-12-21 04:30:00,2025-12-21 04:40:00,2025-12-14 04:40:00,PRICE-LAG7-COMPLETED,cvar_t0.95_r0.05_g0.02,Q2V2-SW2-REC5,A,A,B,2025-12-21T00:00:00,10310.545809630768,10341.704110556693,previous_confirmed_final_slot_and_issued_load_pv_forecast,4064.87,0.0,754.2725,754.2725,0.0,0.0,76.7941666666668,0.0,0.0,0.0,10697.192388259029,10766.30713825903,0.5212,0.5015,378.26765874999995,0.0,-0.0,0.0,378.26765874999995,378.26765874999995,0,4170.8,0.0,0
2025-12-21,27,2025-12-21T00:00:00,2025-12-21 04:40:00,2025-12-21 04:50:00,2025-12-14 04:50:00,PRICE-LAG7-COMPLETED,cvar_t0.95_r0.05_g0.02,Q2V2-SW2-REC5,A,A,B,2025-12-21T00:00:00,10310.545809630768,10341.704110556693,previous_confirmed_final_slot_and_issued_load_pv_forecast,4121.8784,0.0,793.3799749999998,793.3799749999998,0.0,0.0,37.43651304552259,0.0,0.0,68.96372862114401,10766.30713825903,10800.0,0.5129,0.5024,398.59409943999987,0.0,-0.0,0.0,398.59409943999987,398.59409943999987,0,4286.441,0.0,0
2025-12-21,28,2025-12-21T00:00:00,2025-12-21 04:50:00,2025-12-21 05:00:00,2025-12-14 05:00:00,PRICE-LAG7-COMPLETED,cvar_t0.95_r0.05_g0.02,Q2V2-SW2-REC5,A,A,B,2025-12-21T00:00:00,10310.545809630768,10341.704110556693,previous_confirmed_final_slot_and_issued_load_pv_forecast,4083.6154,0.0,746.4863416666667,746.4863416666667,0.0,0.0,0.0,0.0,0.0,65.88377500000001,10800.0,10800.0,0.5383,0.4798,358.1641467316667,0.0,-0.0,0.0,358.1641467316667,358.1641467316667,0,4204.977849999999,0.0,0
2025-12-21,29,2025-12-21T00:00:00,2025-12-21 05:00:00,2025-12-21 05:10:00,2025-12-14 05:10:00,PRICE-LAG7-COMPLETED,cvar_t0.95_r0.05_g0.02,Q2V2-SW2-REC5,A,A,B,2025-12-21T00:00:00,10310.545809630768,10341.704110556693,previous_confirmed_final_slot_and_issued_load_pv_forecast,4032.31,0.0,32.09341781482965,32.09341781482965,0.0,0.0,0.0,639.958248851837,0.0,0.0,10800.0,10088.935279053514,0.5822,0.4753,15.254001487388532,0.0,-0.0,0.0,15.254001487388532,15.254001487388532,0,4084.6549999999997,0.0,0
2025-12-21,30,2025-12-21T00:00:00,2025-12-21 05:10:00,2025-12-21 05:20:00,2025-12-14 05:20:00,PRICE-LAG7-COMPLETED,cvar_t0.95_r0.05_g0.02,Q2V2-SW2-REC5,A,A,B,2025-12-21T00:00:00,10310.545809630768,10341.704110556693,previous_confirmed_final_slot_and_issued_load_pv_forecast,4217.9422,0.0023,756.0281283333333,756.0281283333333,0.0,0.0,53.038144999999986,0.0,0.0,0.0,10088.935279053514,10136.669609553514,0.5628,0.535,404.4750486583333,0.0,-0.0,0.0,404.4750486583333,404.4750486583333,0,4210.5198,0.00226,0
2025-12-21,31,2025-12-21T00:00:00,2025-12-21 05:20:00,2025-12-21 05:30:00,2025-12-14 05:30:00,PRICE-LAG7-COMPLETED,cvar_t0.95_r0.05_g0.02,Q2V2-SW2-REC5,A,A,B,2025-12-21T00:00:00,10310.545809630768,10341.704110556693,previous_confirmed_final_slot_and_issued_load_pv_forecast,4253.2484,0.0,750.8005749999999,750.8005749999999,0.0,0.0,41.92584166666654,0.0,0.0,0.0,10136.669609553514,10174.402867053514,0.5308,0.5436,408.1351925699999,0.0,-0.0,0.0,408.1351925699999,408.1351925699999,0,4239.78335,0.0,0
2025-12-21,32,2025-12-21T00:00:00,2025-12-21 05:30:00,2025-12-21 05:40:00,2025-12-14 05:40:00,PRICE-LAG7-COMPLETED,cvar_t0.95_r0.05_g0.02,Q2V2-SW2-REC5,A,A,B,2025-12-21T00:00:00,10310.545809630768,10341.704110556693,previous_confirmed_final_slot_and_issued_load_pv_forecast,4066.58,0.0,714.8441666666668,714.8441666666668,0.0,0.0,37.08083333333343,0.0,0.0,0.0,10174.402867053514,10207.775617053514,0.4909,0.468,334.5470700000001,0.0,-0.0,0.0,334.5470700000001,334.5470700000001,0,4047.995,0.0,0
2025-12-21,33,2025-12-21T00:00:00,2025-12-21 05:40:00,2025-12-21 05:50:00,2025-12-14 05:50:00,PRICE-LAG7-COMPLETED,cvar_t0.95_r0.05_g0.02,Q2V2-SW2-REC5,A,A,B,2025-12-21T00:00:00,10310.545809630768,10341.704110556693,previous_confirmed_final_slot_and_issued_load_pv_forecast,4077.7781,0.0316,1534.2360266666665,1534.2360266666665,0.0,0.0,658.0270921627622,0.0,0.0,196.5845178372375,10207.775617053514,10800.0,0.4435,0.4338,665.5515883679999,0.0,-0.0,0.0,665.5515883679999,665.5515883679999,0,3965.0384999999997,0.0318,0
2025-12-21,34,2025-12-21T00:00:00,2025-12-21 05:50:00,2025-12-21 06:00:00,2025-12-14 06:00:00,PRICE-LAG7-COMPLETED,cvar_t0.95_r0.05_g0.02,Q2V2-SW2-REC5,A,A,B,2025-12-21T00:00:00,10310.545809630768,10341.704110556693,previous_confirmed_final_slot_and_issued_load_pv_forecast,4717.7146,0.0,803.651425,803.651425,0.0,0.0,0.0,0.0,0.0,17.365658333333386,10800.0,10800.0,0.6694,0.6915,555.7249603875,0.0,-0.0,0.0,555.7249603875,555.7249603875,0,4575.404850000001,0.0,0
2025-12-21,35,2025-12-21T00:00:00,2025-12-21 06:00:00,2025-12-21 06:10:00,2025-12-14 06:10:00,PRICE-LAG7-COMPLETED,cvar_t0.95_r0.05_g0.02,Q2V2-SW2-REC5,A,A,B,2025-12-21T00:00:00,10310.545809630768,10341.704110556693,previous_confirmed_final_slot_and_issued_load_pv_forecast,5490.65,0.0,927.1933333333333,927.1933333333333,0.0,0.0,0.0,0.0,0.0,12.085000000000036,10800.0,10800.0,1.0362,1.0594,982.2686173333332,0.0,-0.0,0.0,982.2686173333332,982.2686173333332,1,5410.950000000001,0.0,6
2025-12-21,36,2025-12-21T00:00:00,2025-12-21 06:10:00,2025-12-21 06:20:00,2025-12-14 06:20:00,PRICE-LAG7-COMPLETED,cvar_t0.95_r0.05_g0.02,Q2V2-SW2-REC5,A,A,B,2025-12-21T00:00:00,10310.545809630768,10341.704110556693,previous_confirmed_final_slot_and_issued_load_pv_forecast,5439.318,0.4406,756.4204683166661,756.4204683166661,0.0,0.0,0.0,150.05909835000057,0.0,0.0,10800.0,10633.267668499999,1.0928,1.081,817.690526250316,0.0,-0.0,0.0,817.690526250316,817.690526250316,1,5366.4481,0.44286000000000003,6
2025-12-21,37,2025-12-21T00:00:00,2025-12-21 06:20:00,2025-12-21 06:30:00,2025-12-14 06:30:00,PRICE-LAG7-COMPLETED,cvar_t0.95_r0.05_g0.02,Q2V2-SW2-REC5,A,A,B,2025-12-21T00:00:00,10310.545809630768,10341.704110556693,previous_confirmed_final_slot_and_issued_load_pv_forecast,5407.8325,0.0,906.1619833333334,906.1619833333334,0.0,0.0,4.856566666666708,0.0,0.0,0.0,10633.267668499999,10637.638578499998,1.0406,1.0359,938.6931985350001,0.0,-0.0,0.0,938.6931985350001,938.6931985350001,1,5200.209150000001,0.0,6
2025-12-21,38,2025-12-21T00:00:00,2025-12-21 06:30:00,2025-12-21 06:40:00,2025-12-14 06:40:00,PRICE-LAG7-COMPLETED,cvar_t0.95_r0.05_g0.02,Q2V2-SW2-REC5,A,A,B,2025-12-21T00:00:00,10310.545809630768,10341.704110556693,previous_confirmed_final_slot_and_issued_load_pv_forecast,5587.05,0.0,902.3758333333333,902.3758333333333,0.0,0.0,0.0,28.79916666666668,0.0,0.0,10637.638578499998,10605.639504425924,1.0412,1.0597,956.2476705833334,0.0,-0.0,0.0,956.2476705833334,956.2476705833334,1,5314.885,0.0,6
2025-12-21,39,2025-12-21T00:00:00,2025-12-21 06:40:00,2025-12-21 06:50:00,2025-12-14 06:50:00,PRICE-LAG7-COMPLETED,cvar_t0.95_r0.05_g0.02,Q2V2-SW2-REC5,A,A,B,2025-12-21T00:00:00,10310.545809630768,10341.704110556693,previous_confirmed_final_slot_and_issued_load_pv_forecast,5351.2866,6.1366,916.1295933333331,916.1295933333331,0.0,0.0,25.271259999999756,0.0,0.0,0.0,10605.639504425924,10628.383638425925,1.0564,1.0176,932.2534741759998,0.0,-0.0,0.0,932.2534741759998,932.2534741759998,1,5373.66195,6.16822,6
2025-12-21,40,2025-12-21T00:00:00,2025-12-21 06:50:00,2025-12-21 07:00:00,2025-12-14 07:00:00,PRICE-LAG7-COMPLETED,cvar_t0.95_r0.05_g0.02,Q2V2-SW2-REC5,A,A,B,2025-12-21T00:00:00,10310.545809630768,10341.704110556693,previous_confirmed_final_slot_and_issued_load_pv_forecast,5233.249,0.0,906.5037249999998,906.5037249999998,0.0,0.0,34.29555833333325,0.0,0.0,0.0,10628.383638425925,10659.249640925926,1.0822,1.0168,921.7329875799998,0.0,-0.0,0.0,921.7329875799998,921.7329875799998,1,5410.6068,0.0,6
2025-12-21,41,2025-12-21T00:00:00,2025-12-21 07:00:00,2025-12-21 07:10:00,2025-12-14 07:10:00,PRICE-LAG7-COMPLETED,cvar_t0.95_r0.05_g0.02,Q2V2-SW2-REC5,A,A,B,2025-12-21T00:00:00,10310.545809630768,10341.704110556693,previous_confirmed_final_slot_and_issued_load_pv_forecast,5374.2,0.0,209.0970084000005,209.0970084000005,0.0,0.0,0.0,686.6029915999994,0.0,0.0,10659.249640925926,9896.357428037038,1.0953,1.0595,221.53828039980056,0.0,-0.0,0.0,221.53828039980056,221.53828039980056,1,5418.105,0.0,6
2025-12-21,42,2025-12-21T00:00:00,2025-12-21 07:10:00,2025-12-21 07:20:00,2025-12-14 07:20:00,PRICE-LAG7-COMPLETED,cvar_t0.95_r0.05_g0.02,Q2V2-SW2-REC5,A,A,B,2025-12-21T00:00:00,10310.545809630768,10341.704110556693,previous_confirmed_final_slot_and_issued_load_pv_forecast,5360.7841,172.6829,869.0415766666666,869.0415766666666,0.0,0.0,4.3580433333333986,0.0,0.0,0.0,9896.357428037038,9900.279667037037,1.0616,1.0282,893.5485491286667,0.0,-0.0,0.0,893.5485491286667,893.5485491286667,1,5315.2202,174.7629,6
2025-12-21,43,2025-12-21T00:00:00,2025-12-21 07:20:00,2025-12-21 07:30:00,2025-12-14 07:30:00,PRICE-LAG7-COMPLETED,cvar_t0.95_r0.05_g0.02,Q2V2-SW2-REC5,A,A,B,2025-12-21T00:00:00,10310.545809630768,10341.704110556693,previous_confirmed_final_slot_and_issued_load_pv_forecast,5321.3096,420.0356,888.6342566666667,888.6342566666667,0.0,0.0,71.75525666666681,0.0,0.0,0.0,9900.279667037037,9964.859398037037,1.0199,0.9987,887.479032133,0.0,-0.0,0.0,887.479032133,887.479032133,1,5289.19585,430.77126,6
2025-12-21,44,2025-12-21T00:00:00,2025-12-21 07:30:00,2025-12-21 07:40:00,2025-12-14 07:40:00,PRICE-LAG7-COMPLETED,cvar_t0.95_r0.05_g0.02,Q2V2-SW2-REC5,A,A,B,2025-12-21T00:00:00,10310.545809630768,10341.704110556693,previous_confirmed_final_slot_and_issued_load_pv_forecast,5231.72,690.675,845.7320833333333,845.7320833333333,0.0,0.0,88.8912499999999,0.0,0.0,0.0,9964.859398037037,10044.861523037036,0.9526,0.9724,822.3898778333333,0.0,-0.0,0.0,822.3898778333333,822.3898778333333,1,5304.99,700.605,6
2025-12-21,45,2025-12-21T00:00:00,2025-12-21 07:40:00,2025-12-21 07:50:00,2025-12-14 07:50:00,PRICE-LAG7-COMPLETED,cvar_t0.95_r0.05_g0.02,Q2V2-SW2-REC5,A,A,B,2025-12-21T00:00:00,10310.545809630768,10341.704110556693,previous_confirmed_final_slot_and_issued_load_pv_forecast,5065.8847,996.7377,1563.07611,1563.07611,0.0,0.0,833.3333333333334,0.0,0.0,51.55160999999998,10044.861523037036,10794.861523037036,0.8551,0.9109,1423.806028599,0.0,-0.0,0.0,1423.806028599,1423.806028599,1,5271.96075,976.6208999999999,6
2025-12-21,46,2025-12-21T00:00:00,2025-12-21 07:50:00,2025-12-21 08:00:00,2025-12-14 08:00:00,PRICE-LAG7-COMPLETED,cvar_t0.95_r0.05_g0.02,Q2V2-SW2-REC5,A,A,B,2025-12-21T00:00:00,10310.545809630768,10341.704110556693,previous_confirmed_final_slot_and_issued_load_pv_forecast,5889.1246,1276.7125,799.87847,799.87847,0.0,0.0,5.709418847737753,0.0,0.0,25.433701152262316,10794.861523037036,10800.0,1.0542,1.0903,872.1074958410001,0.0,-0.0,0.0,872.1074958410001,872.1074958410001,1,5980.4258,1244.85448,6
2025-12-21,47,2025-12-21T00:00:00,2025-12-21 08:00:00,2025-12-21 08:10:00,2025-12-14 08:10:00,PRICE-LAG7-COMPLETED,cvar_t0.95_r0.05_g0.02,Q2V2-SW2-REC5,A,A,B,2025-12-21T00:00:00,10310.545809630768,10341.704110556693,previous_confirmed_final_slot_and_issued_load_pv_forecast,7180.79,1539.8625,189.9183333333333,189.9183333333333,0.0,0.0,0.0,750.2362499999999,0.0,0.0,10800.0,9966.404166666667,1.4291,1.4063,267.0821521666666,0.0,-0.0,0.0,267.0821521666666,267.0821521666666,1,7072.955,1513.3649999999998,6
2025-12-21,48,2025-12-21T00:00:00,2025-12-21 08:10:00,2025-12-21 08:20:00,2025-12-14 08:20:00,PRICE-LAG7-COMPLETED,cvar_t0.95_r0.05_g0.02,Q2V2-SW2-REC5,A,A,B,2025-12-21T00:00:00,10310.545809630768,10341.704110556693,previous_confirmed_final_slot_and_issued_load_pv_forecast,7254.351,1860.1541,179.0789066666664,179.0789066666664,0.0,0.0,0.0,719.9539100000002,0.0,0.0,9966.404166666667,9166.455377777778,1.4903,1.4458,258.91228325866626,0.0,-0.0,0.0,258.91228325866626,258.91228325866626,1,7286.98895,1803.94794,6
2025-12-21,49,2025-12-21T00:00:00,2025-12-21 08:20:00,2025-12-21 08:30:00,2025-12-14 08:30:00,PRICE-LAG7-COMPLETED,cvar_t0.95_r0.05_g0.02,Q2V2-SW2-REC5,A,A,B,2025-12-21T00:00:00,10310.545809630768,10341.704110556693,previous_confirmed_final_slot_and_issued_load_pv_forecast,7152.8955,2211.6206,95.39969833333407,95.39969833333407,0.0,0.0,0.0,728.1461183333325,0.0,0.0,9166.455377777778,8357.404135185187,1.3909,1.3908,132.68190044200102,0.0,-0.0,0.0,132.68190044200102,132.68190044200102,1,7195.4349999999995,2096.64898,6
2025-12-21,50,2025-12-21T00:00:00,2025-12-21 08:30:00,2025-12-21 08:40:00,2025-12-14 08:40:00,PRICE-LAG7-COMPLETED,cvar_t0.95_r0.05_g0.02,Q2V2-SW2-REC5,A,A,B,2025-12-21T00:00:00,10310.545809630768,10341.704110556693,previous_confirmed_final_slot_and_issued_load_pv_forecast,7367.01,2579.625,106.99333333333334,106.99333333333334,0.0,0.0,0.0,690.9041666666667,0.0,0.0,8357.404135185187,7589.73283888889,1.3327,1.3742,147.0302386666667,0.0,-0.0,0.0,147.0302386666667,147.0302386666667,1,7190.92,2370.57,6
2025-12-21,51,2025-12-21T00:00:00,2025-12-21 08:40:00,2025-12-21 08:50:00,2025-12-14 08:50:00,PRICE-LAG7-COMPLETED,cvar_t0.95_r0.05_g0.02,Q2V2-SW2-REC5,A,A,B,2025-12-21T00:00:00,10310.545809630768,10341.704110556693,previous_confirmed_final_slot_and_issued_load_pv_forecast,7333.1326,2953.1787,46.0944883333334,46.0944883333334,0.0,0.0,0.0,683.8978283333333,0.0,0.0,7589.73283888889,6829.846362962964,1.3594,1.345,61.99708680833342,0.0,-0.0,0.0,61.99708680833342,61.99708680833342,1,7095.0951000000005,2623.95428,6
2025-12-21,52,2025-12-21T00:00:00,2025-12-21 08:50:00,2025-12-21 09:00:00,2025-12-14 09:00:00,PRICE-LAG7-COMPLETED,cvar_t0.95_r0.05_g0.02,Q2V2-SW2-REC5,A,A,B,2025-12-21T00:00:00,10310.545809630768,10341.704110556693,previous_confirmed_final_slot_and_issued_load_pv_forecast,7276.0603,3195.6035,8.890898333333098,8.890898333333098,0.0,0.0,0.0,671.1852350000001,0.0,0.0,6829.846362962964,6084.084990740742,1.358,1.3284,11.810669345999688,0.0,-0.0,0.0,11.810669345999688,11.810669345999688,1,7053.7925,2890.4201400000006,6
2025-12-21,53,2025-12-21T00:00:00,2025-12-21 09:00:00,2025-12-21 09:10:00,2025-12-14 09:10:00,PRICE-LAG7-COMPLETED,cvar_t0.95_r0.05_g0.02,Q2V2-SW2-REC5,A,A,B,2025-12-21T00:00:00,10310.545809630768,10341.704110556693,previous_confirmed_final_slot_and_issued_load_pv_forecast,7255.65,3341.5875,0.0,0.0,0.0,0.0,0.0,652.3437499999999,0.0,0.0,6084.084990740742,5359.258601851853,1.2951,1.3231,0.0,0.0,-0.0,0.0,0.0,0.0,1,7101.405,3163.455,6
2025-12-21,54,2025-12-21T00:00:00,2025-12-21 09:10:00,2025-12-21 09:20:00,2025-12-14 09:20:00,PRICE-LAG7-COMPLETED,cvar_t0.95_r0.05_g0.02,Q2V2-SW2-REC5,A,A,B,2025-12-21T00:00:00,10310.545809630768,10341.704110556693,previous_confirmed_final_slot_and_issued_load_pv_forecast,7076.8086,3572.7867,719.6745466666663,719.6745466666663,0.0,0.0,135.67089666666607,0.0,0.0,0.0,5359.258601851853,5481.362408851853,1.2431,1.2929,930.4672213853328,0.0,-0.0,0.0,930.4672213853328,930.4672213853328,1,7115.42365,3402.4227400000004,6
2025-12-21,55,2025-12-21T00:00:00,2025-12-21 09:20:00,2025-12-21 09:30:00,2025-12-14 09:30:00,PRICE-LAG7-COMPLETED,cvar_t0.95_r0.05_g0.02,Q2V2-SW2-REC5,A,A,B,2025-12-21T00:00:00,10310.545809630768,10341.704110556693,previous_confirmed_final_slot_and_issued_load_pv_forecast,7014.1683,3848.0561,706.1949466666667,706.1949466666667,0.0,0.0,178.50958000000014,0.0,0.0,0.0,5481.362408851853,5642.021030851853,1.2292,1.2522,884.297312216,0.0,-0.0,0.0,884.297312216,884.297312216,1,7140.009,3624.6785200000004,6
2025-12-21,56,2025-12-21T00:00:00,2025-12-21 09:30:00,2025-12-21 09:40:00,2025-12-14 09:40:00,PRICE-LAG7-COMPLETED,cvar_t0.95_r0.05_g0.02,Q2V2-SW2-REC5,A,A,B,2025-12-21T00:00:00,10310.545809630768,10341.704110556693,previous_confirmed_final_slot_and_issued_load_pv_forecast,7150.59,4116.6,654.5080916666652,654.5080916666652,0.0,0.0,148.84309166666526,0.0,0.0,0.0,5642.021030851853,5775.979813351852,1.2377,1.2211,799.2198307341649,0.0,-0.0,0.0,799.2198307341649,799.2198307341649,1,7162.725,3840.2175,6
2025-12-21,57,2025-12-21T00:00:00,2025-12-21 09:40:00,2025-12-21 09:50:00,2025-12-14 09:50:00,PRICE-LAG7-COMPLETED,cvar_t0.95_r0.05_g0.02,Q2V2-SW2-REC5,A,A,B,2025-12-21T00:00:00,10310.545809630768,10341.704110556693,previous_confirmed_final_slot_and_issued_load_pv_forecast,7259.4501,4370.6969,622.857565,622.857565,0.0,0.0,141.3986983333334,0.0,0.0,0.0,5775.979813351852,5903.238641851852,1.2424,1.2184,758.889657196,0.0,-0.0,0.0,758.889657196,758.889657196,1,7102.9146,4052.3512600000004,6
2025-12-21,58,2025-12-21T00:00:00,2025-12-21 09:50:00,2025-12-21 10:00:00,2025-12-14 10:00:00,PRICE-LAG7-COMPLETED,cvar_t0.95_r0.05_g0.02,Q2V2-SW2-REC5,A,A,B,2025-12-21T00:00:00,10310.545809630768,10341.704110556693,previous_confirmed_final_slot_and_issued_load_pv_forecast,7142.682,4583.0793,0.0,0.0,0.0,0.0,0.0,426.6004499999999,0.0,0.0,5903.238641851852,5429.238141851852,1.2925,1.2822,0.0,0.0,-0.0,0.0,0.0,0.0,1,7009.5792,4322.513720000001,6
2025-12-21,59,2025-12-21T00:00:00,2025-12-21 10:00:00,2025-12-21 10:10:00,2025-12-14 10:10:00,PRICE-LAG7-COMPLETED,cvar_t0.95_r0.05_g0.02,Q2V2-SW2-REC5,A,A,B,2025-12-21T00:00:00,10310.545809630768,10341.704110556693,previous_confirmed_final_slot_and_issued_load_pv_forecast,6912.23,4750.3875,0.0,0.0,0.0,0.0,0.0,360.30708333333325,0.0,0.0,5429.238141851852,5028.896938148148,1.3832,1.3753,0.0,0.0,-0.0,0.0,0.0,0.0,1,6981.33,4619.4975,6
2025-12-21,60,2025-12-21T00:00:00,2025-12-21 10:10:00,2025-12-21 10:20:00,2025-12-14 10:20:00,PRICE-LAG7-COMPLETED,cvar_t0.95_r0.05_g0.02,Q2V2-SW2-REC5,A,A,B,2025-12-21T00:00:00,10310.545809630768,10341.704110556693,previous_confirmed_final_slot_and_issued_load_pv_forecast,6873.3728,4886.2111,0.0,0.0,0.0,0.0,0.0,331.1936166666667,0.0,0.0,5028.896938148148,4660.904030740741,1.4377,1.4027,0.0,0.0,-0.0,0.0,0.0,0.0,1,7068.986199999999,4855.26876,6
2025-12-21,61,2025-12-21T00:00:00,2025-12-21 10:20:00,2025-12-21 10:30:00,2025-12-14 10:30:00,PRICE-LAG7-COMPLETED,cvar_t0.95_r0.05_g0.02,Q2V2-SW2-REC5,A,A,B,2025-12-21T00:00:00,10310.545809630768,10341.704110556693,previous_confirmed_final_slot_and_issued_load_pv_forecast,6913.1885,4956.6279,0.0,0.0,0.0,0.0,0.0,326.0934333333332,0.0,0.0,4660.904030740741,4298.577993703704,1.391,1.3591,0.0,0.0,-0.0,0.0,0.0,0.0,1,7077.24985,5135.31378,6
2025-12-21,62,2025-12-21T00:00:00,2025-12-21 10:30:00,2025-12-21 10:40:00,2025-12-14 10:40:00,PRICE-LAG7-COMPLETED,cvar_t0.95_r0.05_g0.02,Q2V2-SW2-REC5,A,A,B,2025-12-21T00:00:00,10310.545809630768,10341.704110556693,previous_confirmed_final_slot_and_issued_load_pv_forecast,6951.47,4960.7625,0.0,0.0,0.0,0.0,0.0,331.78458333333344,0.0,0.0,4298.577993703704,3929.928456666667,1.3346,1.3321,0.0,0.0,-0.0,0.0,0.0,0.0,1,6963.29,5413.455,6
2025-12-21,63,2025-12-21T00:00:00,2025-12-21 10:40:00,2025-12-21 10:50:00,2025-12-14 10:50:00,PRICE-LAG7-COMPLETED,cvar_t0.95_r0.05_g0.02,Q2V2-SW2-REC5,A,A,B,2025-12-21T00:00:00,10310.545809630768,10341.704110556693,previous_confirmed_final_slot_and_issued_load_pv_forecast,7040.6919,4946.2149,0.0,0.0,0.0,0.0,0.0,349.0794999999998,0.0,0.0,3929.928456666667,3542.062345555556,1.3911,1.3769,0.0,0.0,-0.0,0.0,0.0,0.0,1,6894.4226,5516.1839199999995,6
2025-12-21,64,2025-12-21T00:00:00,2025-12-21 10:50:00,2025-12-21 11:00:00,2025-12-14 11:00:00,PRICE-LAG7-COMPLETED,cvar_t0.95_r0.05_g0.02,Q2V2-SW2-REC5,A,A,B,2025-12-21T00:00:00,10310.545809630768,10341.704110556693,previous_confirmed_final_slot_and_issued_load_pv_forecast,7195.1724,4968.8079,232.19633833333353,232.19633833333353,0.0,0.0,0.0,138.86441166666646,0.0,0.0,3542.062345555556,3387.7685548148156,1.2198,1.1651,270.5319537921669,0.0,-0.0,0.0,270.5319537921669,270.5319537921669,1,7008.109200000001,5560.64922,6
2025-12-21,65,2025-12-21T00:00:00,2025-12-21 11:00:00,2025-12-21 11:10:00,2025-12-14 11:10:00,PRICE-LAG7-COMPLETED,cvar_t0.95_r0.05_g0.02,Q2V2-SW2-REC5,A,A,B,2025-12-21T00:00:00,10310.545809630768,10341.704110556693,previous_confirmed_final_slot_and_issued_load_pv_forecast,7266.62,4979.2125,1177.412916666667,1177.412916666667,0.0,0.0,796.1783333333335,0.0,0.0,0.0,3387.7685548148156,4104.329054814816,0.8645,0.8057,948.6415869583335,0.0,-0.0,0.0,948.6415869583335,948.6415869583335,1,7119.25,5627.032499999999,6
2025-12-21,66,2025-12-21T00:00:00,2025-12-21 11:10:00,2025-12-21 11:20:00,2025-12-14 11:20:00,PRICE-LAG7-COMPLETED,cvar_t0.95_r0.05_g0.02,Q2V2-SW2-REC5,A,A,B,2025-12-21T00:00:00,10310.545809630768,10341.704110556693,previous_confirmed_final_slot_and_issued_load_pv_forecast,7080.5804,4907.9946,1274.369385,1274.369385,0.0,0.0,833.3333333333334,0.0,0.0,78.93841833333329,4104.329054814816,4854.329054814816,0.7364,0.7611,969.9225389234999,0.0,-0.0,0.0,969.9225389234999,969.9225389234999,1,6900.9819,5687.74958,6
2025-12-21,67,2025-12-21T00:00:00,2025-12-21 11:20:00,2025-12-21 11:30:00,2025-12-14 11:30:00,PRICE-LAG7-COMPLETED,cvar_t0.95_r0.05_g0.02,Q2V2-SW2-REC5,A,A,B,2025-12-21T00:00:00,10310.545809630768,10341.704110556693,previous_confirmed_final_slot_and_issued_load_pv_forecast,6948.6094,5015.1025,1252.406355,1252.406355,0.0,0.0,833.3333333333334,0.0,0.0,96.82187166666665,4854.329054814816,5604.329054814816,0.7162,0.7807,977.7536413485,0.0,-0.0,0.0,977.7536413485,977.7536413485,1,6698.0641,5732.4391399999995,6
2025-12-21,68,2025-12-21T00:00:00,2025-12-21 11:30:00,2025-12-21 11:40:00,2025-12-14 11:40:00,PRICE-LAG7-COMPLETED,cvar_t0.95_r0.05_g0.02,Q2V2-SW2-REC5,A,A,B,2025-12-21T00:00:00,10310.545809630768,10341.704110556693,previous_confirmed_final_slot_and_issued_load_pv_forecast,6954.16,5256.3375,1248.130416666666,1248.130416666666,0.0,0.0,833.3333333333334,0.0,0.0,131.82666666666557,5604.329054814816,6354.329054814816,0.6995,0.7378,920.8706214166662,0.0,-0.0,0.0,920.8706214166662,920.8706214166662,1,6746.73,5777.115,6
2025-12-21,69,2025-12-21T00:00:00,2025-12-21 11:40:00,2025-12-21 11:50:00,2025-12-14 11:50:00,PRICE-LAG7-COMPLETED,cvar_t0.95_r0.05_g0.02,Q2V2-SW2-REC5,A,A,B,2025-12-21T00:00:00,10310.545809630768,10341.704110556693,previous_confirmed_final_slot_and_issued_load_pv_forecast,6860.0706,5348.0182,1188.0788616666664,1188.0788616666664,0.0,0.0,833.3333333333334,0.0,0.0,102.73679499999992,6354.329054814816,7104.329054814816,0.7193,0.7527,894.2669591764999,0.0,-0.0,0.0,894.2669591764999,894.2669591764999,1,6925.3759,5844.02514,6
2025-12-21,70,2025-12-21T00:00:00,2025-12-21 11:50:00,2025-12-21 12:00:00,2025-12-14 12:00:00,PRICE-LAG7-COMPLETED,cvar_t0.95_r0.05_g0.02,Q2V2-SW2-REC5,A,A,B,2025-12-21T00:00:00,10310.545809630768,10341.704110556693,previous_confirmed_final_slot_and_issued_load_pv_forecast,6565.9337,5577.6892,1170.3712533333332,1170.3712533333332,0.0,0.0,833.3333333333334,0.0,0.0,172.330503333333,7104.329054814816,7854.329054814816,0.7467,0.7117,832.9532209973332,0.0,-0.0,0.0,832.9532209973332,832.9532209973332,1,6822.6438,5898.101420000001,6
2025-12-21,71,2025-12-21T00:00:00,2025-12-21 12:00:00,2025-12-21 12:10:00,2025-12-14 12:10:00,PRICE-LAG7-COMPLETED,cvar_t0.95_r0.05_g0.02,Q2V2-SW2-REC5,A,A,B,2025-12-21T00:00:00,10310.545809630768,10341.704110556693,previous_confirmed_final_slot_and_issued_load_pv_forecast,6330.9,5890.8,1164.5241666666666,1164.5241666666666,0.0,0.0,833.3333333333334,0.0,0.0,257.8408333333331,7854.329054814816,8604.329054814816,0.7288,0.6418,747.3916101666666,0.0,-0.0,0.0,747.3916101666666,747.3916101666666,1,6461.0650000000005,5914.9425,12
2025-12-21,72,2025-12-21T00:00:00,2025-12-21 12:10:00,2025-12-21 12:20:00,2025-12-14 12:20:00,PRICE-LAG7-COMPLETED,cvar_t0.95_r0.05_g0.02,Q2V2-SW2-REC5,A,A,B,2025-12-21T00:00:00,10310.545809630768,10341.704110556693,previous_confirmed_final_slot_and_issued_load_pv_forecast,6501.863,5904.8948,1048.0562149999998,1048.0562149999998,0.0,0.0,833.3333333333334,0.0,0.0,115.2281816666665,8604.329054814816,9354.329054814816,0.6481,0.6936,726.9317907239999,0.0,-0.0,0.0,726.9317907239999,726.9317907239999,1,6275.7945,5891.9632,12
2025-12-21,73,2025-12-21T00:00:00,2025-12-21 12:20:00,2025-12-21 12:30:00,2025-12-14 12:30:00,PRICE-LAG7-COMPLETED,cvar_t0.95_r0.05_g0.02,Q2V2-SW2-REC5,A,A,B,2025-12-21T00:00:00,10310.545809630768,10341.704110556693,previous_confirmed_final_slot_and_issued_load_pv_forecast,6520.3344,5868.1645,1010.0925066666665,1010.0925066666665,0.0,0.0,833.3333333333334,0.0,0.0,68.06418999999994,9354.329054814816,10104.329054814816,0.6457,0.7105,717.6707259866665,0.0,-0.0,0.0,717.6707259866665,717.6707259866665,1,6330.0015,5814.97234,12
2025-12-21,74,2025-12-21T00:00:00,2025-12-21 12:30:00,2025-12-21 12:40:00,2025-12-14 12:40:00,PRICE-LAG7-COMPLETED,cvar_t0.95_r0.05_g0.02,Q2V2-SW2-REC5,A,A,B,2025-12-21T00:00:00,10310.545809630768,10341.704110556693,previous_confirmed_final_slot_and_issued_load_pv_forecast,6273.31,5864.7,1052.2845833333336,1052.2845833333336,0.0,0.0,772.9677168724265,0.0,0.0,211.2151997942401,10104.329054814816,10800.0,0.6767,0.6294,662.3079167500001,0.0,-0.0,0.0,662.3079167500001,662.3079167500001,1,6372.85,5712.7575,12
2025-12-21,75,2025-12-21T00:00:00,2025-12-21 12:40:00,2025-12-21 12:50:00,2025-12-14 12:50:00,PRICE-LAG7-COMPLETED,cvar_t0.95_r0.05_g0.02,Q2V2-SW2-REC5,A,A,B,2025-12-21T00:00:00,10310.545809630768,10341.704110556693,previous_confirmed_final_slot_and_issued_load_pv_forecast,6234.7567,5722.7661,998.2028649999997,998.2028649999997,0.0,0.0,0.0,0.0,0.0,912.8710983333331,10800.0,10800.0,0.5991,0.5829,581.8524500084998,0.0,-0.0,0.0,581.8524500084998,581.8524500084998,1,6159.94695,5645.8053,12
2025-12-21,76,2025-12-21T00:00:00,2025-12-21 12:50:00,2025-12-21 13:00:00,2025-12-14 13:00:00,PRICE-LAG7-COMPLETED,cvar_t0.95_r0.05_g0.02,Q2V2-SW2-REC5,A,A,B,2025-12-21T00:00:00,10310.545809630768,10341.704110556693,previous_confirmed_final_slot_and_issued_load_pv_forecast,6512.763,5549.8704,1016.7944016666668,1016.7944016666668,0.0,0.0,0.0,0.0,0.0,856.3123016666668,10800.0,10800.0,0.76,0.7799,792.9979538598335,0.0,-0.0,0.0,792.9979538598335,792.9979538598335,1,6296.1985,5614.796039999999,12
2025-12-21,77,2025-12-21T00:00:00,2025-12-21 13:00:00,2025-12-21 13:10:00,2025-12-14 13:10:00,PRICE-LAG7-COMPLETED,cvar_t0.95_r0.05_g0.02,Q2V2-SW2-REC5,A,A,B,2025-12-21T00:00:00,10310.545809630768,10341.704110556693,previous_confirmed_final_slot_and_issued_load_pv_forecast,6836.44,5390.4375,273.69833333333327,273.69833333333327,0.0,0.0,0.0,0.0,0.0,32.69791666666674,10800.0,10800.0,1.0778,1.0833,296.4974044999999,0.0,-0.0,0.0,296.4974044999999,296.4974044999999,1,6727.87,5560.0425000000005,12
2025-12-21,78,2025-12-21T00:00:00,2025-12-21 13:10:00,2025-12-21 13:20:00,2025-12-14 13:20:00,PRICE-LAG7-COMPLETED,cvar_t0.95_r0.05_g0.02,Q2V2-SW2-REC5,A,A,B,2025-12-21T00:00:00,10310.545809630768,10341.704110556693,previous_confirmed_final_slot_and_issued_load_pv_forecast,6797.3346,5211.4597,254.08325000000002,254.08325000000002,0.0,0.0,0.0,10.229233333333013,0.0,0.0,10800.0,10788.634185185185,1.1025,1.1248,285.79283960000004,0.0,-0.0,0.0,285.79283960000004,285.79283960000004,1,6755.03155,5415.308859999999,12
2025-12-21,79,2025-12-21T00:00:00,2025-12-21 13:20:00,2025-12-21 13:30:00,2025-12-14 13:30:00,PRICE-LAG7-COMPLETED,cvar_t0.95_r0.05_g0.02,Q2V2-SW2-REC5,A,A,B,2025-12-21T00:00:00,10310.545809630768,10341.704110556693,previous_confirmed_final_slot_and_issued_load_pv_forecast,6554.3856,5202.0686,250.95227499999987,250.95227499999987,0.0,0.0,12.628683127572407,0.0,0.0,12.937425205761025,10788.634185185185,10800.0,1.1048,1.0564,265.1059833099999,0.0,-0.0,0.0,265.1059833099999,265.1059833099999,1,6578.91485,5264.2280599999995,12
2025-12-21,80,2025-12-21T00:00:00,2025-12-21 13:30:00,2025-12-21 13:40:00,2025-12-14 13:40:00,PRICE-LAG7-COMPLETED,cvar_t0.95_r0.05_g0.02,Q2V2-SW2-REC5,A,A,B,2025-12-21T00:00:00,10310.545809630768,10341.704110556693,previous_confirmed_final_slot_and_issued_load_pv_forecast,6350.08,5287.95,299.1905811934164,299.1905811934164,0.0,0.0,0.0,0.0,0.0,122.16891452674986,10800.0,10800.0,1.1633,1.0304,308.2859748616962,0.0,-0.0,0.0,308.2859748616962,308.2859748616962,1,6467.475,5147.1449999999995,12
2025-12-21,81,2025-12-21T00:00:00,2025-12-21 13:40:00,2025-12-21 13:50:00,2025-12-14 13:50:00,PRICE-LAG7-COMPLETED,cvar_t0.95_r0.05_g0.02,Q2V2-SW2-REC5,A,A,B,2025-12-21T00:00:00,10310.545809630768,10341.704110556693,previous_confirmed_final_slot_and_issued_load_pv_forecast,6333.408,5178.3498,313.65210333333357,313.65210333333357,0.0,0.0,0.0,0.0,0.0,121.1424033333335,10800.0,10800.0,1.0922,1.0675,334.82362030833355,0.0,-0.0,0.0,334.82362030833355,334.82362030833355,1,6471.4521,5022.96676,12
2025-12-21,82,2025-12-21T00:00:00,2025-12-21 13:50:00,2025-12-21 14:00:00,2025-12-14 14:00:00,PRICE-LAG7-COMPLETED,cvar_t0.95_r0.05_g0.02,Q2V2-SW2-REC5,A,A,B,2025-12-21T00:00:00,10310.545809630768,10341.704110556693,previous_confirmed_final_slot_and_issued_load_pv_forecast,6515.4464,4993.7017,285.2762499999993,285.2762499999993,0.0,0.0,0.0,0.0,0.0,31.652133333332813,10800.0,10800.0,1.1474,1.1926,340.22045574999925,0.0,-0.0,0.0,340.22045574999925,340.22045574999925,1,6453.8538499999995,4851.81426,12
2025-12-21,83,2025-12-21T00:00:00,2025-12-21 14:00:00,2025-12-21 14:10:00,2025-12-14 14:10:00,PRICE-LAG7-COMPLETED,cvar_t0.95_r0.05_g0.02,Q2V2-SW2-REC5,A,A,B,2025-12-21T00:00:00,10310.545809630768,10341.704110556693,previous_confirmed_final_slot_and_issued_load_pv_forecast,6658.81,4847.5125,0.0,0.0,0.0,0.0,0.0,301.8829166666668,0.0,0.0,10800.0,10464.574537037037,1.344,1.3352,0.0,0.0,-0.0,0.0,0.0,0.0,1,6425.3099999999995,4639.83,12
2025-12-21,84,2025-12-21T00:00:00,2025-12-21 14:10:00,2025-12-21 14:20:00,2025-12-14 14:20:00,PRICE-LAG7-COMPLETED,cvar_t0.95_r0.05_g0.02,Q2V2-SW2-REC5,A,A,B,2025-12-21T00:00:00,10310.545809630768,10341.704110556693,previous_confirmed_final_slot_and_issued_load_pv_forecast,6474.7834,4705.4039,0.0,0.0,0.0,0.0,0.0,294.8965833333334,0.0,0.0,10464.574537037037,10136.911666666667,1.4151,1.3689,0.0,0.0,-0.0,0.0,0.0,0.0,1,6516.8423,4428.699699999999,12
2025-12-21,85,2025-12-21T00:00:00,2025-12-21 14:20:00,2025-12-21 14:30:00,2025-12-14 14:30:00,PRICE-LAG7-COMPLETED,cvar_t0.95_r0.05_g0.02,Q2V2-SW2-REC5,A,A,B,2025-12-21T00:00:00,10310.545809630768,10341.704110556693,previous_confirmed_final_slot_and_issued_load_pv_forecast,6311.1097,4404.8152,0.0,0.0,0.0,0.0,0.0,317.71574999999996,0.0,0.0,10136.911666666667,9783.894166666667,1.3903,1.3382,0.0,0.0,-0.0,0.0,0.0,0.0,1,6575.8902,4223.007519999999,12
2025-12-21,86,2025-12-21T00:00:00,2025-12-21 14:30:00,2025-12-21 14:40:00,2025-12-14 14:40:00,PRICE-LAG7-COMPLETED,cvar_t0.95_r0.05_g0.02,Q2V2-SW2-REC5,A,A,B,2025-12-21T00:00:00,10310.545809630768,10341.704110556693,previous_confirmed_final_slot_and_issued_load_pv_forecast,6293.57,3988.3875,0.0,0.0,0.0,0.0,0.0,384.19708333333335,0.0,0.0,9783.894166666667,9357.008518518518,1.3993,1.3596,0.0,0.0,-0.0,0.0,0.0,0.0,1,6506.014999999999,4018.1700000000005,12
2025-12-21,87,2025-12-21T00:00:00,2025-12-21 14:40:00,2025-12-21 14:50:00,2025-12-14 14:50:00,PRICE-LAG7-COMPLETED,cvar_t0.95_r0.05_g0.02,Q2V2-SW2-REC5,A,A,B,2025-12-21T00:00:00,10310.545809630768,10341.704110556693,previous_confirmed_final_slot_and_issued_load_pv_forecast,6241.0875,3658.7815,0.0,0.0,0.0,0.0,0.0,430.3843333333332,0.0,0.0,9357.008518518518,8878.803703703703,1.4851,1.4656,0.0,0.0,-0.0,0.0,0.0,0.0,1,6383.58035,3806.37414,12
2025-12-21,88,2025-12-21T00:00:00,2025-12-21 14:50:00,2025-12-21 15:00:00,2025-12-14 15:00:00,PRICE-LAG7-COMPLETED,cvar_t0.95_r0.05_g0.02,Q2V2-SW2-REC5,A,A,B,2025-12-21T00:00:00,10310.545809630768,10341.704110556693,previous_confirmed_final_slot_and_issued_load_pv_forecast,6267.633,3321.4365,0.0,0.0,0.0,0.0,0.0,491.03274999999996,0.0,0.0,8878.803703703703,8333.211759259259,1.2822,1.2648,0.0,0.0,-0.0,0.0,0.0,0.0,1,6443.5714499999995,3565.2553400000006,12
2025-12-21,89,2025-12-21T00:00:00,2025-12-21 15:00:00,2025-12-21 15:10:00,2025-12-14 15:10:00,PRICE-LAG7-COMPLETED,cvar_t0.95_r0.05_g0.02,Q2V2-SW2-REC5,A,A,B,2025-12-21T00:00:00,10310.545809630768,10341.704110556693,previous_confirmed_final_slot_and_issued_load_pv_forecast,6308.83,2957.5875,1352.0974999999999,1352.0974999999999,0.0,0.0,793.5570833333334,0.0,0.0,0.0,8333.211759259259,9047.41313425926,0.9065,0.8874,1199.8513214999998,0.0,-0.0,0.0,1199.8513214999998,1199.8513214999998,1,6594.16,3286.29,12
2025-12-21,90,2025-12-21T00:00:00,2025-12-21 15:10:00,2025-12-21 15:20:00,2025-12-14 15:20:00,PRICE-LAG7-COMPLETED,cvar_t0.95_r0.05_g0.02,Q2V2-SW2-REC5,A,A,B,2025-12-21T00:00:00,10310.545809630768,10341.704110556693,previous_confirmed_final_slot_and_issued_load_pv_forecast,6184.3165,2665.595,1477.8582700000002,1477.8582700000002,0.0,0.0,833.3333333333334,0.0,0.0,58.071353333333604,9047.41313425926,9797.41313425926,0.8663,0.882,1303.4709941400001,0.0,-0.0,0.0,1303.4709941400001,1303.4709941400001,1,6508.81235,2982.7249199999997,12
2025-12-21,91,2025-12-21T00:00:00,2025-12-21 15:20:00,2025-12-21 15:30:00,2025-12-14 15:30:00,PRICE-LAG7-COMPLETED,cvar_t0.95_r0.05_g0.02,Q2V2-SW2-REC5,A,A,B,2025-12-21T00:00:00,10310.545809630768,10341.704110556693,previous_confirmed_final_slot_and_issued_load_pv_forecast,6249.441,2404.6045,1496.0446266666668,1496.0446266666668,0.0,0.0,833.3333333333334,0.0,0.0,21.90521000000001,9797.41313425926,10547.41313425926,0.916,0.9712,1452.9585414186668,0.0,-0.0,0.0,1452.9585414186668,1452.9585414186668,1,6376.1417,2684.1911600000003,12
2025-12-21,92,2025-12-21T00:00:00,2025-12-21 15:30:00,2025-12-21 15:40:00,2025-12-14 15:40:00,PRICE-LAG7-COMPLETED,cvar_t0.95_r0.05_g0.02,Q2V2-SW2-REC5,A,A,B,2025-12-21T00:00:00,10310.545809630768,10341.704110556693,previous_confirmed_final_slot_and_issued_load_pv_forecast,6412.99,2166.8625,1538.0533333333333,1538.0533333333333,0.0,0.0,280.6520730452677,0.0,0.0,549.7133436213991,10547.41313425926,10800.0,0.9176,0.9596,1475.9159786666667,0.0,-0.0,0.0,1475.9159786666667,1475.9159786666667,1,6375.73,2407.035,12
2025-12-21,93,2025-12-21T00:00:00,2025-12-21 15:40:00,2025-12-21 15:50:00,2025-12-14 15:50:00,PRICE-LAG7-COMPLETED,cvar_t0.95_r0.05_g0.02,Q2V2-SW2-REC5,A,A,B,2025-12-21T00:00:00,10310.545809630768,10341.704110556693,previous_confirmed_final_slot_and_issued_load_pv_forecast,6229.2355,1977.0681,804.4302483333335,804.4302483333335,0.0,0.0,0.0,0.0,0.0,95.73568166666678,10800.0,10800.0,0.9832,0.9392,755.5208892346668,0.0,-0.0,0.0,755.5208892346668,755.5208892346668,1,6476.8591,2143.74324,12
2025-12-21,94,2025-12-21T00:00:00,2025-12-21 15:50:00,2025-12-21 16:00:00,2025-12-14 16:00:00,PRICE-LAG7-COMPLETED,cvar_t0.95_r0.05_g0.02,Q2V2-SW2-REC5,A,A,B,2025-12-21T00:00:00,10310.545809630768,10341.704110556693,previous_confirmed_final_slot_and_issued_load_pv_forecast,6140.1248,1719.0539,784.4455266666669,784.4455266666669,0.0,0.0,0.0,0.0,0.0,47.60037666666699,10800.0,10800.0,1.0203,0.9693,760.3630489980002,0.0,-0.0,0.0,760.3630489980002,760.3630489980002,1,6392.7361,1861.79414,12
2025-12-21,95,2025-12-21T00:00:00,2025-12-21 16:00:00,2025-12-21 16:10:00,2025-12-14 16:10:00,PRICE-LAG7-COMPLETED,cvar_t0.95_r0.05_g0.02,Q2V2-SW2-REC5,A,A,B,2025-12-21T00:00:00,10310.545809630768,10341.704110556693,previous_confirmed_final_slot_and_issued_load_pv_forecast,6190.42,1414.8375,847.0754166666663,847.0754166666663,0.0,0.0,0.0,0.0,0.0,51.144999999999754,10800.0,10800.0,0.9973,1.0104,855.8850009999996,0.0,-0.0,0.0,855.8850009999996,855.8850009999996,1,6179.29,1560.72,12
2025-12-21,96,2025-12-21T00:00:00,2025-12-21 16:10:00,2025-12-21 16:20:00,2025-12-14 16:20:00,PRICE-LAG7-COMPLETED,cvar_t0.95_r0.05_g0.02,Q2V2-SW2-REC5,A,A,B,2025-12-21T00:00:00,10310.545809630768,10341.704110556693,previous_confirmed_final_slot_and_issued_load_pv_forecast,6007.344,1199.0528,905.1972666666667,905.1972666666667,0.0,0.0,0.0,0.0,0.0,103.81540000000018,10800.0,10800.0,0.9917,0.98,887.0933213333333,0.0,-0.0,0.0,887.0933213333333,887.0933213333333,1,6162.72995,1269.6270399999999,12
2025-12-21,97,2025-12-21T00:00:00,2025-12-21 16:20:00,2025-12-21 16:30:00,2025-12-14 16:30:00,PRICE-LAG7-COMPLETED,cvar_t0.95_r0.05_g0.02,Q2V2-SW2-REC5,A,A,B,2025-12-21T00:00:00,10310.545809630768,10341.704110556693,previous_confirmed_final_slot_and_issued_load_pv_forecast,6021.8302,965.9713,921.2945783333332,921.2945783333332,0.0,0.0,0.0,0.0,0.0,78.65142833333323,10800.0,10800.0,1.0495,0.9673,891.1682456218333,0.0,-0.0,0.0,891.1682456218333,891.1682456218333,1,6145.4132,983.96024,12
2025-12-21,98,2025-12-21T00:00:00,2025-12-21 16:30:00,2025-12-21 16:40:00,2025-12-14 16:40:00,PRICE-LAG7-COMPLETED,cvar_t0.95_r0.05_g0.02,Q2V2-SW2-REC5,A,A,B,2025-12-21T00:00:00,10310.545809630768,10341.704110556693,previous_confirmed_final_slot_and_issued_load_pv_forecast,6231.28,680.625,936.3099999999997,936.3099999999997,0.0,0.0,0.0,0.0,0.0,11.200833333333094,10800.0,10800.0,1.1255,1.0182,953.3508419999997,0.0,-0.0,0.0,953.3508419999997,953.3508419999997,1,6152.71,701.9925000000001,12
2025-12-21,99,2025-12-21T00:00:00,2025-12-21 16:40:00,2025-12-21 16:50:00,2025-12-14 16:50:00,PRICE-LAG7-COMPLETED,cvar_t0.95_r0.05_g0.02,Q2V2-SW2-REC5,A,A,B,2025-12-21T00:00:00,10310.545809630768,10341.704110556693,previous_confirmed_final_slot_and_issued_load_pv_forecast,6177.7882,419.0314,1060.0126933333331,1060.0126933333331,0.0,0.0,0.0,0.0,0.0,100.21989333333318,10800.0,10800.0,1.1304,1.0861,1151.2797862293332,0.0,-0.0,0.0,1151.2797862293332,1151.2797862293332,1,6386.47935,431.63874000000004,12
2025-12-21,100,2025-12-21T00:00:00,2025-12-21 16:50:00,2025-12-21 17:00:00,2025-12-14 17:00:00,PRICE-LAG7-COMPLETED,cvar_t0.95_r0.05_g0.02,Q2V2-SW2-REC5,A,A,B,2025-12-21T00:00:00,10310.545809630768,10341.704110556693,previous_confirmed_final_slot_and_issued_load_pv_forecast,6130.9976,173.8125,1077.076726666667,1077.076726666667,0.0,0.0,0.0,0.0,0.0,84.21254333333366,10800.0,10800.0,1.1246,1.1066,1191.8931057293337,0.0,-0.0,0.0,1191.8931057293337,1191.8931057293337,1,6352.210800000001,175.58765999999997,12
2025-12-21,101,2025-12-21T00:00:00,2025-12-21 17:00:00,2025-12-21 17:10:00,2025-12-14 17:10:00,PRICE-LAG7-COMPLETED,cvar_t0.95_r0.05_g0.02,Q2V2-SW2-REC5,A,A,B,2025-12-21T00:00:00,10310.545809630768,10341.704110556693,previous_confirmed_final_slot_and_issued_load_pv_forecast,6172.78,0.0,993.0250000000001,993.0250000000001,0.0,0.0,0.0,35.77166666666653,0.0,0.0,10800.0,10760.253703703704,1.1304,1.0879,1080.3118975000002,0.0,-0.0,0.0,1080.3118975000002,1080.3118975000002,1,6091.465,0.0,12
2025-12-21,102,2025-12-21T00:00:00,2025-12-21 17:10:00,2025-12-21 17:20:00,2025-12-14 17:20:00,PRICE-LAG7-COMPLETED,cvar_t0.95_r0.05_g0.02,Q2V2-SW2-REC5,A,A,B,2025-12-21T00:00:00,10310.545809630768,10341.704110556693,previous_confirmed_final_slot_and_issued_load_pv_forecast,6112.1742,0.0,1038.0503,1038.0503,0.0,0.0,19.35460000000012,0.0,0.0,0.0,10760.253703703704,10777.672843703704,1.1168,1.0972,1138.9487891600002,0.0,-0.0,0.0,1138.9487891600002,1138.9487891600002,1,6144.74495,0.0,12
2025-12-21,103,2025-12-21T00:00:00,2025-12-21 17:20:00,2025-12-21 17:30:00,2025-12-14 17:30:00,PRICE-LAG7-COMPLETED,cvar_t0.95_r0.05_g0.02,Q2V2-SW2-REC5,A,A,B,2025-12-21T00:00:00,10310.545809630768,10341.704110556693,previous_confirmed_final_slot_and_issued_load_pv_forecast,6160.7027,6.2009,1062.87296,1062.87296,0.0,0.0,24.80795144032931,0.0,0.0,12.314708559670684,10777.672843703704,10800.0,1.1414,1.1283,1199.239560768,0.0,-0.0,0.0,1199.239560768,1199.239560768,1,6212.970300000001,6.20556,12
2025-12-21,104,2025-12-21T00:00:00,2025-12-21 17:30:00,2025-12-21 17:40:00,2025-12-14 17:40:00,PRICE-LAG7-COMPLETED,cvar_t0.95_r0.05_g0.02,Q2V2-SW2-REC5,A,A,B,2025-12-21T00:00:00,10310.545809630768,10341.704110556693,previous_confirmed_final_slot_and_issued_load_pv_forecast,6338.77,0.0,1022.2658333333334,1022.2658333333334,0.0,0.0,0.0,34.19583333333321,0.0,0.0,10800.0,10762.00462962963,1.171,1.1382,1163.5429715000002,0.0,-0.0,0.0,1163.5429715000002,1163.5429715000002,1,6258.335,0.0,12
2025-12-21,105,2025-12-21T00:00:00,2025-12-21 17:40:00,2025-12-21 17:50:00,2025-12-14 17:50:00,PRICE-LAG7-COMPLETED,cvar_t0.95_r0.05_g0.02,Q2V2-SW2-REC5,A,A,B,2025-12-21T00:00:00,10310.545809630768,10341.704110556693,previous_confirmed_final_slot_and_issued_load_pv_forecast,6290.0948,0.0,1064.3912416666665,1064.3912416666665,0.0,0.0,16.042108333333317,0.0,0.0,0.0,10762.00462962963,10776.44252712963,1.126,1.103,1174.0235395583331,0.0,-0.0,0.0,1174.0235395583331,1174.0235395583331,1,6405.2335,0.0,12
2025-12-21,106,2025-12-21T00:00:00,2025-12-21 17:50:00,2025-12-21 18:00:00,2025-12-14 18:00:00,PRICE-LAG7-COMPLETED,cvar_t0.95_r0.05_g0.02,Q2V2-SW2-REC5,A,A,B,2025-12-21T00:00:00,10310.545809630768,10341.704110556693,previous_confirmed_final_slot_and_issued_load_pv_forecast,5392.9058,0.4452,938.4133650000001,938.4133650000001,0.0,0.0,26.174969855967195,0.0,0.0,13.494961810699603,10776.44252712963,10800.0,1.1828,1.1407,1070.4481254555,0.0,-0.0,0.0,1070.4481254555,1070.4481254555,1,5593.1774000000005,0.44551999999999997,12
2025-12-21,107,2025-12-21T00:00:00,2025-12-21 18:00:00,2025-12-21 18:10:00,2025-12-14 18:10:00,PRICE-LAG7-COMPLETED,cvar_t0.95_r0.05_g0.02,Q2V2-SW2-REC5,A,A,B,2025-12-21T00:00:00,10310.545809630768,10341.704110556693,previous_confirmed_final_slot_and_issued_load_pv_forecast,4275.8,0.0,705.3341955166698,705.3341955166698,0.0,0.0,0.0,7.299137816663574,0.0,0.0,10800.0,10791.889846870374,1.3157,1.2479,880.1865425852521,0.0,-0.0,0.0,880.1865425852521,880.1865425852521,1,4334.455,0.0,18
2025-12-21,108,2025-12-21T00:00:00,2025-12-21 18:10:00,2025-12-21 18:20:00,2025-12-14 18:20:00,PRICE-LAG7-COMPLETED,cvar_t0.95_r0.05_g0.02,Q2V2-SW2-REC5,A,A,B,2025-12-21T00:00:00,10310.545809630768,10341.704110556693,previous_confirmed_final_slot_and_issued_load_pv_forecast,4292.4867,0.0,739.5878333333332,739.5878333333332,0.0,0.0,9.011281255140299,0.0,0.0,15.162102078192865,10791.889846870374,10800.0,1.3124,1.2957,958.2839556499998,0.0,-0.0,0.0,958.2839556499998,958.2839556499998,1,4315.175499999999,0.0,18
2025-12-21,109,2025-12-21T00:00:00,2025-12-21 18:20:00,2025-12-21 18:30:00,2025-12-14 18:30:00,PRICE-LAG7-COMPLETED,cvar_t0.95_r0.05_g0.02,Q2V2-SW2-REC5,A,A,B,2025-12-21T00:00:00,10310.545809630768,10341.704110556693,previous_confirmed_final_slot_and_issued_load_pv_forecast,4489.6396,0.032,755.0792116666665,755.0792116666665,0.0,0.0,0.0,0.0,0.0,6.811278333333121,10800.0,10800.0,1.277,1.2826,968.4645968836664,0.0,-0.0,0.0,968.4645968836664,968.4645968836664,1,4475.4532,0.031959999999999995,18
2025-12-21,110,2025-12-21T00:00:00,2025-12-21 18:30:00,2025-12-21 18:40:00,2025-12-14 18:40:00,PRICE-LAG7-COMPLETED,cvar_t0.95_r0.05_g0.02,Q2V2-SW2-REC5,A,A,B,2025-12-21T00:00:00,10310.545809630768,10341.704110556693,previous_confirmed_final_slot_and_issued_load_pv_forecast,4380.05,0.0,755.6175000000001,755.6175000000001,0.0,0.0,0.0,0.0,0.0,25.609166666666738,10800.0,10800.0,1.2714,1.238,935.454465,0.0,-0.0,0.0,935.454465,935.454465,1,4317.02,0.0,18
2025-12-21,111,2025-12-21T00:00:00,2025-12-21 18:40:00,2025-12-21 18:50:00,2025-12-14 18:50:00,PRICE-LAG7-COMPLETED,cvar_t0.95_r0.05_g0.02,Q2V2-SW2-REC5,A,A,B,2025-12-21T00:00:00,10310.545809630768,10341.704110556693,previous_confirmed_final_slot_and_issued_load_pv_forecast,4406.0663,0.0,727.6793583333333,727.6793583333333,0.0,0.0,0.0,6.665025000000014,0.0,0.0,10800.0,10792.594416666667,1.2694,1.2107,881.0013991341667,0.0,-0.0,0.0,881.0013991341667,881.0013991341667,1,4391.19135,0.0,18
2025-12-21,112,2025-12-21T00:00:00,2025-12-21 18:50:00,2025-12-21 19:00:00,2025-12-14 19:00:00,PRICE-LAG7-COMPLETED,cvar_t0.95_r0.05_g0.02,Q2V2-SW2-REC5,A,A,B,2025-12-21T00:00:00,10310.545809630768,10341.704110556693,previous_confirmed_final_slot_and_issued_load_pv_forecast,4500.5016,0.0023,717.9363733333333,717.9363733333333,0.0,0.0,0.0,32.14684333333321,0.0,0.0,10792.594416666667,10756.875701851852,1.3793,1.3293,954.352821072,0.0,-0.0,0.0,954.352821072,954.352821072,1,4393.70035,0.0023,18
2025-12-21,113,2025-12-21T00:00:00,2025-12-21 19:00:00,2025-12-21 19:10:00,2025-12-14 19:10:00,PRICE-LAG7-COMPLETED,cvar_t0.95_r0.05_g0.02,Q2V2-SW2-REC5,A,A,B,2025-12-21T00:00:00,10310.545809630768,10341.704110556693,previous_confirmed_final_slot_and_issued_load_pv_forecast,4490.76,0.0,0.0,0.0,0.0,0.0,0.0,748.46,0.0,0.0,10756.875701851852,9925.25347962963,1.5267,1.5214,0.0,0.0,-0.0,0.0,0.0,0.0,1,4268.719999999999,0.0,18
2025-12-21,114,2025-12-21T00:00:00,2025-12-21 19:10:00,2025-12-21 19:20:00,2025-12-14 19:20:00,PRICE-LAG7-COMPLETED,cvar_t0.95_r0.05_g0.02,Q2V2-SW2-REC5,A,A,B,2025-12-21T00:00:00,10310.545809630768,10341.704110556693,previous_confirmed_final_slot_and_issued_load_pv_forecast,4334.8994,0.0,0.0,0.0,0.0,0.0,0.0,722.4832333333334,0.0,0.0,9925.25347962963,9122.494331481481,1.5127,1.5659,0.0,0.0,-0.0,0.0,0.0,0.0,1,4329.911,0.0,18
2025-12-21,115,2025-12-21T00:00:00,2025-12-21 19:20:00,2025-12-21 19:30:00,2025-12-14 19:30:00,PRICE-LAG7-COMPLETED,cvar_t0.95_r0.05_g0.02,Q2V2-SW2-REC5,A,A,B,2025-12-21T00:00:00,10310.545809630768,10341.704110556693,previous_confirmed_final_slot_and_issued_load_pv_forecast,4356.9931,0.0,96.54461258332935,96.54461258332935,0.0,0.0,0.0,629.6209040833372,0.0,0.0,9122.494331481481,8422.915549166662,1.5058,1.5266,147.3850055697106,0.0,-0.0,0.0,147.3850055697106,147.3850055697106,1,4465.57575,0.0,18
2025-12-21,116,2025-12-21T00:00:00,2025-12-21 19:30:00,2025-12-21 19:40:00,2025-12-14 19:40:00,PRICE-LAG7-COMPLETED,cvar_t0.95_r0.05_g0.02,Q2V2-SW2-REC5,A,A,B,2025-12-21T00:00:00,10310.545809630768,10341.704110556693,previous_confirmed_final_slot_and_issued_load_pv_forecast,4466.59,0.0,0.0,0.0,0.0,0.0,0.0,744.4316666666666,0.0,0.0,8422.915549166662,7595.7692528703665,1.561,1.4847,0.0,0.0,-0.0,0.0,0.0,0.0,1,4493.335,0.0,18
2025-12-21,117,2025-12-21T00:00:00,2025-12-21 19:40:00,2025-12-21 19:50:00,2025-12-14 19:50:00,PRICE-LAG7-COMPLETED,cvar_t0.95_r0.05_g0.02,Q2V2-SW2-REC5,A,A,B,2025-12-21T00:00:00,10310.545809630768,10341.704110556693,previous_confirmed_final_slot_and_issued_load_pv_forecast,4301.5722,0.0,0.0,0.0,0.0,0.0,0.0,716.9286999999999,0.0,0.0,7595.7692528703665,6799.181808425922,1.563,1.4671,0.0,0.0,-0.0,0.0,0.0,0.0,1,4350.6095000000005,0.0,18
2025-12-21,118,2025-12-21T00:00:00,2025-12-21 19:50:00,2025-12-21 20:00:00,2025-12-14 20:00:00,PRICE-LAG7-COMPLETED,cvar_t0.95_r0.05_g0.02,Q2V2-SW2-REC5,A,A,B,2025-12-21T00:00:00,10310.545809630768,10341.704110556693,previous_confirmed_final_slot_and_issued_load_pv_forecast,4398.717,0.0,0.0,0.0,0.0,0.0,0.0,733.1194999999999,0.0,0.0,6799.181808425922,5984.6045862037,1.5391,1.5039,0.0,0.0,-0.0,0.0,0.0,0.0,1,4280.072700000001,0.0,18
2025-12-21,119,2025-12-21T00:00:00,2025-12-21 20:00:00,2025-12-21 20:10:00,2025-12-14 20:10:00,PRICE-LAG7-COMPLETED,cvar_t0.95_r0.05_g0.02,Q2V2-SW2-REC5,A,A,B,2025-12-21T00:00:00,10310.545809630768,10341.704110556693,previous_confirmed_final_slot_and_issued_load_pv_forecast,4681.61,0.0,0.0,0.0,0.0,0.0,0.0,780.2683333333332,0.0,0.0,5984.6045862037,5117.6397713888855,1.5267,1.5483,0.0,0.0,-0.0,0.0,0.0,0.0,1,4364.155000000001,0.0,18
2025-12-21,120,2025-12-21T00:00:00,2025-12-21 20:10:00,2025-12-21 20:20:00,2025-12-14 20:20:00,PRICE-LAG7-COMPLETED,cvar_t0.95_r0.05_g0.02,Q2V2-SW2-REC5,A,A,B,2025-12-21T00:00:00,10310.545809630768,10341.704110556693,previous_confirmed_final_slot_and_issued_load_pv_forecast,4485.5154,0.0,0.0,0.0,0.0,0.0,0.0,747.5859,0.0,0.0,5117.6397713888855,4286.988771388886,1.5268,1.5137,0.0,0.0,-0.0,0.0,0.0,0.0,1,4462.88955,0.0,18
2025-12-21,121,2025-12-21T00:00:00,2025-12-21 20:20:00,2025-12-21 20:30:00,2025-12-14 20:30:00,PRICE-LAG7-COMPLETED,cvar_t0.95_r0.05_g0.02,Q2V2-SW2-REC5,A,A,B,2025-12-21T00:00:00,10310.545809630768,10341.704110556693,previous_confirmed_final_slot_and_issued_load_pv_forecast,4156.9026,0.0,0.0,0.0,0.0,0.0,0.0,692.8171,0.0,0.0,4286.988771388886,3517.191993611108,1.5137,1.4654,0.0,0.0,-0.0,0.0,0.0,0.0,1,4493.2436,0.0,18
2025-12-21,122,2025-12-21T00:00:00,2025-12-21 20:30:00,2025-12-21 20:40:00,2025-12-14 20:40:00,PRICE-LAG7-COMPLETED,cvar_t0.95_r0.05_g0.02,Q2V2-SW2-REC5,A,A,B,2025-12-21T00:00:00,10310.545809630768,10341.704110556693,previous_confirmed_final_slot_and_issued_load_pv_forecast,4090.51,0.0,0.0,0.0,0.0,0.0,0.0,681.7516666666667,0.0,0.0,3517.191993611108,2759.690141759256,1.5229,1.488,0.0,0.0,-0.0,0.0,0.0,0.0,1,4436.67,0.0,18
2025-12-21,123,2025-12-21T00:00:00,2025-12-21 20:40:00,2025-12-21 20:50:00,2025-12-14 20:50:00,PRICE-LAG7-COMPLETED,cvar_t0.95_r0.05_g0.02,Q2V2-SW2-REC5,A,A,B,2025-12-21T00:00:00,10310.545809630768,10341.704110556693,previous_confirmed_final_slot_and_issued_load_pv_forecast,4322.2266,0.0,0.0,0.0,0.0,0.0,0.0,720.3711,0.0,0.0,2759.690141759256,1959.277808425923,1.5687,1.5616,0.0,0.0,-0.0,0.0,0.0,0.0,1,4346.4755000000005,0.0,18
2025-12-21,124,2025-12-21T00:00:00,2025-12-21 20:50:00,2025-12-21 21:00:00,2025-12-14 21:00:00,PRICE-LAG7-COMPLETED,cvar_t0.95_r0.05_g0.02,Q2V2-SW2-REC5,A,A,B,2025-12-21T00:00:00,10310.545809630768,10341.704110556693,previous_confirmed_final_slot_and_issued_load_pv_forecast,4336.801,0.0,691.2238666666665,691.2238666666665,0.0,0.0,0.0,31.576300000000174,0.0,0.0,1959.277808425923,1924.193030648145,1.3356,1.3465,930.7329364666664,0.0,-0.0,0.0,930.7329364666664,930.7329364666664,1,4362.2868,0.0,18
2025-12-21,125,2025-12-21T00:00:00,2025-12-21 21:00:00,2025-12-21 21:10:00,2025-12-14 21:10:00,PRICE-LAG7-COMPLETED,cvar_t0.95_r0.05_g0.02,Q2V2-SW2-REC5,A,A,B,2025-12-21T00:00:00,10310.545809630768,10341.704110556693,previous_confirmed_final_slot_and_issued_load_pv_forecast,4144.46,0.0,725.4449999999999,725.4449999999999,0.0,0.0,34.7016666666666,0.0,0.0,0.0,1924.193030648145,1955.4245306481448,0.9663,0.9601,696.4997444999999,0.0,-0.0,0.0,696.4997444999999,696.4997444999999,1,4406.675,0.0,18
2025-12-21,126,2025-12-21T00:00:00,2025-12-21 21:10:00,2025-12-21 21:20:00,2025-12-14 21:20:00,PRICE-LAG7-COMPLETED,cvar_t0.95_r0.05_g0.02,Q2V2-SW2-REC5,A,A,B,2025-12-21T00:00:00,10310.545809630768,10341.704110556693,previous_confirmed_final_slot_and_issued_load_pv_forecast,4227.261,0.0,764.015975,764.015975,0.0,0.0,59.47247500000003,0.0,0.0,0.0,1955.4245306481448,2008.9497581481448,0.9413,0.8829,674.5497043275001,0.0,-0.0,0.0,674.5497043275001,674.5497043275001,1,4284.4802,0.0,18
2025-12-21,127,2025-12-21T00:00:00,2025-12-21 21:20:00,2025-12-21 21:30:00,2025-12-14 21:30:00,PRICE-LAG7-COMPLETED,cvar_t0.95_r0.05_g0.02,Q2V2-SW2-REC5,A,A,B,2025-12-21T00:00:00,10310.545809630768,10341.704110556693,previous_confirmed_final_slot_and_issued_load_pv_forecast,4326.9643,0.0,764.6696333333332,764.6696333333332,0.0,0.0,43.508916666666664,0.0,0.0,0.0,2008.9497581481448,2048.107783148145,0.9456,0.9151,699.7491814633332,0.0,-0.0,0.0,699.7491814633332,699.7491814633332,1,4268.1955,0.0,18
2025-12-21,128,2025-12-21T00:00:00,2025-12-21 21:30:00,2025-12-21 21:40:00,2025-12-14 21:40:00,PRICE-LAG7-COMPLETED,cvar_t0.95_r0.05_g0.02,Q2V2-SW2-REC5,A,A,B,2025-12-21T00:00:00,10310.545809630768,10341.704110556693,previous_confirmed_final_slot_and_issued_load_pv_forecast,4357.83,0.0,738.0999999999999,738.0999999999999,0.0,0.0,11.794999999999959,0.0,0.0,0.0,2048.107783148145,2058.7232831481447,0.898,0.9345,689.7544499999999,0.0,-0.0,0.0,689.7544499999999,689.7544499999999,1,4434.325,0.0,18
2025-12-21,129,2025-12-21T00:00:00,2025-12-21 21:40:00,2025-12-21 21:50:00,2025-12-14 21:50:00,PRICE-LAG7-COMPLETED,cvar_t0.95_r0.05_g0.02,Q2V2-SW2-REC5,A,A,B,2025-12-21T00:00:00,10310.545809630768,10341.704110556693,previous_confirmed_final_slot_and_issued_load_pv_forecast,4437.1142,0.0,722.6161833333333,722.6161833333333,0.0,0.0,0.0,16.902849999999944,0.0,0.0,2058.7232831481447,2039.9423387037002,0.9931,0.9815,709.2477839416666,0.0,-0.0,0.0,709.2477839416666,709.2477839416666,1,4498.24665,0.0,18
2025-12-21,130,2025-12-21T00:00:00,2025-12-21 21:50:00,2025-12-21 22:00:00,2025-12-14 22:00:00,PRICE-LAG7-COMPLETED,cvar_t0.95_r0.05_g0.02,Q2V2-SW2-REC5,A,A,B,2025-12-21T00:00:00,10310.545809630768,10341.704110556693,previous_confirmed_final_slot_and_issued_load_pv_forecast,4070.9954,0.0,668.0542833333333,668.0542833333333,0.0,0.0,0.0,10.444949999999949,0.0,0.0,2039.9423387037002,2028.3368387037003,0.802,0.7546,504.1137622033333,0.0,-0.0,0.0,504.1137622033333,504.1137622033333,1,4028.3319,0.0,18
2025-12-21,131,2025-12-21T00:00:00,2025-12-21 22:00:00,2025-12-21 22:10:00,2025-12-14 22:10:00,PRICE-LAG7-COMPLETED,cvar_t0.95_r0.05_g0.02,Q2V2-SW2-REC5,A,A,B,2025-12-21T00:00:00,10310.545809630768,10341.704110556693,previous_confirmed_final_slot_and_issued_load_pv_forecast,3434.4,0.0,599.5366666666665,599.5366666666665,0.0,0.0,27.136666666666542,0.0,0.0,0.0,2028.3368387037003,2052.7598387037,0.4237,0.4001,239.87462033333327,0.0,-0.0,0.0,239.87462033333327,239.87462033333327,1,3365.52,0.0,18
2025-12-21,132,2025-12-21T00:00:00,2025-12-21 22:10:00,2025-12-21 22:20:00,2025-12-14 22:20:00,PRICE-LAG7-COMPLETED,cvar_t0.95_r0.05_g0.02,Q2V2-SW2-REC5,A,A,B,2025-12-21T00:00:00,10310.545809630768,10341.704110556693,previous_confirmed_final_slot_and_issued_load_pv_forecast,3270.5539,0.0,1367.2763916666668,1367.2763916666668,0.0,0.0,822.1840750000001,0.0,0.0,0.0,2052.7598387037,2792.7255062037,0.421,0.4032,551.2858411200001,0.0,-0.0,0.0,551.2858411200001,551.2858411200001,1,3330.9641,0.0,18
2025-12-21,133,2025-12-21T00:00:00,2025-12-21 22:20:00,2025-12-21 22:30:00,2025-12-14 22:30:00,PRICE-LAG7-COMPLETED,cvar_t0.95_r0.05_g0.02,Q2V2-SW2-REC5,A,A,B,2025-12-21T00:00:00,10310.545809630768,10341.704110556693,previous_confirmed_final_slot_and_issued_load_pv_forecast,3305.0168,0.0,581.1242583333333,581.1242583333333,0.0,0.0,30.288125000000036,0.0,0.0,0.0,2792.7255062037,2819.9848187037,0.476,0.4747,275.85968543083334,0.0,-0.0,0.0,275.85968543083334,275.85968543083334,1,3462.69625,0.0,18
2025-12-21,134,2025-12-21T00:00:00,2025-12-21 22:30:00,2025-12-21 22:40:00,2025-12-14 22:40:00,PRICE-LAG7-COMPLETED,cvar_t0.95_r0.05_g0.02,Q2V2-SW2-REC5,A,A,B,2025-12-21T00:00:00,10310.545809630768,10341.704110556693,previous_confirmed_final_slot_and_issued_load_pv_forecast,3255.6,0.0,1367.7441666666666,1367.7441666666666,0.0,0.0,825.1441666666667,0.0,0.0,0.0,2819.9848187037,3562.6145687037,0.4089,0.4323,591.27580325,0.0,-0.0,0.0,591.27580325,591.27580325,1,3411.23,0.0,18
2025-12-21,135,2025-12-21T00:00:00,2025-12-21 22:40:00,2025-12-21 22:50:00,2025-12-14 22:50:00,PRICE-LAG7-COMPLETED,cvar_t0.95_r0.05_g0.02,Q2V2-SW2-REC5,A,A,B,2025-12-21T00:00:00,10310.545809630768,10341.704110556693,previous_confirmed_final_slot_and_issued_load_pv_forecast,3155.514,0.0,1360.7765333333332,1360.7765333333332,0.0,0.0,833.3333333333334,0.0,0.0,1.524199999999837,3562.6145687037,4312.614568703701,0.3769,0.3905,531.3832362666666,0.0,-0.0,0.0,531.3832362666666,531.3832362666666,1,3287.2163,0.0,18
2025-12-21,136,2025-12-21T00:00:00,2025-12-21 22:50:00,2025-12-21 23:00:00,2025-12-14 23:00:00,PRICE-LAG7-COMPLETED,cvar_t0.95_r0.05_g0.02,Q2V2-SW2-REC5,A,A,B,2025-12-21T00:00:00,10310.545809630768,10341.704110556693,previous_confirmed_final_slot_and_issued_load_pv_forecast,3260.3635,0.0,1355.9928749999997,1355.9928749999997,0.0,0.0,812.598958333333,0.0,0.0,0.0,4312.614568703701,5043.9536312037,0.4193,0.4205,570.1950039374998,0.0,-0.0,0.0,570.1950039374998,570.1950039374998,1,3266.2506999999996,0.0,18
2025-12-21,137,2025-12-21T00:00:00,2025-12-21 23:00:00,2025-12-21 23:10:00,2025-12-14 23:10:00,PRICE-LAG7-COMPLETED,cvar_t0.95_r0.05_g0.02,Q2V2-SW2-REC5,A,A,B,2025-12-21T00:00:00,10310.545809630768,10341.704110556693,previous_confirmed_final_slot_and_issued_load_pv_forecast,3508.97,0.0,569.0183333333333,569.0183333333333,0.0,0.0,0.0,15.809999999999945,0.0,0.0,5043.9536312037,5026.386964537033,0.4598,0.4738,269.60088633333334,0.0,-0.0,0.0,269.60088633333334,269.60088633333334,1,3372.975,0.0,18
2025-12-21,138,2025-12-21T00:00:00,2025-12-21 23:10:00,2025-12-21 23:20:00,2025-12-14 23:20:00,PRICE-LAG7-COMPLETED,cvar_t0.95_r0.05_g0.02,Q2V2-SW2-REC5,A,A,B,2025-12-21T00:00:00,10310.545809630768,10341.704110556693,previous_confirmed_final_slot_and_issued_load_pv_forecast,3554.7154,0.0,1377.7571833333332,1377.7571833333332,0.0,0.0,785.3046166666666,0.0,0.0,0.0,5026.386964537033,5733.161119537033,0.4052,0.4471,615.9952366683333,0.0,-0.0,0.0,615.9952366683333,615.9952366683333,1,3487.9817000000003,0.0,18
2025-12-21,139,2025-12-21T00:00:00,2025-12-21 23:20:00,2025-12-21 23:30:00,2025-12-14 23:30:00,PRICE-LAG7-COMPLETED,cvar_t0.95_r0.05_g0.02,Q2V2-SW2-REC5,A,A,B,2025-12-21T00:00:00,10310.545809630768,10341.704110556693,previous_confirmed_final_slot_and_issued_load_pv_forecast,3395.6628,0.0,1375.2813333333331,1375.2813333333331,0.0,0.0,809.3375333333331,0.0,0.0,0.0,5733.161119537033,6461.564899537033,0.4093,0.4314,593.2963672,0.0,-0.0,0.0,593.2963672,593.2963672,1,3564.40485,0.0,18
2025-12-21,140,2025-12-21T00:00:00,2025-12-21 23:30:00,2025-12-21 23:40:00,2025-12-14 23:40:00,PRICE-LAG7-COMPLETED,cvar_t0.95_r0.05_g0.02,Q2V2-SW2-REC5,A,A,B,2025-12-21T00:00:00,10310.545809630768,10341.704110556693,previous_confirmed_final_slot_and_issued_load_pv_forecast,3305.59,0.0,597.715,597.715,0.0,0.0,46.78333333333342,0.0,0.0,0.0,6461.564899537033,6503.669899537033,0.4645,0.4502,269.091293,0.0,-0.0,0.0,269.091293,269.091293,1,3561.92,0.0,18
2025-12-21,141,2025-12-21T00:00:00,2025-12-21 23:40:00,2025-12-21 23:50:00,2025-12-14 23:50:00,PRICE-LAG7-COMPLETED,cvar_t0.95_r0.05_g0.02,Q2V2-SW2-REC5,A,A,B,2025-12-21T00:00:00,10310.545809630768,10341.704110556693,previous_confirmed_final_slot_and_issued_load_pv_forecast,3539.7613,0.0,1359.21905,1359.21905,0.0,0.0,769.2588333333333,0.0,0.0,0.0,6503.669899537033,7196.002849537033,0.4151,0.4334,589.08553627,0.0,-0.0,0.0,589.08553627,589.08553627,1,3479.73995,0.0,18
2025-12-21,142,2025-12-21T00:00:00,2025-12-21 23:50:00,2025-12-22 00:00:00,2025-12-15 00:00:00,PRICE-LAG7-COMPLETED,cvar_t0.95_r0.05_g0.02,Q2V2-SW2-REC5,A,A,B,2025-12-21T00:00:00,10310.545809630768,10341.704110556693,previous_confirmed_final_slot_and_issued_load_pv_forecast,3571.991,0.0,1398.6571833333333,1398.6571833333333,0.0,0.0,803.32535,0.0,0.0,0.0,7196.002849537033,7918.995664537033,0.4025,0.406,567.8548164333333,0.0,-0.0,0.0,567.8548164333333,567.8548164333333,1,3514.2,0.0,18
2025-12-21,143,2025-12-21T00:00:00,2025-12-22 00:00:00,2025-12-22 00:10:00,2025-12-15 00:10:00,PRICE-LAG7-COMPLETED,cvar_t0.95_r0.05_g0.02,Q2V2-SW2-REC5,A,A,B,2025-12-21T00:00:00,10310.545809630768,10341.704110556693,previous_confirmed_final_slot_and_issued_load_pv_forecast,3464.4,0.0,614.405,614.405,0.0,0.0,37.004999999999995,0.0,0.0,0.0,7918.995664537033,7952.300164537033,0.4518,0.4032,247.728096,0.0,-0.0,0.0,247.728096,247.728096,1,3580.38,0.0,18
