natural_day,block_index,grid_kwh,charge_kwh,discharge_kwh,emergency_kwh,cash_cost_yuan,initial_soc_kwh,end_soc_kwh
2025-02-01,0,12884.665010329212,2118.5619407407376,611.2659750000003,0.0,4354.502450921909,9559.716321388889,10787.237651388888
2025-02-01,1,6145.622283333333,14.180387345679467,6329.008316666666,0.0,2335.9384375363334,10787.237651388888,3767.768537037039
2025-02-01,2,1698.8503583333331,5576.4493,977.6502,0.0,663.2329276241665,3767.768537037039,7700.294907037039
2025-02-01,3,4365.273676666666,3462.1714632921803,146.08865333333347,0.0,1746.7924257563332,7700.294907037039,10653.928498074074
2025-02-01,4,4712.553436666666,181.02992666666609,5407.007323333333,0.0,3550.911774219666,10653.928498074074,4809.069517259256
2025-02-01,5,17696.05833753333,9903.333895866665,2707.69425,0.0,7060.8691996579055,4809.069517259256,10713.520856872588
2025-02-02,0,15638.71430779589,850.518204297946,654.0761649176928,0.0,7002.557702470722,10713.520856872588,10752.23594638775
2025-02-02,1,18516.869198606997,1628.5590427704067,1276.145176393003,0.0,13786.923762768312,10752.23594638775,10800.0
2025-02-02,2,6225.680364939142,5107.431768333334,7144.853501599999,0.0,4368.868910726046,10800.0,7457.962478611111
2025-02-02,3,10758.99042988061,5452.6366554526785,1408.8019216666662,0.0,7888.188871360284,7457.962478611111,10800.0
2025-02-02,4,15241.076696666665,39.00524279835319,4477.088548333333,0.0,16899.316658132168,10800.0,5860.561887037036
2025-02-02,5,15795.31370185185,4308.290851851852,3542.5290833333333,0.0,9250.31567650568,5860.561887037036,5801.880227777779
2025-02-03,0,21303.350128189297,5572.296943415637,72.7932249999999,0.0,9313.036095014259,5801.880227777779,10736.066115740741
2025-02-03,1,18481.766105833336,1009.6758559670752,760.2969474999983,0.0,14113.890407321167,10736.066115740741,10800.0
2025-02-03,2,5916.365530149996,4937.3462500000005,7233.341283183337,0.0,4155.5816006395635,10800.0,7206.565754796295
2025-02-03,3,10898.771372345678,6088.259293024689,1697.3992066666663,0.0,8316.982644012944,7206.565754796295,10800.0
2025-02-03,4,15121.655884934155,120.15993611110984,4546.76862173251,0.0,17094.321080650585,10800.0,5856.178807241656
2025-02-03,5,15463.103087915844,3676.491262583333,3459.696558000821,0.0,9435.803392835676,5856.178807241656,5320.913656899076
2025-02-04,0,20606.71158194341,5883.87884861008,17.99895833333335,0.0,9141.640362742886,5320.913656899076,10596.405778055558
2025-02-04,1,19327.10796339506,1206.9762445473239,827.7517716666665,0.0,14210.445689123735,10596.405778055558,10762.960207407408
2025-02-04,2,6326.438833333332,4999.345168333333,7672.418716666666,0.0,4657.113074438499,10762.960207407408,6737.461173722224
2025-02-04,3,11058.900396666666,6830.934990864195,2497.9207383333323,0.0,8370.831987735666,6737.461173722224,10109.835178462961
2025-02-04,4,15124.65636245782,213.04063337448792,4363.898670916668,0.0,17113.4619753916,10109.835178462961,5452.795447481481
2025-02-04,5,15397.81813423334,3624.2519905,3474.5491062666597,0.0,9461.462308237338,5452.795447481481,4854.012120857414
2025-02-05,0,20922.277723790114,6205.958340456783,94.90868333333333,0.0,9430.351148311067,4854.012120857414,10333.920534675928
2025-02-05,1,19073.590520375306,772.9754387551445,206.63858660000074,0.0,14446.81217900369,10333.920534675928,10800.0
2025-02-05,2,6577.128689216666,4895.199691666667,7830.153734116666,0.0,5018.601142406551,10800.0,6505.508906814815
2025-02-05,3,12633.494769176954,6749.328395720167,1601.9140166666662,0.0,9609.517415157925,6505.508906814815,10800.0
2025-02-05,4,14791.449516616665,40.37911522633986,4668.577078333334,0.0,16511.56364473839,10800.0,5649.03333888889
2025-02-05,5,15864.667380452673,4220.77314711934,3553.17215,0.0,9064.708587680434,5649.03333888889,5499.760115740742
2025-02-06,0,21120.18616748971,5942.955869341562,43.5783583333332,0.0,9350.306814035112,5499.760115740742,10800.0
2025-02-06,1,18619.3269344,2312.9261653497924,1873.4701939333331,0.0,14113.72573011917,10800.0,10800.0
2025-02-06,2,6899.1368280102915,5075.846458333333,7101.99889532304,0.0,5112.491840224804,10800.0,7477.1519288077325
2025-02-06,3,11866.584698045262,5971.301681983176,1846.1910983333335,0.0,9301.86636834056,7477.1519288077325,10800.0
2025-02-06,4,15243.72182,7.494128086419639,4326.646998333333,0.0,17087.263142883832,10800.0,5999.359161574075
2025-02-06,5,15174.53001409465,3525.82633885494,3731.30864976029,0.0,8882.30791046455,5999.359161574075,5026.704366809864
2025-02-07,0,17445.044966666665,6413.629716666666,63.41470833333352,0.0,5955.536661336666,5026.704366809864,10728.510324772824
2025-02-07,1,6714.1485016413,186.29502597258391,6113.981013333333,0.0,2472.459074903171,10728.510324772824,4102.863611111113
2025-02-07,2,0.0,4257.584283333333,1376.3880333333332,0.0,0.0,4102.863611111113,6405.369429074077
2025-02-07,3,1501.0394784333348,4882.922856584358,0.0,0.0,583.6694683038309,6405.369429074077,10800.0
2025-02-07,4,4519.399415,93.69689711934302,5480.657536666667,0.0,3420.873905080833,10800.0,4794.707722222221
2025-02-07,5,16365.35062222222,8864.31663888889,2849.480683333333,0.0,6634.014487457222,4794.707722222221,9606.503049074074
2025-02-08,0,11938.981206849998,2312.320028868299,1227.389316483329,0.0,4082.826096911461,9606.503049074074,10323.825167851848
2025-02-08,1,5451.25522,643.1378434979467,7084.793576666666,0.0,2073.531968277167,10323.825167851848,3030.656364037037
2025-02-08,2,0.0,5571.866933333333,617.2230666666668,0.0,0.0,3030.656364037037,7359.53319662963
2025-02-08,3,686.2548633333329,3826.7029643004134,65.47789333333333,0.0,284.4991888708331,7359.53319662963,10730.812649685186
2025-02-08,4,4201.888896522636,38.75284874485618,5658.621185555553,0.0,3132.2833869552983,10730.812649685186,4478.333340716051
2025-02-08,5,17116.400772475485,9762.208747475488,2840.309733333333,0.0,6670.531911429944,4478.333340716051,10108.421509740285
2025-02-09,0,15148.69246028251,1238.849306995885,683.8809968162567,0.0,6706.483971794372,10108.421509740285,10463.518111796297
2025-02-09,1,18259.141871634874,1451.925151404322,993.8497787817896,0.0,13591.811552616016,10463.518111796297,10665.973216080421
2025-02-09,2,7018.336454166667,5144.716833333333,7229.038566666665,0.0,6192.836690186232,10665.973216080421,7263.95329200635
2025-02-09,3,9242.3447131893,5282.451724848912,1947.6443216666657,0.0,6937.686005821011,7263.95329200635,9854.110598074076
2025-02-09,4,13239.306232352985,192.2255551038312,5910.316789417512,0.0,14505.631563833333,9854.110598074076,3460.094942759178
2025-02-09,5,20033.929474999997,5875.858874999999,921.1433666666671,0.0,13048.146276652498,3460.094942759178,7724.8753006295465
2025-02-10,0,18153.266569928073,3591.8538017696414,141.78935000000035,0.0,7896.614930181839,7724.8753006295465,10800.0
2025-02-10,1,17604.76755941666,2235.8769644444424,2219.577328916671,0.0,12780.619339694347,10800.0,10346.092235870361
2025-02-10,2,6596.316346666666,5613.191496666666,5438.96465,0.0,4330.752099369833,10346.092235870361,9354.670527314805
2025-02-10,3,9575.878541821114,2420.5368935185297,659.8383583333336,0.0,6861.9862772307215,9354.670527314805,10800.0
2025-02-10,4,13661.411928241567,28.336383333333515,5495.081397766663,0.0,14971.265257062556,10800.0,4719.856747481484
2025-02-10,5,18773.87546666667,4944.696783333334,1525.8625666666662,0.0,12248.835869278333,4719.856747481484,7474.681000629633
2025-02-11,0,18540.938979958843,3751.906799711934,57.154158333333726,0.0,8401.577511956215,7474.681000629633,10787.8925
2025-02-11,1,17416.573437283332,1688.6772861316877,1836.523339383335,0.0,12762.845851306056,10787.8925,10267.120569314811
2025-02-11,2,4996.517563333331,4437.800866666666,6590.821933333333,0.0,3159.920793135999,10267.120569314811,6938.005867833329
2025-02-11,3,10576.419011666665,5425.157552201652,918.5828983333332,0.0,7492.318743357832,6938.005867833329,10800.0
2025-02-11,4,13630.052758399994,33.82469716049496,5424.405171600006,0.0,14890.999046069672,10800.0,4803.325370111106
2025-02-11,5,15867.035773971193,2849.17249063786,2299.6174583333336,0.0,10631.384692809495,4803.325370111106,4812.450102425921
2025-02-12,0,21471.41528369342,6663.009824465026,8.243049999999926,0.0,9271.153263686992,4812.450102425921,10800.0
2025-02-12,1,16899.873347678396,1609.1500952880658,2267.615492383333,0.0,12322.863766787503,10800.0,9728.662316444445
2025-02-12,2,4761.111001111105,4449.177385,5983.56155,0.0,3002.9086675065523,9728.662316444445,7084.520240722223
2025-02-12,3,9176.953638436218,5753.380105411525,1847.1643349999995,0.0,6187.677756394322,7084.520240722223,10210.157518925927
2025-02-12,4,15018.813339999999,61.284008333333304,3991.651251666666,0.0,16653.636147681333,10210.157518925927,5830.145069018524
2025-02-12,5,18869.643395749998,5818.2901999999995,2295.111337583333,0.0,11886.897064337383,5830.145069018524,8516.482540592599
2025-02-13,0,17461.378061376534,2549.579162716041,36.814211833332024,0.0,7838.413557068699,8516.482540592599,10770.199107222224
2025-02-13,1,16700.705229382715,1779.860026213988,2431.697666666666,0.0,12034.274215394216,10770.199107222224,9670.186834518516
2025-02-13,2,4709.058964999998,4631.854165,5044.668966666666,0.0,2570.562956891499,9670.186834518516,8233.667842277775
2025-02-13,3,10066.112866666666,3603.2125209259284,608.9032000000002,0.0,6647.865288930499,8233.667842277775,10800.0
2025-02-13,4,15472.05060526667,41.324088395059434,3551.374123066663,0.0,17341.881130782276,10800.0,6891.2204317037085
2025-02-13,5,18227.31373687757,5942.1758118775715,2963.256108333333,0.0,11103.354989043466,6891.2204317037085,8946.671875356487
2025-02-14,0,11716.304807361103,2114.055191990737,1610.3770416666666,0.0,3951.60556646265,8946.671875356487,9060.013724074073
2025-02-14,1,5382.424773333333,985.6020266666665,6941.257669999999,0.0,2155.4181048125,9060.013724074073,2234.54702585185
2025-02-14,2,0.0,4695.020283333333,428.8094333333333,0.0,0.0,2234.54702585185,5983.610354925922
2025-02-14,3,174.78052000000008,5351.544050082311,0.0,0.0,100.97749205400004,5983.610354925922,10800.0
2025-02-14,4,4002.641904699999,70.17012666666642,5769.421088633334,0.0,2897.3118527506294,10800.0,4452.685237740741
2025-02-14,5,16322.737940231067,8889.709728847733,2764.9627552833313,0.0,6399.479360954522,4452.685237740741,9381.2431545
2025-02-15,0,12261.072304053498,2452.505314855969,974.1018500000001,0.0,4336.225369103911,9381.2431545,10506.162548981481
2025-02-15,1,3337.709939250001,14.863568333333319,7864.228762416665,0.0,1257.6577151067504,10506.162548981481,1781.5078022407442
2025-02-15,2,0.0,5454.897849999999,313.695,0.0,0.0,1781.5078022407442,6342.3658672407455
2025-02-15,3,93.93234319999992,4952.926814176948,130.93574013333335,0.0,59.52731519221328,6342.3658672407455,10654.515844296295
2025-02-15,4,3818.308599416667,25.84201333333317,5886.783297249999,0.0,2846.7025190009335,10654.515844296295,4136.903326018516
2025-02-15,5,17538.644856813196,9443.777624375,2357.6418121451347,0.0,7550.266626846317,4136.903326018516,10016.701174461423
2025-02-16,0,15319.340789792861,1106.6511283761965,310.79795525000065,0.0,6755.114469357569,10016.701174461423,10667.35612861111
2025-02-16,1,15258.094247767487,1050.4917852674907,2701.5293541666692,0.0,10829.158718212755,10667.35612861111,8611.09945294444
2025-02-16,2,4129.084303098354,3668.066086431688,6669.989507649996,167.79809235000295,3547.539099221589,8611.09945294444,4501.25947778852
2025-02-16,3,8005.86283,6259.0663116666665,839.7236500000001,0.0,5605.188531815166,4501.25947778852,9201.39288051074
2025-02-16,4,14947.817995483334,303.2469832416658,4241.725321091664,0.0,17254.616136319055,9201.39288051074,4761.287030881946
2025-02-16,5,18858.539095329164,6542.19477625,2878.2602642541665,0.0,11322.203288148168,4761.287030881946,7451.195369224537
2025-02-17,0,18271.72381289866,4428.597029565328,717.5849000000004,0.0,8246.324588620919,7451.195369224537,10639.616140277778
2025-02-17,1,15634.306619966666,1339.0331535185262,2581.483953366667,0.0,10988.378572138308,10639.616140277778,8976.430474703704
2025-02-17,2,5521.126931666667,5268.580080000001,4754.309116666665,0.0,3408.571819755,8976.430474703704,8435.586861518523
2025-02-17,3,7915.459071790117,3450.2691044855937,667.9885616666666,0.0,5434.7398212479775,8435.586861518523,10798.619542592593
2025-02-17,4,13487.294257942385,98.55648617283875,5332.342453333334,0.0,14667.457246602124,10798.619542592593,4962.4954320000015
2025-02-17,5,18770.30280400761,6444.344041666666,3041.468487659054,0.0,11142.47303801728,4962.4954320000015,7382.995638767719
2025-02-18,0,17041.4552,2734.8206916666663,119.21055833333332,0.0,7393.603643975833,7382.995638767719,9711.878085341794
2025-02-18,1,16010.05661634863,1810.4801594967714,2349.385421666666,0.0,10766.839192535512,9711.878085341794,8730.881982592595
2025-02-18,2,5424.750304999999,5132.08435,4946.871216666667,0.0,3339.7865750926653,8730.881982592595,7853.23432351852
2025-02-18,3,8065.489888765432,4197.481789629626,1074.456616666666,0.0,5479.688996005645,7853.23432351852,10437.127248999997
2025-02-18,4,13719.72841933611,223.00834395833317,5110.725241288887,0.0,15264.745366855868,10437.127248999997,4959.2511571303985
2025-02-18,5,15967.503475833331,3740.4512091666656,2959.873675,0.0,10236.098642563697,4959.2511571303985,5036.9087176026205
2025-02-19,0,20829.393857087623,6436.753848754291,262.48749166666653,0.0,9293.105102618476,5036.9087176026205,10538.33441296296
2025-02-19,1,13553.856656105558,334.3756073611113,3533.743784588886,0.0,9254.265691193483,10538.33441296296,6912.890476711422
2025-02-19,2,4650.643609999999,5031.310866666667,5141.60142904028,836.6141042930528,7053.877512800055,6912.890476711422,5728.17978
2025-02-19,3,9262.888224684499,6939.441499588479,1056.3094166666665,0.0,7200.03573467105,5728.17978,10800.0
2025-02-19,4,13286.35873813596,38.41644650205633,5507.792871359874,0.0,14470.794227637882,10800.0,4714.8049447853255
2025-02-19,5,17086.553252583333,4651.899116666666,3179.93576697346,35.80099710987315,10598.586596104555,4714.8049447853255,5368.252186481481
2025-02-20,0,20300.750383333332,5967.108875,148.3869083333334,0.0,8987.047846218333,5368.252186481481,10573.775831388886
2025-02-20,1,14159.885558036212,461.85755847222686,3128.8949445666694,8.202134999999885,10082.167056098413,10573.775831388886,7512.897695606478
2025-02-20,2,6189.008973218449,5583.305240649005,5173.662410486111,0.0,4812.831497564262,7512.897695606478,6789.358622761571
2025-02-20,3,7763.826182736625,4873.769349194962,338.17593333333343,0.0,5185.2469174547305,6789.358622761571,10800.0
2025-02-20,4,12244.572911666664,0.0,6320.046025000001,0.0,13372.210186651022,10800.0,3777.726638888888
2025-02-20,5,17097.35135,4079.8323500000006,2308.5871666666662,0.0,10851.115467076666,3777.726638888888,4884.478902037036
2025-02-21,0,16452.9454311214,6244.132289454732,521.0530249999999,0.0,5785.149455678266,4884.478902037036,9925.250156990742
2025-02-21,1,3950.92818583611,91.70803166666678,7239.550962497223,0.0,1886.7030961891776,9925.250156990742,1963.8418716049382
2025-02-21,2,0.0,6659.33245,257.83406666666673,0.0,0.0,1963.8418716049382,7670.758780308643
2025-02-21,3,21.407945733332895,3476.934688545954,10.205885933333661,0.0,12.123952525439751,7670.758780308643,10788.66012674074
2025-02-21,4,3439.2377481166704,42.74541666666681,5685.4963185499955,0.0,2474.7089918959464,10788.66012674074,4509.912870018525
2025-02-21,5,16401.617425,8847.003441666666,2718.0435,0.0,6752.474494827499,4509.912870018525,9452.16763418519
2025-02-22,0,10620.490935576123,2014.66316753086,2225.7808152880693,0.0,3743.0419694139687,9452.16763418519,8792.274690198445
2025-02-22,1,4197.730630615616,114.53085922395388,6659.088228608338,0.0,1644.361130429892,8792.274690198445,1496.3655428240745
2025-02-22,2,0.0,5979.389066666667,266.7289885416671,6.9194447916662725,33.483193346873094,1496.3655428240745,6581.4501599999985
2025-02-22,3,164.73830840277756,4687.277600000002,0.0,0.0,144.74911432309358,6581.4501599999985,10800.0
2025-02-22,4,4237.577680185572,18.495990624999934,5460.353437309118,0.0,3494.7921255322776,10800.0,4749.587016774591
2025-02-22,5,17179.673483333332,9733.053916666668,2816.9776500000003,0.0,6919.007502371666,4749.587016774591,10379.360375107923
2025-02-23,0,14710.737524999999,486.99841666666634,221.4412749999999,0.0,6341.5363688983325,10379.360375107923,10571.613088996812
2025-02-23,1,15015.066760472362,1421.4280654279264,3033.484089400007,0.0,10926.840770163128,10571.613088996812,8480.360470770827
2025-02-23,2,4948.2241751414585,5044.707846388888,5632.6085,0.0,2920.707503060239,8480.360470770827,6762.143643631936
2025-02-23,3,7661.289973333333,5224.226493125012,628.1091833333327,0.0,5252.3609376955,6762.143643631936,10766.048394851852
2025-02-23,4,12477.511953283338,40.048572386831324,5799.767334494439,0.0,13685.38075447918,10766.048394851852,4357.906182783959
2025-02-23,5,18416.405392083332,5627.5292,2517.103724583334,0.0,11362.42632076329,4357.906182783959,6625.900546580254
2025-02-24,0,18849.61585,4638.807091666666,83.20099166666694,0.0,8544.926309526667,6625.900546580254,10708.381382783953
2025-02-24,1,14733.695725119436,2321.7273082818974,4213.722428213896,25.751363333333188,9737.829367852974,10708.381382783953,8116.022151111112
2025-02-24,2,5038.074855999997,5439.140723333333,4261.102672333334,0.0,2977.838666035631,8116.022151111112,8276.690277296295
2025-02-24,3,7691.212872749999,3271.122895596709,442.78902166666626,0.0,5024.7075910602825,8276.690277296295,10728.713081481481
2025-02-24,4,13219.006757986112,109.51308844619268,5252.18403046008,0.0,14646.63608043688,10728.713081481481,4991.514827238515
2025-02-24,5,17614.56692708333,5128.691919374999,2963.7153256249994,0.0,10974.454744161925,4991.514827238515,6314.320526203794
2025-02-25,0,19247.670616769446,5059.520208436114,293.5496416666664,0.0,8376.665773830742,6314.320526203794,10541.722445277774
2025-02-25,1,14126.1231297,2648.4684548148207,4867.257725299999,23.784999999999854,9489.359150523294,10541.722445277774,7517.279915388891
2025-02-25,2,4609.676618703701,5686.396030000001,3717.8204166666665,0.0,2367.209395731962,7517.279915388891,8504.124768314818
2025-02-25,3,6623.443840260727,2809.2783849999983,209.22778333333304,0.0,4054.355825304102,8504.124768314818,10800.0
2025-02-25,4,12553.066897569444,8.407142146776701,5900.87950048611,0.0,13744.933295923354,10800.0,4251.033649614199
2025-02-25,5,18454.199770075,5587.315274866667,2480.541788125,0.0,11526.687467793343,4251.033649614199,6523.459854633088
2025-02-26,0,18199.699818360354,3948.2869683603567,211.4988166666668,0.0,7964.620812182156,6523.459854633088,9841.919440972224
2025-02-26,1,13965.110335927775,3324.5814227777773,5624.293986850002,0.0,8543.481536143467,9841.919440972224,6584.8271805277745
2025-02-26,2,4037.614966666667,5093.541233333333,4013.8306000000002,0.0,2223.6164277065004,6584.8271805277745,6709.2025127499965
2025-02-26,3,6990.436463936042,5455.967297818933,737.615772708333,0.0,5006.593694158672,6709.2025127499965,10800.0
2025-02-26,4,13994.269945069444,47.98776697530926,4575.50491,0.0,15728.55353085702,10800.0,5759.294645833335
2025-02-26,5,15928.789560999165,4297.953541015832,3676.8917716833344,0.0,9344.41999043539,5759.294645833335,5542.017530877214
2025-02-27,0,20232.932475302332,5949.193228346307,88.7173075384685,0.0,8958.84275917442,5542.017530877214,10797.716650235034
2025-02-27,1,12503.53982564395,1622.18730782527,5436.729446522715,11.70663166666634,7649.171710220056,10797.716650235034,6216.87473114143
2025-02-27,2,4005.932716666668,5381.928800000001,4515.1872580272875,804.8128253060462,6335.7926254581,6216.87473114143,6043.73592
2025-02-27,3,6112.378390164607,5980.814389300412,563.821983333333,0.0,3779.582994453801,6043.73592,10800.0
2025-02-27,4,12978.408625066668,0.6603944238708613,5253.337449348165,0.0,13984.140337729834,10800.0,4963.552744594634
2025-02-27,5,20287.61341119,8158.046026856666,3074.268499,0.0,11351.601590165848,4963.552744594634,8889.940280987856
2025-02-28,0,12767.223615620489,2528.2487104250154,336.40178333333296,0.0,4401.745112577925,8889.940280987856,10791.58436111111
2025-02-28,1,2238.468941666667,0.0,8487.183025,0.0,773.4463744650001,10791.58436111111,1361.380999999999
2025-02-28,2,0.0,8034.3479,109.26630000000011,0.0,0.0,1361.380999999999,8470.88711
2025-02-28,3,0.0,2587.90321111111,2.1898166666667294,0.0,0.0,8470.88711,10797.56687037037
2025-02-28,4,3144.062618333332,77.13333069958864,5708.155253559673,0.0,2253.2505845334294,10797.56687037037,4524.592141822589
2025-02-28,5,16271.261581267332,8869.012397934,2922.4704,0.0,6430.803989613796,4524.592141822589,9259.513966629856
2025-03-01,0,10341.254533333333,1710.6067249999999,1601.031858333334,0.0,3360.190779239166,9259.513966629856,9020.135732092822
2025-03-01,1,4137.484255324798,1800.7865816666667,7187.063576341869,0.0,1438.104987127867,9020.135732092822,2655.217459657415
2025-03-01,2,0.0,5820.095166666666,149.64098333333334,0.0,0.0,2655.217459657415,7727.035350398156
2025-03-01,3,0.0,3414.4051662242723,52.7670333333333,0.0,0.0,7727.035350398156,10741.369962962963
2025-03-01,4,3083.1935975833335,94.06906500000025,6090.931134083333,0.0,2244.610369038742,10741.369962962963,4058.3308613703675
2025-03-01,5,17761.285949573252,10537.594101931587,3026.020674650001,0.0,7519.171791025436,4058.3308613703675,10179.920359053242
2025-03-02,0,14921.539739683638,785.481812986113,78.16859166666677,0.0,6433.692269949415,10179.920359053242,10800.0
2025-03-02,1,15465.603677906267,1735.718268144743,2084.033309356275,0.0,11251.477408330134,10800.0,10046.55387537885
2025-03-02,2,5339.8953131944445,5108.654303333334,4661.220616666666,0.0,3565.861790422667,10046.55387537885,9465.208729860333
2025-03-02,3,6003.512826296294,2137.307295895924,2753.845238333334,0.0,4262.508336986091,9465.208729860333,8328.957253574074
2025-03-02,4,12831.160568126317,135.9338559828169,5705.185487856497,0.0,14925.182000500972,8328.957253574074,2112.2027374513896
2025-03-02,5,20278.162957697914,5802.712252499999,796.0184281354167,0.0,14285.080197960748,2112.2027374513896,6450.178844550926
2025-03-03,0,17860.020608333332,3744.1677499999996,120.00936666666632,0.0,8017.481541193333,6450.178844550926,9686.586078810185
2025-03-03,1,14134.635513404164,2793.140397322809,3943.2813115958347,0.0,8396.712397657178,9686.586078810185,7818.988756849784
2025-03-03,2,5451.343878351859,5056.280436666667,5429.829788314808,0.0,3679.027418685527,7818.988756849784,6336.496940611109
2025-03-03,3,8036.61945728166,6378.08957228166,1400.5870816666666,0.0,5731.137609140478,6336.496940611109,10520.56968714609
2025-03-03,4,12377.269630570372,73.65866803240567,6105.847187462032,0.0,13567.815311489523,10520.56968714609,3802.5878356396597
2025-03-03,5,18858.381871741665,5671.212381249999,2290.706726175,0.0,12025.446782906422,3802.5878356396597,6361.44928301466
2025-03-04,0,18584.615786382892,4485.731053049558,138.87558333333334,0.0,8068.494572082312,6361.44928301466,10244.301027055562
2025-03-04,1,13389.074057762593,1301.7527163959353,3067.3255586333407,0.0,8508.69987635241,10244.301027055562,8007.738962219305
2025-03-04,2,5969.3084821033135,5252.359045800682,4621.397800364033,0.0,4046.280914665032,8007.738962219305,7599.975658590993
2025-03-04,3,10215.14685745035,4088.2806879853174,443.9752316666662,0.0,7273.20919349492,7599.975658590993,10786.122464814815
2025-03-04,4,12685.295434216318,126.96423292180971,5489.164186791912,0.0,13572.539868259086,10786.122464814815,4801.318955786765
2025-03-04,5,16504.044441666665,3356.832391666667,2288.560266666667,0.0,10937.415398611667,4801.318955786765,5279.623367546024
2025-03-05,0,19511.23866169783,5544.535378364498,29.482666666666546,0.0,8216.241121248522,5279.623367546024,10236.946689555558
2025-03-05,1,14741.28271833333,1907.6368949382681,2531.3916633333342,0.0,9483.926779949998,10236.946689555558,9141.162491296294
2025-03-05,2,5965.880205033331,5741.084248366665,3752.7773166666666,0.0,3447.9593240438676,9141.162491296294,10138.385740752221
2025-03-05,3,8741.92834278333,1879.4067489584413,926.8666333333337,0.0,5592.601204183102,10138.385740752221,10800.0
2025-03-05,4,13761.250810216668,24.68624999999963,4455.65765606934,0.0,15045.766789501893,10800.0,5871.4868960340655
2025-03-05,5,18390.239662037035,6705.772728703703,3703.198683333333,0.0,10556.830771017778,5871.4868960340655,7792.017148163696
2025-03-06,0,17474.088821527675,3786.8188833333334,368.4565951389895,0.0,7523.39547395329,7792.017148163696,10790.757926342594
2025-03-06,1,14137.521332394645,2047.9851087962961,3322.0676500333343,0.0,8873.194015827048,10790.757926342594,8942.758246444442
2025-03-06,2,4377.497506399182,5516.657318065849,3681.629883333333,0.0,2532.1800312285127,8942.758246444442,9817.049962333336
2025-03-06,3,6859.7047426541085,2094.4026713580233,933.9073816666664,0.0,4511.485624511643,9817.049962333336,10664.33749803704
2025-03-06,4,13380.38681832698,209.93915693395195,4928.18518860697,0.0,14543.833887735014,10664.33749803704,5377.52141860319
2025-03-06,5,20328.661578074658,7934.239128074658,2974.19445,0.0,11570.5651585837,5377.52141860319,9213.676133870382
2025-03-07,0,10479.006804209557,2586.9928679012346,2241.0903470250096,0.0,3654.7325484176695,9213.676133870382,9051.86932939815
2025-03-07,1,3874.511165333332,301.3012799999997,5505.168198,0.0,1356.0485446905996,9051.86932939815,3206.1869280648143
2025-03-07,2,0.0,8437.570079927984,0.0,0.0,0.0,3206.1869280648143,10800.0
2025-03-07,3,0.0,0.0,60.9526166666667,0.0,0.0,10800.0,10732.274870370371
2025-03-07,4,3001.1553136310667,84.75757884773657,5709.013465216669,0.0,2173.8127025066456,10732.274870370371,4465.208396648143
2025-03-07,5,17154.963436043934,9353.378559624485,2546.061229413885,0.0,6836.298468243653,4465.208396648143,10054.292178739197
2025-03-08,0,10324.963232210834,1912.453919698829,1912.9363374879954,0.0,3436.835149767475,10054.292178739197,9650.015887037038
2025-03-08,1,2301.682766666667,54.47065833333335,6972.678274999999,0.0,828.4529575700001,9650.015887037038,1951.6191739814824
2025-03-08,2,0.0,9115.993016666667,9.574583333333294,0.0,0.0,1951.6191739814824,10145.374463055556
2025-03-08,3,0.0,727.3617077160498,0.0,0.0,0.0,10145.374463055556,10800.0
2025-03-08,4,3058.3405587999987,157.16578376543168,5729.963443116666,0.0,2157.6135420517808,10800.0,4574.82315748148
2025-03-08,5,17228.492583333333,9806.201658333332,2845.533283333333,0.0,6705.170267900833,4574.82315748148,10238.701001833331
2025-03-09,0,14245.830386851852,806.0796898353966,697.0634750000007,0.0,6267.311915268481,10238.701001833331,10189.65775046296
2025-03-09,1,13095.892272592591,2424.459840041152,4363.766976666666,0.0,7587.412440377666,10189.65775046296,7523.041632425924
2025-03-09,2,4569.666216666666,5150.180746666666,3801.2891666666674,0.0,2591.427784327166,7523.041632425924,7934.5496747962925
2025-03-09,3,6411.6233388291,3806.2234066049423,504.13566666666634,0.0,3794.8660877596612,7934.5496747962925,10800.0
2025-03-09,4,12768.187279522499,81.14096730452621,5199.583859489847,0.0,13611.580563364012,10800.0,5095.711471140909
2025-03-09,5,18786.5918,5783.094075,2257.389291666667,0.0,11557.412352853333,5095.711471140909,7792.285814566837
2025-03-10,0,15299.768575039847,2613.047908333333,1474.2051999601522,0.0,6591.4057655505385,7792.285814566837,8506.023154333334
2025-03-10,1,13559.06161441667,2518.74105,3613.321002249996,0.0,8070.850167102495,8506.023154333334,6758.088985722227
2025-03-10,2,4763.758018880046,5000.209098333332,4487.95095,0.0,3038.2375686418904,6758.088985722227,6271.665007555558
2025-03-10,3,6077.241500658435,4865.755368991768,640.3082849999996,0.0,4292.263766627976,6271.665007555558,9939.391189648146
2025-03-10,4,12833.183149390496,80.61814333333302,5025.188827276171,0.0,13950.42348166956,9939.391189648146,4428.40437723018
2025-03-10,5,18260.278466666667,5798.438833333334,2906.285583333333,0.0,10976.280544055,4428.40437723018,6417.793123526478
2025-03-11,0,17991.739554303913,4890.950755803915,914.798193166668,0.0,7954.979700909651,6417.793123526478,9803.206366898152
2025-03-11,1,12537.208054416666,1721.9043849999998,3760.1945472499997,0.0,7502.910930351525,9803.206366898152,7174.926372009265
2025-03-11,2,4655.687340925926,5247.199070925927,3044.929716666667,0.0,2746.7936571177966,7174.926372009265,8514.15029510186
2025-03-11,3,7761.0543616666655,3311.8522280143925,662.8785466666667,0.0,4787.142353251166,8514.15029510186,10758.285581796295
2025-03-11,4,13326.1347515,61.02009833333295,4610.926813499999,0.0,14697.304019174771,10758.285581796295,5689.951655296294
2025-03-11,5,20495.191050946505,7529.670375946505,2223.969316666666,0.0,12309.79417851524,5689.951655296294,9995.577975129629
2025-03-12,0,15029.938247101596,1744.852827091399,902.3795792358503,0.0,6489.693216715072,9995.577975129629,10563.301542583164
2025-03-12,1,11680.973978933329,1145.0289550000002,4031.623004400003,0.0,6823.00244105556,10563.301542583164,7114.246486083161
2025-03-12,2,4796.698716666666,5882.889383333333,2948.42215,0.0,2521.8942263619992,7114.246486083161,9132.822319972049
2025-03-12,3,7114.554628045276,2348.1596650516344,401.54941666666673,0.0,4448.280298575685,9132.822319972049,10800.0
2025-03-12,4,12428.678273649992,30.96112572016432,5518.676185403505,0.0,13588.622937431961,10800.0,4696.002584922033
2025-03-12,5,18116.028966666665,5630.235041666666,2999.866475,0.0,10920.187322004165,4696.002584922033,6430.029150199811
2025-03-13,0,18752.014419942596,4719.364353275929,22.529116666666596,0.0,8174.367072845762,6430.029150199811,10652.424716296298
2025-03-13,1,12844.540318300178,1993.8717936394016,3719.6840498659735,0.0,8626.624765860373,10652.424716296298,8313.927052942901
2025-03-13,2,5662.976285972222,4986.618784791666,3968.063318194444,0.0,4506.45214244624,8313.927052942901,8392.92471681713
2025-03-13,3,5837.4518155094665,3186.3125591572407,414.54541805277586,0.0,4096.720617429454,8392.92471681713,10800.0
2025-03-13,4,12227.859591597222,55.36760476680451,6107.998394861112,0.0,13349.781934290413,10800.0,4063.165961111112
2025-03-13,5,17662.20311230988,4859.387558333333,2623.428996023455,0.0,10989.037258073617,4063.165961111112,5521.693656918384
2025-03-14,0,10797.919014010437,1896.063575,1209.1760548848792,0.0,3456.2388653770918,5521.693656918384,5884.621924546294
2025-03-14,1,5089.057031666667,987.0883233333337,4666.117433333333,0.0,1864.308430798,5884.621924546294,1588.4264896203683
2025-03-14,2,0.0,10235.08167819959,0.0,0.0,0.0,1588.4264896203683,10800.0
2025-03-14,3,0.0,0.0,28.89716666666675,0.0,0.0,10800.0,10767.892037037036
2025-03-14,4,2683.54723805,58.12404499999957,5756.073340283332,0.0,1927.3354592472033,10767.892037037036,4424.566632777776
2025-03-14,5,17295.04571594753,9686.359599266973,2612.664987277776,0.0,7003.008181167437,4424.566632777776,10239.329175142746
2025-03-15,0,10431.53865847901,1989.1661641418036,2116.733422488066,0.0,3618.206160054164,10239.329175142746,9677.65269788363
2025-03-15,1,1145.0033340408424,53.271618333333265,7673.037438945267,89.14742868055619,793.4676271640581,9677.65269788363,1200.0
2025-03-15,2,0.0,7384.7595,0.0,0.0,0.0,1200.0,7846.283549999999
2025-03-15,3,0.0,3281.9071666666687,0.0,0.0,0.0,7846.283549999999,10800.0
2025-03-15,4,3173.7558376486104,0.5107613168729586,5479.702333333333,0.0,2377.4680239688914,10800.0,4711.901537037037
2025-03-15,5,17147.113965882836,9650.742266666666,3137.4366591171643,0.0,6672.434537898636,4711.901537037037,9911.528844684632
2025-03-16,0,13767.662454655963,899.831660072632,1342.966455416668,0.0,6006.75750230796,9911.528844684632,9229.19238828704
2025-03-16,1,11528.41412499375,2470.5455372222223,5533.93007889514,1.6399999999999864,6844.971097221154,9229.19238828704,5303.872173014662
2025-03-16,2,4498.456098263889,5474.62535,2856.6065,0.0,2133.9633056128855,5303.872173014662,7057.027765792439
2025-03-16,3,7051.971742357682,4832.087298810868,545.31570125,0.0,4879.030915726445,7057.027765792439,10800.0
2025-03-16,4,12164.987633568258,0.0,6003.098328515075,0.0,13259.683892068917,10800.0,4129.890746094363
2025-03-16,5,19485.96250107407,6431.472674999999,2217.2370905925927,0.0,12050.459907001114,4129.890746094363,7454.619386269259
2025-03-17,0,16798.60527736543,2837.513135698762,96.05104166666672,0.0,7083.578447977349,7454.619386269259,9901.657828768519
2025-03-17,1,11119.68307706667,1782.0736633333338,4546.467786266663,0.0,6234.719848815496,9901.657828768519,6453.893252138895
2025-03-17,2,3966.2762092386793,5522.690042572013,2118.650066666666,0.0,1841.1211990662737,6453.893252138895,9070.258660824078
2025-03-17,3,6275.489318960912,1970.0599036111068,54.445206388889005,0.0,3537.373967849539,9070.258660824078,10782.817900308642
2025-03-17,4,12010.776085833333,19.127774005486977,5806.500512222221,0.0,12964.859364153945,10782.817900308642,4348.365661111114
2025-03-17,5,16754.59548025,3844.7269166666665,2372.266586416667,0.0,10940.557931693,4348.365661111114,5172.768123425928
2025-03-18,0,18316.321021790118,5112.696613456786,679.6985583333332,0.0,8040.676442481509,5172.768123425928,9018.974455166664
2025-03-18,1,11413.6130397,1700.8730766666667,4367.892753633332,0.0,6213.784923146375,9018.974455166664,5696.546053462962
2025-03-18,2,4212.908084943401,5517.910633333334,3843.193583333333,0.0,2229.1598407314955,5696.546053462962,6392.45053087037
2025-03-18,3,5966.275375987653,5231.573504794238,270.7800166666668,0.0,3516.429532079876,6392.45053087037,10800.0
2025-03-18,4,11642.490843333333,52.78865843621252,5946.587963333333,0.0,12355.382313152182,10800.0,4240.189833333335
2025-03-18,5,20998.679580416665,8248.088525,2424.4574945833324,0.0,12643.678899437125,4240.189833333335,8969.627845185187
2025-03-19,0,15327.192433333332,2687.5331333333334,1400.7949000000003,0.0,6505.019892715833,8969.627845185187,9831.968887407409
2025-03-19,1,10242.846640655245,1132.3209229552467,4845.7519323,0.0,5398.088062653892,9831.968887407409,5466.888904400463
2025-03-19,2,3287.518380226341,5254.571655226341,3558.203733333333,0.0,1785.241635362504,5466.888904400463,6242.443690400468
2025-03-19,3,5863.38758249314,5434.097607373963,299.8183833333335,0.0,3391.0648725841,6242.443690400468,10800.0
2025-03-19,4,10707.596169013192,0.0,6596.256910366668,0.0,11010.854099004166,10800.0,3470.825655148145
2025-03-19,5,17192.787075,3562.7532916666664,1593.1233500000003,0.0,11591.061610505833,3470.825655148145,4907.166562092589
2025-03-20,0,18797.227601430044,4878.122246868624,209.232778771914,0.0,8441.95636561419,4907.166562092589,9064.995718972224
2025-03-20,1,11072.200050866666,2526.238633333333,5327.502632466667,0.0,5585.34751728014,9064.995718972224,5419.16311956482
2025-03-20,2,1492.8715180762547,2883.703551409588,3265.5568,0.0,806.7546761305061,5419.16311956482,4386.099871389004
2025-03-20,3,6986.310088648709,7312.634849551487,254.72278333333304,0.0,5093.263007579612,4386.099871389004,10684.445921170529
2025-03-20,4,11131.854312567903,150.89902020146943,7012.388241747939,0.0,11869.806327553617,10684.445921170529,3028.712548520808
2025-03-20,5,19490.796117875718,5845.022348299896,1664.2167554241769,0.0,12568.574202790047,3028.712548520808,6440.102933741629
2025-03-21,0,10841.8153805492,3215.8246166666668,2735.7767194508,0.0,3678.8374457773207,6440.102933741629,6294.5931782407415
2025-03-21,1,4339.532472236109,1704.6475779861107,5757.2997224166675,0.0,1863.8680737426337,6294.5931782407415,1431.7763068541656
2025-03-21,2,0.0,10409.137436828703,0.0,0.0,0.0,1431.7763068541656,10800.0
2025-03-21,3,0.0,0.0,0.0,0.0,0.0,10800.0,10800.0
2025-03-21,4,2906.0890705232478,0.0,5453.8808,0.0,2258.5281296237063,10800.0,4740.132444444445
2025-03-21,5,17205.311016666667,9742.185483333333,2907.988466666666,0.0,6437.726242056667,4740.132444444445,10277.001083148149
2025-03-22,0,7907.690360580139,1019.9608139218115,3189.441186675005,0.0,2607.3742914099707,10277.001083148149,7651.1422749277735
2025-03-22,1,2884.8128677650043,129.4156290277777,5572.682244596106,0.0,1180.2844756396812,7651.1422749277735,1575.7471803904325
2025-03-22,2,0.0,10012.848316666667,0.0,0.0,0.0,1575.7471803904325,10587.31066539043
2025-03-22,3,0.0,236.32148289952156,0.0,0.0,0.0,10587.31066539043,10800.0
2025-03-22,4,2890.6301653701307,0.0,5353.069883333334,0.0,2180.354618836423,10800.0,4852.144574074073
2025-03-22,5,17416.705313950006,9822.277775,2720.5033943833278,0.0,7001.068055152347,4852.144574074073,10669.413022259263
2025-03-23,0,13768.882301716663,107.81157499999983,464.9044066166696,0.0,5933.337573314925,10669.413022259263,10249.882987962967
2025-03-23,1,11117.35513372985,1975.9985868750005,4934.7549206451495,0.0,7285.521640480382,10249.882987962967,6545.220693211415
2025-03-23,2,4686.562066180555,5484.372334097222,2950.8484,0.0,2905.8860445402124,6545.220693211415,8202.43534945447
2025-03-23,3,4659.7062545679,2890.983644639067,3.8885666666667476,0.0,2698.1504013720114,8202.43534945447,10800.0
2025-03-23,4,10996.58656922222,36.20931847222198,6251.195149250001,0.0,11468.54650659133,10800.0,3886.8159985694406
2025-03-23,5,18248.048069319444,5174.530180833333,2202.370661513887,0.0,11625.621978503557,3886.8159985694406,6096.814648526233
2025-03-24,0,17480.810285701304,3735.1207190346395,162.0464583333336,0.0,7506.413527459065,6096.814648526233,9278.371675287037
2025-03-24,1,11130.833975,1804.2365966666666,4571.877454999999,0.0,5845.129925474834,9278.371675287037,5822.320773398146
2025-03-24,2,3089.3378629765402,5755.364881309873,2962.430333333333,0.0,1513.9364883305605,5822.320773398146,7710.559907317774
2025-03-24,3,5747.133808546608,3820.3102881654377,313.9552500000001,0.0,3674.437027570929,7710.559907317774,10800.0
2025-03-24,4,11332.089926867488,0.0,6086.011171326956,0.0,12103.91209371902,10800.0,4037.7653651922733
2025-03-24,5,18913.452165326955,5772.709573660288,2167.0058749999994,0.0,11852.656548719007,4037.7653651922733,6825.419675930977
2025-03-25,0,16454.50604615695,3332.5474461569474,947.288983333333,0.0,7051.395415805064,6825.419675930977,8772.169062657418
2025-03-25,1,11182.969909824993,1776.8660304861114,4575.764170661118,0.0,6209.168294785919,8772.169062657418,5287.16607824923
2025-03-25,2,3315.3615760416656,4139.897944999999,3415.601068958333,0.0,1685.243453023229,5287.16607824923,5217.961929906636
2025-03-25,3,4718.547297598592,6386.921538786865,149.57218333333321,0.0,2820.830063367036,5217.961929906636,10800.0
2025-03-25,4,10937.009497708334,61.863844135801095,6587.112412083333,0.0,11641.617917266169,10800.0,3536.6636685185185
2025-03-25,5,18742.731455849997,5477.775216666667,2163.6511108166683,0.0,12084.536809336163,3536.6636685185185,6062.604573722221
2025-03-26,0,18367.529519753083,5072.856528086419,665.101575,0.0,7789.955635325123,6062.604573722221,9889.173698999999
2025-03-26,1,9768.586328408022,1806.569444552475,5886.748482811118,0.0,5097.863913404898,9889.173698999999,4974.254551529322
2025-03-26,2,2833.395853263891,6485.674594722224,2750.8510833333326,0.0,1513.5577581640118,4974.254551529322,7754.860483075623
2025-03-26,3,4115.317597263376,3383.488352138195,0.0,0.0,2278.1920967957617,7754.860483075623,10800.0
2025-03-26,4,11105.594892297315,0.0,6118.590733916666,0.0,11874.833808436862,10800.0,4001.5658512037035
2025-03-26,5,19612.103957249998,6572.2181083333335,2302.80939275,0.0,12166.396620878208,4001.5658512037035,7357.885045648149
2025-03-27,0,15472.867686733325,1989.852033333333,642.1582466000067,0.0,6694.789139989637,7357.885045648149,8435.242712759255
2025-03-27,1,11387.595458499998,2713.566418333334,4960.696148166668,0.0,5657.876882298866,8435.242712759255,5365.567880185183
2025-03-27,2,2971.825228682279,4952.209677015613,2855.810016666667,0.0,1553.9218902654034,5365.567880185183,6649.434348758492
2025-03-27,3,4573.759472590023,4675.113810021429,51.333099999999945,0.0,2428.7742833507823,6649.434348758492,10800.0
2025-03-27,4,11535.155692163891,26.551260116599085,5930.395098461107,0.0,12261.266111267498,10800.0,4234.568246925932
2025-03-27,5,19681.210366666666,6518.844758333334,2308.3110083333336,0.0,12213.683611444167,4234.568246925932,7536.738520166673
2025-03-28,0,9107.903142894731,1739.0948500000002,2950.2525404386015,0.0,3213.479338641805,7536.738520166673,5823.865506901564
2025-03-28,1,4304.8946053530635,933.1864604166668,4841.794321730269,0.0,1559.3193155612016,5823.865506901564,1283.9618526873758
2025-03-28,2,0.0,10573.375719236248,0.0,0.0,0.0,1283.9618526873758,10800.0
2025-03-28,3,0.0,0.0,0.0,0.0,0.0,10800.0,10800.0
2025-03-28,4,2009.4967020438162,58.20953335924991,5478.157078578808,0.0,1402.6264767308292,10800.0,4765.547381602426
2025-03-28,5,16543.139438137223,9197.522038137222,2913.016958333333,0.0,6338.421621588714,4765.547381602426,9806.631706666667
2025-03-29,0,8692.000472298145,1667.4338148148126,3251.186542516667,0.0,2994.935819731346,9806.631706666667,7694.892648314813
2025-03-29,1,2265.847273375,76.05502625000014,5666.098269541666,0.0,853.5589079038832,7694.892648314813,1467.67742800463
2025-03-29,2,0.0,10369.247302217076,0.0,0.0,0.0,1467.67742800463,10800.0
2025-03-29,3,0.0,0.0,0.0,0.0,0.0,10800.0,10800.0
2025-03-29,4,2757.0054857638893,16.741627829217197,5347.785051874999,0.0,2164.30217340824,10800.0,4873.084074074078
2025-03-29,5,16869.608721625515,9345.489354958849,2876.751091666667,0.0,6366.203113516446,4873.084074074078,10087.634391685191
2025-03-30,0,13964.723789583331,1058.2303430864126,1245.3619770833348,0.0,5955.784699173924,10087.634391685191,9656.306170370368
2025-03-30,1,9671.244579678254,1668.701845978254,5459.129516299999,0.0,4868.012679700435,9656.306170370368,5092.438369195242
2025-03-30,2,2039.2712423962307,4745.110237396232,2542.847183333333,0.0,945.2316744233942,5092.438369195242,6537.651823592592
2025-03-30,3,4393.240810532923,5027.150300430042,292.5709849999996,0.0,2211.9815768777144,6537.651823592592,10737.008221757409
2025-03-30,4,10433.101310393029,126.51103086625315,6517.370654583333,0.0,10944.938507009909,10737.008221757409,3609.3452000000007
2025-03-30,5,19973.861612176956,6707.053732510288,1935.9760869999982,0.0,12138.67020337999,3609.3452000000007,7494.609018148151
2025-03-31,0,16456.428870833326,3306.7114333333334,877.56774583334,0.0,6968.779558908746,7494.609018148151,9495.574034999998
2025-03-31,1,8870.528489900002,1010.5851433333337,5214.661303433331,0.0,4234.033844393074,9495.574034999998,4611.032549074074
2025-03-31,2,3252.855308356485,6219.8970445370405,1697.641649999999,0.0,1922.6609273295303,4611.032549074074,8322.671389157413
2025-03-31,3,3989.7706276251656,3239.521223283596,469.6965086111111,0.0,2684.7278745111275,8322.671389157413,10716.355480544751
2025-03-31,4,11349.878578194443,183.13370314643313,5735.8170551388885,0.0,12040.230619804086,10716.355480544751,4508.045752111112
2025-03-31,5,17448.295274716667,4932.788949999999,2648.6413252833318,0.0,10810.888142331392,4508.045752111112,6004.621001240744
2025-04-01,0,16510.462099999997,2588.616975,398.12289166666653,0.0,7263.962305915,6004.621001240744,7892.017510222227
2025-04-01,1,14630.796039305947,4680.403863208731,3351.574671541672,0.0,9841.978497739054,7892.017510222227,8380.409129841564
2025-04-01,2,4943.309739861112,5202.549259023779,2036.4331166666666,0.0,4105.005953922043,8380.409129841564,10800.0
2025-04-01,3,3402.9864478680797,280.34190226337324,227.07694083333342,0.0,2220.347618905112,10800.0,10800.0
2025-04-01,4,10328.582809861111,9.159554441014027,6682.325399513888,0.0,10875.873466732197,10800.0,3383.4375995370365
2025-04-01,5,16178.93905568333,2879.2241994999995,1987.4972438166687,0.0,10929.244068219465,3383.4375995370365,3766.409108179626
2025-04-02,0,19931.078486528808,5998.120019862143,183.91474166666637,0.0,8838.495322033466,3766.409108179626,8960.36741309259
2025-04-02,1,14826.400215694444,2750.772098055556,1848.2311716666668,0.0,11216.047392298511,8960.36741309259,9382.472110601851
2025-04-02,2,6773.288852166667,5803.02823101852,3424.6777666666662,0.0,6609.476087650313,9382.472110601851,10800.0
2025-04-02,3,2037.1879103909462,0.0,0.0,0.0,1282.916552643257,10800.0,10800.0
2025-04-02,4,11202.625515311109,0.0,5658.845008195472,0.0,11392.486339197794,10800.0,4512.394435338365
2025-04-02,5,19461.541826028806,7166.613551028807,3009.6308834711945,57.565233195471365,11675.681886037917,4512.394435338365,7618.3123162962975
2025-04-03,0,17306.653298999998,3707.6970499999998,585.9253010000004,0.0,7528.5519417941,7618.3123162962975,10304.211549074076
2025-04-03,1,9475.548278541668,816.1378666512321,5320.508784652777,0.0,5075.094198080023,10304.211549074076,5127.05920166821
2025-04-03,2,3648.248154341567,5701.0842876749,2811.688983333333,0.0,1698.363858741557,5127.05920166821,7133.936190205251
2025-04-03,3,5432.316666787757,4188.052134339844,92.86480000000017,0.0,2801.3751533563213,7133.936190205251,10800.0
2025-04-03,4,11948.799208849998,107.28623104938148,4829.694978233334,0.0,12831.338945454756,10800.0,5530.229854351851
2025-04-03,5,17475.37145298969,5727.240893864854,3639.8461575418305,0.0,10264.646435506722,5530.229854351851,6640.473150450408
2025-04-04,0,10445.230783333333,2037.7340166666663,1802.690383333333,0.0,3463.4402375275,6640.473150450408,6471.444450635591
2025-04-04,1,3917.7375362613,1037.3002683333332,4890.3451987387,0.0,1305.6197600541625,6471.444450635591,1971.2978046481485
2025-04-04,2,0.0,9809.669105946497,0.0,0.0,0.0,1971.2978046481485,10800.0
2025-04-04,3,0.0,0.0,0.0,0.0,0.0,10800.0,10800.0
2025-04-04,4,1721.857333329835,19.96800444444432,5297.586673748355,0.0,1233.7078796865803,10800.0,4931.76378872405
2025-04-04,5,16839.341235020576,9388.841532446528,2850.4440166666664,0.0,6391.857731764757,4931.76378872405,10214.561149407406
2025-04-05,0,6617.171831666664,754.4839451028827,4654.939324650003,0.0,2222.4753147454426,10214.561149407406,5721.441894833334
2025-04-05,1,4067.093715,1124.505533333333,4423.430768333333,0.0,1360.2961583306667,5721.441894833334,1818.5737989074098
2025-04-05,2,0.0,9979.362445658431,0.0,0.0,0.0,1818.5737989074098,10800.0
2025-04-05,3,0.0,0.0,0.0,0.0,0.0,10800.0,10800.0
2025-04-05,4,1723.7970122000002,82.64584493827108,5649.6172778,0.0,1179.4685084879866,10800.0,4597.028729555555
2025-04-05,5,17299.805171133332,9851.1822,3013.2007705333326,0.0,6832.978857108653,4597.028729555555,10115.091853407408
2025-04-06,0,14214.346723831275,820.2652532098753,586.0418938333324,0.0,6246.762689487315,10115.091853407408,10202.172921481484
2025-04-06,1,9105.383202833333,804.7814449999998,5081.456925500001,0.0,4923.826359284816,10202.172921481484,5280.412971425926
2025-04-06,2,2210.5172575925894,4969.19369759259,2241.5239499999993,0.0,1147.1149162385911,5280.412971425926,7262.105132592591
2025-04-06,3,5723.2568807597745,4033.7509044581625,83.23285194444475,0.0,3092.0487878646245,7262.105132592591,10800.0
2025-04-06,4,10379.08586375,67.94174789568007,5983.7654506924955,0.0,10552.332424449316,10800.0,4212.519294558897
2025-04-06,5,20566.663191666667,7554.782966666667,2277.567825,0.0,12604.684664814167,4212.519294558897,8481.19304789223
2025-04-07,0,15332.331994271994,1835.2562833333332,527.0115390613389,0.0,6442.851397092051,8481.19304789223,9547.35532615741
2025-04-07,1,8613.150001333328,814.4419696666622,5123.476751666667,0.0,4272.49358449493,9547.35532615741,4587.601152561111
2025-04-07,2,2652.0367517530904,6877.683705086423,1803.4435833333337,0.0,1234.7143985487353,4587.601152561111,8773.69028343519
2025-04-07,3,3227.02598,2398.470405236619,119.0822833333333,0.0,1981.6000343509997,8773.69028343519,10800.0
2025-04-07,4,11488.060888333332,4.23972901234428,4676.451186666667,0.0,12009.562819944666,10800.0,5607.758882037037
2025-04-07,5,17470.769191666666,5810.233833333333,3640.9152750000003,0.0,10076.459853664164,5607.758882037037,6791.50791537037
2025-04-08,0,17957.259561664927,4436.111212096093,484.3955504311663,0.0,7605.246589619184,6791.50791537037,10245.790728000005
2025-04-08,1,8632.744858685413,773.9119791357967,5801.096122981251,0.0,4692.05141729838,10245.790728000005,4496.649150354165
2025-04-08,2,1633.100110833334,4723.379166666667,2561.41785,0.0,952.4408520641102,4496.649150354165,5901.670567020832
2025-04-08,3,2513.70648553498,5443.104863804014,0.4184499999998934,0.0,1487.0834003775103,5901.670567020832,10800.0
2025-04-08,4,10457.410138855557,48.79704465020638,6228.768554027777,0.0,11086.033531957797,10800.0,3923.0633912654303
2025-04-08,5,19435.849692605556,6421.1750625,2475.99508656111,0.0,11783.28466869284,3923.0633912654303,6951.015295780864
2025-04-09,0,17600.157212938957,3674.0109296056253,252.8312166666666,0.0,7523.394516225042,6951.015295780864,9976.701558351853
2025-04-09,1,9774.48225574583,1039.971291319444,4612.1556855736135,0.0,5322.780730555084,9976.701558351853,5788.05829212423
2025-04-09,2,4119.469807222223,5588.346910416667,2421.6049999999996,0.0,3288.606936360075,5788.05829212423,8126.898289277007
2025-04-09,3,4108.008406613828,3247.928567469995,385.8589554691815,0.0,2447.5755595208348,8126.898289277007,10621.301827256466
2025-04-09,4,11587.089636350003,270.66031127882195,4808.265443403083,0.0,12229.625500557766,10621.301827256466,5522.378948070651
2025-04-09,5,18199.21433806584,6446.619749999999,3741.2533952674894,0.0,10325.276246031377,5522.378948070651,7167.388506106775
2025-04-10,0,18696.66178101305,4936.228285395763,764.7463966666668,0.0,8013.622579701919,7167.388506106775,10760.275744444445
2025-04-10,1,7808.565270555554,1556.2056851851862,7023.299490000001,0.0,3467.346127928499,10760.275744444445,4357.19476111111
2025-04-10,2,4059.368190223762,5790.376316666667,2442.25695,0.0,2007.6132005388365,4357.19476111111,6854.914612777777
2025-04-10,3,5280.212494166666,4466.033598971195,66.9103666666665,0.0,2579.4759368102496,6854.914612777777,10800.0
2025-04-10,4,10835.141799874833,19.969488333333175,5800.301021791833,0.0,11444.003556958602,10800.0,4373.193626397966
2025-04-10,5,15905.184448176416,3564.5592728583333,2879.731571773419,78.05825290849725,10514.631187898753,4373.193626397966,4381.595225555556
2025-04-11,0,12024.236383333333,1999.1856500000006,131.88275000000039,0.0,4106.98270628,4381.595225555556,6034.325921666667
2025-04-11,1,3918.239292901235,492.1816595679016,3891.381516666667,0.0,1432.7693692356113,6034.325921666667,2153.5321745370393
2025-04-11,2,0.0,9607.186472736625,0.0,0.0,0.0,2153.5321745370393,10800.0
2025-04-11,3,0.0,0.0,0.0,0.0,0.0,10800.0,10800.0
2025-04-11,4,1202.5657347736526,66.44344833333486,5847.563330226349,0.0,755.7046043983328,10800.0,4362.506514359613
2025-04-11,5,16993.709632419348,9422.401285226331,2658.6373194736484,0.0,6599.4398056220825,4362.506514359613,9888.626204981478
2025-04-12,0,7293.718135055253,1046.7515183885864,3971.2201333333333,0.0,2221.1010217726775,9888.626204981478,6418.235756716391
2025-04-12,1,3193.9337066666667,477.9232699999999,3779.619963333333,0.0,1077.2528074596667,6418.235756716391,2648.7889626793526
2025-04-12,2,0.0,9056.901152578499,0.0,0.0,0.0,2648.7889626793526,10800.0
2025-04-12,3,0.0,0.0,0.0,0.0,0.0,10800.0,10800.0
2025-04-12,4,1474.243515000002,130.7925316666665,5502.652733333331,0.0,1004.3720972903955,10800.0,4803.65468590741
2025-04-12,5,17400.371616666664,9850.030908333332,2821.616625,0.0,6931.960788256666,4803.65468590741,10533.552920074075
2025-04-13,0,14198.578719252779,1084.6151827777817,897.2717968583355,0.0,6351.823249146477,10533.552920074075,10512.737921398146
2025-04-13,1,7249.243532083333,242.57224707818648,5883.751848328186,0.0,3407.3718894497674,10512.737921398146,4193.55089007053
2025-04-13,2,1661.5237766666662,4082.6362833333333,2133.3918166666663,0.0,868.7705690544997,4193.55089007053,5497.488193218678
2025-04-13,3,3931.803644604731,5891.679785312579,0.0,0.0,2180.305139015963,5497.488193218678,10800.0
2025-04-13,4,11507.422750130298,58.48065326388894,4801.9873992652765,0.0,12358.640078707398,10800.0,5517.091033198305
2025-04-13,5,17579.553946546494,5933.828775,3685.9959951201704,0.0,9913.932901260472,5517.091033198305,6761.985825009228
2025-04-14,0,18434.522341656415,4493.287407478344,295.72962499999994,0.0,7950.229737933647,6761.985825009228,10477.356019517518
2025-04-14,1,6814.756933817564,74.07901166666693,6303.013994515769,0.0,3200.482691051057,10477.356019517518,3540.678247222221
2025-04-14,2,1723.7672558241593,4620.5676558241585,1877.925683333333,0.0,820.746789233992,3540.678247222221,5612.605044871372
2025-04-14,3,3332.261823045266,5763.772172365144,0.0,0.0,1870.7650649441966,5612.605044871372,10800.0
2025-04-14,4,11206.81724482716,4.204511666666576,4574.912751666667,0.0,11624.05825464837,10800.0,5720.547669759258
2025-04-14,5,15716.643030505973,4279.231941666666,3822.387994494026,0.0,9276.504023473077,5720.547669759258,5324.758645599228
2025-04-15,0,20317.956346556413,6138.835332050243,44.739400000000046,0.0,8732.692186133701,5324.758645599228,10800.0
2025-04-15,1,6660.573038333333,99.94626954732499,6078.2502116666665,0.0,2872.402637717333,10800.0,4136.340296296297
2025-04-15,2,650.8528388477347,5893.6457255144005,1229.7195833333335,0.0,235.3880014347317,4136.340296296297,8074.266356666666
2025-04-15,3,3300.15530002325,3077.97771069959,139.52660831008313,0.0,1674.2150177401206,8074.266356666666,10689.416731507315
2025-04-15,4,11325.431182026747,179.37748762561878,4843.944142067904,0.0,11965.419654680964,10689.416731507315,5468.696312517143
2025-04-15,5,19780.043628806583,8213.207516666665,3667.4487211934156,0.0,10638.349438071626,5468.696312517143,8785.640053968904
2025-04-16,0,15394.92566238632,2859.4143333333336,1621.1097292803465,0.0,6706.121257560826,8785.640053968904,9557.879921435186
2025-04-16,1,9471.552991111112,1474.6425235082306,5360.089828888888,0.0,4474.039371055667,9557.879921435186,4929.402827160491
2025-04-16,2,1502.8979329801107,3191.259267563445,1941.9388333333332,0.0,1092.9007669761277,4929.402827160491,5643.826353152776
2025-04-16,3,4784.298797326449,5870.312372156698,148.08177333333276,0.0,2816.0750785273144,5643.826353152776,10762.572184390103
2025-04-16,4,11174.253093368414,88.65007113160519,4657.205703784363,0.0,11706.873443576033,10762.572184390103,5667.6842442037005
2025-04-16,5,15908.241595342512,4128.208733333333,3622.8809879908213,0.0,9395.160300406023,5667.6842442037005,5357.648784213899
2025-04-17,0,19248.647025,5182.0001999999995,161.97508333333337,0.0,8319.252764784165,5357.648784213899,9841.476649399081
2025-04-17,1,9230.72439124567,1828.9347720257153,5610.765099349998,0.0,4318.500539745555,9841.476649399081,5253.334500500003
2025-04-17,2,2200.3309084342227,4921.036591767557,1826.8180166666664,0.0,1011.4018850844624,5253.334500500003,7652.469636794507
2025-04-17,3,4179.138468688271,3591.5113294875823,76.3468499999999,0.0,1991.3591286821904,7652.469636794507,10800.0
2025-04-17,4,9782.052718334024,16.795621666667216,6222.583044999308,0.0,9948.654497405782,10800.0,3901.134898389659
2025-04-17,5,19568.55033833333,6727.140299999999,2341.7469366666674,0.0,11980.212142258999,3901.134898389659,7353.620127648918
2025-04-18,0,9535.770463574308,2506.2503250000004,3387.5696114256907,0.0,3150.2902637283546,7353.620127648918,5845.279185231483
2025-04-18,1,3474.7653966666667,1169.1595699999996,4427.218339999999,0.0,1221.7100279745,5845.279185231483,1978.3913093425952
2025-04-18,2,0.0,9801.787434063783,0.0,0.0,0.0,1978.3913093425952,10800.0
2025-04-18,3,0.0,0.0,0.0,0.0,0.0,10800.0,10800.0
2025-04-18,4,925.1458149382702,62.405185185186845,5611.463033333333,0.0,583.7670141868755,10800.0,4621.205740740742
2025-04-18,5,16980.490168326134,9772.503543064404,2870.717241404937,0.0,6350.899156784892,4621.205740740742,10226.773105715441
2025-04-19,0,7045.6577916666665,1525.867921427287,4897.493625,0.0,2421.757606333333,10226.773105715441,6158.394651666669
2025-04-19,1,2685.3800084694417,84.0512683333335,4241.541626530558,0.0,1053.9858986202496,6158.394651666669,1521.216763688272
2025-04-19,2,0.0,10309.759151457476,0.0,0.0,0.0,1521.216763688272,10800.0
2025-04-19,3,0.0,0.0,0.0,0.0,0.0,10800.0,10800.0
2025-04-19,4,1086.0616225173621,86.37098932098824,5505.055852916668,0.0,717.2888504931942,10800.0,4761.005164925922
2025-04-19,5,16556.167815083332,9031.495090083334,2728.238308333333,0.0,6331.85135127756,4761.005164925922,9857.974847852773
2025-04-20,0,14007.729925081285,1433.162428414619,1411.20222,0.0,6011.246637130367,9857.974847852773,9579.818566759264
2025-04-20,1,7783.7304867805515,777.9433200000002,5577.792299886114,0.0,3631.4350256724338,9579.818566759264,4082.420554885806
2025-04-20,2,283.1704829835568,4211.574332983557,2412.1339000000007,0.0,129.1257402405019,4082.420554885806,5192.688676793228
2025-04-20,3,3925.434747983539,6232.822766526042,2.006249999999909,0.0,2165.875189898488,5192.688676793228,10800.0
2025-04-20,4,10131.624505109725,9.417500000000018,6043.32741093194,0.0,10518.27962125537,10800.0,4093.6675156311744
2025-04-20,5,18697.733675,5810.9518,2187.3259250000006,0.0,11710.284951504165,4093.6675156311744,6893.161996742283
2025-04-21,0,17650.68336155936,4312.578349892696,888.1933549999998,0.0,7619.799356202516,6893.161996742283,9787.601006090155
2025-04-21,1,7821.967858893863,855.2872842105329,5375.422525316669,0.0,3551.5656189851447,9787.601006090155,4584.667867083335
2025-04-21,2,552.9139666666665,4034.29565,1480.4156999999996,0.0,254.6721730466666,4584.667867083335,6570.627618750003
2025-04-21,3,1838.3430872373367,4699.30264583333,0.0,0.0,981.8662558732119,6570.627618750003,10800.0
2025-04-21,4,9327.99977865998,7.750833333333162,6172.741555853909,0.0,9217.24645581405,10800.0,3948.3740212734338
2025-04-21,5,18700.549946687242,5644.8362333333325,2445.997586646091,0.0,11571.608918953298,3948.3740212734338,6310.951534999998
2025-04-22,0,16534.397382006173,2655.40895,227.91730132715838,0.0,7216.064727974525,6310.951534999998,8447.578144080935
2025-04-22,1,8788.099352933335,3205.0797000000002,6925.431525399997,0.0,3836.539270254454,8447.578144080935,3637.2259569698253
2025-04-22,2,2829.436560174135,6139.552333333334,1475.8925166666668,0.0,1774.8572669544296,3637.2259569698253,7522.942482895751
2025-04-22,3,2514.1987277268063,3869.033184004717,309.87728670038894,0.0,1463.0916218883979,7522.942482895751,10660.764252166233
2025-04-22,4,9659.46065678035,154.70638648196376,6132.850796399999,0.0,9627.035571359174,10660.764252166233,3985.7213373333325
2025-04-22,5,20510.683917202467,7402.382683333332,2241.3264161308653,0.0,12712.36202682351,3985.7213373333325,8157.5030677434825
2025-04-23,0,16307.197334173905,2279.040359173907,307.5956083333334,0.0,7335.6040912953085,8157.5030677434825,9866.86649285185
2025-04-23,1,7415.329013333333,855.6451149999999,5759.759071666666,0.0,3360.2271519286664,9866.86649285185,4237.2147945
2025-04-23,2,509.759569156374,4408.884252489707,1581.13715,0.0,241.53811662205348,4237.2147945,6448.391566185181
2025-04-23,3,3226.933841666667,4869.356675432105,27.731316666667,0.0,1595.9237890670001,6448.391566185181,10800.0
2025-04-23,4,9259.78748762346,73.15405685185155,5919.461874999998,0.0,9426.835596379362,10800.0,4288.6587900555605
2025-04-23,5,19839.047328513374,6809.333602263374,2306.9931820833326,0.0,12115.58564625232,4288.6587900555605,7853.733274222228
2025-04-24,0,16753.355416666665,2721.4245833333334,201.99829166666711,0.0,7460.8194964908325,7853.733274222228,10078.572852925929
2025-04-24,1,8170.969651833944,833.0171313091225,4659.058296141844,0.0,3694.2921892828685,10078.572852925929,5651.556830946538
2025-04-24,2,1243.390103758434,4975.817587091767,1421.0444666666658,0.0,551.6186261057933,5651.556830946538,8550.854363032831
2025-04-24,3,3542.4115776748954,2499.0507077412985,0.0,0.0,1699.7997812191038,8550.854363032831,10800.0
2025-04-24,4,9600.443553442154,14.763867859026163,6274.80481,0.0,9843.320669312912,10800.0,3841.2821366286807
2025-04-24,5,17228.154771666665,4318.2329,2298.2260783333327,0.0,10951.849646921333,3841.2821366286807,5174.107215147202
2025-04-25,0,10298.494083333333,1878.6403833333327,1692.34565,0.0,3461.0658810474997,5174.107215147202,4984.499504591646
2025-04-25,1,4167.399598284184,1256.7266999999997,3379.2195550491483,0.0,1426.5795425271947,4984.499504591646,2360.865140092592
2025-04-25,2,0.0,9376.81651100823,0.0,0.0,0.0,2360.865140092592,10800.0
2025-04-25,3,0.0,0.0,0.0,0.0,0.0,10800.0,10800.0
2025-04-25,4,822.1795213166675,0.0,5257.887730349999,0.0,569.5067175757172,10800.0,4957.902521833335
2025-04-25,5,16360.36345884177,9170.09753899177,3156.1953384833328,0.0,6128.1593146396,4957.902521833335,9704.106597500002
2025-04-26,0,7717.68526680247,884.7273666666669,3418.8295831975292,0.0,2538.8484079918285,9704.106597500002,6701.661690613858
2025-04-26,1,1678.4500016666664,562.1877616666668,4674.1173266666665,0.0,555.0823391758332,6701.661690613858,2014.1669798175612
2025-04-26,2,0.0,9762.0366890916,0.0,0.0,0.0,2014.1669798175612,10800.0
2025-04-26,3,0.0,0.0,0.0,0.0,0.0,10800.0,10800.0
2025-04-26,4,1516.0993979166656,0.0,5214.802607361112,0.0,1295.347271822015,10800.0,5005.774880709878
2025-04-26,5,16590.893204670778,9387.388701337444,3158.977371666663,0.0,6497.283796809243,5005.774880709878,9944.449854506172
2025-04-27,0,14112.39316610425,1055.8171,957.1219505624163,0.0,6002.746118580266,9944.449854506172,9831.216410547933
2025-04-27,1,6541.984902490193,901.9564183333333,6475.916024176473,0.0,2748.012105308693,9831.216410547933,3447.5149379629643
2025-04-27,2,1850.808664336675,6332.468581072787,1837.5155833333333,0.0,1167.3360552019008,3447.5149379629643,7105.052679446991
2025-04-27,3,614.4688208022126,4105.497022836677,300.1210506585363,0.0,413.93981301649336,7105.052679446991,10466.53216593496
2025-04-27,4,9810.055354238682,53.14467083590375,5801.482049930554,0.0,10906.696758599655,10466.53216593496,4068.2712030977686
2025-04-27,5,17122.388388273117,4342.093819972916,2399.435298366463,0.0,11343.22777067345,4068.2712030977686,5310.116420666211
2025-04-28,0,18415.446198579128,4286.704656912464,145.4941083333332,0.0,8154.538342292462,5310.116420666211,9006.490491517061
2025-04-28,1,11496.894535719217,3380.458142455328,3696.8190445138885,0.0,7473.671966759137,9006.490491517061,7941.326103600311
2025-04-28,2,5083.308103403635,5613.113686875858,2623.2571000000003,0.0,4616.219838670631,7941.326103600311,10078.398310677472
2025-04-28,3,1918.71651796382,1031.037391428324,185.69876666666653,0.0,1670.7914004181666,10078.398310677472,10800.0
2025-04-28,4,9730.001658686111,0.0,6099.351184299999,0.0,10039.540779012978,10800.0,4022.9431285555593
2025-04-28,5,17377.403756069958,4338.220716666667,2221.2024272633744,0.0,11249.770549691357,4022.9431285555593,5459.339076596254
2025-04-29,0,18604.28824850416,4610.619223504162,69.66395000000011,0.0,8036.039012829354,5459.339076596254,9531.49198886111
2025-04-29,1,8379.384868333333,1537.2330164917705,4925.055683333333,0.0,3416.7306297863333,9531.49198886111,5442.717611111112
2025-04-29,2,702.3930916666664,5592.562683333334,1025.9798333333333,0.0,271.4046906199999,5442.717611111112,9336.04643351852
2025-04-29,3,1461.1511155188787,1660.0654338683098,222.47755333333328,0.0,931.0861784199483,9336.04643351852,10582.908042518518
2025-04-29,4,9528.444075564868,136.03018655000108,6071.246810985132,0.0,9565.77899117424,10582.908042518518,3959.5054204300427
2025-04-29,5,15781.355131235126,2870.4568666666664,2291.6059687648712,0.0,10578.269129120468,3959.5054204300427,3996.6877462468524
2025-04-30,0,18502.853470836828,4461.4261541701635,201.42645833333347,0.0,7935.82385882358,3996.6877462468524,7788.164109074073
2025-04-30,1,10467.04226,3372.313135,4739.594491666667,0.0,4524.781441225,7788.164109074073,5557.029828722224
2025-04-30,2,2494.208017427981,5549.661134094648,894.9370166666664,0.0,1302.1608864020973,5557.029828722224,9557.350386444445
2025-04-30,3,4325.857438333333,1380.721792839506,0.0,0.0,2198.1637379468334,9557.350386444445,10800.0
2025-04-30,4,10963.062879129304,54.33808491119574,4385.356145432095,0.0,11223.767369675877,10800.0,5976.2863370510795
2025-04-30,5,18866.355846878923,7467.668894341564,3982.3095474626402,0.0,10248.893316665954,5976.2863370510795,8272.399955888886
2025-05-01,0,14958.476416666666,1767.3924666666665,1060.917216666666,0.0,6393.926504404166,8272.399955888886,8684.256268481478
2025-05-01,1,8991.764963949914,2509.6558274999998,5814.822563122001,0.0,4889.635906810092,8684.256268481478,4482.032554207035
2025-05-01,2,483.0224587890958,5418.922133333333,1798.1724833333328,0.0,226.10281295917576,4482.032554207035,7361.09304828111
2025-05-01,3,3467.5836113786017,3821.0077241321,0.0,0.0,1822.9960027329942,7361.09304828111,10800.0
2025-05-01,4,10224.136474213887,2.6444931250001673,6713.353743194443,0.0,11371.541147344424,10800.0,3343.0981069297823
2025-05-01,5,17632.871970833334,3802.661482916666,2311.502600801388,715.0221446152789,16720.83874157973,3343.0981069297823,4197.157218442129
2025-05-02,0,10868.17462096875,1894.5274500000003,1284.24192903125,0.0,3764.936837458781,4197.157218442129,4475.296446740739
2025-05-02,1,4426.278163652779,1067.1612956944446,3542.2534320416653,0.0,1846.9390690743533,4475.296446740739,1499.9044661527778
2025-05-02,2,0.0,10333.439482052469,0.0,0.0,0.0,1499.9044661527778,10800.0
2025-05-02,3,0.0,0.0,0.0,0.0,0.0,10800.0,10800.0
2025-05-02,4,1805.6364281249998,17.68285895833327,6153.4893509722215,0.0,1516.297510552104,10800.0,3978.7041830933636
2025-05-02,5,17384.906995745812,8567.703472474286,2509.6353599527774,307.9704855256975,9752.328301560918,3978.7041830933636,8901.153575039358
2025-05-03,0,7407.43467433958,2647.4673308641954,5558.742494202086,0.0,2416.023131725049,8901.153575039358,5107.493623703705
2025-05-03,1,3509.034245499998,1048.661531888887,3926.2109197222217,0.0,1271.7406440082484,5107.493623703705,1688.8324249345687
2025-05-03,2,0.0,10123.519527850482,0.0,0.0,0.0,1688.8324249345687,10800.0
2025-05-03,3,0.0,0.0,0.0,0.0,0.0,10800.0,10800.0
2025-05-03,4,1741.6026983333336,93.15625102880863,5651.745463333333,0.0,1285.0432029183335,10800.0,4604.123444444446
2025-05-03,5,16658.350521625514,8118.641186625516,3125.987275000001,39.11507333333286,7429.374490243769,4604.123444444446,8437.581317962964
2025-05-04,0,15969.745747613166,2723.7825392798322,1043.0271749999997,0.0,7065.268821964779,8437.581317962964,9730.066519981481
2025-05-04,1,7821.8062755333285,1022.351681666667,4388.679589466672,0.0,3533.83342003543,9730.066519981481,5773.872378518512
2025-05-04,2,2489.3852066666664,6319.819893333333,1136.956666666667,0.0,1309.8649188081663,5773.872378518512,10198.425097333327
2025-05-04,3,5334.606481358023,668.4165585185251,0.0,0.0,2762.342323895629,10198.425097333327,10800.0
2025-05-04,4,11294.81394333333,79.1525383333335,5145.585111666669,5.99694999999997,12085.311885197065,10800.0,5153.9204937592585
2025-05-04,5,19448.446288333333,6076.631633333333,3372.0099616666666,0.0,12429.365724456999,5153.9204937592585,6876.211228574073
2025-05-05,0,16800.508029999997,3083.0812716666665,451.55962499999987,0.0,7238.053080001333,6876.211228574073,9149.251456407404
2025-05-05,1,9112.793479867418,1879.2796275282963,5527.837746920131,0.0,4399.677169838158,9149.251456407404,4698.561180160502
2025-05-05,2,1464.4013977083337,4791.839968958333,2195.4517333333333,0.0,1003.5872852219377,4698.561180160502,6571.826337408188
2025-05-05,3,1588.3336949999998,4697.970736213127,0.0,0.0,945.4571974675,6571.826337408188,10800.0
2025-05-05,4,9887.422435,19.285833333333585,6866.131944999999,0.0,10328.831180424666,10800.0,3188.3217555555575
2025-05-05,5,20746.572119999993,6420.317933333332,1863.7933050000017,396.6619916666691,16401.29067395501,3188.3217555555575,6895.726445555555
2025-05-06,0,16582.42897234568,3089.8960473456805,823.4826749999999,0.0,7424.298198808828,6895.726445555555,8761.652138166668
2025-05-06,1,8537.732343844442,1758.6958150694436,5671.981987891668,0.0,4447.640256960258,8761.652138166668,4042.2761629606493
2025-05-06,2,609.3478523328178,4405.8981639994845,2292.23765,0.0,261.00843103602926,4042.2761629606493,5460.653788337964
2025-05-06,3,1598.9500192181076,5962.089818513371,179.18932500000017,0.0,758.4863076026895,5460.653788337964,10627.435375
2025-05-06,4,11230.264610083332,202.30847222222346,4996.567601583334,0.0,12077.741277972698,10627.435375,5257.7712204629615
2025-05-06,5,19870.93878265329,6753.31168940329,3736.647740083333,0.0,12412.771857243704,5257.7712204629615,7183.920918611109
2025-05-07,0,16613.190510987653,2584.2872209876555,331.8915933333336,0.0,7533.8393334344255,7183.920918611109,9141.010980462957
2025-05-07,1,9160.154583766664,1674.109625,4741.472841233336,0.0,4238.897681784687,9141.010980462957,5379.406486037026
2025-05-07,2,2233.8928569958916,4889.850026666667,1874.3324166666664,0.0,993.4978080623816,5379.406486037026,7697.679935962952
2025-05-07,3,4744.218794166666,3512.0363262963083,131.39253916666587,0.0,2256.321042408,7697.679935962952,10712.520919444445
2025-05-07,4,11584.968234999998,110.38636172839425,5230.260416666667,0.0,12545.94019076283,10712.520919444445,5000.468182037036
2025-05-07,5,20409.13243111111,7398.17065277778,3485.737063833333,320.71605783333496,13782.08352983677,5000.468182037036,7785.780587500001
2025-05-08,0,18046.65455794115,5156.41164611111,1463.895962100002,0.0,7821.959060685918,7785.780587500001,10800.0
2025-05-08,1,6522.60427,811.304899753086,6016.506118333333,0.0,2819.339567700333,10800.0,4845.167611629629
2025-05-08,2,1430.9832288130035,3989.9304056880032,1687.2432333333331,0.0,1061.5363121167127,4845.167611629629,6561.390273045128
2025-05-08,3,2568.366145574504,4709.566363283189,938.0364508336892,0.0,1444.3125462947173,6561.390273045128,9757.737276851458
2025-05-08,4,9693.450412860078,589.8509850000005,6459.189922139921,0.0,10132.839349382619,9757.737276851458,3111.7254720848814
2025-05-08,5,17269.384082139917,1799.924745473251,1426.96438,0.0,13234.80696707084,3111.7254720848814,3146.1417652330297
2025-05-09,0,12740.885557631575,3386.7409833333336,1145.504359035091,0.0,4367.014891416613,3146.1417652330297,4921.426029082926
2025-05-09,1,3645.6630091892553,1032.3306381944442,3865.772962338522,0.0,1421.6570148175551,4921.426029082926,1555.2203119706787
2025-05-09,2,0.0,10271.977431143689,0.0,0.0,0.0,1555.2203119706787,10800.0
2025-05-09,3,0.0,0.0,0.0,0.0,0.0,10800.0,10800.0
2025-05-09,4,2530.674126666667,99.00088271604899,5039.532581666666,0.0,1974.592604437,10800.0,5289.620148148148
2025-05-09,5,16318.722540082304,7575.126493415639,2723.0176283333344,0.0,7266.829816949605,5289.620148148148,9081.658849629628
2025-05-10,0,6843.635823569961,1178.378448569961,4412.9593583333335,0.0,2261.8881088517,9081.658849629628,5238.911277416667
2025-05-10,1,3433.2108,135.87329166666655,3149.3119916666665,0.0,1153.4541083575,5238.911277416667,1861.9616936203706
2025-05-10,2,0.0,9931.153673755145,0.0,0.0,0.0,1861.9616936203706,10800.0
2025-05-10,3,0.0,0.0,0.0,0.0,0.0,10800.0,10800.0
2025-05-10,4,2100.529515000002,187.3015205761316,5380.889118333331,0.0,1594.3654404731692,10800.0,4989.8056814814845
2025-05-10,5,17448.325432201644,8267.874848868312,2685.1196666666665,0.0,8090.423545980545,4989.8056814814845,9447.426749166669
2025-05-11,0,15148.134305,1801.5162533333332,1005.4644649999997,0.0,6799.398529980499,9447.426749166669,9951.608638277783
2025-05-11,1,9093.529243086417,1580.5632114197515,4169.570681666667,0.0,4334.301165217765,9951.608638277783,6741.259215592597
2025-05-11,2,2160.740710246915,4035.568633580249,1668.5184666666669,0.0,1088.4332688787044,6741.259215592597,8519.361578407414
2025-05-11,3,6152.647427304526,2770.7305095884694,191.7171333333332,0.0,3255.649271368605,8519.361578407414,10800.0
2025-05-11,4,11256.125661666665,0.0,5304.718287366256,59.51626666666641,12268.699284706881,10800.0,4905.86856959305
2025-05-11,5,16262.350524999998,2251.8367833333336,2606.988525,0.0,11704.3447966875,4905.86856959305,4035.867757926384
2025-05-12,0,20710.556314587964,6532.686931254634,172.27731666666682,0.0,9248.829885198302,4035.867757926384,9723.866755314813
2025-05-12,1,7611.6723883333325,1789.1386983333334,5134.500566666667,0.0,3181.4165791275,9723.866755314813,5629.090954185184
2025-05-12,2,1977.424238812678,5710.598223812679,734.9351500000002,0.0,1032.8820373392466,5629.090954185184,9952.034744505481
2025-05-12,3,4081.698183847735,942.1836172161322,0.0,0.0,2351.6215226163467,9952.034744505481,10800.0
2025-05-12,4,11661.985713251026,0.0,4878.028715082306,0.0,12568.315383349734,10800.0,5379.968094352993
2025-05-12,5,16725.432915082303,3599.1231017489713,3165.9742533333333,0.0,11099.080162387054,5379.968094352993,5101.429715556697
2025-05-13,0,19385.12878833333,5990.859326666667,650.2565666666665,0.0,8406.268534766334,5101.429715556697,9770.695813260401
2025-05-13,1,8500.399763772599,1298.806123126302,4398.319807316667,0.0,3671.427331524698,9770.695813260401,6052.599315944445
2025-05-13,2,4030.9574268251777,5363.166801825177,1768.5275666666662,0.0,2104.9855076630547,6052.599315944445,8914.418807957476
2025-05-13,3,4679.359723221602,2159.7126979484833,52.344212500000594,0.0,2274.067200867193,8914.418807957476,10800.0
2025-05-13,4,9439.055174049998,92.7543783333312,6361.936124999999,0.0,9699.909487005967,10800.0,3814.661023833337
2025-05-13,5,16672.601545967078,1429.902214300412,1182.8698516666666,0.0,12873.383383232152,3814.661023833337,3787.273181518523
2025-05-14,0,18798.474846543206,4789.7541732098725,59.88174333333325,0.0,8265.817555529788,3787.273181518523,8031.516667037036
2025-05-14,1,10121.438856666666,3241.937543333333,4998.820519999999,0.0,4152.7930161458335,8031.516667037036,5395.015433814812
2025-05-14,2,2455.3036375627134,4951.733554298824,1252.5624666666665,0.0,1466.3023547867137,5395.015433814812,8459.839558609681
2025-05-14,3,3008.3401589774835,2600.1782682114654,11.31430055000078,0.0,1398.7387567515004,8459.839558609681,10787.428554944443
2025-05-14,4,11137.517620020573,18.49085870370502,5023.458893312759,0.0,11810.792377734815,10787.428554944443,5222.449335208045
2025-05-14,5,18947.174812572015,4915.982134259259,2691.2090716872426,0.0,12514.435131880762,5222.449335208045,6656.600954166664
2025-05-15,0,17831.26484175926,3947.4067134259294,274.8412049999996,0.0,7606.84986306039,6656.600954166664,9903.887879583335
2025-05-15,1,7475.51971875,947.9195100000004,5430.840379583334,0.0,3395.881548403291,9903.887879583335,4722.74835015741
2025-05-15,2,1064.333090635911,4911.461109108133,1220.5276666666668,0.0,690.6226321623626,4722.74835015741,7786.921496502879
2025-05-15,3,2813.0235047293127,3444.8398998047564,78.54966569444434,0.0,1865.8620589581624,7786.921496502879,10800.0
2025-05-15,4,12428.60784706025,432.3309792196321,4050.892831666666,0.0,13659.829731400587,10800.0,6688.105846112488
2025-05-15,5,16254.933200780366,2886.7016666666673,3119.4261825529666,0.0,11071.1417208796,6688.105846112488,5820.108254386968
2025-05-16,0,10102.185136049893,2045.547536049893,2243.605333333333,0.0,3449.224780884881,5820.108254386968,5168.206222017059
2025-05-16,1,2973.1548455263164,564.1398555263165,3057.314293333333,0.0,1006.0577309816931,5168.206222017059,2278.916210509263
2025-05-16,2,0.0,9467.870877211928,0.0,0.0,0.0,2278.916210509263,10800.0
2025-05-16,3,0.0,0.0,0.0,0.0,0.0,10800.0,10800.0
2025-05-16,4,2855.3286283333337,0.0,4553.38408115,0.0,2288.7694377204516,10800.0,5740.684354277777
2025-05-16,5,16894.867366666665,7634.807425,2621.266633333333,0.0,7871.013025335833,5740.684354277777,9699.492555296296
2025-05-17,0,6777.38621473333,1661.9773333333333,5269.244068600003,0.0,2324.2480332175055,9699.492555296296,5340.556523518515
2025-05-17,1,2656.091143333333,712.0719216666664,3337.4069116666665,0.0,828.7482308678333,5340.556523518515,2273.1913511666635
2025-05-17,2,0.0,9474.23183203704,0.0,0.0,0.0,2273.1913511666635,10800.0
2025-05-17,3,0.0,0.0,0.0,0.0,0.0,10800.0,10800.0
2025-05-17,4,2877.2724216666666,36.630619999999965,5022.395751666666,0.0,2296.3641952945,10800.0,5252.527833925929
2025-05-17,5,17617.198861995887,8525.947170329218,2742.1741749999997,0.0,8219.348770909957,5252.527833925929,9879.02009277778
2025-05-18,0,14379.082182911518,910.349691244852,1045.2851583333331,0.0,6271.3152666833785,9879.02009277778,9536.906861194437
2025-05-18,1,7771.473157638889,930.0381791666664,4922.521471527777,0.0,3619.8671216265,9536.906861194437,4904.472920746905
2025-05-18,2,3974.5901405238433,6997.778356426621,1769.7176333333332,0.0,3038.4941260914356,4904.472920746905,9236.12051560494
2025-05-18,3,1477.7187733333342,1740.8974723731114,2.6354166666662877,0.0,905.0134378878339,9236.12051560494,10800.0
2025-05-18,4,11243.811754999999,25.915908333332936,4963.869483333334,0.0,11514.462419492333,10800.0,5307.913780462963
2025-05-18,5,17580.41294483539,3318.8843481687245,2360.725445,0.0,12514.180809006793,5307.913780462963,5671.881421592592
2025-05-19,0,17602.42456,3546.4687416666666,153.15389833333302,0.0,7761.442517910166,5671.881421592592,8693.532290944442
2025-05-19,1,9385.925664546223,2442.393521212891,4248.6936000000005,0.0,4045.0104759562,8693.532290944442,6170.915793369374
2025-05-19,2,1267.194360741841,5185.896477408508,1195.3416999999997,0.0,543.025161315036,6170.915793369374,9510.065178592586
2025-05-19,3,1776.536258333333,1433.2609126749048,0.0,0.0,810.3173186116667,9510.065178592586,10800.0
2025-05-19,4,11118.64473,185.39651738683202,4818.50527483539,0.0,11794.364635345979,10800.0,5612.962115831047
2025-05-19,5,18027.451785,3913.1867416666673,2495.3645733333333,0.0,12469.497977447,5612.962115831047,6362.202879627346
2025-05-20,0,17987.61052833333,5181.437183333333,1386.2718633333334,0.0,7758.466421392666,6362.202879627346,9485.194274256972
2025-05-20,1,8527.55406816872,2583.309898333333,5336.134180164614,0.0,3687.244409766718,9485.194274256972,5881.135204796287
2025-05-20,2,2231.6052199520554,5144.230388333333,1254.7628,0.0,1163.7197464402461,5881.135204796287,9116.761665407399
2025-05-20,3,3563.4346626870843,1957.9233964609143,397.47914564624807,0.0,1999.9526670695993,9116.761665407399,10437.249227059723
2025-05-20,4,11694.250182601747,439.6828883333337,4130.288505731587,0.0,12656.106570247113,10437.249227059723,6243.754375746849
2025-05-20,5,16618.718503216667,2729.4831750000003,2828.693838449999,0.0,11234.716277641985,6243.754375746849,5557.296079413519
2025-05-21,0,16826.685421666665,2816.4393049999994,134.6502416666666,0.0,7503.585031612666,5557.296079413519,7942.480074283888
2025-05-21,1,9970.64635216933,3646.350988835996,4433.896986666667,0.0,4314.070900324448,7942.480074283888,6297.6437568288775
2025-05-21,2,94.13730512497733,2793.3572551249763,1073.018366666666,0.0,59.30650222873572,6297.6437568288775,7619.422656811728
2025-05-21,3,2290.5642492808606,3605.9258957235947,302.9478634969164,0.0,1581.829316213329,7619.422656811728,10528.147225744166
2025-05-21,4,11582.302478580248,189.83186500000056,4313.637786419751,0.0,12539.989294197068,10528.147225744166,5906.065030444444
2025-05-21,5,17345.613838580244,3582.17917191358,3133.2557833333335,0.0,11509.744627538264,5906.065030444444,5648.630970351851
2025-05-22,0,18626.057861666664,4544.716495,114.77639999999974,0.0,8096.0179181771655,5648.630970351851,9611.346482518516
2025-05-22,1,6608.926258456788,1683.7653067901217,6162.527015000001,0.0,2739.9076955037954,9611.346482518516,4279.483019740736
2025-05-22,2,443.34108666666623,4094.611336666667,1242.0174499999994,0.0,207.21762390799978,4279.483019740736,6584.6138338518485
2025-05-22,3,1936.577380699589,4683.762406831277,0.0,0.0,1190.4074217586053,6584.6138338518485,10800.0
2025-05-22,4,10188.632571770147,192.60260115000062,5709.694096046518,0.0,10633.55852174722,10800.0,4629.2377898722025
2025-05-22,5,18278.15522489652,3293.3752190981695,1315.2142108683138,0.0,13551.298913014698,4629.2377898722025,6131.926363873538
2025-05-23,0,8611.59086827457,987.1433333333332,2871.1614817254294,0.0,2962.557454503847,6131.926363873538,3830.1759397341707
2025-05-23,1,3799.0674623836367,1405.2796013447464,2965.2425889611095,0.0,1205.3948173026427,3830.1759397341707,1800.2135932098763
2025-05-23,2,0.0,9999.76267421125,0.0,0.0,0.0,1800.2135932098763,10800.0
2025-05-23,3,0.0,0.0,0.0,0.0,0.0,10800.0,10800.0
2025-05-23,4,1674.6252081069958,11.98508230452809,5393.908683333333,0.0,1157.9610328973993,10800.0,4817.554703703706
2025-05-23,5,17706.107925823042,8357.631825823042,2120.612433333333,0.0,8363.297041459275,4817.554703703706,9983.187309907407
2025-05-24,0,5156.6776955761325,1041.9833872427992,6347.159641666666,0.0,1864.8207104318317,9983.187309907407,3868.5727565740785
2025-05-24,1,3874.130463333333,1556.6016783333332,2969.8996666666662,0.0,1168.2763053733333,3868.5727565740785,1969.6257485555602
2025-05-24,2,0.0,9811.526946049376,0.0,0.0,0.0,1969.6257485555602,10800.0
2025-05-24,3,0.0,0.0,0.0,0.0,0.0,10800.0,10800.0
2025-05-24,4,2175.3683283333344,0.0,5321.775803333332,0.0,1454.6124938700011,10800.0,4886.915774074076
2025-05-24,5,18332.85458899177,8655.047747325105,2121.5648666666666,0.0,8774.726060883879,4886.915774074076,10319.164450370374
2025-05-25,0,14818.97146066872,1482.7885016460868,768.3066916666671,0.0,6440.039359166471,10319.164450370374,10800.0
2025-05-25,1,7340.4805516666665,750.8671481481457,4634.714118333333,0.0,3285.808742049,10800.0,6326.098079629629
2025-05-25,2,0.0,4316.01235,969.385733333333,0.0,0.0,6326.098079629629,9133.41393537037
2025-05-25,3,1627.3851830637602,1851.7622940329234,0.0,0.0,1037.7748600556868,9133.41393537037,10800.0
2025-05-25,4,12698.328170411522,139.36074333333352,3386.1539096913602,0.0,13601.581061049841,10800.0,7163.0314360096
2025-05-25,5,16725.082274691358,3842.8843413580253,3788.536775,0.0,10833.913662032439,7163.0314360096,6412.142037676265
2025-05-26,0,16017.475786666666,2212.2877750000002,209.71743833333346,0.0,7051.733555128167,6412.142037676265,8170.181659250339
2025-05-26,1,9341.737766748593,3108.184993415259,5390.924326666667,0.0,4080.503345350763,8170.181659250339,4977.632234805555
2025-05-26,2,1244.783888628439,2453.1082886284394,1718.2853833333334,0.0,757.2007828906058,4977.632234805555,5276.223713089668
2025-05-26,3,4245.506869916665,6137.529207678145,4.068613333333246,0.0,2183.3738274367574,5276.223713089668,10795.479318518519
2025-05-26,4,11944.87199775,68.74570164609014,3865.751538916665,0.0,12641.594237265066,10795.479318518519,6562.070962314815
2025-05-26,5,16337.242507250001,3026.6654583333334,3108.1625677499987,0.0,10789.108947337692,6562.070962314815,5832.555910648152
2025-05-27,0,17800.196639374994,4242.4727250000005,626.0817856250055,0.0,7556.153922631915,5832.555910648152,8955.134934675925
2025-05-27,1,8426.709596666666,1675.366423333333,4049.58821,0.0,3859.2304366786666,8955.134934675925,5963.422260120368
2025-05-27,2,564.6333487594378,4199.355863898327,1257.6461333333332,0.0,325.54890029734753,5963.422260120368,8345.457945036267
2025-05-27,3,1005.8843666666668,2727.2689499597036,155.63495000000023,0.0,513.146218993,8345.457945036267,10627.072277777777
2025-05-27,4,12275.842414691357,356.39036724279947,3727.2612350000013,0.0,13072.910735331294,10627.072277777777,6806.422236074072
2025-05-27,5,16372.125361502058,3664.875754835391,3973.2739766666664,0.0,10485.672428291544,6806.422236074072,5690.061552462963
2025-05-28,0,16027.098093333332,2395.0036999999993,652.0676233333336,0.0,7014.232579736332,5690.061552462963,7121.04530098148
2025-05-28,1,8732.52503635463,2029.8194742129654,4760.071012858335,0.0,3785.9764852816693,7121.04530098148,3658.91503570833
2025-05-28,2,1327.3739968990053,2856.2809968990045,1535.1502499999997,0.0,1093.4452190730249,3658.91503570833,4523.845432917435
2025-05-28,3,3055.6194231240092,7005.782641202848,41.911665000000426,0.0,1574.2112195074599,4523.845432917435,10782.481293333334
2025-05-28,4,10658.44515501955,144.5891422016457,4963.611678416667,0.0,11419.757572709043,10782.481293333334,5397.487434185184
2025-05-28,5,16582.943620083333,2400.1348749999997,2342.3546049166666,0.0,11879.066912406366,5397.487434185184,4954.992593999998
2025-05-29,0,16996.57845955761,2899.2679845576145,175.61992499999997,0.0,7377.934751452613,4954.992593999998,7369.200530101848
2025-05-29,1,11433.642247523601,2550.3710156944444,2885.698783934731,0.0,7006.301999906817,7369.200530101848,6458.202462077148
2025-05-29,2,4622.080707361112,5723.371340277778,2013.011316666666,0.0,3848.8708630426154,6458.202462077148,9372.557427586407
2025-05-29,3,1679.3539069958856,1586.04730268177,0.0,0.0,947.4717685920766,9372.557427586407,10800.0
2025-05-29,4,10099.037926555564,70.33598833333349,5898.391728444435,0.0,10821.464452687125,10800.0,4309.533802339513
2025-05-29,5,17422.63148312757,2663.1137581275716,1623.2767749999998,0.0,12855.078322064177,4309.533802339513,4902.6953235432175
2025-05-30,0,8676.308766666667,2018.534466666667,3739.890933333333,0.0,2931.1519942666664,4902.6953235432175,2563.941973172849
2025-05-30,1,5509.915076666557,2454.3378282304525,2536.303201563895,0.0,1790.6992444846373,2563.941973172849,1954.7313501759284
2025-05-30,2,0.0,9828.0762775823,0.0,0.0,0.0,1954.7313501759284,10800.0
2025-05-30,3,0.0,0.0,0.0,0.0,0.0,10800.0,10800.0
2025-05-30,4,1738.7073954861112,91.15803146433285,5431.674803819444,0.0,1521.8959617842493,10800.0,4846.848001851854
2025-05-30,5,18075.000234999996,9249.685733333332,2664.941681666666,0.0,8262.041107593832,4846.848001851854,10210.518848888887
2025-05-31,0,4807.681518433332,701.5079934567921,6550.282859900001,0.0,1560.842731021146,10210.518848888887,3563.7839764444466
2025-05-31,1,4415.007764455552,1291.6234178472223,2761.8483933916696,0.0,1460.3842246832553,3563.7839764444466,1657.5246154050922
2025-05-31,2,0.0,10158.30598288323,0.0,0.0,0.0,1657.5246154050922,10800.0
2025-05-31,3,0.0,0.0,0.0,0.0,0.0,10800.0,10800.0
2025-05-31,4,1538.3175147500024,0.0,5260.447665175511,0.0,1141.5604465463928,10800.0,4955.058149804985
2025-05-31,5,18731.636611718743,9867.076214208453,2731.884068333333,0.0,7897.011668424815,4955.058149804985,10800.0
2025-06-01,0,14446.127315041153,1317.261921707819,2747.70064,0.0,6894.535500108694,10800.0,8932.535018425928
2025-06-01,1,13313.002981649304,4523.137898402778,2863.9308334201405,0.0,10224.536772269748,8932.535018425928,9821.213756521605
2025-06-01,2,6322.459862499999,5191.349859722222,3515.527249999999,0.0,6337.310408963773,9821.213756521605,10587.287241382719
2025-06-01,3,2801.149326718107,520.3501188623093,1457.611022569444,0.0,2072.777969446931,10587.287241382719,9436.034545503859
2025-06-01,4,14624.046785990971,315.2120525694447,4060.498616578473,0.0,18330.21296165816,9436.034545503859,5208.060263284723
2025-06-01,5,18765.559087916667,3517.3644470833333,3739.9959108333333,35.08894833333318,15460.213188659069,5208.060263284723,4218.137253622686
2025-06-02,0,19703.342569060598,4857.095444060599,857.4570416666667,0.0,9380.00086365194,4218.137253622686,7636.793106980928
2025-06-02,1,10004.13458549008,1820.217347013889,3981.3464448571426,0.0,5380.90904585836,7636.793106980928,4851.270447229938
2025-06-02,2,2990.119066666666,5801.60566111111,3078.508933333333,0.0,1737.5191450230832,4851.270447229938,6652.150060748457
2025-06-02,3,6345.702308921465,5385.032065449243,1487.5749398611106,0.0,5446.45628159159,6652.150060748457,9845.817875362653
2025-06-02,4,12835.7923067618,192.46097062499928,6506.370426154866,31.795404374999862,16296.736164284008,9845.817875362653,2789.7322754197467
2025-06-02,5,20346.593928814586,3034.764176458332,1587.153597643745,0.0,17889.772922652806,2789.7322754197467,3757.5160368503075
2025-06-03,0,22140.228476915294,7025.190270248628,606.7172100000004,0.0,10556.23927598369,3757.5160368503075,9406.05704674074
2025-06-03,1,11848.175170555554,2833.0879745138895,3278.541566458334,0.0,8774.825705205894,9406.05704674074,8313.01226107176
2025-06-03,2,5352.011752361112,5209.1695875000005,3834.298233333333,0.0,3984.6063890398127,8313.01226107176,8740.933519451391
2025-06-03,3,6462.4809983333325,2966.324710897631,749.9877366666678,0.0,3758.518160873333,8740.933519451391,10577.30605185185
2025-06-03,4,14081.699877291667,272.02073124999913,4773.227187291665,0.0,17150.904039455323,10577.30605185185,5518.538946319444
2025-06-03,5,17693.689286297886,2421.9733610895537,3413.7390081249996,0.0,13878.605738292814,5518.538946319444,3905.271628938932
2025-06-04,0,20273.378766663292,4814.065033333333,726.7206500033719,0.0,9787.867026545788,3905.271628938932,7430.462770046295
2025-06-04,1,11736.325414247223,4152.003845416667,4769.013831169444,0.0,5830.143012313104,7430.462770046295,5868.36197406636
2025-06-04,2,2483.2378623456766,3423.6898623456764,2535.8081999999995,0.0,1343.304172214579,5868.36197406636,6132.118183510804
2025-06-04,3,9759.646009300412,6735.058211736966,1254.303516666666,0.0,6696.870675100852,6132.118183510804,10800.0
2025-06-04,4,13485.385521666665,247.96609164609004,5456.290478333333,0.0,14953.424544295844,10800.0,4960.624506555558
2025-06-04,5,19170.429038333332,3144.641749999999,2876.476786666666,15.049708333333001,14865.933737714664,4960.624506555558,4594.716763037039
2025-06-05,0,20995.78922320987,5254.362814876541,309.96455833333357,0.0,10079.868161360573,4594.716763037039,8979.23823161111
2025-06-05,1,10735.381207788896,1925.0948774305562,3949.5782479749932,0.0,5550.973662496071,8979.23823161111,6323.403345770836
2025-06-05,2,4613.092331666667,5344.762705,3352.3761833333324,0.0,2704.7317595198333,6323.403345770836,7408.82735434491
2025-06-05,3,7128.064655185188,4548.23781146862,1638.4706033333327,0.0,4883.468928850854,7408.82735434491,9681.718492074076
2025-06-05,4,14505.84153111111,468.67210710133725,4265.785455990226,31.880403333333447,17831.597380161194,9681.718492074076,5363.761770698362
2025-06-05,5,18725.75650674717,3534.3513535041666,3747.33613009033,0.0,13995.126759830593,5363.761770698362,4380.971177640634
2025-06-06,0,10705.76678175732,1240.4532717573204,2524.30789,0.0,4213.039945897976,4380.971177640634,2692.592577777777
2025-06-06,1,6277.663531666666,1904.597498333333,2495.830416666666,0.0,2168.7626402155,2692.592577777777,1633.585418870368
2025-06-06,2,0.0,7886.497649999999,0.0,0.0,0.0,1633.585418870368,8731.433303870368
2025-06-06,3,0.0,2298.407440144034,480.93835,0.0,0.0,8731.433303870368,10265.624055555556
2025-06-06,4,6000.875456677772,155.65978965277782,4782.520216308338,0.0,7236.301202475839,10265.624055555556,5091.80651478935
2025-06-06,5,16694.333306978217,6102.337035728218,3174.7523120833334,0.0,9457.559153304132,5091.80651478935,7056.407277963265
2025-06-07,0,11337.723523477027,3955.3054051436943,4450.027389999999,0.0,4359.661762824032,7056.407277963265,5671.707264814812
2025-06-07,1,3977.6708849999995,979.2810099999998,3912.203758333333,0.0,1341.2680813698332,5671.707264814812,2206.167108999999
2025-06-07,2,0.0,5790.361716666665,0.0,0.0,0.0,2206.167108999999,7417.492653999998
2025-06-07,3,562.3975983333337,3758.3414955555604,0.0,0.0,321.5291064416669,7417.492653999998,10800.0
2025-06-07,4,5044.187898605551,293.54878520833347,4992.459786602782,0.0,5660.336062576879,10800.0,5517.016366017747
2025-06-07,5,18227.229653838294,7673.507638838296,3264.016925,0.0,9871.329587110602,5517.016366017747,8796.48776874999
2025-06-08,0,17322.695610625007,2624.296240000001,919.0825627083238,0.0,8120.797970727546,8796.48776874999,10137.151537296297
2025-06-08,1,13857.222232016664,1826.7743802263383,1485.3381096500011,0.0,7680.161919837147,10137.151537296297,10130.872802111111
2025-06-08,2,2635.1182083333333,2087.5921951851915,1088.7352,0.0,1358.4059597353335,10130.872802111111,10800.0
2025-06-08,3,10596.883373333334,608.4133127572002,492.81478333333325,0.0,7200.707590498667,10800.0,10800.0
2025-06-08,4,16427.833777757816,94.85423532922037,3064.841895575516,0.0,18526.777285799068,10800.0,7479.9889278235
2025-06-08,5,17840.449823212857,1313.417190679012,2430.0126341328205,0.0,14591.129732014122,7479.9889278235,5962.050361509254
2025-06-09,0,16989.601723333333,1469.4403983333339,186.87659166666697,0.0,8254.783843621999,5962.050361509254,7076.906062601848
2025-06-09,1,15353.814393076136,5324.506065668727,3088.762633333335,0.0,8030.605372799941,7076.906062601848,8437.003040222222
2025-06-09,2,5467.9888483333325,5701.092461666667,2798.0059666666666,0.0,3394.8244355946663,8437.003040222222,10459.090737203704
2025-06-09,3,8820.561223333332,1457.0259504320964,873.3726833333332,0.0,5909.134243637166,10459.090737203704,10800.0
2025-06-09,4,16811.735875,0.0,2941.3984949999995,0.0,19879.3184096921,10800.0,7531.779449999999
2025-06-09,5,16456.658693497942,1431.5110218312752,3715.445545,4.383333333333326,12464.153116048297,7531.779449999999,4691.866541870367
2025-06-10,0,18000.016561666667,2297.911661666667,78.79910000000018,0.0,8579.959127665334,4691.866541870367,6672.432481814812
2025-06-10,1,15503.967401810698,4844.917822345677,1940.5607233333335,0.0,8168.900068837853,6672.432481814812,8876.679940444437
2025-06-10,2,6792.154124999998,5536.416866666667,3557.891833333333,0.0,3913.0423809943327,8876.679940444437,9906.24197229629
2025-06-10,3,13092.679799253903,2458.0197838683207,1186.6137999999996,0.0,9348.345889550232,9906.24197229629,10800.0
2025-06-10,4,15953.03249241276,0.0,3357.606140920572,0.0,18465.232457510978,10800.0,7069.326510088253
2025-06-10,5,17584.967911625514,1349.5588426954728,2694.9658977366253,0.0,13801.67965981967,7069.326510088253,5289.5229154734825
2025-06-11,0,19466.5604,4167.06665,597.4243333333333,0.0,9296.979764621166,5289.5229154734825,8376.078085658668
2025-06-11,1,13053.984304853124,2766.7622121488043,3638.074839950001,0.0,6425.980677631125,8376.078085658668,6823.858698870368
2025-06-11,2,4085.60319,4493.472431666667,5061.472828983332,154.07107101666696,3225.5178254432517,6823.858698870368,5244.1251885
2025-06-11,3,10306.864904999999,6782.094915000001,2307.9975333333327,0.0,7399.582894871666,5244.1251885,8783.568908296298
2025-06-11,4,17205.968418297733,1217.6912983333334,3151.111113368932,0.0,19526.35974566721,8783.568908296298,6378.256506386372
2025-06-11,5,18130.377358285597,1870.8306233333328,2519.582981714402,0.0,14302.525127963661,6378.256506386372,5262.467421037036
2025-06-12,0,18884.52589967079,3516.475383333334,596.884704156378,0.0,9082.32798353326,5262.467421037036,7764.090039196618
2025-06-12,1,13631.442679349997,4039.3653950000007,2674.693197316669,0.0,6804.738232247415,7764.090039196618,8427.637564344766
2025-06-12,2,5207.012721666667,5219.5174566666665,3107.5907666666662,0.0,3085.2094372363335,8427.637564344766,9672.324645715136
2025-06-12,3,8092.60169256173,2122.946810933798,2152.92823583333,0.0,5762.9075132985145,9672.324645715136,9190.834291296298
2025-06-12,4,15533.1176443,549.4707998148152,4003.5851555148142,0.0,17806.256077407845,9190.834291296298,5236.930060557617
2025-06-12,5,17121.23885603086,924.3042376975304,2449.1436983333333,0.0,13869.588473823616,5236.930060557617,3347.53309855947
2025-06-13,0,12200.501558754808,2774.2507516666656,2113.1063095785235,0.0,4447.005478835641,3347.53309855947,3496.4628755277763
2025-06-13,1,6819.532901666666,2066.706218333333,2056.913983333333,0.0,2336.117603406,3496.4628755277763,3071.0384905462943
2025-06-13,2,0.0,6111.061833333333,13.859816666666688,0.0,0.0,3071.0384905462943,8555.594344249997
2025-06-13,3,100.00152166666692,2493.784061944445,42.16297833333306,0.0,56.33516943650015,8555.594344249997,10753.152246296297
2025-06-13,4,5439.047783333332,228.03930240740965,4837.279810000002,0.0,4889.006594159428,10753.152246296297,5583.632274018517
2025-06-13,5,17106.871185,6716.513941666666,3156.345073333333,0.0,9044.385865396833,5583.632274018517,8121.444740037035
2025-06-14,0,7485.966076133334,1023.3211583333332,5446.720832199999,0.0,2880.4209482797737,8121.444740037035,2990.5217467592593
2025-06-14,1,7662.074776666666,3061.628465,1761.8524333333332,0.0,2646.7392784783333,2990.5217467592593,3788.3735504444435
2025-06-14,2,0.0,7790.6960550617305,0.0,0.0,0.0,3788.3735504444435,10800.0
2025-06-14,3,962.2729399999998,0.0,0.0,0.0,557.5072445004998,10800.0,10800.0
2025-06-14,4,5239.524106147898,18.087448662550628,4905.994217291767,0.0,4626.148794266269,10800.0,5365.174017916552
2025-06-14,5,18389.90265443403,7225.094357108932,2737.5637860082325,0.0,10425.629885861688,5365.174017916552,8826.021399305442
2025-06-15,0,17234.275788333332,2628.2546600000005,752.8736216666664,0.0,8176.550460815166,8826.021399305442,10354.924347009144
2025-06-15,1,13498.623114761855,2603.8259497017743,3082.558269466665,0.0,6935.845351922716,10354.924347009144,9273.302957888895
2025-06-15,2,4672.346896666665,4199.4675,3674.467938333333,0.0,2784.6589241146658,9273.302957888895,8970.08155418519
2025-06-15,3,11699.86592041152,3523.7329644855895,1207.2971,0.0,8358.596538688074,8970.08155418519,10800.0
2025-06-15,4,17852.590060000002,400.5684437242794,2879.7635192166654,0.0,20396.823817265984,10800.0,7960.774355777781
2025-06-15,5,19370.81286174897,2194.979403415638,1575.3535249999995,0.0,15840.962497834375,7960.774355777781,8185.863013296301
2025-06-16,0,16963.86459224166,2170.0766483333327,969.3823727583373,0.0,8083.370088889964,8185.863013296301,9061.840471509258
2025-06-16,1,14500.352660477774,2790.0775445781887,2435.3569156333347,0.0,7767.46552023568,9061.840471509258,8866.958133148146
2025-06-16,2,7108.742168333332,5381.997845,3804.8519333333325,0.0,4126.3720517235,8866.958133148146,9483.142934388889
2025-06-16,3,12449.137708333334,2769.2995996502054,1057.9613166666663,0.0,9468.1122211135,9483.142934388889,10800.0
2025-06-16,4,17978.939005833334,90.22416833333364,1759.5849241833337,0.0,20733.705081006854,10800.0,8926.107391296295
2025-06-16,5,17465.932483416665,2792.371681666665,3909.170439916667,0.0,13086.165966407789,8926.107391296295,7095.719193777774
2025-06-17,0,17204.004578909466,2634.2426505761337,1002.7007799999998,0.0,8299.836507140833,7095.719193777774,8352.425601518518
2025-06-17,1,12312.64358333333,3627.102588333333,3607.4794383333333,0.0,6130.000208464166,8352.425601518518,7608.507443981482
2025-06-17,2,4179.15584,4142.113206666667,3186.7042999999994,0.0,2638.646428637167,7608.507443981482,7795.626774425926
2025-06-17,3,9658.311528492168,5331.917909310081,2720.964309624497,0.0,6969.0030096050505,7795.626774425926,9571.059215444448
2025-06-17,4,14877.981820912964,745.7194929629632,4733.209172049999,0.0,16624.52453816657,9571.059215444448,4983.08545683334
2025-06-17,5,19493.873157515638,2184.7964700000007,1735.6898124843622,0.0,15800.65933106821,4983.08545683334,5020.858043739605
2025-06-18,0,19279.178245,5186.042665,1343.334025,0.0,8969.395539897832,5020.858043739605,8195.703081128493
2025-06-18,1,12584.956626088093,2913.187522635007,3665.48609296667,0.0,6185.846757871567,8195.703081128493,6744.809525981478
2025-06-18,2,5681.575219999999,5072.344333333333,2700.2017499999997,0.0,3493.8030922798325,6744.809525981478,8309.695259314813
2025-06-18,3,9253.931628106995,3948.326248909467,956.8699949999991,0.0,6674.605354264122,8309.695259314813,10800.0
2025-06-18,4,15713.730633333334,63.712860082303244,3968.6360650767465,0.0,17854.294279181,10800.0,6447.745946211021
2025-06-18,5,18746.944871249998,2170.693472916667,2108.941885,0.0,14974.379839845416,6447.745946211021,6058.10131072491
2025-06-19,0,16115.746944029934,854.299594029934,289.512883333333,0.0,7557.2134411943325,6058.10131072491,6505.289963870369
2025-06-19,1,14101.115587610902,5248.745580123457,3706.0675816666662,0.0,6857.016497758675,6505.289963870369,7111.308117462965
2025-06-19,2,5297.951553129837,5424.535271463171,3358.6902166666664,0.0,3047.7982221163475,7111.308117462965,8261.511843261302
2025-06-19,3,11062.029102242792,3686.3357708619274,701.2926333333335,0.0,7477.080574688362,8261.511843261302,10800.0
2025-06-19,4,16627.049919341564,41.36113999390242,3185.1667430246903,0.0,19058.42494075372,10800.0,7298.150867078192
2025-06-19,5,18987.817714577366,2861.1303946522644,2321.5245717415646,0.0,14726.341580893257,7298.150867078192,7293.696475885715
2025-06-20,0,9421.561606661187,1545.9860583333334,3622.535268338812,0.0,3650.5378180737507,7293.696475885715,4660.044741342589
2025-06-20,1,4616.168588333333,1268.9861533333335,2421.3314033333336,0.0,1469.0310592113333,4660.044741342589,3111.764053416665
2025-06-20,2,0.0,8542.484385092595,0.0,0.0,0.0,3111.764053416665,10800.0
2025-06-20,3,208.04583000000025,0.0,0.0,0.0,124.38501679700016,10800.0,10800.0
2025-06-20,4,6232.248201595472,74.19233333333528,4112.236623333333,0.0,5553.097585837966,10800.0,6297.621296296297
2025-06-20,5,18541.36967191917,7317.818074614646,2479.59798602881,0.0,10262.726927882024,6297.621296296297,10128.548690084135
2025-06-21,0,6662.521463599998,898.8653976842943,6182.7327730666675,0.0,2583.0840608075796,10128.548690084135,4067.8244668148163
2025-06-21,1,4496.088196666666,1016.0637249999999,2801.090095,0.0,1435.5098743646665,4067.8244668148163,1869.959491537038
2025-06-21,2,0.0,9922.267231625516,0.0,0.0,0.0,1869.959491537038,10800.0
2025-06-21,3,462.9310066666693,0.0,0.0,0.0,232.64231152266706,10800.0,10800.0
2025-06-21,4,7023.104980316668,181.30114999999978,3353.605406666665,0.0,6316.831984688518,10800.0,7236.942805370373
2025-06-21,5,16310.460003333334,5971.583203333334,3017.4999166666666,0.0,8821.278861200333,7236.942805370373,9258.590003185189
2025-06-22,0,15369.458043333332,1272.6218600000002,1496.1086333333333,0.0,7353.977291255166,9258.590003185189,8741.606751259262
2025-06-22,1,12151.361941841558,2597.1392763785966,2191.655583333333,0.0,6021.387825404901,8741.606751259262,8643.85922962963
2025-06-22,2,4388.779230000001,4910.106473251029,2036.659549999999,0.0,2726.3059439070003,8643.85922962963,10800.0
2025-06-22,3,9067.477700273863,2249.5892502738643,2162.5101999999997,0.0,6118.3368678502065,10800.0,10421.841214135366
2025-06-22,4,15894.516887545062,420.1764287384822,3547.680175,0.0,17825.844191259333,10421.841214135366,6858.13313888889
2025-06-22,5,18995.94809910265,1971.082599102652,1590.50745,0.0,15468.589792946925,6858.13313888889,6864.876978081279
2025-06-23,0,16554.024730300633,2191.3401536339675,818.8757233333336,0.0,7625.938986162197,6864.876978081279,7927.221201537034
2025-06-23,1,11465.845328333333,3481.677810000002,3794.3149816666664,0.0,5408.430773365333,7927.221201537034,6844.825695351853
2025-06-23,2,4814.858926666666,4947.333581666667,2705.5217999999995,0.0,2736.4398980106666,6844.825695351853,8291.290585518522
2025-06-23,3,7518.876481234569,4453.881247880658,1968.51604,0.0,4733.781161733803,8291.290585518522,10112.54366416667
2025-06-23,4,15123.545686666666,612.3601700000004,3890.5850833333325,0.0,17125.277825750334,10112.54366416667,6340.795502351853
2025-06-23,5,19093.29097195473,2029.4780569547315,1629.9300349999999,0.0,15583.406938797794,6340.795502351853,6356.292381388891
2025-06-24,0,16658.889801563782,1888.4190682304516,848.489591666667,0.0,7866.863313790103,6356.292381388891,7113.103329833336
2025-06-24,1,16282.428497467421,5536.543388239023,1731.149581597222,0.0,10249.065573979502,7113.103329833336,10172.492844140434
2025-06-24,2,5179.110418333334,4749.852185277778,6040.83105,0.0,4461.991523186209,10172.492844140434,7735.325310890435
2025-06-24,3,7062.304916666666,4401.593853333333,2114.5258516666663,0.0,5307.482768983333,7735.325310890435,9347.286610371912
2025-06-24,4,15830.316761416656,181.32922399177073,3063.60427924178,0.0,18452.92365865049,9347.286610371912,6106.478157251415
2025-06-24,5,17609.555391131686,2393.4646627983525,3488.737921666666,0.0,13108.291993851737,6106.478157251415,4384.220885251413
2025-06-25,0,20303.162048477076,5042.967573074562,238.14699833333339,0.0,9458.328090913832,4384.220885251413,8658.283925092592
2025-06-25,1,12496.494391284727,3012.9556824369924,2832.48567,0.0,6268.573387375142,8658.283925092592,8222.737739285887
2025-06-25,2,4866.304923333334,4390.103973333335,3889.1880333333324,0.0,3294.9597618271673,8222.737739285887,7852.511278248854
2025-06-25,3,8259.52807303498,4992.861069435427,1391.4776166666666,0.0,5455.569948611018,7852.511278248854,10800.0
2025-06-25,4,15428.961471575003,30.267467757201757,3686.054852015531,0.0,17287.869744640102,10800.0,6731.624218742001
2025-06-25,5,19019.687038355965,1979.1159766893006,1640.0629050000007,0.0,15475.153337036078,6731.624218742001,6690.536481095707
2025-06-26,0,17437.80216147802,2183.1493281446865,91.49208333333343,0.0,8238.633560105993,6690.536481095707,8553.713006055556
2025-06-26,1,13687.067861833335,3584.87732788066,2250.102613166665,0.0,7195.530131164351,8553.713006055556,9279.988586518519
2025-06-26,2,3693.4957750205804,4476.081378333332,3957.0764833333333,0.0,2031.4026954362016,9279.988586518519,8911.710178870371
2025-06-26,3,11179.560628045265,2586.0939370576116,395.27525000000014,0.0,7801.313704567309,8911.710178870371,10800.0
2025-06-26,4,13968.189234999998,0.0,5239.866631666666,0.0,15209.175225434665,10800.0,4977.925964814816
2025-06-26,5,18895.449412923866,1837.6861845905335,1531.0313549999996,0.0,15376.437421076635,4977.925964814816,4930.6975809462965
2025-06-27,0,8896.029958485597,870.2237001522631,3354.5975083333333,0.0,3367.7640396305837,4930.6975809462965,1986.5683462685176
2025-06-27,1,6186.748211666666,1793.238645,1786.7861500000001,0.0,2077.5623519146666,1986.5683462685176,1615.1651823240722
2025-06-27,2,0.0,10205.372019639919,0.0,0.0,0.0,1615.1651823240722,10800.0
2025-06-27,3,98.47233043210005,0.0,0.0,0.0,51.22555909029079,10800.0,10800.0
2025-06-27,4,5106.757064259261,59.29720500000019,4391.327366666666,0.0,4439.241723924402,10800.0,5974.114854870373
2025-06-27,5,18556.143615884772,7679.20560755144,2472.5292249999993,0.0,10071.66617595721,5974.114854870373,10138.145207222227
2025-06-28,0,5231.640329999994,1754.5545291975252,8237.631975,0.0,1779.5761852728315,10138.145207222227,2564.319866833337
2025-06-28,1,6335.312619855973,1642.666188189307,1772.4677700000004,0.0,2127.2138831513826,2564.319866833337,2073.3108028703805
2025-06-28,2,0.0,9214.685516666666,0.0,0.0,0.0,2073.3108028703805,10366.52776787038
2025-06-28,3,0.0,481.63581347735493,49.04049999999995,0.0,0.0,10366.52776787038,10745.510555555556
2025-06-28,4,4885.8553900411525,245.53889384773615,4176.547801666667,0.0,4378.603560538605,10745.510555555556,6325.8868915
2025-06-28,5,19149.294398888884,7844.242700802465,2327.134789999998,0.0,10461.645524660054,6325.8868915,10800.0
2025-06-29,0,13876.805941666666,1667.9189916666664,3362.550833333333,0.0,6319.243285058333,10800.0,8564.959499907409
2025-06-29,1,14656.56104596707,3440.840096934146,2306.9482333333335,0.0,7798.11462494371,8564.959499907409,9098.439772333328
2025-06-29,2,5475.464334999999,5879.834156666667,3653.885416666667,0.0,3482.940853716499,9098.439772333328,10330.417828148144
2025-06-29,3,9162.162296378601,1037.0632362139945,417.3972666666665,0.0,6493.232274870214,10330.417828148144,10800.0
2025-06-29,4,16688.495721166666,0.0,2495.7095759166664,0.0,19008.02726781681,10800.0,8026.989360092594
2025-06-29,5,19404.228686583334,3057.597004999999,2053.845101749999,0.0,15691.991192595917,8026.989360092594,8496.776551537041
2025-06-30,0,17244.073342458843,2105.158186666667,232.27386333333345,0.0,7996.706561361105,8496.776551537041,10133.336849166673
2025-06-30,1,10305.564508971192,1177.8966762962878,3674.197493333333,0.0,5359.3518860181675,10133.336849166673,7111.002198574073
2025-06-30,2,3341.8440666666665,4105.906300000001,3697.715033333333,0.0,1865.0846660184998,7111.002198574073,6697.745609314814
2025-06-30,3,7920.722224999999,5415.880041090541,760.451318333334,0.0,5559.363229995499,6697.745609314814,10727.091737037037
2025-06-30,4,14698.691834133331,318.6875432304534,3744.7149808666672,0.0,16400.577641693977,10727.091737037037,6853.116102759261
2025-06-30,5,17799.50420473251,2008.9206630658446,2726.8384916666664,0.0,13604.257534414857,6853.116102759261,5631.324153222226
2025-07-01,0,17679.364188003576,2680.6024548456694,3055.6482001754275,0.0,9272.051039611564,5631.324153222226,4648.701695721745
2025-07-01,1,19027.707771664318,6653.970009861111,1380.6243372245685,0.0,14294.98047605678,4648.701695721745,9103.247663236114
2025-07-01,2,4653.4728338194445,4923.375047083334,3911.5467666666673,0.0,3490.4401502665755,9103.247663236114,9188.122131537042
2025-07-01,3,6287.76642164866,2654.0620393852814,924.7534300000002,0.0,4537.0705195889295,9188.122131537042,10549.274155872683
2025-07-01,4,15071.342274583334,266.0831813194445,5180.459073402776,0.0,18831.84532653892,10549.274155872683,5032.683381945984
2025-07-01,5,19589.947691849997,1225.3490574749985,2907.398798958334,0.0,18029.936023775746,5032.683381945984,2905.054423719778
2025-07-02,0,20505.467471131888,3833.606891131891,1431.5034700000006,0.0,10938.57714112819,2905.054423719778,4764.741214627368
2025-07-02,1,13773.999315,4037.3704466666663,3370.5079149999997,0.0,7576.309769931167,4764.741214627368,4653.3658221829255
2025-07-02,2,1589.4990003008738,3199.986240300874,2375.83,0.0,906.7623195502435,4653.3658221829255,4893.542327342602
2025-07-02,3,7074.177207296806,6725.205932582297,131.60490000000004,0.0,4537.067471296118,4893.542327342602,10800.0
2025-07-02,4,15347.978006893747,177.3081524879961,5093.92649137014,40.769161597222364,19912.382467603675,10800.0,5299.659013494598
2025-07-02,5,18984.763772550432,1256.232938783769,3556.653082900002,0.0,17466.75817196459,5299.659013494598,2478.431899622209
2025-07-03,0,18831.01714039352,1495.403452060188,1023.1894616666666,0.0,10080.56056315692,2478.431899622209,2687.4178268467476
2025-07-03,1,21213.800744427957,8064.191012897078,348.08976284412074,0.0,15030.539361874386,2687.4178268467476,9558.423335293981
2025-07-03,2,5480.636800416668,5219.053592291667,3737.7579166666665,0.0,4351.352778072896,9558.423335293981,10102.50721650463
2025-07-03,3,8491.756699156376,2483.458792361113,1383.8581166666672,0.0,6222.827364400849,10102.50721650463,10800.0
2025-07-03,4,15881.88772348889,190.2793897277794,4844.557856794444,79.26029277777786,20891.449698762375,10800.0,5588.409387650062
2025-07-03,5,18589.05517181782,1178.8655489011576,3892.4302927083345,22.103034374999993,16847.686067197814,5588.409387650062,2324.465834207398
2025-07-04,0,12998.292726666667,771.8491083333331,1637.2170285366583,488.87165313000787,6988.806209799041,2324.465834207398,1200.0
2025-07-04,1,7296.914278690958,3111.4146066770695,2101.0648163994533,1232.222194919991,5806.883357444917,1200.0,1665.756683343303
2025-07-04,2,0.0,10149.159240729665,0.0,0.0,0.0,1665.756683343303,10800.0
2025-07-04,3,0.0,0.0,83.70323333333329,0.0,0.0,10800.0,10706.996407407407
2025-07-04,4,5940.10649131111,171.14360356944542,4952.967412258335,0.0,6096.457895054856,10706.996407407407,5357.728525888423
2025-07-04,5,18033.933844994855,5412.669047703191,3807.491819375,0.0,11141.805324866898,5357.728525888423,5998.5842028490715
2025-07-05,0,10422.355572935834,1440.0535316666667,5102.454592064165,0.0,4479.48377854213,5998.5842028490715,1625.2383901666662
2025-07-05,1,7358.814048283333,2132.006892638889,1482.7116721722218,1247.58058885,6544.89252303916,1625.2383901666662,1896.5871800169757
2025-07-05,2,0.0,9892.680911092246,0.0,0.0,0.0,1896.5871800169757,10800.0
2025-07-05,3,87.72565506944466,0.0,0.0,0.0,76.5246914543439,10800.0,10800.0
2025-07-05,4,6003.664470683435,67.34300320216059,5368.149508622119,0.0,6147.244039338283,10800.0,4895.9981377462545
2025-07-05,5,18967.74706151123,5831.791170389106,3065.4648588778764,0.0,12028.334847629309,4895.9981377462545,6738.538125676587
2025-07-06,0,19132.33385959803,2482.1064912646993,1260.106048333333,0.0,10052.209463338271,6738.538125676587,7572.316136333333
2025-07-06,1,16462.741018700697,3631.8396945833333,828.4241790076371,0.0,12678.491588480314,7572.316136333333,9920.500551449846
2025-07-06,2,5216.87897701389,4898.096650652434,3175.908783333333,0.0,3810.2712120608244,9920.500551449846,10800.0
2025-07-06,3,7650.117020943931,2104.024889146088,1704.260160208333,0.0,7720.996522921375,10800.0,10800.0
2025-07-06,4,16689.212152777778,69.83599768518613,5148.142724791666,38.57224166666663,21826.865079997595,10800.0,5142.693814814815
2025-07-06,5,18528.125642261315,1583.2805807613177,4270.5184235000015,48.392914999999675,16889.46228530808,5142.693814814815,1822.6258669444426
2025-07-07,0,21195.036706666666,3888.65207,1043.1363299999998,0.0,11322.780915604333,1822.6258669444426,4163.372363277777
2025-07-07,1,13531.63302348107,4894.807101814405,4154.699011666667,0.0,7369.658471745631,4163.372363277777,3952.3665197255564
2025-07-07,2,3758.615486732691,5176.176592774357,2282.6208333333325,0.0,2488.527775798236,3952.3665197255564,6074.680082852108
2025-07-07,3,7069.024414072935,5511.824599300128,211.78999999999996,0.0,5276.113720401657,6074.680082852108,10800.0
2025-07-07,4,14574.29726036319,66.88800333333302,5737.284724577781,38.78730444444443,17960.39090063087,10800.0,4485.438397913577
2025-07-07,5,20260.93242658539,1641.3200298353913,2705.717519916666,0.0,18218.65075134954,4485.438397913577,2956.273624858024
2025-07-08,0,23169.485972639748,5671.096649098082,816.2034914583335,0.0,12099.535233546972,2956.273624858024,7153.367840759259
2025-07-08,1,15043.138946666668,4083.3865555349785,4396.494954999998,0.0,7814.327170881502,7153.367840759259,5943.421346296297
2025-07-08,2,3583.122379999999,4785.218116666667,3046.3533833333336,0.0,1964.1395121613327,5943.421346296297,6865.280558703704
2025-07-08,3,11034.358517572015,5441.2321569958885,866.1505499999997,0.0,7705.445318259363,6865.280558703704,10800.0
2025-07-08,4,18374.538733611105,60.76335333333384,4567.142606388892,0.0,21845.18693450636,10800.0,5780.084122012341
2025-07-08,5,19673.068775648146,1911.8329381481453,3567.7194124999996,0.0,17450.92291506646,5780.084122012341,3536.601085790118
2025-07-09,0,21361.259719166323,3314.515252499659,5.696666666666715,0.0,11513.82998485317,3536.601085790118,6513.335183410182
2025-07-09,1,13870.021203577999,4486.678053333333,4207.141429499999,0.0,7118.005747162665,6513.335183410182,5876.743843076849
2025-07-09,2,3059.00945735102,5070.982334017687,2358.8981499999995,0.0,1653.884726484102,5876.743843076849,7819.629999248322
2025-07-09,3,7341.239563868304,4292.156564621206,794.3138166666665,0.0,4906.724286510549,7819.629999248322,10800.0
2025-07-09,4,16875.564339971,18.350448333333475,4094.6911500000006,41.879999999999654,20943.716645087483,10800.0,6266.858570166666
2025-07-09,5,18754.503997352087,1341.042860449589,3709.3414130975007,0.0,16088.120125633657,6266.858570166666,3352.3066855740744
2025-07-10,0,21094.17701,3269.5056933333344,119.06043333333321,0.0,11205.914101367167,3352.3066855740744,6162.572439203705
2025-07-10,1,15149.916483289917,5418.5463470164605,3848.8228805166677,0.0,8183.050698733281,6162.572439203705,6762.794284277776
2025-07-10,2,1432.7147783333335,3654.476933333334,2650.878716666666,0.0,644.3765374700001,6762.794284277776,7106.40272798148
2025-07-10,3,8184.484640000001,4823.172010061731,582.5317833333329,0.0,5833.100666016667,7106.40272798148,10800.0
2025-07-10,4,16400.245790247733,107.36590534979496,4667.090388494238,0.0,19787.46877156193,10800.0,5710.973327598997
2025-07-10,5,19162.76529738683,1156.0983173868317,3256.713553333332,1.4891666666666197,16772.865100078747,5710.973327598997,3132.891198432332
2025-07-11,0,14018.899227619233,2142.124538333333,2296.995677380766,0.0,6017.135784796958,3132.891198432332,2508.5858636203716
2025-07-11,1,8239.4886827572,2129.0832160905343,2169.7075000000004,0.0,3391.750814782086,2508.5858636203716,2013.9746469907407
2025-07-11,2,0.0,8046.6884,0.0,0.0,0.0,2013.9746469907407,9255.994206990741
2025-07-11,3,827.365496666667,1715.5619922325088,0.0,0.0,435.2576865573335,9255.994206990741,10800.0
2025-07-11,4,8690.562186666668,76.76816999999949,4233.175621666665,0.0,8302.698992712774,10800.0,6165.562884481483
2025-07-11,5,14893.518919833332,2535.201489833333,3697.0572700000002,0.0,9716.5555197326,6165.562884481483,4339.4028142203715
2025-07-12,0,13172.189992201664,2485.715975534999,3663.2424499999997,0.0,5825.830927721037,4339.4028142203715,2506.2778033129825
2025-07-12,1,8544.380881316873,2530.144207983539,1822.468816666667,0.0,3076.492752704669,2506.2778033129825,2758.4422386463166
2025-07-12,2,0.0,8935.06417928187,0.0,0.0,0.0,2758.4422386463166,10800.0
2025-07-12,3,315.6878033333336,0.0,0.0,0.0,191.72701835566681,10800.0,10800.0
2025-07-12,4,7399.137169711315,4.776228395061884,4568.849273683332,0.0,7087.324523261494,10800.0,5727.799412574076
2025-07-12,5,17182.50104535,4129.8947557613155,3163.499277077982,0.0,11232.30019302616,5727.799412574076,5929.705496005949
2025-07-13,0,18880.303760507795,1945.8955771744618,819.4935499999997,0.0,10013.753848662604,5929.705496005949,6770.463126574075
2025-07-13,1,14981.869480933332,4927.397678512018,3495.246391961404,0.0,7606.824207503643,6770.463126574075,7321.513935055552
2025-07-13,2,2676.3873166666663,4974.1207583333335,2273.9651499999995,0.0,1282.2725313824997,7321.513935055552,9271.594673111107
2025-07-13,3,8246.49942148148,2144.74937555556,361.6822000000002,0.0,5454.11617704811,9271.594673111107,10800.0
2025-07-13,4,18427.630256666667,0.0,3667.1233229833333,0.0,22041.215986745676,10800.0,6725.41853001852
2025-07-13,5,18376.64816675,1013.1496884166672,3730.6679716666667,0.0,15347.983075643591,6725.41853001852,3492.0666144083366
2025-07-14,0,21379.734575657403,3471.285458990738,197.76677499999994,0.0,11557.202460404604,3492.0666144083366,6396.48266638889
2025-07-14,1,14010.114824279835,5674.646837613169,4562.4804699999995,0.0,6553.247739958247,6396.48266638889,6434.242075796297
2025-07-14,2,2936.1279800000016,4483.045268333335,2004.440666666666,0.0,1481.2686882058342,6434.242075796297,8241.826521000003
2025-07-14,3,6264.062774835388,2969.982178312757,103.32943333333333,0.0,3948.100239372706,8241.826521000003,10800.0
2025-07-14,4,17694.966072738494,0.0,3789.0092439115037,0.0,21664.878375336608,10800.0,6589.989728987217
2025-07-14,5,18617.304670481975,1351.7857704819767,3914.4328666666665,0.0,15758.12959132505,6589.989728987217,3457.227070569144
2025-07-15,0,26029.75930228943,7575.87073728943,0.0,0.0,13685.161573967102,3457.227070569144,10275.51073412963
2025-07-15,1,13983.246446995885,1203.3601029629647,3784.9851916666667,0.0,6956.334279209361,10275.51073412963,7152.995724944444
2025-07-15,2,4368.320281666666,6004.8488858641995,1581.6237500000002,0.0,2493.6205985404995,7152.995724944444,10800.0
2025-07-15,3,11341.020993395061,519.5222633744884,420.81303333333335,0.0,8415.561844825475,10800.0,10800.0
2025-07-15,4,19106.213700166663,199.28675905349712,3779.2887548333338,0.0,23102.912493910564,10800.0,6780.148355555554
2025-07-15,5,20464.20591347222,2536.251080305555,2756.448516833335,0.0,17623.568870628715,6780.148355555554,6000.053753571292
2025-07-16,0,19908.95468885249,3333.286856666667,1017.9857344808428,0.0,10317.55636013706,6000.053753571292,7868.916664037021
2025-07-16,1,15577.940077166666,4345.216600514421,3408.4981961666654,0.0,8374.826078568,7868.916664037021,7992.39138653704
2025-07-16,2,3496.493157655361,5040.328521131685,1555.8183499999996,0.0,2003.70451196755,7992.39138653704,10800.0
2025-07-16,3,8003.95660849691,366.73866255143975,297.05831666666654,0.0,5683.896034714771,10800.0,10800.0
2025-07-16,4,18198.94049333333,65.39720370370358,3584.3067183333333,0.0,22451.152586627497,10800.0,6876.294462962964
2025-07-16,5,19780.35437277366,2274.4083261069954,3522.65852,0.0,16927.77354124404,6876.294462962964,5009.196934237038
2025-07-17,0,21840.606534458846,4078.707579458848,40.00899500000014,0.0,11595.987863577606,5009.196934237038,8635.57931686111
2025-07-17,1,12642.02236778333,2433.112878472632,4996.416908333334,0.0,6239.766529810205,8635.57931686111,5273.806564893887
2025-07-17,2,4230.396093703704,5923.704207037038,2836.7979000000005,0.0,2216.223233271389,5273.806564893887,7453.142684560556
2025-07-17,3,10119.907187489714,4526.948580940944,654.656766666667,0.0,6775.8126162108,7453.142684560556,10800.0
2025-07-17,4,18830.505846666667,0.0,3913.5628408516436,0.0,22747.659032825908,10800.0,6451.596843498174
2025-07-17,5,20333.95428744609,1902.893530779424,2823.93936,0.0,18007.55553431122,6451.596843498174,5026.490621199657
2025-07-18,0,15345.879189321822,3434.9099564553326,2107.1990254668426,0.0,6452.535292651684,5026.490621199657,5776.577331490742
2025-07-18,1,7478.380555,1920.8764000000006,1976.9824666666664,0.0,2648.180465825333,5776.577331490742,5308.718906305557
2025-07-18,2,0.0,6101.423437438268,0.0,0.0,0.0,5308.718906305557,10800.0
2025-07-18,3,38.15247526749085,0.0,39.368796666666526,0.0,23.06880453746978,10800.0,10756.256892592593
2025-07-18,4,8067.0945508847735,242.31947736625435,4283.8576649999995,0.0,7795.1554746428355,10756.256892592593,6214.5025722222235
2025-07-18,5,16217.250434382713,2430.1464496849794,2206.2292319689313,0.0,11695.600012370423,6214.5025722222235,5950.268563639892
2025-07-19,0,12229.081189890763,1718.3260933333336,3470.497620109236,0.0,5312.336532866467,5950.268563639892,3640.6535808518533
2025-07-19,1,9847.50613302469,4176.001193024692,1510.8842666666665,0.0,3654.456207126191,3640.6535808518533,5720.294358277781
2025-07-19,2,0.0,5644.117379691353,0.0,0.0,0.0,5720.294358277781,10800.0
2025-07-19,3,290.54047500000036,0.0,0.0,0.0,169.18818795816688,10800.0,10800.0
2025-07-19,4,8756.247098600446,343.13160320987635,4011.095985333335,0.0,8753.863944297971,10800.0,6652.0451258518515
2025-07-19,5,17193.892773166666,3925.7176548333337,2822.0599399999996,0.0,11300.420176222733,6652.0451258518515,7049.568859646298
2025-07-20,0,18571.056964101666,1689.2421807683327,764.6283333333332,0.0,9804.831812456525,7049.568859646298,7720.29978530076
2025-07-20,1,15325.678456329315,3626.9331774436005,3643.1390203373508,0.0,7855.319938851519,7720.29978530076,6936.607400180723
2025-07-20,2,2467.933912885615,3618.8133795522813,2008.6769,0.0,1468.1763885463752,6936.607400180723,7961.676219555553
2025-07-20,3,9830.038563106995,3576.336072921814,342.34081666666634,0.0,6613.041947767415,7961.676219555553,10800.0
2025-07-20,4,19393.693519466666,75.50036312757132,3273.5724947000012,0.0,23018.50529163662,10800.0,7230.647554925923
2025-07-20,5,20511.624344588476,2275.6609662551436,2771.2842883333333,0.0,18008.279346134128,7230.647554925923,6199.5376597407385
2025-07-21,0,17795.912123775,2239.4717383333327,2117.123814558331,0.0,9461.816445739718,6199.5376597407385,5862.702430287038
2025-07-21,1,19466.52117829218,6155.915741862137,4276.343821666666,0.0,10047.106292760303,5862.702430287038,6651.5334627777775
2025-07-21,2,4569.013919999999,5980.843233333333,2550.788733333333,0.0,2416.8893957531664,6651.5334627777775,9200.082669074076
2025-07-21,3,11710.524234650205,2288.6169314814797,413.85411666666676,0.0,8487.994005132967,9200.082669074076,10800.0
2025-07-21,4,18536.056034999998,163.1267178904036,4268.47773482456,0.0,22366.296754913306,10800.0,6204.061007407408
2025-07-21,5,21234.405574588476,2620.522316255143,2211.428025,0.0,19084.37758788357,6204.061007407408,6105.388842037037
2025-07-22,0,20042.549692766665,2943.0479033333318,806.3248605666672,0.0,10524.124574432699,6105.388842037037,7858.215443296295
2025-07-22,1,15786.501629759252,5062.905489115227,3549.4558811666684,0.0,8728.710894321148,7858.215443296295,8470.990515537034
2025-07-22,2,4284.164620185183,4921.855579444446,1890.5944833333328,0.0,2285.010425540795,8470.990515537034,10800.0
2025-07-22,3,7424.202839197537,1400.6031893004101,1134.4885833333333,0.0,5007.635933242499,10800.0,10800.0
2025-07-22,4,17295.722873333332,0.0,4296.612361666666,0.0,20603.637403127497,10800.0,6025.986264814817
2025-07-22,5,20954.90109241975,3039.922461419753,3031.6689023333356,0.0,18989.859967597255,6025.986264814817,5393.3954775
2025-07-23,0,22300.990068333333,4656.753668333333,0.0,0.0,11528.8016233735,5393.3954775,9584.473778999998
2025-07-23,1,12573.24654,1402.1306933333362,4830.046925,0.0,6592.924880496167,9584.473778999998,5479.672597444445
2025-07-23,2,4301.41141858025,5650.975755246917,2520.525083333333,0.0,2566.820017617928,5479.672597444445,7764.967351240746
2025-07-23,3,7686.890634999998,4473.800101502052,892.2486983333326,0.0,5091.829563669666,7764.967351240746,10800.0
2025-07-23,4,17426.283465110835,116.529405,4403.043084889164,0.0,21099.151232468703,10800.0,6012.606370178705
2025-07-23,5,20297.96724122119,2227.9797112211922,2722.585653333333,0.0,17353.420066868348,6012.606370178705,4992.69293990741
2025-07-24,0,20530.095160267487,3504.1918886008216,842.6697783333334,0.0,10760.247180641765,4992.69293990741,7210.165885944444
2025-07-24,1,13978.684780000001,4441.138057078188,4013.380204999998,0.0,7333.908326634001,7210.165885944444,6747.87879842593
2025-07-24,2,3194.0668722016417,5242.546722201642,1501.8965833333332,0.0,1685.6403114411787,6747.87879842593,9797.396866925927
2025-07-24,3,6856.473224999999,2087.2344411934146,1285.1792833333334,0.0,4587.697618347,9797.396866925927,10247.930882518524
2025-07-24,4,17635.26266453334,892.9491266666662,3952.7491454666597,0.0,21673.39351548109,10247.930882518524,6659.641601555563
2025-07-24,5,20413.066022962958,2483.119621296292,2725.1634483333332,0.0,17658.95867933415,6659.641601555563,5866.48987368519
2025-07-25,0,12559.766301666667,2199.0323516666676,3522.8600333333334,0.0,5264.480475795167,5866.48987368519,3931.330064259265
2025-07-25,1,9671.700036221977,3894.3707050000003,2094.1776737780224,0.0,3679.2452690074897,3931.330064259265,5109.399616783685
2025-07-25,2,0.0,6322.889314684797,0.0,0.0,0.0,5109.399616783685,10800.0
2025-07-25,3,134.77716166666687,0.0,0.0,0.0,73.67485170133347,10800.0,10800.0
2025-07-25,4,8186.522214797833,9.947483333333594,4149.192791868833,0.0,7941.729417869606,10800.0,6198.73852181241
2025-07-25,5,15872.923669872942,2556.946690587448,2391.809337381171,0.0,11185.816759326608,6198.73852181241,5842.42461291759
2025-07-26,0,13142.661246707503,3481.569076666667,4501.52829662583,0.0,5592.314018113792,5842.42461291759,3974.1386745555556
2025-07-26,1,9821.28886355967,3697.3689435596716,1656.45595,0.0,3884.52519548543,3974.1386745555556,5461.264112648149
2025-07-26,2,0.0,5931.92876372428,0.0,0.0,0.0,5461.264112648149,10800.0
2025-07-26,3,366.96205333333296,0.0,0.0,0.0,215.7500746838331,10800.0,10800.0
2025-07-26,4,9269.12307,0.0,3076.928288316665,0.0,9458.313081702916,10800.0,7381.190790759261
2025-07-26,5,16963.299811769546,4641.959425102881,3435.236996666666,0.0,10641.135227491623,7381.190790759261,7742.024277055558
2025-07-27,0,18601.037903045268,2321.6233530452664,1451.5174999999995,0.0,9763.959495036283,7742.024277055558,8218.688072574076
2025-07-27,1,13972.813349116937,3132.805530145744,4578.264276666667,0.0,7612.098460074607,8218.688072574076,5951.252742297837
2025-07-27,2,3460.3849860493838,5153.886833333334,3204.8463499999993,0.0,1680.066744831056,5951.252742297837,7028.8105034089485
2025-07-27,3,8196.220921213991,5213.251127899524,828.6628666666661,0.0,5533.889620244807,7028.8105034089485,10800.0
2025-07-27,4,18694.32816833333,0.0,3731.1220383333334,0.0,22561.337932506445,10800.0,6654.308846296296
2025-07-27,5,20333.724950555556,2495.717313888889,2763.0137300000006,0.0,17706.712045509285,6654.308846296296,5830.439173240741
2025-07-28,0,22682.600818333332,4716.4034083333345,0.0,0.0,11599.240927570667,5830.439173240741,10075.202240740744
2025-07-28,1,14378.722679054732,1074.5891186213958,3586.6973328999984,0.0,7449.0159598043565,10075.202240740744,7057.113188722226
2025-07-28,2,4664.444263333334,5090.16115,3529.4589166666665,0.0,2723.8992253498336,7057.113188722226,7716.637205203708
2025-07-28,3,11213.869886460901,4377.18499833333,770.4933333333332,0.0,8434.818389874577,7716.637205203708,10800.0
2025-07-28,4,19174.393273499998,463.97978991769634,3581.8708198333343,0.0,23478.99891820853,10800.0,7237.725344444443
2025-07-28,5,20328.367515244852,2098.5848670781884,2763.574551833334,0.0,17932.919746061947,7237.725344444443,6055.813333888887
2025-07-29,0,21353.25107333258,5867.790681665914,2504.0181166666657,0.0,11236.32215139173,6055.813333888887,8554.58259553636
2025-07-29,1,14742.496123565828,3587.3423888484913,2834.6031761666704,0.0,7883.8992561254745,8554.58259553636,8633.631660870366
2025-07-29,2,3810.5942341777145,3714.964329177715,3226.764799999999,0.0,2350.30578850373,8633.631660870366,8391.805334908087
2025-07-29,3,8923.990469238688,3593.156706069204,743.0817333333337,0.0,6061.145054534392,8391.805334908087,10800.0
2025-07-29,4,18079.58536728395,29.820473251028385,3648.8855383333334,0.0,22176.20476077926,10800.0,6772.521161111111
2025-07-29,5,19969.475655132715,2581.646167416667,3171.361312283952,0.0,16937.463183843414,6772.521161111111,5572.267920359496
2025-07-30,0,21678.12531793389,4063.0490346005577,65.64201666666634,0.0,11635.323130617946,5572.267920359496,9156.076477425924
2025-07-30,1,13273.363303500002,2613.2182155555556,4075.6808231666632,0.0,7009.72024081472,9156.076477425924,6979.438623462966
2025-07-30,2,3447.321198333333,4407.355105000001,3243.9753999999994,0.0,2075.4998846981666,6979.438623462966,7341.6411068518555
2025-07-30,3,7956.043274678803,4228.261590905346,415.1026216666662,0.0,5161.450705476471,7341.6411068518555,10685.851403481483
2025-07-30,4,18353.92206418333,229.80987037037104,3361.921293333335,0.0,22805.737389794864,10685.851403481483,7157.212183111107
2025-07-30,5,19617.280743271607,2551.09517160494,3407.0220616666666,0.0,16400.514062344897,7157.212183111107,5667.617769037035
2025-07-31,0,22486.492541666667,5205.612258333334,69.71537499999988,0.0,11700.355145041667,5667.617769037035,10275.207273759259
2025-07-31,1,14552.06034592593,1835.48495907408,2323.2473133333338,0.0,8158.351477277309,10275.207273759259,9345.757833222226
2025-07-31,2,5323.008178333333,5448.519304650199,3104.482686666666,0.0,2939.4853933236664,9345.757833222226,10800.0
2025-07-31,3,8674.053706666667,1203.7297530864212,1007.3200583333335,0.0,5899.682149046501,10800.0,10764.112268518518
2025-07-31,4,18377.700018949996,167.4199389300424,3530.6167973833344,0.0,22623.78359718033,10764.112268518518,6991.882660907407
2025-07-31,5,19922.5353543,2227.2291642999994,2826.9998100000003,0.0,17054.620678468473,6991.882660907407,5855.278008777405
2025-08-01,0,13832.791167800335,3461.054796666667,3654.536987199664,0.0,6036.719397331133,5855.278008777405,4909.630673333336
2025-08-01,1,8669.773816666666,2632.7574250000002,1166.3689499999998,0.0,3371.971055771333,4909.630673333336,5983.1468558333345
2025-08-01,2,0.0,5352.059049074073,0.0,0.0,0.0,5983.1468558333345,10800.0
2025-08-01,3,225.04434666666668,0.0,0.0,0.0,126.57831590949999,10800.0,10800.0
2025-08-01,4,8366.33107,66.32055833333334,3875.348620679011,0.0,8274.066859463113,10800.0,6553.745590634433
2025-08-01,5,15452.62290708642,2929.4210220864206,2810.0250483333334,0.0,10410.228291126874,6553.745590634433,6067.974456808509
2025-08-02,0,13007.987297330674,2656.5961800000005,3207.114441002658,0.0,5642.792232299388,6067.974456808509,4895.450528805557
2025-08-02,1,7041.742361666666,2233.250303333333,2346.002683333333,0.0,2556.573869049166,4895.450528805557,4298.706153657408
2025-08-02,2,0.0,7223.6598292695435,0.0,0.0,0.0,4298.706153657408,10800.0
2025-08-02,3,0.0,0.0,35.227666666666664,0.0,0.0,10800.0,10760.858148148149
2025-08-02,4,7242.048532222219,90.50358650205902,4167.288223333335,0.0,7162.129991300808,10760.858148148149,6211.991127851848
2025-08-02,5,15398.966949666668,3669.483624666668,3539.4081833333335,0.0,9278.459135706067,6211.991127851848,5581.850630792592
2025-08-03,0,20892.519736958846,4066.8125402921814,731.4616666666662,0.0,10555.886441168246,5581.850630792592,8429.246731870371
2025-08-03,1,13037.223828333332,2878.014625802466,4671.15841,0.0,6540.477446175166,8429.246731870371,5829.283883981483
2025-08-03,2,4420.723358333333,6986.380458127572,1185.3236666666662,0.0,2224.395709078666,5829.283883981483,10800.0
2025-08-03,3,7015.740769670778,0.0,0.0,0.0,4105.131462056653,10800.0,10800.0
2025-08-03,4,16684.509481666664,5.115117969823284,3998.598021303156,0.0,20074.85439276568,10800.0,6361.716915836
2025-08-03,5,19404.440416304526,2166.267282304526,3692.6531160000004,0.0,15978.453950628733,6361.716915836,4208.409563243406
2025-08-04,0,20572.600843333334,4059.355110000001,793.7144666666665,0.0,10290.386380779833,4208.409563243406,6979.924199280444
2025-08-04,1,13919.074891879753,4921.633045161643,4101.55508,0.0,7219.1989829414115,6979.924199280444,6852.110517703702
2025-08-04,2,3298.2352850000016,5941.560124362142,1259.5631666666663,0.0,1570.9512223540007,6852.110517703702,10800.0
2025-08-04,3,4894.465656400828,7.462201646091367,6.044383333333371,0.0,2906.9907771857374,10800.0,10800.0
2025-08-04,4,17706.449198333332,23.021734455762473,3024.7826355333355,0.0,21528.230348274195,10800.0,7459.849965973146
2025-08-04,5,19529.901454604937,2481.9470382716045,3633.7677503333334,0.0,16395.20344711463,7459.849965973146,5656.082577824996
2025-08-05,0,18555.532884915836,2980.481294999999,1922.0509850841636,0.0,9784.418714501406,5656.082577824996,6202.903537675925
2025-08-05,1,15606.995908333332,5313.1856348045285,4518.454531666666,0.0,7604.348453226833,6202.903537675925,5964.265573814814
2025-08-05,2,99.32638539094887,3065.1805687242813,1729.4810666666667,0.0,46.64367057958959,5964.265573814814,6801.282456037038
2025-08-05,3,4623.837806666666,4487.288587942383,35.8579666666667,0.0,2872.9645832486667,6801.282456037038,10800.0
2025-08-05,4,16482.01035283333,0.0,4086.467993333333,0.0,19557.02893076996,10800.0,6259.480007407408
2025-08-05,5,19844.7749996358,2021.7653024691344,2840.0086361666677,0.0,16993.254419708235,6259.480007407408,4923.503628333332
2025-08-06,0,19970.753072479423,2821.9382391460913,113.82433333333347,0.0,10447.369214123277,4923.503628333332,7336.776562083331
2025-08-06,1,12795.37308895062,3927.7918971296303,3770.265993333333,0.0,6435.678069894612,7336.776562083331,6682.604832462965
2025-08-06,2,0.0,3813.9056166666664,1579.2816500000001,0.0,0.0,6682.604832462965,8360.362498574075
2025-08-06,3,4333.826308042948,2778.843191584618,792.2452374305558,0.0,3425.2187589001533,8360.362498574075,9981.04888496628
2025-08-06,4,16491.909305242796,300.4056833333342,3657.0213280905364,0.0,20175.327328929718,9981.04888496628,6188.05696875457
2025-08-06,5,18693.637252051445,1862.8396170514409,3801.943781666661,0.0,15375.709100555869,6188.05696875457,3640.230644471243
2025-08-07,0,21527.120686666665,4435.28172,427.65363333333323,0.0,11259.2381309225,3640.230644471243,7156.813488767541
2025-08-07,1,10938.947025,3583.0776333333324,5919.998821666666,0.0,5210.798699380332,7156.813488767541,3803.806890249025
2025-08-07,2,406.9543150000002,4986.385314999999,1564.1912166666666,0.0,172.63002042300008,3803.806890249025,6553.563433008283
2025-08-07,3,2814.1201784424466,4759.030218468162,33.021566666666786,0.0,1885.6119319798684,6553.563433008283,10800.0
2025-08-07,4,15548.443127999995,0.10458333333315295,4530.1055386666685,0.0,18303.58483386401,10800.0,5766.643526481478
2025-08-07,5,19118.379464528807,1896.6399093621403,3340.5785781666646,0.0,16167.67369537916,5766.643526481478,3761.865469166666
2025-08-08,0,11889.47219337499,539.9360266666662,2068.4412499583414,0.0,4856.263913353671,3761.865469166666,1949.5398376573983
2025-08-08,1,7715.705156666676,2301.4083499999992,1897.1410716666567,0.0,2707.0170024755034,1949.5398376573983,1912.8728285833356
2025-08-08,2,0.0,9874.585746018516,0.0,0.0,0.0,1912.8728285833356,10800.0
2025-08-08,3,0.0,0.0,0.0,0.0,0.0,10800.0,10800.0
2025-08-08,4,6456.777896666664,173.62573045267442,4350.753815,0.0,6490.637673825165,10800.0,6122.092251851853
2025-08-08,5,16261.468448666667,5514.362916666666,4491.491884666666,0.0,9961.1017460778,6122.092251851853,6094.472338333336
2025-08-09,0,9836.190414899997,1021.9198133333334,4519.87808176667,0.0,4233.741668097458,6094.472338333336,1992.1134128148137
2025-08-09,1,7670.001768436215,2738.608331769549,2184.405,0.0,2665.50539752934,1992.1134128148137,2029.7442447407407
2025-08-09,2,0.0,9744.728616954733,0.0,0.0,0.0,2029.7442447407407,10800.0
2025-08-09,3,11.23905000000002,0.0,0.0,0.0,5.6599855800000105,10800.0,10800.0
2025-08-09,4,6200.098548056328,67.9834452333339,4313.353432773713,0.0,6440.710560256965,10800.0,6068.570175405876
2025-08-09,5,16381.8877425,4385.7195175,3387.055441666667,0.0,9880.399192720834,6068.570175405876,6252.322805970691
2025-08-10,0,20368.41460756343,4000.571249230097,757.9331416666661,0.0,10777.226048037212,6252.322805970691,9010.688995092594
2025-08-10,1,9275.623611666666,1995.5567700000001,5233.188591666667,0.0,4347.048527963167,9010.688995092594,4992.036097351855
2025-08-10,2,0.0,4474.722599999999,1441.76425,0.0,0.0,4992.036097351855,7417.326159574076
2025-08-10,3,2635.0940431481476,3771.3379091152265,10.377250000000004,0.0,1838.0670615747217,7417.326159574076,10800.0
2025-08-10,4,15356.209462825662,248.7362305736658,4594.150884414671,0.0,18773.008164321654,10800.0,5919.250513722224
2025-08-10,5,19643.604920748967,2522.6938924156366,3506.991038333334,0.0,16430.043869955105,5919.250513722224,4293.018307637036
2025-08-11,0,22216.82546882716,5036.18469382716,162.9565416666668,0.0,11111.78113947429,4293.018307637036,8644.521708007405
2025-08-11,1,10351.821061555556,2394.975879991773,4955.932266666667,0.0,4742.738326520578,8644.521708007405,5293.408592592594
2025-08-11,2,81.18047588477714,4369.254859218112,1955.1859,0.0,37.53785204912095,5293.408592592594,7053.309188111117
2025-08-11,3,3128.9515706995885,4232.969826687237,244.46370666666712,0.0,1865.0109726363025,7053.309188111117,10591.35569138889
2025-08-11,4,16901.50493833333,349.60478734567835,3714.6832166666677,0.0,20446.144715539114,10591.35569138889,6778.574203703701
2025-08-11,5,19151.786198416667,2199.7230350833324,3642.1627366666667,0.0,15868.122417019431,6778.574203703701,4711.4774500935155
2025-08-12,0,18128.144475999998,1006.5678943333335,170.66353500000025,0.0,9241.4028208151,4711.4774500935155,5427.762404993514
2025-08-12,1,14085.049003810704,5842.175006560701,4296.405486083329,0.0,6912.558972344621,5427.762404993514,5911.936037472225
2025-08-12,2,1838.6231223688364,4092.801611466058,1236.6518333333333,0.0,1351.1941692259975,5911.936037472225,8221.399895199083
2025-08-12,3,4249.91630041238,3324.1165212808532,371.79428791666646,0.0,3539.1991180712375,8221.399895199083,10800.0
2025-08-12,4,16178.944612430558,94.55936518518482,4385.8714369693425,0.0,19933.72495893604,10800.0,6011.912943145175
2025-08-12,5,17902.996426666665,1339.1458499999992,3803.433823333333,0.0,14623.29279456,6011.912943145175,2991.106626663693
2025-08-13,0,18134.044923768735,1303.1401237687342,368.00031666666587,0.0,9523.774884950388,2991.106626663693,3755.043497314813
2025-08-13,1,13962.064773333332,6516.531383333333,5495.510431666667,0.0,6845.345103989,3755.043497314813,3513.7990404629627
2025-08-13,2,1646.1910276337348,4047.5153776337347,1369.6752,0.0,1190.0246057050017,3513.7990404629627,5634.7015469999915
2025-08-13,3,5120.872533974631,5838.446552716059,80.37310000000002,0.0,3226.6340261809078,5634.7015469999915,10800.0
2025-08-13,4,16019.638348447224,37.289309413581236,3996.4453550249978,0.0,19390.77335116994,10800.0,6393.0655395555605
2025-08-13,5,17770.411065041153,1675.8988467078188,4098.009781666666,0.0,14037.64191597169,6393.0655395555605,3348.0302997407457
2025-08-14,0,20407.737483416662,4415.013343333333,1484.8974349166708,0.0,10076.41107276378,3348.0302997407457,5671.656269944445
2025-08-14,1,13177.379948333333,5230.156223333334,5595.32632,0.0,6642.056005868167,5671.656269944445,4161.7676265
2025-08-14,2,1753.4490929493602,5109.145565102137,2283.1514666666667,0.0,1041.2516636027153,4161.7676265,6223.16367212896
2025-08-14,3,4750.207692860086,5085.373697634488,0.0,0.0,2959.0708294807964,6223.16367212896,10800.0
2025-08-14,4,16071.383448502242,56.143209999999726,4440.270608139426,8.537499999999795,19454.24466459431,10800.0,5916.894879956194
2025-08-14,5,17249.25615,1065.7769833333332,4153.726508333333,38.87449166666636,14292.84402334833,5916.894879956194,2260.842489030269
2025-08-15,0,13760.514137789423,2040.3991594166666,1774.231434960575,0.0,5523.879820901947,2260.842489030269,2125.8334714379644
2025-08-15,1,7860.893233470575,2686.4078127566854,2519.46960428611,0.0,3243.3153420117824,2125.8334714379644,1744.1898314899695
2025-08-15,2,0.0,10062.01129834448,0.0,0.0,0.0,1744.1898314899695,10800.0
2025-08-15,3,0.0,0.0,0.0,0.0,0.0,10800.0,10800.0
2025-08-15,4,5683.473304744415,306.9074539667427,4951.256703880555,0.0,5561.989974701227,10800.0,5574.820370925012
2025-08-15,5,13411.96013436214,1697.5799176954733,3648.430233333333,0.0,8493.511207769217,5574.820370925012,3048.8309264805685
2025-08-16,0,12820.067775209154,1832.9926000000003,2479.735820499179,10.524270958332899,5459.855562140034,3048.8309264805685,1943.2622437037037
2025-08-16,1,7301.627463783332,2870.978774999999,2597.752697583333,53.340548633333356,2971.2563417794854,1943.2622437037037,1640.7512549999997
2025-08-16,2,0.0,10176.943049999998,0.0,0.0,0.0,1640.7512549999997,10800.0
2025-08-16,3,0.0,0.0,0.0,0.0,0.0,10800.0,10800.0
2025-08-16,4,6292.443454125715,302.43415895061844,4627.8468245833365,0.0,6509.79545017618,10800.0,5930.138715740738
2025-08-16,5,14239.249312242797,3881.6056289094636,4838.872299999999,0.0,8070.0855419243,5930.138715740738,4047.0590039814774
2025-08-17,0,18391.111054999998,2130.761238333333,964.5783333333341,0.0,9307.319986873332,4047.0590039814774,4892.990414777772
2025-08-17,1,12969.430294506174,5066.483876172841,5347.963156666666,0.0,5995.761007894322,4892.990414777772,3510.6446181481424
2025-08-17,2,2246.502477486287,6541.87375581962,1328.6753499999995,0.0,1133.2061766893553,3510.6446181481424,7922.0250539413555
2025-08-17,3,1563.5733,3197.7499400651604,0.0,0.0,1201.4424356668333,7922.0250539413555,10800.0
2025-08-17,4,14976.074049552275,278.5812510694451,5267.38377839217,44.470239791666586,18753.746834212718,10800.0,5198.0744833045355
2025-08-17,5,18292.478796105443,1481.8539967982756,3382.7078006928327,0.0,15384.092627212412,5198.0744833045355,2773.1788574309476
2025-08-18,0,21590.548950160286,5740.409587095481,1354.0727119351927,0.0,11463.056783934215,2773.1788574309476,6435.022250333333
2025-08-18,1,13212.828528677197,4849.975277407406,5092.402866322802,0.0,6417.591138128175,6435.022250333333,5141.774592974664
2025-08-18,2,2814.1126713888893,6760.990183333334,1985.133866666667,0.0,1695.2865293603647,5141.774592974664,9020.96146167837
2025-08-18,3,2063.1357927193385,2139.3728573944045,171.85014833333412,0.0,1234.4335377643345,9020.96146167837,10755.452424074074
2025-08-18,4,15633.775043439216,396.5286940222227,4616.655333916338,35.97536666666656,19555.875319680224,10755.452424074074,5982.711211009255
2025-08-18,5,17483.88652682973,1218.1916996630655,4029.3634478333333,47.36292499999979,14310.603970162902,5982.711211009255,2602.0132431134202
2025-08-19,0,20890.249935985088,3931.184119318422,399.7932000000005,0.0,10938.143583314715,2602.0132431134202,5695.864283833333
2025-08-19,1,13022.214651666667,5063.337016666667,4674.997890000001,0.0,6438.983331905167,5695.864283833333,5058.425498833332
2025-08-19,2,0.0,4197.820300000001,1445.3886499999994,0.0,0.0,5058.425498833332,7230.4763799444445
2025-08-19,3,3328.4931180409817,4104.70951559671,112.24344958333359,0.0,2358.3402019824844,7230.4763799444445,10800.0
2025-08-19,4,15409.545244356152,219.6683172839527,4755.314407113988,71.6633333333333,18902.632768580068,10800.0,5714.018810984457
2025-08-19,5,17159.815524588477,964.7598579218112,4158.067411666666,5.654421666666622,13873.282610484333,5714.018810984457,1962.2277812622358
2025-08-20,0,20732.54155238352,3997.61766905019,396.22903333333295,0.0,10752.503788125925,1962.2277812622358,5119.829201925925
2025-08-20,1,15003.90113901894,4494.69941,3363.780574091663,0.0,9328.048461914432,5119.829201925925,5427.524699712967
2025-08-20,2,3414.5127039231884,5541.362935659299,3077.3512666666666,0.0,2686.924495754072,5427.524699712967,6995.472156621152
2025-08-20,3,2891.6900366666678,4462.789721666667,355.72830166666586,0.0,1839.8559461533341,6995.472156621152,10616.729237602638
2025-08-20,4,15522.240616271343,493.1344792971257,5061.807791239714,0.0,19107.801288111288,10616.729237602638,5436.319389814815
2025-08-20,5,18108.90293666409,1275.2190178750002,3451.8601524609094,8.227778750000311,15767.446143577472,5436.319389814815,2748.6163365013035
2025-08-21,0,23690.323416438878,6479.549799772214,94.85967499999958,0.0,12187.483393816094,2748.6163365013035,8474.811517407408
2025-08-21,1,10464.207141666666,2490.07751,4967.632785,0.0,5088.070390878333,8474.811517407408,5196.28929307408
2025-08-21,2,1576.1314482541138,5205.611816587448,1134.3337833333337,0.0,760.0154871098114,5196.28929307408,8620.969057632412
2025-08-21,3,3237.5589806347703,2659.868763124481,193.36584999999968,0.0,2207.1425649882367,8620.969057632412,10800.0
2025-08-21,4,15448.195173375001,99.61055000000022,5015.317961874999,0.0,18389.87144136588,10800.0,5317.073981805556
2025-08-21,5,17490.41524859465,953.4336447613174,3688.7773961666667,0.0,14239.609251443488,5317.073981805556,2076.5227107944443
2025-08-22,0,13007.346530047347,609.8826456790141,1106.5779156316664,0.0,5689.252882296304,2076.5227107944443,1395.8860745370384
2025-08-22,1,8675.396873333333,3471.783148333334,2300.8867183333336,0.0,3331.9053480274997,1395.8860745370384,1963.9501098888904
2025-08-22,2,0.0,9817.833211234567,0.0,0.0,0.0,1963.9501098888904,10800.0
2025-08-22,3,9.072600555555518,0.0,0.0,0.0,7.419572734333303,10800.0,10800.0
2025-08-22,4,6687.139509005555,186.95375965277776,4583.651468980555,0.0,7040.604228162694,10800.0,5875.31230704244
2025-08-22,5,13708.268605033332,2598.7611483333335,4277.493776633333,0.0,7898.006576004459,5875.31230704244,3461.426477616514
2025-08-23,0,12676.116073333333,2036.1397399999996,2584.0469833333327,0.0,5270.389036591666,3461.426477616514,2422.788928801699
2025-08-23,1,7250.311291598934,2123.221379932268,2301.101071666667,0.0,2626.7736172809336,2422.788928801699,1776.9092022222217
2025-08-23,2,0.0,10025.656441975309,0.0,0.0,0.0,1776.9092022222217,10800.0
2025-08-23,3,0.0,0.0,0.0,0.0,0.0,10800.0,10800.0
2025-08-23,4,6115.568525096522,60.40091807870484,4861.449421802782,0.0,6124.5695974123555,10800.0,5452.750357601076
2025-08-23,5,16052.418666139507,4514.515481172839,3706.289981699997,0.0,9079.442901522798,5452.750357601076,5397.714310989969
2025-08-24,0,19862.59712833333,2991.0549416666663,323.8050133333336,0.0,10281.737347577666,5397.714310989969,7729.880410341817
2025-08-24,1,11425.007704013206,3411.24398850909,5582.052433333333,0.0,5330.68746635789,7729.880410341817,4597.719518518518
2025-08-24,2,577.3430433333333,5860.734583333334,1630.3419166666665,0.0,261.42093002133333,4597.719518518518,8060.889625000001
2025-08-24,3,3512.3040083353885,3355.9472685185174,253.11795000000006,0.0,2549.312641295017,8060.889625000001,10800.0
2025-08-24,4,16528.753366086807,0.0,4445.313410850002,0.0,20293.67775982033,10800.0,5860.762876833331
2025-08-24,5,18002.841895462305,1682.9454684156376,3914.493706286666,0.0,14392.917082852457,5860.762876833331,3025.9763469777763
2025-08-25,0,18542.936045,1881.9695283333328,58.83091666666644,0.0,9553.844218765333,3025.9763469777763,4654.38123729259
2025-08-25,1,16027.59729855916,6839.900869698046,4819.504224472218,0.0,8270.047613838766,4654.38123729259,5455.287326162812
2025-08-25,2,3832.4114977083336,6223.410333333333,1481.2753666666663,0.0,2209.7890635716876,5455.287326162812,9410.495107644294
2025-08-25,3,4477.720626718111,2330.8410252854874,637.4268273611103,0.0,3625.0648773690964,9410.495107644294,10800.0
2025-08-25,4,15770.493522480558,91.38476505253152,4922.708322357637,0.0,19231.024665656292,10800.0,5412.570374816569
2025-08-25,5,17641.214853143003,1061.038788143004,3620.976918333333,0.0,14445.532045105878,5412.570374816569,2344.197597108236
2025-08-26,0,19783.683933333334,3163.547166666667,241.13446666666619,0.0,9778.4245808875,2344.197597108236,4923.4628619230525
2025-08-26,1,13551.454664128707,6150.5699005175975,5949.262074722223,0.0,6618.817549216775,4923.4628619230525,3848.6845782530886
2025-08-26,2,2349.591244391975,6415.607216405862,1858.7451499999997,0.0,1357.295543291858,3848.6845782530886,7557.458684129478
2025-08-26,3,3030.935175986109,3724.768108168894,98.77498333333347,0.0,2153.9702253822766,7557.458684129478,10800.0
2025-08-26,4,16731.4999543125,95.6791779835395,4356.907780000001,0.0,20802.568316629746,10800.0,6045.10261574074
2025-08-26,5,17059.14621,1063.6396887500005,3949.0974787499995,0.0,13742.567489574942,6045.10261574074,2614.4922481157405
2025-08-27,0,20950.034076666667,4441.8966083333335,206.91834833333348,0.0,10278.898374119,2614.4922481157405,6382.289919689814
2025-08-27,1,13706.261045801615,5075.533656758404,4702.380265,0.0,7130.229670779819,6382.289919689814,5725.403249661267
2025-08-27,2,3890.5890477777784,6636.233516666667,2543.7576833333333,0.0,2855.28754160748,5725.403249661267,8871.615988735342
2025-08-27,3,5360.291358909466,2767.6547656027033,506.25475000000006,0.0,3498.349120783536,8871.615988735342,10800.0
2025-08-27,4,16554.899360924897,44.237100267492245,4650.019239449999,24.33916666666653,20024.026681653937,10800.0,5673.125346407411
2025-08-27,5,17041.547074382717,1024.411849382716,4037.572958333333,0.0,13657.246701193117,5673.125346407411,2108.9038349259295
2025-08-28,0,22039.466846666666,5309.240088333333,222.4218083333334,0.0,11177.605584337165,2108.9038349259295,6640.084571833338
2025-08-28,1,12764.898008170443,4520.476644628777,5266.344686458333,0.0,6341.973427417365,6640.084571833338,4857.01945593442
2025-08-28,2,4312.638387361111,4752.808825833334,2624.2032666666664,0.0,3433.8540457694303,4857.01945593442,6218.765991777013
2025-08-28,3,4043.097243000001,5322.146120247761,187.82775000000015,0.0,2787.1279002038673,6218.765991777013,10800.0
2025-08-28,4,16585.930080100763,150.50481355281204,4512.9210486783995,0.0,19924.288469272724,10800.0,5921.097611443756
2025-08-28,5,17013.72795583025,1176.7457046296304,4262.146998799378,33.90749999999946,13937.690263866238,5921.097611443756,2244.4498580555587
2025-08-29,0,12796.805383734563,1351.1912887345632,1228.3869383333333,0.0,5178.489611983081,2244.4498580555587,2095.64764199074
2025-08-29,1,9284.730460493827,3335.869710493828,2778.5546983333334,0.0,3630.8441017108703,2095.64764199074,2010.647383287037
2025-08-29,2,0.0,9765.947351903293,0.0,0.0,0.0,2010.647383287037,10800.0
2025-08-29,3,0.0,0.0,5.025500000000079,0.0,0.0,10800.0,10794.416111111112
2025-08-29,4,6580.343121504499,69.67854938271665,4745.519728333333,0.0,6416.805072511336,10794.416111111112,5584.327107407409
2025-08-29,5,16820.278443333333,5366.637383333333,3788.523023333333,0.0,9544.814911897665,5584.327107407409,6204.830726481485
2025-08-30,0,8859.387711691663,237.78198333333364,4529.856788308336,0.0,3648.4252114653627,6204.830726481485,1385.6603022500005
2025-08-30,1,9014.342543703702,3874.3197770370357,2110.7523166666665,0.0,3579.5862797875548,1385.6603022500005,2527.2677497314817
2025-08-30,2,0.0,9191.924722520576,0.0,0.0,0.0,2527.2677497314817,10800.0
2025-08-30,3,43.11967430555532,0.0,0.0,0.0,38.87238638645812,10800.0,10800.0
2025-08-30,4,6803.48598832618,134.41157064471673,4789.509788888889,0.0,6984.154520753959,10800.0,5599.292870370371
2025-08-30,5,16969.12950784722,5293.844322500001,3639.0592646527784,0.0,9968.237261318409,5599.292870370371,6320.3535776728395
2025-08-31,0,16537.32145,847.6695833333333,861.8154166666666,0.0,7972.688705189166,6320.3535776728395,6125.683517487656
2025-08-31,1,13654.531025548707,5193.684980569271,5795.1212983333335,0.0,6609.760175877101,6125.683517487656,4360.976335185186
2025-08-31,2,906.0028998422587,3934.413332133925,1301.35885,0.0,592.2616152872804,4360.976335185186,6455.994056327941
2025-08-31,3,3549.0577750411458,5092.40271519118,215.24085000000014,0.0,2611.3011105665187,6455.994056327941,10800.0
2025-08-31,4,16743.065764833336,63.686248971193145,4436.7005384999975,0.0,20168.95405041807,10800.0,5927.650359074076
2025-08-31,5,17224.31451960905,1477.9331312757192,4115.397928333333,0.0,13551.478892787578,5927.650359074076,2685.1258124074093
2025-09-01,0,19682.221917716048,5194.249626049382,0.0,0.0,8745.050750823591,2685.1258124074093,7359.9504758518515
2025-09-01,1,13868.000184999999,3822.2772490534994,4932.74125,0.0,5997.493732554833,7359.9504758518515,5319.176388888892
2025-09-01,2,2330.1143933333333,5462.1792000000005,1047.6085833333332,0.0,1150.2259659496667,5319.176388888892,9071.128131851856
2025-09-01,3,4120.551387798357,1920.968742386826,0.0,0.0,2353.8539569477157,9071.128131851856,10800.0
2025-09-01,4,16026.168975309665,0.0,3788.6159966666673,0.0,17493.493269076414,10800.0,6590.426670370371
2025-09-01,5,16887.02121530338,3147.083815303379,3228.098466666666,0.0,11688.745238562955,6590.426670370371,5836.02603006934
2025-09-02,0,20178.751758826373,5515.526633256287,0.0,0.0,8877.645864016478,5836.02603006934,10800.0
2025-09-02,1,9125.316543044555,0.0,6163.202070288777,0.0,3964.8311405586537,10800.0,3951.997699679136
2025-09-02,2,1295.4450517051507,5229.709180038482,1927.4221000000002,0.0,516.0073756982358,3951.997699679136,6517.15585060266
2025-09-02,3,3196.6664067076135,4758.715721552599,0.0,0.0,1912.5963517405116,6517.15585060266,10800.0
2025-09-02,4,15921.572640710207,0.0,3773.6029164802458,0.0,17427.591685864827,10800.0,6607.107870577504
2025-09-02,5,16847.177473045267,3208.382689711935,3207.0036,0.0,11670.083007640433,6607.107870577504,5931.314957984915
2025-09-03,0,18709.43049958466,4683.654074584662,608.2314333333334,0.0,8193.420642835816,5931.314957984915,9470.790921407408
2025-09-03,1,10793.437485400003,2128.4467672016463,6076.894789599995,0.0,4684.572533806742,9470.790921407408,4634.287690111116
2025-09-03,2,1078.2485583333332,4597.079265,832.7266166666666,0.0,480.5008362633333,4634.287690111116,7846.407232314821
2025-09-03,3,5608.135612114833,3353.9608941357965,58.47483333333321,0.0,3419.225423460001,7846.407232314821,10800.0
2025-09-03,4,16535.239732116665,170.82131102880624,3331.4677025197298,0.0,18660.344726856383,10800.0,7252.108399348448
2025-09-03,5,16794.998044036398,2876.531577369731,3341.5587416666663,0.0,11944.548269083742,7252.108399348448,6128.14377268491
2025-09-04,0,18659.312401666666,4360.157009999999,0.0,0.0,7763.447815522999,6128.14377268491,10052.285081684908
2025-09-04,1,12453.631472850102,1752.6327710291139,5145.110318333333,0.0,5965.52560770419,10052.285081684908,5912.865333018521
2025-09-04,2,2016.3193699999986,6980.2634333333335,1426.7381666666663,0.0,909.908634845666,5912.865333018521,10609.837793388891
2025-09-04,3,5324.105023079781,253.1228633127547,33.88353333333339,0.0,2885.7428721752735,10609.837793388891,10800.0
2025-09-04,4,16109.46477909102,184.75576551440486,3428.9305817333316,0.0,18431.380917994706,10800.0,7156.3573203703745
2025-09-04,5,16253.999510499998,2699.6660771666657,3366.1550666666662,0.0,11282.891379243607,7156.3573203703745,5845.884493524078
2025-09-05,0,11958.647140544997,3041.573674298249,1548.7213504199183,0.0,4222.93713034411,5845.884493524078,6862.499299925927
2025-09-05,1,5454.053405,2382.1631466666668,3742.8314499999997,0.0,1811.1469568041666,6862.499299925927,4847.744520814814
2025-09-05,2,0.0,6613.617199094652,0.0,0.0,0.0,4847.744520814814,10800.0
2025-09-05,3,0.0,0.0,0.0,0.0,0.0,10800.0,10800.0
2025-09-05,4,6296.173236366667,89.86930102880777,3756.45736725,0.0,5489.399431708057,10800.0,6707.040851759259
2025-09-05,5,14981.307949999999,5530.132316666666,2774.9500666666663,0.0,7692.823490565833,6707.040851759259,8600.882084907407
2025-09-06,0,9668.615793333332,2241.258693333333,3025.9102,0.0,3326.791053820333,8600.882084907407,7255.892464462963
2025-09-06,1,5082.585054578189,1115.5276212448553,3490.04755,0.0,1801.9881623506233,7255.892464462963,4382.0367124722225
2025-09-06,2,0.0,7131.070319475312,0.0,0.0,0.0,4382.0367124722225,10800.0
2025-09-06,3,0.0,0.0,0.0,0.0,0.0,10800.0,10800.0
2025-09-06,4,6628.7467922999995,246.150761666667,3493.564264366667,0.0,6105.764901092743,10800.0,7139.797613981484
2025-09-06,5,16267.62181103333,7052.584274999999,2855.383938966668,0.0,7672.5754168691,7139.797613981484,10314.474640407407
2025-09-07,0,14551.828451666664,2641.6638266666664,2369.8465666666666,0.0,6184.303551442499,10314.474640407407,10058.809232555555
2025-09-07,1,10745.098897469134,823.5452971604943,5450.626606666666,0.0,4808.858161683487,10058.809232555555,4743.748214814815
2025-09-07,2,2275.143971040736,5828.589300000001,1888.2576666666664,0.0,1258.7394392297435,4743.748214814815,7891.414510740741
2025-09-07,3,3601.684465823046,3231.7616547325083,0.0,0.0,2026.933679841073,7891.414510740741,10800.0
2025-09-07,4,15502.765863333332,0.0,4023.3320166666663,0.0,17130.465460697833,10800.0,6329.631092592594
2025-09-07,5,16986.853748718106,2915.5037003847724,2625.248618333333,0.0,12478.681904064537,6329.631092592594,6036.6415136796295
2025-09-08,0,16989.721787012346,2809.173333333333,22.62149166666643,0.0,7348.971438027488,6036.6415136796295,8539.762522938889
2025-09-08,1,10207.311101345274,2687.875671388889,5394.486470043615,0.0,4709.816483884449,8539.762522938889,4964.976771584877
2025-09-08,2,3240.573331736111,5896.713179166667,1525.3709499999995,0.0,2136.632127630104,4964.976771584877,8577.162021723765
2025-09-08,3,2562.2522321819283,2998.0314984962256,481.4450666666668,0.0,2383.8551533951722,8577.162021723765,10740.451407407409
2025-09-08,4,12899.773882973252,164.59934217343667,5464.476945493818,0.0,14344.098367268753,10740.451407407409,4816.949764814816
2025-09-08,5,18754.895941131683,3598.821902160493,1758.9524276954762,0.0,13441.087423870571,4816.949764814816,6101.497890430953
2025-09-09,0,18606.215631666666,4333.2239150000005,40.56459166666684,0.0,8253.3397050275,6101.497890430953,9956.32764541243
2025-09-09,1,8817.710172087824,955.352513327754,6187.298609100004,0.0,3811.3988881915307,9956.32764541243,3941.368675074071
2025-09-09,2,1297.4112802880688,6688.997356954735,1157.6981999999998,0.0,567.6899116630713,3941.368675074071,8675.134963
2025-09-09,3,5037.566168972383,2419.3923456378607,47.329266666666854,0.0,2677.591317213223,8675.134963,10800.0
2025-09-09,4,13078.718937983536,0.0,5741.201858034092,0.0,14466.041200827383,10800.0,4420.886824406563
2025-09-09,5,19279.31394201646,4130.865547016461,1600.2264716666664,0.0,14023.151726753526,4420.886824406563,6360.636403758416
2025-09-10,0,17862.427451657317,4521.1326766573175,1221.4095250000003,0.0,8092.791552493841,6360.636403758416,9072.53411830556
2025-09-10,1,8770.656712516668,1889.505558333333,6525.579112483332,0.0,3854.5038404355937,9072.53411830556,3522.445662490747
2025-09-10,2,365.91085962962666,3290.47304296296,2090.201096241672,587.3550204249938,3256.944484689346,3522.445662490747,4161.425738666664
2025-09-10,3,6595.994774816359,7544.079627871914,288.32881666666674,0.0,5103.467143505075,4161.425738666664,10630.732051899538
2025-09-10,4,13425.53426423868,188.07549788940142,4825.692245083333,0.0,15016.358406727479,10630.732051899538,5438.119727685187
2025-09-10,5,17391.26564674897,2864.558268415637,2396.24133,0.0,12416.869751209737,5438.119727685187,5353.731802592595
2025-09-11,0,20757.778577901237,6080.265270781893,23.373491666666723,0.0,9161.780148232994,5353.731802592595,10800.0
2025-09-11,1,8864.122120399996,1406.7896867078243,5996.509852933337,0.0,4106.234187807065,10800.0,5403.321992555555
2025-09-11,2,719.2311151028726,5124.800760102872,2123.80465,0.0,299.2665302576902,5403.321992555555,7655.859732203698
2025-09-11,3,3907.405607724277,3493.4891864403353,38.45476499999995,0.0,1897.8065205080043,7655.859732203698,10757.272483333334
2025-09-11,4,13110.585853427981,125.0225463852079,5265.576875905352,0.0,14221.78868291275,10757.272483333334,5019.151801851853
2025-09-11,5,18228.842117572018,3208.8614940329226,1862.2230097942363,0.0,13402.783433127082,5019.151801851853,5837.990468932331
2025-09-12,0,9884.9322300988,1325.1213427572009,1968.7955126584,0.0,3347.1691058577885,5837.990468932331,4843.049107793367
2025-09-12,1,5399.6563560526365,993.6467310526367,3551.1878416666664,0.0,1784.4626806671859,4843.049107793367,1791.5668972222218
2025-09-12,2,0.0,10009.370114197534,0.0,0.0,0.0,1791.5668972222218,10800.0
2025-09-12,3,27.33380930555549,0.0,0.0,0.0,23.329406242291608,10800.0,10800.0
2025-09-12,4,4949.923198584023,45.7745666666666,4619.1070783333325,0.0,4478.724905449702,10800.0,5708.85591185185
2025-09-12,5,15218.205784567905,5821.521201368904,2747.9797001343322,0.0,7549.480999455981,5708.85591185185,7894.9142151568285
2025-09-13,0,10685.037806461549,2507.8547314615494,2116.0405666666666,0.0,3639.165247678512,7894.9142151568285,7800.827288287035
2025-09-13,1,3296.3622,310.2120000000002,4759.8762,0.0,1139.5998843633333,7800.827288287035,2791.266754953702
2025-09-13,2,0.0,8898.592494495888,0.0,0.0,0.0,2791.266754953702,10800.0
2025-09-13,3,0.0,0.0,0.0,0.0,0.0,10800.0,10800.0
2025-09-13,4,4227.150146666668,188.92115292079674,5080.964201399176,0.0,3551.8572876649464,10800.0,5324.513258296297
2025-09-13,5,18686.42105534979,8741.412408477365,2152.605983333333,0.0,9010.11414846004,5324.513258296297,10800.0
2025-09-14,0,14283.431008429832,137.49970576131602,725.2614750063782,0.0,6345.449174936914,10800.0,10117.903651844763
2025-09-14,1,9957.294283922307,3228.9038673005543,6744.378688,0.0,5057.612745923525,10117.903651844763,5530.163034637486
2025-09-14,2,3258.1410720833337,5944.653416666667,2466.304066666666,0.0,1932.949177295396,5530.163034637486,8140.013257785634
2025-09-14,3,2687.2694166102838,3000.3452279748085,36.29156666666677,0.0,1755.567306663125,8140.013257785634,10800.0
2025-09-14,4,13767.3716659,70.22145176954535,5094.736797266663,0.0,15250.294998047631,10800.0,5202.380642962968
2025-09-14,5,17688.553721666663,3053.577149999999,2411.376561666667,0.0,12515.6207723555,5202.380642962968,5271.292787222226
2025-09-15,0,18361.573973261307,4474.312131594643,315.621441666667,0.0,8261.561780404836,5271.292787222226,8947.483214916661
2025-09-15,1,9419.039031008233,1642.1239326749,6117.879018333334,0.0,4604.212364592002,8947.483214916661,3627.7514006203683
2025-09-15,2,10.719626952269184,5913.531493618935,1964.65175,0.0,3.878361031330991,3627.7514006203683,6766.983355988522
2025-09-15,3,1762.9063292143792,4504.503515979831,238.04839230825473,0.0,1223.644876259836,6766.983355988522,10556.538306694532
2025-09-15,4,10687.863914199997,321.5381983229487,7660.451006666666,1.1717666666665991,11290.518740700378,10556.538306694532,2334.310455555557
2025-09-15,5,20015.2626675,5054.152716666667,1743.6325745833349,16.612407916665724,14683.397360034325,2334.310455555557,4945.67837324074
2025-09-16,0,17762.03461796296,3727.2774679629615,445.08553333333305,0.0,7630.102923869851,4945.67837324074,7805.688612925925
2025-09-16,1,10899.863669701948,2556.8472621527776,5330.612675784162,0.0,5683.971544949116,7805.688612925925,4183.94817576991
2025-09-16,2,3904.5376446527785,6790.977650000001,1775.93475,0.0,2826.932340266023,4183.94817576991,8322.567227436577
2025-09-16,3,4376.752124565017,2970.383985975819,176.32153333333338,0.0,2724.8195249740897,8322.567227436577,10800.0
2025-09-16,4,13129.988921719752,48.17754850617325,5629.564529841975,2.34988527777773,14745.568314384222,10800.0,4588.28809383114
2025-09-16,5,16255.078490774998,2174.844856016667,2913.1445485750005,0.0,12049.173557740425,4588.28809383114,3308.821188051696
2025-09-17,0,19204.144351856135,5107.327926856137,214.6981750000001,0.0,8612.489337877414,3308.821188051696,7666.862794444443
2025-09-17,1,12002.108057623456,3826.218040956789,5416.233524999999,0.0,6214.045047429846,7666.862794444443,5092.421781305556
2025-09-17,2,1631.958339971846,3973.0253899718464,2797.1293666666666,0.0,1283.3211272865533,5092.421781305556,5560.223113761698
2025-09-17,3,3075.8038081664586,5826.7749147503755,3.8884833333332836,0.0,1789.8459307724836,5560.223113761698,10800.0
2025-09-17,4,12574.798716833333,82.45460113254688,5668.607828361112,0.0,13784.021999130531,10800.0,4575.755998395837
2025-09-17,5,18674.687183141665,4479.579969374999,2800.5192529,0.0,12924.31122173092,4575.755998395837,5495.689912055559
2025-09-18,0,16542.779283333333,2624.2744416666665,222.81515833333356,0.0,7072.125432224166,5495.689912055559,7609.964511407409
2025-09-18,1,12174.2758151929,3493.819123526233,4972.324316666666,0.0,6092.304396462014,7609.964511407409,5229.596926284726
2025-09-18,2,3452.3433975,5972.952683333334,2597.062416666666,0.0,2211.0475753352603,5229.596926284726,7719.629433877319
2025-09-18,3,4225.691248110356,3503.8228718235546,65.76301666666666,0.0,2442.9621329502993,7719.629433877319,10800.0
2025-09-18,4,12475.574782566164,159.1293204166675,5896.896887850502,0.0,13699.495492603588,10800.0,4391.108735207774
2025-09-18,5,17043.041935713594,2619.589240397846,2564.449288017583,0.0,12602.734128434764,4391.108735207774,3899.3509537685213
2025-09-19,0,12333.464754259256,3931.4281459259223,2145.5583083333336,0.0,4244.693550928239,3899.3509537685213,5053.682609175925
2025-09-19,1,4991.221401977778,1000.6496022222225,4119.079441911111,0.0,2075.0458165847726,5053.682609175925,1377.512315719136
2025-09-19,2,0.0,10469.43076031207,0.0,0.0,0.0,1377.512315719136,10800.0
2025-09-19,3,0.0,0.0,0.0,0.0,0.0,10800.0,10800.0
2025-09-19,4,3469.18702580493,53.36643165972259,5936.899305854792,0.0,3194.28892125528,10800.0,4251.475004210648
2025-09-19,5,14888.419427651748,5238.229358693416,2089.6777372916667,0.0,7840.197706499099,4251.475004210648,6644.017274488427
2025-09-20,0,10391.538291252082,1756.1079249999993,1937.2797837479168,0.0,3512.2059954077768,6644.017274488427,6071.981313935186
2025-09-20,1,3527.8804416666662,944.7765,5150.052147541667,540.7645941249991,2788.187637307372,6071.981313935186,1200.0
2025-09-20,2,0.0,10666.666666666664,0.0,0.0,0.0,1200.0,10800.0
2025-09-20,3,0.0,0.0,12.984249999999975,0.0,0.0,10800.0,10785.573055555556
2025-09-20,4,3656.1518947111135,147.73656986882654,5851.867978288888,0.0,3171.6339030912613,10785.573055555556,4416.460437005402
2025-09-20,5,16045.539924218107,7330.098779218107,2797.7550383333332,0.0,7505.716031067476,4416.460437005402,7904.93262904244
2025-09-21,0,15821.78755052847,2119.1965505284716,443.2325583333334,0.0,7057.445471256572,7904.93262904244,9319.728904147694
2025-09-21,1,11240.385128283331,2641.2710961527655,5278.378616716667,0.0,5557.6727545587555,9319.728904147694,5832.007761000001
2025-09-21,2,2049.208089999999,4803.625300000001,1505.8736166666667,0.0,1063.2142984714997,5832.007761000001,8482.077623592591
2025-09-21,3,4146.123765946501,2578.9724552674916,2.8375499999999647,0.0,2333.1954115821213,8482.077623592591,10800.0
2025-09-21,4,14001.03898501389,118.4615786213993,4895.446181374997,0.0,16389.476066250205,10800.0,5467.23077478704
2025-09-21,5,15815.466614864583,2482.2498749999995,3367.241660135417,0.0,10829.551611313556,5467.23077478704,3959.876039914354
2025-09-22,0,17496.34117912783,3157.8711624611665,110.30975000000012,0.0,7888.280896474406,3959.876039914354,6679.393697240515
2025-09-22,1,14134.557436090787,4833.211669424121,4507.355116666667,0.0,7157.201294850486,6679.393697240515,6021.11184787038
2025-09-22,2,1194.953430534973,4308.799730534973,2222.2247833333327,0.0,593.2279977778198,6021.11184787038,7429.892957203708
2025-09-22,3,4124.148043004114,3836.9670434362088,74.84696666666662,0.0,2607.789413105575,7429.892957203708,10800.0
2025-09-22,4,13169.992364044441,98.66382027777797,5663.602936233336,8.649233333333314,15208.613471192693,10800.0,4595.905286879628
2025-09-22,5,16373.842403070834,2438.118367083334,3032.316397345833,10.906666666666524,11916.598273176258,4595.905286879628,3420.971375759258
2025-09-23,0,21223.310539610073,7383.487625,249.26440205659134,0.0,9229.632574684063,3420.971375759258,9789.149791529715
2025-09-23,1,9131.740489964921,1778.8417406250003,6674.394600660079,0.0,4232.024151264697,9789.149791529715,3974.1133573587945
2025-09-23,2,3142.194590902778,5179.268704930555,2387.9402999999998,0.0,1847.2571020672501,3974.1133573587945,5982.188191796295
2025-09-23,3,4028.9828198707637,5851.426597592589,403.62491666666654,0.0,2674.825345028595,5982.188191796295,10800.0
2025-09-23,4,13079.606976862859,240.9302072916662,6220.58321376214,0.0,15139.938612621285,10800.0,4105.0780601601255
2025-09-23,5,15315.762576884385,635.2424851965537,2236.9964249788345,0.0,11933.010855233986,4105.0780601601255,2191.2447135272078
2025-09-24,0,19092.204463008846,5048.461466666667,348.78040365782067,0.0,8299.489695814564,2191.2447135272078,6347.326251685185
2025-09-24,1,13694.859036666665,4650.342011666667,5311.124925,0.0,6737.781376917998,6347.326251685185,4631.384145518518
2025-09-24,2,3109.067497366255,5114.14446069959,2928.755983333333,0.0,1449.184370712185,4631.384145518518,5979.940845333334
2025-09-24,3,5259.429607654319,5355.621282962961,0.0,0.0,3029.1445421683075,5979.940845333334,10800.0
2025-09-24,4,13002.11005484722,0.0,5882.207640222224,0.0,14204.961542046398,10800.0,4264.21373308642
2025-09-24,5,15191.177869265974,1180.771891041666,2635.821971775691,0.0,11489.245707735072,4264.21373308642,2398.2173552731524
2025-09-25,0,20604.283764130654,6540.148964130655,284.7335833333334,0.0,9077.254175343685,2398.2173552731524,7967.980774842596
2025-09-25,1,12401.034766963785,3496.2300449999993,5227.303722933333,0.0,6318.410660755123,7967.980774842596,5306.472567638895
2025-09-25,2,3322.546345198894,6167.273594157228,2278.97815,0.0,1796.3046724762253,5306.472567638895,8324.820857935956
2025-09-25,3,4083.605185891275,2876.631289536181,244.01009330625163,0.0,2486.7240991378094,8324.820857935956,10642.666692622683
2025-09-25,4,12908.188301583334,272.31613988426244,6044.785656749998,15.371666666666556,14077.58869797086,10642.666692622683,4171.322711018521
2025-09-25,5,16294.924256295133,2344.6944684166656,3069.648995454865,0.0,12049.246646057001,4171.322711018521,2870.826626532558
2025-09-26,0,13854.337872834194,4110.742306167528,472.9871499999999,0.0,4585.557137810836,2870.826626532558,6044.953424305555
2025-09-26,1,4717.42205,209.11800166666694,3883.1086016666663,0.0,1676.268097946,6044.953424305555,1918.5945128425913
2025-09-26,2,0.0,9502.627583333333,0.0,0.0,0.0,1918.5945128425913,10470.95933784259
2025-09-26,3,0.0,365.6007357304548,0.0,0.0,0.0,10470.95933784259,10800.0
2025-09-26,4,3195.355289203848,107.09105166115464,6177.338535178867,0.0,2313.946039482493,10800.0,4032.6724629629653
2025-09-26,5,17361.87882078113,7816.758325163848,2133.7830210493817,0.0,8290.520862685395,4032.6724629629653,8696.884932222227
2025-09-27,0,7342.2395816249955,284.44832499999995,3416.534276708338,0.0,2574.049117761844,8696.884932222227,5156.739228379631
2025-09-27,1,5134.0548,1663.6287433333337,4875.037404641667,286.28357202499933,2656.208078134681,5156.739228379631,1237.29687
2025-09-27,2,0.0,10625.2257,0.0,0.0,0.0,1237.29687,10800.0
2025-09-27,3,65.14972638888901,0.0,0.0,0.0,53.8560213193751,10800.0,10800.0
2025-09-27,4,4688.931294704682,164.2172033852372,5591.102025347222,0.0,4124.468675821177,10800.0,4735.45989932758
2025-09-27,5,16479.09313138748,7830.866244345679,3078.4159629581973,0.0,7456.916159443443,4735.45989932758,8362.77733817403
2025-09-28,0,16469.699641666666,2709.7440166666665,427.1291916666665,0.0,7150.519818131666,8362.77733817403,10326.958962433291
2025-09-28,1,10600.561861982407,1238.1904953699045,4957.399530540275,0.0,6177.986050718766,10326.958962433291,5933.108707665899
2025-09-28,2,5093.8183415972235,6231.302829305556,3006.952933333333,0.0,3602.3252727681365,5933.108707665899,8200.222439226083
2025-09-28,3,4936.924003971194,3188.7842650574366,243.11544999999967,0.0,2941.644998062501,8200.222439226083,10800.0
2025-09-28,4,11812.13787082847,0.0,7211.918794231249,0.0,12892.183392615774,10800.0,2786.7568952986103
2025-09-28,5,20875.740622502777,5264.325188467359,1042.7139326312495,0.0,14975.419243781465,2786.7568952986103,6366.07852866229
2025-09-29,0,16944.798582540017,2957.373383333333,332.26276666666695,0.0,7522.825933221534,6366.07852866229,8658.53372181044
2025-09-29,1,12736.200045174199,3067.9540153649527,4782.515098524088,11.922871666666424,7026.2361313825895,8658.53372181044,6105.786670612133
2025-09-29,2,1196.3592033401255,3676.6328600067923,2938.5964333333327,0.0,541.0927145341875,6105.786670612133,6149.649096470098
2025-09-29,3,5541.083601579021,5367.31032490977,162.2055499999999,0.0,3449.800594169614,6149.649096470098,10800.0
2025-09-29,4,13488.284522846297,18.169328333333624,5722.422856227775,0.0,15183.039192042446,10800.0,4458.104777469138
2025-09-29,5,17251.0299942375,3305.001802154167,2694.830024583333,5.6203833333332796,12279.491701846966,4458.104777469138,4438.350816537517
2025-09-30,0,18546.505935585887,4336.718393919219,180.13167499999997,0.0,7811.786925216103,4438.350816537517,8141.251065509258
2025-09-30,1,12424.629926571375,3008.9802089428968,5201.705349038189,0.0,6856.54447574296,8141.251065509258,5069.660643515429
2025-09-30,2,2795.9218620833326,4098.02179375,3446.720916666666,0.0,1452.711358194333,5069.660643515429,4928.190350483022
2025-09-30,3,7357.288190293973,7242.444013866606,581.7509666666666,0.0,5114.668381525916,4928.190350483022,10800.0
2025-09-30,4,13029.245874204938,0.0,6257.6153565666655,0.0,14546.472844637248,10800.0,3847.094048259258
2025-09-30,5,17098.592124419,2410.113333333333,2085.2530422476675,0.0,12428.338447008331,3847.094048259258,3699.248223539628
2025-10-01,0,19901.443796067077,5743.51657106708,72.49268333333328,0.0,8827.183030977383,3699.248223539628,8787.865711574075
2025-10-01,1,12650.898896563782,2834.636676172833,4401.496851666666,0.0,6559.7080677671265,8787.865711574075,6448.486662722219
2025-10-01,2,2904.3246743394425,6755.6902512963,1555.7470999999998,0.0,1059.9025184493287,6448.486662722219,10800.0
2025-10-01,3,4959.7687153497955,77.88111111111195,63.08369999999991,0.0,2503.8723829797887,10800.0,10800.0
2025-10-01,4,12990.22670873271,61.09888833333332,5041.087276311334,0.0,13893.9274440804,10800.0,5253.780914709625
2025-10-01,5,15349.85661728395,2249.857350617284,2136.2111666666665,0.0,10752.582792003364,5253.780914709625,4905.084567302219
2025-10-02,0,18205.792776042803,4140.756309376138,145.37856666666642,0.0,7719.681032340444,4905.084567302219,8470.233505000004
2025-10-02,1,11636.875516449998,2699.870225,5082.183038550001,0.0,6147.53694521848,8470.233505000004,5253.246664666673
2025-10-02,2,2554.519552981619,6599.124983333333,2184.154066666666,0.0,1033.8915662383044,5253.246664666673,8765.621297814821
2025-10-02,3,3784.4430268312726,2260.4207802057545,0.0,0.0,2304.364361740159,8765.621297814821,10800.0
2025-10-02,4,14139.872731480142,181.76977499999987,4318.60914266152,0.0,15157.009423207288,10800.0,6165.1381945427565
2025-10-02,5,15300.37330041152,2835.7243587448547,2722.0034750000004,0.0,10237.204690308115,6165.1381945427565,5692.84181185757
2025-10-03,0,12902.811614869854,4367.719566666666,1610.7930601301455,0.0,4247.449630126894,5692.84181185757,7834.0193550463
2025-10-03,1,3274.6837116666666,244.21796166666678,5283.04065,0.0,1171.6047995231665,7834.0193550463,2183.7703538796345
2025-10-03,2,0.0,9573.588495689297,0.0,0.0,0.0,2183.7703538796345,10800.0
2025-10-03,3,0.0,0.0,0.0,0.0,0.0,10800.0,10800.0
2025-10-03,4,3440.3387633708307,31.506549382716507,5156.727746300003,0.0,2448.201700854089,10800.0,5098.6583985555535
2025-10-03,5,15995.190711995889,8054.9079286625565,2280.0980833333333,0.0,6867.826462766867,5098.6583985555535,9814.63321953704
2025-10-04,0,8785.914969666663,1901.3807416666668,3276.008455333337,0.0,2875.331493540799,9814.63321953704,7885.8664922222215
2025-10-04,1,3168.1764783333333,69.4769783333333,5943.11045,0.0,1062.504353012,7885.8664922222215,1344.9397171666685
2025-10-04,2,0.0,10505.622536481476,0.0,0.0,0.0,1344.9397171666685,10800.0
2025-10-04,3,0.0,0.0,0.0,0.0,0.0,10800.0,10800.0
2025-10-04,4,4058.0391049833297,16.685053497941325,4919.147794999999,0.0,3110.595564241861,10800.0,5349.296775925925
2025-10-04,5,16264.527754012346,8167.415220679013,2351.162533333333,0.0,6991.221903439049,5349.296775925925,10087.567659722223
2025-10-05,0,14692.178656018512,1866.2336060185125,1409.8669833333333,0.0,6388.415357013562,10087.567659722223,10200.659034768516
2025-10-05,1,9941.091229346714,518.4710119125217,4823.515299232475,0.0,5445.36712442607,10200.659034768516,5307.8215018981455
2025-10-05,2,377.9637964814805,4478.205878148147,2104.956233333333,0.0,143.5554325570922,5307.8215018981455,6999.36653297222
2025-10-05,3,2971.7237053497956,4222.926074475312,0.0,0.0,2101.9405679964184,6999.36653297222,10800.0
2025-10-05,4,13963.37815743333,69.3828013374492,4046.521926514015,0.0,14962.300549055188,10800.0,6366.309047299243
2025-10-05,5,14078.114431833334,1613.8890318333338,2896.6778666666664,0.0,9427.4869879037,6366.309047299243,4600.278212986281
2025-10-06,0,19126.856597556394,5078.3734392230635,113.48749166666664,0.0,8467.343477673036,4600.278212986281,9044.717095324077
2025-10-06,1,10362.956353815975,1922.4670349999997,5858.276531184024,0.0,5410.6183453164085,9044.717095324077,4265.741281064046
2025-10-06,2,1798.9019614892368,5432.929828155903,2343.1486,0.0,1357.8328814677518,4265.741281064046,6551.879681959916
2025-10-06,3,2498.256405576136,4786.193686711211,53.508600000000115,0.0,1794.3705331663252,6551.879681959916,10800.0
2025-10-06,4,14913.258788857633,107.9406148765429,3572.33823721667,0.0,16651.76101090382,10800.0,6927.881845370368
2025-10-06,5,14256.888616666665,2489.302333333333,3662.999033333333,0.0,8750.824897648334,6927.881845370368,5098.255019444441
2025-10-07,0,20146.439048724278,6078.905207057612,20.873458333333247,0.0,8791.632568138559,5098.255019444441,10546.07697431481
2025-10-07,1,9750.707488323458,2399.1320873456843,7038.880842008337,0.0,5183.572738142272,10546.07697431481,4884.317139583332
2025-10-07,2,576.2957640380591,3479.2068057047254,3067.2156166666664,0.0,426.5891047106905,4884.317139583332,4607.585912865736
2025-10-07,3,4359.15789157727,6956.40537024583,61.5156714782845,0.0,2743.2392292740274,4607.585912865736,10800.0
2025-10-07,4,14156.047238333333,66.47451094650279,3763.9815372831845,0.0,15301.968094246658,10800.0,6677.625351759426
2025-10-07,5,17209.708208333333,4816.827516666665,2822.9565583333324,0.0,10795.127235467498,6677.625351759426,7876.151718611279
2025-10-08,0,15322.899316410314,2542.520403125243,1329.0521533815952,0.0,6689.897763586491,7876.151718611279,8687.695466555559
2025-10-08,1,10732.490013333332,995.17745,5005.944136666667,0.0,5874.563302357165,8687.695466555559,4021.195019703708
2025-10-08,2,2124.8302066666665,5521.7762416666665,2374.6329333333333,0.0,1041.7964723508333,4021.195019703708,6352.312600166672
2025-10-08,3,3433.065554056985,4941.874888703697,61.71255000000065,0.0,2063.6934066444005,6352.312600166672,10731.4305
2025-10-08,4,12996.636775433346,76.18833333333289,5004.334551950007,0.0,13981.835483411873,10731.4305,5239.628275611102
2025-10-08,5,17533.04675039999,5239.043617066656,2906.0116166666667,0.0,10642.123928528465,5239.628275611102,6725.865734674795
2025-10-09,0,18414.448115258456,4361.421765258456,66.23356666666689,0.0,8278.918657639391,6725.865734674795,10577.552471555551
2025-10-09,1,9636.942495473251,646.0385654732511,5658.983603333333,0.0,5247.021042962212,10577.552471555551,4871.227621222219
2025-10-09,2,1331.897292551444,4730.738242551444,2567.888566666667,0.0,604.6389231225945,4871.227621222219,6275.682521000001
2025-10-09,3,3791.489452654323,5060.925326460905,27.463783333333254,0.0,2233.89603691218,6275.682521000001,10800.0
2025-10-09,4,12922.685872249993,17.85685499999954,4842.3518760833385,0.0,13889.477138332675,10800.0,5435.680196074071
2025-10-09,5,17385.88903261317,5213.244874279836,3124.0477999999994,0.0,10386.725294435391,5435.680196074071,6656.436360703702
2025-10-10,0,12351.305455163649,4767.710255163649,2795.2471333333337,0.0,4128.764327212359,6656.436360703702,7841.54544220284
2025-10-10,1,2834.2895995333342,57.2209666666667,6007.253802482558,104.1820146507741,1309.2659313594597,7841.54544220284,1218.317865
2025-10-10,2,0.0,10646.313483333333,0.0,0.0,0.0,1218.317865,10800.0
2025-10-10,3,0.0,0.0,0.0,0.0,0.0,10800.0,10800.0
2025-10-10,4,3035.4386602833347,54.639340283335514,5631.309946666667,0.0,2211.696908211353,10800.0,4592.1643544031485
2025-10-10,5,15353.743989097868,7261.4169943107,2329.2089354211657,0.0,6749.585328710221,4592.1643544031485,8539.42972103704
2025-10-11,0,11425.13132851028,3355.904103343618,2155.714524833337,0.0,3937.7113923821503,8539.42972103704,9164.505053120369
2025-10-11,1,2225.10153,91.70195000000001,6939.871086666666,0.0,790.4144226603332,9164.505053120369,1536.0689340462964
2025-10-11,2,0.0,10293.256739948562,0.0,0.0,0.0,1536.0689340462964,10800.0
2025-10-11,3,0.0,0.0,0.0,0.0,0.0,10800.0,10800.0
2025-10-11,4,3305.38238678292,20.23497499999985,5563.835293333332,0.0,2396.8802907323065,10800.0,4636.172262685188
2025-10-11,5,15804.094194238683,7909.886327572018,2405.157733333333,0.0,6772.786923320371,4636.172262685188,9082.672476018524
2025-10-12,0,15622.840253292174,1903.929186625508,218.11568333333378,0.0,6612.604744504554,9082.672476018524,10553.857984722225
2025-10-12,1,10770.871222304528,1244.696257304529,5022.046868333333,20.929933333333224,6104.595677683164,10553.857984722225,6094.032540370375
2025-10-12,2,0.0,3319.349649999999,2647.553833333333,0.0,0.0,6094.032540370375,6139.720743888893
2025-10-12,3,3731.6782121865713,5244.827342181064,54.05881666666653,0.0,2351.0743088323698,6139.720743888893,10800.0
2025-10-12,4,12547.649920466662,36.47144567901091,5750.550725212347,0.0,13424.404812354438,10800.0,4443.323495319614
2025-10-12,5,17838.83545,4660.663258333334,2288.097075,0.0,11228.268050375833,4443.323495319614,6095.59034448628
2025-10-13,0,18964.47265112635,5043.63909279302,52.80607499999974,0.0,8295.707185497226,6095.59034448628,10576.19211133333
2025-10-13,1,9987.236638333332,467.17918166666664,5025.67646,0.0,5511.881926483499,10576.19211133333,5412.568419277773
2025-10-13,2,1248.0387066666667,5056.212966666667,2780.094033333333,0.0,557.700427008,5412.568419277773,6874.166718907403
2025-10-13,3,3758.1982262757183,4538.1943452469195,191.49557500000014,0.0,2049.0954680409195,6874.166718907403,10745.76876851852
2025-10-13,4,14081.13402127675,199.453515432096,4245.400184916663,0.0,15495.043138242068,10745.76876851852,6208.16561583334
2025-10-13,5,17236.584550102874,5627.377166852873,3720.741200083333,0.0,9713.693303526537,6208.16561583334,7138.648177019446
2025-10-14,0,17035.636705824163,3476.4229499999997,539.3156691758361,0.0,7425.975777723593,7138.648177019446,9668.189199601851
2025-10-14,1,11314.672412560416,1712.857786736111,5552.264229175695,0.0,6453.380715968005,9668.189199601851,5040.578730802468
2025-10-14,2,0.0,2869.7378833333337,3456.520857722222,29.63809227777724,148.10154711205286,5040.578730802468,3782.764095000001
2025-10-14,3,4155.314510802468,6258.986255802468,121.61456833333295,0.0,2286.3526719469933,3782.764095000001,9280.724427074074
2025-10-14,4,14002.15608641389,116.50167979166645,4213.617910044442,0.0,15848.413821728616,9280.724427074074,4703.778261059416
2025-10-14,5,17999.94167493389,5521.214051399938,2962.0828097993826,0.0,10959.670264343375,4703.778261059416,6381.6677853200445
2025-10-15,0,17651.842932422172,3601.051424088841,142.1376583333332,0.0,7789.300916727488,6381.6677853200445,9464.683335518523
2025-10-15,1,11529.08182988517,1656.3646679518365,5068.658938066666,0.0,6573.552271460963,9464.683335518523,5323.568272156656
2025-10-15,2,662.5766566666666,3144.5995233333333,3103.3341,0.0,332.0804872113333,5323.568272156656,4705.558843156656
2025-10-15,3,3669.4018151719974,4893.185915171997,340.89144999999974,0.0,2314.6664859323696,4705.558843156656,8730.657889033677
2025-10-15,4,13139.010221605804,413.9570833333329,5137.091545060862,0.0,14965.396817515104,8730.657889033677,3395.3397695216063
2025-10-15,5,18095.428640440776,5268.343001688407,2102.586760414991,277.18438416597064,12723.889079357858,3395.3397695216063,5800.640959468959
2025-10-16,0,18663.539162812267,4752.2543712484785,302.39571666666643,0.0,7998.346958341304,5800.640959468959,9741.674652851849
2025-10-16,1,11665.660084632818,1101.5867326105963,4567.736597977778,0.0,6877.421515607194,9741.674652851849,5657.839825559411
2025-10-16,2,2293.5120038888867,5368.233770416665,3481.2896,0.0,1284.316240400296,5657.839825559411,6621.150663378854
2025-10-16,3,4296.887092818928,4643.165929579052,1461.2080871810717,0.0,2584.227671684127,6621.150663378854,9176.435458687698
2025-10-16,4,13566.81752347222,0.0,4908.181476527778,0.0,15656.134596382366,9176.435458687698,3722.900484767947
2025-10-16,5,17308.855537471707,4719.930174387861,2309.3829755203187,231.75872806250058,12740.318278507084,3722.900484767947,5404.856557805557
2025-10-17,0,11904.828363141663,2758.6846416666663,1122.0535618583358,0.0,3974.0477607052567,5404.856557805557,6640.946555462959
2025-10-17,1,4713.675071666667,848.8669083333333,5182.2097533333335,0.0,1610.4334015916666,6640.946555462959,1646.9159359259208
2025-10-17,2,0.0,10170.093404526755,0.0,0.0,0.0,1646.9159359259208,10800.0
2025-10-17,3,0.0,0.0,0.0,0.0,0.0,10800.0,10800.0
2025-10-17,4,3122.893893333335,184.97632714317774,5842.683617143175,0.0,2282.9345977908665,10800.0,4474.60800871422
2025-10-17,5,14313.683409362138,6797.308801028806,2977.3419245094638,4.877933823869284,6136.787795701525,4474.60800871422,7284.02823574074
2025-10-18,0,11206.467801791667,2796.532058333333,1860.6344898749985,0.0,3715.5095828560584,7284.02823574074,7733.535432824075
2025-10-18,1,3919.1317666666664,65.25010000000015,5215.4637,0.0,1382.6140609191666,7733.535432824075,1997.3008561574102
2025-10-18,2,0.0,9807.49493348765,21.64166666666665,0.0,0.0,1997.3008561574102,10800.0
2025-10-18,3,155.35931500000055,0.0,0.0,0.0,81.1342744058336,10800.0,10800.0
2025-10-18,4,3606.003881666665,20.225180000000023,5604.535318333334,0.0,2653.7855799089994,10800.0,4590.941197185183
2025-10-18,5,15216.567146424795,7388.050008058129,2465.268044966666,0.0,6409.041770444743,4590.941197185183,8500.999487807869
2025-10-19,0,15766.044621824793,2473.4240693081274,782.3294308166664,0.0,6804.011310129772,8500.999487807869,9857.826227055553
2025-10-19,1,11149.204857283954,1374.072383950621,5380.572209999999,0.0,6345.403701103052,9857.826227055553,5116.077805944446
2025-10-19,2,3830.4361057055876,5648.581346677811,3235.949583333332,0.0,1958.5621673298326,5116.077805944446,6604.30148091744
2025-10-19,3,6737.928522366253,5351.7887022728055,732.3676199999995,0.0,4481.8211929652225,6604.30148091744,10607.169512962962
2025-10-19,4,12782.182113333334,27.224538333333157,5840.143108333333,0.0,14081.158051693,10607.169512962962,4142.623699314815
2025-10-19,5,17472.97553517222,4858.702358333334,2700.250504383334,80.52663544444461,11190.25657302701,4142.623699314815,5515.177483611113
2025-10-20,0,18942.413555808966,5070.0357974756325,158.3983750000001,0.0,8253.952294154982,5515.177483611113,9902.211506894737
2025-10-20,1,11766.777570010012,1801.8448283333332,5111.953674781655,0.0,7004.586930335207,9902.211506894737,5843.923324859566
2025-10-20,2,4720.215949441009,5913.227510968787,4179.5309923736095,76.72232429305724,3781.429100916415,5843.923324859566,6521.904759871908
2025-10-20,3,5310.251236193414,5101.968250348085,282.3085666666668,0.0,3273.296126508034,6521.904759871908,10800.0
2025-10-20,4,13362.865694916669,14.833794999999782,5215.038748416664,0.0,14543.734360690984,10800.0,5018.862917259259
2025-10-20,5,17279.041066152262,5093.837636068927,3276.209586583333,0.0,10231.518393855617,5018.862917259259,5963.083915739812
2025-10-21,0,17553.373008333332,3671.2179416666663,137.30206666666697,0.0,7478.710136377499,5963.083915739812,9114.622211387963
2025-10-21,1,14199.823483400662,3116.4031090256613,4380.705275625,0.0,9167.505678059315,9114.622211387963,7051.934703261059
2025-10-21,2,4427.043858055555,5262.9586185416665,4063.101266666666,0.0,3374.5783765621845,7051.934703261059,7274.040496985597
2025-10-21,3,6567.929223573446,4769.375229686788,689.8303833333334,0.0,4336.2501403188635,7274.040496985597,10800.0
2025-10-21,4,13287.788987500002,0.0,5273.235874833331,0.0,14558.49544405585,10800.0,4940.849027962965
2025-10-21,5,17051.134596478256,4814.523613144924,3131.0185333333334,0.0,10282.656280044645,4940.849027962965,5795.010798311915
2025-10-22,0,19191.058091666666,5804.51525,708.095325,0.0,8275.736148213333,5795.010798311915,10232.301939978583
2025-10-22,1,12535.479036667319,2937.284875764542,5653.733005833333,0.0,7836.51869092727,10232.301939978583,6593.932766129631
2025-10-22,2,3831.3907382458847,5020.169453662551,4630.756112083332,0.0,2348.726030595916,6593.932766129631,5966.800705444447
2025-10-22,3,5415.370535898532,5515.861191481478,130.1460742326392,0.0,3426.5940360874038,5966.800705444447,10786.469028630401
2025-10-22,4,12982.336599638886,15.034412632887527,5650.691490569447,0.0,14330.716513802989,10786.469028630401,4521.453899367281
2025-10-22,5,16620.905976091042,4479.268492757708,3089.2113849305533,7.6995817361131005,10054.739442547414,4521.453899367281,5120.338448481939
2025-10-23,0,19552.093829515958,5457.985962849291,63.63418333333277,0.0,8291.08282725416,5120.338448481939,9961.821166898153
2025-10-23,1,12477.564746707812,1802.3657850411455,4542.880099999999,0.0,7353.409886924644,9961.821166898153,6536.305817879629
2025-10-23,2,4211.5550299999995,6402.469446666668,4083.179883333333,0.0,1948.1774142648333,6536.305817879629,7761.661782842594
2025-10-23,3,6077.762633333339,3789.081138755141,375.4193940999977,0.0,3786.3519921294596,7761.661782842594,10754.702147611113
2025-10-23,4,12095.031701666665,68.8298092386812,6288.043486666667,0.0,13070.963190432165,10754.702147611113,3829.933990740742
2025-10-23,5,17580.245323712134,4519.435241028803,2095.263567316668,0.0,11345.061715209824,3829.933990740742,5569.355077314811
2025-10-24,0,13304.279657125518,3982.3506282921844,930.2485711666657,0.0,4477.978567756739,5569.355077314811,8119.861119259262
2025-10-24,1,3591.132388333333,77.57985833333316,6200.7051366666665,0.0,1245.9552561765,8119.861119259262,1300.0106176851884
2025-10-24,2,0.0,10364.124966666666,90.00955591666968,14.682560749997037,67.72331145936133,1300.0106176851884,10527.71247
2025-10-24,3,32.64001216416423,302.54169999999954,38.37600450250238,0.0,19.47303125714038,10527.71247,10757.359994997221
2025-10-24,4,3598.282069016388,0.0,5876.4204143169445,0.0,2776.249533328978,10757.359994997221,4228.003979089508
2025-10-24,5,13885.476160166156,6270.291296416156,2725.203581180557,114.02352173610922,6146.23049792906,4228.003979089508,6843.262166774541
2025-10-25,0,13324.304386452912,4887.664468245627,1821.7152984593813,0.0,4758.330663408611,6843.262166774541,9218.032078796297
2025-10-25,1,2942.2023233333334,763.1119916666668,7139.656784999999,0.0,1030.0262863799999,9218.032078796297,1971.8808879629605
2025-10-25,2,0.0,9692.618666666665,47.14250000000004,0.0,0.0,1971.8808879629605,10642.857132407404
2025-10-25,3,37.01266000000004,174.60318621399588,5.975023333333297,0.0,22.444477024000026,10642.857132407404,10793.361085185184
2025-10-25,4,3722.372725966667,22.423238683128297,5722.157096533331,0.0,2764.369932212587,10793.361085185184,4455.589670518523
2025-10-25,5,12447.43960493827,4880.970854579604,2909.753899641333,0.0,4873.581987504768,4455.589670518523,5615.403551149798
2025-10-26,0,18659.76366137786,4712.394744711192,212.4894,0.0,8075.948113996244,5615.403551149798,9620.459488056538
2025-10-26,1,12901.515540065786,1935.4446646491187,4202.8525412499985,0.0,7748.074728022664,9620.459488056538,6692.523529296304
2025-10-26,2,2981.5038722166637,4920.0457988833305,3697.118316666666,0.0,1461.605406414152,6692.523529296304,7012.655507550562
2025-10-26,3,5586.041546135801,4787.515094491149,469.2771833333335,0.0,3615.661010749524,7012.655507550562,10800.0
2025-10-26,4,12367.163753000003,0.0,6271.699365,0.0,13388.862012233069,10800.0,3831.445149999997
2025-10-26,5,17942.692967484723,4733.107440208334,2019.20767272361,0.0,11686.429020435833,3831.445149999997,5847.677765383485
2025-10-27,0,16674.926801631518,2877.4142099648516,274.03594999999996,0.0,7216.76687135408,5847.677765383485,8132.866165462962
2025-10-27,1,14695.8421140135,3337.184133333334,4086.7661026531678,0.0,8757.742869110392,8132.866165462962,6595.4806602927765
2025-10-27,2,3691.100790034499,5922.857673101481,3567.9684833333326,0.0,1748.174107372737,6595.4806602927765,7961.643140158184
2025-10-27,3,6908.037557499999,3719.0050417138164,457.87290993055524,0.0,4695.657427352483,7961.643140158184,10800.0
2025-10-27,4,14090.045079090358,61.03344500000037,4898.097170145753,0.0,15604.895518241543,10800.0,5412.599911449165
2025-10-27,5,16830.1563414397,4996.345791950197,3510.8741505104967,0.0,9780.587903207163,5412.599911449165,6008.339845859347
2025-10-28,0,18273.207776822946,4468.232618489614,397.2231500000004,0.0,7748.041601836001,6008.339845859347,9588.390146944446
2025-10-28,1,13414.511759279845,1101.8601892798454,3120.7142133333323,0.0,8479.660176568463,9588.390146944446,7112.604080259268
2025-10-28,2,1958.935444017232,4215.3002573505655,4263.6385666666665,0.0,885.209638321413,7112.604080259268,6168.998126689593
2025-10-28,3,6215.471802893005,5761.529879809917,498.9375166666665,0.0,4358.797005949207,6168.998126689593,10800.0
2025-10-28,4,12743.17646109054,17.920493292180595,5915.208812076126,0.0,13771.657448348398,10800.0,4243.674208322825
2025-10-28,5,17084.7450395073,4319.387581090638,2469.02457491667,0.0,10971.169038470556,4243.674208322825,5387.762392508099
2025-10-29,0,18375.087606667956,4528.752323334625,48.87742500000013,0.0,8074.768568967783,5387.762392508099,9409.331233509258
2025-10-29,1,16240.520834079223,2403.4736425926008,1746.3183093055559,0.0,11632.797884477739,9409.331233509258,9632.103834836425
2025-10-29,2,4799.5114102083335,5175.924791527778,5143.932299999999,0.0,3608.660961470121,9632.103834836425,8574.955813878096
2025-10-29,3,6365.03821505401,3538.763334374132,863.8585333333334,0.0,4361.79003174971,8574.955813878096,10800.0
2025-10-29,4,13245.81656286111,19.645233263888713,5730.710288944444,0.0,14619.796691422012,10800.0,4450.224833332564
2025-10-29,5,17630.15783475308,5011.989143086417,2691.1494083333337,0.0,10884.647436255871,4450.224833332564,5970.849052851079
2025-10-30,0,17857.426720597567,3968.2988122642328,102.54810833333329,0.0,7879.054527855869,5970.849052851079,9428.375641296294
2025-10-30,1,14295.301035249999,2474.703829547324,3898.5739097500004,3.6418333333332384,8699.40991194769,9428.375641296294,7323.860299277778
2025-10-30,2,3966.1842966666663,5926.602248333334,3877.7197333333334,0.0,2059.4841281356667,7323.860299277778,8349.224841296296
2025-10-30,3,6477.761076707828,3444.6934273662528,584.5040333333332,0.0,4269.560240837508,8349.224841296296,10800.0
2025-10-30,4,12781.427981783327,1.8752499999997099,6074.656184883338,0.0,14318.219387206365,10800.0,4052.0697417962883
2025-10-30,5,16841.001967385568,4131.857059052234,2561.6335916666667,0.0,10952.028837662354,4052.0697417962883,4924.4815486470025
2025-10-31,0,13350.615817707034,3643.012934373701,542.7543750000002,0.0,4447.959618288025,4924.4815486470025,7600.132772916667
2025-10-31,1,4783.271881666667,811.4958583333331,5955.12516,0.0,1663.5643538423333,7600.132772916667,1713.673312083333
2025-10-31,2,0.0,7937.6374166666665,106.15228333333334,0.0,0.0,1713.673312083333,8739.600005601853
2025-10-31,3,266.41619516617095,2289.3333271090505,0.0,0.0,158.39239845114324,8739.600005601853,10800.0
2025-10-31,4,4002.1537723438246,12.623598333333462,5804.457913322843,0.0,3026.997138812965,10800.0,4361.963557030179
2025-10-31,5,14706.7274276749,7300.520697685388,2814.373436677155,0.0,5996.167484329501,4361.963557030179,7805.350588639078
2025-11-01,0,9493.244220009808,1087.1221288683093,1960.1632421918348,0.0,3137.5009189834645,7805.350588639078,6605.801346629627
2025-11-01,1,5366.456291666666,951.474375,5316.792366666667,0.0,1761.0670011,6605.801346629627,1554.5812100555531
2025-11-01,2,0.0,8819.697366666665,95.4192333333333,0.0,0.0,1554.5812100555531,9386.287469685181
2025-11-01,3,198.87234819791757,1576.068725041155,4.274389999999812,0.0,116.21282926681607,9386.287469685181,10800.0
2025-11-01,4,4019.0186071972216,98.63403251028873,5677.692257791667,0.0,3033.8355585950494,10800.0,4580.223676157409
2025-11-01,5,15393.2699095679,7818.669427526234,2727.990834625,0.0,6017.679690403561,4580.223676157409,8585.92523356991
2025-11-02,0,14900.277149999998,959.8655916666663,269.03770833333317,0.0,6549.6567664825,8585.92523356991,9150.873479032867
2025-11-02,1,14088.677883937287,2500.752471090066,4145.7753871527775,0.0,8898.375776038985,9150.873479032867,6795.133606177506
2025-11-02,2,5536.914202389102,6007.172783333333,4681.760756666666,0.0,3450.7921660525517,6795.133606177506,6999.6327148812115
2025-11-02,3,7674.893643820558,5370.76504930894,929.9891333333329,0.0,4804.690005729461,6999.6327148812115,10800.0
2025-11-02,4,13303.102277958416,3.705699999999979,5830.029240374916,0.0,14613.683966944518,10800.0,4325.524862916758
2025-11-02,5,17610.02195020825,5239.958042901234,2881.999409359649,0.0,10906.649051243114,4325.524862916758,5839.265535572704
2025-11-03,0,17328.4971549871,4019.4360799871006,811.4227749999998,0.0,7630.032001562999,5839.265535572704,8555.177146449983
2025-11-03,1,14860.211951773068,3450.020195106403,4151.015610000001,0.0,9111.862377347505,8555.177146449983,7047.95575537908
2025-11-03,2,5517.618786837893,5424.53366350456,4039.491578333332,0.0,3940.7190833027853,7047.95575537908,7441.71207660726
2025-11-03,3,7438.799535288065,4196.84816590963,421.332215,0.0,5238.186091673547,7441.71207660726,10750.72852037037
2025-11-03,4,13506.27382,57.042780144032704,5600.472664999999,0.0,14993.718873785832,10750.72852037037,4579.319616944442
2025-11-03,5,17056.496706291167,4427.286742,2588.8519857088304,0.0,10752.004182777058,4579.319616944442,5687.375478401296
2025-11-04,0,19497.83708953354,5533.904531200205,131.02327499999978,0.0,7956.408764489589,5687.375478401296,10522.308139814815
2025-11-04,1,13202.890434183333,1757.962039999999,4303.046305816665,21.977883333333352,8611.007788370669,10522.308139814815,7323.311413796299
2025-11-04,2,4843.2107781866325,5328.627656666668,4096.671816666667,0.0,2862.820962126686,7323.311413796299,7567.2187307222275
2025-11-04,3,6647.263223089091,4152.248406193409,462.8177549999999,0.0,4451.700638281962,7567.2187307222275,10790.000346296296
2025-11-04,4,14433.779835803605,33.86447063786072,4738.916147529728,0.0,16163.932654400354,10790.000346296296,5555.015983726228
2025-11-04,5,15956.81358333333,4420.7945083333325,3779.4074916666664,0.0,9546.103927466665,5555.015983726228,5334.3893838188205
2025-11-05,0,17412.941472145758,3504.291655479092,220.5420499999998,0.0,7579.924724137622,5334.3893838188205,8243.205151527782
2025-11-05,1,15897.48945055,2757.816796666667,2768.5588644500003,0.0,10065.341899130312,8243.205151527782,7649.063752472222
2025-11-05,2,4554.465801992086,5287.631118333333,4997.535,0.0,2531.2594909204927,7649.063752472222,6855.115092305555
2025-11-05,3,7543.773397709701,5405.445617602882,828.0145333333325,0.0,5070.356604802509,6855.115092305555,10800.0
2025-11-05,4,14618.24460956255,36.37637366255092,4584.283548333334,0.0,16375.637428565682,10800.0,5739.090349259259
2025-11-05,5,16033.990886975926,4376.152399999999,3540.191979690739,0.0,9653.737424763896,5739.090349259259,5744.0808651584375
2025-11-06,0,18091.44862413589,4705.509812869224,725.3340053999998,0.0,7768.034898954408,5744.0808651584375,9173.113024074073
2025-11-06,1,15117.162720572222,1877.1263005555556,2643.4283633166665,0.0,10003.844239159724,9173.113024074073,7925.384068666669
2025-11-06,2,5966.862034275003,5833.333333333334,5936.804176974997,0.0,4573.642064330262,7925.384068666669,6578.934983138896
2025-11-06,3,7727.883986419752,5057.834730668716,297.8876166666664,0.0,5150.572779971505,6578.934983138896,10800.0
2025-11-06,4,13969.525543136211,13.714174999999727,5045.472251966666,0.0,15666.999010897847,10800.0,5206.262477537039
2025-11-06,5,15688.099848399175,3733.6998666666664,3535.908301600824,0.0,9957.187332712945,5206.262477537039,4637.805355758344
2025-11-07,0,14257.78101754387,4857.643,1026.5382491227956,0.0,4789.896819308512,4637.805355758344,7869.086001177461
2025-11-07,1,4766.037916148618,871.6150478152849,6328.908514999999,0.0,1710.461563239418,7869.086001177461,1621.418971988997
2025-11-07,2,0.0,6833.16915,399.41207479009745,106.27415854323561,537.078781464133,1621.418971988997,7327.480012777777
2025-11-07,3,325.0930412345676,3858.3555413580243,0.0,0.0,199.8560936876418,7327.480012777777,10800.0
2025-11-07,4,4389.9940351333325,0.0,5680.300196666666,0.0,3266.97901231742,10800.0,4488.555337037037
2025-11-07,5,14697.461714197529,7233.290397530863,2784.766883333333,0.0,5898.8516427242275,4488.555337037037,7904.331268888888
2025-11-08,0,10352.080492982424,1780.7729833333337,1729.3601070175746,0.0,3566.12961938328,7904.331268888888,7585.51572386936
2025-11-08,1,4868.653855320046,1022.0421886533793,6061.301683333333,0.0,1622.1073861914274,7585.51572386936,1770.5740455092518
2025-11-08,2,0.0,7303.997733333333,183.02918333333326,0.0,0.0,1770.5740455092518,8140.806246249992
2025-11-08,3,54.25755248333391,2954.6597263888984,55.02343084999927,0.0,31.404271377353666,8140.806246249992,10738.862854611112
2025-11-08,4,4003.442597266666,39.84323666666677,5786.958456066667,0.0,3030.2274104318485,10738.862854611112,4344.767927537038
2025-11-08,5,15613.229858333332,8158.223549999999,2741.349408333333,0.0,6356.195492711666,4344.767927537038,8641.225335500001
2025-11-09,0,16404.511708683127,2543.4284670164607,268.21829166666737,0.0,7022.707345290884,8641.225335500001,10632.290631740741
2025-11-09,1,14737.476182100001,1037.7894516666665,2102.658436233331,0.0,10208.421180032272,10632.290631740741,9230.013986870375
2025-11-09,2,4587.681329526749,4997.85447952675,5204.296766666666,0.0,2689.987673772969,9230.013986870375,7945.531055481488
2025-11-09,3,6932.241286810699,3949.4698473868243,1368.8711833333334,0.0,4791.328217763035,7945.531055481488,9979.085936648149
2025-11-09,4,14901.397837152777,139.9472587500003,4447.376504930556,0.0,17118.974299243884,9979.085936648149,5163.509019600313
2025-11-09,5,18099.70637685833,6248.081867758334,3397.17620756667,0.0,10578.820314282044,5163.509019600313,7012.142469953181
2025-11-10,0,17188.54600113227,3300.561884465604,120.13770000000034,0.0,7642.023585794386,7012.142469953181,9849.161832638889
2025-11-10,1,17649.78673850566,2171.950599794239,906.8462139583335,0.0,13796.022096673463,9849.161832638889,10796.310468055555
2025-11-10,2,6584.526178827082,5573.276875632638,5530.7635666666665,0.0,5258.446344222339,10796.310468055555,9666.966804273077
2025-11-10,3,6816.900265004935,2528.3731741821753,1226.2355532666634,0.0,5047.151349771263,9666.966804273077,10580.018712962963
2025-11-10,4,13528.846782624758,4.052565473250866,6096.053166181824,0.0,15189.991302560813,10580.018712962963,3810.2736150201968
2025-11-10,5,19001.098724240463,6267.849754115225,2418.0487311848433,165.04469868991998,12172.776496129087,3810.2736150201968,6764.617581296296
2025-11-11,0,18489.655075195467,4514.763658528801,74.61684999999977,0.0,8064.610252456358,6764.617581296296,10744.997262861109
2025-11-11,1,14607.650157191667,1000.3017347427949,2426.9363949893996,0.0,10194.972309263669,10744.997262861109,8948.67282969696
2025-11-11,2,4241.934240497857,4815.410187573956,5551.73078756221,0.0,2872.825192089481,8948.67282969696,7113.95223455551
2025-11-11,3,8132.247396390869,4998.129157078242,731.0416283333338,0.0,5630.670521782499,7113.95223455551,10800.0
2025-11-11,4,13506.949501983336,26.83492526749035,5848.655406617486,0.0,14768.870326325281,10800.0,4325.645425387978
2025-11-11,5,15739.490259416665,3183.7826333333333,2785.74265725,0.0,10287.630486371709,4325.645425387978,4095.780176221313
2025-11-12,0,19064.51335765533,5222.433449321998,112.10724999999968,0.0,8447.787169120333,4095.780176221313,8671.4066695
2025-11-12,1,17041.012590895138,3342.962798996912,2561.0976745215276,3.144166666666706,11250.695915923077,8671.4066695,8834.409105795528
2025-11-12,2,5998.2453819444445,5978.81491,5863.532233333332,0.0,3980.1732064496045,8834.409105795528,7700.306709980714
2025-11-12,3,8278.05942497942,4740.236783149,1049.8678333333335,0.0,5448.507989406363,7700.306709980714,10800.0
2025-11-12,4,13587.196234399997,87.2854966666664,5745.285562266668,0.0,15202.92689278455,10800.0,4494.906322259258
2025-11-12,5,16206.19545925926,3451.7160509259256,2454.2337249999996,0.0,10396.520784922603,4494.906322259258,4874.524406981481
2025-11-13,0,20173.241241838477,6121.973783505144,83.26923333333332,0.0,9006.640358362753,4874.524406981481,10291.779441765739
2025-11-13,1,15563.768168591667,2838.6267802499997,3230.6892949916655,0.0,10649.407530207867,10291.779441765739,9256.888771777776
2025-11-13,2,4493.239881277017,4844.897653971186,4888.626816666667,0.0,2575.8483477523196,9256.888771777776,8185.489086277769
2025-11-13,3,8792.396008333331,4432.545976152273,1237.3024183333332,0.0,6511.128155257165,8185.489086277769,10800.0
2025-11-13,4,15309.391134082267,0.0,4192.5236242510655,0.0,17527.817579624625,10800.0,6141.640417498815
2025-11-13,5,13928.910733333332,2506.9849916666662,3830.054391666667,0.0,8580.128241602499,6141.640417498815,4142.310919258073
2025-11-14,0,14026.722753046583,4224.152378046582,583.4684416666664,0.0,4816.506369502841,4142.310919258073,7295.749790981477
2025-11-14,1,5604.246398333334,902.5343150000006,5442.1833166666665,0.0,2016.0386499125002,7295.749790981477,2061.1603226296274
2025-11-14,2,0.0,6563.5851,262.9838,0.0,0.0,2061.1603226296274,7676.182690407406
2025-11-14,3,302.5876533333333,3470.9081217695493,100.54536333333351,0.0,185.73232465049998,7676.182690407406,10688.28292962963
2025-11-14,4,4485.421625745003,81.76186166666673,5729.967202588329,0.0,3292.7706382479573,10688.28292962963,4395.23838003149
2025-11-14,5,17109.54003737522,9696.154729041888,2782.040875,0.0,6561.261389023481,4395.23838003149,10030.621108391411
2025-11-15,0,9946.51942460606,972.4961083333333,1397.2250670606068,0.0,3515.942687672027,10030.621108391411,9353.395309157404
2025-11-15,1,3821.046456480559,57.17981159722211,6641.09457178333,0.0,1614.747986367631,9353.395309157404,2025.863170946759
2025-11-15,2,0.0,6303.727066666666,491.17233333333326,0.0,0.0,2025.863170946759,7153.470493909724
2025-11-15,3,394.43779166666627,4051.6994512114165,0.0,0.0,245.45258117599977,7153.470493909724,10800.0
2025-11-15,4,4492.591069166668,147.04090534979605,5647.683329999999,0.0,3329.8088795984177,10800.0,4657.133114814818
2025-11-15,5,16231.435205661523,8874.357558744858,2933.1557280833345,0.0,6538.3024440341305,4657.133114814818,9384.992997592593
2025-11-16,0,14304.093546502048,1799.065213168717,1416.4014166666666,0.0,6181.300486936632,9384.992997592593,9430.372337592587
2025-11-16,1,16725.196213717925,3206.7509740817927,2612.562210363865,0.0,11825.301293037264,9430.372337592587,9413.601313861913
2025-11-16,2,6016.3350762499995,5101.6745536805565,5748.542769166666,0.0,4606.782427905091,9413.601313861913,7617.838668655897
2025-11-16,3,8325.805262125315,4342.891213839126,670.9561633333335,0.0,6009.4255214309,7617.838668655897,10780.933912962962
2025-11-16,4,14409.230408333333,116.40248858024819,5375.84923,0.0,16327.984306316166,10780.933912962962,4912.530341574075
2025-11-16,5,19721.393153016666,7080.287288999999,2679.606085983332,0.0,11640.944288556355,4912.530341574075,8307.44880613704
2025-11-17,0,16313.865506961516,4136.4958134279805,1914.9584444500024,0.0,7338.965908461666,8307.44880613704,9902.56343327777
2025-11-17,1,16581.64841080776,2717.9705437552975,2188.831967083333,0.0,11635.969876885676,9902.56343327777,9916.701403676057
2025-11-17,2,5583.255942258217,5275.880584791667,6095.279819547338,0.0,3801.4823497075054,9916.701403676057,7892.460797158184
2025-11-17,3,8145.035218271596,4256.6346842275325,831.0888116666663,0.0,5731.948234175199,7892.460797158184,10800.0
2025-11-17,4,14269.00549265,16.73120833333303,5201.485650683331,0.0,15821.968575136281,10800.0,5035.629586740742
2025-11-17,5,18417.325875,6375.825316666666,3145.1029083333333,0.0,10858.531623769999,5035.629586740742,7279.313584703706
2025-11-18,0,15475.418188016663,1854.5459999999996,402.66844531666857,0.0,6726.493840395392,7279.313584703706,8500.995601018518
2025-11-18,1,17035.54471544136,3460.6155596080275,2419.553644166667,0.0,10889.48471765512,8500.995601018518,8927.156666702776
2025-11-18,2,5235.131421666665,5090.972659999999,5692.532516666666,0.0,3264.0501261803324,8927.156666702776,7183.9959310731465
2025-11-18,3,9423.395063063303,5356.569893457821,1084.4179516666663,0.0,7294.781210888353,7183.9959310731465,10800.0
2025-11-18,4,14629.193781840944,80.93996588108851,5178.377147672943,0.0,16596.123610929277,10800.0,5119.093582989712
2025-11-18,5,17620.731211092592,5423.521758333332,3102.0778972407406,0.0,10643.767365393502,5119.093582989712,6553.50994633333
2025-11-19,0,17341.812366666665,3476.7285416666655,333.51147500000025,0.0,7850.708590164999,6553.50994633333,9311.997328277776
2025-11-19,1,18389.35190450566,3156.855852633751,1217.850836083337,0.0,13803.221843356088,9311.997328277776,10800.0
2025-11-19,2,6544.770792241939,5515.910894880828,6622.689799999999,0.0,4999.360964849546,10800.0,8405.775583170522
2025-11-19,3,9464.14709165,3836.4908376500375,952.7556033499995,0.0,6991.517353890372,8405.775583170522,10800.0
2025-11-19,4,15179.677535615278,70.88127643261265,4628.270955610414,0.0,17167.836542347686,10800.0,5721.269864777779
2025-11-19,5,18640.88622345679,6959.524277706789,3747.23785425,0.0,10667.789660916415,5721.269864777779,7821.2440988805565
2025-11-20,0,15587.332585811728,1804.0356108117285,351.77320833333374,0.0,6718.5739334683085,7821.2440988805565,9054.017028240743
2025-11-20,1,16247.511034773663,2000.282569773663,1708.4593183333332,0.0,10784.927304854886,9054.017028240743,8955.98320955556
2025-11-20,2,4728.492373333333,5110.9748899999995,5796.955733333333,0.0,2683.3063110004996,8955.98320955556,7114.798684629633
2025-11-20,3,9614.604420473246,6071.042601995878,1821.2882316666664,0.0,7261.960656148875,7114.798684629633,10555.083435685183
2025-11-20,4,14260.264348806584,242.26103047325114,5506.038148333333,0.0,15930.761785244165,10555.083435685183,4655.298198296293
2025-11-20,5,18142.71891778024,4184.868025,1399.1840905530942,0.0,12351.316981429249,4655.298198296293,6867.030431292855
2025-11-21,0,12413.401468522341,2892.9093351890087,1075.93935,0.0,4315.354541324796,6867.030431292855,8275.160666296299
2025-11-21,1,5126.826172444443,29.53552965277771,5430.171223875001,0.0,2118.034841545242,8275.160666296299,2268.219060900465
2025-11-21,2,606.0517404861095,6882.473747569442,450.44919999999996,0.0,348.10254861671785,2268.219060900465,7961.946322601854
2025-11-21,3,523.960755233334,3178.0435921707785,19.966999999999985,0.0,314.63615235508377,7961.946322601854,10800.0
2025-11-21,4,4750.950819601028,223.61749491769655,5569.4615419833335,0.0,3657.4099193252828,10800.0,4812.9651432222245
2025-11-21,5,15582.609222427987,8089.882755761321,2761.2622,0.0,6240.199590095888,4812.9651432222245,9025.790512296304
2025-11-22,0,11024.883217098757,2553.6904788271518,1991.4713249999998,0.0,3622.8412697628924,9025.790512296304,9111.366026574076
2025-11-22,1,4652.489545930555,21.721727361111164,6059.432181430556,0.0,1950.0672337626834,9111.366026574076,2398.2131573873476
2025-11-22,2,0.0,5266.507166666666,609.8762833333334,0.0,0.0,2398.2131573873476,6460.429292572533
2025-11-22,3,505.05800560956675,4821.745230474963,0.0,0.0,324.0327250586537,6460.429292572533,10800.0
2025-11-22,4,4951.208632789583,93.80572572273567,5539.367279502083,0.0,4065.396245010211,10800.0,4729.572620370372
2025-11-22,5,16786.481773883745,9196.590635967079,2794.7957027083326,0.0,6901.9730344166655,4729.572620370372,9901.17563417593
2025-11-23,0,14888.56743094948,1040.438184241665,213.2459866255175,0.0,6580.687823762022,9901.17563417593,10600.630014853967
2025-11-23,1,17310.262732367537,1744.5562601508873,1233.6575840907963,0.0,13532.319012621349,10600.630014853967,10800.0
2025-11-23,2,5516.745548458329,5008.765072361111,7269.154728902781,0.0,4075.6633275066183,10800.0,7231.049977455243
2025-11-23,3,9518.042190323218,5184.9381731978765,987.7449,0.0,6981.78809214391,7231.049977455243,10800.0
2025-11-23,4,13704.646792392834,0.0,6053.00780275,0.0,15173.331743576151,10800.0,4074.435774722224
2025-11-23,5,20011.08238333333,6419.256758333333,1671.976541666667,0.0,12530.708886881666,4074.435774722224,7994.0151442592605
2025-11-24,0,16651.570252508747,4600.319580967085,2080.559728458336,0.0,7256.924679961158,7994.0151442592605,9822.569735509267
2025-11-24,1,17018.710638943616,1970.346877510287,1127.3917469000025,0.0,12249.840678573752,9822.569735509267,10343.224428712967
2025-11-24,2,4389.623920905348,4896.393899238682,5746.5156333333325,0.0,2647.834993463491,10343.224428712967,8364.96156765741
2025-11-24,3,9292.944167448555,3975.1707046604874,1035.885195,0.0,6941.556124324928,8364.96156765741,10791.631651851852
2025-11-24,4,13375.536549083336,9.298164609052845,6335.379692583331,0.0,14612.977428266428,10791.631651851852,3760.689230462966
2025-11-24,5,19636.960256666665,6148.768074999998,2065.764418333333,0.0,12569.559022809332,3760.689230462966,6999.286699814818
2025-11-25,0,15772.85932098765,2442.606020987651,769.7069999999995,0.0,6825.953495085554,6999.286699814818,8342.402118703703
2025-11-25,1,18814.580113888194,4518.730474722222,1920.0909687506937,0.0,13036.740881104784,8342.402118703703,10275.825136230707
2025-11-25,2,6124.106801527777,5173.9704609027785,6373.82543,0.0,4493.050686383781,10275.825136230707,7850.3702954876535
2025-11-25,3,8932.793398600821,4611.866375384086,1080.9450299999996,0.0,6588.228397551136,7850.3702954876535,10800.0
2025-11-25,4,13629.179885583333,71.41742000000045,6020.921351083332,0.0,14952.104811029167,10800.0,4174.363065685186
2025-11-25,5,17490.458949688684,3386.7328413580244,1292.0299916693389,0.0,11891.327721635465,4174.363065685186,5786.8337432748085
2025-11-26,0,17041.25330107799,3301.301754694659,175.17860361666612,0.0,7209.964771620309,5786.8337432748085,8563.362429592595
2025-11-26,1,18963.898134166666,3487.7082841152237,868.3653158333333,0.0,13096.675913537416,8563.362429592595,10737.44953437037
2025-11-26,2,4813.912603117404,4259.22747495457,6867.049911837165,0.0,3653.559617538891,10737.44953437037,6940.69880423263
2025-11-26,3,9423.795010433332,5783.794329741523,1571.410526233332,0.0,7103.809893235063,6940.69880423263,10400.102005185186
2025-11-26,4,13276.673924553828,143.83383333333336,6373.892325446171,0.0,15048.565091529103,10400.102005185186,3447.449871356107
2025-11-26,5,18469.631227416667,3435.6747333333333,121.96002258333306,0.0,13235.532831427625,3447.449871356107,6404.0459951524035
2025-11-27,0,18325.961242554302,5080.653417554303,729.7059333333332,0.0,7869.099329307485,6404.0459951524035,10165.849700580906
2025-11-27,1,16549.98322913707,1740.0542986599849,1593.325684126819,0.0,11900.559395448976,10165.849700580906,9961.536698122869
2025-11-27,2,6019.080876537524,5308.437757847222,5874.877181795809,0.0,4334.786971477532,9961.536698122869,8211.489367078915
2025-11-27,3,9739.26709010914,4578.278759350758,1499.2792914312643,0.0,7766.80622796532,8211.489367078915,10666.074371126528
2025-11-27,4,14416.179620583845,131.60385218106887,5429.903298263889,0.0,16179.034157000831,10666.074371126528,4751.29195112961
2025-11-27,5,17392.217598636125,5138.364360369447,2979.1981450666526,0.0,10560.708954173233,4751.29195112961,6065.599714276943
2025-11-28,0,14768.681194470675,5507.585249754012,1079.6053552833355,0.0,4871.087718671536,6065.599714276943,9822.864933185178
2025-11-28,1,4530.819508333333,178.21103333333315,6386.525274999999,0.0,1568.7262979708332,9822.864933185178,2887.11566874073
2025-11-28,2,0.0,5011.078416666666,747.8469666666665,0.0,0.0,2887.11566874073,6566.145169666657
2025-11-28,3,575.9704025999998,4749.138402921824,36.33275906666688,0.0,371.29156643200656,6566.145169666657,10800.0
2025-11-28,4,5081.41753133944,63.6439511728406,5578.383756507782,0.0,3985.392451884926,10800.0,4659.075382158023
2025-11-28,5,15569.41982047737,8317.944320477369,2774.1048916666664,0.0,6096.188418069549,4659.075382158023,9062.886502069136
2025-11-29,0,11631.04236859611,3425.4819333333335,2026.445423070555,0.0,3926.0438646646735,9062.886502069136,9894.214216435188
2025-11-29,1,3966.9642349999995,37.888709999999946,6800.935491666666,0.0,1327.8697272821664,9894.214216435188,2371.719064694448
2025-11-29,2,1682.47500316358,5527.446248996914,768.2192166666666,0.0,1052.856998792685,2371.719064694448,6492.843781384262
2025-11-29,3,2000.9060783202613,4807.019008461932,18.739701249999825,0.0,1292.4232684181718,6492.843781384262,10798.338998722224
2025-11-29,4,4931.802810033745,114.93709800411565,5444.6370399,0.0,3767.659441131112,10798.338998722224,4852.185675925928
2025-11-29,5,16387.66908292181,8795.377799588478,2851.364108333333,0.0,6448.628061302572,4852.185675925928,9599.843352962964
2025-11-30,0,15293.675161046343,2140.9979777130097,834.6346999999994,0.0,6488.847518011032,9599.843352962964,10599.369644015784
2025-11-30,1,17056.848974871868,1122.5994848727228,728.7382623611109,0.0,12826.746309682734,10599.369644015784,10800.0
2025-11-30,2,6215.559772220837,5112.502210345837,7382.879733333332,0.0,4780.220367432518,10800.0,7198.05228560755
2025-11-30,3,11093.04983784928,5705.32824670964,1445.3721634937497,0.0,9335.768062517278,7198.05228560755,10726.878637097616
2025-11-30,4,13172.289423247166,111.28961010073063,6805.914682569443,0.0,14474.208064976707,10726.878637097616,3264.911861111114
2025-11-30,5,20641.925283966666,6925.132527263373,1651.365659963373,0.0,13135.697273541555,3264.911861111114,7662.680402355513
2025-12-01,0,17268.338997989755,2933.884178428337,979.0353804385833,0.0,8128.479442152201,7662.680402355513,9215.359073564814
2025-12-01,1,18364.60880499923,962.9393913194444,1302.1216396535485,0.0,16954.01902798659,9215.359073564814,8635.202703915036
2025-12-01,2,9506.291339390427,5775.655276180556,6589.112170277777,0.0,9849.474552628108,8635.202703915036,6512.0567077244505
2025-12-01,3,13966.845128770674,6440.96617411618,1358.033637986111,0.0,12986.735208940088,6512.0567077244505,10800.0
2025-12-01,4,16074.034469236725,0.0,5086.837586249383,0.0,19247.43551921911,10800.0,5147.958237500685
2025-12-01,5,15903.099557716048,3466.1574583333336,3080.504483950617,0.0,10232.793165669043,5147.958237500685,4844.717190055555
2025-12-02,0,20704.836627366254,6216.1229440329225,843.1498500000001,0.0,9626.128247814104,4844.717190055555,9502.39467301852
2025-12-02,1,19141.344291059668,1537.8625620318894,987.4674043055555,0.0,16878.200569365203,9502.39467301852,9789.284974063276
2025-12-02,2,10106.638818680556,5904.253489305556,7541.2652591666665,48.00077645833289,11883.310998966406,9789.284974063276,6723.92949314198
2025-12-02,3,13550.217729128939,6144.569246303152,1308.6376333333333,0.0,13428.742898661938,6723.92949314198,10800.0
2025-12-02,4,14913.438307361108,0.0,6136.7597561833345,0.0,17602.769891031938,10800.0,3981.3780486851856
2025-12-02,5,19465.752882427983,4797.543290761319,971.2352416666665,0.0,14540.76093720452,3981.3780486851856,7220.016741851854
2025-12-03,0,17717.71888333333,2761.786975,248.2089666666667,0.0,8022.473652209166,7220.016741851854,9429.837278611116
2025-12-03,1,20642.837409345833,2654.2143845696096,916.7672022513894,0.0,16663.70581498019,9429.837278611116,10800.0
2025-12-03,2,8775.013820824304,5661.232760833334,6930.086703759028,0.0,8206.733127157313,10800.0,8195.013147239966
2025-12-03,3,13510.49349027778,5008.308868035842,1712.2420156249993,0.0,13023.3835455606,8195.013147239966,10800.0
2025-12-03,4,14931.054033125001,27.883831666666765,5181.493516166668,0.0,17644.823386626405,10800.0,5067.880430537036
2025-12-03,5,19297.209191666665,4821.500466666666,1104.6978416666666,0.0,14084.2207375675,5067.880430537036,8179.788804240739
2025-12-04,0,16479.396881399178,1449.5820813991782,288.2396000000002,0.0,7747.047226821646,8179.788804240739,9164.146455277776
2025-12-04,1,19876.041885,1934.4511116666672,755.0841966666666,0.0,15175.374276326,9164.146455277776,10066.170015037038
2025-12-04,2,8473.295761498626,5191.9161998319605,7795.699043333332,13.015638333333186,7809.719172278028,10066.170015037038,6077.006768959877
2025-12-04,3,14010.060742783333,6429.726739643346,957.3847511749996,0.0,12889.957284296872,6077.006768959877,10800.0
2025-12-04,4,16966.687713625,89.636955596706,3909.097137366666,0.0,20759.405195849296,10800.0,6537.231996296297
2025-12-04,5,17031.113208486626,3760.0019260699596,2353.1822509166655,0.0,11818.379059063787,6537.231996296297,7306.5867842963
2025-12-05,0,14931.796077170779,3929.380838744852,598.3496749999995,0.0,5503.579638090133,7306.5867842963,10178.196566944445
2025-12-05,1,7314.684605644982,845.6371338683123,6351.5290948899965,0.0,3610.600800954302,10178.196566944445,3882.0154375481548
2025-12-05,2,3401.921147777778,6165.0782500000005,1974.4232666666664,0.0,1637.1473310882502,3882.0154375481548,7236.782232918526
2025-12-05,3,3469.402974992795,4049.047868773652,72.83278333333328,0.0,1945.677235664168,7236.782232918526,10800.0
2025-12-05,4,6224.702228680556,0.0,5549.596883333333,0.0,5379.096243660618,10800.0,4633.781240740744
2025-12-05,5,15850.763550777574,8234.858625777575,2738.3362500000003,0.0,6274.826248881065,4633.781240740744,9002.558170607226
2025-12-06,0,12420.058104983742,3249.4023049837415,2408.553624999999,0.0,4540.61181979318,9002.558170607226,9250.849550648149
2025-12-06,1,9539.059527113746,1825.748440625,5194.618080177919,0.0,4932.917598340357,9250.849550648149,5122.225280346294
2025-12-06,2,3987.482591666667,5490.564225,2071.3541333333333,0.0,2700.0986603465835,5122.225280346294,7762.228490253702
2025-12-06,3,1654.7656693657439,3390.6151595775054,12.403920486110906,0.0,1117.586330622752,7762.228490253702,10800.0
2025-12-06,4,6220.581650405524,680.5281069958845,6132.356383333333,0.0,5183.223921286509,10800.0,4598.745981481482
2025-12-06,5,16244.534535556379,8257.673285823048,2557.659283600002,0.0,6941.957699448563,4598.745981481482,9188.80829027778
2025-12-07,0,16831.340215123455,2708.3071567901216,1159.5138916666665,0.0,7588.566707006265,9188.80829027778,10337.935962870373
2025-12-07,1,18713.916446601506,1421.6257742403973,1147.9945276388887,0.0,14873.246244737931,10337.935962870373,10341.849684532408
2025-12-07,2,7217.780803333333,4918.829158333333,7738.2325883333315,0.0,5938.596299483834,10341.849684532408,6170.759717773152
2025-12-07,3,14668.17013899348,6564.103132515427,1150.607283333333,0.0,14991.799295140452,6170.759717773152,10800.0
2025-12-07,4,18324.607000084878,24.051674999999932,2926.6877644666674,0.0,22196.944081128833,10800.0,7569.771213648146
2025-12-07,5,17306.168565123455,5551.144916666666,3863.3109515432093,0.0,10323.744478350123,7569.771213648146,8273.233914711245
2025-12-08,0,17638.51100833333,2502.9646916666666,44.744316666666805,0.0,8259.3003679925,8273.233914711245,10476.186229803841
2025-12-08,1,20989.222011343212,1692.4575825102863,1079.4582486567874,0.0,16250.4896626665,10476.186229803841,10800.0
2025-12-08,2,10095.548808198251,5489.891316111111,6684.659199579526,0.0,9012.424222641708,10800.0,8313.503073856082
2025-12-08,3,14112.092170962089,5597.728318328631,2471.1305290246364,0.0,12105.45283407417,8313.503073856082,10605.757972546697
2025-12-08,4,16521.109979904497,248.9446909974966,3890.531746687168,0.0,19076.824422109603,10605.757972546697,6506.995142569815
2025-12-08,5,15985.997866666667,4362.764975,3780.018208333333,0.0,9479.322555936666,6506.995142569815,6233.463388588334
2025-12-09,0,20929.998638712164,5116.15644066317,34.20376666666664,0.0,9545.747587295004,6233.463388588334,10800.0
2025-12-09,1,18642.944028433332,1716.7768256995878,1966.968664900001,0.0,14461.208638689199,10800.0,10159.578404351847
2025-12-09,2,8360.405323766663,5154.058280497666,7198.453575064334,42.06572166666649,7408.681109908066,10159.578404351847,6799.949106728265
2025-12-09,3,13542.497623799485,7527.14961953608,2637.0502333333334,0.0,11149.026390046625,6799.949106728265,10644.327949495922
2025-12-09,4,17020.51264942778,210.4027348656396,3573.3336875471177,0.0,19999.29739039918,10644.327949495922,6863.319646933756
2025-12-09,5,13563.850575,1825.031308333334,3736.2374500000005,0.0,8394.499097747499,6863.319646933756,4354.472879989312
2025-12-10,0,22076.997750011873,6699.411366678542,96.69975000000011,0.0,10011.55353112027,4354.472879989312,10276.498943333332
2025-12-10,1,20947.831844999997,1364.0438427983547,633.7245616666667,0.0,16355.952269772166,10276.498943333332,10800.0
2025-12-10,2,8150.284041666666,4898.576483333332,6967.447398333333,0.0,7093.546165104666,10800.0,7467.110614629631
2025-12-10,3,14125.328049617603,7181.314772189092,2968.1479775071875,0.0,12337.20720088648,7467.110614629631,10632.351712369602
2025-12-10,4,16169.773829499996,307.351546666667,4302.9101671666685,0.0,18785.44059167386,10632.351712369602,6127.956807517745
2025-12-10,5,14960.097508333332,2494.867083333333,3001.0177083333333,0.0,9816.387974325,6127.956807517745,5038.873062147376
2025-12-11,0,22240.27219483625,6427.728500906207,21.445841666666638,0.0,10031.937502368535,5038.873062147376,10800.0
2025-12-11,1,20095.727061666665,779.9340308641979,631.7465650000001,0.0,15638.896351187166,10800.0,10800.0
2025-12-11,2,9864.183068333332,5696.56946,6979.962636666666,0.0,8522.382240138166,10800.0,8171.398473259259
2025-12-11,3,14695.763849958845,5366.757128477371,1981.3318999999997,0.0,12042.005310782359,8171.398473259259,10800.0
2025-12-11,4,16608.091316016667,71.36832777777713,3874.284792316667,0.0,19088.842291807327,10800.0,6559.470614648149
2025-12-11,5,16743.102500205758,5024.952033539094,3754.7194250000002,0.0,9756.648389021686,6559.470614648149,6910.016972611113
2025-12-12,0,16200.186434598763,4351.870092160492,24.03004999999979,0.0,5719.695239817614,6910.016972611113,10800.0
2025-12-12,1,8265.539982201695,705.4537469135802,5848.790313662501,0.0,4186.222609232531,10800.0,4936.252468152775
2025-12-12,2,4333.877067916666,5692.618233333334,1975.0492166666663,0.0,2397.865342640416,4936.252468152775,7865.109748523146
2025-12-12,3,3903.487179592642,3260.9891683076153,0.0,0.0,2180.097557106919,7865.109748523146,10800.0
2025-12-12,4,5850.788548055556,0.0,5442.5629,0.0,4788.519419162192,10800.0,4752.70788888889
2025-12-12,5,16619.582575823042,9072.781875823044,2850.4009,0.0,6770.211942240658,4752.70788888889,9751.09946601852
2025-12-13,0,13326.544250257199,1377.465624176948,171.73667499999988,0.0,5037.266315622422,9751.09946601852,10800.0
2025-12-13,1,8520.181868991769,1400.538955761317,6382.750543333332,0.0,4004.4385920220275,10800.0,4968.540012037039
2025-12-13,2,1919.131990370366,4028.5893362037,2066.0163333333335,0.0,973.8763424919955,4968.540012037039,6298.696710916664
2025-12-13,3,4616.6996892890975,5092.611329434157,73.84221666666679,0.0,2528.162394574383,6298.696710916664,10800.0
2025-12-13,4,5878.490550063887,7.319425582991244,5216.83835708889,0.0,4888.400881245256,10800.0,5010.100419592591
2025-12-13,5,17309.989013252714,9744.787305502718,2953.856150583333,0.0,7105.051512314397,5010.100419592591,10498.346605007999
2025-12-14,0,15827.087011822387,490.2322084273287,125.60003333333339,0.0,7011.489755108661,10498.346605007999,10800.0
2025-12-14,1,19730.716817815028,1680.2792640143682,1361.0262038516375,0.0,15708.01983788688,10800.0,10800.0
2025-12-14,2,8395.084325518303,4893.036085000001,7803.978526148363,0.0,7508.445183900189,10800.0,6532.6452252240415
2025-12-14,3,14103.210877749145,7282.157419555593,2233.8408993333273,0.0,12160.056966276003,6532.6452252240415,10604.541459120375
2025-12-14,4,17086.070943539286,280.4222144062268,4427.37405687738,0.0,19886.641809713234,10604.541459120375,5937.616944444444
2025-12-14,5,13618.528390469144,1835.3662083333334,3762.194401197521,0.0,8580.239901260129,5937.616944444444,3409.230530613866
2025-12-15,0,23823.548452095703,8211.966077095705,0.0,0.0,10868.006386932495,3409.230530613866,10800.0
2025-12-15,1,21550.640668333333,0.0,0.0,0.0,16782.494284689834,10800.0,10800.0
2025-12-15,2,10572.411566666666,5386.365921666666,7184.951473333333,0.0,9771.744560200832,10800.0,7664.449914685185
2025-12-15,3,14953.542070433374,6630.791144176955,2548.94575,0.0,13060.431283027978,7664.449914685185,10800.0
2025-12-15,4,16787.078622839505,88.60347283950694,3783.4848766666664,0.0,19370.1038575273,10800.0,6675.8710403703735
2025-12-15,5,16369.581521848142,4340.997548148149,3422.4413846333387,0.0,10046.95112370187,6675.8710403703735,6780.0561841111075
2025-12-16,0,20100.48434820988,4466.604239876545,0.0,0.0,9111.265453431191,6780.0561841111075,10800.0
2025-12-16,1,21576.209281591186,177.99548568989542,144.1763434088149,0.0,16694.97077266037,10800.0,10800.0
2025-12-16,2,10351.818126742146,5190.0892933333325,6845.758643257855,0.0,9740.367275018609,10800.0,7864.6818714912715
2025-12-16,3,15617.89437129732,6352.938095359491,2504.0935415833333,0.0,13339.413048523593,7864.6818714912715,10800.0
2025-12-16,4,16057.989439874691,80.7230896913585,4494.033697749999,0.0,18478.423588214526,10800.0,5879.280005444448
2025-12-16,5,19833.33460069066,7489.3656833333325,3174.865074309337,0.0,11532.185205418778,5879.280005444448,9092.081260100738
2025-12-17,0,18329.031859095885,2633.802715114408,596.2533333333333,0.0,8615.200194980676,9092.081260100738,10800.0
2025-12-17,1,21139.387704999997,713.1150699588476,577.6232066666669,0.0,16752.863206248832,10800.0,10800.0
2025-12-17,2,11833.051375,6145.9989983333335,6145.475505,0.0,11143.193030855666,10800.0,9503.092981833332
2025-12-17,3,15065.408222683329,3856.8680235802503,1956.8467827500017,0.0,12562.400613838385,9503.092981833332,10800.0
2025-12-17,4,16846.626894150002,37.74205701646554,3466.3883479899187,0.0,19587.429088789697,10800.0,6982.425242437133
2025-12-17,5,17021.587766666664,5107.183708333332,3628.092641666666,0.0,9935.287823198332,6982.425242437133,7547.676533640837
2025-12-18,0,19909.253654287957,3662.3779461603876,39.435016666666456,0.0,9128.217746094444,7547.676533640837,10800.0
2025-12-18,1,20481.919469033335,16.607772798353025,13.452295966665474,0.0,16180.936743090992,10800.0,10800.0
2025-12-18,2,9576.319385966666,5198.3196450000005,7853.053470699999,0.0,8399.63901498139,10800.0,6752.872713055558
2025-12-18,3,16003.051876488891,7321.385889691352,2287.9080123999956,0.0,12828.358847263258,6752.872713055558,10800.0
2025-12-18,4,16349.712864670328,50.21423662551509,4216.769807629669,0.0,18696.971188431766,10800.0,6159.893026707774
2025-12-18,5,17581.056905166664,5756.9636635,3666.6601416666667,0.0,10355.824623623183,6159.893026707774,7267.093499783699
2025-12-19,0,16744.059907133334,5204.310967318524,1035.8760333333335,0.0,5977.334453468682,7267.093499783699,10800.0
2025-12-19,1,10322.196646666667,429.39430166666637,4018.3259716666653,0.0,5459.614347859334,10800.0,6721.648236314815
2025-12-19,2,3872.525533333332,6336.572883333334,2020.936783333333,0.0,1759.831854529666,6721.648236314815,10179.078516500002
2025-12-19,3,2919.450421466455,782.6727244650142,75.13557166666669,0.0,1627.3937280430177,10179.078516500002,10800.0
2025-12-19,4,5668.633445428836,118.40390944999905,5457.18002568783,0.0,4432.415510728379,10800.0,4843.030156629633
2025-12-19,5,16552.412824416664,8876.391375,2955.52661725,0.0,6709.651017693566,4843.030156629633,9547.863930518522
2025-12-20,0,13906.93994731481,2567.2722068312746,952.5680249999999,0.0,5272.306699604535,9547.863930518522,10800.0
2025-12-20,1,9890.057266666665,975.7011103292159,4888.311735000001,0.0,5051.357819009332,10800.0,6246.673515962962
2025-12-20,2,3898.6104966666667,6075.323433333333,2476.2596166666667,0.0,1805.2950449346667,6246.673515962962,8963.06503188889
2025-12-20,3,3925.0516648971193,2123.1705818518517,66.52669999999989,0.0,1921.204258508006,8963.06503188889,10800.0
2025-12-20,4,5746.249577866664,79.22708716049603,5182.504768800002,0.0,4519.686603020251,10800.0,5112.9657464444435
2025-12-20,5,17332.890204692383,9544.79948960905,2797.050401583333,0.0,6856.182720271969,5112.9657464444435,10595.45150755555
2025-12-21,0,15868.90027576132,299.1232837860156,171.82066131687338,0.0,7228.110398978727,10595.45150755555,10673.750617055326
2025-12-21,1,19437.386706198162,2008.760020722689,1513.4711721351705,0.0,15119.795306665672,10673.750617055326,10800.0
2025-12-21,2,10872.576334999998,5567.267266666665,7160.590336666665,0.0,10067.32887483283,10800.0,7854.329054814816
2025-12-21,3,15419.737036193415,6026.472223045267,2230.3386499999997,0.0,13007.959499783696,7854.329054814816,10800.0
2025-12-21,4,16363.764466433331,95.39091088477024,4411.122510233334,0.0,18482.313971750464,10800.0,5984.6045862037
2025-12-21,5,18384.223916666666,6714.173049999999,3697.5281999999997,0.0,10569.445889145833,5984.6045862037,7918.995664537033
2025-12-22,0,18228.83218295885,2831.135091292183,121.3890749999997,0.0,8588.260231629105,7918.995664537033,10332.140496699998
2025-12-22,1,19956.603897983336,1047.9076259094647,427.73162401666525,0.0,15645.50282580107,10332.140496699998,10800.0
2025-12-22,2,9912.186382783333,5336.253743333335,6859.0496505500005,0.0,8871.246624417288,10800.0,7981.462090611112
2025-12-22,3,14524.04801367366,6188.292271748967,2475.8326216666665,0.0,12595.746301026595,7981.462090611112,10800.0
2025-12-22,4,16753.194436516664,102.2852316666681,3831.763001816667,0.0,19449.216182706914,10800.0,6634.542262037039
2025-12-22,5,15103.7457855,3472.4662,3924.1878061666666,0.0,9109.045074492982,6634.542262037039,5399.553168518521
2025-12-23,0,21877.649516923862,6019.895224279832,15.71298333333334,0.0,10179.717326188624,5399.553168518521,10800.0
2025-12-23,1,19592.35360770823,767.0937365843639,621.3459266333335,0.0,15256.332976891157,10800.0,10800.0
2025-12-23,2,8832.04910235,5232.037365,7208.480030983332,0.0,7847.700381703375,10800.0,7499.411371851853
2025-12-23,3,14862.003552139913,6961.228105349794,2668.0649999999996,0.0,12308.090204057859,7499.411371851853,10800.0
2025-12-23,4,16005.62296761317,72.75933127571732,4407.264441666667,0.0,18301.16405611502,10800.0,5968.522907407409
2025-12-23,5,17572.61800833333,5799.95465,3667.3546583333327,0.0,10334.117622404166,5968.522907407409,7113.643583148149
2025-12-24,0,19701.256321090532,4251.320677263374,141.53606666666644,0.0,9104.399210170492,7113.643583148149,10782.569896388888
2025-12-24,1,19373.360572083333,117.40503230452816,79.41098291666606,0.0,15262.624329435375,10782.569896388888,10800.0
2025-12-24,2,10298.121934999997,5392.010868333334,6977.175845000001,0.0,8997.58075886333,10800.0,7900.392175944446
2025-12-24,3,15090.08690294238,6337.493646069959,2523.7228116666665,0.0,12639.169784409205,7900.392175944446,10800.0
2025-12-24,4,16357.982793083334,50.35461316872255,4126.627618583331,0.0,18920.42098096845,10800.0,6260.177353425927
2025-12-24,5,19223.682991666665,7421.169158333333,3653.0548666666664,0.0,10901.509532769167,6260.177353425927,8880.279744074076
2025-12-25,0,17322.704375398454,3033.6629785615196,1032.4554887083345,0.0,7854.503100514319,8880.279744074076,10463.403659547967
2025-12-25,1,19291.651967766666,548.5658061606928,141.40159658333323,0.0,15348.557402665525,10463.403659547967,10800.0
2025-12-25,2,9101.605443333334,5233.189131666667,7210.624421666666,0.0,8152.864048806,10800.0,7498.065305537038
2025-12-25,3,15531.756906666666,6408.977987674898,2219.5309450000004,0.0,13105.012237228166,7498.065305537038,10800.0
2025-12-25,4,15996.133921666666,114.60713333333274,4572.913896666667,0.0,18276.555677784996,10800.0,5822.130979259258
2025-12-25,5,16055.01861664609,4385.963399979424,3712.7662666666665,0.0,9587.569513576054,5822.130979259258,5644.202187388889
2025-12-26,0,17552.046180061727,6496.207415246913,621.709975,0.0,6578.302042695017,5644.202187388889,10800.0
2025-12-26,1,7317.125883827161,467.06584858024786,6078.093445,0.0,3310.87709339508,10800.0,4466.922102611111
2025-12-26,2,3157.1909385185227,5653.084903518524,2115.4717833333334,0.0,1287.6266056878903,4466.922102611111,7204.174312074078
2025-12-26,3,3697.612338333333,4237.709159423863,196.30129999999997,0.0,2017.6078851273332,7204.174312074078,10800.0
2025-12-26,4,5655.3786756851805,11.554810699589224,5297.330664500005,0.0,4514.026919410482,10800.0,4924.47636907407
2025-12-26,5,17342.655017999998,9758.6526,2696.5140486666664,0.0,6878.964300439333,4924.47636907407,10711.13698833333
2025-12-27,0,12239.074932529842,615.0547454732543,539.0434749999998,0.0,4306.848406507356,10711.13698833333,10665.749064814814
2025-12-27,1,8344.127188333334,833.8675000000021,5639.734918333333,0.0,3693.088887512833,10665.749064814814,5149.857683333331
2025-12-27,2,3084.1329646368213,5067.985386303489,2052.1798166666663,0.0,1400.1263430094546,5149.857683333331,7430.844734710175
2025-12-27,3,4885.31498441667,3813.9063091697653,57.02437166666675,0.0,2637.977278939936,7430.844734710175,10800.0
2025-12-27,4,5481.695876172838,10.85279166666669,5476.591865,0.0,4389.049608663338,10800.0,4724.665440277778
2025-12-27,5,17557.18830972708,10016.172842810414,2894.7612164166667,0.0,6780.589242939173,4724.665440277778,10522.819647233076
2025-12-28,0,15841.990753074359,381.71998044061564,136.1406833333332,0.0,7290.314118345808,10522.819647233076,10715.100203703703
2025-12-28,1,19243.501283627575,1125.2401297530885,835.034688433333,0.0,15049.093352767952,10715.100203703703,10800.0
2025-12-28,2,10816.47069611666,5854.430791666668,7109.937272216673,0.0,9694.523752468767,10800.0,8169.057410037032
2025-12-28,3,15398.292134699996,5092.930627057618,1757.4254769500021,0.0,12737.257750650755,8169.057410037032,10800.0
2025-12-28,4,16072.511421748972,39.572785802469795,4416.741671584361,0.0,18274.047274234188,10800.0,5928.124761017373
2025-12-28,5,16272.599526166676,4376.697458333333,3397.0581738333226,0.0,9793.8663429018,5928.124761017373,6092.643391480348
2025-12-29,0,20995.577781688502,5338.175737861341,87.30139999999994,0.0,9496.526451920936,6092.643391480348,10800.0
2025-12-29,1,19473.049411995882,34.29320987654269,27.777499999999918,0.0,15178.672708963622,10800.0,10800.0
2025-12-29,2,8445.228964016667,5233.27121,6985.011764316664,0.0,7295.456584889528,10800.0,7748.819906425929
2025-12-29,3,14517.659639642385,6272.801873477364,2334.907433300001,0.0,12269.495628646426,7748.819906425929,10800.0
2025-12-29,4,16503.401150899997,89.81480452674874,3976.119126116463,0.0,19031.01661471855,10800.0,6462.923183944669
2025-12-29,5,17469.151862139915,5008.8234999999995,3101.9194378600823,0.0,10980.14529217757,6462.923183944669,7524.287180766801
2025-12-30,0,17492.506256246765,3852.281998654158,1395.0981666666667,0.0,7893.419077230196,7524.287180766801,9441.231905481469
2025-12-30,1,20384.888172815845,2494.433992160504,797.6002485833313,0.0,15402.722321308402,9441.231905481469,10800.0
2025-12-30,2,8761.059318333335,5147.207845000001,7937.812023333329,0.0,7466.544253186669,10800.0,6612.695923462967
2025-12-30,3,14301.568488703697,7173.2863607613135,2080.4834033333327,0.0,11517.433340565993,6612.695923462967,10757.005422222222
2025-12-30,4,15984.739548333331,135.10145884773834,4393.1815799999995,0.0,18134.285995242997,10757.005422222222,5997.283868518521
2025-12-30,5,18033.163370207818,5732.8274249999995,3140.9042464588492,0.0,10934.628126843189,5997.283868518521,7666.93494384202
2025-12-31,0,18929.600470216683,3552.281513015041,57.58947500000011,0.0,8451.55534382393,7666.93494384202,10800.0
2025-12-31,1,18817.239832599997,404.95998444444547,347.0519724000005,0.0,14852.731471904739,10800.0,10778.850683333334
2025-12-31,2,8130.362524999997,4755.741636666665,8198.157168333333,0.0,7123.984291396164,10778.850683333334,5949.954635962963
2025-12-31,3,13725.095139999998,8189.413093333333,2709.0966333333336,0.0,11542.490518726332,5949.954635962963,10310.319049592596
2025-12-31,4,16456.459930599995,219.61710499999947,3851.7677744000025,0.0,19080.572317053924,10310.319049592596,6228.232472537032
2025-12-31,5,17544.531583333333,5743.524458333333,3758.5509749999997,0.0,10110.1397880075,6228.232472537032,7221.236735037033
