day,issue_time,schedule,release_hour,block_start,block_end_exclusive,soc_kwh,accepted,keep_score_yuan,new_score_yuan,changed_intervals,risk_days,risk_day_first,risk_day_last,gate_days,gate_day_first,gate_day_last,load_source_max,load_correction_source_max,price_max_source_time,price_current_actual_step,lp_residual_kwh,planned_mutex_violations
2025-02-01 00:00:00,2025-02-01 06:00:00,M3,6,35,71,10209.798703703704,False,,,0,31,2025-01-01 00:00:00,2025-01-31 00:00:00,0,,,2025-02-01 00:10:00,2025-02-01 06:00:00,2025-02-01 06:00:00,35,9.094947017729282e-13,0
2025-02-01 00:00:00,2025-02-01 12:00:00,M3,12,71,107,7073.004397037038,False,,,0,31,2025-01-01 00:00:00,2025-01-31 00:00:00,0,,,2025-02-01 00:10:00,2025-02-01 12:00:00,2025-02-01 12:00:00,71,0.0,0
2025-02-01 00:00:00,2025-02-01 18:00:00,M3,18,107,144,10629.292511728394,False,,,0,31,2025-01-01 00:00:00,2025-01-31 00:00:00,0,,,2025-02-01 00:10:00,2025-02-01 18:00:00,2025-02-01 18:00:00,107,0.0,0
2025-02-02 00:00:00,2025-02-02 06:00:00,M3,6,35,71,10800.0,False,,,0,32,2025-01-01 00:00:00,2025-02-01 00:00:00,0,,,2025-02-02 00:10:00,2025-02-02 06:00:00,2025-02-02 06:00:00,35,9.094947017729282e-13,0
2025-02-02 00:00:00,2025-02-02 12:00:00,M3,12,71,107,6953.617240123458,False,,,0,32,2025-01-01 00:00:00,2025-02-01 00:00:00,0,,,2025-02-02 00:10:00,2025-02-02 12:00:00,2025-02-02 12:00:00,71,9.094947017729282e-13,0
2025-02-02 00:00:00,2025-02-02 18:00:00,M3,18,107,144,10800.0,False,,,0,32,2025-01-01 00:00:00,2025-02-01 00:00:00,0,,,2025-02-02 00:10:00,2025-02-02 18:00:00,2025-02-02 18:00:00,107,0.0,0
2025-02-03 00:00:00,2025-02-03 06:00:00,M3,6,35,71,10800.0,False,,,0,33,2025-01-01 00:00:00,2025-02-02 00:00:00,0,,,2025-02-03 00:10:00,2025-02-03 06:00:00,2025-02-03 06:00:00,35,2.2737367544323206e-13,0
2025-02-03 00:00:00,2025-02-03 12:00:00,M3,12,71,107,7698.424111049388,False,,,0,33,2025-01-01 00:00:00,2025-02-02 00:00:00,0,,,2025-02-03 00:10:00,2025-02-03 12:00:00,2025-02-03 12:00:00,71,2.2737367544323206e-13,0
2025-02-03 00:00:00,2025-02-03 18:00:00,M3,18,107,144,10800.0,False,,,0,33,2025-01-01 00:00:00,2025-02-02 00:00:00,0,,,2025-02-03 00:10:00,2025-02-03 18:00:00,2025-02-03 18:00:00,107,0.0,0
2025-02-04 00:00:00,2025-02-04 06:00:00,M3,6,35,71,10800.0,False,,,0,34,2025-01-01 00:00:00,2025-02-03 00:00:00,0,,,2025-02-04 00:10:00,2025-02-04 06:00:00,2025-02-04 06:00:00,35,9.094947017729282e-13,0
2025-02-04 00:00:00,2025-02-04 12:00:00,M3,12,71,107,7125.22723217284,False,,,0,34,2025-01-01 00:00:00,2025-02-03 00:00:00,0,,,2025-02-04 00:10:00,2025-02-04 12:00:00,2025-02-04 12:00:00,71,9.094947017729282e-13,0
2025-02-04 00:00:00,2025-02-04 18:00:00,M3,18,107,144,10800.0,False,,,0,34,2025-01-01 00:00:00,2025-02-03 00:00:00,0,,,2025-02-04 00:10:00,2025-02-04 18:00:00,2025-02-04 18:00:00,107,0.0,0
2025-02-05 00:00:00,2025-02-05 06:00:00,M3,6,35,71,10800.0,False,,,0,35,2025-01-01 00:00:00,2025-02-04 00:00:00,0,,,2025-02-05 00:10:00,2025-02-05 06:00:00,2025-02-05 06:00:00,35,4.547473508864641e-13,0
2025-02-05 00:00:00,2025-02-05 12:00:00,M3,12,71,107,5941.050721049382,False,,,0,35,2025-01-01 00:00:00,2025-02-04 00:00:00,0,,,2025-02-05 00:10:00,2025-02-05 12:00:00,2025-02-05 12:00:00,71,9.094947017729282e-13,0
2025-02-05 00:00:00,2025-02-05 18:00:00,M3,18,107,144,10762.653312469136,False,,,0,35,2025-01-01 00:00:00,2025-02-04 00:00:00,0,,,2025-02-05 00:10:00,2025-02-05 18:00:00,2025-02-05 18:00:00,107,0.0,0
2025-02-06 00:00:00,2025-02-06 06:00:00,M3,6,35,71,10800.0,False,,,0,36,2025-01-01 00:00:00,2025-02-05 00:00:00,0,,,2025-02-06 00:10:00,2025-02-06 06:00:00,2025-02-06 06:00:00,35,9.094947017729282e-13,0
2025-02-06 00:00:00,2025-02-06 12:00:00,M3,12,71,107,6961.068782098762,False,,,0,36,2025-01-01 00:00:00,2025-02-05 00:00:00,0,,,2025-02-06 00:10:00,2025-02-06 12:00:00,2025-02-06 12:00:00,71,9.094947017729282e-13,0
2025-02-06 00:00:00,2025-02-06 18:00:00,M3,18,107,144,10789.006753617286,False,,,0,36,2025-01-01 00:00:00,2025-02-05 00:00:00,0,,,2025-02-06 00:10:00,2025-02-06 18:00:00,2025-02-06 18:00:00,107,0.0,0
2025-02-07 00:00:00,2025-02-07 06:00:00,M3,6,35,71,10800.0,False,,,0,37,2025-01-01 00:00:00,2025-02-06 00:00:00,0,,,2025-02-07 00:10:00,2025-02-07 06:00:00,2025-02-07 06:00:00,35,4.547473508864641e-13,0
2025-02-07 00:00:00,2025-02-07 12:00:00,M3,12,71,107,7686.978860370375,False,,,0,37,2025-01-01 00:00:00,2025-02-06 00:00:00,0,,,2025-02-07 00:10:00,2025-02-07 12:00:00,2025-02-07 12:00:00,71,9.094947017729282e-13,0
2025-02-07 00:00:00,2025-02-07 18:00:00,M3,18,107,144,10800.0,False,,,0,37,2025-01-01 00:00:00,2025-02-06 00:00:00,0,,,2025-02-07 00:10:00,2025-02-07 18:00:00,2025-02-07 18:00:00,107,0.0,0
2025-02-08 00:00:00,2025-02-08 06:00:00,M3,6,35,71,8651.916284259258,False,,,0,38,2025-01-01 00:00:00,2025-02-07 00:00:00,0,,,2025-02-08 00:10:00,2025-02-08 06:00:00,2025-02-08 06:00:00,35,0.0,0
2025-02-08 00:00:00,2025-02-08 12:00:00,M3,12,71,107,6860.938246481482,False,,,0,38,2025-01-01 00:00:00,2025-02-07 00:00:00,0,,,2025-02-08 00:10:00,2025-02-08 12:00:00,2025-02-08 12:00:00,71,9.094947017729282e-13,0
2025-02-08 00:00:00,2025-02-08 18:00:00,M3,18,107,144,9750.266456555557,False,,,0,38,2025-01-01 00:00:00,2025-02-07 00:00:00,0,,,2025-02-08 00:10:00,2025-02-08 18:00:00,2025-02-08 18:00:00,107,0.0,0
2025-02-09 00:00:00,2025-02-09 06:00:00,M3,6,35,71,10800.0,False,,,0,39,2025-01-01 00:00:00,2025-02-08 00:00:00,0,,,2025-02-09 00:10:00,2025-02-09 06:00:00,2025-02-09 06:00:00,35,1.8189894035458565e-12,0
2025-02-09 00:00:00,2025-02-09 12:00:00,M3,12,71,107,8124.857502777779,False,,,0,39,2025-01-01 00:00:00,2025-02-08 00:00:00,0,,,2025-02-09 00:10:00,2025-02-09 12:00:00,2025-02-09 12:00:00,71,9.094947017729282e-13,0
2025-02-09 00:00:00,2025-02-09 18:00:00,M3,18,107,144,10783.901011432099,False,,,0,39,2025-01-01 00:00:00,2025-02-08 00:00:00,0,,,2025-02-09 00:10:00,2025-02-09 18:00:00,2025-02-09 18:00:00,107,2.2737367544323206e-13,0
2025-02-10 00:00:00,2025-02-10 06:00:00,M3,6,35,71,10800.0,False,,,0,40,2025-01-01 00:00:00,2025-02-09 00:00:00,0,,,2025-02-10 00:10:00,2025-02-10 06:00:00,2025-02-10 06:00:00,35,1.8189894035458565e-12,0
2025-02-10 00:00:00,2025-02-10 12:00:00,M3,12,71,107,8071.003931845674,False,,,0,40,2025-01-01 00:00:00,2025-02-09 00:00:00,0,,,2025-02-10 00:10:00,2025-02-10 12:00:00,2025-02-10 12:00:00,71,9.094947017729282e-13,0
2025-02-10 00:00:00,2025-02-10 18:00:00,M3,18,107,144,10782.36313060494,False,,,0,40,2025-01-01 00:00:00,2025-02-09 00:00:00,0,,,2025-02-10 00:10:00,2025-02-10 18:00:00,2025-02-10 18:00:00,107,0.0,0
2025-02-11 00:00:00,2025-02-11 06:00:00,M3,6,35,71,10800.0,False,,,0,41,2025-01-01 00:00:00,2025-02-10 00:00:00,0,,,2025-02-11 00:10:00,2025-02-11 06:00:00,2025-02-11 06:00:00,35,9.094947017729282e-13,0
2025-02-11 00:00:00,2025-02-11 12:00:00,M3,12,71,107,6228.7729894753065,False,,,0,41,2025-01-01 00:00:00,2025-02-10 00:00:00,0,,,2025-02-11 00:10:00,2025-02-11 12:00:00,2025-02-11 12:00:00,71,9.094947017729282e-13,0
2025-02-11 00:00:00,2025-02-11 18:00:00,M3,18,107,144,10800.0,False,,,0,41,2025-01-01 00:00:00,2025-02-10 00:00:00,0,,,2025-02-11 00:10:00,2025-02-11 18:00:00,2025-02-11 18:00:00,107,9.094947017729282e-13,0
2025-02-12 00:00:00,2025-02-12 06:00:00,M3,6,35,71,10800.0,False,,,0,42,2025-01-01 00:00:00,2025-02-11 00:00:00,0,,,2025-02-12 00:10:00,2025-02-12 06:00:00,2025-02-12 06:00:00,35,9.094947017729282e-13,0
2025-02-12 00:00:00,2025-02-12 12:00:00,M3,12,71,107,7696.6060075987625,False,,,0,42,2025-01-01 00:00:00,2025-02-11 00:00:00,0,,,2025-02-12 00:10:00,2025-02-12 12:00:00,2025-02-12 12:00:00,71,1.8189894035458565e-12,0
2025-02-12 00:00:00,2025-02-12 18:00:00,M3,18,107,144,10744.408835030863,False,,,0,42,2025-01-01 00:00:00,2025-02-11 00:00:00,0,,,2025-02-12 00:10:00,2025-02-12 18:00:00,2025-02-12 18:00:00,107,9.094947017729282e-13,0
2025-02-13 00:00:00,2025-02-13 06:00:00,M3,6,35,71,10790.630814814815,False,,,0,43,2025-01-01 00:00:00,2025-02-12 00:00:00,0,,,2025-02-13 00:10:00,2025-02-13 06:00:00,2025-02-13 06:00:00,35,9.094947017729282e-13,0
2025-02-13 00:00:00,2025-02-13 12:00:00,M3,12,71,107,7676.172366135801,False,,,0,43,2025-01-01 00:00:00,2025-02-12 00:00:00,0,,,2025-02-13 00:10:00,2025-02-13 12:00:00,2025-02-13 12:00:00,71,9.094947017729282e-13,0
2025-02-13 00:00:00,2025-02-13 18:00:00,M3,18,107,144,10780.10179558642,False,,,0,43,2025-01-01 00:00:00,2025-02-12 00:00:00,0,,,2025-02-13 00:10:00,2025-02-13 18:00:00,2025-02-13 18:00:00,107,9.094947017729282e-13,0
2025-02-14 00:00:00,2025-02-14 06:00:00,M3,6,35,71,8935.58244829012,False,,,0,44,2025-01-01 00:00:00,2025-02-13 00:00:00,0,,,2025-02-14 00:10:00,2025-02-14 06:00:00,2025-02-14 06:00:00,35,2.2737367544323206e-13,0
2025-02-14 00:00:00,2025-02-14 12:00:00,M3,12,71,107,6715.7242032901195,False,,,0,44,2025-01-01 00:00:00,2025-02-13 00:00:00,0,,,2025-02-14 00:10:00,2025-02-14 12:00:00,2025-02-14 12:00:00,71,5.684341886080802e-14,0
2025-02-14 00:00:00,2025-02-14 18:00:00,M3,18,107,144,10351.458946333332,False,,,0,44,2025-01-01 00:00:00,2025-02-13 00:00:00,0,,,2025-02-14 00:10:00,2025-02-14 18:00:00,2025-02-14 18:00:00,107,0.0,0
2025-02-15 00:00:00,2025-02-15 06:00:00,M3,6,35,71,7091.295014469136,False,,,0,45,2025-01-01 00:00:00,2025-02-14 00:00:00,0,,,2025-02-15 00:10:00,2025-02-15 06:00:00,2025-02-15 06:00:00,35,0.0,0
2025-02-15 00:00:00,2025-02-15 12:00:00,M3,12,71,107,6109.408065000001,False,,,0,45,2025-01-01 00:00:00,2025-02-14 00:00:00,0,,,2025-02-15 00:10:00,2025-02-15 12:00:00,2025-02-15 12:00:00,71,1.8189894035458565e-12,0
2025-02-15 00:00:00,2025-02-15 18:00:00,M3,18,107,144,10613.206872839508,False,,,0,45,2025-01-01 00:00:00,2025-02-14 00:00:00,0,,,2025-02-15 00:10:00,2025-02-15 18:00:00,2025-02-15 18:00:00,107,0.0,0
2025-02-16 00:00:00,2025-02-16 06:00:00,M3,6,35,71,10743.526265833334,False,,,0,46,2025-01-01 00:00:00,2025-02-15 00:00:00,0,,,2025-02-16 00:10:00,2025-02-16 06:00:00,2025-02-16 06:00:00,35,9.094947017729282e-13,0
2025-02-16 00:00:00,2025-02-16 12:00:00,M3,12,71,107,6814.649278216051,False,,,0,46,2025-01-01 00:00:00,2025-02-15 00:00:00,0,,,2025-02-16 00:10:00,2025-02-16 12:00:00,2025-02-16 12:00:00,71,4.547473508864641e-13,0
2025-02-16 00:00:00,2025-02-16 18:00:00,M3,18,107,144,10672.858311907408,False,,,0,46,2025-01-01 00:00:00,2025-02-15 00:00:00,0,,,2025-02-16 00:10:00,2025-02-16 18:00:00,2025-02-16 18:00:00,107,4.547473508864641e-13,0
2025-02-17 00:00:00,2025-02-17 06:00:00,M3,6,35,71,10800.0,False,,,0,47,2025-01-01 00:00:00,2025-02-16 00:00:00,0,,,2025-02-17 00:10:00,2025-02-17 06:00:00,2025-02-17 06:00:00,35,4.547473508864641e-13,0
2025-02-17 00:00:00,2025-02-17 12:00:00,M3,12,71,107,8930.967610111116,False,,,0,47,2025-01-01 00:00:00,2025-02-16 00:00:00,0,,,2025-02-17 00:10:00,2025-02-17 12:00:00,2025-02-17 12:00:00,71,9.094947017729282e-13,0
2025-02-17 00:00:00,2025-02-17 18:00:00,M3,18,107,144,10679.308763203702,False,,,0,47,2025-01-01 00:00:00,2025-02-16 00:00:00,0,,,2025-02-17 00:10:00,2025-02-17 18:00:00,2025-02-17 18:00:00,107,0.0,0
2025-02-18 00:00:00,2025-02-18 06:00:00,M3,6,35,71,10792.94213888889,False,,,0,48,2025-01-01 00:00:00,2025-02-17 00:00:00,0,,,2025-02-18 00:10:00,2025-02-18 06:00:00,2025-02-18 06:00:00,35,9.094947017729282e-13,0
2025-02-18 00:00:00,2025-02-18 12:00:00,M3,12,71,107,6618.449778469135,False,,,0,48,2025-01-01 00:00:00,2025-02-17 00:00:00,0,,,2025-02-18 00:10:00,2025-02-18 12:00:00,2025-02-18 12:00:00,71,2.2737367544323206e-13,0
2025-02-18 00:00:00,2025-02-18 18:00:00,M3,18,107,144,9514.341607580243,False,,,0,48,2025-01-01 00:00:00,2025-02-17 00:00:00,0,,,2025-02-18 00:10:00,2025-02-18 18:00:00,2025-02-18 18:00:00,107,0.0,0
2025-02-19 00:00:00,2025-02-19 06:00:00,M3,6,35,71,10800.0,False,,,0,49,2025-01-01 00:00:00,2025-02-18 00:00:00,0,,,2025-02-19 00:10:00,2025-02-19 06:00:00,2025-02-19 06:00:00,35,4.547473508864641e-13,0
2025-02-19 00:00:00,2025-02-19 12:00:00,M3,12,71,107,5578.388602839506,False,,,0,49,2025-01-01 00:00:00,2025-02-18 00:00:00,0,,,2025-02-19 00:10:00,2025-02-19 12:00:00,2025-02-19 12:00:00,71,4.547473508864641e-13,0
2025-02-19 00:00:00,2025-02-19 18:00:00,M3,18,107,144,9486.29431267901,False,,,0,49,2025-01-01 00:00:00,2025-02-18 00:00:00,0,,,2025-02-19 00:10:00,2025-02-19 18:00:00,2025-02-19 18:00:00,107,4.547473508864641e-13,0
2025-02-20 00:00:00,2025-02-20 06:00:00,M3,6,35,71,10717.396645092591,False,,,0,50,2025-01-01 00:00:00,2025-02-19 00:00:00,0,,,2025-02-20 00:10:00,2025-02-20 06:00:00,2025-02-20 06:00:00,35,0.0,0
2025-02-20 00:00:00,2025-02-20 12:00:00,M3,12,71,107,6597.812429734566,False,,,0,50,2025-01-01 00:00:00,2025-02-19 00:00:00,0,,,2025-02-20 00:10:00,2025-02-20 12:00:00,2025-02-20 12:00:00,71,0.0,0
2025-02-20 00:00:00,2025-02-20 18:00:00,M3,18,107,144,10496.051812438274,False,,,0,50,2025-01-01 00:00:00,2025-02-19 00:00:00,0,,,2025-02-20 00:10:00,2025-02-20 18:00:00,2025-02-20 18:00:00,107,9.094947017729282e-13,0
2025-02-21 00:00:00,2025-02-21 06:00:00,M3,6,35,71,7148.794580555553,False,,,0,51,2025-01-01 00:00:00,2025-02-20 00:00:00,0,,,2025-02-21 00:10:00,2025-02-21 06:00:00,2025-02-21 06:00:00,35,4.547473508864641e-13,0
2025-02-21 00:00:00,2025-02-21 12:00:00,M3,12,71,107,7241.971304074071,False,,,0,51,2025-01-01 00:00:00,2025-02-20 00:00:00,0,,,2025-02-21 00:10:00,2025-02-21 12:00:00,2025-02-21 12:00:00,71,1.8189894035458565e-12,0
2025-02-21 00:00:00,2025-02-21 18:00:00,M3,18,107,144,9946.218849166662,False,,,0,51,2025-01-01 00:00:00,2025-02-20 00:00:00,0,,,2025-02-21 00:10:00,2025-02-21 18:00:00,2025-02-21 18:00:00,107,0.0,0
2025-02-22 00:00:00,2025-02-22 06:00:00,M3,6,35,71,6546.469826006167,False,,,0,52,2025-01-01 00:00:00,2025-02-21 00:00:00,0,,,2025-02-22 00:10:00,2025-02-22 06:00:00,2025-02-22 06:00:00,35,9.094947017729282e-13,0
2025-02-22 00:00:00,2025-02-22 12:00:00,M3,12,71,107,6581.4501599999985,False,,,0,52,2025-01-01 00:00:00,2025-02-21 00:00:00,0,,,2025-02-22 00:10:00,2025-02-22 12:00:00,2025-02-22 12:00:00,71,1.1368683772161603e-13,0
2025-02-22 00:00:00,2025-02-22 18:00:00,M3,18,107,144,10088.369050000003,False,,,0,52,2025-01-01 00:00:00,2025-02-21 00:00:00,0,,,2025-02-22 00:10:00,2025-02-22 18:00:00,2025-02-22 18:00:00,107,0.0,0
2025-02-23 00:00:00,2025-02-23 06:00:00,M3,6,35,71,10639.401880370373,False,,,0,53,2025-01-01 00:00:00,2025-02-22 00:00:00,0,,,2025-02-23 00:10:00,2025-02-23 06:00:00,2025-02-23 06:00:00,35,9.094947017729282e-13,0
2025-02-23 00:00:00,2025-02-23 12:00:00,M3,12,71,107,5735.9819375,False,,,0,53,2025-01-01 00:00:00,2025-02-22 00:00:00,0,,,2025-02-23 00:10:00,2025-02-23 12:00:00,2025-02-23 12:00:00,71,0.0,0
2025-02-23 00:00:00,2025-02-23 18:00:00,M3,18,107,144,10657.036022222224,False,,,0,53,2025-01-01 00:00:00,2025-02-22 00:00:00,0,,,2025-02-23 00:10:00,2025-02-23 18:00:00,2025-02-23 18:00:00,107,0.0,0
2025-02-24 00:00:00,2025-02-24 06:00:00,M3,6,35,71,10800.0,False,,,0,54,2025-01-01 00:00:00,2025-02-23 00:00:00,0,,,2025-02-24 00:10:00,2025-02-24 06:00:00,2025-02-24 06:00:00,35,0.0,0
2025-02-24 00:00:00,2025-02-24 12:00:00,M3,12,71,107,6757.039299092591,False,,,0,54,2025-01-01 00:00:00,2025-02-23 00:00:00,0,,,2025-02-24 00:10:00,2025-02-24 12:00:00,2025-02-24 12:00:00,71,9.094947017729282e-13,0
2025-02-24 00:00:00,2025-02-24 18:00:00,M3,18,107,144,10659.209319753087,False,,,0,54,2025-01-01 00:00:00,2025-02-23 00:00:00,0,,,2025-02-24 00:10:00,2025-02-24 18:00:00,2025-02-24 18:00:00,107,9.094947017729282e-13,0
2025-02-25 00:00:00,2025-02-25 06:00:00,M3,6,35,71,10756.294277777777,False,,,0,55,2025-01-01 00:00:00,2025-02-24 00:00:00,0,,,2025-02-25 00:10:00,2025-02-25 06:00:00,2025-02-25 06:00:00,35,2.2737367544323206e-13,0
2025-02-25 00:00:00,2025-02-25 12:00:00,M3,12,71,107,8925.933525369754,False,,,0,55,2025-01-01 00:00:00,2025-02-24 00:00:00,0,,,2025-02-25 00:10:00,2025-02-25 12:00:00,2025-02-25 12:00:00,71,1.8189894035458565e-12,0
2025-02-25 00:00:00,2025-02-25 18:00:00,M3,18,107,144,10727.351546913582,False,,,0,55,2025-01-01 00:00:00,2025-02-24 00:00:00,0,,,2025-02-25 00:10:00,2025-02-25 18:00:00,2025-02-25 18:00:00,107,0.0,0
2025-02-26 00:00:00,2025-02-26 06:00:00,M3,6,35,71,10796.907666666666,False,,,0,56,2025-01-01 00:00:00,2025-02-25 00:00:00,0,,,2025-02-26 00:10:00,2025-02-26 06:00:00,2025-02-26 06:00:00,35,9.094947017729282e-13,0
2025-02-26 00:00:00,2025-02-26 12:00:00,M3,12,71,107,5521.499747500001,False,,,0,56,2025-01-01 00:00:00,2025-02-25 00:00:00,0,,,2025-02-26 00:10:00,2025-02-26 12:00:00,2025-02-26 12:00:00,71,9.094947017729282e-13,0
2025-02-26 00:00:00,2025-02-26 18:00:00,M3,18,107,144,8220.915650438275,False,,,0,56,2025-01-01 00:00:00,2025-02-25 00:00:00,0,,,2025-02-26 00:10:00,2025-02-26 18:00:00,2025-02-26 18:00:00,107,2.2737367544323206e-13,0
2025-02-27 00:00:00,2025-02-27 06:00:00,M3,6,35,71,10800.0,False,,,0,57,2025-01-01 00:00:00,2025-02-26 00:00:00,0,,,2025-02-27 00:10:00,2025-02-27 06:00:00,2025-02-27 06:00:00,35,1.8189894035458565e-12,0
2025-02-27 00:00:00,2025-02-27 12:00:00,M3,12,71,107,6000.8560295000025,False,,,0,57,2025-01-01 00:00:00,2025-02-26 00:00:00,0,,,2025-02-27 00:10:00,2025-02-27 12:00:00,2025-02-27 12:00:00,71,0.0,0
2025-02-27 00:00:00,2025-02-27 18:00:00,M3,18,107,144,9878.429628629632,False,,,0,57,2025-01-01 00:00:00,2025-02-26 00:00:00,0,,,2025-02-27 00:10:00,2025-02-27 18:00:00,2025-02-27 18:00:00,107,4.547473508864641e-13,0
2025-02-28 00:00:00,2025-02-28 06:00:00,M3,6,35,71,6366.150891404319,False,,,0,58,2025-01-01 00:00:00,2025-02-27 00:00:00,0,,,2025-02-28 00:10:00,2025-02-28 06:00:00,2025-02-28 06:00:00,35,9.094947017729282e-13,0
2025-02-28 00:00:00,2025-02-28 12:00:00,M3,12,71,107,8430.913110000001,False,,,0,58,2025-01-01 00:00:00,2025-02-27 00:00:00,0,,,2025-02-28 00:10:00,2025-02-28 12:00:00,2025-02-28 12:00:00,71,1.8189894035458565e-12,0
2025-02-28 00:00:00,2025-02-28 18:00:00,M3,18,107,144,10315.818925925925,False,,,0,58,2025-01-01 00:00:00,2025-02-27 00:00:00,0,,,2025-02-28 00:10:00,2025-02-28 18:00:00,2025-02-28 18:00:00,107,0.0,0
2025-03-01 00:00:00,2025-03-01 06:00:00,M3,6,35,71,7901.687811388889,False,,,0,59,2025-01-01 00:00:00,2025-02-28 00:00:00,0,,,2025-03-01 00:10:00,2025-03-01 06:00:00,2025-03-01 06:00:00,35,9.094947017729282e-13,0
2025-03-01 00:00:00,2025-03-01 12:00:00,M3,12,71,107,9354.566811018522,False,,,0,59,2025-01-01 00:00:00,2025-02-28 00:00:00,0,,,2025-03-01 00:10:00,2025-03-01 12:00:00,2025-03-01 12:00:00,71,9.094947017729282e-13,0
2025-03-01 00:00:00,2025-03-01 18:00:00,M3,18,107,144,10325.334046296295,False,,,0,59,2025-01-01 00:00:00,2025-02-28 00:00:00,0,,,2025-03-01 00:10:00,2025-03-01 18:00:00,2025-03-01 18:00:00,107,0.0,0
2025-03-02 00:00:00,2025-03-02 06:00:00,M3,6,35,71,10800.0,False,,,0,60,2025-01-01 00:00:00,2025-03-01 00:00:00,0,,,2025-03-02 00:10:00,2025-03-02 06:00:00,2025-03-02 06:00:00,35,9.094947017729282e-13,0
2025-03-02 00:00:00,2025-03-02 12:00:00,M3,12,71,107,6968.9428686358,False,,,0,60,2025-01-01 00:00:00,2025-03-01 00:00:00,0,,,2025-03-02 00:10:00,2025-03-02 12:00:00,2025-03-02 12:00:00,71,4.547473508864641e-13,0
2025-03-02 00:00:00,2025-03-02 18:00:00,M3,18,107,144,10728.748508160492,False,,,0,60,2025-01-01 00:00:00,2025-03-01 00:00:00,0,,,2025-03-02 00:10:00,2025-03-02 18:00:00,2025-03-02 18:00:00,107,4.547473508864641e-13,0
2025-03-03 00:00:00,2025-03-03 06:00:00,M3,6,35,71,10800.0,False,,,0,60,2025-01-02 00:00:00,2025-03-02 00:00:00,1,2025-01-01 00:00:00,2025-01-01 00:00:00,2025-03-03 00:10:00,2025-03-03 06:00:00,2025-03-03 06:00:00,35,0.0,0
2025-03-03 00:00:00,2025-03-03 12:00:00,M3,12,71,107,8075.781480950615,False,,,0,60,2025-01-02 00:00:00,2025-03-02 00:00:00,1,2025-01-01 00:00:00,2025-01-01 00:00:00,2025-03-03 00:10:00,2025-03-03 12:00:00,2025-03-03 12:00:00,71,9.094947017729282e-13,0
2025-03-03 00:00:00,2025-03-03 18:00:00,M3,18,107,144,9968.603345061729,False,,,0,60,2025-01-02 00:00:00,2025-03-02 00:00:00,1,2025-01-01 00:00:00,2025-01-01 00:00:00,2025-03-03 00:10:00,2025-03-03 18:00:00,2025-03-03 18:00:00,107,0.0,0
2025-03-04 00:00:00,2025-03-04 06:00:00,M3,6,35,71,10800.0,False,,,0,60,2025-01-03 00:00:00,2025-03-03 00:00:00,2,2025-01-01 00:00:00,2025-01-02 00:00:00,2025-03-04 00:10:00,2025-03-04 06:00:00,2025-03-04 06:00:00,35,4.547473508864641e-13,0
2025-03-04 00:00:00,2025-03-04 12:00:00,M3,12,71,107,6717.301204382715,False,,,0,60,2025-01-03 00:00:00,2025-03-03 00:00:00,2,2025-01-01 00:00:00,2025-01-02 00:00:00,2025-03-04 00:10:00,2025-03-04 12:00:00,2025-03-04 12:00:00,71,9.094947017729282e-13,0
2025-03-04 00:00:00,2025-03-04 18:00:00,M3,18,107,144,10446.39150969753,False,,,0,60,2025-01-03 00:00:00,2025-03-03 00:00:00,2,2025-01-01 00:00:00,2025-01-02 00:00:00,2025-03-04 00:10:00,2025-03-04 18:00:00,2025-03-04 18:00:00,107,0.0,0
2025-03-05 00:00:00,2025-03-05 06:00:00,M3,6,35,71,10800.0,False,,,0,60,2025-01-04 00:00:00,2025-03-04 00:00:00,3,2025-01-01 00:00:00,2025-01-03 00:00:00,2025-03-05 00:10:00,2025-03-05 06:00:00,2025-03-05 06:00:00,35,2.2737367544323206e-13,0
2025-03-05 00:00:00,2025-03-05 12:00:00,M3,12,71,107,8404.917199506172,False,,,0,60,2025-01-04 00:00:00,2025-03-04 00:00:00,3,2025-01-01 00:00:00,2025-01-03 00:00:00,2025-03-05 00:10:00,2025-03-05 12:00:00,2025-03-05 12:00:00,71,0.0,0
2025-03-05 00:00:00,2025-03-05 18:00:00,M3,18,107,144,10725.59750698148,False,,,0,60,2025-01-04 00:00:00,2025-03-04 00:00:00,3,2025-01-01 00:00:00,2025-01-03 00:00:00,2025-03-05 00:10:00,2025-03-05 18:00:00,2025-03-05 18:00:00,107,0.0,0
2025-03-06 00:00:00,2025-03-06 06:00:00,M3,6,35,71,10800.0,False,,,0,60,2025-01-05 00:00:00,2025-03-05 00:00:00,4,2025-01-01 00:00:00,2025-01-04 00:00:00,2025-03-06 00:10:00,2025-03-06 06:00:00,2025-03-06 06:00:00,35,1.8189894035458565e-12,0
2025-03-06 00:00:00,2025-03-06 12:00:00,M3,12,71,107,7088.779746135802,False,,,0,60,2025-01-05 00:00:00,2025-03-05 00:00:00,4,2025-01-01 00:00:00,2025-01-04 00:00:00,2025-03-06 00:10:00,2025-03-06 12:00:00,2025-03-06 12:00:00,71,4.547473508864641e-13,0
2025-03-06 00:00:00,2025-03-06 18:00:00,M3,18,107,144,10698.762846296295,False,,,0,60,2025-01-05 00:00:00,2025-03-05 00:00:00,4,2025-01-01 00:00:00,2025-01-04 00:00:00,2025-03-06 00:10:00,2025-03-06 18:00:00,2025-03-06 18:00:00,107,2.2737367544323206e-13,0
2025-03-07 00:00:00,2025-03-07 06:00:00,M3,6,35,71,7321.406444163581,False,,,0,60,2025-01-06 00:00:00,2025-03-06 00:00:00,5,2025-01-01 00:00:00,2025-01-05 00:00:00,2025-03-07 00:10:00,2025-03-07 06:00:00,2025-03-07 06:00:00,35,4.547473508864641e-13,0
2025-03-07 00:00:00,2025-03-07 12:00:00,M3,12,71,107,10800.0,False,,,0,60,2025-01-06 00:00:00,2025-03-06 00:00:00,5,2025-01-01 00:00:00,2025-01-05 00:00:00,2025-03-07 00:10:00,2025-03-07 12:00:00,2025-03-07 12:00:00,71,1.1368683772161603e-13,0
2025-03-07 00:00:00,2025-03-07 18:00:00,M3,18,107,144,10294.480944444444,False,,,0,60,2025-01-06 00:00:00,2025-03-06 00:00:00,5,2025-01-01 00:00:00,2025-01-05 00:00:00,2025-03-07 00:10:00,2025-03-07 18:00:00,2025-03-07 18:00:00,107,0.0,0
2025-03-08 00:00:00,2025-03-08 06:00:00,M3,6,35,71,5919.620040370369,False,,,0,60,2025-01-07 00:00:00,2025-03-07 00:00:00,6,2025-01-01 00:00:00,2025-01-06 00:00:00,2025-03-08 00:10:00,2025-03-08 06:00:00,2025-03-08 06:00:00,35,9.094947017729282e-13,0
2025-03-08 00:00:00,2025-03-08 12:00:00,M3,12,71,107,9965.595607222222,False,,,0,60,2025-01-07 00:00:00,2025-03-07 00:00:00,6,2025-01-01 00:00:00,2025-01-06 00:00:00,2025-03-08 00:10:00,2025-03-08 12:00:00,2025-03-08 12:00:00,71,1.1368683772161603e-13,0
2025-03-08 00:00:00,2025-03-08 18:00:00,M3,18,107,144,10366.077265432097,False,,,0,60,2025-01-07 00:00:00,2025-03-07 00:00:00,6,2025-01-01 00:00:00,2025-01-06 00:00:00,2025-03-08 00:10:00,2025-03-08 18:00:00,2025-03-08 18:00:00,107,0.0,0
2025-03-09 00:00:00,2025-03-09 06:00:00,M3,6,35,71,10800.0,False,1772.7810745365916,8698.524354737381,0,60,2025-01-08 00:00:00,2025-03-08 00:00:00,7,2025-01-01 00:00:00,2025-01-07 00:00:00,2025-03-09 00:10:00,2025-03-09 06:00:00,2025-03-09 06:00:00,35,9.094947017729282e-13,0
2025-03-09 00:00:00,2025-03-09 12:00:00,M3,12,71,107,7979.754307648147,True,7129.586903262191,4822.586862272242,24,60,2025-01-08 00:00:00,2025-03-08 00:00:00,7,2025-01-01 00:00:00,2025-01-07 00:00:00,2025-03-09 00:10:00,2025-03-09 12:00:00,2025-03-09 12:00:00,71,4.547473508864641e-13,0
2025-03-09 00:00:00,2025-03-09 18:00:00,M3,18,107,144,10345.060012009262,True,15079.708622075126,14821.058330197897,9,60,2025-01-08 00:00:00,2025-03-08 00:00:00,7,2025-01-01 00:00:00,2025-01-07 00:00:00,2025-03-09 00:10:00,2025-03-09 18:00:00,2025-03-09 18:00:00,107,0.0,0
2025-03-10 00:00:00,2025-03-10 06:00:00,M3,6,35,71,10800.0,True,9841.847943444136,8510.226160956434,8,60,2025-01-09 00:00:00,2025-03-09 00:00:00,8,2025-01-01 00:00:00,2025-01-08 00:00:00,2025-03-10 00:10:00,2025-03-10 06:00:00,2025-03-10 06:00:00,35,9.094947017729282e-13,0
2025-03-10 00:00:00,2025-03-10 12:00:00,M3,12,71,107,5807.932539827165,True,5966.78860112399,5750.031196366316,18,60,2025-01-09 00:00:00,2025-03-09 00:00:00,8,2025-01-01 00:00:00,2025-01-08 00:00:00,2025-03-10 00:10:00,2025-03-10 12:00:00,2025-03-10 12:00:00,71,9.094947017729282e-13,0
2025-03-10 00:00:00,2025-03-10 18:00:00,M3,18,107,144,10365.986767228384,True,14399.088826460165,14148.263884566037,13,60,2025-01-09 00:00:00,2025-03-09 00:00:00,8,2025-01-01 00:00:00,2025-01-08 00:00:00,2025-03-10 00:10:00,2025-03-10 18:00:00,2025-03-10 18:00:00,107,9.094947017729282e-13,0
2025-03-11 00:00:00,2025-03-11 06:00:00,M3,6,35,71,10800.0,True,6618.353518503033,2965.0246766780747,12,60,2025-01-10 00:00:00,2025-03-10 00:00:00,9,2025-01-01 00:00:00,2025-01-09 00:00:00,2025-03-11 00:10:00,2025-03-11 06:00:00,2025-03-11 06:00:00,35,9.094947017729282e-13,0
2025-03-11 00:00:00,2025-03-11 12:00:00,M3,12,71,107,8005.245411422838,True,4282.053789649679,4126.520882653564,5,60,2025-01-10 00:00:00,2025-03-10 00:00:00,9,2025-01-01 00:00:00,2025-01-09 00:00:00,2025-03-11 00:10:00,2025-03-11 12:00:00,2025-03-11 12:00:00,71,0.0,0
2025-03-11 00:00:00,2025-03-11 18:00:00,M3,18,107,144,10371.159206686785,True,14782.605702835377,14429.581404871587,13,60,2025-01-10 00:00:00,2025-03-10 00:00:00,9,2025-01-01 00:00:00,2025-01-09 00:00:00,2025-03-11 00:10:00,2025-03-11 18:00:00,2025-03-11 18:00:00,107,0.0,0
2025-03-12 00:00:00,2025-03-12 06:00:00,M3,6,35,71,10800.0,False,1191.3852543848643,4813.241589448226,0,60,2025-01-11 00:00:00,2025-03-11 00:00:00,10,2025-01-01 00:00:00,2025-01-10 00:00:00,2025-03-12 00:10:00,2025-03-12 06:00:00,2025-03-12 06:00:00,35,7.105427357601002e-15,0
2025-03-12 00:00:00,2025-03-12 12:00:00,M3,12,71,107,7994.141829993827,True,6840.387990383337,4705.815327872138,24,60,2025-01-11 00:00:00,2025-03-11 00:00:00,10,2025-01-01 00:00:00,2025-01-10 00:00:00,2025-03-12 00:10:00,2025-03-12 12:00:00,2025-03-12 12:00:00,71,0.0,0
2025-03-12 00:00:00,2025-03-12 18:00:00,M3,18,107,144,9964.96435957407,True,15364.673897591661,14336.484049122828,13,60,2025-01-11 00:00:00,2025-03-11 00:00:00,10,2025-01-01 00:00:00,2025-01-10 00:00:00,2025-03-12 00:10:00,2025-03-12 18:00:00,2025-03-12 18:00:00,107,4.547473508864641e-13,0
2025-03-13 00:00:00,2025-03-13 06:00:00,M3,6,35,71,10800.0,False,1775.4476312338238,4157.507064915807,0,60,2025-01-12 00:00:00,2025-03-12 00:00:00,11,2025-01-01 00:00:00,2025-01-11 00:00:00,2025-03-13 00:10:00,2025-03-13 06:00:00,2025-03-13 06:00:00,35,0.0,0
2025-03-13 00:00:00,2025-03-13 12:00:00,M3,12,71,107,7755.934844006171,False,5026.040944342885,5661.277388048985,0,60,2025-01-12 00:00:00,2025-03-12 00:00:00,11,2025-01-01 00:00:00,2025-01-11 00:00:00,2025-03-13 00:10:00,2025-03-13 12:00:00,2025-03-13 12:00:00,71,0.0,0
2025-03-13 00:00:00,2025-03-13 18:00:00,M3,18,107,144,10662.737741555553,True,14819.381734540144,14789.191336687649,10,60,2025-01-12 00:00:00,2025-03-12 00:00:00,11,2025-01-01 00:00:00,2025-01-11 00:00:00,2025-03-13 00:10:00,2025-03-13 18:00:00,2025-03-13 18:00:00,107,2.2737367544323206e-13,0
2025-03-14 00:00:00,2025-03-14 06:00:00,M3,6,35,71,5754.503682705153,False,-6099.170230506413,-6099.170230506413,0,60,2025-01-13 00:00:00,2025-03-13 00:00:00,12,2025-01-01 00:00:00,2025-01-12 00:00:00,2025-03-14 00:10:00,2025-03-14 06:00:00,2025-03-14 06:00:00,35,4.547473508864641e-13,0
2025-03-14 00:00:00,2025-03-14 12:00:00,M3,12,71,107,10800.0,True,-4308.734427653054,-4341.723046901982,3,60,2025-01-13 00:00:00,2025-03-13 00:00:00,12,2025-01-01 00:00:00,2025-01-12 00:00:00,2025-03-14 00:10:00,2025-03-14 12:00:00,2025-03-14 12:00:00,71,1.1368683772161603e-13,0
2025-03-14 00:00:00,2025-03-14 18:00:00,M3,18,107,144,9875.778315123462,True,6211.214960280464,5453.4086949907305,9,60,2025-01-13 00:00:00,2025-03-13 00:00:00,12,2025-01-01 00:00:00,2025-01-12 00:00:00,2025-03-14 00:10:00,2025-03-14 18:00:00,2025-03-14 18:00:00,107,4.547473508864641e-13,0
2025-03-15 00:00:00,2025-03-15 06:00:00,M3,6,35,71,5066.9887558271585,False,-3206.3709153463255,-3206.3709153463255,0,60,2025-01-14 00:00:00,2025-03-14 00:00:00,13,2025-01-01 00:00:00,2025-01-13 00:00:00,2025-03-15 00:10:00,2025-03-15 06:00:00,2025-03-15 06:00:00,35,4.547473508864641e-13,0
2025-03-15 00:00:00,2025-03-15 12:00:00,M3,12,71,107,7854.422472493826,False,-4008.5875468582794,-3602.489687223839,0,60,2025-01-14 00:00:00,2025-03-14 00:00:00,13,2025-01-01 00:00:00,2025-01-13 00:00:00,2025-03-15 00:10:00,2025-03-15 12:00:00,2025-03-15 12:00:00,71,1.8189894035458565e-12,0
2025-03-15 00:00:00,2025-03-15 18:00:00,M3,18,107,144,10631.538937401236,True,4060.28034999687,4024.0321922632193,6,60,2025-01-14 00:00:00,2025-03-14 00:00:00,13,2025-01-01 00:00:00,2025-01-13 00:00:00,2025-03-15 00:10:00,2025-03-15 18:00:00,2025-03-15 18:00:00,107,0.0,0
2025-03-16 00:00:00,2025-03-16 06:00:00,M3,6,35,71,10774.614744916662,False,1580.10543910251,2029.7540840121708,0,60,2025-01-15 00:00:00,2025-03-15 00:00:00,14,2025-01-01 00:00:00,2025-01-14 00:00:00,2025-03-16 00:10:00,2025-03-16 06:00:00,2025-03-16 06:00:00,35,4.547473508864641e-13,0
2025-03-16 00:00:00,2025-03-16 12:00:00,M3,12,71,107,5490.787283990733,False,6109.9810355922045,6337.639428438589,0,60,2025-01-15 00:00:00,2025-03-15 00:00:00,14,2025-01-01 00:00:00,2025-01-14 00:00:00,2025-03-16 00:10:00,2025-03-16 12:00:00,2025-03-16 12:00:00,71,2.2737367544323206e-13,0
2025-03-16 00:00:00,2025-03-16 18:00:00,M3,18,107,144,10800.0,True,12313.587751745941,12249.603633394572,12,60,2025-01-15 00:00:00,2025-03-15 00:00:00,14,2025-01-01 00:00:00,2025-01-14 00:00:00,2025-03-16 00:10:00,2025-03-16 18:00:00,2025-03-16 18:00:00,107,9.094947017729282e-13,0
2025-03-17 00:00:00,2025-03-17 06:00:00,M3,6,35,71,10800.0,False,-1062.6488899586368,-215.7407179471516,0,60,2025-01-16 00:00:00,2025-03-16 00:00:00,14,2025-01-02 00:00:00,2025-01-15 00:00:00,2025-03-17 00:10:00,2025-03-17 06:00:00,2025-03-17 06:00:00,35,4.547473508864641e-13,0
2025-03-17 00:00:00,2025-03-17 12:00:00,M3,12,71,107,6516.974483790122,False,3505.8608695543153,3912.4343222128045,0,60,2025-01-16 00:00:00,2025-03-16 00:00:00,14,2025-01-02 00:00:00,2025-01-15 00:00:00,2025-03-17 00:10:00,2025-03-17 12:00:00,2025-03-17 12:00:00,71,2.2737367544323206e-13,0
2025-03-17 00:00:00,2025-03-17 18:00:00,M3,18,107,144,10326.87417693827,True,15175.311023906854,14219.047223295773,12,60,2025-01-16 00:00:00,2025-03-16 00:00:00,14,2025-01-02 00:00:00,2025-01-15 00:00:00,2025-03-17 00:10:00,2025-03-17 18:00:00,2025-03-17 18:00:00,107,2.2737367544323206e-13,0
2025-03-18 00:00:00,2025-03-18 06:00:00,M3,6,35,71,10800.0,False,126.39296312199738,2751.9538455717566,0,60,2025-01-17 00:00:00,2025-03-17 00:00:00,14,2025-01-03 00:00:00,2025-01-16 00:00:00,2025-03-18 00:10:00,2025-03-18 06:00:00,2025-03-18 06:00:00,35,4.547473508864641e-13,0
2025-03-18 00:00:00,2025-03-18 12:00:00,M3,12,71,107,9050.75968759877,True,5290.3592494557215,3748.18182991602,28,60,2025-01-17 00:00:00,2025-03-17 00:00:00,14,2025-01-03 00:00:00,2025-01-16 00:00:00,2025-03-18 00:10:00,2025-03-18 12:00:00,2025-03-18 12:00:00,71,2.2737367544323206e-13,0
2025-03-18 00:00:00,2025-03-18 18:00:00,M3,18,107,144,10738.658916021604,True,13066.872002347658,12826.750053832931,14,60,2025-01-17 00:00:00,2025-03-17 00:00:00,14,2025-01-03 00:00:00,2025-01-16 00:00:00,2025-03-18 00:10:00,2025-03-18 18:00:00,2025-03-18 18:00:00,107,0.0,0
2025-03-19 00:00:00,2025-03-19 06:00:00,M3,6,35,71,10800.0,True,1213.954139577794,395.8958821767414,11,60,2025-01-18 00:00:00,2025-03-18 00:00:00,14,2025-01-04 00:00:00,2025-01-17 00:00:00,2025-03-19 00:10:00,2025-03-19 06:00:00,2025-03-19 06:00:00,35,9.094947017729282e-13,0
2025-03-19 00:00:00,2025-03-19 12:00:00,M3,12,71,107,6247.576905953707,False,2984.8339123130377,4111.186436789849,0,60,2025-01-18 00:00:00,2025-03-18 00:00:00,14,2025-01-04 00:00:00,2025-01-17 00:00:00,2025-03-19 00:10:00,2025-03-19 12:00:00,2025-03-19 12:00:00,71,2.842170943040401e-14,0
2025-03-19 00:00:00,2025-03-19 18:00:00,M3,18,107,144,10406.80860663889,True,13873.384990435283,12939.794529629628,10,60,2025-01-18 00:00:00,2025-03-18 00:00:00,14,2025-01-04 00:00:00,2025-01-17 00:00:00,2025-03-19 00:10:00,2025-03-19 18:00:00,2025-03-19 18:00:00,107,4.547473508864641e-13,0
2025-03-20 00:00:00,2025-03-20 06:00:00,M3,6,35,71,10750.50458277778,False,210.8720690798784,896.2549715287087,0,60,2025-01-19 00:00:00,2025-03-19 00:00:00,14,2025-01-05 00:00:00,2025-01-18 00:00:00,2025-03-20 00:10:00,2025-03-20 06:00:00,2025-03-20 06:00:00,35,9.094947017729282e-13,0
2025-03-20 00:00:00,2025-03-20 12:00:00,M3,12,71,107,4946.268170999999,True,6944.203416276555,6164.71937251944,20,60,2025-01-19 00:00:00,2025-03-19 00:00:00,14,2025-01-05 00:00:00,2025-01-18 00:00:00,2025-03-20 00:10:00,2025-03-20 12:00:00,2025-03-20 12:00:00,71,9.094947017729282e-13,0
2025-03-20 00:00:00,2025-03-20 18:00:00,M3,18,107,144,10763.721154870367,True,11532.812721722452,11484.20061116275,16,60,2025-01-19 00:00:00,2025-03-19 00:00:00,14,2025-01-05 00:00:00,2025-01-18 00:00:00,2025-03-20 00:10:00,2025-03-20 18:00:00,2025-03-20 18:00:00,107,9.094947017729282e-13,0
2025-03-21 00:00:00,2025-03-21 06:00:00,M3,6,35,71,4138.33630130247,True,-4500.047749938539,-5229.385425501039,4,60,2025-01-20 00:00:00,2025-03-20 00:00:00,14,2025-01-06 00:00:00,2025-01-19 00:00:00,2025-03-21 00:10:00,2025-03-21 06:00:00,2025-03-21 06:00:00,35,1.8189894035458565e-12,0
2025-03-21 00:00:00,2025-03-21 12:00:00,M3,12,71,107,10800.0,False,-4094.0421081512427,-3639.141073261196,0,60,2025-01-20 00:00:00,2025-03-20 00:00:00,14,2025-01-06 00:00:00,2025-01-19 00:00:00,2025-03-21 00:10:00,2025-03-21 12:00:00,2025-03-21 12:00:00,71,1.1368683772161603e-13,0
2025-03-21 00:00:00,2025-03-21 18:00:00,M3,18,107,144,10338.620388888889,False,2047.9109931454711,2089.9258618059384,0,60,2025-01-20 00:00:00,2025-03-20 00:00:00,14,2025-01-06 00:00:00,2025-01-19 00:00:00,2025-03-21 00:10:00,2025-03-21 18:00:00,2025-03-21 18:00:00,107,0.0,0
2025-03-22 00:00:00,2025-03-22 06:00:00,M3,6,35,71,4889.349025182099,False,-5463.162514169291,-5463.162514169291,0,60,2025-01-21 00:00:00,2025-03-21 00:00:00,14,2025-01-07 00:00:00,2025-01-20 00:00:00,2025-03-22 00:10:00,2025-03-22 06:00:00,2025-03-22 06:00:00,35,4.547473508864641e-13,0
2025-03-22 00:00:00,2025-03-22 12:00:00,M3,12,71,107,10737.609947589506,True,-3816.3492910173263,-3837.2028494179217,13,60,2025-01-21 00:00:00,2025-03-21 00:00:00,14,2025-01-07 00:00:00,2025-01-20 00:00:00,2025-03-22 00:10:00,2025-03-22 12:00:00,2025-03-22 12:00:00,71,9.094947017729282e-13,0
2025-03-22 00:00:00,2025-03-22 18:00:00,M3,18,107,144,10515.713171157406,True,1765.0534827887318,1764.0340036989824,14,60,2025-01-21 00:00:00,2025-03-21 00:00:00,14,2025-01-07 00:00:00,2025-01-20 00:00:00,2025-03-22 00:10:00,2025-03-22 18:00:00,2025-03-22 18:00:00,107,0.0,0
2025-03-23 00:00:00,2025-03-23 06:00:00,M3,6,35,71,10685.470930722222,False,-976.5831884446853,269.60402247526105,0,60,2025-01-22 00:00:00,2025-03-22 00:00:00,14,2025-01-08 00:00:00,2025-01-21 00:00:00,2025-03-23 00:10:00,2025-03-23 06:00:00,2025-03-23 06:00:00,35,9.094947017729282e-13,0
2025-03-23 00:00:00,2025-03-23 12:00:00,M3,12,71,107,7498.645312740743,True,5153.645735368496,3255.384338291324,24,60,2025-01-22 00:00:00,2025-03-22 00:00:00,14,2025-01-08 00:00:00,2025-01-21 00:00:00,2025-03-23 00:10:00,2025-03-23 12:00:00,2025-03-23 12:00:00,71,1.8189894035458565e-12,0
2025-03-23 00:00:00,2025-03-23 18:00:00,M3,18,107,144,10712.803127777777,True,13374.181340120773,12035.640501171143,14,60,2025-01-22 00:00:00,2025-03-22 00:00:00,14,2025-01-08 00:00:00,2025-01-21 00:00:00,2025-03-23 00:10:00,2025-03-23 18:00:00,2025-03-23 18:00:00,107,0.0,0
2025-03-24 00:00:00,2025-03-24 06:00:00,M3,6,35,71,10768.88300925926,False,-2599.8414615219435,-2016.2701946461898,0,60,2025-01-23 00:00:00,2025-03-23 00:00:00,14,2025-01-09 00:00:00,2025-01-22 00:00:00,2025-03-24 00:10:00,2025-03-24 06:00:00,2025-03-24 06:00:00,35,4.547473508864641e-13,0
2025-03-24 00:00:00,2025-03-24 12:00:00,M3,12,71,107,7410.861548765432,False,3386.625861641836,3583.926466465716,0,60,2025-01-23 00:00:00,2025-03-23 00:00:00,14,2025-01-09 00:00:00,2025-01-22 00:00:00,2025-03-24 00:10:00,2025-03-24 12:00:00,2025-03-24 12:00:00,71,2.2737367544323206e-13,0
2025-03-24 00:00:00,2025-03-24 18:00:00,M3,18,107,144,10608.961676993831,True,11917.17724092298,11327.985725386023,12,60,2025-01-23 00:00:00,2025-03-23 00:00:00,14,2025-01-09 00:00:00,2025-01-22 00:00:00,2025-03-24 00:10:00,2025-03-24 18:00:00,2025-03-24 18:00:00,107,4.547473508864641e-13,0
2025-03-25 00:00:00,2025-03-25 06:00:00,M3,6,35,71,10623.544495530867,False,-412.9338317907171,1278.7656871976194,0,60,2025-01-24 00:00:00,2025-03-24 00:00:00,14,2025-01-10 00:00:00,2025-01-23 00:00:00,2025-03-25 00:10:00,2025-03-25 06:00:00,2025-03-25 06:00:00,35,9.094947017729282e-13,0
2025-03-25 00:00:00,2025-03-25 12:00:00,M3,12,71,107,7085.932184962967,True,6320.464815007849,4531.930635336341,32,60,2025-01-24 00:00:00,2025-03-24 00:00:00,14,2025-01-10 00:00:00,2025-01-23 00:00:00,2025-03-25 00:10:00,2025-03-25 12:00:00,2025-03-25 12:00:00,71,0.0,0
2025-03-25 00:00:00,2025-03-25 18:00:00,M3,18,107,144,10800.0,True,10918.258972686539,10775.059558851372,5,60,2025-01-24 00:00:00,2025-03-24 00:00:00,14,2025-01-10 00:00:00,2025-01-23 00:00:00,2025-03-25 00:10:00,2025-03-25 18:00:00,2025-03-25 18:00:00,107,4.547473508864641e-13,0
2025-03-26 00:00:00,2025-03-26 06:00:00,M3,6,35,71,10712.806468364195,True,1469.3865632021536,-2143.5817325031335,5,60,2025-01-25 00:00:00,2025-03-25 00:00:00,14,2025-01-11 00:00:00,2025-01-24 00:00:00,2025-03-26 00:10:00,2025-03-26 06:00:00,2025-03-26 06:00:00,35,4.547473508864641e-13,0
2025-03-26 00:00:00,2025-03-26 12:00:00,M3,12,71,107,6006.839949132717,True,3977.511896560521,2987.5256948377223,22,60,2025-01-25 00:00:00,2025-03-25 00:00:00,14,2025-01-11 00:00:00,2025-01-24 00:00:00,2025-03-26 00:10:00,2025-03-26 12:00:00,2025-03-26 12:00:00,71,0.0,0
2025-03-26 00:00:00,2025-03-26 18:00:00,M3,18,107,144,10800.0,True,11259.277261618963,10738.514182459041,14,60,2025-01-25 00:00:00,2025-03-25 00:00:00,14,2025-01-11 00:00:00,2025-01-24 00:00:00,2025-03-26 00:10:00,2025-03-26 18:00:00,2025-03-26 18:00:00,107,0.0,0
2025-03-27 00:00:00,2025-03-27 06:00:00,M3,6,35,71,10631.581705277773,False,-3272.02492089156,-2546.475156964475,0,60,2025-01-26 00:00:00,2025-03-26 00:00:00,14,2025-01-12 00:00:00,2025-01-25 00:00:00,2025-03-27 00:10:00,2025-03-27 06:00:00,2025-03-27 06:00:00,35,4.547473508864641e-13,0
2025-03-27 00:00:00,2025-03-27 12:00:00,M3,12,71,107,7527.2466996481435,True,3758.9045258302754,3229.6410682397377,23,60,2025-01-26 00:00:00,2025-03-26 00:00:00,14,2025-01-12 00:00:00,2025-01-25 00:00:00,2025-03-27 00:10:00,2025-03-27 12:00:00,2025-03-27 12:00:00,71,9.094947017729282e-13,0
2025-03-27 00:00:00,2025-03-27 18:00:00,M3,18,107,144,10800.0,True,12664.035578617053,12243.358334481673,23,60,2025-01-26 00:00:00,2025-03-26 00:00:00,14,2025-01-12 00:00:00,2025-01-25 00:00:00,2025-03-27 00:10:00,2025-03-27 18:00:00,2025-03-27 18:00:00,107,4.547473508864641e-13,0
2025-03-28 00:00:00,2025-03-28 06:00:00,M3,6,35,71,4943.322554012348,False,-5548.176,-5548.176,0,60,2025-01-27 00:00:00,2025-03-27 00:00:00,14,2025-01-13 00:00:00,2025-01-26 00:00:00,2025-03-28 00:10:00,2025-03-28 06:00:00,2025-03-28 06:00:00,35,9.094947017729282e-13,0
2025-03-28 00:00:00,2025-03-28 12:00:00,M3,12,71,107,10800.0,False,-3964.420491817116,-3857.539396236444,0,60,2025-01-27 00:00:00,2025-03-27 00:00:00,14,2025-01-13 00:00:00,2025-01-26 00:00:00,2025-03-28 00:10:00,2025-03-28 12:00:00,2025-03-28 12:00:00,71,9.094947017729282e-13,0
2025-03-28 00:00:00,2025-03-28 18:00:00,M3,18,107,144,10370.269643827161,False,2151.902990625395,2511.319353112284,0,60,2025-01-27 00:00:00,2025-03-27 00:00:00,14,2025-01-13 00:00:00,2025-01-26 00:00:00,2025-03-28 00:10:00,2025-03-28 18:00:00,2025-03-28 18:00:00,107,0.0,0
2025-03-29 00:00:00,2025-03-29 06:00:00,M3,6,35,71,4214.401853620369,False,-6055.870205833764,-6055.870205833764,0,60,2025-01-28 00:00:00,2025-03-28 00:00:00,14,2025-01-14 00:00:00,2025-01-27 00:00:00,2025-03-29 00:10:00,2025-03-29 06:00:00,2025-03-29 06:00:00,35,1.8189894035458565e-12,0
2025-03-29 00:00:00,2025-03-29 12:00:00,M3,12,71,107,10800.0,False,-4521.218320599967,-3743.43817885832,0,60,2025-01-28 00:00:00,2025-03-28 00:00:00,14,2025-01-14 00:00:00,2025-01-27 00:00:00,2025-03-29 00:10:00,2025-03-29 12:00:00,2025-03-29 12:00:00,71,1.1368683772161603e-13,0
2025-03-29 00:00:00,2025-03-29 18:00:00,M3,18,107,144,9842.110651462963,True,4020.241629193684,2833.9630974681,15,60,2025-01-28 00:00:00,2025-03-28 00:00:00,14,2025-01-14 00:00:00,2025-01-27 00:00:00,2025-03-29 00:10:00,2025-03-29 18:00:00,2025-03-29 18:00:00,107,0.0,0
2025-03-30 00:00:00,2025-03-30 06:00:00,M3,6,35,71,10481.322364253083,False,-2521.9687489614053,-2182.1002395690166,0,60,2025-01-29 00:00:00,2025-03-29 00:00:00,14,2025-01-15 00:00:00,2025-01-28 00:00:00,2025-03-30 00:10:00,2025-03-30 06:00:00,2025-03-30 06:00:00,35,4.547473508864641e-13,0
2025-03-30 00:00:00,2025-03-30 12:00:00,M3,12,71,107,6852.765602987653,True,3236.8988987756734,2252.0475038645613,24,60,2025-01-29 00:00:00,2025-03-29 00:00:00,14,2025-01-15 00:00:00,2025-01-28 00:00:00,2025-03-30 00:10:00,2025-03-30 12:00:00,2025-03-30 12:00:00,71,0.0,0
2025-03-30 00:00:00,2025-03-30 18:00:00,M3,18,107,144,10800.0,False,10040.639764195823,10258.788906154585,0,60,2025-01-29 00:00:00,2025-03-29 00:00:00,14,2025-01-15 00:00:00,2025-01-28 00:00:00,2025-03-30 00:10:00,2025-03-30 18:00:00,2025-03-30 18:00:00,107,0.0,0
2025-03-31 00:00:00,2025-03-31 06:00:00,M3,6,35,71,9947.058199,False,-3485.6076016896254,-2353.2374540007145,0,60,2025-01-30 00:00:00,2025-03-30 00:00:00,14,2025-01-16 00:00:00,2025-01-29 00:00:00,2025-03-31 00:10:00,2025-03-31 06:00:00,2025-03-31 06:00:00,35,4.547473508864641e-13,0
2025-03-31 00:00:00,2025-03-31 12:00:00,M3,12,71,107,4524.003857549386,False,4498.265042027463,5984.045888201809,0,60,2025-01-30 00:00:00,2025-03-30 00:00:00,14,2025-01-16 00:00:00,2025-01-29 00:00:00,2025-03-31 00:10:00,2025-03-31 12:00:00,2025-03-31 12:00:00,71,5.684341886080802e-14,0
2025-03-31 00:00:00,2025-03-31 18:00:00,M3,18,107,144,6564.9726285523575,True,34155.06276760784,17460.489240566432,17,60,2025-01-30 00:00:00,2025-03-30 00:00:00,14,2025-01-16 00:00:00,2025-01-29 00:00:00,2025-03-31 00:10:00,2025-03-31 18:00:00,2025-03-31 18:00:00,107,0.0,0
2025-04-01 00:00:00,2025-04-01 06:00:00,M3,6,35,71,10190.032753367284,True,-970.115403456235,-1143.0848259491754,9,60,2025-01-31 00:00:00,2025-03-31 00:00:00,14,2025-01-17 00:00:00,2025-01-30 00:00:00,2025-04-01 00:10:00,2025-04-01 06:00:00,2025-04-01 06:00:00,35,4.547473508864641e-13,0
2025-04-01 00:00:00,2025-04-01 12:00:00,M3,12,71,107,8245.227480552467,True,4154.011859298124,3425.270613621918,22,60,2025-01-31 00:00:00,2025-03-31 00:00:00,14,2025-01-17 00:00:00,2025-01-30 00:00:00,2025-04-01 00:10:00,2025-04-01 12:00:00,2025-04-01 12:00:00,71,5.684341886080802e-14,0
2025-04-01 00:00:00,2025-04-01 18:00:00,M3,18,107,144,10776.860827777778,True,11980.649394358144,11826.843573964452,11,60,2025-01-31 00:00:00,2025-03-31 00:00:00,14,2025-01-17 00:00:00,2025-01-30 00:00:00,2025-04-01 00:10:00,2025-04-01 18:00:00,2025-04-01 18:00:00,107,0.0,0
2025-04-02 00:00:00,2025-04-02 06:00:00,M3,6,35,71,10287.765048098774,True,1711.1969456585753,1654.3113923840936,17,60,2025-02-01 00:00:00,2025-04-01 00:00:00,14,2025-01-18 00:00:00,2025-01-31 00:00:00,2025-04-02 00:10:00,2025-04-02 06:00:00,2025-04-02 06:00:00,35,9.094947017729282e-13,0
2025-04-02 00:00:00,2025-04-02 12:00:00,M3,12,71,107,9160.362925475305,True,1686.3951525645455,1594.9498577276488,21,60,2025-02-01 00:00:00,2025-04-01 00:00:00,14,2025-01-18 00:00:00,2025-01-31 00:00:00,2025-04-02 00:10:00,2025-04-02 12:00:00,2025-04-02 12:00:00,71,4.547473508864641e-13,0
2025-04-02 00:00:00,2025-04-02 18:00:00,M3,18,107,144,10800.0,True,10018.011194801436,9997.048433526084,14,60,2025-02-01 00:00:00,2025-04-01 00:00:00,14,2025-01-18 00:00:00,2025-01-31 00:00:00,2025-04-02 00:10:00,2025-04-02 18:00:00,2025-04-02 18:00:00,107,9.094947017729282e-13,0
2025-04-03 00:00:00,2025-04-03 06:00:00,M3,6,35,71,10625.062001462966,False,-2520.229333131301,-813.4523203075702,0,60,2025-02-02 00:00:00,2025-04-02 00:00:00,14,2025-01-19 00:00:00,2025-02-01 00:00:00,2025-04-03 00:10:00,2025-04-03 06:00:00,2025-04-03 06:00:00,35,4.547473508864641e-13,0
2025-04-03 00:00:00,2025-04-03 12:00:00,M3,12,71,107,8664.389683080248,True,3782.2611868107997,2560.830309754228,23,60,2025-02-02 00:00:00,2025-04-02 00:00:00,14,2025-01-19 00:00:00,2025-02-01 00:00:00,2025-04-03 00:10:00,2025-04-03 12:00:00,2025-04-03 12:00:00,71,4.547473508864641e-13,0
2025-04-03 00:00:00,2025-04-03 18:00:00,M3,18,107,144,10794.59477345679,True,11685.685857993365,11598.504816312616,15,60,2025-02-02 00:00:00,2025-04-02 00:00:00,14,2025-01-19 00:00:00,2025-02-01 00:00:00,2025-04-03 00:10:00,2025-04-03 18:00:00,2025-04-03 18:00:00,107,1.8189894035458565e-12,0
2025-04-04 00:00:00,2025-04-04 06:00:00,M3,6,35,71,4031.966099858025,False,-5255.339079655177,-5246.979388445192,0,60,2025-02-03 00:00:00,2025-04-03 00:00:00,14,2025-01-20 00:00:00,2025-02-02 00:00:00,2025-04-04 00:10:00,2025-04-04 06:00:00,2025-04-04 06:00:00,35,0.0,0
2025-04-04 00:00:00,2025-04-04 12:00:00,M3,12,71,107,10800.0,False,-4114.069819359722,-3938.041053964139,0,60,2025-02-03 00:00:00,2025-04-03 00:00:00,14,2025-01-20 00:00:00,2025-02-02 00:00:00,2025-04-04 00:10:00,2025-04-04 12:00:00,2025-04-04 12:00:00,71,1.1368683772161603e-13,0
2025-04-04 00:00:00,2025-04-04 18:00:00,M3,18,107,144,10757.94726021605,True,2782.0077078896693,2517.2799142339286,8,60,2025-02-03 00:00:00,2025-04-03 00:00:00,14,2025-01-20 00:00:00,2025-02-02 00:00:00,2025-04-04 00:10:00,2025-04-04 18:00:00,2025-04-04 18:00:00,107,0.0,0
2025-04-05 00:00:00,2025-04-05 06:00:00,M3,6,35,71,3383.6461952438276,True,-4282.504374122263,-4805.123432193846,4,60,2025-02-04 00:00:00,2025-04-04 00:00:00,14,2025-01-21 00:00:00,2025-02-03 00:00:00,2025-04-05 00:10:00,2025-04-05 06:00:00,2025-04-05 06:00:00,35,1.8189894035458565e-12,0
2025-04-05 00:00:00,2025-04-05 12:00:00,M3,12,71,107,10800.0,False,-4158.329962552416,-3857.0109896688277,0,60,2025-02-04 00:00:00,2025-04-04 00:00:00,14,2025-01-21 00:00:00,2025-02-03 00:00:00,2025-04-05 00:10:00,2025-04-05 12:00:00,2025-04-05 12:00:00,71,1.1368683772161603e-13,0
2025-04-05 00:00:00,2025-04-05 18:00:00,M3,18,107,144,10391.283222104936,True,2343.7963677767325,1917.0504633949693,14,60,2025-02-04 00:00:00,2025-04-04 00:00:00,14,2025-01-21 00:00:00,2025-02-03 00:00:00,2025-04-05 00:10:00,2025-04-05 18:00:00,2025-04-05 18:00:00,107,5.684341886080802e-14,0
2025-04-06 00:00:00,2025-04-06 06:00:00,M3,6,35,71,10654.45586462346,False,-2057.299521821737,-1576.138416930302,0,60,2025-02-05 00:00:00,2025-04-05 00:00:00,14,2025-01-22 00:00:00,2025-02-04 00:00:00,2025-04-06 00:10:00,2025-04-06 06:00:00,2025-04-06 06:00:00,35,0.0,0
2025-04-06 00:00:00,2025-04-06 12:00:00,M3,12,71,107,7529.095048234574,False,2530.827634435753,2603.436906398168,0,60,2025-02-05 00:00:00,2025-04-05 00:00:00,14,2025-01-22 00:00:00,2025-02-04 00:00:00,2025-04-06 00:10:00,2025-04-06 12:00:00,2025-04-06 12:00:00,71,4.547473508864641e-13,0
2025-04-06 00:00:00,2025-04-06 18:00:00,M3,18,107,144,10676.31902573457,True,9530.690512447089,9488.137908966663,11,60,2025-02-05 00:00:00,2025-04-05 00:00:00,14,2025-01-22 00:00:00,2025-02-04 00:00:00,2025-04-06 00:10:00,2025-04-06 18:00:00,2025-04-06 18:00:00,107,0.0,0
2025-04-07 00:00:00,2025-04-07 06:00:00,M3,6,35,71,10157.815326077156,False,-4628.50821881866,-4398.762307873911,0,60,2025-02-06 00:00:00,2025-04-06 00:00:00,14,2025-01-23 00:00:00,2025-02-05 00:00:00,2025-04-07 00:10:00,2025-04-07 06:00:00,2025-04-07 06:00:00,35,1.8189894035458565e-12,0
2025-04-07 00:00:00,2025-04-07 12:00:00,M3,12,71,107,6739.365857836414,False,1186.1272189556475,2368.583748241573,0,60,2025-02-06 00:00:00,2025-04-06 00:00:00,14,2025-01-23 00:00:00,2025-02-05 00:00:00,2025-04-07 00:10:00,2025-04-07 12:00:00,2025-04-07 12:00:00,71,2.842170943040401e-14,0
2025-04-07 00:00:00,2025-04-07 18:00:00,M3,18,107,144,9279.512502274692,True,17828.244258815605,12533.191840702819,11,60,2025-02-06 00:00:00,2025-04-06 00:00:00,14,2025-01-23 00:00:00,2025-02-05 00:00:00,2025-04-07 00:10:00,2025-04-07 18:00:00,2025-04-07 18:00:00,107,2.2737367544323206e-13,0
2025-04-08 00:00:00,2025-04-08 06:00:00,M3,6,35,71,10760.70276638889,False,-2822.393373058312,-1233.8588613182262,0,60,2025-02-07 00:00:00,2025-04-07 00:00:00,14,2025-01-24 00:00:00,2025-02-06 00:00:00,2025-04-08 00:10:00,2025-04-08 06:00:00,2025-04-08 06:00:00,35,4.547473508864641e-13,0
2025-04-08 00:00:00,2025-04-08 12:00:00,M3,12,71,107,7478.501422345687,True,3685.878560740078,2319.473478503796,18,60,2025-02-07 00:00:00,2025-04-07 00:00:00,14,2025-01-24 00:00:00,2025-02-06 00:00:00,2025-04-08 00:10:00,2025-04-08 12:00:00,2025-04-08 12:00:00,71,1.8189894035458565e-12,0
2025-04-08 00:00:00,2025-04-08 18:00:00,M3,18,107,144,10542.519883009258,True,11620.944727648832,10575.248338925108,14,60,2025-02-07 00:00:00,2025-04-07 00:00:00,14,2025-01-24 00:00:00,2025-02-06 00:00:00,2025-04-08 00:10:00,2025-04-08 18:00:00,2025-04-08 18:00:00,107,2.2737367544323206e-13,0
2025-04-09 00:00:00,2025-04-09 06:00:00,M3,6,35,71,10800.0,False,-2361.773574607028,-1827.5702686690518,0,60,2025-02-08 00:00:00,2025-04-08 00:00:00,14,2025-01-25 00:00:00,2025-02-07 00:00:00,2025-04-09 00:10:00,2025-04-09 06:00:00,2025-04-09 06:00:00,35,9.094947017729282e-13,0
2025-04-09 00:00:00,2025-04-09 12:00:00,M3,12,71,107,4874.817325074078,False,3376.4776292537354,4119.44336308806,0,60,2025-02-08 00:00:00,2025-04-08 00:00:00,14,2025-01-25 00:00:00,2025-02-07 00:00:00,2025-04-09 00:10:00,2025-04-09 12:00:00,2025-04-09 12:00:00,71,1.8189894035458565e-12,0
2025-04-09 00:00:00,2025-04-09 18:00:00,M3,18,107,144,10679.893954993826,True,11430.859106402215,10515.066544282974,11,60,2025-02-08 00:00:00,2025-04-08 00:00:00,14,2025-01-25 00:00:00,2025-02-07 00:00:00,2025-04-09 00:10:00,2025-04-09 18:00:00,2025-04-09 18:00:00,107,2.2737367544323206e-13,0
2025-04-10 00:00:00,2025-04-10 06:00:00,M3,6,35,71,10648.038790123457,False,-2593.4342451857515,-2224.4354943540834,0,60,2025-02-09 00:00:00,2025-04-09 00:00:00,14,2025-01-26 00:00:00,2025-02-08 00:00:00,2025-04-10 00:10:00,2025-04-10 06:00:00,2025-04-10 06:00:00,35,1.8189894035458565e-12,0
2025-04-10 00:00:00,2025-04-10 12:00:00,M3,12,71,107,5351.483313641975,True,3326.2322710924086,2554.109175376529,22,60,2025-02-09 00:00:00,2025-04-09 00:00:00,14,2025-01-26 00:00:00,2025-02-08 00:00:00,2025-04-10 00:10:00,2025-04-10 12:00:00,2025-04-10 12:00:00,71,9.094947017729282e-13,0
2025-04-10 00:00:00,2025-04-10 18:00:00,M3,18,107,144,10695.506958157777,True,12079.246698062407,11971.485776857426,19,60,2025-02-09 00:00:00,2025-04-09 00:00:00,14,2025-01-26 00:00:00,2025-02-08 00:00:00,2025-04-10 00:10:00,2025-04-10 18:00:00,2025-04-10 18:00:00,107,9.094947017729282e-13,0
2025-04-11 00:00:00,2025-04-11 06:00:00,M3,6,35,71,3019.7748439197526,True,-3201.05718936132,-4313.7266013418575,5,60,2025-02-10 00:00:00,2025-04-10 00:00:00,14,2025-01-27 00:00:00,2025-02-09 00:00:00,2025-04-11 00:10:00,2025-04-11 06:00:00,2025-04-11 06:00:00,35,9.094947017729282e-13,0
2025-04-11 00:00:00,2025-04-11 12:00:00,M3,12,71,107,10800.0,False,-4167.992312003574,-3861.5968626952817,0,60,2025-02-10 00:00:00,2025-04-10 00:00:00,14,2025-01-27 00:00:00,2025-02-09 00:00:00,2025-04-11 00:10:00,2025-04-11 12:00:00,2025-04-11 12:00:00,71,9.094947017729282e-13,0
2025-04-11 00:00:00,2025-04-11 18:00:00,M3,18,107,144,10093.149127777779,True,4848.604677586886,3468.69626282608,8,60,2025-02-10 00:00:00,2025-04-10 00:00:00,14,2025-01-27 00:00:00,2025-02-09 00:00:00,2025-04-11 00:10:00,2025-04-11 18:00:00,2025-04-11 18:00:00,107,0.0,0
2025-04-12 00:00:00,2025-04-12 06:00:00,M3,6,35,71,3505.63299369753,False,-5347.944000000001,-5347.944000000001,0,60,2025-02-11 00:00:00,2025-04-11 00:00:00,14,2025-01-28 00:00:00,2025-02-10 00:00:00,2025-04-12 00:10:00,2025-04-12 06:00:00,2025-04-12 06:00:00,35,2.2737367544323206e-13,0
2025-04-12 00:00:00,2025-04-12 12:00:00,M3,12,71,107,10800.0,True,-3890.3178396790804,-3893.8962723733234,13,60,2025-02-11 00:00:00,2025-04-11 00:00:00,14,2025-01-28 00:00:00,2025-02-10 00:00:00,2025-04-12 00:10:00,2025-04-12 12:00:00,2025-04-12 12:00:00,71,9.094947017729282e-13,0
2025-04-12 00:00:00,2025-04-12 18:00:00,M3,18,107,144,10797.006214506173,False,2155.607793881007,2156.313709624482,0,60,2025-02-11 00:00:00,2025-04-11 00:00:00,14,2025-01-28 00:00:00,2025-02-10 00:00:00,2025-04-12 00:10:00,2025-04-12 18:00:00,2025-04-12 18:00:00,107,0.0,0
2025-04-13 00:00:00,2025-04-13 06:00:00,M3,6,35,71,10541.430616666667,False,-3481.283452735029,-3021.0975766408837,0,60,2025-02-12 00:00:00,2025-04-12 00:00:00,14,2025-01-29 00:00:00,2025-02-11 00:00:00,2025-04-13 00:10:00,2025-04-13 06:00:00,2025-04-13 06:00:00,35,0.0,0
2025-04-13 00:00:00,2025-04-13 12:00:00,M3,12,71,107,5324.021685222224,False,686.9598467003468,861.0994264911488,0,60,2025-02-12 00:00:00,2025-04-12 00:00:00,14,2025-01-29 00:00:00,2025-02-11 00:00:00,2025-04-13 00:10:00,2025-04-13 12:00:00,2025-04-13 12:00:00,71,1.8189894035458565e-12,0
2025-04-13 00:00:00,2025-04-13 18:00:00,M3,18,107,144,10363.870836401235,True,14244.608868199834,12082.551977452471,12,60,2025-02-12 00:00:00,2025-04-12 00:00:00,14,2025-01-29 00:00:00,2025-02-11 00:00:00,2025-04-13 00:10:00,2025-04-13 18:00:00,2025-04-13 18:00:00,107,4.547473508864641e-13,0
2025-04-14 00:00:00,2025-04-14 06:00:00,M3,6,35,71,10570.57083967901,False,-3843.5121590408203,-2840.3658689416848,0,60,2025-02-13 00:00:00,2025-04-13 00:00:00,14,2025-01-30 00:00:00,2025-02-12 00:00:00,2025-04-14 00:10:00,2025-04-14 06:00:00,2025-04-14 06:00:00,35,4.547473508864641e-13,0
2025-04-14 00:00:00,2025-04-14 12:00:00,M3,12,71,107,7371.816570370373,True,2317.2961322007386,806.1391448936422,22,60,2025-02-13 00:00:00,2025-04-13 00:00:00,14,2025-01-30 00:00:00,2025-02-12 00:00:00,2025-04-14 00:10:00,2025-04-14 12:00:00,2025-04-14 12:00:00,71,9.094947017729282e-13,0
2025-04-14 00:00:00,2025-04-14 18:00:00,M3,18,107,144,10665.782612095678,True,12529.386457704504,11506.398106754134,11,60,2025-02-13 00:00:00,2025-04-13 00:00:00,14,2025-01-30 00:00:00,2025-02-12 00:00:00,2025-04-14 00:10:00,2025-04-14 18:00:00,2025-04-14 18:00:00,107,4.547473508864641e-13,0
2025-04-15 00:00:00,2025-04-15 06:00:00,M3,6,35,71,9811.87987345679,True,-4814.163687195995,-4815.740731687792,2,60,2025-02-14 00:00:00,2025-04-14 00:00:00,14,2025-01-31 00:00:00,2025-02-13 00:00:00,2025-04-15 00:10:00,2025-04-15 06:00:00,2025-04-15 06:00:00,35,9.094947017729282e-13,0
2025-04-15 00:00:00,2025-04-15 12:00:00,M3,12,71,107,7969.280873237661,False,624.1306514238984,1360.9971980975638,0,60,2025-02-14 00:00:00,2025-04-14 00:00:00,14,2025-01-31 00:00:00,2025-02-13 00:00:00,2025-04-15 00:10:00,2025-04-15 12:00:00,2025-04-15 12:00:00,71,1.4210854715202004e-14,0
2025-04-15 00:00:00,2025-04-15 18:00:00,M3,18,107,144,9400.530896574068,True,19780.069036901903,13406.333857795298,16,60,2025-02-14 00:00:00,2025-04-14 00:00:00,14,2025-01-31 00:00:00,2025-02-13 00:00:00,2025-04-15 00:10:00,2025-04-15 18:00:00,2025-04-15 18:00:00,107,2.2737367544323206e-13,0
2025-04-16 00:00:00,2025-04-16 06:00:00,M3,6,35,71,10800.0,False,-3769.096838538975,-3565.4741374574455,0,60,2025-02-15 00:00:00,2025-04-15 00:00:00,14,2025-02-01 00:00:00,2025-02-14 00:00:00,2025-04-16 00:10:00,2025-04-16 06:00:00,2025-04-16 06:00:00,35,2.842170943040401e-14,0
2025-04-16 00:00:00,2025-04-16 12:00:00,M3,12,71,107,6082.20470018518,False,1559.627589536112,2218.748020830323,0,60,2025-02-15 00:00:00,2025-04-15 00:00:00,14,2025-02-01 00:00:00,2025-02-14 00:00:00,2025-04-16 00:10:00,2025-04-16 12:00:00,2025-04-16 12:00:00,71,9.094947017729282e-13,0
2025-04-16 00:00:00,2025-04-16 18:00:00,M3,18,107,144,9944.42541829013,True,15576.710146860043,12327.803875157768,13,60,2025-02-15 00:00:00,2025-04-15 00:00:00,14,2025-02-01 00:00:00,2025-02-14 00:00:00,2025-04-16 00:10:00,2025-04-16 18:00:00,2025-04-16 18:00:00,107,9.094947017729282e-13,0
2025-04-17 00:00:00,2025-04-17 06:00:00,M3,6,35,71,8652.288128978395,True,-563.855437328022,-1968.2419893234262,9,60,2025-02-16 00:00:00,2025-04-16 00:00:00,14,2025-02-02 00:00:00,2025-02-15 00:00:00,2025-04-17 00:10:00,2025-04-17 06:00:00,2025-04-17 06:00:00,35,9.094947017729282e-13,0
2025-04-17 00:00:00,2025-04-17 12:00:00,M3,12,71,107,7870.1225999598755,False,722.6825554259615,747.533228749493,0,60,2025-02-16 00:00:00,2025-04-16 00:00:00,14,2025-02-02 00:00:00,2025-02-15 00:00:00,2025-04-17 00:10:00,2025-04-17 12:00:00,2025-04-17 12:00:00,71,0.0,0
2025-04-17 00:00:00,2025-04-17 18:00:00,M3,18,107,144,10800.0,False,11337.27615745232,11741.528841454283,0,60,2025-02-16 00:00:00,2025-04-16 00:00:00,14,2025-02-02 00:00:00,2025-02-15 00:00:00,2025-04-17 00:10:00,2025-04-17 18:00:00,2025-04-17 18:00:00,107,9.094947017729282e-13,0
2025-04-18 00:00:00,2025-04-18 06:00:00,M3,6,35,71,3096.3318597530847,True,-3902.3759643998633,-4364.574049587116,3,60,2025-02-17 00:00:00,2025-04-17 00:00:00,14,2025-02-03 00:00:00,2025-02-16 00:00:00,2025-04-18 00:10:00,2025-04-18 06:00:00,2025-04-18 06:00:00,35,0.0,0
2025-04-18 00:00:00,2025-04-18 12:00:00,M3,12,71,107,10800.0,False,-3998.1038870446177,-3849.854367387048,0,60,2025-02-17 00:00:00,2025-04-17 00:00:00,14,2025-02-03 00:00:00,2025-02-16 00:00:00,2025-04-18 00:10:00,2025-04-18 12:00:00,2025-04-18 12:00:00,71,9.094947017729282e-13,0
2025-04-18 00:00:00,2025-04-18 18:00:00,M3,18,107,144,10490.577944444445,False,2351.907467298006,2852.2134823181573,0,60,2025-02-17 00:00:00,2025-04-17 00:00:00,14,2025-02-03 00:00:00,2025-02-16 00:00:00,2025-04-18 00:10:00,2025-04-18 18:00:00,2025-04-18 18:00:00,107,2.842170943040401e-14,0
2025-04-19 00:00:00,2025-04-19 06:00:00,M3,6,35,71,3410.4948637808666,False,-5154.044305900695,-5154.044305900695,0,60,2025-02-18 00:00:00,2025-04-18 00:00:00,14,2025-02-04 00:00:00,2025-02-17 00:00:00,2025-04-19 00:10:00,2025-04-19 06:00:00,2025-04-19 06:00:00,35,4.547473508864641e-13,0
2025-04-19 00:00:00,2025-04-19 12:00:00,M3,12,71,107,10800.0,False,-4278.3776843690475,-3726.92278121628,0,60,2025-02-18 00:00:00,2025-04-18 00:00:00,14,2025-02-04 00:00:00,2025-02-17 00:00:00,2025-04-19 00:10:00,2025-04-19 12:00:00,2025-04-19 12:00:00,71,4.547473508864641e-13,0
2025-04-19 00:00:00,2025-04-19 18:00:00,M3,18,107,144,10284.316697160495,True,2000.1891113235802,1995.2853117484124,11,60,2025-02-18 00:00:00,2025-04-18 00:00:00,14,2025-02-04 00:00:00,2025-02-17 00:00:00,2025-04-19 00:10:00,2025-04-19 18:00:00,2025-04-19 18:00:00,107,0.0,0
2025-04-20 00:00:00,2025-04-20 06:00:00,M3,6,35,71,10047.488639629635,False,-3129.6598283337376,-3021.866645327386,0,60,2025-02-19 00:00:00,2025-04-19 00:00:00,14,2025-02-05 00:00:00,2025-02-18 00:00:00,2025-04-20 00:10:00,2025-04-20 06:00:00,2025-04-20 06:00:00,35,9.094947017729282e-13,0
2025-04-20 00:00:00,2025-04-20 12:00:00,M3,12,71,107,5065.001900925932,False,1488.9696263363955,2256.6491730624903,0,60,2025-02-19 00:00:00,2025-04-19 00:00:00,14,2025-02-05 00:00:00,2025-02-18 00:00:00,2025-04-20 00:10:00,2025-04-20 12:00:00,2025-04-20 12:00:00,71,4.547473508864641e-13,0
2025-04-20 00:00:00,2025-04-20 18:00:00,M3,18,107,144,9990.067967216059,True,13214.053523194872,11310.239474454938,14,60,2025-02-19 00:00:00,2025-04-19 00:00:00,14,2025-02-05 00:00:00,2025-02-18 00:00:00,2025-04-20 00:10:00,2025-04-20 18:00:00,2025-04-20 18:00:00,107,4.547473508864641e-13,0
2025-04-21 00:00:00,2025-04-21 06:00:00,M3,6,35,71,9853.081426064817,False,-4968.896669340533,-4412.186791211432,0,60,2025-02-20 00:00:00,2025-04-20 00:00:00,14,2025-02-06 00:00:00,2025-02-19 00:00:00,2025-04-21 00:10:00,2025-04-21 06:00:00,2025-04-21 06:00:00,35,9.094947017729282e-13,0
2025-04-21 00:00:00,2025-04-21 12:00:00,M3,12,71,107,7599.207508287043,True,822.6281487435596,186.286106302904,21,60,2025-02-20 00:00:00,2025-04-20 00:00:00,14,2025-02-06 00:00:00,2025-02-19 00:00:00,2025-04-21 00:10:00,2025-04-21 12:00:00,2025-04-21 12:00:00,71,9.094947017729282e-13,0
2025-04-21 00:00:00,2025-04-21 18:00:00,M3,18,107,144,10800.0,True,11157.659907213329,11154.465627035172,4,60,2025-02-20 00:00:00,2025-04-20 00:00:00,14,2025-02-06 00:00:00,2025-02-19 00:00:00,2025-04-21 00:10:00,2025-04-21 18:00:00,2025-04-21 18:00:00,107,0.0,0
2025-04-22 00:00:00,2025-04-22 06:00:00,M3,6,35,71,10028.645775212959,False,-3619.9436632034267,-3557.94710831401,0,60,2025-02-21 00:00:00,2025-04-21 00:00:00,14,2025-02-07 00:00:00,2025-02-20 00:00:00,2025-04-22 00:10:00,2025-04-22 06:00:00,2025-04-22 06:00:00,35,9.094947017729282e-13,0
2025-04-22 00:00:00,2025-04-22 12:00:00,M3,12,71,107,5962.741165027777,False,864.3145359363012,1935.7654064382518,0,60,2025-02-21 00:00:00,2025-04-21 00:00:00,14,2025-02-07 00:00:00,2025-02-20 00:00:00,2025-04-22 00:10:00,2025-04-22 12:00:00,2025-04-22 12:00:00,71,9.094947017729282e-13,0
2025-04-22 00:00:00,2025-04-22 18:00:00,M3,18,107,144,8607.745556175923,True,20943.629478690153,13266.166692010058,21,60,2025-02-21 00:00:00,2025-04-21 00:00:00,14,2025-02-07 00:00:00,2025-02-20 00:00:00,2025-04-22 00:10:00,2025-04-22 18:00:00,2025-04-22 18:00:00,107,2.2737367544323206e-13,0
2025-04-23 00:00:00,2025-04-23 06:00:00,M3,6,35,71,8044.654692845683,True,1533.1454097241844,-1163.1733599198794,10,60,2025-02-22 00:00:00,2025-04-22 00:00:00,14,2025-02-08 00:00:00,2025-02-21 00:00:00,2025-04-23 00:10:00,2025-04-23 06:00:00,2025-04-23 06:00:00,35,9.094947017729282e-13,0
2025-04-23 00:00:00,2025-04-23 12:00:00,M3,12,71,107,8346.928894975303,False,-635.2379194374969,61.11988898298042,0,60,2025-02-22 00:00:00,2025-04-22 00:00:00,14,2025-02-08 00:00:00,2025-02-21 00:00:00,2025-04-23 00:10:00,2025-04-23 12:00:00,2025-04-23 12:00:00,71,9.094947017729282e-13,0
2025-04-23 00:00:00,2025-04-23 18:00:00,M3,18,107,144,10186.132245753084,True,15426.733896892518,12421.434494338022,14,60,2025-02-22 00:00:00,2025-04-22 00:00:00,14,2025-02-08 00:00:00,2025-02-21 00:00:00,2025-04-23 00:10:00,2025-04-23 18:00:00,2025-04-23 18:00:00,107,2.2737367544323206e-13,0
2025-04-24 00:00:00,2025-04-24 06:00:00,M3,6,35,71,9380.495718944443,False,-4857.817186463916,-4857.817186463916,0,60,2025-02-23 00:00:00,2025-04-23 00:00:00,14,2025-02-09 00:00:00,2025-02-22 00:00:00,2025-04-24 00:10:00,2025-04-24 06:00:00,2025-04-24 06:00:00,35,1.8189894035458565e-12,0
2025-04-24 00:00:00,2025-04-24 12:00:00,M3,12,71,107,5926.805638018519,False,-420.24372973204635,240.27738810828063,0,60,2025-02-23 00:00:00,2025-04-23 00:00:00,14,2025-02-09 00:00:00,2025-02-22 00:00:00,2025-04-24 00:10:00,2025-04-24 12:00:00,2025-04-24 12:00:00,71,1.8189894035458565e-12,0
2025-04-24 00:00:00,2025-04-24 18:00:00,M3,18,107,144,10685.024601851852,True,13061.339456798973,12196.122902281868,24,60,2025-02-23 00:00:00,2025-04-23 00:00:00,14,2025-02-09 00:00:00,2025-02-22 00:00:00,2025-04-24 00:10:00,2025-04-24 18:00:00,2025-04-24 18:00:00,107,9.094947017729282e-13,0
2025-04-25 00:00:00,2025-04-25 06:00:00,M3,6,35,71,2951.7075465,False,-5166.979766633881,-5166.979766633881,0,60,2025-02-24 00:00:00,2025-04-24 00:00:00,14,2025-02-10 00:00:00,2025-02-23 00:00:00,2025-04-25 00:10:00,2025-04-25 06:00:00,2025-04-25 06:00:00,35,1.8189894035458565e-12,0
2025-04-25 00:00:00,2025-04-25 12:00:00,M3,12,71,107,10800.0,False,-4283.582987756797,-4253.538717182931,0,60,2025-02-24 00:00:00,2025-04-24 00:00:00,14,2025-02-10 00:00:00,2025-02-23 00:00:00,2025-04-25 00:10:00,2025-04-25 12:00:00,2025-04-25 12:00:00,71,9.094947017729282e-13,0
2025-04-25 00:00:00,2025-04-25 18:00:00,M3,18,107,144,10550.327838271605,True,3737.9549639614115,2936.7758900156778,6,60,2025-02-24 00:00:00,2025-04-24 00:00:00,14,2025-02-10 00:00:00,2025-02-23 00:00:00,2025-04-25 00:10:00,2025-04-25 18:00:00,2025-04-25 18:00:00,107,0.0,0
2025-04-26 00:00:00,2025-04-26 06:00:00,M3,6,35,71,2637.2585029873435,False,-4779.02021464603,-4779.02021464603,0,60,2025-02-25 00:00:00,2025-04-25 00:00:00,14,2025-02-11 00:00:00,2025-02-24 00:00:00,2025-04-26 00:10:00,2025-04-26 06:00:00,2025-04-26 06:00:00,35,2.2737367544323206e-13,0
2025-04-26 00:00:00,2025-04-26 12:00:00,M3,12,71,107,10800.0,False,-4062.7120224521136,-3662.1587286462404,0,60,2025-02-25 00:00:00,2025-04-25 00:00:00,14,2025-02-11 00:00:00,2025-02-24 00:00:00,2025-04-26 00:10:00,2025-04-26 12:00:00,2025-04-26 12:00:00,71,1.1368683772161603e-13,0
2025-04-26 00:00:00,2025-04-26 18:00:00,M3,18,107,144,10472.654462962962,False,1617.6842607922663,1618.7851702308647,0,60,2025-02-25 00:00:00,2025-04-25 00:00:00,14,2025-02-11 00:00:00,2025-02-24 00:00:00,2025-04-26 00:10:00,2025-04-26 18:00:00,2025-04-26 18:00:00,107,0.0,0
2025-04-27 00:00:00,2025-04-27 06:00:00,M3,6,35,71,8247.961966919756,True,890.9148000431513,-1178.3900447971573,7,60,2025-02-26 00:00:00,2025-04-26 00:00:00,14,2025-02-12 00:00:00,2025-02-25 00:00:00,2025-04-27 00:10:00,2025-04-27 06:00:00,2025-04-27 06:00:00,35,9.094947017729282e-13,0
2025-04-27 00:00:00,2025-04-27 12:00:00,M3,12,71,107,6910.7186804691355,False,-287.24209835213316,-141.6702245714086,0,60,2025-02-26 00:00:00,2025-04-26 00:00:00,14,2025-02-12 00:00:00,2025-02-25 00:00:00,2025-04-27 00:10:00,2025-04-27 12:00:00,2025-04-27 12:00:00,71,9.094947017729282e-13,0
2025-04-27 00:00:00,2025-04-27 18:00:00,M3,18,107,144,10131.786609834322,True,15744.02003182878,12393.662629477138,14,60,2025-02-26 00:00:00,2025-04-26 00:00:00,14,2025-02-12 00:00:00,2025-02-25 00:00:00,2025-04-27 00:10:00,2025-04-27 18:00:00,2025-04-27 18:00:00,107,0.0,0
2025-04-28 00:00:00,2025-04-28 06:00:00,M3,6,35,71,10148.756814814815,False,-2090.2707895420863,-1909.6054684377468,0,60,2025-02-27 00:00:00,2025-04-27 00:00:00,14,2025-02-13 00:00:00,2025-02-26 00:00:00,2025-04-28 00:10:00,2025-04-28 06:00:00,2025-04-28 06:00:00,35,9.094947017729282e-13,0
2025-04-28 00:00:00,2025-04-28 12:00:00,M3,12,71,107,5553.88960935185,True,2967.733082349546,2932.9286928467745,23,60,2025-02-27 00:00:00,2025-04-27 00:00:00,14,2025-02-13 00:00:00,2025-02-26 00:00:00,2025-04-28 00:10:00,2025-04-28 12:00:00,2025-04-28 12:00:00,71,0.0,0
2025-04-28 00:00:00,2025-04-28 18:00:00,M3,18,107,144,10800.0,False,10038.624693728165,10191.47620097151,0,60,2025-02-27 00:00:00,2025-04-27 00:00:00,14,2025-02-13 00:00:00,2025-02-26 00:00:00,2025-04-28 00:10:00,2025-04-28 18:00:00,2025-04-28 18:00:00,107,9.094947017729282e-13,0
2025-04-29 00:00:00,2025-04-29 06:00:00,M3,6,35,71,8664.298708067898,False,-4330.650608149446,-4165.672051145148,0,60,2025-02-28 00:00:00,2025-04-28 00:00:00,14,2025-02-14 00:00:00,2025-02-27 00:00:00,2025-04-29 00:10:00,2025-04-29 06:00:00,2025-04-29 06:00:00,35,9.094947017729282e-13,0
2025-04-29 00:00:00,2025-04-29 12:00:00,M3,12,71,107,7837.929035660493,False,240.71761246779806,770.855375688546,0,60,2025-02-28 00:00:00,2025-04-28 00:00:00,14,2025-02-14 00:00:00,2025-02-27 00:00:00,2025-04-29 00:10:00,2025-04-29 12:00:00,2025-04-29 12:00:00,71,1.8189894035458565e-12,0
2025-04-29 00:00:00,2025-04-29 18:00:00,M3,18,107,144,10090.470534401238,True,12271.655991172749,11217.69023987182,13,60,2025-02-28 00:00:00,2025-04-28 00:00:00,14,2025-02-14 00:00:00,2025-02-27 00:00:00,2025-04-29 00:10:00,2025-04-29 18:00:00,2025-04-29 18:00:00,107,1.8189894035458565e-12,0
2025-04-30 00:00:00,2025-04-30 06:00:00,M3,6,35,71,6776.17096424074,True,-2296.3435875375803,-3016.0479252635646,2,60,2025-03-01 00:00:00,2025-04-29 00:00:00,14,2025-02-15 00:00:00,2025-02-28 00:00:00,2025-04-30 00:10:00,2025-04-30 06:00:00,2025-04-30 06:00:00,35,9.094947017729282e-13,0
2025-04-30 00:00:00,2025-04-30 12:00:00,M3,12,71,107,4864.044623222231,False,9.1932629097073,240.1856006236164,0,60,2025-03-01 00:00:00,2025-04-29 00:00:00,14,2025-02-15 00:00:00,2025-02-28 00:00:00,2025-04-30 00:10:00,2025-04-30 12:00:00,2025-04-30 12:00:00,71,0.0,0
2025-04-30 00:00:00,2025-04-30 18:00:00,M3,18,107,144,10310.319710777789,True,10050.494636540941,9964.842472318627,14,60,2025-03-01 00:00:00,2025-04-29 00:00:00,14,2025-02-15 00:00:00,2025-02-28 00:00:00,2025-04-30 00:10:00,2025-04-30 18:00:00,2025-04-30 18:00:00,107,0.0,0
2025-05-01 00:00:00,2025-05-01 06:00:00,M3,6,35,71,8111.0383362592565,True,6164.715108675894,-974.6103066148106,4,60,2025-03-02 00:00:00,2025-04-30 00:00:00,14,2025-02-16 00:00:00,2025-03-01 00:00:00,2025-05-01 00:10:00,2025-05-01 06:00:00,2025-05-01 06:00:00,35,9.094947017729282e-13,0
2025-05-01 00:00:00,2025-05-01 12:00:00,M3,12,71,107,6786.2101898641995,True,273.05769272444303,268.3310245320841,17,60,2025-03-02 00:00:00,2025-04-30 00:00:00,14,2025-02-16 00:00:00,2025-03-01 00:00:00,2025-05-01 00:10:00,2025-05-01 12:00:00,2025-05-01 12:00:00,71,9.094947017729282e-13,0
2025-05-01 00:00:00,2025-05-01 18:00:00,M3,18,107,144,10176.23195233951,True,18751.594078226273,13629.939950740325,25,60,2025-03-02 00:00:00,2025-04-30 00:00:00,14,2025-02-16 00:00:00,2025-03-01 00:00:00,2025-05-01 00:10:00,2025-05-01 18:00:00,2025-05-01 18:00:00,107,9.094947017729282e-13,0
2025-05-02 00:00:00,2025-05-02 06:00:00,M3,6,35,71,3201.3114466728375,False,-4394.426059770824,-4394.426059770824,0,60,2025-03-03 00:00:00,2025-05-01 00:00:00,14,2025-02-17 00:00:00,2025-03-02 00:00:00,2025-05-02 00:10:00,2025-05-02 06:00:00,2025-05-02 06:00:00,35,2.2737367544323206e-13,0
2025-05-02 00:00:00,2025-05-02 12:00:00,M3,12,71,107,10800.0,False,-3767.5178462938707,-3750.8909040078297,0,60,2025-03-03 00:00:00,2025-05-01 00:00:00,14,2025-02-17 00:00:00,2025-03-02 00:00:00,2025-05-02 00:10:00,2025-05-02 12:00:00,2025-05-02 12:00:00,71,1.1368683772161603e-13,0
2025-05-02 00:00:00,2025-05-02 18:00:00,M3,18,107,144,10560.721183740741,True,5656.778056469695,3573.921250682386,7,60,2025-03-03 00:00:00,2025-05-01 00:00:00,14,2025-02-17 00:00:00,2025-03-02 00:00:00,2025-05-02 00:10:00,2025-05-02 18:00:00,2025-05-02 18:00:00,107,0.0,0
2025-05-03 00:00:00,2025-05-03 06:00:00,M3,6,35,71,3144.329600679011,False,-4846.861140644303,-4846.861140644303,0,60,2025-03-04 00:00:00,2025-05-02 00:00:00,14,2025-02-18 00:00:00,2025-03-03 00:00:00,2025-05-03 00:10:00,2025-05-03 06:00:00,2025-05-03 06:00:00,35,2.2737367544323206e-13,0
2025-05-03 00:00:00,2025-05-03 12:00:00,M3,12,71,107,10800.0,False,-4036.796633361122,-4007.8629426619145,0,60,2025-03-04 00:00:00,2025-05-02 00:00:00,14,2025-02-18 00:00:00,2025-03-03 00:00:00,2025-05-03 00:10:00,2025-05-03 12:00:00,2025-05-03 12:00:00,71,1.8189894035458565e-12,0
2025-05-03 00:00:00,2025-05-03 18:00:00,M3,18,107,144,10599.316631166666,True,7627.201048424274,4230.3067379314425,9,60,2025-03-04 00:00:00,2025-05-02 00:00:00,14,2025-02-18 00:00:00,2025-03-03 00:00:00,2025-05-03 00:10:00,2025-05-03 18:00:00,2025-05-03 18:00:00,107,0.0,0
2025-05-04 00:00:00,2025-05-04 06:00:00,M3,6,35,71,8893.121071895059,False,-5659.394538535345,-5507.635567971632,0,60,2025-03-05 00:00:00,2025-05-03 00:00:00,14,2025-02-19 00:00:00,2025-03-04 00:00:00,2025-05-04 00:10:00,2025-05-04 06:00:00,2025-05-04 06:00:00,35,4.547473508864641e-13,0
2025-05-04 00:00:00,2025-05-04 12:00:00,M3,12,71,107,7179.045762820984,True,1166.111184885557,356.352452708844,23,60,2025-03-05 00:00:00,2025-05-03 00:00:00,14,2025-02-19 00:00:00,2025-03-04 00:00:00,2025-05-04 00:10:00,2025-05-04 12:00:00,2025-05-04 12:00:00,71,0.0,0
2025-05-04 00:00:00,2025-05-04 18:00:00,M3,18,107,144,10032.738535391974,True,21211.39921857548,13607.259482485873,14,60,2025-03-05 00:00:00,2025-05-03 00:00:00,14,2025-02-19 00:00:00,2025-03-04 00:00:00,2025-05-04 00:10:00,2025-05-04 18:00:00,2025-05-04 18:00:00,107,2.2737367544323206e-13,0
2025-05-05 00:00:00,2025-05-05 06:00:00,M3,6,35,71,10800.0,False,-3494.4955925820145,-3347.2879686527813,0,60,2025-03-06 00:00:00,2025-05-04 00:00:00,14,2025-02-20 00:00:00,2025-03-05 00:00:00,2025-05-05 00:10:00,2025-05-05 06:00:00,2025-05-05 06:00:00,35,0.0,0
2025-05-05 00:00:00,2025-05-05 12:00:00,M3,12,71,107,6029.2335385617325,True,1545.1840069593813,1069.6416072871505,17,60,2025-03-06 00:00:00,2025-05-04 00:00:00,14,2025-02-20 00:00:00,2025-03-05 00:00:00,2025-05-05 00:10:00,2025-05-05 12:00:00,2025-05-05 12:00:00,71,0.0,0
2025-05-05 00:00:00,2025-05-05 18:00:00,M3,18,107,144,10004.79363604107,True,18615.85739838394,13506.845733955572,17,60,2025-03-06 00:00:00,2025-05-04 00:00:00,14,2025-02-20 00:00:00,2025-03-05 00:00:00,2025-05-05 00:10:00,2025-05-05 18:00:00,2025-05-05 18:00:00,107,4.547473508864641e-13,0
2025-05-06 00:00:00,2025-05-06 06:00:00,M3,6,35,71,6982.186672179012,True,7972.4372770101445,-25.3828397253397,12,60,2025-03-07 00:00:00,2025-05-05 00:00:00,14,2025-02-21 00:00:00,2025-03-06 00:00:00,2025-05-06 00:10:00,2025-05-06 06:00:00,2025-05-06 06:00:00,35,4.547473508864641e-13,0
2025-05-06 00:00:00,2025-05-06 12:00:00,M3,12,71,107,7384.427124799381,False,-517.9180422918532,-213.3249844237632,0,60,2025-03-07 00:00:00,2025-05-05 00:00:00,14,2025-02-21 00:00:00,2025-03-06 00:00:00,2025-05-06 00:10:00,2025-05-06 12:00:00,2025-05-06 12:00:00,71,4.547473508864641e-13,0
2025-05-06 00:00:00,2025-05-06 18:00:00,M3,18,107,144,9921.466180246913,True,19347.446434119247,13148.62469512092,14,60,2025-03-07 00:00:00,2025-05-05 00:00:00,14,2025-02-21 00:00:00,2025-03-06 00:00:00,2025-05-06 00:10:00,2025-05-06 18:00:00,2025-05-06 18:00:00,107,9.094947017729282e-13,0
2025-05-07 00:00:00,2025-05-07 06:00:00,M3,6,35,71,8235.24324124074,True,2021.2969107102847,-581.2185332681513,10,60,2025-03-08 00:00:00,2025-05-06 00:00:00,14,2025-02-22 00:00:00,2025-03-07 00:00:00,2025-05-07 00:10:00,2025-05-07 06:00:00,2025-05-07 06:00:00,35,9.094947017729282e-13,0
2025-05-07 00:00:00,2025-05-07 12:00:00,M3,12,71,107,7437.763266780863,False,630.1983393218597,664.3787372786327,0,60,2025-03-08 00:00:00,2025-05-06 00:00:00,14,2025-02-22 00:00:00,2025-03-07 00:00:00,2025-05-07 00:10:00,2025-05-07 12:00:00,2025-05-07 12:00:00,71,4.547473508864641e-13,0
2025-05-07 00:00:00,2025-05-07 18:00:00,M3,18,107,144,10447.100578024692,True,18029.215354697502,13076.626095646683,14,60,2025-03-08 00:00:00,2025-05-06 00:00:00,14,2025-02-22 00:00:00,2025-03-07 00:00:00,2025-05-07 00:10:00,2025-05-07 18:00:00,2025-05-07 18:00:00,107,9.094947017729282e-13,0
2025-05-08 00:00:00,2025-05-08 06:00:00,M3,6,35,71,10730.6712255,False,-4101.226161022306,-3363.143558334142,0,60,2025-03-09 00:00:00,2025-05-07 00:00:00,14,2025-02-23 00:00:00,2025-03-08 00:00:00,2025-05-08 00:10:00,2025-05-08 06:00:00,2025-05-08 06:00:00,35,4.547473508864641e-13,0
2025-05-08 00:00:00,2025-05-08 12:00:00,M3,12,71,107,7724.598943296295,True,1781.841400365724,1653.1663742071396,23,60,2025-03-09 00:00:00,2025-05-07 00:00:00,14,2025-02-23 00:00:00,2025-03-08 00:00:00,2025-05-08 00:10:00,2025-05-08 12:00:00,2025-05-08 12:00:00,71,0.0,0
2025-05-08 00:00:00,2025-05-08 18:00:00,M3,18,107,144,10732.366423148149,True,15688.54217683479,13983.362879712311,22,60,2025-03-09 00:00:00,2025-05-07 00:00:00,14,2025-02-23 00:00:00,2025-03-08 00:00:00,2025-05-08 00:10:00,2025-05-08 18:00:00,2025-05-08 18:00:00,107,0.0,0
2025-05-09 00:00:00,2025-05-09 06:00:00,M3,6,35,71,2841.836736104938,True,-5034.211778644007,-5230.621258924623,1,60,2025-03-10 00:00:00,2025-05-08 00:00:00,14,2025-02-24 00:00:00,2025-03-09 00:00:00,2025-05-09 00:10:00,2025-05-09 06:00:00,2025-05-09 06:00:00,35,0.0,0
2025-05-09 00:00:00,2025-05-09 12:00:00,M3,12,71,107,10800.0,False,-4429.684187346477,-4294.8439297242,0,60,2025-03-10 00:00:00,2025-05-08 00:00:00,14,2025-02-24 00:00:00,2025-03-09 00:00:00,2025-05-09 00:10:00,2025-05-09 12:00:00,2025-05-09 12:00:00,71,9.094947017729282e-13,0
2025-05-09 00:00:00,2025-05-09 18:00:00,M3,18,107,144,10475.331886419752,True,5107.547202996326,4220.329217593532,6,60,2025-03-10 00:00:00,2025-05-08 00:00:00,14,2025-02-24 00:00:00,2025-03-09 00:00:00,2025-05-09 00:10:00,2025-05-09 18:00:00,2025-05-09 18:00:00,107,0.0,0
2025-05-10 00:00:00,2025-05-10 06:00:00,M3,6,35,71,3118.4331919691354,False,-5449.157404131282,-5449.157404131282,0,60,2025-03-11 00:00:00,2025-05-09 00:00:00,14,2025-02-25 00:00:00,2025-03-10 00:00:00,2025-05-10 00:10:00,2025-05-10 06:00:00,2025-05-10 06:00:00,35,9.094947017729282e-13,0
2025-05-10 00:00:00,2025-05-10 12:00:00,M3,12,71,107,10800.0,False,-4618.1427391451625,-4617.338084563348,0,60,2025-03-11 00:00:00,2025-05-09 00:00:00,14,2025-02-25 00:00:00,2025-03-10 00:00:00,2025-05-10 00:10:00,2025-05-10 12:00:00,2025-05-10 12:00:00,71,1.1368683772161603e-13,0
2025-05-10 00:00:00,2025-05-10 18:00:00,M3,18,107,144,10341.270972753087,True,4394.055567165812,3628.194676952986,6,60,2025-03-11 00:00:00,2025-05-09 00:00:00,14,2025-02-25 00:00:00,2025-03-10 00:00:00,2025-05-10 00:10:00,2025-05-10 18:00:00,2025-05-10 18:00:00,107,4.547473508864641e-13,0
2025-05-11 00:00:00,2025-05-11 06:00:00,M3,6,35,71,9987.09652296605,False,-3285.0010943757334,-3118.925443355695,0,60,2025-03-12 00:00:00,2025-05-10 00:00:00,14,2025-02-26 00:00:00,2025-03-11 00:00:00,2025-05-11 00:10:00,2025-05-11 06:00:00,2025-05-11 06:00:00,35,1.8189894035458565e-12,0
2025-05-11 00:00:00,2025-05-11 12:00:00,M3,12,71,107,6380.996879780864,False,1393.0235610425354,1421.898859426475,0,60,2025-03-12 00:00:00,2025-05-10 00:00:00,14,2025-02-26 00:00:00,2025-03-11 00:00:00,2025-05-11 00:10:00,2025-05-11 12:00:00,2025-05-11 12:00:00,71,2.2737367544323206e-13,0
2025-05-11 00:00:00,2025-05-11 18:00:00,M3,18,107,144,10202.715920722223,True,16967.707256317626,14427.99012122331,19,60,2025-03-12 00:00:00,2025-05-10 00:00:00,14,2025-02-26 00:00:00,2025-03-11 00:00:00,2025-05-11 00:10:00,2025-05-11 18:00:00,2025-05-11 18:00:00,107,9.094947017729282e-13,0
2025-05-12 00:00:00,2025-05-12 06:00:00,M3,6,35,71,6331.486885648148,False,-2876.9860231284447,-2619.824806204848,0,60,2025-03-13 00:00:00,2025-05-11 00:00:00,14,2025-02-27 00:00:00,2025-03-12 00:00:00,2025-05-12 00:10:00,2025-05-12 06:00:00,2025-05-12 06:00:00,35,9.094947017729282e-13,0
2025-05-12 00:00:00,2025-05-12 12:00:00,M3,12,71,107,4759.1667449999995,False,2359.814102207514,3145.057811371624,0,60,2025-03-13 00:00:00,2025-05-11 00:00:00,14,2025-02-27 00:00:00,2025-03-12 00:00:00,2025-05-12 00:10:00,2025-05-12 12:00:00,2025-05-12 12:00:00,71,9.094947017729282e-13,0
2025-05-12 00:00:00,2025-05-12 18:00:00,M3,18,107,144,7849.266790623455,True,30992.642138810646,18126.44603480793,16,60,2025-03-13 00:00:00,2025-05-11 00:00:00,14,2025-02-27 00:00:00,2025-03-12 00:00:00,2025-05-12 00:10:00,2025-05-12 18:00:00,2025-05-12 18:00:00,107,0.0,0
2025-05-13 00:00:00,2025-05-13 06:00:00,M3,6,35,71,10779.442618518518,False,-5433.948842944438,-4464.916700668916,0,60,2025-03-14 00:00:00,2025-05-12 00:00:00,14,2025-02-28 00:00:00,2025-03-13 00:00:00,2025-05-13 00:10:00,2025-05-13 06:00:00,2025-05-13 06:00:00,35,4.547473508864641e-13,0
2025-05-13 00:00:00,2025-05-13 12:00:00,M3,12,71,107,9107.168302104941,True,1215.3246185284927,1051.5647908427625,21,60,2025-03-14 00:00:00,2025-05-12 00:00:00,14,2025-02-28 00:00:00,2025-03-13 00:00:00,2025-05-13 00:10:00,2025-05-13 12:00:00,2025-05-13 12:00:00,71,1.8189894035458565e-12,0
2025-05-13 00:00:00,2025-05-13 18:00:00,M3,18,107,144,10603.07692737963,True,15967.667875734396,14122.11134127775,21,60,2025-03-14 00:00:00,2025-05-12 00:00:00,14,2025-02-28 00:00:00,2025-03-13 00:00:00,2025-05-13 00:10:00,2025-05-13 18:00:00,2025-05-13 18:00:00,107,0.0,0
2025-05-14 00:00:00,2025-05-14 06:00:00,M3,6,35,71,9271.319241845682,False,-2879.3276008055523,-2762.220632310823,0,60,2025-03-15 00:00:00,2025-05-13 00:00:00,14,2025-03-01 00:00:00,2025-03-14 00:00:00,2025-05-14 00:10:00,2025-05-14 06:00:00,2025-05-14 06:00:00,35,9.094947017729282e-13,0
2025-05-14 00:00:00,2025-05-14 12:00:00,M3,12,71,107,5638.595561290131,True,2383.3665300638613,1809.0838849760298,24,60,2025-03-15 00:00:00,2025-05-13 00:00:00,14,2025-03-01 00:00:00,2025-03-14 00:00:00,2025-05-14 00:10:00,2025-05-14 12:00:00,2025-05-14 12:00:00,71,0.0,0
2025-05-14 00:00:00,2025-05-14 18:00:00,M3,18,107,144,9619.425417231487,True,20523.741862800467,15213.455890068164,14,60,2025-03-15 00:00:00,2025-05-13 00:00:00,14,2025-03-01 00:00:00,2025-03-14 00:00:00,2025-05-14 00:10:00,2025-05-14 18:00:00,2025-05-14 18:00:00,107,4.547473508864641e-13,0
2025-05-15 00:00:00,2025-05-15 06:00:00,M3,6,35,71,9725.645343660493,False,-4617.049587555901,-4124.484152259844,0,60,2025-03-16 00:00:00,2025-05-14 00:00:00,14,2025-03-02 00:00:00,2025-03-15 00:00:00,2025-05-15 00:10:00,2025-05-15 06:00:00,2025-05-15 06:00:00,35,4.547473508864641e-13,0
2025-05-15 00:00:00,2025-05-15 12:00:00,M3,12,71,107,6342.1502831049365,False,2013.5344902333297,2053.8191635204334,0,60,2025-03-16 00:00:00,2025-05-14 00:00:00,14,2025-03-02 00:00:00,2025-03-15 00:00:00,2025-05-15 00:10:00,2025-05-15 12:00:00,2025-05-15 12:00:00,71,4.547473508864641e-13,0
2025-05-15 00:00:00,2025-05-15 18:00:00,M3,18,107,144,10800.0,False,14282.889936714593,14491.339963853596,0,60,2025-03-16 00:00:00,2025-05-14 00:00:00,14,2025-03-02 00:00:00,2025-03-15 00:00:00,2025-05-15 00:10:00,2025-05-15 18:00:00,2025-05-15 18:00:00,107,0.0,0
2025-05-16 00:00:00,2025-05-16 06:00:00,M3,6,35,71,2360.009337546296,False,-5114.330703073842,-5114.330703073842,0,60,2025-03-17 00:00:00,2025-05-15 00:00:00,14,2025-03-03 00:00:00,2025-03-16 00:00:00,2025-05-16 00:10:00,2025-05-16 06:00:00,2025-05-16 06:00:00,35,9.094947017729282e-13,0
2025-05-16 00:00:00,2025-05-16 12:00:00,M3,12,71,107,10800.0,True,-4025.295516104777,-4049.709082830194,9,60,2025-03-17 00:00:00,2025-05-15 00:00:00,14,2025-03-03 00:00:00,2025-03-16 00:00:00,2025-05-16 00:10:00,2025-05-16 12:00:00,2025-05-16 12:00:00,71,1.8189894035458565e-12,0
2025-05-16 00:00:00,2025-05-16 18:00:00,M3,18,107,144,10461.170808950617,False,4022.2876057527005,4130.120718200831,0,60,2025-03-17 00:00:00,2025-05-15 00:00:00,14,2025-03-03 00:00:00,2025-03-16 00:00:00,2025-05-16 00:10:00,2025-05-16 18:00:00,2025-05-16 18:00:00,107,0.0,0
2025-05-17 00:00:00,2025-05-17 06:00:00,M3,6,35,71,2006.1400933086406,True,-4781.255558116253,-5051.246635135687,5,60,2025-03-18 00:00:00,2025-05-16 00:00:00,14,2025-03-04 00:00:00,2025-03-17 00:00:00,2025-05-17 00:10:00,2025-05-17 06:00:00,2025-05-17 06:00:00,35,0.0,0
2025-05-17 00:00:00,2025-05-17 12:00:00,M3,12,71,107,10800.0,True,-4362.971829368364,-4381.098080363571,9,60,2025-03-18 00:00:00,2025-05-16 00:00:00,14,2025-03-04 00:00:00,2025-03-17 00:00:00,2025-05-17 00:10:00,2025-05-17 12:00:00,2025-05-17 12:00:00,71,9.094947017729282e-13,0
2025-05-17 00:00:00,2025-05-17 18:00:00,M3,18,107,144,10735.857194820988,False,3824.9086293279283,3920.068556898114,0,60,2025-03-18 00:00:00,2025-05-16 00:00:00,14,2025-03-04 00:00:00,2025-03-17 00:00:00,2025-05-17 00:10:00,2025-05-17 18:00:00,2025-05-17 18:00:00,107,9.094947017729282e-13,0
2025-05-18 00:00:00,2025-05-18 06:00:00,M3,6,35,71,10623.302750191355,False,-3936.793349618337,-3145.031280841997,0,60,2025-03-19 00:00:00,2025-05-17 00:00:00,14,2025-03-05 00:00:00,2025-03-18 00:00:00,2025-05-18 00:10:00,2025-05-18 06:00:00,2025-05-18 06:00:00,35,0.0,0
2025-05-18 00:00:00,2025-05-18 12:00:00,M3,12,71,107,8582.31989826543,True,1938.5544417163906,1074.2883672424714,21,60,2025-03-19 00:00:00,2025-05-17 00:00:00,14,2025-03-05 00:00:00,2025-03-18 00:00:00,2025-05-18 00:10:00,2025-05-18 12:00:00,2025-05-18 12:00:00,71,9.094947017729282e-13,0
2025-05-18 00:00:00,2025-05-18 18:00:00,M3,18,107,144,10534.57956895679,False,13143.902403999939,13242.380301286137,0,60,2025-03-19 00:00:00,2025-05-17 00:00:00,14,2025-03-05 00:00:00,2025-03-18 00:00:00,2025-05-18 00:10:00,2025-05-18 18:00:00,2025-05-18 18:00:00,107,2.2737367544323206e-13,0
2025-05-19 00:00:00,2025-05-19 06:00:00,M3,6,35,71,10799.196886419753,False,-5053.614485675993,-4890.719275176774,0,60,2025-03-20 00:00:00,2025-05-18 00:00:00,14,2025-03-06 00:00:00,2025-03-19 00:00:00,2025-05-19 00:10:00,2025-05-19 06:00:00,2025-05-19 06:00:00,35,1.8189894035458565e-12,0
2025-05-19 00:00:00,2025-05-19 12:00:00,M3,12,71,107,8916.960022901236,False,-97.90029680981479,-85.98722323907532,0,60,2025-03-20 00:00:00,2025-05-18 00:00:00,14,2025-03-06 00:00:00,2025-03-19 00:00:00,2025-05-19 00:10:00,2025-05-19 12:00:00,2025-05-19 12:00:00,71,9.094947017729282e-13,0
2025-05-19 00:00:00,2025-05-19 18:00:00,M3,18,107,144,10800.0,True,12937.57258012938,12932.769995543687,17,60,2025-03-20 00:00:00,2025-05-18 00:00:00,14,2025-03-06 00:00:00,2025-03-19 00:00:00,2025-05-19 00:10:00,2025-05-19 18:00:00,2025-05-19 18:00:00,107,4.547473508864641e-13,0
2025-05-20 00:00:00,2025-05-20 06:00:00,M3,6,35,71,10200.813685185185,False,-4795.727876461453,-4624.120333913955,0,60,2025-03-21 00:00:00,2025-05-19 00:00:00,14,2025-03-07 00:00:00,2025-03-20 00:00:00,2025-05-20 00:10:00,2025-05-20 06:00:00,2025-05-20 06:00:00,35,4.547473508864641e-13,0
2025-05-20 00:00:00,2025-05-20 12:00:00,M3,12,71,107,7019.208368703705,False,745.0454884671784,937.7664250150254,0,60,2025-03-21 00:00:00,2025-05-19 00:00:00,14,2025-03-07 00:00:00,2025-03-20 00:00:00,2025-05-20 00:10:00,2025-05-20 12:00:00,2025-05-20 12:00:00,71,2.2737367544323206e-13,0
2025-05-20 00:00:00,2025-05-20 18:00:00,M3,18,107,144,9103.966790277773,True,16202.560115294735,14501.4838268152,12,60,2025-03-21 00:00:00,2025-05-19 00:00:00,14,2025-03-07 00:00:00,2025-03-20 00:00:00,2025-05-20 00:10:00,2025-05-20 18:00:00,2025-05-20 18:00:00,107,2.2737367544323206e-13,0
2025-05-21 00:00:00,2025-05-21 06:00:00,M3,6,35,71,6515.097818842592,True,2498.3748594307394,207.52576145290075,11,60,2025-03-22 00:00:00,2025-05-20 00:00:00,14,2025-03-08 00:00:00,2025-03-21 00:00:00,2025-05-21 00:10:00,2025-05-21 06:00:00,2025-05-21 06:00:00,35,9.094947017729282e-13,0
2025-05-21 00:00:00,2025-05-21 12:00:00,M3,12,71,107,7195.836212941359,False,539.3346507078498,655.6552259963049,0,60,2025-03-22 00:00:00,2025-05-20 00:00:00,14,2025-03-08 00:00:00,2025-03-21 00:00:00,2025-05-21 00:10:00,2025-05-21 12:00:00,2025-05-21 12:00:00,71,1.8189894035458565e-12,0
2025-05-21 00:00:00,2025-05-21 18:00:00,M3,18,107,144,9911.98747081481,False,12930.24056552611,12979.822677797605,0,60,2025-03-22 00:00:00,2025-05-20 00:00:00,14,2025-03-08 00:00:00,2025-03-21 00:00:00,2025-05-21 00:10:00,2025-05-21 18:00:00,2025-05-21 18:00:00,107,0.0,0
2025-05-22 00:00:00,2025-05-22 06:00:00,M3,6,35,71,8690.314416351852,False,-3370.191598328842,-3362.098623097573,0,60,2025-03-23 00:00:00,2025-05-21 00:00:00,14,2025-03-09 00:00:00,2025-03-22 00:00:00,2025-05-22 00:10:00,2025-05-22 06:00:00,2025-05-22 06:00:00,35,0.0,0
2025-05-22 00:00:00,2025-05-22 12:00:00,M3,12,71,107,5913.5929073703755,False,627.7682050725867,682.2794770149023,0,60,2025-03-23 00:00:00,2025-05-21 00:00:00,14,2025-03-09 00:00:00,2025-03-22 00:00:00,2025-05-22 00:10:00,2025-05-22 12:00:00,2025-05-22 12:00:00,71,9.094947017729282e-13,0
2025-05-22 00:00:00,2025-05-22 18:00:00,M3,18,107,144,10591.711739537046,False,13274.622092031079,13352.721996331768,0,60,2025-03-23 00:00:00,2025-05-21 00:00:00,14,2025-03-09 00:00:00,2025-03-22 00:00:00,2025-05-22 00:10:00,2025-05-22 18:00:00,2025-05-22 18:00:00,107,4.547473508864641e-13,0
2025-05-23 00:00:00,2025-05-23 06:00:00,M3,6,35,71,2285.0997728395078,False,-5140.366313327817,-5140.366313327817,0,60,2025-03-24 00:00:00,2025-05-22 00:00:00,14,2025-03-10 00:00:00,2025-03-23 00:00:00,2025-05-23 00:10:00,2025-05-23 06:00:00,2025-05-23 06:00:00,35,0.0,0
2025-05-23 00:00:00,2025-05-23 12:00:00,M3,12,71,107,10800.0,False,-4196.3661680528985,-4102.385470962106,0,60,2025-03-24 00:00:00,2025-05-22 00:00:00,14,2025-03-10 00:00:00,2025-03-23 00:00:00,2025-05-23 00:10:00,2025-05-23 12:00:00,2025-05-23 12:00:00,71,9.094947017729282e-13,0
2025-05-23 00:00:00,2025-05-23 18:00:00,M3,18,107,144,10772.382789506173,False,3922.40261048646,3936.9835696993214,0,60,2025-03-24 00:00:00,2025-05-22 00:00:00,14,2025-03-10 00:00:00,2025-03-23 00:00:00,2025-05-23 00:10:00,2025-05-23 18:00:00,2025-05-23 18:00:00,107,1.4210854715202004e-14,0
2025-05-24 00:00:00,2025-05-24 06:00:00,M3,6,35,71,1999.022110314815,True,-4560.626106299879,-4624.966404436519,1,60,2025-03-25 00:00:00,2025-05-23 00:00:00,14,2025-03-11 00:00:00,2025-03-24 00:00:00,2025-05-24 00:10:00,2025-05-24 06:00:00,2025-05-24 06:00:00,35,9.094947017729282e-13,0
2025-05-24 00:00:00,2025-05-24 12:00:00,M3,12,71,107,10800.0,True,-4011.026797471683,-4074.3497937744246,9,60,2025-03-25 00:00:00,2025-05-23 00:00:00,14,2025-03-11 00:00:00,2025-03-24 00:00:00,2025-05-24 00:10:00,2025-05-24 12:00:00,2025-05-24 12:00:00,71,1.1368683772161603e-13,0
2025-05-24 00:00:00,2025-05-24 18:00:00,M3,18,107,144,10793.17118025,True,4339.642310038332,3906.8410910907164,18,60,2025-03-25 00:00:00,2025-05-23 00:00:00,14,2025-03-11 00:00:00,2025-03-24 00:00:00,2025-05-24 00:10:00,2025-05-24 18:00:00,2025-05-24 18:00:00,107,0.0,0
2025-05-25 00:00:00,2025-05-25 06:00:00,M3,6,35,71,10785.845601851852,False,-5188.741838612741,-5143.993790005434,0,60,2025-03-26 00:00:00,2025-05-24 00:00:00,14,2025-03-12 00:00:00,2025-03-25 00:00:00,2025-05-25 00:10:00,2025-05-25 06:00:00,2025-05-25 06:00:00,35,1.8189894035458565e-12,0
2025-05-25 00:00:00,2025-05-25 12:00:00,M3,12,71,107,9272.661082987654,False,-287.47301082208236,-4.13922792985386,0,60,2025-03-26 00:00:00,2025-05-24 00:00:00,14,2025-03-12 00:00:00,2025-03-25 00:00:00,2025-05-25 00:10:00,2025-05-25 12:00:00,2025-05-25 12:00:00,71,9.094947017729282e-13,0
2025-05-25 00:00:00,2025-05-25 18:00:00,M3,18,107,144,10602.38681859259,False,13391.603192231752,13481.768550079361,0,60,2025-03-26 00:00:00,2025-05-24 00:00:00,14,2025-03-12 00:00:00,2025-03-25 00:00:00,2025-05-25 00:10:00,2025-05-25 18:00:00,2025-05-25 18:00:00,107,1.8189894035458565e-12,0
2025-05-26 00:00:00,2025-05-26 06:00:00,M3,6,35,71,7814.216424299382,True,6652.544082185482,1738.197921698984,8,60,2025-03-27 00:00:00,2025-05-25 00:00:00,14,2025-03-13 00:00:00,2025-03-26 00:00:00,2025-05-26 00:10:00,2025-05-26 06:00:00,2025-05-26 06:00:00,35,9.094947017729282e-13,0
2025-05-26 00:00:00,2025-05-26 12:00:00,M3,12,71,107,6591.777592521606,True,252.67386136118253,202.07763332988003,8,60,2025-03-27 00:00:00,2025-05-25 00:00:00,14,2025-03-13 00:00:00,2025-03-26 00:00:00,2025-05-26 00:10:00,2025-05-26 12:00:00,2025-05-26 12:00:00,71,4.547473508864641e-13,0
2025-05-26 00:00:00,2025-05-26 18:00:00,M3,18,107,144,10759.40151432099,False,13026.798447214092,13102.559600328275,0,60,2025-03-27 00:00:00,2025-05-25 00:00:00,14,2025-03-13 00:00:00,2025-03-26 00:00:00,2025-05-26 00:10:00,2025-05-26 18:00:00,2025-05-26 18:00:00,107,4.547473508864641e-13,0
2025-05-27 00:00:00,2025-05-27 06:00:00,M3,6,35,71,6067.717198373457,True,507.30818640682537,-866.2793432987935,12,60,2025-03-28 00:00:00,2025-05-26 00:00:00,14,2025-03-14 00:00:00,2025-03-27 00:00:00,2025-05-27 00:10:00,2025-05-27 06:00:00,2025-05-27 06:00:00,35,9.094947017729282e-13,0
2025-05-27 00:00:00,2025-05-27 12:00:00,M3,12,71,107,8193.264707845681,False,-700.6751235724795,-655.051162862063,0,60,2025-03-28 00:00:00,2025-05-26 00:00:00,14,2025-03-14 00:00:00,2025-03-27 00:00:00,2025-05-27 00:10:00,2025-05-27 12:00:00,2025-05-27 12:00:00,71,1.8189894035458565e-12,0
2025-05-27 00:00:00,2025-05-27 18:00:00,M3,18,107,144,10800.0,False,12407.290670409788,12411.86666576335,0,60,2025-03-28 00:00:00,2025-05-26 00:00:00,14,2025-03-14 00:00:00,2025-03-27 00:00:00,2025-05-27 00:10:00,2025-05-27 18:00:00,2025-05-27 18:00:00,107,4.547473508864641e-13,0
2025-05-28 00:00:00,2025-05-28 06:00:00,M3,6,35,71,10615.298026888895,False,-2871.6409256641055,-2631.224173817175,0,60,2025-03-29 00:00:00,2025-05-27 00:00:00,14,2025-03-15 00:00:00,2025-03-28 00:00:00,2025-05-28 00:10:00,2025-05-28 06:00:00,2025-05-28 06:00:00,35,0.0,0
2025-05-28 00:00:00,2025-05-28 12:00:00,M3,12,71,107,5781.025136888893,True,657.937308779222,137.85391824779012,7,60,2025-03-29 00:00:00,2025-05-27 00:00:00,14,2025-03-15 00:00:00,2025-03-28 00:00:00,2025-05-28 00:10:00,2025-05-28 12:00:00,2025-05-28 12:00:00,71,4.547473508864641e-13,0
2025-05-28 00:00:00,2025-05-28 18:00:00,M3,18,107,144,10699.345096913583,False,13245.049955214574,13319.118001666722,0,60,2025-03-29 00:00:00,2025-05-27 00:00:00,14,2025-03-15 00:00:00,2025-03-28 00:00:00,2025-05-28 00:10:00,2025-05-28 18:00:00,2025-05-28 18:00:00,107,4.547473508864641e-13,0
2025-05-29 00:00:00,2025-05-29 06:00:00,M3,6,35,71,10601.966269496916,False,-1832.2077456198,-1186.2327280629995,0,60,2025-03-30 00:00:00,2025-05-28 00:00:00,14,2025-03-16 00:00:00,2025-03-29 00:00:00,2025-05-29 00:10:00,2025-05-29 06:00:00,2025-05-29 06:00:00,35,4.547473508864641e-13,0
2025-05-29 00:00:00,2025-05-29 12:00:00,M3,12,71,107,5723.575422145068,True,-155.8379852374222,-208.53378848745888,9,60,2025-03-30 00:00:00,2025-05-28 00:00:00,14,2025-03-16 00:00:00,2025-03-29 00:00:00,2025-05-29 00:10:00,2025-05-29 12:00:00,2025-05-29 12:00:00,71,9.094947017729282e-13,0
2025-05-29 00:00:00,2025-05-29 18:00:00,M3,18,107,144,9808.404806429015,True,16806.975287348214,15299.079713992445,12,60,2025-03-30 00:00:00,2025-05-28 00:00:00,14,2025-03-16 00:00:00,2025-03-29 00:00:00,2025-05-29 00:10:00,2025-05-29 18:00:00,2025-05-29 18:00:00,107,9.094947017729282e-13,0
2025-05-30 00:00:00,2025-05-30 06:00:00,M3,6,35,71,2502.1822725786105,False,-5189.508000000001,-5189.508000000001,0,60,2025-03-31 00:00:00,2025-05-29 00:00:00,14,2025-03-17 00:00:00,2025-03-30 00:00:00,2025-05-30 00:10:00,2025-05-30 06:00:00,2025-05-30 06:00:00,35,9.094947017729282e-13,0
2025-05-30 00:00:00,2025-05-30 12:00:00,M3,12,71,107,10800.0,False,-4277.598530510003,-4250.136186733364,0,60,2025-03-31 00:00:00,2025-05-29 00:00:00,14,2025-03-17 00:00:00,2025-03-30 00:00:00,2025-05-30 00:10:00,2025-05-30 12:00:00,2025-05-30 12:00:00,71,4.547473508864641e-13,0
2025-05-30 00:00:00,2025-05-30 18:00:00,M3,18,107,144,10687.168922549381,False,3991.1922851413683,4002.7680373712096,0,60,2025-03-31 00:00:00,2025-05-29 00:00:00,14,2025-03-17 00:00:00,2025-03-30 00:00:00,2025-05-30 00:10:00,2025-05-30 18:00:00,2025-05-30 18:00:00,107,0.0,0
2025-05-31 00:00:00,2025-05-31 06:00:00,M3,6,35,71,3075.362535067902,False,-4798.042673443947,-4798.042673443947,0,60,2025-04-01 00:00:00,2025-05-30 00:00:00,14,2025-03-18 00:00:00,2025-03-31 00:00:00,2025-05-31 00:10:00,2025-05-31 06:00:00,2025-05-31 06:00:00,35,2.842170943040401e-14,0
2025-05-31 00:00:00,2025-05-31 12:00:00,M3,12,71,107,10800.0,True,-3361.015179719557,-3705.886103143176,12,60,2025-04-01 00:00:00,2025-05-30 00:00:00,14,2025-03-18 00:00:00,2025-03-31 00:00:00,2025-05-31 00:10:00,2025-05-31 12:00:00,2025-05-31 12:00:00,71,1.1368683772161603e-13,0
2025-05-31 00:00:00,2025-05-31 18:00:00,M3,18,107,144,10800.0,True,4449.242055521357,4032.80607159494,20,60,2025-04-01 00:00:00,2025-05-30 00:00:00,14,2025-03-18 00:00:00,2025-03-31 00:00:00,2025-05-31 00:10:00,2025-05-31 18:00:00,2025-05-31 18:00:00,107,0.0,0
2025-06-01 00:00:00,2025-06-01 06:00:00,M3,6,35,71,9268.076262111112,True,5492.205748765712,2161.7233690137105,12,60,2025-04-02 00:00:00,2025-05-31 00:00:00,14,2025-03-19 00:00:00,2025-04-01 00:00:00,2025-06-01 00:10:00,2025-06-01 06:00:00,2025-06-01 06:00:00,35,2.842170943040401e-14,0
2025-06-01 00:00:00,2025-06-01 12:00:00,M3,12,71,107,5365.901987225302,True,5938.4675504128845,4827.891701468478,25,60,2025-04-02 00:00:00,2025-05-31 00:00:00,14,2025-03-19 00:00:00,2025-04-01 00:00:00,2025-06-01 00:10:00,2025-06-01 12:00:00,2025-06-01 12:00:00,71,1.8189894035458565e-12,0
2025-06-01 00:00:00,2025-06-01 18:00:00,M3,18,107,144,8226.803944817902,True,37630.5609183901,21614.251528118333,24,60,2025-04-02 00:00:00,2025-05-31 00:00:00,14,2025-03-19 00:00:00,2025-04-01 00:00:00,2025-06-01 00:10:00,2025-06-01 18:00:00,2025-06-01 18:00:00,107,2.2737367544323206e-13,0
2025-06-02 00:00:00,2025-06-02 06:00:00,M3,6,35,71,9262.331222962965,False,-1530.8705236385351,-418.88059159475245,0,60,2025-04-03 00:00:00,2025-06-01 00:00:00,14,2025-03-20 00:00:00,2025-04-02 00:00:00,2025-06-02 00:10:00,2025-06-02 06:00:00,2025-06-02 06:00:00,35,4.547473508864641e-13,0
2025-06-02 00:00:00,2025-06-02 12:00:00,M3,12,71,107,7449.740837185187,True,6414.828411662519,4840.437920156519,23,60,2025-04-03 00:00:00,2025-06-01 00:00:00,14,2025-03-20 00:00:00,2025-04-02 00:00:00,2025-06-02 00:10:00,2025-06-02 12:00:00,2025-06-02 12:00:00,71,2.2737367544323206e-13,0
2025-06-02 00:00:00,2025-06-02 18:00:00,M3,18,107,144,8781.42845357743,True,36023.91951259113,20996.786622675045,30,60,2025-04-03 00:00:00,2025-06-01 00:00:00,14,2025-03-20 00:00:00,2025-04-02 00:00:00,2025-06-02 00:10:00,2025-06-02 18:00:00,2025-06-02 18:00:00,107,2.2737367544323206e-13,0
2025-06-03 00:00:00,2025-06-03 06:00:00,M3,6,35,71,9442.800187771601,True,4410.638571416987,1532.3196380370414,11,60,2025-04-04 00:00:00,2025-06-02 00:00:00,14,2025-03-21 00:00:00,2025-04-03 00:00:00,2025-06-03 00:10:00,2025-06-03 06:00:00,2025-06-03 06:00:00,35,4.547473508864641e-13,0
2025-06-03 00:00:00,2025-06-03 12:00:00,M3,12,71,107,8108.6299966851875,True,2121.2761143042153,1607.059943759426,20,60,2025-04-04 00:00:00,2025-06-02 00:00:00,14,2025-03-21 00:00:00,2025-04-03 00:00:00,2025-06-03 00:10:00,2025-06-03 12:00:00,2025-06-03 12:00:00,71,4.547473508864641e-13,0
2025-06-03 00:00:00,2025-06-03 18:00:00,M3,18,107,144,8721.225294191352,True,40511.71815102553,23089.738951724747,25,60,2025-04-04 00:00:00,2025-06-02 00:00:00,14,2025-03-21 00:00:00,2025-04-03 00:00:00,2025-06-03 00:10:00,2025-06-03 18:00:00,2025-06-03 18:00:00,107,2.2737367544323206e-13,0
2025-06-04 00:00:00,2025-06-04 06:00:00,M3,6,35,71,8720.993697978396,False,661.4605785245211,2228.1150083984853,0,60,2025-04-05 00:00:00,2025-06-03 00:00:00,14,2025-03-22 00:00:00,2025-04-04 00:00:00,2025-06-04 00:10:00,2025-06-04 06:00:00,2025-06-04 06:00:00,35,4.547473508864641e-13,0
2025-06-04 00:00:00,2025-06-04 12:00:00,M3,12,71,107,8289.820417496916,True,7596.585022576246,5312.784464828069,26,60,2025-04-05 00:00:00,2025-06-03 00:00:00,14,2025-03-22 00:00:00,2025-04-04 00:00:00,2025-06-04 00:10:00,2025-06-04 12:00:00,2025-06-04 12:00:00,71,0.0,0
2025-06-04 00:00:00,2025-06-04 18:00:00,M3,18,107,144,10020.688083046296,True,25697.16874995243,18180.92484405108,27,60,2025-04-05 00:00:00,2025-06-03 00:00:00,14,2025-03-22 00:00:00,2025-04-04 00:00:00,2025-06-04 00:10:00,2025-06-04 18:00:00,2025-06-04 18:00:00,107,2.2737367544323206e-13,0
2025-06-05 00:00:00,2025-06-05 06:00:00,M3,6,35,71,9047.047540506172,True,8856.584043494431,1862.2012560939959,13,60,2025-04-06 00:00:00,2025-06-04 00:00:00,14,2025-03-23 00:00:00,2025-04-05 00:00:00,2025-06-05 00:10:00,2025-06-05 06:00:00,2025-06-05 06:00:00,35,9.094947017729282e-13,0
2025-06-05 00:00:00,2025-06-05 12:00:00,M3,12,71,107,7616.070598703704,False,3384.870602345715,3764.5607409131467,0,60,2025-04-06 00:00:00,2025-06-04 00:00:00,14,2025-03-23 00:00:00,2025-04-05 00:00:00,2025-06-05 00:10:00,2025-06-05 12:00:00,2025-06-05 12:00:00,71,9.094947017729282e-13,0
2025-06-05 00:00:00,2025-06-05 18:00:00,M3,18,107,144,7490.081071555554,True,46703.4367401344,24266.47105643882,37,60,2025-04-06 00:00:00,2025-06-04 00:00:00,14,2025-03-23 00:00:00,2025-04-05 00:00:00,2025-06-05 00:10:00,2025-06-05 18:00:00,2025-06-05 18:00:00,107,2.2737367544323206e-13,0
2025-06-06 00:00:00,2025-06-06 06:00:00,M3,6,35,71,3070.2909791728393,True,-3860.063277190947,-4036.031953381983,4,60,2025-04-07 00:00:00,2025-06-05 00:00:00,14,2025-03-24 00:00:00,2025-04-06 00:00:00,2025-06-06 00:10:00,2025-06-06 06:00:00,2025-06-06 06:00:00,35,9.094947017729282e-13,0
2025-06-06 00:00:00,2025-06-06 12:00:00,M3,12,71,107,8607.108040799383,True,-3049.5806539012774,-3335.3559363228255,14,60,2025-04-07 00:00:00,2025-06-05 00:00:00,14,2025-03-24 00:00:00,2025-04-06 00:00:00,2025-06-06 00:10:00,2025-06-06 12:00:00,2025-06-06 12:00:00,71,1.1368683772161603e-13,0
2025-06-06 00:00:00,2025-06-06 18:00:00,M3,18,107,144,8384.787351234567,True,28866.38579313297,12125.147285908499,25,60,2025-04-07 00:00:00,2025-06-05 00:00:00,14,2025-03-24 00:00:00,2025-04-06 00:00:00,2025-06-06 00:10:00,2025-06-06 18:00:00,2025-06-06 18:00:00,107,9.094947017729282e-13,0
2025-06-07 00:00:00,2025-06-07 06:00:00,M3,6,35,71,2236.3629299938293,True,-2097.368098791489,-2405.565432585798,13,60,2025-04-08 00:00:00,2025-06-06 00:00:00,14,2025-03-25 00:00:00,2025-04-07 00:00:00,2025-06-07 00:10:00,2025-06-07 06:00:00,2025-06-07 06:00:00,35,9.094947017729282e-13,0
2025-06-07 00:00:00,2025-06-07 12:00:00,M3,12,71,107,6434.562794999999,False,-3643.0924071987138,-3552.424242471471,0,60,2025-04-08 00:00:00,2025-06-06 00:00:00,14,2025-03-25 00:00:00,2025-04-07 00:00:00,2025-06-07 00:10:00,2025-06-07 12:00:00,2025-06-07 12:00:00,71,0.0,0
2025-06-07 00:00:00,2025-06-07 18:00:00,M3,18,107,144,9653.487241358023,True,22825.149595294068,10143.62260537123,16,60,2025-04-08 00:00:00,2025-06-06 00:00:00,14,2025-03-25 00:00:00,2025-04-07 00:00:00,2025-06-07 00:10:00,2025-06-07 18:00:00,2025-06-07 18:00:00,107,0.0,0
2025-06-08 00:00:00,2025-06-08 06:00:00,M3,6,35,71,10712.192501796295,False,-4097.49592415022,-3146.51321334534,0,60,2025-04-09 00:00:00,2025-06-07 00:00:00,14,2025-03-26 00:00:00,2025-04-08 00:00:00,2025-06-08 00:10:00,2025-06-08 06:00:00,2025-06-08 06:00:00,35,9.094947017729282e-13,0
2025-06-08 00:00:00,2025-06-08 12:00:00,M3,12,71,107,10800.0,True,3022.0538835638513,2651.3720012747876,8,60,2025-04-09 00:00:00,2025-06-07 00:00:00,14,2025-03-26 00:00:00,2025-04-08 00:00:00,2025-06-08 00:10:00,2025-06-08 12:00:00,2025-06-08 12:00:00,71,1.8189894035458565e-12,0
2025-06-08 00:00:00,2025-06-08 18:00:00,M3,18,107,144,9696.948152987658,True,32994.29596577871,22588.945584487818,37,60,2025-04-09 00:00:00,2025-06-07 00:00:00,14,2025-03-26 00:00:00,2025-04-08 00:00:00,2025-06-08 00:10:00,2025-06-08 18:00:00,2025-06-08 18:00:00,107,2.2737367544323206e-13,0
2025-06-09 00:00:00,2025-06-09 06:00:00,M3,6,35,71,10077.173671342593,False,-2042.7864721975598,-938.7028256374532,0,60,2025-04-10 00:00:00,2025-06-08 00:00:00,14,2025-03-27 00:00:00,2025-04-09 00:00:00,2025-06-09 00:10:00,2025-06-09 06:00:00,2025-06-09 06:00:00,35,9.094947017729282e-13,0
2025-06-09 00:00:00,2025-06-09 12:00:00,M3,12,71,107,8402.129609638892,True,7639.078094444288,6398.043939348519,24,60,2025-04-10 00:00:00,2025-06-08 00:00:00,14,2025-03-27 00:00:00,2025-04-09 00:00:00,2025-06-09 00:10:00,2025-06-09 12:00:00,2025-06-09 12:00:00,71,0.0,0
2025-06-09 00:00:00,2025-06-09 18:00:00,M3,18,107,144,10071.102792790123,True,23127.07329894778,19334.83707418916,27,60,2025-04-10 00:00:00,2025-06-08 00:00:00,14,2025-03-27 00:00:00,2025-04-09 00:00:00,2025-06-09 00:10:00,2025-06-09 18:00:00,2025-06-09 18:00:00,107,2.2737367544323206e-13,0
2025-06-10 00:00:00,2025-06-10 06:00:00,M3,6,35,71,10281.517095685187,False,-1345.206508902096,-1334.0496319810416,0,60,2025-04-11 00:00:00,2025-06-09 00:00:00,14,2025-03-28 00:00:00,2025-04-10 00:00:00,2025-06-10 00:10:00,2025-06-10 06:00:00,2025-06-10 06:00:00,35,4.547473508864641e-13,0
2025-06-10 00:00:00,2025-06-10 12:00:00,M3,12,71,107,5565.255792351854,False,6618.373491759242,7708.948092284694,0,60,2025-04-11 00:00:00,2025-06-09 00:00:00,14,2025-03-28 00:00:00,2025-04-10 00:00:00,2025-06-10 00:10:00,2025-06-10 12:00:00,2025-06-10 12:00:00,71,9.094947017729282e-13,0
2025-06-10 00:00:00,2025-06-10 18:00:00,M3,18,107,144,8830.31906508642,True,30544.458576126173,21261.14512578047,27,60,2025-04-11 00:00:00,2025-06-09 00:00:00,14,2025-03-28 00:00:00,2025-04-10 00:00:00,2025-06-10 00:10:00,2025-06-10 18:00:00,2025-06-10 18:00:00,107,4.547473508864641e-13,0
2025-06-11 00:00:00,2025-06-11 06:00:00,M3,6,35,71,10684.513251777777,True,1965.396266916344,573.5409370871591,8,60,2025-04-12 00:00:00,2025-06-10 00:00:00,14,2025-03-29 00:00:00,2025-04-11 00:00:00,2025-06-11 00:10:00,2025-06-11 06:00:00,2025-06-11 06:00:00,35,1.8189894035458565e-12,0
2025-06-11 00:00:00,2025-06-11 12:00:00,M3,12,71,107,4894.239238507526,False,9013.676078822007,9079.714561750561,0,60,2025-04-12 00:00:00,2025-06-10 00:00:00,14,2025-03-29 00:00:00,2025-04-11 00:00:00,2025-06-11 00:10:00,2025-06-11 12:00:00,2025-06-11 12:00:00,71,9.094947017729282e-13,0
2025-06-11 00:00:00,2025-06-11 18:00:00,M3,18,107,144,9914.657991328513,True,25320.862547881312,20150.572824776486,36,60,2025-04-12 00:00:00,2025-06-10 00:00:00,14,2025-03-29 00:00:00,2025-04-11 00:00:00,2025-06-11 00:10:00,2025-06-11 18:00:00,2025-06-11 18:00:00,107,2.2737367544323206e-13,0
2025-06-12 00:00:00,2025-06-12 06:00:00,M3,6,35,71,10740.257119722222,False,-2731.6792198891926,-2233.1371979319633,0,60,2025-04-13 00:00:00,2025-06-11 00:00:00,14,2025-03-30 00:00:00,2025-04-12 00:00:00,2025-06-12 00:10:00,2025-06-12 06:00:00,2025-06-12 06:00:00,35,9.094947017729282e-13,0
2025-06-12 00:00:00,2025-06-12 12:00:00,M3,12,71,107,7792.911015191355,True,7269.046340448259,6901.010582707675,10,60,2025-04-13 00:00:00,2025-06-11 00:00:00,14,2025-03-30 00:00:00,2025-04-12 00:00:00,2025-06-12 00:10:00,2025-06-12 12:00:00,2025-06-12 12:00:00,71,9.094947017729282e-13,0
2025-06-12 00:00:00,2025-06-12 18:00:00,M3,18,107,144,9613.31313829321,True,23293.879530656057,19606.28776770906,19,60,2025-04-13 00:00:00,2025-06-11 00:00:00,14,2025-03-30 00:00:00,2025-04-12 00:00:00,2025-06-12 00:10:00,2025-06-12 18:00:00,2025-06-12 18:00:00,107,9.094947017729282e-13,0
2025-06-13 00:00:00,2025-06-13 06:00:00,M3,6,35,71,3493.4217930030877,True,-3730.738791567191,-3791.6229670037633,2,60,2025-04-14 00:00:00,2025-06-12 00:00:00,14,2025-03-31 00:00:00,2025-04-13 00:00:00,2025-06-13 00:10:00,2025-06-13 06:00:00,2025-06-13 06:00:00,35,9.094947017729282e-13,0
2025-06-13 00:00:00,2025-06-13 12:00:00,M3,12,71,107,7233.930006635804,False,-3870.062795202495,-3837.6684583659085,0,60,2025-04-14 00:00:00,2025-06-12 00:00:00,14,2025-03-31 00:00:00,2025-04-13 00:00:00,2025-06-13 00:10:00,2025-06-13 12:00:00,2025-06-13 12:00:00,71,2.2737367544323206e-13,0
2025-06-13 00:00:00,2025-06-13 18:00:00,M3,18,107,144,10482.283070987654,True,10814.608662111757,8306.58045921098,22,60,2025-04-14 00:00:00,2025-06-12 00:00:00,14,2025-03-31 00:00:00,2025-04-13 00:00:00,2025-06-13 00:10:00,2025-06-13 18:00:00,2025-06-13 18:00:00,107,0.0,0
2025-06-14 00:00:00,2025-06-14 06:00:00,M3,6,35,71,2902.645601425926,False,-5614.468780607067,-5614.468780607067,0,60,2025-04-15 00:00:00,2025-06-13 00:00:00,14,2025-04-01 00:00:00,2025-04-14 00:00:00,2025-06-14 00:10:00,2025-06-14 06:00:00,2025-06-14 06:00:00,35,2.2737367544323206e-13,0
2025-06-14 00:00:00,2025-06-14 12:00:00,M3,12,71,107,9559.764589574077,True,-3784.9885011259453,-4118.93612334383,14,60,2025-04-15 00:00:00,2025-06-13 00:00:00,14,2025-04-01 00:00:00,2025-04-14 00:00:00,2025-06-14 00:10:00,2025-06-14 12:00:00,2025-06-14 12:00:00,71,5.684341886080802e-14,0
2025-06-14 00:00:00,2025-06-14 18:00:00,M3,18,107,144,9606.006515725308,True,15729.822901053882,9655.753668421927,14,60,2025-04-15 00:00:00,2025-06-13 00:00:00,14,2025-04-01 00:00:00,2025-04-14 00:00:00,2025-06-14 00:10:00,2025-06-14 18:00:00,2025-06-14 18:00:00,107,0.0,0
2025-06-15 00:00:00,2025-06-15 06:00:00,M3,6,35,71,10800.0,False,-1844.612006884116,-1075.8947835158867,0,60,2025-04-16 00:00:00,2025-06-14 00:00:00,14,2025-04-02 00:00:00,2025-04-15 00:00:00,2025-06-15 00:10:00,2025-06-15 06:00:00,2025-06-15 06:00:00,35,9.094947017729282e-13,0
2025-06-15 00:00:00,2025-06-15 12:00:00,M3,12,71,107,4527.560579574075,False,8657.707572667985,10362.389835702701,0,60,2025-04-16 00:00:00,2025-06-14 00:00:00,14,2025-04-02 00:00:00,2025-04-15 00:00:00,2025-06-15 00:10:00,2025-06-15 12:00:00,2025-06-15 12:00:00,71,1.8189894035458565e-12,0
2025-06-15 00:00:00,2025-06-15 18:00:00,M3,18,107,144,8191.27758035185,True,30373.852848922834,22395.295537183443,10,60,2025-04-16 00:00:00,2025-06-14 00:00:00,14,2025-04-02 00:00:00,2025-04-15 00:00:00,2025-06-15 00:10:00,2025-06-15 18:00:00,2025-06-15 18:00:00,107,0.0,0
2025-06-16 00:00:00,2025-06-16 06:00:00,M3,6,35,71,10759.976885185186,False,-643.8798395852494,-519.2834960971725,0,60,2025-04-17 00:00:00,2025-06-15 00:00:00,14,2025-04-03 00:00:00,2025-04-16 00:00:00,2025-06-16 00:10:00,2025-06-16 06:00:00,2025-06-16 06:00:00,35,4.547473508864641e-13,0
2025-06-16 00:00:00,2025-06-16 12:00:00,M3,12,71,107,4658.192330222222,False,9678.530247710356,10398.877974564242,0,60,2025-04-17 00:00:00,2025-06-15 00:00:00,14,2025-04-03 00:00:00,2025-04-16 00:00:00,2025-06-16 00:10:00,2025-06-16 12:00:00,2025-06-16 12:00:00,71,9.094947017729282e-13,0
2025-06-16 00:00:00,2025-06-16 18:00:00,M3,18,107,144,10082.195935783957,False,16987.32491414734,17023.71867683421,0,60,2025-04-17 00:00:00,2025-06-15 00:00:00,14,2025-04-03 00:00:00,2025-04-16 00:00:00,2025-06-16 00:10:00,2025-06-16 18:00:00,2025-06-16 18:00:00,107,0.0,0
2025-06-17 00:00:00,2025-06-17 06:00:00,M3,6,35,71,10800.0,False,-1527.2953995341475,-846.9813828962095,0,60,2025-04-18 00:00:00,2025-06-16 00:00:00,14,2025-04-04 00:00:00,2025-04-17 00:00:00,2025-06-17 00:10:00,2025-06-17 06:00:00,2025-06-17 06:00:00,35,4.547473508864641e-13,0
2025-06-17 00:00:00,2025-06-17 12:00:00,M3,12,71,107,4613.28689526543,False,11502.334400479751,12483.018903441704,0,60,2025-04-18 00:00:00,2025-06-16 00:00:00,14,2025-04-04 00:00:00,2025-04-17 00:00:00,2025-06-17 00:10:00,2025-06-17 12:00:00,2025-06-17 12:00:00,71,9.094947017729282e-13,0
2025-06-17 00:00:00,2025-06-17 18:00:00,M3,18,107,144,9746.374327765428,True,18602.3352384067,18552.83813500066,8,60,2025-04-18 00:00:00,2025-06-16 00:00:00,14,2025-04-04 00:00:00,2025-04-17 00:00:00,2025-06-17 00:10:00,2025-06-17 18:00:00,2025-06-17 18:00:00,107,0.0,0
2025-06-18 00:00:00,2025-06-18 06:00:00,M3,6,35,71,10800.0,False,-1186.5971020127893,-741.6944061947439,0,60,2025-04-19 00:00:00,2025-06-17 00:00:00,14,2025-04-05 00:00:00,2025-04-18 00:00:00,2025-06-18 00:10:00,2025-06-18 06:00:00,2025-06-18 06:00:00,35,9.094947017729282e-13,0
2025-06-18 00:00:00,2025-06-18 12:00:00,M3,12,71,107,6464.135457160492,True,9504.543922809697,8588.999098559832,29,60,2025-04-19 00:00:00,2025-06-17 00:00:00,14,2025-04-05 00:00:00,2025-04-18 00:00:00,2025-06-18 00:10:00,2025-06-18 12:00:00,2025-06-18 12:00:00,71,9.094947017729282e-13,0
2025-06-18 00:00:00,2025-06-18 18:00:00,M3,18,107,144,10310.839132583327,False,17901.8781502127,17977.242833747066,0,60,2025-04-19 00:00:00,2025-06-17 00:00:00,14,2025-04-05 00:00:00,2025-04-18 00:00:00,2025-06-18 00:10:00,2025-06-18 18:00:00,2025-06-18 18:00:00,107,2.2737367544323206e-13,0
2025-06-19 00:00:00,2025-06-19 06:00:00,M3,6,35,71,10797.15471111111,False,-2388.5545910247997,-1549.1258762747032,0,60,2025-04-20 00:00:00,2025-06-18 00:00:00,14,2025-04-06 00:00:00,2025-04-19 00:00:00,2025-06-19 00:10:00,2025-06-19 06:00:00,2025-06-19 06:00:00,35,4.547473508864641e-13,0
2025-06-19 00:00:00,2025-06-19 12:00:00,M3,12,71,107,8941.952413561727,False,6378.7757221226175,7588.9318600340985,0,60,2025-04-20 00:00:00,2025-06-18 00:00:00,14,2025-04-06 00:00:00,2025-04-19 00:00:00,2025-06-19 00:10:00,2025-06-19 12:00:00,2025-06-19 12:00:00,71,4.547473508864641e-13,0
2025-06-19 00:00:00,2025-06-19 18:00:00,M3,18,107,144,9654.256517228398,True,21141.095727624655,19341.69446693964,13,60,2025-04-20 00:00:00,2025-06-18 00:00:00,14,2025-04-06 00:00:00,2025-04-19 00:00:00,2025-06-19 00:10:00,2025-06-19 18:00:00,2025-06-19 18:00:00,107,4.547473508864641e-13,0
2025-06-20 00:00:00,2025-06-20 06:00:00,M3,6,35,71,3652.620259848766,False,-6129.005623753413,-6129.005623753413,0,60,2025-04-21 00:00:00,2025-06-19 00:00:00,14,2025-04-07 00:00:00,2025-04-20 00:00:00,2025-06-20 00:10:00,2025-06-20 06:00:00,2025-06-20 06:00:00,35,2.842170943040401e-14,0
2025-06-20 00:00:00,2025-06-20 12:00:00,M3,12,71,107,10800.0,True,-3098.8500005734995,-3263.7177810284006,13,60,2025-04-21 00:00:00,2025-06-19 00:00:00,14,2025-04-07 00:00:00,2025-04-20 00:00:00,2025-06-20 00:10:00,2025-06-20 12:00:00,2025-06-20 12:00:00,71,9.094947017729282e-13,0
2025-06-20 00:00:00,2025-06-20 18:00:00,M3,18,107,144,10800.0,False,7368.878810586432,7419.0089776298555,0,60,2025-04-21 00:00:00,2025-06-19 00:00:00,14,2025-04-07 00:00:00,2025-04-20 00:00:00,2025-06-20 00:10:00,2025-06-20 18:00:00,2025-06-20 18:00:00,107,4.547473508864641e-13,0
2025-06-21 00:00:00,2025-06-21 06:00:00,M3,6,35,71,3547.027880280864,False,-5823.199765953669,-5823.199765953669,0,60,2025-04-22 00:00:00,2025-06-20 00:00:00,14,2025-04-08 00:00:00,2025-04-21 00:00:00,2025-06-21 00:10:00,2025-06-21 06:00:00,2025-06-21 06:00:00,35,9.094947017729282e-13,0
2025-06-21 00:00:00,2025-06-21 12:00:00,M3,12,71,107,10800.0,True,-3452.448395222571,-3571.642095801622,13,60,2025-04-22 00:00:00,2025-06-20 00:00:00,14,2025-04-08 00:00:00,2025-04-21 00:00:00,2025-06-21 00:10:00,2025-06-21 12:00:00,2025-06-21 12:00:00,71,1.1368683772161603e-13,0
2025-06-21 00:00:00,2025-06-21 18:00:00,M3,18,107,144,10800.0,True,7335.136561749258,7326.903900581767,18,60,2025-04-22 00:00:00,2025-06-20 00:00:00,14,2025-04-08 00:00:00,2025-04-21 00:00:00,2025-06-21 00:10:00,2025-06-21 18:00:00,2025-06-21 18:00:00,107,9.094947017729282e-13,0
2025-06-22 00:00:00,2025-06-22 06:00:00,M3,6,35,71,10798.53738271605,False,-4204.45447771042,-3616.5878848403395,0,60,2025-04-23 00:00:00,2025-06-21 00:00:00,14,2025-04-09 00:00:00,2025-04-22 00:00:00,2025-06-22 00:10:00,2025-06-22 06:00:00,2025-06-22 06:00:00,35,9.094947017729282e-13,0
2025-06-22 00:00:00,2025-06-22 12:00:00,M3,12,71,107,8023.073015351852,False,6162.07435921547,7179.649186844627,0,60,2025-04-23 00:00:00,2025-06-21 00:00:00,14,2025-04-09 00:00:00,2025-04-22 00:00:00,2025-06-22 00:10:00,2025-06-22 12:00:00,2025-06-22 12:00:00,71,9.094947017729282e-13,0
2025-06-22 00:00:00,2025-06-22 18:00:00,M3,18,107,144,9619.41348438889,True,17871.92632344576,17864.19739029353,8,60,2025-04-23 00:00:00,2025-06-21 00:00:00,14,2025-04-09 00:00:00,2025-04-22 00:00:00,2025-06-22 00:10:00,2025-06-22 18:00:00,2025-06-22 18:00:00,107,0.0,0
2025-06-23 00:00:00,2025-06-23 06:00:00,M3,6,35,71,10800.0,False,-3495.587580605704,-3380.488457359201,0,60,2025-04-24 00:00:00,2025-06-22 00:00:00,14,2025-04-10 00:00:00,2025-04-23 00:00:00,2025-06-23 00:10:00,2025-06-23 06:00:00,2025-06-23 06:00:00,35,1.8189894035458565e-12,0
2025-06-23 00:00:00,2025-06-23 12:00:00,M3,12,71,107,8155.04406031482,True,5995.772303670149,5546.631267160066,18,60,2025-04-24 00:00:00,2025-06-22 00:00:00,14,2025-04-10 00:00:00,2025-04-23 00:00:00,2025-06-23 00:10:00,2025-06-23 12:00:00,2025-06-23 12:00:00,71,9.094947017729282e-13,0
2025-06-23 00:00:00,2025-06-23 18:00:00,M3,18,107,144,10116.141216419759,False,17626.27679829093,17762.318200001504,0,60,2025-04-24 00:00:00,2025-06-22 00:00:00,14,2025-04-10 00:00:00,2025-04-23 00:00:00,2025-06-23 00:10:00,2025-06-23 18:00:00,2025-06-23 18:00:00,107,9.094947017729282e-13,0
2025-06-24 00:00:00,2025-06-24 06:00:00,M3,6,35,71,10790.964727777779,False,1192.1845476428257,2898.0375156256464,0,60,2025-04-25 00:00:00,2025-06-23 00:00:00,14,2025-04-11 00:00:00,2025-04-24 00:00:00,2025-06-24 00:10:00,2025-06-24 06:00:00,2025-06-24 06:00:00,35,4.547473508864641e-13,0
2025-06-24 00:00:00,2025-06-24 12:00:00,M3,12,71,107,6140.8220896296325,True,10303.732476652393,9606.060350923482,24,60,2025-04-25 00:00:00,2025-06-23 00:00:00,14,2025-04-11 00:00:00,2025-04-24 00:00:00,2025-06-24 00:10:00,2025-06-24 12:00:00,2025-06-24 12:00:00,71,0.0,0
2025-06-24 00:00:00,2025-06-24 18:00:00,M3,18,107,144,10800.0,False,17396.268061130806,17596.893311915406,0,60,2025-04-25 00:00:00,2025-06-23 00:00:00,14,2025-04-11 00:00:00,2025-04-24 00:00:00,2025-06-24 00:10:00,2025-06-24 18:00:00,2025-06-24 18:00:00,107,2.2737367544323206e-13,0
2025-06-25 00:00:00,2025-06-25 06:00:00,M3,6,35,71,10800.0,False,12.222258318821657,218.72558670916155,0,60,2025-04-26 00:00:00,2025-06-24 00:00:00,14,2025-04-12 00:00:00,2025-04-25 00:00:00,2025-06-25 00:10:00,2025-06-25 06:00:00,2025-06-25 06:00:00,35,4.547473508864641e-13,0
2025-06-25 00:00:00,2025-06-25 12:00:00,M3,12,71,107,8420.521390895057,False,5320.892881881685,6529.373122729786,0,60,2025-04-26 00:00:00,2025-06-24 00:00:00,14,2025-04-12 00:00:00,2025-04-25 00:00:00,2025-06-25 00:10:00,2025-06-25 12:00:00,2025-06-25 12:00:00,71,1.8189894035458565e-12,0
2025-06-25 00:00:00,2025-06-25 18:00:00,M3,18,107,144,9395.74368769136,True,20303.524970037077,18684.105469162274,10,60,2025-04-26 00:00:00,2025-06-24 00:00:00,14,2025-04-12 00:00:00,2025-04-25 00:00:00,2025-06-25 00:10:00,2025-06-25 18:00:00,2025-06-25 18:00:00,107,0.0,0
2025-06-26 00:00:00,2025-06-26 06:00:00,M3,6,35,71,10800.0,False,-763.5604748448661,-331.2896691290021,0,60,2025-04-27 00:00:00,2025-06-25 00:00:00,14,2025-04-13 00:00:00,2025-04-26 00:00:00,2025-06-26 00:10:00,2025-06-26 06:00:00,2025-06-26 06:00:00,35,1.8189894035458565e-12,0
2025-06-26 00:00:00,2025-06-26 12:00:00,M3,12,71,107,7311.543234648148,False,3986.7282005794978,4525.015662729076,0,60,2025-04-27 00:00:00,2025-06-25 00:00:00,14,2025-04-13 00:00:00,2025-04-26 00:00:00,2025-06-26 00:10:00,2025-06-26 12:00:00,2025-06-26 12:00:00,71,9.094947017729282e-13,0
2025-06-26 00:00:00,2025-06-26 18:00:00,M3,18,107,144,10491.163259533076,False,17268.530537895367,17563.677639192945,0,60,2025-04-27 00:00:00,2025-06-25 00:00:00,14,2025-04-13 00:00:00,2025-04-26 00:00:00,2025-06-26 00:10:00,2025-06-26 18:00:00,2025-06-26 18:00:00,107,4.547473508864641e-13,0
2025-06-27 00:00:00,2025-06-27 06:00:00,M3,6,35,71,4320.551668429013,False,-5679.881999999999,-5679.881999999999,0,60,2025-04-28 00:00:00,2025-06-26 00:00:00,14,2025-04-14 00:00:00,2025-04-27 00:00:00,2025-06-27 00:10:00,2025-06-27 06:00:00,2025-06-27 06:00:00,35,9.094947017729282e-13,0
2025-06-27 00:00:00,2025-06-27 12:00:00,M3,12,71,107,10800.0,True,-2674.5401431202217,-3324.7033041945188,16,60,2025-04-28 00:00:00,2025-06-26 00:00:00,14,2025-04-14 00:00:00,2025-04-27 00:00:00,2025-06-27 00:10:00,2025-06-27 12:00:00,2025-06-27 12:00:00,71,1.1368683772161603e-13,0
2025-06-27 00:00:00,2025-06-27 18:00:00,M3,18,107,144,10800.0,False,7200.569653637052,7329.544238647512,0,60,2025-04-28 00:00:00,2025-06-26 00:00:00,14,2025-04-14 00:00:00,2025-04-27 00:00:00,2025-06-27 00:10:00,2025-06-27 18:00:00,2025-06-27 18:00:00,107,9.094947017729282e-13,0
2025-06-28 00:00:00,2025-06-28 06:00:00,M3,6,35,71,3567.577900203703,False,-4970.739284555723,-4970.739284555723,0,60,2025-04-29 00:00:00,2025-06-27 00:00:00,14,2025-04-15 00:00:00,2025-04-28 00:00:00,2025-06-28 00:10:00,2025-06-28 06:00:00,2025-06-28 06:00:00,35,2.2737367544323206e-13,0
2025-06-28 00:00:00,2025-06-28 12:00:00,M3,12,71,107,10359.45953187037,True,-3192.2574770637852,-3245.666257794494,14,60,2025-04-29 00:00:00,2025-06-27 00:00:00,14,2025-04-15 00:00:00,2025-04-28 00:00:00,2025-06-28 00:10:00,2025-06-28 12:00:00,2025-06-28 12:00:00,71,1.8189894035458565e-12,0
2025-06-28 00:00:00,2025-06-28 18:00:00,M3,18,107,144,10800.0,False,6951.294021173249,6987.887091633639,0,60,2025-04-29 00:00:00,2025-06-27 00:00:00,14,2025-04-15 00:00:00,2025-04-28 00:00:00,2025-06-28 00:10:00,2025-06-28 18:00:00,2025-06-28 18:00:00,107,9.094947017729282e-13,0
2025-06-29 00:00:00,2025-06-29 06:00:00,M3,6,35,71,10800.0,False,-1991.060619318052,-1838.682117895647,0,60,2025-04-30 00:00:00,2025-06-28 00:00:00,14,2025-04-16 00:00:00,2025-04-29 00:00:00,2025-06-29 00:10:00,2025-06-29 06:00:00,2025-06-29 06:00:00,35,1.8189894035458565e-12,0
2025-06-29 00:00:00,2025-06-29 12:00:00,M3,12,71,107,5840.004030216044,False,5836.745045015424,8550.76822634955,0,60,2025-04-30 00:00:00,2025-06-28 00:00:00,14,2025-04-16 00:00:00,2025-04-29 00:00:00,2025-06-29 00:10:00,2025-06-29 12:00:00,2025-06-29 12:00:00,71,0.0,0
2025-06-29 00:00:00,2025-06-29 18:00:00,M3,18,107,144,7754.248625191354,True,30003.58165449366,21401.079459758872,11,60,2025-04-30 00:00:00,2025-06-28 00:00:00,14,2025-04-16 00:00:00,2025-04-29 00:00:00,2025-06-29 00:10:00,2025-06-29 18:00:00,2025-06-29 18:00:00,107,0.0,0
2025-06-30 00:00:00,2025-06-30 06:00:00,M3,6,35,71,10800.0,False,-1039.4429056848517,396.5427888046924,0,60,2025-05-01 00:00:00,2025-06-29 00:00:00,14,2025-04-17 00:00:00,2025-04-30 00:00:00,2025-06-30 00:10:00,2025-06-30 06:00:00,2025-06-30 06:00:00,35,4.547473508864641e-13,0
2025-06-30 00:00:00,2025-06-30 12:00:00,M3,12,71,107,6976.385887777779,True,6888.5207538435225,6671.787734478988,20,60,2025-05-01 00:00:00,2025-06-29 00:00:00,14,2025-04-17 00:00:00,2025-04-30 00:00:00,2025-06-30 00:10:00,2025-06-30 12:00:00,2025-06-30 12:00:00,71,9.094947017729282e-13,0
2025-06-30 00:00:00,2025-06-30 18:00:00,M3,18,107,144,10800.0,False,17204.12090860419,17531.45935246091,0,60,2025-05-01 00:00:00,2025-06-29 00:00:00,14,2025-04-17 00:00:00,2025-04-30 00:00:00,2025-06-30 00:10:00,2025-06-30 18:00:00,2025-06-30 18:00:00,107,2.2737367544323206e-13,0
2025-07-01 00:00:00,2025-07-01 06:00:00,M3,6,35,71,7655.914209850634,True,22143.818365832583,7269.127589534882,17,60,2025-05-02 00:00:00,2025-06-30 00:00:00,14,2025-04-18 00:00:00,2025-05-01 00:00:00,2025-07-01 00:10:00,2025-07-01 06:00:00,2025-07-01 06:00:00,35,9.094947017729282e-13,0
2025-07-01 00:00:00,2025-07-01 12:00:00,M3,12,71,107,9665.484929407405,False,3866.4403390274083,5450.020056999807,0,60,2025-05-02 00:00:00,2025-06-30 00:00:00,14,2025-04-18 00:00:00,2025-05-01 00:00:00,2025-07-01 00:10:00,2025-07-01 12:00:00,2025-07-01 12:00:00,71,2.2737367544323206e-13,0
2025-07-01 00:00:00,2025-07-01 18:00:00,M3,18,107,144,6953.213486366411,True,61341.15452815635,32001.737203610206,37,60,2025-05-02 00:00:00,2025-06-30 00:00:00,14,2025-04-18 00:00:00,2025-05-01 00:00:00,2025-07-01 00:10:00,2025-07-01 18:00:00,2025-07-01 18:00:00,107,2.2737367544323206e-13,0
2025-07-02 00:00:00,2025-07-02 06:00:00,M3,6,35,71,7211.638085293213,True,11904.015990640892,2859.1307184855273,15,60,2025-05-03 00:00:00,2025-07-01 00:00:00,14,2025-04-19 00:00:00,2025-05-02 00:00:00,2025-07-02 00:10:00,2025-07-02 06:00:00,2025-07-02 06:00:00,35,1.8189894035458565e-12,0
2025-07-02 00:00:00,2025-07-02 12:00:00,M3,12,71,107,9166.338820691351,False,1766.0527172241964,2931.562136777221,0,60,2025-05-03 00:00:00,2025-07-01 00:00:00,14,2025-04-19 00:00:00,2025-05-02 00:00:00,2025-07-02 00:10:00,2025-07-02 12:00:00,2025-07-02 12:00:00,71,2.2737367544323206e-13,0
2025-07-02 00:00:00,2025-07-02 18:00:00,M3,18,107,144,9497.189987427832,True,44029.02188826091,26753.33304445599,31,60,2025-05-03 00:00:00,2025-07-01 00:00:00,14,2025-04-19 00:00:00,2025-05-02 00:00:00,2025-07-02 00:10:00,2025-07-02 18:00:00,2025-07-02 18:00:00,107,2.2737367544323206e-13,0
2025-07-03 00:00:00,2025-07-03 06:00:00,M3,6,35,71,7322.858119993827,True,28337.90312324996,7022.042410785417,20,60,2025-05-04 00:00:00,2025-07-02 00:00:00,14,2025-04-20 00:00:00,2025-05-03 00:00:00,2025-07-03 00:10:00,2025-07-03 06:00:00,2025-07-03 06:00:00,35,2.2737367544323206e-13,0
2025-07-03 00:00:00,2025-07-03 12:00:00,M3,12,71,107,9854.340609529201,False,4878.522961619099,4971.9582688897635,0,60,2025-05-04 00:00:00,2025-07-02 00:00:00,14,2025-04-20 00:00:00,2025-05-03 00:00:00,2025-07-03 00:10:00,2025-07-03 12:00:00,2025-07-03 12:00:00,71,2.2737367544323206e-13,0
2025-07-03 00:00:00,2025-07-03 18:00:00,M3,18,107,144,8990.081290679012,True,48849.24958045659,28213.2630695668,36,60,2025-05-04 00:00:00,2025-07-02 00:00:00,14,2025-04-20 00:00:00,2025-05-03 00:00:00,2025-07-03 00:10:00,2025-07-03 18:00:00,2025-07-03 18:00:00,107,2.2737367544323206e-13,0
2025-07-04 00:00:00,2025-07-04 06:00:00,M3,6,35,71,2178.1830078456796,True,-2337.7868830079783,-4161.812636590185,8,60,2025-05-05 00:00:00,2025-07-03 00:00:00,14,2025-04-21 00:00:00,2025-05-04 00:00:00,2025-07-04 00:10:00,2025-07-04 06:00:00,2025-07-04 06:00:00,35,1.8189894035458565e-12,0
2025-07-04 00:00:00,2025-07-04 12:00:00,M3,12,71,107,10800.0,False,-4023.082955783589,-3391.44261171775,0,60,2025-05-05 00:00:00,2025-07-03 00:00:00,14,2025-04-21 00:00:00,2025-05-04 00:00:00,2025-07-04 00:10:00,2025-07-04 12:00:00,2025-07-04 12:00:00,71,9.094947017729282e-13,0
2025-07-04 00:00:00,2025-07-04 18:00:00,M3,18,107,144,9353.934704938269,True,29324.360932813714,14753.998641099433,19,60,2025-05-05 00:00:00,2025-07-03 00:00:00,14,2025-04-21 00:00:00,2025-05-04 00:00:00,2025-07-04 00:10:00,2025-07-04 18:00:00,2025-07-04 18:00:00,107,2.2737367544323206e-13,0
2025-07-05 00:00:00,2025-07-05 06:00:00,M3,6,35,71,2361.205000734339,True,-2217.927092520736,-4517.735475273074,8,60,2025-05-06 00:00:00,2025-07-04 00:00:00,14,2025-04-22 00:00:00,2025-05-05 00:00:00,2025-07-05 00:10:00,2025-07-05 06:00:00,2025-07-05 06:00:00,35,4.547473508864641e-13,0
2025-07-05 00:00:00,2025-07-05 12:00:00,M3,12,71,107,10800.0,False,-3963.4039438062255,-3200.048179064689,0,60,2025-05-06 00:00:00,2025-07-04 00:00:00,14,2025-04-22 00:00:00,2025-05-05 00:00:00,2025-07-05 00:10:00,2025-07-05 12:00:00,2025-07-05 12:00:00,71,9.094947017729282e-13,0
2025-07-05 00:00:00,2025-07-05 18:00:00,M3,18,107,144,9072.921577160496,True,31977.528395984857,15276.229205933136,17,60,2025-05-06 00:00:00,2025-07-04 00:00:00,14,2025-04-22 00:00:00,2025-05-05 00:00:00,2025-07-05 00:10:00,2025-07-05 18:00:00,2025-07-05 18:00:00,107,4.547473508864641e-13,0
2025-07-06 00:00:00,2025-07-06 06:00:00,M3,6,35,71,7684.286031777777,True,21106.795308710505,7784.346500834124,20,60,2025-05-07 00:00:00,2025-07-05 00:00:00,14,2025-04-23 00:00:00,2025-05-06 00:00:00,2025-07-06 00:10:00,2025-07-06 06:00:00,2025-07-06 06:00:00,35,2.2737367544323206e-13,0
2025-07-06 00:00:00,2025-07-06 12:00:00,M3,12,71,107,10800.0,False,6457.239546002492,9335.890029849383,0,60,2025-05-07 00:00:00,2025-07-05 00:00:00,14,2025-04-23 00:00:00,2025-05-06 00:00:00,2025-07-06 00:10:00,2025-07-06 12:00:00,2025-07-06 12:00:00,71,2.2737367544323206e-13,0
2025-07-06 00:00:00,2025-07-06 18:00:00,M3,18,107,144,7977.643513919759,True,52675.0654077533,29244.411001112236,33,60,2025-05-07 00:00:00,2025-07-05 00:00:00,14,2025-04-23 00:00:00,2025-05-06 00:00:00,2025-07-06 00:10:00,2025-07-06 18:00:00,2025-07-06 18:00:00,107,2.2737367544323206e-13,0
2025-07-07 00:00:00,2025-07-07 06:00:00,M3,6,35,71,7045.603436487654,True,6307.670560615517,501.45757911827997,13,60,2025-05-08 00:00:00,2025-07-06 00:00:00,14,2025-04-24 00:00:00,2025-05-07 00:00:00,2025-07-07 00:10:00,2025-07-07 06:00:00,2025-07-07 06:00:00,35,9.094947017729282e-13,0
2025-07-07 00:00:00,2025-07-07 12:00:00,M3,12,71,107,7547.210873904329,False,4077.409174154077,5831.113998062293,0,60,2025-05-08 00:00:00,2025-07-06 00:00:00,14,2025-04-24 00:00:00,2025-05-07 00:00:00,2025-07-07 00:10:00,2025-07-07 12:00:00,2025-07-07 12:00:00,71,2.2737367544323206e-13,0
2025-07-07 00:00:00,2025-07-07 18:00:00,M3,18,107,144,9795.586473033962,True,36737.60763835012,24034.355352177696,24,60,2025-05-08 00:00:00,2025-07-06 00:00:00,14,2025-04-24 00:00:00,2025-05-07 00:00:00,2025-07-07 00:10:00,2025-07-07 18:00:00,2025-07-07 18:00:00,107,2.2737367544323206e-13,0
2025-07-08 00:00:00,2025-07-08 06:00:00,M3,6,35,71,9693.723076123453,False,-731.0375727078371,34.04384147055482,0,60,2025-05-09 00:00:00,2025-07-07 00:00:00,14,2025-04-25 00:00:00,2025-05-08 00:00:00,2025-07-08 00:10:00,2025-07-08 06:00:00,2025-07-08 06:00:00,35,4.547473508864641e-13,0
2025-07-08 00:00:00,2025-07-08 12:00:00,M3,12,71,107,6229.939366104937,False,7713.487365290993,7731.098927989377,0,60,2025-05-09 00:00:00,2025-07-07 00:00:00,14,2025-04-25 00:00:00,2025-05-08 00:00:00,2025-07-08 00:10:00,2025-07-08 12:00:00,2025-07-08 12:00:00,71,7.275957614183426e-12,0
2025-07-08 00:00:00,2025-07-08 18:00:00,M3,18,107,144,10177.130301506175,True,36553.01458812325,27412.717338842827,24,60,2025-05-09 00:00:00,2025-07-07 00:00:00,14,2025-04-25 00:00:00,2025-05-08 00:00:00,2025-07-08 00:10:00,2025-07-08 18:00:00,2025-07-08 18:00:00,107,2.2737367544323206e-13,0
2025-07-09 00:00:00,2025-07-09 06:00:00,M3,6,35,71,9826.346559555557,False,-1944.605428208073,-1289.7481322045787,0,60,2025-05-10 00:00:00,2025-07-08 00:00:00,14,2025-04-26 00:00:00,2025-05-09 00:00:00,2025-07-09 00:10:00,2025-07-09 06:00:00,2025-07-09 06:00:00,35,2.2737367544323206e-13,0
2025-07-09 00:00:00,2025-07-09 12:00:00,M3,12,71,107,7722.85585074815,True,7144.168987183405,6274.317315540242,28,60,2025-05-10 00:00:00,2025-07-08 00:00:00,14,2025-04-26 00:00:00,2025-05-09 00:00:00,2025-07-09 00:10:00,2025-07-09 12:00:00,2025-07-09 12:00:00,71,2.2737367544323206e-13,0
2025-07-09 00:00:00,2025-07-09 18:00:00,M3,18,107,144,10639.282176509258,True,29256.069167119887,25689.662407643813,33,60,2025-05-10 00:00:00,2025-07-08 00:00:00,14,2025-04-26 00:00:00,2025-05-09 00:00:00,2025-07-09 00:10:00,2025-07-09 18:00:00,2025-07-09 18:00:00,107,2.2737367544323206e-13,0
2025-07-10 00:00:00,2025-07-10 06:00:00,M3,6,35,71,10022.730306814816,True,-1032.2259027815792,-1925.2167598717363,7,60,2025-05-11 00:00:00,2025-07-09 00:00:00,14,2025-04-27 00:00:00,2025-05-10 00:00:00,2025-07-10 00:10:00,2025-07-10 06:00:00,2025-07-10 06:00:00,35,2.2737367544323206e-13,0
2025-07-10 00:00:00,2025-07-10 12:00:00,M3,12,71,107,6561.0679904814815,False,6157.421436552462,6343.081820361323,0,60,2025-05-11 00:00:00,2025-07-09 00:00:00,14,2025-04-27 00:00:00,2025-05-10 00:00:00,2025-07-10 00:10:00,2025-07-10 12:00:00,2025-07-10 12:00:00,71,2.2737367544323206e-13,0
2025-07-10 00:00:00,2025-07-10 18:00:00,M3,18,107,144,10298.144295401233,True,39288.32886993424,28849.25561304439,37,60,2025-05-11 00:00:00,2025-07-09 00:00:00,14,2025-04-27 00:00:00,2025-05-10 00:00:00,2025-07-10 00:10:00,2025-07-10 18:00:00,2025-07-10 18:00:00,107,2.2737367544323206e-13,0
2025-07-11 00:00:00,2025-07-11 06:00:00,M3,6,35,71,2934.7348028532238,True,-3690.178531281824,-4596.871141204919,5,60,2025-05-12 00:00:00,2025-07-10 00:00:00,14,2025-04-28 00:00:00,2025-05-11 00:00:00,2025-07-11 00:10:00,2025-07-11 06:00:00,2025-07-11 06:00:00,35,9.094947017729282e-13,0
2025-07-11 00:00:00,2025-07-11 12:00:00,M3,12,71,107,8505.846225000001,True,-3347.088218938046,-3509.115269630957,14,60,2025-05-12 00:00:00,2025-07-10 00:00:00,14,2025-04-28 00:00:00,2025-05-11 00:00:00,2025-07-11 00:10:00,2025-07-11 12:00:00,2025-07-11 12:00:00,71,1.1368683772161603e-13,0
2025-07-11 00:00:00,2025-07-11 18:00:00,M3,18,107,144,10739.789798453703,True,14661.033290056223,13041.264633482264,11,60,2025-05-12 00:00:00,2025-07-10 00:00:00,14,2025-04-28 00:00:00,2025-05-11 00:00:00,2025-07-11 00:10:00,2025-07-11 18:00:00,2025-07-11 18:00:00,107,0.0,0
2025-07-12 00:00:00,2025-07-12 06:00:00,M3,6,35,71,3074.638207296296,True,-4926.034188052705,-4973.936936535482,2,60,2025-05-13 00:00:00,2025-07-11 00:00:00,14,2025-04-29 00:00:00,2025-05-12 00:00:00,2025-07-12 00:10:00,2025-07-12 06:00:00,2025-07-12 06:00:00,35,1.8189894035458565e-12,0
2025-07-12 00:00:00,2025-07-12 12:00:00,M3,12,71,107,9330.096104999999,False,-3062.230334626625,-2466.3880020117367,0,60,2025-05-13 00:00:00,2025-07-11 00:00:00,14,2025-04-29 00:00:00,2025-05-12 00:00:00,2025-07-12 00:10:00,2025-07-12 12:00:00,2025-07-12 12:00:00,71,9.094947017729282e-13,0
2025-07-12 00:00:00,2025-07-12 18:00:00,M3,18,107,144,10154.778978067903,True,16119.066433377116,12765.830593501369,13,60,2025-05-13 00:00:00,2025-07-11 00:00:00,14,2025-04-29 00:00:00,2025-05-12 00:00:00,2025-07-12 00:10:00,2025-07-12 18:00:00,2025-07-12 18:00:00,107,0.0,0
2025-07-13 00:00:00,2025-07-13 06:00:00,M3,6,35,71,10656.47435813889,False,-4163.712100144503,-2791.3515273696917,0,60,2025-05-14 00:00:00,2025-07-12 00:00:00,14,2025-04-30 00:00:00,2025-05-13 00:00:00,2025-07-13 00:10:00,2025-07-13 06:00:00,2025-07-13 06:00:00,35,9.094947017729282e-13,0
2025-07-13 00:00:00,2025-07-13 12:00:00,M3,12,71,107,7711.461374101854,True,8243.123179323493,5630.40572527606,23,60,2025-05-14 00:00:00,2025-07-12 00:00:00,14,2025-04-30 00:00:00,2025-05-13 00:00:00,2025-07-13 00:10:00,2025-07-13 12:00:00,2025-07-13 12:00:00,71,2.2737367544323206e-13,0
2025-07-13 00:00:00,2025-07-13 18:00:00,M3,18,107,144,10065.340900580251,True,34184.51512261671,27683.82658743322,34,60,2025-05-14 00:00:00,2025-07-12 00:00:00,14,2025-04-30 00:00:00,2025-05-13 00:00:00,2025-07-13 00:10:00,2025-07-13 18:00:00,2025-07-13 18:00:00,107,2.2737367544323206e-13,0
2025-07-14 00:00:00,2025-07-14 06:00:00,M3,6,35,71,10298.779648882715,False,-3823.359380896346,-3242.634884031861,0,60,2025-05-15 00:00:00,2025-07-13 00:00:00,14,2025-05-01 00:00:00,2025-05-14 00:00:00,2025-07-14 00:10:00,2025-07-14 06:00:00,2025-07-14 06:00:00,35,2.2737367544323206e-13,0
2025-07-14 00:00:00,2025-07-14 12:00:00,M3,12,71,107,7604.437874759264,False,4531.900760804723,5199.305181686163,0,60,2025-05-15 00:00:00,2025-07-13 00:00:00,14,2025-05-01 00:00:00,2025-05-14 00:00:00,2025-07-14 00:10:00,2025-07-14 12:00:00,2025-07-14 12:00:00,71,2.2737367544323206e-13,0
2025-07-14 00:00:00,2025-07-14 18:00:00,M3,18,107,144,9739.306850617284,True,42223.43823706444,29746.36425423039,37,60,2025-05-15 00:00:00,2025-07-13 00:00:00,14,2025-05-01 00:00:00,2025-05-14 00:00:00,2025-07-14 00:10:00,2025-07-14 18:00:00,2025-07-14 18:00:00,107,2.2737367544323206e-13,0
2025-07-15 00:00:00,2025-07-15 06:00:00,M3,6,35,71,10800.0,False,-5261.595405307684,-4144.70809781476,0,60,2025-05-16 00:00:00,2025-07-14 00:00:00,14,2025-05-02 00:00:00,2025-05-15 00:00:00,2025-07-15 00:10:00,2025-07-15 06:00:00,2025-07-15 06:00:00,35,2.2737367544323206e-13,0
2025-07-15 00:00:00,2025-07-15 12:00:00,M3,12,71,107,8933.505282277776,True,8810.029974468305,6462.586851089821,29,60,2025-05-16 00:00:00,2025-07-14 00:00:00,14,2025-05-02 00:00:00,2025-05-15 00:00:00,2025-07-15 00:10:00,2025-07-15 12:00:00,2025-07-15 12:00:00,71,1.1368683772161603e-13,0
2025-07-15 00:00:00,2025-07-15 18:00:00,M3,18,107,144,10371.495231839932,False,23441.3326484623,24733.680023376113,0,60,2025-05-16 00:00:00,2025-07-14 00:00:00,14,2025-05-02 00:00:00,2025-05-15 00:00:00,2025-07-15 00:10:00,2025-07-15 18:00:00,2025-07-15 18:00:00,107,9.094947017729282e-13,0
2025-07-16 00:00:00,2025-07-16 06:00:00,M3,6,35,71,10800.0,False,-4843.746334995224,-3468.2819788991737,0,60,2025-05-17 00:00:00,2025-07-15 00:00:00,14,2025-05-03 00:00:00,2025-05-16 00:00:00,2025-07-16 00:10:00,2025-07-16 06:00:00,2025-07-16 06:00:00,35,9.094947017729282e-13,0
2025-07-16 00:00:00,2025-07-16 12:00:00,M3,12,71,107,9103.755292987653,True,7230.792806314086,6106.487534183827,23,60,2025-05-17 00:00:00,2025-07-15 00:00:00,14,2025-05-03 00:00:00,2025-05-16 00:00:00,2025-07-16 00:10:00,2025-07-16 12:00:00,2025-07-16 12:00:00,71,0.0,0
2025-07-16 00:00:00,2025-07-16 18:00:00,M3,18,107,144,10456.149270830248,False,25519.97440761155,26206.609980463098,0,60,2025-05-17 00:00:00,2025-07-15 00:00:00,14,2025-05-03 00:00:00,2025-05-16 00:00:00,2025-07-16 00:10:00,2025-07-16 18:00:00,2025-07-16 18:00:00,107,2.2737367544323206e-13,0
2025-07-17 00:00:00,2025-07-17 06:00:00,M3,6,35,71,10800.0,False,-4395.1848916898425,-3646.6730362492167,0,60,2025-05-18 00:00:00,2025-07-16 00:00:00,14,2025-05-04 00:00:00,2025-05-17 00:00:00,2025-07-17 00:10:00,2025-07-17 06:00:00,2025-07-17 06:00:00,35,4.547473508864641e-13,0
2025-07-17 00:00:00,2025-07-17 12:00:00,M3,12,71,107,8040.359144080252,True,5586.092955267253,5007.941531082448,7,60,2025-05-18 00:00:00,2025-07-16 00:00:00,14,2025-05-04 00:00:00,2025-05-17 00:00:00,2025-07-17 00:10:00,2025-07-17 12:00:00,2025-07-17 12:00:00,71,9.094947017729282e-13,0
2025-07-17 00:00:00,2025-07-17 18:00:00,M3,18,107,144,10124.739227410279,False,24633.254105973265,25243.454961458843,0,60,2025-05-18 00:00:00,2025-07-16 00:00:00,14,2025-05-04 00:00:00,2025-05-17 00:00:00,2025-07-17 00:10:00,2025-07-17 18:00:00,2025-07-17 18:00:00,107,0.0,0
2025-07-18 00:00:00,2025-07-18 06:00:00,M3,6,35,71,5245.41680076213,False,-6236.803328367839,-6236.803328367839,0,60,2025-05-19 00:00:00,2025-07-17 00:00:00,14,2025-05-05 00:00:00,2025-05-18 00:00:00,2025-07-18 00:10:00,2025-07-18 06:00:00,2025-07-18 06:00:00,35,2.2737367544323206e-13,0
2025-07-18 00:00:00,2025-07-18 12:00:00,M3,12,71,107,10700.622138169536,True,-2112.2606832828865,-2962.3734568148875,17,60,2025-05-19 00:00:00,2025-07-17 00:00:00,14,2025-05-05 00:00:00,2025-05-18 00:00:00,2025-07-18 00:10:00,2025-07-18 12:00:00,2025-07-18 12:00:00,71,1.1368683772161603e-13,0
2025-07-18 00:00:00,2025-07-18 18:00:00,M3,18,107,144,10487.80046095988,False,12320.984210224244,13091.741410896388,0,60,2025-05-19 00:00:00,2025-07-17 00:00:00,14,2025-05-05 00:00:00,2025-05-18 00:00:00,2025-07-18 00:10:00,2025-07-18 18:00:00,2025-07-18 18:00:00,107,9.094947017729282e-13,0
2025-07-19 00:00:00,2025-07-19 06:00:00,M3,6,35,71,4395.697531944445,False,-6048.755999999999,-6048.755999999999,0,60,2025-05-20 00:00:00,2025-07-18 00:00:00,14,2025-05-06 00:00:00,2025-05-19 00:00:00,2025-07-19 00:10:00,2025-07-19 06:00:00,2025-07-19 06:00:00,35,9.094947017729282e-13,0
2025-07-19 00:00:00,2025-07-19 12:00:00,M3,12,71,107,10800.0,True,-1130.7128405743638,-2065.169906677317,18,60,2025-05-20 00:00:00,2025-07-18 00:00:00,14,2025-05-06 00:00:00,2025-05-19 00:00:00,2025-07-19 00:10:00,2025-07-19 12:00:00,2025-07-19 12:00:00,71,9.094947017729282e-13,0
2025-07-19 00:00:00,2025-07-19 18:00:00,M3,18,107,144,10632.400293549385,False,12003.21056138016,12385.766026637795,0,60,2025-05-20 00:00:00,2025-07-18 00:00:00,14,2025-05-06 00:00:00,2025-05-19 00:00:00,2025-07-19 00:10:00,2025-07-19 18:00:00,2025-07-19 18:00:00,107,0.0,0
2025-07-20 00:00:00,2025-07-20 06:00:00,M3,6,35,71,10800.0,False,-3224.3714863968344,-1722.2599011613045,0,60,2025-05-21 00:00:00,2025-07-19 00:00:00,14,2025-05-07 00:00:00,2025-05-20 00:00:00,2025-07-20 00:10:00,2025-07-20 06:00:00,2025-07-20 06:00:00,35,0.0,0
2025-07-20 00:00:00,2025-07-20 12:00:00,M3,12,71,107,7984.157611555562,True,7961.485914539524,5966.864388959192,22,60,2025-05-21 00:00:00,2025-07-19 00:00:00,14,2025-05-07 00:00:00,2025-05-20 00:00:00,2025-07-20 00:10:00,2025-07-20 12:00:00,2025-07-20 12:00:00,71,0.0,0
2025-07-20 00:00:00,2025-07-20 18:00:00,M3,18,107,144,10759.423796296296,False,23923.149828215603,24926.106261701767,0,60,2025-05-21 00:00:00,2025-07-19 00:00:00,14,2025-05-07 00:00:00,2025-05-20 00:00:00,2025-07-20 00:10:00,2025-07-20 18:00:00,2025-07-20 18:00:00,107,2.2737367544323206e-13,0
2025-07-21 00:00:00,2025-07-21 06:00:00,M3,6,35,71,10800.0,False,-3135.8225595771355,-1073.2951737510684,0,60,2025-05-22 00:00:00,2025-07-20 00:00:00,14,2025-05-08 00:00:00,2025-05-21 00:00:00,2025-07-21 00:10:00,2025-07-21 06:00:00,2025-07-21 06:00:00,35,9.094947017729282e-13,0
2025-07-21 00:00:00,2025-07-21 12:00:00,M3,12,71,107,8895.713339944445,True,8767.752175884929,7260.620425592867,26,60,2025-05-22 00:00:00,2025-07-20 00:00:00,14,2025-05-08 00:00:00,2025-05-21 00:00:00,2025-07-21 00:10:00,2025-07-21 12:00:00,2025-07-21 12:00:00,71,1.8189894035458565e-12,0
2025-07-21 00:00:00,2025-07-21 18:00:00,M3,18,107,144,10687.423416463425,False,24145.855345985852,25399.40772646618,0,60,2025-05-22 00:00:00,2025-07-20 00:00:00,14,2025-05-08 00:00:00,2025-05-21 00:00:00,2025-07-21 00:10:00,2025-07-21 18:00:00,2025-07-21 18:00:00,107,2.2737367544323206e-13,0
2025-07-22 00:00:00,2025-07-22 06:00:00,M3,6,35,71,10800.0,False,-2679.5636624536974,-1966.7812683810482,0,60,2025-05-23 00:00:00,2025-07-21 00:00:00,14,2025-05-09 00:00:00,2025-05-22 00:00:00,2025-07-22 00:10:00,2025-07-22 06:00:00,2025-07-22 06:00:00,35,9.094947017729282e-13,0
2025-07-22 00:00:00,2025-07-22 12:00:00,M3,12,71,107,8283.519239018517,True,6693.0370521054,5770.388430962726,26,60,2025-05-23 00:00:00,2025-07-21 00:00:00,14,2025-05-09 00:00:00,2025-05-22 00:00:00,2025-07-22 00:10:00,2025-07-22 12:00:00,2025-07-22 12:00:00,71,0.0,0
2025-07-22 00:00:00,2025-07-22 18:00:00,M3,18,107,144,10577.281907487657,False,24058.078922526212,25338.106699458753,0,60,2025-05-23 00:00:00,2025-07-21 00:00:00,14,2025-05-09 00:00:00,2025-05-22 00:00:00,2025-07-22 00:10:00,2025-07-22 18:00:00,2025-07-22 18:00:00,107,2.2737367544323206e-13,0
2025-07-23 00:00:00,2025-07-23 06:00:00,M3,6,35,71,10800.0,False,-3117.0403684928056,-1742.1924721139897,0,60,2025-05-24 00:00:00,2025-07-22 00:00:00,14,2025-05-10 00:00:00,2025-05-23 00:00:00,2025-07-23 00:10:00,2025-07-23 06:00:00,2025-07-23 06:00:00,35,2.2737367544323206e-13,0
2025-07-23 00:00:00,2025-07-23 12:00:00,M3,12,71,107,10201.187845783952,True,12409.458958228339,9124.18960187129,29,60,2025-05-24 00:00:00,2025-07-22 00:00:00,14,2025-05-10 00:00:00,2025-05-23 00:00:00,2025-07-23 00:10:00,2025-07-23 12:00:00,2025-07-23 12:00:00,71,0.0,0
2025-07-23 00:00:00,2025-07-23 18:00:00,M3,18,107,144,10800.0,False,23792.109306329938,25382.13954557468,0,60,2025-05-24 00:00:00,2025-07-22 00:00:00,14,2025-05-10 00:00:00,2025-05-23 00:00:00,2025-07-23 00:10:00,2025-07-23 18:00:00,2025-07-23 18:00:00,107,2.2737367544323206e-13,0
2025-07-24 00:00:00,2025-07-24 06:00:00,M3,6,35,71,10800.0,False,-4264.266392431449,-2593.5858365651616,0,60,2025-05-25 00:00:00,2025-07-23 00:00:00,14,2025-05-11 00:00:00,2025-05-24 00:00:00,2025-07-24 00:10:00,2025-07-24 06:00:00,2025-07-24 06:00:00,35,9.094947017729282e-13,0
2025-07-24 00:00:00,2025-07-24 12:00:00,M3,12,71,107,9853.618587074074,True,13535.869098133944,10125.285514685023,30,60,2025-05-25 00:00:00,2025-07-23 00:00:00,14,2025-05-11 00:00:00,2025-05-24 00:00:00,2025-07-24 00:10:00,2025-07-24 12:00:00,2025-07-24 12:00:00,71,0.0,0
2025-07-24 00:00:00,2025-07-24 18:00:00,M3,18,107,144,10225.432237416664,False,24262.426647300417,25876.211340498783,0,60,2025-05-25 00:00:00,2025-07-23 00:00:00,14,2025-05-11 00:00:00,2025-05-24 00:00:00,2025-07-24 00:10:00,2025-07-24 18:00:00,2025-07-24 18:00:00,107,2.2737367544323206e-13,0
2025-07-25 00:00:00,2025-07-25 06:00:00,M3,6,35,71,4559.162069552471,False,-6152.274,-6152.274,0,60,2025-05-26 00:00:00,2025-07-24 00:00:00,14,2025-05-12 00:00:00,2025-05-25 00:00:00,2025-07-25 00:10:00,2025-07-25 06:00:00,2025-07-25 06:00:00,35,5.684341886080802e-14,0
2025-07-25 00:00:00,2025-07-25 12:00:00,M3,12,71,107,10800.0,True,-3098.495655060696,-3422.0956200105516,15,60,2025-05-26 00:00:00,2025-07-24 00:00:00,14,2025-05-12 00:00:00,2025-05-25 00:00:00,2025-07-25 00:10:00,2025-07-25 12:00:00,2025-07-25 12:00:00,71,1.8189894035458565e-12,0
2025-07-25 00:00:00,2025-07-25 18:00:00,M3,18,107,144,10678.238608095677,False,11718.733907465928,12709.567435245717,0,60,2025-05-26 00:00:00,2025-07-24 00:00:00,14,2025-05-12 00:00:00,2025-05-25 00:00:00,2025-07-25 00:10:00,2025-07-25 18:00:00,2025-07-25 18:00:00,107,9.094947017729282e-13,0
2025-07-26 00:00:00,2025-07-26 06:00:00,M3,6,35,71,4850.565646030864,False,-5910.236031508363,-5910.236031508363,0,60,2025-05-27 00:00:00,2025-07-25 00:00:00,14,2025-05-13 00:00:00,2025-05-26 00:00:00,2025-07-26 00:10:00,2025-07-26 06:00:00,2025-07-26 06:00:00,35,0.0,0
2025-07-26 00:00:00,2025-07-26 12:00:00,M3,12,71,107,10800.0,True,-3225.5827414447317,-3357.193875911369,12,60,2025-05-27 00:00:00,2025-07-25 00:00:00,14,2025-05-13 00:00:00,2025-05-26 00:00:00,2025-07-26 00:10:00,2025-07-26 12:00:00,2025-07-26 12:00:00,71,1.1368683772161603e-13,0
2025-07-26 00:00:00,2025-07-26 18:00:00,M3,18,107,144,10800.0,False,11813.544769660179,12609.682330556456,0,60,2025-05-27 00:00:00,2025-07-25 00:00:00,14,2025-05-13 00:00:00,2025-05-26 00:00:00,2025-07-26 00:10:00,2025-07-26 18:00:00,2025-07-26 18:00:00,107,0.0,0
2025-07-27 00:00:00,2025-07-27 06:00:00,M3,6,35,71,10800.0,False,-1267.8826314529178,-815.4719475383255,0,60,2025-05-28 00:00:00,2025-07-26 00:00:00,14,2025-05-14 00:00:00,2025-05-27 00:00:00,2025-07-27 00:10:00,2025-07-27 06:00:00,2025-07-27 06:00:00,35,4.547473508864641e-13,0
2025-07-27 00:00:00,2025-07-27 12:00:00,M3,12,71,107,9114.151725376541,True,4485.473090860465,3531.6780335318867,8,60,2025-05-28 00:00:00,2025-07-26 00:00:00,14,2025-05-14 00:00:00,2025-05-27 00:00:00,2025-07-27 00:10:00,2025-07-27 12:00:00,2025-07-27 12:00:00,71,0.0,0
2025-07-27 00:00:00,2025-07-27 18:00:00,M3,18,107,144,9670.454977780862,False,25865.554329119015,25886.180772331136,0,60,2025-05-28 00:00:00,2025-07-26 00:00:00,14,2025-05-14 00:00:00,2025-05-27 00:00:00,2025-07-27 00:10:00,2025-07-27 18:00:00,2025-07-27 18:00:00,107,4.547473508864641e-13,0
2025-07-28 00:00:00,2025-07-28 06:00:00,M3,6,35,71,10800.0,False,-2625.261649457159,-1439.1035096097573,0,60,2025-05-29 00:00:00,2025-07-27 00:00:00,14,2025-05-15 00:00:00,2025-05-28 00:00:00,2025-07-28 00:10:00,2025-07-28 06:00:00,2025-07-28 06:00:00,35,9.094947017729282e-13,0
2025-07-28 00:00:00,2025-07-28 12:00:00,M3,12,71,107,7142.211737290123,True,8931.656755506583,8105.995506294102,16,60,2025-05-29 00:00:00,2025-07-27 00:00:00,14,2025-05-15 00:00:00,2025-05-28 00:00:00,2025-07-28 00:10:00,2025-07-28 12:00:00,2025-07-28 12:00:00,71,4.547473508864641e-13,0
2025-07-28 00:00:00,2025-07-28 18:00:00,M3,18,107,144,10560.367599407411,False,24531.257490011114,26175.60665244536,0,60,2025-05-29 00:00:00,2025-07-27 00:00:00,14,2025-05-15 00:00:00,2025-05-28 00:00:00,2025-07-28 00:10:00,2025-07-28 18:00:00,2025-07-28 18:00:00,107,2.2737367544323206e-13,0
2025-07-29 00:00:00,2025-07-29 06:00:00,M3,6,35,71,10786.795919135802,False,-81.55837712283908,163.8807576707477,0,60,2025-05-30 00:00:00,2025-07-28 00:00:00,14,2025-05-16 00:00:00,2025-05-29 00:00:00,2025-07-29 00:10:00,2025-07-29 06:00:00,2025-07-29 06:00:00,35,4.547473508864641e-13,0
2025-07-29 00:00:00,2025-07-29 12:00:00,M3,12,71,107,6342.3057639382705,True,6540.800738450935,6506.462859068203,5,60,2025-05-30 00:00:00,2025-07-28 00:00:00,14,2025-05-16 00:00:00,2025-05-29 00:00:00,2025-07-29 00:10:00,2025-07-29 12:00:00,2025-07-29 12:00:00,71,0.0,0
2025-07-29 00:00:00,2025-07-29 18:00:00,M3,18,107,144,10800.0,False,24245.93489378121,26032.418049348234,0,60,2025-05-30 00:00:00,2025-07-28 00:00:00,14,2025-05-16 00:00:00,2025-05-29 00:00:00,2025-07-29 00:10:00,2025-07-29 18:00:00,2025-07-29 18:00:00,107,2.2737367544323206e-13,0
2025-07-30 00:00:00,2025-07-30 06:00:00,M3,6,35,71,10800.0,False,-1111.8075311425134,-462.6527904367668,0,60,2025-05-31 00:00:00,2025-07-29 00:00:00,14,2025-05-17 00:00:00,2025-05-30 00:00:00,2025-07-30 00:10:00,2025-07-30 06:00:00,2025-07-30 06:00:00,35,4.547473508864641e-13,0
2025-07-30 00:00:00,2025-07-30 12:00:00,M3,12,71,107,3907.8776576296277,False,7020.229519619555,8700.861157791982,0,60,2025-05-31 00:00:00,2025-07-29 00:00:00,14,2025-05-17 00:00:00,2025-05-30 00:00:00,2025-07-30 00:10:00,2025-07-30 12:00:00,2025-07-30 12:00:00,71,1.8189894035458565e-12,0
2025-07-30 00:00:00,2025-07-30 18:00:00,M3,18,107,144,7782.769946047018,True,41002.08025280182,30054.933342836975,12,60,2025-05-31 00:00:00,2025-07-29 00:00:00,14,2025-05-17 00:00:00,2025-05-30 00:00:00,2025-07-30 00:10:00,2025-07-30 18:00:00,2025-07-30 18:00:00,107,2.2737367544323206e-13,0
2025-07-31 00:00:00,2025-07-31 06:00:00,M3,6,35,71,10800.0,False,-3101.0149932681006,-2950.4847667870404,0,60,2025-06-01 00:00:00,2025-07-30 00:00:00,14,2025-05-18 00:00:00,2025-05-31 00:00:00,2025-07-31 00:10:00,2025-07-31 06:00:00,2025-07-31 06:00:00,35,4.547473508864641e-13,0
2025-07-31 00:00:00,2025-07-31 12:00:00,M3,12,71,107,7041.977441587405,False,5915.072458564056,7777.000538219155,0,60,2025-06-01 00:00:00,2025-07-30 00:00:00,14,2025-05-18 00:00:00,2025-05-31 00:00:00,2025-07-31 00:10:00,2025-07-31 12:00:00,2025-07-31 12:00:00,71,9.094947017729282e-13,0
2025-07-31 00:00:00,2025-07-31 18:00:00,M3,18,107,144,9753.49668280864,True,25546.457191571895,25314.414216446556,8,60,2025-06-01 00:00:00,2025-07-30 00:00:00,14,2025-05-18 00:00:00,2025-05-31 00:00:00,2025-07-31 00:10:00,2025-07-31 18:00:00,2025-07-31 18:00:00,107,9.094947017729282e-13,0
2025-08-01 00:00:00,2025-08-01 06:00:00,M3,6,35,71,3465.3938132407407,False,-5916.0779999999995,-5916.0779999999995,0,60,2025-06-02 00:00:00,2025-07-31 00:00:00,14,2025-05-19 00:00:00,2025-06-01 00:00:00,2025-08-01 00:10:00,2025-08-01 06:00:00,2025-08-01 06:00:00,35,9.094947017729282e-13,0
2025-08-01 00:00:00,2025-08-01 12:00:00,M3,12,71,107,10800.0,True,-2770.9723675202367,-3206.445050005304,15,60,2025-06-02 00:00:00,2025-07-31 00:00:00,14,2025-05-19 00:00:00,2025-06-01 00:00:00,2025-08-01 00:10:00,2025-08-01 12:00:00,2025-08-01 12:00:00,71,1.1368683772161603e-13,0
2025-08-01 00:00:00,2025-08-01 18:00:00,M3,18,107,144,10630.714437151233,False,12974.329482977613,13444.398312287047,0,60,2025-06-02 00:00:00,2025-07-31 00:00:00,14,2025-05-19 00:00:00,2025-06-01 00:00:00,2025-08-01 00:10:00,2025-08-01 18:00:00,2025-08-01 18:00:00,107,0.0,0
2025-08-02 00:00:00,2025-08-02 06:00:00,M3,6,35,71,4533.336026274691,False,-6050.214000000001,-6050.214000000001,0,60,2025-06-03 00:00:00,2025-08-01 00:00:00,14,2025-05-20 00:00:00,2025-06-02 00:00:00,2025-08-02 00:10:00,2025-08-02 06:00:00,2025-08-02 06:00:00,35,9.094947017729282e-13,0
2025-08-02 00:00:00,2025-08-02 12:00:00,M3,12,71,107,10800.0,True,-2607.0148631095935,-3035.279170783143,18,60,2025-06-03 00:00:00,2025-08-01 00:00:00,14,2025-05-20 00:00:00,2025-06-02 00:00:00,2025-08-02 00:10:00,2025-08-02 12:00:00,2025-08-02 12:00:00,71,9.094947017729282e-13,0
2025-08-02 00:00:00,2025-08-02 18:00:00,M3,18,107,144,10674.876517006176,False,11157.012135362233,12270.859305591477,0,60,2025-06-03 00:00:00,2025-08-01 00:00:00,14,2025-05-20 00:00:00,2025-06-02 00:00:00,2025-08-02 00:10:00,2025-08-02 18:00:00,2025-08-02 18:00:00,107,0.0,0
2025-08-03 00:00:00,2025-08-03 06:00:00,M3,6,35,71,9119.08802035185,False,-5936.695790180564,-5626.108991073436,0,60,2025-06-04 00:00:00,2025-08-02 00:00:00,14,2025-05-21 00:00:00,2025-06-03 00:00:00,2025-08-03 00:10:00,2025-08-03 06:00:00,2025-08-03 06:00:00,35,1.8189894035458565e-12,0
2025-08-03 00:00:00,2025-08-03 12:00:00,M3,12,71,107,6892.272377611109,True,1815.1867707335591,1714.3409213642758,18,60,2025-06-04 00:00:00,2025-08-02 00:00:00,14,2025-05-21 00:00:00,2025-06-03 00:00:00,2025-08-03 00:10:00,2025-08-03 12:00:00,2025-08-03 12:00:00,71,9.094947017729282e-13,0
2025-08-03 00:00:00,2025-08-03 18:00:00,M3,18,107,144,10165.248700462957,False,24656.66352422011,24665.046569602466,0,60,2025-06-04 00:00:00,2025-08-02 00:00:00,14,2025-05-21 00:00:00,2025-06-03 00:00:00,2025-08-03 00:10:00,2025-08-03 18:00:00,2025-08-03 18:00:00,107,9.094947017729282e-13,0
2025-08-04 00:00:00,2025-08-04 06:00:00,M3,6,35,71,10800.0,False,-6026.344306431538,-5885.297030118056,0,60,2025-06-05 00:00:00,2025-08-03 00:00:00,14,2025-05-22 00:00:00,2025-06-04 00:00:00,2025-08-04 00:10:00,2025-08-04 06:00:00,2025-08-04 06:00:00,35,1.8189894035458565e-12,0
2025-08-04 00:00:00,2025-08-04 12:00:00,M3,12,71,107,7335.44382425926,True,4147.503121077668,3445.7902955406166,18,60,2025-06-05 00:00:00,2025-08-03 00:00:00,14,2025-05-22 00:00:00,2025-06-04 00:00:00,2025-08-04 00:10:00,2025-08-04 12:00:00,2025-08-04 12:00:00,71,2.2737367544323206e-13,0
2025-08-04 00:00:00,2025-08-04 18:00:00,M3,18,107,144,10173.44213497531,True,29895.258842041603,26686.41724539429,31,60,2025-06-05 00:00:00,2025-08-03 00:00:00,14,2025-05-22 00:00:00,2025-06-04 00:00:00,2025-08-04 00:10:00,2025-08-04 18:00:00,2025-08-04 18:00:00,107,2.2737367544323206e-13,0
2025-08-05 00:00:00,2025-08-05 06:00:00,M3,6,35,71,10627.445038759259,False,-5074.67073899811,-4536.405266833221,0,60,2025-06-06 00:00:00,2025-08-04 00:00:00,14,2025-05-23 00:00:00,2025-06-05 00:00:00,2025-08-05 00:10:00,2025-08-05 06:00:00,2025-08-05 06:00:00,35,0.0,0
2025-08-05 00:00:00,2025-08-05 12:00:00,M3,12,71,107,6013.201174129628,True,3206.619835472279,3184.6489161191507,3,60,2025-06-06 00:00:00,2025-08-04 00:00:00,14,2025-05-23 00:00:00,2025-06-05 00:00:00,2025-08-05 00:10:00,2025-08-05 12:00:00,2025-08-05 12:00:00,71,9.094947017729282e-13,0
2025-08-05 00:00:00,2025-08-05 18:00:00,M3,18,107,144,10782.992954320987,False,23433.233377319433,24030.658838143776,0,60,2025-06-06 00:00:00,2025-08-04 00:00:00,14,2025-05-23 00:00:00,2025-06-05 00:00:00,2025-08-05 00:10:00,2025-08-05 18:00:00,2025-08-05 18:00:00,107,2.2737367544323206e-13,0
2025-08-06 00:00:00,2025-08-06 06:00:00,M3,6,35,71,10752.663275925926,False,-6366.057704664118,-6366.057704664118,0,60,2025-06-07 00:00:00,2025-08-05 00:00:00,14,2025-05-24 00:00:00,2025-06-06 00:00:00,2025-08-06 00:10:00,2025-08-06 06:00:00,2025-08-06 06:00:00,35,9.094947017729282e-13,0
2025-08-06 00:00:00,2025-08-06 12:00:00,M3,12,71,107,7335.791812407409,True,8842.032844088812,7514.445348602757,23,60,2025-06-07 00:00:00,2025-08-05 00:00:00,14,2025-05-24 00:00:00,2025-06-06 00:00:00,2025-08-06 00:10:00,2025-08-06 12:00:00,2025-08-06 12:00:00,71,0.0,0
2025-08-06 00:00:00,2025-08-06 18:00:00,M3,18,107,144,10450.226348305554,False,23489.24624151013,23700.495060886613,0,60,2025-06-07 00:00:00,2025-08-05 00:00:00,14,2025-05-24 00:00:00,2025-06-06 00:00:00,2025-08-06 00:10:00,2025-08-06 18:00:00,2025-08-06 18:00:00,107,0.0,0
2025-08-07 00:00:00,2025-08-07 06:00:00,M3,6,35,71,10800.0,True,-5358.467328382945,-5437.712206396121,8,60,2025-06-08 00:00:00,2025-08-06 00:00:00,14,2025-05-25 00:00:00,2025-06-07 00:00:00,2025-08-07 00:10:00,2025-08-07 06:00:00,2025-08-07 06:00:00,35,2.2737367544323206e-13,0
2025-08-07 00:00:00,2025-08-07 12:00:00,M3,12,71,107,7355.063177777776,True,5467.056626258612,4946.838626789258,21,60,2025-06-08 00:00:00,2025-08-06 00:00:00,14,2025-05-25 00:00:00,2025-06-07 00:00:00,2025-08-07 00:10:00,2025-08-07 12:00:00,2025-08-07 12:00:00,71,4.547473508864641e-13,0
2025-08-07 00:00:00,2025-08-07 18:00:00,M3,18,107,144,10800.0,False,21421.40729262213,22124.714497825247,0,60,2025-06-08 00:00:00,2025-08-06 00:00:00,14,2025-05-25 00:00:00,2025-06-07 00:00:00,2025-08-07 00:10:00,2025-08-07 18:00:00,2025-08-07 18:00:00,107,2.2737367544323206e-13,0
2025-08-08 00:00:00,2025-08-08 06:00:00,M3,6,35,71,4338.973660780861,False,-5758.6140000000005,-5758.6140000000005,0,60,2025-06-09 00:00:00,2025-08-07 00:00:00,14,2025-05-26 00:00:00,2025-06-08 00:00:00,2025-08-08 00:10:00,2025-08-08 06:00:00,2025-08-08 06:00:00,35,9.094947017729282e-13,0
2025-08-08 00:00:00,2025-08-08 12:00:00,M3,12,71,107,10800.0,True,-3404.8767730166937,-3408.4290278380295,11,60,2025-06-09 00:00:00,2025-08-07 00:00:00,14,2025-05-26 00:00:00,2025-06-08 00:00:00,2025-08-08 00:10:00,2025-08-08 12:00:00,2025-08-08 12:00:00,71,9.094947017729282e-13,0
2025-08-08 00:00:00,2025-08-08 18:00:00,M3,18,107,144,10777.197326771604,True,11400.18792178075,11296.545591493927,17,60,2025-06-09 00:00:00,2025-08-07 00:00:00,14,2025-05-26 00:00:00,2025-06-08 00:00:00,2025-08-08 00:10:00,2025-08-08 18:00:00,2025-08-08 18:00:00,107,0.0,0
2025-08-09 00:00:00,2025-08-09 06:00:00,M3,6,35,71,3894.9464859074083,False,-5897.123999999998,-5897.123999999998,0,60,2025-06-10 00:00:00,2025-08-08 00:00:00,14,2025-05-27 00:00:00,2025-06-09 00:00:00,2025-08-09 00:10:00,2025-08-09 06:00:00,2025-08-09 06:00:00,35,2.2737367544323206e-13,0
2025-08-09 00:00:00,2025-08-09 12:00:00,M3,12,71,107,10800.0,False,-3390.602043039392,-3387.712643191017,0,60,2025-06-10 00:00:00,2025-08-08 00:00:00,14,2025-05-27 00:00:00,2025-06-09 00:00:00,2025-08-09 00:10:00,2025-08-09 12:00:00,2025-08-09 12:00:00,71,1.1368683772161603e-13,0
2025-08-09 00:00:00,2025-08-09 18:00:00,M3,18,107,144,10800.0,True,10769.505385719925,10738.49373883611,15,60,2025-06-10 00:00:00,2025-08-08 00:00:00,14,2025-05-27 00:00:00,2025-06-09 00:00:00,2025-08-09 00:10:00,2025-08-09 18:00:00,2025-08-09 18:00:00,107,0.0,0
2025-08-10 00:00:00,2025-08-10 06:00:00,M3,6,35,71,9065.83265612963,False,-5783.02724078318,-5670.134671282343,0,60,2025-06-11 00:00:00,2025-08-09 00:00:00,14,2025-05-28 00:00:00,2025-06-10 00:00:00,2025-08-10 00:10:00,2025-08-10 06:00:00,2025-08-10 06:00:00,35,4.547473508864641e-13,0
2025-08-10 00:00:00,2025-08-10 12:00:00,M3,12,71,107,6843.097474092593,True,5338.620553771206,5064.293716040039,23,60,2025-06-11 00:00:00,2025-08-09 00:00:00,14,2025-05-28 00:00:00,2025-06-10 00:00:00,2025-08-10 00:10:00,2025-08-10 12:00:00,2025-08-10 12:00:00,71,2.2737367544323206e-13,0
2025-08-10 00:00:00,2025-08-10 18:00:00,M3,18,107,144,10800.0,True,23368.66428379746,23229.388050240486,24,60,2025-06-11 00:00:00,2025-08-09 00:00:00,14,2025-05-28 00:00:00,2025-06-10 00:00:00,2025-08-10 00:10:00,2025-08-10 18:00:00,2025-08-10 18:00:00,107,0.0,0
2025-08-11 00:00:00,2025-08-11 06:00:00,M3,6,35,71,9671.820353182266,False,-4316.947150325746,-4047.9269970479686,0,60,2025-06-12 00:00:00,2025-08-10 00:00:00,14,2025-05-29 00:00:00,2025-06-11 00:00:00,2025-08-11 00:10:00,2025-08-11 06:00:00,2025-08-11 06:00:00,35,9.094947017729282e-13,0
2025-08-11 00:00:00,2025-08-11 12:00:00,M3,12,71,107,7024.840885972219,False,4224.14620387383,4263.967041974715,0,60,2025-06-12 00:00:00,2025-08-10 00:00:00,14,2025-05-29 00:00:00,2025-06-11 00:00:00,2025-08-11 00:10:00,2025-08-11 12:00:00,2025-08-11 12:00:00,71,1.8189894035458565e-12,0
2025-08-11 00:00:00,2025-08-11 18:00:00,M3,18,107,144,9975.91124256173,True,21813.966205261648,21728.21937626856,8,60,2025-06-12 00:00:00,2025-08-10 00:00:00,14,2025-05-29 00:00:00,2025-06-11 00:00:00,2025-08-11 00:10:00,2025-08-11 18:00:00,2025-08-11 18:00:00,107,0.0,0
2025-08-12 00:00:00,2025-08-12 06:00:00,M3,6,35,71,9817.965593935187,False,-4393.611420814369,-3883.4488740975207,0,60,2025-06-13 00:00:00,2025-08-11 00:00:00,14,2025-05-30 00:00:00,2025-06-12 00:00:00,2025-08-12 00:10:00,2025-08-12 06:00:00,2025-08-12 06:00:00,35,0.0,0
2025-08-12 00:00:00,2025-08-12 12:00:00,M3,12,71,107,7965.0590704166725,False,5866.750508599668,5988.807543483141,0,60,2025-06-13 00:00:00,2025-08-11 00:00:00,14,2025-05-30 00:00:00,2025-06-12 00:00:00,2025-08-12 00:10:00,2025-08-12 12:00:00,2025-08-12 12:00:00,71,2.2737367544323206e-13,0
2025-08-12 00:00:00,2025-08-12 18:00:00,M3,18,107,144,10150.833584388889,True,28839.537959698937,25300.08472529761,25,60,2025-06-13 00:00:00,2025-08-11 00:00:00,14,2025-05-30 00:00:00,2025-06-12 00:00:00,2025-08-12 00:10:00,2025-08-12 18:00:00,2025-08-12 18:00:00,107,2.2737367544323206e-13,0
2025-08-13 00:00:00,2025-08-13 06:00:00,M3,6,35,71,9189.15404240741,False,-4305.133862347478,-4124.259150462679,0,60,2025-06-14 00:00:00,2025-08-12 00:00:00,14,2025-05-31 00:00:00,2025-06-13 00:00:00,2025-08-13 00:10:00,2025-08-13 06:00:00,2025-08-13 06:00:00,35,9.094947017729282e-13,0
2025-08-13 00:00:00,2025-08-13 12:00:00,M3,12,71,107,4894.273668611113,False,5317.363469498695,6803.1069768574735,0,60,2025-06-14 00:00:00,2025-08-12 00:00:00,14,2025-05-31 00:00:00,2025-06-13 00:00:00,2025-08-13 00:10:00,2025-08-13 12:00:00,2025-08-13 12:00:00,71,2.2737367544323206e-13,0
2025-08-13 00:00:00,2025-08-13 18:00:00,M3,18,107,144,9192.649648845681,True,33786.22345384745,26431.613433623694,34,60,2025-06-14 00:00:00,2025-08-12 00:00:00,14,2025-05-31 00:00:00,2025-06-13 00:00:00,2025-08-13 00:10:00,2025-08-13 18:00:00,2025-08-13 18:00:00,107,2.2737367544323206e-13,0
2025-08-14 00:00:00,2025-08-14 06:00:00,M3,6,35,71,9625.523468506173,True,-2418.1454504968615,-2661.7788370008207,8,60,2025-06-15 00:00:00,2025-08-13 00:00:00,14,2025-06-01 00:00:00,2025-06-14 00:00:00,2025-08-14 00:10:00,2025-08-14 06:00:00,2025-08-14 06:00:00,35,9.094947017729282e-13,0
2025-08-14 00:00:00,2025-08-14 12:00:00,M3,12,71,107,6985.459396530852,False,4064.691485748584,4242.313040273174,0,60,2025-06-15 00:00:00,2025-08-13 00:00:00,14,2025-06-01 00:00:00,2025-06-14 00:00:00,2025-08-14 00:10:00,2025-08-14 12:00:00,2025-08-14 12:00:00,71,0.0,0
2025-08-14 00:00:00,2025-08-14 18:00:00,M3,18,107,144,10791.159237654321,True,22537.170838743536,22469.73662836912,21,60,2025-06-15 00:00:00,2025-08-13 00:00:00,14,2025-06-01 00:00:00,2025-06-14 00:00:00,2025-08-14 00:10:00,2025-08-14 18:00:00,2025-08-14 18:00:00,107,0.0,0
2025-08-15 00:00:00,2025-08-15 06:00:00,M3,6,35,71,3273.6437419938275,True,-5045.660385268956,-5091.251603050303,3,60,2025-06-16 00:00:00,2025-08-14 00:00:00,14,2025-06-02 00:00:00,2025-06-15 00:00:00,2025-08-15 00:10:00,2025-08-15 06:00:00,2025-08-15 06:00:00,35,9.094947017729282e-13,0
2025-08-15 00:00:00,2025-08-15 12:00:00,M3,12,71,107,10800.0,True,-2548.4010969622327,-2548.4691658518573,13,60,2025-06-16 00:00:00,2025-08-14 00:00:00,14,2025-06-02 00:00:00,2025-06-15 00:00:00,2025-08-15 00:10:00,2025-08-15 12:00:00,2025-08-15 12:00:00,71,9.094947017729282e-13,0
2025-08-15 00:00:00,2025-08-15 18:00:00,M3,18,107,144,10800.0,True,9868.750454774257,9787.82319198435,12,60,2025-06-16 00:00:00,2025-08-14 00:00:00,14,2025-06-02 00:00:00,2025-06-15 00:00:00,2025-08-15 00:10:00,2025-08-15 18:00:00,2025-08-15 18:00:00,107,0.0,0
2025-08-16 00:00:00,2025-08-16 06:00:00,M3,6,35,71,2596.3888389999997,True,-5047.364343319134,-5244.332996857159,3,60,2025-06-17 00:00:00,2025-08-15 00:00:00,14,2025-06-03 00:00:00,2025-06-16 00:00:00,2025-08-16 00:10:00,2025-08-16 06:00:00,2025-08-16 06:00:00,35,0.0,0
2025-08-16 00:00:00,2025-08-16 12:00:00,M3,12,71,107,10800.0,True,-1803.1199963045979,-2246.6759090233727,17,60,2025-06-17 00:00:00,2025-08-15 00:00:00,14,2025-06-03 00:00:00,2025-06-16 00:00:00,2025-08-16 00:10:00,2025-08-16 12:00:00,2025-08-16 12:00:00,71,9.094947017729282e-13,0
2025-08-16 00:00:00,2025-08-16 18:00:00,M3,18,107,144,10731.116437327159,True,10217.417792805807,10102.220412946423,14,60,2025-06-17 00:00:00,2025-08-15 00:00:00,14,2025-06-03 00:00:00,2025-06-16 00:00:00,2025-08-16 00:10:00,2025-08-16 18:00:00,2025-08-16 18:00:00,107,9.094947017729282e-13,0
2025-08-17 00:00:00,2025-08-17 06:00:00,M3,6,35,71,10535.199945450619,False,-5710.718102041063,-4654.354470071831,0,60,2025-06-18 00:00:00,2025-08-16 00:00:00,14,2025-06-04 00:00:00,2025-06-17 00:00:00,2025-08-17 00:10:00,2025-08-17 06:00:00,2025-08-17 06:00:00,35,1.8189894035458565e-12,0
2025-08-17 00:00:00,2025-08-17 12:00:00,M3,12,71,107,9739.88104554321,True,3800.023727299165,3392.0521161172487,14,60,2025-06-18 00:00:00,2025-08-16 00:00:00,14,2025-06-04 00:00:00,2025-06-17 00:00:00,2025-08-17 00:10:00,2025-08-17 12:00:00,2025-08-17 12:00:00,71,9.094947017729282e-13,0
2025-08-17 00:00:00,2025-08-17 18:00:00,M3,18,107,144,10349.532193148156,True,25459.60605017508,24231.062469206867,35,60,2025-06-18 00:00:00,2025-08-16 00:00:00,14,2025-06-04 00:00:00,2025-06-17 00:00:00,2025-08-17 00:10:00,2025-08-17 18:00:00,2025-08-17 18:00:00,107,2.2737367544323206e-13,0
2025-08-18 00:00:00,2025-08-18 06:00:00,M3,6,35,71,10399.95122292901,False,-3715.331652539207,-3540.814034201988,0,60,2025-06-19 00:00:00,2025-08-17 00:00:00,14,2025-06-05 00:00:00,2025-06-18 00:00:00,2025-08-18 00:10:00,2025-08-18 06:00:00,2025-08-18 06:00:00,35,2.2737367544323206e-13,0
2025-08-18 00:00:00,2025-08-18 12:00:00,M3,12,71,107,7172.334607891973,True,3828.451491349962,3610.726105475454,17,60,2025-06-19 00:00:00,2025-08-17 00:00:00,14,2025-06-05 00:00:00,2025-06-18 00:00:00,2025-08-18 00:10:00,2025-08-18 12:00:00,2025-08-18 12:00:00,71,9.094947017729282e-13,0
2025-08-18 00:00:00,2025-08-18 18:00:00,M3,18,107,144,10237.689042988193,True,24678.17413192055,23721.847346860723,31,60,2025-06-19 00:00:00,2025-08-17 00:00:00,14,2025-06-05 00:00:00,2025-06-18 00:00:00,2025-08-18 00:10:00,2025-08-18 18:00:00,2025-08-18 18:00:00,107,2.2737367544323206e-13,0
2025-08-19 00:00:00,2025-08-19 06:00:00,M3,6,35,71,8638.478273493827,False,-3938.519305465681,-3752.8145574681344,0,60,2025-06-20 00:00:00,2025-08-18 00:00:00,14,2025-06-06 00:00:00,2025-06-19 00:00:00,2025-08-19 00:10:00,2025-08-19 06:00:00,2025-08-19 06:00:00,35,9.094947017729282e-13,0
2025-08-19 00:00:00,2025-08-19 12:00:00,M3,12,71,107,6024.835765530866,False,4334.875051613998,4374.487071753827,0,60,2025-06-20 00:00:00,2025-08-18 00:00:00,14,2025-06-06 00:00:00,2025-06-19 00:00:00,2025-08-19 00:10:00,2025-08-19 12:00:00,2025-08-19 12:00:00,71,2.2737367544323206e-13,0
2025-08-19 00:00:00,2025-08-19 18:00:00,M3,18,107,144,10800.0,False,21609.586650795147,21778.352880993803,0,60,2025-06-20 00:00:00,2025-08-18 00:00:00,14,2025-06-06 00:00:00,2025-06-19 00:00:00,2025-08-19 00:10:00,2025-08-19 18:00:00,2025-08-19 18:00:00,107,2.2737367544323206e-13,0
2025-08-20 00:00:00,2025-08-20 06:00:00,M3,6,35,71,10800.0,True,128.70096571326877,-352.9851213263073,8,60,2025-06-21 00:00:00,2025-08-19 00:00:00,14,2025-06-07 00:00:00,2025-06-20 00:00:00,2025-08-20 00:10:00,2025-08-20 06:00:00,2025-08-20 06:00:00,35,9.094947017729282e-13,0
2025-08-20 00:00:00,2025-08-20 12:00:00,M3,12,71,107,3950.3759045586457,True,5401.827910921778,5117.406165207189,12,60,2025-06-21 00:00:00,2025-08-19 00:00:00,14,2025-06-07 00:00:00,2025-06-20 00:00:00,2025-08-20 00:10:00,2025-08-20 12:00:00,2025-08-20 12:00:00,71,1.1368683772161603e-13,0
2025-08-20 00:00:00,2025-08-20 18:00:00,M3,18,107,144,9607.151232157412,True,35408.35529944276,26730.62658343392,34,60,2025-06-21 00:00:00,2025-08-19 00:00:00,14,2025-06-07 00:00:00,2025-06-20 00:00:00,2025-08-20 00:10:00,2025-08-20 18:00:00,2025-08-20 18:00:00,107,2.2737367544323206e-13,0
2025-08-21 00:00:00,2025-08-21 06:00:00,M3,6,35,71,10092.927537037038,False,-4455.066486709283,-3565.982518849812,0,60,2025-06-22 00:00:00,2025-08-20 00:00:00,14,2025-06-08 00:00:00,2025-06-21 00:00:00,2025-08-21 00:10:00,2025-08-21 06:00:00,2025-08-21 06:00:00,35,4.547473508864641e-13,0
2025-08-21 00:00:00,2025-08-21 12:00:00,M3,12,71,107,9037.433804074077,True,4186.4171922874475,3510.251444201756,17,60,2025-06-22 00:00:00,2025-08-20 00:00:00,14,2025-06-08 00:00:00,2025-06-21 00:00:00,2025-08-21 00:10:00,2025-08-21 12:00:00,2025-08-21 12:00:00,71,1.8189894035458565e-12,0
2025-08-21 00:00:00,2025-08-21 18:00:00,M3,18,107,144,10791.763351851852,False,22080.694226017473,22183.652962693242,0,60,2025-06-22 00:00:00,2025-08-20 00:00:00,14,2025-06-08 00:00:00,2025-06-21 00:00:00,2025-08-21 00:10:00,2025-08-21 18:00:00,2025-08-21 18:00:00,107,2.2737367544323206e-13,0
2025-08-22 00:00:00,2025-08-22 06:00:00,M3,6,35,71,2751.202258574075,True,-3861.458639883723,-4722.30216564255,4,60,2025-06-23 00:00:00,2025-08-21 00:00:00,14,2025-06-09 00:00:00,2025-06-22 00:00:00,2025-08-22 00:10:00,2025-08-22 06:00:00,2025-08-22 06:00:00,35,9.094947017729282e-13,0
2025-08-22 00:00:00,2025-08-22 12:00:00,M3,12,71,107,10800.0,True,-2665.0898887270114,-2790.7330962934857,14,60,2025-06-23 00:00:00,2025-08-21 00:00:00,14,2025-06-09 00:00:00,2025-06-22 00:00:00,2025-08-22 00:10:00,2025-08-22 12:00:00,2025-08-22 12:00:00,71,9.094947017729282e-13,0
2025-08-22 00:00:00,2025-08-22 18:00:00,M3,18,107,144,10545.068843901234,True,12926.416407870152,11727.632053642184,23,60,2025-06-23 00:00:00,2025-08-21 00:00:00,14,2025-06-09 00:00:00,2025-06-22 00:00:00,2025-08-22 00:10:00,2025-08-22 18:00:00,2025-08-22 18:00:00,107,4.547473508864641e-13,0
2025-08-23 00:00:00,2025-08-23 06:00:00,M3,6,35,71,3570.220196361111,False,-5752.40473959709,-5752.40473959709,0,60,2025-06-24 00:00:00,2025-08-22 00:00:00,14,2025-06-10 00:00:00,2025-06-23 00:00:00,2025-08-23 00:10:00,2025-08-23 06:00:00,2025-08-23 06:00:00,35,0.0,0
2025-08-23 00:00:00,2025-08-23 12:00:00,M3,12,71,107,10800.0,False,-3518.6426553577517,-3023.6808875387346,0,60,2025-06-24 00:00:00,2025-08-22 00:00:00,14,2025-06-10 00:00:00,2025-06-23 00:00:00,2025-08-23 00:10:00,2025-08-23 12:00:00,2025-08-23 12:00:00,71,9.094947017729282e-13,0
2025-08-23 00:00:00,2025-08-23 18:00:00,M3,18,107,144,10163.687891975307,True,13369.98868871666,11405.745702774935,15,60,2025-06-24 00:00:00,2025-08-22 00:00:00,14,2025-06-10 00:00:00,2025-06-23 00:00:00,2025-08-23 00:10:00,2025-08-23 18:00:00,2025-08-23 18:00:00,107,4.547473508864641e-13,0
2025-08-24 00:00:00,2025-08-24 06:00:00,M3,6,35,71,9171.767221172842,False,-5178.314819265358,-5041.107416361951,0,60,2025-06-25 00:00:00,2025-08-23 00:00:00,14,2025-06-11 00:00:00,2025-06-24 00:00:00,2025-08-24 00:10:00,2025-08-24 06:00:00,2025-08-24 06:00:00,35,1.8189894035458565e-12,0
2025-08-24 00:00:00,2025-08-24 12:00:00,M3,12,71,107,6402.990911,False,4442.887034043969,5027.477576523181,0,60,2025-06-25 00:00:00,2025-08-23 00:00:00,14,2025-06-11 00:00:00,2025-06-24 00:00:00,2025-08-24 00:10:00,2025-08-24 12:00:00,2025-08-24 12:00:00,71,2.2737367544323206e-13,0
2025-08-24 00:00:00,2025-08-24 18:00:00,M3,18,107,144,10800.0,False,22569.570744334826,22747.029263286448,0,60,2025-06-25 00:00:00,2025-08-23 00:00:00,14,2025-06-11 00:00:00,2025-06-24 00:00:00,2025-08-24 00:10:00,2025-08-24 18:00:00,2025-08-24 18:00:00,107,2.2737367544323206e-13,0
2025-08-25 00:00:00,2025-08-25 06:00:00,M3,6,35,71,10790.483457407408,False,-3498.924625920507,-1651.0561938112826,0,60,2025-06-26 00:00:00,2025-08-24 00:00:00,14,2025-06-12 00:00:00,2025-06-25 00:00:00,2025-08-25 00:10:00,2025-08-25 06:00:00,2025-08-25 06:00:00,35,9.094947017729282e-13,0
2025-08-25 00:00:00,2025-08-25 12:00:00,M3,12,71,107,9981.035574290121,True,12502.749062183182,8696.641394220658,29,60,2025-06-26 00:00:00,2025-08-24 00:00:00,14,2025-06-12 00:00:00,2025-06-25 00:00:00,2025-08-25 00:10:00,2025-08-25 12:00:00,2025-08-25 12:00:00,71,0.0,0
2025-08-25 00:00:00,2025-08-25 18:00:00,M3,18,107,144,10726.267303185183,False,21842.66211941556,21992.595755956765,0,60,2025-06-26 00:00:00,2025-08-24 00:00:00,14,2025-06-12 00:00:00,2025-06-25 00:00:00,2025-08-25 00:10:00,2025-08-25 18:00:00,2025-08-25 18:00:00,107,9.094947017729282e-13,0
2025-08-26 00:00:00,2025-08-26 06:00:00,M3,6,35,71,10111.783992061728,False,-4806.859944379804,-4582.167081712175,0,60,2025-06-27 00:00:00,2025-08-25 00:00:00,14,2025-06-13 00:00:00,2025-06-26 00:00:00,2025-08-26 00:10:00,2025-08-26 06:00:00,2025-08-26 06:00:00,35,1.8189894035458565e-12,0
2025-08-26 00:00:00,2025-08-26 12:00:00,M3,12,71,107,6322.438137802468,False,4289.570167967564,4489.672645957326,0,60,2025-06-27 00:00:00,2025-08-25 00:00:00,14,2025-06-13 00:00:00,2025-06-26 00:00:00,2025-08-26 00:10:00,2025-08-26 12:00:00,2025-08-26 12:00:00,71,2.2737367544323206e-13,0
2025-08-26 00:00:00,2025-08-26 18:00:00,M3,18,107,144,10800.0,True,24580.165893792157,23970.11841298301,37,60,2025-06-27 00:00:00,2025-08-25 00:00:00,14,2025-06-13 00:00:00,2025-06-26 00:00:00,2025-08-26 00:10:00,2025-08-26 18:00:00,2025-08-26 18:00:00,107,2.2737367544323206e-13,0
2025-08-27 00:00:00,2025-08-27 06:00:00,M3,6,35,71,10800.0,False,-3254.3668731481744,-2540.9197100201595,0,60,2025-06-28 00:00:00,2025-08-26 00:00:00,14,2025-06-14 00:00:00,2025-06-27 00:00:00,2025-08-27 00:10:00,2025-08-27 06:00:00,2025-08-27 06:00:00,35,1.8189894035458565e-12,0
2025-08-27 00:00:00,2025-08-27 12:00:00,M3,12,71,107,6437.810190648148,False,4835.444109823124,6002.01732953661,0,60,2025-06-28 00:00:00,2025-08-26 00:00:00,14,2025-06-14 00:00:00,2025-06-27 00:00:00,2025-08-27 00:10:00,2025-08-27 12:00:00,2025-08-27 12:00:00,71,9.094947017729282e-13,0
2025-08-27 00:00:00,2025-08-27 18:00:00,M3,18,107,144,9451.813736864195,True,27866.377116544667,24338.959696445447,8,60,2025-06-28 00:00:00,2025-08-26 00:00:00,14,2025-06-14 00:00:00,2025-06-27 00:00:00,2025-08-27 00:10:00,2025-08-27 18:00:00,2025-08-27 18:00:00,107,4.547473508864641e-13,0
2025-08-28 00:00:00,2025-08-28 06:00:00,M3,6,35,71,10799.312531481482,False,-2897.9306496857557,-2498.773414973752,0,60,2025-06-29 00:00:00,2025-08-27 00:00:00,14,2025-06-15 00:00:00,2025-06-28 00:00:00,2025-08-28 00:10:00,2025-08-28 06:00:00,2025-08-28 06:00:00,35,9.094947017729282e-13,0
2025-08-28 00:00:00,2025-08-28 12:00:00,M3,12,71,107,4426.980119617284,False,5279.040442754672,8068.2763463843485,0,60,2025-06-29 00:00:00,2025-08-27 00:00:00,14,2025-06-15 00:00:00,2025-06-28 00:00:00,2025-08-28 00:10:00,2025-08-28 12:00:00,2025-08-28 12:00:00,71,2.2737367544323206e-13,0
2025-08-28 00:00:00,2025-08-28 18:00:00,M3,18,107,144,6192.554198166668,True,55893.00344321342,32808.00931036754,17,60,2025-06-29 00:00:00,2025-08-27 00:00:00,14,2025-06-15 00:00:00,2025-06-28 00:00:00,2025-08-28 00:10:00,2025-08-28 18:00:00,2025-08-28 18:00:00,107,2.2737367544323206e-13,0
2025-08-29 00:00:00,2025-08-29 06:00:00,M3,6,35,71,4943.142394984567,False,-5704.668,-5704.668,0,60,2025-06-30 00:00:00,2025-08-28 00:00:00,14,2025-06-16 00:00:00,2025-06-29 00:00:00,2025-08-29 00:10:00,2025-08-29 06:00:00,2025-08-29 06:00:00,35,0.0,0
2025-08-29 00:00:00,2025-08-29 12:00:00,M3,12,71,107,10800.0,True,-2390.348202431674,-2610.990247715018,15,60,2025-06-30 00:00:00,2025-08-28 00:00:00,14,2025-06-16 00:00:00,2025-06-29 00:00:00,2025-08-29 00:10:00,2025-08-29 12:00:00,2025-08-29 12:00:00,71,4.547473508864641e-13,0
2025-08-29 00:00:00,2025-08-29 18:00:00,M3,18,107,144,10640.742782429012,False,10456.859081575714,10817.993923405378,0,60,2025-06-30 00:00:00,2025-08-28 00:00:00,14,2025-06-16 00:00:00,2025-06-29 00:00:00,2025-08-29 00:10:00,2025-08-29 18:00:00,2025-08-29 18:00:00,107,0.0,0
2025-08-30 00:00:00,2025-08-30 06:00:00,M3,6,35,71,3863.4548017407415,False,-5788.704173371524,-5788.704173371524,0,60,2025-07-01 00:00:00,2025-08-29 00:00:00,14,2025-06-17 00:00:00,2025-06-30 00:00:00,2025-08-30 00:10:00,2025-08-30 06:00:00,2025-08-30 06:00:00,35,4.547473508864641e-13,0
2025-08-30 00:00:00,2025-08-30 12:00:00,M3,12,71,107,10800.0,True,-2942.9533808704946,-2960.875741586146,18,60,2025-07-01 00:00:00,2025-08-29 00:00:00,14,2025-06-17 00:00:00,2025-06-30 00:00:00,2025-08-30 00:10:00,2025-08-30 12:00:00,2025-08-30 12:00:00,71,1.1368683772161603e-13,0
2025-08-30 00:00:00,2025-08-30 18:00:00,M3,18,107,144,10764.15736419753,True,11940.751090599404,11142.303590826272,12,60,2025-07-01 00:00:00,2025-08-29 00:00:00,14,2025-06-17 00:00:00,2025-06-30 00:00:00,2025-08-30 00:10:00,2025-08-30 18:00:00,2025-08-30 18:00:00,107,0.0,0
2025-08-31 00:00:00,2025-08-31 06:00:00,M3,6,35,71,8737.276646197522,True,-44.354123640887984,-1707.2345691928847,7,60,2025-07-02 00:00:00,2025-08-30 00:00:00,14,2025-06-18 00:00:00,2025-07-01 00:00:00,2025-08-31 00:10:00,2025-08-31 06:00:00,2025-08-31 06:00:00,35,2.842170943040401e-14,0
2025-08-31 00:00:00,2025-08-31 12:00:00,M3,12,71,107,5866.713461888895,True,4696.867199947609,4415.90520332218,18,60,2025-07-02 00:00:00,2025-08-30 00:00:00,14,2025-06-18 00:00:00,2025-07-01 00:00:00,2025-08-31 00:10:00,2025-08-31 12:00:00,2025-08-31 12:00:00,71,9.094947017729282e-13,0
2025-08-31 00:00:00,2025-08-31 18:00:00,M3,18,107,144,10360.637394879632,True,23618.124320185056,23348.416508507344,10,60,2025-07-02 00:00:00,2025-08-30 00:00:00,14,2025-06-18 00:00:00,2025-07-01 00:00:00,2025-08-31 00:10:00,2025-08-31 18:00:00,2025-08-31 18:00:00,107,9.094947017729282e-13,0
2025-09-01 00:00:00,2025-09-01 06:00:00,M3,6,35,71,10800.0,False,-4863.009345056206,-3706.1856955082235,0,60,2025-07-03 00:00:00,2025-08-31 00:00:00,14,2025-06-19 00:00:00,2025-07-02 00:00:00,2025-09-01 00:10:00,2025-09-01 06:00:00,2025-09-01 06:00:00,35,9.094947017729282e-13,0
2025-09-01 00:00:00,2025-09-01 12:00:00,M3,12,71,107,10800.0,True,5307.062787461045,4196.076009502994,15,60,2025-07-03 00:00:00,2025-08-31 00:00:00,14,2025-06-19 00:00:00,2025-07-02 00:00:00,2025-09-01 00:10:00,2025-09-01 12:00:00,2025-09-01 12:00:00,71,4.547473508864641e-13,0
2025-09-01 00:00:00,2025-09-01 18:00:00,M3,18,107,144,10546.685037030866,False,18473.21902063987,18700.11740762646,0,60,2025-07-03 00:00:00,2025-08-31 00:00:00,14,2025-06-19 00:00:00,2025-07-02 00:00:00,2025-09-01 00:10:00,2025-09-01 18:00:00,2025-09-01 18:00:00,107,4.547473508864641e-13,0
2025-09-02 00:00:00,2025-09-02 06:00:00,M3,6,35,71,10763.642391975309,False,-5066.096044592768,-5049.634341857555,0,60,2025-07-04 00:00:00,2025-09-01 00:00:00,14,2025-06-20 00:00:00,2025-07-03 00:00:00,2025-09-02 00:10:00,2025-09-02 06:00:00,2025-09-02 06:00:00,35,9.094947017729282e-13,0
2025-09-02 00:00:00,2025-09-02 12:00:00,M3,12,71,107,7229.38473784568,True,2293.8655579342126,2122.0004869725176,10,60,2025-07-04 00:00:00,2025-09-01 00:00:00,14,2025-06-20 00:00:00,2025-07-03 00:00:00,2025-09-02 00:10:00,2025-09-02 12:00:00,2025-09-02 12:00:00,71,4.547473508864641e-13,0
2025-09-02 00:00:00,2025-09-02 18:00:00,M3,18,107,144,10463.810223940596,False,19134.250872384313,19559.134486439038,0,60,2025-07-04 00:00:00,2025-09-01 00:00:00,14,2025-06-20 00:00:00,2025-07-03 00:00:00,2025-09-02 00:10:00,2025-09-02 18:00:00,2025-09-02 18:00:00,107,9.094947017729282e-13,0
2025-09-03 00:00:00,2025-09-03 06:00:00,M3,6,35,71,10066.9745,False,-5983.750558127869,-5464.859730825076,0,60,2025-07-05 00:00:00,2025-09-02 00:00:00,14,2025-06-21 00:00:00,2025-07-04 00:00:00,2025-09-03 00:10:00,2025-09-03 06:00:00,2025-09-03 06:00:00,35,4.547473508864641e-13,0
2025-09-03 00:00:00,2025-09-03 12:00:00,M3,12,71,107,8283.194417320987,True,5270.265383073276,4799.5199048271,15,60,2025-07-05 00:00:00,2025-09-02 00:00:00,14,2025-06-21 00:00:00,2025-07-04 00:00:00,2025-09-03 00:10:00,2025-09-03 12:00:00,2025-09-03 12:00:00,71,9.094947017729282e-13,0
2025-09-03 00:00:00,2025-09-03 18:00:00,M3,18,107,144,10149.570433104935,False,19108.797707268157,19639.111731627134,0,60,2025-07-05 00:00:00,2025-09-02 00:00:00,14,2025-06-21 00:00:00,2025-07-04 00:00:00,2025-09-03 00:10:00,2025-09-03 18:00:00,2025-09-03 18:00:00,107,2.2737367544323206e-13,0
2025-09-04 00:00:00,2025-09-04 06:00:00,M3,6,35,71,10067.797518518519,False,-6872.310408390019,-6755.469525407888,0,60,2025-07-06 00:00:00,2025-09-03 00:00:00,14,2025-06-22 00:00:00,2025-07-05 00:00:00,2025-09-04 00:10:00,2025-09-04 06:00:00,2025-09-04 06:00:00,35,9.094947017729282e-13,0
2025-09-04 00:00:00,2025-09-04 12:00:00,M3,12,71,107,7944.659614203703,True,5725.472237901057,5114.670773485171,19,60,2025-07-06 00:00:00,2025-09-03 00:00:00,14,2025-06-22 00:00:00,2025-07-05 00:00:00,2025-09-04 00:10:00,2025-09-04 12:00:00,2025-09-04 12:00:00,71,2.2737367544323206e-13,0
2025-09-04 00:00:00,2025-09-04 18:00:00,M3,18,107,144,10243.341669330244,False,19139.945045943594,19505.270376934848,0,60,2025-07-06 00:00:00,2025-09-03 00:00:00,14,2025-06-22 00:00:00,2025-07-05 00:00:00,2025-09-04 00:10:00,2025-09-04 18:00:00,2025-09-04 18:00:00,107,9.094947017729282e-13,0
2025-09-05 00:00:00,2025-09-05 06:00:00,M3,6,35,71,6665.053369814812,False,-5984.603999999998,-5984.603999999998,0,60,2025-07-07 00:00:00,2025-09-04 00:00:00,14,2025-06-23 00:00:00,2025-07-06 00:00:00,2025-09-05 00:10:00,2025-09-05 06:00:00,2025-09-05 06:00:00,35,5.684341886080802e-14,0
2025-09-05 00:00:00,2025-09-05 12:00:00,M3,12,71,107,10800.0,True,-2866.1156915324996,-3229.4539027361725,12,60,2025-07-07 00:00:00,2025-09-04 00:00:00,14,2025-06-23 00:00:00,2025-07-06 00:00:00,2025-09-05 00:10:00,2025-09-05 12:00:00,2025-09-05 12:00:00,71,9.094947017729282e-13,0
2025-09-05 00:00:00,2025-09-05 18:00:00,M3,18,107,144,10354.559388888889,True,7811.715762840924,7737.198992795878,11,60,2025-07-07 00:00:00,2025-09-04 00:00:00,14,2025-06-23 00:00:00,2025-07-06 00:00:00,2025-09-05 00:10:00,2025-09-05 18:00:00,2025-09-05 18:00:00,107,4.547473508864641e-13,0
2025-09-06 00:00:00,2025-09-06 06:00:00,M3,6,35,71,6586.078902126541,False,-5789.718,-5789.718,0,60,2025-07-08 00:00:00,2025-09-05 00:00:00,14,2025-06-24 00:00:00,2025-07-07 00:00:00,2025-09-06 00:10:00,2025-09-06 06:00:00,2025-09-06 06:00:00,35,1.8189894035458565e-12,0
2025-09-06 00:00:00,2025-09-06 12:00:00,M3,12,71,107,10800.0,True,-2977.507705240278,-3220.4864217372988,12,60,2025-07-08 00:00:00,2025-09-05 00:00:00,14,2025-06-24 00:00:00,2025-07-07 00:00:00,2025-09-06 00:10:00,2025-09-06 12:00:00,2025-09-06 12:00:00,71,1.1368683772161603e-13,0
2025-09-06 00:00:00,2025-09-06 18:00:00,M3,18,107,144,10701.224384450617,True,8465.312283244979,7889.442018054761,19,60,2025-07-08 00:00:00,2025-09-05 00:00:00,14,2025-06-24 00:00:00,2025-07-07 00:00:00,2025-09-06 00:10:00,2025-09-06 18:00:00,2025-09-06 18:00:00,107,4.547473508864641e-13,0
2025-09-07 00:00:00,2025-09-07 06:00:00,M3,6,35,71,10084.517277777777,False,-4761.695594284551,-3857.586447358352,0,60,2025-07-09 00:00:00,2025-09-06 00:00:00,14,2025-06-25 00:00:00,2025-07-08 00:00:00,2025-09-07 00:10:00,2025-09-07 06:00:00,2025-09-07 06:00:00,35,4.547473508864641e-13,0
2025-09-07 00:00:00,2025-09-07 12:00:00,M3,12,71,107,6420.429777956794,True,3601.9078234462495,3595.150137482676,8,60,2025-07-09 00:00:00,2025-09-06 00:00:00,14,2025-06-25 00:00:00,2025-07-08 00:00:00,2025-09-07 00:10:00,2025-09-07 12:00:00,2025-09-07 12:00:00,71,0.0,0
2025-09-07 00:00:00,2025-09-07 18:00:00,M3,18,107,144,10800.0,False,18381.236262955183,18592.981088506673,0,60,2025-07-09 00:00:00,2025-09-06 00:00:00,14,2025-06-25 00:00:00,2025-07-08 00:00:00,2025-09-07 00:10:00,2025-09-07 18:00:00,2025-09-07 18:00:00,107,2.2737367544323206e-13,0
2025-09-08 00:00:00,2025-09-08 06:00:00,M3,6,35,71,10771.142068518518,False,-4227.36557528761,-3725.7615382927493,0,60,2025-07-10 00:00:00,2025-09-07 00:00:00,14,2025-06-26 00:00:00,2025-07-09 00:00:00,2025-09-08 00:10:00,2025-09-08 06:00:00,2025-09-08 06:00:00,35,9.094947017729282e-13,0
2025-09-08 00:00:00,2025-09-08 12:00:00,M3,12,71,107,8088.878067018521,True,4774.46004305323,4455.303120358252,10,60,2025-07-10 00:00:00,2025-09-07 00:00:00,14,2025-06-26 00:00:00,2025-07-09 00:00:00,2025-09-08 00:10:00,2025-09-08 12:00:00,2025-09-08 12:00:00,71,4.547473508864641e-13,0
2025-09-08 00:00:00,2025-09-08 18:00:00,M3,18,107,144,10800.0,False,15105.12637496217,15549.43760156647,0,60,2025-07-10 00:00:00,2025-09-07 00:00:00,14,2025-06-26 00:00:00,2025-07-09 00:00:00,2025-09-08 00:10:00,2025-09-08 18:00:00,2025-09-08 18:00:00,107,2.2737367544323206e-13,0
2025-09-09 00:00:00,2025-09-09 06:00:00,M3,6,35,71,10098.047666666667,True,-6156.287561845872,-6157.181876245423,1,60,2025-07-11 00:00:00,2025-09-08 00:00:00,14,2025-06-27 00:00:00,2025-07-10 00:00:00,2025-09-09 00:10:00,2025-09-09 06:00:00,2025-09-09 06:00:00,35,1.8189894035458565e-12,0
2025-09-09 00:00:00,2025-09-09 12:00:00,M3,12,71,107,7570.610148401242,False,2747.8520175943745,3278.2864174557712,0,60,2025-07-11 00:00:00,2025-09-08 00:00:00,14,2025-06-27 00:00:00,2025-07-10 00:00:00,2025-09-09 00:10:00,2025-09-09 12:00:00,2025-09-09 12:00:00,71,4.547473508864641e-13,0
2025-09-09 00:00:00,2025-09-09 18:00:00,M3,18,107,144,10044.223969166665,False,15867.067680420287,15953.041865914614,0,60,2025-07-11 00:00:00,2025-09-08 00:00:00,14,2025-06-27 00:00:00,2025-07-10 00:00:00,2025-09-09 00:10:00,2025-09-09 18:00:00,2025-09-09 18:00:00,107,0.0,0
2025-09-10 00:00:00,2025-09-10 06:00:00,M3,6,35,71,10800.0,False,-4221.842319861964,-2968.0044188801444,0,60,2025-07-12 00:00:00,2025-09-09 00:00:00,14,2025-06-28 00:00:00,2025-07-11 00:00:00,2025-09-10 00:10:00,2025-09-10 06:00:00,2025-09-10 06:00:00,35,0.0,0
2025-09-10 00:00:00,2025-09-10 12:00:00,M3,12,71,107,6982.370435092593,True,4866.459309166731,4796.907656413902,14,60,2025-07-12 00:00:00,2025-09-09 00:00:00,14,2025-06-28 00:00:00,2025-07-11 00:00:00,2025-09-10 00:10:00,2025-09-10 12:00:00,2025-09-10 12:00:00,71,4.547473508864641e-13,0
2025-09-10 00:00:00,2025-09-10 18:00:00,M3,18,107,144,10800.0,False,15664.92258774632,16039.02162287576,0,60,2025-07-12 00:00:00,2025-09-09 00:00:00,14,2025-06-28 00:00:00,2025-07-11 00:00:00,2025-09-10 00:10:00,2025-09-10 18:00:00,2025-09-10 18:00:00,107,9.094947017729282e-13,0
2025-09-11 00:00:00,2025-09-11 06:00:00,M3,6,35,71,10055.508981481482,False,-4388.511610750861,-4043.7064144181263,0,60,2025-07-13 00:00:00,2025-09-10 00:00:00,14,2025-06-29 00:00:00,2025-07-12 00:00:00,2025-09-11 00:10:00,2025-09-11 06:00:00,2025-09-11 06:00:00,35,4.547473508864641e-13,0
2025-09-11 00:00:00,2025-09-11 12:00:00,M3,12,71,107,6924.649767407408,True,6275.417491757864,4747.67349559238,25,60,2025-07-13 00:00:00,2025-09-10 00:00:00,14,2025-06-29 00:00:00,2025-07-12 00:00:00,2025-09-11 00:10:00,2025-09-11 12:00:00,2025-09-11 12:00:00,71,9.094947017729282e-13,0
2025-09-11 00:00:00,2025-09-11 18:00:00,M3,18,107,144,10383.742956506174,False,15393.68206012946,15958.218283179764,0,60,2025-07-13 00:00:00,2025-09-10 00:00:00,14,2025-06-29 00:00:00,2025-07-12 00:00:00,2025-09-11 00:10:00,2025-09-11 18:00:00,2025-09-11 18:00:00,107,4.547473508864641e-13,0
2025-09-12 00:00:00,2025-09-12 06:00:00,M3,6,35,71,5250.4563256851825,False,-5096.195999999998,-5096.195999999998,0,60,2025-07-14 00:00:00,2025-09-11 00:00:00,14,2025-06-30 00:00:00,2025-07-13 00:00:00,2025-09-12 00:10:00,2025-09-12 06:00:00,2025-09-12 06:00:00,35,9.094947017729282e-13,0
2025-09-12 00:00:00,2025-09-12 12:00:00,M3,12,71,107,10800.0,False,-2704.271659538474,-2702.649945337556,0,60,2025-07-14 00:00:00,2025-09-11 00:00:00,14,2025-06-30 00:00:00,2025-07-13 00:00:00,2025-09-12 00:10:00,2025-09-12 12:00:00,2025-09-12 12:00:00,71,9.094947017729282e-13,0
2025-09-12 00:00:00,2025-09-12 18:00:00,M3,18,107,144,10800.0,False,6058.89360098923,6164.834525368189,0,60,2025-07-14 00:00:00,2025-09-11 00:00:00,14,2025-06-30 00:00:00,2025-07-13 00:00:00,2025-09-12 00:10:00,2025-09-12 18:00:00,2025-09-12 18:00:00,107,0.0,0
2025-09-13 00:00:00,2025-09-13 06:00:00,M3,6,35,71,5541.3424368796295,False,-4825.979999999998,-4825.979999999998,0,60,2025-07-15 00:00:00,2025-09-12 00:00:00,14,2025-07-01 00:00:00,2025-07-14 00:00:00,2025-09-13 00:10:00,2025-09-13 06:00:00,2025-09-13 06:00:00,35,0.0,0
2025-09-13 00:00:00,2025-09-13 12:00:00,M3,12,71,107,10800.0,True,-2475.517878511055,-2483.093935498637,9,60,2025-07-15 00:00:00,2025-09-12 00:00:00,14,2025-07-01 00:00:00,2025-07-14 00:00:00,2025-09-13 00:10:00,2025-09-13 12:00:00,2025-09-13 12:00:00,71,0.0,0
2025-09-13 00:00:00,2025-09-13 18:00:00,M3,18,107,144,10748.013358345679,True,6064.363691134674,5967.27338330386,20,60,2025-07-15 00:00:00,2025-09-12 00:00:00,14,2025-07-01 00:00:00,2025-07-14 00:00:00,2025-09-13 00:10:00,2025-09-13 18:00:00,2025-09-13 18:00:00,107,9.094947017729282e-13,0
2025-09-14 00:00:00,2025-09-14 06:00:00,M3,6,35,71,10800.0,False,-2433.767451242137,-781.9163478786389,0,60,2025-07-16 00:00:00,2025-09-13 00:00:00,14,2025-07-02 00:00:00,2025-07-15 00:00:00,2025-09-14 00:10:00,2025-09-14 06:00:00,2025-09-14 06:00:00,35,1.8189894035458565e-12,0
2025-09-14 00:00:00,2025-09-14 12:00:00,M3,12,71,107,10391.116393975311,True,5119.404141868729,4190.198648441114,24,60,2025-07-16 00:00:00,2025-09-13 00:00:00,14,2025-07-02 00:00:00,2025-07-15 00:00:00,2025-09-14 00:10:00,2025-09-14 12:00:00,2025-09-14 12:00:00,71,9.094947017729282e-13,0
2025-09-14 00:00:00,2025-09-14 18:00:00,M3,18,107,144,10417.39562954321,False,15197.96448853568,15665.117655937114,0,60,2025-07-16 00:00:00,2025-09-13 00:00:00,14,2025-07-02 00:00:00,2025-07-15 00:00:00,2025-09-14 00:10:00,2025-09-14 18:00:00,2025-09-14 18:00:00,107,2.2737367544323206e-13,0
2025-09-15 00:00:00,2025-09-15 06:00:00,M3,6,35,71,9981.695155666663,True,-4802.990755955041,-5154.470859936251,2,60,2025-07-17 00:00:00,2025-09-14 00:00:00,14,2025-07-03 00:00:00,2025-07-16 00:00:00,2025-09-15 00:10:00,2025-09-15 06:00:00,2025-09-15 06:00:00,35,1.8189894035458565e-12,0
2025-09-15 00:00:00,2025-09-15 12:00:00,M3,12,71,107,6512.53068,False,2538.720162926102,2844.715310142076,0,60,2025-07-17 00:00:00,2025-09-14 00:00:00,14,2025-07-03 00:00:00,2025-07-16 00:00:00,2025-09-15 00:10:00,2025-09-15 12:00:00,2025-09-15 12:00:00,71,0.0,0
2025-09-15 00:00:00,2025-09-15 18:00:00,M3,18,107,144,10385.473238623304,True,14301.503453210755,14112.302961546493,16,60,2025-07-17 00:00:00,2025-09-14 00:00:00,14,2025-07-03 00:00:00,2025-07-16 00:00:00,2025-09-15 00:10:00,2025-09-15 18:00:00,2025-09-15 18:00:00,107,0.0,0
2025-09-16 00:00:00,2025-09-16 06:00:00,M3,6,35,71,10370.150418648142,False,-2517.868346072478,-1869.9534960006652,0,60,2025-07-18 00:00:00,2025-09-15 00:00:00,14,2025-07-04 00:00:00,2025-07-17 00:00:00,2025-09-16 00:10:00,2025-09-16 06:00:00,2025-09-16 06:00:00,35,4.547473508864641e-13,0
2025-09-16 00:00:00,2025-09-16 12:00:00,M3,12,71,107,7095.855735314809,True,5690.698520820296,4732.804205290936,25,60,2025-07-18 00:00:00,2025-09-15 00:00:00,14,2025-07-04 00:00:00,2025-07-17 00:00:00,2025-09-16 00:10:00,2025-09-16 12:00:00,2025-09-16 12:00:00,71,0.0,0
2025-09-16 00:00:00,2025-09-16 18:00:00,M3,18,107,144,10702.402745061725,True,17040.147113979,15723.990835868628,21,60,2025-07-18 00:00:00,2025-09-15 00:00:00,14,2025-07-04 00:00:00,2025-07-17 00:00:00,2025-09-16 00:10:00,2025-09-16 18:00:00,2025-09-16 18:00:00,107,0.0,0
2025-09-17 00:00:00,2025-09-17 06:00:00,M3,6,35,71,10800.0,True,-1340.8538262818631,-1835.1789292220712,7,60,2025-07-19 00:00:00,2025-09-16 00:00:00,14,2025-07-05 00:00:00,2025-07-18 00:00:00,2025-09-17 00:10:00,2025-09-17 06:00:00,2025-09-17 06:00:00,35,1.8189894035458565e-12,0
2025-09-17 00:00:00,2025-09-17 12:00:00,M3,12,71,107,3877.085549287035,True,4732.863254920396,4602.303233400764,13,60,2025-07-19 00:00:00,2025-09-16 00:00:00,14,2025-07-05 00:00:00,2025-07-18 00:00:00,2025-09-17 00:10:00,2025-09-17 12:00:00,2025-09-17 12:00:00,71,2.2737367544323206e-13,0
2025-09-17 00:00:00,2025-09-17 18:00:00,M3,18,107,144,10759.484507407406,True,14383.12314774676,14206.666274814615,10,60,2025-07-19 00:00:00,2025-09-16 00:00:00,14,2025-07-05 00:00:00,2025-07-18 00:00:00,2025-09-17 00:10:00,2025-09-17 18:00:00,2025-09-17 18:00:00,107,0.0,0
2025-09-18 00:00:00,2025-09-18 06:00:00,M3,6,35,71,10283.606381561724,True,1142.0382615593533,-88.77619820188193,13,60,2025-07-20 00:00:00,2025-09-17 00:00:00,14,2025-07-06 00:00:00,2025-07-19 00:00:00,2025-09-18 00:10:00,2025-09-18 06:00:00,2025-09-18 06:00:00,35,1.8189894035458565e-12,0
2025-09-18 00:00:00,2025-09-18 12:00:00,M3,12,71,107,9410.512410354946,False,2564.776126732129,2725.8404290240173,0,60,2025-07-20 00:00:00,2025-09-17 00:00:00,14,2025-07-06 00:00:00,2025-07-19 00:00:00,2025-09-18 00:10:00,2025-09-18 12:00:00,2025-09-18 12:00:00,71,9.094947017729282e-13,0
2025-09-18 00:00:00,2025-09-18 18:00:00,M3,18,107,144,10650.759559938273,True,18968.496355001003,16749.235672426807,31,60,2025-07-20 00:00:00,2025-09-17 00:00:00,14,2025-07-06 00:00:00,2025-07-19 00:00:00,2025-09-18 00:10:00,2025-09-18 18:00:00,2025-09-18 18:00:00,107,2.2737367544323206e-13,0
2025-09-19 00:00:00,2025-09-19 06:00:00,M3,6,35,71,3846.5037231111114,True,-4448.440151990714,-4925.349377128917,4,60,2025-07-21 00:00:00,2025-09-18 00:00:00,14,2025-07-07 00:00:00,2025-07-20 00:00:00,2025-09-19 00:10:00,2025-09-19 06:00:00,2025-09-19 06:00:00,35,4.547473508864641e-13,0
2025-09-19 00:00:00,2025-09-19 12:00:00,M3,12,71,107,10800.0,True,-3194.6444403389687,-3222.7505445460924,12,60,2025-07-21 00:00:00,2025-09-18 00:00:00,14,2025-07-07 00:00:00,2025-07-20 00:00:00,2025-09-19 00:10:00,2025-09-19 12:00:00,2025-09-19 12:00:00,71,9.094947017729282e-13,0
2025-09-19 00:00:00,2025-09-19 18:00:00,M3,18,107,144,10523.250592592593,True,8210.059288872244,6509.0210130150535,18,60,2025-07-21 00:00:00,2025-09-18 00:00:00,14,2025-07-07 00:00:00,2025-07-20 00:00:00,2025-09-19 00:10:00,2025-09-19 18:00:00,2025-09-19 18:00:00,107,9.094947017729282e-13,0
2025-09-20 00:00:00,2025-09-20 06:00:00,M3,6,35,71,4046.998360577158,False,-5075.544212264035,-5069.513828749839,0,60,2025-07-22 00:00:00,2025-09-19 00:00:00,14,2025-07-08 00:00:00,2025-07-21 00:00:00,2025-09-20 00:10:00,2025-09-20 06:00:00,2025-09-20 06:00:00,35,9.094947017729282e-13,0
2025-09-20 00:00:00,2025-09-20 12:00:00,M3,12,71,107,10800.0,True,-2814.804109464155,-2885.394513901136,13,60,2025-07-22 00:00:00,2025-09-19 00:00:00,14,2025-07-08 00:00:00,2025-07-21 00:00:00,2025-09-20 00:10:00,2025-09-20 12:00:00,2025-09-20 12:00:00,71,9.094947017729282e-13,0
2025-09-20 00:00:00,2025-09-20 18:00:00,M3,18,107,144,10610.69833194444,True,5547.579509741017,5066.8198065372935,9,60,2025-07-22 00:00:00,2025-09-19 00:00:00,14,2025-07-08 00:00:00,2025-07-21 00:00:00,2025-09-20 00:10:00,2025-09-20 18:00:00,2025-09-20 18:00:00,107,0.0,0
2025-09-21 00:00:00,2025-09-21 06:00:00,M3,6,35,71,10772.372088271604,False,-2749.6822412285865,-2587.922171485595,0,60,2025-07-23 00:00:00,2025-09-20 00:00:00,14,2025-07-09 00:00:00,2025-07-22 00:00:00,2025-09-21 00:10:00,2025-09-21 06:00:00,2025-09-21 06:00:00,35,9.094947017729282e-13,0
2025-09-21 00:00:00,2025-09-21 12:00:00,M3,12,71,107,7563.124723771607,True,3886.9708968936648,3300.3963934994204,23,60,2025-07-23 00:00:00,2025-09-20 00:00:00,14,2025-07-09 00:00:00,2025-07-22 00:00:00,2025-09-21 00:10:00,2025-09-21 12:00:00,2025-09-21 12:00:00,71,4.547473508864641e-13,0
2025-09-21 00:00:00,2025-09-21 18:00:00,M3,18,107,144,10744.759274780861,True,17352.96764934112,15719.057519720038,18,60,2025-07-23 00:00:00,2025-09-20 00:00:00,14,2025-07-09 00:00:00,2025-07-22 00:00:00,2025-09-21 00:10:00,2025-09-21 18:00:00,2025-09-21 18:00:00,107,9.094947017729282e-13,0
2025-09-22 00:00:00,2025-09-22 06:00:00,M3,6,35,71,10618.783524901233,False,-3309.517015135527,-2411.5964892608968,0,60,2025-07-24 00:00:00,2025-09-21 00:00:00,14,2025-07-10 00:00:00,2025-07-23 00:00:00,2025-09-22 00:10:00,2025-09-22 06:00:00,2025-09-22 06:00:00,35,4.547473508864641e-13,0
2025-09-22 00:00:00,2025-09-22 12:00:00,M3,12,71,107,6537.557377000003,True,6753.44985224579,5134.742280723275,25,60,2025-07-24 00:00:00,2025-09-21 00:00:00,14,2025-07-10 00:00:00,2025-07-23 00:00:00,2025-09-22 00:10:00,2025-09-22 12:00:00,2025-09-22 12:00:00,71,9.094947017729282e-13,0
2025-09-22 00:00:00,2025-09-22 18:00:00,M3,18,107,144,10371.530816595672,True,18853.186391155967,16391.8233632558,16,60,2025-07-24 00:00:00,2025-09-21 00:00:00,14,2025-07-10 00:00:00,2025-07-23 00:00:00,2025-09-22 00:10:00,2025-09-22 18:00:00,2025-09-22 18:00:00,107,4.547473508864641e-13,0
2025-09-23 00:00:00,2025-09-23 06:00:00,M3,6,35,71,10792.464816666667,False,-2515.7847686937307,-1838.9589667204218,0,60,2025-07-25 00:00:00,2025-09-22 00:00:00,14,2025-07-11 00:00:00,2025-07-24 00:00:00,2025-09-23 00:10:00,2025-09-23 06:00:00,2025-09-23 06:00:00,35,0.0,0
2025-09-23 00:00:00,2025-09-23 12:00:00,M3,12,71,107,5906.434883141976,True,4948.94025282565,4588.1648754971275,22,60,2025-07-25 00:00:00,2025-09-22 00:00:00,14,2025-07-11 00:00:00,2025-07-24 00:00:00,2025-09-23 00:10:00,2025-09-23 12:00:00,2025-09-23 12:00:00,71,2.2737367544323206e-13,0
2025-09-23 00:00:00,2025-09-23 18:00:00,M3,18,107,144,10673.005632194445,True,19157.159193349486,17067.481203447704,25,60,2025-07-25 00:00:00,2025-09-22 00:00:00,14,2025-07-11 00:00:00,2025-07-24 00:00:00,2025-09-23 00:10:00,2025-09-23 18:00:00,2025-09-23 18:00:00,107,4.547473508864641e-13,0
2025-09-24 00:00:00,2025-09-24 06:00:00,M3,6,35,71,10683.772775561727,True,528.1138058882386,-350.3029441813752,11,60,2025-07-26 00:00:00,2025-09-23 00:00:00,14,2025-07-12 00:00:00,2025-07-25 00:00:00,2025-09-24 00:10:00,2025-09-24 06:00:00,2025-09-24 06:00:00,35,4.547473508864641e-13,0
2025-09-24 00:00:00,2025-09-24 12:00:00,M3,12,71,107,7074.977313311727,False,2649.924560086416,3530.363863024578,0,60,2025-07-26 00:00:00,2025-09-23 00:00:00,14,2025-07-12 00:00:00,2025-07-25 00:00:00,2025-09-24 00:10:00,2025-09-24 12:00:00,2025-09-24 12:00:00,71,2.2737367544323206e-13,0
2025-09-24 00:00:00,2025-09-24 18:00:00,M3,18,107,144,9696.755083333337,True,22211.135794751808,17379.477622183684,18,60,2025-07-26 00:00:00,2025-09-23 00:00:00,14,2025-07-12 00:00:00,2025-07-25 00:00:00,2025-09-24 00:10:00,2025-09-24 18:00:00,2025-09-24 18:00:00,107,0.0,0
2025-09-25 00:00:00,2025-09-25 06:00:00,M3,6,35,71,10556.156733351852,True,-174.81354253205785,-783.9433397390957,11,60,2025-07-27 00:00:00,2025-09-24 00:00:00,14,2025-07-13 00:00:00,2025-07-26 00:00:00,2025-09-25 00:10:00,2025-09-25 06:00:00,2025-09-25 06:00:00,35,1.8189894035458565e-12,0
2025-09-25 00:00:00,2025-09-25 12:00:00,M3,12,71,107,8706.044942975299,True,3389.6760438650526,3223.6320686442705,9,60,2025-07-27 00:00:00,2025-09-24 00:00:00,14,2025-07-13 00:00:00,2025-07-26 00:00:00,2025-09-25 00:10:00,2025-09-25 12:00:00,2025-09-25 12:00:00,71,0.0,0
2025-09-25 00:00:00,2025-09-25 18:00:00,M3,18,107,144,10719.403881666663,True,15038.453466066674,15023.57670463946,10,60,2025-07-27 00:00:00,2025-09-24 00:00:00,14,2025-07-13 00:00:00,2025-07-26 00:00:00,2025-09-25 00:10:00,2025-09-25 18:00:00,2025-09-25 18:00:00,107,9.094947017729282e-13,0
2025-09-26 00:00:00,2025-09-26 06:00:00,M3,6,35,71,4833.540634021605,False,-4752.656771752356,-4752.656771752356,0,60,2025-07-28 00:00:00,2025-09-25 00:00:00,14,2025-07-14 00:00:00,2025-07-27 00:00:00,2025-09-26 00:10:00,2025-09-26 06:00:00,2025-09-26 06:00:00,35,4.547473508864641e-13,0
2025-09-26 00:00:00,2025-09-26 12:00:00,M3,12,71,107,10115.709113651237,True,-2785.5787847500583,-3103.8458219536656,16,60,2025-07-28 00:00:00,2025-09-25 00:00:00,14,2025-07-14 00:00:00,2025-07-27 00:00:00,2025-09-26 00:10:00,2025-09-26 12:00:00,2025-09-26 12:00:00,71,4.547473508864641e-13,0
2025-09-26 00:00:00,2025-09-26 18:00:00,M3,18,107,144,10308.27946795062,True,7107.770313381502,5857.920447634724,9,60,2025-07-28 00:00:00,2025-09-25 00:00:00,14,2025-07-14 00:00:00,2025-07-27 00:00:00,2025-09-26 00:10:00,2025-09-26 18:00:00,2025-09-26 18:00:00,107,9.094947017729282e-13,0
2025-09-27 00:00:00,2025-09-27 06:00:00,M3,6,35,71,4224.167391972222,True,-4371.245177099409,-5089.156337812413,4,60,2025-07-29 00:00:00,2025-09-26 00:00:00,14,2025-07-15 00:00:00,2025-07-28 00:00:00,2025-09-27 00:10:00,2025-09-27 06:00:00,2025-09-27 06:00:00,35,4.547473508864641e-13,0
2025-09-27 00:00:00,2025-09-27 12:00:00,M3,12,71,107,10800.0,False,-3017.4238867502754,-2791.1526164130987,0,60,2025-07-29 00:00:00,2025-09-26 00:00:00,14,2025-07-15 00:00:00,2025-07-28 00:00:00,2025-09-27 00:10:00,2025-09-27 12:00:00,2025-09-27 12:00:00,71,1.8189894035458565e-12,0
2025-09-27 00:00:00,2025-09-27 18:00:00,M3,18,107,144,10335.846065648153,True,6549.090286957537,5005.892326371459,9,60,2025-07-29 00:00:00,2025-09-26 00:00:00,14,2025-07-15 00:00:00,2025-07-28 00:00:00,2025-09-27 00:10:00,2025-09-27 18:00:00,2025-09-27 18:00:00,107,0.0,0
2025-09-28 00:00:00,2025-09-28 06:00:00,M3,6,35,71,10766.458943018517,False,-864.2815301362292,179.17835531769626,0,60,2025-07-30 00:00:00,2025-09-27 00:00:00,14,2025-07-16 00:00:00,2025-07-29 00:00:00,2025-09-28 00:10:00,2025-09-28 06:00:00,2025-09-28 06:00:00,35,9.094947017729282e-13,0
2025-09-28 00:00:00,2025-09-28 12:00:00,M3,12,71,107,5351.371716500002,False,4955.908605707114,5816.5069341515655,0,60,2025-07-30 00:00:00,2025-09-27 00:00:00,14,2025-07-16 00:00:00,2025-07-29 00:00:00,2025-09-28 00:10:00,2025-09-28 12:00:00,2025-09-28 12:00:00,71,4.547473508864641e-13,0
2025-09-28 00:00:00,2025-09-28 18:00:00,M3,18,107,144,8642.845598671925,True,25086.17120482863,17037.93169917532,19,60,2025-07-30 00:00:00,2025-09-27 00:00:00,14,2025-07-16 00:00:00,2025-07-29 00:00:00,2025-09-28 00:10:00,2025-09-28 18:00:00,2025-09-28 18:00:00,107,1.1368683772161603e-13,0
2025-09-29 00:00:00,2025-09-29 06:00:00,M3,6,35,71,10621.400584274686,False,-2964.4146712745037,-1735.9872345121937,0,60,2025-07-31 00:00:00,2025-09-28 00:00:00,14,2025-07-17 00:00:00,2025-07-30 00:00:00,2025-09-29 00:10:00,2025-09-29 06:00:00,2025-09-29 06:00:00,35,4.547473508864641e-13,0
2025-09-29 00:00:00,2025-09-29 12:00:00,M3,12,71,107,6420.912638737653,True,5373.626572510936,4550.736539895351,23,60,2025-07-31 00:00:00,2025-09-28 00:00:00,14,2025-07-17 00:00:00,2025-07-30 00:00:00,2025-09-29 00:10:00,2025-09-29 12:00:00,2025-09-29 12:00:00,71,9.094947017729282e-13,0
2025-09-29 00:00:00,2025-09-29 18:00:00,M3,18,107,144,10293.952730598767,True,19058.886141115247,15661.80477127283,17,60,2025-07-31 00:00:00,2025-09-28 00:00:00,14,2025-07-17 00:00:00,2025-07-30 00:00:00,2025-09-29 00:10:00,2025-09-29 18:00:00,2025-09-29 18:00:00,107,9.094947017729282e-13,0
2025-09-30 00:00:00,2025-09-30 06:00:00,M3,6,35,71,10596.18550275,True,1013.4199032771777,-1003.7456696810049,6,60,2025-08-01 00:00:00,2025-09-29 00:00:00,14,2025-07-18 00:00:00,2025-07-31 00:00:00,2025-09-30 00:10:00,2025-09-30 06:00:00,2025-09-30 06:00:00,35,4.547473508864641e-13,0
2025-09-30 00:00:00,2025-09-30 12:00:00,M3,12,71,107,4225.185831845683,False,7320.138949715953,7601.36020517706,0,60,2025-08-01 00:00:00,2025-09-29 00:00:00,14,2025-07-18 00:00:00,2025-07-31 00:00:00,2025-09-30 00:10:00,2025-09-30 12:00:00,2025-09-30 12:00:00,71,9.094947017729282e-13,0
2025-09-30 00:00:00,2025-09-30 18:00:00,M3,18,107,144,10419.509298919751,True,15281.207357243486,14811.376669549869,13,60,2025-08-01 00:00:00,2025-09-29 00:00:00,14,2025-07-18 00:00:00,2025-07-31 00:00:00,2025-09-30 00:10:00,2025-09-30 18:00:00,2025-09-30 18:00:00,107,2.2737367544323206e-13,0
2025-10-01 00:00:00,2025-10-01 06:00:00,M3,6,35,71,10800.0,False,-4612.768068262218,-4312.951954274454,0,60,2025-08-02 00:00:00,2025-09-30 00:00:00,14,2025-07-19 00:00:00,2025-08-01 00:00:00,2025-10-01 00:10:00,2025-10-01 06:00:00,2025-10-01 06:00:00,35,4.547473508864641e-13,0
2025-10-01 00:00:00,2025-10-01 12:00:00,M3,12,71,107,8808.075886641982,True,3860.9976956274245,3241.6679900590866,22,60,2025-08-02 00:00:00,2025-09-30 00:00:00,14,2025-07-19 00:00:00,2025-08-01 00:00:00,2025-10-01 00:10:00,2025-10-01 12:00:00,2025-10-01 12:00:00,71,4.547473508864641e-13,0
2025-10-01 00:00:00,2025-10-01 18:00:00,M3,18,107,144,10628.221509595676,False,12876.759929744334,13217.41383903517,0,60,2025-08-02 00:00:00,2025-09-30 00:00:00,14,2025-07-19 00:00:00,2025-08-01 00:00:00,2025-10-01 00:10:00,2025-10-01 18:00:00,2025-10-01 18:00:00,107,0.0,0
2025-10-02 00:00:00,2025-10-02 06:00:00,M3,6,35,71,10751.0422845679,False,-3761.124379482882,-1799.5132901031582,0,60,2025-08-03 00:00:00,2025-10-01 00:00:00,14,2025-07-20 00:00:00,2025-08-02 00:00:00,2025-10-02 00:10:00,2025-10-02 06:00:00,2025-10-02 06:00:00,35,4.547473508864641e-13,0
2025-10-02 00:00:00,2025-10-02 12:00:00,M3,12,71,107,9543.860263956787,True,5254.206031419914,3463.996772175211,25,60,2025-08-03 00:00:00,2025-10-01 00:00:00,14,2025-07-20 00:00:00,2025-08-02 00:00:00,2025-10-02 00:10:00,2025-10-02 12:00:00,2025-10-02 12:00:00,71,1.1368683772161603e-13,0
2025-10-02 00:00:00,2025-10-02 18:00:00,M3,18,107,144,10771.49074501852,False,13525.763977571343,13924.11133489806,0,60,2025-08-03 00:00:00,2025-10-01 00:00:00,14,2025-07-20 00:00:00,2025-08-02 00:00:00,2025-10-02 00:10:00,2025-10-02 18:00:00,2025-10-02 18:00:00,107,1.4210854715202004e-14,0
2025-10-03 00:00:00,2025-10-03 06:00:00,M3,6,35,71,4686.236548422838,False,-5555.952,-5555.952,0,60,2025-08-04 00:00:00,2025-10-02 00:00:00,14,2025-07-21 00:00:00,2025-08-03 00:00:00,2025-10-03 00:10:00,2025-10-03 06:00:00,2025-10-03 06:00:00,35,9.094947017729282e-13,0
2025-10-03 00:00:00,2025-10-03 12:00:00,M3,12,71,107,10800.0,False,-3438.5630566643194,-3250.76045848916,0,60,2025-08-04 00:00:00,2025-10-02 00:00:00,14,2025-07-21 00:00:00,2025-08-03 00:00:00,2025-10-03 00:10:00,2025-10-03 12:00:00,2025-10-03 12:00:00,71,9.094947017729282e-13,0
2025-10-03 00:00:00,2025-10-03 18:00:00,M3,18,107,144,10735.507401851852,False,3584.5029791958805,4066.034295999622,0,60,2025-08-04 00:00:00,2025-10-02 00:00:00,14,2025-07-21 00:00:00,2025-08-03 00:00:00,2025-10-03 00:10:00,2025-10-03 18:00:00,2025-10-03 18:00:00,107,0.0,0
2025-10-04 00:00:00,2025-10-04 06:00:00,M3,6,35,71,5389.834632555552,False,-5732.940058952366,-5732.940058952366,0,60,2025-08-05 00:00:00,2025-10-03 00:00:00,14,2025-07-22 00:00:00,2025-08-04 00:00:00,2025-10-04 00:10:00,2025-10-04 06:00:00,2025-10-04 06:00:00,35,9.094947017729282e-13,0
2025-10-04 00:00:00,2025-10-04 12:00:00,M3,12,71,107,10800.0,True,-2939.1723099268047,-3030.9876318637675,13,60,2025-08-05 00:00:00,2025-10-03 00:00:00,14,2025-07-22 00:00:00,2025-08-04 00:00:00,2025-10-04 00:10:00,2025-10-04 12:00:00,2025-10-04 12:00:00,71,4.547473508864641e-13,0
2025-10-04 00:00:00,2025-10-04 18:00:00,M3,18,107,144,10800.0,False,3009.7178888636677,3013.2282991683546,0,60,2025-08-05 00:00:00,2025-10-03 00:00:00,14,2025-07-22 00:00:00,2025-08-04 00:00:00,2025-10-04 00:10:00,2025-10-04 18:00:00,2025-10-04 18:00:00,107,0.0,0
2025-10-05 00:00:00,2025-10-05 06:00:00,M3,6,35,71,10651.829135222222,False,-2678.1584451345266,-1179.2512165813282,0,60,2025-08-06 00:00:00,2025-10-04 00:00:00,14,2025-07-23 00:00:00,2025-08-05 00:00:00,2025-10-05 00:10:00,2025-10-05 06:00:00,2025-10-05 06:00:00,35,9.094947017729282e-13,0
2025-10-05 00:00:00,2025-10-05 12:00:00,M3,12,71,107,9778.613888648153,True,4167.547969201488,3534.477564976835,15,60,2025-08-06 00:00:00,2025-10-04 00:00:00,14,2025-07-23 00:00:00,2025-08-05 00:00:00,2025-10-05 00:10:00,2025-10-05 12:00:00,2025-10-05 12:00:00,71,9.094947017729282e-13,0
2025-10-05 00:00:00,2025-10-05 18:00:00,M3,18,107,144,10639.137054135801,False,12859.408251156334,13582.759703084579,0,60,2025-08-06 00:00:00,2025-10-04 00:00:00,14,2025-07-23 00:00:00,2025-08-05 00:00:00,2025-10-05 00:10:00,2025-10-05 18:00:00,2025-10-05 18:00:00,107,9.094947017729282e-13,0
2025-10-06 00:00:00,2025-10-06 06:00:00,M3,6,35,71,10800.0,True,-2474.2349115413695,-2848.372077715135,9,60,2025-08-07 00:00:00,2025-10-05 00:00:00,14,2025-07-24 00:00:00,2025-08-06 00:00:00,2025-10-06 00:10:00,2025-10-06 06:00:00,2025-10-06 06:00:00,35,7.275957614183426e-12,0
2025-10-06 00:00:00,2025-10-06 12:00:00,M3,12,71,107,7020.168274987658,False,3454.115642975705,3669.899175516923,0,60,2025-08-07 00:00:00,2025-10-05 00:00:00,14,2025-07-24 00:00:00,2025-08-06 00:00:00,2025-10-06 00:10:00,2025-10-06 12:00:00,2025-10-06 12:00:00,71,9.094947017729282e-13,0
2025-10-06 00:00:00,2025-10-06 18:00:00,M3,18,107,144,10800.0,False,12492.618251421312,13140.905511088173,0,60,2025-08-07 00:00:00,2025-10-05 00:00:00,14,2025-07-24 00:00:00,2025-08-06 00:00:00,2025-10-06 00:10:00,2025-10-06 18:00:00,2025-10-06 18:00:00,107,2.2737367544323206e-13,0
2025-10-07 00:00:00,2025-10-07 06:00:00,M3,6,35,71,10789.24624074074,True,-1756.3725344024838,-1970.8256140565688,5,60,2025-08-08 00:00:00,2025-10-06 00:00:00,14,2025-07-25 00:00:00,2025-08-07 00:00:00,2025-10-07 00:10:00,2025-10-07 06:00:00,2025-10-07 06:00:00,35,0.0,0
2025-10-07 00:00:00,2025-10-07 12:00:00,M3,12,71,107,5009.14521618828,False,3959.797954443823,4710.092665034929,0,60,2025-08-08 00:00:00,2025-10-06 00:00:00,14,2025-07-25 00:00:00,2025-08-07 00:00:00,2025-10-07 00:10:00,2025-10-07 12:00:00,2025-10-07 12:00:00,71,1.4210854715202004e-14,0
2025-10-07 00:00:00,2025-10-07 18:00:00,M3,18,107,144,10189.385624907412,False,13017.9654239048,13448.010014243135,0,60,2025-08-08 00:00:00,2025-10-06 00:00:00,14,2025-07-25 00:00:00,2025-08-07 00:00:00,2025-10-07 00:10:00,2025-10-07 18:00:00,2025-10-07 18:00:00,107,0.0,0
2025-10-08 00:00:00,2025-10-08 06:00:00,M3,6,35,71,10797.646780246914,False,-2911.8812360918914,-2746.125757129875,0,60,2025-08-09 00:00:00,2025-10-07 00:00:00,14,2025-07-26 00:00:00,2025-08-08 00:00:00,2025-10-08 00:10:00,2025-10-08 06:00:00,2025-10-08 06:00:00,35,2.2737367544323206e-13,0
2025-10-08 00:00:00,2025-10-08 12:00:00,M3,12,71,107,4919.861069000001,False,3156.652591832136,3250.7312697958273,0,60,2025-08-09 00:00:00,2025-10-07 00:00:00,14,2025-07-26 00:00:00,2025-08-08 00:00:00,2025-10-08 00:10:00,2025-10-08 12:00:00,2025-10-08 12:00:00,71,9.094947017729282e-13,0
2025-10-08 00:00:00,2025-10-08 18:00:00,M3,18,107,144,10284.260617320993,True,11780.075663501382,11714.945256928917,12,60,2025-08-09 00:00:00,2025-10-07 00:00:00,14,2025-07-26 00:00:00,2025-08-08 00:00:00,2025-10-08 00:10:00,2025-10-08 18:00:00,2025-10-08 18:00:00,107,4.547473508864641e-13,0
2025-10-09 00:00:00,2025-10-09 06:00:00,M3,6,35,71,10698.846834537037,False,-2575.298605029079,-875.611429333802,0,60,2025-08-10 00:00:00,2025-10-08 00:00:00,14,2025-07-27 00:00:00,2025-08-09 00:00:00,2025-10-09 00:10:00,2025-10-09 06:00:00,2025-10-09 06:00:00,35,4.547473508864641e-13,0
2025-10-09 00:00:00,2025-10-09 12:00:00,M3,12,71,107,8305.967225074075,True,5317.070813775242,4049.8183029193656,24,60,2025-08-10 00:00:00,2025-10-08 00:00:00,14,2025-07-27 00:00:00,2025-08-09 00:00:00,2025-10-09 00:10:00,2025-10-09 12:00:00,2025-10-09 12:00:00,71,9.094947017729282e-13,0
2025-10-09 00:00:00,2025-10-09 18:00:00,M3,18,107,144,10533.132605790128,True,13610.307755987908,13379.25536203683,10,60,2025-08-10 00:00:00,2025-10-08 00:00:00,14,2025-07-27 00:00:00,2025-08-09 00:00:00,2025-10-09 00:10:00,2025-10-09 18:00:00,2025-10-09 18:00:00,107,0.0,0
2025-10-10 00:00:00,2025-10-10 06:00:00,M3,6,35,71,5205.916119253088,False,-5100.084000000001,-5100.084000000001,0,60,2025-08-11 00:00:00,2025-10-09 00:00:00,14,2025-07-28 00:00:00,2025-08-10 00:00:00,2025-10-10 00:10:00,2025-10-10 06:00:00,2025-10-10 06:00:00,35,9.094947017729282e-13,0
2025-10-10 00:00:00,2025-10-10 12:00:00,M3,12,71,107,10800.0,True,-2687.862122552649,-2794.9803941698524,13,60,2025-08-11 00:00:00,2025-10-09 00:00:00,14,2025-07-28 00:00:00,2025-08-10 00:00:00,2025-10-10 00:10:00,2025-10-10 12:00:00,2025-10-10 12:00:00,71,0.0,0
2025-10-10 00:00:00,2025-10-10 18:00:00,M3,18,107,144,10501.854874925924,True,5043.023061655802,4148.746049542583,7,60,2025-08-11 00:00:00,2025-10-09 00:00:00,14,2025-07-28 00:00:00,2025-08-10 00:00:00,2025-10-10 00:10:00,2025-10-10 18:00:00,2025-10-10 18:00:00,107,0.0,0
2025-10-11 00:00:00,2025-10-11 06:00:00,M3,6,35,71,6104.785897067902,False,-5699.767052494367,-5699.767052494367,0,60,2025-08-12 00:00:00,2025-10-10 00:00:00,14,2025-07-29 00:00:00,2025-08-11 00:00:00,2025-10-11 00:10:00,2025-10-11 06:00:00,2025-10-11 06:00:00,35,4.547473508864641e-13,0
2025-10-11 00:00:00,2025-10-11 12:00:00,M3,12,71,107,10800.0,True,-3267.602361158253,-3309.6167980240148,12,60,2025-08-12 00:00:00,2025-10-10 00:00:00,14,2025-07-29 00:00:00,2025-08-11 00:00:00,2025-10-11 00:10:00,2025-10-11 12:00:00,2025-10-11 12:00:00,71,1.1368683772161603e-13,0
2025-10-11 00:00:00,2025-10-11 18:00:00,M3,18,107,144,10648.175744444445,False,2842.6914466727335,3102.841324570641,0,60,2025-08-12 00:00:00,2025-10-10 00:00:00,14,2025-07-29 00:00:00,2025-08-11 00:00:00,2025-10-11 00:10:00,2025-10-11 18:00:00,2025-10-11 18:00:00,107,0.0,0
2025-10-12 00:00:00,2025-10-12 06:00:00,M3,6,35,71,10795.278685925927,False,-2438.211963529494,-2325.6161573592385,0,60,2025-08-13 00:00:00,2025-10-11 00:00:00,14,2025-07-30 00:00:00,2025-08-12 00:00:00,2025-10-12 00:10:00,2025-10-12 06:00:00,2025-10-12 06:00:00,35,4.547473508864641e-13,0
2025-10-12 00:00:00,2025-10-12 12:00:00,M3,12,71,107,6621.150708907407,True,2616.2003755553073,2507.29322033426,21,60,2025-08-13 00:00:00,2025-10-11 00:00:00,14,2025-07-30 00:00:00,2025-08-12 00:00:00,2025-10-12 00:10:00,2025-10-12 12:00:00,2025-10-12 12:00:00,71,9.094947017729282e-13,0
2025-10-12 00:00:00,2025-10-12 18:00:00,M3,18,107,144,9884.16031055247,True,14764.183404967713,12790.20968367683,14,60,2025-08-13 00:00:00,2025-10-11 00:00:00,14,2025-07-30 00:00:00,2025-08-12 00:00:00,2025-10-12 00:10:00,2025-10-12 18:00:00,2025-10-12 18:00:00,107,9.094947017729282e-13,0
2025-10-13 00:00:00,2025-10-13 06:00:00,M3,6,35,71,10772.922595111111,True,216.17275950741916,-1030.9983668053678,9,60,2025-08-14 00:00:00,2025-10-12 00:00:00,14,2025-07-31 00:00:00,2025-08-13 00:00:00,2025-10-13 00:10:00,2025-10-13 06:00:00,2025-10-13 06:00:00,35,2.2737367544323206e-13,0
2025-10-13 00:00:00,2025-10-13 12:00:00,M3,12,71,107,5237.232989515436,True,5134.069540298247,4247.384828617188,23,60,2025-08-14 00:00:00,2025-10-12 00:00:00,14,2025-07-31 00:00:00,2025-08-13 00:00:00,2025-10-13 00:10:00,2025-10-13 12:00:00,2025-10-13 12:00:00,71,4.547473508864641e-13,0
2025-10-13 00:00:00,2025-10-13 18:00:00,M3,18,107,144,9787.098676974778,True,15074.101820116644,13134.521757438402,14,60,2025-08-14 00:00:00,2025-10-12 00:00:00,14,2025-07-31 00:00:00,2025-08-13 00:00:00,2025-10-13 00:10:00,2025-10-13 18:00:00,2025-10-13 18:00:00,107,4.547473508864641e-13,0
2025-10-14 00:00:00,2025-10-14 06:00:00,M3,6,35,71,10793.068407407407,True,1104.227976565025,-328.09732332164305,11,60,2025-08-15 00:00:00,2025-10-13 00:00:00,14,2025-08-01 00:00:00,2025-08-14 00:00:00,2025-10-14 00:10:00,2025-10-14 06:00:00,2025-10-14 06:00:00,35,9.094947017729282e-13,0
2025-10-14 00:00:00,2025-10-14 12:00:00,M3,12,71,107,3782.764095000001,True,5653.119129252556,5531.260903246203,13,60,2025-08-15 00:00:00,2025-10-13 00:00:00,14,2025-08-01 00:00:00,2025-08-14 00:00:00,2025-10-14 00:10:00,2025-10-14 12:00:00,2025-10-14 12:00:00,71,0.0,0
2025-10-14 00:00:00,2025-10-14 18:00:00,M3,18,107,144,10787.880888783951,False,11341.588863057874,11908.579358464147,0,60,2025-08-15 00:00:00,2025-10-13 00:00:00,14,2025-08-01 00:00:00,2025-08-14 00:00:00,2025-10-14 00:10:00,2025-10-14 18:00:00,2025-10-14 18:00:00,107,4.547473508864641e-13,0
2025-10-15 00:00:00,2025-10-15 06:00:00,M3,6,35,71,10717.519517222223,False,-1028.0903811011135,-178.7682847021768,0,60,2025-08-16 00:00:00,2025-10-14 00:00:00,14,2025-08-02 00:00:00,2025-08-15 00:00:00,2025-10-15 00:10:00,2025-10-15 06:00:00,2025-10-15 06:00:00,35,4.547473508864641e-13,0
2025-10-15 00:00:00,2025-10-15 12:00:00,M3,12,71,107,6464.897077,True,6837.03650829268,5467.872617914565,25,60,2025-08-16 00:00:00,2025-10-14 00:00:00,14,2025-08-02 00:00:00,2025-08-15 00:00:00,2025-10-15 00:10:00,2025-10-15 12:00:00,2025-10-15 12:00:00,71,9.094947017729282e-13,0
2025-10-15 00:00:00,2025-10-15 18:00:00,M3,18,107,144,10283.393814938274,True,12535.239907859494,11411.427956696953,14,60,2025-08-16 00:00:00,2025-10-14 00:00:00,14,2025-08-02 00:00:00,2025-08-15 00:00:00,2025-10-15 00:10:00,2025-10-15 18:00:00,2025-10-15 18:00:00,107,9.094947017729282e-13,0
2025-10-16 00:00:00,2025-10-16 06:00:00,M3,6,35,71,10711.891798160494,True,2020.1572254689531,401.75885045875305,9,60,2025-08-17 00:00:00,2025-10-15 00:00:00,14,2025-08-03 00:00:00,2025-08-16 00:00:00,2025-10-16 00:10:00,2025-10-16 06:00:00,2025-10-16 06:00:00,35,1.8189894035458565e-12,0
2025-10-16 00:00:00,2025-10-16 12:00:00,M3,12,71,107,5241.395483379631,True,5875.53671856414,5700.1872420784175,18,60,2025-08-17 00:00:00,2025-10-15 00:00:00,14,2025-08-03 00:00:00,2025-08-16 00:00:00,2025-10-16 00:10:00,2025-10-16 12:00:00,2025-10-16 12:00:00,71,4.547473508864641e-13,0
2025-10-16 00:00:00,2025-10-16 18:00:00,M3,18,107,144,10253.781742681796,True,15810.895724012566,13823.825495386132,9,60,2025-08-17 00:00:00,2025-10-15 00:00:00,14,2025-08-03 00:00:00,2025-08-16 00:00:00,2025-10-16 00:10:00,2025-10-16 18:00:00,2025-10-16 18:00:00,107,4.547473508864641e-13,0
2025-10-17 00:00:00,2025-10-17 06:00:00,M3,6,35,71,5213.912674987653,True,-4736.578901352286,-4839.75213916492,3,60,2025-08-18 00:00:00,2025-10-16 00:00:00,14,2025-08-04 00:00:00,2025-08-17 00:00:00,2025-10-17 00:10:00,2025-10-17 06:00:00,2025-10-17 06:00:00,35,1.8189894035458565e-12,0
2025-10-17 00:00:00,2025-10-17 12:00:00,M3,12,71,107,10800.0,False,-2984.6338317138793,-2360.9300759540756,0,60,2025-08-18 00:00:00,2025-10-16 00:00:00,14,2025-08-04 00:00:00,2025-08-17 00:00:00,2025-10-17 00:10:00,2025-10-17 12:00:00,2025-10-17 12:00:00,71,9.094947017729282e-13,0
2025-10-17 00:00:00,2025-10-17 18:00:00,M3,18,107,144,9445.221498765432,True,6938.644697125873,4863.962762702327,8,60,2025-08-18 00:00:00,2025-10-16 00:00:00,14,2025-08-04 00:00:00,2025-08-17 00:00:00,2025-10-17 00:10:00,2025-10-17 18:00:00,2025-10-17 18:00:00,107,0.0,0
2025-10-18 00:00:00,2025-10-18 06:00:00,M3,6,35,71,5505.988406509257,True,-5135.984685427559,-5141.845481592266,1,60,2025-08-19 00:00:00,2025-10-17 00:00:00,14,2025-08-05 00:00:00,2025-08-18 00:00:00,2025-10-18 00:10:00,2025-10-18 06:00:00,2025-10-18 06:00:00,35,9.094947017729282e-13,0
2025-10-18 00:00:00,2025-10-18 12:00:00,M3,12,71,107,10800.0,True,-2503.567600043078,-2705.7700042240763,16,60,2025-08-19 00:00:00,2025-10-17 00:00:00,14,2025-08-05 00:00:00,2025-08-18 00:00:00,2025-10-18 00:10:00,2025-10-18 12:00:00,2025-10-18 12:00:00,71,4.547473508864641e-13,0
2025-10-18 00:00:00,2025-10-18 18:00:00,M3,18,107,144,10138.311015882711,True,6274.765220517728,4420.764247737713,8,60,2025-08-19 00:00:00,2025-10-17 00:00:00,14,2025-08-05 00:00:00,2025-08-18 00:00:00,2025-10-18 00:10:00,2025-10-18 18:00:00,2025-10-18 18:00:00,107,9.094947017729282e-13,0
2025-10-19 00:00:00,2025-10-19 06:00:00,M3,6,35,71,10767.667407407407,False,-1444.7574357596225,-1381.4062325388602,0,60,2025-08-20 00:00:00,2025-10-18 00:00:00,14,2025-08-06 00:00:00,2025-08-19 00:00:00,2025-10-19 00:10:00,2025-10-19 06:00:00,2025-10-19 06:00:00,35,0.0,0
2025-10-19 00:00:00,2025-10-19 12:00:00,M3,12,71,107,5957.283284043214,True,6155.696927776719,5532.349057006917,24,60,2025-08-20 00:00:00,2025-10-18 00:00:00,14,2025-08-06 00:00:00,2025-08-19 00:00:00,2025-10-19 00:10:00,2025-10-19 12:00:00,2025-10-19 12:00:00,71,9.094947017729282e-13,0
2025-10-19 00:00:00,2025-10-19 18:00:00,M3,18,107,144,9674.698033746912,True,18462.63170997188,13743.270415619267,14,60,2025-08-20 00:00:00,2025-10-18 00:00:00,14,2025-08-06 00:00:00,2025-08-19 00:00:00,2025-10-19 00:10:00,2025-10-19 18:00:00,2025-10-19 18:00:00,107,0.0,0
2025-10-20 00:00:00,2025-10-20 06:00:00,M3,6,35,71,10784.95612962963,False,143.58068708976634,1324.1442713750027,0,60,2025-08-21 00:00:00,2025-10-19 00:00:00,14,2025-08-07 00:00:00,2025-08-20 00:00:00,2025-10-20 00:10:00,2025-10-20 06:00:00,2025-10-20 06:00:00,35,9.094947017729282e-13,0
2025-10-20 00:00:00,2025-10-20 12:00:00,M3,12,71,107,7028.067948419754,True,6792.0801130625605,5519.294577560715,22,60,2025-08-21 00:00:00,2025-10-19 00:00:00,14,2025-08-07 00:00:00,2025-08-20 00:00:00,2025-10-20 00:10:00,2025-10-20 12:00:00,2025-10-20 12:00:00,71,9.094947017729282e-13,0
2025-10-20 00:00:00,2025-10-20 18:00:00,M3,18,107,144,10541.505188169749,True,12863.957793220896,11725.05126548336,13,60,2025-08-21 00:00:00,2025-10-19 00:00:00,14,2025-08-07 00:00:00,2025-08-20 00:00:00,2025-10-20 00:10:00,2025-10-20 18:00:00,2025-10-20 18:00:00,107,9.094947017729282e-13,0
2025-10-21 00:00:00,2025-10-21 06:00:00,M3,6,35,71,10752.191648148148,True,2556.401291437508,1302.5083977533452,11,60,2025-08-22 00:00:00,2025-10-20 00:00:00,14,2025-08-08 00:00:00,2025-08-21 00:00:00,2025-10-21 00:10:00,2025-10-21 06:00:00,2025-10-21 06:00:00,35,2.2737367544323206e-13,0
2025-10-21 00:00:00,2025-10-21 12:00:00,M3,12,71,107,5846.65225269135,True,6695.3911383475925,6118.041164149987,21,60,2025-08-22 00:00:00,2025-10-20 00:00:00,14,2025-08-08 00:00:00,2025-08-21 00:00:00,2025-10-21 00:10:00,2025-10-21 12:00:00,2025-10-21 12:00:00,71,9.094947017729282e-13,0
2025-10-21 00:00:00,2025-10-21 18:00:00,M3,18,107,144,10618.191937345677,True,13136.907974448857,11625.172714485509,12,60,2025-08-22 00:00:00,2025-10-20 00:00:00,14,2025-08-08 00:00:00,2025-08-21 00:00:00,2025-10-21 00:10:00,2025-10-21 18:00:00,2025-10-21 18:00:00,107,4.547473508864641e-13,0
2025-10-22 00:00:00,2025-10-22 06:00:00,M3,6,35,71,10783.25962162963,False,1347.0454387845855,1858.97813007248,0,60,2025-08-23 00:00:00,2025-10-21 00:00:00,14,2025-08-09 00:00:00,2025-08-22 00:00:00,2025-10-22 00:10:00,2025-10-22 06:00:00,2025-10-22 06:00:00,35,2.2737367544323206e-13,0
2025-10-22 00:00:00,2025-10-22 12:00:00,M3,12,71,107,4962.47029240741,False,4949.4297786539855,5367.357226223688,0,60,2025-08-23 00:00:00,2025-10-21 00:00:00,14,2025-08-09 00:00:00,2025-08-22 00:00:00,2025-10-22 00:10:00,2025-10-22 12:00:00,2025-10-22 12:00:00,71,4.547473508864641e-13,0
2025-10-22 00:00:00,2025-10-22 18:00:00,M3,18,107,144,10030.96140506173,True,16502.474539886487,12717.126002056188,15,60,2025-08-23 00:00:00,2025-10-21 00:00:00,14,2025-08-09 00:00:00,2025-08-22 00:00:00,2025-10-22 00:10:00,2025-10-22 18:00:00,2025-10-22 18:00:00,107,0.0,0
2025-10-23 00:00:00,2025-10-23 06:00:00,M3,6,35,71,10800.0,False,1247.4761325268337,1930.542936441908,0,60,2025-08-24 00:00:00,2025-10-22 00:00:00,14,2025-08-10 00:00:00,2025-08-23 00:00:00,2025-10-23 00:10:00,2025-10-23 06:00:00,2025-10-23 06:00:00,35,1.8189894035458565e-12,0
2025-10-23 00:00:00,2025-10-23 12:00:00,M3,12,71,107,10800.0,True,7182.19380967824,5382.732257946237,22,60,2025-08-24 00:00:00,2025-10-22 00:00:00,14,2025-08-10 00:00:00,2025-08-23 00:00:00,2025-10-23 00:10:00,2025-10-23 12:00:00,2025-10-23 12:00:00,71,4.547473508864641e-13,0
2025-10-23 00:00:00,2025-10-23 18:00:00,M3,18,107,144,10334.46073411111,True,16465.198083547966,14142.003780536397,19,60,2025-08-24 00:00:00,2025-10-22 00:00:00,14,2025-08-10 00:00:00,2025-08-23 00:00:00,2025-10-23 00:10:00,2025-10-23 18:00:00,2025-10-23 18:00:00,107,9.094947017729282e-13,0
2025-10-24 00:00:00,2025-10-24 06:00:00,M3,6,35,71,6104.558576765432,False,-5829.61693801501,-5829.61693801501,0,60,2025-08-25 00:00:00,2025-10-23 00:00:00,14,2025-08-11 00:00:00,2025-08-24 00:00:00,2025-10-24 00:10:00,2025-10-24 06:00:00,2025-10-24 06:00:00,35,4.547473508864641e-13,0
2025-10-24 00:00:00,2025-10-24 12:00:00,M3,12,71,107,10576.039880098766,True,-3223.1800849585334,-3230.0001963494697,5,60,2025-08-25 00:00:00,2025-10-23 00:00:00,14,2025-08-11 00:00:00,2025-08-24 00:00:00,2025-10-24 00:10:00,2025-10-24 12:00:00,2025-10-24 12:00:00,71,1.1368683772161603e-13,0
2025-10-24 00:00:00,2025-10-24 18:00:00,M3,18,107,144,9917.900941358026,True,7171.128843102457,5491.57309802976,8,60,2025-08-25 00:00:00,2025-10-23 00:00:00,14,2025-08-11 00:00:00,2025-08-24 00:00:00,2025-10-24 00:10:00,2025-10-24 18:00:00,2025-10-24 18:00:00,107,9.094947017729282e-13,0
2025-10-25 00:00:00,2025-10-25 06:00:00,M3,6,35,71,5925.073559351851,False,-5393.938573551298,-5393.938573551298,0,60,2025-08-26 00:00:00,2025-10-24 00:00:00,14,2025-08-12 00:00:00,2025-08-25 00:00:00,2025-10-25 00:10:00,2025-10-25 06:00:00,2025-10-25 06:00:00,35,9.094947017729282e-13,0
2025-10-25 00:00:00,2025-10-25 12:00:00,M3,12,71,107,10228.101637129626,True,-2729.6695385258354,-2744.9695334886537,6,60,2025-08-26 00:00:00,2025-10-24 00:00:00,14,2025-08-12 00:00:00,2025-08-25 00:00:00,2025-10-25 00:10:00,2025-10-25 12:00:00,2025-10-25 12:00:00,71,9.094947017729282e-13,0
2025-10-25 00:00:00,2025-10-25 18:00:00,M3,18,107,144,10455.813721959876,True,4269.953673113196,3371.0950613244163,8,60,2025-08-26 00:00:00,2025-10-24 00:00:00,14,2025-08-12 00:00:00,2025-08-25 00:00:00,2025-10-25 00:10:00,2025-10-25 18:00:00,2025-10-25 18:00:00,107,0.0,0
2025-10-26 00:00:00,2025-10-26 06:00:00,M3,6,35,71,10766.757985462962,False,-297.0783322949609,1103.2587432097243,0,60,2025-08-27 00:00:00,2025-10-25 00:00:00,14,2025-08-13 00:00:00,2025-08-26 00:00:00,2025-10-26 00:10:00,2025-10-26 06:00:00,2025-10-26 06:00:00,35,4.547473508864641e-13,0
2025-10-26 00:00:00,2025-10-26 12:00:00,M3,12,71,107,9292.13448558642,True,5596.112218020548,4741.304591482699,15,60,2025-08-27 00:00:00,2025-10-25 00:00:00,14,2025-08-13 00:00:00,2025-08-26 00:00:00,2025-10-26 00:10:00,2025-10-26 12:00:00,2025-10-26 12:00:00,71,4.547473508864641e-13,0
2025-10-26 00:00:00,2025-10-26 18:00:00,M3,18,107,144,10290.616431216655,True,16288.893252202772,13475.281084575008,14,60,2025-08-27 00:00:00,2025-10-25 00:00:00,14,2025-08-13 00:00:00,2025-08-26 00:00:00,2025-10-26 00:10:00,2025-10-26 18:00:00,2025-10-26 18:00:00,107,4.547473508864641e-13,0
2025-10-27 00:00:00,2025-10-27 06:00:00,M3,6,35,71,10794.943964388885,False,-498.1990631838204,320.1316756995938,0,60,2025-08-28 00:00:00,2025-10-26 00:00:00,14,2025-08-14 00:00:00,2025-08-27 00:00:00,2025-10-27 00:10:00,2025-10-27 06:00:00,2025-10-27 06:00:00,35,9.094947017729282e-13,0
2025-10-27 00:00:00,2025-10-27 12:00:00,M3,12,71,107,6447.720535037037,False,5789.224351649218,6523.55449611289,0,60,2025-08-28 00:00:00,2025-10-26 00:00:00,14,2025-08-14 00:00:00,2025-08-27 00:00:00,2025-10-27 00:10:00,2025-10-27 12:00:00,2025-10-27 12:00:00,71,9.094947017729282e-13,0
2025-10-27 00:00:00,2025-10-27 18:00:00,M3,18,107,144,9531.947158160494,True,19776.688716880708,14122.054464154975,14,60,2025-08-28 00:00:00,2025-10-26 00:00:00,14,2025-08-14 00:00:00,2025-08-27 00:00:00,2025-10-27 00:10:00,2025-10-27 18:00:00,2025-10-27 18:00:00,107,2.2737367544323206e-13,0
2025-10-28 00:00:00,2025-10-28 06:00:00,M3,6,35,71,10800.0,False,-424.85585619563324,-199.51709921276793,0,60,2025-08-29 00:00:00,2025-10-27 00:00:00,14,2025-08-15 00:00:00,2025-08-28 00:00:00,2025-10-28 00:10:00,2025-10-28 06:00:00,2025-10-28 06:00:00,35,9.094947017729282e-13,0
2025-10-28 00:00:00,2025-10-28 12:00:00,M3,12,71,107,5994.876595296293,False,5439.343252049318,6350.148175092306,0,60,2025-08-29 00:00:00,2025-10-27 00:00:00,14,2025-08-15 00:00:00,2025-08-28 00:00:00,2025-10-28 00:10:00,2025-10-28 12:00:00,2025-10-28 12:00:00,71,5.684341886080802e-14,0
2025-10-28 00:00:00,2025-10-28 18:00:00,M3,18,107,144,7810.523903426614,True,29754.98353861218,16679.429646626417,17,60,2025-08-29 00:00:00,2025-10-27 00:00:00,14,2025-08-15 00:00:00,2025-08-28 00:00:00,2025-10-28 00:10:00,2025-10-28 18:00:00,2025-10-28 18:00:00,107,4.547473508864641e-13,0
2025-10-29 00:00:00,2025-10-29 06:00:00,M3,6,35,71,10800.0,True,4481.977583600661,3473.440624509236,8,60,2025-08-30 00:00:00,2025-10-28 00:00:00,14,2025-08-16 00:00:00,2025-08-29 00:00:00,2025-10-29 00:10:00,2025-10-29 06:00:00,2025-10-29 06:00:00,35,9.094947017729282e-13,0
2025-10-29 00:00:00,2025-10-29 12:00:00,M3,12,71,107,6124.250785604939,True,7634.694872842963,7464.027888086289,25,60,2025-08-30 00:00:00,2025-10-28 00:00:00,14,2025-08-16 00:00:00,2025-08-29 00:00:00,2025-10-29 00:10:00,2025-10-29 12:00:00,2025-10-29 12:00:00,71,1.1368683772161603e-13,0
2025-10-29 00:00:00,2025-10-29 18:00:00,M3,18,107,144,10698.122069632718,True,13611.463867577944,12268.06499315453,11,60,2025-08-30 00:00:00,2025-10-28 00:00:00,14,2025-08-16 00:00:00,2025-08-29 00:00:00,2025-10-29 00:10:00,2025-10-29 18:00:00,2025-10-29 18:00:00,107,9.094947017729282e-13,0
2025-10-30 00:00:00,2025-10-30 06:00:00,M3,6,35,71,10800.0,False,-1266.76022761924,-1193.4178079273186,0,60,2025-08-31 00:00:00,2025-10-29 00:00:00,14,2025-08-17 00:00:00,2025-08-30 00:00:00,2025-10-30 00:10:00,2025-10-30 06:00:00,2025-10-30 06:00:00,35,9.094947017729282e-13,0
2025-10-30 00:00:00,2025-10-30 12:00:00,M3,12,71,107,6484.726542777779,False,5474.264239494444,6488.797417573708,0,60,2025-08-31 00:00:00,2025-10-29 00:00:00,14,2025-08-17 00:00:00,2025-08-30 00:00:00,2025-10-30 00:10:00,2025-10-30 12:00:00,2025-10-30 12:00:00,71,1.8189894035458565e-12,0
2025-10-30 00:00:00,2025-10-30 18:00:00,M3,18,107,144,7973.812147722224,True,29661.13605027122,17884.49783447901,27,60,2025-08-31 00:00:00,2025-10-29 00:00:00,14,2025-08-17 00:00:00,2025-08-30 00:00:00,2025-10-30 00:10:00,2025-10-30 18:00:00,2025-10-30 18:00:00,107,4.547473508864641e-13,0
2025-10-31 00:00:00,2025-10-31 06:00:00,M3,6,35,71,6368.114615367282,True,-4784.67197432415,-4808.440019358618,1,60,2025-09-01 00:00:00,2025-10-30 00:00:00,14,2025-08-18 00:00:00,2025-08-31 00:00:00,2025-10-31 00:10:00,2025-10-31 06:00:00,2025-10-31 06:00:00,35,1.8189894035458565e-12,0
2025-10-31 00:00:00,2025-10-31 12:00:00,M3,12,71,107,8497.66971141975,True,-2071.226856422583,-2259.459444536703,17,60,2025-09-01 00:00:00,2025-10-30 00:00:00,14,2025-08-18 00:00:00,2025-08-31 00:00:00,2025-10-31 00:10:00,2025-10-31 12:00:00,2025-10-31 12:00:00,71,0.0,0
2025-10-31 00:00:00,2025-10-31 18:00:00,M3,18,107,144,10197.132123194442,False,2708.1602699986247,3054.8988990529897,0,60,2025-09-01 00:00:00,2025-10-30 00:00:00,14,2025-08-18 00:00:00,2025-08-31 00:00:00,2025-10-31 00:10:00,2025-10-31 18:00:00,2025-10-31 18:00:00,107,0.0,0
2025-11-01 00:00:00,2025-11-01 06:00:00,M3,6,35,71,6184.82828225926,True,-5094.808026279208,-5136.355506777526,1,60,2025-09-02 00:00:00,2025-10-31 00:00:00,14,2025-08-19 00:00:00,2025-09-01 00:00:00,2025-11-01 00:10:00,2025-11-01 06:00:00,2025-11-01 06:00:00,35,9.094947017729282e-13,0
2025-11-01 00:00:00,2025-11-01 12:00:00,M3,12,71,107,9202.852284938272,False,-2794.7169213352686,-2676.17352776069,0,60,2025-09-02 00:00:00,2025-10-31 00:00:00,14,2025-08-19 00:00:00,2025-09-01 00:00:00,2025-11-01 00:10:00,2025-11-01 12:00:00,2025-11-01 12:00:00,71,9.094947017729282e-13,0
2025-11-01 00:00:00,2025-11-01 18:00:00,M3,18,107,144,10215.147107641977,True,3680.0643026521125,3009.461889080897,9,60,2025-09-02 00:00:00,2025-10-31 00:00:00,14,2025-08-19 00:00:00,2025-09-01 00:00:00,2025-11-01 00:10:00,2025-11-01 18:00:00,2025-11-01 18:00:00,107,0.0,0
2025-11-02 00:00:00,2025-11-02 06:00:00,M3,6,35,71,10774.058421148153,False,2674.2576226531537,2755.2674629852745,0,60,2025-09-03 00:00:00,2025-11-01 00:00:00,14,2025-08-20 00:00:00,2025-09-02 00:00:00,2025-11-02 00:10:00,2025-11-02 06:00:00,2025-11-02 06:00:00,35,9.094947017729282e-13,0
2025-11-02 00:00:00,2025-11-02 12:00:00,M3,12,71,107,5351.111897,False,7901.221986858148,7979.900281031965,0,60,2025-09-03 00:00:00,2025-11-01 00:00:00,14,2025-08-20 00:00:00,2025-09-02 00:00:00,2025-11-02 00:10:00,2025-11-02 12:00:00,2025-11-02 12:00:00,71,9.094947017729282e-13,0
2025-11-02 00:00:00,2025-11-02 18:00:00,M3,18,107,144,10800.0,False,10650.139684791515,11031.966063856087,0,60,2025-09-03 00:00:00,2025-11-01 00:00:00,14,2025-08-20 00:00:00,2025-09-02 00:00:00,2025-11-02 00:10:00,2025-11-02 18:00:00,2025-11-02 18:00:00,107,4.547473508864641e-13,0
2025-11-03 00:00:00,2025-11-03 06:00:00,M3,6,35,71,10729.610427129628,False,1183.496128680214,1949.1961290756728,0,60,2025-09-04 00:00:00,2025-11-02 00:00:00,14,2025-08-21 00:00:00,2025-09-03 00:00:00,2025-11-03 00:10:00,2025-11-03 06:00:00,2025-11-03 06:00:00,35,9.094947017729282e-13,0
2025-11-03 00:00:00,2025-11-03 12:00:00,M3,12,71,107,7315.300762827159,True,8142.913770562321,7297.5241276751985,26,60,2025-09-04 00:00:00,2025-11-02 00:00:00,14,2025-08-21 00:00:00,2025-09-03 00:00:00,2025-11-03 00:10:00,2025-11-03 12:00:00,2025-11-03 12:00:00,71,0.0,0
2025-11-03 00:00:00,2025-11-03 18:00:00,M3,18,107,144,10643.663510154323,True,13904.46633896954,12496.158206895867,12,60,2025-09-04 00:00:00,2025-11-02 00:00:00,14,2025-08-21 00:00:00,2025-09-03 00:00:00,2025-11-03 00:10:00,2025-11-03 18:00:00,2025-11-03 18:00:00,107,4.547473508864641e-13,0
2025-11-04 00:00:00,2025-11-04 06:00:00,M3,6,35,71,10800.0,False,2455.190793549194,2721.046871228312,0,60,2025-09-05 00:00:00,2025-11-03 00:00:00,14,2025-08-22 00:00:00,2025-09-04 00:00:00,2025-11-04 00:10:00,2025-11-04 06:00:00,2025-11-04 06:00:00,35,4.547473508864641e-13,0
2025-11-04 00:00:00,2025-11-04 12:00:00,M3,12,71,107,6729.858826265427,True,5332.482661191513,5073.968514329282,15,60,2025-09-05 00:00:00,2025-11-03 00:00:00,14,2025-08-22 00:00:00,2025-09-04 00:00:00,2025-11-04 00:10:00,2025-11-04 12:00:00,2025-11-04 12:00:00,71,9.094947017729282e-13,0
2025-11-04 00:00:00,2025-11-04 18:00:00,M3,18,107,144,9536.798654648144,True,19772.99282746209,14146.675272003211,14,60,2025-09-05 00:00:00,2025-11-03 00:00:00,14,2025-08-22 00:00:00,2025-09-04 00:00:00,2025-11-04 00:10:00,2025-11-04 18:00:00,2025-11-04 18:00:00,107,4.547473508864641e-13,0
2025-11-05 00:00:00,2025-11-05 06:00:00,M3,6,35,71,10737.157619444444,False,2261.9442854102326,4839.121927824765,0,60,2025-09-06 00:00:00,2025-11-04 00:00:00,14,2025-08-23 00:00:00,2025-09-05 00:00:00,2025-11-05 00:10:00,2025-11-05 06:00:00,2025-11-05 06:00:00,35,0.0,0
2025-11-05 00:00:00,2025-11-05 12:00:00,M3,12,71,107,6880.585388925927,True,10218.39553366829,8355.524501912363,30,60,2025-09-06 00:00:00,2025-11-04 00:00:00,14,2025-08-23 00:00:00,2025-09-05 00:00:00,2025-11-05 00:10:00,2025-11-05 12:00:00,2025-11-05 12:00:00,71,9.094947017729282e-13,0
2025-11-05 00:00:00,2025-11-05 18:00:00,M3,18,107,144,10513.901740555557,True,12517.201389403353,11503.465682312368,7,60,2025-09-06 00:00:00,2025-11-04 00:00:00,14,2025-08-23 00:00:00,2025-09-05 00:00:00,2025-11-05 00:10:00,2025-11-05 18:00:00,2025-11-05 18:00:00,107,4.547473508864641e-13,0
2025-11-06 00:00:00,2025-11-06 06:00:00,M3,6,35,71,10774.73077037037,True,5981.4885756519625,5095.948881108523,19,60,2025-09-07 00:00:00,2025-11-05 00:00:00,14,2025-08-24 00:00:00,2025-09-06 00:00:00,2025-11-06 00:10:00,2025-11-06 06:00:00,2025-11-06 06:00:00,35,9.094947017729282e-13,0
2025-11-06 00:00:00,2025-11-06 12:00:00,M3,12,71,107,6466.436788611111,False,7339.449693121699,7490.741421082259,0,60,2025-09-07 00:00:00,2025-11-05 00:00:00,14,2025-08-24 00:00:00,2025-09-06 00:00:00,2025-11-06 00:10:00,2025-11-06 12:00:00,2025-11-06 12:00:00,71,9.094947017729282e-13,0
2025-11-06 00:00:00,2025-11-06 18:00:00,M3,18,107,144,10721.910203351852,True,13679.587045351302,13132.879236868013,24,60,2025-09-07 00:00:00,2025-11-05 00:00:00,14,2025-08-24 00:00:00,2025-09-06 00:00:00,2025-11-06 00:10:00,2025-11-06 18:00:00,2025-11-06 18:00:00,107,4.547473508864641e-13,0
2025-11-07 00:00:00,2025-11-07 06:00:00,M3,6,35,71,7409.865471688271,False,-3741.3191044234272,-3741.3191044234272,0,60,2025-09-08 00:00:00,2025-11-06 00:00:00,14,2025-08-25 00:00:00,2025-09-07 00:00:00,2025-11-07 00:10:00,2025-11-07 06:00:00,2025-11-07 06:00:00,35,4.547473508864641e-13,0
2025-11-07 00:00:00,2025-11-07 12:00:00,M3,12,71,107,7507.486391873457,False,-3172.8794617727244,-3000.662028157484,0,60,2025-09-08 00:00:00,2025-11-06 00:00:00,14,2025-08-25 00:00:00,2025-09-07 00:00:00,2025-11-07 00:10:00,2025-11-07 12:00:00,2025-11-07 12:00:00,71,1.8189894035458565e-12,0
2025-11-07 00:00:00,2025-11-07 18:00:00,M3,18,107,144,10428.942079969136,True,5625.993805800545,3993.0524557495637,8,60,2025-09-08 00:00:00,2025-11-06 00:00:00,14,2025-08-25 00:00:00,2025-09-07 00:00:00,2025-11-07 00:10:00,2025-11-07 18:00:00,2025-11-07 18:00:00,107,0.0,0
2025-11-08 00:00:00,2025-11-08 06:00:00,M3,6,35,71,7157.4822159475325,False,-5412.072081586368,-5412.072081586368,0,60,2025-09-09 00:00:00,2025-11-07 00:00:00,14,2025-08-26 00:00:00,2025-09-08 00:00:00,2025-11-08 00:10:00,2025-11-08 06:00:00,2025-11-08 06:00:00,35,4.547473508864641e-13,0
2025-11-08 00:00:00,2025-11-08 12:00:00,M3,12,71,107,8388.897935206793,True,-2999.43470962133,-3009.394344822195,2,60,2025-09-09 00:00:00,2025-11-07 00:00:00,14,2025-08-26 00:00:00,2025-09-08 00:00:00,2025-11-08 00:10:00,2025-11-08 12:00:00,2025-11-08 12:00:00,71,9.094947017729282e-13,0
2025-11-08 00:00:00,2025-11-08 18:00:00,M3,18,107,144,10291.95413264506,False,1613.6064907658524,1622.9759693022347,0,60,2025-09-09 00:00:00,2025-11-07 00:00:00,14,2025-08-26 00:00:00,2025-09-08 00:00:00,2025-11-08 00:10:00,2025-11-08 18:00:00,2025-11-08 18:00:00,107,0.0,0
2025-11-09 00:00:00,2025-11-09 06:00:00,M3,6,35,71,10785.482377777778,False,3066.1412242501256,4180.766244959149,0,60,2025-09-10 00:00:00,2025-11-08 00:00:00,14,2025-08-27 00:00:00,2025-09-09 00:00:00,2025-11-09 00:10:00,2025-11-09 06:00:00,2025-11-09 06:00:00,35,1.8189894035458565e-12,0
2025-11-09 00:00:00,2025-11-09 12:00:00,M3,12,71,107,7007.797315174255,True,8102.696936817766,8015.2302673069335,21,60,2025-09-10 00:00:00,2025-11-08 00:00:00,14,2025-08-27 00:00:00,2025-09-09 00:00:00,2025-11-09 00:10:00,2025-11-09 12:00:00,2025-11-09 12:00:00,71,4.547473508864641e-13,0
2025-11-09 00:00:00,2025-11-09 18:00:00,M3,18,107,144,10736.583826660491,True,11255.023573753026,10712.898793090844,10,60,2025-09-10 00:00:00,2025-11-08 00:00:00,14,2025-08-27 00:00:00,2025-09-09 00:00:00,2025-11-09 00:10:00,2025-11-09 18:00:00,2025-11-09 18:00:00,107,4.547473508864641e-13,0
2025-11-10 00:00:00,2025-11-10 06:00:00,M3,6,35,71,10789.046238888888,True,10207.83468985399,6545.64310490582,18,60,2025-09-11 00:00:00,2025-11-09 00:00:00,14,2025-08-28 00:00:00,2025-09-10 00:00:00,2025-11-10 00:10:00,2025-11-10 06:00:00,2025-11-10 06:00:00,35,4.547473508864641e-13,0
2025-11-10 00:00:00,2025-11-10 12:00:00,M3,12,71,107,7926.937170922744,True,9762.760244823698,8888.141319367085,22,60,2025-09-11 00:00:00,2025-11-09 00:00:00,14,2025-08-28 00:00:00,2025-09-10 00:00:00,2025-11-10 00:10:00,2025-11-10 12:00:00,2025-11-10 12:00:00,71,2.2737367544323206e-13,0
2025-11-10 00:00:00,2025-11-10 18:00:00,M3,18,107,144,10800.0,True,11259.010179957282,10550.340529522495,16,60,2025-09-11 00:00:00,2025-11-09 00:00:00,14,2025-08-28 00:00:00,2025-09-10 00:00:00,2025-11-10 00:10:00,2025-11-10 18:00:00,2025-11-10 18:00:00,107,9.094947017729282e-13,0
2025-11-11 00:00:00,2025-11-11 06:00:00,M3,6,35,71,10800.0,False,3660.1607461599306,5379.811519626224,0,60,2025-09-12 00:00:00,2025-11-10 00:00:00,14,2025-08-29 00:00:00,2025-09-11 00:00:00,2025-11-11 00:10:00,2025-11-11 06:00:00,2025-11-11 06:00:00,35,0.0,0
2025-11-11 00:00:00,2025-11-11 12:00:00,M3,12,71,107,8214.634584709875,True,8767.398060100057,7811.156902636346,26,60,2025-09-12 00:00:00,2025-11-10 00:00:00,14,2025-08-29 00:00:00,2025-09-11 00:00:00,2025-11-11 00:10:00,2025-11-11 12:00:00,2025-11-11 12:00:00,71,0.0,0
2025-11-11 00:00:00,2025-11-11 18:00:00,M3,18,107,144,10800.0,True,11735.942473564786,11646.346401195342,12,60,2025-09-12 00:00:00,2025-11-10 00:00:00,14,2025-08-29 00:00:00,2025-09-11 00:00:00,2025-11-11 00:10:00,2025-11-11 18:00:00,2025-11-11 18:00:00,107,4.547473508864641e-13,0
2025-11-12 00:00:00,2025-11-12 06:00:00,M3,6,35,71,10800.0,True,8059.644527877764,6161.393860546707,12,60,2025-09-13 00:00:00,2025-11-11 00:00:00,14,2025-08-30 00:00:00,2025-09-12 00:00:00,2025-11-12 00:10:00,2025-11-12 06:00:00,2025-11-12 06:00:00,35,9.094947017729282e-13,0
2025-11-12 00:00:00,2025-11-12 12:00:00,M3,12,71,107,7184.635389092593,True,8437.232508371968,7656.874366624835,17,60,2025-09-13 00:00:00,2025-11-11 00:00:00,14,2025-08-30 00:00:00,2025-09-12 00:00:00,2025-11-12 00:10:00,2025-11-12 12:00:00,2025-11-12 12:00:00,71,9.094947017729282e-13,0
2025-11-12 00:00:00,2025-11-12 18:00:00,M3,18,107,144,10708.057983907409,True,11718.972512403017,11523.71662880116,8,60,2025-09-13 00:00:00,2025-11-11 00:00:00,14,2025-08-30 00:00:00,2025-09-12 00:00:00,2025-11-12 00:10:00,2025-11-12 18:00:00,2025-11-12 18:00:00,107,9.094947017729282e-13,0
2025-11-13 00:00:00,2025-11-13 06:00:00,M3,6,35,71,10800.0,False,3547.89416967321,3718.5657014079384,0,60,2025-09-14 00:00:00,2025-11-12 00:00:00,14,2025-08-31 00:00:00,2025-09-13 00:00:00,2025-11-13 00:10:00,2025-11-13 06:00:00,2025-11-13 06:00:00,35,4.547473508864641e-13,0
2025-11-13 00:00:00,2025-11-13 12:00:00,M3,12,71,107,7619.019693259261,False,6903.1834720615925,8918.481141491287,0,60,2025-09-14 00:00:00,2025-11-12 00:00:00,14,2025-08-31 00:00:00,2025-09-13 00:00:00,2025-11-13 00:10:00,2025-11-13 12:00:00,2025-11-13 12:00:00,71,4.547473508864641e-13,0
2025-11-13 00:00:00,2025-11-13 18:00:00,M3,18,107,144,8349.416379932098,True,27866.400622262776,17136.224896483895,29,60,2025-09-14 00:00:00,2025-11-12 00:00:00,14,2025-08-31 00:00:00,2025-09-13 00:00:00,2025-11-13 00:10:00,2025-11-13 18:00:00,2025-11-13 18:00:00,107,0.0,0
2025-11-14 00:00:00,2025-11-14 06:00:00,M3,6,35,71,7183.1918615123495,False,-4615.650861073218,-4615.650861073218,0,60,2025-09-15 00:00:00,2025-11-13 00:00:00,14,2025-09-01 00:00:00,2025-09-14 00:00:00,2025-11-14 00:10:00,2025-11-14 06:00:00,2025-11-14 06:00:00,35,0.0,0
2025-11-14 00:00:00,2025-11-14 12:00:00,M3,12,71,107,7435.191284845684,True,-2399.643808279697,-2478.129566935192,16,60,2025-09-15 00:00:00,2025-11-13 00:00:00,14,2025-09-01 00:00:00,2025-09-14 00:00:00,2025-11-14 00:10:00,2025-11-14 12:00:00,2025-11-14 12:00:00,71,9.094947017729282e-13,0
2025-11-14 00:00:00,2025-11-14 18:00:00,M3,18,107,144,9968.12686865741,True,4077.6882299793647,3262.0716472116037,4,60,2025-09-15 00:00:00,2025-11-13 00:00:00,14,2025-09-01 00:00:00,2025-09-14 00:00:00,2025-11-14 00:10:00,2025-11-14 18:00:00,2025-11-14 18:00:00,107,0.0,0
2025-11-15 00:00:00,2025-11-15 06:00:00,M3,6,35,71,7857.648428141978,False,-4136.948951990628,-4023.7749391199623,0,60,2025-09-16 00:00:00,2025-11-14 00:00:00,14,2025-09-02 00:00:00,2025-09-15 00:00:00,2025-11-15 00:10:00,2025-11-15 06:00:00,2025-11-15 06:00:00,35,2.2737367544323206e-13,0
2025-11-15 00:00:00,2025-11-15 12:00:00,M3,12,71,107,7750.491681012347,True,-2363.160948543515,-2658.8968083595014,17,60,2025-09-16 00:00:00,2025-11-14 00:00:00,14,2025-09-02 00:00:00,2025-09-15 00:00:00,2025-11-15 00:10:00,2025-11-15 12:00:00,2025-11-15 12:00:00,71,1.1368683772161603e-13,0
2025-11-15 00:00:00,2025-11-15 18:00:00,M3,18,107,144,10644.735950200617,False,1210.601488932607,1238.3270728614066,0,60,2025-09-16 00:00:00,2025-11-14 00:00:00,14,2025-09-02 00:00:00,2025-09-15 00:00:00,2025-11-15 00:10:00,2025-11-15 18:00:00,2025-11-15 18:00:00,107,0.0,0
2025-11-16 00:00:00,2025-11-16 06:00:00,M3,6,35,71,10800.0,True,9552.14700438576,6481.364395975649,23,60,2025-09-17 00:00:00,2025-11-15 00:00:00,14,2025-09-03 00:00:00,2025-09-16 00:00:00,2025-11-16 00:10:00,2025-11-16 06:00:00,2025-11-16 06:00:00,35,9.094947017729282e-13,0
2025-11-16 00:00:00,2025-11-16 12:00:00,M3,12,71,107,7131.493870188275,False,8123.915355711085,9828.594859693758,0,60,2025-09-17 00:00:00,2025-11-15 00:00:00,14,2025-09-03 00:00:00,2025-09-16 00:00:00,2025-11-16 00:10:00,2025-11-16 12:00:00,2025-11-16 12:00:00,71,0.0,0
2025-11-16 00:00:00,2025-11-16 18:00:00,M3,18,107,144,9618.965929432099,True,18037.49325390428,12903.81721080695,14,60,2025-09-17 00:00:00,2025-11-15 00:00:00,14,2025-09-03 00:00:00,2025-09-16 00:00:00,2025-11-16 00:10:00,2025-11-16 18:00:00,2025-11-16 18:00:00,107,2.2737367544323206e-13,0
2025-11-17 00:00:00,2025-11-17 06:00:00,M3,6,35,71,10800.0,True,7990.994024675195,6750.820781012518,13,60,2025-09-18 00:00:00,2025-11-16 00:00:00,14,2025-09-04 00:00:00,2025-09-17 00:00:00,2025-11-17 00:10:00,2025-11-17 06:00:00,2025-11-17 06:00:00,35,1.8189894035458565e-12,0
2025-11-17 00:00:00,2025-11-17 12:00:00,M3,12,71,107,8219.593706740738,False,7308.772641320278,7812.878468675693,0,60,2025-09-18 00:00:00,2025-11-16 00:00:00,14,2025-09-04 00:00:00,2025-09-17 00:00:00,2025-11-17 00:10:00,2025-11-17 12:00:00,2025-11-17 12:00:00,71,9.094947017729282e-13,0
2025-11-17 00:00:00,2025-11-17 18:00:00,M3,18,107,144,10005.48269277161,True,11954.924200917609,10589.378848744469,15,60,2025-09-18 00:00:00,2025-11-16 00:00:00,14,2025-09-04 00:00:00,2025-09-17 00:00:00,2025-11-17 00:10:00,2025-11-17 18:00:00,2025-11-17 18:00:00,107,4.547473508864641e-13,0
2025-11-18 00:00:00,2025-11-18 06:00:00,M3,6,35,71,10800.0,True,5614.859743146494,5108.771585916816,13,60,2025-09-19 00:00:00,2025-11-17 00:00:00,14,2025-09-05 00:00:00,2025-09-18 00:00:00,2025-11-18 00:10:00,2025-11-18 06:00:00,2025-11-18 06:00:00,35,9.094947017729282e-13,0
2025-11-18 00:00:00,2025-11-18 12:00:00,M3,12,71,107,4212.347489895061,False,10562.583128413662,12881.360717472522,0,60,2025-09-19 00:00:00,2025-11-17 00:00:00,14,2025-09-05 00:00:00,2025-09-18 00:00:00,2025-11-18 00:10:00,2025-11-18 12:00:00,2025-11-18 12:00:00,71,4.547473508864641e-13,0
2025-11-18 00:00:00,2025-11-18 18:00:00,M3,18,107,144,8563.484687629629,True,23298.033785903906,14828.233079378273,15,60,2025-09-19 00:00:00,2025-11-17 00:00:00,14,2025-09-05 00:00:00,2025-09-18 00:00:00,2025-11-18 00:10:00,2025-11-18 18:00:00,2025-11-18 18:00:00,107,0.0,0
2025-11-19 00:00:00,2025-11-19 06:00:00,M3,6,35,71,10744.005455555556,True,15008.84506252091,8923.08030115776,20,60,2025-09-20 00:00:00,2025-11-18 00:00:00,14,2025-09-06 00:00:00,2025-09-19 00:00:00,2025-11-19 00:10:00,2025-11-19 06:00:00,2025-11-19 06:00:00,35,4.547473508864641e-13,0
2025-11-19 00:00:00,2025-11-19 12:00:00,M3,12,71,107,8363.763083966052,False,8789.571619038348,8963.278415644287,0,60,2025-09-20 00:00:00,2025-11-18 00:00:00,14,2025-09-06 00:00:00,2025-09-19 00:00:00,2025-11-19 00:10:00,2025-11-19 12:00:00,2025-11-19 12:00:00,71,0.0,0
2025-11-19 00:00:00,2025-11-19 18:00:00,M3,18,107,144,10582.978919413583,False,8580.608060393182,8622.757054159503,0,60,2025-09-20 00:00:00,2025-11-18 00:00:00,14,2025-09-06 00:00:00,2025-09-19 00:00:00,2025-11-19 00:10:00,2025-11-19 18:00:00,2025-11-19 18:00:00,107,0.0,0
2025-11-20 00:00:00,2025-11-20 06:00:00,M3,6,35,71,10800.0,True,4746.400530113667,4346.168494272404,12,60,2025-09-21 00:00:00,2025-11-19 00:00:00,14,2025-09-07 00:00:00,2025-09-20 00:00:00,2025-11-20 00:10:00,2025-11-20 06:00:00,2025-11-20 06:00:00,35,1.8189894035458565e-12,0
2025-11-20 00:00:00,2025-11-20 12:00:00,M3,12,71,107,6798.4388338117315,False,9935.428000132018,11629.874002155815,0,60,2025-09-21 00:00:00,2025-11-19 00:00:00,14,2025-09-07 00:00:00,2025-09-20 00:00:00,2025-11-20 00:10:00,2025-11-20 12:00:00,2025-11-20 12:00:00,71,4.547473508864641e-13,0
2025-11-20 00:00:00,2025-11-20 18:00:00,M3,18,107,144,9482.592809827162,True,16964.046089146166,13441.262275578367,9,60,2025-09-21 00:00:00,2025-11-19 00:00:00,14,2025-09-07 00:00:00,2025-09-20 00:00:00,2025-11-20 00:10:00,2025-11-20 18:00:00,2025-11-20 18:00:00,107,9.094947017729282e-13,0
2025-11-21 00:00:00,2025-11-21 06:00:00,M3,6,35,71,7447.71837278395,True,-1968.6787869929562,-2723.2750813154457,4,60,2025-09-22 00:00:00,2025-11-20 00:00:00,14,2025-09-08 00:00:00,2025-09-21 00:00:00,2025-11-21 00:10:00,2025-11-21 06:00:00,2025-11-21 06:00:00,35,0.0,0
2025-11-21 00:00:00,2025-11-21 12:00:00,M3,12,71,107,7793.287213503085,True,-2554.514853691565,-2569.624749092741,6,60,2025-09-22 00:00:00,2025-11-20 00:00:00,14,2025-09-08 00:00:00,2025-09-21 00:00:00,2025-11-21 00:10:00,2025-11-21 12:00:00,2025-11-21 12:00:00,71,2.2737367544323206e-13,0
2025-11-21 00:00:00,2025-11-21 18:00:00,M3,18,107,144,10791.731275,False,1009.3641870658718,1069.014777073916,0,60,2025-09-22 00:00:00,2025-11-20 00:00:00,14,2025-09-08 00:00:00,2025-09-21 00:00:00,2025-11-21 00:10:00,2025-11-21 18:00:00,2025-11-21 18:00:00,107,0.0,0
2025-11-22 00:00:00,2025-11-22 06:00:00,M3,6,35,71,8331.704664753084,False,-3205.294036939984,-2754.7381501257687,0,60,2025-09-23 00:00:00,2025-11-21 00:00:00,14,2025-09-09 00:00:00,2025-09-22 00:00:00,2025-11-22 00:10:00,2025-11-22 06:00:00,2025-11-22 06:00:00,35,4.547473508864641e-13,0
2025-11-22 00:00:00,2025-11-22 12:00:00,M3,12,71,107,7628.924157030865,True,-2349.5823580249826,-2352.4102368214053,15,60,2025-09-23 00:00:00,2025-11-21 00:00:00,14,2025-09-09 00:00:00,2025-09-22 00:00:00,2025-11-22 00:10:00,2025-11-22 12:00:00,2025-11-22 12:00:00,71,9.094947017729282e-13,0
2025-11-22 00:00:00,2025-11-22 18:00:00,M3,18,107,144,10581.634482929008,True,1510.606454116709,1509.780942558889,6,60,2025-09-23 00:00:00,2025-11-21 00:00:00,14,2025-09-09 00:00:00,2025-09-22 00:00:00,2025-11-22 00:10:00,2025-11-22 18:00:00,2025-11-22 18:00:00,107,0.0,0
2025-11-23 00:00:00,2025-11-23 06:00:00,M3,6,35,71,10684.09519209259,True,16430.364383716613,9601.410298680099,20,60,2025-09-24 00:00:00,2025-11-22 00:00:00,14,2025-09-10 00:00:00,2025-09-23 00:00:00,2025-11-23 00:10:00,2025-11-23 06:00:00,2025-11-23 06:00:00,35,9.094947017729282e-13,0
2025-11-23 00:00:00,2025-11-23 12:00:00,M3,12,71,107,7184.7768668425915,True,8861.379920470015,8334.934583482602,13,60,2025-09-24 00:00:00,2025-11-22 00:00:00,14,2025-09-10 00:00:00,2025-09-23 00:00:00,2025-11-23 00:10:00,2025-11-23 12:00:00,2025-11-23 12:00:00,71,9.094947017729282e-13,0
2025-11-23 00:00:00,2025-11-23 18:00:00,M3,18,107,144,10776.092654580247,False,9215.977807321024,9407.09450186824,0,60,2025-09-24 00:00:00,2025-11-22 00:00:00,14,2025-09-10 00:00:00,2025-09-23 00:00:00,2025-11-23 00:10:00,2025-11-23 18:00:00,2025-11-23 18:00:00,107,2.2737367544323206e-13,0
2025-11-24 00:00:00,2025-11-24 06:00:00,M3,6,35,71,10800.0,True,4179.3381194039985,4079.5988170853266,11,60,2025-09-25 00:00:00,2025-11-23 00:00:00,14,2025-09-11 00:00:00,2025-09-24 00:00:00,2025-11-24 00:10:00,2025-11-24 06:00:00,2025-11-24 06:00:00,35,9.094947017729282e-13,0
2025-11-24 00:00:00,2025-11-24 12:00:00,M3,12,71,107,5922.662987188274,False,9001.907112035424,9477.056529369002,0,60,2025-09-25 00:00:00,2025-11-23 00:00:00,14,2025-09-11 00:00:00,2025-09-24 00:00:00,2025-11-24 00:10:00,2025-11-24 12:00:00,2025-11-24 12:00:00,71,4.547473508864641e-13,0
2025-11-24 00:00:00,2025-11-24 18:00:00,M3,18,107,144,10025.108906854939,True,12354.220818419488,11080.541468720532,11,60,2025-09-25 00:00:00,2025-11-23 00:00:00,14,2025-09-11 00:00:00,2025-09-24 00:00:00,2025-11-24 00:10:00,2025-11-24 18:00:00,2025-11-24 18:00:00,107,9.094947017729282e-13,0
2025-11-25 00:00:00,2025-11-25 06:00:00,M3,6,35,71,10727.641397416666,False,6864.485747211858,8972.31585457079,0,60,2025-09-26 00:00:00,2025-11-24 00:00:00,14,2025-09-12 00:00:00,2025-09-25 00:00:00,2025-11-25 00:10:00,2025-11-25 06:00:00,2025-11-25 06:00:00,35,9.094947017729282e-13,0
2025-11-25 00:00:00,2025-11-25 12:00:00,M3,12,71,107,8382.08450846605,True,14421.852424431092,11554.367076169858,31,60,2025-09-26 00:00:00,2025-11-24 00:00:00,14,2025-09-12 00:00:00,2025-09-25 00:00:00,2025-11-25 00:10:00,2025-11-25 12:00:00,2025-11-25 12:00:00,71,9.094947017729282e-13,0
2025-11-25 00:00:00,2025-11-25 18:00:00,M3,18,107,144,10710.25031093519,False,9288.906339270903,9610.265225385912,0,60,2025-09-26 00:00:00,2025-11-24 00:00:00,14,2025-09-12 00:00:00,2025-09-25 00:00:00,2025-11-25 00:10:00,2025-11-25 18:00:00,2025-11-25 18:00:00,107,0.0,0
2025-11-26 00:00:00,2025-11-26 06:00:00,M3,6,35,71,10794.017981481482,True,8503.859767833801,7508.313857544251,10,60,2025-09-27 00:00:00,2025-11-25 00:00:00,14,2025-09-13 00:00:00,2025-09-26 00:00:00,2025-11-26 00:10:00,2025-11-26 06:00:00,2025-11-26 06:00:00,35,1.8189894035458565e-12,0
2025-11-26 00:00:00,2025-11-26 12:00:00,M3,12,71,107,6653.665258725306,True,12055.16239735764,11079.206444683727,32,60,2025-09-27 00:00:00,2025-11-25 00:00:00,14,2025-09-13 00:00:00,2025-09-26 00:00:00,2025-11-26 00:10:00,2025-11-26 12:00:00,2025-11-26 12:00:00,71,1.1368683772161603e-13,0
2025-11-26 00:00:00,2025-11-26 18:00:00,M3,18,107,144,10397.717335003083,True,11740.753368613368,11163.362677020543,9,60,2025-09-27 00:00:00,2025-11-25 00:00:00,14,2025-09-13 00:00:00,2025-09-26 00:00:00,2025-11-26 00:10:00,2025-11-26 18:00:00,2025-11-26 18:00:00,107,4.547473508864641e-13,0
2025-11-27 00:00:00,2025-11-27 06:00:00,M3,6,35,71,10778.146388888888,True,6495.597191364606,5990.732143509263,21,60,2025-09-28 00:00:00,2025-11-26 00:00:00,14,2025-09-14 00:00:00,2025-09-27 00:00:00,2025-11-27 00:10:00,2025-11-27 06:00:00,2025-11-27 06:00:00,35,9.094947017729282e-13,0
2025-11-27 00:00:00,2025-11-27 12:00:00,M3,12,71,107,7968.458012830251,True,10692.452572483071,10089.605428463256,17,60,2025-09-28 00:00:00,2025-11-26 00:00:00,14,2025-09-14 00:00:00,2025-09-27 00:00:00,2025-11-27 00:10:00,2025-11-27 12:00:00,2025-11-27 12:00:00,71,9.094947017729282e-13,0
2025-11-27 00:00:00,2025-11-27 18:00:00,M3,18,107,144,10537.138599688267,True,12816.054121935065,12314.171986545218,12,60,2025-09-28 00:00:00,2025-11-26 00:00:00,14,2025-09-14 00:00:00,2025-09-27 00:00:00,2025-11-27 00:10:00,2025-11-27 18:00:00,2025-11-27 18:00:00,107,0.0,0
2025-11-28 00:00:00,2025-11-28 06:00:00,M3,6,35,71,8379.21521026543,True,-3454.1449834169407,-3537.360457335574,2,60,2025-09-29 00:00:00,2025-11-27 00:00:00,14,2025-09-15 00:00:00,2025-09-28 00:00:00,2025-11-28 00:10:00,2025-11-28 06:00:00,2025-11-28 06:00:00,35,9.094947017729282e-13,0
2025-11-28 00:00:00,2025-11-28 12:00:00,M3,12,71,107,6664.0566588888905,False,-2675.624922162523,-2451.140792950144,0,60,2025-09-29 00:00:00,2025-11-27 00:00:00,14,2025-09-15 00:00:00,2025-09-28 00:00:00,2025-11-28 00:10:00,2025-11-28 12:00:00,2025-11-28 12:00:00,71,5.684341886080802e-14,0
2025-11-28 00:00:00,2025-11-28 18:00:00,M3,18,107,144,10246.608829611112,True,2510.2068032184425,2492.1886669948517,4,60,2025-09-29 00:00:00,2025-11-27 00:00:00,14,2025-09-15 00:00:00,2025-09-28 00:00:00,2025-11-28 00:10:00,2025-11-28 18:00:00,2025-11-28 18:00:00,107,0.0,0
2025-11-29 00:00:00,2025-11-29 06:00:00,M3,6,35,71,10301.98325925926,False,-4656.342339749099,-3864.1097616256625,0,60,2025-09-30 00:00:00,2025-11-28 00:00:00,14,2025-09-16 00:00:00,2025-09-29 00:00:00,2025-11-29 00:10:00,2025-11-29 06:00:00,2025-11-29 06:00:00,35,4.547473508864641e-13,0
2025-11-29 00:00:00,2025-11-29 12:00:00,M3,12,71,107,9265.42328074074,True,-980.0004008449816,-1483.4307337480495,17,60,2025-09-30 00:00:00,2025-11-28 00:00:00,14,2025-09-16 00:00:00,2025-09-29 00:00:00,2025-11-29 00:10:00,2025-11-29 12:00:00,2025-11-29 12:00:00,71,0.0,0
2025-11-29 00:00:00,2025-11-29 18:00:00,M3,18,107,144,10390.53722962963,False,805.6335244724066,819.3020964701913,0,60,2025-09-30 00:00:00,2025-11-28 00:00:00,14,2025-09-16 00:00:00,2025-09-29 00:00:00,2025-11-29 00:10:00,2025-11-29 18:00:00,2025-11-29 18:00:00,107,0.0,0
2025-11-30 00:00:00,2025-11-30 06:00:00,M3,6,35,71,10751.853396962963,True,8350.43191509371,7995.847988198725,17,60,2025-10-01 00:00:00,2025-11-29 00:00:00,14,2025-09-17 00:00:00,2025-09-30 00:00:00,2025-11-30 00:10:00,2025-11-30 06:00:00,2025-11-30 06:00:00,35,9.094947017729282e-13,0
2025-11-30 00:00:00,2025-11-30 12:00:00,M3,12,71,107,6683.356955506175,False,11868.72167194722,12511.777267551983,0,60,2025-10-01 00:00:00,2025-11-29 00:00:00,14,2025-09-17 00:00:00,2025-09-30 00:00:00,2025-11-30 00:10:00,2025-11-30 12:00:00,2025-11-30 12:00:00,71,9.094947017729282e-13,0
2025-11-30 00:00:00,2025-11-30 18:00:00,M3,18,107,144,9710.309059728394,True,13461.658642519427,10667.01102617531,16,60,2025-10-01 00:00:00,2025-11-29 00:00:00,14,2025-09-17 00:00:00,2025-09-30 00:00:00,2025-11-30 00:10:00,2025-11-30 18:00:00,2025-11-30 18:00:00,107,4.547473508864641e-13,0
2025-12-01 00:00:00,2025-12-01 06:00:00,M3,6,35,71,8482.13793132407,True,24774.16593424508,13459.596857338578,28,60,2025-10-02 00:00:00,2025-11-30 00:00:00,14,2025-09-18 00:00:00,2025-10-01 00:00:00,2025-12-01 00:10:00,2025-12-01 06:00:00,2025-12-01 06:00:00,35,9.094947017729282e-13,0
2025-12-01 00:00:00,2025-12-01 12:00:00,M3,12,71,107,6361.450302,False,14270.566209185361,15628.6349949095,0,60,2025-10-02 00:00:00,2025-11-30 00:00:00,14,2025-09-18 00:00:00,2025-10-01 00:00:00,2025-12-01 00:10:00,2025-12-01 12:00:00,2025-12-01 12:00:00,71,9.094947017729282e-13,0
2025-12-01 00:00:00,2025-12-01 18:00:00,M3,18,107,144,10789.117188271604,False,10310.53346837168,10351.951266375112,0,60,2025-10-02 00:00:00,2025-11-30 00:00:00,14,2025-09-18 00:00:00,2025-10-01 00:00:00,2025-12-01 00:10:00,2025-12-01 18:00:00,2025-12-01 18:00:00,107,2.2737367544323206e-13,0
2025-12-02 00:00:00,2025-12-02 06:00:00,M3,6,35,71,8567.744942999996,True,28186.136804740006,15297.753891960107,26,60,2025-10-03 00:00:00,2025-12-01 00:00:00,14,2025-09-19 00:00:00,2025-10-02 00:00:00,2025-12-02 00:10:00,2025-12-02 06:00:00,2025-12-02 06:00:00,35,0.0,0
2025-12-02 00:00:00,2025-12-02 12:00:00,M3,12,71,107,6354.2214732500015,False,14966.110441517896,15581.26211375369,0,60,2025-10-03 00:00:00,2025-12-01 00:00:00,14,2025-09-19 00:00:00,2025-10-02 00:00:00,2025-12-02 00:10:00,2025-12-02 12:00:00,2025-12-02 12:00:00,71,0.0,0
2025-12-02 00:00:00,2025-12-02 18:00:00,M3,18,107,144,10796.062457055557,True,10827.83689557943,10096.771330680704,13,60,2025-10-03 00:00:00,2025-12-01 00:00:00,14,2025-09-19 00:00:00,2025-10-02 00:00:00,2025-12-02 00:10:00,2025-12-02 18:00:00,2025-12-02 18:00:00,107,2.2737367544323206e-13,0
2025-12-03 00:00:00,2025-12-03 06:00:00,M3,6,35,71,8776.504910416668,True,30100.17837106841,16452.86961369885,29,60,2025-10-04 00:00:00,2025-12-02 00:00:00,14,2025-09-20 00:00:00,2025-10-03 00:00:00,2025-12-03 00:10:00,2025-12-03 06:00:00,2025-12-03 06:00:00,35,1.8189894035458565e-12,0
2025-12-03 00:00:00,2025-12-03 12:00:00,M3,12,71,107,8570.497025549379,False,14451.262602710705,17489.74010379588,0,60,2025-10-04 00:00:00,2025-12-02 00:00:00,14,2025-09-20 00:00:00,2025-10-03 00:00:00,2025-12-03 00:10:00,2025-12-03 12:00:00,2025-12-03 12:00:00,71,0.0,0
2025-12-03 00:00:00,2025-12-03 18:00:00,M3,18,107,144,7604.810255240741,True,27355.320070237638,15155.326777804818,15,60,2025-10-04 00:00:00,2025-12-02 00:00:00,14,2025-09-20 00:00:00,2025-10-03 00:00:00,2025-12-03 00:10:00,2025-12-03 18:00:00,2025-12-03 18:00:00,107,0.0,0
2025-12-04 00:00:00,2025-12-04 06:00:00,M3,6,35,71,8608.093177703708,True,29693.093031074088,14608.91168675567,24,60,2025-10-05 00:00:00,2025-12-03 00:00:00,14,2025-09-21 00:00:00,2025-10-04 00:00:00,2025-12-04 00:10:00,2025-12-04 06:00:00,2025-12-04 06:00:00,35,1.8189894035458565e-12,0
2025-12-04 00:00:00,2025-12-04 12:00:00,M3,12,71,107,5099.431632663574,False,16504.119165090848,17105.794639306965,0,60,2025-10-05 00:00:00,2025-12-03 00:00:00,14,2025-09-21 00:00:00,2025-10-04 00:00:00,2025-12-04 00:10:00,2025-12-04 12:00:00,2025-12-04 12:00:00,71,0.0,0
2025-12-04 00:00:00,2025-12-04 18:00:00,M3,18,107,144,10756.761516765433,True,15714.175403854844,12751.246972398036,18,60,2025-10-05 00:00:00,2025-12-03 00:00:00,14,2025-09-21 00:00:00,2025-10-04 00:00:00,2025-12-04 00:10:00,2025-12-04 18:00:00,2025-12-04 18:00:00,107,9.094947017729282e-13,0
2025-12-05 00:00:00,2025-12-05 06:00:00,M3,6,35,71,8783.129540342588,True,4152.320836150079,-278.9574808099768,13,60,2025-10-06 00:00:00,2025-12-04 00:00:00,14,2025-09-22 00:00:00,2025-10-05 00:00:00,2025-12-05 00:10:00,2025-12-05 06:00:00,2025-12-05 06:00:00,35,4.547473508864641e-13,0
2025-12-05 00:00:00,2025-12-05 12:00:00,M3,12,71,107,8053.283594117285,False,-1222.8931782970121,-163.0399209379119,0,60,2025-10-06 00:00:00,2025-12-04 00:00:00,14,2025-09-22 00:00:00,2025-10-05 00:00:00,2025-12-05 00:10:00,2025-12-05 12:00:00,2025-12-05 12:00:00,71,2.2737367544323206e-13,0
2025-12-05 00:00:00,2025-12-05 18:00:00,M3,18,107,144,10031.741933913581,True,3188.448923154596,2415.8878496147113,8,60,2025-10-06 00:00:00,2025-12-04 00:00:00,14,2025-09-22 00:00:00,2025-10-05 00:00:00,2025-12-05 00:10:00,2025-12-05 18:00:00,2025-12-05 18:00:00,107,0.0,0
2025-12-06 00:00:00,2025-12-06 06:00:00,M3,6,35,71,8832.37538362963,True,6250.772996221864,723.0645865032003,10,60,2025-10-07 00:00:00,2025-12-05 00:00:00,14,2025-09-23 00:00:00,2025-10-06 00:00:00,2025-12-06 00:10:00,2025-12-06 06:00:00,2025-12-06 06:00:00,35,4.547473508864641e-13,0
2025-12-06 00:00:00,2025-12-06 12:00:00,M3,12,71,107,6638.824403040123,False,-965.8026613431099,-94.75275204300844,0,60,2025-10-07 00:00:00,2025-12-05 00:00:00,14,2025-09-23 00:00:00,2025-10-06 00:00:00,2025-12-06 00:10:00,2025-12-06 12:00:00,2025-12-06 12:00:00,71,0.0,0
2025-12-06 00:00:00,2025-12-06 18:00:00,M3,18,107,144,10346.565845061727,True,1727.6719372823925,1419.3594879450268,7,60,2025-10-07 00:00:00,2025-12-05 00:00:00,14,2025-09-23 00:00:00,2025-10-06 00:00:00,2025-12-06 00:10:00,2025-12-06 18:00:00,2025-12-06 18:00:00,107,0.0,0
2025-12-07 00:00:00,2025-12-07 06:00:00,M3,6,35,71,8950.980359592593,True,18825.084317152014,12810.615431430813,24,60,2025-10-08 00:00:00,2025-12-06 00:00:00,14,2025-09-24 00:00:00,2025-10-07 00:00:00,2025-12-07 00:10:00,2025-12-07 06:00:00,2025-12-07 06:00:00,35,9.094947017729282e-13,0
2025-12-07 00:00:00,2025-12-07 12:00:00,M3,12,71,107,4974.319126175928,False,17147.20299294971,18976.583740740065,0,60,2025-10-08 00:00:00,2025-12-06 00:00:00,14,2025-09-24 00:00:00,2025-10-07 00:00:00,2025-12-07 00:10:00,2025-12-07 12:00:00,2025-12-07 12:00:00,71,1.8189894035458565e-12,0
2025-12-07 00:00:00,2025-12-07 18:00:00,M3,18,107,144,10648.135336626541,True,9741.587208409717,9163.048594382863,13,60,2025-10-08 00:00:00,2025-12-06 00:00:00,14,2025-09-24 00:00:00,2025-10-07 00:00:00,2025-12-07 00:10:00,2025-12-07 18:00:00,2025-12-07 18:00:00,107,0.0,0
2025-12-08 00:00:00,2025-12-08 06:00:00,M3,6,35,71,10273.887779351853,False,13579.279711202706,13778.959548736719,0,60,2025-10-09 00:00:00,2025-12-07 00:00:00,14,2025-09-25 00:00:00,2025-10-08 00:00:00,2025-12-08 00:10:00,2025-12-08 06:00:00,2025-12-08 06:00:00,35,9.094947017729282e-13,0
2025-12-08 00:00:00,2025-12-08 12:00:00,M3,12,71,107,7164.315404993826,True,15697.558967856316,15615.45927905011,26,60,2025-10-09 00:00:00,2025-12-07 00:00:00,14,2025-09-25 00:00:00,2025-10-08 00:00:00,2025-12-08 00:10:00,2025-12-08 12:00:00,2025-12-08 12:00:00,71,2.2737367544323206e-13,0
2025-12-08 00:00:00,2025-12-08 18:00:00,M3,18,107,144,10800.0,True,10721.239630935688,10447.607885241396,13,60,2025-10-09 00:00:00,2025-12-07 00:00:00,14,2025-09-25 00:00:00,2025-10-08 00:00:00,2025-12-08 00:10:00,2025-12-08 18:00:00,2025-12-08 18:00:00,107,9.094947017729282e-13,0
2025-12-09 00:00:00,2025-12-09 06:00:00,M3,6,35,71,10456.088007787046,False,11996.414513322326,12669.69006368193,0,60,2025-10-10 00:00:00,2025-12-08 00:00:00,14,2025-09-26 00:00:00,2025-10-09 00:00:00,2025-12-09 00:10:00,2025-12-09 06:00:00,2025-12-09 06:00:00,35,9.094947017729282e-13,0
2025-12-09 00:00:00,2025-12-09 12:00:00,M3,12,71,107,6681.609813435195,False,15590.29116961664,15790.369104566631,0,60,2025-10-10 00:00:00,2025-12-08 00:00:00,14,2025-09-26 00:00:00,2025-10-09 00:00:00,2025-12-09 00:10:00,2025-12-09 12:00:00,2025-12-09 12:00:00,71,4.547473508864641e-13,0
2025-12-09 00:00:00,2025-12-09 18:00:00,M3,18,107,144,10683.344988808643,True,11648.369808497986,11067.234552210857,13,60,2025-10-10 00:00:00,2025-12-08 00:00:00,14,2025-09-26 00:00:00,2025-10-09 00:00:00,2025-12-09 00:10:00,2025-12-09 18:00:00,2025-12-09 18:00:00,107,4.547473508864641e-13,0
2025-12-10 00:00:00,2025-12-10 06:00:00,M3,6,35,71,10240.223300259258,True,19145.69530592541,13714.425822012729,25,60,2025-10-11 00:00:00,2025-12-09 00:00:00,14,2025-09-27 00:00:00,2025-10-10 00:00:00,2025-12-10 00:10:00,2025-12-10 06:00:00,2025-12-10 06:00:00,35,9.094947017729282e-13,0
2025-12-10 00:00:00,2025-12-10 12:00:00,M3,12,71,107,7180.759665753079,False,15981.440486682119,16119.202039636319,0,60,2025-10-11 00:00:00,2025-12-09 00:00:00,14,2025-09-27 00:00:00,2025-10-10 00:00:00,2025-12-10 00:10:00,2025-12-10 12:00:00,2025-12-10 12:00:00,71,0.0,0
2025-12-10 00:00:00,2025-12-10 18:00:00,M3,18,107,144,10790.33352551852,True,9587.775204505115,9333.257363278943,13,60,2025-10-11 00:00:00,2025-12-09 00:00:00,14,2025-09-27 00:00:00,2025-10-10 00:00:00,2025-12-10 00:10:00,2025-12-10 18:00:00,2025-12-10 18:00:00,107,0.0,0
2025-12-11 00:00:00,2025-12-11 06:00:00,M3,6,35,71,10694.910690740744,False,12425.543418712059,13216.78771985493,0,60,2025-10-12 00:00:00,2025-12-10 00:00:00,14,2025-09-28 00:00:00,2025-10-11 00:00:00,2025-12-11 00:10:00,2025-12-11 06:00:00,2025-12-11 06:00:00,35,9.094947017729282e-13,0
2025-12-11 00:00:00,2025-12-11 12:00:00,M3,12,71,107,6167.612537382721,True,16654.404021041675,15595.320664072658,30,60,2025-10-12 00:00:00,2025-12-10 00:00:00,14,2025-09-28 00:00:00,2025-10-11 00:00:00,2025-12-11 00:10:00,2025-12-11 12:00:00,2025-12-11 12:00:00,71,1.1368683772161603e-13,0
2025-12-11 00:00:00,2025-12-11 18:00:00,M3,18,107,144,10800.0,False,11626.463544233324,11650.052938657363,0,60,2025-10-12 00:00:00,2025-12-10 00:00:00,14,2025-09-28 00:00:00,2025-10-11 00:00:00,2025-12-11 00:10:00,2025-12-11 18:00:00,2025-12-11 18:00:00,107,0.0,0
2025-12-12 00:00:00,2025-12-12 06:00:00,M3,6,35,71,10495.78978189815,True,1446.5055712407632,-628.3309340812118,10,60,2025-10-13 00:00:00,2025-12-11 00:00:00,14,2025-09-29 00:00:00,2025-10-12 00:00:00,2025-12-12 00:10:00,2025-12-12 06:00:00,2025-12-12 06:00:00,35,1.8189894035458565e-12,0
2025-12-12 00:00:00,2025-12-12 12:00:00,M3,12,71,107,8227.31767086728,False,-836.487625639637,-304.67231627408756,0,60,2025-10-13 00:00:00,2025-12-11 00:00:00,14,2025-09-29 00:00:00,2025-10-12 00:00:00,2025-12-12 00:10:00,2025-12-12 12:00:00,2025-12-12 12:00:00,71,9.094947017729282e-13,0
2025-12-12 00:00:00,2025-12-12 18:00:00,M3,18,107,144,10252.552916938273,True,895.1757519856126,835.4714146563256,12,60,2025-10-13 00:00:00,2025-12-11 00:00:00,14,2025-09-29 00:00:00,2025-10-12 00:00:00,2025-12-12 00:10:00,2025-12-12 18:00:00,2025-12-12 18:00:00,107,0.0,0
2025-12-13 00:00:00,2025-12-13 06:00:00,M3,6,35,71,10596.166020435188,False,-2167.53799581213,-2157.5253288074523,0,60,2025-10-14 00:00:00,2025-12-12 00:00:00,14,2025-09-30 00:00:00,2025-10-13 00:00:00,2025-12-13 00:10:00,2025-12-13 06:00:00,2025-12-13 06:00:00,35,4.547473508864641e-13,0
2025-12-13 00:00:00,2025-12-13 12:00:00,M3,12,71,107,5993.007591398155,False,-396.81310630494664,555.8092663250443,0,60,2025-10-14 00:00:00,2025-12-12 00:00:00,14,2025-09-30 00:00:00,2025-10-13 00:00:00,2025-12-13 00:10:00,2025-12-13 12:00:00,2025-12-13 12:00:00,71,2.842170943040401e-14,0
2025-12-13 00:00:00,2025-12-13 18:00:00,M3,18,107,144,10096.436344530863,True,1771.106834137175,1419.3549071708196,10,60,2025-10-14 00:00:00,2025-12-12 00:00:00,14,2025-09-30 00:00:00,2025-10-13 00:00:00,2025-12-13 00:10:00,2025-12-13 18:00:00,2025-12-13 18:00:00,107,9.094947017729282e-13,0
2025-12-14 00:00:00,2025-12-14 06:00:00,M3,6,35,71,10675.25471744444,True,14707.14575191933,13301.991327974423,26,60,2025-10-15 00:00:00,2025-12-13 00:00:00,14,2025-10-01 00:00:00,2025-10-14 00:00:00,2025-12-14 00:10:00,2025-12-14 06:00:00,2025-12-14 06:00:00,35,9.094947017729282e-13,0
2025-12-14 00:00:00,2025-12-14 12:00:00,M3,12,71,107,6689.3464798117275,False,15666.782067699942,17603.443551530097,0,60,2025-10-15 00:00:00,2025-12-13 00:00:00,14,2025-10-01 00:00:00,2025-10-14 00:00:00,2025-12-14 00:10:00,2025-12-14 12:00:00,2025-12-14 12:00:00,71,1.8189894035458565e-12,0
2025-12-14 00:00:00,2025-12-14 18:00:00,M3,18,107,144,9757.27019004629,True,14802.192996283813,11452.79407668458,15,60,2025-10-15 00:00:00,2025-12-13 00:00:00,14,2025-10-01 00:00:00,2025-10-14 00:00:00,2025-12-14 00:10:00,2025-12-14 18:00:00,2025-12-14 18:00:00,107,0.0,0
2025-12-15 00:00:00,2025-12-15 06:00:00,M3,6,35,71,10800.0,True,16125.599818297496,14507.150998376974,22,60,2025-10-16 00:00:00,2025-12-14 00:00:00,14,2025-10-02 00:00:00,2025-10-15 00:00:00,2025-12-15 00:10:00,2025-12-15 06:00:00,2025-12-15 06:00:00,35,9.094947017729282e-13,0
2025-12-15 00:00:00,2025-12-15 12:00:00,M3,12,71,107,5920.021449685173,True,14993.096424796093,14981.866101892887,10,60,2025-10-16 00:00:00,2025-12-14 00:00:00,14,2025-10-02 00:00:00,2025-10-15 00:00:00,2025-12-15 00:10:00,2025-12-15 12:00:00,2025-12-15 12:00:00,71,9.094947017729282e-13,0
2025-12-15 00:00:00,2025-12-15 18:00:00,M3,18,107,144,10047.191110478401,True,12874.56252797015,11130.953265689937,16,60,2025-10-16 00:00:00,2025-12-14 00:00:00,14,2025-10-02 00:00:00,2025-10-15 00:00:00,2025-12-15 00:10:00,2025-12-15 18:00:00,2025-12-15 18:00:00,107,4.547473508864641e-13,0
2025-12-16 00:00:00,2025-12-16 06:00:00,M3,6,35,71,10800.0,False,13956.561647815139,16121.332122561247,0,60,2025-10-17 00:00:00,2025-12-15 00:00:00,14,2025-10-03 00:00:00,2025-10-16 00:00:00,2025-12-16 00:10:00,2025-12-16 06:00:00,2025-12-16 06:00:00,35,4.547473508864641e-13,0
2025-12-16 00:00:00,2025-12-16 12:00:00,M3,12,71,107,6901.644999123455,True,17308.2772313402,16390.41380988771,23,60,2025-10-17 00:00:00,2025-12-15 00:00:00,14,2025-10-03 00:00:00,2025-10-16 00:00:00,2025-12-16 00:10:00,2025-12-16 12:00:00,2025-12-16 12:00:00,71,9.094947017729282e-13,0
2025-12-16 00:00:00,2025-12-16 18:00:00,M3,18,107,144,10800.0,False,8883.843942635895,8929.914097367227,0,60,2025-10-17 00:00:00,2025-12-15 00:00:00,14,2025-10-03 00:00:00,2025-10-16 00:00:00,2025-12-16 00:10:00,2025-12-16 18:00:00,2025-12-16 18:00:00,107,9.094947017729282e-13,0
2025-12-17 00:00:00,2025-12-17 06:00:00,M3,6,35,71,10770.79866625926,False,13235.398573639952,15597.758268072981,0,60,2025-10-18 00:00:00,2025-12-16 00:00:00,14,2025-10-04 00:00:00,2025-10-17 00:00:00,2025-12-17 00:10:00,2025-12-17 06:00:00,2025-12-17 06:00:00,35,9.094947017729282e-13,0
2025-12-17 00:00:00,2025-12-17 12:00:00,M3,12,71,107,8256.762900901234,True,16844.730058994635,15214.973589850068,28,60,2025-10-18 00:00:00,2025-12-16 00:00:00,14,2025-10-04 00:00:00,2025-10-17 00:00:00,2025-12-17 00:10:00,2025-12-17 12:00:00,2025-12-17 12:00:00,71,9.094947017729282e-13,0
2025-12-17 00:00:00,2025-12-17 18:00:00,M3,18,107,144,10662.658081795065,True,9790.052995168167,9763.59620589762,13,60,2025-10-18 00:00:00,2025-12-16 00:00:00,14,2025-10-04 00:00:00,2025-10-17 00:00:00,2025-12-17 00:10:00,2025-12-17 18:00:00,2025-12-17 18:00:00,107,0.0,0
2025-12-18 00:00:00,2025-12-18 06:00:00,M3,6,35,71,10788.362378777778,False,13430.128617488712,13480.812625860915,0,60,2025-10-19 00:00:00,2025-12-17 00:00:00,14,2025-10-05 00:00:00,2025-10-18 00:00:00,2025-12-18 00:10:00,2025-12-18 06:00:00,2025-12-18 06:00:00,35,9.094947017729282e-13,0
2025-12-18 00:00:00,2025-12-18 12:00:00,M3,12,71,107,6639.050098512345,True,14368.423080377963,14310.933343516186,13,60,2025-10-19 00:00:00,2025-12-17 00:00:00,14,2025-10-05 00:00:00,2025-10-18 00:00:00,2025-12-18 00:10:00,2025-12-18 12:00:00,2025-12-18 12:00:00,71,9.094947017729282e-13,0
2025-12-18 00:00:00,2025-12-18 18:00:00,M3,18,107,144,10800.0,False,10985.16949679674,11273.33971209459,0,60,2025-10-19 00:00:00,2025-12-17 00:00:00,14,2025-10-05 00:00:00,2025-10-18 00:00:00,2025-12-18 00:10:00,2025-12-18 18:00:00,2025-12-18 18:00:00,107,9.094947017729282e-13,0
2025-12-19 00:00:00,2025-12-19 06:00:00,M3,6,35,71,10800.0,False,-2340.872779400878,-2077.232642045127,0,60,2025-10-20 00:00:00,2025-12-18 00:00:00,14,2025-10-06 00:00:00,2025-10-19 00:00:00,2025-12-19 00:10:00,2025-12-19 06:00:00,2025-12-19 06:00:00,35,9.094947017729282e-13,0
2025-12-19 00:00:00,2025-12-19 12:00:00,M3,12,71,107,7544.709638919754,True,-1401.336641890288,-1633.034471389857,18,60,2025-10-20 00:00:00,2025-12-18 00:00:00,14,2025-10-06 00:00:00,2025-10-19 00:00:00,2025-12-19 00:10:00,2025-12-19 12:00:00,2025-12-19 12:00:00,71,0.0,0
2025-12-19 00:00:00,2025-12-19 18:00:00,M3,18,107,144,9454.978717274686,True,5852.131456227318,2724.4958134168883,12,60,2025-10-20 00:00:00,2025-12-18 00:00:00,14,2025-10-06 00:00:00,2025-10-19 00:00:00,2025-12-19 00:10:00,2025-12-19 18:00:00,2025-12-19 18:00:00,107,1.8189894035458565e-12,0
2025-12-20 00:00:00,2025-12-20 06:00:00,M3,6,35,71,10800.0,False,-2134.8848551683072,-612.7856093121269,0,60,2025-10-21 00:00:00,2025-12-19 00:00:00,14,2025-10-07 00:00:00,2025-10-20 00:00:00,2025-12-20 00:10:00,2025-12-20 06:00:00,2025-12-20 06:00:00,35,1.8189894035458565e-12,0
2025-12-20 00:00:00,2025-12-20 12:00:00,M3,12,71,107,7952.801801987658,True,-757.4569604904207,-1582.8512569136296,19,60,2025-10-21 00:00:00,2025-12-19 00:00:00,14,2025-10-07 00:00:00,2025-10-20 00:00:00,2025-12-20 00:10:00,2025-12-20 12:00:00,2025-12-20 12:00:00,71,0.0,0
2025-12-20 00:00:00,2025-12-20 18:00:00,M3,18,107,144,10131.28798722093,True,2987.910571512932,1772.8796116717665,8,60,2025-10-21 00:00:00,2025-12-19 00:00:00,14,2025-10-07 00:00:00,2025-10-20 00:00:00,2025-12-20 00:10:00,2025-12-20 18:00:00,2025-12-20 18:00:00,107,4.547473508864641e-13,0
2025-12-21 00:00:00,2025-12-21 06:00:00,M3,6,35,71,10800.0,False,13191.042126597607,15083.861629339093,0,60,2025-10-22 00:00:00,2025-12-20 00:00:00,14,2025-10-08 00:00:00,2025-10-21 00:00:00,2025-12-21 00:10:00,2025-12-21 06:00:00,2025-12-21 06:00:00,35,1.8189894035458565e-12,0
2025-12-21 00:00:00,2025-12-21 12:00:00,M3,12,71,107,6632.398669623454,True,16431.79447912858,16387.625064331478,16,60,2025-10-22 00:00:00,2025-12-20 00:00:00,14,2025-10-08 00:00:00,2025-10-21 00:00:00,2025-12-21 00:10:00,2025-12-21 12:00:00,2025-12-21 12:00:00,71,9.094947017729282e-13,0
2025-12-21 00:00:00,2025-12-21 18:00:00,M3,18,107,144,10800.0,False,8751.11021116358,9215.199337337008,0,60,2025-10-22 00:00:00,2025-12-20 00:00:00,14,2025-10-08 00:00:00,2025-10-21 00:00:00,2025-12-21 00:10:00,2025-12-21 18:00:00,2025-12-21 18:00:00,107,9.094947017729282e-13,0
2025-12-22 00:00:00,2025-12-22 06:00:00,M3,6,35,71,10800.0,False,13179.251251819403,14508.52544313736,0,60,2025-10-23 00:00:00,2025-12-21 00:00:00,14,2025-10-09 00:00:00,2025-10-22 00:00:00,2025-12-22 00:10:00,2025-12-22 06:00:00,2025-12-22 06:00:00,35,1.8189894035458565e-12,0
2025-12-22 00:00:00,2025-12-22 12:00:00,M3,12,71,107,6315.676449876543,True,15602.265318492055,15478.324970434438,15,60,2025-10-23 00:00:00,2025-12-21 00:00:00,14,2025-10-09 00:00:00,2025-10-22 00:00:00,2025-12-22 00:10:00,2025-12-22 12:00:00,2025-12-22 12:00:00,71,4.547473508864641e-13,0
2025-12-22 00:00:00,2025-12-22 18:00:00,M3,18,107,144,10731.744622185184,False,8796.872446786952,8965.343691059963,0,60,2025-10-23 00:00:00,2025-12-21 00:00:00,14,2025-10-09 00:00:00,2025-10-22 00:00:00,2025-12-22 00:10:00,2025-12-22 18:00:00,2025-12-22 18:00:00,107,9.094947017729282e-13,0
2025-12-23 00:00:00,2025-12-23 06:00:00,M3,6,35,71,10800.0,False,12821.624024453722,14726.264936403177,0,60,2025-10-24 00:00:00,2025-12-22 00:00:00,14,2025-10-10 00:00:00,2025-10-23 00:00:00,2025-12-23 00:10:00,2025-12-23 06:00:00,2025-12-23 06:00:00,35,2.2737367544323206e-13,0
2025-12-23 00:00:00,2025-12-23 12:00:00,M3,12,71,107,7868.33845011111,True,15875.0330548638,14736.303503107689,26,60,2025-10-24 00:00:00,2025-12-22 00:00:00,14,2025-10-10 00:00:00,2025-10-23 00:00:00,2025-12-23 00:10:00,2025-12-23 12:00:00,2025-12-23 12:00:00,71,4.547473508864641e-13,0
2025-12-23 00:00:00,2025-12-23 18:00:00,M3,18,107,144,9974.754867336414,True,14563.84144029048,11052.47158896543,17,60,2025-10-24 00:00:00,2025-12-22 00:00:00,14,2025-10-10 00:00:00,2025-10-23 00:00:00,2025-12-23 00:10:00,2025-12-23 18:00:00,2025-12-23 18:00:00,107,0.0,0
2025-12-24 00:00:00,2025-12-24 06:00:00,M3,6,35,71,10800.0,False,12997.380250580625,14485.420201807861,0,60,2025-10-25 00:00:00,2025-12-23 00:00:00,14,2025-10-11 00:00:00,2025-10-24 00:00:00,2025-12-24 00:10:00,2025-12-24 06:00:00,2025-12-24 06:00:00,35,2.2737367544323206e-13,0
2025-12-24 00:00:00,2025-12-24 12:00:00,M3,12,71,107,6926.373115771603,True,16267.037685055602,15466.15638786649,20,60,2025-10-25 00:00:00,2025-12-23 00:00:00,14,2025-10-11 00:00:00,2025-10-24 00:00:00,2025-12-24 00:10:00,2025-12-24 12:00:00,2025-12-24 12:00:00,71,2.2737367544323206e-13,0
2025-12-24 00:00:00,2025-12-24 18:00:00,M3,18,107,144,10482.575553278633,True,9366.967102138628,8975.408455277016,14,60,2025-10-25 00:00:00,2025-12-23 00:00:00,14,2025-10-11 00:00:00,2025-10-24 00:00:00,2025-12-24 00:10:00,2025-12-24 18:00:00,2025-12-24 18:00:00,107,0.0,0
2025-12-25 00:00:00,2025-12-25 06:00:00,M3,6,35,71,10800.0,False,11295.379310470476,12279.443435967318,0,60,2025-10-26 00:00:00,2025-12-24 00:00:00,14,2025-10-12 00:00:00,2025-10-25 00:00:00,2025-12-25 00:10:00,2025-12-25 06:00:00,2025-12-25 06:00:00,35,9.094947017729282e-13,0
2025-12-25 00:00:00,2025-12-25 12:00:00,M3,12,71,107,5525.417654302469,False,15422.728162953706,16039.64675665366,0,60,2025-10-26 00:00:00,2025-12-24 00:00:00,14,2025-10-12 00:00:00,2025-10-25 00:00:00,2025-12-25 00:10:00,2025-12-25 12:00:00,2025-12-25 12:00:00,71,9.094947017729282e-13,0
2025-12-25 00:00:00,2025-12-25 18:00:00,M3,18,107,144,9679.035680006167,True,18171.735970185393,13629.546431673782,11,60,2025-10-26 00:00:00,2025-12-24 00:00:00,14,2025-10-12 00:00:00,2025-10-25 00:00:00,2025-12-25 00:10:00,2025-12-25 18:00:00,2025-12-25 18:00:00,107,9.094947017729282e-13,0
2025-12-26 00:00:00,2025-12-26 06:00:00,M3,6,35,71,10800.0,False,-2697.7537357156325,-2148.3920850859577,0,60,2025-10-27 00:00:00,2025-12-25 00:00:00,14,2025-10-13 00:00:00,2025-10-26 00:00:00,2025-12-26 00:10:00,2025-12-26 06:00:00,2025-12-26 06:00:00,35,2.2737367544323206e-13,0
2025-12-26 00:00:00,2025-12-26 12:00:00,M3,12,71,107,6513.084101716052,False,-906.7549407111429,-877.9809800815735,0,60,2025-10-27 00:00:00,2025-12-25 00:00:00,14,2025-10-13 00:00:00,2025-10-26 00:00:00,2025-12-26 00:10:00,2025-12-26 12:00:00,2025-12-26 12:00:00,71,9.094947017729282e-13,0
2025-12-26 00:00:00,2025-12-26 18:00:00,M3,18,107,144,10534.399620987655,False,1180.5024689200498,1417.32691118029,0,60,2025-10-27 00:00:00,2025-12-25 00:00:00,14,2025-10-13 00:00:00,2025-10-26 00:00:00,2025-12-26 00:10:00,2025-12-26 18:00:00,2025-12-26 18:00:00,107,1.4210854715202004e-14,0
2025-12-27 00:00:00,2025-12-27 06:00:00,M3,6,35,71,10800.0,False,-2363.4939917015645,-1645.76577160703,0,60,2025-10-28 00:00:00,2025-12-26 00:00:00,14,2025-10-14 00:00:00,2025-10-27 00:00:00,2025-12-27 00:10:00,2025-12-27 06:00:00,2025-12-27 06:00:00,35,1.8189894035458565e-12,0
2025-12-27 00:00:00,2025-12-27 12:00:00,M3,12,71,107,6618.244673858026,True,-666.9303925437963,-990.6587312161209,23,60,2025-10-28 00:00:00,2025-12-26 00:00:00,14,2025-10-14 00:00:00,2025-10-27 00:00:00,2025-12-27 00:10:00,2025-12-27 12:00:00,2025-12-27 12:00:00,71,0.0,0
2025-12-27 00:00:00,2025-12-27 18:00:00,M3,18,107,144,10506.147354614204,True,1960.7076111241931,1295.8186092535848,12,60,2025-10-28 00:00:00,2025-12-26 00:00:00,14,2025-10-14 00:00:00,2025-10-27 00:00:00,2025-12-27 00:10:00,2025-12-27 18:00:00,2025-12-27 18:00:00,107,4.547473508864641e-13,0
2025-12-28 00:00:00,2025-12-28 06:00:00,M3,6,35,71,10800.0,False,12952.391277899185,14679.607855878787,0,60,2025-10-29 00:00:00,2025-12-27 00:00:00,14,2025-10-15 00:00:00,2025-10-28 00:00:00,2025-12-28 00:10:00,2025-12-28 06:00:00,2025-12-28 06:00:00,35,9.094947017729282e-13,0
2025-12-28 00:00:00,2025-12-28 12:00:00,M3,12,71,107,6223.783464574072,True,15983.606752475835,14881.307383436242,27,60,2025-10-29 00:00:00,2025-12-27 00:00:00,14,2025-10-15 00:00:00,2025-10-28 00:00:00,2025-12-28 00:10:00,2025-12-28 12:00:00,2025-12-28 12:00:00,71,9.094947017729282e-13,0
2025-12-28 00:00:00,2025-12-28 18:00:00,M3,18,107,144,10257.098060833328,True,11042.985024849291,10152.99490270452,14,60,2025-10-29 00:00:00,2025-12-27 00:00:00,14,2025-10-15 00:00:00,2025-10-28 00:00:00,2025-12-28 00:10:00,2025-12-28 18:00:00,2025-12-28 18:00:00,107,0.0,0
2025-12-29 00:00:00,2025-12-29 06:00:00,M3,6,35,71,10800.0,False,12818.295334162502,12881.574991057878,0,60,2025-10-30 00:00:00,2025-12-28 00:00:00,14,2025-10-16 00:00:00,2025-10-29 00:00:00,2025-12-29 00:10:00,2025-12-29 06:00:00,2025-12-29 06:00:00,35,9.094947017729282e-13,0
2025-12-29 00:00:00,2025-12-29 12:00:00,M3,12,71,107,6182.961291290124,True,15852.623206424947,15779.421131431054,22,60,2025-10-30 00:00:00,2025-12-28 00:00:00,14,2025-10-16 00:00:00,2025-10-29 00:00:00,2025-12-29 00:10:00,2025-12-29 12:00:00,2025-12-29 12:00:00,71,9.094947017729282e-13,0
2025-12-29 00:00:00,2025-12-29 18:00:00,M3,18,107,144,10337.453943861125,True,9596.147090211776,9502.837205288626,15,60,2025-10-30 00:00:00,2025-12-28 00:00:00,14,2025-10-16 00:00:00,2025-10-29 00:00:00,2025-12-29 00:10:00,2025-12-29 18:00:00,2025-12-29 18:00:00,107,4.547473508864641e-13,0
2025-12-30 00:00:00,2025-12-30 06:00:00,M3,6,35,71,10800.0,True,13731.888804879733,12897.98287822855,22,60,2025-10-31 00:00:00,2025-12-29 00:00:00,14,2025-10-17 00:00:00,2025-10-30 00:00:00,2025-12-30 00:10:00,2025-12-30 06:00:00,2025-12-30 06:00:00,35,9.094947017729282e-13,0
2025-12-30 00:00:00,2025-12-30 12:00:00,M3,12,71,107,5794.337875021603,True,16105.279966448654,15052.807717750693,29,60,2025-10-31 00:00:00,2025-12-29 00:00:00,14,2025-10-17 00:00:00,2025-10-30 00:00:00,2025-12-30 00:10:00,2025-12-30 12:00:00,2025-12-30 12:00:00,71,9.094947017729282e-13,0
2025-12-30 00:00:00,2025-12-30 18:00:00,M3,18,107,144,10407.003598836412,True,9489.51534062628,9467.04059649406,14,60,2025-10-31 00:00:00,2025-12-29 00:00:00,14,2025-10-17 00:00:00,2025-10-30 00:00:00,2025-12-30 00:10:00,2025-12-30 18:00:00,2025-12-30 18:00:00,107,0.0,0
2025-12-31 00:00:00,2025-12-31 06:00:00,M3,6,35,71,10800.0,False,12758.81276681248,14628.583652260186,0,60,2025-11-01 00:00:00,2025-12-30 00:00:00,14,2025-10-18 00:00:00,2025-10-31 00:00:00,2025-12-31 00:10:00,2025-12-31 06:00:00,2025-12-31 06:00:00,35,9.094947017729282e-13,0
2025-12-31 00:00:00,2025-12-31 12:00:00,M3,12,71,107,6621.461762765433,True,15950.542697379367,15543.481420993437,25,60,2025-11-01 00:00:00,2025-12-30 00:00:00,14,2025-10-18 00:00:00,2025-10-31 00:00:00,2025-12-31 00:10:00,2025-12-31 12:00:00,2025-12-31 12:00:00,71,4.547473508864641e-13,0
2025-12-31 00:00:00,2025-12-31 18:00:00,M3,18,107,144,10454.117186351856,True,10612.32269171887,10194.980366257942,21,60,2025-11-01 00:00:00,2025-12-30 00:00:00,14,2025-10-18 00:00:00,2025-10-31 00:00:00,2025-12-31 00:10:00,2025-12-31 18:00:00,2025-12-31 18:00:00,107,9.094947017729282e-13,0
