day,issue_time,schedule,release_hour,block_start,block_end_exclusive,soc_kwh,accepted,keep_score_yuan,new_score_yuan,changed_intervals,risk_days,risk_day_first,risk_day_last,gate_days,gate_day_first,gate_day_last,load_source_max,load_correction_source_max,price_max_source_time,price_current_actual_step,lp_residual_kwh,planned_mutex_violations
2025-02-01 00:00:00,2025-02-01 06:00:00,M2,6,35,71,10209.798703703704,False,,,0,31,2025-01-01 00:00:00,2025-01-31 00:00:00,0,,,2025-02-01 00:10:00,2025-02-01 06:00:00,2025-02-01 06:00:00,35,9.094947017729282e-13,0
2025-02-01 00:00:00,2025-02-01 12:00:00,M2,12,71,107,7073.004397037038,False,,,0,31,2025-01-01 00:00:00,2025-01-31 00:00:00,0,,,2025-02-01 00:10:00,2025-02-01 12:00:00,2025-02-01 12:00:00,71,0.0,0
2025-02-02 00:00:00,2025-02-02 06:00:00,M2,6,35,71,10800.0,False,,,0,32,2025-01-01 00:00:00,2025-02-01 00:00:00,0,,,2025-02-02 00:10:00,2025-02-02 06:00:00,2025-02-02 06:00:00,35,9.094947017729282e-13,0
2025-02-02 00:00:00,2025-02-02 12:00:00,M2,12,71,107,6953.617240123458,False,,,0,32,2025-01-01 00:00:00,2025-02-01 00:00:00,0,,,2025-02-02 00:10:00,2025-02-02 12:00:00,2025-02-02 12:00:00,71,9.094947017729282e-13,0
2025-02-03 00:00:00,2025-02-03 06:00:00,M2,6,35,71,10800.0,False,,,0,33,2025-01-01 00:00:00,2025-02-02 00:00:00,0,,,2025-02-03 00:10:00,2025-02-03 06:00:00,2025-02-03 06:00:00,35,2.2737367544323206e-13,0
2025-02-03 00:00:00,2025-02-03 12:00:00,M2,12,71,107,7698.424111049388,False,,,0,33,2025-01-01 00:00:00,2025-02-02 00:00:00,0,,,2025-02-03 00:10:00,2025-02-03 12:00:00,2025-02-03 12:00:00,71,2.2737367544323206e-13,0
2025-02-04 00:00:00,2025-02-04 06:00:00,M2,6,35,71,10800.0,False,,,0,34,2025-01-01 00:00:00,2025-02-03 00:00:00,0,,,2025-02-04 00:10:00,2025-02-04 06:00:00,2025-02-04 06:00:00,35,9.094947017729282e-13,0
2025-02-04 00:00:00,2025-02-04 12:00:00,M2,12,71,107,7125.22723217284,False,,,0,34,2025-01-01 00:00:00,2025-02-03 00:00:00,0,,,2025-02-04 00:10:00,2025-02-04 12:00:00,2025-02-04 12:00:00,71,9.094947017729282e-13,0
2025-02-05 00:00:00,2025-02-05 06:00:00,M2,6,35,71,10800.0,False,,,0,35,2025-01-01 00:00:00,2025-02-04 00:00:00,0,,,2025-02-05 00:10:00,2025-02-05 06:00:00,2025-02-05 06:00:00,35,4.547473508864641e-13,0
2025-02-05 00:00:00,2025-02-05 12:00:00,M2,12,71,107,5941.050721049382,False,,,0,35,2025-01-01 00:00:00,2025-02-04 00:00:00,0,,,2025-02-05 00:10:00,2025-02-05 12:00:00,2025-02-05 12:00:00,71,9.094947017729282e-13,0
2025-02-06 00:00:00,2025-02-06 06:00:00,M2,6,35,71,10800.0,False,,,0,36,2025-01-01 00:00:00,2025-02-05 00:00:00,0,,,2025-02-06 00:10:00,2025-02-06 06:00:00,2025-02-06 06:00:00,35,9.094947017729282e-13,0
2025-02-06 00:00:00,2025-02-06 12:00:00,M2,12,71,107,6961.068782098762,False,,,0,36,2025-01-01 00:00:00,2025-02-05 00:00:00,0,,,2025-02-06 00:10:00,2025-02-06 12:00:00,2025-02-06 12:00:00,71,9.094947017729282e-13,0
2025-02-07 00:00:00,2025-02-07 06:00:00,M2,6,35,71,10800.0,False,,,0,37,2025-01-01 00:00:00,2025-02-06 00:00:00,0,,,2025-02-07 00:10:00,2025-02-07 06:00:00,2025-02-07 06:00:00,35,4.547473508864641e-13,0
2025-02-07 00:00:00,2025-02-07 12:00:00,M2,12,71,107,7686.978860370375,False,,,0,37,2025-01-01 00:00:00,2025-02-06 00:00:00,0,,,2025-02-07 00:10:00,2025-02-07 12:00:00,2025-02-07 12:00:00,71,9.094947017729282e-13,0
2025-02-08 00:00:00,2025-02-08 06:00:00,M2,6,35,71,8651.916284259258,False,,,0,38,2025-01-01 00:00:00,2025-02-07 00:00:00,0,,,2025-02-08 00:10:00,2025-02-08 06:00:00,2025-02-08 06:00:00,35,0.0,0
2025-02-08 00:00:00,2025-02-08 12:00:00,M2,12,71,107,6860.938246481482,False,,,0,38,2025-01-01 00:00:00,2025-02-07 00:00:00,0,,,2025-02-08 00:10:00,2025-02-08 12:00:00,2025-02-08 12:00:00,71,9.094947017729282e-13,0
2025-02-09 00:00:00,2025-02-09 06:00:00,M2,6,35,71,10800.0,False,,,0,39,2025-01-01 00:00:00,2025-02-08 00:00:00,0,,,2025-02-09 00:10:00,2025-02-09 06:00:00,2025-02-09 06:00:00,35,1.8189894035458565e-12,0
2025-02-09 00:00:00,2025-02-09 12:00:00,M2,12,71,107,8124.857502777779,False,,,0,39,2025-01-01 00:00:00,2025-02-08 00:00:00,0,,,2025-02-09 00:10:00,2025-02-09 12:00:00,2025-02-09 12:00:00,71,9.094947017729282e-13,0
2025-02-10 00:00:00,2025-02-10 06:00:00,M2,6,35,71,10800.0,False,,,0,40,2025-01-01 00:00:00,2025-02-09 00:00:00,0,,,2025-02-10 00:10:00,2025-02-10 06:00:00,2025-02-10 06:00:00,35,1.8189894035458565e-12,0
2025-02-10 00:00:00,2025-02-10 12:00:00,M2,12,71,107,8071.003931845674,False,,,0,40,2025-01-01 00:00:00,2025-02-09 00:00:00,0,,,2025-02-10 00:10:00,2025-02-10 12:00:00,2025-02-10 12:00:00,71,9.094947017729282e-13,0
2025-02-11 00:00:00,2025-02-11 06:00:00,M2,6,35,71,10800.0,False,,,0,41,2025-01-01 00:00:00,2025-02-10 00:00:00,0,,,2025-02-11 00:10:00,2025-02-11 06:00:00,2025-02-11 06:00:00,35,9.094947017729282e-13,0
2025-02-11 00:00:00,2025-02-11 12:00:00,M2,12,71,107,6228.7729894753065,False,,,0,41,2025-01-01 00:00:00,2025-02-10 00:00:00,0,,,2025-02-11 00:10:00,2025-02-11 12:00:00,2025-02-11 12:00:00,71,9.094947017729282e-13,0
2025-02-12 00:00:00,2025-02-12 06:00:00,M2,6,35,71,10800.0,False,,,0,42,2025-01-01 00:00:00,2025-02-11 00:00:00,0,,,2025-02-12 00:10:00,2025-02-12 06:00:00,2025-02-12 06:00:00,35,9.094947017729282e-13,0
2025-02-12 00:00:00,2025-02-12 12:00:00,M2,12,71,107,7696.6060075987625,False,,,0,42,2025-01-01 00:00:00,2025-02-11 00:00:00,0,,,2025-02-12 00:10:00,2025-02-12 12:00:00,2025-02-12 12:00:00,71,1.8189894035458565e-12,0
2025-02-13 00:00:00,2025-02-13 06:00:00,M2,6,35,71,10790.630814814815,False,,,0,43,2025-01-01 00:00:00,2025-02-12 00:00:00,0,,,2025-02-13 00:10:00,2025-02-13 06:00:00,2025-02-13 06:00:00,35,9.094947017729282e-13,0
2025-02-13 00:00:00,2025-02-13 12:00:00,M2,12,71,107,7676.172366135801,False,,,0,43,2025-01-01 00:00:00,2025-02-12 00:00:00,0,,,2025-02-13 00:10:00,2025-02-13 12:00:00,2025-02-13 12:00:00,71,9.094947017729282e-13,0
2025-02-14 00:00:00,2025-02-14 06:00:00,M2,6,35,71,8935.58244829012,False,,,0,44,2025-01-01 00:00:00,2025-02-13 00:00:00,0,,,2025-02-14 00:10:00,2025-02-14 06:00:00,2025-02-14 06:00:00,35,2.2737367544323206e-13,0
2025-02-14 00:00:00,2025-02-14 12:00:00,M2,12,71,107,6715.7242032901195,False,,,0,44,2025-01-01 00:00:00,2025-02-13 00:00:00,0,,,2025-02-14 00:10:00,2025-02-14 12:00:00,2025-02-14 12:00:00,71,5.684341886080802e-14,0
2025-02-15 00:00:00,2025-02-15 06:00:00,M2,6,35,71,7090.827359469137,False,,,0,45,2025-01-01 00:00:00,2025-02-14 00:00:00,0,,,2025-02-15 00:10:00,2025-02-15 06:00:00,2025-02-15 06:00:00,35,0.0,0
2025-02-15 00:00:00,2025-02-15 12:00:00,M2,12,71,107,6109.408065000001,False,,,0,45,2025-01-01 00:00:00,2025-02-14 00:00:00,0,,,2025-02-15 00:10:00,2025-02-15 12:00:00,2025-02-15 12:00:00,71,1.8189894035458565e-12,0
2025-02-16 00:00:00,2025-02-16 06:00:00,M2,6,35,71,10743.526265833334,False,,,0,46,2025-01-01 00:00:00,2025-02-15 00:00:00,0,,,2025-02-16 00:10:00,2025-02-16 06:00:00,2025-02-16 06:00:00,35,9.094947017729282e-13,0
2025-02-16 00:00:00,2025-02-16 12:00:00,M2,12,71,107,6814.649278216051,False,,,0,46,2025-01-01 00:00:00,2025-02-15 00:00:00,0,,,2025-02-16 00:10:00,2025-02-16 12:00:00,2025-02-16 12:00:00,71,4.547473508864641e-13,0
2025-02-17 00:00:00,2025-02-17 06:00:00,M2,6,35,71,10800.0,False,,,0,47,2025-01-01 00:00:00,2025-02-16 00:00:00,0,,,2025-02-17 00:10:00,2025-02-17 06:00:00,2025-02-17 06:00:00,35,4.547473508864641e-13,0
2025-02-17 00:00:00,2025-02-17 12:00:00,M2,12,71,107,8930.967610111116,False,,,0,47,2025-01-01 00:00:00,2025-02-16 00:00:00,0,,,2025-02-17 00:10:00,2025-02-17 12:00:00,2025-02-17 12:00:00,71,9.094947017729282e-13,0
2025-02-18 00:00:00,2025-02-18 06:00:00,M2,6,35,71,10792.94213888889,False,,,0,48,2025-01-01 00:00:00,2025-02-17 00:00:00,0,,,2025-02-18 00:10:00,2025-02-18 06:00:00,2025-02-18 06:00:00,35,9.094947017729282e-13,0
2025-02-18 00:00:00,2025-02-18 12:00:00,M2,12,71,107,6618.449778469135,False,,,0,48,2025-01-01 00:00:00,2025-02-17 00:00:00,0,,,2025-02-18 00:10:00,2025-02-18 12:00:00,2025-02-18 12:00:00,71,2.2737367544323206e-13,0
2025-02-19 00:00:00,2025-02-19 06:00:00,M2,6,35,71,10800.0,False,,,0,49,2025-01-01 00:00:00,2025-02-18 00:00:00,0,,,2025-02-19 00:10:00,2025-02-19 06:00:00,2025-02-19 06:00:00,35,4.547473508864641e-13,0
2025-02-19 00:00:00,2025-02-19 12:00:00,M2,12,71,107,5578.388602839506,False,,,0,49,2025-01-01 00:00:00,2025-02-18 00:00:00,0,,,2025-02-19 00:10:00,2025-02-19 12:00:00,2025-02-19 12:00:00,71,4.547473508864641e-13,0
2025-02-20 00:00:00,2025-02-20 06:00:00,M2,6,35,71,10717.396645092591,False,,,0,50,2025-01-01 00:00:00,2025-02-19 00:00:00,0,,,2025-02-20 00:10:00,2025-02-20 06:00:00,2025-02-20 06:00:00,35,0.0,0
2025-02-20 00:00:00,2025-02-20 12:00:00,M2,12,71,107,6597.812429734566,False,,,0,50,2025-01-01 00:00:00,2025-02-19 00:00:00,0,,,2025-02-20 00:10:00,2025-02-20 12:00:00,2025-02-20 12:00:00,71,0.0,0
2025-02-21 00:00:00,2025-02-21 06:00:00,M2,6,35,71,7148.794580555553,False,,,0,51,2025-01-01 00:00:00,2025-02-20 00:00:00,0,,,2025-02-21 00:10:00,2025-02-21 06:00:00,2025-02-21 06:00:00,35,4.547473508864641e-13,0
2025-02-21 00:00:00,2025-02-21 12:00:00,M2,12,71,107,7241.971304074071,False,,,0,51,2025-01-01 00:00:00,2025-02-20 00:00:00,0,,,2025-02-21 00:10:00,2025-02-21 12:00:00,2025-02-21 12:00:00,71,1.8189894035458565e-12,0
2025-02-22 00:00:00,2025-02-22 06:00:00,M2,6,35,71,6546.469826006167,False,,,0,52,2025-01-01 00:00:00,2025-02-21 00:00:00,0,,,2025-02-22 00:10:00,2025-02-22 06:00:00,2025-02-22 06:00:00,35,9.094947017729282e-13,0
2025-02-22 00:00:00,2025-02-22 12:00:00,M2,12,71,107,6581.4501599999985,False,,,0,52,2025-01-01 00:00:00,2025-02-21 00:00:00,0,,,2025-02-22 00:10:00,2025-02-22 12:00:00,2025-02-22 12:00:00,71,1.1368683772161603e-13,0
2025-02-23 00:00:00,2025-02-23 06:00:00,M2,6,35,71,10639.401880370373,False,,,0,53,2025-01-01 00:00:00,2025-02-22 00:00:00,0,,,2025-02-23 00:10:00,2025-02-23 06:00:00,2025-02-23 06:00:00,35,9.094947017729282e-13,0
2025-02-23 00:00:00,2025-02-23 12:00:00,M2,12,71,107,5735.9819375,False,,,0,53,2025-01-01 00:00:00,2025-02-22 00:00:00,0,,,2025-02-23 00:10:00,2025-02-23 12:00:00,2025-02-23 12:00:00,71,0.0,0
2025-02-24 00:00:00,2025-02-24 06:00:00,M2,6,35,71,10800.0,False,,,0,54,2025-01-01 00:00:00,2025-02-23 00:00:00,0,,,2025-02-24 00:10:00,2025-02-24 06:00:00,2025-02-24 06:00:00,35,0.0,0
2025-02-24 00:00:00,2025-02-24 12:00:00,M2,12,71,107,6757.039299092591,False,,,0,54,2025-01-01 00:00:00,2025-02-23 00:00:00,0,,,2025-02-24 00:10:00,2025-02-24 12:00:00,2025-02-24 12:00:00,71,9.094947017729282e-13,0
2025-02-25 00:00:00,2025-02-25 06:00:00,M2,6,35,71,10756.294277777777,False,,,0,55,2025-01-01 00:00:00,2025-02-24 00:00:00,0,,,2025-02-25 00:10:00,2025-02-25 06:00:00,2025-02-25 06:00:00,35,2.2737367544323206e-13,0
2025-02-25 00:00:00,2025-02-25 12:00:00,M2,12,71,107,8925.933525369754,False,,,0,55,2025-01-01 00:00:00,2025-02-24 00:00:00,0,,,2025-02-25 00:10:00,2025-02-25 12:00:00,2025-02-25 12:00:00,71,1.8189894035458565e-12,0
2025-02-26 00:00:00,2025-02-26 06:00:00,M2,6,35,71,10796.907666666666,False,,,0,56,2025-01-01 00:00:00,2025-02-25 00:00:00,0,,,2025-02-26 00:10:00,2025-02-26 06:00:00,2025-02-26 06:00:00,35,9.094947017729282e-13,0
2025-02-26 00:00:00,2025-02-26 12:00:00,M2,12,71,107,5521.499747500001,False,,,0,56,2025-01-01 00:00:00,2025-02-25 00:00:00,0,,,2025-02-26 00:10:00,2025-02-26 12:00:00,2025-02-26 12:00:00,71,9.094947017729282e-13,0
2025-02-27 00:00:00,2025-02-27 06:00:00,M2,6,35,71,10800.0,False,,,0,57,2025-01-01 00:00:00,2025-02-26 00:00:00,0,,,2025-02-27 00:10:00,2025-02-27 06:00:00,2025-02-27 06:00:00,35,1.8189894035458565e-12,0
2025-02-27 00:00:00,2025-02-27 12:00:00,M2,12,71,107,6000.8560295000025,False,,,0,57,2025-01-01 00:00:00,2025-02-26 00:00:00,0,,,2025-02-27 00:10:00,2025-02-27 12:00:00,2025-02-27 12:00:00,71,0.0,0
2025-02-28 00:00:00,2025-02-28 06:00:00,M2,6,35,71,6366.134815154319,False,,,0,58,2025-01-01 00:00:00,2025-02-27 00:00:00,0,,,2025-02-28 00:10:00,2025-02-28 06:00:00,2025-02-28 06:00:00,35,9.094947017729282e-13,0
2025-02-28 00:00:00,2025-02-28 12:00:00,M2,12,71,107,8430.913110000001,False,,,0,58,2025-01-01 00:00:00,2025-02-27 00:00:00,0,,,2025-02-28 00:10:00,2025-02-28 12:00:00,2025-02-28 12:00:00,71,1.8189894035458565e-12,0
2025-03-01 00:00:00,2025-03-01 06:00:00,M2,6,35,71,7904.76956138889,False,,,0,59,2025-01-01 00:00:00,2025-02-28 00:00:00,0,,,2025-03-01 00:10:00,2025-03-01 06:00:00,2025-03-01 06:00:00,35,9.094947017729282e-13,0
2025-03-01 00:00:00,2025-03-01 12:00:00,M2,12,71,107,9357.648561018523,False,,,0,59,2025-01-01 00:00:00,2025-02-28 00:00:00,0,,,2025-03-01 00:10:00,2025-03-01 12:00:00,2025-03-01 12:00:00,71,9.094947017729282e-13,0
2025-03-02 00:00:00,2025-03-02 06:00:00,M2,6,35,71,10800.0,False,,,0,60,2025-01-01 00:00:00,2025-03-01 00:00:00,0,,,2025-03-02 00:10:00,2025-03-02 06:00:00,2025-03-02 06:00:00,35,9.094947017729282e-13,0
2025-03-02 00:00:00,2025-03-02 12:00:00,M2,12,71,107,6968.9428686358,False,,,0,60,2025-01-01 00:00:00,2025-03-01 00:00:00,0,,,2025-03-02 00:10:00,2025-03-02 12:00:00,2025-03-02 12:00:00,71,4.547473508864641e-13,0
2025-03-03 00:00:00,2025-03-03 06:00:00,M2,6,35,71,10800.0,False,,,0,60,2025-01-02 00:00:00,2025-03-02 00:00:00,1,2025-01-01 00:00:00,2025-01-01 00:00:00,2025-03-03 00:10:00,2025-03-03 06:00:00,2025-03-03 06:00:00,35,0.0,0
2025-03-03 00:00:00,2025-03-03 12:00:00,M2,12,71,107,8075.781480950615,False,,,0,60,2025-01-02 00:00:00,2025-03-02 00:00:00,1,2025-01-01 00:00:00,2025-01-01 00:00:00,2025-03-03 00:10:00,2025-03-03 12:00:00,2025-03-03 12:00:00,71,9.094947017729282e-13,0
2025-03-04 00:00:00,2025-03-04 06:00:00,M2,6,35,71,10800.0,False,,,0,60,2025-01-03 00:00:00,2025-03-03 00:00:00,2,2025-01-01 00:00:00,2025-01-02 00:00:00,2025-03-04 00:10:00,2025-03-04 06:00:00,2025-03-04 06:00:00,35,4.547473508864641e-13,0
2025-03-04 00:00:00,2025-03-04 12:00:00,M2,12,71,107,6717.301204382715,False,,,0,60,2025-01-03 00:00:00,2025-03-03 00:00:00,2,2025-01-01 00:00:00,2025-01-02 00:00:00,2025-03-04 00:10:00,2025-03-04 12:00:00,2025-03-04 12:00:00,71,9.094947017729282e-13,0
2025-03-05 00:00:00,2025-03-05 06:00:00,M2,6,35,71,10800.0,False,,,0,60,2025-01-04 00:00:00,2025-03-04 00:00:00,3,2025-01-01 00:00:00,2025-01-03 00:00:00,2025-03-05 00:10:00,2025-03-05 06:00:00,2025-03-05 06:00:00,35,2.2737367544323206e-13,0
2025-03-05 00:00:00,2025-03-05 12:00:00,M2,12,71,107,8404.917199506172,False,,,0,60,2025-01-04 00:00:00,2025-03-04 00:00:00,3,2025-01-01 00:00:00,2025-01-03 00:00:00,2025-03-05 00:10:00,2025-03-05 12:00:00,2025-03-05 12:00:00,71,0.0,0
2025-03-06 00:00:00,2025-03-06 06:00:00,M2,6,35,71,10800.0,False,,,0,60,2025-01-05 00:00:00,2025-03-05 00:00:00,4,2025-01-01 00:00:00,2025-01-04 00:00:00,2025-03-06 00:10:00,2025-03-06 06:00:00,2025-03-06 06:00:00,35,1.8189894035458565e-12,0
2025-03-06 00:00:00,2025-03-06 12:00:00,M2,12,71,107,7088.779746135802,False,,,0,60,2025-01-05 00:00:00,2025-03-05 00:00:00,4,2025-01-01 00:00:00,2025-01-04 00:00:00,2025-03-06 00:10:00,2025-03-06 12:00:00,2025-03-06 12:00:00,71,4.547473508864641e-13,0
2025-03-07 00:00:00,2025-03-07 06:00:00,M2,6,35,71,7306.718425413581,False,,,0,60,2025-01-06 00:00:00,2025-03-06 00:00:00,5,2025-01-01 00:00:00,2025-01-05 00:00:00,2025-03-07 00:10:00,2025-03-07 06:00:00,2025-03-07 06:00:00,35,4.547473508864641e-13,0
2025-03-07 00:00:00,2025-03-07 12:00:00,M2,12,71,107,10800.0,False,,,0,60,2025-01-06 00:00:00,2025-03-06 00:00:00,5,2025-01-01 00:00:00,2025-01-05 00:00:00,2025-03-07 00:10:00,2025-03-07 12:00:00,2025-03-07 12:00:00,71,1.1368683772161603e-13,0
2025-03-08 00:00:00,2025-03-08 06:00:00,M2,6,35,71,5857.89764009259,False,,,0,60,2025-01-07 00:00:00,2025-03-07 00:00:00,6,2025-01-01 00:00:00,2025-01-06 00:00:00,2025-03-08 00:10:00,2025-03-08 06:00:00,2025-03-08 06:00:00,35,9.094947017729282e-13,0
2025-03-08 00:00:00,2025-03-08 12:00:00,M2,12,71,107,9903.873206944443,False,,,0,60,2025-01-07 00:00:00,2025-03-07 00:00:00,6,2025-01-01 00:00:00,2025-01-06 00:00:00,2025-03-08 00:10:00,2025-03-08 12:00:00,2025-03-08 12:00:00,71,1.1368683772161603e-13,0
2025-03-09 00:00:00,2025-03-09 06:00:00,M2,6,35,71,10800.0,False,1772.7810745365916,8698.524354737381,0,60,2025-01-08 00:00:00,2025-03-08 00:00:00,7,2025-01-01 00:00:00,2025-01-07 00:00:00,2025-03-09 00:10:00,2025-03-09 06:00:00,2025-03-09 06:00:00,35,9.094947017729282e-13,0
2025-03-09 00:00:00,2025-03-09 12:00:00,M2,12,71,107,7979.754307648147,True,7129.586903262191,4822.586862272242,24,60,2025-01-08 00:00:00,2025-03-08 00:00:00,7,2025-01-01 00:00:00,2025-01-07 00:00:00,2025-03-09 00:10:00,2025-03-09 12:00:00,2025-03-09 12:00:00,71,4.547473508864641e-13,0
2025-03-10 00:00:00,2025-03-10 06:00:00,M2,6,35,71,10800.0,True,9841.847943444136,8510.226160956434,8,60,2025-01-09 00:00:00,2025-03-09 00:00:00,8,2025-01-01 00:00:00,2025-01-08 00:00:00,2025-03-10 00:10:00,2025-03-10 06:00:00,2025-03-10 06:00:00,35,9.094947017729282e-13,0
2025-03-10 00:00:00,2025-03-10 12:00:00,M2,12,71,107,5807.932539827165,True,5966.78860112399,5750.031196366316,18,60,2025-01-09 00:00:00,2025-03-09 00:00:00,8,2025-01-01 00:00:00,2025-01-08 00:00:00,2025-03-10 00:10:00,2025-03-10 12:00:00,2025-03-10 12:00:00,71,9.094947017729282e-13,0
2025-03-11 00:00:00,2025-03-11 06:00:00,M2,6,35,71,10800.0,True,6618.353518503033,2965.0246766780747,12,60,2025-01-10 00:00:00,2025-03-10 00:00:00,9,2025-01-01 00:00:00,2025-01-09 00:00:00,2025-03-11 00:10:00,2025-03-11 06:00:00,2025-03-11 06:00:00,35,9.094947017729282e-13,0
2025-03-11 00:00:00,2025-03-11 12:00:00,M2,12,71,107,8005.245411422838,True,4282.053789649679,4126.520882653564,5,60,2025-01-10 00:00:00,2025-03-10 00:00:00,9,2025-01-01 00:00:00,2025-01-09 00:00:00,2025-03-11 00:10:00,2025-03-11 12:00:00,2025-03-11 12:00:00,71,0.0,0
2025-03-12 00:00:00,2025-03-12 06:00:00,M2,6,35,71,10800.0,False,1191.3852543848643,4813.241589448226,0,60,2025-01-11 00:00:00,2025-03-11 00:00:00,10,2025-01-01 00:00:00,2025-01-10 00:00:00,2025-03-12 00:10:00,2025-03-12 06:00:00,2025-03-12 06:00:00,35,7.105427357601002e-15,0
2025-03-12 00:00:00,2025-03-12 12:00:00,M2,12,71,107,7994.141829993827,True,6840.387990383337,4705.815327872138,24,60,2025-01-11 00:00:00,2025-03-11 00:00:00,10,2025-01-01 00:00:00,2025-01-10 00:00:00,2025-03-12 00:10:00,2025-03-12 12:00:00,2025-03-12 12:00:00,71,0.0,0
2025-03-13 00:00:00,2025-03-13 06:00:00,M2,6,35,71,10800.0,False,1775.4476312338238,4157.507064915807,0,60,2025-01-12 00:00:00,2025-03-12 00:00:00,11,2025-01-01 00:00:00,2025-01-11 00:00:00,2025-03-13 00:10:00,2025-03-13 06:00:00,2025-03-13 06:00:00,35,0.0,0
2025-03-13 00:00:00,2025-03-13 12:00:00,M2,12,71,107,7755.934844006171,False,5026.040944342885,5661.277388048985,0,60,2025-01-12 00:00:00,2025-03-12 00:00:00,11,2025-01-01 00:00:00,2025-01-11 00:00:00,2025-03-13 00:10:00,2025-03-13 12:00:00,2025-03-13 12:00:00,71,0.0,0
2025-03-14 00:00:00,2025-03-14 06:00:00,M2,6,35,71,5750.74658548293,False,-6095.441828114224,-6095.441828114224,0,60,2025-01-13 00:00:00,2025-03-13 00:00:00,12,2025-01-01 00:00:00,2025-01-12 00:00:00,2025-03-14 00:10:00,2025-03-14 06:00:00,2025-03-14 06:00:00,35,4.547473508864641e-13,0
2025-03-14 00:00:00,2025-03-14 12:00:00,M2,12,71,107,10800.0,True,-4308.734427653054,-4341.723046901982,3,60,2025-01-13 00:00:00,2025-03-13 00:00:00,12,2025-01-01 00:00:00,2025-01-12 00:00:00,2025-03-14 00:10:00,2025-03-14 12:00:00,2025-03-14 12:00:00,71,1.1368683772161603e-13,0
2025-03-15 00:00:00,2025-03-15 06:00:00,M2,6,35,71,5026.928501104936,False,-3152.8927864607003,-3152.8927864607003,0,60,2025-01-14 00:00:00,2025-03-14 00:00:00,13,2025-01-01 00:00:00,2025-01-13 00:00:00,2025-03-15 00:10:00,2025-03-15 06:00:00,2025-03-15 06:00:00,35,4.547473508864641e-13,0
2025-03-15 00:00:00,2025-03-15 12:00:00,M2,12,71,107,7846.283549999999,False,-4008.5875468582794,-3602.489687223839,0,60,2025-01-14 00:00:00,2025-03-14 00:00:00,13,2025-01-01 00:00:00,2025-01-13 00:00:00,2025-03-15 00:10:00,2025-03-15 12:00:00,2025-03-15 12:00:00,71,1.8189894035458565e-12,0
2025-03-16 00:00:00,2025-03-16 06:00:00,M2,6,35,71,10763.775936166661,False,1607.9858591059365,2042.4083932277947,0,60,2025-01-15 00:00:00,2025-03-15 00:00:00,14,2025-01-01 00:00:00,2025-01-14 00:00:00,2025-03-16 00:10:00,2025-03-16 06:00:00,2025-03-16 06:00:00,35,4.547473508864641e-13,0
2025-03-16 00:00:00,2025-03-16 12:00:00,M2,12,71,107,5479.9484752407325,False,6111.146679795211,6343.125650198528,0,60,2025-01-15 00:00:00,2025-03-15 00:00:00,14,2025-01-01 00:00:00,2025-01-14 00:00:00,2025-03-16 00:10:00,2025-03-16 12:00:00,2025-03-16 12:00:00,71,2.2737367544323206e-13,0
2025-03-17 00:00:00,2025-03-17 06:00:00,M2,6,35,71,10800.0,False,-1062.6488899586368,-215.7407179471516,0,60,2025-01-16 00:00:00,2025-03-16 00:00:00,14,2025-01-02 00:00:00,2025-01-15 00:00:00,2025-03-17 00:10:00,2025-03-17 06:00:00,2025-03-17 06:00:00,35,4.547473508864641e-13,0
2025-03-17 00:00:00,2025-03-17 12:00:00,M2,12,71,107,6516.974483790122,False,3505.8608695543153,3912.4343222128045,0,60,2025-01-16 00:00:00,2025-03-16 00:00:00,14,2025-01-02 00:00:00,2025-01-15 00:00:00,2025-03-17 00:10:00,2025-03-17 12:00:00,2025-03-17 12:00:00,71,2.2737367544323206e-13,0
2025-03-18 00:00:00,2025-03-18 06:00:00,M2,6,35,71,10800.0,False,126.39296312199738,2751.9538455717566,0,60,2025-01-17 00:00:00,2025-03-17 00:00:00,14,2025-01-03 00:00:00,2025-01-16 00:00:00,2025-03-18 00:10:00,2025-03-18 06:00:00,2025-03-18 06:00:00,35,4.547473508864641e-13,0
2025-03-18 00:00:00,2025-03-18 12:00:00,M2,12,71,107,9050.75968759877,True,5290.3592494557215,3748.18182991602,28,60,2025-01-17 00:00:00,2025-03-17 00:00:00,14,2025-01-03 00:00:00,2025-01-16 00:00:00,2025-03-18 00:10:00,2025-03-18 12:00:00,2025-03-18 12:00:00,71,2.2737367544323206e-13,0
2025-03-19 00:00:00,2025-03-19 06:00:00,M2,6,35,71,10800.0,True,1213.954139577794,395.8958821767414,11,60,2025-01-18 00:00:00,2025-03-18 00:00:00,14,2025-01-04 00:00:00,2025-01-17 00:00:00,2025-03-19 00:10:00,2025-03-19 06:00:00,2025-03-19 06:00:00,35,9.094947017729282e-13,0
2025-03-19 00:00:00,2025-03-19 12:00:00,M2,12,71,107,6247.576905953707,False,2984.8339123130377,4111.186436789849,0,60,2025-01-18 00:00:00,2025-03-18 00:00:00,14,2025-01-04 00:00:00,2025-01-17 00:00:00,2025-03-19 00:10:00,2025-03-19 12:00:00,2025-03-19 12:00:00,71,2.842170943040401e-14,0
2025-03-20 00:00:00,2025-03-20 06:00:00,M2,6,35,71,10759.471808703704,False,188.1727408187403,886.2565146213041,0,60,2025-01-19 00:00:00,2025-03-19 00:00:00,14,2025-01-05 00:00:00,2025-01-18 00:00:00,2025-03-20 00:10:00,2025-03-20 06:00:00,2025-03-20 06:00:00,35,9.094947017729282e-13,0
2025-03-20 00:00:00,2025-03-20 12:00:00,M2,12,71,107,4946.268170999999,True,6944.203416276555,6164.71937251944,20,60,2025-01-19 00:00:00,2025-03-19 00:00:00,14,2025-01-05 00:00:00,2025-01-18 00:00:00,2025-03-20 00:10:00,2025-03-20 12:00:00,2025-03-20 12:00:00,71,9.094947017729282e-13,0
2025-03-21 00:00:00,2025-03-21 06:00:00,M2,6,35,71,4139.251095052469,True,-4503.02506054713,-5230.192849908598,4,60,2025-01-20 00:00:00,2025-03-20 00:00:00,14,2025-01-06 00:00:00,2025-01-19 00:00:00,2025-03-21 00:10:00,2025-03-21 06:00:00,2025-03-21 06:00:00,35,1.8189894035458565e-12,0
2025-03-21 00:00:00,2025-03-21 12:00:00,M2,12,71,107,10800.0,False,-4094.0421081512427,-3639.141073261196,0,60,2025-01-20 00:00:00,2025-03-20 00:00:00,14,2025-01-06 00:00:00,2025-01-19 00:00:00,2025-03-21 00:10:00,2025-03-21 12:00:00,2025-03-21 12:00:00,71,1.1368683772161603e-13,0
2025-03-22 00:00:00,2025-03-22 06:00:00,M2,6,35,71,4900.011497682099,False,-5467.810582958061,-5467.810582958061,0,60,2025-01-21 00:00:00,2025-03-21 00:00:00,14,2025-01-07 00:00:00,2025-01-20 00:00:00,2025-03-22 00:10:00,2025-03-22 06:00:00,2025-03-22 06:00:00,35,4.547473508864641e-13,0
2025-03-22 00:00:00,2025-03-22 12:00:00,M2,12,71,107,10748.272420089506,True,-3816.3492910173263,-3837.2028494179217,13,60,2025-01-21 00:00:00,2025-03-21 00:00:00,14,2025-01-07 00:00:00,2025-01-20 00:00:00,2025-03-22 00:10:00,2025-03-22 12:00:00,2025-03-22 12:00:00,71,9.094947017729282e-13,0
2025-03-23 00:00:00,2025-03-23 06:00:00,M2,6,35,71,10680.063903222224,False,-972.384036817912,271.8251092160941,0,60,2025-01-22 00:00:00,2025-03-22 00:00:00,14,2025-01-08 00:00:00,2025-01-21 00:00:00,2025-03-23 00:10:00,2025-03-23 06:00:00,2025-03-23 06:00:00,35,9.094947017729282e-13,0
2025-03-23 00:00:00,2025-03-23 12:00:00,M2,12,71,107,7493.238285240745,True,5153.645735368496,3256.819002921325,24,60,2025-01-22 00:00:00,2025-03-22 00:00:00,14,2025-01-08 00:00:00,2025-01-21 00:00:00,2025-03-23 00:10:00,2025-03-23 12:00:00,2025-03-23 12:00:00,71,1.8189894035458565e-12,0
2025-03-24 00:00:00,2025-03-24 06:00:00,M2,6,35,71,10768.88300925926,False,-2599.8414615219435,-2016.2701946461898,0,60,2025-01-23 00:00:00,2025-03-23 00:00:00,14,2025-01-09 00:00:00,2025-01-22 00:00:00,2025-03-24 00:10:00,2025-03-24 06:00:00,2025-03-24 06:00:00,35,4.547473508864641e-13,0
2025-03-24 00:00:00,2025-03-24 12:00:00,M2,12,71,107,7410.861548765432,False,3386.625861641836,3583.926466465716,0,60,2025-01-23 00:00:00,2025-03-23 00:00:00,14,2025-01-09 00:00:00,2025-01-22 00:00:00,2025-03-24 00:10:00,2025-03-24 12:00:00,2025-03-24 12:00:00,71,2.2737367544323206e-13,0
2025-03-25 00:00:00,2025-03-25 06:00:00,M2,6,35,71,10623.544495530865,False,-412.9338317907157,1278.7656871976203,0,60,2025-01-24 00:00:00,2025-03-24 00:00:00,14,2025-01-10 00:00:00,2025-01-23 00:00:00,2025-03-25 00:10:00,2025-03-25 06:00:00,2025-03-25 06:00:00,35,9.094947017729282e-13,0
2025-03-25 00:00:00,2025-03-25 12:00:00,M2,12,71,107,7085.932184962965,True,6320.464815007849,4531.930635336341,32,60,2025-01-24 00:00:00,2025-03-24 00:00:00,14,2025-01-10 00:00:00,2025-01-23 00:00:00,2025-03-25 00:10:00,2025-03-25 12:00:00,2025-03-25 12:00:00,71,0.0,0
2025-03-26 00:00:00,2025-03-26 06:00:00,M2,6,35,71,10712.806468364195,True,1469.3865632021536,-2143.5817325031335,5,60,2025-01-25 00:00:00,2025-03-25 00:00:00,14,2025-01-11 00:00:00,2025-01-24 00:00:00,2025-03-26 00:10:00,2025-03-26 06:00:00,2025-03-26 06:00:00,35,4.547473508864641e-13,0
2025-03-26 00:00:00,2025-03-26 12:00:00,M2,12,71,107,6006.839949132717,True,3977.511896560521,2987.5256948377223,22,60,2025-01-25 00:00:00,2025-03-25 00:00:00,14,2025-01-11 00:00:00,2025-01-24 00:00:00,2025-03-26 00:10:00,2025-03-26 12:00:00,2025-03-26 12:00:00,71,0.0,0
2025-03-27 00:00:00,2025-03-27 06:00:00,M2,6,35,71,10620.6833312037,False,-3263.6023304558944,-2542.5556657124753,0,60,2025-01-26 00:00:00,2025-03-26 00:00:00,14,2025-01-12 00:00:00,2025-01-25 00:00:00,2025-03-27 00:10:00,2025-03-27 06:00:00,2025-03-27 06:00:00,35,4.547473508864641e-13,0
2025-03-27 00:00:00,2025-03-27 12:00:00,M2,12,71,107,7516.34832557407,True,3758.9045258302754,3232.3263065185465,23,60,2025-01-26 00:00:00,2025-03-26 00:00:00,14,2025-01-12 00:00:00,2025-01-25 00:00:00,2025-03-27 00:10:00,2025-03-27 12:00:00,2025-03-27 12:00:00,71,9.094947017729282e-13,0
2025-03-28 00:00:00,2025-03-28 06:00:00,M2,6,35,71,4945.011749012347,False,-5548.176,-5548.176,0,60,2025-01-27 00:00:00,2025-03-27 00:00:00,14,2025-01-13 00:00:00,2025-01-26 00:00:00,2025-03-28 00:10:00,2025-03-28 06:00:00,2025-03-28 06:00:00,35,9.094947017729282e-13,0
2025-03-28 00:00:00,2025-03-28 12:00:00,M2,12,71,107,10800.0,False,-3964.420491817116,-3857.539396236444,0,60,2025-01-27 00:00:00,2025-03-27 00:00:00,14,2025-01-13 00:00:00,2025-01-26 00:00:00,2025-03-28 00:10:00,2025-03-28 12:00:00,2025-03-28 12:00:00,71,9.094947017729282e-13,0
2025-03-29 00:00:00,2025-03-29 06:00:00,M2,6,35,71,4219.5594498703695,False,-6057.028012511942,-6057.028012511942,0,60,2025-01-28 00:00:00,2025-03-28 00:00:00,14,2025-01-14 00:00:00,2025-01-27 00:00:00,2025-03-29 00:10:00,2025-03-29 06:00:00,2025-03-29 06:00:00,35,1.8189894035458565e-12,0
2025-03-29 00:00:00,2025-03-29 12:00:00,M2,12,71,107,10800.0,False,-4521.218320599967,-3743.43817885832,0,60,2025-01-28 00:00:00,2025-03-28 00:00:00,14,2025-01-14 00:00:00,2025-01-27 00:00:00,2025-03-29 00:10:00,2025-03-29 12:00:00,2025-03-29 12:00:00,71,1.1368683772161603e-13,0
2025-03-30 00:00:00,2025-03-30 06:00:00,M2,6,35,71,10481.322364253083,False,-2521.9687489614053,-2182.1002395690166,0,60,2025-01-29 00:00:00,2025-03-29 00:00:00,14,2025-01-15 00:00:00,2025-01-28 00:00:00,2025-03-30 00:10:00,2025-03-30 06:00:00,2025-03-30 06:00:00,35,4.547473508864641e-13,0
2025-03-30 00:00:00,2025-03-30 12:00:00,M2,12,71,107,6852.765602987653,True,3236.8988987756734,2252.0475038645613,24,60,2025-01-29 00:00:00,2025-03-29 00:00:00,14,2025-01-15 00:00:00,2025-01-28 00:00:00,2025-03-30 00:10:00,2025-03-30 12:00:00,2025-03-30 12:00:00,71,0.0,0
2025-03-31 00:00:00,2025-03-31 06:00:00,M2,6,35,71,9978.20327362963,False,-3526.6811921956178,-2388.9245186804987,0,60,2025-01-30 00:00:00,2025-03-30 00:00:00,14,2025-01-16 00:00:00,2025-01-29 00:00:00,2025-03-31 00:10:00,2025-03-31 06:00:00,2025-03-31 06:00:00,35,4.547473508864641e-13,0
2025-03-31 00:00:00,2025-03-31 12:00:00,M2,12,71,107,4555.148932179017,False,4475.491607732904,5945.1197357605415,0,60,2025-01-30 00:00:00,2025-03-30 00:00:00,14,2025-01-16 00:00:00,2025-01-29 00:00:00,2025-03-31 00:10:00,2025-03-31 12:00:00,2025-03-31 12:00:00,71,5.684341886080802e-14,0
2025-04-01 00:00:00,2025-04-01 06:00:00,M2,6,35,71,10202.862257765433,True,-982.920614271413,-1157.6313456859434,9,60,2025-01-31 00:00:00,2025-03-31 00:00:00,14,2025-01-17 00:00:00,2025-01-30 00:00:00,2025-04-01 00:10:00,2025-04-01 06:00:00,2025-04-01 06:00:00,35,4.547473508864641e-13,0
2025-04-01 00:00:00,2025-04-01 12:00:00,M2,12,71,107,8245.227480552467,True,4154.011859298124,3425.270613621918,22,60,2025-01-31 00:00:00,2025-03-31 00:00:00,14,2025-01-17 00:00:00,2025-01-30 00:00:00,2025-04-01 00:10:00,2025-04-01 12:00:00,2025-04-01 12:00:00,71,5.684341886080802e-14,0
2025-04-02 00:00:00,2025-04-02 06:00:00,M2,6,35,71,10279.718673098772,True,1740.2013457867956,1664.1735525984698,17,60,2025-02-01 00:00:00,2025-04-01 00:00:00,14,2025-01-18 00:00:00,2025-01-31 00:00:00,2025-04-02 00:10:00,2025-04-02 06:00:00,2025-04-02 06:00:00,35,9.094947017729282e-13,0
2025-04-02 00:00:00,2025-04-02 12:00:00,M2,12,71,107,9160.362925475305,True,1686.3951525645455,1594.9498577276488,21,60,2025-02-01 00:00:00,2025-04-01 00:00:00,14,2025-01-18 00:00:00,2025-01-31 00:00:00,2025-04-02 00:10:00,2025-04-02 12:00:00,2025-04-02 12:00:00,71,4.547473508864641e-13,0
2025-04-03 00:00:00,2025-04-03 06:00:00,M2,6,35,71,10625.062001462966,False,-2520.229333131301,-813.4523203075702,0,60,2025-02-02 00:00:00,2025-04-02 00:00:00,14,2025-01-19 00:00:00,2025-02-01 00:00:00,2025-04-03 00:10:00,2025-04-03 06:00:00,2025-04-03 06:00:00,35,4.547473508864641e-13,0
2025-04-03 00:00:00,2025-04-03 12:00:00,M2,12,71,107,8664.389683080248,True,3782.2611868107997,2560.830309754228,23,60,2025-02-02 00:00:00,2025-04-02 00:00:00,14,2025-01-19 00:00:00,2025-02-01 00:00:00,2025-04-03 00:10:00,2025-04-03 12:00:00,2025-04-03 12:00:00,71,4.547473508864641e-13,0
2025-04-04 00:00:00,2025-04-04 06:00:00,M2,6,35,71,4031.966099858025,False,-5255.339079655177,-5246.979388445192,0,60,2025-02-03 00:00:00,2025-04-03 00:00:00,14,2025-01-20 00:00:00,2025-02-02 00:00:00,2025-04-04 00:10:00,2025-04-04 06:00:00,2025-04-04 06:00:00,35,0.0,0
2025-04-04 00:00:00,2025-04-04 12:00:00,M2,12,71,107,10800.0,False,-4114.069819359722,-3938.041053964139,0,60,2025-02-03 00:00:00,2025-04-03 00:00:00,14,2025-01-20 00:00:00,2025-02-02 00:00:00,2025-04-04 00:10:00,2025-04-04 12:00:00,2025-04-04 12:00:00,71,1.1368683772161603e-13,0
2025-04-05 00:00:00,2025-04-05 06:00:00,M2,6,35,71,3371.3558589938275,True,-4245.545512482869,-4793.976957538633,4,60,2025-02-04 00:00:00,2025-04-04 00:00:00,14,2025-01-21 00:00:00,2025-02-03 00:00:00,2025-04-05 00:10:00,2025-04-05 06:00:00,2025-04-05 06:00:00,35,1.8189894035458565e-12,0
2025-04-05 00:00:00,2025-04-05 12:00:00,M2,12,71,107,10800.0,False,-4158.329962552416,-3857.0109896688277,0,60,2025-02-04 00:00:00,2025-04-04 00:00:00,14,2025-01-21 00:00:00,2025-02-03 00:00:00,2025-04-05 00:10:00,2025-04-05 12:00:00,2025-04-05 12:00:00,71,1.1368683772161603e-13,0
2025-04-06 00:00:00,2025-04-06 06:00:00,M2,6,35,71,10654.45586462346,False,-2057.299521821737,-1576.138416930302,0,60,2025-02-05 00:00:00,2025-04-05 00:00:00,14,2025-01-22 00:00:00,2025-02-04 00:00:00,2025-04-06 00:10:00,2025-04-06 06:00:00,2025-04-06 06:00:00,35,0.0,0
2025-04-06 00:00:00,2025-04-06 12:00:00,M2,12,71,107,7529.095048234574,False,2530.827634435753,2603.436906398168,0,60,2025-02-05 00:00:00,2025-04-05 00:00:00,14,2025-01-22 00:00:00,2025-02-04 00:00:00,2025-04-06 00:10:00,2025-04-06 12:00:00,2025-04-06 12:00:00,71,4.547473508864641e-13,0
2025-04-07 00:00:00,2025-04-07 06:00:00,M2,6,35,71,10156.314354827156,False,-4627.413875689998,-4397.53251209641,0,60,2025-02-06 00:00:00,2025-04-06 00:00:00,14,2025-01-23 00:00:00,2025-02-05 00:00:00,2025-04-07 00:10:00,2025-04-07 06:00:00,2025-04-07 06:00:00,35,1.8189894035458565e-12,0
2025-04-07 00:00:00,2025-04-07 12:00:00,M2,12,71,107,6737.864886586414,False,1187.0652273516437,2369.8005356015724,0,60,2025-02-06 00:00:00,2025-04-06 00:00:00,14,2025-01-23 00:00:00,2025-02-05 00:00:00,2025-04-07 00:10:00,2025-04-07 12:00:00,2025-04-07 12:00:00,71,2.842170943040401e-14,0
2025-04-08 00:00:00,2025-04-08 06:00:00,M2,6,35,71,10760.70276638889,False,-2822.393373058312,-1233.8588613182262,0,60,2025-02-07 00:00:00,2025-04-07 00:00:00,14,2025-01-24 00:00:00,2025-02-06 00:00:00,2025-04-08 00:10:00,2025-04-08 06:00:00,2025-04-08 06:00:00,35,4.547473508864641e-13,0
2025-04-08 00:00:00,2025-04-08 12:00:00,M2,12,71,107,7478.501422345687,True,3685.878560740078,2319.473478503796,18,60,2025-02-07 00:00:00,2025-04-07 00:00:00,14,2025-01-24 00:00:00,2025-02-06 00:00:00,2025-04-08 00:10:00,2025-04-08 12:00:00,2025-04-08 12:00:00,71,1.8189894035458565e-12,0
2025-04-09 00:00:00,2025-04-09 06:00:00,M2,6,35,71,10800.0,False,-2361.773574607028,-1827.5702686690518,0,60,2025-02-08 00:00:00,2025-04-08 00:00:00,14,2025-01-25 00:00:00,2025-02-07 00:00:00,2025-04-09 00:10:00,2025-04-09 06:00:00,2025-04-09 06:00:00,35,9.094947017729282e-13,0
2025-04-09 00:00:00,2025-04-09 12:00:00,M2,12,71,107,4874.817325074078,False,3376.4776292537354,4119.44336308806,0,60,2025-02-08 00:00:00,2025-04-08 00:00:00,14,2025-01-25 00:00:00,2025-02-07 00:00:00,2025-04-09 00:10:00,2025-04-09 12:00:00,2025-04-09 12:00:00,71,1.8189894035458565e-12,0
2025-04-10 00:00:00,2025-04-10 06:00:00,M2,6,35,71,10648.038790123457,False,-2593.4342451857515,-2224.4354943540834,0,60,2025-02-09 00:00:00,2025-04-09 00:00:00,14,2025-01-26 00:00:00,2025-02-08 00:00:00,2025-04-10 00:10:00,2025-04-10 06:00:00,2025-04-10 06:00:00,35,1.8189894035458565e-12,0
2025-04-10 00:00:00,2025-04-10 12:00:00,M2,12,71,107,5351.483313641975,True,3326.2322710924086,2554.109175376529,22,60,2025-02-09 00:00:00,2025-04-09 00:00:00,14,2025-01-26 00:00:00,2025-02-08 00:00:00,2025-04-10 00:10:00,2025-04-10 12:00:00,2025-04-10 12:00:00,71,9.094947017729282e-13,0
2025-04-11 00:00:00,2025-04-11 06:00:00,M2,6,35,71,3013.064995169752,True,-3180.1387805720287,-4307.522574539877,5,60,2025-02-10 00:00:00,2025-04-10 00:00:00,14,2025-01-27 00:00:00,2025-02-09 00:00:00,2025-04-11 00:10:00,2025-04-11 06:00:00,2025-04-11 06:00:00,35,9.094947017729282e-13,0
2025-04-11 00:00:00,2025-04-11 12:00:00,M2,12,71,107,10800.0,False,-4167.992312003574,-3861.5968626952817,0,60,2025-02-10 00:00:00,2025-04-10 00:00:00,14,2025-01-27 00:00:00,2025-02-09 00:00:00,2025-04-11 00:10:00,2025-04-11 12:00:00,2025-04-11 12:00:00,71,9.094947017729282e-13,0
2025-04-12 00:00:00,2025-04-12 06:00:00,M2,6,35,71,3488.4622866604914,False,-5347.944000000001,-5347.944000000001,0,60,2025-02-11 00:00:00,2025-04-11 00:00:00,14,2025-01-28 00:00:00,2025-02-10 00:00:00,2025-04-12 00:10:00,2025-04-12 06:00:00,2025-04-12 06:00:00,35,2.2737367544323206e-13,0
2025-04-12 00:00:00,2025-04-12 12:00:00,M2,12,71,107,10800.0,True,-3890.3178396790804,-3893.8962723733234,13,60,2025-02-11 00:00:00,2025-04-11 00:00:00,14,2025-01-28 00:00:00,2025-02-10 00:00:00,2025-04-12 00:10:00,2025-04-12 12:00:00,2025-04-12 12:00:00,71,9.094947017729282e-13,0
2025-04-13 00:00:00,2025-04-13 06:00:00,M2,6,35,71,10541.430616666667,False,-3481.283452735029,-3021.0975766408837,0,60,2025-02-12 00:00:00,2025-04-12 00:00:00,14,2025-01-29 00:00:00,2025-02-11 00:00:00,2025-04-13 00:10:00,2025-04-13 06:00:00,2025-04-13 06:00:00,35,0.0,0
2025-04-13 00:00:00,2025-04-13 12:00:00,M2,12,71,107,5324.021685222224,False,686.9598467003468,861.0994264911488,0,60,2025-02-12 00:00:00,2025-04-12 00:00:00,14,2025-01-29 00:00:00,2025-02-11 00:00:00,2025-04-13 00:10:00,2025-04-13 12:00:00,2025-04-13 12:00:00,71,1.8189894035458565e-12,0
2025-04-14 00:00:00,2025-04-14 06:00:00,M2,6,35,71,10567.455362179011,False,-3841.273781921395,-2838.1274918222603,0,60,2025-02-13 00:00:00,2025-04-13 00:00:00,14,2025-01-30 00:00:00,2025-02-12 00:00:00,2025-04-14 00:10:00,2025-04-14 06:00:00,2025-04-14 06:00:00,35,4.547473508864641e-13,0
2025-04-14 00:00:00,2025-04-14 12:00:00,M2,12,71,107,7368.701092870373,True,2317.2961322007386,806.1391448936422,22,60,2025-02-13 00:00:00,2025-04-13 00:00:00,14,2025-01-30 00:00:00,2025-02-12 00:00:00,2025-04-14 00:10:00,2025-04-14 12:00:00,2025-04-14 12:00:00,71,9.094947017729282e-13,0
2025-04-15 00:00:00,2025-04-15 06:00:00,M2,6,35,71,9801.908097253088,True,-4807.184590607668,-4808.94995209307,2,60,2025-02-14 00:00:00,2025-04-14 00:00:00,14,2025-01-31 00:00:00,2025-02-13 00:00:00,2025-04-15 00:10:00,2025-04-15 06:00:00,2025-04-15 06:00:00,35,9.094947017729282e-13,0
2025-04-15 00:00:00,2025-04-15 12:00:00,M2,12,71,107,7960.192289845683,False,624.1306514238984,1360.9971980975638,0,60,2025-02-14 00:00:00,2025-04-14 00:00:00,14,2025-01-31 00:00:00,2025-02-13 00:00:00,2025-04-15 00:10:00,2025-04-15 12:00:00,2025-04-15 12:00:00,71,1.4210854715202004e-14,0
2025-04-16 00:00:00,2025-04-16 06:00:00,M2,6,35,71,10800.0,False,-3769.096838538975,-3565.4741374574455,0,60,2025-02-15 00:00:00,2025-04-15 00:00:00,14,2025-02-01 00:00:00,2025-02-14 00:00:00,2025-04-16 00:10:00,2025-04-16 06:00:00,2025-04-16 06:00:00,35,2.842170943040401e-14,0
2025-04-16 00:00:00,2025-04-16 12:00:00,M2,12,71,107,6082.20470018518,False,1559.627589536112,2218.748020830323,0,60,2025-02-15 00:00:00,2025-04-15 00:00:00,14,2025-02-01 00:00:00,2025-02-14 00:00:00,2025-04-16 00:10:00,2025-04-16 12:00:00,2025-04-16 12:00:00,71,9.094947017729282e-13,0
2025-04-17 00:00:00,2025-04-17 06:00:00,M2,6,35,71,8655.615788228395,True,-580.0032414855949,-1971.8520337373818,9,60,2025-02-16 00:00:00,2025-04-16 00:00:00,14,2025-02-02 00:00:00,2025-02-15 00:00:00,2025-04-17 00:10:00,2025-04-17 06:00:00,2025-04-17 06:00:00,35,9.094947017729282e-13,0
2025-04-17 00:00:00,2025-04-17 12:00:00,M2,12,71,107,7870.1225999598755,False,722.6825554259615,747.533228749493,0,60,2025-02-16 00:00:00,2025-04-16 00:00:00,14,2025-02-02 00:00:00,2025-02-15 00:00:00,2025-04-17 00:10:00,2025-04-17 12:00:00,2025-04-17 12:00:00,71,0.0,0
2025-04-18 00:00:00,2025-04-18 06:00:00,M2,6,35,71,3096.3318597530847,True,-3902.3759643998633,-4364.574049587116,3,60,2025-02-17 00:00:00,2025-04-17 00:00:00,14,2025-02-03 00:00:00,2025-02-16 00:00:00,2025-04-18 00:10:00,2025-04-18 06:00:00,2025-04-18 06:00:00,35,0.0,0
2025-04-18 00:00:00,2025-04-18 12:00:00,M2,12,71,107,10800.0,False,-3998.1038870446177,-3849.854367387048,0,60,2025-02-17 00:00:00,2025-04-17 00:00:00,14,2025-02-03 00:00:00,2025-02-16 00:00:00,2025-04-18 00:10:00,2025-04-18 12:00:00,2025-04-18 12:00:00,71,9.094947017729282e-13,0
2025-04-19 00:00:00,2025-04-19 06:00:00,M2,6,35,71,3418.8744412808664,False,-5161.88189442113,-5161.88189442113,0,60,2025-02-18 00:00:00,2025-04-18 00:00:00,14,2025-02-04 00:00:00,2025-02-17 00:00:00,2025-04-19 00:10:00,2025-04-19 06:00:00,2025-04-19 06:00:00,35,4.547473508864641e-13,0
2025-04-19 00:00:00,2025-04-19 12:00:00,M2,12,71,107,10800.0,False,-4278.3776843690475,-3726.92278121628,0,60,2025-02-18 00:00:00,2025-04-18 00:00:00,14,2025-02-04 00:00:00,2025-02-17 00:00:00,2025-04-19 00:10:00,2025-04-19 12:00:00,2025-04-19 12:00:00,71,4.547473508864641e-13,0
2025-04-20 00:00:00,2025-04-20 06:00:00,M2,6,35,71,10047.488639629635,False,-3129.6598283337376,-3021.866645327386,0,60,2025-02-19 00:00:00,2025-04-19 00:00:00,14,2025-02-05 00:00:00,2025-02-18 00:00:00,2025-04-20 00:10:00,2025-04-20 06:00:00,2025-04-20 06:00:00,35,9.094947017729282e-13,0
2025-04-20 00:00:00,2025-04-20 12:00:00,M2,12,71,107,5065.001900925932,False,1488.9696263363955,2256.6491730624903,0,60,2025-02-19 00:00:00,2025-04-19 00:00:00,14,2025-02-05 00:00:00,2025-02-18 00:00:00,2025-04-20 00:10:00,2025-04-20 12:00:00,2025-04-20 12:00:00,71,4.547473508864641e-13,0
2025-04-21 00:00:00,2025-04-21 06:00:00,M2,6,35,71,9863.601267314818,False,-4976.357814147891,-4419.64793601879,0,60,2025-02-20 00:00:00,2025-04-20 00:00:00,14,2025-02-06 00:00:00,2025-02-19 00:00:00,2025-04-21 00:10:00,2025-04-21 06:00:00,2025-04-21 06:00:00,35,9.094947017729282e-13,0
2025-04-21 00:00:00,2025-04-21 12:00:00,M2,12,71,107,7609.727349537045,True,822.6281487435596,186.286106302904,21,60,2025-02-20 00:00:00,2025-04-20 00:00:00,14,2025-02-06 00:00:00,2025-02-19 00:00:00,2025-04-21 00:10:00,2025-04-21 12:00:00,2025-04-21 12:00:00,71,9.094947017729282e-13,0
2025-04-22 00:00:00,2025-04-22 06:00:00,M2,6,35,71,10037.290591833329,False,-3625.9520268749993,-3564.886014454627,0,60,2025-02-21 00:00:00,2025-04-21 00:00:00,14,2025-02-07 00:00:00,2025-02-20 00:00:00,2025-04-22 00:10:00,2025-04-22 06:00:00,2025-04-22 06:00:00,35,9.094947017729282e-13,0
2025-04-22 00:00:00,2025-04-22 12:00:00,M2,12,71,107,5971.385981648147,False,858.3061722647283,1929.80643657307,0,60,2025-02-21 00:00:00,2025-04-21 00:00:00,14,2025-02-07 00:00:00,2025-02-20 00:00:00,2025-04-22 00:10:00,2025-04-22 12:00:00,2025-04-22 12:00:00,71,9.094947017729282e-13,0
2025-04-23 00:00:00,2025-04-23 06:00:00,M2,6,35,71,8061.065614595682,True,1448.8023372694304,-1180.4651378948097,10,60,2025-02-22 00:00:00,2025-04-22 00:00:00,14,2025-02-08 00:00:00,2025-02-21 00:00:00,2025-04-23 00:10:00,2025-04-23 06:00:00,2025-04-23 06:00:00,35,9.094947017729282e-13,0
2025-04-23 00:00:00,2025-04-23 12:00:00,M2,12,71,107,8346.928894975303,False,-635.2379194374969,61.11988898298042,0,60,2025-02-22 00:00:00,2025-04-22 00:00:00,14,2025-02-08 00:00:00,2025-02-21 00:00:00,2025-04-23 00:10:00,2025-04-23 12:00:00,2025-04-23 12:00:00,71,9.094947017729282e-13,0
2025-04-24 00:00:00,2025-04-24 06:00:00,M2,6,35,71,9373.647239777778,False,-4852.953465044542,-4852.953465044542,0,60,2025-02-23 00:00:00,2025-04-23 00:00:00,14,2025-02-09 00:00:00,2025-02-22 00:00:00,2025-04-24 00:10:00,2025-04-24 06:00:00,2025-04-24 06:00:00,35,1.8189894035458565e-12,0
2025-04-24 00:00:00,2025-04-24 12:00:00,M2,12,71,107,5919.957158851854,False,-419.20150371360904,240.97220545390545,0,60,2025-02-23 00:00:00,2025-04-23 00:00:00,14,2025-02-09 00:00:00,2025-02-22 00:00:00,2025-04-24 00:10:00,2025-04-24 12:00:00,2025-04-24 12:00:00,71,1.8189894035458565e-12,0
2025-04-25 00:00:00,2025-04-25 06:00:00,M2,6,35,71,2948.1598665,False,-5165.577622135596,-5165.577622135596,0,60,2025-02-24 00:00:00,2025-04-24 00:00:00,14,2025-02-10 00:00:00,2025-02-23 00:00:00,2025-04-25 00:10:00,2025-04-25 06:00:00,2025-04-25 06:00:00,35,1.8189894035458565e-12,0
2025-04-25 00:00:00,2025-04-25 12:00:00,M2,12,71,107,10800.0,False,-4283.582987756797,-4253.538717182931,0,60,2025-02-24 00:00:00,2025-04-24 00:00:00,14,2025-02-10 00:00:00,2025-02-23 00:00:00,2025-04-25 00:10:00,2025-04-25 12:00:00,2025-04-25 12:00:00,71,9.094947017729282e-13,0
2025-04-26 00:00:00,2025-04-26 06:00:00,M2,6,35,71,2610.9179597716065,False,-4724.253564522296,-4724.253564522296,0,60,2025-02-25 00:00:00,2025-04-25 00:00:00,14,2025-02-11 00:00:00,2025-02-24 00:00:00,2025-04-26 00:10:00,2025-04-26 06:00:00,2025-04-26 06:00:00,35,2.2737367544323206e-13,0
2025-04-26 00:00:00,2025-04-26 12:00:00,M2,12,71,107,10800.0,False,-4062.7120224521136,-3662.1587286462404,0,60,2025-02-25 00:00:00,2025-04-25 00:00:00,14,2025-02-11 00:00:00,2025-02-24 00:00:00,2025-04-26 00:10:00,2025-04-26 12:00:00,2025-04-26 12:00:00,71,1.1368683772161603e-13,0
2025-04-27 00:00:00,2025-04-27 06:00:00,M2,6,35,71,8250.196123169757,True,880.4192653906713,-1180.6695110613223,7,60,2025-02-26 00:00:00,2025-04-26 00:00:00,14,2025-02-12 00:00:00,2025-02-25 00:00:00,2025-04-27 00:10:00,2025-04-27 06:00:00,2025-04-27 06:00:00,35,9.094947017729282e-13,0
2025-04-27 00:00:00,2025-04-27 12:00:00,M2,12,71,107,6910.7186804691355,False,-287.24209835213316,-141.6702245714086,0,60,2025-02-26 00:00:00,2025-04-26 00:00:00,14,2025-02-12 00:00:00,2025-02-25 00:00:00,2025-04-27 00:10:00,2025-04-27 12:00:00,2025-04-27 12:00:00,71,9.094947017729282e-13,0
2025-04-28 00:00:00,2025-04-28 06:00:00,M2,6,35,71,10148.756814814815,False,-2090.2707895420863,-1909.6054684377468,0,60,2025-02-27 00:00:00,2025-04-27 00:00:00,14,2025-02-13 00:00:00,2025-02-26 00:00:00,2025-04-28 00:10:00,2025-04-28 06:00:00,2025-04-28 06:00:00,35,9.094947017729282e-13,0
2025-04-28 00:00:00,2025-04-28 12:00:00,M2,12,71,107,5553.88960935185,True,2967.733082349546,2932.9286928467745,23,60,2025-02-27 00:00:00,2025-04-27 00:00:00,14,2025-02-13 00:00:00,2025-02-26 00:00:00,2025-04-28 00:10:00,2025-04-28 12:00:00,2025-04-28 12:00:00,71,0.0,0
2025-04-29 00:00:00,2025-04-29 06:00:00,M2,6,35,71,8670.222046817898,False,-4334.739755438816,-4169.761198434516,0,60,2025-02-28 00:00:00,2025-04-28 00:00:00,14,2025-02-14 00:00:00,2025-02-27 00:00:00,2025-04-29 00:10:00,2025-04-29 06:00:00,2025-04-29 06:00:00,35,9.094947017729282e-13,0
2025-04-29 00:00:00,2025-04-29 12:00:00,M2,12,71,107,7843.852374410494,False,240.71761246779806,770.855375688546,0,60,2025-02-28 00:00:00,2025-04-28 00:00:00,14,2025-02-14 00:00:00,2025-02-27 00:00:00,2025-04-29 00:10:00,2025-04-29 12:00:00,2025-04-29 12:00:00,71,1.8189894035458565e-12,0
2025-04-30 00:00:00,2025-04-30 06:00:00,M2,6,35,71,6776.17096424074,True,-2296.3435875375803,-3016.0479252635646,2,60,2025-03-01 00:00:00,2025-04-29 00:00:00,14,2025-02-15 00:00:00,2025-02-28 00:00:00,2025-04-30 00:10:00,2025-04-30 06:00:00,2025-04-30 06:00:00,35,9.094947017729282e-13,0
2025-04-30 00:00:00,2025-04-30 12:00:00,M2,12,71,107,4864.044623222231,False,9.1932629097073,240.1856006236164,0,60,2025-03-01 00:00:00,2025-04-29 00:00:00,14,2025-02-15 00:00:00,2025-02-28 00:00:00,2025-04-30 00:10:00,2025-04-30 12:00:00,2025-04-30 12:00:00,71,0.0,0
2025-05-01 00:00:00,2025-05-01 06:00:00,M2,6,35,71,8122.338477509256,True,6106.068707390758,-985.926607066798,4,60,2025-03-02 00:00:00,2025-04-30 00:00:00,14,2025-02-16 00:00:00,2025-03-01 00:00:00,2025-05-01 00:10:00,2025-05-01 06:00:00,2025-05-01 06:00:00,35,9.094947017729282e-13,0
2025-05-01 00:00:00,2025-05-01 12:00:00,M2,12,71,107,6786.2101898641995,True,273.05769272444303,268.3310245320841,17,60,2025-03-02 00:00:00,2025-04-30 00:00:00,14,2025-02-16 00:00:00,2025-03-01 00:00:00,2025-05-01 00:10:00,2025-05-01 12:00:00,2025-05-01 12:00:00,71,9.094947017729282e-13,0
2025-05-02 00:00:00,2025-05-02 06:00:00,M2,6,35,71,3175.856289172838,True,-4350.509012917417,-4353.181341538532,1,60,2025-03-03 00:00:00,2025-05-01 00:00:00,14,2025-02-17 00:00:00,2025-03-02 00:00:00,2025-05-02 00:10:00,2025-05-02 06:00:00,2025-05-02 06:00:00,35,2.2737367544323206e-13,0
2025-05-02 00:00:00,2025-05-02 12:00:00,M2,12,71,107,10800.0,False,-3767.5178462938707,-3750.8909040078297,0,60,2025-03-03 00:00:00,2025-05-01 00:00:00,14,2025-02-17 00:00:00,2025-03-02 00:00:00,2025-05-02 00:10:00,2025-05-02 12:00:00,2025-05-02 12:00:00,71,1.1368683772161603e-13,0
2025-05-03 00:00:00,2025-05-03 06:00:00,M2,6,35,71,3115.750704429012,False,-4820.062232948768,-4820.062232948768,0,60,2025-03-04 00:00:00,2025-05-02 00:00:00,14,2025-02-18 00:00:00,2025-03-03 00:00:00,2025-05-03 00:10:00,2025-05-03 06:00:00,2025-05-03 06:00:00,35,2.2737367544323206e-13,0
2025-05-03 00:00:00,2025-05-03 12:00:00,M2,12,71,107,10800.0,False,-4036.796633361122,-4007.8629426619145,0,60,2025-03-04 00:00:00,2025-05-02 00:00:00,14,2025-02-18 00:00:00,2025-03-03 00:00:00,2025-05-03 00:10:00,2025-05-03 12:00:00,2025-05-03 12:00:00,71,1.8189894035458565e-12,0
2025-05-04 00:00:00,2025-05-04 06:00:00,M2,6,35,71,8835.943874996914,False,-5619.4285355614975,-5467.669564997784,0,60,2025-03-05 00:00:00,2025-05-03 00:00:00,14,2025-02-19 00:00:00,2025-03-04 00:00:00,2025-05-04 00:10:00,2025-05-04 06:00:00,2025-05-04 06:00:00,35,4.547473508864641e-13,0
2025-05-04 00:00:00,2025-05-04 12:00:00,M2,12,71,107,7121.8685659228395,True,1166.111184885557,364.99256246234137,23,60,2025-03-05 00:00:00,2025-05-03 00:00:00,14,2025-02-19 00:00:00,2025-03-04 00:00:00,2025-05-04 00:10:00,2025-05-04 12:00:00,2025-05-04 12:00:00,71,0.0,0
2025-05-05 00:00:00,2025-05-05 06:00:00,M2,6,35,71,10800.0,False,-3494.4955925820145,-3347.2879686527813,0,60,2025-03-06 00:00:00,2025-05-04 00:00:00,14,2025-02-20 00:00:00,2025-03-05 00:00:00,2025-05-05 00:10:00,2025-05-05 06:00:00,2025-05-05 06:00:00,35,0.0,0
2025-05-05 00:00:00,2025-05-05 12:00:00,M2,12,71,107,6029.2335385617325,True,1545.1840069593813,1069.6416072871505,17,60,2025-03-06 00:00:00,2025-05-04 00:00:00,14,2025-02-20 00:00:00,2025-03-05 00:00:00,2025-05-05 00:10:00,2025-05-05 12:00:00,2025-05-05 12:00:00,71,0.0,0
2025-05-06 00:00:00,2025-05-06 06:00:00,M2,6,35,71,6950.247519586419,True,8084.49339844481,70.75592251135868,12,60,2025-03-07 00:00:00,2025-05-05 00:00:00,14,2025-02-21 00:00:00,2025-03-06 00:00:00,2025-05-06 00:10:00,2025-05-06 06:00:00,2025-05-06 06:00:00,35,4.547473508864641e-13,0
2025-05-06 00:00:00,2025-05-06 12:00:00,M2,12,71,107,7384.427124799381,False,-517.9180422918532,-213.3249844237632,0,60,2025-03-07 00:00:00,2025-05-05 00:00:00,14,2025-02-21 00:00:00,2025-03-06 00:00:00,2025-05-06 00:10:00,2025-05-06 12:00:00,2025-05-06 12:00:00,71,4.547473508864641e-13,0
2025-05-07 00:00:00,2025-05-07 06:00:00,M2,6,35,71,8206.257946240741,True,2163.4458686907083,-552.1291810591022,10,60,2025-03-08 00:00:00,2025-05-06 00:00:00,14,2025-02-22 00:00:00,2025-03-07 00:00:00,2025-05-07 00:10:00,2025-05-07 06:00:00,2025-05-07 06:00:00,35,9.094947017729282e-13,0
2025-05-07 00:00:00,2025-05-07 12:00:00,M2,12,71,107,7437.763266780863,False,630.1983393218597,664.3787372786327,0,60,2025-03-08 00:00:00,2025-05-06 00:00:00,14,2025-02-22 00:00:00,2025-03-07 00:00:00,2025-05-07 00:10:00,2025-05-07 12:00:00,2025-05-07 12:00:00,71,4.547473508864641e-13,0
2025-05-08 00:00:00,2025-05-08 06:00:00,M2,6,35,71,10730.6712255,False,-4101.226161022306,-3363.143558334142,0,60,2025-03-09 00:00:00,2025-05-07 00:00:00,14,2025-02-23 00:00:00,2025-03-08 00:00:00,2025-05-08 00:10:00,2025-05-08 06:00:00,2025-05-08 06:00:00,35,4.547473508864641e-13,0
2025-05-08 00:00:00,2025-05-08 12:00:00,M2,12,71,107,7724.598943296295,True,1781.841400365724,1653.1663742071396,23,60,2025-03-09 00:00:00,2025-05-07 00:00:00,14,2025-02-23 00:00:00,2025-03-08 00:00:00,2025-05-08 00:10:00,2025-05-08 12:00:00,2025-05-08 12:00:00,71,0.0,0
2025-05-09 00:00:00,2025-05-09 06:00:00,M2,6,35,71,2831.3024461049376,True,-5007.344309800382,-5222.423155031903,1,60,2025-03-10 00:00:00,2025-05-08 00:00:00,14,2025-02-24 00:00:00,2025-03-09 00:00:00,2025-05-09 00:10:00,2025-05-09 06:00:00,2025-05-09 06:00:00,35,0.0,0
2025-05-09 00:00:00,2025-05-09 12:00:00,M2,12,71,107,10800.0,False,-4429.684187346477,-4294.8439297242,0,60,2025-03-10 00:00:00,2025-05-08 00:00:00,14,2025-02-24 00:00:00,2025-03-09 00:00:00,2025-05-09 00:10:00,2025-05-09 12:00:00,2025-05-09 12:00:00,71,9.094947017729282e-13,0
2025-05-10 00:00:00,2025-05-10 06:00:00,M2,6,35,71,3113.6435049783945,False,-5447.446279900827,-5447.446279900827,0,60,2025-03-11 00:00:00,2025-05-09 00:00:00,14,2025-02-25 00:00:00,2025-03-10 00:00:00,2025-05-10 00:10:00,2025-05-10 06:00:00,2025-05-10 06:00:00,35,9.094947017729282e-13,0
2025-05-10 00:00:00,2025-05-10 12:00:00,M2,12,71,107,10800.0,False,-4618.1427391451625,-4617.338084563348,0,60,2025-03-11 00:00:00,2025-05-09 00:00:00,14,2025-02-25 00:00:00,2025-03-10 00:00:00,2025-05-10 00:10:00,2025-05-10 12:00:00,2025-05-10 12:00:00,71,1.1368683772161603e-13,0
2025-05-11 00:00:00,2025-05-11 06:00:00,M2,6,35,71,9952.520222541885,False,-3261.640308520155,-3087.069145231563,0,60,2025-03-12 00:00:00,2025-05-10 00:00:00,14,2025-02-26 00:00:00,2025-03-11 00:00:00,2025-05-11 00:10:00,2025-05-11 06:00:00,2025-05-11 06:00:00,35,1.8189894035458565e-12,0
2025-05-11 00:00:00,2025-05-11 12:00:00,M2,12,71,107,6346.420579356699,False,1393.0235610425354,1430.8771817996262,0,60,2025-03-12 00:00:00,2025-05-10 00:00:00,14,2025-02-26 00:00:00,2025-03-11 00:00:00,2025-05-11 00:10:00,2025-05-11 12:00:00,2025-05-11 12:00:00,71,2.2737367544323206e-13,0
2025-05-12 00:00:00,2025-05-12 06:00:00,M2,6,35,71,6307.538346851852,False,-2832.183453825583,-2594.8053374699266,0,60,2025-03-13 00:00:00,2025-05-11 00:00:00,14,2025-02-27 00:00:00,2025-03-12 00:00:00,2025-05-12 00:10:00,2025-05-12 06:00:00,2025-05-12 06:00:00,35,9.094947017729282e-13,0
2025-05-12 00:00:00,2025-05-12 12:00:00,M2,12,71,107,4759.1667449999995,False,2359.814102207514,3145.057811371624,0,60,2025-03-13 00:00:00,2025-05-11 00:00:00,14,2025-02-27 00:00:00,2025-03-12 00:00:00,2025-05-12 00:10:00,2025-05-12 12:00:00,2025-05-12 12:00:00,71,9.094947017729282e-13,0
2025-05-13 00:00:00,2025-05-13 06:00:00,M2,6,35,71,10779.442618518518,False,-5433.948842944438,-4464.916700668916,0,60,2025-03-14 00:00:00,2025-05-12 00:00:00,14,2025-02-28 00:00:00,2025-03-13 00:00:00,2025-05-13 00:10:00,2025-05-13 06:00:00,2025-05-13 06:00:00,35,4.547473508864641e-13,0
2025-05-13 00:00:00,2025-05-13 12:00:00,M2,12,71,107,9107.168302104941,True,1215.3246185284927,1051.5647908427625,21,60,2025-03-14 00:00:00,2025-05-12 00:00:00,14,2025-02-28 00:00:00,2025-03-13 00:00:00,2025-05-13 00:10:00,2025-05-13 12:00:00,2025-05-13 12:00:00,71,1.8189894035458565e-12,0
2025-05-14 00:00:00,2025-05-14 06:00:00,M2,6,35,71,9241.657912631157,False,-2858.7149049878562,-2735.650288021338,0,60,2025-03-15 00:00:00,2025-05-13 00:00:00,14,2025-03-01 00:00:00,2025-03-14 00:00:00,2025-05-14 00:10:00,2025-05-14 06:00:00,2025-05-14 06:00:00,35,9.094947017729282e-13,0
2025-05-14 00:00:00,2025-05-14 12:00:00,M2,12,71,107,5608.934232075606,True,2383.3665300638613,1815.6077295516006,24,60,2025-03-15 00:00:00,2025-05-13 00:00:00,14,2025-03-01 00:00:00,2025-03-14 00:00:00,2025-05-14 00:10:00,2025-05-14 12:00:00,2025-05-14 12:00:00,71,0.0,0
2025-05-15 00:00:00,2025-05-15 06:00:00,M2,6,35,71,9682.285104123457,False,-4586.091677333644,-4085.3876696106167,0,60,2025-03-16 00:00:00,2025-05-14 00:00:00,14,2025-03-02 00:00:00,2025-03-15 00:00:00,2025-05-15 00:10:00,2025-05-15 06:00:00,2025-05-15 06:00:00,35,4.547473508864641e-13,0
2025-05-15 00:00:00,2025-05-15 12:00:00,M2,12,71,107,6298.7900435679,False,2029.0134453444587,2071.0759052491603,0,60,2025-03-16 00:00:00,2025-05-14 00:00:00,14,2025-03-02 00:00:00,2025-03-15 00:00:00,2025-05-15 00:10:00,2025-05-15 12:00:00,2025-05-15 12:00:00,71,4.547473508864641e-13,0
2025-05-16 00:00:00,2025-05-16 06:00:00,M2,6,35,71,2366.203238796296,False,-5119.27867896633,-5119.27867896633,0,60,2025-03-17 00:00:00,2025-05-15 00:00:00,14,2025-03-03 00:00:00,2025-03-16 00:00:00,2025-05-16 00:10:00,2025-05-16 06:00:00,2025-05-16 06:00:00,35,9.094947017729282e-13,0
2025-05-16 00:00:00,2025-05-16 12:00:00,M2,12,71,107,10800.0,True,-4025.295516104777,-4049.709082830194,9,60,2025-03-17 00:00:00,2025-05-15 00:00:00,14,2025-03-03 00:00:00,2025-03-16 00:00:00,2025-05-16 00:10:00,2025-05-16 12:00:00,2025-05-16 12:00:00,71,1.8189894035458565e-12,0
2025-05-17 00:00:00,2025-05-17 06:00:00,M2,6,35,71,2006.1400933086406,True,-4781.255558116253,-5051.246635135687,5,60,2025-03-18 00:00:00,2025-05-16 00:00:00,14,2025-03-04 00:00:00,2025-03-17 00:00:00,2025-05-17 00:10:00,2025-05-17 06:00:00,2025-05-17 06:00:00,35,0.0,0
2025-05-17 00:00:00,2025-05-17 12:00:00,M2,12,71,107,10800.0,True,-4362.971829368364,-4381.098080363571,9,60,2025-03-18 00:00:00,2025-05-16 00:00:00,14,2025-03-04 00:00:00,2025-03-17 00:00:00,2025-05-17 00:10:00,2025-05-17 12:00:00,2025-05-17 12:00:00,71,9.094947017729282e-13,0
2025-05-18 00:00:00,2025-05-18 06:00:00,M2,6,35,71,10623.302750191355,False,-3936.793349618337,-3145.031280841997,0,60,2025-03-19 00:00:00,2025-05-17 00:00:00,14,2025-03-05 00:00:00,2025-03-18 00:00:00,2025-05-18 00:10:00,2025-05-18 06:00:00,2025-05-18 06:00:00,35,0.0,0
2025-05-18 00:00:00,2025-05-18 12:00:00,M2,12,71,107,8582.31989826543,True,1938.5544417163906,1074.2883672424714,21,60,2025-03-19 00:00:00,2025-05-17 00:00:00,14,2025-03-05 00:00:00,2025-03-18 00:00:00,2025-05-18 00:10:00,2025-05-18 12:00:00,2025-05-18 12:00:00,71,9.094947017729282e-13,0
2025-05-19 00:00:00,2025-05-19 06:00:00,M2,6,35,71,10799.196886419753,False,-5053.614485675993,-4890.719275176774,0,60,2025-03-20 00:00:00,2025-05-18 00:00:00,14,2025-03-06 00:00:00,2025-03-19 00:00:00,2025-05-19 00:10:00,2025-05-19 06:00:00,2025-05-19 06:00:00,35,1.8189894035458565e-12,0
2025-05-19 00:00:00,2025-05-19 12:00:00,M2,12,71,107,8916.960022901236,False,-97.90029680981479,-85.98722323907532,0,60,2025-03-20 00:00:00,2025-05-18 00:00:00,14,2025-03-06 00:00:00,2025-03-19 00:00:00,2025-05-19 00:10:00,2025-05-19 12:00:00,2025-05-19 12:00:00,71,9.094947017729282e-13,0
2025-05-20 00:00:00,2025-05-20 06:00:00,M2,6,35,71,10200.813685185185,False,-4795.727876461453,-4621.563670975113,0,60,2025-03-21 00:00:00,2025-05-19 00:00:00,14,2025-03-07 00:00:00,2025-03-20 00:00:00,2025-05-20 00:10:00,2025-05-20 06:00:00,2025-05-20 06:00:00,35,4.547473508864641e-13,0
2025-05-20 00:00:00,2025-05-20 12:00:00,M2,12,71,107,7019.208368703705,False,748.6468702930216,941.0945039263115,0,60,2025-03-21 00:00:00,2025-05-19 00:00:00,14,2025-03-07 00:00:00,2025-03-20 00:00:00,2025-05-20 00:10:00,2025-05-20 12:00:00,2025-05-20 12:00:00,71,2.2737367544323206e-13,0
2025-05-21 00:00:00,2025-05-21 06:00:00,M2,6,35,71,6530.538176138886,True,2419.2611155629193,191.69020821160763,11,60,2025-03-22 00:00:00,2025-05-20 00:00:00,14,2025-03-08 00:00:00,2025-03-21 00:00:00,2025-05-21 00:10:00,2025-05-21 06:00:00,2025-05-21 06:00:00,35,9.094947017729282e-13,0
2025-05-21 00:00:00,2025-05-21 12:00:00,M2,12,71,107,7195.836212941359,False,539.3346507078498,655.6552259963049,0,60,2025-03-22 00:00:00,2025-05-20 00:00:00,14,2025-03-08 00:00:00,2025-03-21 00:00:00,2025-05-21 00:10:00,2025-05-21 12:00:00,2025-05-21 12:00:00,71,1.8189894035458565e-12,0
2025-05-22 00:00:00,2025-05-22 06:00:00,M2,6,35,71,8715.422807601852,False,-3387.596232975517,-3381.464527586088,0,60,2025-03-23 00:00:00,2025-05-21 00:00:00,14,2025-03-09 00:00:00,2025-03-22 00:00:00,2025-05-22 00:10:00,2025-05-22 06:00:00,2025-05-22 06:00:00,35,0.0,0
2025-05-22 00:00:00,2025-05-22 12:00:00,M2,12,71,107,5938.701298620375,False,615.3363231821048,665.2099556967771,0,60,2025-03-23 00:00:00,2025-05-21 00:00:00,14,2025-03-09 00:00:00,2025-03-22 00:00:00,2025-05-22 00:10:00,2025-05-22 12:00:00,2025-05-22 12:00:00,71,9.094947017729282e-13,0
2025-05-23 00:00:00,2025-05-23 06:00:00,M2,6,35,71,2304.1770765895076,False,-5153.9594012399175,-5153.9594012399175,0,60,2025-03-24 00:00:00,2025-05-22 00:00:00,14,2025-03-10 00:00:00,2025-03-23 00:00:00,2025-05-23 00:10:00,2025-05-23 06:00:00,2025-05-23 06:00:00,35,0.0,0
2025-05-23 00:00:00,2025-05-23 12:00:00,M2,12,71,107,10800.0,False,-4196.3661680528985,-4102.385470962106,0,60,2025-03-24 00:00:00,2025-05-22 00:00:00,14,2025-03-10 00:00:00,2025-03-23 00:00:00,2025-05-23 00:10:00,2025-05-23 12:00:00,2025-05-23 12:00:00,71,9.094947017729282e-13,0
2025-05-24 00:00:00,2025-05-24 06:00:00,M2,6,35,71,1999.022110314815,True,-4560.626106299879,-4624.966404436519,1,60,2025-03-25 00:00:00,2025-05-23 00:00:00,14,2025-03-11 00:00:00,2025-03-24 00:00:00,2025-05-24 00:10:00,2025-05-24 06:00:00,2025-05-24 06:00:00,35,9.094947017729282e-13,0
2025-05-24 00:00:00,2025-05-24 12:00:00,M2,12,71,107,10800.0,True,-4011.026797471683,-4074.3497937744246,9,60,2025-03-25 00:00:00,2025-05-23 00:00:00,14,2025-03-11 00:00:00,2025-03-24 00:00:00,2025-05-24 00:10:00,2025-05-24 12:00:00,2025-05-24 12:00:00,71,1.1368683772161603e-13,0
2025-05-25 00:00:00,2025-05-25 06:00:00,M2,6,35,71,10785.845601851852,False,-5188.741838612741,-5143.993790005434,0,60,2025-03-26 00:00:00,2025-05-24 00:00:00,14,2025-03-12 00:00:00,2025-03-25 00:00:00,2025-05-25 00:10:00,2025-05-25 06:00:00,2025-05-25 06:00:00,35,1.8189894035458565e-12,0
2025-05-25 00:00:00,2025-05-25 12:00:00,M2,12,71,107,9272.661082987654,False,-287.47301082208236,-4.13922792985386,0,60,2025-03-26 00:00:00,2025-05-24 00:00:00,14,2025-03-12 00:00:00,2025-03-25 00:00:00,2025-05-25 00:10:00,2025-05-25 12:00:00,2025-05-25 12:00:00,71,9.094947017729282e-13,0
2025-05-26 00:00:00,2025-05-26 06:00:00,M2,6,35,71,7839.625714345679,True,6532.407691235765,1705.4273295961107,8,60,2025-03-27 00:00:00,2025-05-25 00:00:00,14,2025-03-13 00:00:00,2025-03-26 00:00:00,2025-05-26 00:10:00,2025-05-26 06:00:00,2025-05-26 06:00:00,35,9.094947017729282e-13,0
2025-05-26 00:00:00,2025-05-26 12:00:00,M2,12,71,107,6591.777592521606,True,252.67386136118253,202.07763332988003,8,60,2025-03-27 00:00:00,2025-05-25 00:00:00,14,2025-03-13 00:00:00,2025-03-26 00:00:00,2025-05-26 00:10:00,2025-05-26 12:00:00,2025-05-26 12:00:00,71,4.547473508864641e-13,0
2025-05-27 00:00:00,2025-05-27 06:00:00,M2,6,35,71,6071.3158333734555,True,489.8139621495825,-870.1488655484164,12,60,2025-03-28 00:00:00,2025-05-26 00:00:00,14,2025-03-14 00:00:00,2025-03-27 00:00:00,2025-05-27 00:10:00,2025-05-27 06:00:00,2025-05-27 06:00:00,35,9.094947017729282e-13,0
2025-05-27 00:00:00,2025-05-27 12:00:00,M2,12,71,107,8193.264707845681,False,-700.6751235724795,-655.051162862063,0,60,2025-03-28 00:00:00,2025-05-26 00:00:00,14,2025-03-14 00:00:00,2025-03-27 00:00:00,2025-05-27 00:10:00,2025-05-27 12:00:00,2025-05-27 12:00:00,71,1.8189894035458565e-12,0
2025-05-28 00:00:00,2025-05-28 06:00:00,M2,6,35,71,10615.298026888895,False,-2871.6409256641055,-2631.224173817175,0,60,2025-03-29 00:00:00,2025-05-27 00:00:00,14,2025-03-15 00:00:00,2025-03-28 00:00:00,2025-05-28 00:10:00,2025-05-28 06:00:00,2025-05-28 06:00:00,35,0.0,0
2025-05-28 00:00:00,2025-05-28 12:00:00,M2,12,71,107,5781.025136888893,True,657.937308779222,137.85391824779012,7,60,2025-03-29 00:00:00,2025-05-27 00:00:00,14,2025-03-15 00:00:00,2025-03-28 00:00:00,2025-05-28 00:10:00,2025-05-28 12:00:00,2025-05-28 12:00:00,71,4.547473508864641e-13,0
2025-05-29 00:00:00,2025-05-29 06:00:00,M2,6,35,71,10598.349848246915,False,-1829.8018128905999,-1182.6835786244735,0,60,2025-03-30 00:00:00,2025-05-28 00:00:00,14,2025-03-16 00:00:00,2025-03-29 00:00:00,2025-05-29 00:10:00,2025-05-29 06:00:00,2025-05-29 06:00:00,35,4.547473508864641e-13,0
2025-05-29 00:00:00,2025-05-29 12:00:00,M2,12,71,107,5719.959000895067,True,-155.8379852374222,-207.55353741641738,9,60,2025-03-30 00:00:00,2025-05-28 00:00:00,14,2025-03-16 00:00:00,2025-03-29 00:00:00,2025-05-29 00:10:00,2025-05-29 12:00:00,2025-05-29 12:00:00,71,9.094947017729282e-13,0
2025-05-30 00:00:00,2025-05-30 06:00:00,M2,6,35,71,2480.6085360555553,False,-5189.508000000001,-5189.508000000001,0,60,2025-03-31 00:00:00,2025-05-29 00:00:00,14,2025-03-17 00:00:00,2025-03-30 00:00:00,2025-05-30 00:10:00,2025-05-30 06:00:00,2025-05-30 06:00:00,35,9.094947017729282e-13,0
2025-05-30 00:00:00,2025-05-30 12:00:00,M2,12,71,107,10800.0,False,-4277.598530510003,-4250.136186733364,0,60,2025-03-31 00:00:00,2025-05-29 00:00:00,14,2025-03-17 00:00:00,2025-03-30 00:00:00,2025-05-30 00:10:00,2025-05-30 12:00:00,2025-05-30 12:00:00,71,4.547473508864641e-13,0
2025-05-31 00:00:00,2025-05-31 06:00:00,M2,6,35,71,3077.364922567902,False,-4798.106224932367,-4798.106224932367,0,60,2025-04-01 00:00:00,2025-05-30 00:00:00,14,2025-03-18 00:00:00,2025-03-31 00:00:00,2025-05-31 00:10:00,2025-05-31 06:00:00,2025-05-31 06:00:00,35,2.842170943040401e-14,0
2025-05-31 00:00:00,2025-05-31 12:00:00,M2,12,71,107,10800.0,True,-3361.015179719557,-3705.886103143176,12,60,2025-04-01 00:00:00,2025-05-30 00:00:00,14,2025-03-18 00:00:00,2025-03-31 00:00:00,2025-05-31 00:10:00,2025-05-31 12:00:00,2025-05-31 12:00:00,71,1.1368683772161603e-13,0
2025-06-01 00:00:00,2025-06-01 06:00:00,M2,6,35,71,9281.22792859259,True,5440.547881635959,2146.0422049416593,12,60,2025-04-02 00:00:00,2025-05-31 00:00:00,14,2025-03-19 00:00:00,2025-04-01 00:00:00,2025-06-01 00:10:00,2025-06-01 06:00:00,2025-06-01 06:00:00,35,2.842170943040401e-14,0
2025-06-01 00:00:00,2025-06-01 12:00:00,M2,12,71,107,5365.901987225302,True,5938.4675504128845,4827.891701468478,25,60,2025-04-02 00:00:00,2025-05-31 00:00:00,14,2025-03-19 00:00:00,2025-04-01 00:00:00,2025-06-01 00:10:00,2025-06-01 12:00:00,2025-06-01 12:00:00,71,1.8189894035458565e-12,0
2025-06-02 00:00:00,2025-06-02 06:00:00,M2,6,35,71,9177.347784074076,False,-1472.9674824687852,-389.1709549800198,0,60,2025-04-03 00:00:00,2025-06-01 00:00:00,14,2025-03-20 00:00:00,2025-04-02 00:00:00,2025-06-02 00:10:00,2025-06-02 06:00:00,2025-06-02 06:00:00,35,4.547473508864641e-13,0
2025-06-02 00:00:00,2025-06-02 12:00:00,M2,12,71,107,7364.757398296299,True,6414.828411662519,4864.25688955621,23,60,2025-04-03 00:00:00,2025-06-01 00:00:00,14,2025-03-20 00:00:00,2025-04-02 00:00:00,2025-06-02 00:10:00,2025-06-02 12:00:00,2025-06-02 12:00:00,71,2.2737367544323206e-13,0
2025-06-03 00:00:00,2025-06-03 06:00:00,M2,6,35,71,9361.7047897716,True,4709.985458438748,1620.6799672668735,11,60,2025-04-04 00:00:00,2025-06-02 00:00:00,14,2025-03-21 00:00:00,2025-04-03 00:00:00,2025-06-03 00:10:00,2025-06-03 06:00:00,2025-06-03 06:00:00,35,4.547473508864641e-13,0
2025-06-03 00:00:00,2025-06-03 12:00:00,M2,12,71,107,8108.629996685188,True,2121.2761143042153,1607.059943759426,20,60,2025-04-04 00:00:00,2025-06-02 00:00:00,14,2025-03-21 00:00:00,2025-04-03 00:00:00,2025-06-03 00:10:00,2025-06-03 12:00:00,2025-06-03 12:00:00,71,4.547473508864641e-13,0
2025-06-04 00:00:00,2025-06-04 06:00:00,M2,6,35,71,8649.880053376544,False,730.3001391163701,2256.8197839631357,0,60,2025-04-05 00:00:00,2025-06-03 00:00:00,14,2025-03-22 00:00:00,2025-04-04 00:00:00,2025-06-04 00:10:00,2025-06-04 06:00:00,2025-06-04 06:00:00,35,4.547473508864641e-13,0
2025-06-04 00:00:00,2025-06-04 12:00:00,M2,12,71,107,8218.706772895064,True,7596.585022576246,5332.8582663959605,26,60,2025-04-05 00:00:00,2025-06-03 00:00:00,14,2025-03-22 00:00:00,2025-04-04 00:00:00,2025-06-04 00:10:00,2025-06-04 12:00:00,2025-06-04 12:00:00,71,0.0,0
2025-06-05 00:00:00,2025-06-05 06:00:00,M2,6,35,71,8976.226339348765,True,9207.28188728803,1940.2943781862455,13,60,2025-04-06 00:00:00,2025-06-04 00:00:00,14,2025-03-23 00:00:00,2025-04-05 00:00:00,2025-06-05 00:10:00,2025-06-05 06:00:00,2025-06-05 06:00:00,35,9.094947017729282e-13,0
2025-06-05 00:00:00,2025-06-05 12:00:00,M2,12,71,107,7616.070598703704,False,3384.870602345715,3764.5607409131467,0,60,2025-04-06 00:00:00,2025-06-04 00:00:00,14,2025-03-23 00:00:00,2025-04-05 00:00:00,2025-06-05 00:10:00,2025-06-05 12:00:00,2025-06-05 12:00:00,71,9.094947017729282e-13,0
2025-06-06 00:00:00,2025-06-06 06:00:00,M2,6,35,71,3070.2909791728393,True,-3860.063277190947,-4036.031953381983,4,60,2025-04-07 00:00:00,2025-06-05 00:00:00,14,2025-03-24 00:00:00,2025-04-06 00:00:00,2025-06-06 00:10:00,2025-06-06 06:00:00,2025-06-06 06:00:00,35,9.094947017729282e-13,0
2025-06-06 00:00:00,2025-06-06 12:00:00,M2,12,71,107,8607.108040799383,True,-3049.5806539012774,-3335.3559363228255,14,60,2025-04-07 00:00:00,2025-06-05 00:00:00,14,2025-03-24 00:00:00,2025-04-06 00:00:00,2025-06-06 00:10:00,2025-06-06 12:00:00,2025-06-06 12:00:00,71,1.1368683772161603e-13,0
2025-06-07 00:00:00,2025-06-07 06:00:00,M2,6,35,71,2227.9481292222226,True,-2073.6979554367367,-2398.232564823401,13,60,2025-04-08 00:00:00,2025-06-06 00:00:00,14,2025-03-25 00:00:00,2025-04-07 00:00:00,2025-06-07 00:10:00,2025-06-07 06:00:00,2025-06-07 06:00:00,35,9.094947017729282e-13,0
2025-06-07 00:00:00,2025-06-07 12:00:00,M2,12,71,107,6434.562794999999,False,-3643.0924071987138,-3552.424242471471,0,60,2025-04-08 00:00:00,2025-06-06 00:00:00,14,2025-03-25 00:00:00,2025-04-07 00:00:00,2025-06-07 00:10:00,2025-06-07 12:00:00,2025-06-07 12:00:00,71,0.0,0
2025-06-08 00:00:00,2025-06-08 06:00:00,M2,6,35,71,10572.213090222225,False,-4030.4296883739103,-3098.13002963182,0,60,2025-04-09 00:00:00,2025-06-07 00:00:00,14,2025-03-26 00:00:00,2025-04-08 00:00:00,2025-06-08 00:10:00,2025-06-08 06:00:00,2025-06-08 06:00:00,35,9.094947017729282e-13,0
2025-06-08 00:00:00,2025-06-08 12:00:00,M2,12,71,107,10800.0,True,3022.0538835638513,2651.3720012747876,8,60,2025-04-09 00:00:00,2025-06-07 00:00:00,14,2025-03-26 00:00:00,2025-04-08 00:00:00,2025-06-08 00:10:00,2025-06-08 12:00:00,2025-06-08 12:00:00,71,1.8189894035458565e-12,0
2025-06-09 00:00:00,2025-06-09 06:00:00,M2,6,35,71,10482.81981025926,False,-2350.0390836586007,-1071.6976335238342,0,60,2025-04-10 00:00:00,2025-06-08 00:00:00,14,2025-03-27 00:00:00,2025-04-09 00:00:00,2025-06-09 00:10:00,2025-06-09 06:00:00,2025-06-09 06:00:00,35,9.094947017729282e-13,0
2025-06-09 00:00:00,2025-06-09 12:00:00,M2,12,71,107,8807.77574855556,True,7639.078094444288,6283.315703065141,24,60,2025-04-10 00:00:00,2025-06-08 00:00:00,14,2025-03-27 00:00:00,2025-04-09 00:00:00,2025-06-09 00:10:00,2025-06-09 12:00:00,2025-06-09 12:00:00,71,0.0,0
2025-06-10 00:00:00,2025-06-10 06:00:00,M2,6,35,71,10219.87051187266,True,-1204.2506736043983,-1270.4340562815419,9,60,2025-04-11 00:00:00,2025-06-09 00:00:00,14,2025-03-28 00:00:00,2025-04-10 00:00:00,2025-06-10 00:10:00,2025-06-10 06:00:00,2025-06-10 06:00:00,35,4.547473508864641e-13,0
2025-06-10 00:00:00,2025-06-10 12:00:00,M2,12,71,107,6132.099053203706,False,6198.1300692452,7041.2067310012135,0,60,2025-04-11 00:00:00,2025-06-09 00:00:00,14,2025-03-28 00:00:00,2025-04-10 00:00:00,2025-06-10 00:10:00,2025-06-10 12:00:00,2025-06-10 12:00:00,71,9.094947017729282e-13,0
2025-06-11 00:00:00,2025-06-11 06:00:00,M2,6,35,71,10637.80315298148,True,2129.2694129803144,627.9088510641426,9,60,2025-04-12 00:00:00,2025-06-10 00:00:00,14,2025-03-29 00:00:00,2025-04-11 00:00:00,2025-06-11 00:10:00,2025-06-11 06:00:00,2025-06-11 06:00:00,35,1.8189894035458565e-12,0
2025-06-11 00:00:00,2025-06-11 12:00:00,M2,12,71,107,4909.257345197526,False,9008.08506297292,9063.86059045733,0,60,2025-04-12 00:00:00,2025-06-10 00:00:00,14,2025-03-29 00:00:00,2025-04-11 00:00:00,2025-06-11 00:10:00,2025-06-11 12:00:00,2025-06-11 12:00:00,71,9.094947017729282e-13,0
2025-06-12 00:00:00,2025-06-12 06:00:00,M2,6,35,71,10800.0,False,-2777.495437345417,-2253.5493486935375,0,60,2025-04-13 00:00:00,2025-06-11 00:00:00,14,2025-03-30 00:00:00,2025-04-12 00:00:00,2025-06-12 00:10:00,2025-06-12 06:00:00,2025-06-12 06:00:00,35,9.094947017729282e-13,0
2025-06-12 00:00:00,2025-06-12 12:00:00,M2,12,71,107,7852.653895469134,True,7269.046340448259,6883.482685443954,10,60,2025-04-13 00:00:00,2025-06-11 00:00:00,14,2025-03-30 00:00:00,2025-04-12 00:00:00,2025-06-12 00:10:00,2025-06-12 12:00:00,2025-06-12 12:00:00,71,9.094947017729282e-13,0
2025-06-13 00:00:00,2025-06-13 06:00:00,M2,6,35,71,3469.0040355030874,True,-3685.249814297708,-3771.676468194516,2,60,2025-04-14 00:00:00,2025-06-12 00:00:00,14,2025-03-31 00:00:00,2025-04-13 00:00:00,2025-06-13 00:10:00,2025-06-13 06:00:00,2025-06-13 06:00:00,35,9.094947017729282e-13,0
2025-06-13 00:00:00,2025-06-13 12:00:00,M2,12,71,107,7233.930006635804,False,-3870.062795202495,-3837.6684583659085,0,60,2025-04-14 00:00:00,2025-06-12 00:00:00,14,2025-03-31 00:00:00,2025-04-13 00:00:00,2025-06-13 00:10:00,2025-06-13 12:00:00,2025-06-13 12:00:00,71,2.2737367544323206e-13,0
2025-06-14 00:00:00,2025-06-14 06:00:00,M2,6,35,71,2902.645601425926,False,-5614.468780607067,-5614.468780607067,0,60,2025-04-15 00:00:00,2025-06-13 00:00:00,14,2025-04-01 00:00:00,2025-04-14 00:00:00,2025-06-14 00:10:00,2025-06-14 06:00:00,2025-06-14 06:00:00,35,2.2737367544323206e-13,0
2025-06-14 00:00:00,2025-06-14 12:00:00,M2,12,71,107,9559.764589574077,True,-3784.9885011259453,-4118.93612334383,14,60,2025-04-15 00:00:00,2025-06-13 00:00:00,14,2025-04-01 00:00:00,2025-04-14 00:00:00,2025-06-14 00:10:00,2025-06-14 12:00:00,2025-06-14 12:00:00,71,5.684341886080802e-14,0
2025-06-15 00:00:00,2025-06-15 06:00:00,M2,6,35,71,10800.0,False,-1844.612006884116,-1075.8947835158867,0,60,2025-04-16 00:00:00,2025-06-14 00:00:00,14,2025-04-02 00:00:00,2025-04-15 00:00:00,2025-06-15 00:10:00,2025-06-15 06:00:00,2025-06-15 06:00:00,35,9.094947017729282e-13,0
2025-06-15 00:00:00,2025-06-15 12:00:00,M2,12,71,107,4527.560579574075,False,8657.707572667985,10362.389835702701,0,60,2025-04-16 00:00:00,2025-06-14 00:00:00,14,2025-04-02 00:00:00,2025-04-15 00:00:00,2025-06-15 00:10:00,2025-06-15 12:00:00,2025-06-15 12:00:00,71,1.8189894035458565e-12,0
2025-06-16 00:00:00,2025-06-16 06:00:00,M2,6,35,71,10759.976885185186,False,-643.8798395852494,-519.2834960971725,0,60,2025-04-17 00:00:00,2025-06-15 00:00:00,14,2025-04-03 00:00:00,2025-04-16 00:00:00,2025-06-16 00:10:00,2025-06-16 06:00:00,2025-06-16 06:00:00,35,4.547473508864641e-13,0
2025-06-16 00:00:00,2025-06-16 12:00:00,M2,12,71,107,4658.192330222222,False,9678.530247710356,10398.877974564242,0,60,2025-04-17 00:00:00,2025-06-15 00:00:00,14,2025-04-03 00:00:00,2025-04-16 00:00:00,2025-06-16 00:10:00,2025-06-16 12:00:00,2025-06-16 12:00:00,71,9.094947017729282e-13,0
2025-06-17 00:00:00,2025-06-17 06:00:00,M2,6,35,71,10800.0,False,-1527.2953995341475,-846.9813828962095,0,60,2025-04-18 00:00:00,2025-06-16 00:00:00,14,2025-04-04 00:00:00,2025-04-17 00:00:00,2025-06-17 00:10:00,2025-06-17 06:00:00,2025-06-17 06:00:00,35,4.547473508864641e-13,0
2025-06-17 00:00:00,2025-06-17 12:00:00,M2,12,71,107,4613.28689526543,False,11502.334400479751,12483.018903441704,0,60,2025-04-18 00:00:00,2025-06-16 00:00:00,14,2025-04-04 00:00:00,2025-04-17 00:00:00,2025-06-17 00:10:00,2025-06-17 12:00:00,2025-06-17 12:00:00,71,9.094947017729282e-13,0
2025-06-18 00:00:00,2025-06-18 06:00:00,M2,6,35,71,10800.0,False,-1186.5971020127893,-741.6944061947439,0,60,2025-04-19 00:00:00,2025-06-17 00:00:00,14,2025-04-05 00:00:00,2025-04-18 00:00:00,2025-06-18 00:10:00,2025-06-18 06:00:00,2025-06-18 06:00:00,35,9.094947017729282e-13,0
2025-06-18 00:00:00,2025-06-18 12:00:00,M2,12,71,107,6464.135457160492,True,9504.543922809697,8588.999098559832,29,60,2025-04-19 00:00:00,2025-06-17 00:00:00,14,2025-04-05 00:00:00,2025-04-18 00:00:00,2025-06-18 00:10:00,2025-06-18 12:00:00,2025-06-18 12:00:00,71,9.094947017729282e-13,0
2025-06-19 00:00:00,2025-06-19 06:00:00,M2,6,35,71,10797.15471111111,False,-2388.5545910247997,-1549.1258762747032,0,60,2025-04-20 00:00:00,2025-06-18 00:00:00,14,2025-04-06 00:00:00,2025-04-19 00:00:00,2025-06-19 00:10:00,2025-06-19 06:00:00,2025-06-19 06:00:00,35,4.547473508864641e-13,0
2025-06-19 00:00:00,2025-06-19 12:00:00,M2,12,71,107,8941.952413561727,False,6378.7757221226175,7588.9318600340985,0,60,2025-04-20 00:00:00,2025-06-18 00:00:00,14,2025-04-06 00:00:00,2025-04-19 00:00:00,2025-06-19 00:10:00,2025-06-19 12:00:00,2025-06-19 12:00:00,71,4.547473508864641e-13,0
2025-06-20 00:00:00,2025-06-20 06:00:00,M2,6,35,71,3655.1913945312663,False,-6129.320743856624,-6129.320743856624,0,60,2025-04-21 00:00:00,2025-06-19 00:00:00,14,2025-04-07 00:00:00,2025-04-20 00:00:00,2025-06-20 00:10:00,2025-06-20 06:00:00,2025-06-20 06:00:00,35,2.842170943040401e-14,0
2025-06-20 00:00:00,2025-06-20 12:00:00,M2,12,71,107,10800.0,True,-3098.8500005734995,-3263.7177810284006,13,60,2025-04-21 00:00:00,2025-06-19 00:00:00,14,2025-04-07 00:00:00,2025-04-20 00:00:00,2025-06-20 00:10:00,2025-06-20 12:00:00,2025-06-20 12:00:00,71,9.094947017729282e-13,0
2025-06-21 00:00:00,2025-06-21 06:00:00,M2,6,35,71,3579.652239030864,False,-5831.289565382809,-5831.289565382809,0,60,2025-04-22 00:00:00,2025-06-20 00:00:00,14,2025-04-08 00:00:00,2025-04-21 00:00:00,2025-06-21 00:10:00,2025-06-21 06:00:00,2025-06-21 06:00:00,35,9.094947017729282e-13,0
2025-06-21 00:00:00,2025-06-21 12:00:00,M2,12,71,107,10800.0,True,-3452.448395222571,-3571.642095801622,13,60,2025-04-22 00:00:00,2025-06-20 00:00:00,14,2025-04-08 00:00:00,2025-04-21 00:00:00,2025-06-21 00:10:00,2025-06-21 12:00:00,2025-06-21 12:00:00,71,1.1368683772161603e-13,0
2025-06-22 00:00:00,2025-06-22 06:00:00,M2,6,35,71,10798.53738271605,False,-4204.45447771042,-3616.5878848403395,0,60,2025-04-23 00:00:00,2025-06-21 00:00:00,14,2025-04-09 00:00:00,2025-04-22 00:00:00,2025-06-22 00:10:00,2025-06-22 06:00:00,2025-06-22 06:00:00,35,9.094947017729282e-13,0
2025-06-22 00:00:00,2025-06-22 12:00:00,M2,12,71,107,8023.073015351852,False,6162.07435921547,7179.649186844627,0,60,2025-04-23 00:00:00,2025-06-21 00:00:00,14,2025-04-09 00:00:00,2025-04-22 00:00:00,2025-06-22 00:10:00,2025-06-22 12:00:00,2025-06-22 12:00:00,71,9.094947017729282e-13,0
2025-06-23 00:00:00,2025-06-23 06:00:00,M2,6,35,71,10800.0,False,-3495.587580605704,-3380.488457359201,0,60,2025-04-24 00:00:00,2025-06-22 00:00:00,14,2025-04-10 00:00:00,2025-04-23 00:00:00,2025-06-23 00:10:00,2025-06-23 06:00:00,2025-06-23 06:00:00,35,1.8189894035458565e-12,0
2025-06-23 00:00:00,2025-06-23 12:00:00,M2,12,71,107,8155.04406031482,True,5995.772303670149,5546.631267160066,18,60,2025-04-24 00:00:00,2025-06-22 00:00:00,14,2025-04-10 00:00:00,2025-04-23 00:00:00,2025-06-23 00:10:00,2025-06-23 12:00:00,2025-06-23 12:00:00,71,9.094947017729282e-13,0
2025-06-24 00:00:00,2025-06-24 06:00:00,M2,6,35,71,10790.964727777779,False,1192.1845476428257,2898.0375156256464,0,60,2025-04-25 00:00:00,2025-06-23 00:00:00,14,2025-04-11 00:00:00,2025-04-24 00:00:00,2025-06-24 00:10:00,2025-06-24 06:00:00,2025-06-24 06:00:00,35,4.547473508864641e-13,0
2025-06-24 00:00:00,2025-06-24 12:00:00,M2,12,71,107,6140.8220896296325,True,10303.732476652393,9606.060350923482,24,60,2025-04-25 00:00:00,2025-06-23 00:00:00,14,2025-04-11 00:00:00,2025-04-24 00:00:00,2025-06-24 00:10:00,2025-06-24 12:00:00,2025-06-24 12:00:00,71,0.0,0
2025-06-25 00:00:00,2025-06-25 06:00:00,M2,6,35,71,10800.0,False,12.222258318821657,218.72558670916155,0,60,2025-04-26 00:00:00,2025-06-24 00:00:00,14,2025-04-12 00:00:00,2025-04-25 00:00:00,2025-06-25 00:10:00,2025-06-25 06:00:00,2025-06-25 06:00:00,35,4.547473508864641e-13,0
2025-06-25 00:00:00,2025-06-25 12:00:00,M2,12,71,107,8420.521390895057,False,5320.892881881685,6529.373122729786,0,60,2025-04-26 00:00:00,2025-06-24 00:00:00,14,2025-04-12 00:00:00,2025-04-25 00:00:00,2025-06-25 00:10:00,2025-06-25 12:00:00,2025-06-25 12:00:00,71,1.8189894035458565e-12,0
2025-06-26 00:00:00,2025-06-26 06:00:00,M2,6,35,71,10800.0,False,-763.5604748448661,-331.2896691290021,0,60,2025-04-27 00:00:00,2025-06-25 00:00:00,14,2025-04-13 00:00:00,2025-04-26 00:00:00,2025-06-26 00:10:00,2025-06-26 06:00:00,2025-06-26 06:00:00,35,1.8189894035458565e-12,0
2025-06-26 00:00:00,2025-06-26 12:00:00,M2,12,71,107,7311.543234648148,False,3986.7282005794978,4525.015662729076,0,60,2025-04-27 00:00:00,2025-06-25 00:00:00,14,2025-04-13 00:00:00,2025-04-26 00:00:00,2025-06-26 00:10:00,2025-06-26 12:00:00,2025-06-26 12:00:00,71,9.094947017729282e-13,0
2025-06-27 00:00:00,2025-06-27 06:00:00,M2,6,35,71,4333.5559221790145,False,-5679.881999999999,-5679.881999999999,0,60,2025-04-28 00:00:00,2025-06-26 00:00:00,14,2025-04-14 00:00:00,2025-04-27 00:00:00,2025-06-27 00:10:00,2025-06-27 06:00:00,2025-06-27 06:00:00,35,9.094947017729282e-13,0
2025-06-27 00:00:00,2025-06-27 12:00:00,M2,12,71,107,10800.0,True,-2674.5401431202217,-3324.7033041945188,16,60,2025-04-28 00:00:00,2025-06-26 00:00:00,14,2025-04-14 00:00:00,2025-04-27 00:00:00,2025-06-27 00:10:00,2025-06-27 12:00:00,2025-06-27 12:00:00,71,1.1368683772161603e-13,0
2025-06-28 00:00:00,2025-06-28 06:00:00,M2,6,35,71,3569.2761364537027,False,-4971.551019042244,-4971.551019042244,0,60,2025-04-29 00:00:00,2025-06-27 00:00:00,14,2025-04-15 00:00:00,2025-04-28 00:00:00,2025-06-28 00:10:00,2025-06-28 06:00:00,2025-06-28 06:00:00,35,2.2737367544323206e-13,0
2025-06-28 00:00:00,2025-06-28 12:00:00,M2,12,71,107,10361.157768120369,True,-3192.2574770637852,-3245.666257794494,14,60,2025-04-29 00:00:00,2025-06-27 00:00:00,14,2025-04-15 00:00:00,2025-04-28 00:00:00,2025-06-28 00:10:00,2025-06-28 12:00:00,2025-06-28 12:00:00,71,1.8189894035458565e-12,0
2025-06-29 00:00:00,2025-06-29 06:00:00,M2,6,35,71,10800.0,False,-1991.060619318052,-1838.682117895647,0,60,2025-04-30 00:00:00,2025-06-28 00:00:00,14,2025-04-16 00:00:00,2025-04-29 00:00:00,2025-06-29 00:10:00,2025-06-29 06:00:00,2025-06-29 06:00:00,35,1.8189894035458565e-12,0
2025-06-29 00:00:00,2025-06-29 12:00:00,M2,12,71,107,5840.004030216044,False,5836.745045015424,8550.76822634955,0,60,2025-04-30 00:00:00,2025-06-28 00:00:00,14,2025-04-16 00:00:00,2025-04-29 00:00:00,2025-06-29 00:10:00,2025-06-29 12:00:00,2025-06-29 12:00:00,71,0.0,0
2025-06-30 00:00:00,2025-06-30 06:00:00,M2,6,35,71,10800.0,False,-1039.4429056848517,396.5427888046924,0,60,2025-05-01 00:00:00,2025-06-29 00:00:00,14,2025-04-17 00:00:00,2025-04-30 00:00:00,2025-06-30 00:10:00,2025-06-30 06:00:00,2025-06-30 06:00:00,35,4.547473508864641e-13,0
2025-06-30 00:00:00,2025-06-30 12:00:00,M2,12,71,107,6976.385887777779,True,6888.5207538435225,6671.787734478988,20,60,2025-05-01 00:00:00,2025-06-29 00:00:00,14,2025-04-17 00:00:00,2025-04-30 00:00:00,2025-06-30 00:10:00,2025-06-30 12:00:00,2025-06-30 12:00:00,71,9.094947017729282e-13,0
2025-07-01 00:00:00,2025-07-01 06:00:00,M2,6,35,71,7665.949501517299,True,22090.72611766518,7255.6932931131405,17,60,2025-05-02 00:00:00,2025-06-30 00:00:00,14,2025-04-18 00:00:00,2025-05-01 00:00:00,2025-07-01 00:10:00,2025-07-01 06:00:00,2025-07-01 06:00:00,35,9.094947017729282e-13,0
2025-07-01 00:00:00,2025-07-01 12:00:00,M2,12,71,107,9667.3556212281,False,3866.4403390274083,5449.917764898634,0,60,2025-05-02 00:00:00,2025-06-30 00:00:00,14,2025-04-18 00:00:00,2025-05-01 00:00:00,2025-07-01 00:10:00,2025-07-01 12:00:00,2025-07-01 12:00:00,71,2.2737367544323206e-13,0
2025-07-02 00:00:00,2025-07-02 06:00:00,M2,6,35,71,8459.269337098769,True,5497.96700231389,1347.8019412890364,14,60,2025-05-03 00:00:00,2025-07-01 00:00:00,14,2025-04-19 00:00:00,2025-05-02 00:00:00,2025-07-02 00:10:00,2025-07-02 06:00:00,2025-07-02 06:00:00,35,1.8189894035458565e-12,0
2025-07-02 00:00:00,2025-07-02 12:00:00,M2,12,71,107,9176.160988209871,False,1766.0527172241964,2931.562136777221,0,60,2025-05-03 00:00:00,2025-07-01 00:00:00,14,2025-04-19 00:00:00,2025-05-02 00:00:00,2025-07-02 00:10:00,2025-07-02 12:00:00,2025-07-02 12:00:00,71,2.2737367544323206e-13,0
2025-07-03 00:00:00,2025-07-03 06:00:00,M2,6,35,71,7349.419649216049,True,28213.573569331045,6987.089832471384,20,60,2025-05-04 00:00:00,2025-07-02 00:00:00,14,2025-04-20 00:00:00,2025-05-03 00:00:00,2025-07-03 00:10:00,2025-07-03 06:00:00,2025-07-03 06:00:00,35,2.2737367544323206e-13,0
2025-07-03 00:00:00,2025-07-03 12:00:00,M2,12,71,107,9859.096342583336,False,4878.522961619099,4971.9582688897635,0,60,2025-05-04 00:00:00,2025-07-02 00:00:00,14,2025-04-20 00:00:00,2025-05-03 00:00:00,2025-07-03 00:10:00,2025-07-03 12:00:00,2025-07-03 12:00:00,71,2.2737367544323206e-13,0
2025-07-04 00:00:00,2025-07-04 06:00:00,M2,6,35,71,2178.1830078456796,True,-2337.7868830079783,-4161.812636590185,8,60,2025-05-05 00:00:00,2025-07-03 00:00:00,14,2025-04-21 00:00:00,2025-05-04 00:00:00,2025-07-04 00:10:00,2025-07-04 06:00:00,2025-07-04 06:00:00,35,1.8189894035458565e-12,0
2025-07-04 00:00:00,2025-07-04 12:00:00,M2,12,71,107,10800.0,False,-4023.082955783589,-3391.44261171775,0,60,2025-05-05 00:00:00,2025-07-03 00:00:00,14,2025-04-21 00:00:00,2025-05-04 00:00:00,2025-07-04 00:10:00,2025-07-04 12:00:00,2025-07-04 12:00:00,71,9.094947017729282e-13,0
2025-07-05 00:00:00,2025-07-05 06:00:00,M2,6,35,71,2361.205000734339,True,-2217.927092520736,-4517.735475273074,8,60,2025-05-06 00:00:00,2025-07-04 00:00:00,14,2025-04-22 00:00:00,2025-05-05 00:00:00,2025-07-05 00:10:00,2025-07-05 06:00:00,2025-07-05 06:00:00,35,4.547473508864641e-13,0
2025-07-05 00:00:00,2025-07-05 12:00:00,M2,12,71,107,10800.0,False,-3963.4039438062255,-3200.048179064689,0,60,2025-05-06 00:00:00,2025-07-04 00:00:00,14,2025-04-22 00:00:00,2025-05-05 00:00:00,2025-07-05 00:10:00,2025-07-05 12:00:00,2025-07-05 12:00:00,71,9.094947017729282e-13,0
2025-07-06 00:00:00,2025-07-06 06:00:00,M2,6,35,71,7649.026855851852,True,21284.18399318579,7829.625159252336,20,60,2025-05-07 00:00:00,2025-07-05 00:00:00,14,2025-04-23 00:00:00,2025-05-06 00:00:00,2025-07-06 00:10:00,2025-07-06 06:00:00,2025-07-06 06:00:00,35,2.2737367544323206e-13,0
2025-07-06 00:00:00,2025-07-06 12:00:00,M2,12,71,107,10800.0,False,6457.239546002492,9335.890029849383,0,60,2025-05-07 00:00:00,2025-07-05 00:00:00,14,2025-04-23 00:00:00,2025-05-06 00:00:00,2025-07-06 00:10:00,2025-07-06 12:00:00,2025-07-06 12:00:00,71,2.2737367544323206e-13,0
2025-07-07 00:00:00,2025-07-07 06:00:00,M2,6,35,71,7051.895910996569,True,6274.413664233493,494.1018966539671,13,60,2025-05-08 00:00:00,2025-07-06 00:00:00,14,2025-04-24 00:00:00,2025-05-07 00:00:00,2025-07-07 00:10:00,2025-07-07 06:00:00,2025-07-07 06:00:00,35,9.094947017729282e-13,0
2025-07-07 00:00:00,2025-07-07 12:00:00,M2,12,71,107,7547.210873904329,False,4077.409174154077,5831.113998062293,0,60,2025-05-08 00:00:00,2025-07-06 00:00:00,14,2025-04-24 00:00:00,2025-05-07 00:00:00,2025-07-07 00:10:00,2025-07-07 12:00:00,2025-07-07 12:00:00,71,2.2737367544323206e-13,0
2025-07-08 00:00:00,2025-07-08 06:00:00,M2,6,35,71,9677.72959404938,False,-700.2213330294313,39.94471664919407,0,60,2025-05-09 00:00:00,2025-07-07 00:00:00,14,2025-04-25 00:00:00,2025-05-08 00:00:00,2025-07-08 00:10:00,2025-07-08 06:00:00,2025-07-08 06:00:00,35,4.547473508864641e-13,0
2025-07-08 00:00:00,2025-07-08 12:00:00,M2,12,71,107,6213.945884030864,False,7713.487365290993,7736.152037995497,0,60,2025-05-09 00:00:00,2025-07-07 00:00:00,14,2025-04-25 00:00:00,2025-05-08 00:00:00,2025-07-08 00:10:00,2025-07-08 12:00:00,2025-07-08 12:00:00,71,7.275957614183426e-12,0
2025-07-09 00:00:00,2025-07-09 06:00:00,M2,6,35,71,9793.900735990743,False,-1910.9461495128405,-1242.3703674954006,0,60,2025-05-10 00:00:00,2025-07-08 00:00:00,14,2025-04-26 00:00:00,2025-05-09 00:00:00,2025-07-09 00:10:00,2025-07-09 06:00:00,2025-07-09 06:00:00,35,2.2737367544323206e-13,0
2025-07-09 00:00:00,2025-07-09 12:00:00,M2,12,71,107,7690.410027183336,True,7144.168987183405,6283.840164756514,28,60,2025-05-10 00:00:00,2025-07-08 00:00:00,14,2025-04-26 00:00:00,2025-05-09 00:00:00,2025-07-09 00:10:00,2025-07-09 12:00:00,2025-07-09 12:00:00,71,2.2737367544323206e-13,0
2025-07-10 00:00:00,2025-07-10 06:00:00,M2,6,35,71,10018.784973064816,True,-1016.1508334567488,-1920.98083256438,7,60,2025-05-11 00:00:00,2025-07-09 00:00:00,14,2025-04-27 00:00:00,2025-05-10 00:00:00,2025-07-10 00:10:00,2025-07-10 06:00:00,2025-07-10 06:00:00,35,2.2737367544323206e-13,0
2025-07-10 00:00:00,2025-07-10 12:00:00,M2,12,71,107,6561.0679904814815,False,6157.421436552462,6343.081820361323,0,60,2025-05-11 00:00:00,2025-07-09 00:00:00,14,2025-04-27 00:00:00,2025-05-10 00:00:00,2025-07-10 00:10:00,2025-07-10 12:00:00,2025-07-10 12:00:00,71,2.2737367544323206e-13,0
2025-07-11 00:00:00,2025-07-11 06:00:00,M2,6,35,71,2934.7348028532238,True,-3690.178531281824,-4596.871141204919,5,60,2025-05-12 00:00:00,2025-07-10 00:00:00,14,2025-04-28 00:00:00,2025-05-11 00:00:00,2025-07-11 00:10:00,2025-07-11 06:00:00,2025-07-11 06:00:00,35,9.094947017729282e-13,0
2025-07-11 00:00:00,2025-07-11 12:00:00,M2,12,71,107,8505.846225000001,True,-3347.088218938046,-3509.115269630957,14,60,2025-05-12 00:00:00,2025-07-10 00:00:00,14,2025-04-28 00:00:00,2025-05-11 00:00:00,2025-07-11 00:10:00,2025-07-11 12:00:00,2025-07-11 12:00:00,71,1.1368683772161603e-13,0
2025-07-12 00:00:00,2025-07-12 06:00:00,M2,6,35,71,3074.638207296296,True,-4926.034188052705,-4973.936936535482,2,60,2025-05-13 00:00:00,2025-07-11 00:00:00,14,2025-04-29 00:00:00,2025-05-12 00:00:00,2025-07-12 00:10:00,2025-07-12 06:00:00,2025-07-12 06:00:00,35,1.8189894035458565e-12,0
2025-07-12 00:00:00,2025-07-12 12:00:00,M2,12,71,107,9330.096104999999,False,-3062.230334626625,-2466.3880020117367,0,60,2025-05-13 00:00:00,2025-07-11 00:00:00,14,2025-04-29 00:00:00,2025-05-12 00:00:00,2025-07-12 00:10:00,2025-07-12 12:00:00,2025-07-12 12:00:00,71,9.094947017729282e-13,0
2025-07-13 00:00:00,2025-07-13 06:00:00,M2,6,35,71,10658.330653138892,False,-4165.188467246854,-2792.827894472043,0,60,2025-05-14 00:00:00,2025-07-12 00:00:00,14,2025-04-30 00:00:00,2025-05-13 00:00:00,2025-07-13 00:10:00,2025-07-13 06:00:00,2025-07-13 06:00:00,35,9.094947017729282e-13,0
2025-07-13 00:00:00,2025-07-13 12:00:00,M2,12,71,107,7713.317669101855,True,8243.123179323493,5630.40572527606,23,60,2025-05-14 00:00:00,2025-07-12 00:00:00,14,2025-04-30 00:00:00,2025-05-13 00:00:00,2025-07-13 00:10:00,2025-07-13 12:00:00,2025-07-13 12:00:00,71,2.2737367544323206e-13,0
2025-07-14 00:00:00,2025-07-14 06:00:00,M2,6,35,71,10286.426143882714,False,-3813.919511818121,-3238.727744922696,0,60,2025-05-15 00:00:00,2025-07-13 00:00:00,14,2025-05-01 00:00:00,2025-05-14 00:00:00,2025-07-14 00:10:00,2025-07-14 06:00:00,2025-07-14 06:00:00,35,2.2737367544323206e-13,0
2025-07-14 00:00:00,2025-07-14 12:00:00,M2,12,71,107,7592.084369759263,False,4531.900760804723,5202.707199701997,0,60,2025-05-15 00:00:00,2025-07-13 00:00:00,14,2025-05-01 00:00:00,2025-05-14 00:00:00,2025-07-14 00:10:00,2025-07-14 12:00:00,2025-07-14 12:00:00,71,2.2737367544323206e-13,0
2025-07-15 00:00:00,2025-07-15 06:00:00,M2,6,35,71,10800.0,False,-5261.595405307684,-4144.70809781476,0,60,2025-05-16 00:00:00,2025-07-14 00:00:00,14,2025-05-02 00:00:00,2025-05-15 00:00:00,2025-07-15 00:10:00,2025-07-15 06:00:00,2025-07-15 06:00:00,35,2.2737367544323206e-13,0
2025-07-15 00:00:00,2025-07-15 12:00:00,M2,12,71,107,8933.505282277776,True,8810.029974468305,6462.586851089821,29,60,2025-05-16 00:00:00,2025-07-14 00:00:00,14,2025-05-02 00:00:00,2025-05-15 00:00:00,2025-07-15 00:10:00,2025-07-15 12:00:00,2025-07-15 12:00:00,71,1.1368683772161603e-13,0
2025-07-16 00:00:00,2025-07-16 06:00:00,M2,6,35,71,10800.0,False,-4843.746334995224,-3468.2819788991737,0,60,2025-05-17 00:00:00,2025-07-15 00:00:00,14,2025-05-03 00:00:00,2025-05-16 00:00:00,2025-07-16 00:10:00,2025-07-16 06:00:00,2025-07-16 06:00:00,35,9.094947017729282e-13,0
2025-07-16 00:00:00,2025-07-16 12:00:00,M2,12,71,107,9103.755292987653,True,7230.792806314086,6106.487534183827,23,60,2025-05-17 00:00:00,2025-07-15 00:00:00,14,2025-05-03 00:00:00,2025-05-16 00:00:00,2025-07-16 00:10:00,2025-07-16 12:00:00,2025-07-16 12:00:00,71,0.0,0
2025-07-17 00:00:00,2025-07-17 06:00:00,M2,6,35,71,10800.0,False,-4395.1848916898425,-3646.6730362492167,0,60,2025-05-18 00:00:00,2025-07-16 00:00:00,14,2025-05-04 00:00:00,2025-05-17 00:00:00,2025-07-17 00:10:00,2025-07-17 06:00:00,2025-07-17 06:00:00,35,4.547473508864641e-13,0
2025-07-17 00:00:00,2025-07-17 12:00:00,M2,12,71,107,8040.359144080252,True,5586.092955267253,5007.941531082448,7,60,2025-05-18 00:00:00,2025-07-16 00:00:00,14,2025-05-04 00:00:00,2025-05-17 00:00:00,2025-07-17 00:10:00,2025-07-17 12:00:00,2025-07-17 12:00:00,71,9.094947017729282e-13,0
2025-07-18 00:00:00,2025-07-18 06:00:00,M2,6,35,71,5242.039893740741,False,-6236.5223528191245,-6236.5223528191245,0,60,2025-05-19 00:00:00,2025-07-17 00:00:00,14,2025-05-05 00:00:00,2025-05-18 00:00:00,2025-07-18 00:10:00,2025-07-18 06:00:00,2025-07-18 06:00:00,35,2.2737367544323206e-13,0
2025-07-18 00:00:00,2025-07-18 12:00:00,M2,12,71,107,10697.245231148147,True,-2112.2606832828865,-2962.3734568148875,17,60,2025-05-19 00:00:00,2025-07-17 00:00:00,14,2025-05-05 00:00:00,2025-05-18 00:00:00,2025-07-18 00:10:00,2025-07-18 12:00:00,2025-07-18 12:00:00,71,1.1368683772161603e-13,0
2025-07-19 00:00:00,2025-07-19 06:00:00,M2,6,35,71,4400.611831944445,False,-6048.755999999999,-6048.755999999999,0,60,2025-05-20 00:00:00,2025-07-18 00:00:00,14,2025-05-06 00:00:00,2025-05-19 00:00:00,2025-07-19 00:10:00,2025-07-19 06:00:00,2025-07-19 06:00:00,35,9.094947017729282e-13,0
2025-07-19 00:00:00,2025-07-19 12:00:00,M2,12,71,107,10800.0,True,-1130.7128405743638,-2065.169906677317,18,60,2025-05-20 00:00:00,2025-07-18 00:00:00,14,2025-05-06 00:00:00,2025-05-19 00:00:00,2025-07-19 00:10:00,2025-07-19 12:00:00,2025-07-19 12:00:00,71,9.094947017729282e-13,0
2025-07-20 00:00:00,2025-07-20 06:00:00,M2,6,35,71,10800.0,False,-3224.3714863968344,-1722.2599011613045,0,60,2025-05-21 00:00:00,2025-07-19 00:00:00,14,2025-05-07 00:00:00,2025-05-20 00:00:00,2025-07-20 00:10:00,2025-07-20 06:00:00,2025-07-20 06:00:00,35,0.0,0
2025-07-20 00:00:00,2025-07-20 12:00:00,M2,12,71,107,7984.157611555562,True,7961.485914539524,5966.864388959192,22,60,2025-05-21 00:00:00,2025-07-19 00:00:00,14,2025-05-07 00:00:00,2025-05-20 00:00:00,2025-07-20 00:10:00,2025-07-20 12:00:00,2025-07-20 12:00:00,71,0.0,0
2025-07-21 00:00:00,2025-07-21 06:00:00,M2,6,35,71,10800.0,False,-3135.8225595771355,-1073.2951737510684,0,60,2025-05-22 00:00:00,2025-07-20 00:00:00,14,2025-05-08 00:00:00,2025-05-21 00:00:00,2025-07-21 00:10:00,2025-07-21 06:00:00,2025-07-21 06:00:00,35,9.094947017729282e-13,0
2025-07-21 00:00:00,2025-07-21 12:00:00,M2,12,71,107,8895.713339944445,True,8767.752175884929,7260.620425592867,26,60,2025-05-22 00:00:00,2025-07-20 00:00:00,14,2025-05-08 00:00:00,2025-05-21 00:00:00,2025-07-21 00:10:00,2025-07-21 12:00:00,2025-07-21 12:00:00,71,1.8189894035458565e-12,0
2025-07-22 00:00:00,2025-07-22 06:00:00,M2,6,35,71,10800.0,False,-2679.5636624536974,-1966.7812683810482,0,60,2025-05-23 00:00:00,2025-07-21 00:00:00,14,2025-05-09 00:00:00,2025-05-22 00:00:00,2025-07-22 00:10:00,2025-07-22 06:00:00,2025-07-22 06:00:00,35,9.094947017729282e-13,0
2025-07-22 00:00:00,2025-07-22 12:00:00,M2,12,71,107,8283.519239018517,True,6693.0370521054,5770.388430962726,26,60,2025-05-23 00:00:00,2025-07-21 00:00:00,14,2025-05-09 00:00:00,2025-05-22 00:00:00,2025-07-22 00:10:00,2025-07-22 12:00:00,2025-07-22 12:00:00,71,0.0,0
2025-07-23 00:00:00,2025-07-23 06:00:00,M2,6,35,71,10800.0,False,-3117.0403684928056,-1742.1924721139897,0,60,2025-05-24 00:00:00,2025-07-22 00:00:00,14,2025-05-10 00:00:00,2025-05-23 00:00:00,2025-07-23 00:10:00,2025-07-23 06:00:00,2025-07-23 06:00:00,35,2.2737367544323206e-13,0
2025-07-23 00:00:00,2025-07-23 12:00:00,M2,12,71,107,10201.187845783952,True,12409.458958228339,9124.18960187129,29,60,2025-05-24 00:00:00,2025-07-22 00:00:00,14,2025-05-10 00:00:00,2025-05-23 00:00:00,2025-07-23 00:10:00,2025-07-23 12:00:00,2025-07-23 12:00:00,71,0.0,0
2025-07-24 00:00:00,2025-07-24 06:00:00,M2,6,35,71,10800.0,False,-4264.266392431449,-2593.5858365651616,0,60,2025-05-25 00:00:00,2025-07-23 00:00:00,14,2025-05-11 00:00:00,2025-05-24 00:00:00,2025-07-24 00:10:00,2025-07-24 06:00:00,2025-07-24 06:00:00,35,9.094947017729282e-13,0
2025-07-24 00:00:00,2025-07-24 12:00:00,M2,12,71,107,9853.618587074074,True,13535.869098133944,10125.285514685023,30,60,2025-05-25 00:00:00,2025-07-23 00:00:00,14,2025-05-11 00:00:00,2025-05-24 00:00:00,2025-07-24 00:10:00,2025-07-24 12:00:00,2025-07-24 12:00:00,71,0.0,0
2025-07-25 00:00:00,2025-07-25 06:00:00,M2,6,35,71,4574.488540802471,False,-6152.274,-6152.274,0,60,2025-05-26 00:00:00,2025-07-24 00:00:00,14,2025-05-12 00:00:00,2025-05-25 00:00:00,2025-07-25 00:10:00,2025-07-25 06:00:00,2025-07-25 06:00:00,35,5.684341886080802e-14,0
2025-07-25 00:00:00,2025-07-25 12:00:00,M2,12,71,107,10800.0,True,-3098.495655060696,-3422.0956200105516,15,60,2025-05-26 00:00:00,2025-07-24 00:00:00,14,2025-05-12 00:00:00,2025-05-25 00:00:00,2025-07-25 00:10:00,2025-07-25 12:00:00,2025-07-25 12:00:00,71,1.8189894035458565e-12,0
2025-07-26 00:00:00,2025-07-26 06:00:00,M2,6,35,71,4855.118408530864,False,-5910.414696542743,-5910.414696542743,0,60,2025-05-27 00:00:00,2025-07-25 00:00:00,14,2025-05-13 00:00:00,2025-05-26 00:00:00,2025-07-26 00:10:00,2025-07-26 06:00:00,2025-07-26 06:00:00,35,0.0,0
2025-07-26 00:00:00,2025-07-26 12:00:00,M2,12,71,107,10800.0,True,-3225.5827414447317,-3357.193875911369,12,60,2025-05-27 00:00:00,2025-07-25 00:00:00,14,2025-05-13 00:00:00,2025-05-26 00:00:00,2025-07-26 00:10:00,2025-07-26 12:00:00,2025-07-26 12:00:00,71,1.1368683772161603e-13,0
2025-07-27 00:00:00,2025-07-27 06:00:00,M2,6,35,71,10800.0,False,-1267.8826314529178,-815.4719475383255,0,60,2025-05-28 00:00:00,2025-07-26 00:00:00,14,2025-05-14 00:00:00,2025-05-27 00:00:00,2025-07-27 00:10:00,2025-07-27 06:00:00,2025-07-27 06:00:00,35,4.547473508864641e-13,0
2025-07-27 00:00:00,2025-07-27 12:00:00,M2,12,71,107,9114.151725376541,True,4485.473090860465,3531.6780335318867,8,60,2025-05-28 00:00:00,2025-07-26 00:00:00,14,2025-05-14 00:00:00,2025-05-27 00:00:00,2025-07-27 00:10:00,2025-07-27 12:00:00,2025-07-27 12:00:00,71,0.0,0
2025-07-28 00:00:00,2025-07-28 06:00:00,M2,6,35,71,10800.0,False,-2625.261649457159,-1439.1035096097573,0,60,2025-05-29 00:00:00,2025-07-27 00:00:00,14,2025-05-15 00:00:00,2025-05-28 00:00:00,2025-07-28 00:10:00,2025-07-28 06:00:00,2025-07-28 06:00:00,35,9.094947017729282e-13,0
2025-07-28 00:00:00,2025-07-28 12:00:00,M2,12,71,107,7142.211737290123,True,8931.656755506583,8105.995506294102,16,60,2025-05-29 00:00:00,2025-07-27 00:00:00,14,2025-05-15 00:00:00,2025-05-28 00:00:00,2025-07-28 00:10:00,2025-07-28 12:00:00,2025-07-28 12:00:00,71,4.547473508864641e-13,0
2025-07-29 00:00:00,2025-07-29 06:00:00,M2,6,35,71,10786.795919135802,False,-81.55837712283908,163.8807576707477,0,60,2025-05-30 00:00:00,2025-07-28 00:00:00,14,2025-05-16 00:00:00,2025-05-29 00:00:00,2025-07-29 00:10:00,2025-07-29 06:00:00,2025-07-29 06:00:00,35,4.547473508864641e-13,0
2025-07-29 00:00:00,2025-07-29 12:00:00,M2,12,71,107,6342.3057639382705,True,6540.800738450935,6506.462859068203,5,60,2025-05-30 00:00:00,2025-07-28 00:00:00,14,2025-05-16 00:00:00,2025-05-29 00:00:00,2025-07-29 00:10:00,2025-07-29 12:00:00,2025-07-29 12:00:00,71,0.0,0
2025-07-30 00:00:00,2025-07-30 06:00:00,M2,6,35,71,10800.0,False,-1111.8075311425134,-462.6527904367668,0,60,2025-05-31 00:00:00,2025-07-29 00:00:00,14,2025-05-17 00:00:00,2025-05-30 00:00:00,2025-07-30 00:10:00,2025-07-30 06:00:00,2025-07-30 06:00:00,35,4.547473508864641e-13,0
2025-07-30 00:00:00,2025-07-30 12:00:00,M2,12,71,107,3907.8776576296277,False,7020.229519619555,8700.861157791982,0,60,2025-05-31 00:00:00,2025-07-29 00:00:00,14,2025-05-17 00:00:00,2025-05-30 00:00:00,2025-07-30 00:10:00,2025-07-30 12:00:00,2025-07-30 12:00:00,71,1.8189894035458565e-12,0
2025-07-31 00:00:00,2025-07-31 06:00:00,M2,6,35,71,10800.0,False,-3101.0149932681006,-2950.4847667870404,0,60,2025-06-01 00:00:00,2025-07-30 00:00:00,14,2025-05-18 00:00:00,2025-05-31 00:00:00,2025-07-31 00:10:00,2025-07-31 06:00:00,2025-07-31 06:00:00,35,4.547473508864641e-13,0
2025-07-31 00:00:00,2025-07-31 12:00:00,M2,12,71,107,7041.977441587405,False,5915.072458564056,7777.000538219155,0,60,2025-06-01 00:00:00,2025-07-30 00:00:00,14,2025-05-18 00:00:00,2025-05-31 00:00:00,2025-07-31 00:10:00,2025-07-31 12:00:00,2025-07-31 12:00:00,71,9.094947017729282e-13,0
2025-08-01 00:00:00,2025-08-01 06:00:00,M2,6,35,71,3488.405103240741,False,-5916.0779999999995,-5916.0779999999995,0,60,2025-06-02 00:00:00,2025-07-31 00:00:00,14,2025-05-19 00:00:00,2025-06-01 00:00:00,2025-08-01 00:10:00,2025-08-01 06:00:00,2025-08-01 06:00:00,35,9.094947017729282e-13,0
2025-08-01 00:00:00,2025-08-01 12:00:00,M2,12,71,107,10800.0,True,-2770.9723675202367,-3206.445050005304,15,60,2025-06-02 00:00:00,2025-07-31 00:00:00,14,2025-05-19 00:00:00,2025-06-01 00:00:00,2025-08-01 00:10:00,2025-08-01 12:00:00,2025-08-01 12:00:00,71,1.1368683772161603e-13,0
2025-08-02 00:00:00,2025-08-02 06:00:00,M2,6,35,71,4523.833815024692,False,-6050.214000000001,-6050.214000000001,0,60,2025-06-03 00:00:00,2025-08-01 00:00:00,14,2025-05-20 00:00:00,2025-06-02 00:00:00,2025-08-02 00:10:00,2025-08-02 06:00:00,2025-08-02 06:00:00,35,9.094947017729282e-13,0
2025-08-02 00:00:00,2025-08-02 12:00:00,M2,12,71,107,10800.0,True,-2607.0148631095935,-3035.279170783143,18,60,2025-06-03 00:00:00,2025-08-01 00:00:00,14,2025-05-20 00:00:00,2025-06-02 00:00:00,2025-08-02 00:10:00,2025-08-02 12:00:00,2025-08-02 12:00:00,71,9.094947017729282e-13,0
2025-08-03 00:00:00,2025-08-03 06:00:00,M2,6,35,71,9113.99046535185,False,-5932.812676683761,-5622.225877576637,0,60,2025-06-04 00:00:00,2025-08-02 00:00:00,14,2025-05-21 00:00:00,2025-06-03 00:00:00,2025-08-03 00:10:00,2025-08-03 06:00:00,2025-08-03 06:00:00,35,1.8189894035458565e-12,0
2025-08-03 00:00:00,2025-08-03 12:00:00,M2,12,71,107,6887.1748226111085,True,1815.1867707335591,1714.3409213642758,18,60,2025-06-04 00:00:00,2025-08-02 00:00:00,14,2025-05-21 00:00:00,2025-06-03 00:00:00,2025-08-03 00:10:00,2025-08-03 12:00:00,2025-08-03 12:00:00,71,9.094947017729282e-13,0
2025-08-04 00:00:00,2025-08-04 06:00:00,M2,6,35,71,10800.0,False,-6026.344306431538,-5885.297030118056,0,60,2025-06-05 00:00:00,2025-08-03 00:00:00,14,2025-05-22 00:00:00,2025-06-04 00:00:00,2025-08-04 00:10:00,2025-08-04 06:00:00,2025-08-04 06:00:00,35,1.8189894035458565e-12,0
2025-08-04 00:00:00,2025-08-04 12:00:00,M2,12,71,107,7335.44382425926,True,4147.503121077668,3445.7902955406166,18,60,2025-06-05 00:00:00,2025-08-03 00:00:00,14,2025-05-22 00:00:00,2025-06-04 00:00:00,2025-08-04 00:10:00,2025-08-04 12:00:00,2025-08-04 12:00:00,71,2.2737367544323206e-13,0
2025-08-05 00:00:00,2025-08-05 06:00:00,M2,6,35,71,10627.445038759259,False,-5074.67073899811,-4536.405266833221,0,60,2025-06-06 00:00:00,2025-08-04 00:00:00,14,2025-05-23 00:00:00,2025-06-05 00:00:00,2025-08-05 00:10:00,2025-08-05 06:00:00,2025-08-05 06:00:00,35,0.0,0
2025-08-05 00:00:00,2025-08-05 12:00:00,M2,12,71,107,6013.201174129628,True,3206.619835472279,3184.6489161191507,3,60,2025-06-06 00:00:00,2025-08-04 00:00:00,14,2025-05-23 00:00:00,2025-06-05 00:00:00,2025-08-05 00:10:00,2025-08-05 12:00:00,2025-08-05 12:00:00,71,9.094947017729282e-13,0
2025-08-06 00:00:00,2025-08-06 06:00:00,M2,6,35,71,10752.663275925926,False,-6366.057704664118,-6366.057704664118,0,60,2025-06-07 00:00:00,2025-08-05 00:00:00,14,2025-05-24 00:00:00,2025-06-06 00:00:00,2025-08-06 00:10:00,2025-08-06 06:00:00,2025-08-06 06:00:00,35,9.094947017729282e-13,0
2025-08-06 00:00:00,2025-08-06 12:00:00,M2,12,71,107,7335.791812407409,True,8842.032844088812,7514.445348602757,23,60,2025-06-07 00:00:00,2025-08-05 00:00:00,14,2025-05-24 00:00:00,2025-06-06 00:00:00,2025-08-06 00:10:00,2025-08-06 12:00:00,2025-08-06 12:00:00,71,0.0,0
2025-08-07 00:00:00,2025-08-07 06:00:00,M2,6,35,71,10800.0,True,-5358.467328382945,-5437.712206396121,8,60,2025-06-08 00:00:00,2025-08-06 00:00:00,14,2025-05-25 00:00:00,2025-06-07 00:00:00,2025-08-07 00:10:00,2025-08-07 06:00:00,2025-08-07 06:00:00,35,2.2737367544323206e-13,0
2025-08-07 00:00:00,2025-08-07 12:00:00,M2,12,71,107,7355.063177777776,True,5467.056626258612,4946.838626789258,21,60,2025-06-08 00:00:00,2025-08-06 00:00:00,14,2025-05-25 00:00:00,2025-06-07 00:00:00,2025-08-07 00:10:00,2025-08-07 12:00:00,2025-08-07 12:00:00,71,4.547473508864641e-13,0
2025-08-08 00:00:00,2025-08-08 06:00:00,M2,6,35,71,4353.965924530861,False,-5758.6140000000005,-5758.6140000000005,0,60,2025-06-09 00:00:00,2025-08-07 00:00:00,14,2025-05-26 00:00:00,2025-06-08 00:00:00,2025-08-08 00:10:00,2025-08-08 06:00:00,2025-08-08 06:00:00,35,9.094947017729282e-13,0
2025-08-08 00:00:00,2025-08-08 12:00:00,M2,12,71,107,10800.0,True,-3404.8767730166937,-3408.4290278380295,11,60,2025-06-09 00:00:00,2025-08-07 00:00:00,14,2025-05-26 00:00:00,2025-06-08 00:00:00,2025-08-08 00:10:00,2025-08-08 12:00:00,2025-08-08 12:00:00,71,9.094947017729282e-13,0
2025-08-09 00:00:00,2025-08-09 06:00:00,M2,6,35,71,3894.9464859074083,False,-5897.123999999998,-5897.123999999998,0,60,2025-06-10 00:00:00,2025-08-08 00:00:00,14,2025-05-27 00:00:00,2025-06-09 00:00:00,2025-08-09 00:10:00,2025-08-09 06:00:00,2025-08-09 06:00:00,35,2.2737367544323206e-13,0
2025-08-09 00:00:00,2025-08-09 12:00:00,M2,12,71,107,10800.0,False,-3390.602043039392,-3387.712643191017,0,60,2025-06-10 00:00:00,2025-08-08 00:00:00,14,2025-05-27 00:00:00,2025-06-09 00:00:00,2025-08-09 00:10:00,2025-08-09 12:00:00,2025-08-09 12:00:00,71,1.1368683772161603e-13,0
2025-08-10 00:00:00,2025-08-10 06:00:00,M2,6,35,71,9055.379290388888,False,-5775.6894484346385,-5662.796878933799,0,60,2025-06-11 00:00:00,2025-08-09 00:00:00,14,2025-05-28 00:00:00,2025-06-10 00:00:00,2025-08-10 00:10:00,2025-08-10 06:00:00,2025-08-10 06:00:00,35,4.547473508864641e-13,0
2025-08-10 00:00:00,2025-08-10 12:00:00,M2,12,71,107,6832.64410835185,True,5338.620553771206,5066.718316149348,23,60,2025-06-11 00:00:00,2025-08-09 00:00:00,14,2025-05-28 00:00:00,2025-06-10 00:00:00,2025-08-10 00:10:00,2025-08-10 12:00:00,2025-08-10 12:00:00,71,2.2737367544323206e-13,0
2025-08-11 00:00:00,2025-08-11 06:00:00,M2,6,35,71,9552.991683950615,False,-4238.209084495744,-3983.195463028317,0,60,2025-06-12 00:00:00,2025-08-10 00:00:00,14,2025-05-29 00:00:00,2025-06-11 00:00:00,2025-08-11 00:10:00,2025-08-11 06:00:00,2025-08-11 06:00:00,35,9.094947017729282e-13,0
2025-08-11 00:00:00,2025-08-11 12:00:00,M2,12,71,107,6978.180027037036,False,4224.14620387383,4273.791745050513,0,60,2025-06-12 00:00:00,2025-08-10 00:00:00,14,2025-05-29 00:00:00,2025-06-11 00:00:00,2025-08-11 00:10:00,2025-08-11 12:00:00,2025-08-11 12:00:00,71,1.8189894035458565e-12,0
2025-08-12 00:00:00,2025-08-12 06:00:00,M2,6,35,71,9830.681993935188,False,-4402.86279256037,-3886.7713868308538,0,60,2025-06-13 00:00:00,2025-08-11 00:00:00,14,2025-05-30 00:00:00,2025-06-12 00:00:00,2025-08-12 00:10:00,2025-08-12 06:00:00,2025-08-12 06:00:00,35,0.0,0
2025-08-12 00:00:00,2025-08-12 12:00:00,M2,12,71,107,7977.775470416674,False,5866.750508599668,5986.4437060164755,0,60,2025-06-13 00:00:00,2025-08-11 00:00:00,14,2025-05-30 00:00:00,2025-06-12 00:00:00,2025-08-12 00:10:00,2025-08-12 12:00:00,2025-08-12 12:00:00,71,2.2737367544323206e-13,0
2025-08-13 00:00:00,2025-08-13 06:00:00,M2,6,35,71,9177.824581018522,False,-4296.349054633841,-4109.9895843713575,0,60,2025-06-14 00:00:00,2025-08-12 00:00:00,14,2025-05-31 00:00:00,2025-06-13 00:00:00,2025-08-13 00:10:00,2025-08-13 06:00:00,2025-08-13 06:00:00,35,9.094947017729282e-13,0
2025-08-13 00:00:00,2025-08-13 12:00:00,M2,12,71,107,4882.9442072222255,False,5326.148277212332,6818.439514603766,0,60,2025-06-14 00:00:00,2025-08-12 00:00:00,14,2025-05-31 00:00:00,2025-06-13 00:00:00,2025-08-13 00:10:00,2025-08-13 12:00:00,2025-08-13 12:00:00,71,2.2737367544323206e-13,0
2025-08-14 00:00:00,2025-08-14 06:00:00,M2,6,35,71,9638.68455060494,True,-2448.972296930853,-2674.6566926128216,8,60,2025-06-15 00:00:00,2025-08-13 00:00:00,14,2025-06-01 00:00:00,2025-06-14 00:00:00,2025-08-14 00:10:00,2025-08-14 06:00:00,2025-08-14 06:00:00,35,9.094947017729282e-13,0
2025-08-14 00:00:00,2025-08-14 12:00:00,M2,12,71,107,6985.459396530852,False,4064.691485748584,4242.313040273174,0,60,2025-06-15 00:00:00,2025-08-13 00:00:00,14,2025-06-01 00:00:00,2025-06-14 00:00:00,2025-08-14 00:10:00,2025-08-14 12:00:00,2025-08-14 12:00:00,71,0.0,0
2025-08-15 00:00:00,2025-08-15 06:00:00,M2,6,35,71,3273.6437419938275,True,-5045.660385268956,-5091.251603050303,3,60,2025-06-16 00:00:00,2025-08-14 00:00:00,14,2025-06-02 00:00:00,2025-06-15 00:00:00,2025-08-15 00:10:00,2025-08-15 06:00:00,2025-08-15 06:00:00,35,9.094947017729282e-13,0
2025-08-15 00:00:00,2025-08-15 12:00:00,M2,12,71,107,10800.0,True,-2548.4010969622327,-2548.4691658518573,13,60,2025-06-16 00:00:00,2025-08-14 00:00:00,14,2025-06-02 00:00:00,2025-06-15 00:00:00,2025-08-15 00:10:00,2025-08-15 12:00:00,2025-08-15 12:00:00,71,9.094947017729282e-13,0
2025-08-16 00:00:00,2025-08-16 06:00:00,M2,6,35,71,2596.3888389999997,True,-5047.364343319134,-5244.332996857159,3,60,2025-06-17 00:00:00,2025-08-15 00:00:00,14,2025-06-03 00:00:00,2025-06-16 00:00:00,2025-08-16 00:10:00,2025-08-16 06:00:00,2025-08-16 06:00:00,35,0.0,0
2025-08-16 00:00:00,2025-08-16 12:00:00,M2,12,71,107,10800.0,True,-1803.1199963045979,-2246.6759090233727,17,60,2025-06-17 00:00:00,2025-08-15 00:00:00,14,2025-06-03 00:00:00,2025-06-16 00:00:00,2025-08-16 00:10:00,2025-08-16 12:00:00,2025-08-16 12:00:00,71,9.094947017729282e-13,0
2025-08-17 00:00:00,2025-08-17 06:00:00,M2,6,35,71,10535.199945450619,False,-5710.718102041063,-4654.354470071831,0,60,2025-06-18 00:00:00,2025-08-16 00:00:00,14,2025-06-04 00:00:00,2025-06-17 00:00:00,2025-08-17 00:10:00,2025-08-17 06:00:00,2025-08-17 06:00:00,35,1.8189894035458565e-12,0
2025-08-17 00:00:00,2025-08-17 12:00:00,M2,12,71,107,9739.88104554321,True,3800.023727299165,3392.0521161172487,14,60,2025-06-18 00:00:00,2025-08-16 00:00:00,14,2025-06-04 00:00:00,2025-06-17 00:00:00,2025-08-17 00:10:00,2025-08-17 12:00:00,2025-08-17 12:00:00,71,9.094947017729282e-13,0
2025-08-18 00:00:00,2025-08-18 06:00:00,M2,6,35,71,10398.648680141972,False,-3714.019271367382,-3539.326654235819,0,60,2025-06-19 00:00:00,2025-08-17 00:00:00,14,2025-06-05 00:00:00,2025-06-18 00:00:00,2025-08-18 00:10:00,2025-08-18 06:00:00,2025-08-18 06:00:00,35,2.2737367544323206e-13,0
2025-08-18 00:00:00,2025-08-18 12:00:00,M2,12,71,107,7171.032065104935,True,3828.451491349962,3611.0008731548296,17,60,2025-06-19 00:00:00,2025-08-17 00:00:00,14,2025-06-05 00:00:00,2025-06-18 00:00:00,2025-08-18 00:10:00,2025-08-18 12:00:00,2025-08-18 12:00:00,71,9.094947017729282e-13,0
2025-08-19 00:00:00,2025-08-19 06:00:00,M2,6,35,71,8638.161860160493,False,-3938.2847814850816,-3752.5800334875344,0,60,2025-06-20 00:00:00,2025-08-18 00:00:00,14,2025-06-06 00:00:00,2025-06-19 00:00:00,2025-08-19 00:10:00,2025-08-19 06:00:00,2025-08-19 06:00:00,35,9.094947017729282e-13,0
2025-08-19 00:00:00,2025-08-19 12:00:00,M2,12,71,107,6024.5193521975325,False,4334.925306752699,4374.566825492345,0,60,2025-06-20 00:00:00,2025-08-18 00:00:00,14,2025-06-06 00:00:00,2025-06-19 00:00:00,2025-08-19 00:10:00,2025-08-19 12:00:00,2025-08-19 12:00:00,71,2.2737367544323206e-13,0
2025-08-20 00:00:00,2025-08-20 06:00:00,M2,6,35,71,10800.0,True,128.70096571326877,-352.9851213263073,8,60,2025-06-21 00:00:00,2025-08-19 00:00:00,14,2025-06-07 00:00:00,2025-06-20 00:00:00,2025-08-20 00:10:00,2025-08-20 06:00:00,2025-08-20 06:00:00,35,9.094947017729282e-13,0
2025-08-20 00:00:00,2025-08-20 12:00:00,M2,12,71,107,3950.3759045586457,True,5401.827910921778,5117.406165207189,12,60,2025-06-21 00:00:00,2025-08-19 00:00:00,14,2025-06-07 00:00:00,2025-06-20 00:00:00,2025-08-20 00:10:00,2025-08-20 12:00:00,2025-08-20 12:00:00,71,1.1368683772161603e-13,0
2025-08-21 00:00:00,2025-08-21 06:00:00,M2,6,35,71,10045.349966185187,False,-4419.538887227081,-3530.4549193676107,0,60,2025-06-22 00:00:00,2025-08-20 00:00:00,14,2025-06-08 00:00:00,2025-06-21 00:00:00,2025-08-21 00:10:00,2025-08-21 06:00:00,2025-08-21 06:00:00,35,4.547473508864641e-13,0
2025-08-21 00:00:00,2025-08-21 12:00:00,M2,12,71,107,8989.856233222225,True,4186.4171922874475,3510.251444201756,17,60,2025-06-22 00:00:00,2025-08-20 00:00:00,14,2025-06-08 00:00:00,2025-06-21 00:00:00,2025-08-21 00:10:00,2025-08-21 12:00:00,2025-08-21 12:00:00,71,1.8189894035458565e-12,0
2025-08-22 00:00:00,2025-08-22 06:00:00,M2,6,35,71,2751.202258574075,True,-3861.458639883723,-4722.30216564255,4,60,2025-06-23 00:00:00,2025-08-21 00:00:00,14,2025-06-09 00:00:00,2025-06-22 00:00:00,2025-08-22 00:10:00,2025-08-22 06:00:00,2025-08-22 06:00:00,35,9.094947017729282e-13,0
2025-08-22 00:00:00,2025-08-22 12:00:00,M2,12,71,107,10800.0,True,-2665.0898887270114,-2790.7330962934857,14,60,2025-06-23 00:00:00,2025-08-21 00:00:00,14,2025-06-09 00:00:00,2025-06-22 00:00:00,2025-08-22 00:10:00,2025-08-22 12:00:00,2025-08-22 12:00:00,71,9.094947017729282e-13,0
2025-08-23 00:00:00,2025-08-23 06:00:00,M2,6,35,71,3563.7116101111105,False,-5749.467817825923,-5749.467817825923,0,60,2025-06-24 00:00:00,2025-08-22 00:00:00,14,2025-06-10 00:00:00,2025-06-23 00:00:00,2025-08-23 00:10:00,2025-08-23 06:00:00,2025-08-23 06:00:00,35,0.0,0
2025-08-23 00:00:00,2025-08-23 12:00:00,M2,12,71,107,10800.0,False,-3518.6426553577517,-3023.6808875387346,0,60,2025-06-24 00:00:00,2025-08-22 00:00:00,14,2025-06-10 00:00:00,2025-06-23 00:00:00,2025-08-23 00:10:00,2025-08-23 12:00:00,2025-08-23 12:00:00,71,9.094947017729282e-13,0
2025-08-24 00:00:00,2025-08-24 06:00:00,M2,6,35,71,9174.486391172843,False,-5183.349517901502,-5046.142114998094,0,60,2025-06-25 00:00:00,2025-08-23 00:00:00,14,2025-06-11 00:00:00,2025-06-24 00:00:00,2025-08-24 00:10:00,2025-08-24 06:00:00,2025-08-24 06:00:00,35,1.8189894035458565e-12,0
2025-08-24 00:00:00,2025-08-24 12:00:00,M2,12,71,107,6402.990911,False,4442.887034043969,5027.477576523181,0,60,2025-06-25 00:00:00,2025-08-23 00:00:00,14,2025-06-11 00:00:00,2025-06-24 00:00:00,2025-08-24 00:10:00,2025-08-24 12:00:00,2025-08-24 12:00:00,71,2.2737367544323206e-13,0
2025-08-25 00:00:00,2025-08-25 06:00:00,M2,6,35,71,10790.483457407408,False,-3498.924625920507,-1651.0561938112826,0,60,2025-06-26 00:00:00,2025-08-24 00:00:00,14,2025-06-12 00:00:00,2025-06-25 00:00:00,2025-08-25 00:10:00,2025-08-25 06:00:00,2025-08-25 06:00:00,35,9.094947017729282e-13,0
2025-08-25 00:00:00,2025-08-25 12:00:00,M2,12,71,107,9981.035574290121,True,12502.749062183182,8696.641394220658,29,60,2025-06-26 00:00:00,2025-08-24 00:00:00,14,2025-06-12 00:00:00,2025-06-25 00:00:00,2025-08-25 00:10:00,2025-08-25 12:00:00,2025-08-25 12:00:00,71,0.0,0
2025-08-26 00:00:00,2025-08-26 06:00:00,M2,6,35,71,10120.685284561727,False,-4813.424291546854,-4589.575924169673,0,60,2025-06-27 00:00:00,2025-08-25 00:00:00,14,2025-06-13 00:00:00,2025-06-26 00:00:00,2025-08-26 00:10:00,2025-08-26 06:00:00,2025-08-26 06:00:00,35,1.8189894035458565e-12,0
2025-08-26 00:00:00,2025-08-26 12:00:00,M2,12,71,107,6331.339430302467,False,4287.69464020555,4483.0441501423265,0,60,2025-06-27 00:00:00,2025-08-25 00:00:00,14,2025-06-13 00:00:00,2025-06-26 00:00:00,2025-08-26 00:10:00,2025-08-26 12:00:00,2025-08-26 12:00:00,71,2.2737367544323206e-13,0
2025-08-27 00:00:00,2025-08-27 06:00:00,M2,6,35,71,10800.0,False,-3254.3668731481744,-2540.9197100201595,0,60,2025-06-28 00:00:00,2025-08-26 00:00:00,14,2025-06-14 00:00:00,2025-06-27 00:00:00,2025-08-27 00:10:00,2025-08-27 06:00:00,2025-08-27 06:00:00,35,1.8189894035458565e-12,0
2025-08-27 00:00:00,2025-08-27 12:00:00,M2,12,71,107,6437.810190648148,False,4835.444109823124,6002.01732953661,0,60,2025-06-28 00:00:00,2025-08-26 00:00:00,14,2025-06-14 00:00:00,2025-06-27 00:00:00,2025-08-27 00:10:00,2025-08-27 12:00:00,2025-08-27 12:00:00,71,9.094947017729282e-13,0
2025-08-28 00:00:00,2025-08-28 06:00:00,M2,6,35,71,10799.312531481482,False,-2897.9306496857557,-2498.773414973752,0,60,2025-06-29 00:00:00,2025-08-27 00:00:00,14,2025-06-15 00:00:00,2025-06-28 00:00:00,2025-08-28 00:10:00,2025-08-28 06:00:00,2025-08-28 06:00:00,35,9.094947017729282e-13,0
2025-08-28 00:00:00,2025-08-28 12:00:00,M2,12,71,107,4426.980119617284,False,5279.040442754672,8068.2763463843485,0,60,2025-06-29 00:00:00,2025-08-27 00:00:00,14,2025-06-15 00:00:00,2025-06-28 00:00:00,2025-08-28 00:10:00,2025-08-28 12:00:00,2025-08-28 12:00:00,71,2.2737367544323206e-13,0
2025-08-29 00:00:00,2025-08-29 06:00:00,M2,6,35,71,4948.398162484567,False,-5704.668,-5704.668,0,60,2025-06-30 00:00:00,2025-08-28 00:00:00,14,2025-06-16 00:00:00,2025-06-29 00:00:00,2025-08-29 00:10:00,2025-08-29 06:00:00,2025-08-29 06:00:00,35,0.0,0
2025-08-29 00:00:00,2025-08-29 12:00:00,M2,12,71,107,10800.0,True,-2390.348202431674,-2610.990247715018,15,60,2025-06-30 00:00:00,2025-08-28 00:00:00,14,2025-06-16 00:00:00,2025-06-29 00:00:00,2025-08-29 00:10:00,2025-08-29 12:00:00,2025-08-29 12:00:00,71,4.547473508864641e-13,0
2025-08-30 00:00:00,2025-08-30 06:00:00,M2,6,35,71,3863.4548017407415,False,-5788.704173371524,-5788.704173371524,0,60,2025-07-01 00:00:00,2025-08-29 00:00:00,14,2025-06-17 00:00:00,2025-06-30 00:00:00,2025-08-30 00:10:00,2025-08-30 06:00:00,2025-08-30 06:00:00,35,4.547473508864641e-13,0
2025-08-30 00:00:00,2025-08-30 12:00:00,M2,12,71,107,10800.0,True,-2942.9533808704946,-2960.875741586146,18,60,2025-07-01 00:00:00,2025-08-29 00:00:00,14,2025-06-17 00:00:00,2025-06-30 00:00:00,2025-08-30 00:10:00,2025-08-30 12:00:00,2025-08-30 12:00:00,71,1.1368683772161603e-13,0
2025-08-31 00:00:00,2025-08-31 06:00:00,M2,6,35,71,8730.972863790113,True,-16.861009670791645,-1700.6222166366326,7,60,2025-07-02 00:00:00,2025-08-30 00:00:00,14,2025-06-18 00:00:00,2025-07-01 00:00:00,2025-08-31 00:10:00,2025-08-31 06:00:00,2025-08-31 06:00:00,35,2.842170943040401e-14,0
2025-08-31 00:00:00,2025-08-31 12:00:00,M2,12,71,107,5866.713461888895,True,4696.867199947609,4415.90520332218,18,60,2025-07-02 00:00:00,2025-08-30 00:00:00,14,2025-06-18 00:00:00,2025-07-01 00:00:00,2025-08-31 00:10:00,2025-08-31 12:00:00,2025-08-31 12:00:00,71,9.094947017729282e-13,0
2025-09-01 00:00:00,2025-09-01 06:00:00,M2,6,35,71,10800.0,False,-4863.009345056206,-3706.1856955082235,0,60,2025-07-03 00:00:00,2025-08-31 00:00:00,14,2025-06-19 00:00:00,2025-07-02 00:00:00,2025-09-01 00:10:00,2025-09-01 06:00:00,2025-09-01 06:00:00,35,9.094947017729282e-13,0
2025-09-01 00:00:00,2025-09-01 12:00:00,M2,12,71,107,10800.0,True,5307.062787461045,4196.076009502994,15,60,2025-07-03 00:00:00,2025-08-31 00:00:00,14,2025-06-19 00:00:00,2025-07-02 00:00:00,2025-09-01 00:10:00,2025-09-01 12:00:00,2025-09-01 12:00:00,71,4.547473508864641e-13,0
2025-09-02 00:00:00,2025-09-02 06:00:00,M2,6,35,71,10763.642391975309,False,-5066.096044592768,-5049.634341857555,0,60,2025-07-04 00:00:00,2025-09-01 00:00:00,14,2025-06-20 00:00:00,2025-07-03 00:00:00,2025-09-02 00:10:00,2025-09-02 06:00:00,2025-09-02 06:00:00,35,9.094947017729282e-13,0
2025-09-02 00:00:00,2025-09-02 12:00:00,M2,12,71,107,7229.38473784568,True,2293.8655579342126,2122.0004869725176,10,60,2025-07-04 00:00:00,2025-09-01 00:00:00,14,2025-06-20 00:00:00,2025-07-03 00:00:00,2025-09-02 00:10:00,2025-09-02 12:00:00,2025-09-02 12:00:00,71,4.547473508864641e-13,0
2025-09-03 00:00:00,2025-09-03 06:00:00,M2,6,35,71,10066.9745,False,-5983.750558127869,-5464.859730825076,0,60,2025-07-05 00:00:00,2025-09-02 00:00:00,14,2025-06-21 00:00:00,2025-07-04 00:00:00,2025-09-03 00:10:00,2025-09-03 06:00:00,2025-09-03 06:00:00,35,4.547473508864641e-13,0
2025-09-03 00:00:00,2025-09-03 12:00:00,M2,12,71,107,8283.194417320987,True,5270.265383073276,4799.5199048271,15,60,2025-07-05 00:00:00,2025-09-02 00:00:00,14,2025-06-21 00:00:00,2025-07-04 00:00:00,2025-09-03 00:10:00,2025-09-03 12:00:00,2025-09-03 12:00:00,71,9.094947017729282e-13,0
2025-09-04 00:00:00,2025-09-04 06:00:00,M2,6,35,71,10067.797518518519,False,-6872.310408390019,-6755.469525407888,0,60,2025-07-06 00:00:00,2025-09-03 00:00:00,14,2025-06-22 00:00:00,2025-07-05 00:00:00,2025-09-04 00:10:00,2025-09-04 06:00:00,2025-09-04 06:00:00,35,9.094947017729282e-13,0
2025-09-04 00:00:00,2025-09-04 12:00:00,M2,12,71,107,7944.659614203703,True,5725.472237901057,5114.670773485171,19,60,2025-07-06 00:00:00,2025-09-03 00:00:00,14,2025-06-22 00:00:00,2025-07-05 00:00:00,2025-09-04 00:10:00,2025-09-04 12:00:00,2025-09-04 12:00:00,71,2.2737367544323206e-13,0
2025-09-05 00:00:00,2025-09-05 06:00:00,M2,6,35,71,6745.092267314812,False,-5984.603999999998,-5984.603999999998,0,60,2025-07-07 00:00:00,2025-09-04 00:00:00,14,2025-06-23 00:00:00,2025-07-06 00:00:00,2025-09-05 00:10:00,2025-09-05 06:00:00,2025-09-05 06:00:00,35,5.684341886080802e-14,0
2025-09-05 00:00:00,2025-09-05 12:00:00,M2,12,71,107,10800.0,True,-2866.1156915324996,-3229.4539027361725,12,60,2025-07-07 00:00:00,2025-09-04 00:00:00,14,2025-06-23 00:00:00,2025-07-06 00:00:00,2025-09-05 00:10:00,2025-09-05 12:00:00,2025-09-05 12:00:00,71,9.094947017729282e-13,0
2025-09-06 00:00:00,2025-09-06 06:00:00,M2,6,35,71,6744.2797071728355,False,-5789.718,-5789.718,0,60,2025-07-08 00:00:00,2025-09-05 00:00:00,14,2025-06-24 00:00:00,2025-07-07 00:00:00,2025-09-06 00:10:00,2025-09-06 06:00:00,2025-09-06 06:00:00,35,1.8189894035458565e-12,0
2025-09-06 00:00:00,2025-09-06 12:00:00,M2,12,71,107,10800.0,True,-2977.507705240278,-3220.4864217372988,12,60,2025-07-08 00:00:00,2025-09-05 00:00:00,14,2025-06-24 00:00:00,2025-07-07 00:00:00,2025-09-06 00:10:00,2025-09-06 12:00:00,2025-09-06 12:00:00,71,1.1368683772161603e-13,0
2025-09-07 00:00:00,2025-09-07 06:00:00,M2,6,35,71,10084.517277777777,False,-4761.695594284551,-3857.586447358352,0,60,2025-07-09 00:00:00,2025-09-06 00:00:00,14,2025-06-25 00:00:00,2025-07-08 00:00:00,2025-09-07 00:10:00,2025-09-07 06:00:00,2025-09-07 06:00:00,35,4.547473508864641e-13,0
2025-09-07 00:00:00,2025-09-07 12:00:00,M2,12,71,107,6420.429777956794,True,3601.9078234462495,3595.150137482676,8,60,2025-07-09 00:00:00,2025-09-06 00:00:00,14,2025-06-25 00:00:00,2025-07-08 00:00:00,2025-09-07 00:10:00,2025-09-07 12:00:00,2025-09-07 12:00:00,71,0.0,0
2025-09-08 00:00:00,2025-09-08 06:00:00,M2,6,35,71,10771.142068518518,False,-4227.36557528761,-3725.7615382927493,0,60,2025-07-10 00:00:00,2025-09-07 00:00:00,14,2025-06-26 00:00:00,2025-07-09 00:00:00,2025-09-08 00:10:00,2025-09-08 06:00:00,2025-09-08 06:00:00,35,9.094947017729282e-13,0
2025-09-08 00:00:00,2025-09-08 12:00:00,M2,12,71,107,8088.878067018521,True,4774.46004305323,4455.303120358252,10,60,2025-07-10 00:00:00,2025-09-07 00:00:00,14,2025-06-26 00:00:00,2025-07-09 00:00:00,2025-09-08 00:10:00,2025-09-08 12:00:00,2025-09-08 12:00:00,71,4.547473508864641e-13,0
2025-09-09 00:00:00,2025-09-09 06:00:00,M2,6,35,71,10098.047666666667,True,-6156.287561845872,-6157.181876245423,1,60,2025-07-11 00:00:00,2025-09-08 00:00:00,14,2025-06-27 00:00:00,2025-07-10 00:00:00,2025-09-09 00:10:00,2025-09-09 06:00:00,2025-09-09 06:00:00,35,1.8189894035458565e-12,0
2025-09-09 00:00:00,2025-09-09 12:00:00,M2,12,71,107,7570.610148401242,False,2747.8520175943745,3278.2864174557712,0,60,2025-07-11 00:00:00,2025-09-08 00:00:00,14,2025-06-27 00:00:00,2025-07-10 00:00:00,2025-09-09 00:10:00,2025-09-09 12:00:00,2025-09-09 12:00:00,71,4.547473508864641e-13,0
2025-09-10 00:00:00,2025-09-10 06:00:00,M2,6,35,71,10800.0,False,-4221.842319861964,-2968.0044188801444,0,60,2025-07-12 00:00:00,2025-09-09 00:00:00,14,2025-06-28 00:00:00,2025-07-11 00:00:00,2025-09-10 00:10:00,2025-09-10 06:00:00,2025-09-10 06:00:00,35,0.0,0
2025-09-10 00:00:00,2025-09-10 12:00:00,M2,12,71,107,6982.370435092593,True,4866.459309166731,4796.907656413902,14,60,2025-07-12 00:00:00,2025-09-09 00:00:00,14,2025-06-28 00:00:00,2025-07-11 00:00:00,2025-09-10 00:10:00,2025-09-10 12:00:00,2025-09-10 12:00:00,71,4.547473508864641e-13,0
2025-09-11 00:00:00,2025-09-11 06:00:00,M2,6,35,71,10055.508981481482,False,-4388.511610750861,-4043.7064144181263,0,60,2025-07-13 00:00:00,2025-09-10 00:00:00,14,2025-06-29 00:00:00,2025-07-12 00:00:00,2025-09-11 00:10:00,2025-09-11 06:00:00,2025-09-11 06:00:00,35,4.547473508864641e-13,0
2025-09-11 00:00:00,2025-09-11 12:00:00,M2,12,71,107,6924.649767407408,True,6275.417491757864,4747.67349559238,25,60,2025-07-13 00:00:00,2025-09-10 00:00:00,14,2025-06-29 00:00:00,2025-07-12 00:00:00,2025-09-11 00:10:00,2025-09-11 12:00:00,2025-09-11 12:00:00,71,9.094947017729282e-13,0
2025-09-12 00:00:00,2025-09-12 06:00:00,M2,6,35,71,5285.422528138886,False,-5096.195999999998,-5096.195999999998,0,60,2025-07-14 00:00:00,2025-09-11 00:00:00,14,2025-06-30 00:00:00,2025-07-13 00:00:00,2025-09-12 00:10:00,2025-09-12 06:00:00,2025-09-12 06:00:00,35,9.094947017729282e-13,0
2025-09-12 00:00:00,2025-09-12 12:00:00,M2,12,71,107,10800.0,False,-2704.271659538474,-2702.649945337556,0,60,2025-07-14 00:00:00,2025-09-11 00:00:00,14,2025-06-30 00:00:00,2025-07-13 00:00:00,2025-09-12 00:10:00,2025-09-12 12:00:00,2025-09-12 12:00:00,71,9.094947017729282e-13,0
2025-09-13 00:00:00,2025-09-13 06:00:00,M2,6,35,71,5590.062924379628,False,-4825.979999999998,-4825.979999999998,0,60,2025-07-15 00:00:00,2025-09-12 00:00:00,14,2025-07-01 00:00:00,2025-07-14 00:00:00,2025-09-13 00:10:00,2025-09-13 06:00:00,2025-09-13 06:00:00,35,0.0,0
2025-09-13 00:00:00,2025-09-13 12:00:00,M2,12,71,107,10800.0,True,-2475.517878511055,-2483.093935498637,9,60,2025-07-15 00:00:00,2025-09-12 00:00:00,14,2025-07-01 00:00:00,2025-07-14 00:00:00,2025-09-13 00:10:00,2025-09-13 12:00:00,2025-09-13 12:00:00,71,0.0,0
2025-09-14 00:00:00,2025-09-14 06:00:00,M2,6,35,71,10800.0,False,-2433.767451242137,-781.9163478786389,0,60,2025-07-16 00:00:00,2025-09-13 00:00:00,14,2025-07-02 00:00:00,2025-07-15 00:00:00,2025-09-14 00:10:00,2025-09-14 06:00:00,2025-09-14 06:00:00,35,1.8189894035458565e-12,0
2025-09-14 00:00:00,2025-09-14 12:00:00,M2,12,71,107,10391.116393975311,True,5119.404141868729,4190.198648441114,24,60,2025-07-16 00:00:00,2025-09-13 00:00:00,14,2025-07-02 00:00:00,2025-07-15 00:00:00,2025-09-14 00:10:00,2025-09-14 12:00:00,2025-09-14 12:00:00,71,9.094947017729282e-13,0
2025-09-15 00:00:00,2025-09-15 06:00:00,M2,6,35,71,9981.695155666663,True,-4802.990755955041,-5154.470859936251,2,60,2025-07-17 00:00:00,2025-09-14 00:00:00,14,2025-07-03 00:00:00,2025-07-16 00:00:00,2025-09-15 00:10:00,2025-09-15 06:00:00,2025-09-15 06:00:00,35,1.8189894035458565e-12,0
2025-09-15 00:00:00,2025-09-15 12:00:00,M2,12,71,107,6512.53068,False,2538.720162926102,2844.715310142076,0,60,2025-07-17 00:00:00,2025-09-14 00:00:00,14,2025-07-03 00:00:00,2025-07-16 00:00:00,2025-09-15 00:10:00,2025-09-15 12:00:00,2025-09-15 12:00:00,71,0.0,0
2025-09-16 00:00:00,2025-09-16 06:00:00,M2,6,35,71,10392.38378614814,False,-2568.9942604963076,-1892.722909991089,0,60,2025-07-18 00:00:00,2025-09-15 00:00:00,14,2025-07-04 00:00:00,2025-07-17 00:00:00,2025-09-16 00:10:00,2025-09-16 06:00:00,2025-09-16 06:00:00,35,4.547473508864641e-13,0
2025-09-16 00:00:00,2025-09-16 12:00:00,M2,12,71,107,7118.089102814808,True,5690.698520820296,4729.32715365135,25,60,2025-07-18 00:00:00,2025-09-15 00:00:00,14,2025-07-04 00:00:00,2025-07-17 00:00:00,2025-09-16 00:10:00,2025-09-16 12:00:00,2025-09-16 12:00:00,71,0.0,0
2025-09-17 00:00:00,2025-09-17 06:00:00,M2,6,35,71,10800.0,True,-1340.8538262818631,-1835.1789292220712,7,60,2025-07-19 00:00:00,2025-09-16 00:00:00,14,2025-07-05 00:00:00,2025-07-18 00:00:00,2025-09-17 00:10:00,2025-09-17 06:00:00,2025-09-17 06:00:00,35,1.8189894035458565e-12,0
2025-09-17 00:00:00,2025-09-17 12:00:00,M2,12,71,107,3877.085549287035,True,4732.863254920396,4602.303233400764,13,60,2025-07-19 00:00:00,2025-09-16 00:00:00,14,2025-07-05 00:00:00,2025-07-18 00:00:00,2025-09-17 00:10:00,2025-09-17 12:00:00,2025-09-17 12:00:00,71,2.2737367544323206e-13,0
2025-09-18 00:00:00,2025-09-18 06:00:00,M2,6,35,71,10285.769411561723,True,1132.9586294950047,-91.27229156128215,13,60,2025-07-20 00:00:00,2025-09-17 00:00:00,14,2025-07-06 00:00:00,2025-07-19 00:00:00,2025-09-18 00:10:00,2025-09-18 06:00:00,2025-09-18 06:00:00,35,1.8189894035458565e-12,0
2025-09-18 00:00:00,2025-09-18 12:00:00,M2,12,71,107,9410.512410354946,False,2564.776126732129,2725.8404290240173,0,60,2025-07-20 00:00:00,2025-09-17 00:00:00,14,2025-07-06 00:00:00,2025-07-19 00:00:00,2025-09-18 00:10:00,2025-09-18 12:00:00,2025-09-18 12:00:00,71,9.094947017729282e-13,0
2025-09-19 00:00:00,2025-09-19 06:00:00,M2,6,35,71,3846.5037231111114,True,-4448.440151990714,-4925.349377128917,4,60,2025-07-21 00:00:00,2025-09-18 00:00:00,14,2025-07-07 00:00:00,2025-07-20 00:00:00,2025-09-19 00:10:00,2025-09-19 06:00:00,2025-09-19 06:00:00,35,4.547473508864641e-13,0
2025-09-19 00:00:00,2025-09-19 12:00:00,M2,12,71,107,10800.0,True,-3194.6444403389687,-3222.7505445460924,12,60,2025-07-21 00:00:00,2025-09-18 00:00:00,14,2025-07-07 00:00:00,2025-07-20 00:00:00,2025-09-19 00:10:00,2025-09-19 12:00:00,2025-09-19 12:00:00,71,9.094947017729282e-13,0
2025-09-20 00:00:00,2025-09-20 06:00:00,M2,6,35,71,4019.648521179009,True,-5042.815632298568,-5046.134287394721,3,60,2025-07-22 00:00:00,2025-09-19 00:00:00,14,2025-07-08 00:00:00,2025-07-21 00:00:00,2025-09-20 00:10:00,2025-09-20 06:00:00,2025-09-20 06:00:00,35,9.094947017729282e-13,0
2025-09-20 00:00:00,2025-09-20 12:00:00,M2,12,71,107,10800.0,True,-2814.804109464155,-2885.394513901136,13,60,2025-07-22 00:00:00,2025-09-19 00:00:00,14,2025-07-08 00:00:00,2025-07-21 00:00:00,2025-09-20 00:10:00,2025-09-20 12:00:00,2025-09-20 12:00:00,71,9.094947017729282e-13,0
2025-09-21 00:00:00,2025-09-21 06:00:00,M2,6,35,71,10772.372088271604,False,-2749.6822412285865,-2587.922171485595,0,60,2025-07-23 00:00:00,2025-09-20 00:00:00,14,2025-07-09 00:00:00,2025-07-22 00:00:00,2025-09-21 00:10:00,2025-09-21 06:00:00,2025-09-21 06:00:00,35,9.094947017729282e-13,0
2025-09-21 00:00:00,2025-09-21 12:00:00,M2,12,71,107,7563.124723771607,True,3886.9708968936648,3300.3963934994204,23,60,2025-07-23 00:00:00,2025-09-20 00:00:00,14,2025-07-09 00:00:00,2025-07-22 00:00:00,2025-09-21 00:10:00,2025-09-21 12:00:00,2025-09-21 12:00:00,71,4.547473508864641e-13,0
2025-09-22 00:00:00,2025-09-22 06:00:00,M2,6,35,71,10605.656361151232,False,-3281.6802011480163,-2398.2183997758143,0,60,2025-07-24 00:00:00,2025-09-21 00:00:00,14,2025-07-10 00:00:00,2025-07-23 00:00:00,2025-09-22 00:10:00,2025-09-22 06:00:00,2025-09-22 06:00:00,35,4.547473508864641e-13,0
2025-09-22 00:00:00,2025-09-22 12:00:00,M2,12,71,107,6537.557377000003,True,6753.44985224579,5134.742280723275,25,60,2025-07-24 00:00:00,2025-09-21 00:00:00,14,2025-07-10 00:00:00,2025-07-23 00:00:00,2025-09-22 00:10:00,2025-09-22 12:00:00,2025-09-22 12:00:00,71,9.094947017729282e-13,0
2025-09-23 00:00:00,2025-09-23 06:00:00,M2,6,35,71,10792.464816666667,False,-2515.7847686937307,-1838.9589667204218,0,60,2025-07-25 00:00:00,2025-09-22 00:00:00,14,2025-07-11 00:00:00,2025-07-24 00:00:00,2025-09-23 00:10:00,2025-09-23 06:00:00,2025-09-23 06:00:00,35,0.0,0
2025-09-23 00:00:00,2025-09-23 12:00:00,M2,12,71,107,5906.434883141976,True,4948.94025282565,4588.1648754971275,22,60,2025-07-25 00:00:00,2025-09-22 00:00:00,14,2025-07-11 00:00:00,2025-07-24 00:00:00,2025-09-23 00:10:00,2025-09-23 12:00:00,2025-09-23 12:00:00,71,2.2737367544323206e-13,0
2025-09-24 00:00:00,2025-09-24 06:00:00,M2,6,35,71,10676.242523709874,True,562.5408829314816,-341.9740714693741,11,60,2025-07-26 00:00:00,2025-09-23 00:00:00,14,2025-07-12 00:00:00,2025-07-25 00:00:00,2025-09-24 00:10:00,2025-09-24 06:00:00,2025-09-24 06:00:00,35,4.547473508864641e-13,0
2025-09-24 00:00:00,2025-09-24 12:00:00,M2,12,71,107,7074.977313311727,False,2649.924560086416,3530.363863024578,0,60,2025-07-26 00:00:00,2025-09-23 00:00:00,14,2025-07-12 00:00:00,2025-07-25 00:00:00,2025-09-24 00:10:00,2025-09-24 12:00:00,2025-09-24 12:00:00,71,2.2737367544323206e-13,0
2025-09-25 00:00:00,2025-09-25 06:00:00,M2,6,35,71,10579.051340620368,True,-255.28332128152115,-814.2185912658836,10,60,2025-07-27 00:00:00,2025-09-24 00:00:00,14,2025-07-13 00:00:00,2025-07-26 00:00:00,2025-09-25 00:10:00,2025-09-25 06:00:00,2025-09-25 06:00:00,35,1.8189894035458565e-12,0
2025-09-25 00:00:00,2025-09-25 12:00:00,M2,12,71,107,8706.0449429753,True,3389.6760438650526,3223.6320686442705,9,60,2025-07-27 00:00:00,2025-09-24 00:00:00,14,2025-07-13 00:00:00,2025-07-26 00:00:00,2025-09-25 00:10:00,2025-09-25 12:00:00,2025-09-25 12:00:00,71,0.0,0
2025-09-26 00:00:00,2025-09-26 06:00:00,M2,6,35,71,4844.453212771607,False,-4759.586134543422,-4759.586134543422,0,60,2025-07-28 00:00:00,2025-09-25 00:00:00,14,2025-07-14 00:00:00,2025-07-27 00:00:00,2025-09-26 00:10:00,2025-09-26 06:00:00,2025-09-26 06:00:00,35,4.547473508864641e-13,0
2025-09-26 00:00:00,2025-09-26 12:00:00,M2,12,71,107,10126.621692401239,True,-2785.5787847500583,-3103.8458219536656,16,60,2025-07-28 00:00:00,2025-09-25 00:00:00,14,2025-07-14 00:00:00,2025-07-27 00:00:00,2025-09-26 00:10:00,2025-09-26 12:00:00,2025-09-26 12:00:00,71,4.547473508864641e-13,0
2025-09-27 00:00:00,2025-09-27 06:00:00,M2,6,35,71,4219.704711972222,True,-4357.700401402554,-5085.105384669214,4,60,2025-07-29 00:00:00,2025-09-26 00:00:00,14,2025-07-15 00:00:00,2025-07-28 00:00:00,2025-09-27 00:10:00,2025-09-27 06:00:00,2025-09-27 06:00:00,35,4.547473508864641e-13,0
2025-09-27 00:00:00,2025-09-27 12:00:00,M2,12,71,107,10800.0,False,-3017.4238867502754,-2791.1526164130987,0,60,2025-07-29 00:00:00,2025-09-26 00:00:00,14,2025-07-15 00:00:00,2025-07-28 00:00:00,2025-09-27 00:10:00,2025-09-27 12:00:00,2025-09-27 12:00:00,71,1.8189894035458565e-12,0
2025-09-28 00:00:00,2025-09-28 06:00:00,M2,6,35,71,10776.050106629627,False,-880.7258884348806,167.6480982035106,0,60,2025-07-30 00:00:00,2025-09-27 00:00:00,14,2025-07-16 00:00:00,2025-07-29 00:00:00,2025-09-28 00:10:00,2025-09-28 06:00:00,2025-09-28 06:00:00,35,9.094947017729282e-13,0
2025-09-28 00:00:00,2025-09-28 12:00:00,M2,12,71,107,5351.371716500002,False,4955.908605707114,5816.5069341515655,0,60,2025-07-30 00:00:00,2025-09-27 00:00:00,14,2025-07-16 00:00:00,2025-07-29 00:00:00,2025-09-28 00:10:00,2025-09-28 12:00:00,2025-09-28 12:00:00,71,4.547473508864641e-13,0
2025-09-29 00:00:00,2025-09-29 06:00:00,M2,6,35,71,10645.556730154318,False,-2982.5875813812095,-1744.9041134214717,0,60,2025-07-31 00:00:00,2025-09-28 00:00:00,14,2025-07-17 00:00:00,2025-07-30 00:00:00,2025-09-29 00:10:00,2025-09-29 06:00:00,2025-09-29 06:00:00,35,4.547473508864641e-13,0
2025-09-29 00:00:00,2025-09-29 12:00:00,M2,12,71,107,6445.068784617284,True,5373.626572510936,4545.1564701971565,23,60,2025-07-31 00:00:00,2025-09-28 00:00:00,14,2025-07-17 00:00:00,2025-07-30 00:00:00,2025-09-29 00:10:00,2025-09-29 12:00:00,2025-09-29 12:00:00,71,9.094947017729282e-13,0
2025-09-30 00:00:00,2025-09-30 06:00:00,M2,6,35,71,10599.707735759257,True,998.2615961397349,-1007.6785422256455,6,60,2025-08-01 00:00:00,2025-09-29 00:00:00,14,2025-07-18 00:00:00,2025-07-31 00:00:00,2025-09-30 00:10:00,2025-09-30 06:00:00,2025-09-30 06:00:00,35,4.547473508864641e-13,0
2025-09-30 00:00:00,2025-09-30 12:00:00,M2,12,71,107,4225.185831845683,False,7320.138949715953,7601.36020517706,0,60,2025-08-01 00:00:00,2025-09-29 00:00:00,14,2025-07-18 00:00:00,2025-07-31 00:00:00,2025-09-30 00:10:00,2025-09-30 12:00:00,2025-09-30 12:00:00,71,9.094947017729282e-13,0
2025-10-01 00:00:00,2025-10-01 06:00:00,M2,6,35,71,10800.0,False,-4612.768068262218,-4312.951954274454,0,60,2025-08-02 00:00:00,2025-09-30 00:00:00,14,2025-07-19 00:00:00,2025-08-01 00:00:00,2025-10-01 00:10:00,2025-10-01 06:00:00,2025-10-01 06:00:00,35,4.547473508864641e-13,0
2025-10-01 00:00:00,2025-10-01 12:00:00,M2,12,71,107,8808.075886641982,True,3860.9976956274245,3241.6679900590866,22,60,2025-08-02 00:00:00,2025-09-30 00:00:00,14,2025-07-19 00:00:00,2025-08-01 00:00:00,2025-10-01 00:10:00,2025-10-01 12:00:00,2025-10-01 12:00:00,71,4.547473508864641e-13,0
2025-10-02 00:00:00,2025-10-02 06:00:00,M2,6,35,71,10751.0422845679,False,-3761.124379482882,-1799.5132901031582,0,60,2025-08-03 00:00:00,2025-10-01 00:00:00,14,2025-07-20 00:00:00,2025-08-02 00:00:00,2025-10-02 00:10:00,2025-10-02 06:00:00,2025-10-02 06:00:00,35,4.547473508864641e-13,0
2025-10-02 00:00:00,2025-10-02 12:00:00,M2,12,71,107,9543.860263956787,True,5254.206031419914,3463.996772175211,25,60,2025-08-03 00:00:00,2025-10-01 00:00:00,14,2025-07-20 00:00:00,2025-08-02 00:00:00,2025-10-02 00:10:00,2025-10-02 12:00:00,2025-10-02 12:00:00,71,1.1368683772161603e-13,0
2025-10-03 00:00:00,2025-10-03 06:00:00,M2,6,35,71,4736.868231154319,False,-5555.952,-5555.952,0,60,2025-08-04 00:00:00,2025-10-02 00:00:00,14,2025-07-21 00:00:00,2025-08-03 00:00:00,2025-10-03 00:10:00,2025-10-03 06:00:00,2025-10-03 06:00:00,35,9.094947017729282e-13,0
2025-10-03 00:00:00,2025-10-03 12:00:00,M2,12,71,107,10800.0,False,-3438.5630566643194,-3250.76045848916,0,60,2025-08-04 00:00:00,2025-10-02 00:00:00,14,2025-07-21 00:00:00,2025-08-03 00:00:00,2025-10-03 00:10:00,2025-10-03 12:00:00,2025-10-03 12:00:00,71,9.094947017729282e-13,0
2025-10-04 00:00:00,2025-10-04 06:00:00,M2,6,35,71,5435.200635611109,False,-5734.665684495734,-5734.665684495734,0,60,2025-08-05 00:00:00,2025-10-03 00:00:00,14,2025-07-22 00:00:00,2025-08-04 00:00:00,2025-10-04 00:10:00,2025-10-04 06:00:00,2025-10-04 06:00:00,35,9.094947017729282e-13,0
2025-10-04 00:00:00,2025-10-04 12:00:00,M2,12,71,107,10800.0,True,-2939.1723099268047,-3030.9876318637675,13,60,2025-08-05 00:00:00,2025-10-03 00:00:00,14,2025-07-22 00:00:00,2025-08-04 00:00:00,2025-10-04 00:10:00,2025-10-04 12:00:00,2025-10-04 12:00:00,71,4.547473508864641e-13,0
2025-10-05 00:00:00,2025-10-05 06:00:00,M2,6,35,71,10651.829135222222,False,-2678.1584451345266,-1179.2512165813282,0,60,2025-08-06 00:00:00,2025-10-04 00:00:00,14,2025-07-23 00:00:00,2025-08-05 00:00:00,2025-10-05 00:10:00,2025-10-05 06:00:00,2025-10-05 06:00:00,35,9.094947017729282e-13,0
2025-10-05 00:00:00,2025-10-05 12:00:00,M2,12,71,107,9778.613888648153,True,4167.547969201488,3534.477564976835,15,60,2025-08-06 00:00:00,2025-10-04 00:00:00,14,2025-07-23 00:00:00,2025-08-05 00:00:00,2025-10-05 00:10:00,2025-10-05 12:00:00,2025-10-05 12:00:00,71,9.094947017729282e-13,0
2025-10-06 00:00:00,2025-10-06 06:00:00,M2,6,35,71,10800.0,True,-2474.2349115413695,-2848.372077715135,9,60,2025-08-07 00:00:00,2025-10-05 00:00:00,14,2025-07-24 00:00:00,2025-08-06 00:00:00,2025-10-06 00:10:00,2025-10-06 06:00:00,2025-10-06 06:00:00,35,7.275957614183426e-12,0
2025-10-06 00:00:00,2025-10-06 12:00:00,M2,12,71,107,7020.168274987658,False,3454.115642975705,3669.899175516923,0,60,2025-08-07 00:00:00,2025-10-05 00:00:00,14,2025-07-24 00:00:00,2025-08-06 00:00:00,2025-10-06 00:10:00,2025-10-06 12:00:00,2025-10-06 12:00:00,71,9.094947017729282e-13,0
2025-10-07 00:00:00,2025-10-07 06:00:00,M2,6,35,71,10789.24624074074,True,-1756.3725344024838,-1970.8256140565688,5,60,2025-08-08 00:00:00,2025-10-06 00:00:00,14,2025-07-25 00:00:00,2025-08-07 00:00:00,2025-10-07 00:10:00,2025-10-07 06:00:00,2025-10-07 06:00:00,35,0.0,0
2025-10-07 00:00:00,2025-10-07 12:00:00,M2,12,71,107,5009.14521618828,False,3959.797954443823,4710.092665034929,0,60,2025-08-08 00:00:00,2025-10-06 00:00:00,14,2025-07-25 00:00:00,2025-08-07 00:00:00,2025-10-07 00:10:00,2025-10-07 12:00:00,2025-10-07 12:00:00,71,1.4210854715202004e-14,0
2025-10-08 00:00:00,2025-10-08 06:00:00,M2,6,35,71,10797.646780246914,False,-2911.8812360918914,-2746.125757129875,0,60,2025-08-09 00:00:00,2025-10-07 00:00:00,14,2025-07-26 00:00:00,2025-08-08 00:00:00,2025-10-08 00:10:00,2025-10-08 06:00:00,2025-10-08 06:00:00,35,2.2737367544323206e-13,0
2025-10-08 00:00:00,2025-10-08 12:00:00,M2,12,71,107,4919.861069000001,False,3156.652591832136,3250.7312697958273,0,60,2025-08-09 00:00:00,2025-10-07 00:00:00,14,2025-07-26 00:00:00,2025-08-08 00:00:00,2025-10-08 00:10:00,2025-10-08 12:00:00,2025-10-08 12:00:00,71,9.094947017729282e-13,0
2025-10-09 00:00:00,2025-10-09 06:00:00,M2,6,35,71,10698.846834537037,False,-2575.298605029079,-875.611429333802,0,60,2025-08-10 00:00:00,2025-10-08 00:00:00,14,2025-07-27 00:00:00,2025-08-09 00:00:00,2025-10-09 00:10:00,2025-10-09 06:00:00,2025-10-09 06:00:00,35,4.547473508864641e-13,0
2025-10-09 00:00:00,2025-10-09 12:00:00,M2,12,71,107,8305.967225074075,True,5317.070813775242,4049.8183029193656,24,60,2025-08-10 00:00:00,2025-10-08 00:00:00,14,2025-07-27 00:00:00,2025-08-09 00:00:00,2025-10-09 00:10:00,2025-10-09 12:00:00,2025-10-09 12:00:00,71,9.094947017729282e-13,0
2025-10-10 00:00:00,2025-10-10 06:00:00,M2,6,35,71,5217.1714817530865,False,-5100.084000000001,-5100.084000000001,0,60,2025-08-11 00:00:00,2025-10-09 00:00:00,14,2025-07-28 00:00:00,2025-08-10 00:00:00,2025-10-10 00:10:00,2025-10-10 06:00:00,2025-10-10 06:00:00,35,9.094947017729282e-13,0
2025-10-10 00:00:00,2025-10-10 12:00:00,M2,12,71,107,10800.0,True,-2687.862122552649,-2794.9803941698524,13,60,2025-08-11 00:00:00,2025-10-09 00:00:00,14,2025-07-28 00:00:00,2025-08-10 00:00:00,2025-10-10 00:10:00,2025-10-10 12:00:00,2025-10-10 12:00:00,71,0.0,0
2025-10-11 00:00:00,2025-10-11 06:00:00,M2,6,35,71,6087.884395151234,False,-5699.126437281719,-5699.126437281719,0,60,2025-08-12 00:00:00,2025-10-10 00:00:00,14,2025-07-29 00:00:00,2025-08-11 00:00:00,2025-10-11 00:10:00,2025-10-11 06:00:00,2025-10-11 06:00:00,35,4.547473508864641e-13,0
2025-10-11 00:00:00,2025-10-11 12:00:00,M2,12,71,107,10800.0,True,-3267.602361158253,-3309.6167980240148,12,60,2025-08-12 00:00:00,2025-10-10 00:00:00,14,2025-07-29 00:00:00,2025-08-11 00:00:00,2025-10-11 00:10:00,2025-10-11 12:00:00,2025-10-11 12:00:00,71,1.1368683772161603e-13,0
2025-10-12 00:00:00,2025-10-12 06:00:00,M2,6,35,71,10795.278685925927,False,-2438.211963529494,-2325.6161573592385,0,60,2025-08-13 00:00:00,2025-10-11 00:00:00,14,2025-07-30 00:00:00,2025-08-12 00:00:00,2025-10-12 00:10:00,2025-10-12 06:00:00,2025-10-12 06:00:00,35,4.547473508864641e-13,0
2025-10-12 00:00:00,2025-10-12 12:00:00,M2,12,71,107,6621.150708907407,True,2616.2003755553073,2507.29322033426,21,60,2025-08-13 00:00:00,2025-10-11 00:00:00,14,2025-07-30 00:00:00,2025-08-12 00:00:00,2025-10-12 00:10:00,2025-10-12 12:00:00,2025-10-12 12:00:00,71,9.094947017729282e-13,0
2025-10-13 00:00:00,2025-10-13 06:00:00,M2,6,35,71,10772.922595111111,True,216.17275950741916,-1030.9983668053678,9,60,2025-08-14 00:00:00,2025-10-12 00:00:00,14,2025-07-31 00:00:00,2025-08-13 00:00:00,2025-10-13 00:10:00,2025-10-13 06:00:00,2025-10-13 06:00:00,35,2.2737367544323206e-13,0
2025-10-13 00:00:00,2025-10-13 12:00:00,M2,12,71,107,5237.232989515436,True,5134.069540298247,4247.384828617188,23,60,2025-08-14 00:00:00,2025-10-12 00:00:00,14,2025-07-31 00:00:00,2025-08-13 00:00:00,2025-10-13 00:10:00,2025-10-13 12:00:00,2025-10-13 12:00:00,71,4.547473508864641e-13,0
2025-10-14 00:00:00,2025-10-14 06:00:00,M2,6,35,71,10793.068407407407,True,1104.227976565025,-328.09732332164305,11,60,2025-08-15 00:00:00,2025-10-13 00:00:00,14,2025-08-01 00:00:00,2025-08-14 00:00:00,2025-10-14 00:10:00,2025-10-14 06:00:00,2025-10-14 06:00:00,35,9.094947017729282e-13,0
2025-10-14 00:00:00,2025-10-14 12:00:00,M2,12,71,107,3782.764095000001,True,5653.119129252556,5531.260903246203,13,60,2025-08-15 00:00:00,2025-10-13 00:00:00,14,2025-08-01 00:00:00,2025-08-14 00:00:00,2025-10-14 00:10:00,2025-10-14 12:00:00,2025-10-14 12:00:00,71,0.0,0
2025-10-15 00:00:00,2025-10-15 06:00:00,M2,6,35,71,10743.84142462963,False,-1088.7555968195163,-210.31943384467723,0,60,2025-08-16 00:00:00,2025-10-14 00:00:00,14,2025-08-02 00:00:00,2025-08-15 00:00:00,2025-10-15 00:10:00,2025-10-15 06:00:00,2025-10-15 06:00:00,35,4.547473508864641e-13,0
2025-10-15 00:00:00,2025-10-15 12:00:00,M2,12,71,107,6478.49210714815,True,6837.03650829268,5463.692785973603,25,60,2025-08-16 00:00:00,2025-10-14 00:00:00,14,2025-08-02 00:00:00,2025-08-15 00:00:00,2025-10-15 00:10:00,2025-10-15 12:00:00,2025-10-15 12:00:00,71,9.094947017729282e-13,0
2025-10-16 00:00:00,2025-10-16 06:00:00,M2,6,35,71,10711.891798160494,True,2020.1572254689531,401.75885045875305,9,60,2025-08-17 00:00:00,2025-10-15 00:00:00,14,2025-08-03 00:00:00,2025-08-16 00:00:00,2025-10-16 00:10:00,2025-10-16 06:00:00,2025-10-16 06:00:00,35,1.8189894035458565e-12,0
2025-10-16 00:00:00,2025-10-16 12:00:00,M2,12,71,107,5241.395483379631,True,5875.53671856414,5700.1872420784175,18,60,2025-08-17 00:00:00,2025-10-15 00:00:00,14,2025-08-03 00:00:00,2025-08-16 00:00:00,2025-10-16 00:10:00,2025-10-16 12:00:00,2025-10-16 12:00:00,71,4.547473508864641e-13,0
2025-10-17 00:00:00,2025-10-17 06:00:00,M2,6,35,71,5218.372712617283,True,-4744.879560478978,-4843.903567676511,3,60,2025-08-18 00:00:00,2025-10-16 00:00:00,14,2025-08-04 00:00:00,2025-08-17 00:00:00,2025-10-17 00:10:00,2025-10-17 06:00:00,2025-10-17 06:00:00,35,1.8189894035458565e-12,0
2025-10-17 00:00:00,2025-10-17 12:00:00,M2,12,71,107,10800.0,False,-2984.6338317138793,-2360.9300759540756,0,60,2025-08-18 00:00:00,2025-10-16 00:00:00,14,2025-08-04 00:00:00,2025-08-17 00:00:00,2025-10-17 00:10:00,2025-10-17 12:00:00,2025-10-17 12:00:00,71,9.094947017729282e-13,0
2025-10-18 00:00:00,2025-10-18 06:00:00,M2,6,35,71,5521.0855669259245,True,-5149.849071034873,-5153.576007587072,1,60,2025-08-19 00:00:00,2025-10-17 00:00:00,14,2025-08-05 00:00:00,2025-08-18 00:00:00,2025-10-18 00:10:00,2025-10-18 06:00:00,2025-10-18 06:00:00,35,9.094947017729282e-13,0
2025-10-18 00:00:00,2025-10-18 12:00:00,M2,12,71,107,10800.0,True,-2503.567600043078,-2705.7700042240763,16,60,2025-08-19 00:00:00,2025-10-17 00:00:00,14,2025-08-05 00:00:00,2025-08-18 00:00:00,2025-10-18 00:10:00,2025-10-18 12:00:00,2025-10-18 12:00:00,71,4.547473508864641e-13,0
2025-10-19 00:00:00,2025-10-19 06:00:00,M2,6,35,71,10767.667407407407,False,-1444.7574357596225,-1381.4062325388602,0,60,2025-08-20 00:00:00,2025-10-18 00:00:00,14,2025-08-06 00:00:00,2025-08-19 00:00:00,2025-10-19 00:10:00,2025-10-19 06:00:00,2025-10-19 06:00:00,35,0.0,0
2025-10-19 00:00:00,2025-10-19 12:00:00,M2,12,71,107,5957.283284043214,True,6155.696927776719,5532.349057006917,24,60,2025-08-20 00:00:00,2025-10-18 00:00:00,14,2025-08-06 00:00:00,2025-08-19 00:00:00,2025-10-19 00:10:00,2025-10-19 12:00:00,2025-10-19 12:00:00,71,9.094947017729282e-13,0
2025-10-20 00:00:00,2025-10-20 06:00:00,M2,6,35,71,10784.95612962963,False,143.58068708976634,1324.1442713750027,0,60,2025-08-21 00:00:00,2025-10-19 00:00:00,14,2025-08-07 00:00:00,2025-08-20 00:00:00,2025-10-20 00:10:00,2025-10-20 06:00:00,2025-10-20 06:00:00,35,9.094947017729282e-13,0
2025-10-20 00:00:00,2025-10-20 12:00:00,M2,12,71,107,7028.067948419754,True,6792.0801130625605,5519.294577560715,22,60,2025-08-21 00:00:00,2025-10-19 00:00:00,14,2025-08-07 00:00:00,2025-08-20 00:00:00,2025-10-20 00:10:00,2025-10-20 12:00:00,2025-10-20 12:00:00,71,9.094947017729282e-13,0
2025-10-21 00:00:00,2025-10-21 06:00:00,M2,6,35,71,10752.191648148148,True,2556.401291437508,1302.5083977533452,11,60,2025-08-22 00:00:00,2025-10-20 00:00:00,14,2025-08-08 00:00:00,2025-08-21 00:00:00,2025-10-21 00:10:00,2025-10-21 06:00:00,2025-10-21 06:00:00,35,2.2737367544323206e-13,0
2025-10-21 00:00:00,2025-10-21 12:00:00,M2,12,71,107,5846.65225269135,True,6695.3911383475925,6118.041164149987,21,60,2025-08-22 00:00:00,2025-10-20 00:00:00,14,2025-08-08 00:00:00,2025-08-21 00:00:00,2025-10-21 00:10:00,2025-10-21 12:00:00,2025-10-21 12:00:00,71,9.094947017729282e-13,0
2025-10-22 00:00:00,2025-10-22 06:00:00,M2,6,35,71,10783.25962162963,False,1347.0454387845855,1858.97813007248,0,60,2025-08-23 00:00:00,2025-10-21 00:00:00,14,2025-08-09 00:00:00,2025-08-22 00:00:00,2025-10-22 00:10:00,2025-10-22 06:00:00,2025-10-22 06:00:00,35,2.2737367544323206e-13,0
2025-10-22 00:00:00,2025-10-22 12:00:00,M2,12,71,107,4962.47029240741,False,4949.4297786539855,5367.357226223688,0,60,2025-08-23 00:00:00,2025-10-21 00:00:00,14,2025-08-09 00:00:00,2025-08-22 00:00:00,2025-10-22 00:10:00,2025-10-22 12:00:00,2025-10-22 12:00:00,71,4.547473508864641e-13,0
2025-10-23 00:00:00,2025-10-23 06:00:00,M2,6,35,71,10800.0,False,1247.4761325268337,1930.542936441908,0,60,2025-08-24 00:00:00,2025-10-22 00:00:00,14,2025-08-10 00:00:00,2025-08-23 00:00:00,2025-10-23 00:10:00,2025-10-23 06:00:00,2025-10-23 06:00:00,35,1.8189894035458565e-12,0
2025-10-23 00:00:00,2025-10-23 12:00:00,M2,12,71,107,10800.0,True,7182.19380967824,5382.732257946237,22,60,2025-08-24 00:00:00,2025-10-22 00:00:00,14,2025-08-10 00:00:00,2025-08-23 00:00:00,2025-10-23 00:10:00,2025-10-23 12:00:00,2025-10-23 12:00:00,71,4.547473508864641e-13,0
2025-10-24 00:00:00,2025-10-24 06:00:00,M2,6,35,71,6095.149431015432,False,-5827.150051542686,-5827.150051542686,0,60,2025-08-25 00:00:00,2025-10-23 00:00:00,14,2025-08-11 00:00:00,2025-08-24 00:00:00,2025-10-24 00:10:00,2025-10-24 06:00:00,2025-10-24 06:00:00,35,4.547473508864641e-13,0
2025-10-24 00:00:00,2025-10-24 12:00:00,M2,12,71,107,10566.630734348766,True,-3223.1800849585334,-3230.0001963494697,5,60,2025-08-25 00:00:00,2025-10-23 00:00:00,14,2025-08-11 00:00:00,2025-08-24 00:00:00,2025-10-24 00:10:00,2025-10-24 12:00:00,2025-10-24 12:00:00,71,1.1368683772161603e-13,0
2025-10-25 00:00:00,2025-10-25 06:00:00,M2,6,35,71,5917.51062712963,False,-5391.997320108499,-5391.997320108499,0,60,2025-08-26 00:00:00,2025-10-24 00:00:00,14,2025-08-12 00:00:00,2025-08-25 00:00:00,2025-10-25 00:10:00,2025-10-25 06:00:00,2025-10-25 06:00:00,35,9.094947017729282e-13,0
2025-10-25 00:00:00,2025-10-25 12:00:00,M2,12,71,107,10220.538704907405,True,-2729.6695385258354,-2744.9695334886537,6,60,2025-08-26 00:00:00,2025-10-24 00:00:00,14,2025-08-12 00:00:00,2025-08-25 00:00:00,2025-10-25 00:10:00,2025-10-25 12:00:00,2025-10-25 12:00:00,71,9.094947017729282e-13,0
2025-10-26 00:00:00,2025-10-26 06:00:00,M2,6,35,71,10764.868424212964,False,-295.90502408332725,1104.0286921800673,0,60,2025-08-27 00:00:00,2025-10-25 00:00:00,14,2025-08-13 00:00:00,2025-08-26 00:00:00,2025-10-26 00:10:00,2025-10-26 06:00:00,2025-10-26 06:00:00,35,4.547473508864641e-13,0
2025-10-26 00:00:00,2025-10-26 12:00:00,M2,12,71,107,9290.244924336423,True,5596.112218020548,4741.304591482699,15,60,2025-08-27 00:00:00,2025-10-25 00:00:00,14,2025-08-13 00:00:00,2025-08-26 00:00:00,2025-10-26 00:10:00,2025-10-26 12:00:00,2025-10-26 12:00:00,71,4.547473508864641e-13,0
2025-10-27 00:00:00,2025-10-27 06:00:00,M2,6,35,71,10787.825293925924,False,-492.6200187685881,329.1085683068549,0,60,2025-08-28 00:00:00,2025-10-26 00:00:00,14,2025-08-14 00:00:00,2025-08-27 00:00:00,2025-10-27 00:10:00,2025-10-27 06:00:00,2025-10-27 06:00:00,35,9.094947017729282e-13,0
2025-10-27 00:00:00,2025-10-27 12:00:00,M2,12,71,107,6440.601864574075,False,5790.021357994251,6525.320717351088,0,60,2025-08-28 00:00:00,2025-10-26 00:00:00,14,2025-08-14 00:00:00,2025-08-27 00:00:00,2025-10-27 00:10:00,2025-10-27 12:00:00,2025-10-27 12:00:00,71,9.094947017729282e-13,0
2025-10-28 00:00:00,2025-10-28 06:00:00,M2,6,35,71,10800.0,False,-424.85585619563324,-199.51709921276793,0,60,2025-08-29 00:00:00,2025-10-27 00:00:00,14,2025-08-15 00:00:00,2025-08-28 00:00:00,2025-10-28 00:10:00,2025-10-28 06:00:00,2025-10-28 06:00:00,35,9.094947017729282e-13,0
2025-10-28 00:00:00,2025-10-28 12:00:00,M2,12,71,107,5994.876595296293,False,5439.343252049318,6350.148175092306,0,60,2025-08-29 00:00:00,2025-10-27 00:00:00,14,2025-08-15 00:00:00,2025-08-28 00:00:00,2025-10-28 00:10:00,2025-10-28 12:00:00,2025-10-28 12:00:00,71,5.684341886080802e-14,0
2025-10-29 00:00:00,2025-10-29 06:00:00,M2,6,35,71,10800.0,True,4481.977583600661,3473.440624509236,8,60,2025-08-30 00:00:00,2025-10-28 00:00:00,14,2025-08-16 00:00:00,2025-08-29 00:00:00,2025-10-29 00:10:00,2025-10-29 06:00:00,2025-10-29 06:00:00,35,9.094947017729282e-13,0
2025-10-29 00:00:00,2025-10-29 12:00:00,M2,12,71,107,6124.250785604939,True,7634.694872842963,7464.027888086289,25,60,2025-08-30 00:00:00,2025-10-28 00:00:00,14,2025-08-16 00:00:00,2025-08-29 00:00:00,2025-10-29 00:10:00,2025-10-29 12:00:00,2025-10-29 12:00:00,71,1.1368683772161603e-13,0
2025-10-30 00:00:00,2025-10-30 06:00:00,M2,6,35,71,10800.0,False,-1266.76022761924,-1193.4178079273186,0,60,2025-08-31 00:00:00,2025-10-29 00:00:00,14,2025-08-17 00:00:00,2025-08-30 00:00:00,2025-10-30 00:10:00,2025-10-30 06:00:00,2025-10-30 06:00:00,35,9.094947017729282e-13,0
2025-10-30 00:00:00,2025-10-30 12:00:00,M2,12,71,107,6484.726542777779,False,5474.264239494444,6488.797417573708,0,60,2025-08-31 00:00:00,2025-10-29 00:00:00,14,2025-08-17 00:00:00,2025-08-30 00:00:00,2025-10-30 00:10:00,2025-10-30 12:00:00,2025-10-30 12:00:00,71,1.8189894035458565e-12,0
2025-10-31 00:00:00,2025-10-31 06:00:00,M2,6,35,71,6363.224026617283,True,-4778.463239161477,-4804.322828313544,1,60,2025-09-01 00:00:00,2025-10-30 00:00:00,14,2025-08-18 00:00:00,2025-08-31 00:00:00,2025-10-31 00:10:00,2025-10-31 06:00:00,2025-10-31 06:00:00,35,1.8189894035458565e-12,0
2025-10-31 00:00:00,2025-10-31 12:00:00,M2,12,71,107,8497.66971141975,True,-2071.226856422583,-2259.459444536703,17,60,2025-09-01 00:00:00,2025-10-30 00:00:00,14,2025-08-18 00:00:00,2025-08-31 00:00:00,2025-10-31 00:10:00,2025-10-31 12:00:00,2025-10-31 12:00:00,71,0.0,0
2025-11-01 00:00:00,2025-11-01 06:00:00,M2,6,35,71,6198.9887622592605,True,-5116.661886977374,-5148.1562135879285,1,60,2025-09-02 00:00:00,2025-10-31 00:00:00,14,2025-08-19 00:00:00,2025-09-01 00:00:00,2025-11-01 00:10:00,2025-11-01 06:00:00,2025-11-01 06:00:00,35,9.094947017729282e-13,0
2025-11-01 00:00:00,2025-11-01 12:00:00,M2,12,71,107,9202.852284938272,False,-2794.7169213352686,-2676.17352776069,0,60,2025-09-02 00:00:00,2025-10-31 00:00:00,14,2025-08-19 00:00:00,2025-09-01 00:00:00,2025-11-01 00:10:00,2025-11-01 12:00:00,2025-11-01 12:00:00,71,9.094947017729282e-13,0
2025-11-02 00:00:00,2025-11-02 06:00:00,M2,6,35,71,10772.901166518523,False,2678.5782762099266,2756.376885370381,0,60,2025-09-03 00:00:00,2025-11-01 00:00:00,14,2025-08-20 00:00:00,2025-09-02 00:00:00,2025-11-02 00:10:00,2025-11-02 06:00:00,2025-11-02 06:00:00,35,9.094947017729282e-13,0
2025-11-02 00:00:00,2025-11-02 12:00:00,M2,12,71,107,5351.111897,False,7901.221986858148,7979.900281031965,0,60,2025-09-03 00:00:00,2025-11-01 00:00:00,14,2025-08-20 00:00:00,2025-09-02 00:00:00,2025-11-02 00:10:00,2025-11-02 12:00:00,2025-11-02 12:00:00,71,9.094947017729282e-13,0
2025-11-03 00:00:00,2025-11-03 06:00:00,M2,6,35,71,10735.316824629626,False,1177.4963897407304,1946.5565330120928,0,60,2025-09-04 00:00:00,2025-11-02 00:00:00,14,2025-08-21 00:00:00,2025-09-03 00:00:00,2025-11-03 00:10:00,2025-11-03 06:00:00,2025-11-03 06:00:00,35,9.094947017729282e-13,0
2025-11-03 00:00:00,2025-11-03 12:00:00,M2,12,71,107,7321.007160327157,True,8142.913770562321,7296.185026395198,26,60,2025-09-04 00:00:00,2025-11-02 00:00:00,14,2025-08-21 00:00:00,2025-09-03 00:00:00,2025-11-03 00:10:00,2025-11-03 12:00:00,2025-11-03 12:00:00,71,0.0,0
2025-11-04 00:00:00,2025-11-04 06:00:00,M2,6,35,71,10800.0,False,2455.190793549194,2721.046871228312,0,60,2025-09-05 00:00:00,2025-11-03 00:00:00,14,2025-08-22 00:00:00,2025-09-04 00:00:00,2025-11-04 00:10:00,2025-11-04 06:00:00,2025-11-04 06:00:00,35,4.547473508864641e-13,0
2025-11-04 00:00:00,2025-11-04 12:00:00,M2,12,71,107,6729.858826265427,True,5332.482661191513,5073.968514329282,15,60,2025-09-05 00:00:00,2025-11-03 00:00:00,14,2025-08-22 00:00:00,2025-09-04 00:00:00,2025-11-04 00:10:00,2025-11-04 12:00:00,2025-11-04 12:00:00,71,9.094947017729282e-13,0
2025-11-05 00:00:00,2025-11-05 06:00:00,M2,6,35,71,10709.71783226852,False,2283.8926851775755,4850.994437741108,0,60,2025-09-06 00:00:00,2025-11-04 00:00:00,14,2025-08-23 00:00:00,2025-09-05 00:00:00,2025-11-05 00:10:00,2025-11-05 06:00:00,2025-11-05 06:00:00,35,0.0,0
2025-11-05 00:00:00,2025-11-05 12:00:00,M2,12,71,107,6853.145601750003,True,10218.39553366829,8363.782353419694,30,60,2025-09-06 00:00:00,2025-11-04 00:00:00,14,2025-08-23 00:00:00,2025-09-05 00:00:00,2025-11-05 00:10:00,2025-11-05 12:00:00,2025-11-05 12:00:00,71,9.094947017729282e-13,0
2025-11-06 00:00:00,2025-11-06 06:00:00,M2,6,35,71,10774.73077037037,True,5981.4885756519625,5095.948881108523,19,60,2025-09-07 00:00:00,2025-11-05 00:00:00,14,2025-08-24 00:00:00,2025-09-06 00:00:00,2025-11-06 00:10:00,2025-11-06 06:00:00,2025-11-06 06:00:00,35,9.094947017729282e-13,0
2025-11-06 00:00:00,2025-11-06 12:00:00,M2,12,71,107,6466.436788611111,False,7339.449693121699,7490.741421082259,0,60,2025-09-07 00:00:00,2025-11-05 00:00:00,14,2025-08-24 00:00:00,2025-09-06 00:00:00,2025-11-06 00:10:00,2025-11-06 12:00:00,2025-11-06 12:00:00,71,9.094947017729282e-13,0
2025-11-07 00:00:00,2025-11-07 06:00:00,M2,6,35,71,7408.454089049382,False,-3739.805317909043,-3739.805317909043,0,60,2025-09-08 00:00:00,2025-11-06 00:00:00,14,2025-08-25 00:00:00,2025-09-07 00:00:00,2025-11-07 00:10:00,2025-11-07 06:00:00,2025-11-07 06:00:00,35,4.547473508864641e-13,0
2025-11-07 00:00:00,2025-11-07 12:00:00,M2,12,71,107,7506.075009234568,False,-3172.8794617727244,-3000.662028157484,0,60,2025-09-08 00:00:00,2025-11-06 00:00:00,14,2025-08-25 00:00:00,2025-09-07 00:00:00,2025-11-07 00:10:00,2025-11-07 12:00:00,2025-11-07 12:00:00,71,1.8189894035458565e-12,0
2025-11-08 00:00:00,2025-11-08 06:00:00,M2,6,35,71,7140.889302197529,False,-5403.103641334693,-5403.103641334693,0,60,2025-09-09 00:00:00,2025-11-07 00:00:00,14,2025-08-26 00:00:00,2025-09-08 00:00:00,2025-11-08 00:10:00,2025-11-08 06:00:00,2025-11-08 06:00:00,35,4.547473508864641e-13,0
2025-11-08 00:00:00,2025-11-08 12:00:00,M2,12,71,107,8372.305021456788,True,-2999.43470962133,-3009.394344822195,2,60,2025-09-09 00:00:00,2025-11-07 00:00:00,14,2025-08-26 00:00:00,2025-09-08 00:00:00,2025-11-08 00:10:00,2025-11-08 12:00:00,2025-11-08 12:00:00,71,9.094947017729282e-13,0
2025-11-09 00:00:00,2025-11-09 06:00:00,M2,6,35,71,10785.482377777778,False,3066.1412242501256,4180.766244959149,0,60,2025-09-10 00:00:00,2025-11-08 00:00:00,14,2025-08-27 00:00:00,2025-09-09 00:00:00,2025-11-09 00:10:00,2025-11-09 06:00:00,2025-11-09 06:00:00,35,1.8189894035458565e-12,0
2025-11-09 00:00:00,2025-11-09 12:00:00,M2,12,71,107,7007.797315174255,True,8102.696936817766,8015.2302673069335,21,60,2025-09-10 00:00:00,2025-11-08 00:00:00,14,2025-08-27 00:00:00,2025-09-09 00:00:00,2025-11-09 00:10:00,2025-11-09 12:00:00,2025-11-09 12:00:00,71,4.547473508864641e-13,0
2025-11-10 00:00:00,2025-11-10 06:00:00,M2,6,35,71,10789.046238888888,True,10207.83468985399,6545.64310490582,18,60,2025-09-11 00:00:00,2025-11-09 00:00:00,14,2025-08-28 00:00:00,2025-09-10 00:00:00,2025-11-10 00:10:00,2025-11-10 06:00:00,2025-11-10 06:00:00,35,4.547473508864641e-13,0
2025-11-10 00:00:00,2025-11-10 12:00:00,M2,12,71,107,7926.937170922744,True,9762.760244823698,8888.141319367085,22,60,2025-09-11 00:00:00,2025-11-09 00:00:00,14,2025-08-28 00:00:00,2025-09-10 00:00:00,2025-11-10 00:10:00,2025-11-10 12:00:00,2025-11-10 12:00:00,71,2.2737367544323206e-13,0
2025-11-11 00:00:00,2025-11-11 06:00:00,M2,6,35,71,10800.0,False,3660.1607461599306,5379.811519626224,0,60,2025-09-12 00:00:00,2025-11-10 00:00:00,14,2025-08-29 00:00:00,2025-09-11 00:00:00,2025-11-11 00:10:00,2025-11-11 06:00:00,2025-11-11 06:00:00,35,0.0,0
2025-11-11 00:00:00,2025-11-11 12:00:00,M2,12,71,107,8214.634584709875,True,8767.398060100057,7811.156902636346,26,60,2025-09-12 00:00:00,2025-11-10 00:00:00,14,2025-08-29 00:00:00,2025-09-11 00:00:00,2025-11-11 00:10:00,2025-11-11 12:00:00,2025-11-11 12:00:00,71,0.0,0
2025-11-12 00:00:00,2025-11-12 06:00:00,M2,6,35,71,10800.0,True,8059.644527877764,6161.393860546707,12,60,2025-09-13 00:00:00,2025-11-11 00:00:00,14,2025-08-30 00:00:00,2025-09-12 00:00:00,2025-11-12 00:10:00,2025-11-12 06:00:00,2025-11-12 06:00:00,35,9.094947017729282e-13,0
2025-11-12 00:00:00,2025-11-12 12:00:00,M2,12,71,107,7184.635389092593,True,8437.232508371968,7656.874366624835,17,60,2025-09-13 00:00:00,2025-11-11 00:00:00,14,2025-08-30 00:00:00,2025-09-12 00:00:00,2025-11-12 00:10:00,2025-11-12 12:00:00,2025-11-12 12:00:00,71,9.094947017729282e-13,0
2025-11-13 00:00:00,2025-11-13 06:00:00,M2,6,35,71,10800.0,False,3547.89416967321,3718.5657014079384,0,60,2025-09-14 00:00:00,2025-11-12 00:00:00,14,2025-08-31 00:00:00,2025-09-13 00:00:00,2025-11-13 00:10:00,2025-11-13 06:00:00,2025-11-13 06:00:00,35,4.547473508864641e-13,0
2025-11-13 00:00:00,2025-11-13 12:00:00,M2,12,71,107,7619.019693259261,False,6903.1834720615925,8918.481141491287,0,60,2025-09-14 00:00:00,2025-11-12 00:00:00,14,2025-08-31 00:00:00,2025-09-13 00:00:00,2025-11-13 00:10:00,2025-11-13 12:00:00,2025-11-13 12:00:00,71,4.547473508864641e-13,0
2025-11-14 00:00:00,2025-11-14 06:00:00,M2,6,35,71,7162.664022827164,False,-4583.11125606638,-4583.11125606638,0,60,2025-09-15 00:00:00,2025-11-13 00:00:00,14,2025-09-01 00:00:00,2025-09-14 00:00:00,2025-11-14 00:10:00,2025-11-14 06:00:00,2025-11-14 06:00:00,35,0.0,0
2025-11-14 00:00:00,2025-11-14 12:00:00,M2,12,71,107,7414.663446160498,True,-2399.643808279697,-2478.129566935192,16,60,2025-09-15 00:00:00,2025-11-13 00:00:00,14,2025-09-01 00:00:00,2025-09-14 00:00:00,2025-11-14 00:10:00,2025-11-14 12:00:00,2025-11-14 12:00:00,71,9.094947017729282e-13,0
2025-11-15 00:00:00,2025-11-15 06:00:00,M2,6,35,71,7848.772474438274,False,-4125.445641130335,-4012.2716282596693,0,60,2025-09-16 00:00:00,2025-11-14 00:00:00,14,2025-09-02 00:00:00,2025-09-15 00:00:00,2025-11-15 00:10:00,2025-11-15 06:00:00,2025-11-15 06:00:00,35,2.2737367544323206e-13,0
2025-11-15 00:00:00,2025-11-15 12:00:00,M2,12,71,107,7741.615727308643,True,-2363.160948543515,-2658.8968083595014,17,60,2025-09-16 00:00:00,2025-11-14 00:00:00,14,2025-09-02 00:00:00,2025-09-15 00:00:00,2025-11-15 00:10:00,2025-11-15 12:00:00,2025-11-15 12:00:00,71,1.1368683772161603e-13,0
2025-11-16 00:00:00,2025-11-16 06:00:00,M2,6,35,71,10800.0,True,9552.14700438576,6481.364395975649,23,60,2025-09-17 00:00:00,2025-11-15 00:00:00,14,2025-09-03 00:00:00,2025-09-16 00:00:00,2025-11-16 00:10:00,2025-11-16 06:00:00,2025-11-16 06:00:00,35,9.094947017729282e-13,0
2025-11-16 00:00:00,2025-11-16 12:00:00,M2,12,71,107,7131.493870188275,False,8123.915355711085,9828.594859693758,0,60,2025-09-17 00:00:00,2025-11-15 00:00:00,14,2025-09-03 00:00:00,2025-09-16 00:00:00,2025-11-16 00:10:00,2025-11-16 12:00:00,2025-11-16 12:00:00,71,0.0,0
2025-11-17 00:00:00,2025-11-17 06:00:00,M2,6,35,71,10800.0,True,7990.994024675195,6750.820781012518,13,60,2025-09-18 00:00:00,2025-11-16 00:00:00,14,2025-09-04 00:00:00,2025-09-17 00:00:00,2025-11-17 00:10:00,2025-11-17 06:00:00,2025-11-17 06:00:00,35,1.8189894035458565e-12,0
2025-11-17 00:00:00,2025-11-17 12:00:00,M2,12,71,107,8219.593706740738,False,7308.772641320278,7812.878468675693,0,60,2025-09-18 00:00:00,2025-11-16 00:00:00,14,2025-09-04 00:00:00,2025-09-17 00:00:00,2025-11-17 00:10:00,2025-11-17 12:00:00,2025-11-17 12:00:00,71,9.094947017729282e-13,0
2025-11-18 00:00:00,2025-11-18 06:00:00,M2,6,35,71,10800.0,True,5614.859743146494,5108.771585916816,13,60,2025-09-19 00:00:00,2025-11-17 00:00:00,14,2025-09-05 00:00:00,2025-09-18 00:00:00,2025-11-18 00:10:00,2025-11-18 06:00:00,2025-11-18 06:00:00,35,9.094947017729282e-13,0
2025-11-18 00:00:00,2025-11-18 12:00:00,M2,12,71,107,4212.347489895061,False,10562.583128413662,12881.360717472522,0,60,2025-09-19 00:00:00,2025-11-17 00:00:00,14,2025-09-05 00:00:00,2025-09-18 00:00:00,2025-11-18 00:10:00,2025-11-18 12:00:00,2025-11-18 12:00:00,71,4.547473508864641e-13,0
2025-11-19 00:00:00,2025-11-19 06:00:00,M2,6,35,71,10744.005455555556,True,15008.84506252091,8923.08030115776,20,60,2025-09-20 00:00:00,2025-11-18 00:00:00,14,2025-09-06 00:00:00,2025-09-19 00:00:00,2025-11-19 00:10:00,2025-11-19 06:00:00,2025-11-19 06:00:00,35,4.547473508864641e-13,0
2025-11-19 00:00:00,2025-11-19 12:00:00,M2,12,71,107,8363.763083966052,False,8789.571619038348,8963.278415644287,0,60,2025-09-20 00:00:00,2025-11-18 00:00:00,14,2025-09-06 00:00:00,2025-09-19 00:00:00,2025-11-19 00:10:00,2025-11-19 12:00:00,2025-11-19 12:00:00,71,0.0,0
2025-11-20 00:00:00,2025-11-20 06:00:00,M2,6,35,71,10800.0,True,4746.400530113667,4346.168494272404,12,60,2025-09-21 00:00:00,2025-11-19 00:00:00,14,2025-09-07 00:00:00,2025-09-20 00:00:00,2025-11-20 00:10:00,2025-11-20 06:00:00,2025-11-20 06:00:00,35,1.8189894035458565e-12,0
2025-11-20 00:00:00,2025-11-20 12:00:00,M2,12,71,107,6798.4388338117315,False,9935.428000132018,11629.874002155815,0,60,2025-09-21 00:00:00,2025-11-19 00:00:00,14,2025-09-07 00:00:00,2025-09-20 00:00:00,2025-11-20 00:10:00,2025-11-20 12:00:00,2025-11-20 12:00:00,71,4.547473508864641e-13,0
2025-11-21 00:00:00,2025-11-21 06:00:00,M2,6,35,71,7469.68711778395,True,-2038.598857516125,-2744.6464961388956,4,60,2025-09-22 00:00:00,2025-11-20 00:00:00,14,2025-09-08 00:00:00,2025-09-21 00:00:00,2025-11-21 00:10:00,2025-11-21 06:00:00,2025-11-21 06:00:00,35,0.0,0
2025-11-21 00:00:00,2025-11-21 12:00:00,M2,12,71,107,7793.287213503085,True,-2554.514853691565,-2569.624749092741,6,60,2025-09-22 00:00:00,2025-11-20 00:00:00,14,2025-09-08 00:00:00,2025-09-21 00:00:00,2025-11-21 00:10:00,2025-11-21 12:00:00,2025-11-21 12:00:00,71,2.2737367544323206e-13,0
2025-11-22 00:00:00,2025-11-22 06:00:00,M2,6,35,71,8331.704664753084,False,-3205.294036939984,-2754.7381501257687,0,60,2025-09-23 00:00:00,2025-11-21 00:00:00,14,2025-09-09 00:00:00,2025-09-22 00:00:00,2025-11-22 00:10:00,2025-11-22 06:00:00,2025-11-22 06:00:00,35,4.547473508864641e-13,0
2025-11-22 00:00:00,2025-11-22 12:00:00,M2,12,71,107,7628.924157030865,True,-2349.5823580249826,-2352.4102368214053,15,60,2025-09-23 00:00:00,2025-11-21 00:00:00,14,2025-09-09 00:00:00,2025-09-22 00:00:00,2025-11-22 00:10:00,2025-11-22 12:00:00,2025-11-22 12:00:00,71,9.094947017729282e-13,0
2025-11-23 00:00:00,2025-11-23 06:00:00,M2,6,35,71,10684.09519209259,True,16430.364383716613,9601.410298680099,20,60,2025-09-24 00:00:00,2025-11-22 00:00:00,14,2025-09-10 00:00:00,2025-09-23 00:00:00,2025-11-23 00:10:00,2025-11-23 06:00:00,2025-11-23 06:00:00,35,9.094947017729282e-13,0
2025-11-23 00:00:00,2025-11-23 12:00:00,M2,12,71,107,7184.7768668425915,True,8861.379920470015,8334.934583482602,13,60,2025-09-24 00:00:00,2025-11-22 00:00:00,14,2025-09-10 00:00:00,2025-09-23 00:00:00,2025-11-23 00:10:00,2025-11-23 12:00:00,2025-11-23 12:00:00,71,9.094947017729282e-13,0
2025-11-24 00:00:00,2025-11-24 06:00:00,M2,6,35,71,10800.0,True,4179.3381194039985,4079.5988170853266,11,60,2025-09-25 00:00:00,2025-11-23 00:00:00,14,2025-09-11 00:00:00,2025-09-24 00:00:00,2025-11-24 00:10:00,2025-11-24 06:00:00,2025-11-24 06:00:00,35,9.094947017729282e-13,0
2025-11-24 00:00:00,2025-11-24 12:00:00,M2,12,71,107,5922.662987188274,False,9001.907112035424,9477.056529369002,0,60,2025-09-25 00:00:00,2025-11-23 00:00:00,14,2025-09-11 00:00:00,2025-09-24 00:00:00,2025-11-24 00:10:00,2025-11-24 12:00:00,2025-11-24 12:00:00,71,4.547473508864641e-13,0
2025-11-25 00:00:00,2025-11-25 06:00:00,M2,6,35,71,10732.590693166665,False,6860.7197396954025,8971.102868598742,0,60,2025-09-26 00:00:00,2025-11-24 00:00:00,14,2025-09-12 00:00:00,2025-09-25 00:00:00,2025-11-25 00:10:00,2025-11-25 06:00:00,2025-11-25 06:00:00,35,9.094947017729282e-13,0
2025-11-25 00:00:00,2025-11-25 12:00:00,M2,12,71,107,8387.03380421605,True,14421.852424431092,11552.700263345603,31,60,2025-09-26 00:00:00,2025-11-24 00:00:00,14,2025-09-12 00:00:00,2025-09-25 00:00:00,2025-11-25 00:10:00,2025-11-25 12:00:00,2025-11-25 12:00:00,71,9.094947017729282e-13,0
2025-11-26 00:00:00,2025-11-26 06:00:00,M2,6,35,71,10794.017981481482,True,8503.859767833801,7508.313857544251,10,60,2025-09-27 00:00:00,2025-11-25 00:00:00,14,2025-09-13 00:00:00,2025-09-26 00:00:00,2025-11-26 00:10:00,2025-11-26 06:00:00,2025-11-26 06:00:00,35,1.8189894035458565e-12,0
2025-11-26 00:00:00,2025-11-26 12:00:00,M2,12,71,107,6653.665258725306,True,12055.16239735764,11079.206444683727,32,60,2025-09-27 00:00:00,2025-11-25 00:00:00,14,2025-09-13 00:00:00,2025-09-26 00:00:00,2025-11-26 00:10:00,2025-11-26 12:00:00,2025-11-26 12:00:00,71,1.1368683772161603e-13,0
2025-11-27 00:00:00,2025-11-27 06:00:00,M2,6,35,71,10778.146388888888,True,6495.597191364606,5990.732143509263,21,60,2025-09-28 00:00:00,2025-11-26 00:00:00,14,2025-09-14 00:00:00,2025-09-27 00:00:00,2025-11-27 00:10:00,2025-11-27 06:00:00,2025-11-27 06:00:00,35,9.094947017729282e-13,0
2025-11-27 00:00:00,2025-11-27 12:00:00,M2,12,71,107,7968.458012830251,True,10692.452572483071,10089.605428463256,17,60,2025-09-28 00:00:00,2025-11-26 00:00:00,14,2025-09-14 00:00:00,2025-09-27 00:00:00,2025-11-27 00:10:00,2025-11-27 12:00:00,2025-11-27 12:00:00,71,9.094947017729282e-13,0
2025-11-28 00:00:00,2025-11-28 06:00:00,M2,6,35,71,8373.013280265432,True,-3447.0760723323915,-3531.551954148375,2,60,2025-09-29 00:00:00,2025-11-27 00:00:00,14,2025-09-15 00:00:00,2025-09-28 00:00:00,2025-11-28 00:10:00,2025-11-28 06:00:00,2025-11-28 06:00:00,35,9.094947017729282e-13,0
2025-11-28 00:00:00,2025-11-28 12:00:00,M2,12,71,107,6664.0566588888905,False,-2675.624922162523,-2451.140792950144,0,60,2025-09-29 00:00:00,2025-11-27 00:00:00,14,2025-09-15 00:00:00,2025-09-28 00:00:00,2025-11-28 00:10:00,2025-11-28 12:00:00,2025-11-28 12:00:00,71,5.684341886080802e-14,0
2025-11-29 00:00:00,2025-11-29 06:00:00,M2,6,35,71,10301.98325925926,False,-4656.342339749099,-3864.1097616256625,0,60,2025-09-30 00:00:00,2025-11-28 00:00:00,14,2025-09-16 00:00:00,2025-09-29 00:00:00,2025-11-29 00:10:00,2025-11-29 06:00:00,2025-11-29 06:00:00,35,4.547473508864641e-13,0
2025-11-29 00:00:00,2025-11-29 12:00:00,M2,12,71,107,9265.42328074074,True,-980.0004008449816,-1483.4307337480495,17,60,2025-09-30 00:00:00,2025-11-28 00:00:00,14,2025-09-16 00:00:00,2025-09-29 00:00:00,2025-11-29 00:10:00,2025-11-29 12:00:00,2025-11-29 12:00:00,71,0.0,0
2025-11-30 00:00:00,2025-11-30 06:00:00,M2,6,35,71,10751.853396962963,True,8350.43191509371,7995.847988198725,17,60,2025-10-01 00:00:00,2025-11-29 00:00:00,14,2025-09-17 00:00:00,2025-09-30 00:00:00,2025-11-30 00:10:00,2025-11-30 06:00:00,2025-11-30 06:00:00,35,9.094947017729282e-13,0
2025-11-30 00:00:00,2025-11-30 12:00:00,M2,12,71,107,6683.356955506175,False,11868.72167194722,12511.777267551983,0,60,2025-10-01 00:00:00,2025-11-29 00:00:00,14,2025-09-17 00:00:00,2025-09-30 00:00:00,2025-11-30 00:10:00,2025-11-30 12:00:00,2025-11-30 12:00:00,71,9.094947017729282e-13,0
2025-12-01 00:00:00,2025-12-01 06:00:00,M2,6,35,71,8489.253301324072,True,24735.023191157532,13449.16096410075,28,60,2025-10-02 00:00:00,2025-11-30 00:00:00,14,2025-09-18 00:00:00,2025-10-01 00:00:00,2025-12-01 00:10:00,2025-12-01 06:00:00,2025-12-01 06:00:00,35,9.094947017729282e-13,0
2025-12-01 00:00:00,2025-12-01 12:00:00,M2,12,71,107,6361.450302,False,14270.566209185361,15628.6349949095,0,60,2025-10-02 00:00:00,2025-11-30 00:00:00,14,2025-09-18 00:00:00,2025-10-01 00:00:00,2025-12-01 00:10:00,2025-12-01 12:00:00,2025-12-01 12:00:00,71,9.094947017729282e-13,0
2025-12-02 00:00:00,2025-12-02 06:00:00,M2,6,35,71,8688.681294694554,True,27507.288286201092,15118.077112968444,26,60,2025-10-03 00:00:00,2025-12-01 00:00:00,14,2025-09-19 00:00:00,2025-10-02 00:00:00,2025-12-02 00:10:00,2025-12-02 06:00:00,2025-12-02 06:00:00,35,0.0,0
2025-12-02 00:00:00,2025-12-02 12:00:00,M2,12,71,107,6354.2214732500015,False,14966.110441517896,15581.26211375369,0,60,2025-10-03 00:00:00,2025-12-01 00:00:00,14,2025-09-19 00:00:00,2025-10-02 00:00:00,2025-12-02 00:10:00,2025-12-02 12:00:00,2025-12-02 12:00:00,71,0.0,0
2025-12-03 00:00:00,2025-12-03 06:00:00,M2,6,35,71,8828.107779166667,True,29835.18618517294,16372.880234368375,29,60,2025-10-04 00:00:00,2025-12-02 00:00:00,14,2025-09-20 00:00:00,2025-10-03 00:00:00,2025-12-03 00:10:00,2025-12-03 06:00:00,2025-12-03 06:00:00,35,1.8189894035458565e-12,0
2025-12-03 00:00:00,2025-12-03 12:00:00,M2,12,71,107,8570.497025549379,False,14451.262602710705,17489.74010379588,0,60,2025-10-04 00:00:00,2025-12-02 00:00:00,14,2025-09-20 00:00:00,2025-10-03 00:00:00,2025-12-03 00:10:00,2025-12-03 12:00:00,2025-12-03 12:00:00,71,0.0,0
2025-12-04 00:00:00,2025-12-04 06:00:00,M2,6,35,71,8666.236597944448,True,29395.35588596282,14521.736675354523,24,60,2025-10-05 00:00:00,2025-12-03 00:00:00,14,2025-09-21 00:00:00,2025-10-04 00:00:00,2025-12-04 00:10:00,2025-12-04 06:00:00,2025-12-04 06:00:00,35,1.8189894035458565e-12,0
2025-12-04 00:00:00,2025-12-04 12:00:00,M2,12,71,107,5099.431632663574,False,16504.119165090848,17105.794639306965,0,60,2025-10-05 00:00:00,2025-12-03 00:00:00,14,2025-09-21 00:00:00,2025-10-04 00:00:00,2025-12-04 00:10:00,2025-12-04 12:00:00,2025-12-04 12:00:00,71,0.0,0
2025-12-05 00:00:00,2025-12-05 06:00:00,M2,6,35,71,8849.10641671296,True,3856.019694028631,-349.3594355244636,12,60,2025-10-06 00:00:00,2025-12-04 00:00:00,14,2025-09-22 00:00:00,2025-10-05 00:00:00,2025-12-05 00:10:00,2025-12-05 06:00:00,2025-12-05 06:00:00,35,4.547473508864641e-13,0
2025-12-05 00:00:00,2025-12-05 12:00:00,M2,12,71,107,8060.145218932099,False,-1222.8931782970121,-163.3539652527845,0,60,2025-10-06 00:00:00,2025-12-04 00:00:00,14,2025-09-22 00:00:00,2025-10-05 00:00:00,2025-12-05 00:10:00,2025-12-05 12:00:00,2025-12-05 12:00:00,71,2.2737367544323206e-13,0
2025-12-06 00:00:00,2025-12-06 06:00:00,M2,6,35,71,8913.468078074073,True,5880.02515221121,639.0095759307013,10,60,2025-10-07 00:00:00,2025-12-05 00:00:00,14,2025-09-23 00:00:00,2025-10-06 00:00:00,2025-12-06 00:10:00,2025-12-06 06:00:00,2025-12-06 06:00:00,35,4.547473508864641e-13,0
2025-12-06 00:00:00,2025-12-06 12:00:00,M2,12,71,107,6638.824403040123,False,-965.8026613431099,-94.75275204300844,0,60,2025-10-07 00:00:00,2025-12-05 00:00:00,14,2025-09-23 00:00:00,2025-10-06 00:00:00,2025-12-06 00:10:00,2025-12-06 12:00:00,2025-12-06 12:00:00,71,0.0,0
2025-12-07 00:00:00,2025-12-07 06:00:00,M2,6,35,71,9020.258753111111,True,18447.52554678416,12710.29027224894,24,60,2025-10-08 00:00:00,2025-12-06 00:00:00,14,2025-09-24 00:00:00,2025-10-07 00:00:00,2025-12-07 00:10:00,2025-12-07 06:00:00,2025-12-07 06:00:00,35,9.094947017729282e-13,0
2025-12-07 00:00:00,2025-12-07 12:00:00,M2,12,71,107,4974.319126175928,False,17147.20299294971,18976.583740740065,0,60,2025-10-08 00:00:00,2025-12-06 00:00:00,14,2025-09-24 00:00:00,2025-10-07 00:00:00,2025-12-07 00:10:00,2025-12-07 12:00:00,2025-12-07 12:00:00,71,1.8189894035458565e-12,0
2025-12-08 00:00:00,2025-12-08 06:00:00,M2,6,35,71,10340.777586851853,False,13445.170973267193,13677.578346448385,0,60,2025-10-09 00:00:00,2025-12-07 00:00:00,14,2025-09-25 00:00:00,2025-10-08 00:00:00,2025-12-08 00:10:00,2025-12-08 06:00:00,2025-12-08 06:00:00,35,9.094947017729282e-13,0
2025-12-08 00:00:00,2025-12-08 12:00:00,M2,12,71,107,7231.2052124938255,True,15697.558967856316,15589.164152501777,26,60,2025-10-09 00:00:00,2025-12-07 00:00:00,14,2025-09-25 00:00:00,2025-10-08 00:00:00,2025-12-08 00:10:00,2025-12-08 12:00:00,2025-12-08 12:00:00,71,2.2737367544323206e-13,0
2025-12-09 00:00:00,2025-12-09 06:00:00,M2,6,35,71,10472.413547166674,False,11969.23270015504,12660.427605659503,0,60,2025-10-10 00:00:00,2025-12-08 00:00:00,14,2025-09-26 00:00:00,2025-10-09 00:00:00,2025-12-09 00:10:00,2025-12-09 06:00:00,2025-12-09 06:00:00,35,9.094947017729282e-13,0
2025-12-09 00:00:00,2025-12-09 12:00:00,M2,12,71,107,6697.935352814823,False,15590.29116961664,15782.965472457969,0,60,2025-10-10 00:00:00,2025-12-08 00:00:00,14,2025-09-26 00:00:00,2025-10-09 00:00:00,2025-12-09 00:10:00,2025-12-09 12:00:00,2025-12-09 12:00:00,71,4.547473508864641e-13,0
2025-12-10 00:00:00,2025-12-10 06:00:00,M2,6,35,71,10214.92176525926,True,19297.355674034607,13752.582687423199,25,60,2025-10-11 00:00:00,2025-12-09 00:00:00,14,2025-09-27 00:00:00,2025-10-10 00:00:00,2025-12-10 00:10:00,2025-12-10 06:00:00,2025-12-10 06:00:00,35,9.094947017729282e-13,0
2025-12-10 00:00:00,2025-12-10 12:00:00,M2,12,71,107,7180.759665753079,False,15981.440486682119,16119.202039636319,0,60,2025-10-11 00:00:00,2025-12-09 00:00:00,14,2025-09-27 00:00:00,2025-10-10 00:00:00,2025-12-10 00:10:00,2025-12-10 12:00:00,2025-12-10 12:00:00,71,0.0,0
2025-12-11 00:00:00,2025-12-11 06:00:00,M2,6,35,71,10694.910690740744,False,12425.543418712059,13216.78771985493,0,60,2025-10-12 00:00:00,2025-12-10 00:00:00,14,2025-09-28 00:00:00,2025-10-11 00:00:00,2025-12-11 00:10:00,2025-12-11 06:00:00,2025-12-11 06:00:00,35,9.094947017729282e-13,0
2025-12-11 00:00:00,2025-12-11 12:00:00,M2,12,71,107,6167.612537382721,True,16654.404021041675,15595.320664072658,30,60,2025-10-12 00:00:00,2025-12-10 00:00:00,14,2025-09-28 00:00:00,2025-10-11 00:00:00,2025-12-11 00:10:00,2025-12-11 12:00:00,2025-12-11 12:00:00,71,1.1368683772161603e-13,0
2025-12-12 00:00:00,2025-12-12 06:00:00,M2,6,35,71,10522.22205101852,True,1336.9291651304432,-658.269443700399,10,60,2025-10-13 00:00:00,2025-12-11 00:00:00,14,2025-09-29 00:00:00,2025-10-12 00:00:00,2025-12-12 00:10:00,2025-12-12 06:00:00,2025-12-12 06:00:00,35,1.8189894035458565e-12,0
2025-12-12 00:00:00,2025-12-12 12:00:00,M2,12,71,107,8227.31767086728,False,-836.487625639637,-304.67231627408756,0,60,2025-10-13 00:00:00,2025-12-11 00:00:00,14,2025-09-29 00:00:00,2025-10-12 00:00:00,2025-12-12 00:10:00,2025-12-12 12:00:00,2025-12-12 12:00:00,71,9.094947017729282e-13,0
2025-12-13 00:00:00,2025-12-13 06:00:00,M2,6,35,71,10645.185145481484,False,-2213.1673258136625,-2212.6020330806155,0,60,2025-10-14 00:00:00,2025-12-12 00:00:00,14,2025-09-30 00:00:00,2025-10-13 00:00:00,2025-12-13 00:10:00,2025-12-13 06:00:00,2025-12-13 06:00:00,35,4.547473508864641e-13,0
2025-12-13 00:00:00,2025-12-13 12:00:00,M2,12,71,107,6042.02671644445,False,-404.1116857101,542.4515547499284,0,60,2025-10-14 00:00:00,2025-12-12 00:00:00,14,2025-09-30 00:00:00,2025-10-13 00:00:00,2025-12-13 00:10:00,2025-12-13 12:00:00,2025-12-13 12:00:00,71,2.842170943040401e-14,0
2025-12-14 00:00:00,2025-12-14 06:00:00,M2,6,35,71,10675.25471744444,True,14707.14575191933,13301.991327974423,26,60,2025-10-15 00:00:00,2025-12-13 00:00:00,14,2025-10-01 00:00:00,2025-10-14 00:00:00,2025-12-14 00:10:00,2025-12-14 06:00:00,2025-12-14 06:00:00,35,9.094947017729282e-13,0
2025-12-14 00:00:00,2025-12-14 12:00:00,M2,12,71,107,6689.3464798117275,False,15666.782067699942,17603.443551530097,0,60,2025-10-15 00:00:00,2025-12-13 00:00:00,14,2025-10-01 00:00:00,2025-10-14 00:00:00,2025-12-14 00:10:00,2025-12-14 12:00:00,2025-12-14 12:00:00,71,1.8189894035458565e-12,0
2025-12-15 00:00:00,2025-12-15 06:00:00,M2,6,35,71,10800.0,True,16125.599818297496,14507.150998376974,22,60,2025-10-16 00:00:00,2025-12-14 00:00:00,14,2025-10-02 00:00:00,2025-10-15 00:00:00,2025-12-15 00:10:00,2025-12-15 06:00:00,2025-12-15 06:00:00,35,9.094947017729282e-13,0
2025-12-15 00:00:00,2025-12-15 12:00:00,M2,12,71,107,5920.021449685173,True,14993.096424796093,14981.866101892887,10,60,2025-10-16 00:00:00,2025-12-14 00:00:00,14,2025-10-02 00:00:00,2025-10-15 00:00:00,2025-12-15 00:10:00,2025-12-15 12:00:00,2025-12-15 12:00:00,71,9.094947017729282e-13,0
2025-12-16 00:00:00,2025-12-16 06:00:00,M2,6,35,71,10800.0,False,13956.561647815139,16121.332122561247,0,60,2025-10-17 00:00:00,2025-12-15 00:00:00,14,2025-10-03 00:00:00,2025-10-16 00:00:00,2025-12-16 00:10:00,2025-12-16 06:00:00,2025-12-16 06:00:00,35,4.547473508864641e-13,0
2025-12-16 00:00:00,2025-12-16 12:00:00,M2,12,71,107,6901.644999123455,True,17308.2772313402,16390.41380988771,23,60,2025-10-17 00:00:00,2025-12-15 00:00:00,14,2025-10-03 00:00:00,2025-10-16 00:00:00,2025-12-16 00:10:00,2025-12-16 12:00:00,2025-12-16 12:00:00,71,9.094947017729282e-13,0
2025-12-17 00:00:00,2025-12-17 06:00:00,M2,6,35,71,10770.79866625926,False,13235.398573639952,15597.758268072981,0,60,2025-10-18 00:00:00,2025-12-16 00:00:00,14,2025-10-04 00:00:00,2025-10-17 00:00:00,2025-12-17 00:10:00,2025-12-17 06:00:00,2025-12-17 06:00:00,35,9.094947017729282e-13,0
2025-12-17 00:00:00,2025-12-17 12:00:00,M2,12,71,107,8256.762900901234,True,16844.730058994635,15214.973589850068,28,60,2025-10-18 00:00:00,2025-12-16 00:00:00,14,2025-10-04 00:00:00,2025-10-17 00:00:00,2025-12-17 00:10:00,2025-12-17 12:00:00,2025-12-17 12:00:00,71,9.094947017729282e-13,0
2025-12-18 00:00:00,2025-12-18 06:00:00,M2,6,35,71,10788.362378777778,False,13430.128617488712,13480.812625860915,0,60,2025-10-19 00:00:00,2025-12-17 00:00:00,14,2025-10-05 00:00:00,2025-10-18 00:00:00,2025-12-18 00:10:00,2025-12-18 06:00:00,2025-12-18 06:00:00,35,9.094947017729282e-13,0
2025-12-18 00:00:00,2025-12-18 12:00:00,M2,12,71,107,6639.050098512345,True,14368.423080377963,14310.933343516186,13,60,2025-10-19 00:00:00,2025-12-17 00:00:00,14,2025-10-05 00:00:00,2025-10-18 00:00:00,2025-12-18 00:10:00,2025-12-18 12:00:00,2025-12-18 12:00:00,71,9.094947017729282e-13,0
2025-12-19 00:00:00,2025-12-19 06:00:00,M2,6,35,71,10800.0,False,-2340.872779400878,-2077.232642045127,0,60,2025-10-20 00:00:00,2025-12-18 00:00:00,14,2025-10-06 00:00:00,2025-10-19 00:00:00,2025-12-19 00:10:00,2025-12-19 06:00:00,2025-12-19 06:00:00,35,9.094947017729282e-13,0
2025-12-19 00:00:00,2025-12-19 12:00:00,M2,12,71,107,7544.709638919754,True,-1401.336641890288,-1633.034471389857,18,60,2025-10-20 00:00:00,2025-12-18 00:00:00,14,2025-10-06 00:00:00,2025-10-19 00:00:00,2025-12-19 00:10:00,2025-12-19 12:00:00,2025-12-19 12:00:00,71,0.0,0
2025-12-20 00:00:00,2025-12-20 06:00:00,M2,6,35,71,10800.0,False,-2134.8848551683072,-612.7856093121269,0,60,2025-10-21 00:00:00,2025-12-19 00:00:00,14,2025-10-07 00:00:00,2025-10-20 00:00:00,2025-12-20 00:10:00,2025-12-20 06:00:00,2025-12-20 06:00:00,35,1.8189894035458565e-12,0
2025-12-20 00:00:00,2025-12-20 12:00:00,M2,12,71,107,7952.801801987658,True,-757.4569604904207,-1582.8512569136296,19,60,2025-10-21 00:00:00,2025-12-19 00:00:00,14,2025-10-07 00:00:00,2025-10-20 00:00:00,2025-12-20 00:10:00,2025-12-20 12:00:00,2025-12-20 12:00:00,71,0.0,0
2025-12-21 00:00:00,2025-12-21 06:00:00,M2,6,35,71,10800.0,False,13191.042126597607,15083.861629339093,0,60,2025-10-22 00:00:00,2025-12-20 00:00:00,14,2025-10-08 00:00:00,2025-10-21 00:00:00,2025-12-21 00:10:00,2025-12-21 06:00:00,2025-12-21 06:00:00,35,1.8189894035458565e-12,0
2025-12-21 00:00:00,2025-12-21 12:00:00,M2,12,71,107,6632.398669623454,True,16431.79447912858,16387.625064331478,16,60,2025-10-22 00:00:00,2025-12-20 00:00:00,14,2025-10-08 00:00:00,2025-10-21 00:00:00,2025-12-21 00:10:00,2025-12-21 12:00:00,2025-12-21 12:00:00,71,9.094947017729282e-13,0
2025-12-22 00:00:00,2025-12-22 06:00:00,M2,6,35,71,10800.0,False,13179.251251819403,14508.52544313736,0,60,2025-10-23 00:00:00,2025-12-21 00:00:00,14,2025-10-09 00:00:00,2025-10-22 00:00:00,2025-12-22 00:10:00,2025-12-22 06:00:00,2025-12-22 06:00:00,35,1.8189894035458565e-12,0
2025-12-22 00:00:00,2025-12-22 12:00:00,M2,12,71,107,6315.676449876543,True,15602.265318492055,15478.324970434438,15,60,2025-10-23 00:00:00,2025-12-21 00:00:00,14,2025-10-09 00:00:00,2025-10-22 00:00:00,2025-12-22 00:10:00,2025-12-22 12:00:00,2025-12-22 12:00:00,71,4.547473508864641e-13,0
2025-12-23 00:00:00,2025-12-23 06:00:00,M2,6,35,71,10800.0,False,12821.624024453722,14726.264936403177,0,60,2025-10-24 00:00:00,2025-12-22 00:00:00,14,2025-10-10 00:00:00,2025-10-23 00:00:00,2025-12-23 00:10:00,2025-12-23 06:00:00,2025-12-23 06:00:00,35,2.2737367544323206e-13,0
2025-12-23 00:00:00,2025-12-23 12:00:00,M2,12,71,107,7868.33845011111,True,15875.0330548638,14736.303503107689,26,60,2025-10-24 00:00:00,2025-12-22 00:00:00,14,2025-10-10 00:00:00,2025-10-23 00:00:00,2025-12-23 00:10:00,2025-12-23 12:00:00,2025-12-23 12:00:00,71,4.547473508864641e-13,0
2025-12-24 00:00:00,2025-12-24 06:00:00,M2,6,35,71,10800.0,False,12997.380250580625,14485.420201807861,0,60,2025-10-25 00:00:00,2025-12-23 00:00:00,14,2025-10-11 00:00:00,2025-10-24 00:00:00,2025-12-24 00:10:00,2025-12-24 06:00:00,2025-12-24 06:00:00,35,2.2737367544323206e-13,0
2025-12-24 00:00:00,2025-12-24 12:00:00,M2,12,71,107,6926.373115771603,True,16267.037685055602,15466.15638786649,20,60,2025-10-25 00:00:00,2025-12-23 00:00:00,14,2025-10-11 00:00:00,2025-10-24 00:00:00,2025-12-24 00:10:00,2025-12-24 12:00:00,2025-12-24 12:00:00,71,2.2737367544323206e-13,0
2025-12-25 00:00:00,2025-12-25 06:00:00,M2,6,35,71,10800.0,False,11295.379310470476,12279.443435967318,0,60,2025-10-26 00:00:00,2025-12-24 00:00:00,14,2025-10-12 00:00:00,2025-10-25 00:00:00,2025-12-25 00:10:00,2025-12-25 06:00:00,2025-12-25 06:00:00,35,9.094947017729282e-13,0
2025-12-25 00:00:00,2025-12-25 12:00:00,M2,12,71,107,5525.417654302469,False,15422.728162953706,16039.64675665366,0,60,2025-10-26 00:00:00,2025-12-24 00:00:00,14,2025-10-12 00:00:00,2025-10-25 00:00:00,2025-12-25 00:10:00,2025-12-25 12:00:00,2025-12-25 12:00:00,71,9.094947017729282e-13,0
2025-12-26 00:00:00,2025-12-26 06:00:00,M2,6,35,71,10800.0,False,-2697.7537357156325,-2148.3920850859577,0,60,2025-10-27 00:00:00,2025-12-25 00:00:00,14,2025-10-13 00:00:00,2025-10-26 00:00:00,2025-12-26 00:10:00,2025-12-26 06:00:00,2025-12-26 06:00:00,35,2.2737367544323206e-13,0
2025-12-26 00:00:00,2025-12-26 12:00:00,M2,12,71,107,6513.084101716052,False,-906.7549407111429,-877.9809800815735,0,60,2025-10-27 00:00:00,2025-12-25 00:00:00,14,2025-10-13 00:00:00,2025-10-26 00:00:00,2025-12-26 00:10:00,2025-12-26 12:00:00,2025-12-26 12:00:00,71,9.094947017729282e-13,0
2025-12-27 00:00:00,2025-12-27 06:00:00,M2,6,35,71,10800.0,False,-2363.4939917015645,-1645.76577160703,0,60,2025-10-28 00:00:00,2025-12-26 00:00:00,14,2025-10-14 00:00:00,2025-10-27 00:00:00,2025-12-27 00:10:00,2025-12-27 06:00:00,2025-12-27 06:00:00,35,1.8189894035458565e-12,0
2025-12-27 00:00:00,2025-12-27 12:00:00,M2,12,71,107,6618.244673858026,True,-666.9303925437963,-990.6587312161209,23,60,2025-10-28 00:00:00,2025-12-26 00:00:00,14,2025-10-14 00:00:00,2025-10-27 00:00:00,2025-12-27 00:10:00,2025-12-27 12:00:00,2025-12-27 12:00:00,71,0.0,0
2025-12-28 00:00:00,2025-12-28 06:00:00,M2,6,35,71,10800.0,False,12952.391277899185,14679.607855878787,0,60,2025-10-29 00:00:00,2025-12-27 00:00:00,14,2025-10-15 00:00:00,2025-10-28 00:00:00,2025-12-28 00:10:00,2025-12-28 06:00:00,2025-12-28 06:00:00,35,9.094947017729282e-13,0
2025-12-28 00:00:00,2025-12-28 12:00:00,M2,12,71,107,6223.783464574072,True,15983.606752475835,14881.307383436242,27,60,2025-10-29 00:00:00,2025-12-27 00:00:00,14,2025-10-15 00:00:00,2025-10-28 00:00:00,2025-12-28 00:10:00,2025-12-28 12:00:00,2025-12-28 12:00:00,71,9.094947017729282e-13,0
2025-12-29 00:00:00,2025-12-29 06:00:00,M2,6,35,71,10800.0,False,12818.295334162502,12881.574991057878,0,60,2025-10-30 00:00:00,2025-12-28 00:00:00,14,2025-10-16 00:00:00,2025-10-29 00:00:00,2025-12-29 00:10:00,2025-12-29 06:00:00,2025-12-29 06:00:00,35,9.094947017729282e-13,0
2025-12-29 00:00:00,2025-12-29 12:00:00,M2,12,71,107,6182.961291290124,True,15852.623206424947,15779.421131431054,22,60,2025-10-30 00:00:00,2025-12-28 00:00:00,14,2025-10-16 00:00:00,2025-10-29 00:00:00,2025-12-29 00:10:00,2025-12-29 12:00:00,2025-12-29 12:00:00,71,9.094947017729282e-13,0
2025-12-30 00:00:00,2025-12-30 06:00:00,M2,6,35,71,10800.0,True,13731.888804879733,12897.98287822855,22,60,2025-10-31 00:00:00,2025-12-29 00:00:00,14,2025-10-17 00:00:00,2025-10-30 00:00:00,2025-12-30 00:10:00,2025-12-30 06:00:00,2025-12-30 06:00:00,35,9.094947017729282e-13,0
2025-12-30 00:00:00,2025-12-30 12:00:00,M2,12,71,107,5794.337875021603,True,16105.279966448654,15052.807717750693,29,60,2025-10-31 00:00:00,2025-12-29 00:00:00,14,2025-10-17 00:00:00,2025-10-30 00:00:00,2025-12-30 00:10:00,2025-12-30 12:00:00,2025-12-30 12:00:00,71,9.094947017729282e-13,0
2025-12-31 00:00:00,2025-12-31 06:00:00,M2,6,35,71,10800.0,False,12758.81276681248,14628.583652260186,0,60,2025-11-01 00:00:00,2025-12-30 00:00:00,14,2025-10-18 00:00:00,2025-10-31 00:00:00,2025-12-31 00:10:00,2025-12-31 06:00:00,2025-12-31 06:00:00,35,9.094947017729282e-13,0
2025-12-31 00:00:00,2025-12-31 12:00:00,M2,12,71,107,6621.461762765433,True,15950.542697379367,15543.481420993437,25,60,2025-11-01 00:00:00,2025-12-30 00:00:00,14,2025-10-18 00:00:00,2025-10-31 00:00:00,2025-12-31 00:10:00,2025-12-31 12:00:00,2025-12-31 12:00:00,71,4.547473508864641e-13,0
