day,issue_time,schedule,release_hour,block_start,block_end_exclusive,soc_kwh,accepted,keep_score_yuan,new_score_yuan,changed_intervals,risk_days,risk_day_first,risk_day_last,gate_days,gate_day_first,gate_day_last,load_source_max,load_correction_source_max,anchor_source,lp_residual_kwh,solve_seconds,planned_mutex_violations,solver_fallback_keep_contract
2025-02-01 00:00:00,2025-02-01 06:00:00,M2,6,35,71,10209.798703703704,False,-5872.815907452184,-5872.815907452184,0,14,2025-01-18 00:00:00,2025-01-31 00:00:00,14,2025-01-04 00:00:00,2025-01-17 00:00:00,2025-02-01 00:10:00,2025-02-01 06:00:00,frozen_current_point_measurement_proxy,4.547473508864641e-13,0.002542500000004111,0,False
2025-02-01 00:00:00,2025-02-01 12:00:00,M2,12,71,107,6709.567392037038,True,-1326.746072879583,-2174.855677383163,21,14,2025-01-18 00:00:00,2025-01-31 00:00:00,14,2025-01-04 00:00:00,2025-01-17 00:00:00,2025-02-01 00:10:00,2025-02-01 12:00:00,frozen_current_point_measurement_proxy,5.684341886080802e-14,0.0019056000000432505,0,False
2025-02-02 00:00:00,2025-02-02 06:00:00,M2,6,35,71,10800.0,False,6778.077183160996,10118.53924480287,0,14,2025-01-19 00:00:00,2025-02-01 00:00:00,14,2025-01-05 00:00:00,2025-01-18 00:00:00,2025-02-02 00:10:00,2025-02-02 06:00:00,frozen_current_point_measurement_proxy,9.094947017729282e-13,0.002691500000025826,0,False
2025-02-02 00:00:00,2025-02-02 12:00:00,M2,12,71,107,7122.682210962964,True,10673.82214448811,9373.080343641335,30,14,2025-01-19 00:00:00,2025-02-01 00:00:00,14,2025-01-05 00:00:00,2025-01-18 00:00:00,2025-02-02 00:10:00,2025-02-02 12:00:00,frozen_current_point_measurement_proxy,1.8189894035458565e-12,0.001979000000005726,0,False
2025-02-03 00:00:00,2025-02-03 06:00:00,M2,6,35,71,10800.0,False,6344.252500621054,9437.951215940655,0,14,2025-01-20 00:00:00,2025-02-02 00:00:00,14,2025-01-06 00:00:00,2025-01-19 00:00:00,2025-02-03 00:10:00,2025-02-03 06:00:00,frozen_current_point_measurement_proxy,9.094947017729282e-13,0.0025051000000075874,0,False
2025-02-03 00:00:00,2025-02-03 12:00:00,M2,12,71,107,7141.578969388893,True,12043.956925380942,10192.976622976264,30,14,2025-01-20 00:00:00,2025-02-02 00:00:00,14,2025-01-06 00:00:00,2025-01-19 00:00:00,2025-02-03 00:10:00,2025-02-03 12:00:00,frozen_current_point_measurement_proxy,9.094947017729282e-13,0.0019589000000337364,0,False
2025-02-04 00:00:00,2025-02-04 06:00:00,M2,6,35,71,10800.0,False,7174.4401575605825,10417.016769877127,0,14,2025-01-21 00:00:00,2025-02-03 00:00:00,14,2025-01-07 00:00:00,2025-01-20 00:00:00,2025-02-04 00:10:00,2025-02-04 06:00:00,frozen_current_point_measurement_proxy,1.8189894035458565e-12,0.0022890999999845008,0,False
2025-02-04 00:00:00,2025-02-04 12:00:00,M2,12,71,107,6745.178918833333,True,13421.453170862662,11023.554408629192,31,14,2025-01-21 00:00:00,2025-02-03 00:00:00,14,2025-01-07 00:00:00,2025-01-20 00:00:00,2025-02-04 00:10:00,2025-02-04 12:00:00,frozen_current_point_measurement_proxy,4.547473508864641e-13,0.0018951999999785585,0,False
2025-02-05 00:00:00,2025-02-05 06:00:00,M2,6,35,71,10800.0,False,7836.508346367603,7997.741658533406,0,14,2025-01-22 00:00:00,2025-02-04 00:00:00,14,2025-01-08 00:00:00,2025-01-21 00:00:00,2025-02-05 00:10:00,2025-02-05 06:00:00,frozen_current_point_measurement_proxy,9.094947017729282e-13,0.0023228000000017346,0,False
2025-02-05 00:00:00,2025-02-05 12:00:00,M2,12,71,107,5744.161076512345,True,10275.418567913886,9587.875033284985,26,14,2025-01-22 00:00:00,2025-02-04 00:00:00,14,2025-01-08 00:00:00,2025-01-21 00:00:00,2025-02-05 00:10:00,2025-02-05 12:00:00,frozen_current_point_measurement_proxy,1.8189894035458565e-12,0.0017614000000207852,0,False
2025-02-06 00:00:00,2025-02-06 06:00:00,M2,6,35,71,10800.0,False,6275.793105531761,8332.092221849125,0,14,2025-01-23 00:00:00,2025-02-05 00:00:00,14,2025-01-09 00:00:00,2025-01-22 00:00:00,2025-02-06 00:10:00,2025-02-06 06:00:00,frozen_current_point_measurement_proxy,9.094947017729282e-13,0.0034559000000058404,0,False
2025-02-06 00:00:00,2025-02-06 12:00:00,M2,12,71,107,6857.706630790122,True,13529.026608217911,10956.958225262002,30,14,2025-01-23 00:00:00,2025-02-05 00:00:00,14,2025-01-09 00:00:00,2025-01-22 00:00:00,2025-02-06 00:10:00,2025-02-06 12:00:00,frozen_current_point_measurement_proxy,4.547473508864641e-13,0.0018433999999842854,0,False
2025-02-07 00:00:00,2025-02-07 06:00:00,M2,6,35,71,10409.66892943827,False,-4415.796326942703,-4415.796326942703,0,14,2025-01-24 00:00:00,2025-02-06 00:00:00,14,2025-01-10 00:00:00,2025-01-23 00:00:00,2025-02-07 00:10:00,2025-02-07 06:00:00,frozen_current_point_measurement_proxy,9.094947017729282e-13,0.002328799999986586,0,False
2025-02-07 00:00:00,2025-02-07 12:00:00,M2,12,71,107,6582.698654808644,True,-1340.742206849925,-2275.6845956250754,22,14,2025-01-24 00:00:00,2025-02-06 00:00:00,14,2025-01-10 00:00:00,2025-01-23 00:00:00,2025-02-07 00:10:00,2025-02-07 12:00:00,frozen_current_point_measurement_proxy,9.094947017729282e-13,0.0018693999999754851,0,False
2025-02-08 00:00:00,2025-02-08 06:00:00,M2,6,35,71,9088.750509543217,False,-5460.593791975006,-5460.593791975006,0,14,2025-01-25 00:00:00,2025-02-07 00:00:00,14,2025-01-11 00:00:00,2025-01-24 00:00:00,2025-02-08 00:10:00,2025-02-08 06:00:00,frozen_current_point_measurement_proxy,9.094947017729282e-13,0.002439100000003691,0,False
2025-02-08 00:00:00,2025-02-08 12:00:00,M2,12,71,107,7297.772471765439,False,-3955.774394242177,-3775.923685750907,0,14,2025-01-25 00:00:00,2025-02-07 00:00:00,14,2025-01-11 00:00:00,2025-01-24 00:00:00,2025-02-08 00:10:00,2025-02-08 12:00:00,frozen_current_point_measurement_proxy,9.094947017729282e-13,0.0018643000000224674,0,False
2025-02-09 00:00:00,2025-02-09 06:00:00,M2,6,35,71,10800.0,False,6519.51560403394,6669.539902871659,0,14,2025-01-26 00:00:00,2025-02-08 00:00:00,14,2025-01-12 00:00:00,2025-01-25 00:00:00,2025-02-09 00:10:00,2025-02-09 06:00:00,frozen_current_point_measurement_proxy,4.547473508864641e-13,0.0025728999999614643,0,False
2025-02-09 00:00:00,2025-02-09 12:00:00,M2,12,71,107,7910.851786913582,True,8897.69176997459,8823.964874330146,21,14,2025-01-26 00:00:00,2025-02-08 00:00:00,14,2025-01-12 00:00:00,2025-01-25 00:00:00,2025-02-09 00:10:00,2025-02-09 12:00:00,frozen_current_point_measurement_proxy,9.094947017729282e-13,0.002048500000000786,0,False
2025-02-10 00:00:00,2025-02-10 06:00:00,M2,6,35,71,10794.847590740741,False,3436.7554560527924,5471.370451013879,0,14,2025-01-27 00:00:00,2025-02-09 00:00:00,14,2025-01-13 00:00:00,2025-01-26 00:00:00,2025-02-10 00:10:00,2025-02-10 06:00:00,frozen_current_point_measurement_proxy,9.094947017729282e-13,0.0024769999999989523,0,False
2025-02-10 00:00:00,2025-02-10 12:00:00,M2,12,71,107,8186.337205518517,True,8533.730664641249,7411.994542832111,19,14,2025-01-27 00:00:00,2025-02-09 00:00:00,14,2025-01-13 00:00:00,2025-01-26 00:00:00,2025-02-10 00:10:00,2025-02-10 12:00:00,frozen_current_point_measurement_proxy,9.094947017729282e-13,0.0018215000000054715,0,False
2025-02-11 00:00:00,2025-02-11 06:00:00,M2,6,35,71,10798.186525925927,False,3368.793741550134,5289.61703151116,0,14,2025-01-28 00:00:00,2025-02-10 00:00:00,14,2025-01-14 00:00:00,2025-01-27 00:00:00,2025-02-11 00:10:00,2025-02-11 06:00:00,frozen_current_point_measurement_proxy,9.094947017729282e-13,0.0025929999999902975,0,False
2025-02-11 00:00:00,2025-02-11 12:00:00,M2,12,71,107,5917.035137518516,True,10450.460850038038,8691.308745525317,27,14,2025-01-28 00:00:00,2025-02-10 00:00:00,14,2025-01-14 00:00:00,2025-01-27 00:00:00,2025-02-11 00:10:00,2025-02-11 12:00:00,frozen_current_point_measurement_proxy,9.094947017729282e-13,0.0018081999999708387,0,False
2025-02-12 00:00:00,2025-02-12 06:00:00,M2,6,35,71,10800.0,False,3461.102568731099,4880.594623955927,0,14,2025-01-29 00:00:00,2025-02-11 00:00:00,14,2025-01-15 00:00:00,2025-01-28 00:00:00,2025-02-12 00:10:00,2025-02-12 06:00:00,frozen_current_point_measurement_proxy,2.2737367544323206e-13,0.0026182000000289918,0,False
2025-02-12 00:00:00,2025-02-12 12:00:00,M2,12,71,107,7547.572178228396,True,8932.174682244684,7381.740319788885,29,14,2025-01-29 00:00:00,2025-02-11 00:00:00,14,2025-01-15 00:00:00,2025-01-28 00:00:00,2025-02-12 00:10:00,2025-02-12 12:00:00,frozen_current_point_measurement_proxy,9.094947017729282e-13,0.0020112999999923886,0,False
2025-02-13 00:00:00,2025-02-13 06:00:00,M2,6,35,71,10797.06597037037,False,2287.8986352804245,3160.6257970668316,0,14,2025-01-30 00:00:00,2025-02-12 00:00:00,14,2025-01-16 00:00:00,2025-01-29 00:00:00,2025-02-13 00:10:00,2025-02-13 06:00:00,frozen_current_point_measurement_proxy,9.094947017729282e-13,0.0026939999999626707,0,False
2025-02-13 00:00:00,2025-02-13 12:00:00,M2,12,71,107,7514.199330358022,True,6778.452749377713,6166.512912342345,19,14,2025-01-30 00:00:00,2025-02-12 00:00:00,14,2025-01-16 00:00:00,2025-01-29 00:00:00,2025-02-13 00:10:00,2025-02-13 12:00:00,frozen_current_point_measurement_proxy,9.094947017729282e-13,0.0019608999999718435,0,False
2025-02-14 00:00:00,2025-02-14 06:00:00,M2,6,35,71,8677.929664268519,False,-5691.046021999313,-5691.046021999313,0,14,2025-01-31 00:00:00,2025-02-13 00:00:00,14,2025-01-17 00:00:00,2025-01-30 00:00:00,2025-02-14 00:10:00,2025-02-14 06:00:00,frozen_current_point_measurement_proxy,4.547473508864641e-13,0.0024922000000060507,0,False
2025-02-14 00:00:00,2025-02-14 12:00:00,M2,12,71,107,6458.071419268518,False,-3822.8030039239393,-2831.8386609896947,0,14,2025-01-31 00:00:00,2025-02-13 00:00:00,14,2025-01-17 00:00:00,2025-01-30 00:00:00,2025-02-14 00:10:00,2025-02-14 12:00:00,frozen_current_point_measurement_proxy,5.684341886080802e-14,0.001999099999977716,0,False
2025-02-15 00:00:00,2025-02-15 06:00:00,M2,6,35,71,6752.688176055556,True,-3542.478004923937,-4611.56704335869,2,14,2025-02-01 00:00:00,2025-02-14 00:00:00,14,2025-01-18 00:00:00,2025-01-31 00:00:00,2025-02-15 00:10:00,2025-02-15 06:00:00,frozen_current_point_measurement_proxy,9.094947017729282e-13,0.0023411000000237436,0,False
2025-02-15 00:00:00,2025-02-15 12:00:00,M2,12,71,107,6187.336359490742,False,-3626.755266448137,-3320.926912119598,0,14,2025-02-01 00:00:00,2025-02-14 00:00:00,14,2025-01-18 00:00:00,2025-01-31 00:00:00,2025-02-15 00:10:00,2025-02-15 12:00:00,frozen_current_point_measurement_proxy,9.094947017729282e-13,0.0019206000000053791,0,False
2025-02-16 00:00:00,2025-02-16 06:00:00,M2,6,35,71,10606.377820370377,False,4106.665196702842,5551.78851496152,0,14,2025-02-02 00:00:00,2025-02-15 00:00:00,14,2025-01-19 00:00:00,2025-02-01 00:00:00,2025-02-16 00:10:00,2025-02-16 06:00:00,frozen_current_point_measurement_proxy,9.094947017729282e-13,0.002540199999998549,0,False
2025-02-16 00:00:00,2025-02-16 12:00:00,M2,12,71,107,6257.149380117294,True,8623.848654384894,6966.445885852196,29,14,2025-02-02 00:00:00,2025-02-15 00:00:00,14,2025-01-19 00:00:00,2025-02-01 00:00:00,2025-02-16 00:10:00,2025-02-16 12:00:00,frozen_current_point_measurement_proxy,9.094947017729282e-13,0.001847700000041641,0,False
2025-02-17 00:00:00,2025-02-17 06:00:00,M2,6,35,71,10727.282639351854,False,3074.0265110691284,4373.260730226817,0,14,2025-02-03 00:00:00,2025-02-16 00:00:00,14,2025-01-20 00:00:00,2025-02-02 00:00:00,2025-02-17 00:10:00,2025-02-17 06:00:00,frozen_current_point_measurement_proxy,4.547473508864641e-13,0.0027109999999765932,0,False
2025-02-17 00:00:00,2025-02-17 12:00:00,M2,12,71,107,8913.891029228404,True,8017.399003581291,6102.9014469660115,28,14,2025-02-03 00:00:00,2025-02-16 00:00:00,14,2025-01-20 00:00:00,2025-02-02 00:00:00,2025-02-17 00:10:00,2025-02-17 12:00:00,frozen_current_point_measurement_proxy,9.094947017729282e-13,0.0019996999999989384,0,False
2025-02-18 00:00:00,2025-02-18 06:00:00,M2,6,35,71,10512.730416037035,True,6282.187467319993,5052.968786842825,19,14,2025-02-04 00:00:00,2025-02-17 00:00:00,14,2025-01-21 00:00:00,2025-02-03 00:00:00,2025-02-18 00:10:00,2025-02-18 06:00:00,frozen_current_point_measurement_proxy,9.094947017729282e-13,0.0027893999999832886,0,False
2025-02-18 00:00:00,2025-02-18 12:00:00,M2,12,71,107,8948.432799435188,False,5109.907576792398,5459.192114629676,0,14,2025-02-04 00:00:00,2025-02-17 00:00:00,14,2025-01-21 00:00:00,2025-02-03 00:00:00,2025-02-18 00:10:00,2025-02-18 12:00:00,frozen_current_point_measurement_proxy,9.094947017729282e-13,0.002054700000030607,0,False
2025-02-19 00:00:00,2025-02-19 06:00:00,M2,6,35,71,10474.737519425926,False,2077.822166735016,2177.9764141327664,0,14,2025-02-05 00:00:00,2025-02-18 00:00:00,14,2025-01-22 00:00:00,2025-02-04 00:00:00,2025-02-19 00:10:00,2025-02-19 06:00:00,frozen_current_point_measurement_proxy,9.094947017729282e-13,0.0029115000000388136,0,False
2025-02-19 00:00:00,2025-02-19 12:00:00,M2,12,71,107,5248.187293999999,False,7029.309961351717,8803.333768592443,0,14,2025-02-05 00:00:00,2025-02-18 00:00:00,14,2025-01-22 00:00:00,2025-02-04 00:00:00,2025-02-19 00:10:00,2025-02-19 12:00:00,frozen_current_point_measurement_proxy,5.684341886080802e-14,0.0019321000000331878,0,False
2025-02-20 00:00:00,2025-02-20 06:00:00,M2,6,35,71,10696.84511896296,True,3617.2019540223823,3494.322740003548,18,14,2025-02-06 00:00:00,2025-02-19 00:00:00,14,2025-01-23 00:00:00,2025-02-05 00:00:00,2025-02-20 00:10:00,2025-02-20 06:00:00,frozen_current_point_measurement_proxy,9.094947017729282e-13,0.002664400000014666,0,False
2025-02-20 00:00:00,2025-02-20 12:00:00,M2,12,71,107,6575.849451040118,True,5659.538491314925,5632.267467007739,23,14,2025-02-06 00:00:00,2025-02-19 00:00:00,14,2025-01-23 00:00:00,2025-02-05 00:00:00,2025-02-20 00:10:00,2025-02-20 12:00:00,frozen_current_point_measurement_proxy,9.094947017729282e-13,0.00207260000001952,0,False
2025-02-21 00:00:00,2025-02-21 06:00:00,M2,6,35,71,6685.3363708888855,True,-1489.3160187216974,-3821.2819735970484,3,14,2025-02-07 00:00:00,2025-02-20 00:00:00,14,2025-01-24 00:00:00,2025-02-06 00:00:00,2025-02-21 00:10:00,2025-02-21 06:00:00,frozen_current_point_measurement_proxy,9.094947017729282e-13,0.0022629000000051747,0,False
2025-02-21 00:00:00,2025-02-21 12:00:00,M2,12,71,107,7646.17124982716,False,-4593.385203255974,-4174.175747463036,0,14,2025-02-07 00:00:00,2025-02-20 00:00:00,14,2025-01-24 00:00:00,2025-02-06 00:00:00,2025-02-21 00:10:00,2025-02-21 12:00:00,frozen_current_point_measurement_proxy,9.094947017729282e-13,0.0019446000000016284,0,False
2025-02-22 00:00:00,2025-02-22 06:00:00,M2,6,35,71,6096.1414620401265,True,-3065.003170138575,-4598.774674624611,3,14,2025-02-08 00:00:00,2025-02-21 00:00:00,14,2025-01-25 00:00:00,2025-02-07 00:00:00,2025-02-22 00:10:00,2025-02-22 06:00:00,frozen_current_point_measurement_proxy,0.0,0.0025304999999775646,0,False
2025-02-22 00:00:00,2025-02-22 12:00:00,M2,12,71,107,6581.4501599999985,False,-3963.003801918953,-3202.5488370092244,0,14,2025-02-08 00:00:00,2025-02-21 00:00:00,14,2025-01-25 00:00:00,2025-02-07 00:00:00,2025-02-22 00:10:00,2025-02-22 12:00:00,frozen_current_point_measurement_proxy,9.094947017729282e-13,0.0017967999999655149,0,False
2025-02-23 00:00:00,2025-02-23 06:00:00,M2,6,35,71,10484.07795980247,True,6158.318912033562,4012.211022764145,19,14,2025-02-09 00:00:00,2025-02-22 00:00:00,14,2025-01-26 00:00:00,2025-02-08 00:00:00,2025-02-23 00:10:00,2025-02-23 06:00:00,frozen_current_point_measurement_proxy,9.094947017729282e-13,0.0028267000000141707,0,False
2025-02-23 00:00:00,2025-02-23 12:00:00,M2,12,71,107,6853.067647651231,True,6707.625338246689,5964.407078029709,28,14,2025-02-09 00:00:00,2025-02-22 00:00:00,14,2025-01-26 00:00:00,2025-02-08 00:00:00,2025-02-23 00:10:00,2025-02-23 12:00:00,frozen_current_point_measurement_proxy,4.547473508864641e-13,0.0019739000000527085,0,False
2025-02-24 00:00:00,2025-02-24 06:00:00,M2,6,35,71,10800.0,False,1733.9477603070081,2196.7137982378686,0,14,2025-02-10 00:00:00,2025-02-23 00:00:00,14,2025-01-27 00:00:00,2025-02-09 00:00:00,2025-02-24 00:10:00,2025-02-24 06:00:00,frozen_current_point_measurement_proxy,9.094947017729282e-13,0.003156199999978071,0,False
2025-02-24 00:00:00,2025-02-24 12:00:00,M2,12,71,107,5603.451098277777,False,5781.895340498895,6048.219338621811,0,14,2025-02-10 00:00:00,2025-02-23 00:00:00,14,2025-01-27 00:00:00,2025-02-09 00:00:00,2025-02-24 00:10:00,2025-02-24 12:00:00,frozen_current_point_measurement_proxy,9.094947017729282e-13,0.0021659000000227024,0,False
2025-02-25 00:00:00,2025-02-25 06:00:00,M2,6,35,71,10588.693082629634,False,628.344877259866,920.8637613066555,0,14,2025-02-11 00:00:00,2025-02-24 00:00:00,14,2025-01-28 00:00:00,2025-02-10 00:00:00,2025-02-25 00:10:00,2025-02-25 06:00:00,frozen_current_point_measurement_proxy,1.8189894035458565e-12,0.0030266999999639665,0,False
2025-02-25 00:00:00,2025-02-25 12:00:00,M2,12,71,107,7853.866998555557,True,5998.619477106281,5044.884592611129,24,14,2025-02-11 00:00:00,2025-02-24 00:00:00,14,2025-01-28 00:00:00,2025-02-10 00:00:00,2025-02-25 00:10:00,2025-02-25 12:00:00,frozen_current_point_measurement_proxy,9.094947017729282e-13,0.0019034000000033302,0,False
2025-02-26 00:00:00,2025-02-26 06:00:00,M2,6,35,71,10536.825544981484,True,3679.005387446182,2088.9174384882176,18,14,2025-02-12 00:00:00,2025-02-25 00:00:00,14,2025-01-29 00:00:00,2025-02-11 00:00:00,2025-02-26 00:10:00,2025-02-26 06:00:00,frozen_current_point_measurement_proxy,9.094947017729282e-13,0.0027218999999831794,0,False
2025-02-26 00:00:00,2025-02-26 12:00:00,M2,12,71,107,7406.135884543206,False,4861.133350524624,6062.033996905152,0,14,2025-02-12 00:00:00,2025-02-25 00:00:00,14,2025-01-29 00:00:00,2025-02-11 00:00:00,2025-02-26 00:10:00,2025-02-26 12:00:00,frozen_current_point_measurement_proxy,2.2737367544323206e-13,0.0021674999999845568,0,False
2025-02-27 00:00:00,2025-02-27 06:00:00,M2,6,35,71,10800.0,True,1617.7486818848788,1338.0732049491046,11,14,2025-02-13 00:00:00,2025-02-26 00:00:00,14,2025-01-30 00:00:00,2025-02-12 00:00:00,2025-02-27 00:10:00,2025-02-27 06:00:00,frozen_current_point_measurement_proxy,4.547473508864641e-13,0.002749800000003688,0,False
2025-02-27 00:00:00,2025-02-27 12:00:00,M2,12,71,107,5700.4108992500005,False,4033.1996330889638,4560.792335233598,0,14,2025-02-13 00:00:00,2025-02-26 00:00:00,14,2025-01-30 00:00:00,2025-02-12 00:00:00,2025-02-27 00:10:00,2025-02-27 12:00:00,frozen_current_point_measurement_proxy,0.0,0.0021904000000176893,0,False
2025-02-28 00:00:00,2025-02-28 06:00:00,M2,6,35,71,6004.626100614196,True,-2096.7085840318136,-4415.13246279756,4,14,2025-02-14 00:00:00,2025-02-27 00:00:00,14,2025-01-31 00:00:00,2025-02-13 00:00:00,2025-02-28 00:10:00,2025-02-28 06:00:00,frozen_current_point_measurement_proxy,0.0,0.002349999999978536,0,False
2025-02-28 00:00:00,2025-02-28 12:00:00,M2,12,71,107,8936.617068694444,False,-4422.575250479861,-4044.973372211521,0,14,2025-02-14 00:00:00,2025-02-27 00:00:00,14,2025-01-31 00:00:00,2025-02-13 00:00:00,2025-02-28 00:10:00,2025-02-28 12:00:00,frozen_current_point_measurement_proxy,1.8189894035458565e-12,0.0020526000000131717,0,False
2025-03-01 00:00:00,2025-03-01 06:00:00,M2,6,35,71,7658.155832154316,False,-6752.303196783223,-6752.303196783223,0,14,2025-02-15 00:00:00,2025-02-28 00:00:00,14,2025-02-01 00:00:00,2025-02-14 00:00:00,2025-03-01 00:10:00,2025-03-01 06:00:00,frozen_current_point_measurement_proxy,2.2737367544323206e-13,0.0024369999999862557,0,False
2025-03-01 00:00:00,2025-03-01 12:00:00,M2,12,71,107,8177.567611783947,True,-3992.519141483651,-4288.524864231014,16,14,2025-02-15 00:00:00,2025-02-28 00:00:00,14,2025-02-01 00:00:00,2025-02-14 00:00:00,2025-03-01 00:10:00,2025-03-01 12:00:00,frozen_current_point_measurement_proxy,1.1368683772161603e-13,0.0017801999999846885,0,False
2025-03-02 00:00:00,2025-03-02 06:00:00,M2,6,35,71,10800.0,True,3049.2408882534182,2730.8677887007298,7,14,2025-02-16 00:00:00,2025-03-01 00:00:00,14,2025-02-02 00:00:00,2025-02-15 00:00:00,2025-03-02 00:10:00,2025-03-02 06:00:00,frozen_current_point_measurement_proxy,9.094947017729282e-13,0.002804499999967902,0,False
2025-03-02 00:00:00,2025-03-02 12:00:00,M2,12,71,107,5942.014028444449,True,8729.697246480993,8184.883813678474,28,14,2025-02-16 00:00:00,2025-03-01 00:00:00,14,2025-02-02 00:00:00,2025-02-15 00:00:00,2025-03-02 00:10:00,2025-03-02 12:00:00,frozen_current_point_measurement_proxy,0.0,0.0019287999999733074,0,False
2025-03-03 00:00:00,2025-03-03 06:00:00,M2,6,35,71,10800.0,False,2796.557657954506,4472.906231224775,0,14,2025-02-17 00:00:00,2025-03-02 00:00:00,14,2025-02-03 00:00:00,2025-02-16 00:00:00,2025-03-03 00:10:00,2025-03-03 06:00:00,frozen_current_point_measurement_proxy,1.8189894035458565e-12,0.0025573000000349566,0,False
2025-03-03 00:00:00,2025-03-03 12:00:00,M2,12,71,107,7843.916624814809,True,7381.107397218845,6273.371526801307,17,14,2025-02-17 00:00:00,2025-03-02 00:00:00,14,2025-02-03 00:00:00,2025-02-16 00:00:00,2025-03-03 00:10:00,2025-03-03 12:00:00,frozen_current_point_measurement_proxy,0.0,0.0018067000000314692,0,False
2025-03-04 00:00:00,2025-03-04 06:00:00,M2,6,35,71,10800.0,True,4141.42291096283,3023.1375718469326,11,14,2025-02-18 00:00:00,2025-03-03 00:00:00,14,2025-02-04 00:00:00,2025-02-17 00:00:00,2025-03-04 00:10:00,2025-03-04 06:00:00,frozen_current_point_measurement_proxy,9.094947017729282e-13,0.0028719000000023698,0,False
2025-03-04 00:00:00,2025-03-04 12:00:00,M2,12,71,107,7357.978962320991,True,4377.490223781462,4220.885601042576,15,14,2025-02-18 00:00:00,2025-03-03 00:00:00,14,2025-02-04 00:00:00,2025-02-17 00:00:00,2025-03-04 00:10:00,2025-03-04 12:00:00,frozen_current_point_measurement_proxy,9.094947017729282e-13,0.0017899999999713145,0,False
2025-03-05 00:00:00,2025-03-05 06:00:00,M2,6,35,71,10795.007870370371,False,773.0202040998627,1821.602887878636,0,14,2025-02-19 00:00:00,2025-03-04 00:00:00,14,2025-02-05 00:00:00,2025-02-18 00:00:00,2025-03-05 00:10:00,2025-03-05 06:00:00,frozen_current_point_measurement_proxy,2.2737367544323206e-13,0.0025529000000119595,0,False
2025-03-05 00:00:00,2025-03-05 12:00:00,M2,12,71,107,8224.62890347531,True,6148.806576842842,4498.750944107676,29,14,2025-02-19 00:00:00,2025-03-04 00:00:00,14,2025-02-05 00:00:00,2025-02-18 00:00:00,2025-03-05 00:10:00,2025-03-05 12:00:00,frozen_current_point_measurement_proxy,2.2737367544323206e-13,0.0019270000000233267,0,False
2025-03-06 00:00:00,2025-03-06 06:00:00,M2,6,35,71,10800.0,False,825.0530201871989,1109.8462110533728,0,14,2025-02-20 00:00:00,2025-03-05 00:00:00,14,2025-02-06 00:00:00,2025-02-19 00:00:00,2025-03-06 00:10:00,2025-03-06 06:00:00,frozen_current_point_measurement_proxy,9.094947017729282e-13,0.002593099999955939,0,False
2025-03-06 00:00:00,2025-03-06 12:00:00,M2,12,71,107,6508.487876104935,True,5252.960950214371,4889.50290574174,24,14,2025-02-20 00:00:00,2025-03-05 00:00:00,14,2025-02-06 00:00:00,2025-02-19 00:00:00,2025-03-06 00:10:00,2025-03-06 12:00:00,frozen_current_point_measurement_proxy,9.094947017729282e-13,0.0019170999999573723,0,False
2025-03-07 00:00:00,2025-03-07 06:00:00,M2,6,35,71,6777.76022509259,False,-7197.077846306519,-7197.077846306519,0,14,2025-02-21 00:00:00,2025-03-06 00:00:00,14,2025-02-07 00:00:00,2025-02-20 00:00:00,2025-03-07 00:10:00,2025-03-07 06:00:00,frozen_current_point_measurement_proxy,4.547473508864641e-13,0.0023272000000247317,0,False
2025-03-07 00:00:00,2025-03-07 12:00:00,M2,12,71,107,10756.92616546296,True,-4018.484105781451,-4598.80059095509,17,14,2025-02-21 00:00:00,2025-03-06 00:00:00,14,2025-02-07 00:00:00,2025-02-20 00:00:00,2025-03-07 00:10:00,2025-03-07 12:00:00,frozen_current_point_measurement_proxy,1.8189894035458565e-12,0.0022084999999947286,0,False
2025-03-08 00:00:00,2025-03-08 06:00:00,M2,6,35,71,5457.490688055556,True,-5681.488843773578,-6005.775591898168,2,14,2025-02-22 00:00:00,2025-03-07 00:00:00,14,2025-02-08 00:00:00,2025-02-21 00:00:00,2025-03-08 00:10:00,2025-03-08 06:00:00,frozen_current_point_measurement_proxy,9.094947017729282e-13,0.002675399999986894,0,False
2025-03-08 00:00:00,2025-03-08 12:00:00,M2,12,71,107,9702.575597098767,False,-4782.1982813373825,-4673.212431662082,0,14,2025-02-22 00:00:00,2025-03-07 00:00:00,14,2025-02-08 00:00:00,2025-02-21 00:00:00,2025-03-08 00:10:00,2025-03-08 12:00:00,frozen_current_point_measurement_proxy,2.2737367544323206e-13,0.002305900000010297,0,False
2025-03-09 00:00:00,2025-03-09 06:00:00,M2,6,35,71,10800.0,False,174.18508551870647,2551.6672524218043,0,14,2025-02-23 00:00:00,2025-03-08 00:00:00,14,2025-02-09 00:00:00,2025-02-22 00:00:00,2025-03-09 00:10:00,2025-03-09 06:00:00,frozen_current_point_measurement_proxy,9.094947017729282e-13,0.0024976999999921645,0,False
2025-03-09 00:00:00,2025-03-09 12:00:00,M2,12,71,107,6809.699208685182,True,5948.284628238033,4586.537780655863,25,14,2025-02-23 00:00:00,2025-03-08 00:00:00,14,2025-02-09 00:00:00,2025-02-22 00:00:00,2025-03-09 00:10:00,2025-03-09 12:00:00,frozen_current_point_measurement_proxy,7.275957614183426e-12,0.0018336999999633008,0,False
2025-03-10 00:00:00,2025-03-10 06:00:00,M2,6,35,71,10623.527149685182,True,7543.382997053782,2673.7112497591893,15,14,2025-02-24 00:00:00,2025-03-09 00:00:00,14,2025-02-10 00:00:00,2025-02-23 00:00:00,2025-03-10 00:10:00,2025-03-10 06:00:00,frozen_current_point_measurement_proxy,1.8189894035458565e-12,0.002806399999997211,0,False
2025-03-10 00:00:00,2025-03-10 12:00:00,M2,12,71,107,7031.218274358026,True,4771.016031024557,4701.646323744593,12,14,2025-02-24 00:00:00,2025-03-09 00:00:00,14,2025-02-10 00:00:00,2025-02-23 00:00:00,2025-03-10 00:10:00,2025-03-10 12:00:00,frozen_current_point_measurement_proxy,9.094947017729282e-13,0.0019340000000056534,0,False
2025-03-11 00:00:00,2025-03-11 06:00:00,M2,6,35,71,10800.0,True,3777.4075934981456,1335.627690775323,12,14,2025-02-25 00:00:00,2025-03-10 00:00:00,14,2025-02-11 00:00:00,2025-02-24 00:00:00,2025-03-11 00:10:00,2025-03-11 06:00:00,frozen_current_point_measurement_proxy,5.684341886080802e-14,0.002853300000026593,0,False
2025-03-11 00:00:00,2025-03-11 12:00:00,M2,12,71,107,8486.181602033956,False,3493.5382634711946,3972.1707921858374,0,14,2025-02-25 00:00:00,2025-03-10 00:00:00,14,2025-02-11 00:00:00,2025-02-24 00:00:00,2025-03-11 00:10:00,2025-03-11 12:00:00,frozen_current_point_measurement_proxy,9.094947017729282e-13,0.0022867000000132975,0,False
2025-03-12 00:00:00,2025-03-12 06:00:00,M2,6,35,71,10794.784898148147,False,-813.7994037075636,1482.8940046256473,0,14,2025-02-26 00:00:00,2025-03-11 00:00:00,14,2025-02-12 00:00:00,2025-02-25 00:00:00,2025-03-12 00:10:00,2025-03-12 06:00:00,frozen_current_point_measurement_proxy,9.094947017729282e-13,0.0024455000000216387,0,False
2025-03-12 00:00:00,2025-03-12 12:00:00,M2,12,71,107,7214.972614209875,True,5972.639713086991,4647.385809570594,24,14,2025-02-26 00:00:00,2025-03-11 00:00:00,14,2025-02-12 00:00:00,2025-02-25 00:00:00,2025-03-12 00:10:00,2025-03-12 12:00:00,frozen_current_point_measurement_proxy,4.547473508864641e-13,0.0020774999999844113,0,False
2025-03-13 00:00:00,2025-03-13 06:00:00,M2,6,35,71,10790.960968518519,False,626.4675153681076,789.9242731023242,0,14,2025-02-27 00:00:00,2025-03-12 00:00:00,14,2025-02-13 00:00:00,2025-02-26 00:00:00,2025-03-13 00:10:00,2025-03-13 06:00:00,frozen_current_point_measurement_proxy,9.094947017729282e-13,0.0025684999999953106,0,False
2025-03-13 00:00:00,2025-03-13 12:00:00,M2,12,71,107,7164.444683691359,False,4571.683728891542,6017.152481180325,0,14,2025-02-27 00:00:00,2025-03-12 00:00:00,14,2025-02-13 00:00:00,2025-02-26 00:00:00,2025-03-13 00:10:00,2025-03-13 12:00:00,frozen_current_point_measurement_proxy,9.094947017729282e-13,0.0021219999999857464,0,False
2025-03-14 00:00:00,2025-03-14 06:00:00,M2,6,35,71,5448.928819271605,False,-7847.441999999998,-7847.441999999998,0,14,2025-02-28 00:00:00,2025-03-13 00:00:00,14,2025-02-14 00:00:00,2025-02-27 00:00:00,2025-03-14 00:10:00,2025-03-14 06:00:00,frozen_current_point_measurement_proxy,1.8189894035458565e-12,0.0024038999999902444,0,False
2025-03-14 00:00:00,2025-03-14 12:00:00,M2,12,71,107,10800.0,False,-5161.620214479497,-4564.047251081531,0,14,2025-02-28 00:00:00,2025-03-13 00:00:00,14,2025-02-14 00:00:00,2025-02-27 00:00:00,2025-03-14 00:10:00,2025-03-14 12:00:00,frozen_current_point_measurement_proxy,9.094947017729282e-13,0.00190820000000258,0,False
2025-03-15 00:00:00,2025-03-15 06:00:00,M2,6,35,71,4612.3626342654325,True,-4118.397355736738,-4413.341837961262,2,14,2025-03-01 00:00:00,2025-03-14 00:00:00,14,2025-02-15 00:00:00,2025-02-28 00:00:00,2025-03-15 00:10:00,2025-03-15 06:00:00,frozen_current_point_measurement_proxy,9.094947017729282e-13,0.0026631000000065796,0,False
2025-03-15 00:00:00,2025-03-15 12:00:00,M2,12,71,107,7846.283549999999,False,-5164.583508894796,-4183.353400979402,0,14,2025-03-01 00:00:00,2025-03-14 00:00:00,14,2025-02-15 00:00:00,2025-02-28 00:00:00,2025-03-15 00:10:00,2025-03-15 12:00:00,frozen_current_point_measurement_proxy,1.1368683772161603e-13,0.0020228000000201973,0,False
2025-03-16 00:00:00,2025-03-16 06:00:00,M2,6,35,71,10499.701446333336,True,681.413709863372,-186.2932042521211,11,14,2025-03-02 00:00:00,2025-03-15 00:00:00,14,2025-02-16 00:00:00,2025-03-01 00:00:00,2025-03-16 00:10:00,2025-03-16 06:00:00,frozen_current_point_measurement_proxy,9.094947017729282e-13,0.003154200000039964,0,False
2025-03-16 00:00:00,2025-03-16 12:00:00,M2,12,71,107,7318.801507419757,False,5205.80968434448,5431.718668891124,0,14,2025-03-02 00:00:00,2025-03-15 00:00:00,14,2025-02-16 00:00:00,2025-03-01 00:00:00,2025-03-16 00:10:00,2025-03-16 12:00:00,frozen_current_point_measurement_proxy,9.094947017729282e-13,0.0020805000000336804,0,False
2025-03-17 00:00:00,2025-03-17 06:00:00,M2,6,35,71,10660.140435537036,False,-2244.654006580501,-2021.8457248249717,0,14,2025-03-03 00:00:00,2025-03-16 00:00:00,14,2025-02-17 00:00:00,2025-03-02 00:00:00,2025-03-17 00:10:00,2025-03-17 06:00:00,frozen_current_point_measurement_proxy,1.8189894035458565e-12,0.0027238000000124885,0,False
2025-03-17 00:00:00,2025-03-17 12:00:00,M2,12,71,107,6124.726815,False,3232.4212126833963,3982.24972944596,0,14,2025-03-03 00:00:00,2025-03-16 00:00:00,14,2025-02-17 00:00:00,2025-03-02 00:00:00,2025-03-17 00:10:00,2025-03-17 12:00:00,frozen_current_point_measurement_proxy,9.094947017729282e-13,0.0020410000000197215,0,False
2025-03-18 00:00:00,2025-03-18 06:00:00,M2,6,35,71,10800.0,False,-512.5532072998427,1505.2612285477428,0,14,2025-03-04 00:00:00,2025-03-17 00:00:00,14,2025-02-18 00:00:00,2025-03-03 00:00:00,2025-03-18 00:10:00,2025-03-18 06:00:00,frozen_current_point_measurement_proxy,9.094947017729282e-13,0.00284110000001192,0,False
2025-03-18 00:00:00,2025-03-18 12:00:00,M2,12,71,107,8538.886818783954,True,4676.202224375173,3408.6367857990263,18,14,2025-03-04 00:00:00,2025-03-17 00:00:00,14,2025-02-18 00:00:00,2025-03-03 00:00:00,2025-03-18 00:10:00,2025-03-18 12:00:00,frozen_current_point_measurement_proxy,4.547473508864641e-13,0.002023899999983314,0,False
2025-03-19 00:00:00,2025-03-19 06:00:00,M2,6,35,71,10677.151604953702,True,2039.5251077543046,-637.0623167640181,12,14,2025-03-05 00:00:00,2025-03-18 00:00:00,14,2025-02-19 00:00:00,2025-03-04 00:00:00,2025-03-19 00:10:00,2025-03-19 06:00:00,frozen_current_point_measurement_proxy,4.547473508864641e-13,0.0027197000000001026,0,False
2025-03-19 00:00:00,2025-03-19 12:00:00,M2,12,71,107,6585.981540861107,False,2785.3824379541975,3691.6724456507336,0,14,2025-03-05 00:00:00,2025-03-18 00:00:00,14,2025-02-19 00:00:00,2025-03-04 00:00:00,2025-03-19 00:10:00,2025-03-19 12:00:00,frozen_current_point_measurement_proxy,9.094947017729282e-13,0.0019657000000279368,0,False
2025-03-20 00:00:00,2025-03-20 06:00:00,M2,6,35,71,10452.93355988889,True,1484.1830738686065,-274.47692140724035,9,14,2025-03-06 00:00:00,2025-03-19 00:00:00,14,2025-02-20 00:00:00,2025-03-05 00:00:00,2025-03-20 00:10:00,2025-03-20 06:00:00,frozen_current_point_measurement_proxy,9.094947017729282e-13,0.0024620000000368236,0,False
2025-03-20 00:00:00,2025-03-20 12:00:00,M2,12,71,107,2451.7488300000005,False,6659.451084346184,7343.270651600813,0,14,2025-03-06 00:00:00,2025-03-19 00:00:00,14,2025-02-20 00:00:00,2025-03-05 00:00:00,2025-03-20 00:10:00,2025-03-20 12:00:00,frozen_current_point_measurement_proxy,4.547473508864641e-13,0.0024723000000221873,0,False
2025-03-21 00:00:00,2025-03-21 06:00:00,M2,6,35,71,3752.396236126542,True,-4642.28670116589,-6522.507416532788,5,14,2025-03-07 00:00:00,2025-03-20 00:00:00,14,2025-02-21 00:00:00,2025-03-06 00:00:00,2025-03-21 00:10:00,2025-03-21 06:00:00,frozen_current_point_measurement_proxy,9.094947017729282e-13,0.002534400000001824,0,False
2025-03-21 00:00:00,2025-03-21 12:00:00,M2,12,71,107,10800.0,False,-5166.37930964936,-4722.294263534436,0,14,2025-03-07 00:00:00,2025-03-20 00:00:00,14,2025-02-21 00:00:00,2025-03-06 00:00:00,2025-03-21 00:10:00,2025-03-21 12:00:00,frozen_current_point_measurement_proxy,9.094947017729282e-13,0.0019406000000117274,0,False
2025-03-22 00:00:00,2025-03-22 06:00:00,M2,6,35,71,4484.794054324075,True,-6883.407283887619,-7035.473107848249,2,14,2025-03-08 00:00:00,2025-03-21 00:00:00,14,2025-02-22 00:00:00,2025-03-07 00:00:00,2025-03-22 00:10:00,2025-03-22 06:00:00,frozen_current_point_measurement_proxy,9.094947017729282e-13,0.0024291000000289387,0,False
2025-03-22 00:00:00,2025-03-22 12:00:00,M2,12,71,107,10521.631519886387,False,-4935.098642563428,-4901.529235635624,0,14,2025-03-08 00:00:00,2025-03-21 00:00:00,14,2025-02-22 00:00:00,2025-03-07 00:00:00,2025-03-22 00:10:00,2025-03-22 12:00:00,frozen_current_point_measurement_proxy,9.094947017729282e-13,0.0019531000000370113,0,False
2025-03-23 00:00:00,2025-03-23 06:00:00,M2,6,35,71,10425.043156938274,False,-285.1964899578587,-48.326200139917056,0,14,2025-03-09 00:00:00,2025-03-22 00:00:00,14,2025-02-23 00:00:00,2025-03-08 00:00:00,2025-03-23 00:10:00,2025-03-23 06:00:00,frozen_current_point_measurement_proxy,9.094947017729282e-13,0.002905100000020866,0,False
2025-03-23 00:00:00,2025-03-23 12:00:00,M2,12,71,107,7090.863471253092,True,4246.62936732312,3180.09808287963,24,14,2025-03-09 00:00:00,2025-03-22 00:00:00,14,2025-02-23 00:00:00,2025-03-08 00:00:00,2025-03-23 00:10:00,2025-03-23 12:00:00,frozen_current_point_measurement_proxy,9.094947017729282e-13,0.002102900000011232,0,False
2025-03-24 00:00:00,2025-03-24 06:00:00,M2,6,35,71,10732.961058055553,False,-2396.24538689678,-1891.919919462334,0,14,2025-03-10 00:00:00,2025-03-23 00:00:00,14,2025-02-24 00:00:00,2025-03-09 00:00:00,2025-03-24 00:10:00,2025-03-24 06:00:00,frozen_current_point_measurement_proxy,2.2737367544323206e-13,0.0027871000000345703,0,False
2025-03-24 00:00:00,2025-03-24 12:00:00,M2,12,71,107,6943.821516351847,False,3546.630913704256,3663.008896377461,0,14,2025-03-10 00:00:00,2025-03-23 00:00:00,14,2025-02-24 00:00:00,2025-03-09 00:00:00,2025-03-24 00:10:00,2025-03-24 12:00:00,frozen_current_point_measurement_proxy,9.094947017729282e-13,0.0019149999999967804,0,False
2025-03-25 00:00:00,2025-03-25 06:00:00,M2,6,35,71,10385.074176679014,False,-558.9097767657929,1284.296686659643,0,14,2025-03-11 00:00:00,2025-03-24 00:00:00,14,2025-02-25 00:00:00,2025-03-10 00:00:00,2025-03-25 00:10:00,2025-03-25 06:00:00,frozen_current_point_measurement_proxy,4.547473508864641e-13,0.0023034999999822503,0,False
2025-03-25 00:00:00,2025-03-25 12:00:00,M2,12,71,107,6598.4389954814815,True,5291.808135247994,4153.3737806911595,26,14,2025-03-11 00:00:00,2025-03-24 00:00:00,14,2025-02-25 00:00:00,2025-03-10 00:00:00,2025-03-25 00:10:00,2025-03-25 12:00:00,frozen_current_point_measurement_proxy,9.094947017729282e-13,0.001985300000001189,0,False
2025-03-26 00:00:00,2025-03-26 06:00:00,M2,6,35,71,10505.08505864197,True,2741.3422109354838,-1448.53009250166,9,14,2025-03-12 00:00:00,2025-03-25 00:00:00,14,2025-02-26 00:00:00,2025-03-11 00:00:00,2025-03-26 00:10:00,2025-03-26 06:00:00,frozen_current_point_measurement_proxy,4.547473508864641e-13,0.0027268999999705557,0,False
2025-03-26 00:00:00,2025-03-26 12:00:00,M2,12,71,107,6940.253524651229,True,3664.142739217103,2978.685991959909,23,14,2025-03-12 00:00:00,2025-03-25 00:00:00,14,2025-02-26 00:00:00,2025-03-11 00:00:00,2025-03-26 00:10:00,2025-03-26 12:00:00,frozen_current_point_measurement_proxy,9.094947017729282e-13,0.001970499999970343,0,False
2025-03-27 00:00:00,2025-03-27 06:00:00,M2,6,35,71,10381.283117179015,False,-2834.1119932317165,-2540.522617941603,0,14,2025-03-13 00:00:00,2025-03-26 00:00:00,14,2025-02-27 00:00:00,2025-03-12 00:00:00,2025-03-27 00:10:00,2025-03-27 06:00:00,frozen_current_point_measurement_proxy,9.094947017729282e-13,0.0027551000000016757,0,False
2025-03-27 00:00:00,2025-03-27 12:00:00,M2,12,71,107,6962.255826796296,True,3339.895414092658,3319.343854261697,22,14,2025-03-13 00:00:00,2025-03-26 00:00:00,14,2025-02-27 00:00:00,2025-03-12 00:00:00,2025-03-27 00:10:00,2025-03-27 12:00:00,frozen_current_point_measurement_proxy,9.094947017729282e-13,0.002026399999977002,0,False
2025-03-28 00:00:00,2025-03-28 06:00:00,M2,6,35,71,4615.065716271604,False,-7845.71170108833,-7845.71170108833,0,14,2025-03-14 00:00:00,2025-03-27 00:00:00,14,2025-02-28 00:00:00,2025-03-13 00:00:00,2025-03-28 00:10:00,2025-03-28 06:00:00,frozen_current_point_measurement_proxy,1.8189894035458565e-12,0.002476699999988341,0,False
2025-03-28 00:00:00,2025-03-28 12:00:00,M2,12,71,107,10800.0,False,-5462.944635823144,-5419.288288310469,0,14,2025-03-14 00:00:00,2025-03-27 00:00:00,14,2025-02-28 00:00:00,2025-03-13 00:00:00,2025-03-28 00:10:00,2025-03-28 12:00:00,frozen_current_point_measurement_proxy,1.1368683772161603e-13,0.0020268999999757398,0,False
2025-03-29 00:00:00,2025-03-29 06:00:00,M2,6,35,71,3977.399217777778,True,-7573.425820848216,-7623.1561196751145,2,14,2025-03-15 00:00:00,2025-03-28 00:00:00,14,2025-03-01 00:00:00,2025-03-14 00:00:00,2025-03-29 00:10:00,2025-03-29 06:00:00,frozen_current_point_measurement_proxy,9.094947017729282e-13,0.002419299999985469,0,False
2025-03-29 00:00:00,2025-03-29 12:00:00,M2,12,71,107,10800.0,False,-5289.997220145893,-4756.311918421276,0,14,2025-03-15 00:00:00,2025-03-28 00:00:00,14,2025-03-01 00:00:00,2025-03-14 00:00:00,2025-03-29 00:10:00,2025-03-29 12:00:00,frozen_current_point_measurement_proxy,9.094947017729282e-13,0.0019656999999710933,0,False
2025-03-30 00:00:00,2025-03-30 06:00:00,M2,6,35,71,10473.985615672842,True,-2079.8248494520535,-2093.6297547539407,9,14,2025-03-16 00:00:00,2025-03-29 00:00:00,14,2025-03-02 00:00:00,2025-03-15 00:00:00,2025-03-30 00:10:00,2025-03-30 06:00:00,frozen_current_point_measurement_proxy,1.8189894035458565e-12,0.002602700000011282,0,False
2025-03-30 00:00:00,2025-03-30 12:00:00,M2,12,71,107,5910.682552771603,True,2702.2700655519657,2512.6223134713887,23,14,2025-03-16 00:00:00,2025-03-29 00:00:00,14,2025-03-02 00:00:00,2025-03-15 00:00:00,2025-03-30 00:10:00,2025-03-30 12:00:00,frozen_current_point_measurement_proxy,0.0,0.002099300000054427,0,False
2025-03-31 00:00:00,2025-03-31 06:00:00,M2,6,35,71,8939.72983209877,True,1018.2882291676633,-621.8182963998495,14,14,2025-03-17 00:00:00,2025-03-30 00:00:00,14,2025-03-03 00:00:00,2025-03-16 00:00:00,2025-03-31 00:10:00,2025-03-31 06:00:00,frozen_current_point_measurement_proxy,4.547473508864641e-13,0.0027870000000120854,0,False
2025-03-31 00:00:00,2025-03-31 12:00:00,M2,12,71,107,9808.66641766359,False,1904.8672271979128,2024.429075550032,0,14,2025-03-17 00:00:00,2025-03-30 00:00:00,14,2025-03-03 00:00:00,2025-03-16 00:00:00,2025-03-31 00:10:00,2025-03-31 12:00:00,frozen_current_point_measurement_proxy,9.094947017729282e-13,0.0021432000000345397,0,False
2025-04-01 00:00:00,2025-04-01 06:00:00,M2,6,35,71,10055.856987722223,True,-198.04529294601232,-557.6492799220274,10,14,2025-03-18 00:00:00,2025-03-31 00:00:00,14,2025-03-04 00:00:00,2025-03-17 00:00:00,2025-04-01 00:10:00,2025-04-01 06:00:00,frozen_current_point_measurement_proxy,4.547473508864641e-13,0.0027048000000036154,0,False
2025-04-01 00:00:00,2025-04-01 12:00:00,M2,12,71,107,8326.810665151228,True,3738.4129436714543,2990.969526834236,10,14,2025-03-18 00:00:00,2025-03-31 00:00:00,14,2025-03-04 00:00:00,2025-03-17 00:00:00,2025-04-01 00:10:00,2025-04-01 12:00:00,frozen_current_point_measurement_proxy,9.094947017729282e-13,0.0020673000000215325,0,False
2025-04-02 00:00:00,2025-04-02 06:00:00,M2,6,35,71,10215.26267195679,True,3829.8403414298887,2376.271999674421,16,14,2025-03-19 00:00:00,2025-04-01 00:00:00,14,2025-03-05 00:00:00,2025-03-18 00:00:00,2025-04-02 00:10:00,2025-04-02 06:00:00,frozen_current_point_measurement_proxy,9.094947017729282e-13,0.002804499999967902,0,False
2025-04-02 00:00:00,2025-04-02 12:00:00,M2,12,71,107,8739.146125391977,True,1595.6748814852858,1108.936557765875,10,14,2025-03-19 00:00:00,2025-04-01 00:00:00,14,2025-03-05 00:00:00,2025-03-18 00:00:00,2025-04-02 00:10:00,2025-04-02 12:00:00,frozen_current_point_measurement_proxy,9.094947017729282e-13,0.0019368999999755943,0,False
2025-04-03 00:00:00,2025-04-03 06:00:00,M2,6,35,71,10576.732188567901,False,-2269.993283712164,-434.19969182792204,0,14,2025-03-20 00:00:00,2025-04-02 00:00:00,14,2025-03-06 00:00:00,2025-03-19 00:00:00,2025-04-03 00:10:00,2025-04-03 06:00:00,frozen_current_point_measurement_proxy,9.094947017729282e-13,0.002531399999952555,0,False
2025-04-03 00:00:00,2025-04-03 12:00:00,M2,12,71,107,7882.958329993824,True,3465.4019728605467,2577.338980256821,23,14,2025-03-20 00:00:00,2025-04-02 00:00:00,14,2025-03-06 00:00:00,2025-03-19 00:00:00,2025-04-03 00:10:00,2025-04-03 12:00:00,frozen_current_point_measurement_proxy,4.547473508864641e-13,0.002028599999960079,0,False
2025-04-04 00:00:00,2025-04-04 06:00:00,M2,6,35,71,3962.3952915061727,False,-7577.168889197136,-7577.168889197136,0,14,2025-03-21 00:00:00,2025-04-03 00:00:00,14,2025-03-07 00:00:00,2025-03-20 00:00:00,2025-04-04 00:10:00,2025-04-04 06:00:00,frozen_current_point_measurement_proxy,9.094947017729282e-13,0.002583599999979924,0,False
2025-04-04 00:00:00,2025-04-04 12:00:00,M2,12,71,107,10800.0,False,-6087.077961798044,-6027.265978392542,0,14,2025-03-21 00:00:00,2025-04-03 00:00:00,14,2025-03-07 00:00:00,2025-03-20 00:00:00,2025-04-04 00:10:00,2025-04-04 12:00:00,frozen_current_point_measurement_proxy,9.094947017729282e-13,0.002279499999986001,0,False
2025-04-05 00:00:00,2025-04-05 06:00:00,M2,6,35,71,3312.602761598766,True,-5984.999176665345,-6803.8808109081565,4,14,2025-03-22 00:00:00,2025-04-04 00:00:00,14,2025-03-08 00:00:00,2025-03-21 00:00:00,2025-04-05 00:10:00,2025-04-05 06:00:00,frozen_current_point_measurement_proxy,0.0,0.002529199999969478,0,False
2025-04-05 00:00:00,2025-04-05 12:00:00,M2,12,71,107,10800.0,False,-6182.481447078389,-6174.615847007933,0,14,2025-03-22 00:00:00,2025-04-04 00:00:00,14,2025-03-08 00:00:00,2025-03-21 00:00:00,2025-04-05 00:10:00,2025-04-05 12:00:00,frozen_current_point_measurement_proxy,1.1368683772161603e-13,0.002008400000022448,0,False
2025-04-06 00:00:00,2025-04-06 06:00:00,M2,6,35,71,10761.767301851853,False,-1642.754830657627,-626.936756167555,0,14,2025-03-23 00:00:00,2025-04-05 00:00:00,14,2025-03-09 00:00:00,2025-03-22 00:00:00,2025-04-06 00:10:00,2025-04-06 06:00:00,frozen_current_point_measurement_proxy,9.094947017729282e-13,0.002667800000040188,0,False
2025-04-06 00:00:00,2025-04-06 12:00:00,M2,12,71,107,6982.10036437037,True,2177.823872560698,1892.1429707220977,21,14,2025-03-23 00:00:00,2025-04-05 00:00:00,14,2025-03-09 00:00:00,2025-03-22 00:00:00,2025-04-06 00:10:00,2025-04-06 12:00:00,frozen_current_point_measurement_proxy,2.2737367544323206e-13,0.0019895999999448577,0,False
2025-04-07 00:00:00,2025-04-07 06:00:00,M2,6,35,71,9972.617662783947,False,-4073.6139060570376,-3800.765632036182,0,14,2025-03-24 00:00:00,2025-04-06 00:00:00,14,2025-03-10 00:00:00,2025-03-23 00:00:00,2025-04-07 00:10:00,2025-04-07 06:00:00,frozen_current_point_measurement_proxy,4.547473508864641e-13,0.00292220000000043,0,False
2025-04-07 00:00:00,2025-04-07 12:00:00,M2,12,71,107,6097.085492043205,False,1528.609741001471,2228.2991916085043,0,14,2025-03-24 00:00:00,2025-04-06 00:00:00,14,2025-03-10 00:00:00,2025-03-23 00:00:00,2025-04-07 00:10:00,2025-04-07 12:00:00,frozen_current_point_measurement_proxy,4.547473508864641e-13,0.0019719000000009146,0,False
2025-04-08 00:00:00,2025-04-08 06:00:00,M2,6,35,71,10779.814054938272,False,-2693.9496245533014,-238.07355012935406,0,14,2025-03-25 00:00:00,2025-04-07 00:00:00,14,2025-03-11 00:00:00,2025-03-24 00:00:00,2025-04-08 00:10:00,2025-04-08 06:00:00,frozen_current_point_measurement_proxy,4.547473508864641e-13,0.0025039999999876272,0,False
2025-04-08 00:00:00,2025-04-08 12:00:00,M2,12,71,107,6642.457288993831,True,2956.2024497131497,1796.5544634707578,23,14,2025-03-25 00:00:00,2025-04-07 00:00:00,14,2025-03-11 00:00:00,2025-03-24 00:00:00,2025-04-08 00:10:00,2025-04-08 12:00:00,frozen_current_point_measurement_proxy,1.8189894035458565e-12,0.0018657999999618369,0,False
2025-04-09 00:00:00,2025-04-09 06:00:00,M2,6,35,71,10800.0,False,-1561.7436080616033,-1352.1676205929743,0,14,2025-03-26 00:00:00,2025-04-08 00:00:00,14,2025-03-12 00:00:00,2025-03-25 00:00:00,2025-04-09 00:10:00,2025-04-09 06:00:00,frozen_current_point_measurement_proxy,1.8189894035458565e-12,0.0025185000000078617,0,False
2025-04-09 00:00:00,2025-04-09 12:00:00,M2,12,71,107,3919.557881858027,False,4094.765905873667,4813.0403346828825,0,14,2025-03-26 00:00:00,2025-04-08 00:00:00,14,2025-03-12 00:00:00,2025-03-25 00:00:00,2025-04-09 00:10:00,2025-04-09 12:00:00,frozen_current_point_measurement_proxy,5.684341886080802e-14,0.002292699999998149,0,False
2025-04-10 00:00:00,2025-04-10 06:00:00,M2,6,35,71,10512.318582481486,False,-1801.0944885286851,-1530.7661967213314,0,14,2025-03-27 00:00:00,2025-04-09 00:00:00,14,2025-03-13 00:00:00,2025-03-26 00:00:00,2025-04-10 00:10:00,2025-04-10 06:00:00,frozen_current_point_measurement_proxy,9.094947017729282e-13,0.0024789999999939027,0,False
2025-04-10 00:00:00,2025-04-10 12:00:00,M2,12,71,107,4348.935611000006,True,2886.245604117309,2390.656075340263,13,14,2025-03-27 00:00:00,2025-04-09 00:00:00,14,2025-03-13 00:00:00,2025-03-26 00:00:00,2025-04-10 00:10:00,2025-04-10 12:00:00,frozen_current_point_measurement_proxy,9.094947017729282e-13,0.0019795999999701053,0,False
2025-04-11 00:00:00,2025-04-11 06:00:00,M2,6,35,71,2998.927625614196,True,-5833.146400999748,-6757.987536890576,4,14,2025-03-28 00:00:00,2025-04-10 00:00:00,14,2025-03-14 00:00:00,2025-03-27 00:00:00,2025-04-11 00:10:00,2025-04-11 06:00:00,frozen_current_point_measurement_proxy,9.094947017729282e-13,0.0023772000000121807,0,False
2025-04-11 00:00:00,2025-04-11 12:00:00,M2,12,71,107,10800.0,False,-6634.801302775579,-6556.413481042803,0,14,2025-03-28 00:00:00,2025-04-10 00:00:00,14,2025-03-14 00:00:00,2025-03-27 00:00:00,2025-04-11 00:10:00,2025-04-11 12:00:00,frozen_current_point_measurement_proxy,9.094947017729282e-13,0.0018145000000231448,0,False
2025-04-12 00:00:00,2025-04-12 06:00:00,M2,6,35,71,3460.3464942407422,False,-7847.441999999998,-7847.441999999998,0,14,2025-03-29 00:00:00,2025-04-11 00:00:00,14,2025-03-15 00:00:00,2025-03-28 00:00:00,2025-04-12 00:10:00,2025-04-12 06:00:00,frozen_current_point_measurement_proxy,1.8189894035458565e-12,0.002441400000009253,0,False
2025-04-12 00:00:00,2025-04-12 12:00:00,M2,12,71,107,10800.0,False,-5852.019820582158,-5844.701674491473,0,14,2025-03-29 00:00:00,2025-04-11 00:00:00,14,2025-03-15 00:00:00,2025-03-28 00:00:00,2025-04-12 00:10:00,2025-04-12 12:00:00,frozen_current_point_measurement_proxy,9.094947017729282e-13,0.001902400000005855,0,False
2025-04-13 00:00:00,2025-04-13 06:00:00,M2,6,35,71,10657.941309271602,False,-3307.343248548464,-3307.343248548464,0,14,2025-03-30 00:00:00,2025-04-12 00:00:00,14,2025-03-16 00:00:00,2025-03-29 00:00:00,2025-04-13 00:10:00,2025-04-13 06:00:00,frozen_current_point_measurement_proxy,9.094947017729282e-13,0.0023481000000060703,0,False
2025-04-13 00:00:00,2025-04-13 12:00:00,M2,12,71,107,4127.934659827157,False,959.7960173185976,1333.3444883968293,0,14,2025-03-30 00:00:00,2025-04-12 00:00:00,14,2025-03-16 00:00:00,2025-03-29 00:00:00,2025-04-13 00:10:00,2025-04-13 12:00:00,frozen_current_point_measurement_proxy,2.2737367544323206e-13,0.0019113000000174907,0,False
2025-04-14 00:00:00,2025-04-14 06:00:00,M2,6,35,71,10583.420294003086,False,-3607.046110107896,-3163.732136670387,0,14,2025-03-31 00:00:00,2025-04-13 00:00:00,14,2025-03-17 00:00:00,2025-03-30 00:00:00,2025-04-14 00:10:00,2025-04-14 06:00:00,frozen_current_point_measurement_proxy,4.547473508864641e-13,0.0023168999999825246,0,False
2025-04-14 00:00:00,2025-04-14 12:00:00,M2,12,71,107,6003.140420330245,True,2282.9678573635497,633.0055881653053,23,14,2025-03-31 00:00:00,2025-04-13 00:00:00,14,2025-03-17 00:00:00,2025-03-30 00:00:00,2025-04-14 00:10:00,2025-04-14 12:00:00,frozen_current_point_measurement_proxy,1.8189894035458565e-12,0.0019389999999930296,0,False
2025-04-15 00:00:00,2025-04-15 06:00:00,M2,6,35,71,9703.449758253088,False,-4924.703190080859,-4863.623084117174,0,14,2025-04-01 00:00:00,2025-04-14 00:00:00,14,2025-03-18 00:00:00,2025-03-31 00:00:00,2025-04-15 00:10:00,2025-04-15 06:00:00,frozen_current_point_measurement_proxy,9.094947017729282e-13,0.0026834999999891807,0,False
2025-04-15 00:00:00,2025-04-15 12:00:00,M2,12,71,107,7236.735085845683,False,-283.1507677598614,616.8098614993045,0,14,2025-04-01 00:00:00,2025-04-14 00:00:00,14,2025-03-18 00:00:00,2025-03-31 00:00:00,2025-04-15 00:10:00,2025-04-15 12:00:00,frozen_current_point_measurement_proxy,2.842170943040401e-14,0.0020453000000202337,0,False
2025-04-16 00:00:00,2025-04-16 06:00:00,M2,6,35,71,10800.0,False,-3867.652436611031,-3854.6016216279604,0,14,2025-04-02 00:00:00,2025-04-15 00:00:00,14,2025-03-19 00:00:00,2025-04-01 00:00:00,2025-04-16 00:10:00,2025-04-16 06:00:00,frozen_current_point_measurement_proxy,9.094947017729282e-13,0.0025913000000059583,0,False
2025-04-16 00:00:00,2025-04-16 12:00:00,M2,12,71,107,5236.087824395057,False,1193.570024527296,2038.2055516012672,0,14,2025-04-02 00:00:00,2025-04-15 00:00:00,14,2025-03-19 00:00:00,2025-04-01 00:00:00,2025-04-16 00:10:00,2025-04-16 12:00:00,frozen_current_point_measurement_proxy,9.094947017729282e-13,0.00229210000003377,0,False
2025-04-17 00:00:00,2025-04-17 06:00:00,M2,6,35,71,8481.148491885804,True,-1161.3225191583358,-1824.3449731127446,11,14,2025-04-03 00:00:00,2025-04-16 00:00:00,14,2025-03-20 00:00:00,2025-04-02 00:00:00,2025-04-17 00:10:00,2025-04-17 06:00:00,frozen_current_point_measurement_proxy,9.094947017729282e-13,0.0027891000000295207,0,False
2025-04-17 00:00:00,2025-04-17 12:00:00,M2,12,71,107,7626.02190030364,True,271.0799890622523,244.56531140393443,6,14,2025-04-03 00:00:00,2025-04-16 00:00:00,14,2025-03-20 00:00:00,2025-04-02 00:00:00,2025-04-17 00:10:00,2025-04-17 12:00:00,frozen_current_point_measurement_proxy,0.0,0.0020307999999999993,0,False
2025-04-18 00:00:00,2025-04-18 06:00:00,M2,6,35,71,3049.4793884444443,True,-7256.933741780354,-7410.075037490859,3,14,2025-04-04 00:00:00,2025-04-17 00:00:00,14,2025-03-21 00:00:00,2025-04-03 00:00:00,2025-04-18 00:10:00,2025-04-18 06:00:00,frozen_current_point_measurement_proxy,0.0,0.0022741999999880136,0,False
2025-04-18 00:00:00,2025-04-18 12:00:00,M2,12,71,107,10800.0,False,-6622.119714849182,-6490.854679668403,0,14,2025-04-04 00:00:00,2025-04-17 00:00:00,14,2025-03-21 00:00:00,2025-04-03 00:00:00,2025-04-18 00:10:00,2025-04-18 12:00:00,frozen_current_point_measurement_proxy,4.547473508864641e-13,0.001861099999985072,0,False
2025-04-19 00:00:00,2025-04-19 06:00:00,M2,6,35,71,3349.3005433117282,False,-7816.878479699757,-7816.878479699757,0,14,2025-04-05 00:00:00,2025-04-18 00:00:00,14,2025-03-22 00:00:00,2025-04-04 00:00:00,2025-04-19 00:10:00,2025-04-19 06:00:00,frozen_current_point_measurement_proxy,9.094947017729282e-13,0.0021452999999951317,0,False
2025-04-19 00:00:00,2025-04-19 12:00:00,M2,12,71,107,10800.0,False,-6619.646410745624,-5859.488462819894,0,14,2025-04-05 00:00:00,2025-04-18 00:00:00,14,2025-03-22 00:00:00,2025-04-04 00:00:00,2025-04-19 00:10:00,2025-04-19 12:00:00,frozen_current_point_measurement_proxy,9.094947017729282e-13,0.0019147999999518106,0,False
2025-04-20 00:00:00,2025-04-20 06:00:00,M2,6,35,71,9786.136662379637,False,-3398.8218760821806,-3147.1264459370445,0,14,2025-04-06 00:00:00,2025-04-19 00:00:00,14,2025-03-23 00:00:00,2025-04-05 00:00:00,2025-04-20 00:10:00,2025-04-20 06:00:00,frozen_current_point_measurement_proxy,4.547473508864641e-13,0.00283299999995279,0,False
2025-04-20 00:00:00,2025-04-20 12:00:00,M2,12,71,107,4803.649923675935,False,1221.325806970232,2095.453852641038,0,14,2025-04-06 00:00:00,2025-04-19 00:00:00,14,2025-03-23 00:00:00,2025-04-05 00:00:00,2025-04-20 00:10:00,2025-04-20 12:00:00,frozen_current_point_measurement_proxy,9.094947017729282e-13,0.0020493000000101347,0,False
2025-04-21 00:00:00,2025-04-21 06:00:00,M2,6,35,71,9894.315161203705,False,-5473.044426981071,-5473.044426981071,0,14,2025-04-07 00:00:00,2025-04-20 00:00:00,14,2025-03-24 00:00:00,2025-04-06 00:00:00,2025-04-21 00:10:00,2025-04-21 06:00:00,frozen_current_point_measurement_proxy,2.2737367544323206e-13,0.002357400000050802,0,False
2025-04-21 00:00:00,2025-04-21 12:00:00,M2,12,71,107,5957.437013425932,True,1392.4759359481893,327.7219663334416,23,14,2025-04-07 00:00:00,2025-04-20 00:00:00,14,2025-03-24 00:00:00,2025-04-06 00:00:00,2025-04-21 00:10:00,2025-04-21 12:00:00,frozen_current_point_measurement_proxy,4.440892098500626e-16,0.002251499999999851,0,False
2025-04-22 00:00:00,2025-04-22 06:00:00,M2,6,35,71,9618.711103722226,False,-3885.2323965674846,-3538.942745240952,0,14,2025-04-08 00:00:00,2025-04-21 00:00:00,14,2025-03-25 00:00:00,2025-04-07 00:00:00,2025-04-22 00:10:00,2025-04-22 06:00:00,frozen_current_point_measurement_proxy,9.094947017729282e-13,0.0025599999999599277,0,False
2025-04-22 00:00:00,2025-04-22 12:00:00,M2,12,71,107,5552.806493537042,False,667.2426821645998,1803.4943248301217,0,14,2025-04-08 00:00:00,2025-04-21 00:00:00,14,2025-03-25 00:00:00,2025-04-07 00:00:00,2025-04-22 00:10:00,2025-04-22 12:00:00,frozen_current_point_measurement_proxy,4.547473508864641e-13,0.0021682999999939057,0,False
2025-04-23 00:00:00,2025-04-23 06:00:00,M2,6,35,71,7828.711795814814,True,196.1095905905058,-1837.1320435360583,11,14,2025-04-09 00:00:00,2025-04-22 00:00:00,14,2025-03-26 00:00:00,2025-04-08 00:00:00,2025-04-23 00:10:00,2025-04-23 06:00:00,frozen_current_point_measurement_proxy,9.094947017729282e-13,0.0025653999999804,0,False
2025-04-23 00:00:00,2025-04-23 12:00:00,M2,12,71,107,8139.253338419745,False,-873.8432022308667,-213.6092130048793,0,14,2025-04-09 00:00:00,2025-04-22 00:00:00,14,2025-03-26 00:00:00,2025-04-08 00:00:00,2025-04-23 00:10:00,2025-04-23 12:00:00,frozen_current_point_measurement_proxy,4.547473508864641e-13,0.002092099999970287,0,False
2025-04-24 00:00:00,2025-04-24 06:00:00,M2,6,35,71,9064.187774888886,False,-5172.885148950014,-5172.885148950014,0,14,2025-04-10 00:00:00,2025-04-23 00:00:00,14,2025-03-27 00:00:00,2025-04-09 00:00:00,2025-04-24 00:10:00,2025-04-24 06:00:00,frozen_current_point_measurement_proxy,1.8189894035458565e-12,0.002430400000037025,0,False
2025-04-24 00:00:00,2025-04-24 12:00:00,M2,12,71,107,5610.497693962962,False,-574.7885671758834,-14.992819906268712,0,14,2025-04-10 00:00:00,2025-04-23 00:00:00,14,2025-03-27 00:00:00,2025-04-09 00:00:00,2025-04-24 00:10:00,2025-04-24 12:00:00,frozen_current_point_measurement_proxy,2.2737367544323206e-13,0.001912899999979345,0,False
2025-04-25 00:00:00,2025-04-25 06:00:00,M2,6,35,71,2946.103850469135,False,-7847.441999999998,-7847.441999999998,0,14,2025-04-11 00:00:00,2025-04-24 00:00:00,14,2025-03-28 00:00:00,2025-04-10 00:00:00,2025-04-25 00:10:00,2025-04-25 06:00:00,frozen_current_point_measurement_proxy,2.2737367544323206e-13,0.002707100000009177,0,False
2025-04-25 00:00:00,2025-04-25 12:00:00,M2,12,71,107,10800.0,True,-6507.467730536958,-6709.073078284318,8,14,2025-04-11 00:00:00,2025-04-24 00:00:00,14,2025-03-28 00:00:00,2025-04-10 00:00:00,2025-04-25 00:10:00,2025-04-25 12:00:00,frozen_current_point_measurement_proxy,1.1368683772161603e-13,0.0018594999999663742,0,False
2025-04-26 00:00:00,2025-04-26 06:00:00,M2,6,35,71,2558.899733166665,False,-7818.552851310001,-7818.552851310001,0,14,2025-04-12 00:00:00,2025-04-25 00:00:00,14,2025-03-29 00:00:00,2025-04-11 00:00:00,2025-04-26 00:10:00,2025-04-26 06:00:00,frozen_current_point_measurement_proxy,9.094947017729282e-13,0.0022733999999786647,0,False
2025-04-26 00:00:00,2025-04-26 12:00:00,M2,12,71,107,10800.0,False,-6474.1962481123965,-6180.659089588232,0,14,2025-04-12 00:00:00,2025-04-25 00:00:00,14,2025-03-29 00:00:00,2025-04-11 00:00:00,2025-04-26 00:10:00,2025-04-26 12:00:00,frozen_current_point_measurement_proxy,9.094947017729282e-13,0.001882599999987633,0,False
2025-04-27 00:00:00,2025-04-27 06:00:00,M2,6,35,71,7979.294046246915,True,-745.9530542702242,-2291.9548040865125,8,14,2025-04-13 00:00:00,2025-04-26 00:00:00,14,2025-03-30 00:00:00,2025-04-12 00:00:00,2025-04-27 00:10:00,2025-04-27 06:00:00,frozen_current_point_measurement_proxy,9.094947017729282e-13,0.0027446000000281856,0,False
2025-04-27 00:00:00,2025-04-27 12:00:00,M2,12,71,107,7109.150724842595,True,-704.244841450313,-773.3622038469327,9,14,2025-04-13 00:00:00,2025-04-26 00:00:00,14,2025-03-30 00:00:00,2025-04-12 00:00:00,2025-04-27 00:10:00,2025-04-27 12:00:00,frozen_current_point_measurement_proxy,9.094947017729282e-13,0.0018225000000029468,0,False
2025-04-28 00:00:00,2025-04-28 06:00:00,M2,6,35,71,10800.0,False,-3066.7034107997965,-2846.5029059847034,0,14,2025-04-14 00:00:00,2025-04-27 00:00:00,14,2025-03-31 00:00:00,2025-04-13 00:00:00,2025-04-28 00:10:00,2025-04-28 06:00:00,frozen_current_point_measurement_proxy,9.094947017729282e-13,0.002753600000005463,0,False
2025-04-28 00:00:00,2025-04-28 12:00:00,M2,12,71,107,5354.120552999999,True,2743.295921985145,2724.9969469120965,18,14,2025-04-14 00:00:00,2025-04-27 00:00:00,14,2025-03-31 00:00:00,2025-04-13 00:00:00,2025-04-28 00:10:00,2025-04-28 12:00:00,frozen_current_point_measurement_proxy,2.2737367544323206e-13,0.002686000000039712,0,False
2025-04-29 00:00:00,2025-04-29 06:00:00,M2,6,35,71,8112.7472207716055,False,-4522.483809709347,-4522.483809709347,0,14,2025-04-15 00:00:00,2025-04-28 00:00:00,14,2025-04-01 00:00:00,2025-04-14 00:00:00,2025-04-29 00:10:00,2025-04-29 06:00:00,frozen_current_point_measurement_proxy,4.547473508864641e-13,0.0043008000000099855,0,False
2025-04-29 00:00:00,2025-04-29 12:00:00,M2,12,71,107,6934.494608364201,False,301.12265899216374,445.2015186256407,0,14,2025-04-15 00:00:00,2025-04-28 00:00:00,14,2025-04-01 00:00:00,2025-04-14 00:00:00,2025-04-29 00:10:00,2025-04-29 12:00:00,frozen_current_point_measurement_proxy,9.094947017729282e-13,0.0020175999999878513,0,False
2025-04-30 00:00:00,2025-04-30 06:00:00,M2,6,35,71,6771.929153654322,True,-3987.5678359062176,-4275.751586563669,4,14,2025-04-16 00:00:00,2025-04-29 00:00:00,14,2025-04-02 00:00:00,2025-04-15 00:00:00,2025-04-30 00:10:00,2025-04-30 06:00:00,frozen_current_point_measurement_proxy,1.8189894035458565e-12,0.002741999999955169,0,False
2025-04-30 00:00:00,2025-04-30 12:00:00,M2,12,71,107,4539.896583450623,False,-102.28454766428474,-1.0591605414088658,0,14,2025-04-16 00:00:00,2025-04-29 00:00:00,14,2025-04-02 00:00:00,2025-04-15 00:00:00,2025-04-30 00:10:00,2025-04-30 12:00:00,frozen_current_point_measurement_proxy,0.0,0.0020206000000371205,0,False
2025-05-01 00:00:00,2025-05-01 06:00:00,M2,6,35,71,8136.766406249997,True,4439.994842453098,-1975.3313914421342,5,14,2025-04-17 00:00:00,2025-04-30 00:00:00,14,2025-04-03 00:00:00,2025-04-16 00:00:00,2025-05-01 00:10:00,2025-05-01 06:00:00,frozen_current_point_measurement_proxy,9.094947017729282e-13,0.002566199999989749,0,False
2025-05-01 00:00:00,2025-05-01 12:00:00,M2,12,71,107,6905.90709966898,False,-273.029382527291,-208.7750506766403,0,14,2025-04-17 00:00:00,2025-04-30 00:00:00,14,2025-04-03 00:00:00,2025-04-16 00:00:00,2025-05-01 00:10:00,2025-05-01 12:00:00,frozen_current_point_measurement_proxy,9.094947017729282e-13,0.002032400000018697,0,False
2025-05-02 00:00:00,2025-05-02 06:00:00,M2,6,35,71,3217.317323262343,False,-7220.126968523796,-7220.126968523796,0,14,2025-04-18 00:00:00,2025-05-01 00:00:00,14,2025-04-04 00:00:00,2025-04-17 00:00:00,2025-05-02 00:10:00,2025-05-02 06:00:00,frozen_current_point_measurement_proxy,9.094947017729282e-13,0.002613599999961025,0,False
2025-05-02 00:00:00,2025-05-02 12:00:00,M2,12,71,107,10800.0,False,-6103.379501202142,-6013.007663796336,0,14,2025-04-18 00:00:00,2025-05-01 00:00:00,14,2025-04-04 00:00:00,2025-04-17 00:00:00,2025-05-02 00:10:00,2025-05-02 12:00:00,frozen_current_point_measurement_proxy,1.8189894035458565e-12,0.002024599999970178,0,False
2025-05-03 00:00:00,2025-05-03 06:00:00,M2,6,35,71,3065.445554512344,False,-7846.140981843681,-7846.140981843681,0,14,2025-04-19 00:00:00,2025-05-02 00:00:00,14,2025-04-05 00:00:00,2025-04-18 00:00:00,2025-05-03 00:10:00,2025-05-03 06:00:00,frozen_current_point_measurement_proxy,2.2737367544323206e-13,0.0024684999999635693,0,False
2025-05-03 00:00:00,2025-05-03 12:00:00,M2,12,71,107,10800.0,False,-6654.197193078048,-6527.772020463388,0,14,2025-04-19 00:00:00,2025-05-02 00:00:00,14,2025-04-05 00:00:00,2025-04-18 00:00:00,2025-05-03 00:10:00,2025-05-03 12:00:00,frozen_current_point_measurement_proxy,9.094947017729282e-13,0.0020786000000043714,0,False
2025-05-04 00:00:00,2025-05-04 06:00:00,M2,6,35,71,9966.863044706792,False,-6866.438306118579,-6866.438306118579,0,14,2025-04-20 00:00:00,2025-05-03 00:00:00,14,2025-04-06 00:00:00,2025-04-19 00:00:00,2025-05-04 00:10:00,2025-05-04 06:00:00,frozen_current_point_measurement_proxy,4.547473508864641e-13,0.0026536999999962063,0,False
2025-05-04 00:00:00,2025-05-04 12:00:00,M2,12,71,107,7766.196015632718,True,730.8123691876806,-188.46622177544856,22,14,2025-04-20 00:00:00,2025-05-03 00:00:00,14,2025-04-06 00:00:00,2025-04-19 00:00:00,2025-05-04 00:10:00,2025-05-04 12:00:00,frozen_current_point_measurement_proxy,9.094947017729282e-13,0.002052800000001298,0,False
2025-05-05 00:00:00,2025-05-05 06:00:00,M2,6,35,71,10800.0,False,-3731.0277527284684,-3588.6931250771668,0,14,2025-04-21 00:00:00,2025-05-04 00:00:00,14,2025-04-07 00:00:00,2025-04-20 00:00:00,2025-05-05 00:10:00,2025-05-05 06:00:00,frozen_current_point_measurement_proxy,9.094947017729282e-13,0.003492099999959919,0,False
2025-05-05 00:00:00,2025-05-05 12:00:00,M2,12,71,107,5907.616314401239,True,1263.944411111665,601.7891559473236,18,14,2025-04-21 00:00:00,2025-05-04 00:00:00,14,2025-04-07 00:00:00,2025-04-20 00:00:00,2025-05-05 00:10:00,2025-05-05 12:00:00,frozen_current_point_measurement_proxy,2.2737367544323206e-13,0.0019277000000101907,0,False
2025-05-06 00:00:00,2025-05-06 06:00:00,M2,6,35,71,6923.843811037041,True,8678.353093951619,-87.50273085180854,12,14,2025-04-22 00:00:00,2025-05-05 00:00:00,14,2025-04-08 00:00:00,2025-04-21 00:00:00,2025-05-06 00:10:00,2025-05-06 06:00:00,frozen_current_point_measurement_proxy,9.094947017729282e-13,0.003091299999994135,0,False
2025-05-06 00:00:00,2025-05-06 12:00:00,M2,12,71,107,7190.801423376547,False,-951.4006710322883,-538.5692519266397,0,14,2025-04-22 00:00:00,2025-05-05 00:00:00,14,2025-04-08 00:00:00,2025-04-21 00:00:00,2025-05-06 00:10:00,2025-05-06 12:00:00,frozen_current_point_measurement_proxy,0.0,0.001991799999984778,0,False
2025-05-07 00:00:00,2025-05-07 06:00:00,M2,6,35,71,8173.389485737653,True,2105.8295727511813,-1134.7597741043335,10,14,2025-04-23 00:00:00,2025-05-06 00:00:00,14,2025-04-09 00:00:00,2025-04-22 00:00:00,2025-05-07 00:10:00,2025-05-07 06:00:00,frozen_current_point_measurement_proxy,9.094947017729282e-13,0.003196699999989505,0,False
2025-05-07 00:00:00,2025-05-07 12:00:00,M2,12,71,107,7204.50598979321,True,159.5629045291706,114.12341219904907,13,14,2025-04-23 00:00:00,2025-05-06 00:00:00,14,2025-04-09 00:00:00,2025-04-22 00:00:00,2025-05-07 00:10:00,2025-05-07 12:00:00,frozen_current_point_measurement_proxy,9.094947017729282e-13,0.002076700000031906,0,False
2025-05-08 00:00:00,2025-05-08 06:00:00,M2,6,35,71,10800.0,False,-4281.975382331106,-3567.74714428616,0,14,2025-04-24 00:00:00,2025-05-07 00:00:00,14,2025-04-10 00:00:00,2025-04-23 00:00:00,2025-05-08 00:10:00,2025-05-08 06:00:00,frozen_current_point_measurement_proxy,4.547473508864641e-13,0.0023891999999818836,0,False
2025-05-08 00:00:00,2025-05-08 12:00:00,M2,12,71,107,7671.608397962962,False,976.4408192142959,1026.1131813595991,0,14,2025-04-24 00:00:00,2025-05-07 00:00:00,14,2025-04-10 00:00:00,2025-04-23 00:00:00,2025-05-08 00:10:00,2025-05-08 12:00:00,frozen_current_point_measurement_proxy,2.2737367544323206e-13,0.002070100000025832,0,False
2025-05-09 00:00:00,2025-05-09 06:00:00,M2,6,35,71,2822.072313503087,True,-7268.36771585169,-7341.285311074788,3,14,2025-04-25 00:00:00,2025-05-08 00:00:00,14,2025-04-11 00:00:00,2025-04-24 00:00:00,2025-05-09 00:10:00,2025-05-09 06:00:00,frozen_current_point_measurement_proxy,0.0,0.002287499999965803,0,False
2025-05-09 00:00:00,2025-05-09 12:00:00,M2,12,71,107,10800.0,False,-6450.811329373958,-5838.126852640222,0,14,2025-04-25 00:00:00,2025-05-08 00:00:00,14,2025-04-11 00:00:00,2025-04-24 00:00:00,2025-05-09 00:10:00,2025-05-09 12:00:00,frozen_current_point_measurement_proxy,1.8189894035458565e-12,0.0019302000000038788,0,False
2025-05-10 00:00:00,2025-05-10 06:00:00,M2,6,35,71,3111.554141719135,False,-7668.788556107698,-7668.788556107698,0,14,2025-04-26 00:00:00,2025-05-09 00:00:00,14,2025-04-12 00:00:00,2025-04-25 00:00:00,2025-05-10 00:10:00,2025-05-10 06:00:00,frozen_current_point_measurement_proxy,9.094947017729282e-13,0.002332200000012108,0,False
2025-05-10 00:00:00,2025-05-10 12:00:00,M2,12,71,107,10800.0,False,-6843.072724661142,-6268.365610646083,0,14,2025-04-26 00:00:00,2025-05-09 00:00:00,14,2025-04-12 00:00:00,2025-04-25 00:00:00,2025-05-10 00:10:00,2025-05-10 12:00:00,frozen_current_point_measurement_proxy,9.094947017729282e-13,0.0021101000000385284,0,False
2025-05-11 00:00:00,2025-05-11 06:00:00,M2,6,35,71,10529.657971836421,False,-3878.2715768001103,-3859.648822799953,0,14,2025-04-27 00:00:00,2025-05-10 00:00:00,14,2025-04-13 00:00:00,2025-04-26 00:00:00,2025-05-11 00:10:00,2025-05-11 06:00:00,frozen_current_point_measurement_proxy,2.2737367544323206e-13,0.002331500000025244,0,False
2025-05-11 00:00:00,2025-05-11 12:00:00,M2,12,71,107,6244.0723050216075,False,459.51315285286057,996.2149270189659,0,14,2025-04-27 00:00:00,2025-05-10 00:00:00,14,2025-04-13 00:00:00,2025-04-26 00:00:00,2025-05-11 00:10:00,2025-05-11 12:00:00,frozen_current_point_measurement_proxy,0.0,0.0021585000000072796,0,False
2025-05-12 00:00:00,2025-05-12 06:00:00,M2,6,35,71,7781.516606814812,False,-4286.802404890252,-3926.137773612955,0,14,2025-04-28 00:00:00,2025-05-11 00:00:00,14,2025-04-14 00:00:00,2025-04-27 00:00:00,2025-05-12 00:10:00,2025-05-12 06:00:00,frozen_current_point_measurement_proxy,5.684341886080802e-14,0.002644400000008318,0,False
2025-05-12 00:00:00,2025-05-12 12:00:00,M2,12,71,107,6188.9521110740725,False,406.8428486677666,1804.8686471289152,0,14,2025-04-28 00:00:00,2025-05-11 00:00:00,14,2025-04-14 00:00:00,2025-04-27 00:00:00,2025-05-12 00:10:00,2025-05-12 12:00:00,frozen_current_point_measurement_proxy,5.684341886080802e-14,0.001930099999981394,0,False
2025-05-13 00:00:00,2025-05-13 06:00:00,M2,6,35,71,10779.442618518518,False,-5623.823366412945,-4719.307869569279,0,14,2025-04-29 00:00:00,2025-05-12 00:00:00,14,2025-04-15 00:00:00,2025-04-28 00:00:00,2025-05-13 00:10:00,2025-05-13 06:00:00,frozen_current_point_measurement_proxy,2.2737367544323206e-13,0.0024818999999638436,0,False
2025-05-13 00:00:00,2025-05-13 12:00:00,M2,12,71,107,9103.637596574075,False,131.0570522074137,712.2209425980776,0,14,2025-04-29 00:00:00,2025-05-12 00:00:00,14,2025-04-15 00:00:00,2025-04-28 00:00:00,2025-05-13 00:10:00,2025-05-13 12:00:00,frozen_current_point_measurement_proxy,0.0,0.002130499999964286,0,False
2025-05-14 00:00:00,2025-05-14 06:00:00,M2,6,35,71,10185.214648148149,False,-3695.667095057072,-3557.893146635779,0,14,2025-04-30 00:00:00,2025-05-13 00:00:00,14,2025-04-16 00:00:00,2025-04-29 00:00:00,2025-05-14 00:10:00,2025-05-14 06:00:00,frozen_current_point_measurement_proxy,1.8189894035458565e-12,0.0025322999999843887,0,False
2025-05-14 00:00:00,2025-05-14 12:00:00,M2,12,71,107,6050.651987592596,True,1596.2018654309354,499.29521567346217,22,14,2025-04-30 00:00:00,2025-05-13 00:00:00,14,2025-04-16 00:00:00,2025-04-29 00:00:00,2025-05-14 00:10:00,2025-05-14 12:00:00,frozen_current_point_measurement_proxy,0.0,0.001987399999961781,0,False
2025-05-15 00:00:00,2025-05-15 06:00:00,M2,6,35,71,9375.08933564198,False,-4441.537799298404,-4216.482760946752,0,14,2025-05-01 00:00:00,2025-05-14 00:00:00,14,2025-04-17 00:00:00,2025-04-30 00:00:00,2025-05-15 00:10:00,2025-05-15 06:00:00,frozen_current_point_measurement_proxy,2.2737367544323206e-13,0.0028831999999852087,0,False
2025-05-15 00:00:00,2025-05-15 12:00:00,M2,12,71,107,5991.594275086423,True,1844.301495495116,1695.3482291788644,7,14,2025-05-01 00:00:00,2025-05-14 00:00:00,14,2025-04-17 00:00:00,2025-04-30 00:00:00,2025-05-15 00:10:00,2025-05-15 12:00:00,frozen_current_point_measurement_proxy,2.2737367544323206e-13,0.003343900000004396,0,False
2025-05-16 00:00:00,2025-05-16 06:00:00,M2,6,35,71,2367.277585851853,False,-7804.519367648136,-7804.519367648136,0,14,2025-05-02 00:00:00,2025-05-15 00:00:00,14,2025-04-18 00:00:00,2025-05-01 00:00:00,2025-05-16 00:10:00,2025-05-16 06:00:00,frozen_current_point_measurement_proxy,9.094947017729282e-13,0.002406400000040776,0,False
2025-05-16 00:00:00,2025-05-16 12:00:00,M2,12,71,107,10800.0,True,-6151.563536358308,-6281.507087877168,9,14,2025-05-02 00:00:00,2025-05-15 00:00:00,14,2025-04-18 00:00:00,2025-05-01 00:00:00,2025-05-16 00:10:00,2025-05-16 12:00:00,frozen_current_point_measurement_proxy,4.547473508864641e-13,0.0017946000000392814,0,False
2025-05-17 00:00:00,2025-05-17 06:00:00,M2,6,35,71,2012.0806216635806,True,-7153.641638490181,-7314.6655720560275,4,14,2025-05-03 00:00:00,2025-05-16 00:00:00,14,2025-04-19 00:00:00,2025-05-02 00:00:00,2025-05-17 00:10:00,2025-05-17 06:00:00,frozen_current_point_measurement_proxy,9.094947017729282e-13,0.002191600000003291,0,False
2025-05-17 00:00:00,2025-05-17 12:00:00,M2,12,71,107,10800.0,False,-6271.921690900373,-6123.160191814984,0,14,2025-05-03 00:00:00,2025-05-16 00:00:00,14,2025-04-19 00:00:00,2025-05-02 00:00:00,2025-05-17 00:10:00,2025-05-17 12:00:00,frozen_current_point_measurement_proxy,9.094947017729282e-13,0.002003399999978228,0,False
2025-05-18 00:00:00,2025-05-18 06:00:00,M2,6,35,71,10646.74149576543,False,-4414.7881632266235,-3589.212077380567,0,14,2025-05-04 00:00:00,2025-05-17 00:00:00,14,2025-04-20 00:00:00,2025-05-03 00:00:00,2025-05-18 00:10:00,2025-05-18 06:00:00,frozen_current_point_measurement_proxy,9.094947017729282e-13,0.0026899000000071283,0,False
2025-05-18 00:00:00,2025-05-18 12:00:00,M2,12,71,107,8475.27275024691,True,1471.8246617263237,524.9684214048729,21,14,2025-05-04 00:00:00,2025-05-17 00:00:00,14,2025-04-20 00:00:00,2025-05-03 00:00:00,2025-05-18 00:10:00,2025-05-18 12:00:00,frozen_current_point_measurement_proxy,2.2737367544323206e-13,0.002421700000013516,0,False
2025-05-19 00:00:00,2025-05-19 06:00:00,M2,6,35,71,10211.982018518518,False,-5296.7632234967605,-5296.7632234967605,0,14,2025-05-05 00:00:00,2025-05-18 00:00:00,14,2025-04-21 00:00:00,2025-05-04 00:00:00,2025-05-19 00:10:00,2025-05-19 06:00:00,frozen_current_point_measurement_proxy,2.2737367544323206e-13,0.002596200000027693,0,False
2025-05-19 00:00:00,2025-05-19 12:00:00,M2,12,71,107,7942.597779999999,True,-338.59249947896717,-434.7267325094578,10,14,2025-05-05 00:00:00,2025-05-18 00:00:00,14,2025-04-21 00:00:00,2025-05-04 00:00:00,2025-05-19 00:10:00,2025-05-19 12:00:00,frozen_current_point_measurement_proxy,9.094947017729282e-13,0.001856400000008307,0,False
2025-05-20 00:00:00,2025-05-20 06:00:00,M2,6,35,71,10200.813685185185,False,-5359.350660000162,-5320.003044759528,0,14,2025-05-06 00:00:00,2025-05-19 00:00:00,14,2025-04-22 00:00:00,2025-05-05 00:00:00,2025-05-20 00:10:00,2025-05-20 06:00:00,frozen_current_point_measurement_proxy,9.094947017729282e-13,0.0024511000000302374,0,False
2025-05-20 00:00:00,2025-05-20 12:00:00,M2,12,71,107,7019.208368703705,False,292.93146815988814,901.5318541466459,0,14,2025-05-06 00:00:00,2025-05-19 00:00:00,14,2025-04-22 00:00:00,2025-05-05 00:00:00,2025-05-20 00:10:00,2025-05-20 12:00:00,frozen_current_point_measurement_proxy,9.094947017729282e-13,0.0019409000000223386,0,False
2025-05-21 00:00:00,2025-05-21 06:00:00,M2,6,35,71,7039.17032886728,True,-1004.1146018380983,-1261.9639767863512,9,14,2025-05-07 00:00:00,2025-05-20 00:00:00,14,2025-04-23 00:00:00,2025-05-06 00:00:00,2025-05-21 00:10:00,2025-05-21 06:00:00,frozen_current_point_measurement_proxy,9.094947017729282e-13,0.0027091000000041277,0,False
2025-05-21 00:00:00,2025-05-21 12:00:00,M2,12,71,107,7139.854382663577,False,30.3110499351093,585.641384796073,0,14,2025-05-07 00:00:00,2025-05-20 00:00:00,14,2025-04-23 00:00:00,2025-05-06 00:00:00,2025-05-21 00:10:00,2025-05-21 12:00:00,frozen_current_point_measurement_proxy,9.094947017729282e-13,0.0021011000000044078,0,False
2025-05-22 00:00:00,2025-05-22 06:00:00,M2,6,35,71,8857.206576416662,False,-4072.753909121231,-4072.753909121231,0,14,2025-05-08 00:00:00,2025-05-21 00:00:00,14,2025-04-24 00:00:00,2025-05-07 00:00:00,2025-05-22 00:10:00,2025-05-22 06:00:00,frozen_current_point_measurement_proxy,1.8189894035458565e-12,0.002776499999981752,0,False
2025-05-22 00:00:00,2025-05-22 12:00:00,M2,12,71,107,6072.413319935182,False,27.519139877262464,106.5773236947405,0,14,2025-05-08 00:00:00,2025-05-21 00:00:00,14,2025-04-24 00:00:00,2025-05-07 00:00:00,2025-05-22 00:10:00,2025-05-22 12:00:00,frozen_current_point_measurement_proxy,9.094947017729282e-13,0.002151400000002468,0,False
2025-05-23 00:00:00,2025-05-23 06:00:00,M2,6,35,71,2278.5402398981482,False,-7820.644365870119,-7820.644365870119,0,14,2025-05-09 00:00:00,2025-05-22 00:00:00,14,2025-04-25 00:00:00,2025-05-08 00:00:00,2025-05-23 00:10:00,2025-05-23 06:00:00,frozen_current_point_measurement_proxy,0.0,0.002219599999989441,0,False
2025-05-23 00:00:00,2025-05-23 12:00:00,M2,12,71,107,10800.0,False,-6252.556872618179,-6040.105865441302,0,14,2025-05-09 00:00:00,2025-05-22 00:00:00,14,2025-04-25 00:00:00,2025-05-08 00:00:00,2025-05-23 00:10:00,2025-05-23 12:00:00,frozen_current_point_measurement_proxy,9.094947017729282e-13,0.001963400000022375,0,False
2025-05-24 00:00:00,2025-05-24 06:00:00,M2,6,35,71,1959.6104539382713,False,-7662.135416604161,-7648.997976706677,0,14,2025-05-10 00:00:00,2025-05-23 00:00:00,14,2025-04-26 00:00:00,2025-05-09 00:00:00,2025-05-24 00:10:00,2025-05-24 06:00:00,frozen_current_point_measurement_proxy,1.8189894035458565e-12,0.002228800000011688,0,False
2025-05-24 00:00:00,2025-05-24 12:00:00,M2,12,71,107,10800.0,False,-6457.5519426851815,-6433.59329533022,0,14,2025-05-10 00:00:00,2025-05-23 00:00:00,14,2025-04-26 00:00:00,2025-05-09 00:00:00,2025-05-24 00:10:00,2025-05-24 12:00:00,frozen_current_point_measurement_proxy,9.094947017729282e-13,0.0020972000000369917,0,False
2025-05-25 00:00:00,2025-05-25 06:00:00,M2,6,35,71,10205.315740740742,False,-5741.850623701115,-5741.850623701115,0,14,2025-05-11 00:00:00,2025-05-24 00:00:00,14,2025-04-27 00:00:00,2025-05-10 00:00:00,2025-05-25 00:10:00,2025-05-25 06:00:00,frozen_current_point_measurement_proxy,4.547473508864641e-13,0.0024953000000209613,0,False
2025-05-25 00:00:00,2025-05-25 12:00:00,M2,12,71,107,8581.212077962964,False,-125.91633045222521,-107.1487493441434,0,14,2025-05-11 00:00:00,2025-05-24 00:00:00,14,2025-04-27 00:00:00,2025-05-10 00:00:00,2025-05-25 00:10:00,2025-05-25 12:00:00,frozen_current_point_measurement_proxy,2.2737367544323206e-13,0.0019067000000063672,0,False
2025-05-26 00:00:00,2025-05-26 06:00:00,M2,6,35,71,9293.782458814818,False,-877.7377807543725,-643.80688959506,0,14,2025-05-12 00:00:00,2025-05-25 00:00:00,14,2025-04-28 00:00:00,2025-05-11 00:00:00,2025-05-26 00:10:00,2025-05-26 06:00:00,frozen_current_point_measurement_proxy,9.094947017729282e-13,0.002539099999978589,0,False
2025-05-26 00:00:00,2025-05-26 12:00:00,M2,12,71,107,3460.0114197407456,False,2447.939336759283,2895.9845086730566,0,14,2025-05-12 00:00:00,2025-05-25 00:00:00,14,2025-04-28 00:00:00,2025-05-11 00:00:00,2025-05-26 00:10:00,2025-05-26 12:00:00,frozen_current_point_measurement_proxy,9.094947017729282e-13,0.0018652999999630993,0,False
2025-05-27 00:00:00,2025-05-27 06:00:00,M2,6,35,71,6151.931072317902,True,-1560.7517415415005,-1963.0282360117294,12,14,2025-05-13 00:00:00,2025-05-26 00:00:00,14,2025-04-29 00:00:00,2025-05-12 00:00:00,2025-05-27 00:10:00,2025-05-27 06:00:00,frozen_current_point_measurement_proxy,9.094947017729282e-13,0.0025357000000099106,0,False
2025-05-27 00:00:00,2025-05-27 12:00:00,M2,12,71,107,7746.297346206793,False,-828.0516455946296,-631.5535349962253,0,14,2025-05-13 00:00:00,2025-05-26 00:00:00,14,2025-04-29 00:00:00,2025-05-12 00:00:00,2025-05-27 00:10:00,2025-05-27 12:00:00,frozen_current_point_measurement_proxy,9.094947017729282e-13,0.0019216000000028544,0,False
2025-05-28 00:00:00,2025-05-28 06:00:00,M2,6,35,71,10800.0,False,-3487.3520183845903,-3312.7818475181957,0,14,2025-05-14 00:00:00,2025-05-27 00:00:00,14,2025-04-30 00:00:00,2025-05-13 00:00:00,2025-05-28 00:10:00,2025-05-28 06:00:00,frozen_current_point_measurement_proxy,4.547473508864641e-13,0.0022688000000243846,0,False
2025-05-28 00:00:00,2025-05-28 12:00:00,M2,12,71,107,5737.28409739507,True,585.5254736056941,146.4607692211485,8,14,2025-05-14 00:00:00,2025-05-27 00:00:00,14,2025-04-30 00:00:00,2025-05-13 00:00:00,2025-05-28 00:10:00,2025-05-28 12:00:00,frozen_current_point_measurement_proxy,1.8189894035458565e-12,0.001884500000016942,0,False
2025-05-29 00:00:00,2025-05-29 06:00:00,M2,6,35,71,10605.234836574073,False,-2305.8579670710196,-2051.267234578604,0,14,2025-05-15 00:00:00,2025-05-28 00:00:00,14,2025-05-01 00:00:00,2025-05-14 00:00:00,2025-05-29 00:10:00,2025-05-29 06:00:00,frozen_current_point_measurement_proxy,1.8189894035458565e-12,0.0024829000000181622,0,False
2025-05-29 00:00:00,2025-05-29 12:00:00,M2,12,71,107,4912.730816839508,False,35.91033105859242,235.32184125575,0,14,2025-05-15 00:00:00,2025-05-28 00:00:00,14,2025-05-01 00:00:00,2025-05-14 00:00:00,2025-05-29 00:10:00,2025-05-29 12:00:00,frozen_current_point_measurement_proxy,9.094947017729282e-13,0.0019497000000114895,0,False
2025-05-30 00:00:00,2025-05-30 06:00:00,M2,6,35,71,2539.819179093147,False,-7847.441999999998,-7847.441999999998,0,14,2025-05-16 00:00:00,2025-05-29 00:00:00,14,2025-05-02 00:00:00,2025-05-15 00:00:00,2025-05-30 00:10:00,2025-05-30 06:00:00,frozen_current_point_measurement_proxy,2.842170943040401e-14,0.0022072000000434855,0,False
2025-05-30 00:00:00,2025-05-30 12:00:00,M2,12,71,107,10800.0,False,-6208.4067995056,-6060.898686101352,0,14,2025-05-16 00:00:00,2025-05-29 00:00:00,14,2025-05-02 00:00:00,2025-05-15 00:00:00,2025-05-30 00:10:00,2025-05-30 12:00:00,frozen_current_point_measurement_proxy,1.8189894035458565e-12,0.001972399999999652,0,False
2025-05-31 00:00:00,2025-05-31 06:00:00,M2,6,35,71,3096.341743302468,False,-7847.441999999998,-7847.441999999998,0,14,2025-05-17 00:00:00,2025-05-30 00:00:00,14,2025-05-03 00:00:00,2025-05-16 00:00:00,2025-05-31 00:10:00,2025-05-31 06:00:00,frozen_current_point_measurement_proxy,2.2737367544323206e-13,0.00239049999998997,0,False
2025-05-31 00:00:00,2025-05-31 12:00:00,M2,12,71,107,10800.0,True,-5584.226633473749,-5937.52097768081,12,14,2025-05-17 00:00:00,2025-05-30 00:00:00,14,2025-05-03 00:00:00,2025-05-16 00:00:00,2025-05-31 00:10:00,2025-05-31 12:00:00,frozen_current_point_measurement_proxy,1.1368683772161603e-13,0.0017879000000107226,0,False
2025-06-01 00:00:00,2025-06-01 06:00:00,M2,6,35,71,9260.946541833335,True,7116.994506143456,3516.986260420626,13,14,2025-05-18 00:00:00,2025-05-31 00:00:00,14,2025-05-04 00:00:00,2025-05-17 00:00:00,2025-06-01 00:10:00,2025-06-01 06:00:00,frozen_current_point_measurement_proxy,4.547473508864641e-13,0.002597700000023906,0,False
2025-06-01 00:00:00,2025-06-01 12:00:00,M2,12,71,107,3462.137297259256,True,6030.216010939986,5802.668863063545,18,14,2025-05-18 00:00:00,2025-05-31 00:00:00,14,2025-05-04 00:00:00,2025-05-17 00:00:00,2025-06-01 00:10:00,2025-06-01 12:00:00,frozen_current_point_measurement_proxy,9.094947017729282e-13,0.0019724999999652937,0,False
2025-06-02 00:00:00,2025-06-02 06:00:00,M2,6,35,71,9108.015165429351,False,-1843.3929216124156,-991.1673785603982,0,14,2025-05-19 00:00:00,2025-06-01 00:00:00,14,2025-05-05 00:00:00,2025-05-18 00:00:00,2025-06-02 00:10:00,2025-06-02 06:00:00,frozen_current_point_measurement_proxy,9.094947017729282e-13,0.0022650999999882515,0,False
2025-06-02 00:00:00,2025-06-02 12:00:00,M2,12,71,107,6596.915504500001,True,7033.786733285527,5494.213814963822,28,14,2025-05-19 00:00:00,2025-06-01 00:00:00,14,2025-05-05 00:00:00,2025-05-18 00:00:00,2025-06-02 00:10:00,2025-06-02 12:00:00,frozen_current_point_measurement_proxy,9.094947017729282e-13,0.0019159999999942556,0,False
2025-06-03 00:00:00,2025-06-03 06:00:00,M2,6,35,71,9252.979542216053,True,5553.825992409157,2128.956876694389,11,14,2025-05-20 00:00:00,2025-06-02 00:00:00,14,2025-05-06 00:00:00,2025-05-19 00:00:00,2025-06-03 00:10:00,2025-06-03 06:00:00,frozen_current_point_measurement_proxy,9.094947017729282e-13,0.002803499999970427,0,False
2025-06-03 00:00:00,2025-06-03 12:00:00,M2,12,71,107,7759.708318246917,True,2277.132059408909,1702.0700319212726,16,14,2025-05-20 00:00:00,2025-06-02 00:00:00,14,2025-05-06 00:00:00,2025-05-19 00:00:00,2025-06-03 00:10:00,2025-06-03 12:00:00,frozen_current_point_measurement_proxy,9.094947017729282e-13,0.002146600000003218,0,False
2025-06-04 00:00:00,2025-06-04 06:00:00,M2,6,35,71,8600.74249319136,False,527.4778667464518,2922.8170849761946,0,14,2025-05-21 00:00:00,2025-06-03 00:00:00,14,2025-05-07 00:00:00,2025-05-20 00:00:00,2025-06-04 00:10:00,2025-06-04 06:00:00,frozen_current_point_measurement_proxy,4.547473508864641e-13,0.0025441000000228087,0,False
2025-06-04 00:00:00,2025-06-04 12:00:00,M2,12,71,107,8507.26660170988,True,7451.375477493309,5172.04786505772,26,14,2025-05-21 00:00:00,2025-06-03 00:00:00,14,2025-05-07 00:00:00,2025-05-20 00:00:00,2025-06-04 00:10:00,2025-06-04 12:00:00,frozen_current_point_measurement_proxy,2.2737367544323206e-13,0.001958999999999378,0,False
2025-06-05 00:00:00,2025-06-05 06:00:00,M2,6,35,71,8886.085202058644,True,9455.269599707872,1843.6154140597232,12,14,2025-05-22 00:00:00,2025-06-04 00:00:00,14,2025-05-08 00:00:00,2025-05-21 00:00:00,2025-06-05 00:10:00,2025-06-05 06:00:00,frozen_current_point_measurement_proxy,1.8189894035458565e-12,0.0031420999999909327,0,False
2025-06-05 00:00:00,2025-06-05 12:00:00,M2,12,71,107,7325.221061151235,False,3184.74149994014,3749.4455153833796,0,14,2025-05-22 00:00:00,2025-06-04 00:00:00,14,2025-05-08 00:00:00,2025-05-21 00:00:00,2025-06-05 00:10:00,2025-06-05 12:00:00,frozen_current_point_measurement_proxy,1.4210854715202004e-14,0.002128400000003694,0,False
2025-06-06 00:00:00,2025-06-06 06:00:00,M2,6,35,71,1777.0874252279377,True,-632.0086112604303,-4429.357308913582,9,14,2025-05-23 00:00:00,2025-06-05 00:00:00,14,2025-05-09 00:00:00,2025-05-22 00:00:00,2025-06-06 00:10:00,2025-06-06 06:00:00,frozen_current_point_measurement_proxy,4.547473508864641e-13,0.002403199999946537,0,False
2025-06-06 00:00:00,2025-06-06 12:00:00,M2,12,71,107,8469.116792481482,True,-4638.126738313499,-5043.4656259782805,14,14,2025-05-23 00:00:00,2025-06-05 00:00:00,14,2025-05-09 00:00:00,2025-05-22 00:00:00,2025-06-06 00:10:00,2025-06-06 12:00:00,frozen_current_point_measurement_proxy,9.094947017729282e-13,0.0018650999999749729,0,False
2025-06-07 00:00:00,2025-06-07 06:00:00,M2,6,35,71,4580.455484197536,False,-6350.259516648926,-6350.259516648926,0,14,2025-05-24 00:00:00,2025-06-06 00:00:00,14,2025-05-10 00:00:00,2025-05-23 00:00:00,2025-06-07 00:10:00,2025-06-07 06:00:00,frozen_current_point_measurement_proxy,9.094947017729282e-13,0.0023087999999802378,0,False
2025-06-07 00:00:00,2025-06-07 12:00:00,M2,12,71,107,8002.7677051234605,False,-5564.818139455324,-5019.54480628353,0,14,2025-05-24 00:00:00,2025-06-06 00:00:00,14,2025-05-10 00:00:00,2025-05-23 00:00:00,2025-06-07 00:10:00,2025-06-07 12:00:00,frozen_current_point_measurement_proxy,9.094947017729282e-13,0.0021257000000218795,0,False
2025-06-08 00:00:00,2025-06-08 06:00:00,M2,6,35,71,10605.721658407407,False,-4263.066174899107,-3241.006005128038,0,14,2025-05-25 00:00:00,2025-06-07 00:00:00,14,2025-05-11 00:00:00,2025-05-24 00:00:00,2025-06-08 00:10:00,2025-06-08 06:00:00,frozen_current_point_measurement_proxy,2.2737367544323206e-13,0.0029498000000103275,0,False
2025-06-08 00:00:00,2025-06-08 12:00:00,M2,12,71,107,9500.825990098772,False,2598.694190623542,3497.8533865966574,0,14,2025-05-25 00:00:00,2025-06-07 00:00:00,14,2025-05-11 00:00:00,2025-05-24 00:00:00,2025-06-08 00:10:00,2025-06-08 12:00:00,frozen_current_point_measurement_proxy,9.094947017729282e-13,0.0020355000000336076,0,False
2025-06-09 00:00:00,2025-06-09 06:00:00,M2,6,35,71,10061.14812488889,False,-1600.1186368558047,-73.11695850004013,0,14,2025-05-26 00:00:00,2025-06-08 00:00:00,14,2025-05-12 00:00:00,2025-05-25 00:00:00,2025-06-09 00:10:00,2025-06-09 06:00:00,frozen_current_point_measurement_proxy,4.547473508864641e-13,0.0024894000000017513,0,False
2025-06-09 00:00:00,2025-06-09 12:00:00,M2,12,71,107,7544.515264333337,True,6564.603578238121,5784.997114914001,19,14,2025-05-26 00:00:00,2025-06-08 00:00:00,14,2025-05-12 00:00:00,2025-05-25 00:00:00,2025-06-09 00:10:00,2025-06-09 12:00:00,frozen_current_point_measurement_proxy,2.2737367544323206e-13,0.0018738999999641237,0,False
2025-06-10 00:00:00,2025-06-10 06:00:00,M2,6,35,71,10261.819641543214,True,-82.18722377453817,-1389.0368487342482,9,14,2025-05-27 00:00:00,2025-06-09 00:00:00,14,2025-05-13 00:00:00,2025-05-26 00:00:00,2025-06-10 00:10:00,2025-06-10 06:00:00,frozen_current_point_measurement_proxy,4.547473508864641e-13,0.0028902999999900203,0,False
2025-06-10 00:00:00,2025-06-10 12:00:00,M2,12,71,107,6010.6795249135785,False,5253.235740388572,7824.585395513347,0,14,2025-05-27 00:00:00,2025-06-09 00:00:00,14,2025-05-13 00:00:00,2025-05-26 00:00:00,2025-06-10 00:10:00,2025-06-10 12:00:00,frozen_current_point_measurement_proxy,2.2737367544323206e-13,0.002214600000002065,0,False
2025-06-11 00:00:00,2025-06-11 06:00:00,M2,6,35,71,10755.868861759258,True,4648.079672234742,1406.7560889256472,7,14,2025-05-28 00:00:00,2025-06-10 00:00:00,14,2025-05-14 00:00:00,2025-05-27 00:00:00,2025-06-11 00:10:00,2025-06-11 06:00:00,frozen_current_point_measurement_proxy,9.094947017729282e-13,0.002730600000006689,0,False
2025-06-11 00:00:00,2025-06-11 12:00:00,M2,12,71,107,5154.992439160494,False,8245.35458025024,8628.552311921698,0,14,2025-05-28 00:00:00,2025-06-10 00:00:00,14,2025-05-14 00:00:00,2025-05-27 00:00:00,2025-06-11 00:10:00,2025-06-11 12:00:00,frozen_current_point_measurement_proxy,2.2737367544323206e-13,0.0022916000000350323,0,False
2025-06-12 00:00:00,2025-06-12 06:00:00,M2,6,35,71,10800.0,False,-3011.562931826403,-2591.434913791891,0,14,2025-05-29 00:00:00,2025-06-11 00:00:00,14,2025-05-15 00:00:00,2025-05-28 00:00:00,2025-06-12 00:10:00,2025-06-12 06:00:00,frozen_current_point_measurement_proxy,1.4210854715202004e-14,0.002526100000011411,0,False
2025-06-12 00:00:00,2025-06-12 12:00:00,M2,12,71,107,6891.066291462965,False,6288.711201778942,7262.9754716774605,0,14,2025-05-29 00:00:00,2025-06-11 00:00:00,14,2025-05-15 00:00:00,2025-05-28 00:00:00,2025-06-12 00:10:00,2025-06-12 12:00:00,frozen_current_point_measurement_proxy,2.2737367544323206e-13,0.0022254000000430096,0,False
2025-06-13 00:00:00,2025-06-13 06:00:00,M2,6,35,71,3464.7230556080262,True,-4789.218282374982,-4925.793221810402,2,14,2025-05-30 00:00:00,2025-06-12 00:00:00,14,2025-05-16 00:00:00,2025-05-29 00:00:00,2025-06-13 00:10:00,2025-06-13 06:00:00,frozen_current_point_measurement_proxy,4.547473508864641e-13,0.0023600000000101318,0,False
2025-06-13 00:00:00,2025-06-13 12:00:00,M2,12,71,107,7172.045458049384,False,-4844.074546349426,-3860.0157592903197,0,14,2025-05-30 00:00:00,2025-06-12 00:00:00,14,2025-05-16 00:00:00,2025-05-29 00:00:00,2025-06-13 00:10:00,2025-06-13 12:00:00,frozen_current_point_measurement_proxy,1.1368683772161603e-13,0.002670599999987644,0,False
2025-06-14 00:00:00,2025-06-14 06:00:00,M2,6,35,71,2726.269738398147,False,-7448.399493148114,-7448.399493148114,0,14,2025-05-31 00:00:00,2025-06-13 00:00:00,14,2025-05-17 00:00:00,2025-05-30 00:00:00,2025-06-14 00:10:00,2025-06-14 06:00:00,frozen_current_point_measurement_proxy,2.2737367544323206e-13,0.0024900999999886153,0,False
2025-06-14 00:00:00,2025-06-14 12:00:00,M2,12,71,107,9439.442340000001,True,-4921.982715664779,-5093.192228295278,14,14,2025-05-31 00:00:00,2025-06-13 00:00:00,14,2025-05-17 00:00:00,2025-05-30 00:00:00,2025-06-14 00:10:00,2025-06-14 12:00:00,frozen_current_point_measurement_proxy,1.8189894035458565e-12,0.0019664999999804422,0,False
2025-06-15 00:00:00,2025-06-15 06:00:00,M2,6,35,71,10800.0,False,-2073.174847310119,-1102.0323353004526,0,14,2025-06-01 00:00:00,2025-06-14 00:00:00,14,2025-05-18 00:00:00,2025-05-31 00:00:00,2025-06-15 00:10:00,2025-06-15 06:00:00,frozen_current_point_measurement_proxy,4.547473508864641e-13,0.0027477999999518943,0,False
2025-06-15 00:00:00,2025-06-15 12:00:00,M2,12,71,107,3643.234614006178,False,7769.470514829423,11856.465223986886,0,14,2025-06-01 00:00:00,2025-06-14 00:00:00,14,2025-05-18 00:00:00,2025-05-31 00:00:00,2025-06-15 00:10:00,2025-06-15 12:00:00,frozen_current_point_measurement_proxy,2.2737367544323206e-13,0.0020233999999845764,0,False
2025-06-16 00:00:00,2025-06-16 06:00:00,M2,6,35,71,10759.976885185186,False,-944.6361378620721,-799.4048557341105,0,14,2025-06-02 00:00:00,2025-06-15 00:00:00,14,2025-05-19 00:00:00,2025-06-01 00:00:00,2025-06-16 00:10:00,2025-06-16 06:00:00,frozen_current_point_measurement_proxy,2.2737367544323206e-13,0.003988800000001902,0,False
2025-06-16 00:00:00,2025-06-16 12:00:00,M2,12,71,107,4883.917534882714,False,7620.476507583238,9661.486076063175,0,14,2025-06-02 00:00:00,2025-06-15 00:00:00,14,2025-05-19 00:00:00,2025-06-01 00:00:00,2025-06-16 00:10:00,2025-06-16 12:00:00,frozen_current_point_measurement_proxy,9.094947017729282e-13,0.002100700000028155,0,False
2025-06-17 00:00:00,2025-06-17 06:00:00,M2,6,35,71,10800.0,False,-1882.0345829615364,-1481.0253020347116,0,14,2025-06-03 00:00:00,2025-06-16 00:00:00,14,2025-05-20 00:00:00,2025-06-02 00:00:00,2025-06-17 00:10:00,2025-06-17 06:00:00,frozen_current_point_measurement_proxy,9.094947017729282e-13,0.0027112999999872045,0,False
2025-06-17 00:00:00,2025-06-17 12:00:00,M2,12,71,107,4440.852776364198,False,9543.77748590159,12169.827789775261,0,14,2025-06-03 00:00:00,2025-06-16 00:00:00,14,2025-05-20 00:00:00,2025-06-02 00:00:00,2025-06-17 00:10:00,2025-06-17 12:00:00,frozen_current_point_measurement_proxy,2.2737367544323206e-13,0.002468399999997928,0,False
2025-06-18 00:00:00,2025-06-18 06:00:00,M2,6,35,71,10800.0,False,-1677.2292563559695,-1293.7964343225624,0,14,2025-06-04 00:00:00,2025-06-17 00:00:00,14,2025-05-21 00:00:00,2025-06-03 00:00:00,2025-06-18 00:10:00,2025-06-18 06:00:00,frozen_current_point_measurement_proxy,9.094947017729282e-13,0.0031216999999514883,0,False
2025-06-18 00:00:00,2025-06-18 12:00:00,M2,12,71,107,6282.856410981481,True,8204.2234486477,7671.6431145476445,22,14,2025-06-04 00:00:00,2025-06-17 00:00:00,14,2025-05-21 00:00:00,2025-06-03 00:00:00,2025-06-18 00:10:00,2025-06-18 12:00:00,frozen_current_point_measurement_proxy,1.8189894035458565e-12,0.002005300000007537,0,False
2025-06-19 00:00:00,2025-06-19 06:00:00,M2,6,35,71,10797.15471111111,False,-2933.5697623216915,-2149.0547567090944,0,14,2025-06-05 00:00:00,2025-06-18 00:00:00,14,2025-05-22 00:00:00,2025-06-04 00:00:00,2025-06-19 00:10:00,2025-06-19 06:00:00,frozen_current_point_measurement_proxy,2.2737367544323206e-13,0.0028709000000048945,0,False
2025-06-19 00:00:00,2025-06-19 12:00:00,M2,12,71,107,8208.242590148147,False,5536.700130530439,7675.4765936796675,0,14,2025-06-05 00:00:00,2025-06-18 00:00:00,14,2025-05-22 00:00:00,2025-06-04 00:00:00,2025-06-19 00:10:00,2025-06-19 12:00:00,frozen_current_point_measurement_proxy,2.2737367544323206e-13,0.002157199999999193,0,False
2025-06-20 00:00:00,2025-06-20 06:00:00,M2,6,35,71,3771.141581737655,False,-7817.209221461126,-7817.209221461126,0,14,2025-06-06 00:00:00,2025-06-19 00:00:00,14,2025-05-23 00:00:00,2025-06-05 00:00:00,2025-06-20 00:10:00,2025-06-20 06:00:00,frozen_current_point_measurement_proxy,1.8189894035458565e-12,0.0024632999999880667,0,False
2025-06-20 00:00:00,2025-06-20 12:00:00,M2,12,71,107,10800.0,True,-3829.698666016422,-3866.954828252201,9,14,2025-06-06 00:00:00,2025-06-19 00:00:00,14,2025-05-23 00:00:00,2025-06-05 00:00:00,2025-06-20 00:10:00,2025-06-20 12:00:00,frozen_current_point_measurement_proxy,9.094947017729282e-13,0.0021707999999875938,0,False
2025-06-21 00:00:00,2025-06-21 06:00:00,M2,6,35,71,3671.8751074938286,False,-7792.313914999671,-7792.313914999671,0,14,2025-06-07 00:00:00,2025-06-20 00:00:00,14,2025-05-24 00:00:00,2025-06-06 00:00:00,2025-06-21 00:10:00,2025-06-21 06:00:00,frozen_current_point_measurement_proxy,0.0,0.0025842000000011467,0,False
2025-06-21 00:00:00,2025-06-21 12:00:00,M2,12,71,107,10800.0,True,-4378.593789165346,-4388.393314197533,10,14,2025-06-07 00:00:00,2025-06-20 00:00:00,14,2025-05-24 00:00:00,2025-06-06 00:00:00,2025-06-21 00:10:00,2025-06-21 12:00:00,frozen_current_point_measurement_proxy,9.094947017729282e-13,0.0018918999999755215,0,False
2025-06-22 00:00:00,2025-06-22 06:00:00,M2,6,35,71,10798.53738271605,False,-5099.265902147542,-4616.142428830821,0,14,2025-06-08 00:00:00,2025-06-21 00:00:00,14,2025-05-25 00:00:00,2025-06-07 00:00:00,2025-06-22 00:10:00,2025-06-22 06:00:00,frozen_current_point_measurement_proxy,9.094947017729282e-13,0.0030663000000004104,0,False
2025-06-22 00:00:00,2025-06-22 12:00:00,M2,12,71,107,7874.481201308641,False,5513.174049416955,6608.7486973744235,0,14,2025-06-08 00:00:00,2025-06-21 00:00:00,14,2025-05-25 00:00:00,2025-06-07 00:00:00,2025-06-22 00:10:00,2025-06-22 12:00:00,frozen_current_point_measurement_proxy,9.094947017729282e-13,0.002198799999973744,0,False
2025-06-23 00:00:00,2025-06-23 06:00:00,M2,6,35,71,10800.0,False,-4176.585206118151,-4176.585206118151,0,14,2025-06-09 00:00:00,2025-06-22 00:00:00,14,2025-05-26 00:00:00,2025-06-08 00:00:00,2025-06-23 00:10:00,2025-06-23 06:00:00,frozen_current_point_measurement_proxy,0.0,0.0028365000000007967,0,False
2025-06-23 00:00:00,2025-06-23 12:00:00,M2,12,71,107,7998.327352240743,True,5313.685744065552,5273.472623120292,14,14,2025-06-09 00:00:00,2025-06-22 00:00:00,14,2025-05-26 00:00:00,2025-06-08 00:00:00,2025-06-23 00:10:00,2025-06-23 12:00:00,frozen_current_point_measurement_proxy,4.547473508864641e-13,0.0019539999999551583,0,False
2025-06-24 00:00:00,2025-06-24 06:00:00,M2,6,35,71,10790.964727777779,False,503.9796420109546,1255.0953723701084,0,14,2025-06-10 00:00:00,2025-06-23 00:00:00,14,2025-05-27 00:00:00,2025-06-09 00:00:00,2025-06-24 00:10:00,2025-06-24 06:00:00,frozen_current_point_measurement_proxy,1.8189894035458565e-12,0.002442600000051698,0,False
2025-06-24 00:00:00,2025-06-24 12:00:00,M2,12,71,107,5579.3925545,True,9497.442869295492,9371.519912824908,29,14,2025-06-10 00:00:00,2025-06-23 00:00:00,14,2025-05-27 00:00:00,2025-06-09 00:00:00,2025-06-24 00:10:00,2025-06-24 12:00:00,frozen_current_point_measurement_proxy,9.094947017729282e-13,0.001973300000031486,0,False
2025-06-25 00:00:00,2025-06-25 06:00:00,M2,6,35,71,10800.0,False,-1146.245726257966,-1110.6838773878214,0,14,2025-06-11 00:00:00,2025-06-24 00:00:00,14,2025-05-28 00:00:00,2025-06-10 00:00:00,2025-06-25 00:10:00,2025-06-25 06:00:00,frozen_current_point_measurement_proxy,9.094947017729282e-13,0.0024338000000057036,0,False
2025-06-25 00:00:00,2025-06-25 12:00:00,M2,12,71,107,7483.1266866913575,False,5508.422054582452,5938.395980012914,0,14,2025-06-11 00:00:00,2025-06-24 00:00:00,14,2025-05-28 00:00:00,2025-06-10 00:00:00,2025-06-25 00:10:00,2025-06-25 12:00:00,frozen_current_point_measurement_proxy,2.2737367544323206e-13,0.0019067000000063672,0,False
2025-06-26 00:00:00,2025-06-26 06:00:00,M2,6,35,71,10800.0,False,-1633.1920265986075,-1243.6073067332115,0,14,2025-06-12 00:00:00,2025-06-25 00:00:00,14,2025-05-29 00:00:00,2025-06-11 00:00:00,2025-06-26 00:10:00,2025-06-26 06:00:00,frozen_current_point_measurement_proxy,9.094947017729282e-13,0.0023893000000043685,0,False
2025-06-26 00:00:00,2025-06-26 12:00:00,M2,12,71,107,7150.668351172835,False,4185.449517238299,4185.923609406741,0,14,2025-06-12 00:00:00,2025-06-25 00:00:00,14,2025-05-29 00:00:00,2025-06-11 00:00:00,2025-06-26 00:10:00,2025-06-26 12:00:00,frozen_current_point_measurement_proxy,9.094947017729282e-13,0.0018658000000186803,0,False
2025-06-27 00:00:00,2025-06-27 06:00:00,M2,6,35,71,4302.288482514676,False,-7847.441999999998,-7847.441999999998,0,14,2025-06-13 00:00:00,2025-06-26 00:00:00,14,2025-05-30 00:00:00,2025-06-12 00:00:00,2025-06-27 00:10:00,2025-06-27 06:00:00,frozen_current_point_measurement_proxy,5.684341886080802e-14,0.002286500000025171,0,False
2025-06-27 00:00:00,2025-06-27 12:00:00,M2,12,71,107,10800.0,True,-3889.5050927994266,-4079.830888411536,16,14,2025-06-13 00:00:00,2025-06-26 00:00:00,14,2025-05-30 00:00:00,2025-06-12 00:00:00,2025-06-27 00:10:00,2025-06-27 12:00:00,frozen_current_point_measurement_proxy,1.8189894035458565e-12,0.0018304000000171072,0,False
2025-06-28 00:00:00,2025-06-28 06:00:00,M2,6,35,71,3633.952923274689,False,-7310.394804388634,-7310.394804388634,0,14,2025-06-14 00:00:00,2025-06-27 00:00:00,14,2025-05-31 00:00:00,2025-06-13 00:00:00,2025-06-28 00:10:00,2025-06-28 06:00:00,frozen_current_point_measurement_proxy,2.2737367544323206e-13,0.002383400000042002,0,False
2025-06-28 00:00:00,2025-06-28 12:00:00,M2,12,71,107,10425.834554941355,False,-4134.596195632954,-3886.8009014284107,0,14,2025-06-14 00:00:00,2025-06-27 00:00:00,14,2025-05-31 00:00:00,2025-06-13 00:00:00,2025-06-28 00:10:00,2025-06-28 12:00:00,frozen_current_point_measurement_proxy,1.1368683772161603e-13,0.0032997000000136723,0,False
2025-06-29 00:00:00,2025-06-29 06:00:00,M2,6,35,71,10800.0,False,-2538.320365489131,-2441.1069709536,0,14,2025-06-15 00:00:00,2025-06-28 00:00:00,14,2025-06-01 00:00:00,2025-06-14 00:00:00,2025-06-29 00:10:00,2025-06-29 06:00:00,frozen_current_point_measurement_proxy,9.094947017729282e-13,0.0025506999999720392,0,False
2025-06-29 00:00:00,2025-06-29 12:00:00,M2,12,71,107,6471.620514061722,False,6121.752140491451,6819.511125777547,0,14,2025-06-15 00:00:00,2025-06-28 00:00:00,14,2025-06-01 00:00:00,2025-06-14 00:00:00,2025-06-29 00:10:00,2025-06-29 12:00:00,frozen_current_point_measurement_proxy,9.094947017729282e-13,0.0019197999999960302,0,False
2025-06-30 00:00:00,2025-06-30 06:00:00,M2,6,35,71,10800.0,False,-1546.9424507519138,-677.7631975541952,0,14,2025-06-16 00:00:00,2025-06-29 00:00:00,14,2025-06-02 00:00:00,2025-06-15 00:00:00,2025-06-30 00:10:00,2025-06-30 06:00:00,frozen_current_point_measurement_proxy,4.547473508864641e-13,0.0023952000000235785,0,False
2025-06-30 00:00:00,2025-06-30 12:00:00,M2,12,71,107,6137.087878777778,False,6446.457029935978,6796.541437435823,0,14,2025-06-16 00:00:00,2025-06-29 00:00:00,14,2025-06-02 00:00:00,2025-06-15 00:00:00,2025-06-30 00:10:00,2025-06-30 12:00:00,frozen_current_point_measurement_proxy,1.1368683772161603e-13,0.0017778999999791267,0,False
2025-07-01 00:00:00,2025-07-01 06:00:00,M2,6,35,71,7468.2571707407415,True,27137.144274567087,6634.841047438602,19,14,2025-06-17 00:00:00,2025-06-30 00:00:00,14,2025-06-03 00:00:00,2025-06-16 00:00:00,2025-07-01 00:10:00,2025-07-01 06:00:00,frozen_current_point_measurement_proxy,2.2737367544323206e-13,0.002567899999974088,0,False
2025-07-01 00:00:00,2025-07-01 12:00:00,M2,12,71,107,9243.671685496018,False,4374.359812206695,4946.826957538971,0,14,2025-06-17 00:00:00,2025-06-30 00:00:00,14,2025-06-03 00:00:00,2025-06-16 00:00:00,2025-07-01 00:10:00,2025-07-01 12:00:00,frozen_current_point_measurement_proxy,2.2737367544323206e-13,0.002967500000011114,0,False
2025-07-02 00:00:00,2025-07-02 06:00:00,M2,6,35,71,6499.014441191359,True,13495.128303700114,2911.4781387699695,17,14,2025-06-18 00:00:00,2025-07-01 00:00:00,14,2025-06-04 00:00:00,2025-06-17 00:00:00,2025-07-02 00:10:00,2025-07-02 06:00:00,frozen_current_point_measurement_proxy,2.2737367544323206e-13,0.0027274000000261367,0,False
2025-07-02 00:00:00,2025-07-02 12:00:00,M2,12,71,107,8715.679919762337,False,2748.0865295838544,3086.143707823918,0,14,2025-06-18 00:00:00,2025-07-01 00:00:00,14,2025-06-04 00:00:00,2025-06-17 00:00:00,2025-07-02 00:10:00,2025-07-02 12:00:00,frozen_current_point_measurement_proxy,2.2737367544323206e-13,0.002022199999998975,0,False
2025-07-03 00:00:00,2025-07-03 06:00:00,M2,6,35,71,7208.478199271148,True,28546.860803590982,7231.119765335815,20,14,2025-06-19 00:00:00,2025-07-02 00:00:00,14,2025-06-05 00:00:00,2025-06-18 00:00:00,2025-07-03 00:10:00,2025-07-03 06:00:00,frozen_current_point_measurement_proxy,9.094947017729282e-13,0.0030055999999945016,0,False
2025-07-03 00:00:00,2025-07-03 12:00:00,M2,12,71,107,9930.980547290128,True,5023.250399148828,4630.23309850456,19,14,2025-06-19 00:00:00,2025-07-02 00:00:00,14,2025-06-05 00:00:00,2025-06-18 00:00:00,2025-07-03 00:10:00,2025-07-03 12:00:00,frozen_current_point_measurement_proxy,2.2737367544323206e-13,0.0020937000000458283,0,False
2025-07-04 00:00:00,2025-07-04 06:00:00,M2,6,35,71,1504.5193897777779,True,-463.85889041126967,-4990.2474192998325,11,14,2025-06-20 00:00:00,2025-07-03 00:00:00,14,2025-06-06 00:00:00,2025-06-19 00:00:00,2025-07-04 00:10:00,2025-07-04 06:00:00,frozen_current_point_measurement_proxy,1.8189894035458565e-12,0.0027595999999903142,0,False
2025-07-04 00:00:00,2025-07-04 12:00:00,M2,12,71,107,10800.0,False,-5131.71242792612,-4718.042798389041,0,14,2025-06-20 00:00:00,2025-07-03 00:00:00,14,2025-06-06 00:00:00,2025-06-19 00:00:00,2025-07-04 00:10:00,2025-07-04 12:00:00,frozen_current_point_measurement_proxy,4.547473508864641e-13,0.002098900000021331,0,False
2025-07-05 00:00:00,2025-07-05 06:00:00,M2,6,35,71,1497.0927918148147,True,936.4219042461425,-4822.005188511359,11,14,2025-06-21 00:00:00,2025-07-04 00:00:00,14,2025-06-07 00:00:00,2025-06-20 00:00:00,2025-07-05 00:10:00,2025-07-05 06:00:00,frozen_current_point_measurement_proxy,9.094947017729282e-13,0.002476000000001477,0,False
2025-07-05 00:00:00,2025-07-05 12:00:00,M2,12,71,107,10800.0,False,-4812.771261976186,-4094.3833163986446,0,14,2025-06-21 00:00:00,2025-07-04 00:00:00,14,2025-06-07 00:00:00,2025-06-20 00:00:00,2025-07-05 00:10:00,2025-07-05 12:00:00,frozen_current_point_measurement_proxy,4.547473508864641e-13,0.002092799999957151,0,False
2025-07-06 00:00:00,2025-07-06 06:00:00,M2,6,35,71,6998.744736849566,True,24147.89870322445,7337.449574735864,23,14,2025-06-22 00:00:00,2025-07-05 00:00:00,14,2025-06-08 00:00:00,2025-06-21 00:00:00,2025-07-06 00:10:00,2025-07-06 06:00:00,frozen_current_point_measurement_proxy,2.2737367544323206e-13,0.0029777000000308362,0,False
2025-07-06 00:00:00,2025-07-06 12:00:00,M2,12,71,107,10800.0,False,6324.668579586042,8720.346590640309,0,14,2025-06-22 00:00:00,2025-07-05 00:00:00,14,2025-06-08 00:00:00,2025-06-21 00:00:00,2025-07-06 00:10:00,2025-07-06 12:00:00,frozen_current_point_measurement_proxy,2.2737367544323206e-13,0.0019828999999731423,0,False
2025-07-07 00:00:00,2025-07-07 06:00:00,M2,6,35,71,6870.741521115227,True,8501.062668317147,2016.8707253277196,11,14,2025-06-23 00:00:00,2025-07-06 00:00:00,14,2025-06-09 00:00:00,2025-06-22 00:00:00,2025-07-07 00:10:00,2025-07-07 06:00:00,frozen_current_point_measurement_proxy,2.2737367544323206e-13,0.002824400000008609,0,False
2025-07-07 00:00:00,2025-07-07 12:00:00,M2,12,71,107,5418.761496950619,False,5179.215515325501,6934.755081141789,0,14,2025-06-23 00:00:00,2025-07-06 00:00:00,14,2025-06-09 00:00:00,2025-06-22 00:00:00,2025-07-07 00:10:00,2025-07-07 12:00:00,frozen_current_point_measurement_proxy,2.2737367544323206e-13,0.003065999999989799,0,False
2025-07-08 00:00:00,2025-07-08 06:00:00,M2,6,35,71,9619.962846844535,False,848.7836361002467,1081.1480617288737,0,14,2025-06-24 00:00:00,2025-07-07 00:00:00,14,2025-06-10 00:00:00,2025-06-23 00:00:00,2025-07-08 00:10:00,2025-07-08 06:00:00,frozen_current_point_measurement_proxy,4.547473508864641e-13,0.002924000000007254,0,False
2025-07-08 00:00:00,2025-07-08 12:00:00,M2,12,71,107,5949.6414765,False,6206.4801265967935,6382.708402909318,0,14,2025-06-24 00:00:00,2025-07-07 00:00:00,14,2025-06-10 00:00:00,2025-06-23 00:00:00,2025-07-08 00:10:00,2025-07-08 12:00:00,frozen_current_point_measurement_proxy,2.2737367544323206e-13,0.002026399999977002,0,False
2025-07-09 00:00:00,2025-07-09 06:00:00,M2,6,35,71,9689.093512157408,False,-48.94685364577367,723.3042377787549,0,14,2025-06-25 00:00:00,2025-07-08 00:00:00,14,2025-06-11 00:00:00,2025-06-24 00:00:00,2025-07-09 00:10:00,2025-07-09 06:00:00,frozen_current_point_measurement_proxy,4.547473508864641e-13,0.0027374999999665306,0,False
2025-07-09 00:00:00,2025-07-09 12:00:00,M2,12,71,107,6868.989509935187,True,6233.9174038754945,5557.18666428811,29,14,2025-06-25 00:00:00,2025-07-08 00:00:00,14,2025-06-11 00:00:00,2025-06-24 00:00:00,2025-07-09 00:10:00,2025-07-09 12:00:00,frozen_current_point_measurement_proxy,2.2737367544323206e-13,0.001992599999994127,0,False
2025-07-10 00:00:00,2025-07-10 06:00:00,M2,6,35,71,9893.988687087338,True,3365.6366764957174,88.86862463940831,8,14,2025-06-26 00:00:00,2025-07-09 00:00:00,14,2025-06-12 00:00:00,2025-06-25 00:00:00,2025-07-10 00:10:00,2025-07-10 06:00:00,frozen_current_point_measurement_proxy,4.547473508864641e-13,0.0026885999999990418,0,False
2025-07-10 00:00:00,2025-07-10 12:00:00,M2,12,71,107,6290.9133134107915,False,4786.447089874347,5204.022083848309,0,14,2025-06-26 00:00:00,2025-07-09 00:00:00,14,2025-06-12 00:00:00,2025-06-25 00:00:00,2025-07-10 00:10:00,2025-07-10 12:00:00,frozen_current_point_measurement_proxy,2.2737367544323206e-13,0.0020265999999651285,0,False
2025-07-11 00:00:00,2025-07-11 06:00:00,M2,6,35,71,2466.556174845681,True,-1979.4217638381172,-4448.311844650041,7,14,2025-06-27 00:00:00,2025-07-10 00:00:00,14,2025-06-13 00:00:00,2025-06-26 00:00:00,2025-07-11 00:10:00,2025-07-11 06:00:00,frozen_current_point_measurement_proxy,4.547473508864641e-13,0.002473100000031536,0,False
2025-07-11 00:00:00,2025-07-11 12:00:00,M2,12,71,107,8505.846225000001,True,-4260.78520136725,-4545.318948005222,14,14,2025-06-27 00:00:00,2025-07-10 00:00:00,14,2025-06-13 00:00:00,2025-06-26 00:00:00,2025-07-11 00:10:00,2025-07-11 12:00:00,frozen_current_point_measurement_proxy,1.8189894035458565e-12,0.002054600000008122,0,False
2025-07-12 00:00:00,2025-07-12 06:00:00,M2,6,35,71,2253.781755185185,True,-2599.1542070544747,-4563.349719488185,7,14,2025-06-28 00:00:00,2025-07-11 00:00:00,14,2025-06-14 00:00:00,2025-06-27 00:00:00,2025-07-12 00:10:00,2025-07-12 06:00:00,frozen_current_point_measurement_proxy,1.8189894035458565e-12,0.002313899999990099,0,False
2025-07-12 00:00:00,2025-07-12 12:00:00,M2,12,71,107,9330.096104999999,False,-4438.825343543724,-3450.168124780182,0,14,2025-06-28 00:00:00,2025-07-11 00:00:00,14,2025-06-14 00:00:00,2025-06-27 00:00:00,2025-07-12 00:10:00,2025-07-12 12:00:00,frozen_current_point_measurement_proxy,9.094947017729282e-13,0.0021060000000261425,0,False
2025-07-13 00:00:00,2025-07-13 06:00:00,M2,6,35,71,10703.765665083336,False,-3853.058868619604,-2631.42448097686,0,14,2025-06-29 00:00:00,2025-07-12 00:00:00,14,2025-06-15 00:00:00,2025-06-28 00:00:00,2025-07-13 00:10:00,2025-07-13 06:00:00,frozen_current_point_measurement_proxy,1.8189894035458565e-12,0.0022962000000461558,0,False
2025-07-13 00:00:00,2025-07-13 12:00:00,M2,12,71,107,7777.717388009262,True,6690.422080382822,4325.4862448127915,23,14,2025-06-29 00:00:00,2025-07-12 00:00:00,14,2025-06-15 00:00:00,2025-06-28 00:00:00,2025-07-13 00:10:00,2025-07-13 12:00:00,frozen_current_point_measurement_proxy,2.2737367544323206e-13,0.0019196000000079039,0,False
2025-07-14 00:00:00,2025-07-14 06:00:00,M2,6,35,71,10282.478068395065,False,-3516.222163300834,-2933.745675467747,0,14,2025-06-30 00:00:00,2025-07-13 00:00:00,14,2025-06-16 00:00:00,2025-06-29 00:00:00,2025-07-14 00:10:00,2025-07-14 06:00:00,frozen_current_point_measurement_proxy,9.094947017729282e-13,0.0026391000000103304,0,False
2025-07-14 00:00:00,2025-07-14 12:00:00,M2,12,71,107,7523.254333833341,False,3300.1538223279435,4471.697744138433,0,14,2025-06-30 00:00:00,2025-07-13 00:00:00,14,2025-06-16 00:00:00,2025-06-29 00:00:00,2025-07-14 00:10:00,2025-07-14 12:00:00,frozen_current_point_measurement_proxy,2.2737367544323206e-13,0.0020933999999783737,0,False
2025-07-15 00:00:00,2025-07-15 06:00:00,M2,6,35,71,10800.0,False,-4749.7725108228,-3628.690699701801,0,14,2025-07-01 00:00:00,2025-07-14 00:00:00,14,2025-06-17 00:00:00,2025-06-30 00:00:00,2025-07-15 00:10:00,2025-07-15 06:00:00,frozen_current_point_measurement_proxy,2.2737367544323206e-13,0.00237430000004224,0,False
2025-07-15 00:00:00,2025-07-15 12:00:00,M2,12,71,107,9279.17838698148,True,6928.802658279208,4922.236789750539,29,14,2025-07-01 00:00:00,2025-07-14 00:00:00,14,2025-06-17 00:00:00,2025-06-30 00:00:00,2025-07-15 00:10:00,2025-07-15 12:00:00,frozen_current_point_measurement_proxy,9.094947017729282e-13,0.001908300000025065,0,False
2025-07-16 00:00:00,2025-07-16 06:00:00,M2,6,35,71,10800.0,False,-4821.383294838889,-3496.577975299829,0,14,2025-07-02 00:00:00,2025-07-15 00:00:00,14,2025-06-18 00:00:00,2025-07-01 00:00:00,2025-07-16 00:10:00,2025-07-16 06:00:00,frozen_current_point_measurement_proxy,2.2737367544323206e-13,0.002389800000003106,0,False
2025-07-16 00:00:00,2025-07-16 12:00:00,M2,12,71,107,9013.94621228395,True,5979.883500643321,5025.814936737045,20,14,2025-07-02 00:00:00,2025-07-15 00:00:00,14,2025-06-18 00:00:00,2025-07-01 00:00:00,2025-07-16 00:10:00,2025-07-16 12:00:00,frozen_current_point_measurement_proxy,9.094947017729282e-13,0.0018598999999994703,0,False
2025-07-17 00:00:00,2025-07-17 06:00:00,M2,6,35,71,10800.0,False,-3929.667748194514,-3232.110376108061,0,14,2025-07-03 00:00:00,2025-07-16 00:00:00,14,2025-06-19 00:00:00,2025-07-02 00:00:00,2025-07-17 00:10:00,2025-07-17 06:00:00,frozen_current_point_measurement_proxy,4.547473508864641e-13,0.0026149999999915963,0,False
2025-07-17 00:00:00,2025-07-17 12:00:00,M2,12,71,107,7785.261820487656,True,4489.856976718877,3941.564966014898,7,14,2025-07-03 00:00:00,2025-07-16 00:00:00,14,2025-06-19 00:00:00,2025-07-02 00:00:00,2025-07-17 00:10:00,2025-07-17 12:00:00,frozen_current_point_measurement_proxy,3.637978807091713e-12,0.0018724999999903957,0,False
2025-07-18 00:00:00,2025-07-18 06:00:00,M2,6,35,71,5327.892984479467,False,-7781.016947729352,-7781.016947729352,0,14,2025-07-04 00:00:00,2025-07-17 00:00:00,14,2025-06-20 00:00:00,2025-07-03 00:00:00,2025-07-18 00:10:00,2025-07-18 06:00:00,frozen_current_point_measurement_proxy,1.8189894035458565e-12,0.0023236000000110835,0,False
2025-07-18 00:00:00,2025-07-18 12:00:00,M2,12,71,107,10783.098321886873,True,-2359.7227175654266,-3525.471111642559,18,14,2025-07-04 00:00:00,2025-07-17 00:00:00,14,2025-06-20 00:00:00,2025-07-03 00:00:00,2025-07-18 00:10:00,2025-07-18 12:00:00,frozen_current_point_measurement_proxy,9.094947017729282e-13,0.0018744000000197047,0,False
2025-07-19 00:00:00,2025-07-19 06:00:00,M2,6,35,71,4434.799645796298,False,-7847.441999999998,-7847.441999999998,0,14,2025-07-05 00:00:00,2025-07-18 00:00:00,14,2025-06-21 00:00:00,2025-07-04 00:00:00,2025-07-19 00:10:00,2025-07-19 06:00:00,frozen_current_point_measurement_proxy,5.684341886080802e-14,0.0024420000000304753,0,False
2025-07-19 00:00:00,2025-07-19 12:00:00,M2,12,71,107,10800.0,True,-1757.1014791128052,-2871.201509759349,18,14,2025-07-05 00:00:00,2025-07-18 00:00:00,14,2025-06-21 00:00:00,2025-07-04 00:00:00,2025-07-19 00:10:00,2025-07-19 12:00:00,frozen_current_point_measurement_proxy,1.1368683772161603e-13,0.0018374999999650754,0,False
2025-07-20 00:00:00,2025-07-20 06:00:00,M2,6,35,71,10800.0,False,-3304.365862664152,-1980.006932083971,0,14,2025-07-06 00:00:00,2025-07-19 00:00:00,14,2025-06-22 00:00:00,2025-07-05 00:00:00,2025-07-20 00:10:00,2025-07-20 06:00:00,frozen_current_point_measurement_proxy,0.0,0.002468599999986054,0,False
2025-07-20 00:00:00,2025-07-20 12:00:00,M2,12,71,107,7984.157611555562,True,7225.837816719834,5467.165863148934,26,14,2025-07-06 00:00:00,2025-07-19 00:00:00,14,2025-06-22 00:00:00,2025-07-05 00:00:00,2025-07-20 00:10:00,2025-07-20 12:00:00,frozen_current_point_measurement_proxy,2.2737367544323206e-13,0.0018360999999913474,0,False
2025-07-21 00:00:00,2025-07-21 06:00:00,M2,6,35,71,10800.0,False,-3193.381480396642,-1652.1057002260204,0,14,2025-07-07 00:00:00,2025-07-20 00:00:00,14,2025-06-23 00:00:00,2025-07-06 00:00:00,2025-07-21 00:10:00,2025-07-21 06:00:00,frozen_current_point_measurement_proxy,1.8189894035458565e-12,0.002347100000008595,0,False
2025-07-21 00:00:00,2025-07-21 12:00:00,M2,12,71,107,8204.146473345678,True,8104.492840462519,6969.401578454281,27,14,2025-07-07 00:00:00,2025-07-20 00:00:00,14,2025-06-23 00:00:00,2025-07-06 00:00:00,2025-07-21 00:10:00,2025-07-21 12:00:00,frozen_current_point_measurement_proxy,0.0,0.0019459000000097149,0,False
2025-07-22 00:00:00,2025-07-22 06:00:00,M2,6,35,71,10800.0,False,-2809.7138756605514,-1734.1243323564915,0,14,2025-07-08 00:00:00,2025-07-21 00:00:00,14,2025-06-24 00:00:00,2025-07-07 00:00:00,2025-07-22 00:10:00,2025-07-22 06:00:00,frozen_current_point_measurement_proxy,4.547473508864641e-13,0.002352200000018456,0,False
2025-07-22 00:00:00,2025-07-22 12:00:00,M2,12,71,107,7682.000768660492,True,5932.522027590366,5424.67740528204,27,14,2025-07-08 00:00:00,2025-07-21 00:00:00,14,2025-06-24 00:00:00,2025-07-07 00:00:00,2025-07-22 00:10:00,2025-07-22 12:00:00,frozen_current_point_measurement_proxy,9.094947017729282e-13,0.0021044000000074448,0,False
2025-07-23 00:00:00,2025-07-23 06:00:00,M2,6,35,71,10800.0,False,-2881.2432296634606,-1874.5026379103067,0,14,2025-07-09 00:00:00,2025-07-22 00:00:00,14,2025-06-25 00:00:00,2025-07-08 00:00:00,2025-07-23 00:10:00,2025-07-23 06:00:00,frozen_current_point_measurement_proxy,9.094947017729282e-13,0.0024134000000231026,0,False
2025-07-23 00:00:00,2025-07-23 12:00:00,M2,12,71,107,10260.84964695062,True,10288.10120510658,7678.107198117388,29,14,2025-07-09 00:00:00,2025-07-22 00:00:00,14,2025-06-25 00:00:00,2025-07-08 00:00:00,2025-07-23 00:10:00,2025-07-23 12:00:00,frozen_current_point_measurement_proxy,2.2737367544323206e-13,0.0018731999999772597,0,False
2025-07-24 00:00:00,2025-07-24 06:00:00,M2,6,35,71,10800.0,False,-4340.443408941144,-2926.9744291297766,0,14,2025-07-10 00:00:00,2025-07-23 00:00:00,14,2025-06-26 00:00:00,2025-07-09 00:00:00,2025-07-24 00:10:00,2025-07-24 06:00:00,frozen_current_point_measurement_proxy,9.094947017729282e-13,0.002374900000006619,0,False
2025-07-24 00:00:00,2025-07-24 12:00:00,M2,12,71,107,9731.300443370368,True,11584.00031923193,8732.230132906969,30,14,2025-07-10 00:00:00,2025-07-23 00:00:00,14,2025-06-26 00:00:00,2025-07-09 00:00:00,2025-07-24 00:10:00,2025-07-24 12:00:00,frozen_current_point_measurement_proxy,9.094947017729282e-13,0.003777399999989939,0,False
2025-07-25 00:00:00,2025-07-25 06:00:00,M2,6,35,71,4622.155509049383,False,-7847.441999999998,-7847.441999999998,0,14,2025-07-11 00:00:00,2025-07-24 00:00:00,14,2025-06-27 00:00:00,2025-07-10 00:00:00,2025-07-25 00:10:00,2025-07-25 06:00:00,frozen_current_point_measurement_proxy,0.0,0.0023994999999672473,0,False
2025-07-25 00:00:00,2025-07-25 12:00:00,M2,12,71,107,10800.0,True,-4023.083165776137,-4227.008117139062,15,14,2025-07-11 00:00:00,2025-07-24 00:00:00,14,2025-06-27 00:00:00,2025-07-10 00:00:00,2025-07-25 00:10:00,2025-07-25 12:00:00,frozen_current_point_measurement_proxy,1.8189894035458565e-12,0.002223700000001827,0,False
2025-07-26 00:00:00,2025-07-26 06:00:00,M2,6,35,71,5008.75781533333,False,-7847.441999999998,-7847.441999999998,0,14,2025-07-12 00:00:00,2025-07-25 00:00:00,14,2025-06-28 00:00:00,2025-07-11 00:00:00,2025-07-26 00:10:00,2025-07-26 06:00:00,frozen_current_point_measurement_proxy,7.275957614183426e-12,0.002403000000015254,0,False
2025-07-26 00:00:00,2025-07-26 12:00:00,M2,12,71,107,10800.0,True,-4343.981883597791,-4377.539152448949,16,14,2025-07-12 00:00:00,2025-07-25 00:00:00,14,2025-06-28 00:00:00,2025-07-11 00:00:00,2025-07-26 00:10:00,2025-07-26 12:00:00,frozen_current_point_measurement_proxy,1.1368683772161603e-13,0.0019267000000127155,0,False
2025-07-27 00:00:00,2025-07-27 06:00:00,M2,6,35,71,10800.0,False,-1722.1435021666532,-1458.4522656424385,0,14,2025-07-13 00:00:00,2025-07-26 00:00:00,14,2025-06-29 00:00:00,2025-07-12 00:00:00,2025-07-27 00:10:00,2025-07-27 06:00:00,frozen_current_point_measurement_proxy,1.8189894035458565e-12,0.002573100000006434,0,False
2025-07-27 00:00:00,2025-07-27 12:00:00,M2,12,71,107,8751.928961537036,True,4407.854891188639,3806.443305739743,15,14,2025-07-13 00:00:00,2025-07-26 00:00:00,14,2025-06-29 00:00:00,2025-07-12 00:00:00,2025-07-27 00:10:00,2025-07-27 12:00:00,frozen_current_point_measurement_proxy,1.8189894035458565e-12,0.0019073999999932312,0,False
2025-07-28 00:00:00,2025-07-28 06:00:00,M2,6,35,71,10800.0,False,-2640.097128524085,-2049.675494996978,0,14,2025-07-14 00:00:00,2025-07-27 00:00:00,14,2025-06-30 00:00:00,2025-07-13 00:00:00,2025-07-28 00:10:00,2025-07-28 06:00:00,frozen_current_point_measurement_proxy,2.2737367544323206e-13,0.0024290000000064538,0,False
2025-07-28 00:00:00,2025-07-28 12:00:00,M2,12,71,107,6403.293380796296,True,7939.102499873035,7455.010368463202,23,14,2025-07-14 00:00:00,2025-07-27 00:00:00,14,2025-06-30 00:00:00,2025-07-13 00:00:00,2025-07-28 00:10:00,2025-07-28 12:00:00,frozen_current_point_measurement_proxy,4.547473508864641e-13,0.002073899999970763,0,False
2025-07-29 00:00:00,2025-07-29 06:00:00,M2,6,35,71,10786.795919135802,True,1388.2091157760926,-219.0839107301046,8,14,2025-07-15 00:00:00,2025-07-28 00:00:00,14,2025-07-01 00:00:00,2025-07-14 00:00:00,2025-07-29 00:10:00,2025-07-29 06:00:00,frozen_current_point_measurement_proxy,9.094947017729282e-13,0.0038727999999537133,0,False
2025-07-29 00:00:00,2025-07-29 12:00:00,M2,12,71,107,7643.584989780863,True,5746.657148691039,5697.038250774141,18,14,2025-07-15 00:00:00,2025-07-28 00:00:00,14,2025-07-01 00:00:00,2025-07-14 00:00:00,2025-07-29 00:10:00,2025-07-29 12:00:00,frozen_current_point_measurement_proxy,0.0,0.002486399999952482,0,False
2025-07-30 00:00:00,2025-07-30 06:00:00,M2,6,35,71,10800.0,True,16.566632567344772,-545.4877195591415,12,14,2025-07-16 00:00:00,2025-07-29 00:00:00,14,2025-07-02 00:00:00,2025-07-15 00:00:00,2025-07-30 00:10:00,2025-07-30 06:00:00,frozen_current_point_measurement_proxy,9.094947017729282e-13,0.0026545999999711967,0,False
2025-07-30 00:00:00,2025-07-30 12:00:00,M2,12,71,107,7382.876613688272,True,4763.623976455177,4677.434763018385,4,14,2025-07-16 00:00:00,2025-07-29 00:00:00,14,2025-07-02 00:00:00,2025-07-15 00:00:00,2025-07-30 00:10:00,2025-07-30 12:00:00,frozen_current_point_measurement_proxy,9.094947017729282e-13,0.0021649999999908687,0,False
2025-07-31 00:00:00,2025-07-31 06:00:00,M2,6,35,71,10800.0,False,-2734.2939399083257,-2517.735727046374,0,14,2025-07-17 00:00:00,2025-07-30 00:00:00,14,2025-07-03 00:00:00,2025-07-16 00:00:00,2025-07-31 00:10:00,2025-07-31 06:00:00,frozen_current_point_measurement_proxy,0.0,0.002450900000042111,0,False
2025-07-31 00:00:00,2025-07-31 12:00:00,M2,12,71,107,6768.026711499999,False,5495.997889637816,6000.034319571581,0,14,2025-07-17 00:00:00,2025-07-30 00:00:00,14,2025-07-03 00:00:00,2025-07-16 00:00:00,2025-07-31 00:10:00,2025-07-31 12:00:00,frozen_current_point_measurement_proxy,0.0,0.0019033000000376887,0,False
2025-08-01 00:00:00,2025-08-01 06:00:00,M2,6,35,71,3505.162496629628,False,-7847.441999999998,-7847.441999999998,0,14,2025-07-18 00:00:00,2025-07-31 00:00:00,14,2025-07-04 00:00:00,2025-07-17 00:00:00,2025-08-01 00:10:00,2025-08-01 06:00:00,frozen_current_point_measurement_proxy,0.0,0.0022648000000344837,0,False
2025-08-01 00:00:00,2025-08-01 12:00:00,M2,12,71,107,10800.0,True,-3882.737576449877,-4338.273896309226,15,14,2025-07-18 00:00:00,2025-07-31 00:00:00,14,2025-07-04 00:00:00,2025-07-17 00:00:00,2025-08-01 00:10:00,2025-08-01 12:00:00,frozen_current_point_measurement_proxy,4.547473508864641e-13,0.0020617000000129337,0,False
2025-08-02 00:00:00,2025-08-02 06:00:00,M2,6,35,71,4655.491416580247,False,-7847.441999999998,-7847.441999999998,0,14,2025-07-19 00:00:00,2025-08-01 00:00:00,14,2025-07-05 00:00:00,2025-07-18 00:00:00,2025-08-02 00:10:00,2025-08-02 06:00:00,frozen_current_point_measurement_proxy,5.684341886080802e-14,0.002184799999952247,0,False
2025-08-02 00:00:00,2025-08-02 12:00:00,M2,12,71,107,10800.0,True,-3413.604617452434,-3925.074765774648,18,14,2025-07-19 00:00:00,2025-08-01 00:00:00,14,2025-07-05 00:00:00,2025-07-18 00:00:00,2025-08-02 00:10:00,2025-08-02 12:00:00,frozen_current_point_measurement_proxy,1.1368683772161603e-13,0.0019269000000008418,0,False
2025-08-03 00:00:00,2025-08-03 06:00:00,M2,6,35,71,9809.451883185182,False,-5441.176480369958,-5441.176480369958,0,14,2025-07-20 00:00:00,2025-08-02 00:00:00,14,2025-07-06 00:00:00,2025-07-19 00:00:00,2025-08-03 00:10:00,2025-08-03 06:00:00,frozen_current_point_measurement_proxy,9.094947017729282e-13,0.00240710000002764,0,False
2025-08-03 00:00:00,2025-08-03 12:00:00,M2,12,71,107,6890.36426744444,True,1200.352503487177,1143.8281512315327,18,14,2025-07-20 00:00:00,2025-08-02 00:00:00,14,2025-07-06 00:00:00,2025-07-19 00:00:00,2025-08-03 00:10:00,2025-08-03 12:00:00,frozen_current_point_measurement_proxy,9.094947017729282e-13,0.002847500000029868,0,False
2025-08-04 00:00:00,2025-08-04 06:00:00,M2,6,35,71,10130.114592592592,False,-4235.0206315677515,-4235.0206315677515,0,14,2025-07-21 00:00:00,2025-08-03 00:00:00,14,2025-07-07 00:00:00,2025-07-20 00:00:00,2025-08-04 00:10:00,2025-08-04 06:00:00,frozen_current_point_measurement_proxy,0.0,0.0024649000000067645,0,False
2025-08-04 00:00:00,2025-08-04 12:00:00,M2,12,71,107,6665.558416851853,True,3512.2531809501966,2643.3929027098407,20,14,2025-07-21 00:00:00,2025-08-03 00:00:00,14,2025-07-07 00:00:00,2025-07-20 00:00:00,2025-08-04 00:10:00,2025-08-04 12:00:00,frozen_current_point_measurement_proxy,1.8189894035458565e-12,0.002415999999982432,0,False
2025-08-05 00:00:00,2025-08-05 06:00:00,M2,6,35,71,10084.62162962963,False,-3726.8295164439783,-3674.1155884080313,0,14,2025-07-22 00:00:00,2025-08-04 00:00:00,14,2025-07-08 00:00:00,2025-07-21 00:00:00,2025-08-05 00:10:00,2025-08-05 06:00:00,frozen_current_point_measurement_proxy,9.094947017729282e-13,0.0026511000000368767,0,False
2025-08-05 00:00:00,2025-08-05 12:00:00,M2,12,71,107,5470.377764999997,True,2421.411295392005,2361.3703334513298,9,14,2025-07-22 00:00:00,2025-08-04 00:00:00,14,2025-07-08 00:00:00,2025-07-21 00:00:00,2025-08-05 00:10:00,2025-08-05 12:00:00,frozen_current_point_measurement_proxy,9.094947017729282e-13,0.0018868000000225038,0,False
2025-08-06 00:00:00,2025-08-06 06:00:00,M2,6,35,71,10104.266185185184,False,-4852.897727722117,-4852.897727722117,0,14,2025-07-23 00:00:00,2025-08-05 00:00:00,14,2025-07-09 00:00:00,2025-07-22 00:00:00,2025-08-06 00:10:00,2025-08-06 06:00:00,frozen_current_point_measurement_proxy,9.094947017729282e-13,0.0025578999999993357,0,False
2025-08-06 00:00:00,2025-08-06 12:00:00,M2,12,71,107,6687.394721666669,True,7587.407954658674,6224.121357449797,23,14,2025-07-23 00:00:00,2025-08-05 00:00:00,14,2025-07-09 00:00:00,2025-07-22 00:00:00,2025-08-06 00:10:00,2025-08-06 12:00:00,frozen_current_point_measurement_proxy,9.094947017729282e-13,0.0018185000000130458,0,False
2025-08-07 00:00:00,2025-08-07 06:00:00,M2,6,35,71,10800.0,False,-4992.592261543309,-4396.947746512546,0,14,2025-07-24 00:00:00,2025-08-06 00:00:00,14,2025-07-10 00:00:00,2025-07-23 00:00:00,2025-08-07 00:10:00,2025-08-07 06:00:00,frozen_current_point_measurement_proxy,1.8189894035458565e-12,0.002934600000003229,0,False
2025-08-07 00:00:00,2025-08-07 12:00:00,M2,12,71,107,10016.921635277778,True,4434.5700200803485,3596.952755206821,19,14,2025-07-24 00:00:00,2025-08-06 00:00:00,14,2025-07-10 00:00:00,2025-07-23 00:00:00,2025-08-07 00:10:00,2025-08-07 12:00:00,frozen_current_point_measurement_proxy,2.2737367544323206e-13,0.002099600000008195,0,False
2025-08-08 00:00:00,2025-08-08 06:00:00,M2,6,35,71,4347.656554561726,False,-7847.441999999998,-7847.441999999998,0,14,2025-07-25 00:00:00,2025-08-07 00:00:00,14,2025-07-11 00:00:00,2025-07-24 00:00:00,2025-08-08 00:10:00,2025-08-08 06:00:00,frozen_current_point_measurement_proxy,0.0,0.002667199999962122,0,False
2025-08-08 00:00:00,2025-08-08 12:00:00,M2,12,71,107,10800.0,False,-5138.914290736362,-5123.553483214403,0,14,2025-07-25 00:00:00,2025-08-07 00:00:00,14,2025-07-11 00:00:00,2025-07-24 00:00:00,2025-08-08 00:10:00,2025-08-08 12:00:00,frozen_current_point_measurement_proxy,1.1368683772161603e-13,0.0018430000000080327,0,False
2025-08-09 00:00:00,2025-08-09 06:00:00,M2,6,35,71,3805.032346533949,False,-7847.441999999998,-7847.441999999998,0,14,2025-07-26 00:00:00,2025-08-08 00:00:00,14,2025-07-12 00:00:00,2025-07-25 00:00:00,2025-08-09 00:10:00,2025-08-09 06:00:00,frozen_current_point_measurement_proxy,2.2737367544323206e-13,0.002157599999975446,0,False
2025-08-09 00:00:00,2025-08-09 12:00:00,M2,12,71,107,10800.0,False,-4994.272585876415,-4991.504207589593,0,14,2025-07-26 00:00:00,2025-08-08 00:00:00,14,2025-07-12 00:00:00,2025-07-25 00:00:00,2025-08-09 00:10:00,2025-08-09 12:00:00,frozen_current_point_measurement_proxy,9.094947017729282e-13,0.002000300000020161,0,False
2025-08-10 00:00:00,2025-08-10 06:00:00,M2,6,35,71,10096.457962962962,False,-6010.030396735189,-6010.030396735189,0,14,2025-07-27 00:00:00,2025-08-09 00:00:00,14,2025-07-13 00:00:00,2025-07-26 00:00:00,2025-08-10 00:10:00,2025-08-10 06:00:00,frozen_current_point_measurement_proxy,9.094947017729282e-13,0.0021712999999863314,0,False
2025-08-10 00:00:00,2025-08-10 12:00:00,M2,12,71,107,7477.472265925925,True,3345.6255075259037,2993.5458393530753,21,14,2025-07-27 00:00:00,2025-08-09 00:00:00,14,2025-07-13 00:00:00,2025-07-26 00:00:00,2025-08-10 00:10:00,2025-08-10 12:00:00,frozen_current_point_measurement_proxy,2.2737367544323206e-13,0.0018522000000302796,0,False
2025-08-11 00:00:00,2025-08-11 06:00:00,M2,6,35,71,10655.033610888884,False,-4143.131808401965,-4143.131808401965,0,14,2025-07-28 00:00:00,2025-08-10 00:00:00,14,2025-07-14 00:00:00,2025-07-27 00:00:00,2025-08-11 00:10:00,2025-08-11 06:00:00,frozen_current_point_measurement_proxy,1.8189894035458565e-12,0.002642399999956524,0,False
2025-08-11 00:00:00,2025-08-11 12:00:00,M2,12,71,107,6670.538592925922,False,2543.882185072871,2573.924636362169,0,14,2025-07-28 00:00:00,2025-08-10 00:00:00,14,2025-07-14 00:00:00,2025-07-27 00:00:00,2025-08-11 00:10:00,2025-08-11 12:00:00,frozen_current_point_measurement_proxy,2.2737367544323206e-13,0.0019791999999938525,0,False
2025-08-12 00:00:00,2025-08-12 06:00:00,M2,6,35,71,10800.0,False,-4621.378835684978,-4081.7815621843765,0,14,2025-07-29 00:00:00,2025-08-11 00:00:00,14,2025-07-15 00:00:00,2025-07-28 00:00:00,2025-08-12 00:10:00,2025-08-12 06:00:00,frozen_current_point_measurement_proxy,2.2737367544323206e-13,0.0025585000000205582,0,False
2025-08-12 00:00:00,2025-08-12 12:00:00,M2,12,71,107,8182.071143037042,False,4347.194958885501,4358.864822147539,0,14,2025-07-29 00:00:00,2025-08-11 00:00:00,14,2025-07-15 00:00:00,2025-07-28 00:00:00,2025-08-12 00:10:00,2025-08-12 12:00:00,frozen_current_point_measurement_proxy,2.2737367544323206e-13,0.001971299999979692,0,False
2025-08-13 00:00:00,2025-08-13 06:00:00,M2,6,35,71,10125.64438888889,False,-4287.870466611394,-4033.9947053035226,0,14,2025-07-30 00:00:00,2025-08-12 00:00:00,14,2025-07-16 00:00:00,2025-07-29 00:00:00,2025-08-13 00:10:00,2025-08-13 06:00:00,frozen_current_point_measurement_proxy,2.2737367544323206e-13,0.0024558000000070024,0,False
2025-08-13 00:00:00,2025-08-13 12:00:00,M2,12,71,107,5338.089507592594,False,3441.6032678426823,4759.794368571333,0,14,2025-07-30 00:00:00,2025-08-12 00:00:00,14,2025-07-16 00:00:00,2025-07-29 00:00:00,2025-08-13 00:10:00,2025-08-13 12:00:00,frozen_current_point_measurement_proxy,2.2737367544323206e-13,0.0019955999999865526,0,False
2025-08-14 00:00:00,2025-08-14 06:00:00,M2,6,35,71,10070.838981481482,False,-2861.898814808194,-2446.2047077875827,0,14,2025-07-31 00:00:00,2025-08-13 00:00:00,14,2025-07-17 00:00:00,2025-07-30 00:00:00,2025-08-14 00:10:00,2025-08-14 06:00:00,frozen_current_point_measurement_proxy,4.547473508864641e-13,0.0026561999999898944,0,False
2025-08-14 00:00:00,2025-08-14 12:00:00,M2,12,71,107,4821.138202962962,False,3434.678606531081,3752.664370924794,0,14,2025-07-31 00:00:00,2025-08-13 00:00:00,14,2025-07-17 00:00:00,2025-07-30 00:00:00,2025-08-14 00:10:00,2025-08-14 12:00:00,frozen_current_point_measurement_proxy,2.2737367544323206e-13,0.0019836000000168497,0,False
2025-08-15 00:00:00,2025-08-15 06:00:00,M2,6,35,71,3219.638433376544,True,-7369.2690099893125,-7392.583105849038,4,14,2025-08-01 00:00:00,2025-08-14 00:00:00,14,2025-07-18 00:00:00,2025-07-31 00:00:00,2025-08-15 00:10:00,2025-08-15 06:00:00,frozen_current_point_measurement_proxy,9.094947017729282e-13,0.002210499999989679,0,False
2025-08-15 00:00:00,2025-08-15 12:00:00,M2,12,71,107,10800.0,True,-4218.071218692179,-4606.180132402039,13,14,2025-08-01 00:00:00,2025-08-14 00:00:00,14,2025-07-18 00:00:00,2025-07-31 00:00:00,2025-08-15 00:10:00,2025-08-15 12:00:00,frozen_current_point_measurement_proxy,9.094947017729282e-13,0.001957500000003165,0,False
2025-08-16 00:00:00,2025-08-16 06:00:00,M2,6,35,71,2338.345455024692,True,-6337.637029618173,-7044.462685120575,6,14,2025-08-02 00:00:00,2025-08-15 00:00:00,14,2025-07-19 00:00:00,2025-08-01 00:00:00,2025-08-16 00:10:00,2025-08-16 06:00:00,frozen_current_point_measurement_proxy,1.8189894035458565e-12,0.0022977000000423686,0,False
2025-08-16 00:00:00,2025-08-16 12:00:00,M2,12,71,107,10800.0,True,-2993.5347908274994,-4002.1244719693527,16,14,2025-08-02 00:00:00,2025-08-15 00:00:00,14,2025-07-19 00:00:00,2025-08-01 00:00:00,2025-08-16 00:10:00,2025-08-16 12:00:00,frozen_current_point_measurement_proxy,1.8189894035458565e-12,0.0017922000000112348,0,False
2025-08-17 00:00:00,2025-08-17 06:00:00,M2,6,35,71,10800.0,False,-5837.750981062222,-5369.294663083886,0,14,2025-08-03 00:00:00,2025-08-16 00:00:00,14,2025-07-20 00:00:00,2025-08-02 00:00:00,2025-08-17 00:10:00,2025-08-17 06:00:00,frozen_current_point_measurement_proxy,1.8189894035458565e-12,0.0024964000000409214,0,False
2025-08-17 00:00:00,2025-08-17 12:00:00,M2,12,71,107,8832.394371666665,True,2593.817014875924,1927.8166844483633,10,14,2025-08-03 00:00:00,2025-08-16 00:00:00,14,2025-07-20 00:00:00,2025-08-02 00:00:00,2025-08-17 00:10:00,2025-08-17 12:00:00,frozen_current_point_measurement_proxy,9.094947017729282e-13,0.002095399999973324,0,False
2025-08-18 00:00:00,2025-08-18 06:00:00,M2,6,35,71,10419.08616716049,False,-3493.742720216817,-3230.9294878176734,0,14,2025-08-04 00:00:00,2025-08-17 00:00:00,14,2025-07-21 00:00:00,2025-08-03 00:00:00,2025-08-18 00:10:00,2025-08-18 06:00:00,frozen_current_point_measurement_proxy,2.2737367544323206e-13,0.002617999999984022,0,False
2025-08-18 00:00:00,2025-08-18 12:00:00,M2,12,71,107,6768.963920123454,True,2669.4068655064866,2236.776603089853,14,14,2025-08-04 00:00:00,2025-08-17 00:00:00,14,2025-07-21 00:00:00,2025-08-03 00:00:00,2025-08-18 00:10:00,2025-08-18 12:00:00,frozen_current_point_measurement_proxy,4.547473508864641e-13,0.0020321999999737272,0,False
2025-08-19 00:00:00,2025-08-19 06:00:00,M2,6,35,71,9824.76740330864,False,-4870.381299783663,-4870.381299783663,0,14,2025-08-05 00:00:00,2025-08-18 00:00:00,14,2025-07-22 00:00:00,2025-08-04 00:00:00,2025-08-19 00:10:00,2025-08-19 06:00:00,frozen_current_point_measurement_proxy,9.094947017729282e-13,0.0024207000000160406,0,False
2025-08-19 00:00:00,2025-08-19 12:00:00,M2,12,71,107,6822.448210345678,False,2151.440005838651,2262.59049708176,0,14,2025-08-05 00:00:00,2025-08-18 00:00:00,14,2025-07-22 00:00:00,2025-08-04 00:00:00,2025-08-19 00:10:00,2025-08-19 12:00:00,frozen_current_point_measurement_proxy,2.2737367544323206e-13,0.00187999999997146,0,False
2025-08-20 00:00:00,2025-08-20 06:00:00,M2,6,35,71,10800.0,True,75.91445912333431,-195.07753272688348,10,14,2025-08-06 00:00:00,2025-08-19 00:00:00,14,2025-07-23 00:00:00,2025-08-05 00:00:00,2025-08-20 00:10:00,2025-08-20 06:00:00,frozen_current_point_measurement_proxy,4.547473508864641e-13,0.0026098000000160937,0,False
2025-08-20 00:00:00,2025-08-20 12:00:00,M2,12,71,107,4311.055735950618,True,3696.033179910391,3532.337559688058,18,14,2025-08-06 00:00:00,2025-08-19 00:00:00,14,2025-07-23 00:00:00,2025-08-05 00:00:00,2025-08-20 00:10:00,2025-08-20 12:00:00,frozen_current_point_measurement_proxy,9.094947017729282e-13,0.0018744999999853462,0,False
2025-08-21 00:00:00,2025-08-21 06:00:00,M2,6,35,71,10686.999258018523,False,-4809.233498479531,-4304.4785019319215,0,14,2025-08-07 00:00:00,2025-08-20 00:00:00,14,2025-07-24 00:00:00,2025-08-06 00:00:00,2025-08-21 00:10:00,2025-08-21 06:00:00,frozen_current_point_measurement_proxy,2.2737367544323206e-13,0.0025467000000389817,0,False
2025-08-21 00:00:00,2025-08-21 12:00:00,M2,12,71,107,8844.972023530869,True,3021.0724030146343,2420.819114050574,14,14,2025-08-07 00:00:00,2025-08-20 00:00:00,14,2025-07-24 00:00:00,2025-08-06 00:00:00,2025-08-21 00:10:00,2025-08-21 12:00:00,frozen_current_point_measurement_proxy,2.2737367544323206e-13,0.0026951999999482723,0,False
2025-08-22 00:00:00,2025-08-22 06:00:00,M2,6,35,71,2562.4705504938293,True,-5780.552222594121,-6862.45409275577,5,14,2025-08-08 00:00:00,2025-08-21 00:00:00,14,2025-07-25 00:00:00,2025-08-07 00:00:00,2025-08-22 00:10:00,2025-08-22 06:00:00,frozen_current_point_measurement_proxy,9.094947017729282e-13,0.002535799999975552,0,False
2025-08-22 00:00:00,2025-08-22 12:00:00,M2,12,71,107,10800.0,True,-4365.4092949620945,-4587.465017916479,14,14,2025-08-08 00:00:00,2025-08-21 00:00:00,14,2025-07-25 00:00:00,2025-08-07 00:00:00,2025-08-22 00:10:00,2025-08-22 12:00:00,frozen_current_point_measurement_proxy,3.637978807091713e-12,0.001966299999992316,0,False
2025-08-23 00:00:00,2025-08-23 06:00:00,M2,6,35,71,3462.1056862530872,False,-7785.088302033441,-7785.088302033441,0,14,2025-08-09 00:00:00,2025-08-22 00:00:00,14,2025-07-26 00:00:00,2025-08-08 00:00:00,2025-08-23 00:10:00,2025-08-23 06:00:00,frozen_current_point_measurement_proxy,9.094947017729282e-13,0.0025891000000228814,0,False
2025-08-23 00:00:00,2025-08-23 12:00:00,M2,12,71,107,10800.0,False,-4997.812846696422,-4468.341221395515,0,14,2025-08-09 00:00:00,2025-08-22 00:00:00,14,2025-07-26 00:00:00,2025-08-08 00:00:00,2025-08-23 00:10:00,2025-08-23 12:00:00,frozen_current_point_measurement_proxy,9.094947017729282e-13,0.0022819000000140477,0,False
2025-08-24 00:00:00,2025-08-24 06:00:00,M2,6,35,71,9136.398248043206,False,-4840.942857863199,-4840.942857863199,0,14,2025-08-10 00:00:00,2025-08-23 00:00:00,14,2025-07-27 00:00:00,2025-08-09 00:00:00,2025-08-24 00:10:00,2025-08-24 06:00:00,frozen_current_point_measurement_proxy,4.547473508864641e-13,0.002367600000013681,0,False
2025-08-24 00:00:00,2025-08-24 12:00:00,M2,12,71,107,6073.157025,False,3514.5713737391593,4058.721781001557,0,14,2025-08-10 00:00:00,2025-08-23 00:00:00,14,2025-07-27 00:00:00,2025-08-09 00:00:00,2025-08-24 00:10:00,2025-08-24 12:00:00,frozen_current_point_measurement_proxy,2.2737367544323206e-13,0.0021761999999512227,0,False
2025-08-25 00:00:00,2025-08-25 06:00:00,M2,6,35,71,10790.483457407408,False,-2772.0652698151034,-1192.76655057399,0,14,2025-08-11 00:00:00,2025-08-24 00:00:00,14,2025-07-28 00:00:00,2025-08-10 00:00:00,2025-08-25 00:10:00,2025-08-25 06:00:00,frozen_current_point_measurement_proxy,9.094947017729282e-13,0.0025899000000322303,0,False
2025-08-25 00:00:00,2025-08-25 12:00:00,M2,12,71,107,9911.496314728396,True,11092.803763545822,7372.212308714775,29,14,2025-08-11 00:00:00,2025-08-24 00:00:00,14,2025-07-28 00:00:00,2025-08-10 00:00:00,2025-08-25 00:10:00,2025-08-25 12:00:00,frozen_current_point_measurement_proxy,1.8189894035458565e-12,0.0020610999999917112,0,False
2025-08-26 00:00:00,2025-08-26 06:00:00,M2,6,35,71,10036.125435111107,False,-4443.8095332763905,-4298.517746167127,0,14,2025-08-12 00:00:00,2025-08-25 00:00:00,14,2025-07-29 00:00:00,2025-08-11 00:00:00,2025-08-26 00:10:00,2025-08-26 06:00:00,frozen_current_point_measurement_proxy,4.547473508864641e-13,0.0027613999999971384,0,False
2025-08-26 00:00:00,2025-08-26 12:00:00,M2,12,71,107,5843.07690585185,False,3694.0973660057707,3931.014645444166,0,14,2025-08-12 00:00:00,2025-08-25 00:00:00,14,2025-07-29 00:00:00,2025-08-11 00:00:00,2025-08-26 00:10:00,2025-08-26 12:00:00,frozen_current_point_measurement_proxy,0.0,0.001963699999976143,0,False
2025-08-27 00:00:00,2025-08-27 06:00:00,M2,6,35,71,10800.0,False,-2981.488513813097,-2664.0997610798777,0,14,2025-08-13 00:00:00,2025-08-26 00:00:00,14,2025-07-30 00:00:00,2025-08-12 00:00:00,2025-08-27 00:10:00,2025-08-27 06:00:00,frozen_current_point_measurement_proxy,9.094947017729282e-13,0.00252669999997579,0,False
2025-08-27 00:00:00,2025-08-27 12:00:00,M2,12,71,107,6037.474962648149,False,4109.654162523649,5072.188829832934,0,14,2025-08-13 00:00:00,2025-08-26 00:00:00,14,2025-07-30 00:00:00,2025-08-12 00:00:00,2025-08-27 00:10:00,2025-08-27 12:00:00,frozen_current_point_measurement_proxy,1.8189894035458565e-12,0.001838099999986298,0,False
2025-08-28 00:00:00,2025-08-28 06:00:00,M2,6,35,71,10799.312531481482,False,-2183.411841600225,-2013.4165019840798,0,14,2025-08-14 00:00:00,2025-08-27 00:00:00,14,2025-07-31 00:00:00,2025-08-13 00:00:00,2025-08-28 00:10:00,2025-08-28 06:00:00,frozen_current_point_measurement_proxy,4.547473508864641e-13,0.002625399999999445,0,False
2025-08-28 00:00:00,2025-08-28 12:00:00,M2,12,71,107,2847.7132408009484,False,5630.121047133259,8409.27105491709,0,14,2025-08-14 00:00:00,2025-08-27 00:00:00,14,2025-07-31 00:00:00,2025-08-13 00:00:00,2025-08-28 00:10:00,2025-08-28 12:00:00,frozen_current_point_measurement_proxy,4.547473508864641e-13,0.0020363000000429565,0,False
2025-08-29 00:00:00,2025-08-29 06:00:00,M2,6,35,71,4870.705165827164,False,-7847.441999999998,-7847.441999999998,0,14,2025-08-15 00:00:00,2025-08-28 00:00:00,14,2025-08-01 00:00:00,2025-08-14 00:00:00,2025-08-29 00:10:00,2025-08-29 06:00:00,frozen_current_point_measurement_proxy,4.547473508864641e-13,0.0024407999999880303,0,False
2025-08-29 00:00:00,2025-08-29 12:00:00,M2,12,71,107,10800.0,True,-3763.1393691356616,-3928.9045478192097,14,14,2025-08-15 00:00:00,2025-08-28 00:00:00,14,2025-08-01 00:00:00,2025-08-14 00:00:00,2025-08-29 00:10:00,2025-08-29 12:00:00,frozen_current_point_measurement_proxy,4.547473508864641e-13,0.0023674000000255546,0,False
2025-08-30 00:00:00,2025-08-30 06:00:00,M2,6,35,71,3567.5428909351845,True,-7406.95557714121,-7450.820011230239,2,14,2025-08-16 00:00:00,2025-08-29 00:00:00,14,2025-08-02 00:00:00,2025-08-15 00:00:00,2025-08-30 00:10:00,2025-08-30 06:00:00,frozen_current_point_measurement_proxy,2.2737367544323206e-13,0.0026326000000267413,0,False
2025-08-30 00:00:00,2025-08-30 12:00:00,M2,12,71,107,10800.0,False,-4322.688421438802,-4301.382824899486,0,14,2025-08-16 00:00:00,2025-08-29 00:00:00,14,2025-08-02 00:00:00,2025-08-15 00:00:00,2025-08-30 00:10:00,2025-08-30 12:00:00,frozen_current_point_measurement_proxy,1.1368683772161603e-13,0.0020537999999987733,0,False
2025-08-31 00:00:00,2025-08-31 06:00:00,M2,6,35,71,9580.115230635794,False,-2214.3208806771945,-1839.1537669853403,0,14,2025-08-17 00:00:00,2025-08-30 00:00:00,14,2025-08-03 00:00:00,2025-08-16 00:00:00,2025-08-31 00:10:00,2025-08-31 06:00:00,frozen_current_point_measurement_proxy,4.547473508864641e-13,0.0027736999999774525,0,False
2025-08-31 00:00:00,2025-08-31 12:00:00,M2,12,71,107,4248.652486191351,False,3794.524004003982,4245.378351139291,0,14,2025-08-17 00:00:00,2025-08-30 00:00:00,14,2025-08-03 00:00:00,2025-08-16 00:00:00,2025-08-31 00:10:00,2025-08-31 12:00:00,frozen_current_point_measurement_proxy,9.094947017729282e-13,0.0020551999999725012,0,False
2025-09-01 00:00:00,2025-09-01 06:00:00,M2,6,35,71,10800.0,False,-4710.653967795794,-3643.962196865963,0,14,2025-08-18 00:00:00,2025-08-31 00:00:00,14,2025-08-04 00:00:00,2025-08-17 00:00:00,2025-09-01 00:10:00,2025-09-01 06:00:00,frozen_current_point_measurement_proxy,2.2737367544323206e-13,0.0023732000000222797,0,False
2025-09-01 00:00:00,2025-09-01 12:00:00,M2,12,71,107,10540.970560074078,True,4261.45645382878,3154.1081961677446,13,14,2025-08-18 00:00:00,2025-08-31 00:00:00,14,2025-08-04 00:00:00,2025-08-17 00:00:00,2025-09-01 00:10:00,2025-09-01 12:00:00,frozen_current_point_measurement_proxy,2.2737367544323206e-13,0.0018117000000188455,0,False
2025-09-02 00:00:00,2025-09-02 06:00:00,M2,6,35,71,10763.642391975309,False,-4313.942283088012,-4177.1698292536375,0,14,2025-08-19 00:00:00,2025-09-01 00:00:00,14,2025-08-05 00:00:00,2025-08-18 00:00:00,2025-09-02 00:10:00,2025-09-02 06:00:00,frozen_current_point_measurement_proxy,4.547473508864641e-13,0.003662599999984195,0,False
2025-09-02 00:00:00,2025-09-02 12:00:00,M2,12,71,107,6035.486555925931,True,1544.1083750271348,1241.5460026257463,13,14,2025-08-19 00:00:00,2025-09-01 00:00:00,14,2025-08-05 00:00:00,2025-08-18 00:00:00,2025-09-02 00:10:00,2025-09-02 12:00:00,frozen_current_point_measurement_proxy,4.547473508864641e-13,0.0018802000000164298,0,False
2025-09-03 00:00:00,2025-09-03 06:00:00,M2,6,35,71,10800.0,False,-6142.723346855463,-5876.5541818943875,0,14,2025-08-20 00:00:00,2025-09-02 00:00:00,14,2025-08-06 00:00:00,2025-08-19 00:00:00,2025-09-03 00:10:00,2025-09-03 06:00:00,frozen_current_point_measurement_proxy,2.2737367544323206e-13,0.0025646000000278946,0,False
2025-09-03 00:00:00,2025-09-03 12:00:00,M2,12,71,107,8224.784296685184,True,3755.459965832782,3290.4768458972726,16,14,2025-08-20 00:00:00,2025-09-02 00:00:00,14,2025-08-06 00:00:00,2025-08-19 00:00:00,2025-09-03 00:10:00,2025-09-03 12:00:00,frozen_current_point_measurement_proxy,9.094947017729282e-13,0.001962300000002415,0,False
2025-09-04 00:00:00,2025-09-04 06:00:00,M2,6,35,71,10067.797518518519,False,-6686.37036494505,-6686.37036494505,0,14,2025-08-21 00:00:00,2025-09-03 00:00:00,14,2025-08-07 00:00:00,2025-08-20 00:00:00,2025-09-04 00:10:00,2025-09-04 06:00:00,frozen_current_point_measurement_proxy,2.2737367544323206e-13,0.002518100000031609,0,False
2025-09-04 00:00:00,2025-09-04 12:00:00,M2,12,71,107,7371.264452962965,True,3994.7878928883083,3536.8712811541927,18,14,2025-08-21 00:00:00,2025-09-03 00:00:00,14,2025-08-07 00:00:00,2025-08-20 00:00:00,2025-09-04 00:10:00,2025-09-04 12:00:00,frozen_current_point_measurement_proxy,9.094947017729282e-13,0.001928199999952085,0,False
2025-09-05 00:00:00,2025-09-05 06:00:00,M2,6,35,71,6680.009769234562,False,-7847.441999999998,-7847.441999999998,0,14,2025-08-22 00:00:00,2025-09-04 00:00:00,14,2025-08-08 00:00:00,2025-08-21 00:00:00,2025-09-05 00:10:00,2025-09-05 06:00:00,frozen_current_point_measurement_proxy,5.684341886080802e-14,0.0021796999999992295,0,False
2025-09-05 00:00:00,2025-09-05 12:00:00,M2,12,71,107,10800.0,True,-4087.4891912372773,-4360.347019162528,12,14,2025-08-22 00:00:00,2025-09-04 00:00:00,14,2025-08-08 00:00:00,2025-08-21 00:00:00,2025-09-05 00:10:00,2025-09-05 12:00:00,frozen_current_point_measurement_proxy,9.094947017729282e-13,0.0018789999999739848,0,False
2025-09-06 00:00:00,2025-09-06 06:00:00,M2,6,35,71,6560.003451043209,False,-7847.441999999998,-7847.441999999998,0,14,2025-08-23 00:00:00,2025-09-05 00:00:00,14,2025-08-09 00:00:00,2025-08-22 00:00:00,2025-09-06 00:10:00,2025-09-06 06:00:00,frozen_current_point_measurement_proxy,5.684341886080802e-14,0.0021424999999908323,0,False
2025-09-06 00:00:00,2025-09-06 12:00:00,M2,12,71,107,10800.0,True,-4435.251605408614,-4633.08755544204,12,14,2025-08-23 00:00:00,2025-09-05 00:00:00,14,2025-08-09 00:00:00,2025-08-22 00:00:00,2025-09-06 00:10:00,2025-09-06 12:00:00,frozen_current_point_measurement_proxy,9.094947017729282e-13,0.0018082999999933236,0,False
2025-09-07 00:00:00,2025-09-07 06:00:00,M2,6,35,71,10084.517277777777,False,-4060.4158080944435,-3322.5375871402093,0,14,2025-08-24 00:00:00,2025-09-06 00:00:00,14,2025-08-10 00:00:00,2025-08-23 00:00:00,2025-09-07 00:10:00,2025-09-07 06:00:00,frozen_current_point_measurement_proxy,4.547473508864641e-13,0.0024614999999812426,0,False
2025-09-07 00:00:00,2025-09-07 12:00:00,M2,12,71,107,5532.869876296296,True,2908.4874762785607,2906.277071153922,1,14,2025-08-24 00:00:00,2025-09-06 00:00:00,14,2025-08-10 00:00:00,2025-08-23 00:00:00,2025-09-07 00:10:00,2025-09-07 12:00:00,frozen_current_point_measurement_proxy,9.094947017729282e-13,0.0019793000000163374,0,False
2025-09-08 00:00:00,2025-09-08 06:00:00,M2,6,35,71,10757.824423611113,False,-4158.213367784939,-3757.713136031793,0,14,2025-08-25 00:00:00,2025-09-07 00:00:00,14,2025-08-11 00:00:00,2025-08-24 00:00:00,2025-09-08 00:10:00,2025-09-08 06:00:00,frozen_current_point_measurement_proxy,0.0,0.0025805999999874984,0,False
2025-09-08 00:00:00,2025-09-08 12:00:00,M2,12,71,107,7452.558773141975,True,3980.3318364720626,3612.587974288724,7,14,2025-08-25 00:00:00,2025-09-07 00:00:00,14,2025-08-11 00:00:00,2025-08-24 00:00:00,2025-09-08 00:10:00,2025-09-08 12:00:00,frozen_current_point_measurement_proxy,9.094947017729282e-13,0.0018860999999787964,0,False
2025-09-09 00:00:00,2025-09-09 06:00:00,M2,6,35,71,10095.934772645063,False,-6138.435658575627,-6138.435658575627,0,14,2025-08-26 00:00:00,2025-09-08 00:00:00,14,2025-08-12 00:00:00,2025-08-25 00:00:00,2025-09-09 00:10:00,2025-09-09 06:00:00,frozen_current_point_measurement_proxy,9.094947017729282e-13,0.0027168000000301618,0,False
2025-09-09 00:00:00,2025-09-09 12:00:00,M2,12,71,107,7545.793156904325,False,1983.638943698673,2087.8052542503965,0,14,2025-08-26 00:00:00,2025-09-08 00:00:00,14,2025-08-12 00:00:00,2025-08-25 00:00:00,2025-09-09 00:10:00,2025-09-09 12:00:00,frozen_current_point_measurement_proxy,9.094947017729282e-13,0.0019207999999935055,0,False
2025-09-10 00:00:00,2025-09-10 06:00:00,M2,6,35,71,10800.0,False,-3889.513143234409,-2760.8588102617755,0,14,2025-08-27 00:00:00,2025-09-09 00:00:00,14,2025-08-13 00:00:00,2025-08-26 00:00:00,2025-09-10 00:10:00,2025-09-10 06:00:00,frozen_current_point_measurement_proxy,4.547473508864641e-13,0.002404399999988982,0,False
2025-09-10 00:00:00,2025-09-10 12:00:00,M2,12,71,107,6639.307239938273,True,3641.3430078892534,3349.1189760844636,7,14,2025-08-27 00:00:00,2025-09-09 00:00:00,14,2025-08-13 00:00:00,2025-08-26 00:00:00,2025-09-10 00:10:00,2025-09-10 12:00:00,frozen_current_point_measurement_proxy,9.094947017729282e-13,0.0018946999999798209,0,False
2025-09-11 00:00:00,2025-09-11 06:00:00,M2,6,35,71,10800.0,False,-5014.236361485452,-4850.210598744917,0,14,2025-08-28 00:00:00,2025-09-10 00:00:00,14,2025-08-14 00:00:00,2025-08-27 00:00:00,2025-09-11 00:10:00,2025-09-11 06:00:00,frozen_current_point_measurement_proxy,9.094947017729282e-13,0.002263500000026397,0,False
2025-09-11 00:00:00,2025-09-11 12:00:00,M2,12,71,107,6962.708823413582,True,4498.735030186394,3614.9924908501343,23,14,2025-08-28 00:00:00,2025-09-10 00:00:00,14,2025-08-14 00:00:00,2025-08-27 00:00:00,2025-09-11 00:10:00,2025-09-11 12:00:00,frozen_current_point_measurement_proxy,1.8189894035458565e-12,0.002154999999959273,0,False
2025-09-12 00:00:00,2025-09-12 06:00:00,M2,6,35,71,4934.130070546292,False,-7847.441999999998,-7847.441999999998,0,14,2025-08-29 00:00:00,2025-09-11 00:00:00,14,2025-08-15 00:00:00,2025-08-28 00:00:00,2025-09-12 00:10:00,2025-09-12 06:00:00,frozen_current_point_measurement_proxy,9.094947017729282e-13,0.0023155000000087966,0,False
2025-09-12 00:00:00,2025-09-12 12:00:00,M2,12,71,107,10800.0,False,-4708.175270565266,-4500.005478660382,0,14,2025-08-29 00:00:00,2025-09-11 00:00:00,14,2025-08-15 00:00:00,2025-08-28 00:00:00,2025-09-12 00:10:00,2025-09-12 12:00:00,frozen_current_point_measurement_proxy,9.094947017729282e-13,0.0018868999999881453,0,False
2025-09-13 00:00:00,2025-09-13 06:00:00,M2,6,35,71,5227.801208907407,False,-7847.441999999998,-7847.441999999998,0,14,2025-08-30 00:00:00,2025-09-12 00:00:00,14,2025-08-16 00:00:00,2025-08-29 00:00:00,2025-09-13 00:10:00,2025-09-13 06:00:00,frozen_current_point_measurement_proxy,9.094947017729282e-13,0.0023654999999962456,0,False
2025-09-13 00:00:00,2025-09-13 12:00:00,M2,12,71,107,10800.0,False,-4895.627086754845,-4717.744252050591,0,14,2025-08-30 00:00:00,2025-09-12 00:00:00,14,2025-08-16 00:00:00,2025-08-29 00:00:00,2025-09-13 00:10:00,2025-09-13 12:00:00,frozen_current_point_measurement_proxy,1.1368683772161603e-13,0.0018372000000113076,0,False
2025-09-14 00:00:00,2025-09-14 06:00:00,M2,6,35,71,10800.0,False,-2382.265884536945,-823.4483399548859,0,14,2025-08-31 00:00:00,2025-09-13 00:00:00,14,2025-08-17 00:00:00,2025-08-30 00:00:00,2025-09-14 00:10:00,2025-09-14 06:00:00,frozen_current_point_measurement_proxy,2.2737367544323206e-13,0.0026993000000175016,0,False
2025-09-14 00:00:00,2025-09-14 12:00:00,M2,12,71,107,10263.549132981483,True,3542.8815894640743,3314.7716723183917,23,14,2025-08-31 00:00:00,2025-09-13 00:00:00,14,2025-08-17 00:00:00,2025-08-30 00:00:00,2025-09-14 00:10:00,2025-09-14 12:00:00,frozen_current_point_measurement_proxy,1.1368683772161603e-13,0.001986299999998664,0,False
2025-09-15 00:00:00,2025-09-15 06:00:00,M2,6,35,71,9107.059712395057,True,-871.7070917967116,-3963.1381373961303,4,14,2025-09-01 00:00:00,2025-09-14 00:00:00,14,2025-08-18 00:00:00,2025-08-31 00:00:00,2025-09-15 00:10:00,2025-09-15 06:00:00,frozen_current_point_measurement_proxy,4.547473508864641e-13,0.0025239999999939755,0,False
2025-09-15 00:00:00,2025-09-15 12:00:00,M2,12,71,107,6603.691751895185,False,1381.347078785471,1494.287795021722,0,14,2025-09-01 00:00:00,2025-09-14 00:00:00,14,2025-08-18 00:00:00,2025-08-31 00:00:00,2025-09-15 00:10:00,2025-09-15 12:00:00,frozen_current_point_measurement_proxy,1.8189894035458565e-12,0.0017753999999854386,0,False
2025-09-16 00:00:00,2025-09-16 06:00:00,M2,6,35,71,9684.421345648148,True,563.0459493036557,-1153.7592909206687,10,14,2025-09-02 00:00:00,2025-09-15 00:00:00,14,2025-08-19 00:00:00,2025-09-01 00:00:00,2025-09-16 00:10:00,2025-09-16 06:00:00,frozen_current_point_measurement_proxy,2.2737367544323206e-13,0.0026336000000242166,0,False
2025-09-16 00:00:00,2025-09-16 12:00:00,M2,12,71,107,6299.973158762345,True,4111.980301248524,3506.207683973598,21,14,2025-09-02 00:00:00,2025-09-15 00:00:00,14,2025-08-19 00:00:00,2025-09-01 00:00:00,2025-09-16 00:10:00,2025-09-16 12:00:00,frozen_current_point_measurement_proxy,1.1368683772161603e-13,0.0018848000000275533,0,False
2025-09-17 00:00:00,2025-09-17 06:00:00,M2,6,35,71,10169.174730981482,True,2166.9204021093574,-928.4513225761585,10,14,2025-09-03 00:00:00,2025-09-16 00:00:00,14,2025-08-20 00:00:00,2025-09-02 00:00:00,2025-09-17 00:10:00,2025-09-17 06:00:00,frozen_current_point_measurement_proxy,2.2737367544323206e-13,0.0024905000000217115,0,False
2025-09-17 00:00:00,2025-09-17 12:00:00,M2,12,71,107,4226.919002700616,True,3307.2294741247665,3287.2173700883736,16,14,2025-09-03 00:00:00,2025-09-16 00:00:00,14,2025-08-20 00:00:00,2025-09-02 00:00:00,2025-09-17 00:10:00,2025-09-17 12:00:00,frozen_current_point_measurement_proxy,9.094947017729282e-13,0.0020172000000115986,0,False
2025-09-18 00:00:00,2025-09-18 06:00:00,M2,6,35,71,9391.095138802468,True,5862.81497564592,1157.8805414712112,15,14,2025-09-04 00:00:00,2025-09-17 00:00:00,14,2025-08-21 00:00:00,2025-09-03 00:00:00,2025-09-18 00:10:00,2025-09-18 06:00:00,frozen_current_point_measurement_proxy,9.094947017729282e-13,0.002588500000001659,0,False
2025-09-18 00:00:00,2025-09-18 12:00:00,M2,12,71,107,9699.33642773766,False,1159.5744431106687,1302.5710543145874,0,14,2025-09-04 00:00:00,2025-09-17 00:00:00,14,2025-08-21 00:00:00,2025-09-03 00:00:00,2025-09-18 00:10:00,2025-09-18 12:00:00,frozen_current_point_measurement_proxy,9.094947017729282e-13,0.0019750999999814667,0,False
2025-09-19 00:00:00,2025-09-19 06:00:00,M2,6,35,71,2937.115385462963,True,-2598.895138719538,-5676.027205004192,8,14,2025-09-05 00:00:00,2025-09-18 00:00:00,14,2025-08-22 00:00:00,2025-09-04 00:00:00,2025-09-19 00:10:00,2025-09-19 06:00:00,frozen_current_point_measurement_proxy,9.094947017729282e-13,0.002351699999962875,0,False
2025-09-19 00:00:00,2025-09-19 12:00:00,M2,12,71,107,10800.0,True,-5086.887733741582,-5114.3606510845475,11,14,2025-09-05 00:00:00,2025-09-18 00:00:00,14,2025-08-22 00:00:00,2025-09-04 00:00:00,2025-09-19 00:10:00,2025-09-19 12:00:00,frozen_current_point_measurement_proxy,9.094947017729282e-13,0.0022168999999507832,0,False
2025-09-20 00:00:00,2025-09-20 06:00:00,M2,6,35,71,3292.644557938272,True,-4462.414971879758,-6266.465427673534,6,14,2025-09-06 00:00:00,2025-09-19 00:00:00,14,2025-08-23 00:00:00,2025-09-05 00:00:00,2025-09-20 00:10:00,2025-09-20 06:00:00,frozen_current_point_measurement_proxy,0.0,0.0023532000000159314,0,False
2025-09-20 00:00:00,2025-09-20 12:00:00,M2,12,71,107,10800.0,True,-4922.323547767004,-4937.115009724607,12,14,2025-09-06 00:00:00,2025-09-19 00:00:00,14,2025-08-23 00:00:00,2025-09-05 00:00:00,2025-09-20 00:10:00,2025-09-20 12:00:00,frozen_current_point_measurement_proxy,1.8189894035458565e-12,0.0018869999999537868,0,False
2025-09-21 00:00:00,2025-09-21 06:00:00,M2,6,35,71,9970.369758975305,True,-1109.502969314244,-1272.9706707464507,8,14,2025-09-07 00:00:00,2025-09-20 00:00:00,14,2025-08-24 00:00:00,2025-09-06 00:00:00,2025-09-21 00:10:00,2025-09-21 06:00:00,frozen_current_point_measurement_proxy,1.8189894035458565e-12,0.002680900000029851,0,False
2025-09-21 00:00:00,2025-09-21 12:00:00,M2,12,71,107,8020.599353364207,True,2305.731330676129,2079.0506537572123,23,14,2025-09-07 00:00:00,2025-09-20 00:00:00,14,2025-08-24 00:00:00,2025-09-06 00:00:00,2025-09-21 00:10:00,2025-09-21 12:00:00,frozen_current_point_measurement_proxy,2.2737367544323206e-13,0.001977799999963281,0,False
2025-09-22 00:00:00,2025-09-22 06:00:00,M2,6,35,71,9850.60979246914,True,420.0282730057721,-1298.0409580257763,9,14,2025-09-08 00:00:00,2025-09-21 00:00:00,14,2025-08-25 00:00:00,2025-09-07 00:00:00,2025-09-22 00:10:00,2025-09-22 06:00:00,frozen_current_point_measurement_proxy,9.094947017729282e-13,0.002467300000034811,0,False
2025-09-22 00:00:00,2025-09-22 12:00:00,M2,12,71,107,4123.235274533952,True,5249.581993965451,4383.306505193979,23,14,2025-09-08 00:00:00,2025-09-21 00:00:00,14,2025-08-25 00:00:00,2025-09-07 00:00:00,2025-09-22 00:10:00,2025-09-22 12:00:00,frozen_current_point_measurement_proxy,2.2737367544323206e-13,0.001960800000006202,0,False
2025-09-23 00:00:00,2025-09-23 06:00:00,M2,6,35,71,10360.625392981481,True,-863.9536286297983,-1232.968989224226,8,14,2025-09-09 00:00:00,2025-09-22 00:00:00,14,2025-08-26 00:00:00,2025-09-08 00:00:00,2025-09-23 00:10:00,2025-09-23 06:00:00,frozen_current_point_measurement_proxy,2.2737367544323206e-13,0.002910900000017591,0,False
2025-09-23 00:00:00,2025-09-23 12:00:00,M2,12,71,107,5206.367156219137,True,3718.3996295198513,3707.499668009634,21,14,2025-09-09 00:00:00,2025-09-22 00:00:00,14,2025-08-26 00:00:00,2025-09-08 00:00:00,2025-09-23 00:10:00,2025-09-23 12:00:00,frozen_current_point_measurement_proxy,0.0,0.0019907000000216613,0,False
2025-09-24 00:00:00,2025-09-24 06:00:00,M2,6,35,71,10019.146008981483,True,4226.033669045959,652.5860026766724,13,14,2025-09-10 00:00:00,2025-09-23 00:00:00,14,2025-08-27 00:00:00,2025-09-09 00:00:00,2025-09-24 00:10:00,2025-09-24 06:00:00,frozen_current_point_measurement_proxy,4.547473508864641e-13,0.002934299999992618,0,False
2025-09-24 00:00:00,2025-09-24 12:00:00,M2,12,71,107,7237.5721002438295,False,1166.9676281852587,2726.1855740332066,0,14,2025-09-10 00:00:00,2025-09-23 00:00:00,14,2025-08-27 00:00:00,2025-09-09 00:00:00,2025-09-24 00:10:00,2025-09-24 12:00:00,frozen_current_point_measurement_proxy,7.275957614183426e-12,0.002372400000012931,0,False
2025-09-25 00:00:00,2025-09-25 06:00:00,M2,6,35,71,9978.274692032923,True,4187.942901977554,1328.7222840993402,11,14,2025-09-11 00:00:00,2025-09-24 00:00:00,14,2025-08-28 00:00:00,2025-09-10 00:00:00,2025-09-25 00:10:00,2025-09-25 06:00:00,frozen_current_point_measurement_proxy,5.684341886080802e-14,0.002661900000020978,0,False
2025-09-25 00:00:00,2025-09-25 12:00:00,M2,12,71,107,8045.857930305556,False,2782.59406739823,3094.439280720459,0,14,2025-09-11 00:00:00,2025-09-24 00:00:00,14,2025-08-28 00:00:00,2025-09-10 00:00:00,2025-09-25 00:10:00,2025-09-25 12:00:00,frozen_current_point_measurement_proxy,0.0,0.0021188000000051943,0,False
2025-09-26 00:00:00,2025-09-26 06:00:00,M2,6,35,71,4216.836329135805,True,-4431.867478067206,-5267.131709237969,4,14,2025-09-12 00:00:00,2025-09-25 00:00:00,14,2025-08-29 00:00:00,2025-09-11 00:00:00,2025-09-26 00:10:00,2025-09-26 06:00:00,frozen_current_point_measurement_proxy,9.094947017729282e-13,0.0022969999999986612,0,False
2025-09-26 00:00:00,2025-09-26 12:00:00,M2,12,71,107,9911.51289206173,True,-4461.99912235345,-4786.778998371395,14,14,2025-09-12 00:00:00,2025-09-25 00:00:00,14,2025-08-29 00:00:00,2025-09-11 00:00:00,2025-09-26 00:10:00,2025-09-26 12:00:00,frozen_current_point_measurement_proxy,1.1368683772161603e-13,0.002010200000029272,0,False
2025-09-27 00:00:00,2025-09-27 06:00:00,M2,6,35,71,3555.248574734568,True,-2790.4361480510884,-5589.772058546058,6,14,2025-09-13 00:00:00,2025-09-26 00:00:00,14,2025-08-30 00:00:00,2025-09-12 00:00:00,2025-09-27 00:10:00,2025-09-27 06:00:00,frozen_current_point_measurement_proxy,9.094947017729282e-13,0.002573100000006434,0,False
2025-09-27 00:00:00,2025-09-27 12:00:00,M2,12,71,107,10800.0,False,-4835.2499762499865,-3863.444517132611,0,14,2025-09-13 00:00:00,2025-09-26 00:00:00,14,2025-08-30 00:00:00,2025-09-12 00:00:00,2025-09-27 00:10:00,2025-09-27 12:00:00,frozen_current_point_measurement_proxy,9.094947017729282e-13,0.002102100000001883,0,False
2025-09-28 00:00:00,2025-09-28 06:00:00,M2,6,35,71,10199.081922586423,True,3309.5639330332083,1251.503130458657,12,14,2025-09-14 00:00:00,2025-09-27 00:00:00,14,2025-08-31 00:00:00,2025-09-13 00:00:00,2025-09-28 00:10:00,2025-09-28 06:00:00,frozen_current_point_measurement_proxy,2.2737367544323206e-13,0.002763000000015836,0,False
2025-09-28 00:00:00,2025-09-28 12:00:00,M2,12,71,107,8560.62641755864,False,2179.493923201813,3359.0524700075453,0,14,2025-09-14 00:00:00,2025-09-27 00:00:00,14,2025-08-31 00:00:00,2025-09-13 00:00:00,2025-09-28 00:10:00,2025-09-28 12:00:00,frozen_current_point_measurement_proxy,0.0,0.002197400000000016,0,False
2025-09-29 00:00:00,2025-09-29 06:00:00,M2,6,35,71,10104.797986629628,False,-1436.340428094489,282.00129194690606,0,14,2025-09-15 00:00:00,2025-09-28 00:00:00,14,2025-09-01 00:00:00,2025-09-14 00:00:00,2025-09-29 00:10:00,2025-09-29 06:00:00,frozen_current_point_measurement_proxy,1.8189894035458565e-12,0.0024518000000171014,0,False
2025-09-29 00:00:00,2025-09-29 12:00:00,M2,12,71,107,5754.16325109259,True,3814.0016490088315,3359.792564393853,21,14,2025-09-15 00:00:00,2025-09-28 00:00:00,14,2025-09-01 00:00:00,2025-09-14 00:00:00,2025-09-29 00:10:00,2025-09-29 12:00:00,frozen_current_point_measurement_proxy,0.0,0.002028100000018185,0,False
2025-09-30 00:00:00,2025-09-30 06:00:00,M2,6,35,71,10031.628327660492,True,7307.38165983567,1895.0907643722715,8,14,2025-09-16 00:00:00,2025-09-29 00:00:00,14,2025-09-02 00:00:00,2025-09-15 00:00:00,2025-09-30 00:10:00,2025-09-30 06:00:00,frozen_current_point_measurement_proxy,1.8189894035458565e-12,0.0025179000000434826,0,False
2025-09-30 00:00:00,2025-09-30 12:00:00,M2,12,71,107,4247.119343740743,False,5177.099793181989,6753.465658849213,0,14,2025-09-16 00:00:00,2025-09-29 00:00:00,14,2025-09-02 00:00:00,2025-09-15 00:00:00,2025-09-30 00:10:00,2025-09-30 12:00:00,frozen_current_point_measurement_proxy,4.547473508864641e-13,0.002062800000032894,0,False
2025-10-01 00:00:00,2025-10-01 06:00:00,M2,6,35,71,10548.609411481473,False,-2683.7092199532553,-2586.8458149935755,0,14,2025-09-17 00:00:00,2025-09-30 00:00:00,14,2025-09-03 00:00:00,2025-09-16 00:00:00,2025-10-01 00:10:00,2025-10-01 06:00:00,frozen_current_point_measurement_proxy,4.547473508864641e-13,0.0029286000000183776,0,False
2025-10-01 00:00:00,2025-10-01 12:00:00,M2,12,71,107,8354.14867703703,True,2859.4576196930093,2555.966186178963,21,14,2025-09-17 00:00:00,2025-09-30 00:00:00,14,2025-09-03 00:00:00,2025-09-16 00:00:00,2025-10-01 00:10:00,2025-10-01 12:00:00,frozen_current_point_measurement_proxy,9.094947017729282e-13,0.0019243000000415122,0,False
2025-10-02 00:00:00,2025-10-02 06:00:00,M2,6,35,71,10461.387764280862,False,-2708.364646667062,62.43805237757192,0,14,2025-09-18 00:00:00,2025-10-01 00:00:00,14,2025-09-04 00:00:00,2025-09-17 00:00:00,2025-10-02 00:10:00,2025-10-02 06:00:00,frozen_current_point_measurement_proxy,9.094947017729282e-13,0.003001100000005863,0,False
2025-10-02 00:00:00,2025-10-02 12:00:00,M2,12,71,107,9336.56575773765,True,4137.219670564808,2716.243902246818,24,14,2025-09-18 00:00:00,2025-10-01 00:00:00,14,2025-09-04 00:00:00,2025-09-17 00:00:00,2025-10-02 00:10:00,2025-10-02 12:00:00,frozen_current_point_measurement_proxy,0.0,0.002182699999991655,0,False
2025-10-03 00:00:00,2025-10-03 06:00:00,M2,6,35,71,4556.5415553456805,True,-7491.616753689219,-7506.714123999029,1,14,2025-09-19 00:00:00,2025-10-02 00:00:00,14,2025-09-05 00:00:00,2025-09-18 00:00:00,2025-10-03 00:10:00,2025-10-03 06:00:00,frozen_current_point_measurement_proxy,1.1368683772161603e-13,0.002264300000035746,0,False
2025-10-03 00:00:00,2025-10-03 12:00:00,M2,12,71,107,10800.0,False,-5288.952625851346,-4671.797667620352,0,14,2025-09-19 00:00:00,2025-10-02 00:00:00,14,2025-09-05 00:00:00,2025-09-18 00:00:00,2025-10-03 00:10:00,2025-10-03 12:00:00,frozen_current_point_measurement_proxy,9.094947017729282e-13,0.001958999999999378,0,False
2025-10-04 00:00:00,2025-10-04 06:00:00,M2,6,35,71,5258.589216351853,False,-7690.604580894481,-7690.604580894481,0,14,2025-09-20 00:00:00,2025-10-03 00:00:00,14,2025-09-06 00:00:00,2025-09-19 00:00:00,2025-10-04 00:10:00,2025-10-04 06:00:00,frozen_current_point_measurement_proxy,9.094947017729282e-13,0.002282499999978427,0,False
2025-10-04 00:00:00,2025-10-04 12:00:00,M2,12,71,107,10800.0,True,-4546.7482210147145,-4586.287069312757,11,14,2025-09-20 00:00:00,2025-10-03 00:00:00,14,2025-09-06 00:00:00,2025-09-19 00:00:00,2025-10-04 00:10:00,2025-10-04 12:00:00,frozen_current_point_measurement_proxy,4.547473508864641e-13,0.001821599999971113,0,False
2025-10-05 00:00:00,2025-10-05 06:00:00,M2,6,35,71,10489.766988092593,False,-2306.039001323487,48.11838548328079,0,14,2025-09-21 00:00:00,2025-10-04 00:00:00,14,2025-09-07 00:00:00,2025-09-20 00:00:00,2025-10-05 00:10:00,2025-10-05 06:00:00,frozen_current_point_measurement_proxy,1.8189894035458565e-12,0.0024765000000002146,0,False
2025-10-05 00:00:00,2025-10-05 12:00:00,M2,12,71,107,9627.769476043213,True,3071.0360642815563,2704.3789783650086,20,14,2025-09-21 00:00:00,2025-10-04 00:00:00,14,2025-09-07 00:00:00,2025-09-20 00:00:00,2025-10-05 00:10:00,2025-10-05 12:00:00,frozen_current_point_measurement_proxy,1.8189894035458565e-12,0.0019727000000102635,0,False
2025-10-06 00:00:00,2025-10-06 06:00:00,M2,6,35,71,10800.0,True,-697.1516506827455,-1447.9419819615075,10,14,2025-09-22 00:00:00,2025-10-05 00:00:00,14,2025-09-08 00:00:00,2025-09-21 00:00:00,2025-10-06 00:10:00,2025-10-06 06:00:00,frozen_current_point_measurement_proxy,4.547473508864641e-13,0.002565500000002885,0,False
2025-10-06 00:00:00,2025-10-06 12:00:00,M2,12,71,107,7019.591343388894,False,2189.6478221679286,2665.3956957298637,0,14,2025-09-22 00:00:00,2025-10-05 00:00:00,14,2025-09-08 00:00:00,2025-09-21 00:00:00,2025-10-06 00:10:00,2025-10-06 12:00:00,frozen_current_point_measurement_proxy,7.275957614183426e-12,0.0022152000000232874,0,False
2025-10-07 00:00:00,2025-10-07 06:00:00,M2,6,35,71,10789.24624074074,True,-62.444776284446235,-514.0008969913482,4,14,2025-09-23 00:00:00,2025-10-06 00:00:00,14,2025-09-09 00:00:00,2025-09-22 00:00:00,2025-10-07 00:10:00,2025-10-07 06:00:00,frozen_current_point_measurement_proxy,9.094947017729282e-13,0.0023615000000063446,0,False
2025-10-07 00:00:00,2025-10-07 12:00:00,M2,12,71,107,4907.073650070992,False,3026.3616159170606,4077.415621404773,0,14,2025-09-23 00:00:00,2025-10-06 00:00:00,14,2025-09-09 00:00:00,2025-09-22 00:00:00,2025-10-07 00:10:00,2025-10-07 12:00:00,frozen_current_point_measurement_proxy,4.547473508864641e-13,0.002072700000042005,0,False
2025-10-08 00:00:00,2025-10-08 06:00:00,M2,6,35,71,10797.646780246914,False,-1880.755368550653,-1848.7854961298221,0,14,2025-09-24 00:00:00,2025-10-07 00:00:00,14,2025-09-10 00:00:00,2025-09-23 00:00:00,2025-10-08 00:10:00,2025-10-08 06:00:00,frozen_current_point_measurement_proxy,4.547473508864641e-13,0.0024620999999456217,0,False
2025-10-08 00:00:00,2025-10-08 12:00:00,M2,12,71,107,4462.653195,False,2211.0190250483893,2370.355660620988,0,14,2025-09-24 00:00:00,2025-10-07 00:00:00,14,2025-09-10 00:00:00,2025-09-23 00:00:00,2025-10-08 00:10:00,2025-10-08 12:00:00,frozen_current_point_measurement_proxy,1.8189894035458565e-12,0.0018498999999678745,0,False
2025-10-09 00:00:00,2025-10-09 06:00:00,M2,6,35,71,10800.0,False,-2673.4002198675453,-701.5677445718094,0,14,2025-09-25 00:00:00,2025-10-08 00:00:00,14,2025-09-11 00:00:00,2025-09-24 00:00:00,2025-10-09 00:10:00,2025-10-09 06:00:00,frozen_current_point_measurement_proxy,1.8189894035458565e-12,0.0022739999999998872,0,False
2025-10-09 00:00:00,2025-10-09 12:00:00,M2,12,71,107,8400.985971722224,True,4249.53851753218,3039.1584282763592,24,14,2025-09-25 00:00:00,2025-10-08 00:00:00,14,2025-09-11 00:00:00,2025-09-24 00:00:00,2025-10-09 00:10:00,2025-10-09 12:00:00,frozen_current_point_measurement_proxy,9.094947017729282e-13,0.002026499999999487,0,False
2025-10-10 00:00:00,2025-10-10 06:00:00,M2,6,35,71,5078.7709837345665,False,-7823.918797140848,-7823.918797140848,0,14,2025-09-26 00:00:00,2025-10-09 00:00:00,14,2025-09-12 00:00:00,2025-09-25 00:00:00,2025-10-10 00:10:00,2025-10-10 06:00:00,frozen_current_point_measurement_proxy,9.094947017729282e-13,0.002439799999990555,0,False
2025-10-10 00:00:00,2025-10-10 12:00:00,M2,12,71,107,10800.0,True,-4776.075311322343,-4848.84943377382,11,14,2025-09-26 00:00:00,2025-10-09 00:00:00,14,2025-09-12 00:00:00,2025-09-25 00:00:00,2025-10-10 00:10:00,2025-10-10 12:00:00,frozen_current_point_measurement_proxy,4.547473508864641e-13,0.0018938000000048305,0,False
2025-10-11 00:00:00,2025-10-11 06:00:00,M2,6,35,71,6035.023335179013,False,-7838.718497925278,-7838.718497925278,0,14,2025-09-27 00:00:00,2025-10-10 00:00:00,14,2025-09-13 00:00:00,2025-09-26 00:00:00,2025-10-11 00:10:00,2025-10-11 06:00:00,frozen_current_point_measurement_proxy,9.094947017729282e-13,0.0021937999999863678,0,False
2025-10-11 00:00:00,2025-10-11 12:00:00,M2,12,71,107,10800.0,False,-4778.916978218027,-4683.279914772242,0,14,2025-09-27 00:00:00,2025-10-10 00:00:00,14,2025-09-13 00:00:00,2025-09-26 00:00:00,2025-10-11 00:10:00,2025-10-11 12:00:00,frozen_current_point_measurement_proxy,1.1368683772161603e-13,0.0017358000000058382,0,False
2025-10-12 00:00:00,2025-10-12 06:00:00,M2,6,35,71,10800.0,False,-2599.4479547649325,-2524.006947690418,0,14,2025-09-28 00:00:00,2025-10-11 00:00:00,14,2025-09-14 00:00:00,2025-09-27 00:00:00,2025-10-12 00:10:00,2025-10-12 06:00:00,frozen_current_point_measurement_proxy,9.094947017729282e-13,0.002610399999980473,0,False
2025-10-12 00:00:00,2025-10-12 12:00:00,M2,12,71,107,6330.349594246914,True,2152.2742193187682,1912.2220417072915,7,14,2025-09-28 00:00:00,2025-10-11 00:00:00,14,2025-09-14 00:00:00,2025-09-27 00:00:00,2025-10-12 00:10:00,2025-10-12 12:00:00,frozen_current_point_measurement_proxy,9.094947017729282e-13,0.0019537000000013904,0,False
2025-10-13 00:00:00,2025-10-13 06:00:00,M2,6,35,71,10787.141546296296,True,-352.59510105302417,-1438.5334040285477,10,14,2025-09-29 00:00:00,2025-10-12 00:00:00,14,2025-09-15 00:00:00,2025-09-28 00:00:00,2025-10-13 00:10:00,2025-10-13 06:00:00,frozen_current_point_measurement_proxy,4.547473508864641e-13,0.0025560999999925116,0,False
2025-10-13 00:00:00,2025-10-13 12:00:00,M2,12,71,107,5327.339106641977,True,3769.0226542946543,3115.0995637492274,22,14,2025-09-29 00:00:00,2025-10-12 00:00:00,14,2025-09-15 00:00:00,2025-09-28 00:00:00,2025-10-13 00:10:00,2025-10-13 12:00:00,frozen_current_point_measurement_proxy,9.094947017729282e-13,0.0018878999999856205,0,False
2025-10-14 00:00:00,2025-10-14 06:00:00,M2,6,35,71,10793.068407407407,True,379.72355392232646,-644.6159411629311,11,14,2025-09-30 00:00:00,2025-10-13 00:00:00,14,2025-09-16 00:00:00,2025-09-29 00:00:00,2025-10-14 00:10:00,2025-10-14 06:00:00,frozen_current_point_measurement_proxy,1.8189894035458565e-12,0.0023133999999913613,0,False
2025-10-14 00:00:00,2025-10-14 12:00:00,M2,12,71,107,3782.764095000001,False,4877.307706961256,4906.591521295731,0,14,2025-09-30 00:00:00,2025-10-13 00:00:00,14,2025-09-16 00:00:00,2025-09-29 00:00:00,2025-10-14 00:10:00,2025-10-14 12:00:00,frozen_current_point_measurement_proxy,2.2737367544323206e-13,0.0018953000000010434,0,False
2025-10-15 00:00:00,2025-10-15 06:00:00,M2,6,35,71,10752.89058801852,False,-1309.5228175390678,-422.24004754594455,0,14,2025-10-01 00:00:00,2025-10-14 00:00:00,14,2025-09-17 00:00:00,2025-09-30 00:00:00,2025-10-15 00:10:00,2025-10-15 06:00:00,frozen_current_point_measurement_proxy,2.2737367544323206e-13,0.0023653000000081192,0,False
2025-10-15 00:00:00,2025-10-15 12:00:00,M2,12,71,107,6481.594406141978,True,5597.921812627396,4603.908047038049,24,14,2025-10-01 00:00:00,2025-10-14 00:00:00,14,2025-09-17 00:00:00,2025-09-30 00:00:00,2025-10-15 00:10:00,2025-10-15 12:00:00,frozen_current_point_measurement_proxy,0.0,0.0018286000000102831,0,False
2025-10-16 00:00:00,2025-10-16 06:00:00,M2,6,35,71,10674.93769364198,True,1739.5786349832488,-58.1464075514453,11,14,2025-10-02 00:00:00,2025-10-15 00:00:00,14,2025-09-18 00:00:00,2025-10-01 00:00:00,2025-10-16 00:10:00,2025-10-16 06:00:00,frozen_current_point_measurement_proxy,1.8189894035458565e-12,0.002510700000016186,0,False
2025-10-16 00:00:00,2025-10-16 12:00:00,M2,12,71,107,6830.75732537963,True,4356.926233316969,4245.0106192952835,16,14,2025-10-02 00:00:00,2025-10-15 00:00:00,14,2025-09-18 00:00:00,2025-10-01 00:00:00,2025-10-16 00:10:00,2025-10-16 12:00:00,frozen_current_point_measurement_proxy,9.094947017729282e-13,0.0019801000000256863,0,False
2025-10-17 00:00:00,2025-10-17 06:00:00,M2,6,35,71,5240.123465246915,True,-7336.0009929788985,-7455.157245029502,2,14,2025-10-03 00:00:00,2025-10-16 00:00:00,14,2025-09-19 00:00:00,2025-10-02 00:00:00,2025-10-17 00:10:00,2025-10-17 06:00:00,frozen_current_point_measurement_proxy,9.094947017729282e-13,0.002278200000034758,0,False
2025-10-17 00:00:00,2025-10-17 12:00:00,M2,12,71,107,10800.0,False,-4809.824950704214,-4228.977303904068,0,14,2025-10-03 00:00:00,2025-10-16 00:00:00,14,2025-09-19 00:00:00,2025-10-02 00:00:00,2025-10-17 00:10:00,2025-10-17 12:00:00,frozen_current_point_measurement_proxy,4.547473508864641e-13,0.002167100000008304,0,False
2025-10-18 00:00:00,2025-10-18 06:00:00,M2,6,35,71,5473.349525018521,True,-7346.246181673805,-7379.282402957695,2,14,2025-10-04 00:00:00,2025-10-17 00:00:00,14,2025-09-20 00:00:00,2025-10-03 00:00:00,2025-10-18 00:10:00,2025-10-18 06:00:00,frozen_current_point_measurement_proxy,9.094947017729282e-13,0.0022763999999710904,0,False
2025-10-18 00:00:00,2025-10-18 12:00:00,M2,12,71,107,10800.0,True,-4239.09890533772,-4429.34861590805,11,14,2025-10-04 00:00:00,2025-10-17 00:00:00,14,2025-09-20 00:00:00,2025-10-03 00:00:00,2025-10-18 00:10:00,2025-10-18 12:00:00,frozen_current_point_measurement_proxy,1.1368683772161603e-13,0.002069300000016483,0,False
2025-10-19 00:00:00,2025-10-19 06:00:00,M2,6,35,71,10767.667407407407,False,-1624.1870954312199,-1248.560970436836,0,14,2025-10-05 00:00:00,2025-10-18 00:00:00,14,2025-09-21 00:00:00,2025-10-04 00:00:00,2025-10-19 00:10:00,2025-10-19 06:00:00,frozen_current_point_measurement_proxy,4.547473508864641e-13,0.0026240999999913583,0,False
2025-10-19 00:00:00,2025-10-19 12:00:00,M2,12,71,107,5756.1077105432105,True,5122.254079345892,4930.087287324857,14,14,2025-10-05 00:00:00,2025-10-18 00:00:00,14,2025-09-21 00:00:00,2025-10-04 00:00:00,2025-10-19 00:10:00,2025-10-19 12:00:00,frozen_current_point_measurement_proxy,1.8189894035458565e-12,0.0020670999999765627,0,False
2025-10-20 00:00:00,2025-10-20 06:00:00,M2,6,35,71,10784.95612962963,False,154.24061644694686,319.0368099734875,0,14,2025-10-06 00:00:00,2025-10-19 00:00:00,14,2025-09-22 00:00:00,2025-10-05 00:00:00,2025-10-20 00:10:00,2025-10-20 06:00:00,frozen_current_point_measurement_proxy,9.094947017729282e-13,0.0025577000000112093,0,False
2025-10-20 00:00:00,2025-10-20 12:00:00,M2,12,71,107,7068.1107398518525,True,5159.761992451945,4370.425208500365,21,14,2025-10-06 00:00:00,2025-10-19 00:00:00,14,2025-09-22 00:00:00,2025-10-05 00:00:00,2025-10-20 00:10:00,2025-10-20 12:00:00,frozen_current_point_measurement_proxy,9.094947017729282e-13,0.0018717000000378903,0,False
2025-10-21 00:00:00,2025-10-21 06:00:00,M2,6,35,71,10752.191648148148,True,2362.319026019763,1503.535009778246,15,14,2025-10-07 00:00:00,2025-10-20 00:00:00,14,2025-09-23 00:00:00,2025-10-06 00:00:00,2025-10-21 00:10:00,2025-10-21 06:00:00,frozen_current_point_measurement_proxy,9.094947017729282e-13,0.0027157000000102016,0,False
2025-10-21 00:00:00,2025-10-21 12:00:00,M2,12,71,107,7219.415738132719,True,5458.240475328152,5054.028565640898,20,14,2025-10-07 00:00:00,2025-10-20 00:00:00,14,2025-09-23 00:00:00,2025-10-06 00:00:00,2025-10-21 00:10:00,2025-10-21 12:00:00,frozen_current_point_measurement_proxy,9.094947017729282e-13,0.002025399999979527,0,False
2025-10-22 00:00:00,2025-10-22 06:00:00,M2,6,35,71,10784.767664814815,False,1217.1974227959527,1307.04113242587,0,14,2025-10-08 00:00:00,2025-10-21 00:00:00,14,2025-09-24 00:00:00,2025-10-07 00:00:00,2025-10-22 00:10:00,2025-10-22 06:00:00,frozen_current_point_measurement_proxy,1.8189894035458565e-12,0.002886900000021342,0,False
2025-10-22 00:00:00,2025-10-22 12:00:00,M2,12,71,107,4772.922285030869,False,4641.170335528292,5954.412698366393,0,14,2025-10-08 00:00:00,2025-10-21 00:00:00,14,2025-09-24 00:00:00,2025-10-07 00:00:00,2025-10-22 00:10:00,2025-10-22 12:00:00,frozen_current_point_measurement_proxy,1.8189894035458565e-12,0.0030767999999739004,0,False
2025-10-23 00:00:00,2025-10-23 06:00:00,M2,6,35,71,10800.0,False,1174.6933714013471,2117.6889512444286,0,14,2025-10-09 00:00:00,2025-10-22 00:00:00,14,2025-09-25 00:00:00,2025-10-08 00:00:00,2025-10-23 00:10:00,2025-10-23 06:00:00,frozen_current_point_measurement_proxy,4.547473508864641e-13,0.0026622999999972308,0,False
2025-10-23 00:00:00,2025-10-23 12:00:00,M2,12,71,107,10800.0,True,6122.103464047135,5168.327580472008,28,14,2025-10-09 00:00:00,2025-10-22 00:00:00,14,2025-09-25 00:00:00,2025-10-08 00:00:00,2025-10-23 00:10:00,2025-10-23 12:00:00,frozen_current_point_measurement_proxy,9.094947017729282e-13,0.0020173000000340835,0,False
2025-10-24 00:00:00,2025-10-24 06:00:00,M2,6,35,71,6067.915478756171,False,-7562.521968709211,-7562.521968709211,0,14,2025-10-10 00:00:00,2025-10-23 00:00:00,14,2025-09-26 00:00:00,2025-10-09 00:00:00,2025-10-24 00:10:00,2025-10-24 06:00:00,frozen_current_point_measurement_proxy,9.094947017729282e-13,0.0025061000000050626,0,False
2025-10-24 00:00:00,2025-10-24 12:00:00,M2,12,71,107,10539.396782089505,False,-4554.357900859794,-3891.4335133100094,0,14,2025-10-10 00:00:00,2025-10-23 00:00:00,14,2025-09-26 00:00:00,2025-10-09 00:00:00,2025-10-24 00:10:00,2025-10-24 12:00:00,frozen_current_point_measurement_proxy,4.547473508864641e-13,0.001961700000038036,0,False
2025-10-25 00:00:00,2025-10-25 06:00:00,M2,6,35,71,5907.869030518519,False,-7337.217935643319,-7337.217935643319,0,14,2025-10-11 00:00:00,2025-10-24 00:00:00,14,2025-09-27 00:00:00,2025-10-10 00:00:00,2025-10-25 00:10:00,2025-10-25 06:00:00,frozen_current_point_measurement_proxy,2.2737367544323206e-13,0.0029140000000325017,0,False
2025-10-25 00:00:00,2025-10-25 12:00:00,M2,12,71,107,10210.897108296294,False,-4603.828417649212,-3883.6236687990813,0,14,2025-10-11 00:00:00,2025-10-24 00:00:00,14,2025-09-27 00:00:00,2025-10-10 00:00:00,2025-10-25 00:10:00,2025-10-25 12:00:00,frozen_current_point_measurement_proxy,9.094947017729282e-13,0.0021681000000057793,0,False
2025-10-26 00:00:00,2025-10-26 06:00:00,M2,6,35,71,10745.653638138889,False,163.737983654589,1690.7542918474078,0,14,2025-10-12 00:00:00,2025-10-25 00:00:00,14,2025-09-28 00:00:00,2025-10-11 00:00:00,2025-10-26 00:10:00,2025-10-26 06:00:00,frozen_current_point_measurement_proxy,9.094947017729282e-13,0.002624499999967611,0,False
2025-10-26 00:00:00,2025-10-26 12:00:00,M2,12,71,107,9392.222554953703,False,4316.117802678758,4524.910072306376,0,14,2025-10-12 00:00:00,2025-10-25 00:00:00,14,2025-09-28 00:00:00,2025-10-11 00:00:00,2025-10-26 00:10:00,2025-10-26 12:00:00,frozen_current_point_measurement_proxy,9.094947017729282e-13,0.0020761000000106833,0,False
2025-10-27 00:00:00,2025-10-27 06:00:00,M2,6,35,71,10800.0,False,272.1328441078635,1212.4884297611845,0,14,2025-10-13 00:00:00,2025-10-26 00:00:00,14,2025-09-29 00:00:00,2025-10-12 00:00:00,2025-10-27 00:10:00,2025-10-27 06:00:00,frozen_current_point_measurement_proxy,9.094947017729282e-13,0.0026426000000014938,0,False
2025-10-27 00:00:00,2025-10-27 12:00:00,M2,12,71,107,6106.309983975309,False,5119.255746499008,6622.774519694744,0,14,2025-10-13 00:00:00,2025-10-26 00:00:00,14,2025-09-29 00:00:00,2025-10-12 00:00:00,2025-10-27 00:10:00,2025-10-27 12:00:00,frozen_current_point_measurement_proxy,4.547473508864641e-13,0.0019870999999511696,0,False
2025-10-28 00:00:00,2025-10-28 06:00:00,M2,6,35,71,10800.0,False,96.88335838978024,509.0089701580586,0,14,2025-10-14 00:00:00,2025-10-27 00:00:00,14,2025-09-30 00:00:00,2025-10-13 00:00:00,2025-10-28 00:10:00,2025-10-28 06:00:00,frozen_current_point_measurement_proxy,9.094947017729282e-13,0.0026682000000164408,0,False
2025-10-28 00:00:00,2025-10-28 12:00:00,M2,12,71,107,5314.265997030865,False,5470.025915597043,7180.273360891329,0,14,2025-10-14 00:00:00,2025-10-27 00:00:00,14,2025-09-30 00:00:00,2025-10-13 00:00:00,2025-10-28 00:10:00,2025-10-28 12:00:00,frozen_current_point_measurement_proxy,9.094947017729282e-13,0.002174999999965621,0,False
2025-10-29 00:00:00,2025-10-29 06:00:00,M2,6,35,71,10800.0,True,4972.617502098679,3185.013386394638,12,14,2025-10-15 00:00:00,2025-10-28 00:00:00,14,2025-10-01 00:00:00,2025-10-14 00:00:00,2025-10-29 00:10:00,2025-10-29 06:00:00,frozen_current_point_measurement_proxy,9.094947017729282e-13,0.00292789999997467,0,False
2025-10-29 00:00:00,2025-10-29 12:00:00,M2,12,71,107,7160.964246367285,False,6112.972015796699,6425.870858577198,0,14,2025-10-15 00:00:00,2025-10-28 00:00:00,14,2025-10-01 00:00:00,2025-10-14 00:00:00,2025-10-29 00:10:00,2025-10-29 12:00:00,frozen_current_point_measurement_proxy,9.094947017729282e-13,0.001944400000013502,0,False
2025-10-30 00:00:00,2025-10-30 06:00:00,M2,6,35,71,10800.0,False,-577.1888689617238,-515.7758402855936,0,14,2025-10-16 00:00:00,2025-10-29 00:00:00,14,2025-10-02 00:00:00,2025-10-15 00:00:00,2025-10-30 00:10:00,2025-10-30 06:00:00,frozen_current_point_measurement_proxy,1.8189894035458565e-12,0.002881300000012743,0,False
2025-10-30 00:00:00,2025-10-30 12:00:00,M2,12,71,107,5036.8603557839515,False,5614.267287100197,7136.696621076711,0,14,2025-10-16 00:00:00,2025-10-29 00:00:00,14,2025-10-02 00:00:00,2025-10-15 00:00:00,2025-10-30 00:10:00,2025-10-30 12:00:00,frozen_current_point_measurement_proxy,9.094947017729282e-13,0.0021414000000277156,0,False
2025-10-31 00:00:00,2025-10-31 06:00:00,M2,6,35,71,6323.425864574071,True,-5603.567711061206,-5684.203448345289,1,14,2025-10-17 00:00:00,2025-10-30 00:00:00,14,2025-10-03 00:00:00,2025-10-16 00:00:00,2025-10-31 00:10:00,2025-10-31 06:00:00,frozen_current_point_measurement_proxy,9.094947017729282e-13,0.0023999000000003434,0,False
2025-10-31 00:00:00,2025-10-31 12:00:00,M2,12,71,107,8450.982378086419,False,-3381.167339164717,-3237.104410687409,0,14,2025-10-17 00:00:00,2025-10-30 00:00:00,14,2025-10-03 00:00:00,2025-10-16 00:00:00,2025-10-31 00:10:00,2025-10-31 12:00:00,frozen_current_point_measurement_proxy,9.094947017729282e-13,0.0018418999999880725,0,False
2025-11-01 00:00:00,2025-11-01 06:00:00,M2,6,35,71,6157.042129407452,True,-5957.710836605407,-6039.635119275774,1,14,2025-10-18 00:00:00,2025-10-31 00:00:00,14,2025-10-04 00:00:00,2025-10-17 00:00:00,2025-11-01 00:10:00,2025-11-01 06:00:00,frozen_current_point_measurement_proxy,0.0,0.0023318999999446532,0,False
2025-11-01 00:00:00,2025-11-01 12:00:00,M2,12,71,107,9182.04815037037,False,-3791.9932343844307,-3124.152090329743,0,14,2025-10-18 00:00:00,2025-10-31 00:00:00,14,2025-10-04 00:00:00,2025-10-17 00:00:00,2025-11-01 00:10:00,2025-11-01 12:00:00,frozen_current_point_measurement_proxy,9.094947017729282e-13,0.002000099999975191,0,False
2025-11-02 00:00:00,2025-11-02 06:00:00,M2,6,35,71,10716.833667611112,True,4249.110078048054,3010.6740362423393,13,14,2025-10-19 00:00:00,2025-11-01 00:00:00,14,2025-10-05 00:00:00,2025-10-18 00:00:00,2025-11-02 00:10:00,2025-11-02 06:00:00,frozen_current_point_measurement_proxy,1.8189894035458565e-12,0.002836399999978312,0,False
2025-11-02 00:00:00,2025-11-02 12:00:00,M2,12,71,107,7864.689158123454,True,6414.851876207305,5959.830260996659,17,14,2025-10-19 00:00:00,2025-11-01 00:00:00,14,2025-10-05 00:00:00,2025-10-18 00:00:00,2025-11-02 00:10:00,2025-11-02 12:00:00,frozen_current_point_measurement_proxy,1.8189894035458565e-12,0.002063800000030369,0,False
2025-11-03 00:00:00,2025-11-03 06:00:00,M2,6,35,71,10616.394501851853,False,1684.4406158682075,2006.8731987282213,0,14,2025-10-20 00:00:00,2025-11-02 00:00:00,14,2025-10-06 00:00:00,2025-10-19 00:00:00,2025-11-03 00:10:00,2025-11-03 06:00:00,frozen_current_point_measurement_proxy,9.094947017729282e-13,0.002616199999977198,0,False
2025-11-03 00:00:00,2025-11-03 12:00:00,M2,12,71,107,6902.223727549386,True,7257.691171285243,6747.147455245914,21,14,2025-10-20 00:00:00,2025-11-02 00:00:00,14,2025-10-06 00:00:00,2025-10-19 00:00:00,2025-11-03 00:10:00,2025-11-03 12:00:00,frozen_current_point_measurement_proxy,9.094947017729282e-13,0.0018983000000503125,0,False
2025-11-04 00:00:00,2025-11-04 06:00:00,M2,6,35,71,10800.0,True,2729.3452090525575,2535.689042588087,14,14,2025-10-21 00:00:00,2025-11-03 00:00:00,14,2025-10-07 00:00:00,2025-10-20 00:00:00,2025-11-04 00:10:00,2025-11-04 06:00:00,frozen_current_point_measurement_proxy,9.094947017729282e-13,0.0029174999999668216,0,False
2025-11-04 00:00:00,2025-11-04 12:00:00,M2,12,71,107,7672.407014345677,True,4785.712905253793,4392.745754479849,9,14,2025-10-21 00:00:00,2025-11-03 00:00:00,14,2025-10-07 00:00:00,2025-10-20 00:00:00,2025-11-04 00:10:00,2025-11-04 12:00:00,frozen_current_point_measurement_proxy,9.094947017729282e-13,0.0019280999999864434,0,False
2025-11-05 00:00:00,2025-11-05 06:00:00,M2,6,35,71,10673.356595583333,False,2040.8960380530896,3889.0349492205933,0,14,2025-10-22 00:00:00,2025-11-04 00:00:00,14,2025-10-08 00:00:00,2025-10-21 00:00:00,2025-11-05 00:10:00,2025-11-05 06:00:00,frozen_current_point_measurement_proxy,4.547473508864641e-13,0.002520300000014686,0,False
2025-11-05 00:00:00,2025-11-05 12:00:00,M2,12,71,107,6839.794026268517,True,8669.255801228426,7386.419023570633,26,14,2025-10-22 00:00:00,2025-11-04 00:00:00,14,2025-10-08 00:00:00,2025-10-21 00:00:00,2025-11-05 00:10:00,2025-11-05 12:00:00,frozen_current_point_measurement_proxy,4.547473508864641e-13,0.0020802999999887106,0,False
2025-11-06 00:00:00,2025-11-06 06:00:00,M2,6,35,71,10745.453388481474,True,5592.209326946255,3898.1661997237034,14,14,2025-10-23 00:00:00,2025-11-05 00:00:00,14,2025-10-09 00:00:00,2025-10-22 00:00:00,2025-11-06 00:10:00,2025-11-06 06:00:00,frozen_current_point_measurement_proxy,9.094947017729282e-13,0.0029015999999728592,0,False
2025-11-06 00:00:00,2025-11-06 12:00:00,M2,12,71,107,6368.457832154323,False,6329.690933971569,6732.720131939745,0,14,2025-10-23 00:00:00,2025-11-05 00:00:00,14,2025-10-09 00:00:00,2025-10-22 00:00:00,2025-11-06 00:10:00,2025-11-06 12:00:00,frozen_current_point_measurement_proxy,2.2737367544323206e-13,0.0021479000000113047,0,False
2025-11-07 00:00:00,2025-11-07 06:00:00,M2,6,35,71,7338.1836602345675,False,-4471.097645595851,-4471.097645595851,0,14,2025-10-24 00:00:00,2025-11-06 00:00:00,14,2025-10-10 00:00:00,2025-10-23 00:00:00,2025-11-07 00:10:00,2025-11-07 06:00:00,frozen_current_point_measurement_proxy,1.8189894035458565e-12,0.002517699999998513,0,False
2025-11-07 00:00:00,2025-11-07 12:00:00,M2,12,71,107,7435.804580419754,False,-3894.3525194395074,-3532.9516860319086,0,14,2025-10-24 00:00:00,2025-11-06 00:00:00,14,2025-10-10 00:00:00,2025-10-23 00:00:00,2025-11-07 00:10:00,2025-11-07 12:00:00,frozen_current_point_measurement_proxy,9.094947017729282e-13,0.001838500000019394,0,False
2025-11-08 00:00:00,2025-11-08 06:00:00,M2,6,35,71,7128.8125219938265,False,-6559.829675347696,-6559.829675347696,0,14,2025-10-25 00:00:00,2025-11-07 00:00:00,14,2025-10-11 00:00:00,2025-10-24 00:00:00,2025-11-08 00:10:00,2025-11-08 06:00:00,frozen_current_point_measurement_proxy,9.094947017729282e-13,0.0026932999999758067,0,False
2025-11-08 00:00:00,2025-11-08 12:00:00,M2,12,71,107,8360.228241253086,False,-3610.833656582788,-3413.527699833033,0,14,2025-10-25 00:00:00,2025-11-07 00:00:00,14,2025-10-11 00:00:00,2025-10-24 00:00:00,2025-11-08 00:10:00,2025-11-08 12:00:00,frozen_current_point_measurement_proxy,9.094947017729282e-13,0.0019226000000003296,0,False
2025-11-09 00:00:00,2025-11-09 06:00:00,M2,6,35,71,10785.482377777778,False,2728.893260502795,3108.548823280015,0,14,2025-10-26 00:00:00,2025-11-08 00:00:00,14,2025-10-12 00:00:00,2025-10-25 00:00:00,2025-11-09 00:10:00,2025-11-09 06:00:00,frozen_current_point_measurement_proxy,9.094947017729282e-13,0.0030007000000296102,0,False
2025-11-09 00:00:00,2025-11-09 12:00:00,M2,12,71,107,7009.991202450619,True,7264.803390593773,7245.980716210003,25,14,2025-10-26 00:00:00,2025-11-08 00:00:00,14,2025-10-12 00:00:00,2025-10-25 00:00:00,2025-11-09 00:10:00,2025-11-09 12:00:00,frozen_current_point_measurement_proxy,1.8189894035458565e-12,0.0021575000000098044,0,False
2025-11-10 00:00:00,2025-11-10 06:00:00,M2,6,35,71,10789.046238888888,True,9277.677815034118,5829.759832565868,18,14,2025-10-27 00:00:00,2025-11-09 00:00:00,14,2025-10-13 00:00:00,2025-10-26 00:00:00,2025-11-10 00:10:00,2025-11-10 06:00:00,frozen_current_point_measurement_proxy,9.094947017729282e-13,0.0029769000000214874,0,False
2025-11-10 00:00:00,2025-11-10 12:00:00,M2,12,71,107,8020.059976145058,True,8224.50705703763,7707.451776170374,21,14,2025-10-27 00:00:00,2025-11-09 00:00:00,14,2025-10-13 00:00:00,2025-10-26 00:00:00,2025-11-10 00:10:00,2025-11-10 12:00:00,frozen_current_point_measurement_proxy,9.094947017729282e-13,0.00202319999999645,0,False
2025-11-11 00:00:00,2025-11-11 06:00:00,M2,6,35,71,10800.0,False,2948.7561641264047,3655.9964560630187,0,14,2025-10-28 00:00:00,2025-11-10 00:00:00,14,2025-10-14 00:00:00,2025-10-27 00:00:00,2025-11-11 00:10:00,2025-11-11 06:00:00,frozen_current_point_measurement_proxy,4.547473508864641e-13,0.002992000000006101,0,False
2025-11-11 00:00:00,2025-11-11 12:00:00,M2,12,71,107,8044.073346808636,True,7658.843544993996,6903.40162626649,21,14,2025-10-28 00:00:00,2025-11-10 00:00:00,14,2025-10-14 00:00:00,2025-10-27 00:00:00,2025-11-11 00:10:00,2025-11-11 12:00:00,frozen_current_point_measurement_proxy,9.094947017729282e-13,0.001857600000050752,0,False
2025-11-12 00:00:00,2025-11-12 06:00:00,M2,6,35,71,10800.0,True,5421.9404468775,4200.945244348209,17,14,2025-10-29 00:00:00,2025-11-11 00:00:00,14,2025-10-15 00:00:00,2025-10-28 00:00:00,2025-11-12 00:10:00,2025-11-12 06:00:00,frozen_current_point_measurement_proxy,9.094947017729282e-13,0.0028319000000465167,0,False
2025-11-12 00:00:00,2025-11-12 12:00:00,M2,12,71,107,7082.501566907411,True,7181.438165351132,6759.823902866729,19,14,2025-10-29 00:00:00,2025-11-11 00:00:00,14,2025-10-15 00:00:00,2025-10-28 00:00:00,2025-11-12 00:10:00,2025-11-12 12:00:00,frozen_current_point_measurement_proxy,9.094947017729282e-13,0.0028443999999581138,0,False
2025-11-13 00:00:00,2025-11-13 06:00:00,M2,6,35,71,10800.0,False,2670.1715978790503,2859.177857227162,0,14,2025-10-30 00:00:00,2025-11-12 00:00:00,14,2025-10-16 00:00:00,2025-10-29 00:00:00,2025-11-13 00:10:00,2025-11-13 06:00:00,frozen_current_point_measurement_proxy,9.094947017729282e-13,0.0025749000000132582,0,False
2025-11-13 00:00:00,2025-11-13 12:00:00,M2,12,71,107,7616.8399985061715,False,6763.651449679429,7769.884732859835,0,14,2025-10-30 00:00:00,2025-11-12 00:00:00,14,2025-10-16 00:00:00,2025-10-29 00:00:00,2025-11-13 00:10:00,2025-11-13 12:00:00,frozen_current_point_measurement_proxy,9.094947017729282e-13,0.0020766999999750624,0,False
2025-11-14 00:00:00,2025-11-14 06:00:00,M2,6,35,71,7245.573593672842,False,-6304.694947905628,-6304.694947905628,0,14,2025-10-31 00:00:00,2025-11-13 00:00:00,14,2025-10-17 00:00:00,2025-10-30 00:00:00,2025-11-14 00:10:00,2025-11-14 06:00:00,frozen_current_point_measurement_proxy,4.547473508864641e-13,0.002276999999992313,0,False
2025-11-14 00:00:00,2025-11-14 12:00:00,M2,12,71,107,7497.573017006178,False,-3176.2441884838004,-3144.8422528488877,0,14,2025-10-31 00:00:00,2025-11-13 00:00:00,14,2025-10-17 00:00:00,2025-10-30 00:00:00,2025-11-14 00:10:00,2025-11-14 12:00:00,frozen_current_point_measurement_proxy,0.0,0.0020787000000268563,0,False
2025-11-15 00:00:00,2025-11-15 06:00:00,M2,6,35,71,8145.169199484573,False,-5412.324685588197,-5412.324685588197,0,14,2025-11-01 00:00:00,2025-11-14 00:00:00,14,2025-10-18 00:00:00,2025-10-31 00:00:00,2025-11-15 00:10:00,2025-11-15 06:00:00,frozen_current_point_measurement_proxy,9.094947017729282e-13,0.0023124999999595275,0,False
2025-11-15 00:00:00,2025-11-15 12:00:00,M2,12,71,107,7771.594429854943,True,-2770.9024811899185,-3069.5383059323017,16,14,2025-11-01 00:00:00,2025-11-14 00:00:00,14,2025-10-18 00:00:00,2025-10-31 00:00:00,2025-11-15 00:10:00,2025-11-15 12:00:00,frozen_current_point_measurement_proxy,1.1368683772161603e-13,0.0017690000000243344,0,False
2025-11-16 00:00:00,2025-11-16 06:00:00,M2,6,35,71,10800.0,True,7888.8472453478,5226.086241382363,17,14,2025-11-02 00:00:00,2025-11-15 00:00:00,14,2025-10-19 00:00:00,2025-11-01 00:00:00,2025-11-16 00:10:00,2025-11-16 06:00:00,frozen_current_point_measurement_proxy,9.094947017729282e-13,0.002713700000015251,0,False
2025-11-16 00:00:00,2025-11-16 12:00:00,M2,12,71,107,6846.733932808645,False,7785.647880450336,8520.499793937635,0,14,2025-11-02 00:00:00,2025-11-15 00:00:00,14,2025-10-19 00:00:00,2025-11-01 00:00:00,2025-11-16 00:10:00,2025-11-16 12:00:00,frozen_current_point_measurement_proxy,9.094947017729282e-13,0.0023427999999512394,0,False
2025-11-17 00:00:00,2025-11-17 06:00:00,M2,6,35,71,10800.0,True,6588.169501891144,5480.81592385249,14,14,2025-11-03 00:00:00,2025-11-16 00:00:00,14,2025-10-20 00:00:00,2025-11-02 00:00:00,2025-11-17 00:10:00,2025-11-17 06:00:00,frozen_current_point_measurement_proxy,1.8189894035458565e-12,0.002908300000001418,0,False
2025-11-17 00:00:00,2025-11-17 12:00:00,M2,12,71,107,8182.352900549386,False,6524.820181048171,6673.007563258779,0,14,2025-11-03 00:00:00,2025-11-16 00:00:00,14,2025-10-20 00:00:00,2025-11-02 00:00:00,2025-11-17 00:10:00,2025-11-17 12:00:00,frozen_current_point_measurement_proxy,4.547473508864641e-13,0.002059299999984887,0,False
2025-11-18 00:00:00,2025-11-18 06:00:00,M2,6,35,71,10800.0,True,4751.478241399469,4308.213235649036,12,14,2025-11-04 00:00:00,2025-11-17 00:00:00,14,2025-10-21 00:00:00,2025-11-03 00:00:00,2025-11-18 00:10:00,2025-11-18 06:00:00,frozen_current_point_measurement_proxy,9.094947017729282e-13,0.0024553000000082648,0,False
2025-11-18 00:00:00,2025-11-18 12:00:00,M2,12,71,107,3982.468817985673,False,10367.819198063047,11802.204640882219,0,14,2025-11-04 00:00:00,2025-11-17 00:00:00,14,2025-10-21 00:00:00,2025-11-03 00:00:00,2025-11-18 00:10:00,2025-11-18 12:00:00,frozen_current_point_measurement_proxy,9.094947017729282e-13,0.0020628999999985353,0,False
2025-11-19 00:00:00,2025-11-19 06:00:00,M2,6,35,71,10744.005455555556,True,13262.782774754316,7612.382258086432,21,14,2025-11-05 00:00:00,2025-11-18 00:00:00,14,2025-10-22 00:00:00,2025-11-04 00:00:00,2025-11-19 00:10:00,2025-11-19 06:00:00,frozen_current_point_measurement_proxy,9.094947017729282e-13,0.002777700000024197,0,False
2025-11-19 00:00:00,2025-11-19 12:00:00,M2,12,71,107,8317.063966237658,False,7773.97665180057,7850.576941181309,0,14,2025-11-05 00:00:00,2025-11-18 00:00:00,14,2025-10-22 00:00:00,2025-11-04 00:00:00,2025-11-19 00:10:00,2025-11-19 12:00:00,frozen_current_point_measurement_proxy,2.2737367544323206e-13,0.0020941999999877225,0,False
2025-11-20 00:00:00,2025-11-20 06:00:00,M2,6,35,71,10800.0,True,3841.746424380017,3520.9717607382495,13,14,2025-11-06 00:00:00,2025-11-19 00:00:00,14,2025-10-23 00:00:00,2025-11-05 00:00:00,2025-11-20 00:10:00,2025-11-20 06:00:00,frozen_current_point_measurement_proxy,9.094947017729282e-13,0.0030980000000226937,0,False
2025-11-20 00:00:00,2025-11-20 12:00:00,M2,12,71,107,6464.842262191358,False,8757.45536188022,9652.56249054054,0,14,2025-11-06 00:00:00,2025-11-19 00:00:00,14,2025-10-23 00:00:00,2025-11-05 00:00:00,2025-11-20 00:10:00,2025-11-20 12:00:00,frozen_current_point_measurement_proxy,4.547473508864641e-13,0.0021613999999772204,0,False
2025-11-21 00:00:00,2025-11-21 06:00:00,M2,6,35,71,7438.901852802472,True,-2180.677860220934,-3456.1485961947474,3,14,2025-11-07 00:00:00,2025-11-20 00:00:00,14,2025-10-24 00:00:00,2025-11-06 00:00:00,2025-11-21 00:10:00,2025-11-21 06:00:00,frozen_current_point_measurement_proxy,9.094947017729282e-13,0.002633000000002994,0,False
2025-11-21 00:00:00,2025-11-21 12:00:00,M2,12,71,107,7491.041842296299,False,-2867.7022308451037,-2855.5077410363615,0,14,2025-11-07 00:00:00,2025-11-20 00:00:00,14,2025-10-24 00:00:00,2025-11-06 00:00:00,2025-11-21 00:10:00,2025-11-21 12:00:00,frozen_current_point_measurement_proxy,1.1368683772161603e-13,0.0021452999999951317,0,False
2025-11-22 00:00:00,2025-11-22 06:00:00,M2,6,35,71,10065.752169956793,False,-5222.456363338327,-5222.456363338327,0,14,2025-11-08 00:00:00,2025-11-21 00:00:00,14,2025-10-25 00:00:00,2025-11-07 00:00:00,2025-11-22 00:10:00,2025-11-22 06:00:00,frozen_current_point_measurement_proxy,9.094947017729282e-13,0.0024721999999997024,0,False
2025-11-22 00:00:00,2025-11-22 12:00:00,M2,12,71,107,8344.484897734574,False,-2673.1206202870226,-2598.644447469108,0,14,2025-11-08 00:00:00,2025-11-21 00:00:00,14,2025-10-25 00:00:00,2025-11-07 00:00:00,2025-11-22 00:10:00,2025-11-22 12:00:00,frozen_current_point_measurement_proxy,9.094947017729282e-13,0.001839300000028743,0,False
2025-11-23 00:00:00,2025-11-23 06:00:00,M2,6,35,71,10782.912987037038,True,14442.232388532168,7891.552671899657,18,14,2025-11-09 00:00:00,2025-11-22 00:00:00,14,2025-10-26 00:00:00,2025-11-08 00:00:00,2025-11-23 00:10:00,2025-11-23 06:00:00,frozen_current_point_measurement_proxy,9.094947017729282e-13,0.002979600000003302,0,False
2025-11-23 00:00:00,2025-11-23 12:00:00,M2,12,71,107,6841.085303163576,True,7597.647123101017,7297.113176054711,14,14,2025-11-09 00:00:00,2025-11-22 00:00:00,14,2025-10-26 00:00:00,2025-11-08 00:00:00,2025-11-23 00:10:00,2025-11-23 12:00:00,frozen_current_point_measurement_proxy,9.094947017729282e-13,0.001893899999970472,0,False
2025-11-24 00:00:00,2025-11-24 06:00:00,M2,6,35,71,10800.0,False,3064.2108994731884,4100.849280655573,0,14,2025-11-10 00:00:00,2025-11-23 00:00:00,14,2025-10-27 00:00:00,2025-11-09 00:00:00,2025-11-24 00:10:00,2025-11-24 06:00:00,frozen_current_point_measurement_proxy,9.094947017729282e-13,0.0027473999999756415,0,False
2025-11-24 00:00:00,2025-11-24 12:00:00,M2,12,71,107,5824.29389460494,False,8084.090461440187,8370.737389921605,0,14,2025-11-10 00:00:00,2025-11-23 00:00:00,14,2025-10-27 00:00:00,2025-11-09 00:00:00,2025-11-24 00:10:00,2025-11-24 12:00:00,frozen_current_point_measurement_proxy,4.547473508864641e-13,0.0019611999999824548,0,False
2025-11-25 00:00:00,2025-11-25 06:00:00,M2,6,35,71,10732.158761833332,False,5742.160477189714,8386.882449123083,0,14,2025-11-11 00:00:00,2025-11-24 00:00:00,14,2025-10-28 00:00:00,2025-11-10 00:00:00,2025-11-25 00:10:00,2025-11-25 06:00:00,frozen_current_point_measurement_proxy,9.094947017729282e-13,0.002480800000000727,0,False
2025-11-25 00:00:00,2025-11-25 12:00:00,M2,12,71,107,7638.109722598769,True,12133.71685064968,9826.702717893839,30,14,2025-11-11 00:00:00,2025-11-24 00:00:00,14,2025-10-28 00:00:00,2025-11-10 00:00:00,2025-11-25 00:10:00,2025-11-25 12:00:00,frozen_current_point_measurement_proxy,9.094947017729282e-13,0.0018851000000381646,0,False
2025-11-26 00:00:00,2025-11-26 06:00:00,M2,6,35,71,10791.814129629629,True,8217.881588345424,7163.562261513486,11,14,2025-11-12 00:00:00,2025-11-25 00:00:00,14,2025-10-29 00:00:00,2025-11-11 00:00:00,2025-11-26 00:10:00,2025-11-26 06:00:00,frozen_current_point_measurement_proxy,7.275957614183426e-12,0.0026889999999752945,0,False
2025-11-26 00:00:00,2025-11-26 12:00:00,M2,12,71,107,6083.121392469134,True,10111.842358540247,9469.42641161608,28,14,2025-11-12 00:00:00,2025-11-25 00:00:00,14,2025-10-29 00:00:00,2025-11-11 00:00:00,2025-11-26 00:10:00,2025-11-26 12:00:00,frozen_current_point_measurement_proxy,0.0,0.0018405000000143446,0,False
2025-11-27 00:00:00,2025-11-27 06:00:00,M2,6,35,71,10775.942537037037,True,6641.941229988118,5382.221645202456,14,14,2025-11-13 00:00:00,2025-11-26 00:00:00,14,2025-10-30 00:00:00,2025-11-12 00:00:00,2025-11-27 00:10:00,2025-11-27 06:00:00,frozen_current_point_measurement_proxy,4.547473508864641e-13,0.0026957000000038533,0,False
2025-11-27 00:00:00,2025-11-27 12:00:00,M2,12,71,107,7453.606537925925,True,8878.969160938557,8553.983910033454,14,14,2025-11-13 00:00:00,2025-11-26 00:00:00,14,2025-10-30 00:00:00,2025-11-12 00:00:00,2025-11-27 00:10:00,2025-11-27 12:00:00,frozen_current_point_measurement_proxy,9.094947017729282e-13,0.0018784000000096057,0,False
2025-11-28 00:00:00,2025-11-28 06:00:00,M2,6,35,71,8483.702361876542,False,-4158.189125577418,-4158.189125577418,0,14,2025-11-14 00:00:00,2025-11-27 00:00:00,14,2025-10-31 00:00:00,2025-11-13 00:00:00,2025-11-28 00:10:00,2025-11-28 06:00:00,frozen_current_point_measurement_proxy,4.547473508864641e-13,0.002405199999998331,0,False
2025-11-28 00:00:00,2025-11-28 12:00:00,M2,12,71,107,6293.391251691355,False,-2837.757127567842,-2532.0122400273954,0,14,2025-11-14 00:00:00,2025-11-27 00:00:00,14,2025-10-31 00:00:00,2025-11-13 00:00:00,2025-11-28 00:10:00,2025-11-28 12:00:00,frozen_current_point_measurement_proxy,3.637978807091713e-12,0.0024763999999777297,0,False
2025-11-29 00:00:00,2025-11-29 06:00:00,M2,6,35,71,10800.0,False,-5416.454919586679,-4921.498530479696,0,14,2025-11-15 00:00:00,2025-11-28 00:00:00,14,2025-11-01 00:00:00,2025-11-14 00:00:00,2025-11-29 00:10:00,2025-11-29 06:00:00,frozen_current_point_measurement_proxy,4.547473508864641e-13,0.0032727000000249973,0,False
2025-11-29 00:00:00,2025-11-29 12:00:00,M2,12,71,107,8979.584201938269,True,-734.2298105688291,-1563.2556700129405,20,14,2025-11-15 00:00:00,2025-11-28 00:00:00,14,2025-11-01 00:00:00,2025-11-14 00:00:00,2025-11-29 00:10:00,2025-11-29 12:00:00,frozen_current_point_measurement_proxy,4.547473508864641e-13,0.0019419000000198139,0,False
2025-11-30 00:00:00,2025-11-30 06:00:00,M2,6,35,71,10797.930787037038,True,7165.002644864077,6478.923475325287,12,14,2025-11-16 00:00:00,2025-11-29 00:00:00,14,2025-11-02 00:00:00,2025-11-15 00:00:00,2025-11-30 00:10:00,2025-11-30 06:00:00,frozen_current_point_measurement_proxy,9.094947017729282e-13,0.00287869999999657,0,False
2025-11-30 00:00:00,2025-11-30 12:00:00,M2,12,71,107,6281.2622355308695,False,10144.398231802052,10381.000018814379,0,14,2025-11-16 00:00:00,2025-11-29 00:00:00,14,2025-11-02 00:00:00,2025-11-15 00:00:00,2025-11-30 00:10:00,2025-11-30 12:00:00,frozen_current_point_measurement_proxy,9.094947017729282e-13,0.0019776999999976397,0,False
2025-12-01 00:00:00,2025-12-01 06:00:00,M2,6,35,71,8471.17773525,True,22043.28656582121,11390.761497199253,25,14,2025-11-17 00:00:00,2025-11-30 00:00:00,14,2025-11-03 00:00:00,2025-11-16 00:00:00,2025-12-01 00:10:00,2025-12-01 06:00:00,frozen_current_point_measurement_proxy,2.2737367544323206e-13,0.0028460999999992964,0,False
2025-12-01 00:00:00,2025-12-01 12:00:00,M2,12,71,107,5613.28899075,False,13050.204364267334,14042.734670881759,0,14,2025-11-17 00:00:00,2025-11-30 00:00:00,14,2025-11-03 00:00:00,2025-11-16 00:00:00,2025-12-01 00:10:00,2025-12-01 12:00:00,frozen_current_point_measurement_proxy,2.2737367544323206e-13,0.002145600000005743,0,False
2025-12-02 00:00:00,2025-12-02 06:00:00,M2,6,35,71,8628.110465851852,True,24039.898037311814,12747.584396155642,26,14,2025-11-18 00:00:00,2025-12-01 00:00:00,14,2025-11-04 00:00:00,2025-11-17 00:00:00,2025-12-02 00:10:00,2025-12-02 06:00:00,frozen_current_point_measurement_proxy,9.094947017729282e-13,0.00308069999999816,0,False
2025-12-02 00:00:00,2025-12-02 12:00:00,M2,12,71,107,5742.4471385,False,13170.645565036277,13434.111251432387,0,14,2025-11-18 00:00:00,2025-12-01 00:00:00,14,2025-11-04 00:00:00,2025-11-17 00:00:00,2025-12-02 00:10:00,2025-12-02 12:00:00,frozen_current_point_measurement_proxy,9.094947017729282e-13,0.001911600000028102,0,False
2025-12-03 00:00:00,2025-12-03 06:00:00,M2,6,35,71,8818.710844092597,True,27470.398947748938,13429.466798953536,27,14,2025-11-19 00:00:00,2025-12-02 00:00:00,14,2025-11-05 00:00:00,2025-11-18 00:00:00,2025-12-03 00:10:00,2025-12-03 06:00:00,frozen_current_point_measurement_proxy,2.2737367544323206e-13,0.0026543999999830703,0,False
2025-12-03 00:00:00,2025-12-03 12:00:00,M2,12,71,107,7755.743943487658,False,11873.410001266699,14184.428807476212,0,14,2025-11-19 00:00:00,2025-12-02 00:00:00,14,2025-11-05 00:00:00,2025-11-18 00:00:00,2025-12-03 00:10:00,2025-12-03 12:00:00,frozen_current_point_measurement_proxy,9.094947017729282e-13,0.0023264999999810243,0,False
2025-12-04 00:00:00,2025-12-04 06:00:00,M2,6,35,71,8644.144502518524,True,26495.05924469753,13302.387364322507,20,14,2025-11-20 00:00:00,2025-12-03 00:00:00,14,2025-11-06 00:00:00,2025-11-19 00:00:00,2025-12-04 00:10:00,2025-12-04 06:00:00,frozen_current_point_measurement_proxy,9.094947017729282e-13,0.003163599999993494,0,False
2025-12-04 00:00:00,2025-12-04 12:00:00,M2,12,71,107,4247.480802487651,False,14177.30324374927,14874.118649488784,0,14,2025-11-20 00:00:00,2025-12-03 00:00:00,14,2025-11-06 00:00:00,2025-11-19 00:00:00,2025-12-04 00:10:00,2025-12-04 12:00:00,frozen_current_point_measurement_proxy,2.2737367544323206e-13,0.0022524000000316846,0,False
2025-12-05 00:00:00,2025-12-05 06:00:00,M2,6,35,71,8776.711876185183,True,5582.33623259335,-51.5394333607367,9,14,2025-11-21 00:00:00,2025-12-04 00:00:00,14,2025-11-07 00:00:00,2025-11-20 00:00:00,2025-12-05 00:10:00,2025-12-05 06:00:00,frozen_current_point_measurement_proxy,9.094947017729282e-13,0.0026337999999554995,0,False
2025-12-05 00:00:00,2025-12-05 12:00:00,M2,12,71,107,6556.256686796301,False,-392.81408496333466,638.3994896550264,0,14,2025-11-21 00:00:00,2025-12-04 00:00:00,14,2025-11-07 00:00:00,2025-11-20 00:00:00,2025-12-05 00:10:00,2025-12-05 12:00:00,frozen_current_point_measurement_proxy,9.094947017729282e-13,0.0022635999999920386,0,False
2025-12-06 00:00:00,2025-12-06 06:00:00,M2,6,35,71,8850.26799203704,True,7586.045112663855,715.4803194580638,7,14,2025-11-22 00:00:00,2025-12-05 00:00:00,14,2025-11-08 00:00:00,2025-11-21 00:00:00,2025-12-06 00:10:00,2025-12-06 06:00:00,frozen_current_point_measurement_proxy,9.094947017729282e-13,0.0026064999999562133,0,False
2025-12-06 00:00:00,2025-12-06 12:00:00,M2,12,71,107,4570.553949595682,False,310.64435436948185,1220.9434099246478,0,14,2025-11-22 00:00:00,2025-12-05 00:00:00,14,2025-11-08 00:00:00,2025-11-21 00:00:00,2025-12-06 00:10:00,2025-12-06 12:00:00,frozen_current_point_measurement_proxy,9.094947017729282e-13,0.0019472999999834428,0,False
2025-12-07 00:00:00,2025-12-07 06:00:00,M2,6,35,71,9013.65484931436,True,15712.364353732879,10861.74243520256,22,14,2025-11-23 00:00:00,2025-12-06 00:00:00,14,2025-11-09 00:00:00,2025-11-22 00:00:00,2025-12-07 00:10:00,2025-12-07 06:00:00,frozen_current_point_measurement_proxy,9.094947017729282e-13,0.0030648000000041975,0,False
2025-12-07 00:00:00,2025-12-07 12:00:00,M2,12,71,107,3745.0689089164393,False,15148.184171201761,16418.979932955295,0,14,2025-11-23 00:00:00,2025-12-06 00:00:00,14,2025-11-09 00:00:00,2025-11-22 00:00:00,2025-12-07 00:10:00,2025-12-07 12:00:00,frozen_current_point_measurement_proxy,0.0,0.0021730999999931555,0,False
2025-12-08 00:00:00,2025-12-08 06:00:00,M2,6,35,71,10232.033490222224,False,10036.61619728152,10231.270063120859,0,14,2025-11-24 00:00:00,2025-12-07 00:00:00,14,2025-11-10 00:00:00,2025-11-23 00:00:00,2025-12-08 00:10:00,2025-12-08 06:00:00,frozen_current_point_measurement_proxy,9.094947017729282e-13,0.002844200000026831,0,False
2025-12-08 00:00:00,2025-12-08 12:00:00,M2,12,71,107,7035.811232932099,True,12689.725710561208,12275.298823108145,15,14,2025-11-24 00:00:00,2025-12-07 00:00:00,14,2025-11-10 00:00:00,2025-11-23 00:00:00,2025-12-08 00:10:00,2025-12-08 12:00:00,frozen_current_point_measurement_proxy,1.8189894035458565e-12,0.0029556000000070526,0,False
2025-12-09 00:00:00,2025-12-09 06:00:00,M2,6,35,71,10450.123646685193,False,8846.10210412511,9727.2617325991,0,14,2025-11-25 00:00:00,2025-12-08 00:00:00,14,2025-11-11 00:00:00,2025-11-24 00:00:00,2025-12-09 00:10:00,2025-12-09 06:00:00,frozen_current_point_measurement_proxy,9.094947017729282e-13,0.0028587999999558633,0,False
2025-12-09 00:00:00,2025-12-09 12:00:00,M2,12,71,107,6633.611996518527,True,12644.366177681964,12430.892796688213,23,14,2025-11-25 00:00:00,2025-12-08 00:00:00,14,2025-11-11 00:00:00,2025-11-24 00:00:00,2025-12-09 00:10:00,2025-12-09 12:00:00,frozen_current_point_measurement_proxy,9.094947017729282e-13,0.0020839999999680003,0,False
2025-12-10 00:00:00,2025-12-10 06:00:00,M2,6,35,71,10291.329854092595,True,12288.614391547282,9845.773933672772,25,14,2025-11-26 00:00:00,2025-12-09 00:00:00,14,2025-11-12 00:00:00,2025-11-25 00:00:00,2025-12-10 00:10:00,2025-12-10 06:00:00,frozen_current_point_measurement_proxy,4.547473508864641e-13,0.00288829999999507,0,False
2025-12-10 00:00:00,2025-12-10 12:00:00,M2,12,71,107,6746.9566196846245,False,12645.03643787369,12688.855828668677,0,14,2025-11-26 00:00:00,2025-12-09 00:00:00,14,2025-11-12 00:00:00,2025-11-25 00:00:00,2025-12-10 00:10:00,2025-12-10 12:00:00,frozen_current_point_measurement_proxy,0.0,0.0018282000000340304,0,False
2025-12-11 00:00:00,2025-12-11 06:00:00,M2,6,35,71,10778.136490740733,False,8508.892215132813,9965.002002215213,0,14,2025-11-27 00:00:00,2025-12-10 00:00:00,14,2025-11-13 00:00:00,2025-11-26 00:00:00,2025-12-11 00:10:00,2025-12-11 06:00:00,frozen_current_point_measurement_proxy,9.094947017729282e-13,0.0025650999999697888,0,False
2025-12-11 00:00:00,2025-12-11 12:00:00,M2,12,71,107,6235.426145820988,True,12932.857156180957,12122.623829682314,30,14,2025-11-27 00:00:00,2025-12-10 00:00:00,14,2025-11-13 00:00:00,2025-11-26 00:00:00,2025-12-11 00:10:00,2025-12-11 12:00:00,frozen_current_point_measurement_proxy,9.094947017729282e-13,0.0021227999999950953,0,False
2025-12-12 00:00:00,2025-12-12 06:00:00,M2,6,35,71,10486.161646907409,True,-254.85858766135178,-1326.8174257595892,8,14,2025-11-28 00:00:00,2025-12-11 00:00:00,14,2025-11-14 00:00:00,2025-11-27 00:00:00,2025-12-12 00:10:00,2025-12-12 06:00:00,frozen_current_point_measurement_proxy,9.094947017729282e-13,0.002594299999998384,0,False
2025-12-12 00:00:00,2025-12-12 12:00:00,M2,12,71,107,6959.034609746908,False,40.12453436548731,95.28347177592526,0,14,2025-11-28 00:00:00,2025-12-11 00:00:00,14,2025-11-14 00:00:00,2025-11-27 00:00:00,2025-12-12 00:10:00,2025-12-12 12:00:00,frozen_current_point_measurement_proxy,9.094947017729282e-13,0.0019515000000183136,0,False
2025-12-13 00:00:00,2025-12-13 06:00:00,M2,6,35,71,10630.22376805556,False,-3126.985798836514,-3070.6458431541623,0,14,2025-11-29 00:00:00,2025-12-12 00:00:00,14,2025-11-15 00:00:00,2025-11-28 00:00:00,2025-12-13 00:10:00,2025-12-13 06:00:00,frozen_current_point_measurement_proxy,9.094947017729282e-13,0.0025227999999515305,0,False
2025-12-13 00:00:00,2025-12-13 12:00:00,M2,12,71,107,6517.741535481491,False,-310.42736767080714,-119.0022944135342,0,14,2025-11-29 00:00:00,2025-12-12 00:00:00,14,2025-11-15 00:00:00,2025-11-28 00:00:00,2025-12-13 00:10:00,2025-12-13 12:00:00,frozen_current_point_measurement_proxy,4.547473508864641e-13,0.0019904999999766915,0,False
2025-12-14 00:00:00,2025-12-14 06:00:00,M2,6,35,71,10786.633912962963,True,10189.49737358502,9518.919906666835,26,14,2025-11-30 00:00:00,2025-12-13 00:00:00,14,2025-11-16 00:00:00,2025-11-29 00:00:00,2025-12-14 00:10:00,2025-12-14 06:00:00,frozen_current_point_measurement_proxy,1.8189894035458565e-12,0.0026412999999934073,0,False
2025-12-14 00:00:00,2025-12-14 12:00:00,M2,12,71,107,6185.390869398155,False,12635.293062981003,12793.08797367252,0,14,2025-11-30 00:00:00,2025-12-13 00:00:00,14,2025-11-16 00:00:00,2025-11-29 00:00:00,2025-12-14 00:10:00,2025-12-14 12:00:00,frozen_current_point_measurement_proxy,0.0,0.0021266999999625114,0,False
2025-12-15 00:00:00,2025-12-15 06:00:00,M2,6,35,71,10800.0,True,10440.627287655292,9783.582832184884,17,14,2025-12-01 00:00:00,2025-12-14 00:00:00,14,2025-11-17 00:00:00,2025-11-30 00:00:00,2025-12-15 00:10:00,2025-12-15 06:00:00,frozen_current_point_measurement_proxy,9.094947017729282e-13,0.0024639999999749307,0,False
2025-12-15 00:00:00,2025-12-15 12:00:00,M2,12,71,107,4819.94007045061,False,12209.907596588686,12504.1144838008,0,14,2025-12-01 00:00:00,2025-12-14 00:00:00,14,2025-11-17 00:00:00,2025-11-30 00:00:00,2025-12-15 00:10:00,2025-12-15 12:00:00,frozen_current_point_measurement_proxy,0.0,0.0019444999999791435,0,False
2025-12-16 00:00:00,2025-12-16 06:00:00,M2,6,35,71,10800.0,False,10144.094189974696,11709.273967878895,0,14,2025-12-02 00:00:00,2025-12-15 00:00:00,14,2025-11-18 00:00:00,2025-12-01 00:00:00,2025-12-16 00:10:00,2025-12-16 06:00:00,frozen_current_point_measurement_proxy,9.094947017729282e-13,0.002786800000023959,0,False
2025-12-16 00:00:00,2025-12-16 12:00:00,M2,12,71,107,6852.42166429012,True,13486.54175817181,12777.006119076472,26,14,2025-12-02 00:00:00,2025-12-15 00:00:00,14,2025-11-18 00:00:00,2025-12-01 00:00:00,2025-12-16 00:10:00,2025-12-16 12:00:00,frozen_current_point_measurement_proxy,2.2737367544323206e-13,0.0019271000000458116,0,False
2025-12-17 00:00:00,2025-12-17 06:00:00,M2,6,35,71,10791.049775925925,False,9606.871635132158,11217.250820332234,0,14,2025-12-03 00:00:00,2025-12-16 00:00:00,14,2025-11-19 00:00:00,2025-12-02 00:00:00,2025-12-17 00:10:00,2025-12-17 06:00:00,frozen_current_point_measurement_proxy,0.0,0.0030327000000056614,0,False
2025-12-17 00:00:00,2025-12-17 12:00:00,M2,12,71,107,8199.723588728395,True,12738.658475699265,11709.306622969512,30,14,2025-12-03 00:00:00,2025-12-16 00:00:00,14,2025-11-19 00:00:00,2025-12-02 00:00:00,2025-12-17 00:10:00,2025-12-17 12:00:00,frozen_current_point_measurement_proxy,9.094947017729282e-13,0.0019171000000142158,0,False
2025-12-18 00:00:00,2025-12-18 06:00:00,M2,6,35,71,10800.0,False,9766.847042870188,9980.7339577796,0,14,2025-12-04 00:00:00,2025-12-17 00:00:00,14,2025-11-20 00:00:00,2025-12-03 00:00:00,2025-12-18 00:10:00,2025-12-18 06:00:00,frozen_current_point_measurement_proxy,0.0,0.0025861000000304557,0,False
2025-12-18 00:00:00,2025-12-18 12:00:00,M2,12,71,107,6633.477225635801,True,11359.36786322758,11316.460775649419,26,14,2025-12-04 00:00:00,2025-12-17 00:00:00,14,2025-11-20 00:00:00,2025-12-03 00:00:00,2025-12-18 00:10:00,2025-12-18 12:00:00,frozen_current_point_measurement_proxy,9.094947017729282e-13,0.0017931000000430686,0,False
2025-12-19 00:00:00,2025-12-19 06:00:00,M2,6,35,71,10800.0,False,-3033.3925328174882,-3033.3925328174882,0,14,2025-12-05 00:00:00,2025-12-18 00:00:00,14,2025-11-21 00:00:00,2025-12-04 00:00:00,2025-12-19 00:10:00,2025-12-19 06:00:00,frozen_current_point_measurement_proxy,0.0,0.0026137999999491512,0,False
2025-12-19 00:00:00,2025-12-19 12:00:00,M2,12,71,107,6292.108930919755,True,-589.449373686877,-1010.2892897555719,20,14,2025-12-05 00:00:00,2025-12-18 00:00:00,14,2025-11-21 00:00:00,2025-12-04 00:00:00,2025-12-19 00:10:00,2025-12-19 12:00:00,frozen_current_point_measurement_proxy,0.0,0.002004999999996926,0,False
2025-12-20 00:00:00,2025-12-20 06:00:00,M2,6,35,71,10800.0,False,-2762.8439069816786,-1403.5814800149835,0,14,2025-12-06 00:00:00,2025-12-19 00:00:00,14,2025-11-22 00:00:00,2025-12-05 00:00:00,2025-12-20 00:10:00,2025-12-20 06:00:00,frozen_current_point_measurement_proxy,1.8189894035458565e-12,0.0033077000000503176,0,False
2025-12-20 00:00:00,2025-12-20 12:00:00,M2,12,71,107,7611.828942574073,True,-319.8342063561376,-1351.6940175341758,23,14,2025-12-06 00:00:00,2025-12-19 00:00:00,14,2025-11-22 00:00:00,2025-12-05 00:00:00,2025-12-20 00:10:00,2025-12-20 12:00:00,frozen_current_point_measurement_proxy,0.0,0.0018114000000082342,0,False
2025-12-21 00:00:00,2025-12-21 06:00:00,M2,6,35,71,10800.0,False,9331.454167277016,10441.675607237192,0,14,2025-12-07 00:00:00,2025-12-20 00:00:00,14,2025-11-23 00:00:00,2025-12-06 00:00:00,2025-12-21 00:10:00,2025-12-21 06:00:00,frozen_current_point_measurement_proxy,0.0,0.0026038999999968837,0,False
2025-12-21 00:00:00,2025-12-21 12:00:00,M2,12,71,107,6619.374350827159,True,12529.290144817885,12400.935048097557,17,14,2025-12-07 00:00:00,2025-12-20 00:00:00,14,2025-11-23 00:00:00,2025-12-06 00:00:00,2025-12-21 00:10:00,2025-12-21 12:00:00,frozen_current_point_measurement_proxy,4.547473508864641e-13,0.0019329000000425367,0,False
2025-12-22 00:00:00,2025-12-22 06:00:00,M2,6,35,71,10800.0,False,9456.815905219017,10874.919262313397,0,14,2025-12-08 00:00:00,2025-12-21 00:00:00,14,2025-11-24 00:00:00,2025-12-07 00:00:00,2025-12-22 00:10:00,2025-12-22 06:00:00,frozen_current_point_measurement_proxy,9.094947017729282e-13,0.002498199999990902,0,False
2025-12-22 00:00:00,2025-12-22 12:00:00,M2,12,71,107,6333.4776958950615,True,11934.23623311956,11765.012550496369,20,14,2025-12-08 00:00:00,2025-12-21 00:00:00,14,2025-11-24 00:00:00,2025-12-07 00:00:00,2025-12-22 00:10:00,2025-12-22 12:00:00,frozen_current_point_measurement_proxy,9.094947017729282e-13,0.0017895999999950618,0,False
2025-12-23 00:00:00,2025-12-23 06:00:00,M2,6,35,71,10800.0,False,9222.921660679802,10622.367670155567,0,14,2025-12-09 00:00:00,2025-12-22 00:00:00,14,2025-11-25 00:00:00,2025-12-08 00:00:00,2025-12-23 00:10:00,2025-12-23 06:00:00,frozen_current_point_measurement_proxy,1.8189894035458565e-12,0.0023638000000119064,0,False
2025-12-23 00:00:00,2025-12-23 12:00:00,M2,12,71,107,7822.962310456791,True,12058.523383978709,11028.161722362407,30,14,2025-12-09 00:00:00,2025-12-22 00:00:00,14,2025-11-25 00:00:00,2025-12-08 00:00:00,2025-12-23 00:10:00,2025-12-23 12:00:00,frozen_current_point_measurement_proxy,9.094947017729282e-13,0.002254100000016024,0,False
2025-12-24 00:00:00,2025-12-24 06:00:00,M2,6,35,71,10800.0,False,9462.847079879992,10678.687340956245,0,14,2025-12-10 00:00:00,2025-12-23 00:00:00,14,2025-11-26 00:00:00,2025-12-09 00:00:00,2025-12-24 00:10:00,2025-12-24 06:00:00,frozen_current_point_measurement_proxy,9.094947017729282e-13,0.002493500000014137,0,False
2025-12-24 00:00:00,2025-12-24 12:00:00,M2,12,71,107,6890.432915975307,True,12651.659294079904,11853.010731765577,25,14,2025-12-10 00:00:00,2025-12-23 00:00:00,14,2025-11-26 00:00:00,2025-12-09 00:00:00,2025-12-24 00:10:00,2025-12-24 12:00:00,frozen_current_point_measurement_proxy,9.094947017729282e-13,0.0017076999999972031,0,False
2025-12-25 00:00:00,2025-12-25 06:00:00,M2,6,35,71,10800.0,False,8227.13861773022,9038.102667734343,0,14,2025-12-11 00:00:00,2025-12-24 00:00:00,14,2025-11-27 00:00:00,2025-12-10 00:00:00,2025-12-25 00:10:00,2025-12-25 06:00:00,frozen_current_point_measurement_proxy,1.8189894035458565e-12,0.0026474000000007436,0,False
2025-12-25 00:00:00,2025-12-25 12:00:00,M2,12,71,107,5536.903568549382,False,11511.67739634653,12233.50304048883,0,14,2025-12-11 00:00:00,2025-12-24 00:00:00,14,2025-11-27 00:00:00,2025-12-10 00:00:00,2025-12-25 00:10:00,2025-12-25 12:00:00,frozen_current_point_measurement_proxy,1.8189894035458565e-12,0.002076399999964451,0,False
2025-12-26 00:00:00,2025-12-26 06:00:00,M2,6,35,71,10800.0,False,-3188.775437968572,-2392.9334078536676,0,14,2025-12-12 00:00:00,2025-12-25 00:00:00,14,2025-11-28 00:00:00,2025-12-11 00:00:00,2025-12-26 00:10:00,2025-12-26 06:00:00,frozen_current_point_measurement_proxy,4.547473508864641e-13,0.002277699999979177,0,False
2025-12-26 00:00:00,2025-12-26 12:00:00,M2,12,71,107,6062.217564216052,True,-631.9826881825265,-720.14210197967,17,14,2025-12-12 00:00:00,2025-12-25 00:00:00,14,2025-11-28 00:00:00,2025-12-11 00:00:00,2025-12-26 00:10:00,2025-12-26 12:00:00,frozen_current_point_measurement_proxy,9.094947017729282e-13,0.0019419999999854554,0,False
2025-12-27 00:00:00,2025-12-27 06:00:00,M2,6,35,71,10800.0,False,-3046.835822450939,-2339.50889128548,0,14,2025-12-13 00:00:00,2025-12-26 00:00:00,14,2025-11-29 00:00:00,2025-12-12 00:00:00,2025-12-27 00:10:00,2025-12-27 06:00:00,frozen_current_point_measurement_proxy,0.0,0.0023429999999962092,0,False
2025-12-27 00:00:00,2025-12-27 12:00:00,M2,12,71,107,6842.431530358024,True,-674.4763324724055,-1151.1171436390207,22,14,2025-12-13 00:00:00,2025-12-26 00:00:00,14,2025-11-29 00:00:00,2025-12-12 00:00:00,2025-12-27 00:10:00,2025-12-27 12:00:00,frozen_current_point_measurement_proxy,0.0,0.0019709000000034393,0,False
2025-12-28 00:00:00,2025-12-28 06:00:00,M2,6,35,71,10800.0,False,9284.961391358029,10460.95838201192,0,14,2025-12-14 00:00:00,2025-12-27 00:00:00,14,2025-11-30 00:00:00,2025-12-13 00:00:00,2025-12-28 00:10:00,2025-12-28 06:00:00,frozen_current_point_measurement_proxy,2.2737367544323206e-13,0.002385399999980109,0,False
2025-12-28 00:00:00,2025-12-28 12:00:00,M2,12,71,107,6221.590531722221,True,12438.5754722892,11435.62599537215,27,14,2025-12-14 00:00:00,2025-12-27 00:00:00,14,2025-11-30 00:00:00,2025-12-13 00:00:00,2025-12-28 00:10:00,2025-12-28 12:00:00,frozen_current_point_measurement_proxy,1.8189894035458565e-12,0.0017799999999965621,0,False
2025-12-29 00:00:00,2025-12-29 06:00:00,M2,6,35,71,10800.0,True,10026.520928938513,9869.703220614905,24,14,2025-12-15 00:00:00,2025-12-28 00:00:00,14,2025-12-01 00:00:00,2025-12-14 00:00:00,2025-12-29 00:10:00,2025-12-29 06:00:00,frozen_current_point_measurement_proxy,4.547473508864641e-13,0.002652699999998731,0,False
2025-12-29 00:00:00,2025-12-29 12:00:00,M2,12,71,107,7435.833309552473,True,12365.896413874007,11716.317552461376,24,14,2025-12-15 00:00:00,2025-12-28 00:00:00,14,2025-12-01 00:00:00,2025-12-14 00:00:00,2025-12-29 00:10:00,2025-12-29 12:00:00,frozen_current_point_measurement_proxy,9.094947017729282e-13,0.001951599999983955,0,False
2025-12-30 00:00:00,2025-12-30 06:00:00,M2,6,35,71,10800.0,True,9741.263866973999,9416.649059380665,21,14,2025-12-16 00:00:00,2025-12-29 00:00:00,14,2025-12-02 00:00:00,2025-12-15 00:00:00,2025-12-30 00:10:00,2025-12-30 06:00:00,frozen_current_point_measurement_proxy,9.094947017729282e-13,0.002919499999961772,0,False
2025-12-30 00:00:00,2025-12-30 12:00:00,M2,12,71,107,6026.631597990744,True,12751.86925962006,11629.146712726568,30,14,2025-12-16 00:00:00,2025-12-29 00:00:00,14,2025-12-02 00:00:00,2025-12-15 00:00:00,2025-12-30 00:10:00,2025-12-30 12:00:00,frozen_current_point_measurement_proxy,9.094947017729282e-13,0.001800600000024133,0,False
2025-12-31 00:00:00,2025-12-31 06:00:00,M2,6,35,71,10800.0,False,9578.531671663199,10417.592066556394,0,14,2025-12-17 00:00:00,2025-12-30 00:00:00,14,2025-12-03 00:00:00,2025-12-16 00:00:00,2025-12-31 00:10:00,2025-12-31 06:00:00,frozen_current_point_measurement_proxy,1.8189894035458565e-12,0.003049499999974614,0,False
2025-12-31 00:00:00,2025-12-31 12:00:00,M2,12,71,107,6640.144344586422,True,12181.804521933165,11765.351435464949,23,14,2025-12-17 00:00:00,2025-12-30 00:00:00,14,2025-12-03 00:00:00,2025-12-16 00:00:00,2025-12-31 00:10:00,2025-12-31 12:00:00,frozen_current_point_measurement_proxy,9.094947017729282e-13,0.0017894000000069354,0,False
