natural_day,block,charge_kwh,discharge_kwh,interval_count
2025-02-01,0:00-4:00,1879.2501933065819,18.89617166666659,24
2025-02-01,4:00-8:00,11.49432532921815,6329.008316666665,24
2025-02-01,8:00-12:00,4475.64095,977.6501999999999,24
2025-02-01,12:00-16:00,4575.600411069958,60.17316361111159,24
2025-02-01,16:00-20:00,49.17491833333327,5928.19341361111,24
2025-02-01,20:00-24:00,8516.233368333333,2703.5328216666667,24
2025-02-02,0:00-4:00,2066.5927058504767,35.01191333333338,24
2025-02-02,4:00-8:00,1184.2934399657063,869.1341638888889,24
2025-02-02,8:00-12:00,5117.996497777777,7455.163173333332,24
2025-02-02,12:00-16:00,5765.6911637448575,1360.6238324999995,24
2025-02-02,16:00-20:00,162.4396999999998,5265.367224858333,24
2025-02-02,20:00-24:00,8470.946100000001,3508.7311429749993,24
2025-02-03,0:00-4:00,2134.265452201647,44.54381999999964,24
2025-02-03,4:00-8:00,1033.6088370301786,740.3784844444443,24
2025-02-03,8:00-12:00,5110.261978333332,7431.891129999999,24
2025-02-03,12:00-16:00,6047.884060010286,1700.7721161111099,24
2025-02-03,16:00-20:00,115.48147611111153,5113.768542388882,24
2025-02-03,20:00-24:00,8498.935715833333,3435.020704516366,24
2025-02-04,0:00-4:00,2060.1550738473475,3.0493333333333794,24
2025-02-04,4:00-8:00,787.0739725651548,637.5299177777778,24
2025-02-04,8:00-12:00,5057.084928333334,7745.577765000002,24
2025-02-04,12:00-16:00,6657.409881893005,2420.058738888887,24
2025-02-04,16:00-20:00,84.72719222222224,5113.043406944449,24
2025-02-04,20:00-24:00,8427.086726666666,2933.4005008333334,24
2025-02-05,0:00-4:00,1979.4844893312788,0.0,24
2025-02-05,4:00-8:00,1182.5935312105655,740.2375133333334,24
2025-02-05,8:00-12:00,4687.301997222221,8339.244991111114,24
2025-02-05,12:00-16:00,7570.652433504801,1590.880739166666,24
2025-02-05,16:00-20:00,93.58928749999973,5068.352350133329,24
2025-02-05,20:00-24:00,8550.415904166664,3550.961933333333,24
2025-02-06,0:00-4:00,1840.4602889917635,0.0,24
2025-02-06,4:00-8:00,987.3075088751737,663.9145388888888,24
2025-02-06,8:00-12:00,5040.829526666666,7631.135948888888,24
2025-02-06,12:00-16:00,6601.305244687934,1908.147366388889,24
2025-02-06,16:00-20:00,166.28095222222282,4865.770564111111,24
2025-02-06,20:00-24:00,8419.807999166667,3684.1534149999998,24
2025-02-07,0:00-4:00,2115.7036633539024,32.59517333333338,24
2025-02-07,4:00-8:00,28.668253065845622,5867.82644683889,24
2025-02-07,8:00-12:00,4257.584283333334,1376.3880333333332,24
2025-02-07,12:00-16:00,4685.89038354595,20.193946388889117,24
2025-02-07,16:00-20:00,46.052635802466625,5811.308085402778,24
2025-02-07,20:00-24:00,8409.911808333332,2829.2502866666673,24
2025-02-08,0:00-4:00,704.9011716666666,32.78960499999994,24
2025-02-08,4:00-8:00,302.0139628566556,6021.69755,24
2025-02-08,8:00-12:00,5571.866933333333,617.2230666666668,24
2025-02-08,12:00-16:00,3894.219586927294,107.92938777777783,24
2025-02-08,16:00-20:00,9.564667777777913,5963.1996031222225,24
2025-02-08,20:00-24:00,8610.923439999999,2332.639704166667,24
2025-02-09,0:00-4:00,1305.7823634773636,31.09474166666655,24
2025-02-09,4:00-8:00,1354.062287400548,702.2060977777777,24
2025-02-09,8:00-12:00,5410.080099999999,6982.398272777778,24
2025-02-09,12:00-16:00,5476.7592621399135,1835.9416105555547,24
2025-02-09,16:00-20:00,25.279889917694856,5058.586000833333,24
2025-02-09,20:00-24:00,8366.378306666666,3573.838018333333,24
2025-02-10,0:00-4:00,1883.9125748251004,35.531510000000026,24
2025-02-10,4:00-8:00,1675.30984208848,1694.8648899999996,24
2025-02-10,8:00-12:00,5026.282786666667,5740.97845,24
2025-02-10,12:00-16:00,4581.100409506174,1358.3948166666664,24
2025-02-10,16:00-20:00,34.8769759945139,5047.915130555556,24
2025-02-10,20:00-24:00,8354.815709999999,3620.2532316666666,24
2025-02-11,0:00-4:00,1950.8730831687271,49.33557000000019,24
2025-02-11,4:00-8:00,1327.9398950000036,2355.596678733336,24
2025-02-11,8:00-12:00,4901.870119444444,6743.572149999999,24
2025-02-11,12:00-16:00,6698.470468395066,1186.5249833333335,24
2025-02-11,16:00-20:00,136.06155166666713,5133.55592052222,24
2025-02-11,20:00-24:00,8386.268898333332,3468.232729961117,24
2025-02-12,0:00-4:00,1976.9011208333345,22.30519666666646,24
2025-02-12,4:00-8:00,1427.679601574073,1737.584176111111,24
2025-02-12,8:00-12:00,5110.277951666666,6210.197926666668,24
2025-02-12,12:00-16:00,4913.44363406035,1960.6898430555548,24
2025-02-12,16:00-20:00,42.73918416666743,4861.6988097305575,24
2025-02-12,20:00-24:00,8323.784844166667,2904.9343903833283,24
2025-02-13,0:00-4:00,1755.8288316666662,132.34583166666687,24
2025-02-13,4:00-8:00,1702.0604634876536,2851.141124444446,24
2025-02-13,8:00-12:00,5145.406502777778,5044.668966666666,24
2025-02-13,12:00-16:00,4656.564077379971,824.1787150000001,24
2025-02-13,16:00-20:00,84.81681574760026,5108.8140457555555,24
2025-02-13,20:00-24:00,7167.153847777814,3594.8046452000003,24
2025-02-14,0:00-4:00,867.3374640123095,121.71056500000003,24
2025-02-14,4:00-8:00,1139.4052283333335,5941.7273749999995,24
2025-02-14,8:00-12:00,4695.020283333333,428.8094333333333,24
2025-02-14,12:00-16:00,4818.424977201648,13.06143555555559,24
2025-02-14,16:00-20:00,31.398658888889145,6259.968272777778,24
2025-02-14,20:00-24:00,5466.588983800095,2322.787045833333,24
2025-02-15,0:00-4:00,762.0549632780944,257.61313166666673,24
2025-02-15,4:00-8:00,983.9691952777775,5270.389208133332,24
2025-02-15,8:00-12:00,5454.897849999999,313.695,24
2025-02-15,12:00-16:00,5125.181822788066,0.0,24
2025-02-15,16:00-20:00,0.0,6028.138964444444,24
2025-02-15,20:00-24:00,8185.019984166665,2355.4288630555534,24
2025-02-16,0:00-4:00,1476.5334264506146,168.74467666666658,24
2025-02-16,4:00-8:00,1819.8841172222214,2163.9607511111117,24
2025-02-16,8:00-12:00,5036.275191666666,6735.169466666666,24
2025-02-16,12:00-16:00,5361.423389286681,1135.5405877777775,24
2025-02-16,16:00-20:00,251.62171777777792,4760.499737433332,24
2025-02-16,20:00-24:00,8333.907606666666,2935.455385825,24
2025-02-17,0:00-4:00,1248.2880485905357,222.06653833333314,24
2025-02-17,4:00-8:00,1963.0285116666669,1856.9612844444446,24
2025-02-17,8:00-12:00,5222.337622222221,4814.128416666666,24
2025-02-17,12:00-16:00,2483.486805850472,799.4328199999986,24
2025-02-17,16:00-20:00,221.2003275111116,4689.471219645113,24
2025-02-17,20:00-24:00,8273.400804166666,3648.9050616666655,24
2025-02-18,0:00-4:00,1723.1851384465006,185.40622500000018,24
2025-02-18,4:00-8:00,2121.4424777777767,1757.5678532499999,24
2025-02-18,8:00-12:00,5103.790865277778,5057.641716666667,24
2025-02-18,12:00-16:00,2483.421895655001,1273.1666616666664,24
2025-02-18,16:00-20:00,194.41253750000078,4429.105732777777,24
2025-02-18,20:00-24:00,8549.240973333333,3021.8034899111076,24
2025-02-19,0:00-4:00,914.4814929320997,403.3813833333328,24
2025-02-19,4:00-8:00,1907.3475472222217,3727.2584805555575,24
2025-02-19,8:00-12:00,4497.985882222221,5498.486373027777,24
2025-02-19,12:00-16:00,5265.392599286693,1157.8639327777778,24
2025-02-19,16:00-20:00,83.81276916666673,3933.4749750944347,24
2025-02-19,20:00-24:00,8102.830757499999,2970.8131351750017,24
2025-02-20,0:00-4:00,2083.4629291872443,129.75222999999994,24
2025-02-20,4:00-8:00,1731.7985258333324,3000.927674730557,24
2025-02-20,8:00-12:00,5087.537652499999,5719.68865,24
2025-02-20,12:00-16:00,5158.754357554876,376.85553555555543,24
2025-02-20,16:00-20:00,35.42657695130325,4883.181572713889,24
2025-02-20,20:00-24:00,5407.91201333326,3709.9384108333325,24
2025-02-21,0:00-4:00,958.2294101852614,269.14945833333326,24
2025-02-21,4:00-8:00,890.7140383333328,5019.150102538887,24
2025-02-21,8:00-12:00,6659.33245,257.83406666666673,24
2025-02-21,12:00-16:00,3504.2541668587137,22.407020000000102,24
2025-02-21,16:00-20:00,10.400300000000016,6078.752059666662,24
2025-02-21,20:00-24:00,5360.143018333255,2323.3788991666665,24
2025-02-22,0:00-4:00,160.82852145412335,406.13782166666647,24
2025-02-22,4:00-8:00,1006.7719666666667,4875.140949211114,24
2025-02-22,8:00-12:00,5979.389066666667,230.07973351666556,24
2025-02-22,12:00-16:00,4687.277600000002,11.010202777777977,24
2025-02-22,16:00-20:00,80.60303155006658,6099.777113333334,24
2025-02-22,20:00-24:00,8318.974053333332,2437.3444544444483,24
2025-02-23,0:00-4:00,1484.3994997325121,231.93679833333317,24
2025-02-23,4:00-8:00,2035.5534619444438,2890.59337273889,24
2025-02-23,8:00-12:00,5057.051835555555,5632.6085,24
2025-02-23,12:00-16:00,5085.330455164612,768.8126588888891,24
2025-02-23,16:00-20:00,275.5365980555557,4930.390537255549,24
2025-02-23,20:00-24:00,8294.609166666665,3727.8243591666665,24
2025-02-24,0:00-4:00,1747.2579870164586,186.47570333333374,24
2025-02-24,4:00-8:00,1898.813006213994,4388.9163866666695,24
2025-02-24,8:00-12:00,3877.074269444445,4276.91865,24
2025-02-24,12:00-16:00,6042.488495919064,556.6197833333331,24
2025-02-24,16:00-20:00,514.2820809122092,4629.217016666668,24
2025-02-24,20:00-24:00,8477.252154166665,3689.085983333333,24
2025-02-25,0:00-4:00,1007.7726567798383,298.55679,24
2025-02-25,4:00-8:00,1901.4948927777777,4061.3613066666685,24
2025-02-25,8:00-12:00,5528.670633333333,3740.12065,24
2025-02-25,12:00-16:00,3726.8194254732525,405.979126388889,24
2025-02-25,16:00-20:00,83.4764591906706,4902.681462222221,24
2025-02-25,20:00-24:00,8195.008549999999,3618.6166516666663,24
2025-02-26,0:00-4:00,1538.4558968312726,265.8786366666666,24
2025-02-26,4:00-8:00,1812.9809747222225,3786.6923958027833,24
2025-02-26,8:00-12:00,5110.873965555555,4013.8306,24
2025-02-26,12:00-16:00,4190.596397448561,1223.3800633333335,24
2025-02-26,16:00-20:00,132.52657916666647,4736.135086638889,24
2025-02-26,20:00-24:00,8462.843655833332,2900.294605,24
2025-02-27,0:00-4:00,1329.7561719547355,105.45675000000006,24
2025-02-27,4:00-8:00,1761.478443827161,4542.118597425001,24
2025-02-27,8:00-12:00,5000.456554722223,4938.670204758333,24
2025-02-27,12:00-16:00,5321.311556879287,930.441032777778,24
2025-02-27,16:00-20:00,39.53945555555538,4588.191422777778,24
2025-02-27,20:00-24:00,5443.341319591641,2934.1932254413337,24
2025-02-28,0:00-4:00,345.5640510183707,224.46989833333356,24
2025-02-28,4:00-8:00,859.9920452944447,4535.124926666667,24
2025-02-28,8:00-12:00,8034.347899999999,109.26630000000011,24
2025-02-28,12:00-16:00,2068.6407045889578,2.1898166666667294,24
2025-02-28,16:00-20:00,26.52824828532175,5796.808931111111,24
2025-02-28,20:00-24:00,5362.258886666649,2918.593570283336,24
2025-03-01,0:00-4:00,1276.5303050000002,69.24971541494051,24
2025-03-01,4:00-8:00,1259.1725433333331,4575.117426666666,24
2025-03-01,8:00-12:00,5820.095166666666,149.64098333333334,24
2025-03-01,12:00-16:00,2936.403051870314,32.56429777777771,24
2025-03-01,16:00-20:00,29.408548055555002,6125.814763055556,24
2025-03-01,20:00-24:00,8298.459540833333,2507.7531485499985,24
2025-03-02,0:00-4:00,1887.490750534979,46.15289500000017,24
2025-03-02,4:00-8:00,1556.6758800308648,3684.381870680555,24
2025-03-02,8:00-12:00,3946.885301941018,4707.845616666666,24
2025-03-02,12:00-16:00,7098.41258804183,2134.666065555557,24
2025-03-02,16:00-20:00,79.88633472222057,5027.692325599996,24
2025-03-02,20:00-24:00,8348.565019999998,2978.769348333333,24
2025-03-03,0:00-4:00,1821.0738903292204,194.28674166666656,24
2025-03-03,4:00-8:00,1911.5118008024676,1829.2191633333357,24
2025-03-03,8:00-12:00,5160.738532222222,5904.006433333332,24
2025-03-03,12:00-16:00,4422.483603683128,1430.4009950138934,24
2025-03-03,16:00-20:00,80.88225250000039,5051.573054722223,24
2025-03-03,20:00-24:00,8249.455898333334,3190.841674438879,24
2025-03-04,0:00-4:00,1947.3764084362142,247.11106166666673,24
2025-03-04,4:00-8:00,2047.3191031687268,2967.052839169442,24
2025-03-04,8:00-12:00,4849.0480986111115,5043.582216666667,24
2025-03-04,12:00-16:00,3680.7364255109724,983.2433327777776,24
2025-03-04,16:00-20:00,136.2320318415608,4953.9503504083295,24
2025-03-04,20:00-24:00,8055.234235,2754.2927033583355,24
2025-03-05,0:00-4:00,2283.2574108024683,74.17023166666684,24
2025-03-05,4:00-8:00,1484.9767005761323,3648.0080372722223,24
2025-03-05,8:00-12:00,5324.9271499999995,3788.295199999999,24
2025-03-05,12:00-16:00,2880.7201566941044,1226.6130411111108,24
2025-03-05,16:00-20:00,104.77178472222283,4480.028521872226,24
2025-03-05,20:00-24:00,8439.177879725,2977.2762229916666,24
2025-03-06,0:00-4:00,1644.8104191330224,155.21368166666673,24
2025-03-06,4:00-8:00,1007.0024400514402,4622.832457222225,24
2025-03-06,8:00-12:00,5181.624583333332,3681.6298833333335,24
2025-03-06,12:00-16:00,5367.012196827847,967.7334674348429,24
2025-03-06,16:00-20:00,209.22698888888897,5034.109730198493,24
2025-03-06,20:00-24:00,5507.165714999997,2939.619066666666,24
2025-03-07,0:00-4:00,449.88737500000025,103.54280666666665,24
2025-03-07,4:00-8:00,612.0891465329274,4137.681683333333,24
2025-03-07,8:00-12:00,8897.887300967079,0.0,24
2025-03-07,12:00-16:00,0.0,60.9526166666667,24
2025-03-07,16:00-20:00,27.17671527777736,6118.619930208333,24
2025-03-07,20:00-24:00,3696.480998888896,2249.0903275,24
2025-03-08,0:00-4:00,734.1343153703663,104.11680999999965,24
2025-03-08,4:00-8:00,865.4083049999999,4141.074309377778,24
2025-03-08,8:00-12:00,9115.993016666665,9.574583333333294,24
2025-03-08,12:00-16:00,1219.3604476680375,0.0,24
2025-03-08,16:00-20:00,141.8632489711919,5905.630449444445,24
2025-03-08,20:00-24:00,8270.348951666667,2721.9946716666664,24
2025-03-09,0:00-4:00,1607.3923811042532,236.35784999999953,24
2025-03-09,4:00-8:00,1242.3606571810642,4287.187453333333,24
2025-03-09,8:00-12:00,5233.329673333333,3801.2891666666674,24
2025-03-09,12:00-16:00,5056.057257839509,504.13566666666634,24
2025-03-09,16:00-20:00,137.38064128943694,5094.236703264836,24
2025-03-09,20:00-24:00,8360.406195833333,3627.509733116667,24
2025-03-10,0:00-4:00,1592.4934442741435,197.13781166666672,24
2025-03-10,4:00-8:00,1848.5049680555553,3776.1603725361074,24
2025-03-10,8:00-12:00,5087.254278333333,4487.95095,24
2025-03-10,12:00-16:00,4698.04111491084,413.5097500000003,24
2025-03-10,16:00-20:00,80.17284777777763,5238.537508444445,24
2025-03-10,20:00-24:00,8422.390163333333,3496.2909032555553,24
2025-03-11,0:00-4:00,1794.9869695987654,107.91011833333368,24
2025-03-11,4:00-8:00,1517.7782866872458,4207.903653611111,24
2025-03-11,8:00-12:00,5484.838821666666,3044.9297166666665,24
2025-03-11,12:00-16:00,2849.9171145370324,796.981003333333,24
2025-03-11,16:00-20:00,139.11771999999996,4435.175918405557,24
2025-03-11,20:00-24:00,8456.308434999999,3562.996455833333,24
2025-03-12,0:00-4:00,1517.205905421807,321.9964183333333,24
2025-03-12,4:00-8:00,958.4735173971173,5119.684924444444,24
2025-03-12,8:00-12:00,5882.889383333333,2948.42215,24
2025-03-12,12:00-16:00,4479.103782565155,401.54941666666673,24
2025-03-12,16:00-20:00,69.67263236282444,5052.028170038888,24
2025-03-12,20:00-24:00,8303.8710775,3674.0113105083365,24
2025-03-13,0:00-4:00,1765.6777510596708,189.3237216666671,24
2025-03-13,4:00-8:00,1840.5943398765446,3868.299878333333,24
2025-03-13,8:00-12:00,5000.0,4241.987502777777,24
2025-03-13,12:00-16:00,4371.405301735251,523.3525983333333,24
2025-03-13,16:00-20:00,208.91559805555607,5101.698947027773,24
2025-03-13,20:00-24:00,3634.1299785471974,3532.729083791667,24
2025-03-14,0:00-4:00,1141.4281767648738,229.4069399999998,24
2025-03-14,4:00-8:00,965.115875,3805.181345,24
2025-03-14,8:00-12:00,10005.38617956447,0.0,24
2025-03-14,12:00-16:00,0.0,28.89716666666675,24
2025-03-14,16:00-20:00,5.0245488888887735,5991.056626266667,24
2025-03-14,20:00-24:00,3992.7205105555413,2364.5130583333334,24
2025-03-15,0:00-4:00,167.77519833333344,282.94153166666666,24
2025-03-15,4:00-8:00,517.7601187311504,3766.0487220388895,24
2025-03-15,8:00-12:00,7384.7595,0.0,24
2025-03-15,12:00-16:00,3281.9071666666687,0.0,24
2025-03-15,16:00-20:00,53.44668999999976,6120.097201666666,24
2025-03-15,20:00-24:00,8252.336344166666,2641.7709895416665,24
2025-03-16,0:00-4:00,1697.6641966666666,271.79736628600665,24
2025-03-16,4:00-8:00,948.2632380555553,4536.89611367788,24
2025-03-16,8:00-12:00,5460.745738333332,2856.6065,24
2025-03-16,12:00-16:00,4558.414876529488,559.2374066666665,24
2025-03-16,16:00-20:00,75.58856035665264,4917.882430555555,24
2025-03-16,20:00-24:00,8401.040581666666,3537.304681666666,24
2025-03-17,0:00-4:00,1311.8684631584329,127.77983333333327,24
2025-03-17,4:00-8:00,882.6277299999996,6829.2176383333335,24
2025-03-17,8:00-12:00,5471.918683333332,1871.4269376083337,24
2025-03-17,12:00-16:00,5194.747983333333,304.92952811385317,24
2025-03-17,16:00-20:00,193.2061091666667,4670.9199242361465,24
2025-03-17,20:00-24:00,8564.943825408332,3696.785833333333,24
2025-03-18,0:00-4:00,1406.2340349105957,91.21051666666676,24
2025-03-18,4:00-8:00,1747.5525931069947,3546.13870611111,24
2025-03-18,8:00-12:00,5517.910633333333,3843.1935833333328,24
2025-03-18,12:00-16:00,2846.6442960013665,270.7800166666668,24
2025-03-18,16:00-20:00,91.31125931412824,5027.956783611111,24
2025-03-18,20:00-24:00,8473.007038025,3573.4552124916663,24
2025-03-19,0:00-4:00,1350.1517866766471,183.7304716666672,24
2025-03-19,4:00-8:00,1017.4439216666665,4464.263153625004,24
2025-03-19,8:00-12:00,5135.9782677777785,3558.2037333333324,24
2025-03-19,12:00-16:00,4702.913082781212,475.183248888889,24
2025-03-19,16:00-20:00,371.4759624999996,4582.495520405556,24
2025-03-19,20:00-24:00,8415.641320452673,3640.3043841666668,24
2025-03-20,0:00-4:00,1268.9672908847708,334.4314049999998,24
2025-03-20,4:00-8:00,878.6670433333334,5721.630022330558,24
2025-03-20,8:00-12:00,1390.8320333333334,2759.8472129444444,24
2025-03-20,12:00-16:00,7484.319156111111,254.72278333333304,24
2025-03-20,16:00-20:00,912.9642422222215,4401.3048475,24
2025-03-20,20:00-24:00,2106.9902028188344,3410.467489966664,24
2025-03-21,0:00-4:00,1362.8696030727974,435.84248999999977,24
2025-03-21,4:00-8:00,944.1409165833344,2872.548308611111,24
2025-03-21,8:00-12:00,10507.619548835048,0.0,24
2025-03-21,12:00-16:00,0.0,0.0,24
2025-03-21,16:00-20:00,36.93634910836813,5899.040892777778,24
2025-03-21,20:00-24:00,1917.7873244443738,2894.6293420500006,24
2025-03-22,0:00-4:00,1987.2762977881368,128.9496066666668,24
2025-03-22,4:00-8:00,862.2213888583323,3331.561511666667,24
2025-03-22,8:00-12:00,10012.848316666667,0.0,24
2025-03-22,12:00-16:00,311.54927765401425,0.0,24
2025-03-22,16:00-20:00,0.0,5694.334901111113,24
2025-03-22,20:00-24:00,8447.327525,2702.8166499999998,24
2025-03-23,0:00-4:00,1239.7639368038442,189.63593833333323,24
2025-03-23,4:00-8:00,1057.3117794444443,4774.501123888887,24
2025-03-23,8:00-12:00,5445.097946666667,3085.5638999999996,24
2025-03-23,12:00-16:00,4120.055700973935,3.8885666666667476,24
2025-03-23,16:00-20:00,156.42839939643383,4945.407040833335,24
2025-03-23,20:00-24:00,8465.080775833332,3603.987835833333,24
2025-03-24,0:00-4:00,1431.1136751611812,139.094605,24
2025-03-24,4:00-8:00,960.2168398559726,5564.139864999999,24
2025-03-24,8:00-12:00,5973.586847777777,2962.430333333333,24
2025-03-24,12:00-16:00,4532.625352695476,528.5825200000005,24
2025-03-24,16:00-20:00,103.6804486111115,4571.560602066665,24
2025-03-24,20:00-24:00,8279.23646382716,3658.7507174999996,24
2025-03-25,0:00-4:00,1544.7089977571973,395.4768933333329,24
2025-03-25,4:00-8:00,964.4398433333332,4341.51147,24
2025-03-25,8:00-12:00,5063.965897777777,3418.138633333334,24
2025-03-25,12:00-16:00,4794.979179698212,206.34119611111146,24
2025-03-25,16:00-20:00,248.1393343244183,5215.285903055556,24
2025-03-25,20:00-24:00,8270.808361666666,3543.4130397000017,24
2025-03-26,0:00-4:00,1791.9324666666687,152.4872899999998,24
2025-03-26,4:00-8:00,907.3981561111113,5294.773202505558,24
2025-03-26,8:00-12:00,5546.795259660487,2750.8510833333326,24
2025-03-26,12:00-16:00,4346.218671776407,77.30513722222213,24
2025-03-26,16:00-20:00,37.82696407064314,4920.3597575,24
2025-03-26,20:00-24:00,8370.401929458334,3719.535241666666,24
2025-03-27,0:00-4:00,1654.5080010766455,289.137526666667,24
2025-03-27,4:00-8:00,1003.8781838888889,5037.229255000003,24
2025-03-27,8:00-12:00,5487.150871111111,2855.810016666667,24
2025-03-27,12:00-16:00,4336.438588196159,97.02350944444379,24
2025-03-27,16:00-20:00,178.16131104252275,4932.644575555554,24
2025-03-27,20:00-24:00,1898.2253644444904,3789.8830754218106,24
2025-03-28,0:00-4:00,1950.831035565287,277.8021966666668,24
2025-03-28,4:00-8:00,875.5869044444446,3415.4118283333332,24
2025-03-28,8:00-12:00,10460.665937836075,0.0,24
2025-03-28,12:00-16:00,0.0,0.0,24
2025-03-28,16:00-20:00,39.39433744855934,5780.517600555553,24
2025-03-28,20:00-24:00,1966.037874444311,2869.03424,24
2025-03-29,0:00-4:00,1211.9736276098724,232.41151666666678,24
2025-03-29,4:00-8:00,883.6292805555554,2924.4764615972226,24
2025-03-29,8:00-12:00,10474.816508113856,0.0,24
2025-03-29,12:00-16:00,0.0,0.0,24
2025-03-29,16:00-20:00,2.322987222222366,6208.501584444444,24
2025-03-29,20:00-24:00,8404.773161341665,2433.739118538891,24
2025-03-30,0:00-4:00,1701.1543839155343,222.528095,24
2025-03-30,4:00-8:00,916.8706694444444,5417.854711258338,24
2025-03-30,8:00-12:00,4314.489896927295,2542.847183333333,24
2025-03-30,12:00-16:00,5406.841957616603,290.7082441666662,24
2025-03-30,16:00-20:00,357.6710166666678,5188.845984999999,24
2025-03-30,20:00-24:00,8446.857176666665,3472.4020741638933,24
2025-03-31,0:00-4:00,470.06844262688605,147.93231666666645,24
2025-03-31,4:00-8:00,1814.496554444444,4099.45519284722,24
2025-03-31,8:00-12:00,6226.498112777777,1697.641649999999,24
2025-03-31,12:00-16:00,1101.481758151568,791.6396580384088,24
2025-03-31,16:00-20:00,250.87789750000002,4446.36905516159,24
2025-03-31,20:00-24:00,8372.750161666665,3613.321131900003,24
2025-04-01,0:00-4:00,1538.4171866666657,390.88821833333327,24
2025-04-01,4:00-8:00,951.3105588888889,4511.227315538894,24
2025-04-01,8:00-12:00,5632.333200555555,2036.4331166666668,24
2025-04-01,12:00-16:00,2747.9881498319664,405.06185827500497,24
2025-04-01,16:00-20:00,220.3861213888889,4826.049147158332,24
2025-04-01,20:00-24:00,8411.563190123456,3613.386178366662,24
2025-04-02,0:00-4:00,1512.5158791666674,148.3916233333332,24
2025-04-02,4:00-8:00,1805.1076771638884,2600.343525,24
2025-04-02,8:00-12:00,5068.231833333333,4045.4856833333324,24
2025-04-02,12:00-16:00,2289.254577177671,38.96670961944437,24
2025-04-02,16:00-20:00,119.61207111111116,5211.233933841665,24
2025-04-02,20:00-24:00,8291.852721666666,3503.9829508055554,24
2025-04-03,0:00-4:00,1739.5947925514422,135.8514416666667,24
2025-04-03,4:00-8:00,995.8767555555552,4706.506370555556,24
2025-04-03,8:00-12:00,5868.247761666663,2811.688983333333,24
2025-04-03,12:00-16:00,3383.41898021948,114.6381072222224,24
2025-04-03,16:00-20:00,74.48843638888889,5049.069871108335,24
2025-04-03,20:00-24:00,1943.7729120164236,3739.804465,24
2025-04-04,0:00-4:00,1296.5449013957866,101.05335999999994,24
2025-04-04,4:00-8:00,953.8567666666665,3035.555636666667,24
2025-04-04,8:00-12:00,10454.155912884085,0.0,24
2025-04-04,12:00-16:00,0.0,0.0,24
2025-04-04,16:00-20:00,27.051909999999907,5675.993208888889,24
2025-04-04,20:00-24:00,2002.0428394444318,2843.632500711109,24
2025-04-05,0:00-4:00,333.95460793896956,301.94161499999984,24
2025-04-05,4:00-8:00,1117.6347972222218,2430.9409416750004,24
2025-04-05,8:00-12:00,10411.30135931413,0.0,24
2025-04-05,12:00-16:00,0.0,0.0,24
2025-04-05,16:00-20:00,2.0925005555556027,5980.680297777777,24
2025-04-05,20:00-24:00,8293.287418333333,2679.41084783889,24
2025-04-06,0:00-4:00,1896.3015387551472,106.37235833333364,24
2025-04-06,4:00-8:00,785.9663030624059,6128.197373888889,24
2025-04-06,8:00-12:00,5936.025271111111,2241.5239499999993,24
2025-04-06,12:00-16:00,4349.578801522632,110.91829055555604,24
2025-04-06,16:00-20:00,105.73266465706641,5089.052379444443,24
2025-04-06,20:00-24:00,8337.550173333333,3630.161080838892,24
2025-04-07,0:00-4:00,1728.0098091666664,185.57321333333368,24
2025-04-07,4:00-8:00,849.6487216666667,6324.860214444448,24
2025-04-07,8:00-12:00,4813.240633333333,1803.4435833333337,24
2025-04-07,12:00-16:00,3751.787758333334,747.7043955555548,24
2025-04-07,16:00-20:00,105.27819472222234,4035.239313833334,24
2025-04-07,20:00-24:00,8297.428947499999,2838.5884533083336,24
2025-04-08,0:00-4:00,1971.6310976337454,35.08429500000011,24
2025-04-08,4:00-8:00,686.2636009807956,5387.681884999998,24
2025-04-08,8:00-12:00,5058.227605555555,2561.4178499999994,24
2025-04-08,12:00-16:00,4619.491901117966,253.9153952777781,24
2025-04-08,16:00-20:00,110.2049088888889,4900.350199174998,24
2025-04-08,20:00-24:00,8349.886852133332,3553.916776705558,24
2025-04-09,0:00-4:00,1661.2205000065846,95.46323000000018,24
2025-04-09,4:00-8:00,808.6059029526804,6047.412661666667,24
2025-04-09,8:00-12:00,2749.421782311385,2421.6049999999996,24
2025-04-09,12:00-16:00,6370.301778888888,219.90184999999997,24
2025-04-09,16:00-20:00,629.9509119444447,4465.951495555555,24
2025-04-09,20:00-24:00,8354.750688333334,3238.70661216666,24
2025-04-10,0:00-4:00,1528.9294003395041,181.28916999999967,24
2025-04-10,4:00-8:00,870.5149922976689,6134.511070211107,24
2025-04-10,8:00-12:00,3318.4622333333336,2442.2569500000004,24
2025-04-10,12:00-16:00,7222.403652235938,66.9103666666665,24
2025-04-10,16:00-20:00,60.82808361111108,5003.9475672777835,24
2025-04-10,20:00-24:00,2060.8193302777577,3651.8436609333335,24
2025-04-11,0:00-4:00,352.2159983333337,128.69601333333327,24
2025-04-11,4:00-8:00,924.7503817107879,2236.242346372221,24
2025-04-11,8:00-12:00,10235.276263316664,0.0,24
2025-04-11,12:00-16:00,0.0,0.0,24
2025-04-11,16:00-20:00,0.0,6056.532718333334,24
2025-04-11,20:00-24:00,1992.9704552778087,2434.261370833333,24
2025-04-12,0:00-4:00,340.08635333333297,135.9623499999999,24
2025-04-12,4:00-8:00,1108.8355048113535,2081.4973088888887,24
2025-04-12,8:00-12:00,9778.174042201645,0.0,24
2025-04-12,12:00-16:00,0.0,0.0,24
2025-04-12,16:00-20:00,0.0,5598.6543,24
2025-04-12,20:00-24:00,8380.247879999999,2821.0390765666675,24
2025-04-13,0:00-4:00,1468.7184934465033,133.4432516666667,24
2025-04-13,4:00-8:00,760.4217478292206,5899.840154988891,24
2025-04-13,8:00-12:00,2454.204216666667,2133.3918166666663,24
2025-04-13,12:00-16:00,6667.962116666666,197.79018055555503,24
2025-04-13,16:00-20:00,161.4095588888881,4505.253354444444,24
2025-04-13,20:00-24:00,8388.819956666666,3221.7494386694416,24
2025-04-14,0:00-4:00,1344.5136822119325,234.82019500000013,24
2025-04-14,4:00-8:00,892.4001255555557,5480.1955944444435,24
2025-04-14,8:00-12:00,3808.972474444442,1877.925683333333,24
2025-04-14,12:00-16:00,4654.691973333333,44.738063611110874,24
2025-04-14,16:00-20:00,111.00852750000035,4610.368169444444,24
2025-04-14,20:00-24:00,8432.365231666665,3543.2139113166672,24
2025-04-15,0:00-4:00,818.7049186659816,34.128016666666554,24
2025-04-15,4:00-8:00,1059.4022405555556,6036.498341666667,24
2025-04-15,8:00-12:00,5416.90415,1229.7195833333337,24
2025-04-15,12:00-16:00,3948.1034866117934,724.2688688888894,24
2025-04-15,16:00-20:00,105.55603305555587,5019.61851138889,24
2025-04-15,20:00-24:00,8459.63571919445,2922.945485866666,24
2025-04-16,0:00-4:00,1554.1291121567206,210.2198533333334,24
2025-04-16,4:00-8:00,893.3593043587103,5494.058767222222,24
2025-04-16,8:00-12:00,2944.7634880109717,1941.9388333333332,24
2025-04-16,12:00-16:00,6182.124639561045,471.90646999999854,24
2025-04-16,16:00-20:00,95.80021777777745,4766.8784052777755,24
2025-04-16,20:00-24:00,8248.001709166667,3516.7373494472295,24
2025-04-17,0:00-4:00,263.90878499999974,112.65097666666634,24
2025-04-17,4:00-8:00,556.4323620336073,4846.328482640611,24
2025-04-17,8:00-12:00,6496.029038333333,1826.8180166666664,24
2025-04-17,12:00-16:00,3620.897703366326,76.3468499999999,24
2025-04-17,16:00-20:00,64.74689419753237,5061.350349444443,24
2025-04-17,20:00-24:00,2120.5795961111116,3686.824163988888,24
2025-04-18,0:00-4:00,159.2923483333335,297.3610100000002,24
2025-04-18,4:00-8:00,1179.1049902564803,1885.5940883333333,24
2025-04-18,8:00-12:00,9971.497914023354,0.0,24
2025-04-18,12:00-16:00,0.0,0.0,24
2025-04-18,16:00-20:00,24.575748971193597,5580.821190000001,24
2025-04-18,20:00-24:00,2176.5395794444435,3065.2651488888896,24
2025-04-19,0:00-4:00,339.920831666667,191.07015666666678,24
2025-04-19,4:00-8:00,705.476614207819,2112.9889538888883,24
2025-04-19,8:00-12:00,10272.185311443758,0.0,24
2025-04-19,12:00-16:00,0.0,0.0,24
2025-04-19,16:00-20:00,44.332984444444435,5698.370373288888,24
2025-04-19,20:00-24:00,8352.5044,3072.377504744444,24
2025-04-20,0:00-4:00,1495.7184145884767,126.02130166666609,24
2025-04-20,4:00-8:00,860.4544555555553,5994.507618333333,24
2025-04-20,8:00-12:00,3928.4038500000006,2412.1339000000007,24
2025-04-20,12:00-16:00,4673.433171111111,69.63670500000023,24
2025-04-20,16:00-20:00,276.7413166666662,4268.3011106333415,24
2025-04-20,20:00-24:00,8387.1215275,2868.2267949999996,24
2025-04-21,0:00-4:00,1580.3750232716045,204.75175333333334,24
2025-04-21,4:00-8:00,841.1642683333332,5693.988773333333,24
2025-04-21,8:00-12:00,3536.2407000000003,1480.4156999999996,24
2025-04-21,12:00-16:00,5392.314253137854,59.88072166666643,24
2025-04-21,16:00-20:00,140.11068290809354,4988.546903055556,24
2025-04-21,20:00-24:00,8296.890014999999,3726.4168398166657,24
2025-04-22,0:00-4:00,1423.4320871227733,264.25981333333345,24
2025-04-22,4:00-8:00,897.2891499999998,5973.352981111111,24
2025-04-22,8:00-12:00,3758.445083333334,1475.8925166666668,24
2025-04-22,12:00-16:00,3700.9407,513.0847000000005,24
2025-04-22,16:00-20:00,137.8119772222219,3663.9658512583396,24
2025-04-22,20:00-24:00,8217.337866666667,2879.722279733335,24
2025-04-23,0:00-4:00,190.4781733333332,288.69233666666696,24
2025-04-23,4:00-8:00,348.91367966392295,4699.647814791674,24
2025-04-23,8:00-12:00,7110.483810277776,1581.13715,24
2025-04-23,12:00-16:00,2961.2047234225074,247.82924500000092,24
2025-04-23,16:00-20:00,170.80672243333515,4533.768299722221,24
2025-04-23,20:00-24:00,8487.710989166666,3656.680438333333,24
2025-04-24,0:00-4:00,182.43053166666596,115.68783166666708,24
2025-04-24,4:00-8:00,581.3879296208496,5516.965766666666,24
2025-04-24,8:00-12:00,3940.2003833333333,1421.0444666666658,24
2025-04-24,12:00-16:00,5758.540255514405,0.0,24
2025-04-24,16:00-20:00,78.71220957818788,4889.702574999999,24
2025-04-24,20:00-24:00,1864.1516616666665,3609.5196566666664,24
2025-04-25,0:00-4:00,399.4224483333331,69.04396666666685,24
2025-04-25,4:00-8:00,465.72457277777744,1795.3284229305568,24
2025-04-25,8:00-12:00,9986.550368463648,0.0,24
2025-04-25,12:00-16:00,0.0,0.0,24
2025-04-25,16:00-20:00,8.339673182442008,5458.095878888889,24
2025-04-25,20:00-24:00,1100.8962383333333,2856.4758438888884,24
2025-04-26,0:00-4:00,280.1553749999997,131.46670833333292,24
2025-04-26,4:00-8:00,1057.5771204801074,1686.2098788888889,24
2025-04-26,8:00-12:00,10061.980123868316,0.0,24
2025-04-26,12:00-16:00,0.0,0.0,24
2025-04-26,16:00-20:00,27.262470507546087,5528.221034444444,24
2025-04-26,20:00-24:00,8289.910093333332,3189.5209445166684,24
2025-04-27,0:00-4:00,349.57164666666665,211.36506666666662,24
2025-04-27,4:00-8:00,154.98745444444432,4815.510281594445,24
2025-04-27,8:00-12:00,6314.525820126886,1837.5155833333336,24
2025-04-27,12:00-16:00,4100.943639063784,373.3078177777777,24
2025-04-27,16:00-20:00,121.86887666666632,4943.564672777779,24
2025-04-27,20:00-24:00,8425.40801,3253.0448627777755,24
2025-04-28,0:00-4:00,1478.0235410905398,202.52329499999985,24
2025-04-28,4:00-8:00,835.0098232716055,4658.783671666666,24
2025-04-28,8:00-12:00,2909.060017736624,2623.2571,24
2025-04-28,12:00-16:00,6280.234899958851,185.69876666666653,24
2025-04-28,16:00-20:00,16.79027277777766,4982.537159722222,24
2025-04-28,20:00-24:00,7214.606224444195,3645.973341666667,24
2025-04-29,0:00-4:00,390.9364792080721,56.591546666666886,24
2025-04-29,4:00-8:00,854.7325744444447,4864.006026666667,24
2025-04-29,8:00-12:00,5200.605883333334,1025.9798333333333,24
2025-04-29,12:00-16:00,4328.79795845336,190.95179777777832,24
2025-04-29,16:00-20:00,93.05889833333322,5051.465111238891,24
2025-04-29,20:00-24:00,8375.299071666666,3484.388653633335,24
2025-04-30,0:00-4:00,468.34730333333357,119.2787983333335,24
2025-04-30,4:00-8:00,134.57275055555533,6594.328703088886,24
2025-04-30,8:00-12:00,3710.9962038340273,557.4744352777792,24
2025-04-30,12:00-16:00,5290.292472777777,8.420395000000099,24
2025-04-30,16:00-20:00,904.1109408333335,4397.885547297228,24
2025-04-30,20:00-24:00,8393.767568333333,3656.623062833333,24
2025-05-01,0:00-4:00,235.9563083333329,205.18911166666624,24
2025-05-01,4:00-8:00,565.3799179746235,4349.743546111111,24
2025-05-01,8:00-12:00,5034.5808,1798.1724833333328,24
2025-05-01,12:00-16:00,4329.155474631691,0.0,24
2025-05-01,16:00-20:00,0.0,5278.614347777777,24
2025-05-01,20:00-24:00,778.0592399999998,3991.6136366222227,24
2025-05-02,0:00-4:00,2083.1243519067207,94.49602833333347,24
2025-05-02,4:00-8:00,1047.6544766666666,2187.000435,24
2025-05-02,8:00-12:00,10352.550138504803,0.0,24
2025-05-02,12:00-16:00,0.0,0.0,24
2025-05-02,16:00-20:00,20.60821444444457,6186.636477866665,24
2025-05-02,20:00-24:00,793.6457116666666,2964.8349761833333,24
2025-05-03,0:00-4:00,1955.8217436556931,259.76769166666674,24
2025-05-03,4:00-8:00,1021.5986600000001,1801.2211433333332,24
2025-05-03,8:00-12:00,10050.869236961593,0.0,24
2025-05-03,12:00-16:00,0.0,0.0,24
2025-05-03,16:00-20:00,32.480404999999905,6060.396732216665,24
2025-05-03,20:00-24:00,8067.405761666666,2650.152249333334,24
2025-05-04,0:00-4:00,2000.3214260288064,262.7179833333332,24
2025-05-04,4:00-8:00,958.8026022222224,4772.085925555556,24
2025-05-04,8:00-12:00,4006.848383333333,1136.956666666667,24
2025-05-04,12:00-16:00,3307.3630971879284,197.07398111111024,24
2025-05-04,16:00-20:00,121.25342166666678,5483.151434722218,24
2025-05-04,20:00-24:00,7859.445280833333,3113.169522383334,24
2025-05-05,0:00-4:00,2471.180889578192,168.45655000000022,24
2025-05-05,4:00-8:00,685.4205442661186,5367.6942527777765,24
2025-05-05,8:00-12:00,3827.949440555558,2195.451733333333,24
2025-05-05,12:00-16:00,5447.922593720845,137.6346266666667,24
2025-05-05,16:00-20:00,60.66261500000019,5654.75678308333,24
2025-05-05,20:00-24:00,8016.202381666666,3014.771715450003,24
2025-05-06,0:00-4:00,145.92292666666685,300.782691666667,24
2025-05-06,4:00-8:00,661.9304915637849,4233.68439708611,24
2025-05-06,8:00-12:00,6394.191660555556,2292.23765,24
2025-05-06,12:00-16:00,4010.2206406927285,57.302549444444594,24
2025-05-06,16:00-20:00,46.169696666666596,5528.612179999999,24
2025-05-06,20:00-24:00,7777.993214166666,3179.408117397219,24
2025-05-07,0:00-4:00,305.23888617284024,213.8357600000004,24
2025-05-07,4:00-8:00,977.084465833333,4795.1605306777765,24
2025-05-07,8:00-12:00,6217.843298888887,1874.3324166666664,24
2025-05-07,12:00-16:00,4013.450629441014,113.53980249999927,24
2025-05-07,16:00-20:00,189.29699027777792,5203.696694355278,24
2025-05-07,20:00-24:00,8050.679879999999,3565.7456875974976,24
2025-05-08,0:00-4:00,2104.148472798351,78.05726666666703,24
2025-05-08,4:00-8:00,892.7541492592653,4830.031288333334,24
2025-05-08,8:00-12:00,4377.702149999999,1687.2432333333331,24
2025-05-08,12:00-16:00,3735.927791673527,429.4408000000002,24
2025-05-08,16:00-20:00,432.3446561111107,5109.514930555555,24
2025-05-08,20:00-24:00,1114.4930408333335,3713.91612061667,24
2025-05-09,0:00-4:00,570.4570121639252,305.83815666666663,24
2025-05-09,4:00-8:00,1171.3264177777776,1798.050145861112,24
2025-05-09,8:00-12:00,10472.13329814815,0.0,24
2025-05-09,12:00-16:00,0.0,0.0,24
2025-05-09,16:00-20:00,0.0,5810.148979999998,24
2025-05-09,20:00-24:00,1223.4627589416664,2805.7793349999997,24
2025-05-10,0:00-4:00,673.2752140898799,102.14787666666666,24
2025-05-10,4:00-8:00,924.2243016666665,1764.58938,24
2025-05-10,8:00-12:00,10120.600159458165,0.0,24
2025-05-10,12:00-16:00,0.0,0.0,24
2025-05-10,16:00-20:00,33.25705888888848,5904.914041866667,24
2025-05-10,20:00-24:00,8152.989147225,2735.752114166666,24
2025-05-11,0:00-4:00,1909.7813695754085,280.49639166666634,24
2025-05-11,4:00-8:00,882.4430177777778,4629.540500555556,24
2025-05-11,8:00-12:00,2791.460267325103,1668.5184666666669,24
2025-05-11,12:00-16:00,5255.919322239366,312.256766111111,24
2025-05-11,16:00-20:00,74.49980638888871,5362.918040555554,24
2025-05-11,20:00-24:00,8369.072738224999,3248.5727281750005,24
2025-05-12,0:00-4:00,244.14452666666637,201.50557999999978,24
2025-05-12,4:00-8:00,107.68114277777772,4787.440907495586,24
2025-05-12,8:00-12:00,3954.6297166666673,734.9351500000002,24
2025-05-12,12:00-16:00,3310.6339666666663,220.326083888889,24
2025-05-12,16:00-20:00,167.24758750000012,3861.913863994445,24
2025-05-12,20:00-24:00,8552.6927975,3012.6653166666665,24
2025-05-13,0:00-4:00,1380.0966152674882,38.902368333333015,24
2025-05-13,4:00-8:00,547.0435702263359,4439.784046666666,24
2025-05-13,8:00-12:00,5725.967559444442,1768.5275666666662,24
2025-05-13,12:00-16:00,1884.8471149176935,144.66082944444452,24
2025-05-13,16:00-20:00,285.2161225000003,5208.627448055553,24
2025-05-13,20:00-24:00,8552.294631666666,3170.4767008333333,24
2025-05-14,0:00-4:00,1289.7106236316852,123.56538666666665,24
2025-05-14,4:00-8:00,704.6169493621367,5439.56308,24
2025-05-14,8:00-12:00,2828.708216666667,1252.5624666666665,24
2025-05-14,12:00-16:00,4608.625926286007,70.73444444444408,24
2025-05-14,16:00-20:00,473.47100361111234,4703.886664805554,24
2025-05-14,20:00-24:00,8523.059263224992,3244.3335266666663,24
2025-05-15,0:00-4:00,434.62653999999975,134.36982999999964,24
2025-05-15,4:00-8:00,892.5960286611407,5595.710758333333,24
2025-05-15,8:00-12:00,3946.763883333333,1220.5276666666668,24
2025-05-15,12:00-16:00,4947.431657866942,55.549083333333556,24
2025-05-15,16:00-20:00,62.48210701706951,4644.52128751716,24
2025-05-15,20:00-24:00,1450.7231349999995,3431.2095587916665,24
2025-05-16,0:00-4:00,361.536846666667,107.4209516666669,24
2025-05-16,4:00-8:00,629.9176577777782,1929.5674858500006,24
2025-05-16,8:00-12:00,9980.178875545265,0.0,24
2025-05-16,12:00-16:00,0.0,0.0,24
2025-05-16,16:00-20:00,0.0,5258.054233333333,24
2025-05-16,20:00-24:00,1138.2112049999998,2865.052705,24
2025-05-17,0:00-4:00,237.555243333333,275.13382666666666,24
2025-05-17,4:00-8:00,766.743830277778,1429.6230271999984,24
2025-05-17,8:00-12:00,9990.654896944443,0.0,24
2025-05-17,12:00-16:00,0.0,0.0,24
2025-05-17,16:00-20:00,75.18707750342793,5682.80537,24
2025-05-17,20:00-24:00,8629.483766666664,2735.26563,24
2025-05-18,0:00-4:00,1056.1784300000002,289.80923833333304,24
2025-05-18,4:00-8:00,908.2099999999999,4709.830124444445,24
2025-05-18,8:00-12:00,5490.581085226336,1769.7176333333332,24
2025-05-18,12:00-16:00,2590.270746913582,0.0,24
2025-05-18,16:00-20:00,0.0,4522.592491666666,24
2025-05-18,20:00-24:00,8608.204591666665,3586.342818333333,24
2025-05-19,0:00-4:00,821.478006913577,71.1602016666667,24
2025-05-19,4:00-8:00,676.1945187036995,4785.330553333333,24
2025-05-19,8:00-12:00,4201.660866666666,1195.3416999999997,24
2025-05-19,12:00-16:00,3174.8913555555546,0.0,24
2025-05-19,16:00-20:00,143.0530730658471,4811.030205850002,24
2025-05-19,20:00-24:00,8631.421993333333,3788.8100049999994,24
2025-05-20,0:00-4:00,1204.1714219958849,78.05645166666659,24
2025-05-20,4:00-8:00,735.3654406378578,4925.161116666667,24
2025-05-20,8:00-12:00,3428.09685,1254.7628,24
2025-05-20,12:00-16:00,2686.195547386824,720.539209999999,24
2025-05-20,16:00-20:00,569.8750127777789,4295.2223908666565,24
2025-05-20,20:00-24:00,8191.122216666667,2932.069188033336,24
2025-05-21,0:00-4:00,375.53430666666645,103.1547083333337,24
2025-05-21,4:00-8:00,229.99626999999998,5208.312144769439,24
2025-05-21,8:00-12:00,5775.545067777775,1073.018366666666,24
2025-05-21,12:00-16:00,4066.8284637071365,876.8829899999996,24
2025-05-21,16:00-20:00,483.84508777777853,4819.276165,24
2025-05-21,20:00-24:00,8387.967093333333,3351.1982710999955,24
2025-05-22,0:00-4:00,342.58263500000044,94.1471866666667,24
2025-05-22,4:00-8:00,652.2802737037043,4843.439226666667,24
2025-05-22,8:00-12:00,3651.2702500000005,1242.0174499999994,24
2025-05-22,12:00-16:00,4673.013516666668,187.56250499999942,24
2025-05-22,16:00-20:00,937.0241911111119,4732.572795,24
2025-05-22,20:00-24:00,870.6589833333334,3562.4829466666665,24
2025-05-23,0:00-4:00,263.75162666666677,238.3588616666666,24
2025-05-23,4:00-8:00,748.8365907201708,1213.33127,24
2025-05-23,8:00-12:00,10052.06563781893,0.0,24
2025-05-23,12:00-16:00,0.0,0.0,24
2025-05-23,16:00-20:00,93.82139849108628,5677.952842777776,24
2025-05-23,20:00-24:00,1526.849443333333,2653.270293333333,24
2025-05-24,0:00-4:00,147.73961333333352,263.1982883333336,24
2025-05-24,4:00-8:00,672.9804633333333,1596.0977085333361,24
2025-05-24,8:00-12:00,10139.496899999998,0.0,24
2025-05-24,12:00-16:00,0.0,0.0,24
2025-05-24,16:00-20:00,0.0,5211.346595555554,24
2025-05-24,20:00-24:00,8497.455111666666,2617.2302250000002,24
2025-05-25,0:00-4:00,767.8631341735223,14.666145000000029,24
2025-05-25,4:00-8:00,442.535170483543,4543.611701666667,24
2025-05-25,8:00-12:00,4316.01235,969.385733333333,24
2025-05-25,12:00-16:00,2499.9747521947866,28.07041944444461,24
2025-05-25,16:00-20:00,305.96106378601246,4866.435403333333,24
2025-05-25,20:00-24:00,8528.395051666666,3641.0643983333325,24
2025-05-26,0:00-4:00,623.9885766666665,63.299654999999916,24
2025-05-26,4:00-8:00,222.99825328875124,5273.304360555556,24
2025-05-26,8:00-12:00,1347.7078166666668,1718.2853833333334,24
2025-05-26,12:00-16:00,4023.1624211111102,128.36649722222216,24
2025-05-26,16:00-20:00,670.519344166668,2491.715623341672,24
2025-05-26,20:00-24:00,7249.426269444914,3088.5166366666663,24
2025-05-27,0:00-4:00,312.1463666666666,240.02788833333398,24
2025-05-27,4:00-8:00,376.0290976886165,4299.211762494823,24
2025-05-27,8:00-12:00,6363.790866666666,1257.6461333333332,24
2025-05-27,12:00-16:00,3397.653930140601,3.7672949999998764,24
2025-05-27,16:00-20:00,48.89890740740561,4784.840578333332,24
2025-05-27,20:00-24:00,8546.502391666665,3545.7405083333338,24
2025-05-28,0:00-4:00,968.6498708230483,223.9996450000002,24
2025-05-28,4:00-8:00,997.1596099382732,4595.697,24
2025-05-28,8:00-12:00,1943.7073304389635,1535.1502499999997,24
2025-05-28,12:00-16:00,5625.732031783253,16.450578333332942,24
2025-05-28,16:00-20:00,475.2853793004118,5249.449500838889,24
2025-05-28,20:00-24:00,8660.840266152263,3393.8393378027745,24
2025-05-29,0:00-4:00,891.855662633739,189.06852666666634,24
2025-05-29,4:00-8:00,852.0059622222224,4827.454096666666,24
2025-05-29,8:00-12:00,1951.6019122290825,2013.011316666666,24
2025-05-29,12:00-16:00,6537.391957678323,260.6850605555551,24
2025-05-29,16:00-20:00,227.516089166666,4981.405897777778,24
2025-05-29,20:00-24:00,1556.2929526666662,3208.1215383750064,24
2025-05-30,0:00-4:00,436.6758983333332,203.03393833333308,24
2025-05-30,4:00-8:00,509.4343627777776,1789.5478157877774,24
2025-05-30,8:00-12:00,10162.419278326479,0.0,24
2025-05-30,12:00-16:00,0.0,0.0,24
2025-05-30,16:00-20:00,98.03122944444436,5371.277541666666,24
2025-05-30,20:00-24:00,1567.3937583333332,2620.57262,24
2025-05-31,0:00-4:00,351.1622883333333,191.08874833333334,24
2025-05-31,4:00-8:00,481.35626999999994,1618.2669184611116,24
2025-05-31,8:00-12:00,9602.310563100138,0.0,24
2025-05-31,12:00-16:00,0.0,0.0,24
2025-05-31,16:00-20:00,7.897784609052047,5459.717310555556,24
2025-05-31,20:00-24:00,8669.003723333333,2648.0098266666664,24
2025-06-01,0:00-4:00,396.03776930727463,1337.3750366666668,24
2025-06-01,4:00-8:00,1073.036803333333,3051.2563239833385,24
2025-06-01,8:00-12:00,1836.4695790397773,3813.4989188888894,24
2025-06-01,12:00-16:00,6761.271935418377,795.4942281138458,24
2025-06-01,16:00-20:00,589.6237949999994,3762.5908350500004,24
2025-06-01,20:00-24:00,7700.504562499999,3358.1040118916994,24
2025-06-02,0:00-4:00,1886.3245628086438,1247.2129900000004,24
2025-06-02,4:00-8:00,1129.7284750000006,4428.229611111111,24
2025-06-02,8:00-12:00,5996.572782777777,3078.508933333333,24
2025-06-02,12:00-16:00,5340.170780466395,1532.4215247222223,24
2025-06-02,16:00-20:00,268.8363891666653,4184.331654927778,24
2025-06-02,20:00-24:00,7671.068333333332,3399.2832033333334,24
2025-06-03,0:00-4:00,1662.5761482201663,1126.7351883333336,24
2025-06-03,4:00-8:00,2114.5211519444447,2878.129232461113,24
2025-06-03,8:00-12:00,5166.644991388888,3834.298233333333,24
2025-06-03,12:00-16:00,3360.3760386454023,907.207770555556,24
2025-06-03,16:00-20:00,359.3689116666658,4225.182762169445,24
2025-06-03,20:00-24:00,8018.344975833332,3172.6845458333337,24
2025-06-04,0:00-4:00,1081.1084376851877,1533.3079199999997,24
2025-06-04,4:00-8:00,1970.534700555555,3251.6076411111117,24
2025-06-04,8:00-12:00,5432.061191111111,2535.8081999999995,24
2025-06-04,12:00-16:00,3333.4625635219436,1385.5762449999993,24
2025-06-04,16:00-20:00,290.08639611111107,4742.362916616667,24
2025-06-04,20:00-24:00,7660.9574625,3494.75349,24
2025-06-05,0:00-4:00,2023.3811300617272,1285.4114166666666,24
2025-06-05,4:00-8:00,1726.7785380761306,3399.388897222222,24
2025-06-05,8:00-12:00,5354.193305,3352.376183333333,24
2025-06-05,12:00-16:00,4385.868999674216,1961.244218333333,24
2025-06-05,16:00-20:00,330.24467666666715,3925.606267777778,24
2025-06-05,20:00-24:00,911.3793191666668,3786.0881957777765,24
2025-06-06,0:00-4:00,1290.6423765534964,1202.0732783333328,24
2025-06-06,4:00-8:00,973.2798944444443,875.5913439499989,24
2025-06-06,8:00-12:00,7886.497649999999,0.0,24
2025-06-06,12:00-16:00,2589.870230576131,425.68032611111107,24
2025-06-06,16:00-20:00,57.32846500000028,5112.699724166665,24
2025-06-06,20:00-24:00,1112.7011058333337,3335.3476581222208,24
2025-06-07,0:00-4:00,3447.0356255384113,681.1184149999999,24
2025-06-07,4:00-8:00,892.301936666667,2060.2432716666667,24
2025-06-07,8:00-12:00,5790.361716666665,0.0,24
2025-06-07,12:00-16:00,3065.850973525373,29.532611111111123,24
2025-06-07,16:00-20:00,186.32244510630798,4994.325362500001,24
2025-06-07,20:00-24:00,8104.133719166666,3314.088618333333,24
2025-06-08,0:00-4:00,1402.4345011728433,371.1897199999995,24
2025-06-08,4:00-8:00,1015.7586916666666,5162.363059644439,24
2025-06-08,8:00-12:00,6420.887483333332,1088.7352,24
2025-06-08,12:00-16:00,1317.0344371330511,1434.1422990672147,24
2025-06-08,16:00-20:00,326.08709083333395,3784.405494166119,24
2025-06-08,20:00-24:00,8371.191464166666,3148.1999224999995,24
2025-06-09,0:00-4:00,926.8835516460879,558.0485850000001,24
2025-06-09,4:00-8:00,1133.827812777778,4435.7907264000005,24
2025-06-09,8:00-12:00,5674.528691111111,2798.0059666666666,24
2025-06-09,12:00-16:00,5079.8823180246845,1268.970183333333,24
2025-06-09,16:00-20:00,195.61201093964627,5129.814194694445,24
2025-06-09,20:00-24:00,8332.951348333332,3735.547444166667,24
2025-06-10,0:00-4:00,1763.2719538683177,533.8017650000002,24
2025-06-10,4:00-8:00,1019.6836186111112,4425.875154752786,24
2025-06-10,8:00-12:00,4827.421765,3557.891833333333,24
2025-06-10,12:00-16:00,5406.643267037038,1302.6840944444443,24
2025-06-10,16:00-20:00,177.09451777777758,4116.135734769442,24
2025-06-10,20:00-24:00,8047.776158333333,3487.9161839250023,24
2025-06-11,0:00-4:00,2072.00877111111,346.7941516666665,24
2025-06-11,4:00-8:00,1043.3895499999999,3882.49973391389,24
2025-06-11,8:00-12:00,4394.43604351166,4758.580607752776,24
2025-06-11,12:00-16:00,8064.10895403292,1873.4871233333324,24
2025-06-11,16:00-20:00,626.0272621879285,5109.72478703189,24
2025-06-11,20:00-24:00,8152.307361666666,3595.6543600333316,24
2025-06-12,0:00-4:00,1887.3438160270248,323.13818333333325,24
2025-06-12,4:00-8:00,1011.2725985185203,4560.6810981,24
2025-06-12,8:00-12:00,5114.178014444444,3107.5907666666667,24
2025-06-12,12:00-16:00,5952.459413374484,2374.6873194444443,24
2025-06-12,16:00-20:00,627.7926705555548,4798.909449949995,24
2025-06-12,20:00-24:00,1742.543611944444,3371.2992946805584,24
2025-06-13,0:00-4:00,746.550267177642,190.5905666666667,24
2025-06-13,4:00-8:00,986.2188807027762,2091.562838333333,24
2025-06-13,8:00-12:00,6111.061833333333,13.859816666666688,24
2025-06-13,12:00-16:00,4029.6074259055877,29.864453333333586,24
2025-06-13,16:00-20:00,108.68042011316797,5481.3670066666655,24
2025-06-13,20:00-24:00,2064.0282936611275,3266.0249433333324,24
2025-06-14,0:00-4:00,142.89944499999996,287.8371400000005,24
2025-06-14,4:00-8:00,450.9781797236415,1747.9638228499998,24
2025-06-14,8:00-12:00,9071.136466666665,0.0,24
2025-06-14,12:00-16:00,1511.7307333333313,80.44535722222213,24
2025-06-14,16:00-20:00,115.22752753333316,5112.910502746447,24
2025-06-14,20:00-24:00,8179.225018333333,3238.4335341666665,24
2025-06-15,0:00-4:00,2115.1639901028766,9.435541666666609,24
2025-06-15,4:00-8:00,11.64881687242895,4752.320783333333,24
2025-06-15,8:00-12:00,2580.8511966323767,3779.257533333333,24
2025-06-15,12:00-16:00,6283.984976282575,1805.4049261111113,24
2025-06-15,16:00-20:00,1223.0039291666662,3088.551536813892,24
2025-06-15,20:00-24:00,8656.881368333332,3130.0498524999994,24
2025-06-16,0:00-4:00,1549.221131704388,31.014643333333197,24
2025-06-16,4:00-8:00,203.25369332990977,5510.990543888889,24
2025-06-16,8:00-12:00,4093.2417054252383,3145.139179999999,24
2025-06-16,12:00-16:00,7405.691510555555,1718.6082749999996,24
2025-06-16,16:00-20:00,949.0325300000012,4665.708489999999,24
2025-06-16,20:00-24:00,8727.011424999999,3358.7398516666667,24
2025-06-17,0:00-4:00,1534.7424728669398,37.30470333333335,24
2025-06-17,4:00-8:00,87.80364764746048,5212.002812777778,24
2025-06-17,8:00-12:00,3269.537014890261,3205.1872166666662,24
2025-06-17,12:00-16:00,7726.649120054867,2089.428931111111,24
2025-06-17,16:00-20:00,835.6867344444449,4667.13588,24
2025-06-17,20:00-24:00,8373.590669166666,3124.3741918611076,24
2025-06-18,0:00-4:00,2396.706685277781,55.26139499999999,24
2025-06-18,4:00-8:00,0.0,5407.549333333333,24
2025-06-18,8:00-12:00,4990.520806440327,2700.2017499999993,24
2025-06-18,12:00-16:00,6086.710307757198,872.2027158333331,24
2025-06-18,16:00-20:00,27.207447530864656,4594.488134166666,24
2025-06-18,20:00-24:00,8816.193229999999,3464.759465,24
2025-06-19,0:00-4:00,1120.3633749382686,4.004686666666771,24
2025-06-19,4:00-8:00,321.07003205761197,3703.6074466666687,24
2025-06-19,8:00-12:00,5518.085516666666,3358.6902166666664,24
2025-06-19,12:00-16:00,3099.5122235047993,1019.8111088888897,24
2025-06-19,16:00-20:00,350.3326855555557,4957.463600222221,24
2025-06-19,20:00-24:00,1772.8884824999998,3188.5164606611092,24
2025-06-20,0:00-4:00,1011.6624399999996,20.883673333333434,24
2025-06-20,4:00-8:00,874.8384936899872,1473.8697499999998,24
2025-06-20,8:00-12:00,8931.66229446845,0.0,24
2025-06-20,12:00-16:00,0.0,0.0,24
2025-06-20,16:00-20:00,199.45705666666674,4597.689792777776,24
2025-06-20,20:00-24:00,2379.0441044443983,3022.2782666666662,24
2025-06-21,0:00-4:00,749.3973883333331,80.59789166666667,24
2025-06-21,4:00-8:00,362.2805805555556,2964.108352819408,24
2025-06-21,8:00-12:00,9476.08544275377,0.0,24
2025-06-21,12:00-16:00,0.0,0.0,24
2025-06-21,16:00-20:00,219.32684833333326,4676.917329444446,24
2025-06-21,20:00-24:00,8895.555413333332,3017.499916666666,24
2025-06-22,0:00-4:00,550.8909269478779,134.8590366666666,24
2025-06-22,4:00-8:00,0.0,4456.409638888888,24
2025-06-22,8:00-12:00,4765.558358106993,2036.659549999999,24
2025-06-22,12:00-16:00,4582.305100425243,2369.4657638888884,24
2025-06-22,16:00-20:00,673.1581166666665,4696.163461666666,24
2025-06-22,20:00-24:00,8783.448074999998,3198.329061466666,24
2025-06-23,0:00-4:00,1942.355503189301,47.900898333332975,24
2025-06-23,4:00-8:00,77.54433967078117,4481.990261666666,24
2025-06-23,8:00-12:00,5682.957732777777,2705.5217999999995,24
2025-06-23,12:00-16:00,4717.262136676953,1914.5775855555557,24
2025-06-23,16:00-20:00,664.8746663888905,5042.571422286106,24
2025-06-23,20:00-24:00,8608.701721666665,3398.9590633333332,24
2025-06-24,0:00-4:00,1851.6684727777617,120.23553666666669,24
2025-06-24,4:00-8:00,702.9767568895725,3323.990747222222,24
2025-06-24,8:00-12:00,4865.991727222222,5720.002103016667,24
2025-06-24,12:00-16:00,7790.106936131686,1727.3989722222216,24
2025-06-24,16:00-20:00,440.66462971879616,4917.460273499998,24
2025-06-24,20:00-24:00,8672.749088333332,3330.4735966666663,24
2025-06-25,0:00-4:00,1265.708798271607,46.06899166666665,24
2025-06-25,4:00-8:00,331.1910911659791,3368.290782777779,24
2025-06-25,8:00-12:00,4821.543325,3787.737397777777,24
2025-06-25,12:00-16:00,4208.841881906719,1504.1338627777777,24
2025-06-25,16:00-20:00,366.21669555555604,4687.584485966667,24
2025-06-25,20:00-24:00,8361.366006666663,3195.0856361888905,24
2025-06-26,0:00-4:00,2380.740051975308,34.91338833333327,24
2025-06-26,4:00-8:00,301.25319157750346,3479.997808888891,24
2025-06-26,8:00-12:00,4825.507065555552,3957.0764833333333,24
2025-06-26,12:00-16:00,3749.813402222221,891.4921596776403,24
2025-06-26,16:00-20:00,1383.7266405555554,4798.268686111111,24
2025-06-26,20:00-24:00,1509.0762533333325,3423.5221716666665,24
2025-06-27,0:00-4:00,905.0687316666666,29.11017666666669,24
2025-06-27,4:00-8:00,1132.6379888888887,1683.4360805555552,24
2025-06-27,8:00-12:00,8739.711253237143,0.0,24
2025-06-27,12:00-16:00,0.0,0.0,24
2025-06-27,16:00-20:00,181.01527888888882,5791.028587266665,24
2025-06-27,20:00-24:00,1682.6409608333329,3084.349210299998,24
2025-06-28,0:00-4:00,1205.081288333333,18.51633333333325,24
2025-06-28,4:00-8:00,485.8600615192056,1787.5024983333337,24
2025-06-28,8:00-12:00,9214.685516666666,0.0,24
2025-06-28,12:00-16:00,417.6263125651591,0.0,24
2025-06-28,16:00-20:00,147.03829888888913,4759.8113583333325,24
2025-06-28,20:00-24:00,8641.799681666665,2984.073615,24
2025-06-29,0:00-4:00,731.9718166666665,92.85392833333322,24
2025-06-29,4:00-8:00,407.33250182441793,4239.53595888889,24
2025-06-29,8:00-12:00,4682.49812055555,3653.8854166666665,24
2025-06-29,12:00-16:00,3629.878207222222,1444.8265055555562,24
2025-06-29,16:00-20:00,281.04638861111175,3550.9974094611052,24
2025-06-29,20:00-24:00,8399.959195833333,2916.584685838888,24
2025-06-30,0:00-4:00,2283.27152298354,13.315666666666743,24
2025-06-30,4:00-8:00,123.13077297667884,4582.770053527777,24
2025-06-30,8:00-12:00,4918.676853888888,3697.715033333333,24
2025-06-30,12:00-16:00,5948.648035925928,691.6275077777784,24
2025-06-30,16:00-20:00,103.4710747599458,4778.342021666666,24
2025-06-30,20:00-24:00,8688.57763333333,3298.852748333333,24
2025-07-01,0:00-4:00,271.432812280519,1717.5195300000005,24
2025-07-01,4:00-8:00,2383.62278611111,1080.669938333333,24
2025-07-01,8:00-12:00,5035.120292044444,3807.4596500000002,24
2025-07-01,12:00-16:00,1730.9697176572008,2284.849777270234,24
2025-07-01,16:00-20:00,417.7983666666663,3517.2545197222216,24
2025-07-01,20:00-24:00,8219.344706666665,2673.7960610631026,24
2025-07-02,0:00-4:00,844.9315421056306,2047.503569999999,24
2025-07-02,4:00-8:00,2243.7849802777773,2873.8986449388995,24
2025-07-02,8:00-12:00,5431.232380555555,2375.83,24
2025-07-02,12:00-16:00,2322.197226930737,458.8568606927304,24
2025-07-02,16:00-20:00,347.0502283333336,4703.420595351713,24
2025-07-02,20:00-24:00,8086.106625,3460.211007499999,24
2025-07-03,0:00-4:00,1256.6202657956112,2152.157256666667,24
2025-07-03,4:00-8:00,3120.418264242118,934.3976200000006,24
2025-07-03,8:00-12:00,5166.495708611112,3639.285633333333,24
2025-07-03,12:00-16:00,2185.959454022632,1513.7254380555555,24
2025-07-03,16:00-20:00,272.0793050000001,4635.532003652774,24
2025-07-03,20:00-24:00,1246.7004450000009,3576.2093253499993,24
2025-07-04,0:00-4:00,0.0,1133.254480761115,24
2025-07-04,4:00-8:00,884.7486322942357,393.94187837221904,24
2025-07-04,8:00-12:00,10268.266032362826,0.0,24
2025-07-04,12:00-16:00,0.0,83.70323333333329,24
2025-07-04,16:00-20:00,69.62949583333352,5532.172488888886,24
2025-07-04,20:00-24:00,1050.3524388750002,3405.0512091666665,24
2025-07-05,0:00-4:00,647.9572018828835,1051.1037692499995,24
2025-07-05,4:00-8:00,1398.9850180555554,597.6029592999998,24
2025-07-05,8:00-12:00,10005.463079845676,0.0,24
2025-07-05,12:00-16:00,0.0,38.527000000000044,24
2025-07-05,16:00-20:00,48.83244833333299,5426.18095916667,24
2025-07-05,20:00-24:00,7833.604484166665,3099.065519166666,24
2025-07-06,0:00-4:00,1800.7897944135811,1610.5697099999993,24
2025-07-06,4:00-8:00,2865.6412627777772,1684.696577777778,24
2025-07-06,8:00-12:00,5836.252277112485,3032.9076499999996,24
2025-07-06,12:00-16:00,1751.1340850617294,2351.2468077777776,24
2025-07-06,16:00-20:00,122.23012694444333,4440.938626677783,24
2025-07-06,20:00-24:00,7757.384135833332,3519.962146666667,24
2025-07-07,0:00-4:00,2141.3476650274365,2422.62589,24
2025-07-07,4:00-8:00,789.8160733333334,4104.60314771111,24
2025-07-07,8:00-12:00,4703.426169451306,1988.6620209888893,24
2025-07-07,12:00-16:00,5937.588290877914,230.3724344444447,24
2025-07-07,16:00-20:00,142.1449616666663,5080.694670594448,24
2025-07-07,20:00-24:00,7696.746658333331,3536.0319799999997,24
2025-07-08,0:00-4:00,2340.976887537724,681.3903983333331,24
2025-07-08,4:00-8:00,780.9595449999998,4911.371964172224,24
2025-07-08,8:00-12:00,5277.379418333333,3044.7411378777742,24
2025-07-08,12:00-16:00,6458.6089150000025,903.1161277777777,24
2025-07-08,16:00-20:00,203.7449411111112,5225.787421355555,24
2025-07-08,20:00-24:00,8322.8618925,3382.6246933333327,24
2025-07-09,0:00-4:00,1406.8687671296238,706.4002533333334,24
2025-07-09,4:00-8:00,833.6297988888888,5520.917793699999,24
2025-07-09,8:00-12:00,6205.902599999999,2358.8981499999995,24
2025-07-09,12:00-16:00,5226.786828580247,855.2755705555553,24
2025-07-09,16:00-20:00,254.3518755624142,5276.571880000001,24
2025-07-09,20:00-24:00,8197.424169658332,3519.2408466666666,24
2025-07-10,0:00-4:00,1941.43901,552.354088279733,24
2025-07-10,4:00-8:00,887.6892819509233,4819.697900555556,24
2025-07-10,8:00-12:00,4602.596043960906,2650.8787166666666,24
2025-07-10,12:00-16:00,5729.229081469286,737.0332833333332,24
2025-07-10,16:00-20:00,390.99528166666676,5025.411823638887,24
2025-07-10,20:00-24:00,1980.7031158333336,3445.1176749999995,24
2025-07-11,0:00-4:00,83.3259383333334,586.915478333333,24
2025-07-11,4:00-8:00,811.0614986042456,2016.1390504222234,24
2025-07-11,8:00-12:00,8046.6884,0.0,24
2025-07-11,12:00-16:00,2549.0597499999976,0.0,24
2025-07-11,16:00-20:00,110.91990222222205,5275.511455177779,24
2025-07-11,20:00-24:00,863.9226985999995,3638.3743514555554,24
2025-07-12,0:00-4:00,1073.09216794321,700.9787200000001,24
2025-07-12,4:00-8:00,1022.3222600000001,1492.9183111666664,24
2025-07-12,8:00-12:00,9009.828566666667,0.0,24
2025-07-12,12:00-16:00,1633.2265500000017,130.97128388888882,24
2025-07-12,16:00-20:00,81.04388166666638,5449.1798318944475,24
2025-07-12,20:00-24:00,7988.680425833333,3166.404557699997,24
2025-07-13,0:00-4:00,1992.4633508436216,254.92825999999968,24
2025-07-13,4:00-8:00,1020.5566522222224,5038.890141666664,24
2025-07-13,8:00-12:00,5698.260885555555,2273.9651499999995,24
2025-07-13,12:00-16:00,3538.500553271605,564.3764058333329,24
2025-07-13,16:00-20:00,165.31835388889,5018.873980055557,24
2025-07-13,20:00-24:00,8252.115565833334,3372.475991666666,24
2025-07-14,0:00-4:00,1740.4592174554095,436.93201166666665,24
2025-07-14,4:00-8:00,939.9278194444444,5095.528170216663,24
2025-07-14,8:00-12:00,5462.419633333333,2004.440666666666,24
2025-07-14,12:00-16:00,3793.159011995879,326.24393222222307,24
2025-07-14,16:00-20:00,72.44490833333316,5088.046957222219,24
2025-07-14,20:00-24:00,8457.438413333333,3273.130899999999,24
2025-07-15,0:00-4:00,2146.758041495196,103.74718166666673,24
2025-07-15,4:00-8:00,124.64912415637909,5096.731766666667,24
2025-07-15,8:00-12:00,6436.608466666667,1581.6237500000002,24
2025-07-15,12:00-16:00,2135.091734276405,637.6490252777787,24
2025-07-15,16:00-20:00,397.2353497222216,5357.461690369446,24
2025-07-15,20:00-24:00,8895.920685,3223.8522799999996,24
2025-07-16,0:00-4:00,1669.66482651235,21.60675500000002,24
2025-07-16,4:00-8:00,53.195053504802395,5145.408643333334,24
2025-07-16,8:00-12:00,6235.4204827777785,1555.8183499999996,24
2025-07-16,12:00-16:00,2412.273367843658,346.4930190089169,24
2025-07-16,16:00-20:00,546.5427479972554,5228.789807886111,24
2025-07-16,20:00-24:00,8942.336475,3403.6975833333327,24
2025-07-17,0:00-4:00,1186.4879266563748,36.75721999999985,24
2025-07-17,4:00-8:00,124.19342216049307,4784.001326111111,24
2025-07-17,8:00-12:00,5961.89557111111,2836.7979000000005,24
2025-07-17,12:00-16:00,3779.4866081500613,777.7516127777783,24
2025-07-17,16:00-20:00,603.2624377777781,4895.261717222222,24
2025-07-17,20:00-24:00,2618.723162777797,3460.4870983333335,24
2025-07-18,0:00-4:00,1540.6445916666664,0.0,24
2025-07-18,4:00-8:00,495.4591934678764,1976.9824666666664,24
2025-07-18,8:00-12:00,8020.000216666665,0.0,24
2025-07-18,12:00-16:00,8.778427222918657,63.03974999999991,24
2025-07-18,16:00-20:00,405.6793722222218,5176.535618055554,24
2025-07-18,20:00-24:00,2788.512371111109,3489.4069666666664,24
2025-07-19,0:00-4:00,1394.6985833333333,5.794658333333473,24
2025-07-19,4:00-8:00,671.9764272222221,2115.6190685444462,24
2025-07-19,8:00-12:00,8134.6839394444405,0.0,24
2025-07-19,12:00-16:00,0.0,0.0,24
2025-07-19,16:00-20:00,331.33402048011044,5047.940079444445,24
2025-07-19,20:00-24:00,8734.838708333333,3565.465233333333,24
2025-07-20,0:00-4:00,1577.9679865500689,8.348666666666759,24
2025-07-20,4:00-8:00,46.732001687242196,5034.316812966664,24
2025-07-20,8:00-12:00,5519.6082,2008.6769,24
2025-07-20,12:00-16:00,3574.3570954218044,377.25510013374355,24
2025-07-20,16:00-20:00,521.9728695375463,5215.701149702778,24
2025-07-20,20:00-24:00,8797.411273333333,3334.4887983333338,24
2025-07-21,0:00-4:00,1256.5096231515788,0.0,24
2025-07-21,4:00-8:00,184.25798611111134,4779.211428405556,24
2025-07-21,8:00-12:00,5980.843233333333,2550.788733333333,24
2025-07-21,12:00-16:00,3395.2127045130355,413.85411666666676,24
2025-07-21,16:00-20:00,310.12576611111103,5112.217284680561,24
2025-07-21,20:00-24:00,8915.541731666664,3258.9904166666665,24
2025-07-22,0:00-4:00,1110.9121746673604,1.4218333333333248,24
2025-07-22,4:00-8:00,88.91968724279843,5269.770273888889,24
2025-07-22,8:00-12:00,5286.593212777777,1890.594483333333,24
2025-07-22,12:00-16:00,4758.765313590534,1076.9070716666656,24
2025-07-22,16:00-20:00,564.6416348010977,5553.756532236108,24
2025-07-22,20:00-24:00,8580.005314166665,3239.107946513896,24
2025-07-23,0:00-4:00,1749.5628159876596,2.9389549999999645,24
2025-07-23,4:00-8:00,554.7641162825794,3376.2873400000003,24
2025-07-23,8:00-12:00,6126.195273333333,2520.525083333333,24
2025-07-23,12:00-16:00,1683.508766762686,878.4067833333327,24
2025-07-23,16:00-20:00,272.3625994444442,5025.562335608336,24
2025-07-23,20:00-24:00,8737.623018333332,3227.689671666666,24
2025-07-24,0:00-4:00,1179.2143912037063,0.0,24
2025-07-24,4:00-8:00,309.0136582578881,4556.271719322224,24
2025-07-24,8:00-12:00,5982.762516666666,1501.8965833333332,24
2025-07-24,12:00-16:00,2507.264107503431,1069.054326111111,24
2025-07-24,16:00-20:00,431.5812614814826,5381.271526941668,24
2025-07-24,20:00-24:00,2966.7162994444875,3197.0517133333324,24
2025-07-25,0:00-4:00,1243.5287216666661,0.0,24
2025-07-25,4:00-8:00,472.3066511111109,2652.5108651722558,24
2025-07-25,8:00-12:00,8751.094356971882,0.0,24
2025-07-25,12:00-16:00,0.0,0.0,24
2025-07-25,16:00-20:00,177.31836661522652,5290.798954994443,24
2025-07-25,20:00-24:00,2910.7945761110914,3462.5611333333336,24
2025-07-26,0:00-4:00,1369.2498283333327,14.970618333333391,24
2025-07-26,4:00-8:00,732.5387974972389,2116.0101,24
2025-07-26,8:00-12:00,8247.556217444486,0.0,24
2025-07-26,12:00-16:00,0.0,0.0,24
2025-07-26,16:00-20:00,308.60830878601195,4960.998461111112,24
2025-07-26,20:00-24:00,8930.897894999998,3558.592099999999,24
2025-07-27,0:00-4:00,1397.17187371742,96.1186816666667,24
2025-07-27,4:00-8:00,507.6241044032915,3672.2095083333334,24
2025-07-27,8:00-12:00,5706.933826111111,3204.84635,24
2025-07-27,12:00-16:00,2910.6611878257904,1114.8395927777772,24
2025-07-27,16:00-20:00,288.55465999999956,5249.511741386108,24
2025-07-27,20:00-24:00,8436.438667499999,3030.7521241666664,24
2025-07-28,0:00-4:00,2238.8731302880606,0.0,24
2025-07-28,4:00-8:00,304.0558049794242,4795.2508029,24
2025-07-28,8:00-12:00,5088.134024999999,3529.4589166666665,24
2025-07-28,12:00-16:00,5846.086264135802,778.2939166666664,24
2025-07-28,16:00-20:00,342.92155722222276,5150.038905980553,24
2025-07-28,20:00-24:00,8651.738495,3306.2814883333335,24
2025-07-29,0:00-4:00,1461.3298913751623,13.03145999999981,24
2025-07-29,4:00-8:00,104.55057500000032,3840.1792297222237,24
2025-07-29,8:00-12:00,5025.710499722221,3156.1057499999993,24
2025-07-29,12:00-16:00,4424.512645099452,743.0817333333337,24
2025-07-29,16:00-20:00,478.88695650205716,5624.179232500001,24
2025-07-29,20:00-24:00,8892.044315,3380.221563333333,24
2025-07-30,0:00-4:00,1794.7900073045284,39.83343999999988,24
2025-07-30,4:00-8:00,133.9972883333338,4224.935201580553,24
2025-07-30,8:00-12:00,5290.076235,3243.9753999999994,24
2025-07-30,12:00-16:00,3796.8037625685847,667.5098383194479,24
2025-07-30,16:00-20:00,514.1630238888889,4550.030131666666,24
2025-07-30,20:00-24:00,8793.736861666664,3283.9094216666667,24
2025-07-31,0:00-4:00,1267.9264806824424,64.96996499999977,24
2025-07-31,4:00-8:00,110.18176176954745,4914.316866666666,24
2025-07-31,8:00-12:00,5420.599687222221,3194.3920666666654,24
2025-07-31,12:00-16:00,5395.275122016462,1499.8589794444442,24
2025-07-31,16:00-20:00,427.60854166666707,5036.568809999999,24
2025-07-31,20:00-24:00,3010.0501994444967,3191.332018488887,24
2025-08-01,0:00-4:00,838.2794183333331,20.6658483333332,24
2025-08-01,4:00-8:00,491.7886783333335,2306.970482550043,24
2025-08-01,8:00-12:00,9200.173470411524,0.0,24
2025-08-01,12:00-16:00,0.0,0.0,24
2025-08-01,16:00-20:00,262.7423633607657,5026.563910238885,24
2025-08-01,20:00-24:00,2785.0543173148553,3513.6344666666664,24
2025-08-02,0:00-4:00,1222.1769383333333,0.1323333333333494,24
2025-08-02,4:00-8:00,615.7943816666666,2205.3407629278126,24
2025-08-02,8:00-12:00,8380.493077307958,0.0,24
2025-08-02,12:00-16:00,0.0,35.227666666666664,24
2025-08-02,16:00-20:00,175.63351598765303,5117.896874166667,24
2025-08-02,20:00-24:00,8922.061314999999,3529.0751999999993,24
2025-08-03,0:00-4:00,1012.8855549999996,29.83933333333323,24
2025-08-03,4:00-8:00,372.05117598765446,5689.879196666667,24
2025-08-03,8:00-12:00,4422.501249999999,1185.3236666666664,24
2025-08-03,12:00-16:00,4338.375752839509,233.03844027777836,24
2025-08-03,16:00-20:00,158.81392416666654,5562.067032594447,24
2025-08-03,20:00-24:00,8174.000750833333,3039.5661416944467,24
2025-08-04,0:00-4:00,2599.1039931893024,53.84268666666685,24
2025-08-04,4:00-8:00,165.37724897119654,5712.637358333333,24
2025-08-04,8:00-12:00,3890.009516666667,1259.5631666666663,24
2025-08-04,12:00-16:00,4289.982083333333,307.98142081961464,24
2025-08-04,16:00-20:00,343.2893833333326,4582.782471488719,24
2025-08-04,20:00-24:00,8810.642969999997,3155.474468333334,24
2025-08-05,0:00-4:00,1147.497491985599,56.835689999999886,24
2025-08-05,4:00-8:00,52.405598683131096,5506.941554999999,24
2025-08-05,8:00-12:00,2965.854183333333,1729.4810666666667,24
2025-08-05,12:00-16:00,5893.156468312756,139.6442466666665,24
2025-08-05,16:00-20:00,349.4412914266147,4820.965872222221,24
2025-08-05,20:00-24:00,8523.230479999998,3562.9819166666666,24
2025-08-06,0:00-4:00,1565.7465247427976,76.67123833333324,24
2025-08-06,4:00-8:00,207.83669896091322,5211.32665,24
2025-08-06,8:00-12:00,3813.9056166666664,1579.2816500000004,24
2025-08-06,12:00-16:00,5394.28192414266,668.0236080555549,24
2025-08-06,16:00-20:00,298.2166713237326,5414.155161122224,24
2025-08-06,20:00-24:00,8188.695544166666,3411.4950458333324,24
2025-08-07,0:00-4:00,2006.5984258744838,118.10048000000018,24
2025-08-07,4:00-8:00,702.0963253497969,5175.325431666666,24
2025-08-07,8:00-12:00,7296.364399999998,1564.1912166666664,24
2025-08-07,12:00-16:00,911.9140801440335,33.87987666666709,24
2025-08-07,16:00-20:00,10.131685185186573,4919.6447,24
2025-08-07,20:00-24:00,2054.8588311110643,3650.731414999999,24
2025-08-08,0:00-4:00,731.015038333333,39.36453666666682,24
2025-08-08,4:00-8:00,1351.238359852578,2160.6883500000004,24
2025-08-08,8:00-12:00,9149.582013501375,0.0,24
2025-08-08,12:00-16:00,0.0,0.0,24
2025-08-08,16:00-20:00,190.05313998628063,4979.4290247222225,24
2025-08-08,20:00-24:00,2308.5331568444444,3521.6083766666666,24
2025-08-09,0:00-4:00,634.6646733333328,112.01356333333354,24
2025-08-09,4:00-8:00,695.0637827777781,2177.7769487940013,24
2025-08-09,8:00-12:00,9493.695016831276,0.0,24
2025-08-09,12:00-16:00,0.0,0.0,24
2025-08-09,16:00-20:00,57.225378333333424,4903.834116800001,24
2025-08-09,20:00-24:00,8276.940775,3411.599759491666,24
2025-08-10,0:00-4:00,1679.5700393415673,79.63111333333325,24
2025-08-10,4:00-8:00,387.8952163271582,5203.292468333333,24
2025-08-10,8:00-12:00,4474.7226,1441.76425,24
2025-08-10,12:00-16:00,3714.836895946506,76.67085638888898,24
2025-08-10,16:00-20:00,164.6566542592606,4847.296187777777,24
2025-08-10,20:00-24:00,8466.263498758331,3684.6663491666664,24
2025-08-11,0:00-4:00,1479.1885684124516,247.8385850000002,24
2025-08-11,4:00-8:00,824.5611303600805,5254.023143533338,24
2025-08-11,8:00-12:00,4288.0743833333345,1955.1859,24
2025-08-11,12:00-16:00,4588.290452304533,894.7108594444442,24
2025-08-11,16:00-20:00,221.81511333333322,5169.204142749998,24
2025-08-11,20:00-24:00,8068.85479,2812.402231272224,24
2025-08-12,0:00-4:00,2118.708993446502,201.23779833333322,24
2025-08-12,4:00-8:00,1007.3511349348403,4759.462960555556,24
2025-08-12,8:00-12:00,4283.929047818931,1236.6518333333333,24
2025-08-12,12:00-16:00,3347.1227217283877,782.1694866666664,24
2025-08-12,16:00-20:00,232.07957555555686,4968.177654283337,24
2025-08-12,20:00-24:00,8609.099222133333,3218.880307499999,24
2025-08-13,0:00-4:00,1386.0341529283942,221.40552833333345,24
2025-08-13,4:00-8:00,865.13991989712,5640.323248333334,24
2025-08-13,8:00-12:00,2401.32435,1369.6752,24
2025-08-13,12:00-16:00,4829.84226661866,511.42810444444444,24
2025-08-13,16:00-20:00,81.46046166666679,3783.758739233336,24
2025-08-13,20:00-24:00,8496.557039608333,3271.000649166667,24
2025-08-14,0:00-4:00,1554.894884002776,334.1750766666662,24
2025-08-14,4:00-8:00,871.6166991460916,6200.273848333334,24
2025-08-14,8:00-12:00,3818.136933333333,2283.1514666666667,24
2025-08-14,12:00-16:00,5484.6020964197505,0.0,24
2025-08-14,16:00-20:00,628.678232500001,4836.004964575002,24
2025-08-14,20:00-24:00,1179.9781983083326,3524.339991666666,24
2025-08-15,0:00-4:00,1243.380853351476,206.76991666666675,24
2025-08-15,4:00-8:00,1300.1497141666669,2204.109013872223,24
2025-08-15,8:00-12:00,10104.197947369685,0.0,24
2025-08-15,12:00-16:00,0.0,0.0,24
2025-08-15,16:00-20:00,365.95609766117855,5183.932012222223,24
2025-08-15,20:00-24:00,1085.3928666666666,3792.529316666666,24
2025-08-16,0:00-4:00,391.177615435529,301.41831999999994,24
2025-08-16,4:00-8:00,1386.6804138888888,1581.101886469445,24
2025-08-16,8:00-12:00,10176.943049999998,0.0,24
2025-08-16,12:00-16:00,0.0,0.0,24
2025-08-16,16:00-20:00,118.38373004801298,5384.0470034222235,24
2025-08-16,20:00-24:00,8486.741598333332,3456.6582929166666,24
2025-08-17,0:00-4:00,1694.423361419753,269.96914000000004,24
2025-08-17,4:00-8:00,990.998003209877,5453.744684999999,24
2025-08-17,8:00-12:00,6144.329116666666,1328.6753499999995,24
2025-08-17,12:00-16:00,2258.05539703704,126.27944683127498,24
2025-08-17,16:00-20:00,228.70092692132576,5399.789766099999,24
2025-08-17,20:00-24:00,8614.326613133333,3188.3894008333327,24
2025-08-18,0:00-4:00,1397.5746300250996,377.3417383333334,24
2025-08-18,4:00-8:00,877.4005749999997,5475.0610029888885,24
2025-08-18,8:00-12:00,4793.118100000001,1985.133866666667,24
2025-08-18,12:00-16:00,4671.079357222222,261.75514477366437,24
2025-08-18,16:00-20:00,383.3032969444439,5264.7688043596645,24
2025-08-18,20:00-24:00,8535.978266666665,3312.180308449999,24
2025-08-19,0:00-4:00,1209.635583391625,377.5719399999997,24
2025-08-19,4:00-8:00,907.4295555555556,5419.806228888889,24
2025-08-19,8:00-12:00,4197.820300000001,1445.3886499999994,24
2025-08-19,12:00-16:00,4455.684394615916,360.112565281207,24
2025-08-19,16:00-20:00,509.56753678063575,5019.451449999999,24
2025-08-19,20:00-24:00,8403.305008333333,3765.9580616666663,24
2025-08-20,0:00-4:00,1865.4755566735253,286.07246166666664,24
2025-08-20,4:00-8:00,1069.9128006995852,5106.907938333332,24
2025-08-20,8:00-12:00,2634.1200882784597,3077.351266666666,24
2025-08-20,12:00-16:00,6489.7025545473225,428.93949722222146,24
2025-08-20,16:00-20:00,487.1189377777773,4336.484918416666,24
2025-08-20,20:00-24:00,8726.351683333332,3220.8451191666672,24
2025-08-21,0:00-4:00,800.4422064197582,180.58497499999953,24
2025-08-21,4:00-8:00,911.3686994444448,5080.482639999999,24
2025-08-21,8:00-12:00,5441.241920528122,1134.3337833333337,24
2025-08-21,12:00-16:00,2440.1583360219465,268.3505430555556,24
2025-08-21,16:00-20:00,210.95885666666686,5286.023289960598,24
2025-08-21,20:00-24:00,2023.0425732098392,3587.715709198047,24
2025-08-22,0:00-4:00,314.2916733333335,404.1163783333327,24
2025-08-22,4:00-8:00,993.2340168989093,1812.1095149999999,24
2025-08-22,8:00-12:00,10149.787561980109,0.0,24
2025-08-22,12:00-16:00,0.0,0.0,24
2025-08-22,16:00-20:00,87.27605111111154,5278.892764933333,24
2025-08-22,20:00-24:00,1999.4718086111316,3537.81896505,24
2025-08-23,0:00-4:00,752.1418760596503,191.61470833333254,24
2025-08-23,4:00-8:00,1147.0073127777775,2231.8068738888887,24
2025-08-23,8:00-12:00,9890.810744286693,0.0,24
2025-08-23,12:00-16:00,0.0,0.0,24
2025-08-23,16:00-20:00,75.80893583333341,5214.208284558334,24
2025-08-23,20:00-24:00,8403.933751524997,3532.641313333333,24
2025-08-24,0:00-4:00,590.9342287904993,308.9769583333334,24
2025-08-24,4:00-8:00,1098.0919827777773,6262.617515,24
2025-08-24,8:00-12:00,5414.618916666667,1558.2587369055511,24
2025-08-24,12:00-16:00,5618.252811296299,305.3996561111114,24
2025-08-24,16:00-20:00,139.34182364197687,5017.78389611111,24
2025-08-24,20:00-24:00,8277.237221666666,3641.9713,24
2025-08-25,0:00-4:00,1945.1575068792868,65.73679166666682,24
2025-08-25,4:00-8:00,736.5908391289424,4742.317865555556,24
2025-08-25,8:00-12:00,6380.938608333334,1481.2753666666663,24
2025-08-25,12:00-16:00,1711.561446279147,637.6374113888883,24
2025-08-25,16:00-20:00,224.48377805555538,5163.545552475,24
2025-08-25,20:00-24:00,8402.706465,3585.8663733333333,24
2025-08-26,0:00-4:00,1469.840923309329,192.81975166666666,24
2025-08-26,4:00-8:00,1011.9317049999999,6173.027046666667,24
2025-08-26,8:00-12:00,4391.886366666666,1858.7451499999997,24
2025-08-26,12:00-16:00,4911.4788966735305,98.77498333333347,24
2025-08-26,16:00-20:00,747.8399101646005,4686.956848055555,24
2025-08-26,20:00-24:00,8585.488845833332,3444.313758575008,24
2025-08-27,0:00-4:00,1168.737915679019,165.17777166666667,24
2025-08-27,4:00-8:00,728.9072841975246,4773.522648333334,24
2025-08-27,8:00-12:00,3481.5880211111125,2543.757683333333,24
2025-08-27,12:00-16:00,5291.6944859465,1243.1291044444445,24
2025-08-27,16:00-20:00,345.86786027777737,4470.170902363888,24
2025-08-27,20:00-24:00,8204.553628333333,3280.5433768750027,24
2025-08-28,0:00-4:00,2110.075118281892,268.5803983333336,24
2025-08-28,4:00-8:00,836.6445876406035,5686.639057222222,24
2025-08-28,8:00-12:00,1443.3365500000002,2689.7822171124812,24
2025-08-28,12:00-16:00,5235.777856666665,797.184162777777,24
2025-08-28,16:00-20:00,238.9862416666673,2745.7816008333334,24
2025-08-28,20:00-24:00,2135.1048919444024,2344.701557959743,24
2025-08-29,0:00-4:00,1579.7496668656127,38.27167999999995,24
2025-08-29,4:00-8:00,989.8428149999999,3131.6776250000003,24
2025-08-29,8:00-12:00,9838.65545359739,0.0,24
2025-08-29,12:00-16:00,0.0,0.0,24
2025-08-29,16:00-20:00,150.50662027777764,5203.348003794444,24
2025-08-29,20:00-24:00,2126.719589444369,3640.1108066666666,24
2025-08-30,0:00-4:00,722.2567748834741,276.2577783333336,24
2025-08-30,4:00-8:00,1420.9486757694453,2155.3978211111107,24
2025-08-30,8:00-12:00,9499.462672841666,0.0,24
2025-08-30,12:00-16:00,0.0,0.0,24
2025-08-30,16:00-20:00,211.0307301954752,4967.701531666669,24
2025-08-30,20:00-24:00,8352.295724166665,3434.186484166667,24
2025-08-31,0:00-4:00,699.0875116666666,83.97547666666674,24
2025-08-31,4:00-8:00,998.5800805555556,6877.9527216666675,24
2025-08-31,8:00-12:00,3176.5813333333335,1301.35885,24
2025-08-31,12:00-16:00,4805.832941550075,228.82983333333323,24
2025-08-31,16:00-20:00,478.545725277777,3426.5903902388836,24
2025-08-31,20:00-24:00,8581.852375020575,3375.190659166666,24
2025-09-01,0:00-4:00,1950.250302808641,0.0,24
2025-09-01,4:00-8:00,161.51690666666548,4673.314249999999,24
2025-09-01,8:00-12:00,6613.540300000001,1047.6085833333332,24
2025-09-01,12:00-16:00,287.8104888065799,0.0,24
2025-09-01,16:00-20:00,48.76546749999977,5076.187059216663,24
2025-09-01,20:00-24:00,8587.6690575,3623.9414406083374,24
2025-09-02,0:00-4:00,2104.464857499999,0.0,24
2025-09-02,4:00-8:00,0.0,5659.232513888889,24
2025-09-02,8:00-12:00,4072.33643731139,1927.4221000000002,24
2025-09-02,12:00-16:00,5293.903826748966,35.683163888888885,24
2025-09-02,16:00-20:00,295.84272939643193,4450.868625255553,24
2025-09-02,20:00-24:00,8890.49207201646,2954.3794000000003,24
2025-09-03,0:00-4:00,0.0,0.0,24
2025-09-03,4:00-8:00,40.080409465020544,5091.917615,24
2025-09-03,8:00-12:00,4412.944403724279,832.7266166666666,24
2025-09-03,12:00-16:00,2933.541933724283,85.10855222222222,24
2025-09-03,16:00-20:00,727.0359456138553,4736.661008724999,24
2025-09-03,20:00-24:00,8741.706421810699,2906.38659,24
2025-09-04,0:00-4:00,0.0,0.0,24
2025-09-04,4:00-8:00,0.0,6239.924466666666,24
2025-09-04,8:00-12:00,5655.309433333334,1426.7381666666665,24
2025-09-04,12:00-16:00,3860.0722686556896,40.79654527777802,24
2025-09-04,16:00-20:00,778.4386429218135,4875.042704100004,24
2025-09-04,20:00-24:00,4106.421846111141,3012.4268550000006,24
2025-09-05,0:00-4:00,2522.965664999999,0.0,24
2025-09-05,4:00-8:00,918.6489799999996,4225.33805790558,24
2025-09-05,8:00-12:00,6627.6083437517245,0.0,24
2025-09-05,12:00-16:00,0.0,0.0,24
2025-09-05,16:00-20:00,662.3699902674899,5100.483512375004,24
2025-09-05,20:00-24:00,3897.631777777801,2774.9500666666668,24
2025-09-06,0:00-4:00,2533.4578083333317,0.0,24
2025-09-06,4:00-8:00,527.9909133333332,4278.3032888111275,24
2025-09-06,8:00-12:00,7383.162927390265,0.0,24
2025-09-06,12:00-16:00,0.0,0.0,24
2025-09-06,16:00-20:00,485.5305727777777,4592.143441666667,24
2025-09-06,20:00-24:00,8517.166124753085,2700.040883333333,24
2025-09-07,0:00-4:00,0.0,0.0,24
2025-09-07,4:00-8:00,1.556213305898887,6083.907499444444,24
2025-09-07,8:00-12:00,3988.2562,1888.2576666666664,24
2025-09-07,12:00-16:00,5358.721646159118,0.0,24
2025-09-07,16:00-20:00,493.64515795610623,4273.284619999999,24
2025-09-07,20:00-24:00,8971.872882716045,2993.9324149999998,24
2025-09-08,0:00-4:00,0.21821166666677527,3.328386666666802,24
2025-09-08,4:00-8:00,98.51542156378692,5517.652808333333,24
2025-09-08,8:00-12:00,4881.087404828528,1525.3709499999995,24
2025-09-08,12:00-16:00,3783.135984286694,710.1311131944518,24
2025-09-08,16:00-20:00,412.8380277777776,4510.542036666666,24
2025-09-08,20:00-24:00,8571.813583333333,3054.8142600222177,24
2025-09-09,0:00-4:00,1041.5616683333333,57.20387666666693,24
2025-09-09,4:00-8:00,209.10593422778254,6304.387790000001,24
2025-09-09,8:00-12:00,5576.044583333333,1157.6981999999998,24
2025-09-09,12:00-16:00,3624.604392438887,894.2840200000002,24
2025-09-09,16:00-20:00,369.85517944444416,4559.6961631500035,24
2025-09-09,20:00-24:00,8684.784511666665,3084.2199966666662,24
2025-09-10,0:00-4:00,1351.9386477057656,74.85751833333347,24
2025-09-10,4:00-8:00,226.8262268004135,5872.92722388889,24
2025-09-10,8:00-12:00,5933.160316666666,2677.5561166666657,24
2025-09-10,12:00-16:00,4445.2398625,606.4904897361132,24
2025-09-10,16:00-20:00,604.2624283333332,4805.157134444444,24
2025-09-10,20:00-24:00,8559.808671666666,3207.3765043555554,24
2025-09-11,0:00-4:00,1686.5981682716063,26.038783333333413,24
2025-09-11,4:00-8:00,37.91466666666666,5701.661396666666,24
2025-09-11,8:00-12:00,5359.497663875172,2123.80465,24
2025-09-11,12:00-16:00,4263.656862873798,241.1104033333337,24
2025-09-11,16:00-20:00,493.18839083333353,5460.831400277778,24
2025-09-11,20:00-24:00,2519.6869236111143,3346.8954942055607,24
2025-09-12,0:00-4:00,1222.8496271947865,42.67399166666655,24
2025-09-12,4:00-8:00,1050.9358011111108,3038.3316344444443,24
2025-09-12,8:00-12:00,9688.453978148153,0.0,24
2025-09-12,12:00-16:00,0.0,0.0,24
2025-09-12,16:00-20:00,81.56058537722988,4970.747562777777,24
2025-09-12,20:00-24:00,2539.1998694444446,2765.4962583333336,24
2025-09-13,0:00-4:00,1109.5931816666662,0.3993333333332316,24
2025-09-13,4:00-8:00,398.5675811111109,2980.767167169443,24
2025-09-13,8:00-12:00,9102.449549825105,0.0,24
2025-09-13,12:00-16:00,0.0,0.0,24
2025-09-13,16:00-20:00,402.77640063785987,5163.705598888889,24
2025-09-13,20:00-24:00,8799.73195,2706.83015,24
2025-09-14,0:00-4:00,535.0690787928697,20.031444999999962,24
2025-09-14,4:00-8:00,1291.2120649382705,3820.3357499999997,24
2025-09-14,8:00-12:00,5877.878691111109,2466.304066666666,24
2025-09-14,12:00-16:00,618.339121193414,188.0839563888884,24
2025-09-14,16:00-20:00,281.14776777777763,5232.923186502778,24
2025-09-14,20:00-24:00,8422.994288333331,3205.4235073971195,24
2025-09-15,0:00-4:00,855.9815590156426,645.8082066666667,24
2025-09-15,4:00-8:00,997.0083691666664,5894.128397841663,24
2025-09-15,8:00-12:00,5902.811866666667,1964.65175,24
2025-09-15,12:00-16:00,4667.17972551783,597.2813032235928,24
2025-09-15,16:00-20:00,102.57696500000043,5333.4643750000005,24
2025-09-15,20:00-24:00,8040.097800833333,2808.6763542764093,24
2025-09-16,0:00-4:00,1611.2810615534981,711.3531883333336,24
2025-09-16,4:00-8:00,993.5503391666667,5124.327838583335,24
2025-09-16,8:00-12:00,4438.930441227708,1775.93475,24
2025-09-16,12:00-16:00,5172.5065702880665,394.9972519444442,24
2025-09-16,16:00-20:00,262.25228250000043,5152.386678833333,24
2025-09-16,20:00-24:00,8065.463720833332,3376.767050833333,24
2025-09-17,0:00-4:00,1699.3944802572007,472.15895166666667,24
2025-09-17,4:00-8:00,972.9366452777781,4668.34224732778,24
2025-09-17,8:00-12:00,2341.06705,2797.1293666666666,24
2025-09-17,12:00-16:00,6789.706924554179,158.30765588819497,24
2025-09-17,16:00-20:00,183.0209541666676,4940.020736589571,24
2025-09-17,20:00-24:00,8126.5196025,3323.0197016666666,24
2025-09-18,0:00-4:00,1726.158556121396,667.3764200000003,24
2025-09-18,4:00-8:00,1837.671467222222,3344.2218388527726,24
2025-09-18,8:00-12:00,5972.952683333333,2597.062416666666,24
2025-09-18,12:00-16:00,1234.1167736248228,303.94084888888995,24
2025-09-18,16:00-20:00,233.74325416666727,5074.325537711107,24
2025-09-18,20:00-24:00,1825.4238486111046,3498.751008333333,24
2025-09-19,0:00-4:00,1020.0351305761363,811.7798266666667,24
2025-09-19,4:00-8:00,1067.5327725102875,2191.9289821944444,24
2025-09-19,8:00-12:00,10509.670959807956,0.0,24
2025-09-19,12:00-16:00,0.0,0.0,24
2025-09-19,16:00-20:00,62.450387777777564,5718.343603025003,24
2025-09-19,20:00-24:00,1991.6535794444467,2701.9526233333327,24
2025-09-20,0:00-4:00,708.6187899622732,860.4398383333333,24
2025-09-20,4:00-8:00,987.1465549999998,2396.6580781777784,24
2025-09-20,8:00-12:00,10666.666666666664,0.0,24
2025-09-20,12:00-16:00,0.0,12.984249999999975,24
2025-09-20,16:00-20:00,18.576865555555514,6046.2301836000015,24
2025-09-20,20:00-24:00,8570.681476666665,2693.1423724999986,24
2025-09-21,0:00-4:00,1458.6046454938246,747.9116533333333,24
2025-09-21,4:00-8:00,1066.4774288888893,5847.463156822211,24
2025-09-21,8:00-12:00,6604.356683333333,1505.8736166666667,24
2025-09-21,12:00-16:00,3168.8029688271517,65.26982277777768,24
2025-09-21,16:00-20:00,191.67889060356987,4986.284999722224,24
2025-09-21,20:00-24:00,8259.101364166665,3696.1823349111123,24
2025-09-22,0:00-4:00,1381.0756623902594,810.1951016666661,24
2025-09-22,4:00-8:00,990.3032667777744,5582.240584444444,24
2025-09-22,8:00-12:00,3113.8463,2222.2247833333327,24
2025-09-22,12:00-16:00,7312.118351795606,209.1300066666671,24
2025-09-22,16:00-20:00,264.28560166666546,5112.505648611112,24
2025-09-22,20:00-24:00,8091.581833333334,3405.8509071138947,24
2025-09-23,0:00-4:00,1801.6529452366296,463.68796833333306,24
2025-09-23,4:00-8:00,1009.3395699999998,6035.689137038893,24
2025-09-23,8:00-12:00,4455.702971930728,2375.5343614611074,24
2025-09-23,12:00-16:00,6598.361532191362,430.95026416666644,24
2025-09-23,16:00-20:00,229.7665722222232,4974.917199166666,24
2025-09-23,20:00-24:00,8145.170972499999,3658.1273292222286,24
2025-09-24,0:00-4:00,1698.0351412037026,546.5061249999999,24
2025-09-24,4:00-8:00,989.4331975000002,4562.177118638891,24
2025-09-24,8:00-12:00,5709.0084722222255,2928.7559833333335,24
2025-09-24,12:00-16:00,3958.2532219512987,736.4443133333336,24
2025-09-24,16:00-20:00,112.17365916666586,4840.546494999999,24
2025-09-24,20:00-24:00,8456.588772499998,3279.249082866666,24
2025-09-25,0:00-4:00,1591.5336825720178,787.2138033333335,24
2025-09-25,4:00-8:00,994.7083497222221,4779.5379825,24
2025-09-25,8:00-12:00,6404.553516666667,2278.97815,24
2025-09-25,12:00-16:00,3060.157855216051,581.6195300000003,24
2025-09-25,16:00-20:00,332.0851124999999,5186.610477777778,24
2025-09-25,20:00-24:00,2585.8463257583326,3620.5586183472174,24
2025-09-26,0:00-4:00,1565.1254554625189,326.7732699999999,24
2025-09-26,4:00-8:00,933.3037622222223,3168.4569748333347,24
2025-09-26,8:00-12:00,9502.627583333333,0.0,24
2025-09-26,12:00-16:00,987.2078977091883,0.0,24
2025-09-26,16:00-20:00,59.358188888889174,6034.2181005,24
2025-09-26,20:00-24:00,1934.2607752780295,2888.1206908333334,24
2025-09-27,0:00-4:00,1716.393653333333,646.7444731449757,24
2025-09-27,4:00-8:00,1011.3361036111112,2785.6589201468987,24
2025-09-27,8:00-12:00,10531.419408055557,0.0,24
2025-09-27,12:00-16:00,0.0,7.833833333333359,24
2025-09-27,16:00-20:00,64.70559138888854,6185.317839133333,24
2025-09-27,20:00-24:00,8131.865038333332,2718.4791951750003,24
2025-09-28,0:00-4:00,1928.9168517695457,492.5193750000001,24
2025-09-28,4:00-8:00,1791.2034444444448,3684.57474906389,24
2025-09-28,8:00-12:00,5527.925083333333,3056.8501999999994,24
2025-09-28,12:00-16:00,2488.1928693792906,1144.342446666667,24
2025-09-28,16:00-20:00,311.0895402777777,4438.300686950002,24
2025-09-28,20:00-24:00,8208.479185,3323.2735483333327,24
2025-09-29,0:00-4:00,1807.3516884465012,614.9243800000003,24
2025-09-29,4:00-8:00,997.7025294444445,5321.820445,24
2025-09-29,8:00-12:00,4971.227857777775,2938.5964333333322,24
2025-09-29,12:00-16:00,5616.496210932789,225.2676583333323,24
2025-09-29,16:00-20:00,207.70838292500127,5005.26014361111,24
2025-09-29,20:00-24:00,8387.846676666664,3537.531738013697,24
2025-09-30,0:00-4:00,1499.3602688683138,582.742281666667,24
2025-09-30,4:00-8:00,927.3962177777778,5043.9549821166665,24
2025-09-30,8:00-12:00,3401.509809711936,3153.874224549998,24
2025-09-30,12:00-16:00,6445.051384924552,616.2930499999999,24
2025-09-30,16:00-20:00,710.8659491666671,4799.678427122216,24
2025-09-30,20:00-24:00,8195.966992133333,3193.827947491671,24
2025-10-01,0:00-4:00,1842.7630380930027,243.16553499999975,24
2025-10-01,4:00-8:00,953.723176111111,6734.990971666666,24
2025-10-01,8:00-12:00,7562.2519,1555.7471,24
2025-10-01,12:00-16:00,2813.3026483539184,63.08369999999991,24
2025-10-01,16:00-20:00,35.9841213991774,4384.197100555555,24
2025-10-01,20:00-24:00,8791.764079999999,3629.4976699999997,24
2025-10-02,0:00-4:00,259.2021626200277,332.4442650000001,24
2025-10-02,4:00-8:00,1173.9661427777773,4739.853519444447,24
2025-10-02,8:00-12:00,6929.592299999999,2184.154066666666,24
2025-10-02,12:00-16:00,1661.524059458166,0.0,24
2025-10-02,16:00-20:00,12.083823388201989,4273.69716361111,24
2025-10-02,20:00-24:00,4457.610122222298,3566.6442649999995,24
2025-10-03,0:00-4:00,229.8809833333334,226.54958333333354,24
2025-10-03,4:00-8:00,197.05207111111122,4453.178269922287,24
2025-10-03,8:00-12:00,10560.248656570646,0.0,24
2025-10-03,12:00-16:00,0.0,0.0,24
2025-10-03,16:00-20:00,21.595388888888863,5522.743112777777,24
2025-10-03,20:00-24:00,4099.276212222202,2467.292052222221,24
2025-10-04,0:00-4:00,258.3923066666669,79.39779000000027,24
2025-10-04,4:00-8:00,153.64036893005618,4173.883151666666,24
2025-10-04,8:00-12:00,10582.300793251028,0.0,24
2025-10-04,12:00-16:00,0.0,0.0,24
2025-10-04,16:00-20:00,7.621329218107146,5353.923245555555,24
2025-10-04,20:00-24:00,8551.977065,2292.4663966666662,24
2025-10-05,0:00-4:00,174.22185166666645,403.30372333333344,24
2025-10-05,4:00-8:00,1261.5039333333334,4462.51389611111,24
2025-10-05,8:00-12:00,6681.381216666667,2104.956233333333,24
2025-10-05,12:00-16:00,1386.0443446399097,44.478182777778215,24
2025-10-05,16:00-20:00,54.218797884089625,4251.134271666667,24
2025-10-05,20:00-24:00,8724.121491666667,3632.490233333333,24
2025-10-06,0:00-4:00,394.8351698045291,141.80111166666643,24
2025-10-06,4:00-8:00,934.8777579938206,6149.063067222222,24
2025-10-06,8:00-12:00,6121.679968936902,2343.1486000000004,24
2025-10-06,12:00-16:00,4123.8630710631005,86.9800244444441,24
2025-10-06,16:00-20:00,290.1013992455421,4457.403522222223,24
2025-10-06,20:00-24:00,8760.288333333334,3704.9403949999996,24
2025-10-07,0:00-4:00,583.4696461934144,202.12170000000015,24
2025-10-07,4:00-8:00,950.5524730075482,5517.853161180556,24
2025-10-07,8:00-12:00,3977.2170469444472,3067.215616666666,24
2025-10-07,12:00-16:00,6547.695944365564,592.5994866666663,24
2025-10-07,16:00-20:00,443.92565777777725,4571.673936666666,24
2025-10-07,20:00-24:00,8476.928144999998,3263.8213582000008,24
2025-10-08,0:00-4:00,798.9130713991755,171.95958166666674,24
2025-10-08,4:00-8:00,926.4157203086394,6610.148921666669,24
2025-10-08,8:00-12:00,3625.170216666666,2053.204616666665,24
2025-10-08,12:00-16:00,6226.58761388889,110.48953333333361,24
2025-10-08,16:00-20:00,188.72881611111086,4594.5370277777765,24
2025-10-08,20:00-24:00,8304.695411666666,3449.880527688891,24
2025-10-09,0:00-4:00,1690.995204382717,34.804548333333514,24
2025-10-09,4:00-8:00,1054.5394988271642,5003.790644999999,24
2025-10-09,8:00-12:00,6368.885983333333,2567.888566666667,24
2025-10-09,12:00-16:00,2694.6858584499296,117.96140638888767,24
2025-10-09,16:00-20:00,103.48311944444492,4972.951069288885,24
2025-10-09,20:00-24:00,3876.594727150206,3604.764575016667,24
2025-10-10,0:00-4:00,418.0611966495141,341.9675199999999,24
2025-10-10,4:00-8:00,1009.8721133333335,3989.941307527778,24
2025-10-10,8:00-12:00,10646.313483333333,0.0,24
2025-10-10,12:00-16:00,0.0,0.0,24
2025-10-10,16:00-20:00,22.247596111110965,5918.55602201667,24
2025-10-10,20:00-24:00,3734.397172955463,2371.1080983333336,24
2025-10-11,0:00-4:00,923.4809686837673,172.9920983333331,24
2025-10-11,4:00-8:00,1039.5479733333332,4206.769486666666,24
2025-10-11,8:00-12:00,9921.592591817554,0.0,24
2025-10-11,12:00-16:00,0.0,0.0,24
2025-10-11,16:00-20:00,6.1334738888888864,5743.656017222221,24
2025-10-11,20:00-24:00,8550.014088333333,2835.9024616666666,24
2025-10-12,0:00-4:00,1556.7942875788729,92.49667333333366,24
2025-10-12,4:00-8:00,891.4409083744852,5324.234664444446,24
2025-10-12,8:00-12:00,4577.294136666668,2647.553833333333,24
2025-10-12,12:00-16:00,4765.458980003427,438.7852898166698,24
2025-10-12,16:00-20:00,51.86275499999999,5234.729935555555,24
2025-10-12,20:00-24:00,8239.941530833334,2878.254606469442,24
2025-10-13,0:00-4:00,1978.5906009156395,75.06518666666659,24
2025-10-13,4:00-8:00,745.3385073868304,5731.396633055556,24
2025-10-13,8:00-12:00,4262.7783,2780.094033333333,24
2025-10-13,12:00-16:00,5518.110871656378,225.6371769444446,24
2025-10-13,16:00-20:00,147.65200138888883,5035.640333113888,24
2025-10-13,20:00-24:00,8329.520563333332,3070.2015389527733,24
2025-10-14,0:00-4:00,1871.887504125515,140.6325033333335,24
2025-10-14,4:00-8:00,701.9156034362148,5218.521488055558,24
2025-10-14,8:00-12:00,2869.7378833333337,3444.932256169442,24
2025-10-14,12:00-16:00,7877.366643415638,65.15466666666657,24
2025-10-14,16:00-20:00,33.096597393691184,4797.584372777777,24
2025-10-14,20:00-24:00,8424.494661666666,3738.432413333333,24
2025-10-15,0:00-4:00,1360.4138994718817,151.7266899999995,24
2025-10-15,4:00-8:00,1015.7621516666668,5623.377893888888,24
2025-10-15,8:00-12:00,5835.897848888888,3103.3341,24
2025-10-15,12:00-16:00,5265.477461893003,379.78331583333375,24
2025-10-15,16:00-20:00,57.24848674554565,5495.961142988886,24
2025-10-15,20:00-24:00,8228.454575833332,3188.7317584361167,24
2025-10-16,0:00-4:00,1802.1575873456782,164.79838500000005,24
2025-10-16,4:00-8:00,898.0366038888891,4709.556053458334,24
2025-10-16,8:00-12:00,5674.339530833332,3481.2896,24
2025-10-16,12:00-16:00,5230.427795144031,736.1689477777777,24
2025-10-16,16:00-20:00,16.43449277777745,5313.358543905555,24
2025-10-16,20:00-24:00,3576.91621722226,3305.5243078583353,24
2025-10-17,0:00-4:00,815.1868535459157,163.42823666666652,24
2025-10-17,4:00-8:00,921.2324705555556,3915.3142301111125,24
2025-10-17,8:00-12:00,10435.003002208505,0.0,24
2025-10-17,12:00-16:00,0.0,0.0,24
2025-10-17,16:00-20:00,0.0,6582.964460000003,24
2025-10-17,20:00-24:00,3490.513818888902,2255.427336666668,24
2025-10-18,0:00-4:00,1403.5883003086283,234.764178333333,24
2025-10-18,4:00-8:00,1006.8496552777779,4039.958639738892,24
2025-10-18,8:00-12:00,10314.796721087107,21.64166666666665,24
2025-10-18,12:00-16:00,0.0,6.100738888889396,24
2025-10-18,16:00-20:00,30.20682194444413,5945.863405219444,24
2025-10-18,20:00-24:00,8240.660682499998,2269.2300499999997,24
2025-10-19,0:00-4:00,1293.626844084363,138.47219666666695,24
2025-10-19,4:00-8:00,864.715777078187,5336.336799444446,24
2025-10-19,8:00-12:00,4870.1105077777775,3235.949583333332,24
2025-10-19,12:00-16:00,5994.920723840876,926.1737987071339,24
2025-10-19,16:00-20:00,47.47452499999986,4795.096262852777,24
2025-10-19,20:00-24:00,8251.592411666667,3290.587121023422,24
2025-10-20,0:00-4:00,1839.6894661522624,161.11788666666644,24
2025-10-20,4:00-8:00,1765.733675596711,3980.4464216666665,24
2025-10-20,8:00-12:00,5303.022346666666,4459.746633333333,24
2025-10-20,12:00-16:00,4507.422506817555,292.3118963888887,24
2025-10-20,16:00-20:00,79.60361194444442,5033.731779791664,24
2025-10-20,20:00-24:00,8204.017723383333,3716.5849470916673,24
2025-10-21,0:00-4:00,1938.0178156187246,127.81786666666653,24
2025-10-21,4:00-8:00,1723.8700481584337,4101.965521905552,24
2025-10-21,8:00-12:00,5206.734849999999,4135.743399999999,24
2025-10-21,12:00-16:00,4830.069406189985,689.8303833333334,24
2025-10-21,16:00-20:00,72.8883425925955,4919.747785555557,24
2025-10-21,20:00-24:00,8174.576089999999,3619.8461166666666,24
2025-10-22,0:00-4:00,1745.4657918792873,144.4924916666664,24
2025-10-22,4:00-8:00,1667.704708456795,4318.9034905555545,24
2025-10-22,8:00-12:00,3969.0624633333337,5081.434949999999,24
2025-10-22,12:00-16:00,5314.2091414540455,203.40241111111152,24
2025-10-22,16:00-20:00,6.975359444444393,4537.647971144451,24
2025-10-22,20:00-24:00,8222.49182,2850.704891258335,24
2025-10-23,0:00-4:00,1927.225740751028,131.4806450000001,24
2025-10-23,4:00-8:00,1995.869025514403,1730.9017800000006,24
2025-10-23,8:00-12:00,5942.719684835396,4083.1798833333332,24
2025-10-23,12:00-16:00,567.8878806584358,530.1900736111114,24
2025-10-23,16:00-20:00,205.09813784166556,4939.311784940639,24
2025-10-23,20:00-24:00,3726.454221388985,3818.93466,24
2025-10-24,0:00-4:00,1648.4060235355685,108.48083666666679,24
2025-10-24,4:00-8:00,894.4864249999998,4805.866081666667,24
2025-10-24,8:00-12:00,10364.124966666666,104.69211666666672,24
2025-10-24,12:00-16:00,257.0924110219494,71.01601666666659,24
2025-10-24,16:00-20:00,16.823996666666687,6345.2497798,24
2025-10-24,20:00-24:00,3699.1397113886756,2373.7938676166677,24
2025-10-25,0:00-4:00,1615.9615262450689,192.4048366666667,24
2025-10-25,4:00-8:00,939.5066099999997,4424.3072999999995,24
2025-10-25,8:00-12:00,9692.618666666665,47.14250000000004,24
2025-10-25,12:00-16:00,645.7202306995916,42.98768333333339,24
2025-10-25,16:00-20:00,0.0,6217.089521666668,24
2025-10-25,20:00-24:00,8234.248909999998,2459.749603666666,24
2025-10-26,0:00-4:00,1772.0285739711962,175.02843833333338,24
2025-10-26,4:00-8:00,2135.8074777777774,3028.717721666669,24
2025-10-26,8:00-12:00,5580.621445555555,3697.1183166666656,24
2025-10-26,12:00-16:00,1853.5496871261994,627.5793277777773,24
2025-10-26,16:00-20:00,169.96262499999966,4716.524960000001,24
2025-10-26,20:00-24:00,8476.2259925,3282.193510877778,24
2025-10-27,0:00-4:00,1102.835103384777,163.71489500000064,24
2025-10-27,4:00-8:00,1026.6629495061827,4595.561705555557,24
2025-10-27,8:00-12:00,4647.950017222222,3567.9684833333326,24
2025-10-27,12:00-16:00,5189.689251666665,1330.545217949244,24
2025-10-27,16:00-20:00,86.61541055555563,4266.348499545199,24
2025-10-27,20:00-24:00,8319.835862499998,2933.8931083333337,24
2025-10-28,0:00-4:00,1398.609419927985,146.4123216666669,24
2025-10-28,4:00-8:00,1895.004455514399,4010.8073272222223,24
2025-10-28,8:00-12:00,3158.1535666666678,4263.6385666666665,24
2025-10-28,12:00-16:00,3896.225133333332,1469.2091516666655,24
2025-10-28,16:00-20:00,241.18457277777668,2852.7872199999997,24
2025-10-28,20:00-24:00,8430.079134999998,2495.1141423277777,24
2025-10-29,0:00-4:00,1480.0461670370355,79.82804333333343,24
2025-10-29,4:00-8:00,1760.1590654732522,3116.047020294443,24
2025-10-29,8:00-12:00,5060.233439166666,5228.007283333332,24
2025-10-29,12:00-16:00,5109.86507605281,863.8585333333334,24
2025-10-29,16:00-20:00,71.21835750000014,4929.371019999999,24
2025-10-29,20:00-24:00,8360.407758333333,3683.5008799999996,24
2025-10-30,0:00-4:00,1779.0289774794223,159.90441666666686,24
2025-10-30,4:00-8:00,1199.6215953429387,4633.681290555555,24
2025-10-30,8:00-12:00,3524.725361666666,3877.7197333333334,24
2025-10-30,12:00-16:00,4705.920757777778,1398.171629478737,24
2025-10-30,16:00-20:00,158.9742774999994,2924.3419536934844,24
2025-10-30,20:00-24:00,5280.139171666668,3033.88908,24
2025-10-31,0:00-4:00,280.6148731790107,101.01658666666657,24
2025-10-31,4:00-8:00,907.8379016666665,4973.3294095055535,24
2025-10-31,8:00-12:00,7937.6374166666665,106.15228333333334,24
2025-10-31,12:00-16:00,2610.0195799039766,0.0,24
2025-10-31,16:00-20:00,70.67016117969519,6007.359897222221,24
2025-10-31,20:00-24:00,5362.5618683333805,2738.0983866666675,24
2025-11-01,0:00-4:00,214.63763333333327,292.70728833333345,24
2025-11-01,4:00-8:00,995.872745816139,4847.95807712778,24
2025-11-01,8:00-12:00,8819.697366666665,95.4192333333333,24
2025-11-01,12:00-16:00,1812.421958436212,11.90512166666656,24
2025-11-01,16:00-20:00,82.15582277777816,5891.744223333333,24
2025-11-01,20:00-24:00,8336.090789999998,2509.2526106166656,24
2025-11-02,0:00-4:00,1275.6457886625444,190.4006900000004,24
2025-11-02,4:00-8:00,1749.8465186111112,2731.563854980561,24
2025-11-02,8:00-12:00,5273.0799333333325,4859.44165,24
2025-11-02,12:00-16:00,4430.159864430727,946.6497324999997,24
2025-11-02,16:00-20:00,83.48930925240134,5371.8066311111115,24
2025-11-02,20:00-24:00,8301.114174999999,3374.5737977166664,24
2025-11-03,0:00-4:00,1752.452421831274,208.20721833333312,24
2025-11-03,4:00-8:00,1829.1246477777777,3758.531541922221,24
2025-11-03,8:00-12:00,5063.45025,4594.504116666665,24
2025-11-03,12:00-16:00,5135.192614708506,646.4163082921801,24
2025-11-03,16:00-20:00,72.95863229830394,4833.021862777778,24
2025-11-03,20:00-24:00,8376.424465833334,3576.5331899999996,24
2025-11-04,0:00-4:00,1388.2861871502055,137.17844333333358,24
2025-11-04,4:00-8:00,1724.372680205762,3386.8866681722247,24
2025-11-04,8:00-12:00,5167.777259444443,4431.83445,24
2025-11-04,12:00-16:00,3791.4926317078207,826.2066694444451,24
2025-11-04,16:00-20:00,21.8602699999999,4836.7759759087785,24
2025-11-04,20:00-24:00,8408.05597,3332.7559335495557,24
2025-11-05,0:00-4:00,1705.0836496810714,227.6639283333335,24
2025-11-05,4:00-8:00,1822.6421916666668,3607.9001050000015,24
2025-11-05,8:00-12:00,5367.3068627777775,4997.535,24
2025-11-05,12:00-16:00,5268.459304914266,831.2657716666665,24
2025-11-05,16:00-20:00,220.85799769547896,5044.717278955552,24
2025-11-05,20:00-24:00,8267.190150208333,3543.8583825,24
2025-11-06,0:00-4:00,1633.184407517997,196.40236333333382,24
2025-11-06,4:00-8:00,1773.8450469444442,2545.4243802194387,24
2025-11-06,8:00-12:00,5074.974428333333,6300.560333333333,24
2025-11-06,12:00-16:00,5542.278998655687,550.1292366666665,24
2025-11-06,16:00-20:00,102.72091611111159,4992.806961974998,24
2025-11-06,20:00-24:00,5237.692336666712,3745.725876258335,24
2025-11-07,0:00-4:00,1510.8958113922718,216.1400299999998,24
2025-11-07,4:00-8:00,975.6173283333335,5391.130316666667,24
2025-11-07,8:00-12:00,6833.16915,505.68623333333306,24
2025-11-07,12:00-16:00,3735.905219286691,115.77856666666673,24
2025-11-07,16:00-20:00,29.662888888888347,5970.8739491666665,24
2025-11-07,20:00-24:00,5597.715075833352,2384.1832616666666,24
2025-11-08,0:00-4:00,669.0991193243954,203.66887833333328,24
2025-11-08,4:00-8:00,947.0837716666666,5110.409063333333,24
2025-11-08,8:00-12:00,7303.997733333334,183.02918333333326,24
2025-11-08,12:00-16:00,2696.8153646570636,65.37095611111113,24
2025-11-08,16:00-20:00,106.22938055555534,5872.531984444444,24
2025-11-08,20:00-24:00,8420.143399999999,2788.6142638888878,24
2025-11-09,0:00-4:00,1719.8554054561062,130.27027166666664,24
2025-11-09,4:00-8:00,1679.8625892283924,3125.924275094444,24
2025-11-09,8:00-12:00,5138.948813333333,5250.978233333333,24
2025-11-09,12:00-16:00,5763.329101406029,1313.9110500000002,24
2025-11-09,16:00-20:00,116.07614655693273,5007.627043888889,24
2025-11-09,20:00-24:00,8340.0761155,3695.6768849499995,24
2025-11-10,0:00-4:00,1886.3017004465028,163.75325166666664,24
2025-11-10,4:00-8:00,1774.4763407098735,1603.8724707277784,24
2025-11-10,8:00-12:00,5090.884337222222,5912.7238333333335,24
2025-11-10,12:00-16:00,4491.295911279154,1136.003666666666,24
2025-11-10,16:00-20:00,39.93520385116657,5015.364741111109,24
2025-11-10,20:00-24:00,8441.714903333333,3720.9726933333327,24
2025-11-11,0:00-4:00,1777.413287582298,88.75915666666674,24
2025-11-11,4:00-8:00,1598.8252327366272,1712.548975188894,24
2025-11-11,8:00-12:00,5107.8232594444435,5684.91505,24
2025-11-11,12:00-16:00,4178.381096138546,904.1546999999999,24
2025-11-11,16:00-20:00,50.57421102880903,4971.996528749998,24
2025-11-11,20:00-24:00,8294.450476666667,3689.8930572749996,24
2025-11-12,0:00-4:00,1766.1036646193402,36.915623333332974,24
2025-11-12,4:00-8:00,1599.6065121913548,2316.174970241665,24
2025-11-12,8:00-12:00,5053.016645555555,5909.407133333334,24
2025-11-12,12:00-16:00,5501.041880390942,1149.8728780555548,24
2025-11-12,16:00-20:00,197.80895788751943,5106.7171320716925,24
2025-11-12,20:00-24:00,8468.556509924998,3715.9292037348923,24
2025-11-13,0:00-4:00,1667.9003063897148,124.59327000000008,24
2025-11-13,4:00-8:00,1832.7866319650184,2866.3767794444466,24
2025-11-13,8:00-12:00,4965.264563333332,4888.626816666667,24
2025-11-13,12:00-16:00,3757.333684437586,2128.5523599999997,24
2025-11-13,16:00-20:00,299.3648475,3846.754758516665,24
2025-11-13,20:00-24:00,5663.6547099999025,2940.8856841666666,24
2025-11-14,0:00-4:00,664.1646592970757,98.97964666666661,24
2025-11-14,4:00-8:00,964.8854166666667,5337.182298333333,24
2025-11-14,8:00-12:00,6563.5851,262.9838,24
2025-11-14,12:00-16:00,3667.483864849103,64.70534333333319,24
2025-11-14,16:00-20:00,144.73899500000016,5835.688376111109,24
2025-11-14,20:00-24:00,5474.480704999919,2803.048576666667,24
2025-11-15,0:00-4:00,2154.0586247703095,64.66338999999994,24
2025-11-15,4:00-8:00,861.3727833333332,5559.902744999999,24
2025-11-15,8:00-12:00,6303.727066666666,491.17233333333326,24
2025-11-15,12:00-16:00,3356.906719605617,48.10498750000022,24
2025-11-15,16:00-20:00,129.27624777777686,5951.615640277778,24
2025-11-15,20:00-24:00,8441.158288333332,2811.9920075222267,24
2025-11-16,0:00-4:00,1968.6981891666655,96.96810500000004,24
2025-11-16,4:00-8:00,1581.5970304115253,1861.8810782722217,24
2025-11-16,8:00-12:00,4887.487888055555,6564.033933333332,24
2025-11-16,12:00-16:00,5282.899701193409,1482.513899999999,24
2025-11-16,16:00-20:00,238.19735277777795,4688.726533611111,24
2025-11-16,20:00-24:00,8399.802753925,3085.620706566666,24
2025-11-17,0:00-4:00,1403.9940507046304,244.16720999999973,24
2025-11-17,4:00-8:00,1736.307103323045,850.1540672222225,24
2025-11-17,8:00-12:00,5077.651698611111,6379.231166666666,24
2025-11-17,12:00-16:00,3309.264540980791,1209.6811349999998,24
2025-11-17,16:00-20:00,415.1961272222227,4529.524554855558,24
2025-11-17,20:00-24:00,8241.290295833332,3598.4064649833344,24
2025-11-18,0:00-4:00,1947.7651620061715,154.6386666666665,24
2025-11-18,4:00-8:00,1772.7593673456822,3809.491633611114,24
2025-11-18,8:00-12:00,3091.63201998408,5688.258305022219,24
2025-11-18,12:00-16:00,6856.283266968452,1786.066995433333,24
2025-11-18,16:00-20:00,466.68557638888876,3464.8461569315555,24
2025-11-18,20:00-24:00,8269.547553524999,2908.6345149999997,24
2025-11-19,0:00-4:00,1434.2299185223233,209.84741500000018,24
2025-11-19,4:00-8:00,1834.7825156447188,772.6652069722234,24
2025-11-19,8:00-12:00,5221.596653611111,6464.135719811107,24
2025-11-19,12:00-16:00,4447.59051380315,1516.490672777777,24
2025-11-19,16:00-20:00,245.52683833333333,5169.312958933334,24
2025-11-19,20:00-24:00,8252.038970833333,3557.9793048000024,24
2025-11-20,0:00-4:00,1916.0951596193415,149.14378666666653,24
2025-11-20,4:00-8:00,1828.773545689293,2969.865435869443,24
2025-11-20,8:00-12:00,4967.753583333333,5847.0080499999995,24
2025-11-20,12:00-16:00,6281.259604444445,2417.0849849999995,24
2025-11-20,16:00-20:00,226.37033611111144,4566.167646666667,24
2025-11-20,20:00-24:00,5371.846754167029,3053.356457822222,24
2025-11-21,0:00-4:00,1682.9647125476495,240.5264916666667,24
2025-11-21,4:00-8:00,886.5863866666667,5307.77316618889,24
2025-11-21,8:00-12:00,6487.932168333334,450.44919999999996,24
2025-11-21,12:00-16:00,3709.453125843618,26.59469000000024,24
2025-11-21,16:00-20:00,98.00995061728108,5708.446207222221,24
2025-11-21,20:00-24:00,5323.481931666634,2796.8605099999995,24
2025-11-22,0:00-4:00,4260.9273501440675,120.31823500000007,24
2025-11-22,4:00-8:00,833.717,5758.981195,24
2025-11-22,8:00-12:00,5266.507166666666,609.8762833333334,24
2025-11-22,12:00-16:00,2729.0633052949206,0.0,24
2025-11-22,16:00-20:00,145.93316117969982,5920.690047222222,24
2025-11-22,20:00-24:00,8382.566373333331,2559.433984166664,24
2025-11-23,0:00-4:00,1379.5060116460882,121.20802833333335,24
2025-11-23,4:00-8:00,1937.5037372839486,1041.8074549555595,24
2025-11-23,8:00-12:00,4890.19919361111,7475.807578888889,24
2025-11-23,12:00-16:00,5761.615527349111,1103.88535,24
2025-11-23,16:00-20:00,85.99480594650097,5070.231406622223,24
2025-11-23,20:00-24:00,8373.581439999998,3641.575403333333,24
2025-11-24,0:00-4:00,1596.2099675480106,54.55533833333334,24
2025-11-24,4:00-8:00,1690.5363454629583,3451.710092222222,24
2025-11-24,8:00-12:00,4953.370089999999,5786.8143,24
2025-11-24,12:00-16:00,6381.892912379972,1779.511236111111,24
2025-11-24,16:00-20:00,475.47949944444406,4443.647424961109,24
2025-11-24,20:00-24:00,8167.699459166665,3525.211467649999,24
2025-11-25,0:00-4:00,1873.1773202777795,150.22339333333287,24
2025-11-25,4:00-8:00,1841.7353426406007,826.5438827777779,24
2025-11-25,8:00-12:00,5157.612878333333,6999.482253888887,24
2025-11-25,12:00-16:00,5322.139846632368,1465.2320261111113,24
2025-11-25,16:00-20:00,86.45158925240125,5206.4889281611095,24
2025-11-25,20:00-24:00,8390.610918333334,3580.9389341333335,24
2025-11-26,0:00-4:00,1913.8189156172834,102.44042333333346,24
2025-11-26,4:00-8:00,1678.1606875102902,1977.3933755027765,24
2025-11-26,8:00-12:00,4831.2675366358,7067.179900000001,24
2025-11-26,12:00-16:00,7235.727393710566,1748.6951133333328,24
2025-11-26,16:00-20:00,172.2390886111101,4907.472891361109,24
2025-11-26,20:00-24:00,8406.673997016667,3596.223145,24
2025-11-27,0:00-4:00,1629.6634238989702,103.46453833333317,24
2025-11-27,4:00-8:00,1611.0611176234588,1760.9146068916673,24
2025-11-27,8:00-12:00,5141.2489822222215,6249.050416666666,24
2025-11-27,12:00-16:00,5939.542694485597,1958.1398838888886,24
2025-11-27,16:00-20:00,182.1335866666667,4803.07521317778,24
2025-11-27,20:00-24:00,7298.02486361113,3693.136375833333,24
2025-11-28,0:00-4:00,535.6953541940834,69.88579666666647,24
2025-11-28,4:00-8:00,954.9056799999998,5902.781913333332,24
2025-11-28,8:00-12:00,5011.078416666667,747.8469666666665,24
2025-11-28,12:00-16:00,5016.879267935533,98.66162833333317,24
2025-11-28,16:00-20:00,133.0650155555556,6024.192261666667,24
2025-11-28,20:00-24:00,7327.043903611149,2640.6063916500043,24
2025-11-29,0:00-4:00,2880.199543713953,120.05397999999991,24
2025-11-29,4:00-8:00,685.6942913580251,5403.990143333333,24
2025-11-29,8:00-12:00,5522.119689396432,768.2192166666665,24
2025-11-29,12:00-16:00,2032.902695624147,40.696810833333416,24
2025-11-29,16:00-20:00,40.02450078189213,5686.4353711305575,24
2025-11-29,20:00-24:00,8306.598343333333,2878.8062483333333,24
2025-11-30,0:00-4:00,1768.9627947085075,218.9485199999998,24
2025-11-30,4:00-8:00,1883.9673160288044,1405.8589655055534,24
2025-11-30,8:00-12:00,5055.192492777776,7658.738849999999,24
2025-11-30,12:00-16:00,6992.367170020568,2301.493136666666,24
2025-11-30,16:00-20:00,361.24422861111157,4683.293707727775,24
2025-11-30,20:00-24:00,8337.865360833333,3608.852772141666,24
2025-12-01,0:00-4:00,1461.4063558230469,962.2515183333335,24
2025-12-01,4:00-8:00,2450.0796688888886,1124.6509788888886,24
2025-12-01,8:00-12:00,4903.654434166667,7770.993753402778,24
2025-12-01,12:00-16:00,8442.041230442384,2170.013488333333,24
2025-12-01,16:00-20:00,38.10986805212724,5032.569864444446,24
2025-12-01,20:00-24:00,8351.144391666667,3748.610088677772,24
2025-12-02,0:00-4:00,1574.376959629628,1087.3197899999993,24
2025-12-02,4:00-8:00,2376.2409599999996,1105.143917777778,24
2025-12-02,8:00-12:00,5049.907493333333,7663.875449322222,24
2025-12-02,12:00-16:00,8386.543776152263,2241.302883333333,24
2025-12-02,16:00-20:00,81.61777242798125,4956.952575516667,24
2025-12-02,20:00-24:00,8328.240658333332,3624.778880833333,24
2025-12-03,0:00-4:00,1304.748218209876,864.5408466666667,24
2025-12-03,4:00-8:00,3030.4113900754373,886.4295641666662,24
2025-12-03,8:00-12:00,5150.944754766806,6902.858446666665,24
2025-12-03,12:00-16:00,4928.035159622765,3784.9675522222215,24
2025-12-03,16:00-20:00,268.90646916666606,3140.1819232277753,24
2025-12-03,20:00-24:00,8316.776031666666,2959.8198850000003,24
2025-12-04,0:00-4:00,1218.2132844753105,1050.7802016666674,24
2025-12-04,4:00-8:00,2514.5639152777776,1108.0006327777778,24
2025-12-04,8:00-12:00,3394.5620230418344,7832.942707438895,24
2025-12-04,12:00-16:00,9842.286700939643,2074.98495,24
2025-12-04,16:00-20:00,132.9576124828511,4537.866739533336,24
2025-12-04,20:00-24:00,8511.101365833332,3764.3120266666665,24
2025-12-05,0:00-4:00,854.9070768484245,689.4512983333335,24
2025-12-05,4:00-8:00,810.040669722222,6134.382108533332,24
2025-12-05,8:00-12:00,5951.396318662557,1864.2832740916667,24
2025-12-05,12:00-16:00,4735.997647194779,225.9096416666663,24
2025-12-05,16:00-20:00,22.223997777777754,6013.159639711111,24
2025-12-05,20:00-24:00,8308.971836666666,2287.8323866666665,24
2025-12-06,0:00-4:00,1289.9472251028735,965.3204233333333,24
2025-12-06,4:00-8:00,784.0466361111113,5268.923037277777,24
2025-12-06,8:00-12:00,3433.3395688854594,2071.3541333333333,24
2025-12-06,12:00-16:00,6633.591763093279,40.51452722222234,24
2025-12-06,16:00-20:00,181.13946666666646,6028.746872686113,24
2025-12-06,20:00-24:00,8399.329120833332,2382.7446383333336,24
2025-12-07,0:00-4:00,1289.9704050514433,944.2955983333335,24
2025-12-07,4:00-8:00,2233.890257325102,828.68299,24
2025-12-07,8:00-12:00,2884.5845341666663,8032.181403216876,24
2025-12-07,12:00-16:00,9742.623589108367,2385.1802999999995,24
2025-12-07,16:00-20:00,277.4805444444439,4519.905555555556,24
2025-12-07,20:00-24:00,8379.146981666667,3479.0183907470155,24
2025-12-08,0:00-4:00,1578.362103683129,322.45838000000083,24
2025-12-08,4:00-8:00,1645.579006111111,1158.1745200000005,24
2025-12-08,8:00-12:00,5875.955149999999,7479.079321111111,24
2025-12-08,12:00-16:00,7612.580982126268,2769.20035636389,24
2025-12-08,16:00-20:00,198.51762396111224,4810.083481214105,24
2025-12-08,20:00-24:00,8426.565535516665,3706.579248333333,24
2025-12-09,0:00-4:00,1281.9495959442352,310.1893033333338,24
2025-12-09,4:00-8:00,1721.477576111111,1111.6509777777778,24
2025-12-09,8:00-12:00,5600.739605,7766.293748888891,24
2025-12-09,12:00-16:00,8003.5142248456705,2833.24066993611,24
2025-12-09,16:00-20:00,151.45886633888813,4820.573949848392,24
2025-12-09,20:00-24:00,8494.925066475,3668.9480491666673,24
2025-12-10,0:00-4:00,1344.7239939982555,333.06777666666676,24
2025-12-10,4:00-8:00,1686.239532914952,542.1272775722238,24
2025-12-10,8:00-12:00,4898.160738949997,7587.730334722223,24
2025-12-10,12:00-16:00,7594.766690062351,2504.0219766666664,24
2025-12-10,16:00-20:00,51.00600411522487,4957.881262966667,24
2025-12-10,20:00-24:00,8284.780134783332,3516.0964,24
2025-12-11,0:00-4:00,1371.2207366775729,161.36751333333348,24
2025-12-11,4:00-8:00,1997.186792777777,866.8719700000001,24
2025-12-11,8:00-12:00,5075.976490555555,8205.585897222223,24
2025-12-11,12:00-16:00,7553.356199948566,2526.1500683333334,24
2025-12-11,16:00-20:00,113.66071083333281,4787.65178648889,24
2025-12-11,20:00-24:00,8205.785996635801,3353.2667716222154,24
2025-12-12,0:00-4:00,1733.0007798971176,271.7292716666668,24
2025-12-12,4:00-8:00,968.1225963888887,5948.030242347224,24
2025-12-12,8:00-12:00,5525.9178159293515,1975.0492166666666,24
2025-12-12,12:00-16:00,4267.739322503431,296.02684611111124,24
2025-12-12,16:00-20:00,187.0988466666666,5791.549021111111,24
2025-12-12,20:00-24:00,8280.5526075,2745.3505960777775,24
2025-12-13,0:00-4:00,1739.190895555551,302.61267499999997,24
2025-12-13,4:00-8:00,953.0616266666666,5922.583204999997,24
2025-12-13,8:00-12:00,5168.477315000002,2066.016333333333,24
2025-12-13,12:00-16:00,4814.491703960895,230.96116222222247,24
2025-12-13,16:00-20:00,75.11239222222218,5872.184328333335,24
2025-12-13,20:00-24:00,8413.156605833332,2500.501611744444,24
2025-12-14,0:00-4:00,1557.9385357716073,134.68193833333305,24
2025-12-14,4:00-8:00,1711.7280116872448,787.1872008333335,24
2025-12-14,8:00-12:00,4937.1283908333335,8152.2222141166585,24
2025-12-14,12:00-16:00,7660.123126666666,3004.672161111114,24
2025-12-14,16:00-20:00,379.0660755555549,4471.608564444443,24
2025-12-14,20:00-24:00,8339.459193333332,3426.626664981072,24
2025-12-15,0:00-4:00,1876.3851323806089,49.291498333333266,24
2025-12-15,4:00-8:00,1250.6936085905318,806.6441905555557,24
2025-12-15,8:00-12:00,4046.8191015877846,8547.6250925,24
2025-12-15,12:00-16:00,7808.305564026062,2524.363865555555,24
2025-12-15,16:00-20:00,295.8203827777776,4262.6090064527725,24
2025-12-15,20:00-24:00,8424.791179773661,2929.3774999999996,24
2025-12-16,0:00-4:00,1989.0054660185237,0.1503333333333785,24
2025-12-16,4:00-8:00,911.6902993689952,639.4318005555555,24
2025-12-16,8:00-12:00,5264.160841666665,7816.79078388889,24
2025-12-16,12:00-16:00,7251.149330229771,2494.204016111111,24
2025-12-16,16:00-20:00,156.8392466666669,5089.784753380554,24
2025-12-16,20:00-24:00,8318.99685,3458.212183597223,24
2025-12-17,0:00-4:00,1967.3755270576066,29.734000000000265,24
2025-12-17,4:00-8:00,1261.53233164952,729.5181061111113,24
2025-12-17,8:00-12:00,5973.726696666666,7178.967394444444,24
2025-12-17,12:00-16:00,5358.6366270233175,2695.340565,24
2025-12-17,16:00-20:00,73.22807416666683,5197.79879671111,24
2025-12-17,20:00-24:00,8409.685884598764,2868.933876058332,24
2025-12-18,0:00-4:00,2214.96330682099,183.7415116666666,24
2025-12-18,4:00-8:00,1125.5324244307285,631.3939972222223,24
2025-12-18,8:00-12:00,5197.7281183333325,7960.030272777778,24
2025-12-18,12:00-16:00,7634.282090229766,2634.301171111111,24
2025-12-18,16:00-20:00,178.25859611111093,4962.358631630554,24
2025-12-18,20:00-24:00,8244.273957499998,3639.26439293333,24
2025-12-19,0:00-4:00,2152.885291471197,58.48881333333304,24
2025-12-19,4:00-8:00,403.45249874485603,5533.87621388889,24
2025-12-19,8:00-12:00,4278.198851111112,2020.936783333333,24
2025-12-19,12:00-16:00,4488.598910644718,395.70313451303264,24
2025-12-19,16:00-20:00,52.67993916666666,5584.314847603632,24
2025-12-19,20:00-24:00,8296.164279166667,2336.613220700001,24
2025-12-20,0:00-4:00,2325.418547458849,19.32705666666658,24
2025-12-20,4:00-8:00,250.18574073045966,5074.434586666664,24
2025-12-20,8:00-12:00,5666.459339999996,2476.259616666667,24
2025-12-20,12:00-16:00,3524.348252777778,209.93429222222142,24
2025-12-20,16:00-20:00,42.285709444444535,5936.197105352776,24
2025-12-20,20:00-24:00,8385.794404166667,2297.2645175,24
2025-12-21,0:00-4:00,1915.3776486213978,99.98883166666656,24
2025-12-21,4:00-8:00,1014.0575166529529,641.5707622222224,24
2025-12-21,8:00-12:00,5125.839952222218,7914.493445555554,24
2025-12-21,12:00-16:00,7472.503935980796,2290.1651038888886,24
2025-12-21,16:00-20:00,79.56956045267212,5184.524111955553,24
2025-12-21,20:00-24:00,8459.216401666665,3524.2679436777803,24
2025-12-22,0:00-4:00,1728.5061599588475,98.81617499999982,24
2025-12-22,4:00-8:00,1386.3721674554254,631.8598438888889,24
2025-12-22,8:00-12:00,4740.9672972222215,7860.053584444445,24
2025-12-22,12:00-16:00,7953.711331388888,2618.6894961916664,24
2025-12-22,16:00-20:00,79.81761722222154,5062.126825913891,24
2025-12-22,20:00-24:00,8322.835749166665,3458.46597315,24
2025-12-23,0:00-4:00,1999.3950960185182,9.937000000000012,24
2025-12-23,4:00-8:00,1150.9933763751753,631.3806988888892,24
2025-12-23,8:00-12:00,5671.699207777778,7273.410278888889,24
2025-12-23,12:00-16:00,6274.813763473931,2879.3983013888887,24
2025-12-23,16:00-20:00,158.93703000000005,5023.840682583335,24
2025-12-23,20:00-24:00,8485.114806666666,3051.5891998194347,24
2025-12-24,0:00-4:00,1709.8308416563705,6.688333333333389,24
2025-12-24,4:00-8:00,964.3741143655685,609.5367127777779,24
2025-12-24,8:00-12:00,5288.843526666666,7802.573632222222,24
2025-12-24,12:00-16:00,7541.445707805215,2814.773973611109,24
2025-12-24,16:00-20:00,152.62527027777628,5112.762802713891,24
2025-12-24,20:00-24:00,8430.903845864195,3433.2818619666637,24
2025-12-25,0:00-4:00,2132.9079844958865,107.24297666666666,24
2025-12-25,4:00-8:00,1191.6978116152309,767.4883116666666,24
2025-12-25,8:00-12:00,4535.275613888889,8410.360035555557,24
2025-12-25,12:00-16:00,7570.173216666665,2518.2001744444447,24
2025-12-25,16:00-20:00,242.11514805555544,4446.553602222222,24
2025-12-25,20:00-24:00,8307.2014575,3295.75613796944,24
2025-12-26,0:00-4:00,2053.02101085391,56.196141666666676,24
2025-12-26,4:00-8:00,412.0482343415563,6167.445807222222,24
2025-12-26,8:00-12:00,4961.621479444445,2115.4717833333334,24
2025-12-26,12:00-16:00,5286.290645723591,223.6284233333331,24
2025-12-26,16:00-20:00,138.4559139609063,5658.681744999998,24
2025-12-26,20:00-24:00,8372.618246666665,2647.5755833333333,24
2025-12-27,0:00-4:00,1921.7613061145391,79.62507833333314,24
2025-12-27,4:00-8:00,174.10231001028558,5949.704435261111,24
2025-12-27,8:00-12:00,5481.571147222222,2052.1798166666667,24
2025-12-27,12:00-16:00,4458.100080106306,126.13539888888852,24
2025-12-27,16:00-20:00,8.669070833333308,6019.8906231944475,24
2025-12-27,20:00-24:00,8550.029761666665,2390.6476000000002,24
2025-12-28,0:00-4:00,1456.8152858024673,28.012119999999754,24
2025-12-28,4:00-8:00,1246.8719480727073,607.096413888889,24
2025-12-28,8:00-12:00,4953.529066111112,8132.927065000002,24
2025-12-28,12:00-16:00,7546.826276138544,2031.6359211111112,24
2025-12-28,16:00-20:00,123.06470611111183,4990.779259011111,24
2025-12-28,20:00-24:00,8377.960915,3709.6279940499967,24
2025-12-29,0:00-4:00,2215.768468333332,22.20875333333322,24
2025-12-29,4:00-8:00,882.593825514408,633.6130458333332,24
2025-12-29,8:00-12:00,5251.992400833334,7281.863866077774,24
2025-12-29,12:00-16:00,6743.537763734559,2434.515567222217,24
2025-12-29,16:00-20:00,128.32456805555637,5243.508810491673,24
2025-12-29,20:00-24:00,8209.633980833332,3500.4340896333283,24
2025-12-30,0:00-4:00,2271.275967499998,31.974884999999972,24
2025-12-30,4:00-8:00,1031.2560622976748,652.879583611111,24
2025-12-30,8:00-12:00,4771.884180277779,8161.2577478333305,24
2025-12-30,12:00-16:00,7702.834133919745,1991.3801280555554,24
2025-12-30,16:00-20:00,217.79796555555492,5179.814718800001,24
2025-12-30,20:00-24:00,8397.301791666665,3621.361554694446,24
2025-12-31,0:00-4:00,2033.2495583744844,65.05765666666662,24
2025-12-31,4:00-8:00,1132.337050514404,629.1224744444445,24
2025-12-31,8:00-12:00,5273.640379444445,8014.402307777778,24
2025-12-31,12:00-16:00,7759.083935291491,2562.2844868805537,24
2025-12-31,16:00-20:00,100.15510611111222,5187.517901152774,24
2025-12-31,20:00-24:00,5363.391003333333,3528.577953963897,24
