plan_day,time_index,issue_time,interval_start,interval_end,price_source_completed_at,price_model_id,selected_candidate,forecast_model_id,time_mapping,battery_interpretation,settlement_rule,residual_history_cutoff,planned_initial_energy_kwh,executed_initial_energy_kwh,planned_initial_source,load_actual_kw,pv_actual_kw,planned_grid_kwh,final_grid_kwh,up_kwh,down_kwh,charge_kwh,discharge_kwh,emergency_kwh,unused_supply_kwh,actual_soc_before_kwh,actual_soc_after_kwh,price_forecast_yuan_per_kwh,price_actual_yuan_per_kwh,base_cost_yuan,up_cost_yuan,down_cost_yuan,emergency_cost_yuan,ordinary_cost_yuan,cash_cost_yuan,confirmation_count,load_forecast_kw,pv_forecast_kw,release_used
2025-01-01,0,2025-01-01T00:00:00,2025-01-01 00:10:00,2025-01-01 00:20:00,2024-12-31,ATTACHMENT1-DECLARED-PRIOR,cvar_t0.90_r0.05_g0.00,Q2V2-SW2-REC5,A,A,B,2025-01-01T00:00:00,6000.0,6000.0,previous_confirmed_final_slot_and_issued_load_pv_forecast,3529.7296,0.0,1406.6410999999998,1406.6410999999998,0.0,0.0,818.3528333333331,0.0,0.0,0.0,6000.0,6736.51755,0.4248,0.4527,636.7864259699999,0.0,-0.0,0.0,636.7864259699999,636.7864259699999,0,3439.8466,0.0,0
2025-01-01,1,2025-01-01T00:00:00,2025-01-01 00:20:00,2025-01-01 00:30:00,2024-12-31,ATTACHMENT1-DECLARED-PRIOR,cvar_t0.90_r0.05_g0.00,Q2V2-SW2-REC5,A,A,B,2025-01-01T00:00:00,6000.0,6000.0,previous_confirmed_final_slot_and_issued_load_pv_forecast,3609.5287,0.0,1406.3298666666665,1406.3298666666665,0.0,0.0,804.7417499999999,0.0,0.0,0.0,6736.51755,7460.785124999999,0.4245,0.4733,665.6159258933333,0.0,-0.0,0.0,665.6159258933333,665.6159258933333,0,3437.9792,0.0,0
2025-01-01,2,2025-01-01T00:00:00,2025-01-01 00:30:00,2025-01-01 00:40:00,2024-12-31,ATTACHMENT1-DECLARED-PRIOR,cvar_t0.90_r0.05_g0.00,Q2V2-SW2-REC5,A,A,B,2025-01-01T00:00:00,6000.0,6000.0,previous_confirmed_final_slot_and_issued_load_pv_forecast,3726.56,0.0,1407.38385,1407.38385,0.0,0.0,786.2905166666667,0.0,0.0,0.0,7460.785124999999,8168.44659,0.4269,0.4843,681.5959985549999,0.0,-0.0,0.0,681.5959985549999,681.5959985549999,0,3444.3031,0.0,0
2025-01-01,3,2025-01-01T00:00:00,2025-01-01 00:40:00,2025-01-01 00:50:00,2024-12-31,ATTACHMENT1-DECLARED-PRIOR,cvar_t0.90_r0.05_g0.00,Q2V2-SW2-REC5,A,A,B,2025-01-01T00:00:00,6000.0,6000.0,previous_confirmed_final_slot_and_issued_load_pv_forecast,3510.6311,0.0,1409.07395,1409.07395,0.0,0.0,823.9687666666666,0.0,0.0,0.0,8168.44659,8910.018479999999,0.4272,0.4541,639.860480695,0.0,-0.0,0.0,639.860480695,639.860480695,0,3454.4437,0.0,0
2025-01-01,4,2025-01-01T00:00:00,2025-01-01 00:50:00,2025-01-01 01:00:00,2024-12-31,ATTACHMENT1-DECLARED-PRIOR,cvar_t0.90_r0.05_g0.00,Q2V2-SW2-REC5,A,A,B,2025-01-01T00:00:00,6000.0,6000.0,previous_confirmed_final_slot_and_issued_load_pv_forecast,3502.5625,0.0,1409.8045499999998,1409.8045499999998,0.0,0.0,826.0441333333332,0.0,0.0,0.0,8910.018479999999,9653.4582,0.4271,0.4266,601.4226210299998,0.0,-0.0,0.0,601.4226210299998,601.4226210299998,0,3458.8273,0.0,0
2025-01-01,5,2025-01-01T00:00:00,2025-01-01 01:00:00,2025-01-01 01:10:00,2024-12-31,ATTACHMENT1-DECLARED-PRIOR,cvar_t0.90_r0.05_g0.00,Q2V2-SW2-REC5,A,A,B,2025-01-01T00:00:00,6000.0,6000.0,previous_confirmed_final_slot_and_issued_load_pv_forecast,3787.01,0.0,576.6400166666666,576.6400166666666,0.0,0.0,0.0,54.52831666666668,0.0,0.0,9653.4582,9592.871181481481,0.4285,0.4311,248.58951118499996,0.0,-0.0,0.0,248.58951118499996,248.58951118499996,0,3459.8401,0.0,0
2025-01-01,6,2025-01-01T00:00:00,2025-01-01 01:10:00,2025-01-01 01:20:00,2024-12-31,ATTACHMENT1-DECLARED-PRIOR,cvar_t0.90_r0.05_g0.00,Q2V2-SW2-REC5,A,A,B,2025-01-01T00:00:00,6000.0,6000.0,previous_confirmed_final_slot_and_issued_load_pv_forecast,3900.3205,0.0,577.8597,577.8597,0.0,0.0,0.0,72.19371666666666,0.0,0.0,9592.871181481481,9512.65594074074,0.4311,0.4544,262.57944768,0.0,-0.0,0.0,262.57944768,262.57944768,0,3467.1582,0.0,0
2025-01-01,7,2025-01-01T00:00:00,2025-01-01 01:20:00,2025-01-01 01:30:00,2024-12-31,ATTACHMENT1-DECLARED-PRIOR,cvar_t0.90_r0.05_g0.00,Q2V2-SW2-REC5,A,A,B,2025-01-01T00:00:00,6000.0,6000.0,previous_confirmed_final_slot_and_issued_load_pv_forecast,3916.8376,0.0,577.9938666666667,577.9938666666667,0.0,0.0,0.0,74.81239999999991,0.0,0.0,9512.65594074074,9429.53105185185,0.4302,0.4483,259.1146504266667,0.0,-0.0,0.0,259.1146504266667,259.1146504266667,0,3467.9632,0.0,0
2025-01-01,8,2025-01-01T00:00:00,2025-01-01 01:30:00,2025-01-01 01:40:00,2024-12-31,ATTACHMENT1-DECLARED-PRIOR,cvar_t0.90_r0.05_g0.00,Q2V2-SW2-REC5,A,A,B,2025-01-01T00:00:00,6000.0,6000.0,previous_confirmed_final_slot_and_issued_load_pv_forecast,3817.28,0.0,911.1613833333333,911.1613833333333,0.0,0.0,274.94804999999997,0.0,0.0,0.0,9429.53105185185,9676.984296851851,0.4279,0.4251,387.334704055,0.0,-0.0,0.0,387.334704055,387.334704055,0,3466.9683,0.0,0
2025-01-01,9,2025-01-01T00:00:00,2025-01-01 01:40:00,2025-01-01 01:50:00,2024-12-31,ATTACHMENT1-DECLARED-PRIOR,cvar_t0.90_r0.05_g0.00,Q2V2-SW2-REC5,A,A,B,2025-01-01T00:00:00,6000.0,6000.0,previous_confirmed_final_slot_and_issued_load_pv_forecast,3533.0136,0.0,580.41545,580.41545,0.0,0.0,0.0,8.420150000000035,0.0,0.0,9676.984296851851,9667.628574629629,0.4312,0.444,257.7044598,0.0,-0.0,0.0,257.7044598,257.7044598,0,3482.4927,0.0,0
2025-01-01,10,2025-01-01T00:00:00,2025-01-01 01:50:00,2025-01-01 02:00:00,2024-12-31,ATTACHMENT1-DECLARED-PRIOR,cvar_t0.90_r0.05_g0.00,Q2V2-SW2-REC5,A,A,B,2025-01-01T00:00:00,6000.0,6000.0,previous_confirmed_final_slot_and_issued_load_pv_forecast,3694.6613,0.0,582.5140166666666,582.5140166666666,0.0,0.0,0.0,33.262866666666696,0.0,0.0,9667.628574629629,9630.669833888887,0.4333,0.478,278.44169996666665,0.0,-0.0,0.0,278.44169996666665,278.44169996666665,0,3495.0841,0.0,0
2025-01-01,11,2025-01-01T00:00:00,2025-01-01 02:00:00,2025-01-01 02:10:00,2024-12-31,ATTACHMENT1-DECLARED-PRIOR,cvar_t0.90_r0.05_g0.00,Q2V2-SW2-REC5,A,A,B,2025-01-01T00:00:00,6000.0,6000.0,previous_confirmed_final_slot_and_issued_load_pv_forecast,4064.73,0.0,583.0740499999999,583.0740499999999,0.0,0.0,0.0,94.38094999999998,0.0,0.0,9630.669833888887,9525.802111666666,0.4311,0.4941,288.09688810499995,0.0,-0.0,0.0,288.09688810499995,288.09688810499995,0,3498.4443,0.0,0
2025-01-01,12,2025-01-01T00:00:00,2025-01-01 02:10:00,2025-01-01 02:20:00,2024-12-31,ATTACHMENT1-DECLARED-PRIOR,cvar_t0.90_r0.05_g0.00,Q2V2-SW2-REC5,A,A,B,2025-01-01T00:00:00,6000.0,6000.0,previous_confirmed_final_slot_and_issued_load_pv_forecast,3810.671,0.0,584.2049166666666,584.2049166666666,0.0,0.0,0.0,50.90691666666669,0.0,0.0,9525.802111666666,9469.238870925925,0.4293,0.484,282.7551796666666,0.0,-0.0,0.0,282.7551796666666,282.7551796666666,0,3505.2295,0.0,0
2025-01-01,13,2025-01-01T00:00:00,2025-01-01 02:20:00,2025-01-01 02:30:00,2024-12-31,ATTACHMENT1-DECLARED-PRIOR,cvar_t0.90_r0.05_g0.00,Q2V2-SW2-REC5,A,A,B,2025-01-01T00:00:00,6000.0,6000.0,previous_confirmed_final_slot_and_issued_load_pv_forecast,3844.9495,0.0,585.4397833333333,585.4397833333333,0.0,0.0,0.0,55.38513333333344,0.0,0.0,9469.238870925925,9407.699833888888,0.4324,0.4751,278.14244106166666,0.0,-0.0,0.0,278.14244106166666,278.14244106166666,0,3512.6387,0.0,0
2025-01-01,14,2025-01-01T00:00:00,2025-01-01 02:30:00,2025-01-01 02:40:00,2024-12-31,ATTACHMENT1-DECLARED-PRIOR,cvar_t0.90_r0.05_g0.00,Q2V2-SW2-REC5,A,A,B,2025-01-01T00:00:00,6000.0,6000.0,previous_confirmed_final_slot_and_issued_load_pv_forecast,4234.62,0.0,586.1447499999999,586.1447499999999,0.0,0.0,0.0,119.62525000000005,0.0,0.0,9407.699833888888,9274.782889444443,0.4367,0.488,286.03863799999993,0.0,-0.0,0.0,286.03863799999993,286.03863799999993,0,3516.8685,0.0,0
2025-01-01,15,2025-01-01T00:00:00,2025-01-01 02:40:00,2025-01-01 02:50:00,2024-12-31,ATTACHMENT1-DECLARED-PRIOR,cvar_t0.90_r0.05_g0.00,Q2V2-SW2-REC5,A,A,B,2025-01-01T00:00:00,6000.0,6000.0,previous_confirmed_final_slot_and_issued_load_pv_forecast,4109.9755,0.0,586.3207666666666,586.3207666666666,0.0,0.0,0.0,98.67514999999992,0.0,0.0,9274.782889444443,9165.143833888887,0.4348,0.5215,305.7662798166666,0.0,-0.0,0.0,305.7662798166666,305.7662798166666,0,3517.9246,0.0,0
2025-01-01,16,2025-01-01T00:00:00,2025-01-01 02:50:00,2025-01-01 03:00:00,2024-12-31,ATTACHMENT1-DECLARED-PRIOR,cvar_t0.90_r0.05_g0.00,Q2V2-SW2-REC5,A,A,B,2025-01-01T00:00:00,6000.0,6000.0,previous_confirmed_final_slot_and_issued_load_pv_forecast,3996.8945,0.0,586.4253,586.4253,0.0,0.0,0.0,79.72378333333324,0.0,0.0,9165.143833888887,9076.561852407405,0.4335,0.5498,322.41662993999995,0.0,-0.0,0.0,322.41662993999995,322.41662993999995,0,3518.5518,0.0,0
2025-01-01,17,2025-01-01T00:00:00,2025-01-01 03:00:00,2025-01-01 03:10:00,2024-12-31,ATTACHMENT1-DECLARED-PRIOR,cvar_t0.90_r0.05_g0.00,Q2V2-SW2-REC5,A,A,B,2025-01-01T00:00:00,6000.0,6000.0,previous_confirmed_final_slot_and_issued_load_pv_forecast,4102.19,0.0,586.8496,586.8496,0.0,0.0,0.0,96.84873333333326,0.0,0.0,9076.561852407405,8968.952148703702,0.4357,0.5471,321.06541616000004,0.0,-0.0,0.0,321.06541616000004,321.06541616000004,0,3521.0976,0.0,0
2025-01-01,18,2025-01-01T00:00:00,2025-01-01 03:10:00,2025-01-01 03:20:00,2024-12-31,ATTACHMENT1-DECLARED-PRIOR,cvar_t0.90_r0.05_g0.00,Q2V2-SW2-REC5,A,A,B,2025-01-01T00:00:00,6000.0,6000.0,previous_confirmed_final_slot_and_issued_load_pv_forecast,4086.0577,0.0,587.8210166666667,587.8210166666667,0.0,0.0,0.0,93.18859999999995,0.0,0.0,8968.952148703702,8865.409259814813,0.4374,0.5067,297.848909145,0.0,-0.0,0.0,297.848909145,297.848909145,0,3526.9261,0.0,0
2025-01-01,19,2025-01-01T00:00:00,2025-01-01 03:20:00,2025-01-01 03:30:00,2024-12-31,ATTACHMENT1-DECLARED-PRIOR,cvar_t0.90_r0.05_g0.00,Q2V2-SW2-REC5,A,A,B,2025-01-01T00:00:00,6000.0,6000.0,previous_confirmed_final_slot_and_issued_load_pv_forecast,4133.7626,0.0,589.5475666666666,589.5475666666666,0.0,0.0,0.0,99.41286666666667,0.0,0.0,8865.409259814813,8754.950519074071,0.4371,0.4769,281.15523454333334,0.0,-0.0,0.0,281.15523454333334,281.15523454333334,0,3537.2854,0.0,0
2025-01-01,20,2025-01-01T00:00:00,2025-01-01 03:30:00,2025-01-01 03:40:00,2024-12-31,ATTACHMENT1-DECLARED-PRIOR,cvar_t0.90_r0.05_g0.00,Q2V2-SW2-REC5,A,A,B,2025-01-01T00:00:00,6000.0,6000.0,previous_confirmed_final_slot_and_issued_load_pv_forecast,4179.18,0.0,590.8134666666666,590.8134666666666,0.0,0.0,0.0,105.71653333333336,0.0,0.0,8754.950519074071,8637.487704259256,0.4356,0.4669,275.85080758666663,0.0,-0.0,0.0,275.85080758666663,275.85080758666663,0,3544.8808,0.0,0
2025-01-01,21,2025-01-01T00:00:00,2025-01-01 03:40:00,2025-01-01 03:50:00,2024-12-31,ATTACHMENT1-DECLARED-PRIOR,cvar_t0.90_r0.05_g0.00,Q2V2-SW2-REC5,A,A,B,2025-01-01T00:00:00,6000.0,6000.0,previous_confirmed_final_slot_and_issued_load_pv_forecast,3953.3711,0.0,590.2131166666666,590.2131166666666,0.0,0.0,0.0,68.68206666666674,0.0,0.0,8637.487704259256,8561.174296851848,0.4353,0.4501,265.6549238116666,0.0,-0.0,0.0,265.6549238116666,265.6549238116666,0,3541.2787,0.0,0
2025-01-01,22,2025-01-01T00:00:00,2025-01-01 03:50:00,2025-01-01 04:00:00,2024-12-31,ATTACHMENT1-DECLARED-PRIOR,cvar_t0.90_r0.05_g0.00,Q2V2-SW2-REC5,A,A,B,2025-01-01T00:00:00,6000.0,6000.0,previous_confirmed_final_slot_and_issued_load_pv_forecast,3910.7496,0.0,591.0662666666666,591.0662666666666,0.0,0.0,0.0,60.725333333333424,0.0,0.0,8561.174296851848,8493.701704259256,0.436,0.4608,272.36333568,0.0,-0.0,0.0,272.36333568,272.36333568,0,3546.3976,0.0,0
2025-01-01,23,2025-01-01T00:00:00,2025-01-01 04:00:00,2025-01-01 04:10:00,2024-12-31,ATTACHMENT1-DECLARED-PRIOR,cvar_t0.90_r0.05_g0.00,Q2V2-SW2-REC5,A,A,B,2025-01-01T00:00:00,6000.0,6000.0,previous_confirmed_final_slot_and_issued_load_pv_forecast,4099.31,0.0,593.3678333333332,593.3678333333332,0.0,0.0,0.0,89.85050000000012,0.0,0.0,8493.701704259256,8393.867815370368,0.4378,0.4927,292.35233148333333,0.0,-0.0,0.0,292.35233148333333,292.35233148333333,0,3560.207,0.0,0
2025-01-01,24,2025-01-01T00:00:00,2025-01-01 04:10:00,2025-01-01 04:20:00,2024-12-31,ATTACHMENT1-DECLARED-PRIOR,cvar_t0.90_r0.05_g0.00,Q2V2-SW2-REC5,A,A,B,2025-01-01T00:00:00,6000.0,6000.0,previous_confirmed_final_slot_and_issued_load_pv_forecast,4123.8623,0.0,593.6596833333333,593.6596833333333,0.0,0.0,0.0,93.65069999999992,0.0,0.0,8393.867815370368,8289.811482037034,0.4401,0.4976,295.40505842666664,0.0,-0.0,0.0,295.40505842666664,295.40505842666664,0,3561.9581,0.0,0
2025-01-01,25,2025-01-01T00:00:00,2025-01-01 04:20:00,2025-01-01 04:30:00,2024-12-31,ATTACHMENT1-DECLARED-PRIOR,cvar_t0.90_r0.05_g0.00,Q2V2-SW2-REC5,A,A,B,2025-01-01T00:00:00,6000.0,6000.0,previous_confirmed_final_slot_and_issued_load_pv_forecast,4169.0068,0.0,592.7863833333333,592.7863833333333,0.0,0.0,0.0,102.04808333333335,0.0,0.0,8289.811482037034,8176.424722777774,0.4389,0.4889,289.8132628116667,0.0,-0.0,0.0,289.8132628116667,289.8132628116667,0,3556.7183,0.0,0
2025-01-01,26,2025-01-01T00:00:00,2025-01-01 04:30:00,2025-01-01 04:40:00,2024-12-31,ATTACHMENT1-DECLARED-PRIOR,cvar_t0.90_r0.05_g0.00,Q2V2-SW2-REC5,A,A,B,2025-01-01T00:00:00,6000.0,6000.0,previous_confirmed_final_slot_and_issued_load_pv_forecast,4260.24,0.0,593.3378666666666,593.3378666666666,0.0,0.0,0.0,116.70213333333334,0.0,0.0,8176.424722777774,8046.755685740737,0.4364,0.4885,289.84554786666666,0.0,-0.0,0.0,289.84554786666666,289.84554786666666,0,3560.0272,0.0,0
2025-01-01,27,2025-01-01T00:00:00,2025-01-01 04:40:00,2025-01-01 04:50:00,2024-12-31,ATTACHMENT1-DECLARED-PRIOR,cvar_t0.90_r0.05_g0.00,Q2V2-SW2-REC5,A,A,B,2025-01-01T00:00:00,6000.0,6000.0,previous_confirmed_final_slot_and_issued_load_pv_forecast,4217.2222,0.0,596.6757666666666,596.6757666666666,0.0,0.0,0.0,106.19460000000004,0.0,0.0,8046.755685740737,7928.761685740737,0.4393,0.5042,300.8439215533333,0.0,-0.0,0.0,300.8439215533333,300.8439215533333,0,3580.654,0.5994,0
2025-01-01,28,2025-01-01T00:00:00,2025-01-01 04:50:00,2025-01-01 05:00:00,2024-12-31,ATTACHMENT1-DECLARED-PRIOR,cvar_t0.90_r0.05_g0.00,Q2V2-SW2-REC5,A,A,B,2025-01-01T00:00:00,6000.0,6000.0,previous_confirmed_final_slot_and_issued_load_pv_forecast,4261.857,0.0,597.78025,597.78025,0.0,0.0,0.0,112.52924999999993,0.0,0.0,7928.761685740737,7803.729185740737,0.4422,0.5178,309.53061345000003,0.0,-0.0,0.0,309.53061345000003,309.53061345000003,0,3586.916,0.2345,0
2025-01-01,29,2025-01-01T00:00:00,2025-01-01 05:00:00,2025-01-01 05:10:00,2024-12-31,ATTACHMENT1-DECLARED-PRIOR,cvar_t0.90_r0.05_g0.00,Q2V2-SW2-REC5,A,A,B,2025-01-01T00:00:00,6000.0,6000.0,previous_confirmed_final_slot_and_issued_load_pv_forecast,4341.9,0.0,595.1624999999999,595.1624999999999,0.0,0.0,0.0,128.48749999999995,0.0,0.0,7803.729185740737,7660.9652968518485,0.4395,0.5042,300.08093249999996,0.0,-0.0,0.0,300.08093249999996,300.08093249999996,0,3571.2635,0.2885,0
2025-01-01,30,2025-01-01T00:00:00,2025-01-01 05:10:00,2025-01-01 05:20:00,2024-12-31,ATTACHMENT1-DECLARED-PRIOR,cvar_t0.90_r0.05_g0.00,Q2V2-SW2-REC5,A,A,B,2025-01-01T00:00:00,6000.0,6000.0,previous_confirmed_final_slot_and_issued_load_pv_forecast,4208.2208,0.0021,590.6065,590.6065,0.0,0.0,0.0,110.76328333333333,0.0,0.0,7660.9652968518485,7537.8949820370335,0.4333,0.4639,273.98235535,0.0,-0.0,0.0,273.98235535,273.98235535,0,3562.3171,18.6781,0
2025-01-01,31,2025-01-01T00:00:00,2025-01-01 05:20:00,2025-01-01 05:30:00,2024-12-31,ATTACHMENT1-DECLARED-PRIOR,cvar_t0.90_r0.05_g0.00,Q2V2-SW2-REC5,A,A,B,2025-01-01T00:00:00,6000.0,6000.0,previous_confirmed_final_slot_and_issued_load_pv_forecast,4302.1233,0.0,589.4851833333333,589.4851833333333,0.0,0.0,0.0,127.53536666666662,0.0,0.0,7537.8949820370335,7396.1890190740705,0.4439,0.4899,288.788791315,0.0,-0.0,0.0,288.788791315,288.788791315,0,3591.3809,54.4698,0
2025-01-01,32,2025-01-01T00:00:00,2025-01-01 05:30:00,2025-01-01 05:40:00,2024-12-31,ATTACHMENT1-DECLARED-PRIOR,cvar_t0.90_r0.05_g0.00,Q2V2-SW2-REC5,A,A,B,2025-01-01T00:00:00,6000.0,6000.0,previous_confirmed_final_slot_and_issued_load_pv_forecast,4456.59,0.0,578.4554499999999,578.4554499999999,0.0,0.0,0.0,164.30955000000006,0.0,0.0,7396.1890190740705,7213.622852407404,0.4301,0.5194,300.4497607299999,0.0,-0.0,0.0,300.4497607299999,300.4497607299999,0,3579.7045,108.9718,0
2025-01-01,33,2025-01-01T00:00:00,2025-01-01 05:40:00,2025-01-01 05:50:00,2024-12-31,ATTACHMENT1-DECLARED-PRIOR,cvar_t0.90_r0.05_g0.00,Q2V2-SW2-REC5,A,A,B,2025-01-01T00:00:00,6000.0,6000.0,previous_confirmed_final_slot_and_issued_load_pv_forecast,4148.637,0.0299,1383.659783333333,1383.659783333333,0.0,0.0,692.2252666666664,0.0,0.0,0.0,7213.622852407404,7836.625592407404,0.3713,0.4459,616.9738973883333,0.0,-0.0,0.0,616.9738973883333,616.9738973883333,0,3486.119,184.1603,0
2025-01-01,34,2025-01-01T00:00:00,2025-01-01 05:50:00,2025-01-01 06:00:00,2024-12-31,ATTACHMENT1-DECLARED-PRIOR,cvar_t0.90_r0.05_g0.00,Q2V2-SW2-REC5,A,A,B,2025-01-01T00:00:00,6000.0,6000.0,previous_confirmed_final_slot_and_issued_load_pv_forecast,4498.1333,0.0,591.1401999999999,591.1401999999999,0.0,0.0,0.0,158.54868333333343,0.0,0.0,7836.625592407404,7660.4603887037,0.5708,0.6726,397.60089851999993,0.0,-0.0,0.0,397.60089851999993,397.60089851999993,0,3823.8994,277.0582,0
2025-01-01,35,2025-01-01T00:00:00,2025-01-01 06:00:00,2025-01-01 06:10:00,2024-12-31,ATTACHMENT1-DECLARED-PRIOR,cvar_t0.90_r0.05_g0.00,Q2V2-SW2-REC5,A,A,B,2025-01-01T00:00:00,6000.0,6000.0,previous_confirmed_final_slot_and_issued_load_pv_forecast,5369.38,0.0,0.0,0.0,0.0,0.0,0.0,833.3333333333334,61.563333333333276,0.0,7660.4603887037,6734.534462777774,0.9099,1.0693,0.0,0.0,-0.0,329.14836166666635,0.0,329.14836166666635,1,4398.0727,388.5494,6
2025-01-01,36,2025-01-01T00:00:00,2025-01-01 06:10:00,2025-01-01 06:20:00,2024-12-31,ATTACHMENT1-DECLARED-PRIOR,cvar_t0.90_r0.05_g0.00,Q2V2-SW2-REC5,A,A,B,2025-01-01T00:00:00,6000.0,6000.0,previous_confirmed_final_slot_and_issued_load_pv_forecast,5440.8991,0.4169,0.0,0.0,0.0,0.0,0.0,833.3333333333334,73.41369999999984,0.0,6734.534462777774,5808.608536851848,0.9368,1.0696,0.0,0.0,-0.0,392.61646759999917,0.0,392.61646759999917,1,4454.0123,521.2803,6
2025-01-01,37,2025-01-01T00:00:00,2025-01-01 06:20:00,2025-01-01 06:30:00,2024-12-31,ATTACHMENT1-DECLARED-PRIOR,cvar_t0.90_r0.05_g0.00,Q2V2-SW2-REC5,A,A,B,2025-01-01T00:00:00,6000.0,6000.0,previous_confirmed_final_slot_and_issued_load_pv_forecast,5316.893,0.0,0.0,0.0,0.0,0.0,0.0,833.3333333333334,52.81549999999993,0.0,5808.608536851848,4882.682610925922,0.8758,0.9974,0.0,0.0,-0.0,263.39089849999965,0.0,263.39089849999965,1,4371.7919,672.7677,6
2025-01-01,38,2025-01-01T00:00:00,2025-01-01 06:30:00,2025-01-01 06:40:00,2024-12-31,ATTACHMENT1-DECLARED-PRIOR,cvar_t0.90_r0.05_g0.00,Q2V2-SW2-REC5,A,A,B,2025-01-01T00:00:00,6000.0,6000.0,previous_confirmed_final_slot_and_issued_load_pv_forecast,5399.82,0.0,0.0,0.0,0.0,0.0,0.0,833.3333333333334,66.63666666666654,0.0,4882.682610925922,3956.7566849999957,0.8759,1.0451,0.0,0.0,-0.0,348.209901666666,0.0,348.209901666666,1,4392.953,844.2261,6
2025-01-01,39,2025-01-01T00:00:00,2025-01-01 06:40:00,2025-01-01 06:50:00,2024-12-31,ATTACHMENT1-DECLARED-PRIOR,cvar_t0.90_r0.05_g0.00,Q2V2-SW2-REC5,A,A,B,2025-01-01T00:00:00,6000.0,6000.0,previous_confirmed_final_slot_and_issued_load_pv_forecast,5447.4007,5.8062,0.0,0.0,0.0,0.0,0.0,833.3333333333334,73.59908333333328,0.0,3956.7566849999957,3030.8307590740696,0.8601,1.0684,0.0,0.0,-0.0,393.1663031666664,0.0,393.1663031666664,1,4384.5956,1039.6744,6
2025-01-01,40,2025-01-01T00:00:00,2025-01-01 06:50:00,2025-01-01 07:00:00,2024-12-31,ATTACHMENT1-DECLARED-PRIOR,cvar_t0.90_r0.05_g0.00,Q2V2-SW2-REC5,A,A,B,2025-01-01T00:00:00,6000.0,6000.0,previous_confirmed_final_slot_and_issued_load_pv_forecast,5444.401,0.0,0.0,0.0,0.0,0.0,0.0,833.3333333333334,74.0668333333332,0.0,3030.8307590740696,2104.9048331481436,0.8442,1.0267,0.0,0.0,-0.0,380.22208891666594,0.0,380.22208891666594,1,4434.7757,1259.3375,6
2025-01-01,41,2025-01-01T00:00:00,2025-01-01 07:00:00,2025-01-01 07:10:00,2024-12-31,ATTACHMENT1-DECLARED-PRIOR,cvar_t0.90_r0.05_g0.00,Q2V2-SW2-REC5,A,A,B,2025-01-01T00:00:00,6000.0,6000.0,previous_confirmed_final_slot_and_issued_load_pv_forecast,5433.63,3.075,0.0,0.0,0.0,0.0,0.0,814.4143498333292,90.67815016667078,0.0,2104.9048331481436,1200.0,0.8334,0.9814,0.0,0.0,-0.0,444.9576828678535,0.0,444.9576828678535,1,4523.4561,1508.6318,6
2025-01-01,42,2025-01-01T00:00:00,2025-01-01 07:10:00,2025-01-01 07:20:00,2024-12-31,ATTACHMENT1-DECLARED-PRIOR,cvar_t0.90_r0.05_g0.00,Q2V2-SW2-REC5,A,A,B,2025-01-01T00:00:00,6000.0,6000.0,previous_confirmed_final_slot_and_issued_load_pv_forecast,5449.2818,175.7953,0.0,0.0,0.0,0.0,0.0,0.0,878.9144166666666,0.0,1200.0,1200.0,0.8092,1.0187,0.0,0.0,-0.0,4476.750581291666,0.0,4476.750581291666,1,4524.0721,1791.4107,6
2025-01-01,43,2025-01-01T00:00:00,2025-01-01 07:20:00,2025-01-01 07:30:00,2024-12-31,ATTACHMENT1-DECLARED-PRIOR,cvar_t0.90_r0.05_g0.00,Q2V2-SW2-REC5,A,A,B,2025-01-01T00:00:00,6000.0,6000.0,previous_confirmed_final_slot_and_issued_load_pv_forecast,5510.0042,421.496,0.0,0.0,0.0,0.0,0.0,0.0,848.0847,0.0,1200.0,1200.0,0.7972,1.0362,0.0,0.0,-0.0,4393.9268307,0.0,4393.9268307,1,4545.8867,2085.4865,6
2025-01-01,44,2025-01-01T00:00:00,2025-01-01 07:30:00,2025-01-01 07:40:00,2024-12-31,ATTACHMENT1-DECLARED-PRIOR,cvar_t0.90_r0.05_g0.00,Q2V2-SW2-REC5,A,A,B,2025-01-01T00:00:00,6000.0,6000.0,previous_confirmed_final_slot_and_issued_load_pv_forecast,5476.0,677.1,0.0,0.0,0.0,0.0,0.0,0.0,799.8166666666666,0.0,1200.0,1200.0,0.7644,0.967,0.0,0.0,-0.0,3867.113583333333,0.0,3867.113583333333,1,4523.2418,2381.2611,6
2025-01-01,45,2025-01-01T00:00:00,2025-01-01 07:40:00,2025-01-01 07:50:00,2024-12-31,ATTACHMENT1-DECLARED-PRIOR,cvar_t0.90_r0.05_g0.00,Q2V2-SW2-REC5,A,A,B,2025-01-01T00:00:00,6000.0,6000.0,previous_confirmed_final_slot_and_issued_load_pv_forecast,5329.4215,950.8112,0.0,0.0,0.0,0.0,0.0,0.0,729.7683833333334,0.0,1200.0,1200.0,0.6899,0.893,0.0,0.0,-0.0,3258.415831583334,0.0,3258.415831583334,1,4383.3566,2683.1752,6
2025-01-01,46,2025-01-01T00:00:00,2025-01-01 07:50:00,2025-01-01 08:00:00,2024-12-31,ATTACHMENT1-DECLARED-PRIOR,cvar_t0.90_r0.05_g0.00,Q2V2-SW2-REC5,A,A,B,2025-01-01T00:00:00,6000.0,6000.0,previous_confirmed_final_slot_and_issued_load_pv_forecast,6084.1163,1255.5705,0.0,0.0,0.0,0.0,0.0,0.0,804.7576333333333,0.0,1200.0,1200.0,0.86,1.136,0.0,0.0,-0.0,4571.023357333333,0.0,4571.023357333333,1,4910.4599,2986.3552,6
2025-01-01,47,2025-01-01T00:00:00,2025-01-01 08:00:00,2025-01-01 08:10:00,2024-12-31,ATTACHMENT1-DECLARED-PRIOR,cvar_t0.90_r0.05_g0.00,Q2V2-SW2-REC5,A,A,B,2025-01-01T00:00:00,6000.0,6000.0,previous_confirmed_final_slot_and_issued_load_pv_forecast,7316.0,1592.2875,0.0,0.0,0.0,0.0,0.0,0.0,953.9520833333333,0.0,1200.0,1200.0,1.1617,1.5209,0.0,0.0,-0.0,7254.328617708334,0.0,7254.328617708334,1,5799.7327,3289.204,6
2025-01-01,48,2025-01-01T00:00:00,2025-01-01 08:10:00,2025-01-01 08:20:00,2024-12-31,ATTACHMENT1-DECLARED-PRIOR,cvar_t0.90_r0.05_g0.00,Q2V2-SW2-REC5,A,A,B,2025-01-01T00:00:00,6000.0,6000.0,previous_confirmed_final_slot_and_issued_load_pv_forecast,7469.4947,1937.5212,0.0,0.0,0.0,0.0,0.0,0.0,921.9955833333333,0.0,1200.0,1200.0,1.1683,1.5206,0.0,0.0,-0.0,7009.932420083333,0.0,7009.932420083333,1,5884.826,3593.3613,6
2025-01-01,49,2025-01-01T00:00:00,2025-01-01 08:20:00,2025-01-01 08:30:00,2024-12-31,ATTACHMENT1-DECLARED-PRIOR,cvar_t0.90_r0.05_g0.00,Q2V2-SW2-REC5,A,A,B,2025-01-01T00:00:00,6000.0,6000.0,previous_confirmed_final_slot_and_issued_load_pv_forecast,7225.691,2225.1261,0.0,0.0,0.0,0.0,0.0,0.0,833.4274833333333,0.0,1200.0,1200.0,1.0956,1.4132,0.0,0.0,-0.0,5888.9985972333325,0.0,5888.9985972333325,1,5748.0713,3890.7332,6
2025-01-01,50,2025-01-01T00:00:00,2025-01-01 08:30:00,2025-01-01 08:40:00,2024-12-31,ATTACHMENT1-DECLARED-PRIOR,cvar_t0.90_r0.05_g0.00,Q2V2-SW2-REC5,A,A,B,2025-01-01T00:00:00,6000.0,6000.0,previous_confirmed_final_slot_and_issued_load_pv_forecast,7216.13,2490.1125,0.0,0.0,0.0,0.0,0.0,0.0,787.6695833333333,0.0,1200.0,1200.0,1.0849,1.3895,0.0,0.0,-0.0,5472.334430208333,0.0,5472.334430208333,1,5769.0581,4181.3417,6
2025-01-01,51,2025-01-01T00:00:00,2025-01-01 08:40:00,2025-01-01 08:50:00,2024-12-31,ATTACHMENT1-DECLARED-PRIOR,cvar_t0.90_r0.05_g0.00,Q2V2-SW2-REC5,A,A,B,2025-01-01T00:00:00,6000.0,6000.0,previous_confirmed_final_slot_and_issued_load_pv_forecast,7361.7004,2826.3146,0.0,0.0,0.0,0.0,0.0,0.0,755.8976333333333,0.0,1200.0,1200.0,1.061,1.361,0.0,0.0,-0.0,5143.883394833332,0.0,5143.883394833332,1,5754.2105,4471.7657,6
2025-01-01,52,2025-01-01T00:00:00,2025-01-01 08:50:00,2025-01-01 09:00:00,2024-12-31,ATTACHMENT1-DECLARED-PRIOR,cvar_t0.90_r0.05_g0.00,Q2V2-SW2-REC5,A,A,B,2025-01-01T00:00:00,6000.0,6000.0,previous_confirmed_final_slot_and_issued_load_pv_forecast,7275.513,3122.1315,0.0,0.0,0.0,0.0,0.0,0.0,692.23025,0.0,1200.0,1200.0,1.043,1.3028,0.0,0.0,-0.0,4509.187848499999,0.0,4509.187848499999,1,5824.1807,4752.8272,6
2025-01-01,53,2025-01-01T00:00:00,2025-01-01 09:00:00,2025-01-01 09:10:00,2024-12-31,ATTACHMENT1-DECLARED-PRIOR,cvar_t0.90_r0.05_g0.00,Q2V2-SW2-REC5,A,A,B,2025-01-01T00:00:00,6000.0,6000.0,previous_confirmed_final_slot_and_issued_load_pv_forecast,7077.29,3350.9625,0.0,0.0,0.0,0.0,0.0,0.0,621.0545833333332,0.0,1200.0,1200.0,1.036,1.2562,0.0,0.0,-0.0,3900.8438379166655,0.0,3900.8438379166655,1,5954.2601,5021.9074,6
2025-01-01,54,2025-01-01T00:00:00,2025-01-01 09:10:00,2025-01-01 09:20:00,2024-12-31,ATTACHMENT1-DECLARED-PRIOR,cvar_t0.90_r0.05_g0.00,Q2V2-SW2-REC5,A,A,B,2025-01-01T00:00:00,6000.0,6000.0,previous_confirmed_final_slot_and_issued_load_pv_forecast,7221.8762,3601.7977,0.0,0.0,0.0,0.0,0.0,0.0,603.3464166666665,0.0,1200.0,1200.0,1.0147,1.2749,0.0,0.0,-0.0,3846.0317330416656,0.0,3846.0317330416656,1,5958.9696,5285.4126,6
2025-01-01,55,2025-01-01T00:00:00,2025-01-01 09:20:00,2025-01-01 09:30:00,2024-12-31,ATTACHMENT1-DECLARED-PRIOR,cvar_t0.90_r0.05_g0.00,Q2V2-SW2-REC5,A,A,B,2025-01-01T00:00:00,6000.0,6000.0,previous_confirmed_final_slot_and_issued_load_pv_forecast,7229.5513,3875.6352,0.0,0.0,0.0,0.0,0.0,0.0,558.9860166666665,0.0,1200.0,1200.0,0.9922,1.2735,0.0,0.0,-0.0,3559.343461124999,0.0,3559.343461124999,1,5929.5554,5543.1742,6
2025-01-01,56,2025-01-01T00:00:00,2025-01-01 09:30:00,2025-01-01 09:40:00,2024-12-31,ATTACHMENT1-DECLARED-PRIOR,cvar_t0.90_r0.05_g0.00,Q2V2-SW2-REC5,A,A,B,2025-01-01T00:00:00,6000.0,6000.0,previous_confirmed_final_slot_and_issued_load_pv_forecast,7099.33,4149.825,0.0,0.0,0.0,0.0,0.0,0.0,491.58416666666665,0.0,1200.0,1200.0,0.97,1.2135,0.0,0.0,-0.0,2982.68693125,0.0,2982.68693125,1,5923.7828,5788.4093,6
2025-01-01,57,2025-01-01T00:00:00,2025-01-01 09:40:00,2025-01-01 09:50:00,2024-12-31,ATTACHMENT1-DECLARED-PRIOR,cvar_t0.90_r0.05_g0.00,Q2V2-SW2-REC5,A,A,B,2025-01-01T00:00:00,6000.0,6000.0,previous_confirmed_final_slot_and_issued_load_pv_forecast,7297.1521,4403.4802,0.0,0.0,0.0,0.0,0.0,0.0,482.27864999999997,0.0,1200.0,1200.0,0.9422,1.1586,0.0,0.0,-0.0,2793.84021945,0.0,2793.84021945,1,5907.586,6012.1304,6
2025-01-01,58,2025-01-01T00:00:00,2025-01-01 09:50:00,2025-01-01 10:00:00,2024-12-31,ATTACHMENT1-DECLARED-PRIOR,cvar_t0.90_r0.05_g0.00,Q2V2-SW2-REC5,A,A,B,2025-01-01T00:00:00,6000.0,6000.0,previous_confirmed_final_slot_and_issued_load_pv_forecast,7313.1756,4624.7505,0.0,0.0,0.0,0.0,0.0,0.0,448.07084999999995,0.0,1200.0,1200.0,0.9569,1.2464,0.0,0.0,-0.0,2792.3775371999996,0.0,2792.3775371999996,1,5899.1262,6216.1528,6
2025-01-01,59,2025-01-01T00:00:00,2025-01-01 10:00:00,2025-01-01 10:10:00,2024-12-31,ATTACHMENT1-DECLARED-PRIOR,cvar_t0.90_r0.05_g0.00,Q2V2-SW2-REC5,A,A,B,2025-01-01T00:00:00,6000.0,6000.0,previous_confirmed_final_slot_and_issued_load_pv_forecast,7099.46,4836.6375,0.0,0.0,0.0,0.0,0.0,0.0,377.1370833333334,0.0,1200.0,1200.0,0.9977,1.3947,0.0,0.0,-0.0,2629.965450625001,0.0,2629.965450625001,1,5902.2196,6409.5941,6
2025-01-01,60,2025-01-01T00:00:00,2025-01-01 10:10:00,2025-01-01 10:20:00,2024-12-31,ATTACHMENT1-DECLARED-PRIOR,cvar_t0.90_r0.05_g0.00,Q2V2-SW2-REC5,A,A,B,2025-01-01T00:00:00,6000.0,6000.0,previous_confirmed_final_slot_and_issued_load_pv_forecast,7125.5214,5080.7024,0.0,0.0,0.0,0.0,0.0,0.0,340.80316666666647,0.0,1200.0,1200.0,0.9919,1.3761,0.0,0.0,-0.0,2344.896188249999,0.0,2344.896188249999,1,5897.4793,6599.3808,6
2025-01-01,61,2025-01-01T00:00:00,2025-01-01 10:20:00,2025-01-01 10:30:00,2024-12-31,ATTACHMENT1-DECLARED-PRIOR,cvar_t0.90_r0.05_g0.00,Q2V2-SW2-REC5,A,A,B,2025-01-01T00:00:00,6000.0,6000.0,previous_confirmed_final_slot_and_issued_load_pv_forecast,7096.3104,5338.7528,0.0,0.0,0.0,0.0,0.0,0.0,292.9262666666666,0.0,1200.0,1200.0,0.9588,1.3294,0.0,0.0,-0.0,1947.0808945333326,0.0,1947.0808945333326,1,5886.7568,6766.7204,6
2025-01-01,62,2025-01-01T00:00:00,2025-01-01 10:30:00,2025-01-01 10:40:00,2024-12-31,ATTACHMENT1-DECLARED-PRIOR,cvar_t0.90_r0.05_g0.00,Q2V2-SW2-REC5,A,A,B,2025-01-01T00:00:00,6000.0,6000.0,previous_confirmed_final_slot_and_issued_load_pv_forecast,6986.17,5494.725,0.0,0.0,0.0,0.0,0.0,0.0,248.57416666666666,0.0,1200.0,1200.0,0.9549,1.3646,0.0,0.0,-0.0,1696.0215391666668,0.0,1696.0215391666668,1,5873.4708,6914.5923,6
2025-01-01,63,2025-01-01T00:00:00,2025-01-01 10:40:00,2025-01-01 10:50:00,2024-12-31,ATTACHMENT1-DECLARED-PRIOR,cvar_t0.90_r0.05_g0.00,Q2V2-SW2-REC5,A,A,B,2025-01-01T00:00:00,6000.0,6000.0,previous_confirmed_final_slot_and_issued_load_pv_forecast,7098.9702,5437.9778,0.0,0.0,0.0,0.0,0.0,0.0,276.8320666666666,0.0,1200.0,1200.0,0.9839,1.4099,0.0,0.0,-0.0,1951.5276539666663,0.0,1951.5276539666663,1,5858.0308,7064.2053,6
2025-01-01,64,2025-01-01T00:00:00,2025-01-01 10:50:00,2025-01-01 11:00:00,2024-12-31,ATTACHMENT1-DECLARED-PRIOR,cvar_t0.90_r0.05_g0.00,Q2V2-SW2-REC5,A,A,B,2025-01-01T00:00:00,6000.0,6000.0,previous_confirmed_final_slot_and_issued_load_pv_forecast,7193.993,5396.2126,0.0,0.0,0.0,0.0,0.0,0.0,299.6300666666667,0.0,1200.0,1200.0,0.799,1.1773,0.0,0.0,-0.0,1763.7723874333335,0.0,1763.7723874333335,1,5844.9948,7197.4315,6
2025-01-01,65,2025-01-01T00:00:00,2025-01-01 11:00:00,2025-01-01 11:10:00,2024-12-31,ATTACHMENT1-DECLARED-PRIOR,cvar_t0.90_r0.05_g0.00,Q2V2-SW2-REC5,A,A,B,2025-01-01T00:00:00,6000.0,6000.0,previous_confirmed_final_slot_and_issued_load_pv_forecast,7135.18,5372.1,0.0,0.0,0.0,0.0,0.0,0.0,293.8466666666667,0.0,1200.0,1200.0,0.5025,0.806,0.0,0.0,-0.0,1184.202066666667,0.0,1184.202066666667,1,5839.0587,7303.1142,6
2025-01-01,66,2025-01-01T00:00:00,2025-01-01 11:10:00,2025-01-01 11:20:00,2024-12-31,ATTACHMENT1-DECLARED-PRIOR,cvar_t0.90_r0.05_g0.00,Q2V2-SW2-REC5,A,A,B,2025-01-01T00:00:00,6000.0,6000.0,previous_confirmed_final_slot_and_issued_load_pv_forecast,7042.947,5182.9722,575.1709166666665,575.1709166666665,0.0,0.0,265.17511666666655,0.0,0.0,0.0,1200.0,1438.6576049999999,0.4662,0.7483,430.4003969416665,0.0,-0.0,0.0,430.4003969416665,430.4003969416665,1,5838.7103,7387.6848,6
2025-01-01,67,2025-01-01T00:00:00,2025-01-01 11:20:00,2025-01-01 11:30:00,2024-12-31,ATTACHMENT1-DECLARED-PRIOR,cvar_t0.90_r0.05_g0.00,Q2V2-SW2-REC5,A,A,B,2025-01-01T00:00:00,6000.0,6000.0,previous_confirmed_final_slot_and_issued_load_pv_forecast,7069.1675,5131.5011,0.0,0.0,0.0,0.0,0.0,214.79184449999988,108.15255549999998,0.0,1438.6576049999999,1200.0,0.5007,0.7981,0.0,0.0,-0.0,431.5827727227499,0.0,431.5827727227499,1,5823.4378,7459.227,6
2025-01-01,68,2025-01-01T00:00:00,2025-01-01 11:30:00,2025-01-01 11:40:00,2024-12-31,ATTACHMENT1-DECLARED-PRIOR,cvar_t0.90_r0.05_g0.00,Q2V2-SW2-REC5,A,A,B,2025-01-01T00:00:00,6000.0,6000.0,previous_confirmed_final_slot_and_issued_load_pv_forecast,7129.17,5294.775,0.0,0.0,0.0,0.0,0.0,0.0,305.7325000000001,0.0,1200.0,1200.0,0.4827,0.7929,0.0,0.0,-0.0,1212.0764962500002,0.0,1212.0764962500002,1,5814.7932,7520.7191,6
2025-01-01,69,2025-01-01T00:00:00,2025-01-01 11:40:00,2025-01-01 11:50:00,2024-12-31,ATTACHMENT1-DECLARED-PRIOR,cvar_t0.90_r0.05_g0.00,Q2V2-SW2-REC5,A,A,B,2025-01-01T00:00:00,6000.0,6000.0,previous_confirmed_final_slot_and_issued_load_pv_forecast,6971.0393,5434.7444,179.27717139918263,179.27717139918263,0.0,0.0,0.0,0.0,76.77197860081742,0.0,1200.0,1200.0,0.4785,0.7713,138.27648230018957,0.0,-0.0,296.07113547405237,138.27648230018957,434.34761777424194,1,5832.3951,7568.2039,6
2025-01-01,70,2025-01-01T00:00:00,2025-01-01 11:50:00,2025-01-01 12:00:00,2024-12-31,ATTACHMENT1-DECLARED-PRIOR,cvar_t0.90_r0.05_g0.00,Q2V2-SW2-REC5,A,A,B,2025-01-01T00:00:00,6000.0,6000.0,previous_confirmed_final_slot_and_issued_load_pv_forecast,6648.4937,5455.5011,520.1245166666665,520.1245166666665,0.0,0.0,321.29241666666667,0.0,0.0,0.0,1200.0,1489.1631750000001,0.4662,0.726,377.6103990999999,0.0,-0.0,0.0,377.6103990999999,377.6103990999999,1,5712.901,7592.1539,6
2025-01-01,71,2025-01-01T00:00:00,2025-01-01 12:00:00,2025-01-01 12:10:00,2024-12-31,ATTACHMENT1-DECLARED-PRIOR,cvar_t0.90_r0.05_g0.00,Q2V2-SW2-REC5,A,A,B,2025-01-01T00:00:00,6000.0,6000.0,previous_confirmed_final_slot_and_issued_load_pv_forecast,6471.29,5331.7125,486.40289999999993,486.40289999999993,0.0,0.0,296.4733166666665,0.0,0.0,0.0,1489.1631750000001,1755.98916,0.4432,0.7133,346.95118857,0.0,-0.0,0.0,346.95118857,346.95118857,1,5519.4607,7601.0433,12
2025-01-01,72,2025-01-01T00:00:00,2025-01-01 12:10:00,2025-01-01 12:20:00,2024-12-31,ATTACHMENT1-DECLARED-PRIOR,cvar_t0.90_r0.05_g0.00,Q2V2-SW2-REC5,A,A,B,2025-01-01T00:00:00,6000.0,6000.0,previous_confirmed_final_slot_and_issued_load_pv_forecast,6681.1855,5126.6533,480.4124499999999,480.4124499999999,0.0,0.0,221.32375000000002,0.0,0.0,0.0,1755.98916,1955.1805350000002,0.4411,0.8026,385.57903236999994,0.0,-0.0,0.0,385.57903236999994,385.57903236999994,1,5494.7907,7612.316,12
2025-01-01,73,2025-01-01T00:00:00,2025-01-01 12:20:00,2025-01-01 12:30:00,2024-12-31,ATTACHMENT1-DECLARED-PRIOR,cvar_t0.90_r0.05_g0.00,Q2V2-SW2-REC5,A,A,B,2025-01-01T00:00:00,6000.0,6000.0,previous_confirmed_final_slot_and_issued_load_pv_forecast,6585.2714,5118.4895,485.29999999999995,485.29999999999995,0.0,0.0,240.83635000000004,0.0,0.0,0.0,1955.1805350000002,2171.93325,0.4551,0.8183,397.12098999999995,0.0,-0.0,0.0,397.12098999999995,397.12098999999995,1,5514.4524,7602.6524,12
2025-01-01,74,2025-01-01T00:00:00,2025-01-01 12:30:00,2025-01-01 12:40:00,2024-12-31,ATTACHMENT1-DECLARED-PRIOR,cvar_t0.90_r0.05_g0.00,Q2V2-SW2-REC5,A,A,B,2025-01-01T00:00:00,6000.0,6000.0,previous_confirmed_final_slot_and_issued_load_pv_forecast,6283.97,5302.575,488.6069666666666,488.6069666666666,0.0,0.0,325.04113333333316,0.0,0.0,0.0,2171.93325,2464.47027,0.4463,0.7305,356.92738914999995,0.0,-0.0,0.0,356.92738914999995,356.92738914999995,1,5485.829,7554.1872,12
2025-01-01,75,2025-01-01T00:00:00,2025-01-01 12:40:00,2025-01-01 12:50:00,2024-12-31,ATTACHMENT1-DECLARED-PRIOR,cvar_t0.90_r0.05_g0.00,Q2V2-SW2-REC5,A,A,B,2025-01-01T00:00:00,6000.0,6000.0,previous_confirmed_final_slot_and_issued_load_pv_forecast,6547.9322,5399.7996,498.27073333333317,498.27073333333317,0.0,0.0,306.91529999999966,0.0,0.0,0.0,2464.47027,2740.6940399999994,0.4113,0.712,354.7687621333332,0.0,-0.0,0.0,354.7687621333332,354.7687621333332,1,5462.3628,7472.7384,12
2025-01-01,76,2025-01-01T00:00:00,2025-01-01 12:50:00,2025-01-01 13:00:00,2024-12-31,ATTACHMENT1-DECLARED-PRIOR,cvar_t0.90_r0.05_g0.00,Q2V2-SW2-REC5,A,A,B,2025-01-01T00:00:00,6000.0,6000.0,previous_confirmed_final_slot_and_issued_load_pv_forecast,6747.6789,5377.6488,0.0,0.0,0.0,0.0,0.0,228.33835,0.0,0.0,2740.6940399999994,2486.9847622222214,0.5682,0.903,0.0,0.0,-0.0,0.0,0.0,0.0,1,5566.1066,7393.4172,12
2025-01-01,77,2025-01-01T00:00:00,2025-01-01 13:00:00,2025-01-01 13:10:00,2024-12-31,ATTACHMENT1-DECLARED-PRIOR,cvar_t0.90_r0.05_g0.00,Q2V2-SW2-REC5,A,A,B,2025-01-01T00:00:00,6000.0,6000.0,previous_confirmed_final_slot_and_issued_load_pv_forecast,6682.36,5261.8125,0.0,0.0,0.0,0.0,0.0,236.75791666666646,0.0,0.0,2486.9847622222214,2223.9204103703696,0.8279,1.1525,0.0,0.0,-0.0,0.0,0.0,0.0,1,5725.7548,7312.7979,12
2025-01-01,78,2025-01-01T00:00:00,2025-01-01 13:10:00,2025-01-01 13:20:00,2024-12-31,ATTACHMENT1-DECLARED-PRIOR,cvar_t0.90_r0.05_g0.00,Q2V2-SW2-REC5,A,A,B,2025-01-01T00:00:00,6000.0,6000.0,previous_confirmed_final_slot_and_issued_load_pv_forecast,6790.9628,5097.6164,0.0,0.0,0.0,0.0,0.0,282.22439999999995,0.0,0.0,2223.9204103703696,1910.337743703703,0.8636,1.1607,0.0,0.0,-0.0,0.0,0.0,0.0,1,5739.4957,7194.541,12
2025-01-01,79,2025-01-01T00:00:00,2025-01-01 13:20:00,2025-01-01 13:30:00,2024-12-31,ATTACHMENT1-DECLARED-PRIOR,cvar_t0.90_r0.05_g0.00,Q2V2-SW2-REC5,A,A,B,2025-01-01T00:00:00,6000.0,6000.0,previous_confirmed_final_slot_and_issued_load_pv_forecast,6916.0165,5029.4534,0.0,0.0,0.0,0.0,0.0,314.42718333333323,0.0,0.0,1910.337743703703,1560.974206666666,0.8416,1.1437,0.0,0.0,-0.0,0.0,0.0,0.0,1,5714.6836,7053.1371,12
2025-01-01,80,2025-01-01T00:00:00,2025-01-01 13:30:00,2025-01-01 13:40:00,2024-12-31,ATTACHMENT1-DECLARED-PRIOR,cvar_t0.90_r0.05_g0.00,Q2V2-SW2-REC5,A,A,B,2025-01-01T00:00:00,6000.0,6000.0,previous_confirmed_final_slot_and_issued_load_pv_forecast,6834.78,5043.8625,0.0,0.0,0.0,0.0,0.0,298.4862499999999,0.0,0.0,1560.974206666666,1229.3228177777773,0.8618,1.1537,0.0,0.0,-0.0,0.0,0.0,0.0,1,5717.8505,6910.4064,12
2025-01-01,81,2025-01-01T00:00:00,2025-01-01 13:40:00,2025-01-01 13:50:00,2024-12-31,ATTACHMENT1-DECLARED-PRIOR,cvar_t0.90_r0.05_g0.00,Q2V2-SW2-REC5,A,A,B,2025-01-01T00:00:00,6000.0,6000.0,previous_confirmed_final_slot_and_issued_load_pv_forecast,6546.5252,4973.5844,0.0,0.0,0.0,0.0,0.0,26.39053599999961,235.7662640000005,0.0,1229.3228177777773,1200.0,0.8623,1.0571,0.0,0.0,-0.0,1246.1425883720026,0.0,1246.1425883720026,1,5708.2486,6772.4075,12
2025-01-01,82,2025-01-01T00:00:00,2025-01-01 13:50:00,2025-01-01 14:00:00,2024-12-31,ATTACHMENT1-DECLARED-PRIOR,cvar_t0.90_r0.05_g0.00,Q2V2-SW2-REC5,A,A,B,2025-01-01T00:00:00,6000.0,6000.0,previous_confirmed_final_slot_and_issued_load_pv_forecast,6539.873,4769.7524,0.0,0.0,0.0,0.0,0.0,0.0,295.02009999999973,0.0,1200.0,1200.0,0.9026,1.1423,0.0,0.0,-0.0,1685.0073011499987,0.0,1685.0073011499987,1,5696.9182,6607.36,12
2025-01-01,83,2025-01-01T00:00:00,2025-01-01 14:00:00,2025-01-01 14:10:00,2024-12-31,ATTACHMENT1-DECLARED-PRIOR,cvar_t0.90_r0.05_g0.00,Q2V2-SW2-REC5,A,A,B,2025-01-01T00:00:00,6000.0,6000.0,previous_confirmed_final_slot_and_issued_load_pv_forecast,6773.97,4478.625,0.0,0.0,0.0,0.0,0.0,0.0,382.5574999999999,0.0,1200.0,1200.0,0.9754,1.3627,0.0,0.0,-0.0,2606.5555262499993,0.0,2606.5555262499993,1,5692.2983,6412.5085,12
2025-01-01,84,2025-01-01T00:00:00,2025-01-01 14:10:00,2025-01-01 14:20:00,2024-12-31,ATTACHMENT1-DECLARED-PRIOR,cvar_t0.90_r0.05_g0.00,Q2V2-SW2-REC5,A,A,B,2025-01-01T00:00:00,6000.0,6000.0,previous_confirmed_final_slot_and_issued_load_pv_forecast,6736.8117,4209.3909,0.0,0.0,0.0,0.0,0.0,0.0,421.2368,0.0,1200.0,1200.0,1.0002,1.363,0.0,0.0,-0.0,2870.728792,0.0,2870.728792,1,5687.1291,6214.0158,12
2025-01-01,85,2025-01-01T00:00:00,2025-01-01 14:20:00,2025-01-01 14:30:00,2024-12-31,ATTACHMENT1-DECLARED-PRIOR,cvar_t0.90_r0.05_g0.00,Q2V2-SW2-REC5,A,A,B,2025-01-01T00:00:00,6000.0,6000.0,previous_confirmed_final_slot_and_issued_load_pv_forecast,6623.3813,4060.4316,0.0,0.0,0.0,0.0,0.0,0.0,427.15828333333343,0.0,1200.0,1200.0,0.9978,1.3215,0.0,0.0,-0.0,2822.4483571250007,0.0,2822.4483571250007,1,5678.962,6000.7112,12
2025-01-01,86,2025-01-01T00:00:00,2025-01-01 14:30:00,2025-01-01 14:40:00,2024-12-31,ATTACHMENT1-DECLARED-PRIOR,cvar_t0.90_r0.05_g0.00,Q2V2-SW2-REC5,A,A,B,2025-01-01T00:00:00,6000.0,6000.0,previous_confirmed_final_slot_and_issued_load_pv_forecast,6548.98,3934.425,0.0,0.0,0.0,0.0,0.0,0.0,435.7591666666665,0.0,1200.0,1200.0,1.0271,1.3884,0.0,0.0,-0.0,3025.040134999999,0.0,3025.040134999999,1,5669.4508,5766.9816,12
2025-01-01,87,2025-01-01T00:00:00,2025-01-01 14:40:00,2025-01-01 14:50:00,2024-12-31,ATTACHMENT1-DECLARED-PRIOR,cvar_t0.90_r0.05_g0.00,Q2V2-SW2-REC5,A,A,B,2025-01-01T00:00:00,6000.0,6000.0,previous_confirmed_final_slot_and_issued_load_pv_forecast,6398.5627,3648.1229,0.0,0.0,0.0,0.0,0.0,0.0,458.4066333333335,0.0,1200.0,1200.0,1.0906,1.4736,0.0,0.0,-0.0,3377.5400744000012,0.0,3377.5400744000012,1,5664.1948,5521.5066,12
2025-01-01,88,2025-01-01T00:00:00,2025-01-01 14:50:00,2025-01-01 15:00:00,2024-12-31,ATTACHMENT1-DECLARED-PRIOR,cvar_t0.90_r0.05_g0.00,Q2V2-SW2-REC5,A,A,B,2025-01-01T00:00:00,6000.0,6000.0,previous_confirmed_final_slot_and_issued_load_pv_forecast,6196.5854,3431.0164,0.0,0.0,0.0,0.0,0.0,0.0,460.9281666666667,0.0,1200.0,1200.0,0.9376,1.2203,0.0,0.0,-0.0,2812.3532089166665,0.0,2812.3532089166665,1,5672.7011,5268.781,12
2025-01-01,89,2025-01-01T00:00:00,2025-01-01 15:00:00,2025-01-01 15:10:00,2024-12-31,ATTACHMENT1-DECLARED-PRIOR,cvar_t0.90_r0.05_g0.00,Q2V2-SW2-REC5,A,A,B,2025-01-01T00:00:00,6000.0,6000.0,previous_confirmed_final_slot_and_issued_load_pv_forecast,6154.69,3327.3375,112.0898666666667,112.0898666666667,0.0,0.0,0.0,0.0,359.13554999999985,0.0,1200.0,1200.0,0.6694,0.8295,92.97854440000002,0.0,-0.0,1489.5146936249994,92.97854440000002,1582.4932380249993,1,5682.2544,5009.7152,12
2025-01-01,90,2025-01-01T00:00:00,2025-01-01 15:10:00,2025-01-01 15:20:00,2024-12-31,ATTACHMENT1-DECLARED-PRIOR,cvar_t0.90_r0.05_g0.00,Q2V2-SW2-REC5,A,A,B,2025-01-01T00:00:00,6000.0,6000.0,previous_confirmed_final_slot_and_issued_load_pv_forecast,6459.5818,3139.1175,266.7326936213991,266.7326936213991,0.0,0.0,0.0,0.0,286.6780230452674,0.0,1200.0,1200.0,0.66,0.8782,234.2446515383127,0.0,-0.0,1258.8031991917692,234.2446515383127,1493.0478507300818,1,5669.0195,4743.4484,12
2025-01-01,91,2025-01-01T00:00:00,2025-01-01 15:20:00,2025-01-01 15:30:00,2024-12-31,ATTACHMENT1-DECLARED-PRIOR,cvar_t0.90_r0.05_g0.00,Q2V2-SW2-REC5,A,A,B,2025-01-01T00:00:00,6000.0,6000.0,previous_confirmed_final_slot_and_issued_load_pv_forecast,6622.8857,2860.4253,197.52351666666664,197.52351666666664,0.0,0.0,0.0,0.0,429.5532166666666,0.0,1200.0,1200.0,0.7217,0.974,192.3879052333333,0.0,-0.0,2091.924165166666,192.3879052333333,2284.3120703999994,1,5656.3651,4471.224,12
2025-01-01,92,2025-01-01T00:00:00,2025-01-01 15:30:00,2025-01-01 15:40:00,2024-12-31,ATTACHMENT1-DECLARED-PRIOR,cvar_t0.90_r0.05_g0.00,Q2V2-SW2-REC5,A,A,B,2025-01-01T00:00:00,6000.0,6000.0,previous_confirmed_final_slot_and_issued_load_pv_forecast,6493.61,2505.0,244.8140333333332,244.8140333333332,0.0,0.0,0.0,0.0,419.9543,0.0,1200.0,1200.0,0.7308,0.9257,226.62435065666654,0.0,-0.0,1943.75847755,226.62435065666654,2170.3828282066665,1,5657.0867,4188.2025,12
2025-01-01,93,2025-01-01T00:00:00,2025-01-01 15:40:00,2025-01-01 15:50:00,2024-12-31,ATTACHMENT1-DECLARED-PRIOR,cvar_t0.90_r0.05_g0.00,Q2V2-SW2-REC5,A,A,B,2025-01-01T00:00:00,6000.0,6000.0,previous_confirmed_final_slot_and_issued_load_pv_forecast,6375.0516,2089.695,295.5346166666667,295.5346166666667,0.0,0.0,0.0,0.0,418.69148333333317,0.0,1200.0,1200.0,0.7534,0.9368,276.85682889333333,0.0,-0.0,1961.1509079333325,276.85682889333333,2238.0077368266657,1,5662.6008,3889.3931,12
2025-01-01,94,2025-01-01T00:00:00,2025-01-01 15:50:00,2025-01-01 16:00:00,2024-12-31,ATTACHMENT1-DECLARED-PRIOR,cvar_t0.90_r0.05_g0.00,Q2V2-SW2-REC5,A,A,B,2025-01-01T00:00:00,6000.0,6000.0,previous_confirmed_final_slot_and_issued_load_pv_forecast,6354.113,1762.1562,345.77750000000015,345.77750000000015,0.0,0.0,0.0,0.0,419.5486333333332,0.0,1200.0,1200.0,0.7823,0.9885,341.80105875000015,0.0,-0.0,2073.6191202499995,341.80105875000015,2415.4201789999997,1,5669.2596,3594.5946,12
2025-01-01,95,2025-01-01T00:00:00,2025-01-01 16:00:00,2025-01-01 16:10:00,2024-12-31,ATTACHMENT1-DECLARED-PRIOR,cvar_t0.90_r0.05_g0.00,Q2V2-SW2-REC5,A,A,B,2025-01-01T00:00:00,6000.0,6000.0,previous_confirmed_final_slot_and_issued_load_pv_forecast,6404.25,1525.8,394.9314833333333,394.9314833333333,0.0,0.0,0.0,0.0,418.14351666666676,0.0,1200.0,1200.0,0.8055,1.0236,404.25186634,0.0,-0.0,2140.0585183000007,404.25186634,2544.310384640001,1,5673.4767,3303.8878,12
2025-01-01,96,2025-01-01T00:00:00,2025-01-01 16:10:00,2025-01-01 16:20:00,2024-12-31,ATTACHMENT1-DECLARED-PRIOR,cvar_t0.90_r0.05_g0.00,Q2V2-SW2-REC5,A,A,B,2025-01-01T00:00:00,6000.0,6000.0,previous_confirmed_final_slot_and_issued_load_pv_forecast,6444.972,1249.2025,445.4316500000001,445.4316500000001,0.0,0.0,0.0,0.0,420.529933333333,0.0,1200.0,1200.0,0.8271,1.0256,456.83470024000013,0.0,-0.0,2156.4774981333317,456.83470024000013,2613.3121983733317,1,5671.0146,2998.4247,12
2025-01-01,97,2025-01-01T00:00:00,2025-01-01 16:20:00,2025-01-01 16:30:00,2024-12-31,ATTACHMENT1-DECLARED-PRIOR,cvar_t0.90_r0.05_g0.00,Q2V2-SW2-REC5,A,A,B,2025-01-01T00:00:00,6000.0,6000.0,previous_confirmed_final_slot_and_issued_load_pv_forecast,6399.4586,968.2219,495.69658333333325,495.69658333333325,0.0,0.0,0.0,0.0,409.50953333333325,0.0,1200.0,1200.0,0.8519,1.0518,521.3736663499999,0.0,-0.0,2153.6106357999997,521.3736663499999,2674.9843021499996,1,5661.5926,2687.4131,12
2025-01-01,98,2025-01-01T00:00:00,2025-01-01 16:30:00,2025-01-01 16:40:00,2024-12-31,ATTACHMENT1-DECLARED-PRIOR,cvar_t0.90_r0.05_g0.00,Q2V2-SW2-REC5,A,A,B,2025-01-01T00:00:00,6000.0,6000.0,previous_confirmed_final_slot_and_issued_load_pv_forecast,6292.15,706.6125,547.11905,547.11905,0.0,0.0,0.0,0.0,383.80386666666664,0.0,1200.0,1200.0,0.8791,1.0918,597.3445787900001,0.0,-0.0,2095.1853081333334,597.3445787900001,2692.5298869233334,1,5665.8922,2383.1779,12
2025-01-01,99,2025-01-01T00:00:00,2025-01-01 16:40:00,2025-01-01 16:50:00,2024-12-31,ATTACHMENT1-DECLARED-PRIOR,cvar_t0.90_r0.05_g0.00,Q2V2-SW2-REC5,A,A,B,2025-01-01T00:00:00,6000.0,6000.0,previous_confirmed_final_slot_and_issued_load_pv_forecast,6236.9153,440.4383,599.9854333333333,599.9854333333333,0.0,0.0,0.0,0.0,366.09406666666666,0.0,1200.0,1200.0,0.9024,1.0866,651.94417186,0.0,-0.0,1988.9890642,651.94417186,2640.93323606,1,5689.0372,2089.1246,12
2025-01-01,100,2025-01-01T00:00:00,2025-01-01 16:50:00,2025-01-01 17:00:00,2024-12-31,ATTACHMENT1-DECLARED-PRIOR,cvar_t0.90_r0.05_g0.00,Q2V2-SW2-REC5,A,A,B,2025-01-01T00:00:00,6000.0,6000.0,previous_confirmed_final_slot_and_issued_load_pv_forecast,6299.9437,180.885,635.4297499999999,635.4297499999999,0.0,0.0,0.0,0.0,384.41336666666655,0.0,1200.0,1200.0,0.9163,1.1196,711.4271480999998,0.0,-0.0,2151.946026599999,711.4271480999998,2863.3731746999993,1,5603.6614,1791.0829,12
2025-01-01,101,2025-01-01T00:00:00,2025-01-01 17:00:00,2025-01-01 17:10:00,2024-12-31,ATTACHMENT1-DECLARED-PRIOR,cvar_t0.90_r0.05_g0.00,Q2V2-SW2-REC5,A,A,B,2025-01-01T00:00:00,6000.0,6000.0,previous_confirmed_final_slot_and_issued_load_pv_forecast,6389.06,2.9625,660.8306833333334,660.8306833333334,0.0,0.0,0.0,0.0,403.5188999999999,0.0,1200.0,1200.0,0.9264,1.1821,781.1679507683333,0.0,-0.0,2384.9984584499994,781.1679507683333,3166.166409218333,1,5466.7124,1501.7283,12
2025-01-01,102,2025-01-01T00:00:00,2025-01-01 17:10:00,2025-01-01 17:20:00,2024-12-31,ATTACHMENT1-DECLARED-PRIOR,cvar_t0.90_r0.05_g0.00,Q2V2-SW2-REC5,A,A,B,2025-01-01T00:00:00,6000.0,6000.0,previous_confirmed_final_slot_and_issued_load_pv_forecast,6325.1833,0.0,702.0369333333333,702.0369333333333,0.0,0.0,0.0,0.0,352.16028333333315,0.0,1200.0,1200.0,0.9462,1.1719,822.7170821733332,0.0,-0.0,2063.4831801916657,822.7170821733332,2886.2002623649987,1,5467.3939,1255.1723,12
2025-01-01,103,2025-01-01T00:00:00,2025-01-01 17:20:00,2025-01-01 17:30:00,2024-12-31,ATTACHMENT1-DECLARED-PRIOR,cvar_t0.90_r0.05_g0.00,Q2V2-SW2-REC5,A,A,B,2025-01-01T00:00:00,6000.0,6000.0,previous_confirmed_final_slot_and_issued_load_pv_forecast,6169.4734,5.9578,738.0657833333333,738.0657833333333,0.0,0.0,0.0,0.0,289.18681666666646,0.0,1200.0,1200.0,0.9742,1.1271,831.873944395,0.0,-0.0,1629.7123053249989,831.873944395,2461.5862497199987,1,5464.727,1036.3323,12
2025-01-01,104,2025-01-01T00:00:00,2025-01-01 17:30:00,2025-01-01 17:40:00,2024-12-31,ATTACHMENT1-DECLARED-PRIOR,cvar_t0.90_r0.05_g0.00,Q2V2-SW2-REC5,A,A,B,2025-01-01T00:00:00,6000.0,6000.0,previous_confirmed_final_slot_and_issued_load_pv_forecast,6191.99,0.0,775.9447166666666,775.9447166666666,0.0,0.0,0.0,0.0,256.0536166666666,0.0,1200.0,1200.0,0.9862,1.1001,853.6167828050001,0.0,-0.0,1408.4229184749997,853.6167828050001,2262.03970128,1,5492.4458,836.7775,12
2025-01-01,105,2025-01-01T00:00:00,2025-01-01 17:40:00,2025-01-01 17:50:00,2024-12-31,ATTACHMENT1-DECLARED-PRIOR,cvar_t0.90_r0.05_g0.00,Q2V2-SW2-REC5,A,A,B,2025-01-01T00:00:00,6000.0,6000.0,previous_confirmed_final_slot_and_issued_load_pv_forecast,6464.5067,0.0,826.08325,826.08325,0.0,0.0,0.0,0.0,251.3345333333333,0.0,1200.0,1200.0,0.976,1.1206,925.7088899500001,0.0,-0.0,1408.2273902666664,925.7088899500001,2333.9362802166665,1,5621.7308,665.2313,12
2025-01-01,106,2025-01-01T00:00:00,2025-01-01 17:50:00,2025-01-01 18:00:00,2024-12-31,ATTACHMENT1-DECLARED-PRIOR,cvar_t0.90_r0.05_g0.00,Q2V2-SW2-REC5,A,A,B,2025-01-01T00:00:00,6000.0,6000.0,previous_confirmed_final_slot_and_issued_load_pv_forecast,5764.0309,0.4277,762.4227999999999,762.4227999999999,0.0,0.0,0.0,0.0,198.17773333333332,0.0,1200.0,1200.0,1.0742,1.2125,924.4376449999999,0.0,-0.0,1201.4525083333333,924.4376449999999,2125.8901533333333,1,5091.2126,516.6758,12
2025-01-01,107,2025-01-01T00:00:00,2025-01-01 18:00:00,2025-01-01 18:10:00,2024-12-31,ATTACHMENT1-DECLARED-PRIOR,cvar_t0.90_r0.05_g0.00,Q2V2-SW2-REC5,A,A,B,2025-01-01T00:00:00,6000.0,6000.0,previous_confirmed_final_slot_and_issued_load_pv_forecast,4529.45,0.0,636.9826166666667,636.9826166666667,0.0,0.0,0.0,0.0,117.92571666666663,0.0,1200.0,1200.0,1.2313,1.3246,843.7471740366667,0.0,-0.0,781.0220214833331,843.7471740366667,1624.7691955199998,1,4208.5688,386.6731,18
2025-01-01,108,2025-01-01T00:00:00,2025-01-01 18:10:00,2025-01-01 18:20:00,2024-12-31,ATTACHMENT1-DECLARED-PRIOR,cvar_t0.90_r0.05_g0.00,Q2V2-SW2-REC5,A,A,B,2025-01-01T00:00:00,6000.0,6000.0,previous_confirmed_final_slot_and_issued_load_pv_forecast,4490.5328,0.0,531.8940499999999,531.8940499999999,0.0,0.0,0.0,0.0,216.52808333333337,0.0,1200.0,1200.0,1.2561,1.3543,720.3441119149999,0.0,-0.0,1466.219916291667,720.3441119149999,2186.564028206667,1,4122.7611,275.7933,18
2025-01-01,109,2025-01-01T00:00:00,2025-01-01 18:20:00,2025-01-01 18:30:00,2024-12-31,ATTACHMENT1-DECLARED-PRIOR,cvar_t0.90_r0.05_g0.00,Q2V2-SW2-REC5,A,A,B,2025-01-01T00:00:00,6000.0,6000.0,previous_confirmed_final_slot_and_issued_load_pv_forecast,4644.0206,0.0307,678.8305333333333,678.8305333333333,0.0,0.0,0.0,0.0,95.16778333333332,0.0,1200.0,1200.0,1.2447,1.2951,879.1534237199999,0.0,-0.0,616.2589809749999,879.1534237199999,1495.4124046949996,1,4255.9358,182.9526,18
2025-01-01,110,2025-01-01T00:00:00,2025-01-01 18:30:00,2025-01-01 18:40:00,2024-12-31,ATTACHMENT1-DECLARED-PRIOR,cvar_t0.90_r0.05_g0.00,Q2V2-SW2-REC5,A,A,B,2025-01-01T00:00:00,6000.0,6000.0,previous_confirmed_final_slot_and_issued_load_pv_forecast,4469.21,0.0,686.2684999999999,686.2684999999999,0.0,0.0,0.0,0.0,58.599833333333436,0.0,1200.0,1200.0,1.2545,1.2214,838.2083458999999,0.0,-0.0,357.8691821666673,838.2083458999999,1196.0775280666671,1,4225.9524,108.3414,18
2025-01-01,111,2025-01-01T00:00:00,2025-01-01 18:40:00,2025-01-01 18:50:00,2024-12-31,ATTACHMENT1-DECLARED-PRIOR,cvar_t0.90_r0.05_g0.00,Q2V2-SW2-REC5,A,A,B,2025-01-01T00:00:00,6000.0,6000.0,previous_confirmed_final_slot_and_issued_load_pv_forecast,4470.465,0.0,696.5043833333333,696.5043833333333,0.0,0.0,0.0,0.0,48.57311666666669,0.0,1200.0,1200.0,1.2522,1.2363,861.0883691149999,0.0,-0.0,300.25472067500016,861.0883691149999,1161.34308979,1,4233.3384,54.3121,18
2025-01-01,112,2025-01-01T00:00:00,2025-01-01 18:50:00,2025-01-01 19:00:00,2024-12-31,ATTACHMENT1-DECLARED-PRIOR,cvar_t0.90_r0.05_g0.00,Q2V2-SW2-REC5,A,A,B,2025-01-01T00:00:00,6000.0,6000.0,previous_confirmed_final_slot_and_issued_load_pv_forecast,4510.8756,0.0022,0.0,0.0,0.0,0.0,0.0,0.0,751.8122333333333,0.0,1200.0,1200.0,1.2881,1.3339,0.0,0.0,-0.0,5014.211690216667,0.0,5014.211690216667,1,4246.4625,18.6569,18
2025-01-01,113,2025-01-01T00:00:00,2025-01-01 19:00:00,2025-01-01 19:10:00,2024-12-31,ATTACHMENT1-DECLARED-PRIOR,cvar_t0.90_r0.05_g0.00,Q2V2-SW2-REC5,A,A,B,2025-01-01T00:00:00,6000.0,6000.0,previous_confirmed_final_slot_and_issued_load_pv_forecast,4486.17,0.0,0.0,0.0,0.0,0.0,0.0,0.0,747.6949999999999,0.0,1200.0,1200.0,1.3466,1.4613,0.0,0.0,-0.0,5463.033517499999,0.0,5463.033517499999,1,4239.1795,0.2753,18
2025-01-01,114,2025-01-01T00:00:00,2025-01-01 19:10:00,2025-01-01 19:20:00,2024-12-31,ATTACHMENT1-DECLARED-PRIOR,cvar_t0.90_r0.05_g0.00,Q2V2-SW2-REC5,A,A,B,2025-01-01T00:00:00,6000.0,6000.0,previous_confirmed_final_slot_and_issued_load_pv_forecast,4471.7293,0.0,0.0,0.0,0.0,0.0,0.0,0.0,745.2882166666666,0.0,1200.0,1200.0,1.3523,1.5521,0.0,0.0,-0.0,5783.809205441667,0.0,5783.809205441667,1,4244.6684,0.2296,18
2025-01-01,115,2025-01-01T00:00:00,2025-01-01 19:20:00,2025-01-01 19:30:00,2024-12-31,ATTACHMENT1-DECLARED-PRIOR,cvar_t0.90_r0.05_g0.00,Q2V2-SW2-REC5,A,A,B,2025-01-01T00:00:00,6000.0,6000.0,previous_confirmed_final_slot_and_issued_load_pv_forecast,4439.8235,0.0,0.0,0.0,0.0,0.0,0.0,0.0,739.9705833333334,0.0,1200.0,1200.0,1.3445,1.5622,0.0,0.0,-0.0,5779.910226416667,0.0,5779.910226416667,1,4251.9187,0.6007,18
2025-01-01,116,2025-01-01T00:00:00,2025-01-01 19:30:00,2025-01-01 19:40:00,2024-12-31,ATTACHMENT1-DECLARED-PRIOR,cvar_t0.90_r0.05_g0.00,Q2V2-SW2-REC5,A,A,B,2025-01-01T00:00:00,6000.0,6000.0,previous_confirmed_final_slot_and_issued_load_pv_forecast,4387.19,0.0,0.0,0.0,0.0,0.0,0.0,0.0,731.1983333333333,0.0,1200.0,1200.0,1.3483,1.5218,0.0,0.0,-0.0,5563.688118333333,0.0,5563.688118333333,1,4256.6813,0.0,18
2025-01-01,117,2025-01-01T00:00:00,2025-01-01 19:40:00,2025-01-01 19:50:00,2024-12-31,ATTACHMENT1-DECLARED-PRIOR,cvar_t0.90_r0.05_g0.00,Q2V2-SW2-REC5,A,A,B,2025-01-01T00:00:00,6000.0,6000.0,previous_confirmed_final_slot_and_issued_load_pv_forecast,4347.9765,0.0,0.0,0.0,0.0,0.0,0.0,0.0,724.66275,0.0,1200.0,1200.0,1.349,1.5047,0.0,0.0,-0.0,5452.000199624999,0.0,5452.000199624999,1,4267.3947,0.0,18
2025-01-01,118,2025-01-01T00:00:00,2025-01-01 19:50:00,2025-01-01 20:00:00,2024-12-31,ATTACHMENT1-DECLARED-PRIOR,cvar_t0.90_r0.05_g0.00,Q2V2-SW2-REC5,A,A,B,2025-01-01T00:00:00,6000.0,6000.0,previous_confirmed_final_slot_and_issued_load_pv_forecast,4300.6345,0.0,0.0,0.0,0.0,0.0,0.0,0.0,716.7724166666667,0.0,1200.0,1200.0,1.3473,1.4843,0.0,0.0,-0.0,5319.526490291667,0.0,5319.526490291667,1,4269.975,0.0,18
2025-01-01,119,2025-01-01T00:00:00,2025-01-01 20:00:00,2025-01-01 20:10:00,2024-12-31,ATTACHMENT1-DECLARED-PRIOR,cvar_t0.90_r0.05_g0.00,Q2V2-SW2-REC5,A,A,B,2025-01-01T00:00:00,6000.0,6000.0,previous_confirmed_final_slot_and_issued_load_pv_forecast,4315.99,0.0,0.0,0.0,0.0,0.0,0.0,0.0,719.3316666666666,0.0,1200.0,1200.0,1.3482,1.4695,0.0,0.0,-0.0,5285.289420833333,0.0,5285.289420833333,1,4268.6702,0.0,18
2025-01-01,120,2025-01-01T00:00:00,2025-01-01 20:10:00,2025-01-01 20:20:00,2024-12-31,ATTACHMENT1-DECLARED-PRIOR,cvar_t0.90_r0.05_g0.00,Q2V2-SW2-REC5,A,A,B,2025-01-01T00:00:00,6000.0,6000.0,previous_confirmed_final_slot_and_issued_load_pv_forecast,4483.2744,0.0,0.0,0.0,0.0,0.0,0.0,0.0,747.2124,0.0,1200.0,1200.0,1.3513,1.4993,0.0,0.0,-0.0,5601.4777566,0.0,5601.4777566,1,4282.2245,0.0,18
2025-01-01,121,2025-01-01T00:00:00,2025-01-01 20:20:00,2025-01-01 20:30:00,2024-12-31,ATTACHMENT1-DECLARED-PRIOR,cvar_t0.90_r0.05_g0.00,Q2V2-SW2-REC5,A,A,B,2025-01-01T00:00:00,6000.0,6000.0,previous_confirmed_final_slot_and_issued_load_pv_forecast,4551.706,0.0,0.0,0.0,0.0,0.0,0.0,0.0,758.6176666666667,0.0,1200.0,1200.0,1.34,1.4946,0.0,0.0,-0.0,5669.149823,0.0,5669.149823,1,4291.7049,0.0,18
2025-01-01,122,2025-01-01T00:00:00,2025-01-01 20:30:00,2025-01-01 20:40:00,2024-12-31,ATTACHMENT1-DECLARED-PRIOR,cvar_t0.90_r0.05_g0.00,Q2V2-SW2-REC5,A,A,B,2025-01-01T00:00:00,6000.0,6000.0,previous_confirmed_final_slot_and_issued_load_pv_forecast,4499.8,0.0,0.0,0.0,0.0,0.0,0.0,0.0,749.9666666666667,0.0,1200.0,1200.0,1.3489,1.5029,0.0,0.0,-0.0,5635.624516666667,0.0,5635.624516666667,1,4291.3611,0.0,18
2025-01-01,123,2025-01-01T00:00:00,2025-01-01 20:40:00,2025-01-01 20:50:00,2024-12-31,ATTACHMENT1-DECLARED-PRIOR,cvar_t0.90_r0.05_g0.00,Q2V2-SW2-REC5,A,A,B,2025-01-01T00:00:00,6000.0,6000.0,previous_confirmed_final_slot_and_issued_load_pv_forecast,4535.0935,0.0,0.0,0.0,0.0,0.0,0.0,0.0,755.8489166666666,0.0,1200.0,1200.0,1.3952,1.5993,0.0,0.0,-0.0,6044.1458621249985,0.0,6044.1458621249985,1,4293.9182,0.0,18
2025-01-01,124,2025-01-01T00:00:00,2025-01-01 20:50:00,2025-01-01 21:00:00,2024-12-31,ATTACHMENT1-DECLARED-PRIOR,cvar_t0.90_r0.05_g0.00,Q2V2-SW2-REC5,A,A,B,2025-01-01T00:00:00,6000.0,6000.0,previous_confirmed_final_slot_and_issued_load_pv_forecast,4528.916,0.0,715.8689166666666,715.8689166666666,0.0,0.0,0.0,0.0,38.9504166666668,0.0,1200.0,1200.0,1.2226,1.3716,981.8858060999999,0.0,-0.0,267.12195750000086,981.8858060999999,1249.0077636000008,1,4295.2135,0.0,18
2025-01-01,125,2025-01-01T00:00:00,2025-01-01 21:00:00,2025-01-01 21:10:00,2024-12-31,ATTACHMENT1-DECLARED-PRIOR,cvar_t0.90_r0.05_g0.00,Q2V2-SW2-REC5,A,A,B,2025-01-01T00:00:00,6000.0,6000.0,previous_confirmed_final_slot_and_issued_load_pv_forecast,4483.51,0.0,717.0051166666667,717.0051166666667,0.0,0.0,0.0,0.0,30.246549999999957,0.0,1200.0,1200.0,0.9332,0.9601,688.3966125116667,0.0,-0.0,145.19856327499977,688.3966125116667,833.5951757866665,1,4302.0307,0.0,18
2025-01-01,126,2025-01-01T00:00:00,2025-01-01 21:10:00,2025-01-01 21:20:00,2024-12-31,ATTACHMENT1-DECLARED-PRIOR,cvar_t0.90_r0.05_g0.00,Q2V2-SW2-REC5,A,A,B,2025-01-01T00:00:00,6000.0,6000.0,previous_confirmed_final_slot_and_issued_load_pv_forecast,4548.2302,0.0,720.1603,720.1603,0.0,0.0,0.0,0.0,37.878066666666655,0.0,1200.0,1200.0,0.9068,0.9485,683.07204455,0.0,-0.0,179.6367311666666,683.07204455,862.7087757166667,1,4320.9618,0.0,18
2025-01-01,127,2025-01-01T00:00:00,2025-01-01 21:20:00,2025-01-01 21:30:00,2024-12-31,ATTACHMENT1-DECLARED-PRIOR,cvar_t0.90_r0.05_g0.00,Q2V2-SW2-REC5,A,A,B,2025-01-01T00:00:00,6000.0,6000.0,previous_confirmed_final_slot_and_issued_load_pv_forecast,4595.6841,0.0,717.0548666666666,717.0548666666666,0.0,0.0,0.0,0.0,48.892483333333416,0.0,1200.0,1200.0,0.9371,1.0064,721.6440178133332,0.0,-0.0,246.02697613333376,721.6440178133332,967.670993946667,1,4302.3292,0.0,18
2025-01-01,128,2025-01-01T00:00:00,2025-01-01 21:30:00,2025-01-01 21:40:00,2024-12-31,ATTACHMENT1-DECLARED-PRIOR,cvar_t0.90_r0.05_g0.00,Q2V2-SW2-REC5,A,A,B,2025-01-01T00:00:00,6000.0,6000.0,previous_confirmed_final_slot_and_issued_load_pv_forecast,4620.9,0.0,720.4459666666667,720.4459666666667,0.0,0.0,0.0,0.0,49.7040333333332,0.0,1200.0,1200.0,0.9371,0.9622,693.2131091266667,0.0,-0.0,239.12610436666603,693.2131091266667,932.3392134933327,1,4322.6758,0.0,18
2025-01-01,129,2025-01-01T00:00:00,2025-01-01 21:40:00,2025-01-01 21:50:00,2024-12-31,ATTACHMENT1-DECLARED-PRIOR,cvar_t0.90_r0.05_g0.00,Q2V2-SW2-REC5,A,A,B,2025-01-01T00:00:00,6000.0,6000.0,previous_confirmed_final_slot_and_issued_load_pv_forecast,4653.7148,0.0,738.1347166666666,738.1347166666666,0.0,0.0,0.0,0.0,37.484416666666675,0.0,1200.0,1200.0,0.9871,0.947,699.0135766833332,0.0,-0.0,177.48871291666669,699.0135766833332,876.5022895999999,1,4428.8083,0.0,18
2025-01-01,130,2025-01-01T00:00:00,2025-01-01 21:50:00,2025-01-01 22:00:00,2024-12-31,ATTACHMENT1-DECLARED-PRIOR,cvar_t0.90_r0.05_g0.00,Q2V2-SW2-REC5,A,A,B,2025-01-01T00:00:00,6000.0,6000.0,previous_confirmed_final_slot_and_issued_load_pv_forecast,4131.9845,0.0,671.6935666666666,671.6935666666666,0.0,0.0,0.0,0.0,16.97051666666664,0.0,1200.0,1200.0,0.7764,0.7428,498.93398131999993,0.0,-0.0,63.0284988999999,498.93398131999993,561.9624802199999,1,4030.1614,0.0,18
2025-01-01,131,2025-01-01T00:00:00,2025-01-01 22:00:00,2025-01-01 22:10:00,2024-12-31,ATTACHMENT1-DECLARED-PRIOR,cvar_t0.90_r0.05_g0.00,Q2V2-SW2-REC5,A,A,B,2025-01-01T00:00:00,6000.0,6000.0,previous_confirmed_final_slot_and_issued_load_pv_forecast,3363.0,0.0,1393.7903166666665,1393.7903166666665,0.0,0.0,833.2903166666665,0.0,0.0,0.0,1200.0,1949.9612849999999,0.4209,0.4482,624.69681993,0.0,-0.0,0.0,624.69681993,624.69681993,1,3362.7419,0.0,18
2025-01-01,132,2025-01-01T00:00:00,2025-01-01 22:10:00,2025-01-01 22:20:00,2024-12-31,ATTACHMENT1-DECLARED-PRIOR,cvar_t0.90_r0.05_g0.00,Q2V2-SW2-REC5,A,A,B,2025-01-01T00:00:00,6000.0,6000.0,previous_confirmed_final_slot_and_issued_load_pv_forecast,3305.7588,0.0,1384.8989,1384.8989,0.0,0.0,833.3333333333334,0.0,0.0,0.6057666666665682,1949.9612849999999,2699.961285,0.3859,0.4243,587.61260327,0.0,-0.0,0.0,587.61260327,587.61260327,1,3309.3934,0.0,18
2025-01-01,133,2025-01-01T00:00:00,2025-01-01 22:20:00,2025-01-01 22:30:00,2024-12-31,ATTACHMENT1-DECLARED-PRIOR,cvar_t0.90_r0.05_g0.00,Q2V2-SW2-REC5,A,A,B,2025-01-01T00:00:00,6000.0,6000.0,previous_confirmed_final_slot_and_issued_load_pv_forecast,3470.932,0.0,568.8260499999999,568.8260499999999,0.0,0.0,0.0,9.662616666666736,0.0,0.0,2699.961285,2689.225044259259,0.4368,0.4595,261.37556997499996,0.0,-0.0,0.0,261.37556997499996,261.37556997499996,1,3412.9563,0.0,18
2025-01-01,134,2025-01-01T00:00:00,2025-01-01 22:30:00,2025-01-01 22:40:00,2024-12-31,ATTACHMENT1-DECLARED-PRIOR,cvar_t0.90_r0.05_g0.00,Q2V2-SW2-REC5,A,A,B,2025-01-01T00:00:00,6000.0,6000.0,previous_confirmed_final_slot_and_issued_load_pv_forecast,3521.37,0.0,1396.98855,1396.98855,0.0,0.0,810.09355,0.0,0.0,0.0,2689.225044259259,3418.309239259259,0.4198,0.4384,612.4397803200001,0.0,-0.0,0.0,612.4397803200001,612.4397803200001,1,3381.9313,0.0,18
2025-01-01,135,2025-01-01T00:00:00,2025-01-01 22:40:00,2025-01-01 22:50:00,2024-12-31,ATTACHMENT1-DECLARED-PRIOR,cvar_t0.90_r0.05_g0.00,Q2V2-SW2-REC5,A,A,B,2025-01-01T00:00:00,6000.0,6000.0,previous_confirmed_final_slot_and_issued_load_pv_forecast,3561.5279,0.0,1397.7598666666665,1397.7598666666665,0.0,0.0,804.1718833333332,0.0,0.0,0.0,3418.309239259259,4142.0639342592585,0.4186,0.4506,629.83059592,0.0,-0.0,0.0,629.83059592,629.83059592,1,3386.5592,0.0,18
2025-01-01,136,2025-01-01T00:00:00,2025-01-01 22:50:00,2025-01-01 23:00:00,2024-12-31,ATTACHMENT1-DECLARED-PRIOR,cvar_t0.90_r0.05_g0.00,Q2V2-SW2-REC5,A,A,B,2025-01-01T00:00:00,6000.0,6000.0,previous_confirmed_final_slot_and_issued_load_pv_forecast,3386.068,0.0,566.7474333333332,566.7474333333332,0.0,0.0,2.4027666666665937,0.0,0.0,0.0,4142.0639342592585,4144.226424259258,0.4241,0.4362,247.21523041999993,0.0,-0.0,0.0,247.21523041999993,247.21523041999993,1,3400.4846,0.0,18
2025-01-01,137,2025-01-01T00:00:00,2025-01-01 23:00:00,2025-01-01 23:10:00,2024-12-31,ATTACHMENT1-DECLARED-PRIOR,cvar_t0.90_r0.05_g0.00,Q2V2-SW2-REC5,A,A,B,2025-01-01T00:00:00,6000.0,6000.0,previous_confirmed_final_slot_and_issued_load_pv_forecast,3289.99,0.0,566.5404333333333,566.5404333333333,0.0,0.0,18.208766666666747,0.0,0.0,0.0,4144.226424259258,4160.614314259258,0.4237,0.4111,232.90477214333336,0.0,-0.0,0.0,232.90477214333336,232.90477214333336,1,3399.2426,0.0,18
2025-01-01,138,2025-01-01T00:00:00,2025-01-01 23:10:00,2025-01-01 23:20:00,2024-12-31,ATTACHMENT1-DECLARED-PRIOR,cvar_t0.90_r0.05_g0.00,Q2V2-SW2-REC5,A,A,B,2025-01-01T00:00:00,6000.0,6000.0,previous_confirmed_final_slot_and_issued_load_pv_forecast,3774.2552,0.0,567.83015,567.83015,0.0,0.0,0.0,61.212383333333264,0.0,0.0,4160.614314259258,4092.600554999999,0.4248,0.459,260.63403885,0.0,-0.0,0.0,260.63403885,260.63403885,1,3406.9809,0.0,18
2025-01-01,139,2025-01-01T00:00:00,2025-01-01 23:20:00,2025-01-01 23:30:00,2024-12-31,ATTACHMENT1-DECLARED-PRIOR,cvar_t0.90_r0.05_g0.00,Q2V2-SW2-REC5,A,A,B,2025-01-01T00:00:00,6000.0,6000.0,previous_confirmed_final_slot_and_issued_load_pv_forecast,3883.62,0.0,569.3586333333333,569.3586333333333,0.0,0.0,0.0,77.91136666666671,0.0,0.0,4092.600554999999,4006.032369814814,0.424,0.4759,270.9577736033333,0.0,-0.0,0.0,270.9577736033333,270.9577736033333,1,3416.1518,0.0,18
2025-01-01,140,2025-01-01T00:00:00,2025-01-01 23:30:00,2025-01-01 23:40:00,2024-12-31,ATTACHMENT1-DECLARED-PRIOR,cvar_t0.90_r0.05_g0.00,Q2V2-SW2-REC5,A,A,B,2025-01-01T00:00:00,6000.0,6000.0,previous_confirmed_final_slot_and_issued_load_pv_forecast,3525.14,0.0,570.3301833333333,570.3301833333333,0.0,0.0,0.0,17.19315000000006,0.0,0.0,4006.032369814814,3986.928869814814,0.422,0.4314,246.04044108999997,0.0,-0.0,0.0,246.04044108999997,246.04044108999997,1,3421.9811,0.0,18
2025-01-01,141,2025-01-01T00:00:00,2025-01-01 23:40:00,2025-01-01 23:50:00,2024-12-31,ATTACHMENT1-DECLARED-PRIOR,cvar_t0.90_r0.05_g0.00,Q2V2-SW2-REC5,A,A,B,2025-01-01T00:00:00,6000.0,6000.0,previous_confirmed_final_slot_and_issued_load_pv_forecast,3553.5909,0.0,571.6153833333333,571.6153833333333,0.0,0.0,0.0,20.649766666666665,0.0,0.0,3986.928869814814,3963.9846846296286,0.424,0.4038,230.81829179,0.0,-0.0,0.0,230.81829179,230.81829179,1,3429.6923,0.0,18
2025-01-01,142,2025-01-01T00:00:00,2025-01-01 23:50:00,2025-01-02 00:00:00,2024-12-31,ATTACHMENT1-DECLARED-PRIOR,cvar_t0.90_r0.05_g0.00,Q2V2-SW2-REC5,A,A,B,2025-01-01T00:00:00,6000.0,6000.0,previous_confirmed_final_slot_and_issued_load_pv_forecast,3697.1141,0.0,573.1768333333333,573.1768333333333,0.0,0.0,0.0,43.00884999999994,0.0,0.0,3963.9846846296286,3916.1970735185178,0.4271,0.4179,239.53059865,0.0,-0.0,0.0,239.53059865,239.53059865,1,3439.061,0.0,18
2025-01-01,143,2025-01-01T00:00:00,2025-01-02 00:00:00,2025-01-02 00:10:00,2024-12-31,ATTACHMENT1-DECLARED-PRIOR,cvar_t0.90_r0.05_g0.00,Q2V2-SW2-REC5,A,A,B,2025-01-01T00:00:00,6000.0,6000.0,previous_confirmed_final_slot_and_issued_load_pv_forecast,3696.7,0.0,574.1209833333332,574.1209833333332,0.0,0.0,0.0,41.99568333333332,0.0,0.0,3916.1970735185178,3869.5352031481475,0.4276,0.4284,245.95342925999995,0.0,-0.0,0.0,245.95342925999995,245.95342925999995,1,3444.7259,0.0,18
2025-01-02,0,2025-01-02T00:00:00,2025-01-02 00:10:00,2025-01-02 00:20:00,2024-12-31,ATTACHMENT1-DECLARED-PRIOR,cvar_t0.90_r0.05_g0.00,Q2V2-SW2-REC5,A,A,B,2025-01-02T00:00:00,3783.278582777777,3869.5352031481475,previous_confirmed_final_slot_and_issued_load_pv_forecast,3622.5509,0.0,1406.6410999999998,1406.6410999999998,0.0,0.0,802.8826166666665,0.0,0.0,0.0,3869.5352031481475,4592.129558148147,0.4248,0.3809,535.78959499,0.0,-0.0,0.0,535.78959499,535.78959499,0,3439.8466,0.0,0
2025-01-02,1,2025-01-02T00:00:00,2025-01-02 00:20:00,2025-01-02 00:30:00,2024-12-31,ATTACHMENT1-DECLARED-PRIOR,cvar_t0.90_r0.05_g0.00,Q2V2-SW2-REC5,A,A,B,2025-01-02T00:00:00,3783.278582777777,3869.5352031481475,previous_confirmed_final_slot_and_issued_load_pv_forecast,3622.7611,0.0,1406.3298666666665,1406.3298666666665,0.0,0.0,802.5363499999999,0.0,0.0,0.0,4592.129558148147,5314.4122731481475,0.4245,0.3964,557.4691591466666,0.0,-0.0,0.0,557.4691591466666,557.4691591466666,0,3437.9792,0.0,0
2025-01-02,2,2025-01-02T00:00:00,2025-01-02 00:30:00,2025-01-02 00:40:00,2024-12-31,ATTACHMENT1-DECLARED-PRIOR,cvar_t0.90_r0.05_g0.00,Q2V2-SW2-REC5,A,A,B,2025-01-02T00:00:00,3783.278582777777,3869.5352031481475,previous_confirmed_final_slot_and_issued_load_pv_forecast,3708.23,0.0,1407.38385,1407.38385,0.0,0.0,789.3455166666666,0.0,0.0,0.0,5314.4122731481475,6024.8232381481475,0.4269,0.4654,654.99644379,0.0,-0.0,0.0,654.99644379,654.99644379,0,3444.3031,0.0,0
2025-01-02,3,2025-01-02T00:00:00,2025-01-02 00:40:00,2025-01-02 00:50:00,2024-12-31,ATTACHMENT1-DECLARED-PRIOR,cvar_t0.90_r0.05_g0.00,Q2V2-SW2-REC5,A,A,B,2025-01-02T00:00:00,3783.278582777777,3869.5352031481475,previous_confirmed_final_slot_and_issued_load_pv_forecast,3750.5226,0.0,1409.07395,1409.07395,0.0,0.0,783.98685,0.0,0.0,0.0,6024.8232381481475,6730.411403148148,0.4272,0.4542,640.00138809,0.0,-0.0,0.0,640.00138809,640.00138809,0,3454.4437,0.0,0
2025-01-02,4,2025-01-02T00:00:00,2025-01-02 00:50:00,2025-01-02 01:00:00,2024-12-31,ATTACHMENT1-DECLARED-PRIOR,cvar_t0.90_r0.05_g0.00,Q2V2-SW2-REC5,A,A,B,2025-01-02T00:00:00,3783.278582777777,3869.5352031481475,previous_confirmed_final_slot_and_issued_load_pv_forecast,3684.9038,0.0,1409.8045499999998,1409.8045499999998,0.0,0.0,795.6539166666665,0.0,0.0,0.0,6730.411403148148,7446.499928148148,0.4271,0.4299,606.074976045,0.0,-0.0,0.0,606.074976045,606.074976045,0,3458.8273,0.0,0
2025-01-02,5,2025-01-02T00:00:00,2025-01-02 01:00:00,2025-01-02 01:10:00,2024-12-31,ATTACHMENT1-DECLARED-PRIOR,cvar_t0.90_r0.05_g0.00,Q2V2-SW2-REC5,A,A,B,2025-01-02T00:00:00,3783.278582777777,3869.5352031481475,previous_confirmed_final_slot_and_issued_load_pv_forecast,3644.14,0.0,1409.9733499999998,1409.9733499999998,0.0,0.0,802.6166833333332,0.0,0.0,0.0,7446.499928148148,8168.854943148148,0.4285,0.4477,631.2450687949998,0.0,-0.0,0.0,631.2450687949998,631.2450687949998,0,3459.8401,0.0,0
2025-01-02,6,2025-01-02T00:00:00,2025-01-02 01:10:00,2025-01-02 01:20:00,2024-12-31,ATTACHMENT1-DECLARED-PRIOR,cvar_t0.90_r0.05_g0.00,Q2V2-SW2-REC5,A,A,B,2025-01-02T00:00:00,3783.278582777777,3869.5352031481475,previous_confirmed_final_slot_and_issued_load_pv_forecast,3809.298,0.0,577.8597,577.8597,0.0,0.0,0.0,57.02329999999995,0.0,0.0,8168.854943148148,8105.4957209259255,0.4311,0.4859,280.78202823,0.0,-0.0,0.0,280.78202823,280.78202823,0,3467.1582,0.0,0
2025-01-02,7,2025-01-02T00:00:00,2025-01-02 01:20:00,2025-01-02 01:30:00,2024-12-31,ATTACHMENT1-DECLARED-PRIOR,cvar_t0.90_r0.05_g0.00,Q2V2-SW2-REC5,A,A,B,2025-01-02T00:00:00,3783.278582777777,3869.5352031481475,previous_confirmed_final_slot_and_issued_load_pv_forecast,3855.1226,0.0,577.9938666666667,577.9938666666667,0.0,0.0,0.0,64.52656666666667,0.0,0.0,8105.4957209259255,8033.79953574074,0.4302,0.4752,274.66268544,0.0,-0.0,0.0,274.66268544,274.66268544,0,3467.9632,0.0,0
2025-01-02,8,2025-01-02T00:00:00,2025-01-02 01:30:00,2025-01-02 01:40:00,2024-12-31,ATTACHMENT1-DECLARED-PRIOR,cvar_t0.90_r0.05_g0.00,Q2V2-SW2-REC5,A,A,B,2025-01-02T00:00:00,3783.278582777777,3869.5352031481475,previous_confirmed_final_slot_and_issued_load_pv_forecast,3783.78,0.0,1411.161383333333,1411.161383333333,0.0,0.0,780.5313833333331,0.0,0.0,0.0,8033.79953574074,8736.27778074074,0.4279,0.4348,613.5729694733333,0.0,-0.0,0.0,613.5729694733333,613.5729694733333,0,3466.9683,0.0,0
2025-01-02,9,2025-01-02T00:00:00,2025-01-02 01:40:00,2025-01-02 01:50:00,2024-12-31,ATTACHMENT1-DECLARED-PRIOR,cvar_t0.90_r0.05_g0.00,Q2V2-SW2-REC5,A,A,B,2025-01-02T00:00:00,3783.278582777777,3869.5352031481475,previous_confirmed_final_slot_and_issued_load_pv_forecast,3907.3849,0.0,580.41545,580.41545,0.0,0.0,0.0,70.8153666666667,0.0,0.0,8736.27778074074,8657.59404,0.4312,0.4513,261.941492585,0.0,-0.0,0.0,261.941492585,261.941492585,0,3482.4927,0.0,0
2025-01-02,10,2025-01-02T00:00:00,2025-01-02 01:50:00,2025-01-02 02:00:00,2024-12-31,ATTACHMENT1-DECLARED-PRIOR,cvar_t0.90_r0.05_g0.00,Q2V2-SW2-REC5,A,A,B,2025-01-02T00:00:00,3783.278582777777,3869.5352031481475,previous_confirmed_final_slot_and_issued_load_pv_forecast,3968.2398,0.0,582.5140166666666,582.5140166666666,0.0,0.0,0.0,78.85928333333334,0.0,0.0,8657.59404,8569.972614074073,0.4333,0.4853,282.6940522883333,0.0,-0.0,0.0,282.6940522883333,282.6940522883333,0,3495.0841,0.0,0
2025-01-02,11,2025-01-02T00:00:00,2025-01-02 02:00:00,2025-01-02 02:10:00,2024-12-31,ATTACHMENT1-DECLARED-PRIOR,cvar_t0.90_r0.05_g0.00,Q2V2-SW2-REC5,A,A,B,2025-01-02T00:00:00,3783.278582777777,3869.5352031481475,previous_confirmed_final_slot_and_issued_load_pv_forecast,3886.77,0.0,583.0740499999999,583.0740499999999,0.0,0.0,0.0,64.72095000000002,0.0,0.0,8569.972614074073,8498.060447407406,0.4311,0.4864,283.60721792,0.0,-0.0,0.0,283.60721792,283.60721792,0,3498.4443,0.0,0
2025-01-02,12,2025-01-02T00:00:00,2025-01-02 02:10:00,2025-01-02 02:20:00,2024-12-31,ATTACHMENT1-DECLARED-PRIOR,cvar_t0.90_r0.05_g0.00,Q2V2-SW2-REC5,A,A,B,2025-01-02T00:00:00,3783.278582777777,3869.5352031481475,previous_confirmed_final_slot_and_issued_load_pv_forecast,3865.3901,0.0,1417.5382499999998,1417.5382499999998,0.0,0.0,773.3065666666665,0.0,0.0,0.0,8498.060447407406,9194.036357407405,0.4293,0.4444,629.9539983,0.0,-0.0,0.0,629.9539983,629.9539983,0,3505.2295,0.0,0
2025-01-02,13,2025-01-02T00:00:00,2025-01-02 02:20:00,2025-01-02 02:30:00,2024-12-31,ATTACHMENT1-DECLARED-PRIOR,cvar_t0.90_r0.05_g0.00,Q2V2-SW2-REC5,A,A,B,2025-01-02T00:00:00,3783.278582777777,3869.5352031481475,previous_confirmed_final_slot_and_issued_load_pv_forecast,3931.6861,0.0,585.4397833333333,585.4397833333333,0.0,0.0,0.0,69.84123333333332,0.0,0.0,9194.036357407405,9116.434987037035,0.4324,0.4217,246.87995663166663,0.0,-0.0,0.0,246.87995663166663,246.87995663166663,0,3512.6387,0.0,0
2025-01-02,14,2025-01-02T00:00:00,2025-01-02 02:30:00,2025-01-02 02:40:00,2024-12-31,ATTACHMENT1-DECLARED-PRIOR,cvar_t0.90_r0.05_g0.00,Q2V2-SW2-REC5,A,A,B,2025-01-02T00:00:00,3783.278582777777,3869.5352031481475,previous_confirmed_final_slot_and_issued_load_pv_forecast,4055.98,0.0,586.1447499999999,586.1447499999999,0.0,0.0,0.0,89.85191666666674,0.0,0.0,9116.434987037035,9016.599524074072,0.4367,0.4443,260.424112425,0.0,-0.0,0.0,260.424112425,260.424112425,0,3516.8685,0.0,0
2025-01-02,15,2025-01-02T00:00:00,2025-01-02 02:40:00,2025-01-02 02:50:00,2024-12-31,ATTACHMENT1-DECLARED-PRIOR,cvar_t0.90_r0.05_g0.00,Q2V2-SW2-REC5,A,A,B,2025-01-02T00:00:00,3783.278582777777,3869.5352031481475,previous_confirmed_final_slot_and_issued_load_pv_forecast,4164.982,0.0,586.3207666666666,586.3207666666666,0.0,0.0,0.0,107.84289999999999,0.0,0.0,9016.599524074072,8896.774079629628,0.4348,0.4757,278.9127887033333,0.0,-0.0,0.0,278.9127887033333,278.9127887033333,0,3517.9246,0.0,0
2025-01-02,16,2025-01-02T00:00:00,2025-01-02 02:50:00,2025-01-02 03:00:00,2024-12-31,ATTACHMENT1-DECLARED-PRIOR,cvar_t0.90_r0.05_g0.00,Q2V2-SW2-REC5,A,A,B,2025-01-02T00:00:00,3783.278582777777,3869.5352031481475,previous_confirmed_final_slot_and_issued_load_pv_forecast,4067.4326,0.0,586.4253,586.4253,0.0,0.0,0.0,91.48013333333336,0.0,0.0,8896.774079629628,8795.129487037035,0.4335,0.4517,264.88830801,0.0,-0.0,0.0,264.88830801,264.88830801,0,3518.5518,0.0,0
2025-01-02,17,2025-01-02T00:00:00,2025-01-02 03:00:00,2025-01-02 03:10:00,2024-12-31,ATTACHMENT1-DECLARED-PRIOR,cvar_t0.90_r0.05_g0.00,Q2V2-SW2-REC5,A,A,B,2025-01-02T00:00:00,3783.278582777777,3869.5352031481475,previous_confirmed_final_slot_and_issued_load_pv_forecast,3919.44,0.0,586.8496,586.8496,0.0,0.0,0.0,66.3904,0.0,0.0,8795.129487037035,8721.362375925924,0.4357,0.4249,249.35239504,0.0,-0.0,0.0,249.35239504,249.35239504,0,3521.0976,0.0,0
2025-01-02,18,2025-01-02T00:00:00,2025-01-02 03:10:00,2025-01-02 03:20:00,2024-12-31,ATTACHMENT1-DECLARED-PRIOR,cvar_t0.90_r0.05_g0.00,Q2V2-SW2-REC5,A,A,B,2025-01-02T00:00:00,3783.278582777777,3869.5352031481475,previous_confirmed_final_slot_and_issued_load_pv_forecast,4068.323,0.0,587.8210166666667,587.8210166666667,0.0,0.0,0.0,90.23281666666662,0.0,0.0,8721.362375925924,8621.10369074074,0.4374,0.5053,297.02595972166665,0.0,-0.0,0.0,297.02595972166665,297.02595972166665,0,3526.9261,0.0,0
2025-01-02,19,2025-01-02T00:00:00,2025-01-02 03:20:00,2025-01-02 03:30:00,2024-12-31,ATTACHMENT1-DECLARED-PRIOR,cvar_t0.90_r0.05_g0.00,Q2V2-SW2-REC5,A,A,B,2025-01-02T00:00:00,3783.278582777777,3869.5352031481475,previous_confirmed_final_slot_and_issued_load_pv_forecast,4140.4792,0.0,589.5475666666666,589.5475666666666,0.0,0.0,0.0,100.53229999999996,0.0,0.0,8621.10369074074,8509.401135185184,0.4371,0.5471,322.54147372333335,0.0,-0.0,0.0,322.54147372333335,322.54147372333335,0,3537.2854,0.0,0
2025-01-02,20,2025-01-02T00:00:00,2025-01-02 03:30:00,2025-01-02 03:40:00,2024-12-31,ATTACHMENT1-DECLARED-PRIOR,cvar_t0.90_r0.05_g0.00,Q2V2-SW2-REC5,A,A,B,2025-01-02T00:00:00,3783.278582777777,3869.5352031481475,previous_confirmed_final_slot_and_issued_load_pv_forecast,4061.12,0.0,590.8134666666666,590.8134666666666,0.0,0.0,0.0,86.03986666666663,0.0,0.0,8509.401135185184,8413.801283333332,0.4356,0.5103,301.49211203999994,0.0,-0.0,0.0,301.49211203999994,301.49211203999994,0,3544.8808,0.0,0
2025-01-02,21,2025-01-02T00:00:00,2025-01-02 03:40:00,2025-01-02 03:50:00,2024-12-31,ATTACHMENT1-DECLARED-PRIOR,cvar_t0.90_r0.05_g0.00,Q2V2-SW2-REC5,A,A,B,2025-01-02T00:00:00,3783.278582777777,3869.5352031481475,previous_confirmed_final_slot_and_issued_load_pv_forecast,4138.7041,0.0,590.2131166666666,590.2131166666666,0.0,0.0,0.0,99.57090000000005,0.0,0.0,8413.801283333332,8303.166949999999,0.4353,0.5009,295.6377501383333,0.0,-0.0,0.0,295.6377501383333,295.6377501383333,0,3541.2787,0.0,0
2025-01-02,22,2025-01-02T00:00:00,2025-01-02 03:50:00,2025-01-02 04:00:00,2024-12-31,ATTACHMENT1-DECLARED-PRIOR,cvar_t0.90_r0.05_g0.00,Q2V2-SW2-REC5,A,A,B,2025-01-02T00:00:00,3783.278582777777,3869.5352031481475,previous_confirmed_final_slot_and_issued_load_pv_forecast,4283.3011,0.0,591.0662666666666,591.0662666666666,0.0,0.0,0.0,122.81724999999994,0.0,0.0,8303.166949999999,8166.703338888888,0.436,0.5244,309.95515023999997,0.0,-0.0,0.0,309.95515023999997,309.95515023999997,0,3546.3976,0.0,0
2025-01-02,23,2025-01-02T00:00:00,2025-01-02 04:00:00,2025-01-02 04:10:00,2024-12-31,ATTACHMENT1-DECLARED-PRIOR,cvar_t0.90_r0.05_g0.00,Q2V2-SW2-REC5,A,A,B,2025-01-02T00:00:00,3783.278582777777,3869.5352031481475,previous_confirmed_final_slot_and_issued_load_pv_forecast,4330.98,0.0,593.3678333333332,593.3678333333332,0.0,0.0,0.0,128.4621666666667,0.0,0.0,8166.703338888888,8023.967598148147,0.4378,0.548,325.16557266666666,0.0,-0.0,0.0,325.16557266666666,325.16557266666666,0,3560.207,0.0,0
2025-01-02,24,2025-01-02T00:00:00,2025-01-02 04:10:00,2025-01-02 04:20:00,2024-12-31,ATTACHMENT1-DECLARED-PRIOR,cvar_t0.90_r0.05_g0.00,Q2V2-SW2-REC5,A,A,B,2025-01-02T00:00:00,3783.278582777777,3869.5352031481475,previous_confirmed_final_slot_and_issued_load_pv_forecast,4225.1585,0.0,593.6596833333333,593.6596833333333,0.0,0.0,0.0,110.53339999999992,0.0,0.0,8023.967598148147,7901.152709259258,0.4401,0.5374,319.0327138233333,0.0,-0.0,0.0,319.0327138233333,319.0327138233333,0,3561.9581,0.0,0
2025-01-02,25,2025-01-02T00:00:00,2025-01-02 04:20:00,2025-01-02 04:30:00,2024-12-31,ATTACHMENT1-DECLARED-PRIOR,cvar_t0.90_r0.05_g0.00,Q2V2-SW2-REC5,A,A,B,2025-01-02T00:00:00,3783.278582777777,3869.5352031481475,previous_confirmed_final_slot_and_issued_load_pv_forecast,4201.989,0.0,592.7863833333333,592.7863833333333,0.0,0.0,0.0,107.54511666666656,0.0,0.0,7901.152709259258,7781.658135185184,0.4389,0.4983,295.385454815,0.0,-0.0,0.0,295.385454815,295.385454815,0,3556.7183,0.0,0
2025-01-02,26,2025-01-02T00:00:00,2025-01-02 04:30:00,2025-01-02 04:40:00,2024-12-31,ATTACHMENT1-DECLARED-PRIOR,cvar_t0.90_r0.05_g0.00,Q2V2-SW2-REC5,A,A,B,2025-01-02T00:00:00,3783.278582777777,3869.5352031481475,previous_confirmed_final_slot_and_issued_load_pv_forecast,4273.9,0.0,593.3378666666666,593.3378666666666,0.0,0.0,0.0,118.97879999999998,0.0,0.0,7781.658135185184,7649.4594685185175,0.4364,0.4835,286.8788585333333,0.0,-0.0,0.0,286.8788585333333,286.8788585333333,0,3560.0272,0.0,0
2025-01-02,27,2025-01-02T00:00:00,2025-01-02 04:40:00,2025-01-02 04:50:00,2024-12-31,ATTACHMENT1-DECLARED-PRIOR,cvar_t0.90_r0.05_g0.00,Q2V2-SW2-REC5,A,A,B,2025-01-02T00:00:00,3783.278582777777,3869.5352031481475,previous_confirmed_final_slot_and_issued_load_pv_forecast,4219.0352,0.0,596.6757666666666,596.6757666666666,0.0,0.0,0.0,106.49676666666676,0.0,0.0,7649.4594685185175,7531.129727777777,0.4393,0.539,321.60823823333334,0.0,-0.0,0.0,321.60823823333334,321.60823823333334,0,3580.654,0.5994,0
2025-01-02,28,2025-01-02T00:00:00,2025-01-02 04:50:00,2025-01-02 05:00:00,2024-12-31,ATTACHMENT1-DECLARED-PRIOR,cvar_t0.90_r0.05_g0.00,Q2V2-SW2-REC5,A,A,B,2025-01-02T00:00:00,3783.278582777777,3869.5352031481475,previous_confirmed_final_slot_and_issued_load_pv_forecast,4069.3885,0.0,597.78025,597.78025,0.0,0.0,0.0,80.45116666666661,0.0,0.0,7531.129727777777,7441.7395425925915,0.4422,0.5404,323.0404471,0.0,-0.0,0.0,323.0404471,323.0404471,0,3586.916,0.2345,0
2025-01-02,29,2025-01-02T00:00:00,2025-01-02 05:00:00,2025-01-02 05:10:00,2024-12-31,ATTACHMENT1-DECLARED-PRIOR,cvar_t0.90_r0.05_g0.00,Q2V2-SW2-REC5,A,A,B,2025-01-02T00:00:00,3783.278582777777,3869.5352031481475,previous_confirmed_final_slot_and_issued_load_pv_forecast,4030.95,0.0,595.1624999999999,595.1624999999999,0.0,0.0,0.0,76.66250000000002,0.0,0.0,7441.7395425925915,7356.558987037036,0.4395,0.4883,290.61784874999995,0.0,-0.0,0.0,290.61784874999995,290.61784874999995,0,3571.2635,0.2885,0
2025-01-02,30,2025-01-02T00:00:00,2025-01-02 05:10:00,2025-01-02 05:20:00,2024-12-31,ATTACHMENT1-DECLARED-PRIOR,cvar_t0.90_r0.05_g0.00,Q2V2-SW2-REC5,A,A,B,2025-01-02T00:00:00,3783.278582777777,3869.5352031481475,previous_confirmed_final_slot_and_issued_load_pv_forecast,4262.9553,0.0022,590.6065,590.6065,0.0,0.0,0.0,119.8856833333333,0.0,0.0,7356.558987037036,7223.352672222221,0.4333,0.5077,299.85092005,0.0,-0.0,0.0,299.85092005,299.85092005,0,3562.3171,18.6781,0
2025-01-02,31,2025-01-02T00:00:00,2025-01-02 05:20:00,2025-01-02 05:30:00,2024-12-31,ATTACHMENT1-DECLARED-PRIOR,cvar_t0.90_r0.05_g0.00,Q2V2-SW2-REC5,A,A,B,2025-01-02T00:00:00,3783.278582777777,3869.5352031481475,previous_confirmed_final_slot_and_issued_load_pv_forecast,4330.5086,0.0,589.4851833333333,589.4851833333333,0.0,0.0,0.0,132.26625,0.0,0.0,7223.352672222221,7076.390172222222,0.4439,0.5513,324.9831815716667,0.0,-0.0,0.0,324.9831815716667,324.9831815716667,0,3591.3809,54.4698,0
2025-01-02,32,2025-01-02T00:00:00,2025-01-02 05:30:00,2025-01-02 05:40:00,2024-12-31,ATTACHMENT1-DECLARED-PRIOR,cvar_t0.90_r0.05_g0.00,Q2V2-SW2-REC5,A,A,B,2025-01-02T00:00:00,3783.278582777777,3869.5352031481475,previous_confirmed_final_slot_and_issued_load_pv_forecast,4149.13,0.0,874.8125802469143,874.8125802469143,0.0,0.0,183.29091358024766,0.0,0.0,0.0,7076.390172222222,7241.351994444444,0.4301,0.528,461.90104237037076,0.0,-0.0,0.0,461.90104237037076,461.90104237037076,0,3579.7045,108.9718,0
2025-01-02,33,2025-01-02T00:00:00,2025-01-02 05:40:00,2025-01-02 05:50:00,2024-12-31,ATTACHMENT1-DECLARED-PRIOR,cvar_t0.90_r0.05_g0.00,Q2V2-SW2-REC5,A,A,B,2025-01-02T00:00:00,3783.278582777777,3869.5352031481475,previous_confirmed_final_slot_and_issued_load_pv_forecast,4130.3346,0.0307,1383.659783333333,1383.659783333333,0.0,0.0,695.2757999999998,0.0,0.0,0.0,7241.351994444444,7867.100214444444,0.3713,0.4409,610.0555984716666,0.0,-0.0,0.0,610.0555984716666,610.0555984716666,0,3486.119,184.1603,0
2025-01-02,34,2025-01-02T00:00:00,2025-01-02 05:50:00,2025-01-02 06:00:00,2024-12-31,ATTACHMENT1-DECLARED-PRIOR,cvar_t0.90_r0.05_g0.00,Q2V2-SW2-REC5,A,A,B,2025-01-02T00:00:00,3783.278582777777,3869.5352031481475,previous_confirmed_final_slot_and_issued_load_pv_forecast,4641.7286,0.0,591.1401999999999,591.1401999999999,0.0,0.0,0.0,182.48123333333342,0.0,0.0,7867.100214444444,7664.3432885185175,0.5708,0.6417,379.33466634,0.0,-0.0,0.0,379.33466634,379.33466634,0,3823.8994,277.0582,0
2025-01-02,35,2025-01-02T00:00:00,2025-01-02 06:00:00,2025-01-02 06:10:00,2024-12-31,ATTACHMENT1-DECLARED-PRIOR,cvar_t0.90_r0.05_g0.00,Q2V2-SW2-REC5,A,A,B,2025-01-02T00:00:00,3783.278582777777,3869.5352031481475,previous_confirmed_final_slot_and_issued_load_pv_forecast,5411.59,0.0,0.0,0.0,0.0,0.0,0.0,833.3333333333334,68.59833333333324,0.0,7664.3432885185175,6738.417362592591,0.9099,1.0168,0.0,0.0,-0.0,348.7539266666662,0.0,348.7539266666662,1,4398.0727,388.5494,6
2025-01-02,36,2025-01-02T00:00:00,2025-01-02 06:10:00,2025-01-02 06:20:00,2024-12-31,ATTACHMENT1-DECLARED-PRIOR,cvar_t0.90_r0.05_g0.00,Q2V2-SW2-REC5,A,A,B,2025-01-02T00:00:00,3783.278582777777,3869.5352031481475,previous_confirmed_final_slot_and_issued_load_pv_forecast,5738.8011,0.4279,0.0,0.0,0.0,0.0,0.0,833.3333333333334,123.06219999999985,0.0,6738.417362592591,5812.491436666665,0.9368,1.0773,0.0,0.0,-0.0,662.8745402999991,0.0,662.8745402999991,1,4454.0123,521.2803,6
2025-01-02,37,2025-01-02T00:00:00,2025-01-02 06:20:00,2025-01-02 06:30:00,2024-12-31,ATTACHMENT1-DECLARED-PRIOR,cvar_t0.90_r0.05_g0.00,Q2V2-SW2-REC5,A,A,B,2025-01-02T00:00:00,3783.278582777777,3869.5352031481475,previous_confirmed_final_slot_and_issued_load_pv_forecast,5695.3891,0.0,0.0,0.0,0.0,0.0,0.0,833.3333333333334,115.89818333333335,0.0,5812.491436666665,4886.565510740739,0.8758,1.0353,0.0,0.0,-0.0,599.9469460250002,0.0,599.9469460250002,1,4371.7919,672.7677,6
2025-01-02,38,2025-01-02T00:00:00,2025-01-02 06:30:00,2025-01-02 06:40:00,2024-12-31,ATTACHMENT1-DECLARED-PRIOR,cvar_t0.90_r0.05_g0.00,Q2V2-SW2-REC5,A,A,B,2025-01-02T00:00:00,3783.278582777777,3869.5352031481475,previous_confirmed_final_slot_and_issued_load_pv_forecast,5537.66,0.0,0.0,0.0,0.0,0.0,0.0,833.3333333333334,89.6099999999999,0.0,4886.565510740739,3960.639584814813,0.8759,1.0552,0.0,0.0,-0.0,472.78235999999947,0.0,472.78235999999947,1,4392.953,844.2261,6
2025-01-02,39,2025-01-02T00:00:00,2025-01-02 06:40:00,2025-01-02 06:50:00,2024-12-31,ATTACHMENT1-DECLARED-PRIOR,cvar_t0.90_r0.05_g0.00,Q2V2-SW2-REC5,A,A,B,2025-01-02T00:00:00,3783.278582777777,3869.5352031481475,previous_confirmed_final_slot_and_issued_load_pv_forecast,5461.5746,5.9596,0.0,0.0,0.0,0.0,0.0,833.3333333333334,75.93583333333333,0.0,3960.639584814813,3034.713658888887,0.8601,1.0765,0.0,0.0,-0.0,408.7246229166667,0.0,408.7246229166667,1,4384.5956,1039.6744,6
2025-01-02,40,2025-01-02T00:00:00,2025-01-02 06:50:00,2025-01-02 07:00:00,2024-12-31,ATTACHMENT1-DECLARED-PRIOR,cvar_t0.90_r0.05_g0.00,Q2V2-SW2-REC5,A,A,B,2025-01-02T00:00:00,3783.278582777777,3869.5352031481475,previous_confirmed_final_slot_and_issued_load_pv_forecast,5483.6005,0.0,0.0,0.0,0.0,0.0,0.0,833.3333333333334,80.60008333333315,0.0,3034.713658888887,2108.787732962961,0.8442,1.0611,0.0,0.0,-0.0,427.62374212499896,0.0,427.62374212499896,1,4434.7757,1259.3375,6
2025-01-02,41,2025-01-02T00:00:00,2025-01-02 07:00:00,2025-01-02 07:10:00,2024-12-31,ATTACHMENT1-DECLARED-PRIOR,cvar_t0.90_r0.05_g0.00,Q2V2-SW2-REC5,A,A,B,2025-01-02T00:00:00,3783.278582777777,3869.5352031481475,previous_confirmed_final_slot_and_issued_load_pv_forecast,5540.88,6.6375,0.0,0.0,0.0,0.0,0.0,817.9089596666648,104.46479033333515,0.0,2108.787732962961,1200.0,0.8334,1.0284,0.0,0.0,-0.0,537.1579518940092,0.0,537.1579518940092,1,4523.4561,1508.6318,6
2025-01-02,42,2025-01-02T00:00:00,2025-01-02 07:10:00,2025-01-02 07:20:00,2024-12-31,ATTACHMENT1-DECLARED-PRIOR,cvar_t0.90_r0.05_g0.00,Q2V2-SW2-REC5,A,A,B,2025-01-02T00:00:00,3783.278582777777,3869.5352031481475,previous_confirmed_final_slot_and_issued_load_pv_forecast,5575.3367,192.5583,0.0,0.0,0.0,0.0,0.0,0.0,897.1297333333333,0.0,1200.0,1200.0,0.8092,1.0303,0.0,0.0,-0.0,4621.563821266667,0.0,4621.563821266667,1,4524.0721,1791.4107,6
2025-01-02,43,2025-01-02T00:00:00,2025-01-02 07:20:00,2025-01-02 07:30:00,2024-12-31,ATTACHMENT1-DECLARED-PRIOR,cvar_t0.90_r0.05_g0.00,Q2V2-SW2-REC5,A,A,B,2025-01-02T00:00:00,3783.278582777777,3869.5352031481475,previous_confirmed_final_slot_and_issued_load_pv_forecast,5669.9633,445.6222,0.0,0.0,0.0,0.0,0.0,0.0,870.7235166666667,0.0,1200.0,1200.0,0.7972,1.0451,0.0,0.0,-0.0,4549.965736341666,0.0,4549.965736341666,1,4545.8867,2085.4865,6
2025-01-02,44,2025-01-02T00:00:00,2025-01-02 07:30:00,2025-01-02 07:40:00,2024-12-31,ATTACHMENT1-DECLARED-PRIOR,cvar_t0.90_r0.05_g0.00,Q2V2-SW2-REC5,A,A,B,2025-01-02T00:00:00,3783.278582777777,3869.5352031481475,previous_confirmed_final_slot_and_issued_load_pv_forecast,5566.66,701.3625,0.0,0.0,0.0,0.0,0.0,0.0,810.8829166666667,0.0,1200.0,1200.0,0.7644,0.9954,0.0,0.0,-0.0,4035.7642762499995,0.0,4035.7642762499995,1,4523.2418,2381.2611,6
2025-01-02,45,2025-01-02T00:00:00,2025-01-02 07:40:00,2025-01-02 07:50:00,2024-12-31,ATTACHMENT1-DECLARED-PRIOR,cvar_t0.90_r0.05_g0.00,Q2V2-SW2-REC5,A,A,B,2025-01-02T00:00:00,3783.278582777777,3869.5352031481475,previous_confirmed_final_slot_and_issued_load_pv_forecast,5081.9454,976.5695,0.0,0.0,0.0,0.0,0.0,0.0,684.2293166666666,0.0,1200.0,1200.0,0.6899,0.8699,0.0,0.0,-0.0,2976.055412841666,0.0,2976.055412841666,1,4383.3566,2683.1752,6
2025-01-02,46,2025-01-02T00:00:00,2025-01-02 07:50:00,2025-01-02 08:00:00,2024-12-31,ATTACHMENT1-DECLARED-PRIOR,cvar_t0.90_r0.05_g0.00,Q2V2-SW2-REC5,A,A,B,2025-01-02T00:00:00,3783.278582777777,3869.5352031481475,previous_confirmed_final_slot_and_issued_load_pv_forecast,5737.5547,1257.8499,0.0,0.0,0.0,0.0,0.0,0.0,746.6174666666666,0.0,1200.0,1200.0,0.86,1.0474,0.0,0.0,-0.0,3910.035672933333,0.0,3910.035672933333,1,4910.4599,2986.3552,6
2025-01-02,47,2025-01-02T00:00:00,2025-01-02 08:00:00,2025-01-02 08:10:00,2024-12-31,ATTACHMENT1-DECLARED-PRIOR,cvar_t0.90_r0.05_g0.00,Q2V2-SW2-REC5,A,A,B,2025-01-02T00:00:00,3783.278582777777,3869.5352031481475,previous_confirmed_final_slot_and_issued_load_pv_forecast,7205.75,1536.3375,0.0,0.0,0.0,0.0,0.0,0.0,944.9020833333333,0.0,1200.0,1200.0,1.1617,1.4142,0.0,0.0,-0.0,6681.402631249999,0.0,6681.402631249999,1,5799.7327,3289.204,6
2025-01-02,48,2025-01-02T00:00:00,2025-01-02 08:10:00,2025-01-02 08:20:00,2024-12-31,ATTACHMENT1-DECLARED-PRIOR,cvar_t0.90_r0.05_g0.00,Q2V2-SW2-REC5,A,A,B,2025-01-02T00:00:00,3783.278582777777,3869.5352031481475,previous_confirmed_final_slot_and_issued_load_pv_forecast,7519.6199,1820.2924,0.0,0.0,0.0,0.0,0.0,0.0,949.8879166666665,0.0,1200.0,1200.0,1.1683,1.4538,0.0,0.0,-0.0,6904.735266249999,0.0,6904.735266249999,1,5884.826,3593.3613,6
2025-01-02,49,2025-01-02T00:00:00,2025-01-02 08:20:00,2025-01-02 08:30:00,2024-12-31,ATTACHMENT1-DECLARED-PRIOR,cvar_t0.90_r0.05_g0.00,Q2V2-SW2-REC5,A,A,B,2025-01-02T00:00:00,3783.278582777777,3869.5352031481475,previous_confirmed_final_slot_and_issued_load_pv_forecast,7253.8265,2132.9788,0.0,0.0,0.0,0.0,0.0,0.0,853.4746166666667,0.0,1200.0,1200.0,1.0956,1.3917,0.0,0.0,-0.0,5938.9031200750005,0.0,5938.9031200750005,1,5748.0713,3890.7332,6
2025-01-02,50,2025-01-02T00:00:00,2025-01-02 08:30:00,2025-01-02 08:40:00,2024-12-31,ATTACHMENT1-DECLARED-PRIOR,cvar_t0.90_r0.05_g0.00,Q2V2-SW2-REC5,A,A,B,2025-01-02T00:00:00,3783.278582777777,3869.5352031481475,previous_confirmed_final_slot_and_issued_load_pv_forecast,7156.62,2471.7375,0.0,0.0,0.0,0.0,0.0,0.0,780.81375,0.0,1200.0,1200.0,1.0849,1.3851,0.0,0.0,-0.0,5407.5256256249995,0.0,5407.5256256249995,1,5769.0581,4181.3417,6
2025-01-02,51,2025-01-02T00:00:00,2025-01-02 08:40:00,2025-01-02 08:50:00,2024-12-31,ATTACHMENT1-DECLARED-PRIOR,cvar_t0.90_r0.05_g0.00,Q2V2-SW2-REC5,A,A,B,2025-01-02T00:00:00,3783.278582777777,3869.5352031481475,previous_confirmed_final_slot_and_issued_load_pv_forecast,7351.5694,2797.3932,0.0,0.0,0.0,0.0,0.0,0.0,759.0293666666666,0.0,1200.0,1200.0,1.061,1.3569,0.0,0.0,-0.0,5149.634738149999,0.0,5149.634738149999,1,5754.2105,4471.7657,6
2025-01-02,52,2025-01-02T00:00:00,2025-01-02 08:50:00,2025-01-02 09:00:00,2024-12-31,ATTACHMENT1-DECLARED-PRIOR,cvar_t0.90_r0.05_g0.00,Q2V2-SW2-REC5,A,A,B,2025-01-02T00:00:00,3783.278582777777,3869.5352031481475,previous_confirmed_final_slot_and_issued_load_pv_forecast,7430.2399,3047.7556,0.0,0.0,0.0,0.0,0.0,0.0,730.41405,0.0,1200.0,1200.0,1.043,1.3276,0.0,0.0,-0.0,4848.4884639,0.0,4848.4884639,1,5824.1807,4752.8272,6
2025-01-02,53,2025-01-02T00:00:00,2025-01-02 09:00:00,2025-01-02 09:10:00,2024-12-31,ATTACHMENT1-DECLARED-PRIOR,cvar_t0.90_r0.05_g0.00,Q2V2-SW2-REC5,A,A,B,2025-01-02T00:00:00,3783.278582777777,3869.5352031481475,previous_confirmed_final_slot_and_issued_load_pv_forecast,7295.25,3267.2625,0.0,0.0,0.0,0.0,0.0,0.0,671.3312500000001,0.0,1200.0,1200.0,1.036,1.3123,0.0,0.0,-0.0,4404.939996875001,0.0,4404.939996875001,1,5954.2601,5021.9074,6
2025-01-02,54,2025-01-02T00:00:00,2025-01-02 09:10:00,2025-01-02 09:20:00,2024-12-31,ATTACHMENT1-DECLARED-PRIOR,cvar_t0.90_r0.05_g0.00,Q2V2-SW2-REC5,A,A,B,2025-01-02T00:00:00,3783.278582777777,3869.5352031481475,previous_confirmed_final_slot_and_issued_load_pv_forecast,7207.6569,3546.8485,0.0,0.0,0.0,0.0,0.0,0.0,610.1347333333333,0.0,1200.0,1200.0,1.0147,1.295,0.0,0.0,-0.0,3950.622398333333,0.0,3950.622398333333,1,5958.9696,5285.4126,6
2025-01-02,55,2025-01-02T00:00:00,2025-01-02 09:20:00,2025-01-02 09:30:00,2024-12-31,ATTACHMENT1-DECLARED-PRIOR,cvar_t0.90_r0.05_g0.00,Q2V2-SW2-REC5,A,A,B,2025-01-02T00:00:00,3783.278582777777,3869.5352031481475,previous_confirmed_final_slot_and_issued_load_pv_forecast,7113.8825,3726.689,0.0,0.0,0.0,0.0,0.0,0.0,564.53225,0.0,1200.0,1200.0,0.9922,1.2685,0.0,0.0,-0.0,3580.5457956249993,0.0,3580.5457956249993,1,5929.5554,5543.1742,6
2025-01-02,56,2025-01-02T00:00:00,2025-01-02 09:30:00,2025-01-02 09:40:00,2024-12-31,ATTACHMENT1-DECLARED-PRIOR,cvar_t0.90_r0.05_g0.00,Q2V2-SW2-REC5,A,A,B,2025-01-02T00:00:00,3783.278582777777,3869.5352031481475,previous_confirmed_final_slot_and_issued_load_pv_forecast,7023.12,3844.2375,0.0,0.0,0.0,0.0,0.0,0.0,529.81375,0.0,1200.0,1200.0,0.97,1.2318,0.0,0.0,-0.0,3263.12288625,0.0,3263.12288625,1,5923.7828,5788.4093,6
2025-01-02,57,2025-01-02T00:00:00,2025-01-02 09:40:00,2025-01-02 09:50:00,2024-12-31,ATTACHMENT1-DECLARED-PRIOR,cvar_t0.90_r0.05_g0.00,Q2V2-SW2-REC5,A,A,B,2025-01-02T00:00:00,3783.278582777777,3869.5352031481475,previous_confirmed_final_slot_and_issued_load_pv_forecast,7047.9517,4096.3408,0.0,0.0,0.0,0.0,0.0,0.0,491.93515,0.0,1200.0,1200.0,0.9422,1.2119,0.0,0.0,-0.0,2980.881041425,0.0,2980.881041425,1,5907.586,6012.1304,6
2025-01-02,58,2025-01-02T00:00:00,2025-01-02 09:50:00,2025-01-02 10:00:00,2024-12-31,ATTACHMENT1-DECLARED-PRIOR,cvar_t0.90_r0.05_g0.00,Q2V2-SW2-REC5,A,A,B,2025-01-02T00:00:00,3783.278582777777,3869.5352031481475,previous_confirmed_final_slot_and_issued_load_pv_forecast,7129.0191,4283.6623,0.0,0.0,0.0,0.0,0.0,0.0,474.22613333333334,0.0,1200.0,1200.0,0.9569,1.3227,0.0,0.0,-0.0,3136.2945328,0.0,3136.2945328,1,5899.1262,6216.1528,6
2025-01-02,59,2025-01-02T00:00:00,2025-01-02 10:00:00,2025-01-02 10:10:00,2024-12-31,ATTACHMENT1-DECLARED-PRIOR,cvar_t0.90_r0.05_g0.00,Q2V2-SW2-REC5,A,A,B,2025-01-02T00:00:00,3783.278582777777,3869.5352031481475,previous_confirmed_final_slot_and_issued_load_pv_forecast,7151.1,4356.1125,0.0,0.0,0.0,0.0,0.0,0.0,465.83124999999995,0.0,1200.0,1200.0,0.9977,1.4694,0.0,0.0,-0.0,3422.4621937499996,0.0,3422.4621937499996,1,5902.2196,6409.5941,6
2025-01-02,60,2025-01-02T00:00:00,2025-01-02 10:10:00,2025-01-02 10:20:00,2024-12-31,ATTACHMENT1-DECLARED-PRIOR,cvar_t0.90_r0.05_g0.00,Q2V2-SW2-REC5,A,A,B,2025-01-02T00:00:00,3783.278582777777,3869.5352031481475,previous_confirmed_final_slot_and_issued_load_pv_forecast,7053.4551,4491.6281,0.0,0.0,0.0,0.0,0.0,0.0,426.9711666666667,0.0,1200.0,1200.0,0.9919,1.425,0.0,0.0,-0.0,3042.1695625,0.0,3042.1695625,1,5897.4793,6599.3808,6
2025-01-02,61,2025-01-02T00:00:00,2025-01-02 10:20:00,2025-01-02 10:30:00,2024-12-31,ATTACHMENT1-DECLARED-PRIOR,cvar_t0.90_r0.05_g0.00,Q2V2-SW2-REC5,A,A,B,2025-01-02T00:00:00,3783.278582777777,3869.5352031481475,previous_confirmed_final_slot_and_issued_load_pv_forecast,7028.7906,4766.409,0.0,0.0,0.0,0.0,0.0,0.0,377.06359999999995,0.0,1200.0,1200.0,0.9588,1.3505,0.0,0.0,-0.0,2546.1219589999996,0.0,2546.1219589999996,1,5886.7568,6766.7204,6
2025-01-02,62,2025-01-02T00:00:00,2025-01-02 10:30:00,2025-01-02 10:40:00,2024-12-31,ATTACHMENT1-DECLARED-PRIOR,cvar_t0.90_r0.05_g0.00,Q2V2-SW2-REC5,A,A,B,2025-01-02T00:00:00,3783.278582777777,3869.5352031481475,previous_confirmed_final_slot_and_issued_load_pv_forecast,7115.54,5019.45,0.0,0.0,0.0,0.0,0.0,0.0,349.34833333333324,0.0,1200.0,1200.0,0.9549,1.382,0.0,0.0,-0.0,2413.9969833333325,0.0,2413.9969833333325,1,5873.4708,6914.5923,6
2025-01-02,63,2025-01-02T00:00:00,2025-01-02 10:40:00,2025-01-02 10:50:00,2024-12-31,ATTACHMENT1-DECLARED-PRIOR,cvar_t0.90_r0.05_g0.00,Q2V2-SW2-REC5,A,A,B,2025-01-02T00:00:00,3783.278582777777,3869.5352031481475,previous_confirmed_final_slot_and_issued_load_pv_forecast,7158.8016,5019.8625,0.0,0.0,0.0,0.0,0.0,0.0,356.48984999999993,0.0,1200.0,1200.0,0.9839,1.4486,0.0,0.0,-0.0,2582.05598355,0.0,2582.05598355,1,5858.0308,7064.2053,6
2025-01-02,64,2025-01-02T00:00:00,2025-01-02 10:50:00,2025-01-02 11:00:00,2024-12-31,ATTACHMENT1-DECLARED-PRIOR,cvar_t0.90_r0.05_g0.00,Q2V2-SW2-REC5,A,A,B,2025-01-02T00:00:00,3783.278582777777,3869.5352031481475,previous_confirmed_final_slot_and_issued_load_pv_forecast,7104.1648,5077.3715,0.0,0.0,0.0,0.0,0.0,0.0,337.79888333333315,0.0,1200.0,1200.0,0.799,1.1762,0.0,0.0,-0.0,1986.595232883332,0.0,1986.595232883332,1,5844.9948,7197.4315,6
2025-01-02,65,2025-01-02T00:00:00,2025-01-02 11:00:00,2025-01-02 11:10:00,2024-12-31,ATTACHMENT1-DECLARED-PRIOR,cvar_t0.90_r0.05_g0.00,Q2V2-SW2-REC5,A,A,B,2025-01-02T00:00:00,3783.278582777777,3869.5352031481475,previous_confirmed_final_slot_and_issued_load_pv_forecast,6988.45,5277.5625,0.0,0.0,0.0,0.0,0.0,0.0,285.14791666666656,0.0,1200.0,1200.0,0.5025,0.7285,0.0,0.0,-0.0,1038.651286458333,0.0,1038.651286458333,1,5839.0587,7303.1142,6
2025-01-02,66,2025-01-02T00:00:00,2025-01-02 11:10:00,2025-01-02 11:20:00,2024-12-31,ATTACHMENT1-DECLARED-PRIOR,cvar_t0.90_r0.05_g0.00,Q2V2-SW2-REC5,A,A,B,2025-01-02T00:00:00,3783.278582777777,3869.5352031481475,previous_confirmed_final_slot_and_issued_load_pv_forecast,6905.2356,5389.699,575.1709166666665,575.1709166666665,0.0,0.0,322.58148333333315,0.0,0.0,0.0,1200.0,1490.3233349999998,0.4662,0.6748,388.1253345666665,0.0,-0.0,0.0,388.1253345666665,388.1253345666665,1,5838.7103,7387.6848,6
2025-01-02,67,2025-01-02T00:00:00,2025-01-02 11:20:00,2025-01-02 11:30:00,2024-12-31,ATTACHMENT1-DECLARED-PRIOR,cvar_t0.90_r0.05_g0.00,Q2V2-SW2-REC5,A,A,B,2025-01-02T00:00:00,3783.278582777777,3869.5352031481475,previous_confirmed_final_slot_and_issued_load_pv_forecast,6918.8526,5368.919,0.0,0.0,0.0,0.0,0.0,258.3222666666668,0.0,0.0,1490.3233349999998,1203.298594259259,0.5007,0.7698,0.0,0.0,-0.0,0.0,0.0,0.0,1,5823.4378,7459.227,6
2025-01-02,68,2025-01-02T00:00:00,2025-01-02 11:30:00,2025-01-02 11:40:00,2024-12-31,ATTACHMENT1-DECLARED-PRIOR,cvar_t0.90_r0.05_g0.00,Q2V2-SW2-REC5,A,A,B,2025-01-02T00:00:00,3783.278582777777,3869.5352031481475,previous_confirmed_final_slot_and_issued_load_pv_forecast,7053.45,5329.9875,0.0,0.0,0.0,0.0,0.0,2.968734833333156,284.2750151666667,0.0,1203.298594259259,1200.0,0.4827,0.802,0.0,0.0,-0.0,1139.9428108183336,0.0,1139.9428108183336,1,5814.7932,7520.7191,6
2025-01-02,69,2025-01-02T00:00:00,2025-01-02 11:40:00,2025-01-02 11:50:00,2024-12-31,ATTACHMENT1-DECLARED-PRIOR,cvar_t0.90_r0.05_g0.00,Q2V2-SW2-REC5,A,A,B,2025-01-02T00:00:00,3783.278582777777,3869.5352031481475,previous_confirmed_final_slot_and_issued_load_pv_forecast,7224.2372,5412.6331,179.27717139918263,179.27717139918263,0.0,0.0,0.0,0.0,122.65684526748373,0.0,1200.0,1200.0,0.4785,0.7991,143.26038766508685,0.0,-0.0,490.07542526623126,143.26038766508685,633.3358129313181,1,5832.3951,7568.2039,6
2025-01-02,70,2025-01-02T00:00:00,2025-01-02 11:50:00,2025-01-02 12:00:00,2024-12-31,ATTACHMENT1-DECLARED-PRIOR,cvar_t0.90_r0.05_g0.00,Q2V2-SW2-REC5,A,A,B,2025-01-02T00:00:00,3783.278582777777,3869.5352031481475,previous_confirmed_final_slot_and_issued_load_pv_forecast,7061.4737,5429.3182,520.1245166666665,520.1245166666665,0.0,0.0,248.09860000000003,0.0,0.0,0.0,1200.0,1423.28874,0.4662,0.77,400.4958778333332,0.0,-0.0,0.0,400.4958778333332,400.4958778333332,1,5712.901,7592.1539,6
2025-01-02,71,2025-01-02T00:00:00,2025-01-02 12:00:00,2025-01-02 12:10:00,2024-12-31,ATTACHMENT1-DECLARED-PRIOR,cvar_t0.90_r0.05_g0.00,Q2V2-SW2-REC5,A,A,B,2025-01-02T00:00:00,3783.278582777777,3869.5352031481475,previous_confirmed_final_slot_and_issued_load_pv_forecast,6627.88,5328.3,486.40289999999993,486.40289999999993,0.0,0.0,269.80623333333324,0.0,0.0,0.0,1423.28874,1666.1143499999998,0.4432,0.7251,352.69074278999994,0.0,-0.0,0.0,352.69074278999994,352.69074278999994,1,5519.4607,7601.0433,12
2025-01-02,72,2025-01-02T00:00:00,2025-01-02 12:10:00,2025-01-02 12:20:00,2024-12-31,ATTACHMENT1-DECLARED-PRIOR,cvar_t0.90_r0.05_g0.00,Q2V2-SW2-REC5,A,A,B,2025-01-02T00:00:00,3783.278582777777,3869.5352031481475,previous_confirmed_final_slot_and_issued_load_pv_forecast,6385.5315,5248.9495,480.4124499999999,480.4124499999999,0.0,0.0,290.98211666666657,0.0,0.0,0.0,1666.1143499999998,1927.9982549999997,0.4411,0.6934,333.11799282999993,0.0,-0.0,0.0,333.11799282999993,333.11799282999993,1,5494.7907,7612.316,12
2025-01-02,73,2025-01-02T00:00:00,2025-01-02 12:20:00,2025-01-02 12:30:00,2024-12-31,ATTACHMENT1-DECLARED-PRIOR,cvar_t0.90_r0.05_g0.00,Q2V2-SW2-REC5,A,A,B,2025-01-02T00:00:00,3783.278582777777,3869.5352031481475,previous_confirmed_final_slot_and_issued_load_pv_forecast,6379.3415,5219.2319,485.29999999999995,485.29999999999995,0.0,0.0,291.94839999999976,0.0,0.0,0.0,1927.9982549999997,2190.7518149999996,0.4551,0.736,357.1808,0.0,-0.0,0.0,357.1808,357.1808,1,5514.4524,7602.6524,12
2025-01-02,74,2025-01-02T00:00:00,2025-01-02 12:30:00,2025-01-02 12:40:00,2024-12-31,ATTACHMENT1-DECLARED-PRIOR,cvar_t0.90_r0.05_g0.00,Q2V2-SW2-REC5,A,A,B,2025-01-02T00:00:00,3783.278582777777,3869.5352031481475,previous_confirmed_final_slot_and_issued_load_pv_forecast,6517.08,5222.85,488.6069666666666,488.6069666666666,0.0,0.0,272.9019666666668,0.0,0.0,0.0,2190.7518149999996,2436.3635849999996,0.4463,0.7799,381.0645733033333,0.0,-0.0,0.0,381.0645733033333,381.0645733033333,1,5485.829,7554.1872,12
2025-01-02,75,2025-01-02T00:00:00,2025-01-02 12:40:00,2025-01-02 12:50:00,2024-12-31,ATTACHMENT1-DECLARED-PRIOR,cvar_t0.90_r0.05_g0.00,Q2V2-SW2-REC5,A,A,B,2025-01-02T00:00:00,3783.278582777777,3869.5352031481475,previous_confirmed_final_slot_and_issued_load_pv_forecast,6677.4158,5242.2942,498.27073333333317,498.27073333333317,0.0,0.0,259.0837999999999,0.0,0.0,0.0,2436.3635849999996,2669.5390049999996,0.4113,0.7126,355.06772457333324,0.0,-0.0,0.0,355.06772457333324,355.06772457333324,1,5462.3628,7472.7384,12
2025-01-02,76,2025-01-02T00:00:00,2025-01-02 12:50:00,2025-01-02 13:00:00,2024-12-31,ATTACHMENT1-DECLARED-PRIOR,cvar_t0.90_r0.05_g0.00,Q2V2-SW2-REC5,A,A,B,2025-01-02T00:00:00,3783.278582777777,3869.5352031481475,previous_confirmed_final_slot_and_issued_load_pv_forecast,6740.259,5308.1571,0.0,0.0,0.0,0.0,0.0,238.68364999999983,0.0,0.0,2669.5390049999996,2404.334949444444,0.5682,0.8149,0.0,0.0,-0.0,0.0,0.0,0.0,1,5566.1066,7393.4172,12
2025-01-02,77,2025-01-02T00:00:00,2025-01-02 13:00:00,2025-01-02 13:10:00,2024-12-31,ATTACHMENT1-DECLARED-PRIOR,cvar_t0.90_r0.05_g0.00,Q2V2-SW2-REC5,A,A,B,2025-01-02T00:00:00,3783.278582777777,3869.5352031481475,previous_confirmed_final_slot_and_issued_load_pv_forecast,6776.29,5393.2875,0.0,0.0,0.0,0.0,0.0,230.50041666666664,0.0,0.0,2404.334949444444,2148.2233753703704,0.8279,1.0546,0.0,0.0,-0.0,0.0,0.0,0.0,1,5725.7548,7312.7979,12
2025-01-02,78,2025-01-02T00:00:00,2025-01-02 13:10:00,2025-01-02 13:20:00,2024-12-31,ATTACHMENT1-DECLARED-PRIOR,cvar_t0.90_r0.05_g0.00,Q2V2-SW2-REC5,A,A,B,2025-01-02T00:00:00,3783.278582777777,3869.5352031481475,previous_confirmed_final_slot_and_issued_load_pv_forecast,6923.5069,5413.5261,0.0,0.0,0.0,0.0,0.0,251.66346666666664,0.0,0.0,2148.2233753703704,1868.5973012962963,0.8636,1.1073,0.0,0.0,-0.0,0.0,0.0,0.0,1,5739.4957,7194.541,12
2025-01-02,79,2025-01-02T00:00:00,2025-01-02 13:20:00,2025-01-02 13:30:00,2024-12-31,ATTACHMENT1-DECLARED-PRIOR,cvar_t0.90_r0.05_g0.00,Q2V2-SW2-REC5,A,A,B,2025-01-02T00:00:00,3783.278582777777,3869.5352031481475,previous_confirmed_final_slot_and_issued_load_pv_forecast,6851.0971,5337.3076,0.0,0.0,0.0,0.0,0.0,252.29825000000005,0.0,0.0,1868.5973012962963,1588.2659124074073,0.8416,1.1179,0.0,0.0,-0.0,0.0,0.0,0.0,1,5714.6836,7053.1371,12
2025-01-02,80,2025-01-02T00:00:00,2025-01-02 13:30:00,2025-01-02 13:40:00,2024-12-31,ATTACHMENT1-DECLARED-PRIOR,cvar_t0.90_r0.05_g0.00,Q2V2-SW2-REC5,A,A,B,2025-01-02T00:00:00,3783.278582777777,3869.5352031481475,previous_confirmed_final_slot_and_issued_load_pv_forecast,6622.15,5168.2125,0.0,0.0,0.0,0.0,0.0,242.32291666666674,0.0,0.0,1588.2659124074073,1319.018227222222,0.8618,1.1386,0.0,0.0,-0.0,0.0,0.0,0.0,1,5717.8505,6910.4064,12
2025-01-02,81,2025-01-02T00:00:00,2025-01-02 13:40:00,2025-01-02 13:50:00,2024-12-31,ATTACHMENT1-DECLARED-PRIOR,cvar_t0.90_r0.05_g0.00,Q2V2-SW2-REC5,A,A,B,2025-01-02T00:00:00,3783.278582777777,3869.5352031481475,previous_confirmed_final_slot_and_issued_load_pv_forecast,6654.8176,4960.5615,0.0,0.0,0.0,0.0,0.0,107.11640449999989,175.25961216666684,0.0,1319.018227222222,1200.0,0.8623,1.085,0.0,0.0,-0.0,950.7833960041676,0.0,950.7833960041676,1,5708.2486,6772.4075,12
2025-01-02,82,2025-01-02T00:00:00,2025-01-02 13:50:00,2025-01-02 14:00:00,2024-12-31,ATTACHMENT1-DECLARED-PRIOR,cvar_t0.90_r0.05_g0.00,Q2V2-SW2-REC5,A,A,B,2025-01-02T00:00:00,3783.278582777777,3869.5352031481475,previous_confirmed_final_slot_and_issued_load_pv_forecast,6745.2794,4873.504,0.0,0.0,0.0,0.0,0.0,0.0,311.9625666666668,0.0,1200.0,1200.0,0.9026,1.1688,0.0,0.0,-0.0,1823.109239600001,0.0,1823.109239600001,1,5696.9182,6607.36,12
2025-01-02,83,2025-01-02T00:00:00,2025-01-02 14:00:00,2025-01-02 14:10:00,2024-12-31,ATTACHMENT1-DECLARED-PRIOR,cvar_t0.90_r0.05_g0.00,Q2V2-SW2-REC5,A,A,B,2025-01-02T00:00:00,3783.278582777777,3869.5352031481475,previous_confirmed_final_slot_and_issued_load_pv_forecast,6768.73,4791.45,0.0,0.0,0.0,0.0,0.0,0.0,329.5466666666665,0.0,1200.0,1200.0,0.9754,1.3731,0.0,0.0,-0.0,2262.502639999999,0.0,2262.502639999999,1,5692.2983,6412.5085,12
2025-01-02,84,2025-01-02T00:00:00,2025-01-02 14:10:00,2025-01-02 14:20:00,2024-12-31,ATTACHMENT1-DECLARED-PRIOR,cvar_t0.90_r0.05_g0.00,Q2V2-SW2-REC5,A,A,B,2025-01-02T00:00:00,3783.278582777777,3869.5352031481475,previous_confirmed_final_slot_and_issued_load_pv_forecast,6785.5204,4440.5059,0.0,0.0,0.0,0.0,0.0,0.0,390.83574999999996,0.0,1200.0,1200.0,1.0002,1.443,0.0,0.0,-0.0,2819.8799362499994,0.0,2819.8799362499994,1,5687.1291,6214.0158,12
2025-01-02,85,2025-01-02T00:00:00,2025-01-02 14:20:00,2025-01-02 14:30:00,2024-12-31,ATTACHMENT1-DECLARED-PRIOR,cvar_t0.90_r0.05_g0.00,Q2V2-SW2-REC5,A,A,B,2025-01-02T00:00:00,3783.278582777777,3869.5352031481475,previous_confirmed_final_slot_and_issued_load_pv_forecast,6651.4681,4102.9755,0.0,0.0,0.0,0.0,0.0,0.0,424.7487666666667,0.0,1200.0,1200.0,0.9978,1.3961,0.0,0.0,-0.0,2964.9587657166667,0.0,2964.9587657166667,1,5678.962,6000.7112,12
2025-01-02,86,2025-01-02T00:00:00,2025-01-02 14:30:00,2025-01-02 14:40:00,2024-12-31,ATTACHMENT1-DECLARED-PRIOR,cvar_t0.90_r0.05_g0.00,Q2V2-SW2-REC5,A,A,B,2025-01-02T00:00:00,3783.278582777777,3869.5352031481475,previous_confirmed_final_slot_and_issued_load_pv_forecast,6519.73,3897.7875,0.0,0.0,0.0,0.0,0.0,0.0,436.99041666666653,0.0,1200.0,1200.0,1.0271,1.3955,0.0,0.0,-0.0,3049.1006322916655,0.0,3049.1006322916655,1,5669.4508,5766.9816,12
2025-01-02,87,2025-01-02T00:00:00,2025-01-02 14:40:00,2025-01-02 14:50:00,2024-12-31,ATTACHMENT1-DECLARED-PRIOR,cvar_t0.90_r0.05_g0.00,Q2V2-SW2-REC5,A,A,B,2025-01-02T00:00:00,3783.278582777777,3869.5352031481475,previous_confirmed_final_slot_and_issued_load_pv_forecast,6699.3894,3672.4272,0.0,0.0,0.0,0.0,0.0,0.0,504.4936999999999,0.0,1200.0,1200.0,1.0906,1.5287,0.0,0.0,-0.0,3856.097595949999,0.0,3856.097595949999,1,5664.1948,5521.5066,12
2025-01-02,88,2025-01-02T00:00:00,2025-01-02 14:50:00,2025-01-02 15:00:00,2024-12-31,ATTACHMENT1-DECLARED-PRIOR,cvar_t0.90_r0.05_g0.00,Q2V2-SW2-REC5,A,A,B,2025-01-02T00:00:00,3783.278582777777,3869.5352031481475,previous_confirmed_final_slot_and_issued_load_pv_forecast,6745.2289,3411.625,0.0,0.0,0.0,0.0,0.0,0.0,555.60065,0.0,1200.0,1200.0,0.9376,1.3188,0.0,0.0,-0.0,3663.6306860999994,0.0,3663.6306860999994,1,5672.7011,5268.781,12
2025-01-02,89,2025-01-02T00:00:00,2025-01-02 15:00:00,2025-01-02 15:10:00,2024-12-31,ATTACHMENT1-DECLARED-PRIOR,cvar_t0.90_r0.05_g0.00,Q2V2-SW2-REC5,A,A,B,2025-01-02T00:00:00,3783.278582777777,3869.5352031481475,previous_confirmed_final_slot_and_issued_load_pv_forecast,6621.14,3140.175,112.0898666666667,112.0898666666667,0.0,0.0,0.0,0.0,468.07096666666666,0.0,1200.0,1200.0,0.6694,0.9014,101.03780581333335,0.0,-0.0,2109.5958467666665,101.03780581333335,2210.6336525799998,1,5682.2544,5009.7152,12
2025-01-02,90,2025-01-02T00:00:00,2025-01-02 15:10:00,2025-01-02 15:20:00,2024-12-31,ATTACHMENT1-DECLARED-PRIOR,cvar_t0.90_r0.05_g0.00,Q2V2-SW2-REC5,A,A,B,2025-01-02T00:00:00,3783.278582777777,3869.5352031481475,previous_confirmed_final_slot_and_issued_load_pv_forecast,6686.5383,2878.1578,266.7326936213991,266.7326936213991,0.0,0.0,0.0,0.0,367.99738971193415,0.0,1200.0,1200.0,0.66,0.9117,243.18019677462956,0.0,-0.0,1677.5161010018517,243.18019677462956,1920.6962977764813,1,5669.0195,4743.4484,12
2025-01-02,91,2025-01-02T00:00:00,2025-01-02 15:20:00,2025-01-02 15:30:00,2024-12-31,ATTACHMENT1-DECLARED-PRIOR,cvar_t0.90_r0.05_g0.00,Q2V2-SW2-REC5,A,A,B,2025-01-02T00:00:00,3783.278582777777,3869.5352031481475,previous_confirmed_final_slot_and_issued_load_pv_forecast,6510.334,2617.8995,197.52351666666664,197.52351666666664,0.0,0.0,0.0,0.0,451.21556666666675,0.0,1200.0,1200.0,0.7217,0.9858,194.71868272999998,0.0,-0.0,2224.0415281000005,194.71868272999998,2418.7602108300007,1,5656.3651,4471.224,12
2025-01-02,92,2025-01-02T00:00:00,2025-01-02 15:30:00,2025-01-02 15:40:00,2024-12-31,ATTACHMENT1-DECLARED-PRIOR,cvar_t0.90_r0.05_g0.00,Q2V2-SW2-REC5,A,A,B,2025-01-02T00:00:00,3783.278582777777,3869.5352031481475,previous_confirmed_final_slot_and_issued_load_pv_forecast,6220.79,2359.9875,244.8140333333332,244.8140333333332,0.0,0.0,0.0,0.0,398.6530499999999,0.0,1200.0,1200.0,0.7308,0.9466,231.74096395333322,0.0,-0.0,1886.8248856499993,231.74096395333322,2118.5658496033325,1,5657.0867,4188.2025,12
2025-01-02,93,2025-01-02T00:00:00,2025-01-02 15:40:00,2025-01-02 15:50:00,2024-12-31,ATTACHMENT1-DECLARED-PRIOR,cvar_t0.90_r0.05_g0.00,Q2V2-SW2-REC5,A,A,B,2025-01-02T00:00:00,3783.278582777777,3869.5352031481475,previous_confirmed_final_slot_and_issued_load_pv_forecast,6406.2703,2119.3514,295.5346166666667,295.5346166666667,0.0,0.0,0.0,0.0,418.95186666666666,0.0,1200.0,1200.0,0.7534,0.9835,290.6582954916667,0.0,-0.0,2060.1958043333334,290.6582954916667,2350.854099825,1,5662.6008,3889.3931,12
2025-01-02,94,2025-01-02T00:00:00,2025-01-02 15:50:00,2025-01-02 16:00:00,2024-12-31,ATTACHMENT1-DECLARED-PRIOR,cvar_t0.90_r0.05_g0.00,Q2V2-SW2-REC5,A,A,B,2025-01-02T00:00:00,3783.278582777777,3869.5352031481475,previous_confirmed_final_slot_and_issued_load_pv_forecast,6474.5982,1904.7231,345.77750000000015,345.77750000000015,0.0,0.0,0.0,0.0,415.86834999999985,0.0,1200.0,1200.0,0.7823,0.9801,338.89652775000013,0.0,-0.0,2037.9628491749993,338.89652775000013,2376.859376924999,1,5669.2596,3594.5946,12
2025-01-02,95,2025-01-02T00:00:00,2025-01-02 16:00:00,2025-01-02 16:10:00,2024-12-31,ATTACHMENT1-DECLARED-PRIOR,cvar_t0.90_r0.05_g0.00,Q2V2-SW2-REC5,A,A,B,2025-01-02T00:00:00,3783.278582777777,3869.5352031481475,previous_confirmed_final_slot_and_issued_load_pv_forecast,6290.24,1662.6,394.9314833333333,394.9314833333333,0.0,0.0,0.0,0.0,376.34185,0.0,1200.0,1200.0,0.8055,0.9453,373.328731195,0.0,-0.0,1778.779754025,373.328731195,2152.10848522,1,5673.4767,3303.8878,12
2025-01-02,96,2025-01-02T00:00:00,2025-01-02 16:10:00,2025-01-02 16:20:00,2024-12-31,ATTACHMENT1-DECLARED-PRIOR,cvar_t0.90_r0.05_g0.00,Q2V2-SW2-REC5,A,A,B,2025-01-02T00:00:00,3783.278582777777,3869.5352031481475,previous_confirmed_final_slot_and_issued_load_pv_forecast,6307.331,1326.1056,445.4316500000001,445.4316500000001,0.0,0.0,0.0,0.0,384.77258333333316,0.0,1200.0,1200.0,0.8271,1.0223,455.3647757950001,0.0,-0.0,1966.7650597083323,455.3647757950001,2422.1298355033323,1,5671.0146,2998.4247,12
2025-01-02,97,2025-01-02T00:00:00,2025-01-02 16:20:00,2025-01-02 16:30:00,2024-12-31,ATTACHMENT1-DECLARED-PRIOR,cvar_t0.90_r0.05_g0.00,Q2V2-SW2-REC5,A,A,B,2025-01-02T00:00:00,3783.278582777777,3869.5352031481475,previous_confirmed_final_slot_and_issued_load_pv_forecast,6312.2172,1011.5001,495.69658333333325,495.69658333333325,0.0,0.0,0.0,0.0,387.75626666666676,0.0,1200.0,1200.0,0.8519,1.0698,530.29620485,0.0,-0.0,2074.1082704000005,530.29620485,2604.4044752500004,1,5661.5926,2687.4131,12
2025-01-02,98,2025-01-02T00:00:00,2025-01-02 16:30:00,2025-01-02 16:40:00,2024-12-31,ATTACHMENT1-DECLARED-PRIOR,cvar_t0.90_r0.05_g0.00,Q2V2-SW2-REC5,A,A,B,2025-01-02T00:00:00,3783.278582777777,3869.5352031481475,previous_confirmed_final_slot_and_issued_load_pv_forecast,6239.28,757.725,547.11905,547.11905,0.0,0.0,0.0,0.0,366.47344999999984,0.0,1200.0,1200.0,0.8791,1.0489,573.873171545,0.0,-0.0,1921.970008524999,573.873171545,2495.843180069999,1,5665.8922,2383.1779,12
2025-01-02,99,2025-01-02T00:00:00,2025-01-02 16:40:00,2025-01-02 16:50:00,2024-12-31,ATTACHMENT1-DECLARED-PRIOR,cvar_t0.90_r0.05_g0.00,Q2V2-SW2-REC5,A,A,B,2025-01-02T00:00:00,3783.278582777777,3869.5352031481475,previous_confirmed_final_slot_and_issued_load_pv_forecast,6276.4877,494.5646,599.9854333333333,599.9854333333333,0.0,0.0,0.0,0.0,363.66841666666664,0.0,1200.0,1200.0,0.9024,1.0608,636.4645476799999,0.0,-0.0,1928.897282,636.4645476799999,2565.3618296799996,1,5689.0372,2089.1246,12
2025-01-02,100,2025-01-02T00:00:00,2025-01-02 16:50:00,2025-01-02 17:00:00,2024-12-31,ATTACHMENT1-DECLARED-PRIOR,cvar_t0.90_r0.05_g0.00,Q2V2-SW2-REC5,A,A,B,2025-01-02T00:00:00,3783.278582777777,3869.5352031481475,previous_confirmed_final_slot_and_issued_load_pv_forecast,6335.5438,213.8643,635.4297499999999,635.4297499999999,0.0,0.0,0.0,0.0,384.85016666666684,0.0,1200.0,1200.0,0.9163,1.0696,679.6556605999999,0.0,-0.0,2058.1786913333344,679.6556605999999,2737.8343519333343,1,5603.6614,1791.0829,12
2025-01-02,101,2025-01-02T00:00:00,2025-01-02 17:00:00,2025-01-02 17:10:00,2024-12-31,ATTACHMENT1-DECLARED-PRIOR,cvar_t0.90_r0.05_g0.00,Q2V2-SW2-REC5,A,A,B,2025-01-02T00:00:00,3783.278582777777,3869.5352031481475,previous_confirmed_final_slot_and_issued_load_pv_forecast,6317.75,6.675,660.8306833333334,660.8306833333334,0.0,0.0,0.0,0.0,391.01514999999995,0.0,1200.0,1200.0,0.9264,1.0691,706.4940835516667,0.0,-0.0,2090.1714843249997,706.4940835516667,2796.6655678766665,1,5466.7124,1501.7283,12
2025-01-02,102,2025-01-02T00:00:00,2025-01-02 17:10:00,2025-01-02 17:20:00,2024-12-31,ATTACHMENT1-DECLARED-PRIOR,cvar_t0.90_r0.05_g0.00,Q2V2-SW2-REC5,A,A,B,2025-01-02T00:00:00,3783.278582777777,3869.5352031481475,previous_confirmed_final_slot_and_issued_load_pv_forecast,6215.7285,0.0,702.0369333333333,702.0369333333333,0.0,0.0,0.0,0.0,333.91781666666657,0.0,1200.0,1200.0,0.9462,1.1027,774.1361263866667,0.0,-0.0,1841.0558821916663,774.1361263866667,2615.192008578333,1,5467.3939,1255.1723,12
2025-01-02,103,2025-01-02T00:00:00,2025-01-02 17:20:00,2025-01-02 17:30:00,2024-12-31,ATTACHMENT1-DECLARED-PRIOR,cvar_t0.90_r0.05_g0.00,Q2V2-SW2-REC5,A,A,B,2025-01-02T00:00:00,3783.278582777777,3869.5352031481475,previous_confirmed_final_slot_and_issued_load_pv_forecast,6137.0958,6.7246,738.0657833333333,738.0657833333333,0.0,0.0,0.0,0.0,283.66274999999996,0.0,1200.0,1200.0,0.9742,1.1447,844.8639021816667,0.0,-0.0,1623.543749625,844.8639021816667,2468.4076518066668,1,5464.727,1036.3323,12
2025-01-02,104,2025-01-02T00:00:00,2025-01-02 17:30:00,2025-01-02 17:40:00,2024-12-31,ATTACHMENT1-DECLARED-PRIOR,cvar_t0.90_r0.05_g0.00,Q2V2-SW2-REC5,A,A,B,2025-01-02T00:00:00,3783.278582777777,3869.5352031481475,previous_confirmed_final_slot_and_issued_load_pv_forecast,6185.23,0.0,775.9447166666666,775.9447166666666,0.0,0.0,0.0,0.0,254.9269499999998,0.0,1200.0,1200.0,0.9862,1.132,878.3694192666666,0.0,-0.0,1442.8865369999987,878.3694192666666,2321.255956266665,1,5492.4458,836.7775,12
2025-01-02,105,2025-01-02T00:00:00,2025-01-02 17:40:00,2025-01-02 17:50:00,2024-12-31,ATTACHMENT1-DECLARED-PRIOR,cvar_t0.90_r0.05_g0.00,Q2V2-SW2-REC5,A,A,B,2025-01-02T00:00:00,3783.278582777777,3869.5352031481475,previous_confirmed_final_slot_and_issued_load_pv_forecast,6275.9932,0.0,826.08325,826.08325,0.0,0.0,0.0,0.0,219.91561666666655,0.0,1200.0,1200.0,0.976,1.0495,866.9743708750001,0.0,-0.0,1154.0071984583328,866.9743708750001,2020.981569333333,1,5621.7308,665.2313,12
2025-01-02,106,2025-01-02T00:00:00,2025-01-02 17:50:00,2025-01-02 18:00:00,2024-12-31,ATTACHMENT1-DECLARED-PRIOR,cvar_t0.90_r0.05_g0.00,Q2V2-SW2-REC5,A,A,B,2025-01-02T00:00:00,3783.278582777777,3869.5352031481475,previous_confirmed_final_slot_and_issued_load_pv_forecast,5749.3845,0.4828,762.4227999999999,762.4227999999999,0.0,0.0,0.0,0.0,195.72748333333334,0.0,1200.0,1200.0,1.0742,1.1389,868.32332692,0.0,-0.0,1114.5701538416665,868.32332692,1982.8934807616665,1,5091.2126,516.6758,12
2025-01-02,107,2025-01-02T00:00:00,2025-01-02 18:00:00,2025-01-02 18:10:00,2024-12-31,ATTACHMENT1-DECLARED-PRIOR,cvar_t0.90_r0.05_g0.00,Q2V2-SW2-REC5,A,A,B,2025-01-02T00:00:00,3783.278582777777,3869.5352031481475,previous_confirmed_final_slot_and_issued_load_pv_forecast,4825.29,0.0,636.9826166666667,636.9826166666667,0.0,0.0,0.0,0.0,167.23238333333325,0.0,1200.0,1200.0,1.2313,1.3264,844.8937427466667,0.0,-0.0,1109.085166266666,844.8937427466667,1953.9789090133327,1,4208.5688,386.6731,18
2025-01-02,108,2025-01-02T00:00:00,2025-01-02 18:10:00,2025-01-02 18:20:00,2024-12-31,ATTACHMENT1-DECLARED-PRIOR,cvar_t0.90_r0.05_g0.00,Q2V2-SW2-REC5,A,A,B,2025-01-02T00:00:00,3783.278582777777,3869.5352031481475,previous_confirmed_final_slot_and_issued_load_pv_forecast,4462.7208,0.0,531.8940499999999,531.8940499999999,0.0,0.0,0.0,0.0,211.8927500000001,0.0,1200.0,1200.0,1.2561,1.2974,690.0793404699999,0.0,-0.0,1374.5482692500007,690.0793404699999,2064.6276097200007,1,4122.7611,275.7933,18
2025-01-02,109,2025-01-02T00:00:00,2025-01-02 18:20:00,2025-01-02 18:30:00,2024-12-31,ATTACHMENT1-DECLARED-PRIOR,cvar_t0.90_r0.05_g0.00,Q2V2-SW2-REC5,A,A,B,2025-01-02T00:00:00,3783.278582777777,3869.5352031481475,previous_confirmed_final_slot_and_issued_load_pv_forecast,4487.596,0.0347,678.8305333333333,678.8305333333333,0.0,0.0,0.0,0.0,69.09635000000003,0.0,1200.0,1200.0,1.2447,1.2746,865.2373977866665,0.0,-0.0,440.35103855000017,865.2373977866665,1305.5884363366667,1,4255.9358,182.9526,18
2025-01-02,110,2025-01-02T00:00:00,2025-01-02 18:30:00,2025-01-02 18:40:00,2024-12-31,ATTACHMENT1-DECLARED-PRIOR,cvar_t0.90_r0.05_g0.00,Q2V2-SW2-REC5,A,A,B,2025-01-02T00:00:00,3783.278582777777,3869.5352031481475,previous_confirmed_final_slot_and_issued_load_pv_forecast,4531.35,0.0,686.2684999999999,686.2684999999999,0.0,0.0,0.0,0.0,68.95650000000012,0.0,1200.0,1200.0,1.2545,1.302,893.521587,0.0,-0.0,448.90681500000073,893.521587,1342.4284020000007,1,4225.9524,108.3414,18
2025-01-02,111,2025-01-02T00:00:00,2025-01-02 18:40:00,2025-01-02 18:50:00,2024-12-31,ATTACHMENT1-DECLARED-PRIOR,cvar_t0.90_r0.05_g0.00,Q2V2-SW2-REC5,A,A,B,2025-01-02T00:00:00,3783.278582777777,3869.5352031481475,previous_confirmed_final_slot_and_issued_load_pv_forecast,4433.2667,0.0,696.5043833333333,696.5043833333333,0.0,0.0,0.0,0.0,42.37340000000006,0.0,1200.0,1200.0,1.2522,1.2218,850.9890555566666,0.0,-0.0,258.8591006000004,850.9890555566666,1109.8481561566668,1,4233.3384,54.3121,18
2025-01-02,112,2025-01-02T00:00:00,2025-01-02 18:50:00,2025-01-02 19:00:00,2024-12-31,ATTACHMENT1-DECLARED-PRIOR,cvar_t0.90_r0.05_g0.00,Q2V2-SW2-REC5,A,A,B,2025-01-02T00:00:00,3783.278582777777,3869.5352031481475,previous_confirmed_final_slot_and_issued_load_pv_forecast,4446.1905,0.0025,0.0,0.0,0.0,0.0,0.0,0.0,741.0313333333332,0.0,1200.0,1200.0,1.2881,1.3207,0.0,0.0,-0.0,4893.400409666667,0.0,4893.400409666667,1,4246.4625,18.6569,18
2025-01-02,113,2025-01-02T00:00:00,2025-01-02 19:00:00,2025-01-02 19:10:00,2024-12-31,ATTACHMENT1-DECLARED-PRIOR,cvar_t0.90_r0.05_g0.00,Q2V2-SW2-REC5,A,A,B,2025-01-02T00:00:00,3783.278582777777,3869.5352031481475,previous_confirmed_final_slot_and_issued_load_pv_forecast,4522.69,0.0,0.0,0.0,0.0,0.0,0.0,0.0,753.7816666666665,0.0,1200.0,1200.0,1.3466,1.5402,0.0,0.0,-0.0,5804.872614999999,0.0,5804.872614999999,1,4239.1795,0.2753,18
2025-01-02,114,2025-01-02T00:00:00,2025-01-02 19:10:00,2025-01-02 19:20:00,2024-12-31,ATTACHMENT1-DECLARED-PRIOR,cvar_t0.90_r0.05_g0.00,Q2V2-SW2-REC5,A,A,B,2025-01-02T00:00:00,3783.278582777777,3869.5352031481475,previous_confirmed_final_slot_and_issued_load_pv_forecast,4365.4081,0.0,0.0,0.0,0.0,0.0,0.0,0.0,727.5680166666666,0.0,1200.0,1200.0,1.3523,1.5188,0.0,0.0,-0.0,5525.151518566666,0.0,5525.151518566666,1,4244.6684,0.2296,18
2025-01-02,115,2025-01-02T00:00:00,2025-01-02 19:20:00,2025-01-02 19:30:00,2024-12-31,ATTACHMENT1-DECLARED-PRIOR,cvar_t0.90_r0.05_g0.00,Q2V2-SW2-REC5,A,A,B,2025-01-02T00:00:00,3783.278582777777,3869.5352031481475,previous_confirmed_final_slot_and_issued_load_pv_forecast,4272.9727,0.0,0.0,0.0,0.0,0.0,0.0,0.0,712.1621166666666,0.0,1200.0,1200.0,1.3445,1.5062,0.0,0.0,-0.0,5363.292900616666,0.0,5363.292900616666,1,4251.9187,0.6007,18
2025-01-02,116,2025-01-02T00:00:00,2025-01-02 19:30:00,2025-01-02 19:40:00,2024-12-31,ATTACHMENT1-DECLARED-PRIOR,cvar_t0.90_r0.05_g0.00,Q2V2-SW2-REC5,A,A,B,2025-01-02T00:00:00,3783.278582777777,3869.5352031481475,previous_confirmed_final_slot_and_issued_load_pv_forecast,4365.74,0.0,0.0,0.0,0.0,0.0,0.0,0.0,727.6233333333332,0.0,1200.0,1200.0,1.3483,1.5684,0.0,0.0,-0.0,5706.02218,0.0,5706.02218,1,4256.6813,0.0,18
2025-01-02,117,2025-01-02T00:00:00,2025-01-02 19:40:00,2025-01-02 19:50:00,2024-12-31,ATTACHMENT1-DECLARED-PRIOR,cvar_t0.90_r0.05_g0.00,Q2V2-SW2-REC5,A,A,B,2025-01-02T00:00:00,3783.278582777777,3869.5352031481475,previous_confirmed_final_slot_and_issued_load_pv_forecast,4459.5799,0.0,0.0,0.0,0.0,0.0,0.0,0.0,743.2633166666666,0.0,1200.0,1200.0,1.349,1.5131,0.0,0.0,-0.0,5623.158622241665,0.0,5623.158622241665,1,4267.3947,0.0,18
2025-01-02,118,2025-01-02T00:00:00,2025-01-02 19:50:00,2025-01-02 20:00:00,2024-12-31,ATTACHMENT1-DECLARED-PRIOR,cvar_t0.90_r0.05_g0.00,Q2V2-SW2-REC5,A,A,B,2025-01-02T00:00:00,3783.278582777777,3869.5352031481475,previous_confirmed_final_slot_and_issued_load_pv_forecast,4483.9677,0.0,0.0,0.0,0.0,0.0,0.0,0.0,747.32795,0.0,1200.0,1200.0,1.3473,1.474,0.0,0.0,-0.0,5507.8069915,0.0,5507.8069915,1,4269.975,0.0,18
2025-01-02,119,2025-01-02T00:00:00,2025-01-02 20:00:00,2025-01-02 20:10:00,2024-12-31,ATTACHMENT1-DECLARED-PRIOR,cvar_t0.90_r0.05_g0.00,Q2V2-SW2-REC5,A,A,B,2025-01-02T00:00:00,3783.278582777777,3869.5352031481475,previous_confirmed_final_slot_and_issued_load_pv_forecast,4509.26,0.0,0.0,0.0,0.0,0.0,0.0,0.0,751.5433333333333,0.0,1200.0,1200.0,1.3482,1.5042,0.0,0.0,-0.0,5652.35741,0.0,5652.35741,1,4268.6702,0.0,18
2025-01-02,120,2025-01-02T00:00:00,2025-01-02 20:10:00,2025-01-02 20:20:00,2024-12-31,ATTACHMENT1-DECLARED-PRIOR,cvar_t0.90_r0.05_g0.00,Q2V2-SW2-REC5,A,A,B,2025-01-02T00:00:00,3783.278582777777,3869.5352031481475,previous_confirmed_final_slot_and_issued_load_pv_forecast,4622.8615,0.0,0.0,0.0,0.0,0.0,0.0,0.0,770.4769166666666,0.0,1200.0,1200.0,1.3513,1.5144,0.0,0.0,-0.0,5834.051213,0.0,5834.051213,1,4282.2245,0.0,18
2025-01-02,121,2025-01-02T00:00:00,2025-01-02 20:20:00,2025-01-02 20:30:00,2024-12-31,ATTACHMENT1-DECLARED-PRIOR,cvar_t0.90_r0.05_g0.00,Q2V2-SW2-REC5,A,A,B,2025-01-02T00:00:00,3783.278582777777,3869.5352031481475,previous_confirmed_final_slot_and_issued_load_pv_forecast,4560.6006,0.0,0.0,0.0,0.0,0.0,0.0,0.0,760.1000999999999,0.0,1200.0,1200.0,1.34,1.5101,0.0,0.0,-0.0,5739.135805049998,0.0,5739.135805049998,1,4291.7049,0.0,18
2025-01-02,122,2025-01-02T00:00:00,2025-01-02 20:30:00,2025-01-02 20:40:00,2024-12-31,ATTACHMENT1-DECLARED-PRIOR,cvar_t0.90_r0.05_g0.00,Q2V2-SW2-REC5,A,A,B,2025-01-02T00:00:00,3783.278582777777,3869.5352031481475,previous_confirmed_final_slot_and_issued_load_pv_forecast,4323.46,0.0,0.0,0.0,0.0,0.0,0.0,0.0,720.5766666666666,0.0,1200.0,1200.0,1.3489,1.5457,0.0,0.0,-0.0,5568.976768333333,0.0,5568.976768333333,1,4291.3611,0.0,18
2025-01-02,123,2025-01-02T00:00:00,2025-01-02 20:40:00,2025-01-02 20:50:00,2024-12-31,ATTACHMENT1-DECLARED-PRIOR,cvar_t0.90_r0.05_g0.00,Q2V2-SW2-REC5,A,A,B,2025-01-02T00:00:00,3783.278582777777,3869.5352031481475,previous_confirmed_final_slot_and_issued_load_pv_forecast,4224.7758,0.0,0.0,0.0,0.0,0.0,0.0,0.0,704.1293000000001,0.0,1200.0,1200.0,1.3952,1.6098,0.0,0.0,-0.0,5667.5367357000005,0.0,5667.5367357000005,1,4293.9182,0.0,18
2025-01-02,124,2025-01-02T00:00:00,2025-01-02 20:50:00,2025-01-02 21:00:00,2024-12-31,ATTACHMENT1-DECLARED-PRIOR,cvar_t0.90_r0.05_g0.00,Q2V2-SW2-REC5,A,A,B,2025-01-02T00:00:00,3783.278582777777,3869.5352031481475,previous_confirmed_final_slot_and_issued_load_pv_forecast,4398.0305,0.0,715.8689166666666,715.8689166666666,0.0,0.0,0.0,0.0,17.136166666666668,0.0,1200.0,1200.0,1.2226,1.3601,973.6533135583333,0.0,-0.0,116.53450141666669,973.6533135583333,1090.187814975,1,4295.2135,0.0,18
2025-01-02,125,2025-01-02T00:00:00,2025-01-02 21:00:00,2025-01-02 21:10:00,2024-12-31,ATTACHMENT1-DECLARED-PRIOR,cvar_t0.90_r0.05_g0.00,Q2V2-SW2-REC5,A,A,B,2025-01-02T00:00:00,3783.278582777777,3869.5352031481475,previous_confirmed_final_slot_and_issued_load_pv_forecast,4648.27,0.0,717.0051166666667,717.0051166666667,0.0,0.0,0.0,0.0,57.70654999999999,0.0,1200.0,1200.0,0.9332,0.9518,682.4454700433333,0.0,-0.0,274.62547144999996,682.4454700433333,957.0709414933333,1,4302.0307,0.0,18
2025-01-02,126,2025-01-02T00:00:00,2025-01-02 21:10:00,2025-01-02 21:20:00,2024-12-31,ATTACHMENT1-DECLARED-PRIOR,cvar_t0.90_r0.05_g0.00,Q2V2-SW2-REC5,A,A,B,2025-01-02T00:00:00,3783.278582777777,3869.5352031481475,previous_confirmed_final_slot_and_issued_load_pv_forecast,4633.6,0.0,720.1603,720.1603,0.0,0.0,0.0,0.0,52.106366666666645,0.0,1200.0,1200.0,0.9068,0.9182,661.25118746,0.0,-0.0,239.2203293666666,661.25118746,900.4715168266666,1,4320.9618,0.0,18
2025-01-02,127,2025-01-02T00:00:00,2025-01-02 21:20:00,2025-01-02 21:30:00,2024-12-31,ATTACHMENT1-DECLARED-PRIOR,cvar_t0.90_r0.05_g0.00,Q2V2-SW2-REC5,A,A,B,2025-01-02T00:00:00,3783.278582777777,3869.5352031481475,previous_confirmed_final_slot_and_issued_load_pv_forecast,4538.5738,0.0,717.0548666666666,717.0548666666666,0.0,0.0,0.0,0.0,39.3741,0.0,1200.0,1200.0,0.9371,0.9978,715.47734596,0.0,-0.0,196.43738489999998,715.47734596,911.91473086,1,4302.3292,0.0,18
2025-01-02,128,2025-01-02T00:00:00,2025-01-02 21:30:00,2025-01-02 21:40:00,2024-12-31,ATTACHMENT1-DECLARED-PRIOR,cvar_t0.90_r0.05_g0.00,Q2V2-SW2-REC5,A,A,B,2025-01-02T00:00:00,3783.278582777777,3869.5352031481475,previous_confirmed_final_slot_and_issued_load_pv_forecast,4588.87,0.0,720.4459666666667,720.4459666666667,0.0,0.0,0.0,0.0,44.36569999999995,0.0,1200.0,1200.0,0.9371,1.0226,736.7280455133333,0.0,-0.0,226.8418240999997,736.7280455133333,963.569869613333,1,4322.6758,0.0,18
2025-01-02,129,2025-01-02T00:00:00,2025-01-02 21:40:00,2025-01-02 21:50:00,2024-12-31,ATTACHMENT1-DECLARED-PRIOR,cvar_t0.90_r0.05_g0.00,Q2V2-SW2-REC5,A,A,B,2025-01-02T00:00:00,3783.278582777777,3869.5352031481475,previous_confirmed_final_slot_and_issued_load_pv_forecast,4752.9518,0.0,738.1347166666666,738.1347166666666,0.0,0.0,0.0,0.0,54.02391666666665,0.0,1200.0,1200.0,0.9871,1.0437,770.391203785,0.0,-0.0,281.92380912499993,770.391203785,1052.31501291,1,4428.8083,0.0,18
2025-01-02,130,2025-01-02T00:00:00,2025-01-02 21:50:00,2025-01-02 22:00:00,2024-12-31,ATTACHMENT1-DECLARED-PRIOR,cvar_t0.90_r0.05_g0.00,Q2V2-SW2-REC5,A,A,B,2025-01-02T00:00:00,3783.278582777777,3869.5352031481475,previous_confirmed_final_slot_and_issued_load_pv_forecast,4388.3683,0.0,671.6935666666666,671.6935666666666,0.0,0.0,0.0,0.0,59.7011500000001,0.0,1200.0,1200.0,0.7764,0.8145,547.09441005,0.0,-0.0,243.1329333750004,547.09441005,790.2273434250003,1,4030.1614,0.0,18
2025-01-02,131,2025-01-02T00:00:00,2025-01-02 22:00:00,2025-01-02 22:10:00,2024-12-31,ATTACHMENT1-DECLARED-PRIOR,cvar_t0.90_r0.05_g0.00,Q2V2-SW2-REC5,A,A,B,2025-01-02T00:00:00,3783.278582777777,3869.5352031481475,previous_confirmed_final_slot_and_issued_load_pv_forecast,3695.47,0.0,1393.7903166666665,1393.7903166666665,0.0,0.0,777.8786499999999,0.0,0.0,0.0,1200.0,1900.0907849999999,0.4209,0.4539,632.641424735,0.0,-0.0,0.0,632.641424735,632.641424735,1,3362.7419,0.0,18
2025-01-02,132,2025-01-02T00:00:00,2025-01-02 22:10:00,2025-01-02 22:20:00,2024-12-31,ATTACHMENT1-DECLARED-PRIOR,cvar_t0.90_r0.05_g0.00,Q2V2-SW2-REC5,A,A,B,2025-01-02T00:00:00,3783.278582777777,3869.5352031481475,previous_confirmed_final_slot_and_issued_load_pv_forecast,3549.5286,0.0,1384.8989,1384.8989,0.0,0.0,793.3108,0.0,0.0,0.0,1900.0907849999999,2614.0705049999997,0.3859,0.3707,513.38202223,0.0,-0.0,0.0,513.38202223,513.38202223,1,3309.3934,0.0,18
2025-01-02,133,2025-01-02T00:00:00,2025-01-02 22:20:00,2025-01-02 22:30:00,2024-12-31,ATTACHMENT1-DECLARED-PRIOR,cvar_t0.90_r0.05_g0.00,Q2V2-SW2-REC5,A,A,B,2025-01-02T00:00:00,3783.278582777777,3869.5352031481475,previous_confirmed_final_slot_and_issued_load_pv_forecast,3568.6566,0.0,568.8260499999999,568.8260499999999,0.0,0.0,0.0,25.950050000000033,0.0,0.0,2614.0705049999997,2585.237116111111,0.4368,0.3724,211.83082101999997,0.0,-0.0,0.0,211.83082101999997,211.83082101999997,1,3412.9563,0.0,18
2025-01-02,134,2025-01-02T00:00:00,2025-01-02 22:30:00,2025-01-02 22:40:00,2024-12-31,ATTACHMENT1-DECLARED-PRIOR,cvar_t0.90_r0.05_g0.00,Q2V2-SW2-REC5,A,A,B,2025-01-02T00:00:00,3783.278582777777,3869.5352031481475,previous_confirmed_final_slot_and_issued_load_pv_forecast,3527.23,0.0,1396.98855,1396.98855,0.0,0.0,809.1168833333334,0.0,0.0,0.0,2585.237116111111,3313.442311111111,0.4198,0.3623,506.12895166500005,0.0,-0.0,0.0,506.12895166500005,506.12895166500005,1,3381.9313,0.0,18
2025-01-02,135,2025-01-02T00:00:00,2025-01-02 22:40:00,2025-01-02 22:50:00,2024-12-31,ATTACHMENT1-DECLARED-PRIOR,cvar_t0.90_r0.05_g0.00,Q2V2-SW2-REC5,A,A,B,2025-01-02T00:00:00,3783.278582777777,3869.5352031481475,previous_confirmed_final_slot_and_issued_load_pv_forecast,3577.6994,0.0,1397.7598666666665,1397.7598666666665,0.0,0.0,801.4766333333332,0.0,0.0,0.0,3313.442311111111,4034.771281111111,0.4186,0.4398,614.7347893599999,0.0,-0.0,0.0,614.7347893599999,614.7347893599999,1,3386.5592,0.0,18
2025-01-02,136,2025-01-02T00:00:00,2025-01-02 22:50:00,2025-01-02 23:00:00,2024-12-31,ATTACHMENT1-DECLARED-PRIOR,cvar_t0.90_r0.05_g0.00,Q2V2-SW2-REC5,A,A,B,2025-01-02T00:00:00,3783.278582777777,3869.5352031481475,previous_confirmed_final_slot_and_issued_load_pv_forecast,3478.244,0.0,566.7474333333332,566.7474333333332,0.0,0.0,0.0,12.959900000000061,0.0,0.0,4034.771281111111,4020.371392222222,0.4241,0.4911,278.32966450999993,0.0,-0.0,0.0,278.32966450999993,278.32966450999993,1,3400.4846,0.0,18
2025-01-02,137,2025-01-02T00:00:00,2025-01-02 23:00:00,2025-01-02 23:10:00,2024-12-31,ATTACHMENT1-DECLARED-PRIOR,cvar_t0.90_r0.05_g0.00,Q2V2-SW2-REC5,A,A,B,2025-01-02T00:00:00,3783.278582777777,3869.5352031481475,previous_confirmed_final_slot_and_issued_load_pv_forecast,3323.61,0.0,566.5404333333333,566.5404333333333,0.0,0.0,12.605433333333394,0.0,0.0,0.0,4020.371392222222,4031.7162822222217,0.4237,0.473,267.97362496666665,0.0,-0.0,0.0,267.97362496666665,267.97362496666665,1,3399.2426,0.0,18
2025-01-02,138,2025-01-02T00:00:00,2025-01-02 23:10:00,2025-01-02 23:20:00,2024-12-31,ATTACHMENT1-DECLARED-PRIOR,cvar_t0.90_r0.05_g0.00,Q2V2-SW2-REC5,A,A,B,2025-01-02T00:00:00,3783.278582777777,3869.5352031481475,previous_confirmed_final_slot_and_issued_load_pv_forecast,3478.4063,0.0,567.83015,567.83015,0.0,0.0,0.0,11.904233333333309,0.0,0.0,4031.7162822222217,4018.4893562962957,0.4248,0.4541,257.851671115,0.0,-0.0,0.0,257.851671115,257.851671115,1,3406.9809,0.0,18
2025-01-02,139,2025-01-02T00:00:00,2025-01-02 23:20:00,2025-01-02 23:30:00,2024-12-31,ATTACHMENT1-DECLARED-PRIOR,cvar_t0.90_r0.05_g0.00,Q2V2-SW2-REC5,A,A,B,2025-01-02T00:00:00,3783.278582777777,3869.5352031481475,previous_confirmed_final_slot_and_issued_load_pv_forecast,3640.9395,0.0,569.3586333333333,569.3586333333333,0.0,0.0,0.0,37.46461666666664,0.0,0.0,4018.4893562962957,3976.8620044444438,0.424,0.4446,253.13684837999998,0.0,-0.0,0.0,253.13684837999998,253.13684837999998,1,3416.1518,0.0,18
2025-01-02,140,2025-01-02T00:00:00,2025-01-02 23:30:00,2025-01-02 23:40:00,2024-12-31,ATTACHMENT1-DECLARED-PRIOR,cvar_t0.90_r0.05_g0.00,Q2V2-SW2-REC5,A,A,B,2025-01-02T00:00:00,3783.278582777777,3869.5352031481475,previous_confirmed_final_slot_and_issued_load_pv_forecast,3700.96,0.0,570.3301833333333,570.3301833333333,0.0,0.0,0.0,46.496483333333344,0.0,0.0,3976.8620044444438,3925.1992451851843,0.422,0.4413,251.686709905,0.0,-0.0,0.0,251.686709905,251.686709905,1,3421.9811,0.0,18
2025-01-02,141,2025-01-02T00:00:00,2025-01-02 23:40:00,2025-01-02 23:50:00,2024-12-31,ATTACHMENT1-DECLARED-PRIOR,cvar_t0.90_r0.05_g0.00,Q2V2-SW2-REC5,A,A,B,2025-01-02T00:00:00,3783.278582777777,3869.5352031481475,previous_confirmed_final_slot_and_issued_load_pv_forecast,3769.729,0.0,571.6153833333333,571.6153833333333,0.0,0.0,0.0,56.672783333333314,0.0,0.0,3925.1992451851843,3862.229485925925,0.424,0.4391,250.99631482166663,0.0,-0.0,0.0,250.99631482166663,250.99631482166663,1,3429.6923,0.0,18
2025-01-02,142,2025-01-02T00:00:00,2025-01-02 23:50:00,2025-01-03 00:00:00,2024-12-31,ATTACHMENT1-DECLARED-PRIOR,cvar_t0.90_r0.05_g0.00,Q2V2-SW2-REC5,A,A,B,2025-01-02T00:00:00,3783.278582777777,3869.5352031481475,previous_confirmed_final_slot_and_issued_load_pv_forecast,3428.202,0.0,573.1768333333333,573.1768333333333,0.0,0.0,1.8098333333333585,0.0,0.0,0.0,3862.229485925925,3863.858335925925,0.4271,0.4199,240.67695231666667,0.0,-0.0,0.0,240.67695231666667,240.67695231666667,1,3439.061,0.0,18
2025-01-02,143,2025-01-02T00:00:00,2025-01-03 00:00:00,2025-01-03 00:10:00,2024-12-31,ATTACHMENT1-DECLARED-PRIOR,cvar_t0.90_r0.05_g0.00,Q2V2-SW2-REC5,A,A,B,2025-01-02T00:00:00,3783.278582777777,3869.5352031481475,previous_confirmed_final_slot_and_issued_load_pv_forecast,2919.12,0.0,574.1209833333332,574.1209833333332,0.0,0.0,87.60098333333326,0.0,0.0,0.0,3863.858335925925,3942.699220925925,0.4276,0.4054,232.74864664333327,0.0,-0.0,0.0,232.74864664333327,232.74864664333327,1,3444.7259,0.0,18
2025-01-03,0,2025-01-03T00:00:00,2025-01-03 00:10:00,2025-01-03 00:20:00,2024-12-31,ATTACHMENT1-DECLARED-PRIOR,nocvar_g0.00,Q2V2-SW2-REC5,A,A,B,2025-01-03T00:00:00,3742.336641481481,3942.699220925925,previous_confirmed_final_slot_and_issued_load_pv_forecast,2954.3509,0.0,1421.6216,1421.6216,0.0,0.0,833.3333333333334,0.0,0.0,95.89644999999996,3942.699220925925,4692.699220925925,0.4248,0.4323,614.56701768,0.0,-0.0,0.0,614.56701768,614.56701768,0,3439.8466,0.0,0
2025-01-03,1,2025-01-03T00:00:00,2025-01-03 00:20:00,2025-01-03 00:30:00,2024-12-31,ATTACHMENT1-DECLARED-PRIOR,nocvar_g0.00,Q2V2-SW2-REC5,A,A,B,2025-01-03T00:00:00,3742.336641481481,3942.699220925925,previous_confirmed_final_slot_and_issued_load_pv_forecast,2960.6102,0.0,1434.9214499999998,1434.9214499999998,0.0,0.0,833.3333333333334,0.0,0.0,108.15308333333314,4692.699220925925,5442.699220925925,0.4245,0.4274,613.2854277299999,0.0,-0.0,0.0,613.2854277299999,613.2854277299999,0,3437.9792,0.0,0
2025-01-03,2,2025-01-03T00:00:00,2025-01-03 00:30:00,2025-01-03 00:40:00,2024-12-31,ATTACHMENT1-DECLARED-PRIOR,nocvar_g0.00,Q2V2-SW2-REC5,A,A,B,2025-01-03T00:00:00,3742.336641481481,3942.699220925925,previous_confirmed_final_slot_and_issued_load_pv_forecast,2756.51,0.0,1454.4266666666667,1454.4266666666667,0.0,0.0,833.3333333333334,0.0,0.0,161.67500000000007,5442.699220925925,6192.699220925925,0.4269,0.3899,567.0809573333333,0.0,-0.0,0.0,567.0809573333333,567.0809573333333,0,3444.3031,0.0,0
2025-01-03,3,2025-01-03T00:00:00,2025-01-03 00:40:00,2025-01-03 00:50:00,2024-12-31,ATTACHMENT1-DECLARED-PRIOR,nocvar_g0.00,Q2V2-SW2-REC5,A,A,B,2025-01-03T00:00:00,3742.336641481481,3942.699220925925,previous_confirmed_final_slot_and_issued_load_pv_forecast,2725.0654,0.0,1418.4385166666666,1418.4385166666666,0.0,0.0,833.3333333333334,0.0,0.0,130.9276166666666,6192.699220925925,6942.699220925925,0.4272,0.3911,554.7513038683334,0.0,-0.0,0.0,554.7513038683334,554.7513038683334,0,3454.4437,0.0,0
2025-01-03,4,2025-01-03T00:00:00,2025-01-03 00:50:00,2025-01-03 01:00:00,2024-12-31,ATTACHMENT1-DECLARED-PRIOR,nocvar_g0.00,Q2V2-SW2-REC5,A,A,B,2025-01-03T00:00:00,3742.336641481481,3942.699220925925,previous_confirmed_final_slot_and_issued_load_pv_forecast,2639.7341,0.0,1417.09375,1417.09375,0.0,0.0,833.3333333333334,0.0,0.0,143.80473333333327,6942.699220925925,7692.699220925925,0.4271,0.389,551.24946875,0.0,-0.0,0.0,551.24946875,551.24946875,0,3458.8273,0.0,0
2025-01-03,5,2025-01-03T00:00:00,2025-01-03 01:00:00,2025-01-03 01:10:00,2024-12-31,ATTACHMENT1-DECLARED-PRIOR,nocvar_g0.00,Q2V2-SW2-REC5,A,A,B,2025-01-03T00:00:00,3742.336641481481,3942.699220925925,previous_confirmed_final_slot_and_issued_load_pv_forecast,2583.76,0.0,1464.5016666666666,1464.5016666666666,0.0,0.0,833.3333333333334,0.0,0.0,200.54166666666663,7692.699220925925,8442.699220925926,0.4285,0.3604,527.8064006666666,0.0,-0.0,0.0,527.8064006666666,527.8064006666666,0,3459.8401,0.0,0
2025-01-03,6,2025-01-03T00:00:00,2025-01-03 01:10:00,2025-01-03 01:20:00,2024-12-31,ATTACHMENT1-DECLARED-PRIOR,nocvar_g0.00,Q2V2-SW2-REC5,A,A,B,2025-01-03T00:00:00,3742.336641481481,3942.699220925925,previous_confirmed_final_slot_and_issued_load_pv_forecast,2902.6811,0.0,650.0534166666666,650.0534166666666,0.0,0.0,166.27323333333334,0.0,0.0,0.0,8442.699220925926,8592.345130925925,0.4311,0.33,214.5176275,0.0,-0.0,0.0,214.5176275,214.5176275,0,3467.1582,0.0,0
2025-01-03,7,2025-01-03T00:00:00,2025-01-03 01:20:00,2025-01-03 01:30:00,2024-12-31,ATTACHMENT1-DECLARED-PRIOR,nocvar_g0.00,Q2V2-SW2-REC5,A,A,B,2025-01-03T00:00:00,3742.336641481481,3942.699220925925,previous_confirmed_final_slot_and_issued_load_pv_forecast,3131.051,0.0,652.8062666666666,652.8062666666666,0.0,0.0,130.96443333333332,0.0,0.0,0.0,8592.345130925925,8710.213120925926,0.4302,0.3201,208.96328595999998,0.0,-0.0,0.0,208.96328595999998,208.96328595999998,0,3467.9632,0.0,0
2025-01-03,8,2025-01-03T00:00:00,2025-01-03 01:30:00,2025-01-03 01:40:00,2024-12-31,ATTACHMENT1-DECLARED-PRIOR,nocvar_g0.00,Q2V2-SW2-REC5,A,A,B,2025-01-03T00:00:00,3742.336641481481,3942.699220925925,previous_confirmed_final_slot_and_issued_load_pv_forecast,3056.82,0.0,1469.5466666666666,1469.5466666666666,0.0,0.0,833.3333333333334,0.0,0.0,126.74333333333323,8710.213120925926,9460.213120925926,0.4279,0.3449,506.8466453333333,0.0,-0.0,0.0,506.8466453333333,506.8466453333333,0,3466.9683,0.0,0
2025-01-03,9,2025-01-03T00:00:00,2025-01-03 01:40:00,2025-01-03 01:50:00,2024-12-31,ATTACHMENT1-DECLARED-PRIOR,nocvar_g0.00,Q2V2-SW2-REC5,A,A,B,2025-01-03T00:00:00,3742.336641481481,3942.699220925925,previous_confirmed_final_slot_and_issued_load_pv_forecast,2923.5412,0.0,588.8356,588.8356,0.0,0.0,101.57873333333333,0.0,0.0,0.0,9460.213120925926,9551.633980925926,0.4312,0.3981,234.41545236000002,0.0,-0.0,0.0,234.41545236000002,234.41545236000002,0,3482.4927,0.0,0
2025-01-03,10,2025-01-03T00:00:00,2025-01-03 01:50:00,2025-01-03 02:00:00,2024-12-31,ATTACHMENT1-DECLARED-PRIOR,nocvar_g0.00,Q2V2-SW2-REC5,A,A,B,2025-01-03T00:00:00,3742.336641481481,3942.699220925925,previous_confirmed_final_slot_and_issued_load_pv_forecast,2940.6553,0.0,615.7768833333332,615.7768833333332,0.0,0.0,125.6676666666666,0.0,0.0,0.0,9551.633980925926,9664.734880925926,0.4333,0.4209,259.18049019499995,0.0,-0.0,0.0,259.18049019499995,259.18049019499995,0,3495.0841,0.0,0
2025-01-03,11,2025-01-03T00:00:00,2025-01-03 02:00:00,2025-01-03 02:10:00,2024-12-31,ATTACHMENT1-DECLARED-PRIOR,nocvar_g0.00,Q2V2-SW2-REC5,A,A,B,2025-01-03T00:00:00,3742.336641481481,3942.699220925925,previous_confirmed_final_slot_and_issued_load_pv_forecast,3047.21,0.0,677.455,677.455,0.0,0.0,169.5866666666667,0.0,0.0,0.0,9664.734880925926,9817.362880925926,0.4311,0.3978,269.491599,0.0,-0.0,0.0,269.491599,269.491599,0,3498.4443,0.0,0
2025-01-03,12,2025-01-03T00:00:00,2025-01-03 02:10:00,2025-01-03 02:20:00,2024-12-31,ATTACHMENT1-DECLARED-PRIOR,nocvar_g0.00,Q2V2-SW2-REC5,A,A,B,2025-01-03T00:00:00,3742.336641481481,3942.699220925925,previous_confirmed_final_slot_and_issued_load_pv_forecast,3000.6237,0.0,1468.4451666666664,1468.4451666666664,0.0,0.0,833.3333333333334,0.0,0.0,135.0078833333331,9817.362880925926,10567.362880925926,0.4293,0.3609,529.96186065,0.0,-0.0,0.0,529.96186065,529.96186065,0,3505.2295,0.0,0
2025-01-03,13,2025-01-03T00:00:00,2025-01-03 02:20:00,2025-01-03 02:30:00,2024-12-31,ATTACHMENT1-DECLARED-PRIOR,nocvar_g0.00,Q2V2-SW2-REC5,A,A,B,2025-01-03T00:00:00,3742.336641481481,3942.699220925925,previous_confirmed_final_slot_and_issued_load_pv_forecast,2860.5275,0.0,640.8249166666667,640.8249166666667,0.0,0.0,164.07033333333334,0.0,0.0,0.0,10567.362880925926,10715.026180925926,0.4324,0.3095,198.33531170833334,0.0,-0.0,0.0,198.33531170833334,198.33531170833334,0,3512.6387,0.0,0
2025-01-03,14,2025-01-03T00:00:00,2025-01-03 02:30:00,2025-01-03 02:40:00,2024-12-31,ATTACHMENT1-DECLARED-PRIOR,nocvar_g0.00,Q2V2-SW2-REC5,A,A,B,2025-01-03T00:00:00,3742.336641481481,3942.699220925925,previous_confirmed_final_slot_and_issued_load_pv_forecast,2800.1,0.0,705.7699999999998,705.7699999999998,0.0,0.0,94.41535452674846,0.0,0.0,144.67131213991803,10715.026180925926,10800.0,0.4367,0.297,209.6136899999999,0.0,-0.0,0.0,209.6136899999999,209.6136899999999,0,3516.8685,0.0,0
2025-01-03,15,2025-01-03T00:00:00,2025-01-03 02:40:00,2025-01-03 02:50:00,2024-12-31,ATTACHMENT1-DECLARED-PRIOR,nocvar_g0.00,Q2V2-SW2-REC5,A,A,B,2025-01-03T00:00:00,3742.336641481481,3942.699220925925,previous_confirmed_final_slot_and_issued_load_pv_forecast,2953.2923,0.0,684.9959166666664,684.9959166666664,0.0,0.0,0.0,0.0,0.0,192.7805333333331,10800.0,10800.0,0.4348,0.3844,263.3124303666666,0.0,-0.0,0.0,263.3124303666666,263.3124303666666,0,3517.9246,0.0,0
2025-01-03,16,2025-01-03T00:00:00,2025-01-03 02:50:00,2025-01-03 03:00:00,2024-12-31,ATTACHMENT1-DECLARED-PRIOR,nocvar_g0.00,Q2V2-SW2-REC5,A,A,B,2025-01-03T00:00:00,3742.336641481481,3942.699220925925,previous_confirmed_final_slot_and_issued_load_pv_forecast,3161.0061,0.0,666.1490833333332,666.1490833333332,0.0,0.0,0.0,0.0,0.0,139.31473333333327,10800.0,10800.0,0.4335,0.4193,279.31631064166663,0.0,-0.0,0.0,279.31631064166663,279.31631064166663,0,3518.5518,0.0,0
2025-01-03,17,2025-01-03T00:00:00,2025-01-03 03:00:00,2025-01-03 03:10:00,2024-12-31,ATTACHMENT1-DECLARED-PRIOR,nocvar_g0.00,Q2V2-SW2-REC5,A,A,B,2025-01-03T00:00:00,3742.336641481481,3942.699220925925,previous_confirmed_final_slot_and_issued_load_pv_forecast,3294.0,0.0,683.6983333333333,683.6983333333333,0.0,0.0,0.0,0.0,0.0,134.69833333333327,10800.0,10800.0,0.4357,0.3772,257.89101133333327,0.0,-0.0,0.0,257.89101133333327,257.89101133333327,0,3521.0976,0.0,0
2025-01-03,18,2025-01-03T00:00:00,2025-01-03 03:10:00,2025-01-03 03:20:00,2024-12-31,ATTACHMENT1-DECLARED-PRIOR,nocvar_g0.00,Q2V2-SW2-REC5,A,A,B,2025-01-03T00:00:00,3742.336641481481,3942.699220925925,previous_confirmed_final_slot_and_issued_load_pv_forecast,3346.735,0.0,681.0096166666666,681.0096166666666,0.0,0.0,0.0,0.0,0.0,123.22044999999991,10800.0,10800.0,0.4374,0.3799,258.71555337166666,0.0,-0.0,0.0,258.71555337166666,258.71555337166666,0,3526.9261,0.0,0
2025-01-03,19,2025-01-03T00:00:00,2025-01-03 03:20:00,2025-01-03 03:30:00,2024-12-31,ATTACHMENT1-DECLARED-PRIOR,nocvar_g0.00,Q2V2-SW2-REC5,A,A,B,2025-01-03T00:00:00,3742.336641481481,3942.699220925925,previous_confirmed_final_slot_and_issued_load_pv_forecast,3390.5777,0.0,688.9604333333333,688.9604333333333,0.0,0.0,0.0,0.0,0.0,123.86415,10800.0,10800.0,0.4371,0.4092,281.92260932,0.0,-0.0,0.0,281.92260932,281.92260932,0,3537.2854,0.0,0
2025-01-03,20,2025-01-03T00:00:00,2025-01-03 03:30:00,2025-01-03 03:40:00,2024-12-31,ATTACHMENT1-DECLARED-PRIOR,nocvar_g0.00,Q2V2-SW2-REC5,A,A,B,2025-01-03T00:00:00,3742.336641481481,3942.699220925925,previous_confirmed_final_slot_and_issued_load_pv_forecast,3426.62,0.0,696.53,696.53,0.0,0.0,0.0,0.0,0.0,125.42666666666673,10800.0,10800.0,0.4356,0.4294,299.08998199999996,0.0,-0.0,0.0,299.08998199999996,299.08998199999996,0,3544.8808,0.0,0
2025-01-03,21,2025-01-03T00:00:00,2025-01-03 03:40:00,2025-01-03 03:50:00,2024-12-31,ATTACHMENT1-DECLARED-PRIOR,nocvar_g0.00,Q2V2-SW2-REC5,A,A,B,2025-01-03T00:00:00,3742.336641481481,3942.699220925925,previous_confirmed_final_slot_and_issued_load_pv_forecast,3375.8805,0.0,658.8951833333332,658.8951833333332,0.0,0.0,0.0,0.0,0.0,96.2484333333332,10800.0,10800.0,0.4353,0.4309,283.9179344983333,0.0,-0.0,0.0,283.9179344983333,283.9179344983333,0,3541.2787,0.0,0
2025-01-03,22,2025-01-03T00:00:00,2025-01-03 03:50:00,2025-01-03 04:00:00,2024-12-31,ATTACHMENT1-DECLARED-PRIOR,nocvar_g0.00,Q2V2-SW2-REC5,A,A,B,2025-01-03T00:00:00,3742.336641481481,3942.699220925925,previous_confirmed_final_slot_and_issued_load_pv_forecast,3204.2096,0.0,651.7915999999999,651.7915999999999,0.0,0.0,0.0,0.0,0.0,117.75666666666655,10800.0,10800.0,0.436,0.4294,279.87931303999994,0.0,-0.0,0.0,279.87931303999994,279.87931303999994,0,3546.3976,0.0,0
2025-01-03,23,2025-01-03T00:00:00,2025-01-03 04:00:00,2025-01-03 04:10:00,2024-12-31,ATTACHMENT1-DECLARED-PRIOR,nocvar_g0.00,Q2V2-SW2-REC5,A,A,B,2025-01-03T00:00:00,3742.336641481481,3942.699220925925,previous_confirmed_final_slot_and_issued_load_pv_forecast,3155.14,0.0,683.2183333333332,683.2183333333332,0.0,0.0,0.0,0.0,0.0,157.36166666666668,10800.0,10800.0,0.4378,0.4312,294.60374533333334,0.0,-0.0,0.0,294.60374533333334,294.60374533333334,0,3560.207,0.0,0
2025-01-03,24,2025-01-03T00:00:00,2025-01-03 04:10:00,2025-01-03 04:20:00,2024-12-31,ATTACHMENT1-DECLARED-PRIOR,nocvar_g0.00,Q2V2-SW2-REC5,A,A,B,2025-01-03T00:00:00,3742.336641481481,3942.699220925925,previous_confirmed_final_slot_and_issued_load_pv_forecast,3470.3443,0.0,687.3103833333332,687.3103833333332,0.0,0.0,0.0,0.0,0.0,108.91966666666656,10800.0,10800.0,0.4401,0.4266,293.2066095299999,0.0,-0.0,0.0,293.2066095299999,293.2066095299999,0,3561.9581,0.0,0
2025-01-03,25,2025-01-03T00:00:00,2025-01-03 04:20:00,2025-01-03 04:30:00,2024-12-31,ATTACHMENT1-DECLARED-PRIOR,nocvar_g0.00,Q2V2-SW2-REC5,A,A,B,2025-01-03T00:00:00,3742.336641481481,3942.699220925925,previous_confirmed_final_slot_and_issued_load_pv_forecast,3371.4266,0.0,694.8344666666665,694.8344666666665,0.0,0.0,0.0,0.0,0.0,132.9300333333332,10800.0,10800.0,0.4389,0.4067,282.58917759333326,0.0,-0.0,0.0,282.58917759333326,282.58917759333326,0,3556.7183,0.0,0
2025-01-03,26,2025-01-03T00:00:00,2025-01-03 04:30:00,2025-01-03 04:40:00,2024-12-31,ATTACHMENT1-DECLARED-PRIOR,nocvar_g0.00,Q2V2-SW2-REC5,A,A,B,2025-01-03T00:00:00,3742.336641481481,3942.699220925925,previous_confirmed_final_slot_and_issued_load_pv_forecast,2945.58,0.0,710.04,710.04,0.0,0.0,0.0,0.0,0.0,219.11,10800.0,10800.0,0.4364,0.3821,271.306284,0.0,-0.0,0.0,271.306284,271.306284,0,3560.0272,0.0,0
2025-01-03,27,2025-01-03T00:00:00,2025-01-03 04:40:00,2025-01-03 04:50:00,2024-12-31,ATTACHMENT1-DECLARED-PRIOR,nocvar_g0.00,Q2V2-SW2-REC5,A,A,B,2025-01-03T00:00:00,3742.336641481481,3942.699220925925,previous_confirmed_final_slot_and_issued_load_pv_forecast,3074.9809,0.0,702.8703666666667,702.8703666666667,0.0,0.0,0.0,0.0,0.0,190.37355000000002,10800.0,10800.0,0.4393,0.3764,264.56040601333336,0.0,-0.0,0.0,264.56040601333336,264.56040601333336,0,3580.654,0.5994,0
2025-01-03,28,2025-01-03T00:00:00,2025-01-03 04:50:00,2025-01-03 05:00:00,2024-12-31,ATTACHMENT1-DECLARED-PRIOR,nocvar_g0.00,Q2V2-SW2-REC5,A,A,B,2025-01-03T00:00:00,3742.336641481481,3942.699220925925,previous_confirmed_final_slot_and_issued_load_pv_forecast,3342.863,0.0,710.3095,710.3095,0.0,0.0,0.0,0.0,0.0,153.16566666666665,10800.0,10800.0,0.4422,0.391,277.7310145,0.0,-0.0,0.0,277.7310145,277.7310145,0,3586.916,0.2345,0
2025-01-03,29,2025-01-03T00:00:00,2025-01-03 05:00:00,2025-01-03 05:10:00,2024-12-31,ATTACHMENT1-DECLARED-PRIOR,nocvar_g0.00,Q2V2-SW2-REC5,A,A,B,2025-01-03T00:00:00,3742.336641481481,3942.699220925925,previous_confirmed_final_slot_and_issued_load_pv_forecast,3341.55,0.0,723.6499999999999,723.6499999999999,0.0,0.0,0.0,0.0,0.0,166.7249999999999,10800.0,10800.0,0.4395,0.4065,294.16372499999994,0.0,-0.0,0.0,294.16372499999994,294.16372499999994,0,3571.2635,0.2885,0
2025-01-03,30,2025-01-03T00:00:00,2025-01-03 05:10:00,2025-01-03 05:20:00,2024-12-31,ATTACHMENT1-DECLARED-PRIOR,nocvar_g0.00,Q2V2-SW2-REC5,A,A,B,2025-01-03T00:00:00,3742.336641481481,3942.699220925925,previous_confirmed_final_slot_and_issued_load_pv_forecast,3130.4364,0.0019,701.3697833333333,701.3697833333333,0.0,0.0,0.0,0.0,0.0,179.63070000000005,10800.0,10800.0,0.4333,0.4053,284.265173185,0.0,-0.0,0.0,284.265173185,284.265173185,0,3562.3171,18.6781,0
2025-01-03,31,2025-01-03T00:00:00,2025-01-03 05:20:00,2025-01-03 05:30:00,2024-12-31,ATTACHMENT1-DECLARED-PRIOR,nocvar_g0.00,Q2V2-SW2-REC5,A,A,B,2025-01-03T00:00:00,3742.336641481481,3942.699220925925,previous_confirmed_final_slot_and_issued_load_pv_forecast,3224.3627,0.0,717.02055,717.02055,0.0,0.0,0.0,0.0,0.0,179.62676666666664,10800.0,10800.0,0.4439,0.432,309.7528776,0.0,-0.0,0.0,309.7528776,309.7528776,0,3591.3809,54.4698,0
2025-01-03,32,2025-01-03T00:00:00,2025-01-03 05:30:00,2025-01-03 05:40:00,2024-12-31,ATTACHMENT1-DECLARED-PRIOR,nocvar_g0.00,Q2V2-SW2-REC5,A,A,B,2025-01-03T00:00:00,3742.336641481481,3942.699220925925,previous_confirmed_final_slot_and_issued_load_pv_forecast,3607.85,0.0,1084.6131761316879,1084.6131761316879,0.0,0.0,0.0,0.0,0.0,483.30484279835457,10800.0,10800.0,0.4301,0.4612,500.22359683193446,0.0,-0.0,0.0,500.22359683193446,500.22359683193446,0,3579.7045,108.9718,0
2025-01-03,33,2025-01-03T00:00:00,2025-01-03 05:40:00,2025-01-03 05:50:00,2024-12-31,ATTACHMENT1-DECLARED-PRIOR,nocvar_g0.00,Q2V2-SW2-REC5,A,A,B,2025-01-03T00:00:00,3742.336641481481,3942.699220925925,previous_confirmed_final_slot_and_issued_load_pv_forecast,3733.6991,0.0271,1524.7678499999997,1524.7678499999997,0.0,0.0,0.0,0.0,0.0,902.4891833333331,10800.0,10800.0,0.3713,0.4479,682.9435200149999,0.0,-0.0,0.0,682.9435200149999,682.9435200149999,0,3486.119,184.1603,0
2025-01-03,34,2025-01-03T00:00:00,2025-01-03 05:50:00,2025-01-03 06:00:00,2024-12-31,ATTACHMENT1-DECLARED-PRIOR,nocvar_g0.00,Q2V2-SW2-REC5,A,A,B,2025-01-03T00:00:00,3742.336641481481,3942.699220925925,previous_confirmed_final_slot_and_issued_load_pv_forecast,3503.3718,0.0,749.6888833333333,749.6888833333333,0.0,0.0,0.0,0.0,0.0,165.79358333333334,10800.0,10800.0,0.5708,0.5953,446.2897922483333,0.0,-0.0,0.0,446.2897922483333,446.2897922483333,0,3823.8994,277.0582,0
2025-01-03,35,2025-01-03T00:00:00,2025-01-03 06:00:00,2025-01-03 06:10:00,2024-12-31,ATTACHMENT1-DECLARED-PRIOR,nocvar_g0.00,Q2V2-SW2-REC5,A,A,B,2025-01-03T00:00:00,3742.336641481481,3942.699220925925,previous_confirmed_final_slot_and_issued_load_pv_forecast,3256.78,0.0,894.8966666666666,894.8966666666666,0.0,0.0,0.0,0.0,0.0,352.1,10800.0,10800.0,0.9099,0.8394,751.1762620000001,0.0,-0.0,0.0,751.1762620000001,751.1762620000001,1,4398.0727,388.5494,6
2025-01-03,36,2025-01-03T00:00:00,2025-01-03 06:10:00,2025-01-03 06:20:00,2024-12-31,ATTACHMENT1-DECLARED-PRIOR,nocvar_g0.00,Q2V2-SW2-REC5,A,A,B,2025-01-03T00:00:00,3742.336641481481,3942.699220925925,previous_confirmed_final_slot_and_issued_load_pv_forecast,3421.25,0.3772,231.74703333333343,231.74703333333343,0.0,0.0,0.0,338.3984333333332,0.0,0.0,10800.0,10424.001740740741,0.9368,0.8855,205.21199801666674,0.0,-0.0,0.0,205.21199801666674,205.21199801666674,1,4454.0123,521.2803,6
2025-01-03,37,2025-01-03T00:00:00,2025-01-03 06:20:00,2025-01-03 06:30:00,2024-12-31,ATTACHMENT1-DECLARED-PRIOR,nocvar_g0.00,Q2V2-SW2-REC5,A,A,B,2025-01-03T00:00:00,3742.336641481481,3942.699220925925,previous_confirmed_final_slot_and_issued_load_pv_forecast,3519.6603,0.0,886.1488333333333,886.1488333333333,0.0,0.0,299.5387833333333,0.0,0.0,0.0,10424.001740740741,10693.586645740741,0.8758,0.8344,739.4025865333333,0.0,-0.0,0.0,739.4025865333333,739.4025865333333,1,4371.7919,672.7677,6
2025-01-03,38,2025-01-03T00:00:00,2025-01-03 06:30:00,2025-01-03 06:40:00,2024-12-31,ATTACHMENT1-DECLARED-PRIOR,nocvar_g0.00,Q2V2-SW2-REC5,A,A,B,2025-01-03T00:00:00,3742.336641481481,3942.699220925925,previous_confirmed_final_slot_and_issued_load_pv_forecast,3365.9,0.0,899.97,899.97,0.0,0.0,118.23706028806555,0.0,0.0,220.74960637860113,10693.586645740741,10800.0,0.8759,0.801,720.87597,0.0,-0.0,0.0,720.87597,720.87597,1,4392.953,844.2261,6
2025-01-03,39,2025-01-03T00:00:00,2025-01-03 06:40:00,2025-01-03 06:50:00,2024-12-31,ATTACHMENT1-DECLARED-PRIOR,nocvar_g0.00,Q2V2-SW2-REC5,A,A,B,2025-01-03T00:00:00,3742.336641481481,3942.699220925925,previous_confirmed_final_slot_and_issued_load_pv_forecast,3274.086,5.2535,906.9324166666664,906.9324166666664,0.0,0.0,0.0,0.0,0.0,362.12699999999984,10800.0,10800.0,0.8601,0.8053,730.3526751416665,0.0,-0.0,0.0,730.3526751416665,730.3526751416665,1,4384.5956,1039.6744,6
2025-01-03,40,2025-01-03T00:00:00,2025-01-03 06:50:00,2025-01-03 07:00:00,2024-12-31,ATTACHMENT1-DECLARED-PRIOR,nocvar_g0.00,Q2V2-SW2-REC5,A,A,B,2025-01-03T00:00:00,3742.336641481481,3942.699220925925,previous_confirmed_final_slot_and_issued_load_pv_forecast,3462.1699,0.0,907.4001666666666,907.4001666666666,0.0,0.0,0.0,0.0,0.0,330.37185,10800.0,10800.0,0.8442,0.8421,764.1216803499999,0.0,-0.0,0.0,764.1216803499999,764.1216803499999,1,4434.7757,1259.3375,6
2025-01-03,41,2025-01-03T00:00:00,2025-01-03 07:00:00,2025-01-03 07:10:00,2024-12-31,ATTACHMENT1-DECLARED-PRIOR,nocvar_g0.00,Q2V2-SW2-REC5,A,A,B,2025-01-03T00:00:00,3742.336641481481,3942.699220925925,previous_confirmed_final_slot_and_issued_load_pv_forecast,3787.21,10.1625,905.0925,905.0925,0.0,0.0,0.0,0.0,0.0,275.5845833333334,10800.0,10800.0,0.8334,0.8647,782.63348475,0.0,-0.0,0.0,782.63348475,782.63348475,1,4523.4561,1508.6318,6
2025-01-03,42,2025-01-03T00:00:00,2025-01-03 07:10:00,2025-01-03 07:20:00,2024-12-31,ATTACHMENT1-DECLARED-PRIOR,nocvar_g0.00,Q2V2-SW2-REC5,A,A,B,2025-01-03T00:00:00,3742.336641481481,3942.699220925925,previous_confirmed_final_slot_and_issued_load_pv_forecast,3895.0622,189.0764,878.9144166666666,878.9144166666666,0.0,0.0,0.0,0.0,0.0,261.2501166666667,10800.0,10800.0,0.8092,0.8348,733.7177550333333,0.0,-0.0,0.0,733.7177550333333,733.7177550333333,1,4524.0721,1791.4107,6
2025-01-03,43,2025-01-03T00:00:00,2025-01-03 07:20:00,2025-01-03 07:30:00,2024-12-31,ATTACHMENT1-DECLARED-PRIOR,nocvar_g0.00,Q2V2-SW2-REC5,A,A,B,2025-01-03T00:00:00,3742.336641481481,3942.699220925925,previous_confirmed_final_slot_and_issued_load_pv_forecast,3904.9573,442.0453,848.0847,848.0847,0.0,0.0,0.0,0.0,0.0,270.93270000000007,10800.0,10800.0,0.7972,0.8811,747.24742917,0.0,-0.0,0.0,747.24742917,747.24742917,1,4545.8867,2085.4865,6
2025-01-03,44,2025-01-03T00:00:00,2025-01-03 07:30:00,2025-01-03 07:40:00,2024-12-31,ATTACHMENT1-DECLARED-PRIOR,nocvar_g0.00,Q2V2-SW2-REC5,A,A,B,2025-01-03T00:00:00,3742.336641481481,3942.699220925925,previous_confirmed_final_slot_and_issued_load_pv_forecast,3913.93,703.4625,799.8166666666666,799.8166666666666,0.0,0.0,0.0,0.0,0.0,264.73875,10800.0,10800.0,0.7644,0.9268,741.2700866666665,0.0,-0.0,0.0,741.2700866666665,741.2700866666665,1,4523.2418,2381.2611,6
2025-01-03,45,2025-01-03T00:00:00,2025-01-03 07:40:00,2025-01-03 07:50:00,2024-12-31,ATTACHMENT1-DECLARED-PRIOR,nocvar_g0.00,Q2V2-SW2-REC5,A,A,B,2025-01-03T00:00:00,3742.336641481481,3942.699220925925,previous_confirmed_final_slot_and_issued_load_pv_forecast,3897.2707,972.3564,1563.1017166666663,1563.1017166666663,0.0,0.0,0.0,0.0,0.0,1075.6159999999995,10800.0,10800.0,0.6899,0.7983,1247.8241004149997,0.0,-0.0,0.0,1247.8241004149997,1247.8241004149997,1,4383.3566,2683.1752,6
2025-01-03,46,2025-01-03T00:00:00,2025-01-03 07:50:00,2025-01-03 08:00:00,2024-12-31,ATTACHMENT1-DECLARED-PRIOR,nocvar_g0.00,Q2V2-SW2-REC5,A,A,B,2025-01-03T00:00:00,3742.336641481481,3942.699220925925,previous_confirmed_final_slot_and_issued_load_pv_forecast,3918.3208,1241.8825,804.7576333333334,804.7576333333334,0.0,0.0,0.0,0.0,0.0,358.6845833333334,10800.0,10800.0,0.86,0.9003,724.5232972900001,0.0,-0.0,0.0,724.5232972900001,724.5232972900001,1,4910.4599,2986.3552,6
2025-01-03,47,2025-01-03T00:00:00,2025-01-03 08:00:00,2025-01-03 08:10:00,2024-12-31,ATTACHMENT1-DECLARED-PRIOR,nocvar_g0.00,Q2V2-SW2-REC5,A,A,B,2025-01-03T00:00:00,3742.336641481481,3942.699220925925,previous_confirmed_final_slot_and_issued_load_pv_forecast,4025.58,1529.2875,120.61875000000026,120.61875000000026,0.0,0.0,0.0,295.4299999999997,0.0,0.0,10800.0,10471.744444444445,1.1617,1.1821,142.5834243750003,0.0,-0.0,0.0,142.5834243750003,142.5834243750003,1,5799.7327,3289.204,6
2025-01-03,48,2025-01-03T00:00:00,2025-01-03 08:10:00,2025-01-03 08:20:00,2024-12-31,ATTACHMENT1-DECLARED-PRIOR,nocvar_g0.00,Q2V2-SW2-REC5,A,A,B,2025-01-03T00:00:00,3742.336641481481,3942.699220925925,previous_confirmed_final_slot_and_issued_load_pv_forecast,4146.3263,1846.5381,88.6622500000002,88.6622500000002,0.0,0.0,0.0,294.63578333333305,0.0,0.0,10471.744444444445,10144.371351851853,1.1683,1.1654,103.32698615000024,0.0,-0.0,0.0,103.32698615000024,103.32698615000024,1,5884.826,3593.3613,6
2025-01-03,49,2025-01-03T00:00:00,2025-01-03 08:20:00,2025-01-03 08:30:00,2024-12-31,ATTACHMENT1-DECLARED-PRIOR,nocvar_g0.00,Q2V2-SW2-REC5,A,A,B,2025-01-03T00:00:00,3742.336641481481,3942.699220925925,previous_confirmed_final_slot_and_issued_load_pv_forecast,3906.1017,2087.1569,0.0941499999997859,0.0941499999997859,0.0,0.0,0.0,303.0633166666669,0.0,0.0,10144.371351851853,9807.634333333333,1.0956,1.0647,0.10024150499977205,0.0,-0.0,0.0,0.10024150499977205,0.10024150499977205,1,5748.0713,3890.7332,6
2025-01-03,50,2025-01-03T00:00:00,2025-01-03 08:30:00,2025-01-03 08:40:00,2024-12-31,ATTACHMENT1-DECLARED-PRIOR,nocvar_g0.00,Q2V2-SW2-REC5,A,A,B,2025-01-03T00:00:00,3742.336641481481,3942.699220925925,previous_confirmed_final_slot_and_issued_load_pv_forecast,3524.22,2292.9375,0.0,0.0,0.0,0.0,0.0,205.2137499999999,0.0,0.0,9807.634333333333,9579.619055555555,1.0849,1.034,0.0,0.0,-0.0,0.0,0.0,0.0,1,5769.0581,4181.3417,6
2025-01-03,51,2025-01-03T00:00:00,2025-01-03 08:40:00,2025-01-03 08:50:00,2024-12-31,ATTACHMENT1-DECLARED-PRIOR,nocvar_g0.00,Q2V2-SW2-REC5,A,A,B,2025-01-03T00:00:00,3742.336641481481,3942.699220925925,previous_confirmed_final_slot_and_issued_load_pv_forecast,3689.646,2620.4459,0.0,0.0,0.0,0.0,0.0,178.20001666666667,0.0,0.0,9579.619055555555,9381.619037037037,1.061,1.0118,0.0,0.0,-0.0,0.0,0.0,0.0,1,5754.2105,4471.7657,6
2025-01-03,52,2025-01-03T00:00:00,2025-01-03 08:50:00,2025-01-03 09:00:00,2024-12-31,ATTACHMENT1-DECLARED-PRIOR,nocvar_g0.00,Q2V2-SW2-REC5,A,A,B,2025-01-03T00:00:00,3742.336641481481,3942.699220925925,previous_confirmed_final_slot_and_issued_load_pv_forecast,4284.7343,2975.4743,0.0,0.0,0.0,0.0,0.0,218.21000000000004,0.0,0.0,9381.619037037037,9139.16348148148,1.043,1.032,0.0,0.0,-0.0,0.0,0.0,0.0,1,5824.1807,4752.8272,6
2025-01-03,53,2025-01-03T00:00:00,2025-01-03 09:00:00,2025-01-03 09:10:00,2024-12-31,ATTACHMENT1-DECLARED-PRIOR,nocvar_g0.00,Q2V2-SW2-REC5,A,A,B,2025-01-03T00:00:00,3742.336641481481,3942.699220925925,previous_confirmed_final_slot_and_issued_load_pv_forecast,4753.54,3263.25,0.0,0.0,0.0,0.0,0.0,248.38166666666666,0.0,0.0,9139.16348148148,8863.18385185185,1.036,1.0652,0.0,0.0,-0.0,0.0,0.0,0.0,1,5954.2601,5021.9074,6
2025-01-03,54,2025-01-03T00:00:00,2025-01-03 09:10:00,2025-01-03 09:20:00,2024-12-31,ATTACHMENT1-DECLARED-PRIOR,nocvar_g0.00,Q2V2-SW2-REC5,A,A,B,2025-01-03T00:00:00,3742.336641481481,3942.699220925925,previous_confirmed_final_slot_and_issued_load_pv_forecast,4591.2578,3471.5364,0.0,0.0,0.0,0.0,0.0,186.62023333333343,0.0,0.0,8863.18385185185,8655.828037037036,1.0147,1.0285,0.0,0.0,-0.0,0.0,0.0,0.0,1,5958.9696,5285.4126,6
2025-01-03,55,2025-01-03T00:00:00,2025-01-03 09:20:00,2025-01-03 09:30:00,2024-12-31,ATTACHMENT1-DECLARED-PRIOR,nocvar_g0.00,Q2V2-SW2-REC5,A,A,B,2025-01-03T00:00:00,3742.336641481481,3942.699220925925,previous_confirmed_final_slot_and_issued_load_pv_forecast,4391.5782,3661.6122,0.0,0.0,0.0,0.0,0.0,121.66099999999994,0.0,0.0,8655.828037037036,8520.649148148146,0.9922,0.9814,0.0,0.0,-0.0,0.0,0.0,0.0,1,5929.5554,5543.1742,6
2025-01-03,56,2025-01-03T00:00:00,2025-01-03 09:30:00,2025-01-03 09:40:00,2024-12-31,ATTACHMENT1-DECLARED-PRIOR,nocvar_g0.00,Q2V2-SW2-REC5,A,A,B,2025-01-03T00:00:00,3742.336641481481,3942.699220925925,previous_confirmed_final_slot_and_issued_load_pv_forecast,4496.24,3906.0,0.0,0.0,0.0,0.0,0.0,98.37333333333322,0.0,0.0,8520.649148148146,8411.345444444443,0.97,0.9601,0.0,0.0,-0.0,0.0,0.0,0.0,1,5923.7828,5788.4093,6
2025-01-03,57,2025-01-03T00:00:00,2025-01-03 09:40:00,2025-01-03 09:50:00,2024-12-31,ATTACHMENT1-DECLARED-PRIOR,nocvar_g0.00,Q2V2-SW2-REC5,A,A,B,2025-01-03T00:00:00,3742.336641481481,3942.699220925925,previous_confirmed_final_slot_and_issued_load_pv_forecast,4673.3336,4237.6324,482.27864999999997,482.27864999999997,0.0,0.0,409.66178333333335,0.0,0.0,0.0,8411.345444444443,8780.041049444444,0.9422,0.9565,461.29952872499996,0.0,-0.0,0.0,461.29952872499996,461.29952872499996,1,5907.586,6012.1304,6
2025-01-03,58,2025-01-03T00:00:00,2025-01-03 09:50:00,2025-01-03 10:00:00,2024-12-31,ATTACHMENT1-DECLARED-PRIOR,nocvar_g0.00,Q2V2-SW2-REC5,A,A,B,2025-01-03T00:00:00,3742.336641481481,3942.699220925925,previous_confirmed_final_slot_and_issued_load_pv_forecast,4538.2138,4559.3408,106.53808333333143,106.53808333333143,0.0,0.0,110.05924999999809,0.0,0.0,0.0,8780.041049444444,8879.094374444443,0.9569,1.0177,108.4238074083314,0.0,-0.0,0.0,108.4238074083314,108.4238074083314,1,5899.1262,6216.1528,6
2025-01-03,59,2025-01-03T00:00:00,2025-01-03 10:00:00,2025-01-03 10:10:00,2024-12-31,ATTACHMENT1-DECLARED-PRIOR,nocvar_g0.00,Q2V2-SW2-REC5,A,A,B,2025-01-03T00:00:00,3742.336641481481,3942.699220925925,previous_confirmed_final_slot_and_issued_load_pv_forecast,4253.49,4799.25,0.0,0.0,0.0,0.0,90.96000000000004,0.0,0.0,0.0,8879.094374444443,8960.958374444443,0.9977,1.0918,0.0,0.0,-0.0,0.0,0.0,0.0,1,5902.2196,6409.5941,6
2025-01-03,60,2025-01-03T00:00:00,2025-01-03 10:10:00,2025-01-03 10:20:00,2024-12-31,ATTACHMENT1-DECLARED-PRIOR,nocvar_g0.00,Q2V2-SW2-REC5,A,A,B,2025-01-03T00:00:00,3742.336641481481,3942.699220925925,previous_confirmed_final_slot_and_issued_load_pv_forecast,4355.1198,4933.6175,0.0,0.0,0.0,0.0,96.41628333333335,0.0,0.0,0.0,8960.958374444443,9047.733029444442,0.9919,1.0725,0.0,0.0,-0.0,0.0,0.0,0.0,1,5897.4793,6599.3808,6
2025-01-03,61,2025-01-03T00:00:00,2025-01-03 10:20:00,2025-01-03 10:30:00,2024-12-31,ATTACHMENT1-DECLARED-PRIOR,nocvar_g0.00,Q2V2-SW2-REC5,A,A,B,2025-01-03T00:00:00,3742.336641481481,3942.699220925925,previous_confirmed_final_slot_and_issued_load_pv_forecast,4561.5437,4909.6483,0.0,0.0,0.0,0.0,58.0174333333332,0.0,0.0,0.0,9047.733029444442,9099.948719444441,0.9588,1.0839,0.0,0.0,-0.0,0.0,0.0,0.0,1,5886.7568,6766.7204,6
2025-01-03,62,2025-01-03T00:00:00,2025-01-03 10:30:00,2025-01-03 10:40:00,2024-12-31,ATTACHMENT1-DECLARED-PRIOR,nocvar_g0.00,Q2V2-SW2-REC5,A,A,B,2025-01-03T00:00:00,3742.336641481481,3942.699220925925,previous_confirmed_final_slot_and_issued_load_pv_forecast,4553.01,4880.7,248.57416666666666,248.57416666666666,0.0,0.0,303.18916666666655,0.0,0.0,0.0,9099.948719444441,9372.81896944444,0.9549,1.1421,283.89655574999995,0.0,-0.0,0.0,283.89655574999995,283.89655574999995,1,5873.4708,6914.5923,6
2025-01-03,63,2025-01-03T00:00:00,2025-01-03 10:40:00,2025-01-03 10:50:00,2024-12-31,ATTACHMENT1-DECLARED-PRIOR,nocvar_g0.00,Q2V2-SW2-REC5,A,A,B,2025-01-03T00:00:00,3742.336641481481,3942.699220925925,previous_confirmed_final_slot_and_issued_load_pv_forecast,4289.7362,5076.8898,0.0,0.0,0.0,0.0,131.19226666666657,0.0,0.0,0.0,9372.81896944444,9490.89200944444,0.9839,1.1022,0.0,0.0,-0.0,0.0,0.0,0.0,1,5858.0308,7064.2053,6
2025-01-03,64,2025-01-03T00:00:00,2025-01-03 10:50:00,2025-01-03 11:00:00,2024-12-31,ATTACHMENT1-DECLARED-PRIOR,nocvar_g0.00,Q2V2-SW2-REC5,A,A,B,2025-01-03T00:00:00,3742.336641481481,3942.699220925925,previous_confirmed_final_slot_and_issued_load_pv_forecast,4146.1721,5196.2418,299.6300666666667,299.6300666666667,0.0,0.0,474.6416833333335,0.0,0.0,0.0,9490.89200944444,9918.06952444444,0.799,0.8505,254.83537170000005,0.0,-0.0,0.0,254.83537170000005,254.83537170000005,1,5844.9948,7197.4315,6
2025-01-03,65,2025-01-03T00:00:00,2025-01-03 11:00:00,2025-01-03 11:10:00,2024-12-31,ATTACHMENT1-DECLARED-PRIOR,nocvar_g0.00,Q2V2-SW2-REC5,A,A,B,2025-01-03T00:00:00,3742.336641481481,3942.699220925925,previous_confirmed_final_slot_and_issued_load_pv_forecast,4247.72,5189.7375,1127.1799999999998,1127.1799999999998,0.0,0.0,833.3333333333334,0.0,0.0,450.84958333333304,9918.06952444444,10668.06952444444,0.5025,0.5512,621.301616,0.0,-0.0,0.0,621.301616,621.301616,1,5839.0587,7303.1142,6
2025-01-03,66,2025-01-03T00:00:00,2025-01-03 11:10:00,2025-01-03 11:20:00,2024-12-31,ATTACHMENT1-DECLARED-PRIOR,nocvar_g0.00,Q2V2-SW2-REC5,A,A,B,2025-01-03T00:00:00,3742.336641481481,3942.699220925925,previous_confirmed_final_slot_and_issued_load_pv_forecast,4376.5197,5315.8751,1143.3291333333332,1143.3291333333332,0.0,0.0,146.589417283956,0.0,0.0,1153.2989493827106,10668.06952444444,10800.0,0.4662,0.5128,586.2991795733333,0.0,-0.0,0.0,586.2991795733333,586.2991795733333,1,5838.7103,7387.6848,6
2025-01-03,67,2025-01-03T00:00:00,2025-01-03 11:20:00,2025-01-03 11:30:00,2024-12-31,ATTACHMENT1-DECLARED-PRIOR,nocvar_g0.00,Q2V2-SW2-REC5,A,A,B,2025-01-03T00:00:00,3742.336641481481,3942.699220925925,previous_confirmed_final_slot_and_issued_load_pv_forecast,4356.2528,5513.9595,1156.2777333333331,1156.2777333333331,0.0,0.0,0.0,0.0,0.0,1349.2288499999995,10800.0,10800.0,0.5007,0.5524,638.7278198933332,0.0,-0.0,0.0,638.7278198933332,638.7278198933332,1,5823.4378,7459.227,6
2025-01-03,68,2025-01-03T00:00:00,2025-01-03 11:30:00,2025-01-03 11:40:00,2024-12-31,ATTACHMENT1-DECLARED-PRIOR,nocvar_g0.00,Q2V2-SW2-REC5,A,A,B,2025-01-03T00:00:00,3742.336641481481,3942.699220925925,previous_confirmed_final_slot_and_issued_load_pv_forecast,4292.25,5731.875,1139.0658333333333,1139.0658333333333,0.0,0.0,0.0,0.0,0.0,1379.003333333333,10800.0,10800.0,0.4827,0.5338,608.0333418333333,0.0,-0.0,0.0,608.0333418333333,608.0333418333333,1,5814.7932,7520.7191,6
2025-01-03,69,2025-01-03T00:00:00,2025-01-03 11:40:00,2025-01-03 11:50:00,2024-12-31,ATTACHMENT1-DECLARED-PRIOR,nocvar_g0.00,Q2V2-SW2-REC5,A,A,B,2025-01-03T00:00:00,3742.336641481481,3942.699220925925,previous_confirmed_final_slot_and_issued_load_pv_forecast,4431.7662,5984.1501,1089.3824833333333,1089.3824833333333,0.0,0.0,0.0,0.0,0.0,1348.1131333333333,10800.0,10800.0,0.4785,0.485,528.3505044166667,0.0,-0.0,0.0,528.3505044166667,528.3505044166667,1,5832.3951,7568.2039,6
2025-01-03,70,2025-01-03T00:00:00,2025-01-03 11:50:00,2025-01-03 12:00:00,2024-12-31,ATTACHMENT1-DECLARED-PRIOR,nocvar_g0.00,Q2V2-SW2-REC5,A,A,B,2025-01-03T00:00:00,3742.336641481481,3942.699220925925,previous_confirmed_final_slot_and_issued_load_pv_forecast,4528.7137,6182.2434,1032.1654333333333,1032.1654333333333,0.0,0.0,0.0,0.0,0.0,1307.7537166666666,10800.0,10800.0,0.4662,0.4077,420.81384717000003,0.0,-0.0,0.0,420.81384717000003,420.81384717000003,1,5712.901,7592.1539,6
2025-01-03,71,2025-01-03T00:00:00,2025-01-03 12:00:00,2025-01-03 12:10:00,2024-12-31,ATTACHMENT1-DECLARED-PRIOR,nocvar_g0.00,Q2V2-SW2-REC5,A,A,B,2025-01-03T00:00:00,3742.336641481481,3942.699220925925,previous_confirmed_final_slot_and_issued_load_pv_forecast,4406.42,6232.0875,1023.2629166666669,1023.2629166666669,0.0,0.0,0.0,0.0,0.0,1327.5408333333335,10800.0,10800.0,0.4432,0.3623,370.7281547083334,0.0,-0.0,0.0,370.7281547083334,370.7281547083334,1,5519.4607,7601.0433,12
2025-01-03,72,2025-01-03T00:00:00,2025-01-03 12:10:00,2025-01-03 12:20:00,2024-12-31,ATTACHMENT1-DECLARED-PRIOR,nocvar_g0.00,Q2V2-SW2-REC5,A,A,B,2025-01-03T00:00:00,3742.336641481481,3942.699220925925,previous_confirmed_final_slot_and_issued_load_pv_forecast,4161.4411,6124.346,1092.422033333333,1092.422033333333,0.0,0.0,0.0,0.0,0.0,1419.5728499999998,10800.0,10800.0,0.4411,0.4249,464.1701219633332,0.0,-0.0,0.0,464.1701219633332,464.1701219633332,1,5494.7907,7612.316,12
2025-01-03,73,2025-01-03T00:00:00,2025-01-03 12:20:00,2025-01-03 12:30:00,2024-12-31,ATTACHMENT1-DECLARED-PRIOR,nocvar_g0.00,Q2V2-SW2-REC5,A,A,B,2025-01-03T00:00:00,3742.336641481481,3942.699220925925,previous_confirmed_final_slot_and_issued_load_pv_forecast,4175.5384,6089.4288,1077.7969833333334,1077.7969833333334,0.0,0.0,0.0,0.0,0.0,1396.7787166666667,10800.0,10800.0,0.4551,0.4701,506.672361865,0.0,-0.0,0.0,506.672361865,506.672361865,1,5514.4524,7602.6524,12
2025-01-03,74,2025-01-03T00:00:00,2025-01-03 12:30:00,2025-01-03 12:40:00,2024-12-31,ATTACHMENT1-DECLARED-PRIOR,nocvar_g0.00,Q2V2-SW2-REC5,A,A,B,2025-01-03T00:00:00,3742.336641481481,3942.699220925925,previous_confirmed_final_slot_and_issued_load_pv_forecast,4332.03,6095.775,996.8991666666664,996.8991666666664,0.0,0.0,0.0,0.0,0.0,1290.8566666666663,10800.0,10800.0,0.4463,0.4408,439.43315266666656,0.0,-0.0,0.0,439.43315266666656,439.43315266666656,1,5485.829,7554.1872,12
2025-01-03,75,2025-01-03T00:00:00,2025-01-03 12:40:00,2025-01-03 12:50:00,2024-12-31,ATTACHMENT1-DECLARED-PRIOR,nocvar_g0.00,Q2V2-SW2-REC5,A,A,B,2025-01-03T00:00:00,3742.336641481481,3942.699220925925,previous_confirmed_final_slot_and_issued_load_pv_forecast,4156.8051,5886.2195,1024.6887666666667,1024.6887666666667,0.0,0.0,0.0,0.0,0.0,1312.9245,10800.0,10800.0,0.4113,0.4295,440.1038252833333,0.0,-0.0,0.0,440.1038252833333,440.1038252833333,1,5462.3628,7472.7384,12
2025-01-03,76,2025-01-03T00:00:00,2025-01-03 12:50:00,2025-01-03 13:00:00,2024-12-31,ATTACHMENT1-DECLARED-PRIOR,nocvar_g0.00,Q2V2-SW2-REC5,A,A,B,2025-01-03T00:00:00,3742.336641481481,3942.699220925925,previous_confirmed_final_slot_and_issued_load_pv_forecast,3998.4468,5586.2759,1061.6716833333335,1061.6716833333335,0.0,0.0,0.0,0.0,0.0,1326.3098666666667,10800.0,10800.0,0.5682,0.6314,670.3395008566667,0.0,-0.0,0.0,670.3395008566667,670.3395008566667,1,5566.1066,7393.4172,12
2025-01-03,77,2025-01-03T00:00:00,2025-01-03 13:00:00,2025-01-03 13:10:00,2024-12-31,ATTACHMENT1-DECLARED-PRIOR,nocvar_g0.00,Q2V2-SW2-REC5,A,A,B,2025-01-03T00:00:00,3742.336641481481,3942.699220925925,previous_confirmed_final_slot_and_issued_load_pv_forecast,4008.75,5384.3625,236.75791666666646,236.75791666666646,0.0,0.0,0.0,0.0,0.0,466.0266666666664,10800.0,10800.0,0.8279,0.9,213.08212499999982,0.0,-0.0,0.0,213.08212499999982,213.08212499999982,1,5725.7548,7312.7979,12
2025-01-03,78,2025-01-03T00:00:00,2025-01-03 13:10:00,2025-01-03 13:20:00,2024-12-31,ATTACHMENT1-DECLARED-PRIOR,nocvar_g0.00,Q2V2-SW2-REC5,A,A,B,2025-01-03T00:00:00,3742.336641481481,3942.699220925925,previous_confirmed_final_slot_and_issued_load_pv_forecast,4000.4293,5377.1542,282.22439999999995,282.22439999999995,0.0,0.0,0.0,0.0,0.0,511.6785500000001,10800.0,10800.0,0.8636,0.8765,247.36968659999994,0.0,-0.0,0.0,247.36968659999994,247.36968659999994,1,5739.4957,7194.541,12
2025-01-03,79,2025-01-03T00:00:00,2025-01-03 13:20:00,2025-01-03 13:30:00,2024-12-31,ATTACHMENT1-DECLARED-PRIOR,nocvar_g0.00,Q2V2-SW2-REC5,A,A,B,2025-01-03T00:00:00,3742.336641481481,3942.699220925925,previous_confirmed_final_slot_and_issued_load_pv_forecast,4052.8564,5440.3984,314.42718333333323,314.42718333333323,0.0,0.0,0.0,0.0,0.0,545.6841833333333,10800.0,10800.0,0.8416,0.8044,252.92522627333327,0.0,-0.0,0.0,252.92522627333327,252.92522627333327,1,5714.6836,7053.1371,12
2025-01-03,80,2025-01-03T00:00:00,2025-01-03 13:30:00,2025-01-03 13:40:00,2024-12-31,ATTACHMENT1-DECLARED-PRIOR,nocvar_g0.00,Q2V2-SW2-REC5,A,A,B,2025-01-03T00:00:00,3742.336641481481,3942.699220925925,previous_confirmed_final_slot_and_issued_load_pv_forecast,4047.69,5414.175,298.48625000000004,298.48625000000004,0.0,0.0,0.0,0.0,0.0,526.2337500000001,10800.0,10800.0,0.8618,0.7991,238.52036237500005,0.0,-0.0,0.0,238.52036237500005,238.52036237500005,1,5717.8505,6910.4064,12
2025-01-03,81,2025-01-03T00:00:00,2025-01-03 13:40:00,2025-01-03 13:50:00,2024-12-31,ATTACHMENT1-DECLARED-PRIOR,nocvar_g0.00,Q2V2-SW2-REC5,A,A,B,2025-01-03T00:00:00,3742.336641481481,3942.699220925925,previous_confirmed_final_slot_and_issued_load_pv_forecast,3788.9507,5218.57,262.15679999999975,262.15679999999975,0.0,0.0,0.0,0.0,0.0,500.426683333333,10800.0,10800.0,0.8623,0.7672,201.1266969599998,0.0,-0.0,0.0,201.1266969599998,201.1266969599998,1,5708.2486,6772.4075,12
2025-01-03,82,2025-01-03T00:00:00,2025-01-03 13:50:00,2025-01-03 14:00:00,2024-12-31,ATTACHMENT1-DECLARED-PRIOR,nocvar_g0.00,Q2V2-SW2-REC5,A,A,B,2025-01-03T00:00:00,3742.336641481481,3942.699220925925,previous_confirmed_final_slot_and_issued_load_pv_forecast,3812.7819,5010.9891,295.02009999999973,295.02009999999973,0.0,0.0,0.0,0.0,0.0,494.7212999999997,10800.0,10800.0,0.9026,0.8981,264.95755180999976,0.0,-0.0,0.0,264.95755180999976,264.95755180999976,1,5696.9182,6607.36,12
2025-01-03,83,2025-01-03T00:00:00,2025-01-03 14:00:00,2025-01-03 14:10:00,2024-12-31,ATTACHMENT1-DECLARED-PRIOR,nocvar_g0.00,Q2V2-SW2-REC5,A,A,B,2025-01-03T00:00:00,3742.336641481481,3942.699220925925,previous_confirmed_final_slot_and_issued_load_pv_forecast,4095.07,4870.5,0.0,0.0,0.0,0.0,0.0,0.0,0.0,129.23833333333334,10800.0,10800.0,0.9754,1.1161,0.0,0.0,-0.0,0.0,0.0,0.0,1,5692.2983,6412.5085,12
2025-01-03,84,2025-01-03T00:00:00,2025-01-03 14:10:00,2025-01-03 14:20:00,2024-12-31,ATTACHMENT1-DECLARED-PRIOR,nocvar_g0.00,Q2V2-SW2-REC5,A,A,B,2025-01-03T00:00:00,3742.336641481481,3942.699220925925,previous_confirmed_final_slot_and_issued_load_pv_forecast,4064.0778,4735.9305,0.0,0.0,0.0,0.0,0.0,0.0,0.0,111.97545000000014,10800.0,10800.0,1.0002,1.1201,0.0,0.0,-0.0,0.0,0.0,0.0,1,5687.1291,6214.0158,12
2025-01-03,85,2025-01-03T00:00:00,2025-01-03 14:20:00,2025-01-03 14:30:00,2024-12-31,ATTACHMENT1-DECLARED-PRIOR,nocvar_g0.00,Q2V2-SW2-REC5,A,A,B,2025-01-03T00:00:00,3742.336641481481,3942.699220925925,previous_confirmed_final_slot_and_issued_load_pv_forecast,3932.6141,4538.4948,0.0,0.0,0.0,0.0,0.0,0.0,0.0,100.98011666666673,10800.0,10800.0,0.9978,1.0592,0.0,0.0,-0.0,0.0,0.0,0.0,1,5678.962,6000.7112,12
2025-01-03,86,2025-01-03T00:00:00,2025-01-03 14:30:00,2025-01-03 14:40:00,2024-12-31,ATTACHMENT1-DECLARED-PRIOR,nocvar_g0.00,Q2V2-SW2-REC5,A,A,B,2025-01-03T00:00:00,3742.336641481481,3942.699220925925,previous_confirmed_final_slot_and_issued_load_pv_forecast,3892.01,4289.0625,0.0,0.0,0.0,0.0,0.0,0.0,0.0,66.1754166666667,10800.0,10800.0,1.0271,1.0922,0.0,0.0,-0.0,0.0,0.0,0.0,1,5669.4508,5766.9816,12
2025-01-03,87,2025-01-03T00:00:00,2025-01-03 14:40:00,2025-01-03 14:50:00,2024-12-31,ATTACHMENT1-DECLARED-PRIOR,nocvar_g0.00,Q2V2-SW2-REC5,A,A,B,2025-01-03T00:00:00,3742.336641481481,3942.699220925925,previous_confirmed_final_slot_and_issued_load_pv_forecast,3900.8667,4035.8747,0.0,0.0,0.0,0.0,0.0,0.0,0.0,22.501333333333264,10800.0,10800.0,1.0906,1.1903,0.0,0.0,-0.0,0.0,0.0,0.0,1,5664.1948,5521.5066,12
2025-01-03,88,2025-01-03T00:00:00,2025-01-03 14:50:00,2025-01-03 15:00:00,2024-12-31,ATTACHMENT1-DECLARED-PRIOR,nocvar_g0.00,Q2V2-SW2-REC5,A,A,B,2025-01-03T00:00:00,3742.336641481481,3942.699220925925,previous_confirmed_final_slot_and_issued_load_pv_forecast,3890.6631,3666.7497,0.0,0.0,0.0,0.0,0.0,37.3189000000001,0.0,0.0,10800.0,10758.534555555556,0.9376,1.0195,0.0,0.0,-0.0,0.0,0.0,0.0,1,5672.7011,5268.781,12
2025-01-03,89,2025-01-03T00:00:00,2025-01-03 15:00:00,2025-01-03 15:10:00,2024-12-31,ATTACHMENT1-DECLARED-PRIOR,nocvar_g0.00,Q2V2-SW2-REC5,A,A,B,2025-01-03T00:00:00,3742.336641481481,3942.699220925925,previous_confirmed_final_slot_and_issued_load_pv_forecast,3800.74,3262.425,1304.55875,1304.55875,0.0,0.0,46.0727160493823,0.0,0.0,1168.7668672839511,10758.534555555556,10800.0,0.6694,0.6815,889.0567881249999,0.0,-0.0,0.0,889.0567881249999,889.0567881249999,1,5682.2544,5009.7152,12
2025-01-03,90,2025-01-03T00:00:00,2025-01-03 15:10:00,2025-01-03 15:20:00,2024-12-31,ATTACHMENT1-DECLARED-PRIOR,nocvar_g0.00,Q2V2-SW2-REC5,A,A,B,2025-01-03T00:00:00,3742.336641481481,3942.699220925925,previous_confirmed_final_slot_and_issued_load_pv_forecast,3650.1373,3026.2269,1386.7440499999998,1386.7440499999998,0.0,0.0,0.0,0.0,0.0,1282.7589833333332,10800.0,10800.0,0.66,0.63,873.6487514999999,0.0,-0.0,0.0,873.6487514999999,873.6487514999999,1,5669.0195,4743.4484,12
2025-01-03,91,2025-01-03T00:00:00,2025-01-03 15:20:00,2025-01-03 15:30:00,2024-12-31,ATTACHMENT1-DECLARED-PRIOR,nocvar_g0.00,Q2V2-SW2-REC5,A,A,B,2025-01-03T00:00:00,3742.336641481481,3942.699220925925,previous_confirmed_final_slot_and_issued_load_pv_forecast,3708.4101,2730.9581,1460.4100666666664,1460.4100666666664,0.0,0.0,0.0,0.0,0.0,1297.5013999999996,10800.0,10800.0,0.7217,0.6917,1010.1656431133331,0.0,-0.0,0.0,1010.1656431133331,1010.1656431133331,1,5656.3651,4471.224,12
2025-01-03,92,2025-01-03T00:00:00,2025-01-03 15:30:00,2025-01-03 15:40:00,2024-12-31,ATTACHMENT1-DECLARED-PRIOR,nocvar_g0.00,Q2V2-SW2-REC5,A,A,B,2025-01-03T00:00:00,3742.336641481481,3942.699220925925,previous_confirmed_final_slot_and_issued_load_pv_forecast,3860.93,2374.575,1498.1016666666667,1498.1016666666667,0.0,0.0,0.0,0.0,0.0,1250.3758333333335,10800.0,10800.0,0.7308,0.7013,1050.6186988333334,0.0,-0.0,0.0,1050.6186988333334,1050.6186988333334,1,5657.0867,4188.2025,12
2025-01-03,93,2025-01-03T00:00:00,2025-01-03 15:40:00,2025-01-03 15:50:00,2024-12-31,ATTACHMENT1-DECLARED-PRIOR,nocvar_g0.00,Q2V2-SW2-REC5,A,A,B,2025-01-03T00:00:00,3742.336641481481,3942.699220925925,previous_confirmed_final_slot_and_issued_load_pv_forecast,3736.1478,2171.7749,1240.2094950617247,1240.2094950617247,0.0,0.0,0.0,0.0,0.0,979.480678395058,10800.0,10800.0,0.7534,0.679,842.1022471469112,0.0,-0.0,0.0,842.1022471469112,842.1022471469112,1,5662.6008,3889.3931,12
2025-01-03,94,2025-01-03T00:00:00,2025-01-03 15:50:00,2025-01-03 16:00:00,2024-12-31,ATTACHMENT1-DECLARED-PRIOR,nocvar_g0.00,Q2V2-SW2-REC5,A,A,B,2025-01-03T00:00:00,3742.336641481481,3942.699220925925,previous_confirmed_final_slot_and_issued_load_pv_forecast,3699.9877,1878.1535,765.3261333333334,765.3261333333334,0.0,0.0,0.0,0.0,0.0,461.6870999999999,10800.0,10800.0,0.7823,0.7045,539.1722609333334,0.0,-0.0,0.0,539.1722609333334,539.1722609333334,1,5669.2596,3594.5946,12
2025-01-03,95,2025-01-03T00:00:00,2025-01-03 16:00:00,2025-01-03 16:10:00,2024-12-31,ATTACHMENT1-DECLARED-PRIOR,nocvar_g0.00,Q2V2-SW2-REC5,A,A,B,2025-01-03T00:00:00,3742.336641481481,3942.699220925925,previous_confirmed_final_slot_and_issued_load_pv_forecast,3817.2,1480.1625,813.0749999999998,813.0749999999998,0.0,0.0,0.0,0.0,0.0,423.5687499999998,10800.0,10800.0,0.8055,0.7784,632.8975799999998,0.0,-0.0,0.0,632.8975799999998,632.8975799999998,1,5673.4767,3303.8878,12
2025-01-03,96,2025-01-03T00:00:00,2025-01-03 16:10:00,2025-01-03 16:20:00,2024-12-31,ATTACHMENT1-DECLARED-PRIOR,nocvar_g0.00,Q2V2-SW2-REC5,A,A,B,2025-01-03T00:00:00,3742.336641481481,3942.699220925925,previous_confirmed_final_slot_and_issued_load_pv_forecast,3751.9521,1222.9729,865.9615833333332,865.9615833333332,0.0,0.0,0.0,0.0,0.0,444.4650499999999,10800.0,10800.0,0.8271,0.8201,710.1750944916666,0.0,-0.0,0.0,710.1750944916666,710.1750944916666,1,5671.0146,2998.4247,12
2025-01-03,97,2025-01-03T00:00:00,2025-01-03 16:20:00,2025-01-03 16:30:00,2024-12-31,ATTACHMENT1-DECLARED-PRIOR,nocvar_g0.00,Q2V2-SW2-REC5,A,A,B,2025-01-03T00:00:00,3742.336641481481,3942.699220925925,previous_confirmed_final_slot_and_issued_load_pv_forecast,3533.1584,995.2058,905.2061166666665,905.2061166666665,0.0,0.0,0.0,0.0,0.0,482.21401666666657,10800.0,10800.0,0.8519,0.7953,719.9104245849999,0.0,-0.0,0.0,719.9104245849999,719.9104245849999,1,5661.5926,2687.4131,12
2025-01-03,98,2025-01-03T00:00:00,2025-01-03 16:30:00,2025-01-03 16:40:00,2024-12-31,ATTACHMENT1-DECLARED-PRIOR,nocvar_g0.00,Q2V2-SW2-REC5,A,A,B,2025-01-03T00:00:00,3742.336641481481,3942.699220925925,previous_confirmed_final_slot_and_issued_load_pv_forecast,3406.26,725.3625,930.9229166666667,930.9229166666667,0.0,0.0,0.0,0.0,0.0,484.10666666666657,10800.0,10800.0,0.8791,0.7609,708.3392472916667,0.0,-0.0,0.0,708.3392472916667,708.3392472916667,1,5665.8922,2383.1779,12
2025-01-03,99,2025-01-03T00:00:00,2025-01-03 16:40:00,2025-01-03 16:50:00,2024-12-31,ATTACHMENT1-DECLARED-PRIOR,nocvar_g0.00,Q2V2-SW2-REC5,A,A,B,2025-01-03T00:00:00,3742.336641481481,3942.699220925925,previous_confirmed_final_slot_and_issued_load_pv_forecast,3544.1616,461.2553,966.0794999999999,966.0794999999999,0.0,0.0,0.0,0.0,0.0,452.26178333333326,10800.0,10800.0,0.9024,0.806,778.660077,0.0,-0.0,0.0,778.660077,778.660077,1,5689.0372,2089.1246,12
2025-01-03,100,2025-01-03T00:00:00,2025-01-03 16:50:00,2025-01-03 17:00:00,2024-12-31,ATTACHMENT1-DECLARED-PRIOR,nocvar_g0.00,Q2V2-SW2-REC5,A,A,B,2025-01-03T00:00:00,3742.336641481481,3942.699220925925,previous_confirmed_final_slot_and_issued_load_pv_forecast,3385.5316,200.2176,1019.8431166666667,1019.8431166666667,0.0,0.0,0.0,0.0,0.0,488.9574500000001,10800.0,10800.0,0.9163,0.8384,855.0364690133334,0.0,-0.0,0.0,855.0364690133334,855.0364690133334,1,5603.6614,1791.0829,12
2025-01-03,101,2025-01-03T00:00:00,2025-01-03 17:00:00,2025-01-03 17:10:00,2024-12-31,ATTACHMENT1-DECLARED-PRIOR,nocvar_g0.00,Q2V2-SW2-REC5,A,A,B,2025-01-03T00:00:00,3742.336641481481,3942.699220925925,previous_confirmed_final_slot_and_issued_load_pv_forecast,2996.54,9.75,1064.3495833333334,1064.3495833333334,0.0,0.0,0.0,0.0,0.0,566.5512500000001,10800.0,10800.0,0.9264,0.8291,882.4522395416667,0.0,-0.0,0.0,882.4522395416667,882.4522395416667,1,5466.7124,1501.7283,12
2025-01-03,102,2025-01-03T00:00:00,2025-01-03 17:10:00,2025-01-03 17:20:00,2024-12-31,ATTACHMENT1-DECLARED-PRIOR,nocvar_g0.00,Q2V2-SW2-REC5,A,A,B,2025-01-03T00:00:00,3742.336641481481,3942.699220925925,previous_confirmed_final_slot_and_issued_load_pv_forecast,2994.4949,0.0,1054.1972166666665,1054.1972166666665,0.0,0.0,0.0,0.0,0.0,555.1147333333331,10800.0,10800.0,0.9462,0.8362,881.5197125766665,0.0,-0.0,0.0,881.5197125766665,881.5197125766665,1,5467.3939,1255.1723,12
2025-01-03,103,2025-01-03T00:00:00,2025-01-03 17:20:00,2025-01-03 17:30:00,2024-12-31,ATTACHMENT1-DECLARED-PRIOR,nocvar_g0.00,Q2V2-SW2-REC5,A,A,B,2025-01-03T00:00:00,3742.336641481481,3942.699220925925,previous_confirmed_final_slot_and_issued_load_pv_forecast,2976.805,5.7669,1027.2525999999998,1027.2525999999998,0.0,0.0,0.0,0.0,0.0,532.0795833333333,10800.0,10800.0,0.9742,0.8309,853.5441853399998,0.0,-0.0,0.0,853.5441853399998,853.5441853399998,1,5464.727,1036.3323,12
2025-01-03,104,2025-01-03T00:00:00,2025-01-03 17:30:00,2025-01-03 17:40:00,2024-12-31,ATTACHMENT1-DECLARED-PRIOR,nocvar_g0.00,Q2V2-SW2-REC5,A,A,B,2025-01-03T00:00:00,3742.336641481481,3942.699220925925,previous_confirmed_final_slot_and_issued_load_pv_forecast,2847.22,0.0,1031.998333333333,1031.998333333333,0.0,0.0,0.0,0.0,0.0,557.4616666666664,10800.0,10800.0,0.9862,0.7971,822.6058714999998,0.0,-0.0,0.0,822.6058714999998,822.6058714999998,1,5492.4458,836.7775,12
2025-01-03,105,2025-01-03T00:00:00,2025-01-03 17:40:00,2025-01-03 17:50:00,2024-12-31,ATTACHMENT1-DECLARED-PRIOR,nocvar_g0.00,Q2V2-SW2-REC5,A,A,B,2025-01-03T00:00:00,3742.336641481481,3942.699220925925,previous_confirmed_final_slot_and_issued_load_pv_forecast,2930.8792,0.0,1077.417783333333,1077.417783333333,0.0,0.0,0.0,0.0,0.0,588.9379166666665,10800.0,10800.0,0.976,0.7805,840.9245798916664,0.0,-0.0,0.0,840.9245798916664,840.9245798916664,1,5621.7308,665.2313,12
2025-01-03,106,2025-01-03T00:00:00,2025-01-03 17:50:00,2025-01-03 18:00:00,2024-12-31,ATTACHMENT1-DECLARED-PRIOR,nocvar_g0.00,Q2V2-SW2-REC5,A,A,B,2025-01-03T00:00:00,3742.336641481481,3942.699220925925,previous_confirmed_final_slot_and_issued_load_pv_forecast,2970.7432,0.414,960.6005333333334,960.6005333333334,0.0,0.0,0.0,0.0,0.0,465.5456666666667,10800.0,10800.0,1.0742,0.9189,882.6958300800001,0.0,-0.0,0.0,882.6958300800001,882.6958300800001,1,5091.2126,516.6758,12
2025-01-03,107,2025-01-03T00:00:00,2025-01-03 18:00:00,2025-01-03 18:10:00,2024-12-31,ATTACHMENT1-DECLARED-PRIOR,nocvar_g0.00,Q2V2-SW2-REC5,A,A,B,2025-01-03T00:00:00,3742.336641481481,3942.699220925925,previous_confirmed_final_slot_and_issued_load_pv_forecast,2859.03,0.0,754.9083333333333,754.9083333333333,0.0,0.0,0.0,0.0,0.0,278.4033333333333,10800.0,10800.0,1.2313,1.1145,841.3453375,0.0,-0.0,0.0,841.3453375,841.3453375,1,4208.5688,386.6731,18
2025-01-03,108,2025-01-03T00:00:00,2025-01-03 18:10:00,2025-01-03 18:20:00,2024-12-31,ATTACHMENT1-DECLARED-PRIOR,nocvar_g0.00,Q2V2-SW2-REC5,A,A,B,2025-01-03T00:00:00,3742.336641481481,3942.699220925925,previous_confirmed_final_slot_and_issued_load_pv_forecast,2767.8666,0.0,748.4221333333335,748.4221333333335,0.0,0.0,0.0,0.0,0.0,287.1110333333335,10800.0,10800.0,1.2561,1.1198,838.0831049066668,0.0,-0.0,0.0,838.0831049066668,838.0831049066668,1,4122.7611,275.7933,18
2025-01-03,109,2025-01-03T00:00:00,2025-01-03 18:20:00,2025-01-03 18:30:00,2024-12-31,ATTACHMENT1-DECLARED-PRIOR,nocvar_g0.00,Q2V2-SW2-REC5,A,A,B,2025-01-03T00:00:00,3742.336641481481,3942.699220925925,previous_confirmed_final_slot_and_issued_load_pv_forecast,2778.7108,0.0297,773.9983166666664,773.9983166666664,0.0,0.0,0.0,0.0,0.0,310.88479999999976,10800.0,10800.0,1.2447,1.1147,862.7759235883331,0.0,-0.0,0.0,862.7759235883331,862.7759235883331,1,4255.9358,182.9526,18
2025-01-03,110,2025-01-03T00:00:00,2025-01-03 18:30:00,2025-01-03 18:40:00,2024-12-31,ATTACHMENT1-DECLARED-PRIOR,nocvar_g0.00,Q2V2-SW2-REC5,A,A,B,2025-01-03T00:00:00,3742.336641481481,3942.699220925925,previous_confirmed_final_slot_and_issued_load_pv_forecast,2809.88,0.0,744.8683333333335,744.8683333333335,0.0,0.0,0.0,0.0,0.0,276.5550000000001,10800.0,10800.0,1.2545,1.1493,856.0771755000002,0.0,-0.0,0.0,856.0771755000002,856.0771755000002,1,4225.9524,108.3414,18
2025-01-03,111,2025-01-03T00:00:00,2025-01-03 18:40:00,2025-01-03 18:50:00,2024-12-31,ATTACHMENT1-DECLARED-PRIOR,nocvar_g0.00,Q2V2-SW2-REC5,A,A,B,2025-01-03T00:00:00,3742.336641481481,3942.699220925925,previous_confirmed_final_slot_and_issued_load_pv_forecast,2711.9698,0.0,745.0775000000001,745.0775000000001,0.0,0.0,0.0,0.0,0.0,293.08253333333346,10800.0,10800.0,1.2522,1.1135,829.64379625,0.0,-0.0,0.0,829.64379625,829.64379625,1,4233.3384,54.3121,18
2025-01-03,112,2025-01-03T00:00:00,2025-01-03 18:50:00,2025-01-03 19:00:00,2024-12-31,ATTACHMENT1-DECLARED-PRIOR,nocvar_g0.00,Q2V2-SW2-REC5,A,A,B,2025-01-03T00:00:00,3742.336641481481,3942.699220925925,previous_confirmed_final_slot_and_issued_load_pv_forecast,2609.4796,0.0021,248.37685000000033,248.37685000000033,0.0,0.0,0.0,186.53606666666636,0.0,0.0,10800.0,10592.737703703704,1.2881,1.1986,297.7044924100004,0.0,-0.0,0.0,297.7044924100004,297.7044924100004,1,4246.4625,18.6569,18
2025-01-03,113,2025-01-03T00:00:00,2025-01-03 19:00:00,2025-01-03 19:10:00,2024-12-31,ATTACHMENT1-DECLARED-PRIOR,nocvar_g0.00,Q2V2-SW2-REC5,A,A,B,2025-01-03T00:00:00,3742.336641481481,3942.699220925925,previous_confirmed_final_slot_and_issued_load_pv_forecast,2608.92,0.0,0.0,0.0,0.0,0.0,0.0,434.82,0.0,0.0,10592.737703703704,10109.60437037037,1.3466,1.3715,0.0,0.0,-0.0,0.0,0.0,0.0,1,4239.1795,0.2753,18
2025-01-03,114,2025-01-03T00:00:00,2025-01-03 19:10:00,2025-01-03 19:20:00,2024-12-31,ATTACHMENT1-DECLARED-PRIOR,nocvar_g0.00,Q2V2-SW2-REC5,A,A,B,2025-01-03T00:00:00,3742.336641481481,3942.699220925925,previous_confirmed_final_slot_and_issued_load_pv_forecast,2689.2879,0.0,0.0,0.0,0.0,0.0,0.0,448.21464999999995,0.0,0.0,10109.60437037037,9611.588092592594,1.3523,1.385,0.0,0.0,-0.0,0.0,0.0,0.0,1,4244.6684,0.2296,18
2025-01-03,115,2025-01-03T00:00:00,2025-01-03 19:20:00,2025-01-03 19:30:00,2024-12-31,ATTACHMENT1-DECLARED-PRIOR,nocvar_g0.00,Q2V2-SW2-REC5,A,A,B,2025-01-03T00:00:00,3742.336641481481,3942.699220925925,previous_confirmed_final_slot_and_issued_load_pv_forecast,2685.1189,0.0,0.0,0.0,0.0,0.0,0.0,447.51981666666666,0.0,0.0,9611.588092592594,9114.343851851852,1.3445,1.3439,0.0,0.0,-0.0,0.0,0.0,0.0,1,4251.9187,0.6007,18
2025-01-03,116,2025-01-03T00:00:00,2025-01-03 19:30:00,2025-01-03 19:40:00,2024-12-31,ATTACHMENT1-DECLARED-PRIOR,nocvar_g0.00,Q2V2-SW2-REC5,A,A,B,2025-01-03T00:00:00,3742.336641481481,3942.699220925925,previous_confirmed_final_slot_and_issued_load_pv_forecast,2707.6,0.0,0.0,0.0,0.0,0.0,0.0,451.26666666666665,0.0,0.0,9114.343851851852,8612.936444444445,1.3483,1.3433,0.0,0.0,-0.0,0.0,0.0,0.0,1,4256.6813,0.0,18
2025-01-03,117,2025-01-03T00:00:00,2025-01-03 19:40:00,2025-01-03 19:50:00,2024-12-31,ATTACHMENT1-DECLARED-PRIOR,nocvar_g0.00,Q2V2-SW2-REC5,A,A,B,2025-01-03T00:00:00,3742.336641481481,3942.699220925925,previous_confirmed_final_slot_and_issued_load_pv_forecast,2988.2372,0.0,0.0,0.0,0.0,0.0,0.0,498.03953333333334,0.0,0.0,8612.936444444445,8059.559185185186,1.349,1.3698,0.0,0.0,-0.0,0.0,0.0,0.0,1,4267.3947,0.0,18
2025-01-03,118,2025-01-03T00:00:00,2025-01-03 19:50:00,2025-01-03 20:00:00,2024-12-31,ATTACHMENT1-DECLARED-PRIOR,nocvar_g0.00,Q2V2-SW2-REC5,A,A,B,2025-01-03T00:00:00,3742.336641481481,3942.699220925925,previous_confirmed_final_slot_and_issued_load_pv_forecast,3022.4875,0.0,0.0,0.0,0.0,0.0,0.0,503.7479166666667,0.0,0.0,8059.559185185186,7499.839277777779,1.3473,1.3803,0.0,0.0,-0.0,0.0,0.0,0.0,1,4269.975,0.0,18
2025-01-03,119,2025-01-03T00:00:00,2025-01-03 20:00:00,2025-01-03 20:10:00,2024-12-31,ATTACHMENT1-DECLARED-PRIOR,nocvar_g0.00,Q2V2-SW2-REC5,A,A,B,2025-01-03T00:00:00,3742.336641481481,3942.699220925925,previous_confirmed_final_slot_and_issued_load_pv_forecast,2798.06,0.0,0.0,0.0,0.0,0.0,0.0,466.3433333333333,0.0,0.0,7499.839277777779,6981.68001851852,1.3482,1.3698,0.0,0.0,-0.0,0.0,0.0,0.0,1,4268.6702,0.0,18
2025-01-03,120,2025-01-03T00:00:00,2025-01-03 20:10:00,2025-01-03 20:20:00,2024-12-31,ATTACHMENT1-DECLARED-PRIOR,nocvar_g0.00,Q2V2-SW2-REC5,A,A,B,2025-01-03T00:00:00,3742.336641481481,3942.699220925925,previous_confirmed_final_slot_and_issued_load_pv_forecast,2801.341,0.0,0.0,0.0,0.0,0.0,0.0,466.89016666666663,0.0,0.0,6981.68001851852,6462.913166666668,1.3513,1.366,0.0,0.0,-0.0,0.0,0.0,0.0,1,4282.2245,0.0,18
2025-01-03,121,2025-01-03T00:00:00,2025-01-03 20:20:00,2025-01-03 20:30:00,2024-12-31,ATTACHMENT1-DECLARED-PRIOR,nocvar_g0.00,Q2V2-SW2-REC5,A,A,B,2025-01-03T00:00:00,3742.336641481481,3942.699220925925,previous_confirmed_final_slot_and_issued_load_pv_forecast,2810.0049,0.0,0.0,0.0,0.0,0.0,0.0,468.33414999999997,0.0,0.0,6462.913166666668,5942.541888888891,1.34,1.3515,0.0,0.0,-0.0,0.0,0.0,0.0,1,4291.7049,0.0,18
2025-01-03,122,2025-01-03T00:00:00,2025-01-03 20:30:00,2025-01-03 20:40:00,2024-12-31,ATTACHMENT1-DECLARED-PRIOR,nocvar_g0.00,Q2V2-SW2-REC5,A,A,B,2025-01-03T00:00:00,3742.336641481481,3942.699220925925,previous_confirmed_final_slot_and_issued_load_pv_forecast,2766.2,0.0,0.0,0.0,0.0,0.0,0.0,461.0333333333333,0.0,0.0,5942.541888888891,5430.282629629632,1.3489,1.3654,0.0,0.0,-0.0,0.0,0.0,0.0,1,4291.3611,0.0,18
2025-01-03,123,2025-01-03T00:00:00,2025-01-03 20:40:00,2025-01-03 20:50:00,2024-12-31,ATTACHMENT1-DECLARED-PRIOR,nocvar_g0.00,Q2V2-SW2-REC5,A,A,B,2025-01-03T00:00:00,3742.336641481481,3942.699220925925,previous_confirmed_final_slot_and_issued_load_pv_forecast,2865.7629,0.0,0.0,0.0,0.0,0.0,0.0,477.62715000000003,0.0,0.0,5430.282629629632,4899.585796296298,1.3952,1.4264,0.0,0.0,-0.0,0.0,0.0,0.0,1,4293.9182,0.0,18
2025-01-03,124,2025-01-03T00:00:00,2025-01-03 20:50:00,2025-01-03 21:00:00,2024-12-31,ATTACHMENT1-DECLARED-PRIOR,nocvar_g0.00,Q2V2-SW2-REC5,A,A,B,2025-01-03T00:00:00,3742.336641481481,3942.699220925925,previous_confirmed_final_slot_and_issued_load_pv_forecast,2932.1172,0.0,754.8193333333331,754.8193333333331,0.0,0.0,266.13313333333315,0.0,0.0,0.0,4899.585796296298,5139.105616296298,1.2226,1.2185,919.7473576666664,0.0,-0.0,0.0,919.7473576666664,919.7473576666664,1,4295.2135,0.0,18
2025-01-03,125,2025-01-03T00:00:00,2025-01-03 21:00:00,2025-01-03 21:10:00,2024-12-31,ATTACHMENT1-DECLARED-PRIOR,nocvar_g0.00,Q2V2-SW2-REC5,A,A,B,2025-01-03T00:00:00,3742.336641481481,3942.699220925925,previous_confirmed_final_slot_and_issued_load_pv_forecast,2903.7,0.0,747.2516666666668,747.2516666666668,0.0,0.0,263.30166666666685,0.0,0.0,0.0,5139.105616296298,5376.077116296298,0.9332,0.8499,635.0891915000001,0.0,-0.0,0.0,635.0891915000001,635.0891915000001,1,4302.0307,0.0,18
2025-01-03,126,2025-01-03T00:00:00,2025-01-03 21:10:00,2025-01-03 21:20:00,2024-12-31,ATTACHMENT1-DECLARED-PRIOR,nocvar_g0.00,Q2V2-SW2-REC5,A,A,B,2025-01-03T00:00:00,3742.336641481481,3942.699220925925,previous_confirmed_final_slot_and_issued_load_pv_forecast,2876.0861,0.0,758.0383666666664,758.0383666666664,0.0,0.0,278.69068333333314,0.0,0.0,0.0,5376.077116296298,5626.898731296298,0.9068,0.7696,583.3863269866664,0.0,-0.0,0.0,583.3863269866664,583.3863269866664,1,4320.9618,0.0,18
2025-01-03,127,2025-01-03T00:00:00,2025-01-03 21:20:00,2025-01-03 21:30:00,2024-12-31,ATTACHMENT1-DECLARED-PRIOR,nocvar_g0.00,Q2V2-SW2-REC5,A,A,B,2025-01-03T00:00:00,3742.336641481481,3942.699220925925,previous_confirmed_final_slot_and_issued_load_pv_forecast,2739.4924,0.0,765.94735,765.94735,0.0,0.0,309.36528333333337,0.0,0.0,0.0,5626.898731296298,5905.327486296298,0.9371,0.772,591.3113542,0.0,-0.0,0.0,591.3113542,591.3113542,1,4302.3292,0.0,18
2025-01-03,128,2025-01-03T00:00:00,2025-01-03 21:30:00,2025-01-03 21:40:00,2024-12-31,ATTACHMENT1-DECLARED-PRIOR,nocvar_g0.00,Q2V2-SW2-REC5,A,A,B,2025-01-03T00:00:00,3742.336641481481,3942.699220925925,previous_confirmed_final_slot_and_issued_load_pv_forecast,2646.76,0.0,770.1499999999997,770.1499999999997,0.0,0.0,329.0233333333331,0.0,0.0,0.0,5905.327486296298,6201.448486296298,0.9371,0.7545,581.0781749999998,0.0,-0.0,0.0,581.0781749999998,581.0781749999998,1,4322.6758,0.0,18
2025-01-03,129,2025-01-03T00:00:00,2025-01-03 21:40:00,2025-01-03 21:50:00,2024-12-31,ATTACHMENT1-DECLARED-PRIOR,nocvar_g0.00,Q2V2-SW2-REC5,A,A,B,2025-01-03T00:00:00,3742.336641481481,3942.699220925925,previous_confirmed_final_slot_and_issued_load_pv_forecast,2854.3033,0.0,775.6191333333331,775.6191333333331,0.0,0.0,299.90191666666647,0.0,0.0,0.0,6201.448486296298,6471.360211296298,0.9871,0.7962,617.5479539599999,0.0,-0.0,0.0,617.5479539599999,617.5479539599999,1,4428.8083,0.0,18
2025-01-03,130,2025-01-03T00:00:00,2025-01-03 21:50:00,2025-01-03 22:00:00,2024-12-31,ATTACHMENT1-DECLARED-PRIOR,nocvar_g0.00,Q2V2-SW2-REC5,A,A,B,2025-01-03T00:00:00,3742.336641481481,3942.699220925925,previous_confirmed_final_slot_and_issued_load_pv_forecast,2801.1854,0.0,688.6640833333332,688.6640833333332,0.0,0.0,221.79984999999994,0.0,0.0,0.0,6471.360211296298,6670.980076296298,0.7764,0.6343,436.81962805833325,0.0,-0.0,0.0,436.81962805833325,436.81962805833325,1,4030.1614,0.0,18
2025-01-03,131,2025-01-03T00:00:00,2025-01-03 22:00:00,2025-01-03 22:10:00,2024-12-31,ATTACHMENT1-DECLARED-PRIOR,nocvar_g0.00,Q2V2-SW2-REC5,A,A,B,2025-01-03T00:00:00,3742.336641481481,3942.699220925925,previous_confirmed_final_slot_and_issued_load_pv_forecast,2481.44,0.0,1393.8333333333333,1393.8333333333333,0.0,0.0,833.3333333333334,0.0,0.0,146.92666666666662,6670.980076296298,7420.980076296298,0.4209,0.3392,472.78826666666663,0.0,-0.0,0.0,472.78826666666663,472.78826666666663,1,3362.7419,0.0,18
2025-01-03,132,2025-01-03T00:00:00,2025-01-03 22:10:00,2025-01-03 22:20:00,2024-12-31,ATTACHMENT1-DECLARED-PRIOR,nocvar_g0.00,Q2V2-SW2-REC5,A,A,B,2025-01-03T00:00:00,3742.336641481481,3942.699220925925,previous_confirmed_final_slot_and_issued_load_pv_forecast,2453.7519,0.0,1384.2931333333333,1384.2931333333333,0.0,0.0,833.3333333333334,0.0,0.0,142.00114999999994,7420.980076296298,8170.980076296298,0.3859,0.2766,382.89548068000005,0.0,-0.0,0.0,382.89548068000005,382.89548068000005,1,3309.3934,0.0,18
2025-01-03,133,2025-01-03T00:00:00,2025-01-03 22:20:00,2025-01-03 22:30:00,2024-12-31,ATTACHMENT1-DECLARED-PRIOR,nocvar_g0.00,Q2V2-SW2-REC5,A,A,B,2025-01-03T00:00:00,3742.336641481481,3942.699220925925,previous_confirmed_final_slot_and_issued_load_pv_forecast,2496.4764,0.0,578.4886666666666,578.4886666666666,0.0,0.0,162.40926666666667,0.0,0.0,0.0,8170.980076296298,8317.148416296297,0.4368,0.3116,180.25706853333332,0.0,-0.0,0.0,180.25706853333332,180.25706853333332,1,3412.9563,0.0,18
2025-01-03,134,2025-01-03T00:00:00,2025-01-03 22:30:00,2025-01-03 22:40:00,2024-12-31,ATTACHMENT1-DECLARED-PRIOR,nocvar_g0.00,Q2V2-SW2-REC5,A,A,B,2025-01-03T00:00:00,3742.336641481481,3942.699220925925,previous_confirmed_final_slot_and_issued_load_pv_forecast,2462.06,0.0,1420.2283333333332,1420.2283333333332,0.0,0.0,833.3333333333334,0.0,0.0,176.55166666666662,8317.148416296297,9067.148416296297,0.4198,0.3267,463.98859649999997,0.0,-0.0,0.0,463.98859649999997,463.98859649999997,1,3381.9313,0.0,18
2025-01-03,135,2025-01-03T00:00:00,2025-01-03 22:40:00,2025-01-03 22:50:00,2024-12-31,ATTACHMENT1-DECLARED-PRIOR,nocvar_g0.00,Q2V2-SW2-REC5,A,A,B,2025-01-03T00:00:00,3742.336641481481,3942.699220925925,previous_confirmed_final_slot_and_issued_load_pv_forecast,2454.9477,0.0,1426.9213166666666,1426.9213166666666,0.0,0.0,833.3333333333334,0.0,0.0,184.4300333333332,9067.148416296297,9817.148416296297,0.4186,0.3398,484.8678634033333,0.0,-0.0,0.0,484.8678634033333,484.8678634033333,1,3386.5592,0.0,18
2025-01-03,136,2025-01-03T00:00:00,2025-01-03 22:50:00,2025-01-03 23:00:00,2024-12-31,ATTACHMENT1-DECLARED-PRIOR,nocvar_g0.00,Q2V2-SW2-REC5,A,A,B,2025-01-03T00:00:00,3742.336641481481,3942.699220925925,previous_confirmed_final_slot_and_issued_load_pv_forecast,2478.41,0.0,564.3446666666666,564.3446666666666,0.0,0.0,151.27633333333335,0.0,0.0,0.0,9817.148416296297,9953.297116296297,0.4241,0.3237,182.67836859999997,0.0,-0.0,0.0,182.67836859999997,182.67836859999997,1,3400.4846,0.0,18
2025-01-03,137,2025-01-03T00:00:00,2025-01-03 23:00:00,2025-01-03 23:10:00,2024-12-31,ATTACHMENT1-DECLARED-PRIOR,nocvar_g0.00,Q2V2-SW2-REC5,A,A,B,2025-01-03T00:00:00,3742.336641481481,3942.699220925925,previous_confirmed_final_slot_and_issued_load_pv_forecast,2531.44,0.0,548.3316666666665,548.3316666666665,0.0,0.0,126.42499999999984,0.0,0.0,0.0,9953.297116296297,10067.079616296296,0.4237,0.3064,168.00882266666662,0.0,-0.0,0.0,168.00882266666662,168.00882266666662,1,3399.2426,0.0,18
2025-01-03,138,2025-01-03T00:00:00,2025-01-03 23:10:00,2025-01-03 23:20:00,2024-12-31,ATTACHMENT1-DECLARED-PRIOR,nocvar_g0.00,Q2V2-SW2-REC5,A,A,B,2025-01-03T00:00:00,3742.336641481481,3942.699220925925,previous_confirmed_final_slot_and_issued_load_pv_forecast,2618.7584,0.0,629.0425333333333,629.0425333333333,0.0,0.0,192.5827999999999,0.0,0.0,0.0,10067.079616296296,10240.404136296296,0.4248,0.3462,217.77452504,0.0,-0.0,0.0,217.77452504,217.77452504,1,3406.9809,0.0,18
2025-01-03,139,2025-01-03T00:00:00,2025-01-03 23:20:00,2025-01-03 23:30:00,2024-12-31,ATTACHMENT1-DECLARED-PRIOR,nocvar_g0.00,Q2V2-SW2-REC5,A,A,B,2025-01-03T00:00:00,3742.336641481481,3942.699220925925,previous_confirmed_final_slot_and_issued_load_pv_forecast,2674.9089,0.0,647.27,647.27,0.0,0.0,201.45185000000004,0.0,0.0,0.0,10240.404136296296,10421.710801296296,0.424,0.3545,229.457215,0.0,-0.0,0.0,229.457215,229.457215,1,3416.1518,0.0,18
2025-01-03,140,2025-01-03T00:00:00,2025-01-03 23:30:00,2025-01-03 23:40:00,2024-12-31,ATTACHMENT1-DECLARED-PRIOR,nocvar_g0.00,Q2V2-SW2-REC5,A,A,B,2025-01-03T00:00:00,3742.336641481481,3942.699220925925,previous_confirmed_final_slot_and_issued_load_pv_forecast,2688.94,0.0,587.5233333333333,587.5233333333333,0.0,0.0,139.36666666666667,0.0,0.0,0.0,10421.710801296296,10547.140801296297,0.422,0.3201,188.066219,0.0,-0.0,0.0,188.066219,188.066219,1,3421.9811,0.0,18
2025-01-03,141,2025-01-03T00:00:00,2025-01-03 23:40:00,2025-01-03 23:50:00,2024-12-31,ATTACHMENT1-DECLARED-PRIOR,nocvar_g0.00,Q2V2-SW2-REC5,A,A,B,2025-01-03T00:00:00,3742.336641481481,3942.699220925925,previous_confirmed_final_slot_and_issued_load_pv_forecast,2712.3789,0.0,592.26515,592.26515,0.0,0.0,140.20199999999994,0.0,0.0,0.0,10547.140801296297,10673.322601296297,0.424,0.3247,192.308494205,0.0,-0.0,0.0,192.308494205,192.308494205,1,3429.6923,0.0,18
2025-01-03,142,2025-01-03T00:00:00,2025-01-03 23:50:00,2025-01-04 00:00:00,2024-12-31,ATTACHMENT1-DECLARED-PRIOR,nocvar_g0.00,Q2V2-SW2-REC5,A,A,B,2025-01-03T00:00:00,3742.336641481481,3942.699220925925,previous_confirmed_final_slot_and_issued_load_pv_forecast,2755.1168,0.0,616.1856833333334,616.1856833333334,0.0,0.0,140.75266522633683,0.0,0.0,16.246884773663282,10673.322601296297,10800.0,0.4271,0.3604,222.07332027333334,0.0,-0.0,0.0,222.07332027333334,222.07332027333334,1,3439.061,0.0,18
2025-01-03,143,2025-01-03T00:00:00,2025-01-04 00:00:00,2025-01-04 00:10:00,2024-12-31,ATTACHMENT1-DECLARED-PRIOR,nocvar_g0.00,Q2V2-SW2-REC5,A,A,B,2025-01-03T00:00:00,3742.336641481481,3942.699220925925,previous_confirmed_final_slot_and_issued_load_pv_forecast,2763.54,0.0,616.1166666666667,616.1166666666667,0.0,0.0,0.0,0.0,0.0,155.5266666666667,10800.0,10800.0,0.4276,0.3819,235.29495500000002,0.0,-0.0,0.0,235.29495500000002,235.29495500000002,1,3444.7259,0.0,18
